"MTU (CET/CEST)","Area","Day-ahead (MW)","Intraday (MW)","Current (MW)","Actual (MW)"
"01/01/2024 00:00:00 - 01/01/2024 01:00:00","Belgium (BE)","2197.33","2119.33","2119.33","2190.51"
"01/01/2024 01:00:00 - 01/01/2024 02:00:00","Belgium (BE)","2194.88","2114.25","2114.25","2139.52"
"01/01/2024 02:00:00 - 01/01/2024 03:00:00","Belgium (BE)","2190.93","2103.00","2103.00","2138.78"
"01/01/2024 03:00:00 - 01/01/2024 04:00:00","Belgium (BE)","2182.85","2084.85","2084.85","2102.04"
"01/01/2024 04:00:00 - 01/01/2024 05:00:00","Belgium (BE)","2167.18","2071.35","2071.35","2111.56"
"01/01/2024 05:00:00 - 01/01/2024 06:00:00","Belgium (BE)","2138.05","2039.35","2039.35","2077.05"
"01/01/2024 06:00:00 - 01/01/2024 07:00:00","Belgium (BE)","2106.15","1991.35","1991.35","2081.53"
"01/01/2024 07:00:00 - 01/01/2024 08:00:00","Belgium (BE)","2076.93","1949.43","1949.43","2072.64"
"01/01/2024 08:00:00 - 01/01/2024 09:00:00","Belgium (BE)","2044.20","1946.15","1945.15","2000.79"
"01/01/2024 09:00:00 - 01/01/2024 10:00:00","Belgium (BE)","2005.63","1931.03","1888.40","1942.89"
"01/01/2024 10:00:00 - 01/01/2024 11:00:00","Belgium (BE)","1970.98","1918.40","1814.45","1817.80"
"01/01/2024 11:00:00 - 01/01/2024 12:00:00","Belgium (BE)","1921.70","1880.40","1772.60","1748.91"
"01/01/2024 12:00:00 - 01/01/2024 13:00:00","Belgium (BE)","1873.78","1860.28","1688.28","1752.98"
"01/01/2024 13:00:00 - 01/01/2024 14:00:00","Belgium (BE)","1834.45","1845.20","1696.75","1716.04"
"01/01/2024 14:00:00 - 01/01/2024 15:00:00","Belgium (BE)","1744.25","1757.10","1643.15","1610.63"
"01/01/2024 15:00:00 - 01/01/2024 16:00:00","Belgium (BE)","1590.03","1616.33","1500.18","1495.87"
"01/01/2024 16:00:00 - 01/01/2024 17:00:00","Belgium (BE)","1442.03","1480.65","1395.95","1380.90"
"01/01/2024 17:00:00 - 01/01/2024 18:00:00","Belgium (BE)","1340.28","1359.55","1282.18","1165.26"
"01/01/2024 18:00:00 - 01/01/2024 19:00:00","Belgium (BE)","1233.70","1241.03","1178.70","1140.30"
"01/01/2024 19:00:00 - 01/01/2024 20:00:00","Belgium (BE)","1099.38","1171.25","1145.70","1085.37"
"01/01/2024 20:00:00 - 01/01/2024 21:00:00","Belgium (BE)","1029.83","1190.20","1220.88","1235.12"
"01/01/2024 21:00:00 - 01/01/2024 22:00:00","Belgium (BE)","1075.83","1295.63","1425.25","1443.53"
"01/01/2024 22:00:00 - 01/01/2024 23:00:00","Belgium (BE)","1237.60","1463.38","1623.85","1702.36"
"01/01/2024 23:00:00 - 02/01/2024 00:00:00","Belgium (BE)","1454.95","1658.38","1838.58","1898.90"
"02/01/2024 00:00:00 - 02/01/2024 01:00:00","Belgium (BE)","2021.30","1939.08","1939.08","1948.96"
"02/01/2024 01:00:00 - 02/01/2024 02:00:00","Belgium (BE)","2112.85","2045.28","2045.28","1979.39"
"02/01/2024 02:00:00 - 02/01/2024 03:00:00","Belgium (BE)","2143.53","2046.48","2046.48","1899.23"
"02/01/2024 03:00:00 - 02/01/2024 04:00:00","Belgium (BE)","2163.48","2047.03","2047.03","2053.88"
"02/01/2024 04:00:00 - 02/01/2024 05:00:00","Belgium (BE)","2193.35","2019.20","2019.20","2145.44"
"02/01/2024 05:00:00 - 02/01/2024 06:00:00","Belgium (BE)","2189.15","2069.00","2069.00","2109.27"
"02/01/2024 06:00:00 - 02/01/2024 07:00:00","Belgium (BE)","2140.08","2024.88","2024.88","2010.96"
"02/01/2024 07:00:00 - 02/01/2024 08:00:00","Belgium (BE)","2060.03","1888.00","1888.00","1969.11"
"02/01/2024 08:00:00 - 02/01/2024 09:00:00","Belgium (BE)","1962.58","1810.68","1728.65","1749.90"
"02/01/2024 09:00:00 - 02/01/2024 10:00:00","Belgium (BE)","1891.58","1724.90","1607.23","1616.52"
"02/01/2024 10:00:00 - 02/01/2024 11:00:00","Belgium (BE)","1842.43","1700.83","1604.88","1787.34"
"02/01/2024 11:00:00 - 02/01/2024 12:00:00","Belgium (BE)","1828.68","1737.45","1741.28","1823.11"
"02/01/2024 12:00:00 - 02/01/2024 13:00:00","Belgium (BE)","1880.60","1862.00","1905.75","1936.01"
"02/01/2024 13:00:00 - 02/01/2024 14:00:00","Belgium (BE)","1994.38","2050.10","2051.05","2137.10"
"02/01/2024 14:00:00 - 02/01/2024 15:00:00","Belgium (BE)","2101.25","2138.60","2112.15","2134.01"
"02/01/2024 15:00:00 - 02/01/2024 16:00:00","Belgium (BE)","2175.15","2172.45","2156.58","2227.40"
"02/01/2024 16:00:00 - 02/01/2024 17:00:00","Belgium (BE)","2227.95","2215.48","2145.60","2249.09"
"02/01/2024 17:00:00 - 02/01/2024 18:00:00","Belgium (BE)","2256.78","2251.20","2199.50","2313.90"
"02/01/2024 18:00:00 - 02/01/2024 19:00:00","Belgium (BE)","2261.90","2261.75","2191.98","2243.07"
"02/01/2024 19:00:00 - 02/01/2024 20:00:00","Belgium (BE)","2258.28","2257.03","2207.23","2244.32"
"02/01/2024 20:00:00 - 02/01/2024 21:00:00","Belgium (BE)","2244.45","2243.85","2165.20","2224.67"
"02/01/2024 21:00:00 - 02/01/2024 22:00:00","Belgium (BE)","2231.70","2226.90","2209.23","2223.74"
"02/01/2024 22:00:00 - 02/01/2024 23:00:00","Belgium (BE)","2227.65","2215.90","2226.60","2214.69"
"02/01/2024 23:00:00 - 03/01/2024 00:00:00","Belgium (BE)","2224.35","2219.38","2237.35","2162.26"
"03/01/2024 00:00:00 - 03/01/2024 01:00:00","Belgium (BE)","2242.80","2160.55","2160.55","2082.05"
"03/01/2024 01:00:00 - 03/01/2024 02:00:00","Belgium (BE)","2224.68","2127.03","2127.03","2103.62"
"03/01/2024 02:00:00 - 03/01/2024 03:00:00","Belgium (BE)","2200.93","2090.80","2090.80","2095.00"
"03/01/2024 03:00:00 - 03/01/2024 04:00:00","Belgium (BE)","2164.93","2091.43","2091.43","2072.17"
"03/01/2024 04:00:00 - 03/01/2024 05:00:00","Belgium (BE)","2130.53","2054.45","2054.45","2077.98"
"03/01/2024 05:00:00 - 03/01/2024 06:00:00","Belgium (BE)","2094.88","2032.05","2032.05","1999.37"
"03/01/2024 06:00:00 - 03/01/2024 07:00:00","Belgium (BE)","2075.98","2025.05","2025.05","1964.17"
"03/01/2024 07:00:00 - 03/01/2024 08:00:00","Belgium (BE)","2101.48","2035.35","2035.35","2144.41"
"03/01/2024 08:00:00 - 03/01/2024 09:00:00","Belgium (BE)","2132.58","2098.10","2060.78","2130.92"
"03/01/2024 09:00:00 - 03/01/2024 10:00:00","Belgium (BE)","2145.88","2129.25","2093.75","2143.38"
"03/01/2024 10:00:00 - 03/01/2024 11:00:00","Belgium (BE)","2150.73","2146.93","2077.45","2046.41"
"03/01/2024 11:00:00 - 03/01/2024 12:00:00","Belgium (BE)","2151.85","2170.53","2108.38","2073.08"
"03/01/2024 12:00:00 - 03/01/2024 13:00:00","Belgium (BE)","2148.18","2167.60","2044.38","2027.94"
"03/01/2024 13:00:00 - 03/01/2024 14:00:00","Belgium (BE)","2129.63","2144.68","2044.33","2071.88"
"03/01/2024 14:00:00 - 03/01/2024 15:00:00","Belgium (BE)","2082.60","2081.23","1982.45","1995.97"
"03/01/2024 15:00:00 - 03/01/2024 16:00:00","Belgium (BE)","2020.55","1992.25","1901.85","1932.05"
"03/01/2024 16:00:00 - 03/01/2024 17:00:00","Belgium (BE)","1973.63","1923.50","1816.00","1851.90"
"03/01/2024 17:00:00 - 03/01/2024 18:00:00","Belgium (BE)","1951.35","1916.90","1831.53","1878.14"
"03/01/2024 18:00:00 - 03/01/2024 19:00:00","Belgium (BE)","1934.80","1948.00","1891.03","2000.17"
"03/01/2024 19:00:00 - 03/01/2024 20:00:00","Belgium (BE)","1893.20","1946.23","1894.70","1988.94"
"03/01/2024 20:00:00 - 03/01/2024 21:00:00","Belgium (BE)","1843.45","1896.98","1886.30","2040.59"
"03/01/2024 21:00:00 - 03/01/2024 22:00:00","Belgium (BE)","1792.20","1836.18","1871.75","2014.52"
"03/01/2024 22:00:00 - 03/01/2024 23:00:00","Belgium (BE)","1737.35","1776.93","1838.30","1923.59"
"03/01/2024 23:00:00 - 04/01/2024 00:00:00","Belgium (BE)","1683.80","1721.58","1801.00","1823.40"
"04/01/2024 00:00:00 - 04/01/2024 01:00:00","Belgium (BE)","1746.18","1674.33","1674.33","1668.99"
"04/01/2024 01:00:00 - 04/01/2024 02:00:00","Belgium (BE)","1655.33","1551.70","1551.70","1469.64"
"04/01/2024 02:00:00 - 04/01/2024 03:00:00","Belgium (BE)","1557.43","1430.43","1430.43","1264.16"
"04/01/2024 03:00:00 - 04/01/2024 04:00:00","Belgium (BE)","1476.93","1314.88","1314.88","1185.68"
"04/01/2024 04:00:00 - 04/01/2024 05:00:00","Belgium (BE)","1432.98","1251.75","1251.75","1226.95"
"04/01/2024 05:00:00 - 04/01/2024 06:00:00","Belgium (BE)","1426.90","1214.88","1214.88","1192.64"
"04/01/2024 06:00:00 - 04/01/2024 07:00:00","Belgium (BE)","1451.03","1207.28","1207.28","1256.81"
"04/01/2024 07:00:00 - 04/01/2024 08:00:00","Belgium (BE)","1488.08","1218.18","1218.18","1299.68"
"04/01/2024 08:00:00 - 04/01/2024 09:00:00","Belgium (BE)","1467.18","1262.23","1228.85","1365.67"
"04/01/2024 09:00:00 - 04/01/2024 10:00:00","Belgium (BE)","1428.28","1273.60","1269.75","1314.45"
"04/01/2024 10:00:00 - 04/01/2024 11:00:00","Belgium (BE)","1413.95","1266.58","1314.58","1359.72"
"04/01/2024 11:00:00 - 04/01/2024 12:00:00","Belgium (BE)","1339.45","1234.28","1264.23","1227.84"
"04/01/2024 12:00:00 - 04/01/2024 13:00:00","Belgium (BE)","1190.10","1161.18","1144.58","1145.38"
"04/01/2024 13:00:00 - 04/01/2024 14:00:00","Belgium (BE)","1015.00","1045.65","940.68","886.03"
"04/01/2024 14:00:00 - 04/01/2024 15:00:00","Belgium (BE)","833.35","866.63","779.38","655.93"
"04/01/2024 15:00:00 - 04/01/2024 16:00:00","Belgium (BE)","681.20","722.88","599.20","585.98"
"04/01/2024 16:00:00 - 04/01/2024 17:00:00","Belgium (BE)","609.93","663.33","530.10","579.84"
"04/01/2024 17:00:00 - 04/01/2024 18:00:00","Belgium (BE)","590.43","631.50","577.90","664.33"
"04/01/2024 18:00:00 - 04/01/2024 19:00:00","Belgium (BE)","585.78","643.45","631.75","725.94"
"04/01/2024 19:00:00 - 04/01/2024 20:00:00","Belgium (BE)","668.83","762.63","800.63","849.54"
"04/01/2024 20:00:00 - 04/01/2024 21:00:00","Belgium (BE)","903.90","1007.43","1089.28","1009.49"
"04/01/2024 21:00:00 - 04/01/2024 22:00:00","Belgium (BE)","1159.03","1277.88","1325.18","1251.09"
"04/01/2024 22:00:00 - 04/01/2024 23:00:00","Belgium (BE)","1359.90","1474.55","1484.45","1441.19"
"04/01/2024 23:00:00 - 05/01/2024 00:00:00","Belgium (BE)","1522.50","1564.45","1539.58","1560.90"
"05/01/2024 00:00:00 - 05/01/2024 01:00:00","Belgium (BE)","1519.65","1440.98","1440.98","1648.06"
"05/01/2024 01:00:00 - 05/01/2024 02:00:00","Belgium (BE)","1520.73","1456.60","1456.60","1706.28"
"05/01/2024 02:00:00 - 05/01/2024 03:00:00","Belgium (BE)","1592.23","1651.88","1651.88","1758.92"
"05/01/2024 03:00:00 - 05/01/2024 04:00:00","Belgium (BE)","1699.63","1806.33","1806.33","1876.29"
"05/01/2024 04:00:00 - 05/01/2024 05:00:00","Belgium (BE)","1813.88","1904.63","1904.63","2009.51"
"05/01/2024 05:00:00 - 05/01/2024 06:00:00","Belgium (BE)","1916.20","2002.55","2002.55","2082.13"
"05/01/2024 06:00:00 - 05/01/2024 07:00:00","Belgium (BE)","1995.70","2079.63","2079.63","2157.07"
"05/01/2024 07:00:00 - 05/01/2024 08:00:00","Belgium (BE)","2038.10","2114.20","2114.20","2259.39"
"05/01/2024 08:00:00 - 05/01/2024 09:00:00","Belgium (BE)","2048.58","2129.63","2100.90","2273.41"
"05/01/2024 09:00:00 - 05/01/2024 10:00:00","Belgium (BE)","2046.70","2101.00","2099.33","2234.07"
"05/01/2024 10:00:00 - 05/01/2024 11:00:00","Belgium (BE)","2026.00","2082.83","2110.60","2191.81"
"05/01/2024 11:00:00 - 05/01/2024 12:00:00","Belgium (BE)","2013.28","2075.95","2135.03","2188.82"
"05/01/2024 12:00:00 - 05/01/2024 13:00:00","Belgium (BE)","1995.83","2047.53","2062.78","2192.02"
"05/01/2024 13:00:00 - 05/01/2024 14:00:00","Belgium (BE)","1925.60","1969.68","2015.50","2118.24"
"05/01/2024 14:00:00 - 05/01/2024 15:00:00","Belgium (BE)","1785.65","1840.88","1911.83","1943.55"
"05/01/2024 15:00:00 - 05/01/2024 16:00:00","Belgium (BE)","1577.80","1658.05","1750.08","1791.61"
"05/01/2024 16:00:00 - 05/01/2024 17:00:00","Belgium (BE)","1389.75","1491.83","1514.40","1546.96"
"05/01/2024 17:00:00 - 05/01/2024 18:00:00","Belgium (BE)","1239.88","1356.90","1370.48","1292.62"
"05/01/2024 18:00:00 - 05/01/2024 19:00:00","Belgium (BE)","1127.85","1224.33","1297.90","1225.69"
"05/01/2024 19:00:00 - 05/01/2024 20:00:00","Belgium (BE)","1029.95","1092.90","1170.23","1089.22"
"05/01/2024 20:00:00 - 05/01/2024 21:00:00","Belgium (BE)","934.23","980.58","1080.38","1050.25"
"05/01/2024 21:00:00 - 05/01/2024 22:00:00","Belgium (BE)","839.93","893.18","998.48","950.22"
"05/01/2024 22:00:00 - 05/01/2024 23:00:00","Belgium (BE)","748.43","817.83","896.93","875.18"
"05/01/2024 23:00:00 - 06/01/2024 00:00:00","Belgium (BE)","671.33","736.78","795.20","871.55"
"06/01/2024 00:00:00 - 06/01/2024 01:00:00","Belgium (BE)","718.75","740.48","740.48","771.42"
"06/01/2024 01:00:00 - 06/01/2024 02:00:00","Belgium (BE)","650.78","713.93","713.93","640.26"
"06/01/2024 02:00:00 - 06/01/2024 03:00:00","Belgium (BE)","589.13","590.68","590.68","573.66"
"06/01/2024 03:00:00 - 06/01/2024 04:00:00","Belgium (BE)","534.90","516.73","516.73","520.96"
"06/01/2024 04:00:00 - 06/01/2024 05:00:00","Belgium (BE)","493.75","459.98","459.98","480.21"
"06/01/2024 05:00:00 - 06/01/2024 06:00:00","Belgium (BE)","445.03","411.90","411.90","463.12"
"06/01/2024 06:00:00 - 06/01/2024 07:00:00","Belgium (BE)","409.78","371.33","371.33","396.33"
"06/01/2024 07:00:00 - 06/01/2024 08:00:00","Belgium (BE)","381.95","339.60","339.60","373.98"
"06/01/2024 08:00:00 - 06/01/2024 09:00:00","Belgium (BE)","353.78","311.53","315.58","367.96"
"06/01/2024 09:00:00 - 06/01/2024 10:00:00","Belgium (BE)","337.83","312.83","329.70","362.62"
"06/01/2024 10:00:00 - 06/01/2024 11:00:00","Belgium (BE)","343.88","357.75","354.23","326.97"
"06/01/2024 11:00:00 - 06/01/2024 12:00:00","Belgium (BE)","375.20","415.00","376.85","328.47"
"06/01/2024 12:00:00 - 06/01/2024 13:00:00","Belgium (BE)","422.70","461.03","394.55","378.77"
"06/01/2024 13:00:00 - 06/01/2024 14:00:00","Belgium (BE)","480.38","523.08","454.13","456.08"
"06/01/2024 14:00:00 - 06/01/2024 15:00:00","Belgium (BE)","525.25","565.20","498.03","551.69"
"06/01/2024 15:00:00 - 06/01/2024 16:00:00","Belgium (BE)","550.35","580.10","514.28","544.81"
"06/01/2024 16:00:00 - 06/01/2024 17:00:00","Belgium (BE)","552.80","573.75","532.80","583.78"
"06/01/2024 17:00:00 - 06/01/2024 18:00:00","Belgium (BE)","552.03","552.70","537.98","577.76"
"06/01/2024 18:00:00 - 06/01/2024 19:00:00","Belgium (BE)","562.05","537.55","574.08","523.94"
"06/01/2024 19:00:00 - 06/01/2024 20:00:00","Belgium (BE)","548.05","513.93","550.45","487.00"
"06/01/2024 20:00:00 - 06/01/2024 21:00:00","Belgium (BE)","516.53","492.45","483.10","445.16"
"06/01/2024 21:00:00 - 06/01/2024 22:00:00","Belgium (BE)","490.85","475.80","443.05","419.89"
"06/01/2024 22:00:00 - 06/01/2024 23:00:00","Belgium (BE)","475.30","470.65","434.73","409.59"
"06/01/2024 23:00:00 - 07/01/2024 00:00:00","Belgium (BE)","461.30","466.73","442.63","382.48"
"07/01/2024 00:00:00 - 07/01/2024 01:00:00","Belgium (BE)","460.30","387.18","387.18","420.85"
"07/01/2024 01:00:00 - 07/01/2024 02:00:00","Belgium (BE)","487.50","415.78","415.78","416.04"
"07/01/2024 02:00:00 - 07/01/2024 03:00:00","Belgium (BE)","502.30","435.55","435.55","472.84"
"07/01/2024 03:00:00 - 07/01/2024 04:00:00","Belgium (BE)","512.55","437.15","437.15","488.14"
"07/01/2024 04:00:00 - 07/01/2024 05:00:00","Belgium (BE)","538.60","430.03","430.03","446.99"
"07/01/2024 05:00:00 - 07/01/2024 06:00:00","Belgium (BE)","570.10","437.70","437.70","422.32"
"07/01/2024 06:00:00 - 07/01/2024 07:00:00","Belgium (BE)","612.93","446.53","446.53","426.88"
"07/01/2024 07:00:00 - 07/01/2024 08:00:00","Belgium (BE)","669.58","475.63","475.63","432.27"
"07/01/2024 08:00:00 - 07/01/2024 09:00:00","Belgium (BE)","726.83","546.05","526.15","440.11"
"07/01/2024 09:00:00 - 07/01/2024 10:00:00","Belgium (BE)","770.85","633.88","520.75","517.34"
"07/01/2024 10:00:00 - 07/01/2024 11:00:00","Belgium (BE)","807.63","732.63","563.08","659.47"
"07/01/2024 11:00:00 - 07/01/2024 12:00:00","Belgium (BE)","821.10","778.33","610.43","726.49"
"07/01/2024 12:00:00 - 07/01/2024 13:00:00","Belgium (BE)","819.00","770.80","666.60","785.76"
"07/01/2024 13:00:00 - 07/01/2024 14:00:00","Belgium (BE)","835.38","787.48","713.95","772.50"
"07/01/2024 14:00:00 - 07/01/2024 15:00:00","Belgium (BE)","887.05","855.80","856.38","902.10"
"07/01/2024 15:00:00 - 07/01/2024 16:00:00","Belgium (BE)","979.15","965.50","980.63","1036.58"
"07/01/2024 16:00:00 - 07/01/2024 17:00:00","Belgium (BE)","1108.63","1101.13","1152.33","1185.98"
"07/01/2024 17:00:00 - 07/01/2024 18:00:00","Belgium (BE)","1242.13","1242.88","1280.98","1294.41"
"07/01/2024 18:00:00 - 07/01/2024 19:00:00","Belgium (BE)","1317.33","1344.38","1327.80","1330.66"
"07/01/2024 19:00:00 - 07/01/2024 20:00:00","Belgium (BE)","1320.08","1352.48","1279.48","1278.04"
"07/01/2024 20:00:00 - 07/01/2024 21:00:00","Belgium (BE)","1273.40","1292.43","1241.93","1255.71"
"07/01/2024 21:00:00 - 07/01/2024 22:00:00","Belgium (BE)","1215.00","1218.85","1226.68","1224.91"
"07/01/2024 22:00:00 - 07/01/2024 23:00:00","Belgium (BE)","1165.68","1154.68","1182.20","1122.71"
"07/01/2024 23:00:00 - 08/01/2024 00:00:00","Belgium (BE)","1142.75","1114.73","1132.13","1014.41"
"08/01/2024 00:00:00 - 08/01/2024 01:00:00","Belgium (BE)","1108.53","1062.43","1062.43","1063.98"
"08/01/2024 01:00:00 - 08/01/2024 02:00:00","Belgium (BE)","1108.33","995.58","995.58","1195.28"
"08/01/2024 02:00:00 - 08/01/2024 03:00:00","Belgium (BE)","1109.08","1046.63","1046.63","1290.19"
"08/01/2024 03:00:00 - 08/01/2024 04:00:00","Belgium (BE)","1089.55","1086.45","1086.45","1247.63"
"08/01/2024 04:00:00 - 08/01/2024 05:00:00","Belgium (BE)","1054.60","1138.28","1138.28","1216.78"
"08/01/2024 05:00:00 - 08/01/2024 06:00:00","Belgium (BE)","1025.38","1079.18","1079.18","1158.52"
"08/01/2024 06:00:00 - 08/01/2024 07:00:00","Belgium (BE)","989.20","969.88","969.88","1021.18"
"08/01/2024 07:00:00 - 08/01/2024 08:00:00","Belgium (BE)","960.88","926.40","926.40","867.54"
"08/01/2024 08:00:00 - 08/01/2024 09:00:00","Belgium (BE)","986.25","951.93","971.68","877.72"
"08/01/2024 09:00:00 - 08/01/2024 10:00:00","Belgium (BE)","1068.15","1038.78","1024.98","912.86"
"08/01/2024 10:00:00 - 08/01/2024 11:00:00","Belgium (BE)","1168.58","1177.48","1174.58","909.53"
"08/01/2024 11:00:00 - 08/01/2024 12:00:00","Belgium (BE)","1263.08","1312.68","1348.63","983.79"
"08/01/2024 12:00:00 - 08/01/2024 13:00:00","Belgium (BE)","1307.90","1351.68","1232.58","1107.95"
"08/01/2024 13:00:00 - 08/01/2024 14:00:00","Belgium (BE)","1306.23","1328.45","1192.80","1150.30"
"08/01/2024 14:00:00 - 08/01/2024 15:00:00","Belgium (BE)","1320.88","1296.68","1218.80","1205.81"
"08/01/2024 15:00:00 - 08/01/2024 16:00:00","Belgium (BE)","1335.15","1265.33","1206.85","1230.59"
"08/01/2024 16:00:00 - 08/01/2024 17:00:00","Belgium (BE)","1295.90","1214.50","1242.40","1254.12"
"08/01/2024 17:00:00 - 08/01/2024 18:00:00","Belgium (BE)","1290.80","1219.30","1308.50","1356.31"
"08/01/2024 18:00:00 - 08/01/2024 19:00:00","Belgium (BE)","1360.70","1295.98","1366.03","1399.48"
"08/01/2024 19:00:00 - 08/01/2024 20:00:00","Belgium (BE)","1382.43","1328.40","1372.30","1418.59"
"08/01/2024 20:00:00 - 08/01/2024 21:00:00","Belgium (BE)","1341.58","1282.25","1303.38","1423.58"
"08/01/2024 21:00:00 - 08/01/2024 22:00:00","Belgium (BE)","1300.13","1214.80","1208.73","1284.02"
"08/01/2024 22:00:00 - 08/01/2024 23:00:00","Belgium (BE)","1298.05","1184.00","1136.23","1129.37"
"08/01/2024 23:00:00 - 09/01/2024 00:00:00","Belgium (BE)","1322.98","1186.33","1103.95","1104.43"
"09/01/2024 00:00:00 - 09/01/2024 01:00:00","Belgium (BE)","1120.58","1117.20","1117.20","1147.60"
"09/01/2024 01:00:00 - 09/01/2024 02:00:00","Belgium (BE)","1141.80","1126.05","1126.05","1170.75"
"09/01/2024 02:00:00 - 09/01/2024 03:00:00","Belgium (BE)","1128.20","1127.78","1127.78","1216.22"
"09/01/2024 03:00:00 - 09/01/2024 04:00:00","Belgium (BE)","1078.70","1084.13","1084.13","1176.91"
"09/01/2024 04:00:00 - 09/01/2024 05:00:00","Belgium (BE)","1039.90","1070.43","1070.43","1065.59"
"09/01/2024 05:00:00 - 09/01/2024 06:00:00","Belgium (BE)","1035.78","1077.40","1077.40","1059.13"
"09/01/2024 06:00:00 - 09/01/2024 07:00:00","Belgium (BE)","1046.63","1078.78","1078.78","1103.69"
"09/01/2024 07:00:00 - 09/01/2024 08:00:00","Belgium (BE)","1041.95","1095.33","1095.33","998.78"
"09/01/2024 08:00:00 - 09/01/2024 09:00:00","Belgium (BE)","1029.60","1091.23","1103.25","966.99"
"09/01/2024 09:00:00 - 09/01/2024 10:00:00","Belgium (BE)","1064.88","1108.35","1107.43","1016.25"
"09/01/2024 10:00:00 - 09/01/2024 11:00:00","Belgium (BE)","984.38","1048.50","1033.58","1045.69"
"09/01/2024 11:00:00 - 09/01/2024 12:00:00","Belgium (BE)","862.50","973.15","967.35","1008.70"
"09/01/2024 12:00:00 - 09/01/2024 13:00:00","Belgium (BE)","841.45","952.48","973.45","984.65"
"09/01/2024 13:00:00 - 09/01/2024 14:00:00","Belgium (BE)","845.85","918.58","1012.10","1001.06"
"09/01/2024 14:00:00 - 09/01/2024 15:00:00","Belgium (BE)","878.73","918.15","1063.95","1054.06"
"09/01/2024 15:00:00 - 09/01/2024 16:00:00","Belgium (BE)","992.05","1034.43","1194.85","1092.82"
"09/01/2024 16:00:00 - 09/01/2024 17:00:00","Belgium (BE)","1180.28","1259.70","1362.15","1259.38"
"09/01/2024 17:00:00 - 09/01/2024 18:00:00","Belgium (BE)","1320.03","1424.93","1412.13","1398.43"
"09/01/2024 18:00:00 - 09/01/2024 19:00:00","Belgium (BE)","1360.05","1456.58","1415.90","1415.09"
"09/01/2024 19:00:00 - 09/01/2024 20:00:00","Belgium (BE)","1317.75","1362.33","1340.68","1278.99"
"09/01/2024 20:00:00 - 09/01/2024 21:00:00","Belgium (BE)","1240.18","1219.13","1207.40","1174.78"
"09/01/2024 21:00:00 - 09/01/2024 22:00:00","Belgium (BE)","1150.60","1103.73","1076.38","1063.66"
"09/01/2024 22:00:00 - 09/01/2024 23:00:00","Belgium (BE)","1057.30","1006.58","954.10","967.26"
"09/01/2024 23:00:00 - 10/01/2024 00:00:00","Belgium (BE)","966.45","901.28","861.05","850.21"
"10/01/2024 00:00:00 - 10/01/2024 01:00:00","Belgium (BE)","789.88","804.00","804.00","768.73"
"10/01/2024 01:00:00 - 10/01/2024 02:00:00","Belgium (BE)","724.53","756.23","756.23","721.98"
"10/01/2024 02:00:00 - 10/01/2024 03:00:00","Belgium (BE)","661.10","657.50","657.50","693.65"
"10/01/2024 03:00:00 - 10/01/2024 04:00:00","Belgium (BE)","624.28","633.95","633.95","635.16"
"10/01/2024 04:00:00 - 10/01/2024 05:00:00","Belgium (BE)","604.95","617.40","617.40","591.96"
"10/01/2024 05:00:00 - 10/01/2024 06:00:00","Belgium (BE)","583.23","591.53","591.53","569.65"
"10/01/2024 06:00:00 - 10/01/2024 07:00:00","Belgium (BE)","568.05","579.85","579.85","570.79"
"10/01/2024 07:00:00 - 10/01/2024 08:00:00","Belgium (BE)","560.45","564.50","564.50","590.23"
"10/01/2024 08:00:00 - 10/01/2024 09:00:00","Belgium (BE)","552.60","558.05","570.90","537.11"
"10/01/2024 09:00:00 - 10/01/2024 10:00:00","Belgium (BE)","559.38","558.13","590.15","468.56"
"10/01/2024 10:00:00 - 10/01/2024 11:00:00","Belgium (BE)","422.65","436.23","456.95","304.65"
"10/01/2024 11:00:00 - 10/01/2024 12:00:00","Belgium (BE)","280.73","284.80","318.45","207.94"
"10/01/2024 12:00:00 - 10/01/2024 13:00:00","Belgium (BE)","233.05","223.20","221.90","161.45"
"10/01/2024 13:00:00 - 10/01/2024 14:00:00","Belgium (BE)","214.25","211.45","221.70","155.22"
"10/01/2024 14:00:00 - 10/01/2024 15:00:00","Belgium (BE)","212.75","223.20","209.73","182.13"
"10/01/2024 15:00:00 - 10/01/2024 16:00:00","Belgium (BE)","232.55","248.93","231.60","231.60"
"10/01/2024 16:00:00 - 10/01/2024 17:00:00","Belgium (BE)","304.83","314.25","295.85","279.97"
"10/01/2024 17:00:00 - 10/01/2024 18:00:00","Belgium (BE)","438.33","413.98","399.43","346.37"
"10/01/2024 18:00:00 - 10/01/2024 19:00:00","Belgium (BE)","509.93","473.20","455.10","396.59"
"10/01/2024 19:00:00 - 10/01/2024 20:00:00","Belgium (BE)","497.85","467.70","448.70","416.32"
"10/01/2024 20:00:00 - 10/01/2024 21:00:00","Belgium (BE)","447.60","426.33","412.63","417.49"
"10/01/2024 21:00:00 - 10/01/2024 22:00:00","Belgium (BE)","401.70","392.75","377.35","404.28"
"10/01/2024 22:00:00 - 10/01/2024 23:00:00","Belgium (BE)","381.10","392.25","341.03","381.52"
"10/01/2024 23:00:00 - 11/01/2024 00:00:00","Belgium (BE)","355.18","402.33","318.63","358.04"
"11/01/2024 00:00:00 - 11/01/2024 01:00:00","Belgium (BE)","314.53","337.85","337.85","390.13"
"11/01/2024 01:00:00 - 11/01/2024 02:00:00","Belgium (BE)","333.28","377.05","377.05","429.50"
"11/01/2024 02:00:00 - 11/01/2024 03:00:00","Belgium (BE)","364.95","411.05","411.05","398.25"
"11/01/2024 03:00:00 - 11/01/2024 04:00:00","Belgium (BE)","363.28","377.58","377.58","364.21"
"11/01/2024 04:00:00 - 11/01/2024 05:00:00","Belgium (BE)","370.05","343.20","343.20","332.20"
"11/01/2024 05:00:00 - 11/01/2024 06:00:00","Belgium (BE)","396.88","393.43","393.43","355.50"
"11/01/2024 06:00:00 - 11/01/2024 07:00:00","Belgium (BE)","424.48","480.03","480.03","495.66"
"11/01/2024 07:00:00 - 11/01/2024 08:00:00","Belgium (BE)","442.45","511.68","511.68","612.64"
"11/01/2024 08:00:00 - 11/01/2024 09:00:00","Belgium (BE)","444.55","470.70","481.73","529.27"
"11/01/2024 09:00:00 - 11/01/2024 10:00:00","Belgium (BE)","425.08","430.80","519.78","412.07"
"11/01/2024 10:00:00 - 11/01/2024 11:00:00","Belgium (BE)","328.78","345.33","408.70","223.74"
"11/01/2024 11:00:00 - 11/01/2024 12:00:00","Belgium (BE)","217.53","214.70","253.85","147.86"
"11/01/2024 12:00:00 - 11/01/2024 13:00:00","Belgium (BE)","172.35","168.88","156.50","162.66"
"11/01/2024 13:00:00 - 11/01/2024 14:00:00","Belgium (BE)","200.45","191.38","192.95","238.68"
"11/01/2024 14:00:00 - 11/01/2024 15:00:00","Belgium (BE)","233.83","220.93","218.18","311.33"
"11/01/2024 15:00:00 - 11/01/2024 16:00:00","Belgium (BE)","288.65","266.18","272.95","295.75"
"11/01/2024 16:00:00 - 11/01/2024 17:00:00","Belgium (BE)","342.40","301.58","306.40","275.02"
"11/01/2024 17:00:00 - 11/01/2024 18:00:00","Belgium (BE)","349.25","285.30","264.98","274.51"
"11/01/2024 18:00:00 - 11/01/2024 19:00:00","Belgium (BE)","345.28","267.93","267.18","265.87"
"11/01/2024 19:00:00 - 11/01/2024 20:00:00","Belgium (BE)","296.95","243.35","249.08","188.94"
"11/01/2024 20:00:00 - 11/01/2024 21:00:00","Belgium (BE)","236.75","227.73","255.00","136.43"
"11/01/2024 21:00:00 - 11/01/2024 22:00:00","Belgium (BE)","204.78","233.98","232.08","125.51"
"11/01/2024 22:00:00 - 11/01/2024 23:00:00","Belgium (BE)","183.90","223.48","188.23","120.29"
"11/01/2024 23:00:00 - 12/01/2024 00:00:00","Belgium (BE)","179.50","170.85","162.03","136.42"
"12/01/2024 00:00:00 - 12/01/2024 01:00:00","Belgium (BE)","139.30","145.98","145.98","160.93"
"12/01/2024 01:00:00 - 12/01/2024 02:00:00","Belgium (BE)","132.43","150.45","150.45","193.64"
"12/01/2024 02:00:00 - 12/01/2024 03:00:00","Belgium (BE)","152.03","195.65","195.65","221.71"
"12/01/2024 03:00:00 - 12/01/2024 04:00:00","Belgium (BE)","172.25","215.10","215.10","222.75"
"12/01/2024 04:00:00 - 12/01/2024 05:00:00","Belgium (BE)","160.48","181.28","181.28","183.90"
"12/01/2024 05:00:00 - 12/01/2024 06:00:00","Belgium (BE)","148.00","164.55","164.55","135.86"
"12/01/2024 06:00:00 - 12/01/2024 07:00:00","Belgium (BE)","164.30","161.18","161.18","115.15"
"12/01/2024 07:00:00 - 12/01/2024 08:00:00","Belgium (BE)","175.55","139.08","139.08","96.64"
"12/01/2024 08:00:00 - 12/01/2024 09:00:00","Belgium (BE)","165.73","125.48","128.53","98.18"
"12/01/2024 09:00:00 - 12/01/2024 10:00:00","Belgium (BE)","149.63","95.93","112.68","80.43"
"12/01/2024 10:00:00 - 12/01/2024 11:00:00","Belgium (BE)","116.25","68.60","91.18","39.59"
"12/01/2024 11:00:00 - 12/01/2024 12:00:00","Belgium (BE)","84.63","57.48","66.85","37.36"
"12/01/2024 12:00:00 - 12/01/2024 13:00:00","Belgium (BE)","75.00","49.40","39.05","31.77"
"12/01/2024 13:00:00 - 12/01/2024 14:00:00","Belgium (BE)","72.80","48.65","33.18","31.88"
"12/01/2024 14:00:00 - 12/01/2024 15:00:00","Belgium (BE)","73.65","51.88","35.98","25.04"
"12/01/2024 15:00:00 - 12/01/2024 16:00:00","Belgium (BE)","78.70","58.43","37.78","22.89"
"12/01/2024 16:00:00 - 12/01/2024 17:00:00","Belgium (BE)","97.23","66.60","45.13","27.05"
"12/01/2024 17:00:00 - 12/01/2024 18:00:00","Belgium (BE)","116.90","69.25","59.50","32.97"
"12/01/2024 18:00:00 - 12/01/2024 19:00:00","Belgium (BE)","130.10","69.35","75.68","47.55"
"12/01/2024 19:00:00 - 12/01/2024 20:00:00","Belgium (BE)","126.65","65.63","81.30","43.94"
"12/01/2024 20:00:00 - 12/01/2024 21:00:00","Belgium (BE)","101.68","55.75","67.28","31.63"
"12/01/2024 21:00:00 - 12/01/2024 22:00:00","Belgium (BE)","70.05","46.78","51.03","25.43"
"12/01/2024 22:00:00 - 12/01/2024 23:00:00","Belgium (BE)","47.18","47.75","44.30","23.20"
"12/01/2024 23:00:00 - 13/01/2024 00:00:00","Belgium (BE)","36.68","46.15","41.48","20.88"
"13/01/2024 00:00:00 - 13/01/2024 01:00:00","Belgium (BE)","52.45","77.48","77.48","28.35"
"13/01/2024 01:00:00 - 13/01/2024 02:00:00","Belgium (BE)","87.48","123.08","123.08","49.34"
"13/01/2024 02:00:00 - 13/01/2024 03:00:00","Belgium (BE)","151.18","219.38","219.38","102.64"
"13/01/2024 03:00:00 - 13/01/2024 04:00:00","Belgium (BE)","235.50","270.40","270.40","173.39"
"13/01/2024 04:00:00 - 13/01/2024 05:00:00","Belgium (BE)","343.15","332.00","332.00","246.57"
"13/01/2024 05:00:00 - 13/01/2024 06:00:00","Belgium (BE)","410.40","372.65","372.65","309.85"
"13/01/2024 06:00:00 - 13/01/2024 07:00:00","Belgium (BE)","394.85","377.88","377.88","335.43"
"13/01/2024 07:00:00 - 13/01/2024 08:00:00","Belgium (BE)","405.65","382.53","382.53","319.87"
"13/01/2024 08:00:00 - 13/01/2024 09:00:00","Belgium (BE)","473.95","470.85","455.05","377.74"
"13/01/2024 09:00:00 - 13/01/2024 10:00:00","Belgium (BE)","531.45","552.80","503.88","469.55"
"13/01/2024 10:00:00 - 13/01/2024 11:00:00","Belgium (BE)","553.30","573.88","519.13","504.13"
"13/01/2024 11:00:00 - 13/01/2024 12:00:00","Belgium (BE)","563.63","589.78","538.98","521.90"
"13/01/2024 12:00:00 - 13/01/2024 13:00:00","Belgium (BE)","568.63","597.75","559.25","540.29"
"13/01/2024 13:00:00 - 13/01/2024 14:00:00","Belgium (BE)","560.90","582.75","559.58","489.90"
"13/01/2024 14:00:00 - 13/01/2024 15:00:00","Belgium (BE)","540.23","547.05","575.00","440.17"
"13/01/2024 15:00:00 - 13/01/2024 16:00:00","Belgium (BE)","505.85","491.98","513.03","376.31"
"13/01/2024 16:00:00 - 13/01/2024 17:00:00","Belgium (BE)","465.98","458.58","423.33","360.05"
"13/01/2024 17:00:00 - 13/01/2024 18:00:00","Belgium (BE)","458.83","464.08","372.20","371.39"
"13/01/2024 18:00:00 - 13/01/2024 19:00:00","Belgium (BE)","484.20","486.55","374.50","350.68"
"13/01/2024 19:00:00 - 13/01/2024 20:00:00","Belgium (BE)","520.63","499.80","408.50","351.36"
"13/01/2024 20:00:00 - 13/01/2024 21:00:00","Belgium (BE)","557.10","516.98","417.23","398.66"
"13/01/2024 21:00:00 - 13/01/2024 22:00:00","Belgium (BE)","606.73","561.68","463.20","400.64"
"13/01/2024 22:00:00 - 13/01/2024 23:00:00","Belgium (BE)","656.78","624.40","534.90","445.79"
"13/01/2024 23:00:00 - 14/01/2024 00:00:00","Belgium (BE)","682.65","673.18","640.93","465.70"
"14/01/2024 00:00:00 - 14/01/2024 01:00:00","Belgium (BE)","692.05","560.25","560.25","424.14"
"14/01/2024 01:00:00 - 14/01/2024 02:00:00","Belgium (BE)","657.80","511.28","511.28","378.55"
"14/01/2024 02:00:00 - 14/01/2024 03:00:00","Belgium (BE)","617.23","443.93","443.93","348.57"
"14/01/2024 03:00:00 - 14/01/2024 04:00:00","Belgium (BE)","595.48","475.85","475.85","367.00"
"14/01/2024 04:00:00 - 14/01/2024 05:00:00","Belgium (BE)","597.80","479.05","479.05","388.54"
"14/01/2024 05:00:00 - 14/01/2024 06:00:00","Belgium (BE)","600.40","507.50","507.50","349.64"
"14/01/2024 06:00:00 - 14/01/2024 07:00:00","Belgium (BE)","597.98","517.13","517.13","319.99"
"14/01/2024 07:00:00 - 14/01/2024 08:00:00","Belgium (BE)","602.50","530.75","530.75","340.07"
"14/01/2024 08:00:00 - 14/01/2024 09:00:00","Belgium (BE)","618.15","571.83","538.08","332.56"
"14/01/2024 09:00:00 - 14/01/2024 10:00:00","Belgium (BE)","630.60","583.48","534.80","345.63"
"14/01/2024 10:00:00 - 14/01/2024 11:00:00","Belgium (BE)","616.50","589.45","511.45","359.48"
"14/01/2024 11:00:00 - 14/01/2024 12:00:00","Belgium (BE)","586.70","604.13","532.58","407.91"
"14/01/2024 12:00:00 - 14/01/2024 13:00:00","Belgium (BE)","565.43","578.33","493.05","428.34"
"14/01/2024 13:00:00 - 14/01/2024 14:00:00","Belgium (BE)","558.60","557.03","509.13","404.11"
"14/01/2024 14:00:00 - 14/01/2024 15:00:00","Belgium (BE)","560.70","553.68","533.05","392.01"
"14/01/2024 15:00:00 - 14/01/2024 16:00:00","Belgium (BE)","545.78","556.68","516.93","397.10"
"14/01/2024 16:00:00 - 14/01/2024 17:00:00","Belgium (BE)","540.65","603.80","549.38","484.87"
"14/01/2024 17:00:00 - 14/01/2024 18:00:00","Belgium (BE)","589.55","678.35","629.23","583.08"
"14/01/2024 18:00:00 - 14/01/2024 19:00:00","Belgium (BE)","648.83","749.98","710.45","556.00"
"14/01/2024 19:00:00 - 14/01/2024 20:00:00","Belgium (BE)","689.20","814.50","778.93","622.44"
"14/01/2024 20:00:00 - 14/01/2024 21:00:00","Belgium (BE)","746.05","863.15","797.73","644.55"
"14/01/2024 21:00:00 - 14/01/2024 22:00:00","Belgium (BE)","797.45","895.73","861.83","682.90"
"14/01/2024 22:00:00 - 14/01/2024 23:00:00","Belgium (BE)","834.65","916.20","912.10","692.24"
"14/01/2024 23:00:00 - 15/01/2024 00:00:00","Belgium (BE)","879.18","911.88","930.18","672.50"
"15/01/2024 00:00:00 - 15/01/2024 01:00:00","Belgium (BE)","901.50","800.20","800.20","655.31"
"15/01/2024 01:00:00 - 15/01/2024 02:00:00","Belgium (BE)","870.33","709.88","709.88","605.41"
"15/01/2024 02:00:00 - 15/01/2024 03:00:00","Belgium (BE)","875.48","715.38","715.38","505.20"
"15/01/2024 03:00:00 - 15/01/2024 04:00:00","Belgium (BE)","888.95","727.78","727.78","507.29"
"15/01/2024 04:00:00 - 15/01/2024 05:00:00","Belgium (BE)","909.75","740.80","740.80","488.97"
"15/01/2024 05:00:00 - 15/01/2024 06:00:00","Belgium (BE)","924.83","754.50","754.50","542.46"
"15/01/2024 06:00:00 - 15/01/2024 07:00:00","Belgium (BE)","954.38","777.65","777.65","618.53"
"15/01/2024 07:00:00 - 15/01/2024 08:00:00","Belgium (BE)","1022.65","845.65","845.65","664.63"
"15/01/2024 08:00:00 - 15/01/2024 09:00:00","Belgium (BE)","1095.30","979.28","965.75","723.63"
"15/01/2024 09:00:00 - 15/01/2024 10:00:00","Belgium (BE)","1153.73","1065.00","1001.38","792.84"
"15/01/2024 10:00:00 - 15/01/2024 11:00:00","Belgium (BE)","1232.60","1153.53","1045.18","790.75"
"15/01/2024 11:00:00 - 15/01/2024 12:00:00","Belgium (BE)","1346.75","1291.03","1191.95","922.68"
"15/01/2024 12:00:00 - 15/01/2024 13:00:00","Belgium (BE)","1468.53","1441.08","1277.83","1002.87"
"15/01/2024 13:00:00 - 15/01/2024 14:00:00","Belgium (BE)","1536.50","1543.40","1343.80","996.06"
"15/01/2024 14:00:00 - 15/01/2024 15:00:00","Belgium (BE)","1531.53","1532.65","1286.65","933.67"
"15/01/2024 15:00:00 - 15/01/2024 16:00:00","Belgium (BE)","1467.53","1410.70","1183.75","836.73"
"15/01/2024 16:00:00 - 15/01/2024 17:00:00","Belgium (BE)","1354.48","1247.45","1081.35","734.97"
"15/01/2024 17:00:00 - 15/01/2024 18:00:00","Belgium (BE)","1236.50","1133.33","960.68","604.19"
"15/01/2024 18:00:00 - 15/01/2024 19:00:00","Belgium (BE)","1147.95","1069.38","924.78","617.58"
"15/01/2024 19:00:00 - 15/01/2024 20:00:00","Belgium (BE)","1071.53","1012.63","865.25","605.05"
"15/01/2024 20:00:00 - 15/01/2024 21:00:00","Belgium (BE)","987.98","933.33","833.15","576.25"
"15/01/2024 21:00:00 - 15/01/2024 22:00:00","Belgium (BE)","919.35","862.93","831.10","540.47"
"15/01/2024 22:00:00 - 15/01/2024 23:00:00","Belgium (BE)","865.55","829.00","806.65","474.96"
"15/01/2024 23:00:00 - 16/01/2024 00:00:00","Belgium (BE)","824.68","806.10","782.15","422.93"
"16/01/2024 00:00:00 - 16/01/2024 01:00:00","Belgium (BE)","761.75","645.48","645.48","415.99"
"16/01/2024 01:00:00 - 16/01/2024 02:00:00","Belgium (BE)","727.08","588.28","588.28","395.47"
"16/01/2024 02:00:00 - 16/01/2024 03:00:00","Belgium (BE)","685.33","553.75","553.75","342.68"
"16/01/2024 03:00:00 - 16/01/2024 04:00:00","Belgium (BE)","625.28","508.58","508.58","323.24"
"16/01/2024 04:00:00 - 16/01/2024 05:00:00","Belgium (BE)","555.28","456.68","456.68","312.43"
"16/01/2024 05:00:00 - 16/01/2024 06:00:00","Belgium (BE)","501.33","435.75","435.75","280.47"
"16/01/2024 06:00:00 - 16/01/2024 07:00:00","Belgium (BE)","497.83","482.00","482.00","332.78"
"16/01/2024 07:00:00 - 16/01/2024 08:00:00","Belgium (BE)","539.03","526.10","526.10","428.06"
"16/01/2024 08:00:00 - 16/01/2024 09:00:00","Belgium (BE)","576.40","580.35","557.95","465.92"
"16/01/2024 09:00:00 - 16/01/2024 10:00:00","Belgium (BE)","592.18","593.58","578.15","445.02"
"16/01/2024 10:00:00 - 16/01/2024 11:00:00","Belgium (BE)","534.85","531.63","524.63","340.92"
"16/01/2024 11:00:00 - 16/01/2024 12:00:00","Belgium (BE)","432.58","427.78","403.68","268.58"
"16/01/2024 12:00:00 - 16/01/2024 13:00:00","Belgium (BE)","395.58","360.40","304.33","246.74"
"16/01/2024 13:00:00 - 16/01/2024 14:00:00","Belgium (BE)","382.58","343.78","291.53","244.67"
"16/01/2024 14:00:00 - 16/01/2024 15:00:00","Belgium (BE)","335.80","322.68","249.00","226.12"
"16/01/2024 15:00:00 - 16/01/2024 16:00:00","Belgium (BE)","291.85","294.75","221.05","147.42"
"16/01/2024 16:00:00 - 16/01/2024 17:00:00","Belgium (BE)","290.40","311.05","254.25","213.77"
"16/01/2024 17:00:00 - 16/01/2024 18:00:00","Belgium (BE)","342.53","399.40","327.48","373.44"
"16/01/2024 18:00:00 - 16/01/2024 19:00:00","Belgium (BE)","426.38","520.18","410.38","498.99"
"16/01/2024 19:00:00 - 16/01/2024 20:00:00","Belgium (BE)","537.93","613.73","546.68","647.87"
"16/01/2024 20:00:00 - 16/01/2024 21:00:00","Belgium (BE)","624.55","679.28","688.15","736.37"
"16/01/2024 21:00:00 - 16/01/2024 22:00:00","Belgium (BE)","639.18","701.78","749.55","768.79"
"16/01/2024 22:00:00 - 16/01/2024 23:00:00","Belgium (BE)","602.53","688.63","726.53","708.70"
"16/01/2024 23:00:00 - 17/01/2024 00:00:00","Belgium (BE)","537.68","600.73","601.73","642.14"
"17/01/2024 00:00:00 - 17/01/2024 01:00:00","Belgium (BE)","496.53","545.43","545.43","518.27"
"17/01/2024 01:00:00 - 17/01/2024 02:00:00","Belgium (BE)","429.08","491.15","491.15","510.50"
"17/01/2024 02:00:00 - 17/01/2024 03:00:00","Belgium (BE)","367.85","436.20","436.20","482.77"
"17/01/2024 03:00:00 - 17/01/2024 04:00:00","Belgium (BE)","310.63","377.00","377.00","399.40"
"17/01/2024 04:00:00 - 17/01/2024 05:00:00","Belgium (BE)","253.83","324.73","324.73","282.87"
"17/01/2024 05:00:00 - 17/01/2024 06:00:00","Belgium (BE)","201.80","300.98","300.98","203.77"
"17/01/2024 06:00:00 - 17/01/2024 07:00:00","Belgium (BE)","168.08","270.93","270.93","186.67"
"17/01/2024 07:00:00 - 17/01/2024 08:00:00","Belgium (BE)","160.30","230.20","230.20","172.23"
"17/01/2024 08:00:00 - 17/01/2024 09:00:00","Belgium (BE)","129.13","196.80","175.50","132.00"
"17/01/2024 09:00:00 - 17/01/2024 10:00:00","Belgium (BE)","84.15","163.68","172.95","65.48"
"17/01/2024 10:00:00 - 17/01/2024 11:00:00","Belgium (BE)","66.83","136.95","157.28","43.57"
"17/01/2024 11:00:00 - 17/01/2024 12:00:00","Belgium (BE)","89.10","96.05","144.33","46.60"
"17/01/2024 12:00:00 - 17/01/2024 13:00:00","Belgium (BE)","131.25","76.55","102.43","70.95"
"17/01/2024 13:00:00 - 17/01/2024 14:00:00","Belgium (BE)","156.75","97.75","111.60","112.37"
"17/01/2024 14:00:00 - 17/01/2024 15:00:00","Belgium (BE)","172.38","126.85","160.38","136.40"
"17/01/2024 15:00:00 - 17/01/2024 16:00:00","Belgium (BE)","203.98","168.13","194.00","195.17"
"17/01/2024 16:00:00 - 17/01/2024 17:00:00","Belgium (BE)","244.00","201.78","232.95","209.12"
"17/01/2024 17:00:00 - 17/01/2024 18:00:00","Belgium (BE)","280.33","217.80","264.35","203.37"
"17/01/2024 18:00:00 - 17/01/2024 19:00:00","Belgium (BE)","323.73","217.80","279.25","200.00"
"17/01/2024 19:00:00 - 17/01/2024 20:00:00","Belgium (BE)","337.68","202.53","281.30","180.03"
"17/01/2024 20:00:00 - 17/01/2024 21:00:00","Belgium (BE)","326.65","193.38","267.33","113.51"
"17/01/2024 21:00:00 - 17/01/2024 22:00:00","Belgium (BE)","306.40","182.23","253.40","92.06"
"17/01/2024 22:00:00 - 17/01/2024 23:00:00","Belgium (BE)","277.53","171.05","236.93","114.24"
"17/01/2024 23:00:00 - 18/01/2024 00:00:00","Belgium (BE)","272.75","166.20","208.53","120.69"
"18/01/2024 00:00:00 - 18/01/2024 01:00:00","Belgium (BE)","198.63","114.00","114.00","99.38"
"18/01/2024 01:00:00 - 18/01/2024 02:00:00","Belgium (BE)","202.10","116.08","116.08","125.06"
"18/01/2024 02:00:00 - 18/01/2024 03:00:00","Belgium (BE)","221.60","165.30","165.30","172.47"
"18/01/2024 03:00:00 - 18/01/2024 04:00:00","Belgium (BE)","252.95","216.83","216.83","196.04"
"18/01/2024 04:00:00 - 18/01/2024 05:00:00","Belgium (BE)","286.08","253.58","253.58","175.71"
"18/01/2024 05:00:00 - 18/01/2024 06:00:00","Belgium (BE)","309.20","265.30","265.30","194.60"
"18/01/2024 06:00:00 - 18/01/2024 07:00:00","Belgium (BE)","333.45","264.48","264.48","155.90"
"18/01/2024 07:00:00 - 18/01/2024 08:00:00","Belgium (BE)","347.58","276.78","276.78","152.66"
"18/01/2024 08:00:00 - 18/01/2024 09:00:00","Belgium (BE)","353.88","294.95","267.45","201.17"
"18/01/2024 09:00:00 - 18/01/2024 10:00:00","Belgium (BE)","332.50","279.50","254.00","208.62"
"18/01/2024 10:00:00 - 18/01/2024 11:00:00","Belgium (BE)","286.98","237.83","209.65","178.80"
"18/01/2024 11:00:00 - 18/01/2024 12:00:00","Belgium (BE)","251.33","225.40","204.03","143.22"
"18/01/2024 12:00:00 - 18/01/2024 13:00:00","Belgium (BE)","253.15","244.45","207.93","137.88"
"18/01/2024 13:00:00 - 18/01/2024 14:00:00","Belgium (BE)","314.83","302.55","254.13","177.77"
"18/01/2024 14:00:00 - 18/01/2024 15:00:00","Belgium (BE)","385.98","340.48","279.28","215.95"
"18/01/2024 15:00:00 - 18/01/2024 16:00:00","Belgium (BE)","415.73","352.53","293.50","207.98"
"18/01/2024 16:00:00 - 18/01/2024 17:00:00","Belgium (BE)","467.28","380.15","340.55","221.05"
"18/01/2024 17:00:00 - 18/01/2024 18:00:00","Belgium (BE)","520.15","420.50","368.05","278.89"
"18/01/2024 18:00:00 - 18/01/2024 19:00:00","Belgium (BE)","520.95","439.58","348.50","273.36"
"18/01/2024 19:00:00 - 18/01/2024 20:00:00","Belgium (BE)","474.80","424.15","327.90","303.65"
"18/01/2024 20:00:00 - 18/01/2024 21:00:00","Belgium (BE)","425.83","391.38","311.68","311.03"
"18/01/2024 21:00:00 - 18/01/2024 22:00:00","Belgium (BE)","407.70","383.03","316.55","270.28"
"18/01/2024 22:00:00 - 18/01/2024 23:00:00","Belgium (BE)","450.90","430.80","354.15","260.25"
"18/01/2024 23:00:00 - 19/01/2024 00:00:00","Belgium (BE)","536.15","498.58","407.08","307.13"
"19/01/2024 00:00:00 - 19/01/2024 01:00:00","Belgium (BE)","456.88","387.55","387.55","343.64"
"19/01/2024 01:00:00 - 19/01/2024 02:00:00","Belgium (BE)","491.63","437.53","437.53","348.27"
"19/01/2024 02:00:00 - 19/01/2024 03:00:00","Belgium (BE)","518.30","469.48","469.48","379.20"
"19/01/2024 03:00:00 - 19/01/2024 04:00:00","Belgium (BE)","557.35","519.78","519.78","439.67"
"19/01/2024 04:00:00 - 19/01/2024 05:00:00","Belgium (BE)","577.20","550.23","550.23","375.81"
"19/01/2024 05:00:00 - 19/01/2024 06:00:00","Belgium (BE)","562.58","536.95","536.95","344.50"
"19/01/2024 06:00:00 - 19/01/2024 07:00:00","Belgium (BE)","526.30","477.10","477.10","338.59"
"19/01/2024 07:00:00 - 19/01/2024 08:00:00","Belgium (BE)","495.93","429.78","429.78","306.21"
"19/01/2024 08:00:00 - 19/01/2024 09:00:00","Belgium (BE)","461.05","408.78","346.40","246.14"
"19/01/2024 09:00:00 - 19/01/2024 10:00:00","Belgium (BE)","423.08","363.68","306.80","227.79"
"19/01/2024 10:00:00 - 19/01/2024 11:00:00","Belgium (BE)","396.68","340.78","293.23","213.62"
"19/01/2024 11:00:00 - 19/01/2024 12:00:00","Belgium (BE)","360.80","339.73","312.88","174.79"
"19/01/2024 12:00:00 - 19/01/2024 13:00:00","Belgium (BE)","289.95","298.50","256.08","152.76"
"19/01/2024 13:00:00 - 19/01/2024 14:00:00","Belgium (BE)","249.35","267.98","222.10","179.74"
"19/01/2024 14:00:00 - 19/01/2024 15:00:00","Belgium (BE)","255.30","263.60","219.60","201.63"
"19/01/2024 15:00:00 - 19/01/2024 16:00:00","Belgium (BE)","283.35","284.28","253.83","230.10"
"19/01/2024 16:00:00 - 19/01/2024 17:00:00","Belgium (BE)","342.98","356.03","343.48","270.76"
"19/01/2024 17:00:00 - 19/01/2024 18:00:00","Belgium (BE)","445.05","476.88","496.43","389.60"
"19/01/2024 18:00:00 - 19/01/2024 19:00:00","Belgium (BE)","550.58","594.65","620.80","537.66"
"19/01/2024 19:00:00 - 19/01/2024 20:00:00","Belgium (BE)","626.30","675.83","673.48","596.24"
"19/01/2024 20:00:00 - 19/01/2024 21:00:00","Belgium (BE)","673.73","726.73","699.25","628.28"
"19/01/2024 21:00:00 - 19/01/2024 22:00:00","Belgium (BE)","693.93","761.73","748.53","631.61"
"19/01/2024 22:00:00 - 19/01/2024 23:00:00","Belgium (BE)","698.28","765.75","775.63","603.57"
"19/01/2024 23:00:00 - 20/01/2024 00:00:00","Belgium (BE)","710.95","757.70","799.08","478.45"
"20/01/2024 00:00:00 - 20/01/2024 01:00:00","Belgium (BE)","810.38","794.58","794.58","405.26"
"20/01/2024 01:00:00 - 20/01/2024 02:00:00","Belgium (BE)","827.50","740.33","740.33","360.96"
"20/01/2024 02:00:00 - 20/01/2024 03:00:00","Belgium (BE)","868.35","748.60","748.60","312.99"
"20/01/2024 03:00:00 - 20/01/2024 04:00:00","Belgium (BE)","889.13","733.65","733.65","283.28"
"20/01/2024 04:00:00 - 20/01/2024 05:00:00","Belgium (BE)","896.00","726.80","726.80","265.51"
"20/01/2024 05:00:00 - 20/01/2024 06:00:00","Belgium (BE)","902.60","732.63","732.63","261.69"
"20/01/2024 06:00:00 - 20/01/2024 07:00:00","Belgium (BE)","920.95","736.28","736.28","260.95"
"20/01/2024 07:00:00 - 20/01/2024 08:00:00","Belgium (BE)","929.13","737.28","737.28","234.78"
"20/01/2024 08:00:00 - 20/01/2024 09:00:00","Belgium (BE)","919.30","793.90","712.58","202.96"
"20/01/2024 09:00:00 - 20/01/2024 10:00:00","Belgium (BE)","881.83","816.25","629.08","212.80"
"20/01/2024 10:00:00 - 20/01/2024 11:00:00","Belgium (BE)","873.00","771.98","527.53","231.67"
"20/01/2024 11:00:00 - 20/01/2024 12:00:00","Belgium (BE)","740.65","662.60","482.23","267.58"
"20/01/2024 12:00:00 - 20/01/2024 13:00:00","Belgium (BE)","548.98","569.68","429.38","225.33"
"20/01/2024 13:00:00 - 20/01/2024 14:00:00","Belgium (BE)","479.53","524.30","442.88","211.46"
"20/01/2024 14:00:00 - 20/01/2024 15:00:00","Belgium (BE)","446.48","492.53","400.73","257.06"
"20/01/2024 15:00:00 - 20/01/2024 16:00:00","Belgium (BE)","486.40","532.03","440.65","352.24"
"20/01/2024 16:00:00 - 20/01/2024 17:00:00","Belgium (BE)","587.75","643.88","554.68","491.51"
"20/01/2024 17:00:00 - 20/01/2024 18:00:00","Belgium (BE)","718.03","770.93","707.13","709.88"
"20/01/2024 18:00:00 - 20/01/2024 19:00:00","Belgium (BE)","860.28","925.88","861.43","905.39"
"20/01/2024 19:00:00 - 20/01/2024 20:00:00","Belgium (BE)","988.45","1070.43","988.90","1117.46"
"20/01/2024 20:00:00 - 20/01/2024 21:00:00","Belgium (BE)","1121.38","1156.00","1131.00","1177.91"
"20/01/2024 21:00:00 - 20/01/2024 22:00:00","Belgium (BE)","1244.38","1208.23","1233.50","1162.67"
"20/01/2024 22:00:00 - 20/01/2024 23:00:00","Belgium (BE)","1364.95","1310.55","1349.13","1332.06"
"20/01/2024 23:00:00 - 21/01/2024 00:00:00","Belgium (BE)","1475.85","1462.95","1488.13","1407.41"
"21/01/2024 00:00:00 - 21/01/2024 01:00:00","Belgium (BE)","1602.05","1578.13","1578.13","1426.46"
"21/01/2024 01:00:00 - 21/01/2024 02:00:00","Belgium (BE)","1686.83","1589.40","1589.40","1458.25"
"21/01/2024 02:00:00 - 21/01/2024 03:00:00","Belgium (BE)","1755.15","1650.60","1650.60","1527.62"
"21/01/2024 03:00:00 - 21/01/2024 04:00:00","Belgium (BE)","1816.85","1728.65","1728.65","1638.03"
"21/01/2024 04:00:00 - 21/01/2024 05:00:00","Belgium (BE)","1876.50","1783.10","1783.10","1695.18"
"21/01/2024 05:00:00 - 21/01/2024 06:00:00","Belgium (BE)","1926.83","1839.18","1839.18","1734.08"
"21/01/2024 06:00:00 - 21/01/2024 07:00:00","Belgium (BE)","1964.50","1854.98","1854.98","1781.73"
"21/01/2024 07:00:00 - 21/01/2024 08:00:00","Belgium (BE)","1992.70","1857.05","1857.05","1801.77"
"21/01/2024 08:00:00 - 21/01/2024 09:00:00","Belgium (BE)","2021.28","1936.85","1905.15","1759.58"
"21/01/2024 09:00:00 - 21/01/2024 10:00:00","Belgium (BE)","2038.83","1984.93","1926.63","1776.19"
"21/01/2024 10:00:00 - 21/01/2024 11:00:00","Belgium (BE)","2035.50","2001.50","1886.60","1800.20"
"21/01/2024 11:00:00 - 21/01/2024 12:00:00","Belgium (BE)","2028.53","2001.68","1925.15","1868.14"
"21/01/2024 12:00:00 - 21/01/2024 13:00:00","Belgium (BE)","2012.03","1987.25","1859.08","1899.17"
"21/01/2024 13:00:00 - 21/01/2024 14:00:00","Belgium (BE)","1966.40","1962.55","1851.30","1884.09"
"21/01/2024 14:00:00 - 21/01/2024 15:00:00","Belgium (BE)","1929.70","1939.90","1849.70","1937.33"
"21/01/2024 15:00:00 - 21/01/2024 16:00:00","Belgium (BE)","1910.75","1944.40","1845.73","1979.88"
"21/01/2024 16:00:00 - 21/01/2024 17:00:00","Belgium (BE)","1923.80","1968.53","1881.85","1937.40"
"21/01/2024 17:00:00 - 21/01/2024 18:00:00","Belgium (BE)","1986.50","2019.58","1939.15","2041.40"
"21/01/2024 18:00:00 - 21/01/2024 19:00:00","Belgium (BE)","2069.33","2084.25","1994.93","2143.69"
"21/01/2024 19:00:00 - 21/01/2024 20:00:00","Belgium (BE)","2130.73","2134.55","2082.75","2149.04"
"21/01/2024 20:00:00 - 21/01/2024 21:00:00","Belgium (BE)","2168.58","2177.18","2136.05","2188.20"
"21/01/2024 21:00:00 - 21/01/2024 22:00:00","Belgium (BE)","2199.83","2206.55","2185.88","2203.85"
"21/01/2024 22:00:00 - 21/01/2024 23:00:00","Belgium (BE)","2221.30","2223.63","2211.10","2163.85"
"21/01/2024 23:00:00 - 22/01/2024 00:00:00","Belgium (BE)","2233.38","2234.75","2228.55","2130.90"
"22/01/2024 00:00:00 - 22/01/2024 01:00:00","Belgium (BE)","2240.48","2149.35","2149.35","2150.40"
"22/01/2024 01:00:00 - 22/01/2024 02:00:00","Belgium (BE)","2245.73","2135.88","2135.88","2069.61"
"22/01/2024 02:00:00 - 22/01/2024 03:00:00","Belgium (BE)","2250.00","2135.45","2135.45","2158.10"
"22/01/2024 03:00:00 - 22/01/2024 04:00:00","Belgium (BE)","2250.88","2112.88","2112.88","2150.39"
"22/01/2024 04:00:00 - 22/01/2024 05:00:00","Belgium (BE)","2251.70","2140.88","2140.88","2117.84"
"22/01/2024 05:00:00 - 22/01/2024 06:00:00","Belgium (BE)","2248.55","2123.15","2123.15","2137.88"
"22/01/2024 06:00:00 - 22/01/2024 07:00:00","Belgium (BE)","2244.33","2108.23","2108.23","2118.36"
"22/01/2024 07:00:00 - 22/01/2024 08:00:00","Belgium (BE)","2235.25","2115.90","2115.90","2201.04"
"22/01/2024 08:00:00 - 22/01/2024 09:00:00","Belgium (BE)","2212.08","2141.68","2101.43","2143.87"
"22/01/2024 09:00:00 - 22/01/2024 10:00:00","Belgium (BE)","2169.00","2131.43","2096.53","2176.52"
"22/01/2024 10:00:00 - 22/01/2024 11:00:00","Belgium (BE)","2107.80","2112.08","2053.68","2165.25"
"22/01/2024 11:00:00 - 22/01/2024 12:00:00","Belgium (BE)","2052.30","2094.15","2055.88","2123.64"
"22/01/2024 12:00:00 - 22/01/2024 13:00:00","Belgium (BE)","2012.28","2046.60","2012.03","1941.86"
"22/01/2024 13:00:00 - 22/01/2024 14:00:00","Belgium (BE)","1985.18","2021.20","2004.98","1899.52"
"22/01/2024 14:00:00 - 22/01/2024 15:00:00","Belgium (BE)","1975.68","2014.33","1940.93","2018.05"
"22/01/2024 15:00:00 - 22/01/2024 16:00:00","Belgium (BE)","1961.75","1990.83","1909.80","1897.98"
"22/01/2024 16:00:00 - 22/01/2024 17:00:00","Belgium (BE)","1943.10","1956.70","1919.00","1918.24"
"22/01/2024 17:00:00 - 22/01/2024 18:00:00","Belgium (BE)","1969.75","1967.83","1883.50","2050.31"
"22/01/2024 18:00:00 - 22/01/2024 19:00:00","Belgium (BE)","2014.65","2011.33","1972.65","2133.28"
"22/01/2024 19:00:00 - 22/01/2024 20:00:00","Belgium (BE)","2052.48","2044.00","2048.10","2199.91"
"22/01/2024 20:00:00 - 22/01/2024 21:00:00","Belgium (BE)","2086.05","2076.63","2067.53","2204.49"
"22/01/2024 21:00:00 - 22/01/2024 22:00:00","Belgium (BE)","2096.65","2089.18","2081.93","2170.09"
"22/01/2024 22:00:00 - 22/01/2024 23:00:00","Belgium (BE)","2098.40","2084.05","2078.15","2166.96"
"22/01/2024 23:00:00 - 23/01/2024 00:00:00","Belgium (BE)","2093.00","2085.50","2083.38","2096.11"
"23/01/2024 00:00:00 - 23/01/2024 01:00:00","Belgium (BE)","2064.93","2065.18","2065.18","2143.80"
"23/01/2024 01:00:00 - 23/01/2024 02:00:00","Belgium (BE)","1999.90","1957.13","1957.13","2116.69"
"23/01/2024 02:00:00 - 23/01/2024 03:00:00","Belgium (BE)","1887.03","1901.45","1901.45","1997.92"
"23/01/2024 03:00:00 - 23/01/2024 04:00:00","Belgium (BE)","1724.45","1742.28","1742.28","1822.40"
"23/01/2024 04:00:00 - 23/01/2024 05:00:00","Belgium (BE)","1542.75","1532.85","1532.85","1583.81"
"23/01/2024 05:00:00 - 23/01/2024 06:00:00","Belgium (BE)","1350.80","1328.10","1328.10","1374.19"
"23/01/2024 06:00:00 - 23/01/2024 07:00:00","Belgium (BE)","1251.68","1179.65","1179.65","1309.79"
"23/01/2024 07:00:00 - 23/01/2024 08:00:00","Belgium (BE)","1251.75","1191.45","1191.45","1196.25"
"23/01/2024 08:00:00 - 23/01/2024 09:00:00","Belgium (BE)","1211.60","1181.30","1176.53","1224.46"
"23/01/2024 09:00:00 - 23/01/2024 10:00:00","Belgium (BE)","1127.73","1097.85","1025.85","1136.05"
"23/01/2024 10:00:00 - 23/01/2024 11:00:00","Belgium (BE)","1136.83","1063.53","1006.93","897.80"
"23/01/2024 11:00:00 - 23/01/2024 12:00:00","Belgium (BE)","1195.38","1077.33","1046.08","933.60"
"23/01/2024 12:00:00 - 23/01/2024 13:00:00","Belgium (BE)","1242.90","1134.23","1085.88","1017.41"
"23/01/2024 13:00:00 - 23/01/2024 14:00:00","Belgium (BE)","1359.20","1251.30","1278.50","1303.31"
"23/01/2024 14:00:00 - 23/01/2024 15:00:00","Belgium (BE)","1503.18","1440.33","1534.53","1663.38"
"23/01/2024 15:00:00 - 23/01/2024 16:00:00","Belgium (BE)","1675.78","1666.63","1742.05","1896.37"
"23/01/2024 16:00:00 - 23/01/2024 17:00:00","Belgium (BE)","1899.60","1866.23","1942.70","2083.10"
"23/01/2024 17:00:00 - 23/01/2024 18:00:00","Belgium (BE)","2062.10","2038.50","2106.35","2274.38"
"23/01/2024 18:00:00 - 23/01/2024 19:00:00","Belgium (BE)","2134.80","2132.50","2162.18","2318.09"
"23/01/2024 19:00:00 - 23/01/2024 20:00:00","Belgium (BE)","2161.13","2166.10","2217.83","2303.22"
"23/01/2024 20:00:00 - 23/01/2024 21:00:00","Belgium (BE)","2165.25","2174.70","2192.18","2318.74"
"23/01/2024 21:00:00 - 23/01/2024 22:00:00","Belgium (BE)","2167.03","2178.73","2204.38","2307.42"
"23/01/2024 22:00:00 - 23/01/2024 23:00:00","Belgium (BE)","2177.68","2185.43","2202.20","2251.35"
"23/01/2024 23:00:00 - 24/01/2024 00:00:00","Belgium (BE)","2187.83","2191.08","2201.20","2273.43"
"24/01/2024 00:00:00 - 24/01/2024 01:00:00","Belgium (BE)","2205.55","2172.93","2172.93","2264.04"
"24/01/2024 01:00:00 - 24/01/2024 02:00:00","Belgium (BE)","2218.25","2188.78","2188.78","2262.79"
"24/01/2024 02:00:00 - 24/01/2024 03:00:00","Belgium (BE)","2231.35","2193.93","2193.93","2275.14"
"24/01/2024 03:00:00 - 24/01/2024 04:00:00","Belgium (BE)","2238.83","2192.85","2192.85","2209.21"
"24/01/2024 04:00:00 - 24/01/2024 05:00:00","Belgium (BE)","2237.25","2186.60","2186.60","2208.32"
"24/01/2024 05:00:00 - 24/01/2024 06:00:00","Belgium (BE)","2234.23","2171.23","2171.23","2228.62"
"24/01/2024 06:00:00 - 24/01/2024 07:00:00","Belgium (BE)","2225.48","2161.83","2161.83","2247.93"
"24/01/2024 07:00:00 - 24/01/2024 08:00:00","Belgium (BE)","2207.75","2120.28","2120.28","2295.53"
"24/01/2024 08:00:00 - 24/01/2024 09:00:00","Belgium (BE)","2176.43","2123.00","2101.30","2264.61"
"24/01/2024 09:00:00 - 24/01/2024 10:00:00","Belgium (BE)","2122.93","2095.23","2078.93","2227.74"
"24/01/2024 10:00:00 - 24/01/2024 11:00:00","Belgium (BE)","2062.08","2083.35","2061.10","2174.15"
"24/01/2024 11:00:00 - 24/01/2024 12:00:00","Belgium (BE)","2015.70","2068.23","2053.45","2106.34"
"24/01/2024 12:00:00 - 24/01/2024 13:00:00","Belgium (BE)","2010.73","2066.98","2031.40","2037.97"
"24/01/2024 13:00:00 - 24/01/2024 14:00:00","Belgium (BE)","1959.00","2032.10","1990.48","2039.10"
"24/01/2024 14:00:00 - 24/01/2024 15:00:00","Belgium (BE)","1825.38","1903.78","1845.53","1893.47"
"24/01/2024 15:00:00 - 24/01/2024 16:00:00","Belgium (BE)","1646.48","1698.63","1700.53","1715.99"
"24/01/2024 16:00:00 - 24/01/2024 17:00:00","Belgium (BE)","1463.88","1520.48","1475.48","1475.29"
"24/01/2024 17:00:00 - 24/01/2024 18:00:00","Belgium (BE)","1333.80","1396.50","1338.35","1307.57"
"24/01/2024 18:00:00 - 24/01/2024 19:00:00","Belgium (BE)","1271.45","1304.35","1253.13","1233.69"
"24/01/2024 19:00:00 - 24/01/2024 20:00:00","Belgium (BE)","1250.55","1265.43","1183.53","1081.92"
"24/01/2024 20:00:00 - 24/01/2024 21:00:00","Belgium (BE)","1263.25","1267.30","1186.18","1133.65"
"24/01/2024 21:00:00 - 24/01/2024 22:00:00","Belgium (BE)","1267.40","1260.80","1173.70","1125.26"
"24/01/2024 22:00:00 - 24/01/2024 23:00:00","Belgium (BE)","1214.78","1203.93","1109.05","1044.46"
"24/01/2024 23:00:00 - 25/01/2024 00:00:00","Belgium (BE)","1082.58","1095.33","1000.30","927.40"
"25/01/2024 00:00:00 - 25/01/2024 01:00:00","Belgium (BE)","863.53","869.88","869.88","903.30"
"25/01/2024 01:00:00 - 25/01/2024 02:00:00","Belgium (BE)","699.88","718.45","718.45","738.39"
"25/01/2024 02:00:00 - 25/01/2024 03:00:00","Belgium (BE)","532.83","578.23","578.23","571.80"
"25/01/2024 03:00:00 - 25/01/2024 04:00:00","Belgium (BE)","415.83","388.90","388.90","462.45"
"25/01/2024 04:00:00 - 25/01/2024 05:00:00","Belgium (BE)","340.80","270.50","270.50","318.16"
"25/01/2024 05:00:00 - 25/01/2024 06:00:00","Belgium (BE)","253.38","223.05","223.05","197.65"
"25/01/2024 06:00:00 - 25/01/2024 07:00:00","Belgium (BE)","194.45","186.13","186.13","172.88"
"25/01/2024 07:00:00 - 25/01/2024 08:00:00","Belgium (BE)","172.15","148.23","148.23","208.55"
"25/01/2024 08:00:00 - 25/01/2024 09:00:00","Belgium (BE)","181.35","158.83","155.78","219.01"
"25/01/2024 09:00:00 - 25/01/2024 10:00:00","Belgium (BE)","202.48","202.05","244.65","215.27"
"25/01/2024 10:00:00 - 25/01/2024 11:00:00","Belgium (BE)","238.38","250.95","262.15","242.60"
"25/01/2024 11:00:00 - 25/01/2024 12:00:00","Belgium (BE)","295.75","305.15","303.80","266.88"
"25/01/2024 12:00:00 - 25/01/2024 13:00:00","Belgium (BE)","354.30","345.50","356.95","326.84"
"25/01/2024 13:00:00 - 25/01/2024 14:00:00","Belgium (BE)","394.28","389.20","413.05","357.65"
"25/01/2024 14:00:00 - 25/01/2024 15:00:00","Belgium (BE)","433.88","416.10","471.10","384.71"
"25/01/2024 15:00:00 - 25/01/2024 16:00:00","Belgium (BE)","458.88","426.95","479.15","415.35"
"25/01/2024 16:00:00 - 25/01/2024 17:00:00","Belgium (BE)","479.88","449.13","478.48","422.94"
"25/01/2024 17:00:00 - 25/01/2024 18:00:00","Belgium (BE)","520.58","484.98","517.00","508.78"
"25/01/2024 18:00:00 - 25/01/2024 19:00:00","Belgium (BE)","589.03","538.58","567.65","619.05"
"25/01/2024 19:00:00 - 25/01/2024 20:00:00","Belgium (BE)","664.40","611.13","658.88","735.81"
"25/01/2024 20:00:00 - 25/01/2024 21:00:00","Belgium (BE)","728.95","690.28","768.38","884.51"
"25/01/2024 21:00:00 - 25/01/2024 22:00:00","Belgium (BE)","784.38","750.73","877.13","918.25"
"25/01/2024 22:00:00 - 25/01/2024 23:00:00","Belgium (BE)","815.08","794.83","955.38","904.28"
"25/01/2024 23:00:00 - 26/01/2024 00:00:00","Belgium (BE)","830.85","852.85","998.55","935.45"
"26/01/2024 00:00:00 - 26/01/2024 01:00:00","Belgium (BE)","1056.03","976.45","976.45","964.48"
"26/01/2024 01:00:00 - 26/01/2024 02:00:00","Belgium (BE)","1133.90","1015.90","1015.90","941.65"
"26/01/2024 02:00:00 - 26/01/2024 03:00:00","Belgium (BE)","1217.48","1059.83","1059.83","1026.15"
"26/01/2024 03:00:00 - 26/01/2024 04:00:00","Belgium (BE)","1334.00","1165.03","1165.03","1260.89"
"26/01/2024 04:00:00 - 26/01/2024 05:00:00","Belgium (BE)","1477.75","1330.30","1330.30","1496.72"
"26/01/2024 05:00:00 - 26/01/2024 06:00:00","Belgium (BE)","1618.65","1581.95","1581.95","1674.80"
"26/01/2024 06:00:00 - 26/01/2024 07:00:00","Belgium (BE)","1755.53","1811.60","1811.60","1884.69"
"26/01/2024 07:00:00 - 26/01/2024 08:00:00","Belgium (BE)","1871.58","1932.05","1932.05","2051.23"
"26/01/2024 08:00:00 - 26/01/2024 09:00:00","Belgium (BE)","1924.58","1971.40","2000.43","2108.85"
"26/01/2024 09:00:00 - 26/01/2024 10:00:00","Belgium (BE)","1946.20","1997.63","2028.48","2165.34"
"26/01/2024 10:00:00 - 26/01/2024 11:00:00","Belgium (BE)","1978.83","2039.50","2074.18","2126.19"
"26/01/2024 11:00:00 - 26/01/2024 12:00:00","Belgium (BE)","1999.85","2056.10","2108.60","1905.31"
"26/01/2024 12:00:00 - 26/01/2024 13:00:00","Belgium (BE)","1958.83","1995.18","2015.58","1792.35"
"26/01/2024 13:00:00 - 26/01/2024 14:00:00","Belgium (BE)","1818.53","1832.73","1807.25","1690.89"
"26/01/2024 14:00:00 - 26/01/2024 15:00:00","Belgium (BE)","1593.83","1609.78","1596.08","1654.11"
"26/01/2024 15:00:00 - 26/01/2024 16:00:00","Belgium (BE)","1238.73","1287.65","1280.60","1600.83"
"26/01/2024 16:00:00 - 26/01/2024 17:00:00","Belgium (BE)","850.88","935.85","966.35","1142.77"
"26/01/2024 17:00:00 - 26/01/2024 18:00:00","Belgium (BE)","606.90","680.98","823.68","674.53"
"26/01/2024 18:00:00 - 26/01/2024 19:00:00","Belgium (BE)","500.53","548.65","666.98","531.71"
"26/01/2024 19:00:00 - 26/01/2024 20:00:00","Belgium (BE)","467.45","490.08","528.70","498.85"
"26/01/2024 20:00:00 - 26/01/2024 21:00:00","Belgium (BE)","447.93","451.70","464.88","505.72"
"26/01/2024 21:00:00 - 26/01/2024 22:00:00","Belgium (BE)","434.08","424.05","434.83","450.65"
"26/01/2024 22:00:00 - 26/01/2024 23:00:00","Belgium (BE)","429.68","413.73","421.53","400.88"
"26/01/2024 23:00:00 - 27/01/2024 00:00:00","Belgium (BE)","431.65","400.53","424.10","406.95"
"27/01/2024 00:00:00 - 27/01/2024 01:00:00","Belgium (BE)","430.48","403.88","403.88","429.89"
"27/01/2024 01:00:00 - 27/01/2024 02:00:00","Belgium (BE)","441.18","424.88","424.88","508.56"
"27/01/2024 02:00:00 - 27/01/2024 03:00:00","Belgium (BE)","433.63","446.25","446.25","475.78"
"27/01/2024 03:00:00 - 27/01/2024 04:00:00","Belgium (BE)","411.05","446.30","446.30","354.88"
"27/01/2024 04:00:00 - 27/01/2024 05:00:00","Belgium (BE)","377.93","373.65","373.65","292.54"
"27/01/2024 05:00:00 - 27/01/2024 06:00:00","Belgium (BE)","350.35","310.18","310.18","267.30"
"27/01/2024 06:00:00 - 27/01/2024 07:00:00","Belgium (BE)","361.05","293.55","293.55","257.97"
"27/01/2024 07:00:00 - 27/01/2024 08:00:00","Belgium (BE)","394.83","337.45","337.45","338.10"
"27/01/2024 08:00:00 - 27/01/2024 09:00:00","Belgium (BE)","448.10","420.73","445.95","415.76"
"27/01/2024 09:00:00 - 27/01/2024 10:00:00","Belgium (BE)","496.58","514.80","521.03","493.70"
"27/01/2024 10:00:00 - 27/01/2024 11:00:00","Belgium (BE)","495.43","523.85","496.18","450.69"
"27/01/2024 11:00:00 - 27/01/2024 12:00:00","Belgium (BE)","303.90","312.23","301.13","232.04"
"27/01/2024 12:00:00 - 27/01/2024 13:00:00","Belgium (BE)","152.20","164.50","200.38","144.59"
"27/01/2024 13:00:00 - 27/01/2024 14:00:00","Belgium (BE)","104.33","117.28","129.70","131.37"
"27/01/2024 14:00:00 - 27/01/2024 15:00:00","Belgium (BE)","66.65","79.13","74.28","114.31"
"27/01/2024 15:00:00 - 27/01/2024 16:00:00","Belgium (BE)","43.00","52.80","41.05","59.01"
"27/01/2024 16:00:00 - 27/01/2024 17:00:00","Belgium (BE)","46.30","57.85","54.45","52.12"
"27/01/2024 17:00:00 - 27/01/2024 18:00:00","Belgium (BE)","86.25","92.53","80.70","73.45"
"27/01/2024 18:00:00 - 27/01/2024 19:00:00","Belgium (BE)","164.03","155.45","141.18","146.29"
"27/01/2024 19:00:00 - 27/01/2024 20:00:00","Belgium (BE)","266.43","255.38","229.15","244.96"
"27/01/2024 20:00:00 - 27/01/2024 21:00:00","Belgium (BE)","388.78","366.40","323.15","327.99"
"27/01/2024 21:00:00 - 27/01/2024 22:00:00","Belgium (BE)","497.50","444.85","395.48","370.70"
"27/01/2024 22:00:00 - 27/01/2024 23:00:00","Belgium (BE)","569.83","526.25","443.33","444.53"
"27/01/2024 23:00:00 - 28/01/2024 00:00:00","Belgium (BE)","594.93","610.65","483.10","576.69"
"28/01/2024 00:00:00 - 28/01/2024 01:00:00","Belgium (BE)","539.30","588.13","588.13","636.62"
"28/01/2024 01:00:00 - 28/01/2024 02:00:00","Belgium (BE)","619.43","724.90","724.90","664.56"
"28/01/2024 02:00:00 - 28/01/2024 03:00:00","Belgium (BE)","683.13","674.40","674.40","687.31"
"28/01/2024 03:00:00 - 28/01/2024 04:00:00","Belgium (BE)","724.63","670.45","670.45","702.54"
"28/01/2024 04:00:00 - 28/01/2024 05:00:00","Belgium (BE)","749.25","695.18","695.18","761.06"
"28/01/2024 05:00:00 - 28/01/2024 06:00:00","Belgium (BE)","787.18","780.63","780.63","796.21"
"28/01/2024 06:00:00 - 28/01/2024 07:00:00","Belgium (BE)","855.95","826.65","826.65","873.25"
"28/01/2024 07:00:00 - 28/01/2024 08:00:00","Belgium (BE)","909.60","872.93","872.93","931.04"
"28/01/2024 08:00:00 - 28/01/2024 09:00:00","Belgium (BE)","936.13","930.58","956.55","928.77"
"28/01/2024 09:00:00 - 28/01/2024 10:00:00","Belgium (BE)","922.43","945.18","981.45","950.29"
"28/01/2024 10:00:00 - 28/01/2024 11:00:00","Belgium (BE)","906.40","956.43","970.85","933.46"
"28/01/2024 11:00:00 - 28/01/2024 12:00:00","Belgium (BE)","949.28","1008.63","975.05","761.13"
"28/01/2024 12:00:00 - 28/01/2024 13:00:00","Belgium (BE)","903.73","985.48","893.55","588.68"
"28/01/2024 13:00:00 - 28/01/2024 14:00:00","Belgium (BE)","864.53","950.88","715.48","491.16"
"28/01/2024 14:00:00 - 28/01/2024 15:00:00","Belgium (BE)","944.68","981.10","726.00","542.52"
"28/01/2024 15:00:00 - 28/01/2024 16:00:00","Belgium (BE)","999.95","1016.08","812.60","602.19"
"28/01/2024 16:00:00 - 28/01/2024 17:00:00","Belgium (BE)","1046.53","1033.35","878.28","661.18"
"28/01/2024 17:00:00 - 28/01/2024 18:00:00","Belgium (BE)","1151.28","1083.85","919.03","828.86"
"28/01/2024 18:00:00 - 28/01/2024 19:00:00","Belgium (BE)","1234.43","1166.03","994.05","1032.18"
"28/01/2024 19:00:00 - 28/01/2024 20:00:00","Belgium (BE)","1242.00","1214.18","1096.08","1222.85"
"28/01/2024 20:00:00 - 28/01/2024 21:00:00","Belgium (BE)","1252.48","1233.15","1178.03","1348.58"
"28/01/2024 21:00:00 - 28/01/2024 22:00:00","Belgium (BE)","1270.08","1252.90","1193.68","1358.01"
"28/01/2024 22:00:00 - 28/01/2024 23:00:00","Belgium (BE)","1272.13","1264.08","1190.13","1304.02"
"28/01/2024 23:00:00 - 29/01/2024 00:00:00","Belgium (BE)","1254.88","1255.53","1173.20","1359.96"
"29/01/2024 00:00:00 - 29/01/2024 01:00:00","Belgium (BE)","1148.78","1167.58","1167.58","1285.14"
"29/01/2024 01:00:00 - 29/01/2024 02:00:00","Belgium (BE)","1122.10","1183.00","1183.00","1247.78"
"29/01/2024 02:00:00 - 29/01/2024 03:00:00","Belgium (BE)","1098.08","1112.85","1112.85","1233.30"
"29/01/2024 03:00:00 - 29/01/2024 04:00:00","Belgium (BE)","1066.50","1071.48","1071.48","1184.58"
"29/01/2024 04:00:00 - 29/01/2024 05:00:00","Belgium (BE)","1018.85","1026.80","1026.80","1122.46"
"29/01/2024 05:00:00 - 29/01/2024 06:00:00","Belgium (BE)","958.95","982.73","982.73","997.14"
"29/01/2024 06:00:00 - 29/01/2024 07:00:00","Belgium (BE)","899.23","901.93","901.93","956.87"
"29/01/2024 07:00:00 - 29/01/2024 08:00:00","Belgium (BE)","866.08","867.40","867.40","930.79"
"29/01/2024 08:00:00 - 29/01/2024 09:00:00","Belgium (BE)","855.75","864.63","913.20","942.01"
"29/01/2024 09:00:00 - 29/01/2024 10:00:00","Belgium (BE)","804.88","814.63","861.08","860.31"
"29/01/2024 10:00:00 - 29/01/2024 11:00:00","Belgium (BE)","742.55","767.33","828.45","690.64"
"29/01/2024 11:00:00 - 29/01/2024 12:00:00","Belgium (BE)","575.85","596.75","669.58","499.10"
"29/01/2024 12:00:00 - 29/01/2024 13:00:00","Belgium (BE)","423.18","440.33","441.15","382.75"
"29/01/2024 13:00:00 - 29/01/2024 14:00:00","Belgium (BE)","362.48","400.88","412.70","374.49"
"29/01/2024 14:00:00 - 29/01/2024 15:00:00","Belgium (BE)","306.10","371.50","387.40","434.17"
"29/01/2024 15:00:00 - 29/01/2024 16:00:00","Belgium (BE)","273.15","374.68","388.98","438.32"
"29/01/2024 16:00:00 - 29/01/2024 17:00:00","Belgium (BE)","305.18","440.70","493.78","447.60"
"29/01/2024 17:00:00 - 29/01/2024 18:00:00","Belgium (BE)","404.55","565.10","604.33","546.16"
"29/01/2024 18:00:00 - 29/01/2024 19:00:00","Belgium (BE)","526.00","699.65","715.78","752.43"
"29/01/2024 19:00:00 - 29/01/2024 20:00:00","Belgium (BE)","608.08","797.68","802.75","918.04"
"29/01/2024 20:00:00 - 29/01/2024 21:00:00","Belgium (BE)","660.08","863.03","904.58","1050.09"
"29/01/2024 21:00:00 - 29/01/2024 22:00:00","Belgium (BE)","705.53","904.10","960.03","1142.95"
"29/01/2024 22:00:00 - 29/01/2024 23:00:00","Belgium (BE)","734.68","936.93","999.35","1163.15"
"29/01/2024 23:00:00 - 30/01/2024 00:00:00","Belgium (BE)","768.03","968.50","1030.28","1146.26"
"30/01/2024 00:00:00 - 30/01/2024 01:00:00","Belgium (BE)","1051.83","1099.78","1099.78","1222.53"
"30/01/2024 01:00:00 - 30/01/2024 02:00:00","Belgium (BE)","1047.58","1125.20","1125.20","1176.86"
"30/01/2024 02:00:00 - 30/01/2024 03:00:00","Belgium (BE)","1018.35","1129.43","1129.43","1187.58"
"30/01/2024 03:00:00 - 30/01/2024 04:00:00","Belgium (BE)","1013.40","1074.25","1074.25","1178.33"
"30/01/2024 04:00:00 - 30/01/2024 05:00:00","Belgium (BE)","1028.00","1073.63","1073.63","1161.84"
"30/01/2024 05:00:00 - 30/01/2024 06:00:00","Belgium (BE)","1037.38","1093.05","1093.05","1159.89"
"30/01/2024 06:00:00 - 30/01/2024 07:00:00","Belgium (BE)","1036.33","1103.60","1103.60","1212.36"
"30/01/2024 07:00:00 - 30/01/2024 08:00:00","Belgium (BE)","1034.13","1146.30","1146.30","1207.88"
"30/01/2024 08:00:00 - 30/01/2024 09:00:00","Belgium (BE)","1044.60","1184.98","1174.38","1135.09"
"30/01/2024 09:00:00 - 30/01/2024 10:00:00","Belgium (BE)","1035.03","1225.28","1149.30","1130.43"
"30/01/2024 10:00:00 - 30/01/2024 11:00:00","Belgium (BE)","1024.73","1254.23","1149.08","1182.86"
"30/01/2024 11:00:00 - 30/01/2024 12:00:00","Belgium (BE)","1010.40","1290.33","1189.95","1280.14"
"30/01/2024 12:00:00 - 30/01/2024 13:00:00","Belgium (BE)","1014.85","1287.40","1179.98","1353.01"
"30/01/2024 13:00:00 - 30/01/2024 14:00:00","Belgium (BE)","1010.50","1227.50","1162.38","1397.37"
"30/01/2024 14:00:00 - 30/01/2024 15:00:00","Belgium (BE)","945.68","1136.53","1118.58","1308.61"
"30/01/2024 15:00:00 - 30/01/2024 16:00:00","Belgium (BE)","856.45","941.83","1054.73","1170.86"
"30/01/2024 16:00:00 - 30/01/2024 17:00:00","Belgium (BE)","750.78","734.20","857.38","913.81"
"30/01/2024 17:00:00 - 30/01/2024 18:00:00","Belgium (BE)","644.60","582.30","708.05","715.66"
"30/01/2024 18:00:00 - 30/01/2024 19:00:00","Belgium (BE)","532.53","466.30","592.05","570.11"
"30/01/2024 19:00:00 - 30/01/2024 20:00:00","Belgium (BE)","425.98","370.65","489.80","401.90"
"30/01/2024 20:00:00 - 30/01/2024 21:00:00","Belgium (BE)","335.50","285.10","396.55","259.77"
"30/01/2024 21:00:00 - 30/01/2024 22:00:00","Belgium (BE)","251.13","214.85","308.78","165.28"
"30/01/2024 22:00:00 - 30/01/2024 23:00:00","Belgium (BE)","180.43","147.80","232.68","136.12"
"30/01/2024 23:00:00 - 31/01/2024 00:00:00","Belgium (BE)","128.70","100.35","164.68","110.77"
"31/01/2024 00:00:00 - 31/01/2024 01:00:00","Belgium (BE)","114.05","92.20","92.20","63.97"
"31/01/2024 01:00:00 - 31/01/2024 02:00:00","Belgium (BE)","80.60","59.43","59.43","36.32"
"31/01/2024 02:00:00 - 31/01/2024 03:00:00","Belgium (BE)","52.40","36.65","36.65","28.76"
"31/01/2024 03:00:00 - 31/01/2024 04:00:00","Belgium (BE)","20.58","13.45","13.45","11.41"
"31/01/2024 04:00:00 - 31/01/2024 05:00:00","Belgium (BE)","9.28","14.13","14.13","7.70"
"31/01/2024 05:00:00 - 31/01/2024 06:00:00","Belgium (BE)","26.55","44.80","44.80","18.93"
"31/01/2024 06:00:00 - 31/01/2024 07:00:00","Belgium (BE)","86.93","90.93","90.93","55.16"
"31/01/2024 07:00:00 - 31/01/2024 08:00:00","Belgium (BE)","146.75","160.58","160.58","132.83"
"31/01/2024 08:00:00 - 31/01/2024 09:00:00","Belgium (BE)","183.48","237.60","266.83","192.54"
"31/01/2024 09:00:00 - 31/01/2024 10:00:00","Belgium (BE)","231.58","292.45","303.30","260.03"
"31/01/2024 10:00:00 - 31/01/2024 11:00:00","Belgium (BE)","275.70","289.95","302.93","347.90"
"31/01/2024 11:00:00 - 31/01/2024 12:00:00","Belgium (BE)","310.10","272.75","294.55","458.43"
"31/01/2024 12:00:00 - 31/01/2024 13:00:00","Belgium (BE)","396.98","366.43","367.55","677.43"
"31/01/2024 13:00:00 - 31/01/2024 14:00:00","Belgium (BE)","514.20","563.43","638.83","919.47"
"31/01/2024 14:00:00 - 31/01/2024 15:00:00","Belgium (BE)","656.13","746.25","851.05","1060.76"
"31/01/2024 15:00:00 - 31/01/2024 16:00:00","Belgium (BE)","785.63","843.28","895.23","1004.89"
"31/01/2024 16:00:00 - 31/01/2024 17:00:00","Belgium (BE)","852.10","839.85","865.83","953.28"
"31/01/2024 17:00:00 - 31/01/2024 18:00:00","Belgium (BE)","911.38","863.88","869.10","1008.50"
"31/01/2024 18:00:00 - 31/01/2024 19:00:00","Belgium (BE)","1045.18","1014.53","1046.63","1115.48"
"31/01/2024 19:00:00 - 31/01/2024 20:00:00","Belgium (BE)","1206.60","1199.00","1255.88","1315.77"
"31/01/2024 20:00:00 - 31/01/2024 21:00:00","Belgium (BE)","1327.58","1342.90","1360.73","1494.71"
"31/01/2024 21:00:00 - 31/01/2024 22:00:00","Belgium (BE)","1414.05","1438.53","1431.38","1646.45"
"31/01/2024 22:00:00 - 31/01/2024 23:00:00","Belgium (BE)","1475.15","1505.45","1503.43","1743.42"
"31/01/2024 23:00:00 - 01/02/2024 00:00:00","Belgium (BE)","1506.98","1562.05","1582.78","1825.34"
"01/02/2024 00:00:00 - 01/02/2024 01:00:00","Belgium (BE)","1606.50","1759.60","1759.60","1809.60"
"01/02/2024 01:00:00 - 01/02/2024 02:00:00","Belgium (BE)","1553.35","1714.98","1714.98","1626.98"
"01/02/2024 02:00:00 - 01/02/2024 03:00:00","Belgium (BE)","1457.20","1541.95","1541.95","1380.70"
"01/02/2024 03:00:00 - 01/02/2024 04:00:00","Belgium (BE)","1321.03","1333.33","1333.33","1297.77"
"01/02/2024 04:00:00 - 01/02/2024 05:00:00","Belgium (BE)","1121.05","1070.73","1070.73","1143.69"
"01/02/2024 05:00:00 - 01/02/2024 06:00:00","Belgium (BE)","859.33","801.10","801.10","859.13"
"01/02/2024 06:00:00 - 01/02/2024 07:00:00","Belgium (BE)","623.05","598.78","598.78","569.21"
"01/02/2024 07:00:00 - 01/02/2024 08:00:00","Belgium (BE)","494.58","440.43","440.43","478.16"
"01/02/2024 08:00:00 - 01/02/2024 09:00:00","Belgium (BE)","421.88","372.55","353.95","345.89"
"01/02/2024 09:00:00 - 01/02/2024 10:00:00","Belgium (BE)","351.68","299.70","325.08","271.43"
"01/02/2024 10:00:00 - 01/02/2024 11:00:00","Belgium (BE)","264.85","213.60","222.48","194.81"
"01/02/2024 11:00:00 - 01/02/2024 12:00:00","Belgium (BE)","213.60","176.00","174.18","138.62"
"01/02/2024 12:00:00 - 01/02/2024 13:00:00","Belgium (BE)","210.55","176.78","167.63","120.49"
"01/02/2024 13:00:00 - 01/02/2024 14:00:00","Belgium (BE)","205.55","173.93","144.93","114.37"
"01/02/2024 14:00:00 - 01/02/2024 15:00:00","Belgium (BE)","202.48","168.33","166.40","120.97"
"01/02/2024 15:00:00 - 01/02/2024 16:00:00","Belgium (BE)","197.25","175.25","172.15","103.87"
"01/02/2024 16:00:00 - 01/02/2024 17:00:00","Belgium (BE)","174.55","173.18","178.90","108.35"
"01/02/2024 17:00:00 - 01/02/2024 18:00:00","Belgium (BE)","172.60","181.63","164.50","124.09"
"01/02/2024 18:00:00 - 01/02/2024 19:00:00","Belgium (BE)","203.10","224.33","171.03","151.83"
"01/02/2024 19:00:00 - 01/02/2024 20:00:00","Belgium (BE)","225.98","265.13","203.83","196.66"
"01/02/2024 20:00:00 - 01/02/2024 21:00:00","Belgium (BE)","246.70","290.03","253.18","269.26"
"01/02/2024 21:00:00 - 01/02/2024 22:00:00","Belgium (BE)","279.00","325.73","311.28","339.24"
"01/02/2024 22:00:00 - 01/02/2024 23:00:00","Belgium (BE)","312.38","388.53","373.28","376.23"
"01/02/2024 23:00:00 - 02/02/2024 00:00:00","Belgium (BE)","333.48","474.30","422.63","510.52"
"02/02/2024 00:00:00 - 02/02/2024 01:00:00","Belgium (BE)","491.90","552.65","552.65","679.94"
"02/02/2024 01:00:00 - 02/02/2024 02:00:00","Belgium (BE)","588.85","606.40","606.40","863.45"
"02/02/2024 02:00:00 - 02/02/2024 03:00:00","Belgium (BE)","671.23","813.63","813.63","957.40"
"02/02/2024 03:00:00 - 02/02/2024 04:00:00","Belgium (BE)","741.65","939.25","939.25","1025.01"
"02/02/2024 04:00:00 - 02/02/2024 05:00:00","Belgium (BE)","842.30","1042.18","1042.18","1119.15"
"02/02/2024 05:00:00 - 02/02/2024 06:00:00","Belgium (BE)","945.53","1134.33","1134.33","1178.51"
"02/02/2024 06:00:00 - 02/02/2024 07:00:00","Belgium (BE)","1034.00","1180.65","1180.65","1239.36"
"02/02/2024 07:00:00 - 02/02/2024 08:00:00","Belgium (BE)","1110.13","1219.00","1219.00","1385.67"
"02/02/2024 08:00:00 - 02/02/2024 09:00:00","Belgium (BE)","1158.18","1229.05","1246.55","1395.43"
"02/02/2024 09:00:00 - 02/02/2024 10:00:00","Belgium (BE)","1206.65","1270.08","1318.75","1347.92"
"02/02/2024 10:00:00 - 02/02/2024 11:00:00","Belgium (BE)","1199.25","1247.65","1326.63","1344.07"
"02/02/2024 11:00:00 - 02/02/2024 12:00:00","Belgium (BE)","1139.75","1167.88","1253.43","1355.06"
"02/02/2024 12:00:00 - 02/02/2024 13:00:00","Belgium (BE)","1141.15","1140.33","1256.50","1385.35"
"02/02/2024 13:00:00 - 02/02/2024 14:00:00","Belgium (BE)","1189.15","1184.35","1304.30","1449.20"
"02/02/2024 14:00:00 - 02/02/2024 15:00:00","Belgium (BE)","1213.45","1225.73","1325.30","1496.82"
"02/02/2024 15:00:00 - 02/02/2024 16:00:00","Belgium (BE)","1177.48","1169.70","1305.35","1485.31"
"02/02/2024 16:00:00 - 02/02/2024 17:00:00","Belgium (BE)","1137.70","1145.53","1351.30","1523.04"
"02/02/2024 17:00:00 - 02/02/2024 18:00:00","Belgium (BE)","1140.15","1171.90","1412.93","1588.89"
"02/02/2024 18:00:00 - 02/02/2024 19:00:00","Belgium (BE)","1163.50","1186.20","1421.60","1723.20"
"02/02/2024 19:00:00 - 02/02/2024 20:00:00","Belgium (BE)","1180.13","1183.93","1390.55","1727.28"
"02/02/2024 20:00:00 - 02/02/2024 21:00:00","Belgium (BE)","1168.38","1154.13","1352.58","1675.43"
"02/02/2024 21:00:00 - 02/02/2024 22:00:00","Belgium (BE)","1147.90","1126.20","1227.83","1560.34"
"02/02/2024 22:00:00 - 02/02/2024 23:00:00","Belgium (BE)","1145.48","1130.55","1127.53","1414.97"
"02/02/2024 23:00:00 - 03/02/2024 00:00:00","Belgium (BE)","1149.43","1131.03","1071.60","1252.08"
"03/02/2024 00:00:00 - 03/02/2024 01:00:00","Belgium (BE)","1037.75","1173.78","1173.78","1083.22"
"03/02/2024 01:00:00 - 03/02/2024 02:00:00","Belgium (BE)","1032.20","1126.95","1126.95","1001.83"
"03/02/2024 02:00:00 - 03/02/2024 03:00:00","Belgium (BE)","1029.65","1091.48","1091.48","987.17"
"03/02/2024 03:00:00 - 03/02/2024 04:00:00","Belgium (BE)","1038.00","1041.23","1041.23","992.34"
"03/02/2024 04:00:00 - 03/02/2024 05:00:00","Belgium (BE)","1042.23","1017.95","1017.95","1002.34"
"03/02/2024 05:00:00 - 03/02/2024 06:00:00","Belgium (BE)","1032.93","998.75","998.75","1018.80"
"03/02/2024 06:00:00 - 03/02/2024 07:00:00","Belgium (BE)","1025.50","1008.65","1008.65","1046.91"
"03/02/2024 07:00:00 - 03/02/2024 08:00:00","Belgium (BE)","1033.60","1013.65","1013.65","1067.07"
"03/02/2024 08:00:00 - 03/02/2024 09:00:00","Belgium (BE)","1047.50","1033.40","1025.65","1045.73"
"03/02/2024 09:00:00 - 03/02/2024 10:00:00","Belgium (BE)","1052.20","1065.10","1043.13","1042.90"
"03/02/2024 10:00:00 - 03/02/2024 11:00:00","Belgium (BE)","1047.50","1108.10","1043.73","962.82"
"03/02/2024 11:00:00 - 03/02/2024 12:00:00","Belgium (BE)","1044.13","1168.78","1067.63","913.38"
"03/02/2024 12:00:00 - 03/02/2024 13:00:00","Belgium (BE)","1085.35","1231.15","1102.83","993.75"
"03/02/2024 13:00:00 - 03/02/2024 14:00:00","Belgium (BE)","1102.25","1262.25","1140.70","1191.32"
"03/02/2024 14:00:00 - 03/02/2024 15:00:00","Belgium (BE)","1042.08","1220.45","1174.00","1247.50"
"03/02/2024 15:00:00 - 03/02/2024 16:00:00","Belgium (BE)","976.48","1154.60","1189.45","1150.37"
"03/02/2024 16:00:00 - 03/02/2024 17:00:00","Belgium (BE)","949.58","1111.23","1157.23","1038.27"
"03/02/2024 17:00:00 - 03/02/2024 18:00:00","Belgium (BE)","981.90","1084.80","1065.88","1050.52"
"03/02/2024 18:00:00 - 03/02/2024 19:00:00","Belgium (BE)","1066.28","1103.90","1036.65","1036.84"
"03/02/2024 19:00:00 - 03/02/2024 20:00:00","Belgium (BE)","1181.98","1160.98","1105.53","1125.72"
"03/02/2024 20:00:00 - 03/02/2024 21:00:00","Belgium (BE)","1270.53","1213.83","1180.13","1238.31"
"03/02/2024 21:00:00 - 03/02/2024 22:00:00","Belgium (BE)","1317.38","1240.23","1269.70","1261.96"
"03/02/2024 22:00:00 - 03/02/2024 23:00:00","Belgium (BE)","1364.50","1273.05","1344.38","1348.45"
"03/02/2024 23:00:00 - 04/02/2024 00:00:00","Belgium (BE)","1408.20","1305.00","1380.20","1438.64"
"04/02/2024 00:00:00 - 04/02/2024 01:00:00","Belgium (BE)","1409.73","1485.85","1485.85","1508.14"
"04/02/2024 01:00:00 - 04/02/2024 02:00:00","Belgium (BE)","1410.38","1509.88","1509.88","1618.01"
"04/02/2024 02:00:00 - 04/02/2024 03:00:00","Belgium (BE)","1311.28","1497.80","1497.80","1513.51"
"04/02/2024 03:00:00 - 04/02/2024 04:00:00","Belgium (BE)","1203.20","1367.25","1367.25","1413.09"
"04/02/2024 04:00:00 - 04/02/2024 05:00:00","Belgium (BE)","1174.55","1267.33","1267.33","1255.48"
"04/02/2024 05:00:00 - 04/02/2024 06:00:00","Belgium (BE)","1162.65","1234.75","1234.75","1321.41"
"04/02/2024 06:00:00 - 04/02/2024 07:00:00","Belgium (BE)","1179.35","1227.53","1227.53","1327.12"
"04/02/2024 07:00:00 - 04/02/2024 08:00:00","Belgium (BE)","1295.35","1358.53","1358.53","1418.98"
"04/02/2024 08:00:00 - 04/02/2024 09:00:00","Belgium (BE)","1469.05","1485.70","1432.53","1472.17"
"04/02/2024 09:00:00 - 04/02/2024 10:00:00","Belgium (BE)","1620.45","1571.33","1536.23","1653.48"
"04/02/2024 10:00:00 - 04/02/2024 11:00:00","Belgium (BE)","1742.28","1639.95","1572.65","1746.32"
"04/02/2024 11:00:00 - 04/02/2024 12:00:00","Belgium (BE)","1797.03","1723.90","1640.53","1904.05"
"04/02/2024 12:00:00 - 04/02/2024 13:00:00","Belgium (BE)","1800.03","1790.15","1721.78","1973.44"
"04/02/2024 13:00:00 - 04/02/2024 14:00:00","Belgium (BE)","1833.75","1801.70","1841.63","1994.90"
"04/02/2024 14:00:00 - 04/02/2024 15:00:00","Belgium (BE)","1873.98","1765.80","1859.85","1924.41"
"04/02/2024 15:00:00 - 04/02/2024 16:00:00","Belgium (BE)","1885.38","1742.35","1813.53","1872.47"
"04/02/2024 16:00:00 - 04/02/2024 17:00:00","Belgium (BE)","1901.68","1798.68","1722.60","1927.67"
"04/02/2024 17:00:00 - 04/02/2024 18:00:00","Belgium (BE)","1956.33","1898.98","1756.85","2007.57"
"04/02/2024 18:00:00 - 04/02/2024 19:00:00","Belgium (BE)","2010.63","1972.10","1874.35","2131.85"
"04/02/2024 19:00:00 - 04/02/2024 20:00:00","Belgium (BE)","2023.53","2011.75","1990.18","2137.61"
"04/02/2024 20:00:00 - 04/02/2024 21:00:00","Belgium (BE)","2000.28","2014.88","2039.10","2098.40"
"04/02/2024 21:00:00 - 04/02/2024 22:00:00","Belgium (BE)","1965.78","1979.83","2004.68","2053.75"
"04/02/2024 22:00:00 - 04/02/2024 23:00:00","Belgium (BE)","1930.43","1924.38","1929.45","2010.62"
"04/02/2024 23:00:00 - 05/02/2024 00:00:00","Belgium (BE)","1881.65","1865.85","1841.73","1907.02"
"05/02/2024 00:00:00 - 05/02/2024 01:00:00","Belgium (BE)","1743.83","1778.53","1778.53","1842.67"
"05/02/2024 01:00:00 - 05/02/2024 02:00:00","Belgium (BE)","1671.68","1716.05","1716.05","1772.16"
"05/02/2024 02:00:00 - 05/02/2024 03:00:00","Belgium (BE)","1624.13","1657.98","1657.98","1668.04"
"05/02/2024 03:00:00 - 05/02/2024 04:00:00","Belgium (BE)","1603.63","1576.93","1576.93","1670.45"
"05/02/2024 04:00:00 - 05/02/2024 05:00:00","Belgium (BE)","1601.73","1514.70","1514.70","1696.04"
"05/02/2024 05:00:00 - 05/02/2024 06:00:00","Belgium (BE)","1616.05","1512.10","1512.10","1817.98"
"05/02/2024 06:00:00 - 05/02/2024 07:00:00","Belgium (BE)","1629.58","1563.58","1563.58","1848.88"
"05/02/2024 07:00:00 - 05/02/2024 08:00:00","Belgium (BE)","1648.40","1709.55","1709.55","1980.13"
"05/02/2024 08:00:00 - 05/02/2024 09:00:00","Belgium (BE)","1669.88","1722.48","1764.75","1986.14"
"05/02/2024 09:00:00 - 05/02/2024 10:00:00","Belgium (BE)","1692.68","1758.73","1852.50","2045.57"
"05/02/2024 10:00:00 - 05/02/2024 11:00:00","Belgium (BE)","1778.33","1833.33","1916.53","2052.78"
"05/02/2024 11:00:00 - 05/02/2024 12:00:00","Belgium (BE)","1829.40","1850.65","1934.35","2097.35"
"05/02/2024 12:00:00 - 05/02/2024 13:00:00","Belgium (BE)","1835.38","1860.48","1949.30","2120.81"
"05/02/2024 13:00:00 - 05/02/2024 14:00:00","Belgium (BE)","1863.28","1875.08","1968.55","2125.02"
"05/02/2024 14:00:00 - 05/02/2024 15:00:00","Belgium (BE)","1866.80","1866.43","1948.28","2140.99"
"05/02/2024 15:00:00 - 05/02/2024 16:00:00","Belgium (BE)","1840.88","1847.58","1902.70","2136.32"
"05/02/2024 16:00:00 - 05/02/2024 17:00:00","Belgium (BE)","1795.58","1821.40","1853.63","2098.63"
"05/02/2024 17:00:00 - 05/02/2024 18:00:00","Belgium (BE)","1794.05","1811.98","1856.85","2120.96"
"05/02/2024 18:00:00 - 05/02/2024 19:00:00","Belgium (BE)","1833.15","1825.48","1896.15","2117.33"
"05/02/2024 19:00:00 - 05/02/2024 20:00:00","Belgium (BE)","1840.18","1823.15","1901.63","2047.11"
"05/02/2024 20:00:00 - 05/02/2024 21:00:00","Belgium (BE)","1794.58","1785.23","1866.13","1989.31"
"05/02/2024 21:00:00 - 05/02/2024 22:00:00","Belgium (BE)","1760.85","1734.48","1785.05","1906.92"
"05/02/2024 22:00:00 - 05/02/2024 23:00:00","Belgium (BE)","1742.50","1695.48","1733.90","1808.55"
"05/02/2024 23:00:00 - 06/02/2024 00:00:00","Belgium (BE)","1722.55","1691.58","1726.28","1858.02"
"06/02/2024 00:00:00 - 06/02/2024 01:00:00","Belgium (BE)","1740.38","1796.15","1796.15","1935.69"
"06/02/2024 01:00:00 - 06/02/2024 02:00:00","Belgium (BE)","1773.70","1840.78","1840.78","1878.05"
"06/02/2024 02:00:00 - 06/02/2024 03:00:00","Belgium (BE)","1798.60","1887.65","1887.65","1930.29"
"06/02/2024 03:00:00 - 06/02/2024 04:00:00","Belgium (BE)","1817.25","1857.00","1857.00","1999.98"
"06/02/2024 04:00:00 - 06/02/2024 05:00:00","Belgium (BE)","1825.55","1921.73","1921.73","2023.07"
"06/02/2024 05:00:00 - 06/02/2024 06:00:00","Belgium (BE)","1850.73","1953.65","1953.65","2033.33"
"06/02/2024 06:00:00 - 06/02/2024 07:00:00","Belgium (BE)","1888.98","1978.43","1978.43","2048.56"
"06/02/2024 07:00:00 - 06/02/2024 08:00:00","Belgium (BE)","1933.55","1992.70","1992.70","2098.76"
"06/02/2024 08:00:00 - 06/02/2024 09:00:00","Belgium (BE)","1971.73","2005.60","2000.90","2146.94"
"06/02/2024 09:00:00 - 06/02/2024 10:00:00","Belgium (BE)","2007.28","2034.28","2037.83","2174.83"
"06/02/2024 10:00:00 - 06/02/2024 11:00:00","Belgium (BE)","2036.25","2072.58","2115.88","2172.54"
"06/02/2024 11:00:00 - 06/02/2024 12:00:00","Belgium (BE)","2054.60","2095.83","2139.60","2208.66"
"06/02/2024 12:00:00 - 06/02/2024 13:00:00","Belgium (BE)","2087.13","2113.50","2094.50","2261.39"
"06/02/2024 13:00:00 - 06/02/2024 14:00:00","Belgium (BE)","2118.05","2126.95","2110.68","2264.98"
"06/02/2024 14:00:00 - 06/02/2024 15:00:00","Belgium (BE)","2127.33","2125.48","2116.38","2287.74"
"06/02/2024 15:00:00 - 06/02/2024 16:00:00","Belgium (BE)","2127.95","2128.88","2099.95","2294.71"
"06/02/2024 16:00:00 - 06/02/2024 17:00:00","Belgium (BE)","2124.60","2132.00","2086.40","2265.48"
"06/02/2024 17:00:00 - 06/02/2024 18:00:00","Belgium (BE)","2111.48","2117.95","2094.05","2251.55"
"06/02/2024 18:00:00 - 06/02/2024 19:00:00","Belgium (BE)","2090.43","2117.13","2093.70","2252.81"
"06/02/2024 19:00:00 - 06/02/2024 20:00:00","Belgium (BE)","2079.20","2130.73","2088.33","2218.25"
"06/02/2024 20:00:00 - 06/02/2024 21:00:00","Belgium (BE)","2095.20","2151.25","2098.15","2332.36"
"06/02/2024 21:00:00 - 06/02/2024 22:00:00","Belgium (BE)","2123.18","2173.53","2136.10","2331.27"
"06/02/2024 22:00:00 - 06/02/2024 23:00:00","Belgium (BE)","2144.98","2179.55","2161.10","2297.93"
"06/02/2024 23:00:00 - 07/02/2024 00:00:00","Belgium (BE)","2160.45","2176.15","2171.23","2327.30"
"07/02/2024 00:00:00 - 07/02/2024 01:00:00","Belgium (BE)","2171.90","2179.95","2179.95","2322.32"
"07/02/2024 01:00:00 - 07/02/2024 02:00:00","Belgium (BE)","2161.58","2190.98","2190.98","2300.65"
"07/02/2024 02:00:00 - 07/02/2024 03:00:00","Belgium (BE)","2117.18","2163.13","2163.13","2235.12"
"07/02/2024 03:00:00 - 07/02/2024 04:00:00","Belgium (BE)","1962.53","2074.15","2074.15","1775.74"
"07/02/2024 04:00:00 - 07/02/2024 05:00:00","Belgium (BE)","1733.50","1788.00","1788.00","1722.42"
"07/02/2024 05:00:00 - 07/02/2024 06:00:00","Belgium (BE)","1506.88","1378.03","1378.03","1504.87"
"07/02/2024 06:00:00 - 07/02/2024 07:00:00","Belgium (BE)","1255.85","1249.45","1249.45","1142.89"
"07/02/2024 07:00:00 - 07/02/2024 08:00:00","Belgium (BE)","1039.30","1181.35","1181.35","762.95"
"07/02/2024 08:00:00 - 07/02/2024 09:00:00","Belgium (BE)","800.15","984.55","927.98","495.11"
"07/02/2024 09:00:00 - 07/02/2024 10:00:00","Belgium (BE)","582.93","758.60","552.18","382.97"
"07/02/2024 10:00:00 - 07/02/2024 11:00:00","Belgium (BE)","450.08","561.25","390.78","350.22"
"07/02/2024 11:00:00 - 07/02/2024 12:00:00","Belgium (BE)","372.73","403.55","313.63","396.88"
"07/02/2024 12:00:00 - 07/02/2024 13:00:00","Belgium (BE)","315.30","304.55","258.55","333.37"
"07/02/2024 13:00:00 - 07/02/2024 14:00:00","Belgium (BE)","282.30","248.33","267.05","251.69"
"07/02/2024 14:00:00 - 07/02/2024 15:00:00","Belgium (BE)","276.55","214.55","264.83","239.50"
"07/02/2024 15:00:00 - 07/02/2024 16:00:00","Belgium (BE)","282.18","182.95","235.48","238.07"
"07/02/2024 16:00:00 - 07/02/2024 17:00:00","Belgium (BE)","276.23","158.23","233.08","255.95"
"07/02/2024 17:00:00 - 07/02/2024 18:00:00","Belgium (BE)","263.70","136.03","255.70","266.88"
"07/02/2024 18:00:00 - 07/02/2024 19:00:00","Belgium (BE)","237.60","126.38","287.00","235.43"
"07/02/2024 19:00:00 - 07/02/2024 20:00:00","Belgium (BE)","201.50","112.45","293.78","179.44"
"07/02/2024 20:00:00 - 07/02/2024 21:00:00","Belgium (BE)","167.00","91.48","247.68","147.10"
"07/02/2024 21:00:00 - 07/02/2024 22:00:00","Belgium (BE)","133.35","67.78","186.95","131.73"
"07/02/2024 22:00:00 - 07/02/2024 23:00:00","Belgium (BE)","101.70","52.58","141.98","108.79"
"07/02/2024 23:00:00 - 08/02/2024 00:00:00","Belgium (BE)","70.93","42.85","108.78","99.20"
"08/02/2024 00:00:00 - 08/02/2024 01:00:00","Belgium (BE)","80.73","91.78","91.78","72.58"
"08/02/2024 01:00:00 - 08/02/2024 02:00:00","Belgium (BE)","67.88","91.93","91.93","50.57"
"08/02/2024 02:00:00 - 08/02/2024 03:00:00","Belgium (BE)","66.90","96.93","96.93","63.94"
"08/02/2024 03:00:00 - 08/02/2024 04:00:00","Belgium (BE)","72.63","104.00","104.00","64.32"
"08/02/2024 04:00:00 - 08/02/2024 05:00:00","Belgium (BE)","84.00","120.35","120.35","70.42"
"08/02/2024 05:00:00 - 08/02/2024 06:00:00","Belgium (BE)","116.55","149.03","149.03","80.29"
"08/02/2024 06:00:00 - 08/02/2024 07:00:00","Belgium (BE)","172.48","189.95","189.95","110.61"
"08/02/2024 07:00:00 - 08/02/2024 08:00:00","Belgium (BE)","242.95","243.90","243.90","163.07"
"08/02/2024 08:00:00 - 08/02/2024 09:00:00","Belgium (BE)","329.93","348.48","324.70","262.34"
"08/02/2024 09:00:00 - 08/02/2024 10:00:00","Belgium (BE)","485.85","519.48","444.60","367.38"
"08/02/2024 10:00:00 - 08/02/2024 11:00:00","Belgium (BE)","683.78","703.43","573.45","501.21"
"08/02/2024 11:00:00 - 08/02/2024 12:00:00","Belgium (BE)","810.98","814.33","714.93","652.64"
"08/02/2024 12:00:00 - 08/02/2024 13:00:00","Belgium (BE)","832.00","861.48","807.70","767.21"
"08/02/2024 13:00:00 - 08/02/2024 14:00:00","Belgium (BE)","887.48","947.70","936.18","921.13"
"08/02/2024 14:00:00 - 08/02/2024 15:00:00","Belgium (BE)","1068.63","1143.55","1072.60","1266.61"
"08/02/2024 15:00:00 - 08/02/2024 16:00:00","Belgium (BE)","1273.28","1401.55","1294.18","1657.03"
"08/02/2024 16:00:00 - 08/02/2024 17:00:00","Belgium (BE)","1401.48","1566.95","1548.25","1748.59"
"08/02/2024 17:00:00 - 08/02/2024 18:00:00","Belgium (BE)","1427.53","1571.98","1553.13","1808.16"
"08/02/2024 18:00:00 - 08/02/2024 19:00:00","Belgium (BE)","1398.03","1533.00","1478.45","1892.02"
"08/02/2024 19:00:00 - 08/02/2024 20:00:00","Belgium (BE)","1374.63","1481.45","1469.28","1792.44"
"08/02/2024 20:00:00 - 08/02/2024 21:00:00","Belgium (BE)","1364.58","1391.05","1475.00","1580.75"
"08/02/2024 21:00:00 - 08/02/2024 22:00:00","Belgium (BE)","1350.83","1289.00","1331.85","1298.37"
"08/02/2024 22:00:00 - 08/02/2024 23:00:00","Belgium (BE)","1321.03","1254.88","1239.63","1172.48"
"08/02/2024 23:00:00 - 09/02/2024 00:00:00","Belgium (BE)","1266.95","1250.23","1293.45","1259.48"
"09/02/2024 00:00:00 - 09/02/2024 01:00:00","Belgium (BE)","1396.90","1371.38","1371.38","1464.82"
"09/02/2024 01:00:00 - 09/02/2024 02:00:00","Belgium (BE)","1514.70","1464.43","1464.43","1569.35"
"09/02/2024 02:00:00 - 09/02/2024 03:00:00","Belgium (BE)","1643.78","1608.50","1608.50","1617.16"
"09/02/2024 03:00:00 - 09/02/2024 04:00:00","Belgium (BE)","1740.93","1763.70","1763.70","1782.16"
"09/02/2024 04:00:00 - 09/02/2024 05:00:00","Belgium (BE)","1797.83","1829.68","1829.68","1901.64"
"09/02/2024 05:00:00 - 09/02/2024 06:00:00","Belgium (BE)","1795.53","1844.40","1844.40","1938.97"
"09/02/2024 06:00:00 - 09/02/2024 07:00:00","Belgium (BE)","1775.13","1862.53","1862.53","1950.85"
"09/02/2024 07:00:00 - 09/02/2024 08:00:00","Belgium (BE)","1781.53","1887.10","1887.10","1997.42"
"09/02/2024 08:00:00 - 09/02/2024 09:00:00","Belgium (BE)","1784.18","1903.05","1907.58","1988.91"
"09/02/2024 09:00:00 - 09/02/2024 10:00:00","Belgium (BE)","1744.45","1870.75","1920.65","1912.37"
"09/02/2024 10:00:00 - 09/02/2024 11:00:00","Belgium (BE)","1671.05","1820.30","1839.20","1789.51"
"09/02/2024 11:00:00 - 09/02/2024 12:00:00","Belgium (BE)","1632.53","1786.00","1789.55","1682.25"
"09/02/2024 12:00:00 - 09/02/2024 13:00:00","Belgium (BE)","1624.90","1732.68","1708.68","1564.73"
"09/02/2024 13:00:00 - 09/02/2024 14:00:00","Belgium (BE)","1499.15","1566.90","1581.23","1391.49"
"09/02/2024 14:00:00 - 09/02/2024 15:00:00","Belgium (BE)","1260.30","1286.43","1294.38","1266.38"
"09/02/2024 15:00:00 - 09/02/2024 16:00:00","Belgium (BE)","1061.75","1004.40","975.88","1145.07"
"09/02/2024 16:00:00 - 09/02/2024 17:00:00","Belgium (BE)","967.65","854.75","827.85","872.40"
"09/02/2024 17:00:00 - 09/02/2024 18:00:00","Belgium (BE)","982.30","866.75","843.28","771.69"
"09/02/2024 18:00:00 - 09/02/2024 19:00:00","Belgium (BE)","1029.83","925.53","872.13","778.87"
"09/02/2024 19:00:00 - 09/02/2024 20:00:00","Belgium (BE)","1092.18","957.40","899.13","963.44"
"09/02/2024 20:00:00 - 09/02/2024 21:00:00","Belgium (BE)","1165.18","996.13","896.23","1062.91"
"09/02/2024 21:00:00 - 09/02/2024 22:00:00","Belgium (BE)","1178.60","1013.05","912.95","1098.45"
"09/02/2024 22:00:00 - 09/02/2024 23:00:00","Belgium (BE)","1106.03","992.65","928.60","1126.33"
"09/02/2024 23:00:00 - 10/02/2024 00:00:00","Belgium (BE)","988.35","944.85","922.18","1072.18"
"10/02/2024 00:00:00 - 10/02/2024 01:00:00","Belgium (BE)","880.53","1011.95","1011.95","985.48"
"10/02/2024 01:00:00 - 10/02/2024 02:00:00","Belgium (BE)","785.60","933.25","933.25","904.03"
"10/02/2024 02:00:00 - 10/02/2024 03:00:00","Belgium (BE)","672.63","821.98","821.98","815.64"
"10/02/2024 03:00:00 - 10/02/2024 04:00:00","Belgium (BE)","568.85","707.75","707.75","714.64"
"10/02/2024 04:00:00 - 10/02/2024 05:00:00","Belgium (BE)","481.10","631.75","631.75","661.93"
"10/02/2024 05:00:00 - 10/02/2024 06:00:00","Belgium (BE)","409.93","554.88","554.88","618.66"
"10/02/2024 06:00:00 - 10/02/2024 07:00:00","Belgium (BE)","357.20","507.33","507.33","546.16"
"10/02/2024 07:00:00 - 10/02/2024 08:00:00","Belgium (BE)","315.93","458.95","458.95","462.00"
"10/02/2024 08:00:00 - 10/02/2024 09:00:00","Belgium (BE)","267.40","374.90","407.83","391.30"
"10/02/2024 09:00:00 - 10/02/2024 10:00:00","Belgium (BE)","192.23","277.53","317.98","306.93"
"10/02/2024 10:00:00 - 10/02/2024 11:00:00","Belgium (BE)","144.40","180.63","239.88","185.86"
"10/02/2024 11:00:00 - 10/02/2024 12:00:00","Belgium (BE)","120.00","124.90","172.60","140.75"
"10/02/2024 12:00:00 - 10/02/2024 13:00:00","Belgium (BE)","87.58","117.65","164.68","136.58"
"10/02/2024 13:00:00 - 10/02/2024 14:00:00","Belgium (BE)","68.38","106.55","157.03","109.08"
"10/02/2024 14:00:00 - 10/02/2024 15:00:00","Belgium (BE)","71.35","96.38","135.45","79.06"
"10/02/2024 15:00:00 - 10/02/2024 16:00:00","Belgium (BE)","79.58","92.18","120.95","72.48"
"10/02/2024 16:00:00 - 10/02/2024 17:00:00","Belgium (BE)","114.75","110.65","122.70","89.00"
"10/02/2024 17:00:00 - 10/02/2024 18:00:00","Belgium (BE)","177.75","170.50","167.00","150.55"
"10/02/2024 18:00:00 - 10/02/2024 19:00:00","Belgium (BE)","245.55","255.63","235.35","210.62"
"10/02/2024 19:00:00 - 10/02/2024 20:00:00","Belgium (BE)","304.88","309.48","283.03","259.74"
"10/02/2024 20:00:00 - 10/02/2024 21:00:00","Belgium (BE)","324.00","324.58","293.95","266.81"
"10/02/2024 21:00:00 - 10/02/2024 22:00:00","Belgium (BE)","333.05","345.08","323.80","266.16"
"10/02/2024 22:00:00 - 10/02/2024 23:00:00","Belgium (BE)","378.38","385.53","351.53","293.20"
"10/02/2024 23:00:00 - 11/02/2024 00:00:00","Belgium (BE)","420.88","440.85","367.80","305.71"
"11/02/2024 00:00:00 - 11/02/2024 01:00:00","Belgium (BE)","398.93","353.48","353.48","307.89"
"11/02/2024 01:00:00 - 11/02/2024 02:00:00","Belgium (BE)","488.70","446.33","446.33","364.26"
"11/02/2024 02:00:00 - 11/02/2024 03:00:00","Belgium (BE)","586.40","453.35","453.35","466.83"
"11/02/2024 03:00:00 - 11/02/2024 04:00:00","Belgium (BE)","626.35","545.40","545.40","513.29"
"11/02/2024 04:00:00 - 11/02/2024 05:00:00","Belgium (BE)","599.75","580.70","580.70","684.84"
"11/02/2024 05:00:00 - 11/02/2024 06:00:00","Belgium (BE)","556.45","622.83","622.83","681.55"
"11/02/2024 06:00:00 - 11/02/2024 07:00:00","Belgium (BE)","535.53","622.98","622.98","573.13"
"11/02/2024 07:00:00 - 11/02/2024 08:00:00","Belgium (BE)","528.85","558.13","558.13","531.85"
"11/02/2024 08:00:00 - 11/02/2024 09:00:00","Belgium (BE)","534.50","540.00","530.73","467.57"
"11/02/2024 09:00:00 - 11/02/2024 10:00:00","Belgium (BE)","550.83","531.23","495.03","455.78"
"11/02/2024 10:00:00 - 11/02/2024 11:00:00","Belgium (BE)","578.63","536.50","495.25","415.22"
"11/02/2024 11:00:00 - 11/02/2024 12:00:00","Belgium (BE)","581.40","517.13","517.43","429.77"
"11/02/2024 12:00:00 - 11/02/2024 13:00:00","Belgium (BE)","548.48","486.75","454.65","401.16"
"11/02/2024 13:00:00 - 11/02/2024 14:00:00","Belgium (BE)","503.90","440.98","402.10","317.88"
"11/02/2024 14:00:00 - 11/02/2024 15:00:00","Belgium (BE)","445.53","362.18","345.70","228.91"
"11/02/2024 15:00:00 - 11/02/2024 16:00:00","Belgium (BE)","390.88","285.13","271.25","168.73"
"11/02/2024 16:00:00 - 11/02/2024 17:00:00","Belgium (BE)","352.33","233.40","221.68","164.54"
"11/02/2024 17:00:00 - 11/02/2024 18:00:00","Belgium (BE)","343.78","211.68","192.40","185.23"
"11/02/2024 18:00:00 - 11/02/2024 19:00:00","Belgium (BE)","369.15","218.20","204.90","194.55"
"11/02/2024 19:00:00 - 11/02/2024 20:00:00","Belgium (BE)","428.95","254.98","245.08","238.70"
"11/02/2024 20:00:00 - 11/02/2024 21:00:00","Belgium (BE)","495.55","332.58","259.70","297.07"
"11/02/2024 21:00:00 - 11/02/2024 22:00:00","Belgium (BE)","550.00","407.00","316.48","320.01"
"11/02/2024 22:00:00 - 11/02/2024 23:00:00","Belgium (BE)","561.63","445.38","360.20","331.34"
"11/02/2024 23:00:00 - 12/02/2024 00:00:00","Belgium (BE)","539.08","466.90","399.18","355.05"
"12/02/2024 00:00:00 - 12/02/2024 01:00:00","Belgium (BE)","458.45","433.98","433.98","403.97"
"12/02/2024 01:00:00 - 12/02/2024 02:00:00","Belgium (BE)","485.18","457.40","457.40","440.33"
"12/02/2024 02:00:00 - 12/02/2024 03:00:00","Belgium (BE)","465.13","458.75","458.75","379.89"
"12/02/2024 03:00:00 - 12/02/2024 04:00:00","Belgium (BE)","455.88","441.98","441.98","437.59"
"12/02/2024 04:00:00 - 12/02/2024 05:00:00","Belgium (BE)","468.18","403.48","403.48","454.85"
"12/02/2024 05:00:00 - 12/02/2024 06:00:00","Belgium (BE)","473.05","433.73","433.73","438.13"
"12/02/2024 06:00:00 - 12/02/2024 07:00:00","Belgium (BE)","477.08","451.03","451.03","437.33"
"12/02/2024 07:00:00 - 12/02/2024 08:00:00","Belgium (BE)","482.25","429.20","429.20","468.74"
"12/02/2024 08:00:00 - 12/02/2024 09:00:00","Belgium (BE)","477.05","414.53","405.33","470.55"
"12/02/2024 09:00:00 - 12/02/2024 10:00:00","Belgium (BE)","459.03","401.98","395.93","431.84"
"12/02/2024 10:00:00 - 12/02/2024 11:00:00","Belgium (BE)","475.80","434.78","415.83","335.47"
"12/02/2024 11:00:00 - 12/02/2024 12:00:00","Belgium (BE)","498.65","436.48","395.53","331.94"
"12/02/2024 12:00:00 - 12/02/2024 13:00:00","Belgium (BE)","498.05","418.03","333.45","399.56"
"12/02/2024 13:00:00 - 12/02/2024 14:00:00","Belgium (BE)","508.13","420.18","343.45","411.68"
"12/02/2024 14:00:00 - 12/02/2024 15:00:00","Belgium (BE)","491.48","419.50","378.25","402.89"
"12/02/2024 15:00:00 - 12/02/2024 16:00:00","Belgium (BE)","432.63","389.40","363.05","379.49"
"12/02/2024 16:00:00 - 12/02/2024 17:00:00","Belgium (BE)","357.33","351.75","308.38","329.01"
"12/02/2024 17:00:00 - 12/02/2024 18:00:00","Belgium (BE)","298.20","337.08","285.70","285.62"
"12/02/2024 18:00:00 - 12/02/2024 19:00:00","Belgium (BE)","299.20","339.95","295.30","382.51"
"12/02/2024 19:00:00 - 12/02/2024 20:00:00","Belgium (BE)","355.80","359.80","302.93","475.98"
"12/02/2024 20:00:00 - 12/02/2024 21:00:00","Belgium (BE)","424.35","391.18","338.03","493.76"
"12/02/2024 21:00:00 - 12/02/2024 22:00:00","Belgium (BE)","479.75","421.03","379.55","502.12"
"12/02/2024 22:00:00 - 12/02/2024 23:00:00","Belgium (BE)","535.88","462.88","439.68","565.67"
"12/02/2024 23:00:00 - 13/02/2024 00:00:00","Belgium (BE)","586.80","535.98","523.05","712.59"
"13/02/2024 00:00:00 - 13/02/2024 01:00:00","Belgium (BE)","599.95","701.20","701.20","791.62"
"13/02/2024 01:00:00 - 13/02/2024 02:00:00","Belgium (BE)","645.25","750.23","750.23","808.69"
"13/02/2024 02:00:00 - 13/02/2024 03:00:00","Belgium (BE)","665.65","755.70","755.70","826.71"
"13/02/2024 03:00:00 - 13/02/2024 04:00:00","Belgium (BE)","684.25","761.75","761.75","804.50"
"13/02/2024 04:00:00 - 13/02/2024 05:00:00","Belgium (BE)","712.68","816.20","816.20","866.93"
"13/02/2024 05:00:00 - 13/02/2024 06:00:00","Belgium (BE)","753.00","852.55","852.55","944.76"
"13/02/2024 06:00:00 - 13/02/2024 07:00:00","Belgium (BE)","794.23","922.18","922.18","945.17"
"13/02/2024 07:00:00 - 13/02/2024 08:00:00","Belgium (BE)","824.03","944.50","979.80","951.92"
"13/02/2024 08:00:00 - 13/02/2024 09:00:00","Belgium (BE)","827.20","939.20","956.33","981.23"
"13/02/2024 09:00:00 - 13/02/2024 10:00:00","Belgium (BE)","845.25","936.15","960.65","799.10"
"13/02/2024 10:00:00 - 13/02/2024 11:00:00","Belgium (BE)","722.33","786.43","794.10","529.94"
"13/02/2024 11:00:00 - 13/02/2024 12:00:00","Belgium (BE)","618.70","638.35","570.93","540.02"
"13/02/2024 12:00:00 - 13/02/2024 13:00:00","Belgium (BE)","656.88","635.78","539.00","649.11"
"13/02/2024 13:00:00 - 13/02/2024 14:00:00","Belgium (BE)","697.45","683.55","673.65","727.99"
"13/02/2024 14:00:00 - 13/02/2024 15:00:00","Belgium (BE)","755.15","726.10","818.60","782.50"
"13/02/2024 15:00:00 - 13/02/2024 16:00:00","Belgium (BE)","784.88","711.03","827.60","773.18"
"13/02/2024 16:00:00 - 13/02/2024 17:00:00","Belgium (BE)","740.78","667.28","782.18","689.65"
"13/02/2024 17:00:00 - 13/02/2024 18:00:00","Belgium (BE)","739.08","679.50","783.15","807.68"
"13/02/2024 18:00:00 - 13/02/2024 19:00:00","Belgium (BE)","844.20","799.10","879.70","1037.05"
"13/02/2024 19:00:00 - 13/02/2024 20:00:00","Belgium (BE)","1039.35","990.65","1137.58","1405.04"
"13/02/2024 20:00:00 - 13/02/2024 21:00:00","Belgium (BE)","1240.80","1201.40","1362.45","1742.16"
"13/02/2024 21:00:00 - 13/02/2024 22:00:00","Belgium (BE)","1411.45","1389.80","1557.18","1912.48"
"13/02/2024 22:00:00 - 13/02/2024 23:00:00","Belgium (BE)","1536.93","1538.80","1681.53","1964.93"
"13/02/2024 23:00:00 - 14/02/2024 00:00:00","Belgium (BE)","1621.55","1626.30","1732.10","1960.59"
"14/02/2024 00:00:00 - 14/02/2024 01:00:00","Belgium (BE)","1717.50","1786.43","1786.43","1916.50"
"14/02/2024 01:00:00 - 14/02/2024 02:00:00","Belgium (BE)","1660.13","1725.25","1725.25","1785.54"
"14/02/2024 02:00:00 - 14/02/2024 03:00:00","Belgium (BE)","1605.85","1673.10","1673.10","1722.13"
"14/02/2024 03:00:00 - 14/02/2024 04:00:00","Belgium (BE)","1549.08","1548.98","1548.98","1589.70"
"14/02/2024 04:00:00 - 14/02/2024 05:00:00","Belgium (BE)","1438.75","1446.43","1446.43","1492.73"
"14/02/2024 05:00:00 - 14/02/2024 06:00:00","Belgium (BE)","1321.08","1337.05","1337.05","1429.10"
"14/02/2024 06:00:00 - 14/02/2024 07:00:00","Belgium (BE)","1240.03","1301.13","1301.13","1352.76"
"14/02/2024 07:00:00 - 14/02/2024 08:00:00","Belgium (BE)","1161.88","1239.63","1255.40","1262.54"
"14/02/2024 08:00:00 - 14/02/2024 09:00:00","Belgium (BE)","1143.85","1202.83","1226.88","1232.47"
"14/02/2024 09:00:00 - 14/02/2024 10:00:00","Belgium (BE)","1215.33","1238.90","1272.55","1311.14"
"14/02/2024 10:00:00 - 14/02/2024 11:00:00","Belgium (BE)","1272.93","1293.98","1343.50","1222.27"
"14/02/2024 11:00:00 - 14/02/2024 12:00:00","Belgium (BE)","1262.15","1322.68","1323.28","1403.32"
"14/02/2024 12:00:00 - 14/02/2024 13:00:00","Belgium (BE)","1261.03","1323.88","1263.00","1371.15"
"14/02/2024 13:00:00 - 14/02/2024 14:00:00","Belgium (BE)","1259.13","1315.68","1347.95","1399.31"
"14/02/2024 14:00:00 - 14/02/2024 15:00:00","Belgium (BE)","1231.15","1286.45","1306.43","1377.03"
"14/02/2024 15:00:00 - 14/02/2024 16:00:00","Belgium (BE)","1211.50","1236.65","1279.63","1345.86"
"14/02/2024 16:00:00 - 14/02/2024 17:00:00","Belgium (BE)","1199.85","1203.70","1215.83","1280.42"
"14/02/2024 17:00:00 - 14/02/2024 18:00:00","Belgium (BE)","1183.73","1213.80","1184.93","1272.68"
"14/02/2024 18:00:00 - 14/02/2024 19:00:00","Belgium (BE)","1141.85","1199.53","1131.25","1283.44"
"14/02/2024 19:00:00 - 14/02/2024 20:00:00","Belgium (BE)","1056.85","1136.45","1084.18","1230.81"
"14/02/2024 20:00:00 - 14/02/2024 21:00:00","Belgium (BE)","962.30","1052.40","1041.70","1164.29"
"14/02/2024 21:00:00 - 14/02/2024 22:00:00","Belgium (BE)","896.78","975.28","985.70","1002.10"
"14/02/2024 22:00:00 - 14/02/2024 23:00:00","Belgium (BE)","836.98","905.85","922.23","916.42"
"14/02/2024 23:00:00 - 15/02/2024 00:00:00","Belgium (BE)","753.98","852.00","867.30","874.73"
"15/02/2024 00:00:00 - 15/02/2024 01:00:00","Belgium (BE)","832.50","879.15","879.15","924.29"
"15/02/2024 01:00:00 - 15/02/2024 02:00:00","Belgium (BE)","848.38","902.15","902.15","977.16"
"15/02/2024 02:00:00 - 15/02/2024 03:00:00","Belgium (BE)","861.33","938.90","938.90","1010.81"
"15/02/2024 03:00:00 - 15/02/2024 04:00:00","Belgium (BE)","854.15","946.40","946.40","1023.62"
"15/02/2024 04:00:00 - 15/02/2024 05:00:00","Belgium (BE)","855.85","967.75","967.75","1018.66"
"15/02/2024 05:00:00 - 15/02/2024 06:00:00","Belgium (BE)","864.90","963.20","963.20","981.17"
"15/02/2024 06:00:00 - 15/02/2024 07:00:00","Belgium (BE)","901.70","970.50","970.50","954.45"
"15/02/2024 07:00:00 - 15/02/2024 08:00:00","Belgium (BE)","947.65","982.73","992.38","940.36"
"15/02/2024 08:00:00 - 15/02/2024 09:00:00","Belgium (BE)","955.35","962.55","1016.08","1042.47"
"15/02/2024 09:00:00 - 15/02/2024 10:00:00","Belgium (BE)","913.08","894.40","1003.80","1030.46"
"15/02/2024 10:00:00 - 15/02/2024 11:00:00","Belgium (BE)","848.00","804.63","931.73","689.62"
"15/02/2024 11:00:00 - 15/02/2024 12:00:00","Belgium (BE)","736.85","652.58","823.78","571.25"
"15/02/2024 12:00:00 - 15/02/2024 13:00:00","Belgium (BE)","626.40","529.58","565.90","546.79"
"15/02/2024 13:00:00 - 15/02/2024 14:00:00","Belgium (BE)","576.30","488.98","501.20","507.15"
"15/02/2024 14:00:00 - 15/02/2024 15:00:00","Belgium (BE)","539.20","488.93","531.00","551.55"
"15/02/2024 15:00:00 - 15/02/2024 16:00:00","Belgium (BE)","549.58","570.33","561.13","544.05"
"15/02/2024 16:00:00 - 15/02/2024 17:00:00","Belgium (BE)","646.98","708.38","681.08","684.21"
"15/02/2024 17:00:00 - 15/02/2024 18:00:00","Belgium (BE)","790.20","826.60","817.48","812.75"
"15/02/2024 18:00:00 - 15/02/2024 19:00:00","Belgium (BE)","959.55","953.60","995.53","1037.13"
"15/02/2024 19:00:00 - 15/02/2024 20:00:00","Belgium (BE)","1095.05","1058.50","1121.75","1207.72"
"15/02/2024 20:00:00 - 15/02/2024 21:00:00","Belgium (BE)","1168.08","1092.55","1161.43","1308.35"
"15/02/2024 21:00:00 - 15/02/2024 22:00:00","Belgium (BE)","1166.00","1086.53","1140.18","1281.09"
"15/02/2024 22:00:00 - 15/02/2024 23:00:00","Belgium (BE)","1115.58","1070.25","1100.88","1242.45"
"15/02/2024 23:00:00 - 16/02/2024 00:00:00","Belgium (BE)","1057.65","1039.70","1047.43","1226.47"
"16/02/2024 00:00:00 - 16/02/2024 01:00:00","Belgium (BE)","994.70","1037.23","1037.23","1165.75"
"16/02/2024 01:00:00 - 16/02/2024 02:00:00","Belgium (BE)","975.73","988.85","988.85","1099.98"
"16/02/2024 02:00:00 - 16/02/2024 03:00:00","Belgium (BE)","1021.63","1043.60","1043.60","1108.46"
"16/02/2024 03:00:00 - 16/02/2024 04:00:00","Belgium (BE)","1126.03","1121.85","1121.85","1183.25"
"16/02/2024 04:00:00 - 16/02/2024 05:00:00","Belgium (BE)","1195.75","1181.58","1181.58","1192.03"
"16/02/2024 05:00:00 - 16/02/2024 06:00:00","Belgium (BE)","1220.15","1193.53","1193.53","1129.34"
"16/02/2024 06:00:00 - 16/02/2024 07:00:00","Belgium (BE)","1248.75","1184.70","1184.70","1290.60"
"16/02/2024 07:00:00 - 16/02/2024 08:00:00","Belgium (BE)","1240.53","1162.73","1162.73","1293.36"
"16/02/2024 08:00:00 - 16/02/2024 09:00:00","Belgium (BE)","1162.18","1131.58","1141.23","1155.32"
"16/02/2024 09:00:00 - 16/02/2024 10:00:00","Belgium (BE)","1101.68","1102.20","1074.58","1124.71"
"16/02/2024 10:00:00 - 16/02/2024 11:00:00","Belgium (BE)","1074.15","1056.03","1071.15","972.66"
"16/02/2024 11:00:00 - 16/02/2024 12:00:00","Belgium (BE)","1024.08","1007.48","1059.78","901.00"
"16/02/2024 12:00:00 - 16/02/2024 13:00:00","Belgium (BE)","952.35","921.98","866.50","791.53"
"16/02/2024 13:00:00 - 16/02/2024 14:00:00","Belgium (BE)","863.50","780.38","642.03","626.76"
"16/02/2024 14:00:00 - 16/02/2024 15:00:00","Belgium (BE)","768.15","660.53","509.33","537.94"
"16/02/2024 15:00:00 - 16/02/2024 16:00:00","Belgium (BE)","680.53","559.90","430.68","432.97"
"16/02/2024 16:00:00 - 16/02/2024 17:00:00","Belgium (BE)","604.90","490.95","393.58","313.98"
"16/02/2024 17:00:00 - 16/02/2024 18:00:00","Belgium (BE)","554.53","467.00","384.73","366.05"
"16/02/2024 18:00:00 - 16/02/2024 19:00:00","Belgium (BE)","535.48","461.60","410.83","446.43"
"16/02/2024 19:00:00 - 16/02/2024 20:00:00","Belgium (BE)","545.15","481.88","480.60","537.85"
"16/02/2024 20:00:00 - 16/02/2024 21:00:00","Belgium (BE)","562.63","501.13","489.23","611.82"
"16/02/2024 21:00:00 - 16/02/2024 22:00:00","Belgium (BE)","562.10","489.30","475.88","598.40"
"16/02/2024 22:00:00 - 16/02/2024 23:00:00","Belgium (BE)","525.23","462.33","442.60","534.31"
"16/02/2024 23:00:00 - 17/02/2024 00:00:00","Belgium (BE)","489.65","431.18","401.90","494.53"
"17/02/2024 00:00:00 - 17/02/2024 01:00:00","Belgium (BE)","373.00","404.43","404.43","461.69"
"17/02/2024 01:00:00 - 17/02/2024 02:00:00","Belgium (BE)","340.63","389.35","389.35","420.40"
"17/02/2024 02:00:00 - 17/02/2024 03:00:00","Belgium (BE)","311.20","357.83","357.83","397.88"
"17/02/2024 03:00:00 - 17/02/2024 04:00:00","Belgium (BE)","290.78","330.03","330.03","379.01"
"17/02/2024 04:00:00 - 17/02/2024 05:00:00","Belgium (BE)","262.70","304.08","304.08","354.75"
"17/02/2024 05:00:00 - 17/02/2024 06:00:00","Belgium (BE)","219.00","304.90","304.90","283.95"
"17/02/2024 06:00:00 - 17/02/2024 07:00:00","Belgium (BE)","190.83","268.85","268.85","233.19"
"17/02/2024 07:00:00 - 17/02/2024 08:00:00","Belgium (BE)","196.53","236.18","239.78","194.63"
"17/02/2024 08:00:00 - 17/02/2024 09:00:00","Belgium (BE)","184.68","225.03","237.53","199.78"
"17/02/2024 09:00:00 - 17/02/2024 10:00:00","Belgium (BE)","151.45","208.28","202.15","174.60"
"17/02/2024 10:00:00 - 17/02/2024 11:00:00","Belgium (BE)","122.35","161.50","151.85","108.42"
"17/02/2024 11:00:00 - 17/02/2024 12:00:00","Belgium (BE)","110.33","143.10","136.85","64.84"
"17/02/2024 12:00:00 - 17/02/2024 13:00:00","Belgium (BE)","118.88","167.35","162.98","99.07"
"17/02/2024 13:00:00 - 17/02/2024 14:00:00","Belgium (BE)","127.03","167.20","181.38","137.34"
"17/02/2024 14:00:00 - 17/02/2024 15:00:00","Belgium (BE)","122.03","157.85","199.85","160.02"
"17/02/2024 15:00:00 - 17/02/2024 16:00:00","Belgium (BE)","114.60","162.38","197.68","176.57"
"17/02/2024 16:00:00 - 17/02/2024 17:00:00","Belgium (BE)","96.50","158.48","188.30","191.04"
"17/02/2024 17:00:00 - 17/02/2024 18:00:00","Belgium (BE)","73.95","169.33","211.13","200.41"
"17/02/2024 18:00:00 - 17/02/2024 19:00:00","Belgium (BE)","82.68","227.93","288.48","272.20"
"17/02/2024 19:00:00 - 17/02/2024 20:00:00","Belgium (BE)","144.43","311.10","395.83","369.85"
"17/02/2024 20:00:00 - 17/02/2024 21:00:00","Belgium (BE)","258.35","393.33","492.88","443.92"
"17/02/2024 21:00:00 - 17/02/2024 22:00:00","Belgium (BE)","375.85","474.00","579.78","475.41"
"17/02/2024 22:00:00 - 17/02/2024 23:00:00","Belgium (BE)","450.28","537.90","660.85","600.32"
"17/02/2024 23:00:00 - 18/02/2024 00:00:00","Belgium (BE)","514.25","583.18","762.58","748.12"
"18/02/2024 00:00:00 - 18/02/2024 01:00:00","Belgium (BE)","884.63","841.08","841.08","878.50"
"18/02/2024 01:00:00 - 18/02/2024 02:00:00","Belgium (BE)","989.75","934.30","934.30","990.87"
"18/02/2024 02:00:00 - 18/02/2024 03:00:00","Belgium (BE)","1079.93","1016.00","1016.00","1036.95"
"18/02/2024 03:00:00 - 18/02/2024 04:00:00","Belgium (BE)","1161.10","1045.55","1045.55","1090.50"
"18/02/2024 04:00:00 - 18/02/2024 05:00:00","Belgium (BE)","1217.23","1100.25","1100.25","1207.94"
"18/02/2024 05:00:00 - 18/02/2024 06:00:00","Belgium (BE)","1271.43","1211.60","1211.60","1329.63"
"18/02/2024 06:00:00 - 18/02/2024 07:00:00","Belgium (BE)","1348.38","1355.23","1355.23","1480.97"
"18/02/2024 07:00:00 - 18/02/2024 08:00:00","Belgium (BE)","1422.13","1422.03","1438.65","1652.63"
"18/02/2024 08:00:00 - 18/02/2024 09:00:00","Belgium (BE)","1463.95","1498.48","1522.80","1766.65"
"18/02/2024 09:00:00 - 18/02/2024 10:00:00","Belgium (BE)","1493.65","1565.38","1714.40","1963.35"
"18/02/2024 10:00:00 - 18/02/2024 11:00:00","Belgium (BE)","1501.93","1622.93","1785.18","1971.92"
"18/02/2024 11:00:00 - 18/02/2024 12:00:00","Belgium (BE)","1479.13","1702.43","1884.75","2072.60"
"18/02/2024 12:00:00 - 18/02/2024 13:00:00","Belgium (BE)","1451.13","1766.88","1927.48","2181.16"
"18/02/2024 13:00:00 - 18/02/2024 14:00:00","Belgium (BE)","1438.98","1815.53","1971.15","2216.98"
"18/02/2024 14:00:00 - 18/02/2024 15:00:00","Belgium (BE)","1440.28","1801.38","1920.98","2109.12"
"18/02/2024 15:00:00 - 18/02/2024 16:00:00","Belgium (BE)","1408.95","1722.88","1838.20","1801.90"
"18/02/2024 16:00:00 - 18/02/2024 17:00:00","Belgium (BE)","1347.50","1621.83","1702.00","1698.90"
"18/02/2024 17:00:00 - 18/02/2024 18:00:00","Belgium (BE)","1230.05","1523.65","1456.33","1454.89"
"18/02/2024 18:00:00 - 18/02/2024 19:00:00","Belgium (BE)","1051.68","1467.93","1262.65","1182.08"
"18/02/2024 19:00:00 - 18/02/2024 20:00:00","Belgium (BE)","920.10","1420.13","981.98","1008.36"
"18/02/2024 20:00:00 - 18/02/2024 21:00:00","Belgium (BE)","865.40","1317.60","843.88","891.14"
"18/02/2024 21:00:00 - 18/02/2024 22:00:00","Belgium (BE)","837.15","1197.53","779.58","917.58"
"18/02/2024 22:00:00 - 18/02/2024 23:00:00","Belgium (BE)","762.98","1120.18","775.85","1001.94"
"18/02/2024 23:00:00 - 19/02/2024 00:00:00","Belgium (BE)","687.75","1074.25","800.70","978.39"
"19/02/2024 00:00:00 - 19/02/2024 01:00:00","Belgium (BE)","764.10","865.75","865.75","835.68"
"19/02/2024 01:00:00 - 19/02/2024 02:00:00","Belgium (BE)","661.48","731.65","731.65","609.89"
"19/02/2024 02:00:00 - 19/02/2024 03:00:00","Belgium (BE)","556.18","582.60","582.60","482.93"
"19/02/2024 03:00:00 - 19/02/2024 04:00:00","Belgium (BE)","495.23","469.23","469.23","394.53"
"19/02/2024 04:00:00 - 19/02/2024 05:00:00","Belgium (BE)","467.75","408.93","408.93","427.74"
"19/02/2024 05:00:00 - 19/02/2024 06:00:00","Belgium (BE)","432.98","390.20","390.20","404.19"
"19/02/2024 06:00:00 - 19/02/2024 07:00:00","Belgium (BE)","396.63","388.80","388.80","435.18"
"19/02/2024 07:00:00 - 19/02/2024 08:00:00","Belgium (BE)","387.83","387.85","377.68","475.85"
"19/02/2024 08:00:00 - 19/02/2024 09:00:00","Belgium (BE)","430.03","441.33","425.00","470.93"
"19/02/2024 09:00:00 - 19/02/2024 10:00:00","Belgium (BE)","550.83","558.30","586.85","564.26"
"19/02/2024 10:00:00 - 19/02/2024 11:00:00","Belgium (BE)","747.33","735.05","745.03","717.70"
"19/02/2024 11:00:00 - 19/02/2024 12:00:00","Belgium (BE)","921.65","937.30","947.28","874.11"
"19/02/2024 12:00:00 - 19/02/2024 13:00:00","Belgium (BE)","1024.20","1108.08","1113.78","966.27"
"19/02/2024 13:00:00 - 19/02/2024 14:00:00","Belgium (BE)","1107.40","1186.63","1212.25","1032.40"
"19/02/2024 14:00:00 - 19/02/2024 15:00:00","Belgium (BE)","1145.10","1185.40","1107.30","1004.88"
"19/02/2024 15:00:00 - 19/02/2024 16:00:00","Belgium (BE)","1101.35","1119.30","975.20","981.45"
"19/02/2024 16:00:00 - 19/02/2024 17:00:00","Belgium (BE)","991.80","987.55","896.93","828.80"
"19/02/2024 17:00:00 - 19/02/2024 18:00:00","Belgium (BE)","882.40","870.75","863.30","766.33"
"19/02/2024 18:00:00 - 19/02/2024 19:00:00","Belgium (BE)","795.85","778.00","753.93","820.59"
"19/02/2024 19:00:00 - 19/02/2024 20:00:00","Belgium (BE)","712.08","674.68","604.03","776.73"
"19/02/2024 20:00:00 - 19/02/2024 21:00:00","Belgium (BE)","615.30","558.20","512.38","678.48"
"19/02/2024 21:00:00 - 19/02/2024 22:00:00","Belgium (BE)","502.75","461.65","442.73","557.18"
"19/02/2024 22:00:00 - 19/02/2024 23:00:00","Belgium (BE)","425.95","408.78","404.15","498.01"
"19/02/2024 23:00:00 - 20/02/2024 00:00:00","Belgium (BE)","390.53","378.10","387.83","427.62"
"20/02/2024 00:00:00 - 20/02/2024 01:00:00","Belgium (BE)","369.15","424.65","424.65","428.69"
"20/02/2024 01:00:00 - 20/02/2024 02:00:00","Belgium (BE)","343.50","407.93","407.93","482.34"
"20/02/2024 02:00:00 - 20/02/2024 03:00:00","Belgium (BE)","313.78","395.40","395.40","469.68"
"20/02/2024 03:00:00 - 20/02/2024 04:00:00","Belgium (BE)","283.20","361.18","361.18","375.49"
"20/02/2024 04:00:00 - 20/02/2024 05:00:00","Belgium (BE)","259.35","308.55","308.55","268.81"
"20/02/2024 05:00:00 - 20/02/2024 06:00:00","Belgium (BE)","266.20","265.40","265.40","206.30"
"20/02/2024 06:00:00 - 20/02/2024 07:00:00","Belgium (BE)","305.13","287.68","287.68","308.06"
"20/02/2024 07:00:00 - 20/02/2024 08:00:00","Belgium (BE)","368.80","367.13","359.98","382.55"
"20/02/2024 08:00:00 - 20/02/2024 09:00:00","Belgium (BE)","427.53","424.60","414.00","476.00"
"20/02/2024 09:00:00 - 20/02/2024 10:00:00","Belgium (BE)","501.13","513.98","493.65","492.22"
"20/02/2024 10:00:00 - 20/02/2024 11:00:00","Belgium (BE)","522.63","526.05","510.13","405.79"
"20/02/2024 11:00:00 - 20/02/2024 12:00:00","Belgium (BE)","591.55","585.85","580.70","553.12"
"20/02/2024 12:00:00 - 20/02/2024 13:00:00","Belgium (BE)","803.23","817.13","766.33","831.58"
"20/02/2024 13:00:00 - 20/02/2024 14:00:00","Belgium (BE)","981.05","1005.83","989.08","1079.72"
"20/02/2024 14:00:00 - 20/02/2024 15:00:00","Belgium (BE)","1016.90","1051.85","1106.93","1185.29"
"20/02/2024 15:00:00 - 20/02/2024 16:00:00","Belgium (BE)","977.90","1036.20","1126.43","1268.78"
"20/02/2024 16:00:00 - 20/02/2024 17:00:00","Belgium (BE)","938.43","1010.30","1059.98","1215.16"
"20/02/2024 17:00:00 - 20/02/2024 18:00:00","Belgium (BE)","958.98","1000.88","1039.70","1086.74"
"20/02/2024 18:00:00 - 20/02/2024 19:00:00","Belgium (BE)","1057.53","1051.75","1027.60","1033.92"
"20/02/2024 19:00:00 - 20/02/2024 20:00:00","Belgium (BE)","1157.43","1126.88","1118.13","1205.57"
"20/02/2024 20:00:00 - 20/02/2024 21:00:00","Belgium (BE)","1225.80","1187.18","1188.33","1303.43"
"20/02/2024 21:00:00 - 20/02/2024 22:00:00","Belgium (BE)","1246.38","1218.30","1208.63","1333.99"
"20/02/2024 22:00:00 - 20/02/2024 23:00:00","Belgium (BE)","1205.48","1206.75","1171.45","1261.54"
"20/02/2024 23:00:00 - 21/02/2024 00:00:00","Belgium (BE)","1139.93","1152.40","1091.68","1077.40"
"21/02/2024 00:00:00 - 21/02/2024 01:00:00","Belgium (BE)","1013.08","1116.90","1116.90","934.86"
"21/02/2024 01:00:00 - 21/02/2024 02:00:00","Belgium (BE)","939.13","969.15","969.15","883.56"
"21/02/2024 02:00:00 - 21/02/2024 03:00:00","Belgium (BE)","867.73","850.88","850.88","814.83"
"21/02/2024 03:00:00 - 21/02/2024 04:00:00","Belgium (BE)","793.93","793.55","793.55","782.11"
"21/02/2024 04:00:00 - 21/02/2024 05:00:00","Belgium (BE)","737.28","756.70","756.70","691.20"
"21/02/2024 05:00:00 - 21/02/2024 06:00:00","Belgium (BE)","737.45","758.33","758.33","732.78"
"21/02/2024 06:00:00 - 21/02/2024 07:00:00","Belgium (BE)","774.23","745.88","745.88","775.63"
"21/02/2024 07:00:00 - 21/02/2024 08:00:00","Belgium (BE)","826.35","802.15","810.90","825.94"
"21/02/2024 08:00:00 - 21/02/2024 09:00:00","Belgium (BE)","931.38","879.73","934.88","924.07"
"21/02/2024 09:00:00 - 21/02/2024 10:00:00","Belgium (BE)","1059.63","1006.13","1071.18","1063.24"
"21/02/2024 10:00:00 - 21/02/2024 11:00:00","Belgium (BE)","1263.30","1206.50","1196.78","1206.01"
"21/02/2024 11:00:00 - 21/02/2024 12:00:00","Belgium (BE)","1569.33","1481.93","1430.75","1460.54"
"21/02/2024 12:00:00 - 21/02/2024 13:00:00","Belgium (BE)","1725.90","1708.03","1696.83","1729.00"
"21/02/2024 13:00:00 - 21/02/2024 14:00:00","Belgium (BE)","1741.08","1722.90","1801.63","1850.05"
"21/02/2024 14:00:00 - 21/02/2024 15:00:00","Belgium (BE)","1742.83","1666.85","1786.00","1798.42"
"21/02/2024 15:00:00 - 21/02/2024 16:00:00","Belgium (BE)","1795.33","1718.90","1773.18","1915.65"
"21/02/2024 16:00:00 - 21/02/2024 17:00:00","Belgium (BE)","1889.50","1827.38","1859.13","2023.85"
"21/02/2024 17:00:00 - 21/02/2024 18:00:00","Belgium (BE)","1951.78","1935.45","1957.90","2127.90"
"21/02/2024 18:00:00 - 21/02/2024 19:00:00","Belgium (BE)","1998.13","2002.00","2043.48","2122.74"
"21/02/2024 19:00:00 - 21/02/2024 20:00:00","Belgium (BE)","2014.00","2031.50","2087.10","2109.47"
"21/02/2024 20:00:00 - 21/02/2024 21:00:00","Belgium (BE)","1997.88","2039.48","2062.65","2146.63"
"21/02/2024 21:00:00 - 21/02/2024 22:00:00","Belgium (BE)","1927.73","2015.78","2044.30","2084.66"
"21/02/2024 22:00:00 - 21/02/2024 23:00:00","Belgium (BE)","1784.70","1958.08","1977.33","1893.09"
"21/02/2024 23:00:00 - 22/02/2024 00:00:00","Belgium (BE)","1620.78","1853.95","1877.18","1807.86"
"22/02/2024 00:00:00 - 22/02/2024 01:00:00","Belgium (BE)","1718.48","1632.65","1632.65","1667.95"
"22/02/2024 01:00:00 - 22/02/2024 02:00:00","Belgium (BE)","1490.00","1393.60","1393.60","1360.02"
"22/02/2024 02:00:00 - 22/02/2024 03:00:00","Belgium (BE)","1235.95","1212.45","1212.45","1131.04"
"22/02/2024 03:00:00 - 22/02/2024 04:00:00","Belgium (BE)","1040.03","941.60","941.60","848.05"
"22/02/2024 04:00:00 - 22/02/2024 05:00:00","Belgium (BE)","875.93","759.40","759.40","639.70"
"22/02/2024 05:00:00 - 22/02/2024 06:00:00","Belgium (BE)","743.15","624.10","624.10","533.40"
"22/02/2024 06:00:00 - 22/02/2024 07:00:00","Belgium (BE)","667.15","585.70","585.70","548.67"
"22/02/2024 07:00:00 - 22/02/2024 08:00:00","Belgium (BE)","663.13","626.13","626.13","608.97"
"22/02/2024 08:00:00 - 22/02/2024 09:00:00","Belgium (BE)","738.30","722.60","619.20","736.68"
"22/02/2024 09:00:00 - 22/02/2024 10:00:00","Belgium (BE)","930.50","917.35","860.80","906.47"
"22/02/2024 10:00:00 - 22/02/2024 11:00:00","Belgium (BE)","1130.75","1181.00","1158.43","1004.92"
"22/02/2024 11:00:00 - 22/02/2024 12:00:00","Belgium (BE)","1315.20","1442.03","1457.18","1335.32"
"22/02/2024 12:00:00 - 22/02/2024 13:00:00","Belgium (BE)","1598.53","1662.88","1615.83","1554.39"
"22/02/2024 13:00:00 - 22/02/2024 14:00:00","Belgium (BE)","1813.90","1886.13","1839.58","1774.42"
"22/02/2024 14:00:00 - 22/02/2024 15:00:00","Belgium (BE)","1976.58","2035.48","1995.55","1985.78"
"22/02/2024 15:00:00 - 22/02/2024 16:00:00","Belgium (BE)","2062.28","2083.08","2053.68","2095.35"
"22/02/2024 16:00:00 - 22/02/2024 17:00:00","Belgium (BE)","2099.60","2094.85","2105.38","2106.35"
"22/02/2024 17:00:00 - 22/02/2024 18:00:00","Belgium (BE)","2152.13","2142.63","2117.25","2028.59"
"22/02/2024 18:00:00 - 22/02/2024 19:00:00","Belgium (BE)","2219.43","2185.83","2152.73","2080.66"
"22/02/2024 19:00:00 - 22/02/2024 20:00:00","Belgium (BE)","2239.25","2220.43","2140.93","2092.01"
"22/02/2024 20:00:00 - 22/02/2024 21:00:00","Belgium (BE)","2231.20","2250.80","2185.80","2108.30"
"22/02/2024 21:00:00 - 22/02/2024 22:00:00","Belgium (BE)","2219.63","2235.20","2175.28","2159.23"
"22/02/2024 22:00:00 - 22/02/2024 23:00:00","Belgium (BE)","2183.35","2182.28","2136.80","2089.20"
"22/02/2024 23:00:00 - 23/02/2024 00:00:00","Belgium (BE)","2116.75","2101.13","2095.10","1925.47"
"23/02/2024 00:00:00 - 23/02/2024 01:00:00","Belgium (BE)","2023.60","1878.05","1878.05","1839.49"
"23/02/2024 01:00:00 - 23/02/2024 02:00:00","Belgium (BE)","1960.10","1748.38","1748.38","1789.46"
"23/02/2024 02:00:00 - 23/02/2024 03:00:00","Belgium (BE)","1920.68","1748.15","1748.15","1757.38"
"23/02/2024 03:00:00 - 23/02/2024 04:00:00","Belgium (BE)","1848.43","1707.95","1707.95","1757.83"
"23/02/2024 04:00:00 - 23/02/2024 05:00:00","Belgium (BE)","1796.30","1684.43","1684.43","1713.24"
"23/02/2024 05:00:00 - 23/02/2024 06:00:00","Belgium (BE)","1809.25","1669.58","1669.58","1696.09"
"23/02/2024 06:00:00 - 23/02/2024 07:00:00","Belgium (BE)","1868.75","1748.95","1748.95","1826.82"
"23/02/2024 07:00:00 - 23/02/2024 08:00:00","Belgium (BE)","1929.65","1859.78","1824.73","1944.61"
"23/02/2024 08:00:00 - 23/02/2024 09:00:00","Belgium (BE)","1986.50","1938.15","1929.43","2006.27"
"23/02/2024 09:00:00 - 23/02/2024 10:00:00","Belgium (BE)","2044.95","2020.90","2017.18","2041.97"
"23/02/2024 10:00:00 - 23/02/2024 11:00:00","Belgium (BE)","2085.98","2072.93","2039.13","2012.09"
"23/02/2024 11:00:00 - 23/02/2024 12:00:00","Belgium (BE)","2084.53","2072.63","1984.70","1911.61"
"23/02/2024 12:00:00 - 23/02/2024 13:00:00","Belgium (BE)","2003.38","2008.40","1941.13","1863.52"
"23/02/2024 13:00:00 - 23/02/2024 14:00:00","Belgium (BE)","1840.73","1861.90","1824.38","1719.88"
"23/02/2024 14:00:00 - 23/02/2024 15:00:00","Belgium (BE)","1602.85","1620.03","1617.13","1545.51"
"23/02/2024 15:00:00 - 23/02/2024 16:00:00","Belgium (BE)","1311.58","1299.00","1345.60","1312.07"
"23/02/2024 16:00:00 - 23/02/2024 17:00:00","Belgium (BE)","1056.00","989.30","1097.90","1061.35"
"23/02/2024 17:00:00 - 23/02/2024 18:00:00","Belgium (BE)","860.05","765.70","804.23","853.05"
"23/02/2024 18:00:00 - 23/02/2024 19:00:00","Belgium (BE)","753.68","654.68","752.85","796.60"
"23/02/2024 19:00:00 - 23/02/2024 20:00:00","Belgium (BE)","765.58","666.73","767.15","863.47"
"23/02/2024 20:00:00 - 23/02/2024 21:00:00","Belgium (BE)","801.80","732.83","811.70","756.45"
"23/02/2024 21:00:00 - 23/02/2024 22:00:00","Belgium (BE)","804.48","768.13","794.05","664.16"
"23/02/2024 22:00:00 - 23/02/2024 23:00:00","Belgium (BE)","776.20","753.93","765.25","611.74"
"23/02/2024 23:00:00 - 24/02/2024 00:00:00","Belgium (BE)","740.58","727.98","739.83","601.43"
"24/02/2024 00:00:00 - 24/02/2024 01:00:00","Belgium (BE)","715.78","648.05","648.05","688.92"
"24/02/2024 01:00:00 - 24/02/2024 02:00:00","Belgium (BE)","695.30","621.73","621.73","691.39"
"24/02/2024 02:00:00 - 24/02/2024 03:00:00","Belgium (BE)","695.68","594.53","594.53","596.89"
"24/02/2024 03:00:00 - 24/02/2024 04:00:00","Belgium (BE)","699.58","623.58","623.58","587.22"
"24/02/2024 04:00:00 - 24/02/2024 05:00:00","Belgium (BE)","694.63","619.05","619.05","500.56"
"24/02/2024 05:00:00 - 24/02/2024 06:00:00","Belgium (BE)","714.60","615.98","615.98","497.55"
"24/02/2024 06:00:00 - 24/02/2024 07:00:00","Belgium (BE)","768.55","645.18","645.18","586.54"
"24/02/2024 07:00:00 - 24/02/2024 08:00:00","Belgium (BE)","832.20","711.53","689.43","701.21"
"24/02/2024 08:00:00 - 24/02/2024 09:00:00","Belgium (BE)","933.43","808.63","801.95","791.56"
"24/02/2024 09:00:00 - 24/02/2024 10:00:00","Belgium (BE)","1117.60","977.93","899.68","859.24"
"24/02/2024 10:00:00 - 24/02/2024 11:00:00","Belgium (BE)","1254.78","1118.85","1007.95","990.01"
"24/02/2024 11:00:00 - 24/02/2024 12:00:00","Belgium (BE)","1280.08","1174.80","1080.83","1110.25"
"24/02/2024 12:00:00 - 24/02/2024 13:00:00","Belgium (BE)","1281.15","1196.73","1114.98","1153.24"
"24/02/2024 13:00:00 - 24/02/2024 14:00:00","Belgium (BE)","1265.18","1194.10","1088.20","1102.49"
"24/02/2024 14:00:00 - 24/02/2024 15:00:00","Belgium (BE)","1216.53","1146.98","1053.23","1013.36"
"24/02/2024 15:00:00 - 24/02/2024 16:00:00","Belgium (BE)","1108.80","1049.20","947.48","899.92"
"24/02/2024 16:00:00 - 24/02/2024 17:00:00","Belgium (BE)","909.93","863.05","820.70","849.94"
"24/02/2024 17:00:00 - 24/02/2024 18:00:00","Belgium (BE)","762.70","685.68","685.55","923.91"
"24/02/2024 18:00:00 - 24/02/2024 19:00:00","Belgium (BE)","763.65","658.20","729.58","981.27"
"24/02/2024 19:00:00 - 24/02/2024 20:00:00","Belgium (BE)","840.28","739.60","941.15","1108.54"
"24/02/2024 20:00:00 - 24/02/2024 21:00:00","Belgium (BE)","931.88","849.75","1105.78","1168.23"
"24/02/2024 21:00:00 - 24/02/2024 22:00:00","Belgium (BE)","963.13","927.30","1151.83","1347.94"
"24/02/2024 22:00:00 - 24/02/2024 23:00:00","Belgium (BE)","932.38","956.43","1161.25","1132.89"
"24/02/2024 23:00:00 - 25/02/2024 00:00:00","Belgium (BE)","863.38","952.48","1132.08","1150.73"
"25/02/2024 00:00:00 - 25/02/2024 01:00:00","Belgium (BE)","1078.33","1118.65","1118.65","1208.69"
"25/02/2024 01:00:00 - 25/02/2024 02:00:00","Belgium (BE)","1023.65","1034.95","1034.95","1060.28"
"25/02/2024 02:00:00 - 25/02/2024 03:00:00","Belgium (BE)","932.83","999.93","999.93","950.89"
"25/02/2024 03:00:00 - 25/02/2024 04:00:00","Belgium (BE)","816.80","900.38","900.38","838.34"
"25/02/2024 04:00:00 - 25/02/2024 05:00:00","Belgium (BE)","716.43","820.33","820.33","756.42"
"25/02/2024 05:00:00 - 25/02/2024 06:00:00","Belgium (BE)","684.38","756.70","756.70","698.55"
"25/02/2024 06:00:00 - 25/02/2024 07:00:00","Belgium (BE)","653.68","687.40","687.40","608.39"
"25/02/2024 07:00:00 - 25/02/2024 08:00:00","Belgium (BE)","596.35","659.93","653.83","596.68"
"25/02/2024 08:00:00 - 25/02/2024 09:00:00","Belgium (BE)","575.40","645.15","641.85","555.81"
"25/02/2024 09:00:00 - 25/02/2024 10:00:00","Belgium (BE)","610.50","670.60","642.48","545.17"
"25/02/2024 10:00:00 - 25/02/2024 11:00:00","Belgium (BE)","648.40","688.75","664.30","610.65"
"25/02/2024 11:00:00 - 25/02/2024 12:00:00","Belgium (BE)","630.93","652.00","622.00","645.74"
"25/02/2024 12:00:00 - 25/02/2024 13:00:00","Belgium (BE)","610.25","620.38","582.28","616.79"
"25/02/2024 13:00:00 - 25/02/2024 14:00:00","Belgium (BE)","595.15","588.33","562.30","531.20"
"25/02/2024 14:00:00 - 25/02/2024 15:00:00","Belgium (BE)","546.98","522.85","519.83","446.07"
"25/02/2024 15:00:00 - 25/02/2024 16:00:00","Belgium (BE)","503.28","471.98","493.13","383.26"
"25/02/2024 16:00:00 - 25/02/2024 17:00:00","Belgium (BE)","476.50","440.50","473.55","423.43"
"25/02/2024 17:00:00 - 25/02/2024 18:00:00","Belgium (BE)","547.85","460.55","440.00","464.57"
"25/02/2024 18:00:00 - 25/02/2024 19:00:00","Belgium (BE)","789.93","646.83","629.00","667.46"
"25/02/2024 19:00:00 - 25/02/2024 20:00:00","Belgium (BE)","1044.73","911.90","870.38","930.07"
"25/02/2024 20:00:00 - 25/02/2024 21:00:00","Belgium (BE)","1177.18","1088.23","1043.95","1142.91"
"25/02/2024 21:00:00 - 25/02/2024 22:00:00","Belgium (BE)","1239.28","1199.70","1148.33","1279.96"
"25/02/2024 22:00:00 - 25/02/2024 23:00:00","Belgium (BE)","1269.38","1254.85","1206.85","1340.04"
"25/02/2024 23:00:00 - 26/02/2024 00:00:00","Belgium (BE)","1264.15","1273.10","1233.53","1381.74"
"26/02/2024 00:00:00 - 26/02/2024 01:00:00","Belgium (BE)","1295.90","1440.38","1440.38","1436.64"
"26/02/2024 01:00:00 - 26/02/2024 02:00:00","Belgium (BE)","1388.70","1526.30","1526.30","1576.24"
"26/02/2024 02:00:00 - 26/02/2024 03:00:00","Belgium (BE)","1435.85","1571.33","1571.33","1698.56"
"26/02/2024 03:00:00 - 26/02/2024 04:00:00","Belgium (BE)","1447.30","1608.40","1608.40","1713.99"
"26/02/2024 04:00:00 - 26/02/2024 05:00:00","Belgium (BE)","1451.30","1608.20","1608.20","1710.75"
"26/02/2024 05:00:00 - 26/02/2024 06:00:00","Belgium (BE)","1440.33","1608.58","1608.58","1636.23"
"26/02/2024 06:00:00 - 26/02/2024 07:00:00","Belgium (BE)","1423.03","1563.78","1563.78","1642.22"
"26/02/2024 07:00:00 - 26/02/2024 08:00:00","Belgium (BE)","1418.78","1539.95","1502.43","1699.65"
"26/02/2024 08:00:00 - 26/02/2024 09:00:00","Belgium (BE)","1420.18","1520.53","1502.88","1683.27"
"26/02/2024 09:00:00 - 26/02/2024 10:00:00","Belgium (BE)","1413.00","1500.45","1550.95","1610.40"
"26/02/2024 10:00:00 - 26/02/2024 11:00:00","Belgium (BE)","1407.75","1484.65","1567.83","1543.75"
"26/02/2024 11:00:00 - 26/02/2024 12:00:00","Belgium (BE)","1426.93","1496.10","1540.58","1505.04"
"26/02/2024 12:00:00 - 26/02/2024 13:00:00","Belgium (BE)","1444.25","1522.58","1480.53","1593.13"
"26/02/2024 13:00:00 - 26/02/2024 14:00:00","Belgium (BE)","1470.78","1554.68","1455.48","1630.71"
"26/02/2024 14:00:00 - 26/02/2024 15:00:00","Belgium (BE)","1523.68","1609.48","1562.50","1733.23"
"26/02/2024 15:00:00 - 26/02/2024 16:00:00","Belgium (BE)","1580.63","1661.40","1646.48","1820.71"
"26/02/2024 16:00:00 - 26/02/2024 17:00:00","Belgium (BE)","1606.33","1685.65","1700.05","1841.53"
"26/02/2024 17:00:00 - 26/02/2024 18:00:00","Belgium (BE)","1610.25","1702.43","1729.03","1821.11"
"26/02/2024 18:00:00 - 26/02/2024 19:00:00","Belgium (BE)","1614.40","1707.18","1733.00","1837.24"
"26/02/2024 19:00:00 - 26/02/2024 20:00:00","Belgium (BE)","1623.73","1683.20","1719.55","1825.14"
"26/02/2024 20:00:00 - 26/02/2024 21:00:00","Belgium (BE)","1623.28","1641.05","1652.73","1735.34"
"26/02/2024 21:00:00 - 26/02/2024 22:00:00","Belgium (BE)","1578.13","1589.80","1554.40","1633.33"
"26/02/2024 22:00:00 - 26/02/2024 23:00:00","Belgium (BE)","1460.00","1515.73","1431.23","1465.92"
"26/02/2024 23:00:00 - 27/02/2024 00:00:00","Belgium (BE)","1285.93","1392.28","1270.03","1332.95"
"27/02/2024 00:00:00 - 27/02/2024 01:00:00","Belgium (BE)","1107.53","1107.83","1107.83","1131.16"
"27/02/2024 01:00:00 - 27/02/2024 02:00:00","Belgium (BE)","964.08","982.85","982.85","964.62"
"27/02/2024 02:00:00 - 27/02/2024 03:00:00","Belgium (BE)","859.28","856.93","856.93","889.87"
"27/02/2024 03:00:00 - 27/02/2024 04:00:00","Belgium (BE)","792.08","809.85","809.85","860.62"
"27/02/2024 04:00:00 - 27/02/2024 05:00:00","Belgium (BE)","736.43","795.08","795.08","782.62"
"27/02/2024 05:00:00 - 27/02/2024 06:00:00","Belgium (BE)","686.08","728.93","728.93","770.99"
"27/02/2024 06:00:00 - 27/02/2024 07:00:00","Belgium (BE)","638.15","630.58","630.58","764.63"
"27/02/2024 07:00:00 - 27/02/2024 08:00:00","Belgium (BE)","560.60","564.75","559.13","685.13"
"27/02/2024 08:00:00 - 27/02/2024 09:00:00","Belgium (BE)","461.55","482.60","524.13","561.60"
"27/02/2024 09:00:00 - 27/02/2024 10:00:00","Belgium (BE)","342.80","383.88","450.95","422.60"
"27/02/2024 10:00:00 - 27/02/2024 11:00:00","Belgium (BE)","256.35","312.85","337.65","337.70"
"27/02/2024 11:00:00 - 27/02/2024 12:00:00","Belgium (BE)","190.78","244.93","234.00","217.89"
"27/02/2024 12:00:00 - 27/02/2024 13:00:00","Belgium (BE)","129.48","171.13","180.80","130.16"
"27/02/2024 13:00:00 - 27/02/2024 14:00:00","Belgium (BE)","92.28","128.90","133.08","90.75"
"27/02/2024 14:00:00 - 27/02/2024 15:00:00","Belgium (BE)","92.20","129.73","134.30","106.07"
"27/02/2024 15:00:00 - 27/02/2024 16:00:00","Belgium (BE)","123.18","158.28","148.53","116.67"
"27/02/2024 16:00:00 - 27/02/2024 17:00:00","Belgium (BE)","156.43","177.15","160.20","136.83"
"27/02/2024 17:00:00 - 27/02/2024 18:00:00","Belgium (BE)","178.60","174.48","122.00","132.20"
"27/02/2024 18:00:00 - 27/02/2024 19:00:00","Belgium (BE)","183.83","177.28","133.50","135.97"
"27/02/2024 19:00:00 - 27/02/2024 20:00:00","Belgium (BE)","141.13","170.38","154.28","94.17"
"27/02/2024 20:00:00 - 27/02/2024 21:00:00","Belgium (BE)","64.53","135.43","116.25","42.22"
"27/02/2024 21:00:00 - 27/02/2024 22:00:00","Belgium (BE)","38.53","106.00","93.80","32.63"
"27/02/2024 22:00:00 - 27/02/2024 23:00:00","Belgium (BE)","52.65","88.15","67.70","52.43"
"27/02/2024 23:00:00 - 28/02/2024 00:00:00","Belgium (BE)","96.73","82.05","70.70","92.24"
"28/02/2024 00:00:00 - 28/02/2024 01:00:00","Belgium (BE)","114.25","119.23","119.23","141.94"
"28/02/2024 01:00:00 - 28/02/2024 02:00:00","Belgium (BE)","162.08","167.70","167.70","173.47"
"28/02/2024 02:00:00 - 28/02/2024 03:00:00","Belgium (BE)","205.10","201.00","201.00","214.49"
"28/02/2024 03:00:00 - 28/02/2024 04:00:00","Belgium (BE)","228.35","208.43","208.43","236.18"
"28/02/2024 04:00:00 - 28/02/2024 05:00:00","Belgium (BE)","235.20","221.90","221.90","234.35"
"28/02/2024 05:00:00 - 28/02/2024 06:00:00","Belgium (BE)","234.55","249.35","249.35","224.81"
"28/02/2024 06:00:00 - 28/02/2024 07:00:00","Belgium (BE)","229.33","264.03","264.03","212.02"
"28/02/2024 07:00:00 - 28/02/2024 08:00:00","Belgium (BE)","236.20","269.90","267.18","196.32"
"28/02/2024 08:00:00 - 28/02/2024 09:00:00","Belgium (BE)","256.58","307.00","291.48","208.72"
"28/02/2024 09:00:00 - 28/02/2024 10:00:00","Belgium (BE)","266.45","331.48","330.70","187.01"
"28/02/2024 10:00:00 - 28/02/2024 11:00:00","Belgium (BE)","224.75","268.13","256.30","157.38"
"28/02/2024 11:00:00 - 28/02/2024 12:00:00","Belgium (BE)","187.90","224.35","213.90","187.47"
"28/02/2024 12:00:00 - 28/02/2024 13:00:00","Belgium (BE)","204.95","247.03","268.18","264.55"
"28/02/2024 13:00:00 - 28/02/2024 14:00:00","Belgium (BE)","254.18","311.90","335.80","332.74"
"28/02/2024 14:00:00 - 28/02/2024 15:00:00","Belgium (BE)","313.73","378.13","362.48","361.17"
"28/02/2024 15:00:00 - 28/02/2024 16:00:00","Belgium (BE)","355.08","424.80","397.58","380.06"
"28/02/2024 16:00:00 - 28/02/2024 17:00:00","Belgium (BE)","358.80","433.78","390.63","423.05"
"28/02/2024 17:00:00 - 28/02/2024 18:00:00","Belgium (BE)","395.05","446.68","401.13","525.84"
"28/02/2024 18:00:00 - 28/02/2024 19:00:00","Belgium (BE)","502.53","531.05","490.53","673.56"
"28/02/2024 19:00:00 - 28/02/2024 20:00:00","Belgium (BE)","648.00","670.43","627.90","800.16"
"28/02/2024 20:00:00 - 28/02/2024 21:00:00","Belgium (BE)","801.73","823.98","830.20","944.77"
"28/02/2024 21:00:00 - 28/02/2024 22:00:00","Belgium (BE)","921.15","943.75","949.38","1116.13"
"28/02/2024 22:00:00 - 28/02/2024 23:00:00","Belgium (BE)","1017.00","1045.68","1036.58","1249.39"
"28/02/2024 23:00:00 - 29/02/2024 00:00:00","Belgium (BE)","1102.48","1137.28","1097.48","1395.89"
"29/02/2024 00:00:00 - 29/02/2024 01:00:00","Belgium (BE)","1160.03","1278.25","1278.25","1480.48"
"29/02/2024 01:00:00 - 29/02/2024 02:00:00","Belgium (BE)","1229.20","1410.85","1410.85","1536.66"
"29/02/2024 02:00:00 - 29/02/2024 03:00:00","Belgium (BE)","1282.78","1431.65","1431.65","1481.44"
"29/02/2024 03:00:00 - 29/02/2024 04:00:00","Belgium (BE)","1307.88","1421.35","1421.35","1464.33"
"29/02/2024 04:00:00 - 29/02/2024 05:00:00","Belgium (BE)","1303.80","1379.65","1379.65","1403.19"
"29/02/2024 05:00:00 - 29/02/2024 06:00:00","Belgium (BE)","1292.23","1369.68","1369.68","1315.04"
"29/02/2024 06:00:00 - 29/02/2024 07:00:00","Belgium (BE)","1285.98","1344.60","1344.60","1304.07"
"29/02/2024 07:00:00 - 29/02/2024 08:00:00","Belgium (BE)","1278.00","1311.45","1273.48","1382.00"
"29/02/2024 08:00:00 - 29/02/2024 09:00:00","Belgium (BE)","1262.33","1268.70","1245.75","1356.32"
"29/02/2024 09:00:00 - 29/02/2024 10:00:00","Belgium (BE)","1253.80","1228.13","1228.18","1276.51"
"29/02/2024 10:00:00 - 29/02/2024 11:00:00","Belgium (BE)","1248.68","1180.25","1174.85","1175.53"
"29/02/2024 11:00:00 - 29/02/2024 12:00:00","Belgium (BE)","1243.50","1164.23","1176.43","1123.12"
"29/02/2024 12:00:00 - 29/02/2024 13:00:00","Belgium (BE)","1245.80","1179.93","1159.30","1133.46"
"29/02/2024 13:00:00 - 29/02/2024 14:00:00","Belgium (BE)","1213.78","1182.28","1146.68","1089.75"
"29/02/2024 14:00:00 - 29/02/2024 15:00:00","Belgium (BE)","1155.08","1154.45","1099.83","1073.91"
"29/02/2024 15:00:00 - 29/02/2024 16:00:00","Belgium (BE)","1111.00","1116.43","1062.28","1015.61"
"29/02/2024 16:00:00 - 29/02/2024 17:00:00","Belgium (BE)","1093.83","1096.23","1049.45","981.77"
"29/02/2024 17:00:00 - 29/02/2024 18:00:00","Belgium (BE)","1113.55","1095.75","1069.38","1007.28"
"29/02/2024 18:00:00 - 29/02/2024 19:00:00","Belgium (BE)","1160.08","1122.65","1095.33","1095.63"
"29/02/2024 19:00:00 - 29/02/2024 20:00:00","Belgium (BE)","1212.35","1179.30","1116.53","1170.99"
"29/02/2024 20:00:00 - 29/02/2024 21:00:00","Belgium (BE)","1285.00","1222.08","1184.05","1182.80"
"29/02/2024 21:00:00 - 29/02/2024 22:00:00","Belgium (BE)","1356.93","1236.00","1256.33","1284.32"
"29/02/2024 22:00:00 - 29/02/2024 23:00:00","Belgium (BE)","1364.48","1232.55","1317.15","1318.09"
"29/02/2024 23:00:00 - 01/03/2024 00:00:00","Belgium (BE)","1287.30","1238.40","1335.13","1341.36"
"01/03/2024 00:00:00 - 01/03/2024 01:00:00","Belgium (BE)","1298.08","1408.85","1408.85","1296.82"
"01/03/2024 01:00:00 - 01/03/2024 02:00:00","Belgium (BE)","1195.55","1385.50","1385.50","1372.08"
"01/03/2024 02:00:00 - 01/03/2024 03:00:00","Belgium (BE)","1015.28","1176.00","1176.00","1237.64"
"01/03/2024 03:00:00 - 01/03/2024 04:00:00","Belgium (BE)","813.20","958.65","958.65","1020.98"
"01/03/2024 04:00:00 - 01/03/2024 05:00:00","Belgium (BE)","618.05","773.08","773.08","792.61"
"01/03/2024 05:00:00 - 01/03/2024 06:00:00","Belgium (BE)","513.93","671.35","671.35","625.01"
"01/03/2024 06:00:00 - 01/03/2024 07:00:00","Belgium (BE)","569.68","634.08","634.08","640.46"
"01/03/2024 07:00:00 - 01/03/2024 08:00:00","Belgium (BE)","747.48","797.03","790.53","913.18"
"01/03/2024 08:00:00 - 01/03/2024 09:00:00","Belgium (BE)","985.63","1080.05","1066.08","1153.96"
"01/03/2024 09:00:00 - 01/03/2024 10:00:00","Belgium (BE)","1312.23","1419.70","1395.10","1447.66"
"01/03/2024 10:00:00 - 01/03/2024 11:00:00","Belgium (BE)","1592.20","1663.53","1639.85","1620.99"
"01/03/2024 11:00:00 - 01/03/2024 12:00:00","Belgium (BE)","1762.25","1814.60","1802.45","1893.55"
"01/03/2024 12:00:00 - 01/03/2024 13:00:00","Belgium (BE)","1905.10","1927.60","1955.93","2077.96"
"01/03/2024 13:00:00 - 01/03/2024 14:00:00","Belgium (BE)","1990.68","1977.78","2027.70","2150.85"
"01/03/2024 14:00:00 - 01/03/2024 15:00:00","Belgium (BE)","1965.70","1895.23","1939.13","2060.96"
"01/03/2024 15:00:00 - 01/03/2024 16:00:00","Belgium (BE)","1844.93","1692.65","1786.00","1850.53"
"01/03/2024 16:00:00 - 01/03/2024 17:00:00","Belgium (BE)","1659.20","1468.85","1570.78","1626.77"
"01/03/2024 17:00:00 - 01/03/2024 18:00:00","Belgium (BE)","1485.13","1294.33","1362.60","1385.72"
"01/03/2024 18:00:00 - 01/03/2024 19:00:00","Belgium (BE)","1375.73","1204.88","1279.78","1403.89"
"01/03/2024 19:00:00 - 01/03/2024 20:00:00","Belgium (BE)","1323.73","1207.80","1293.58","1639.89"
"01/03/2024 20:00:00 - 01/03/2024 21:00:00","Belgium (BE)","1319.45","1280.15","1409.65","1811.97"
"01/03/2024 21:00:00 - 01/03/2024 22:00:00","Belgium (BE)","1351.58","1339.80","1560.00","2000.28"
"01/03/2024 22:00:00 - 01/03/2024 23:00:00","Belgium (BE)","1362.43","1377.53","1623.00","1864.17"
"01/03/2024 23:00:00 - 02/03/2024 00:00:00","Belgium (BE)","1353.25","1382.08","1543.28","1613.20"
"02/03/2024 00:00:00 - 02/03/2024 01:00:00","Belgium (BE)","1398.53","1460.25","1460.25","1395.09"
"02/03/2024 01:00:00 - 02/03/2024 02:00:00","Belgium (BE)","1267.53","1245.63","1245.63","1254.78"
"02/03/2024 02:00:00 - 02/03/2024 03:00:00","Belgium (BE)","1130.85","1024.13","1024.13","1237.76"
"02/03/2024 03:00:00 - 02/03/2024 04:00:00","Belgium (BE)","1062.15","1013.70","1013.70","1146.19"
"02/03/2024 04:00:00 - 02/03/2024 05:00:00","Belgium (BE)","1049.20","1016.63","1016.63","1087.73"
"02/03/2024 05:00:00 - 02/03/2024 06:00:00","Belgium (BE)","1032.95","996.90","996.90","1171.11"
"02/03/2024 06:00:00 - 02/03/2024 07:00:00","Belgium (BE)","1025.75","976.20","976.20","1147.76"
"02/03/2024 07:00:00 - 02/03/2024 08:00:00","Belgium (BE)","1051.18","956.10","1000.35","1141.33"
"02/03/2024 08:00:00 - 02/03/2024 09:00:00","Belgium (BE)","1063.73","977.33","1064.90","1104.66"
"02/03/2024 09:00:00 - 02/03/2024 10:00:00","Belgium (BE)","1049.38","1011.28","1107.38","1153.60"
"02/03/2024 10:00:00 - 02/03/2024 11:00:00","Belgium (BE)","1185.53","1189.20","1172.45","1223.90"
"02/03/2024 11:00:00 - 02/03/2024 12:00:00","Belgium (BE)","1369.78","1365.80","1371.45","1186.43"
"02/03/2024 12:00:00 - 02/03/2024 13:00:00","Belgium (BE)","1378.05","1375.98","1374.08","1206.68"
"02/03/2024 13:00:00 - 02/03/2024 14:00:00","Belgium (BE)","1251.05","1277.78","1239.70","1240.87"
"02/03/2024 14:00:00 - 02/03/2024 15:00:00","Belgium (BE)","1124.80","1094.83","947.98","1099.37"
"02/03/2024 15:00:00 - 02/03/2024 16:00:00","Belgium (BE)","1058.60","863.75","866.00","1079.27"
"02/03/2024 16:00:00 - 02/03/2024 17:00:00","Belgium (BE)","971.18","730.00","808.00","1072.83"
"02/03/2024 17:00:00 - 02/03/2024 18:00:00","Belgium (BE)","906.73","691.35","819.28","983.22"
"02/03/2024 18:00:00 - 02/03/2024 19:00:00","Belgium (BE)","896.68","693.60","829.93","919.15"
"02/03/2024 19:00:00 - 02/03/2024 20:00:00","Belgium (BE)","891.55","716.05","905.23","826.69"
"02/03/2024 20:00:00 - 02/03/2024 21:00:00","Belgium (BE)","873.13","794.80","967.00","903.29"
"02/03/2024 21:00:00 - 02/03/2024 22:00:00","Belgium (BE)","823.28","884.70","1039.90","1061.70"
"02/03/2024 22:00:00 - 02/03/2024 23:00:00","Belgium (BE)","701.18","880.80","1056.63","1048.67"
"02/03/2024 23:00:00 - 03/03/2024 00:00:00","Belgium (BE)","572.63","796.68","980.13","968.43"
"03/03/2024 00:00:00 - 03/03/2024 01:00:00","Belgium (BE)","907.05","862.15","862.15","763.13"
"03/03/2024 01:00:00 - 03/03/2024 02:00:00","Belgium (BE)","821.15","731.53","731.53","466.19"
"03/03/2024 02:00:00 - 03/03/2024 03:00:00","Belgium (BE)","701.03","451.10","451.10","324.47"
"03/03/2024 03:00:00 - 03/03/2024 04:00:00","Belgium (BE)","582.33","341.05","341.05","274.09"
"03/03/2024 04:00:00 - 03/03/2024 05:00:00","Belgium (BE)","481.33","298.05","298.05","281.13"
"03/03/2024 05:00:00 - 03/03/2024 06:00:00","Belgium (BE)","398.50","305.88","305.88","285.49"
"03/03/2024 06:00:00 - 03/03/2024 07:00:00","Belgium (BE)","348.30","279.28","279.28","229.34"
"03/03/2024 07:00:00 - 03/03/2024 08:00:00","Belgium (BE)","301.78","237.73","227.85","193.39"
"03/03/2024 08:00:00 - 03/03/2024 09:00:00","Belgium (BE)","234.73","191.35","196.95","217.41"
"03/03/2024 09:00:00 - 03/03/2024 10:00:00","Belgium (BE)","160.35","147.05","233.18","127.24"
"03/03/2024 10:00:00 - 03/03/2024 11:00:00","Belgium (BE)","124.58","110.23","221.03","74.09"
"03/03/2024 11:00:00 - 03/03/2024 12:00:00","Belgium (BE)","115.25","103.73","131.88","73.89"
"03/03/2024 12:00:00 - 03/03/2024 13:00:00","Belgium (BE)","128.20","127.33","115.73","73.58"
"03/03/2024 13:00:00 - 03/03/2024 14:00:00","Belgium (BE)","169.75","166.68","150.90","98.71"
"03/03/2024 14:00:00 - 03/03/2024 15:00:00","Belgium (BE)","231.83","246.35","186.40","199.57"
"03/03/2024 15:00:00 - 03/03/2024 16:00:00","Belgium (BE)","320.20","357.98","265.93","346.54"
"03/03/2024 16:00:00 - 03/03/2024 17:00:00","Belgium (BE)","397.43","449.03","388.00","550.49"
"03/03/2024 17:00:00 - 03/03/2024 18:00:00","Belgium (BE)","433.40","465.00","509.50","671.97"
"03/03/2024 18:00:00 - 03/03/2024 19:00:00","Belgium (BE)","451.45","450.40","577.33","669.19"
"03/03/2024 19:00:00 - 03/03/2024 20:00:00","Belgium (BE)","428.53","434.10","580.48","582.57"
"03/03/2024 20:00:00 - 03/03/2024 21:00:00","Belgium (BE)","389.30","419.40","511.85","504.80"
"03/03/2024 21:00:00 - 03/03/2024 22:00:00","Belgium (BE)","362.98","401.13","473.58","402.62"
"03/03/2024 22:00:00 - 03/03/2024 23:00:00","Belgium (BE)","341.93","396.20","436.18","380.00"
"03/03/2024 23:00:00 - 04/03/2024 00:00:00","Belgium (BE)","333.68","404.00","396.40","466.00"
"04/03/2024 00:00:00 - 04/03/2024 01:00:00","Belgium (BE)","369.78","344.83","344.83","422.51"
"04/03/2024 01:00:00 - 04/03/2024 02:00:00","Belgium (BE)","322.95","310.80","310.80","369.13"
"04/03/2024 02:00:00 - 04/03/2024 03:00:00","Belgium (BE)","260.35","296.28","296.28","292.16"
"04/03/2024 03:00:00 - 04/03/2024 04:00:00","Belgium (BE)","218.58","247.18","247.18","202.63"
"04/03/2024 04:00:00 - 04/03/2024 05:00:00","Belgium (BE)","175.88","199.50","199.50","148.86"
"04/03/2024 05:00:00 - 04/03/2024 06:00:00","Belgium (BE)","136.08","147.00","147.00","121.86"
"04/03/2024 06:00:00 - 04/03/2024 07:00:00","Belgium (BE)","106.40","109.80","109.80","88.15"
"04/03/2024 07:00:00 - 04/03/2024 08:00:00","Belgium (BE)","91.03","90.43","96.48","72.73"
"04/03/2024 08:00:00 - 04/03/2024 09:00:00","Belgium (BE)","80.05","71.60","72.90","52.09"
"04/03/2024 09:00:00 - 04/03/2024 10:00:00","Belgium (BE)","60.93","47.58","48.90","21.18"
"04/03/2024 10:00:00 - 04/03/2024 11:00:00","Belgium (BE)","31.83","33.53","31.43","10.99"
"04/03/2024 11:00:00 - 04/03/2024 12:00:00","Belgium (BE)","22.33","22.68","16.40","9.70"
"04/03/2024 12:00:00 - 04/03/2024 13:00:00","Belgium (BE)","15.90","16.25","14.80","12.38"
"04/03/2024 13:00:00 - 04/03/2024 14:00:00","Belgium (BE)","15.43","14.45","17.10","14.88"
"04/03/2024 14:00:00 - 04/03/2024 15:00:00","Belgium (BE)","15.53","12.95","19.30","17.36"
"04/03/2024 15:00:00 - 04/03/2024 16:00:00","Belgium (BE)","13.13","11.60","18.95","15.33"
"04/03/2024 16:00:00 - 04/03/2024 17:00:00","Belgium (BE)","10.98","10.78","16.83","8.31"
"04/03/2024 17:00:00 - 04/03/2024 18:00:00","Belgium (BE)","14.23","14.95","21.03","7.23"
"04/03/2024 18:00:00 - 04/03/2024 19:00:00","Belgium (BE)","41.43","43.60","47.40","17.93"
"04/03/2024 19:00:00 - 04/03/2024 20:00:00","Belgium (BE)","100.55","100.93","93.48","49.44"
"04/03/2024 20:00:00 - 04/03/2024 21:00:00","Belgium (BE)","149.58","161.05","143.50","89.45"
"04/03/2024 21:00:00 - 04/03/2024 22:00:00","Belgium (BE)","202.13","213.48","193.48","134.71"
"04/03/2024 22:00:00 - 04/03/2024 23:00:00","Belgium (BE)","245.65","273.58","243.68","155.71"
"04/03/2024 23:00:00 - 05/03/2024 00:00:00","Belgium (BE)","273.08","332.53","282.15","208.72"
"05/03/2024 00:00:00 - 05/03/2024 01:00:00","Belgium (BE)","307.35","237.55","237.55","219.65"
"05/03/2024 01:00:00 - 05/03/2024 02:00:00","Belgium (BE)","323.60","262.05","262.05","184.86"
"05/03/2024 02:00:00 - 05/03/2024 03:00:00","Belgium (BE)","329.45","292.13","292.13","178.18"
"05/03/2024 03:00:00 - 05/03/2024 04:00:00","Belgium (BE)","327.73","285.40","285.40","178.20"
"05/03/2024 04:00:00 - 05/03/2024 05:00:00","Belgium (BE)","316.68","225.48","225.48","177.81"
"05/03/2024 05:00:00 - 05/03/2024 06:00:00","Belgium (BE)","310.18","209.18","209.18","160.84"
"05/03/2024 06:00:00 - 05/03/2024 07:00:00","Belgium (BE)","298.00","235.93","235.93","171.73"
"05/03/2024 07:00:00 - 05/03/2024 08:00:00","Belgium (BE)","272.18","227.00","215.45","189.65"
"05/03/2024 08:00:00 - 05/03/2024 09:00:00","Belgium (BE)","256.45","208.83","200.20","203.93"
"05/03/2024 09:00:00 - 05/03/2024 10:00:00","Belgium (BE)","236.45","204.28","189.80","191.37"
"05/03/2024 10:00:00 - 05/03/2024 11:00:00","Belgium (BE)","219.30","203.73","201.13","149.58"
"05/03/2024 11:00:00 - 05/03/2024 12:00:00","Belgium (BE)","201.95","207.95","198.40","134.81"
"05/03/2024 12:00:00 - 05/03/2024 13:00:00","Belgium (BE)","179.08","195.50","182.13","126.75"
"05/03/2024 13:00:00 - 05/03/2024 14:00:00","Belgium (BE)","151.30","162.28","161.05","102.95"
"05/03/2024 14:00:00 - 05/03/2024 15:00:00","Belgium (BE)","115.63","124.18","100.30","67.13"
"05/03/2024 15:00:00 - 05/03/2024 16:00:00","Belgium (BE)","80.63","88.00","65.45","53.11"
"05/03/2024 16:00:00 - 05/03/2024 17:00:00","Belgium (BE)","53.98","47.58","34.93","48.97"
"05/03/2024 17:00:00 - 05/03/2024 18:00:00","Belgium (BE)","34.10","32.10","25.68","49.83"
"05/03/2024 18:00:00 - 05/03/2024 19:00:00","Belgium (BE)","20.35","27.60","36.40","47.13"
"05/03/2024 19:00:00 - 05/03/2024 20:00:00","Belgium (BE)","19.83","33.65","63.75","47.41"
"05/03/2024 20:00:00 - 05/03/2024 21:00:00","Belgium (BE)","23.23","42.60","83.70","38.55"
"05/03/2024 21:00:00 - 05/03/2024 22:00:00","Belgium (BE)","27.53","51.68","106.45","34.93"
"05/03/2024 22:00:00 - 05/03/2024 23:00:00","Belgium (BE)","26.50","60.68","121.88","39.90"
"05/03/2024 23:00:00 - 06/03/2024 00:00:00","Belgium (BE)","21.00","69.43","134.45","51.58"
"06/03/2024 00:00:00 - 06/03/2024 01:00:00","Belgium (BE)","156.28","88.43","88.43","48.99"
"06/03/2024 01:00:00 - 06/03/2024 02:00:00","Belgium (BE)","173.80","118.20","118.20","54.24"
"06/03/2024 02:00:00 - 06/03/2024 03:00:00","Belgium (BE)","194.50","111.48","111.48","61.16"
"06/03/2024 03:00:00 - 06/03/2024 04:00:00","Belgium (BE)","202.33","116.98","116.98","70.66"
"06/03/2024 04:00:00 - 06/03/2024 05:00:00","Belgium (BE)","188.58","94.80","94.80","54.30"
"06/03/2024 05:00:00 - 06/03/2024 06:00:00","Belgium (BE)","172.88","73.78","73.78","50.35"
"06/03/2024 06:00:00 - 06/03/2024 07:00:00","Belgium (BE)","160.60","67.50","67.50","69.17"
"06/03/2024 07:00:00 - 06/03/2024 08:00:00","Belgium (BE)","157.23","74.80","74.28","72.60"
"06/03/2024 08:00:00 - 06/03/2024 09:00:00","Belgium (BE)","146.63","67.93","103.25","66.43"
"06/03/2024 09:00:00 - 06/03/2024 10:00:00","Belgium (BE)","123.60","40.45","83.05","30.18"
"06/03/2024 10:00:00 - 06/03/2024 11:00:00","Belgium (BE)","96.98","21.63","39.90","9.00"
"06/03/2024 11:00:00 - 06/03/2024 12:00:00","Belgium (BE)","80.15","15.50","15.43","6.15"
"06/03/2024 12:00:00 - 06/03/2024 13:00:00","Belgium (BE)","79.53","14.00","12.58","5.64"
"06/03/2024 13:00:00 - 06/03/2024 14:00:00","Belgium (BE)","88.05","14.90","14.13","6.06"
"06/03/2024 14:00:00 - 06/03/2024 15:00:00","Belgium (BE)","95.38","14.50","13.03","6.40"
"06/03/2024 15:00:00 - 06/03/2024 16:00:00","Belgium (BE)","94.43","19.03","11.68","6.21"
"06/03/2024 16:00:00 - 06/03/2024 17:00:00","Belgium (BE)","83.03","20.93","9.40","12.11"
"06/03/2024 17:00:00 - 06/03/2024 18:00:00","Belgium (BE)","68.85","18.28","10.98","17.28"
"06/03/2024 18:00:00 - 06/03/2024 19:00:00","Belgium (BE)","74.35","40.95","35.68","43.49"
"06/03/2024 19:00:00 - 06/03/2024 20:00:00","Belgium (BE)","100.00","101.18","91.13","111.65"
"06/03/2024 20:00:00 - 06/03/2024 21:00:00","Belgium (BE)","129.88","173.63","163.25","220.93"
"06/03/2024 21:00:00 - 06/03/2024 22:00:00","Belgium (BE)","157.28","251.28","237.43","328.35"
"06/03/2024 22:00:00 - 06/03/2024 23:00:00","Belgium (BE)","182.58","307.03","318.65","387.81"
"06/03/2024 23:00:00 - 07/03/2024 00:00:00","Belgium (BE)","221.63","342.80","369.00","408.76"
"07/03/2024 00:00:00 - 07/03/2024 01:00:00","Belgium (BE)","372.80","397.65","397.65","428.62"
"07/03/2024 01:00:00 - 07/03/2024 02:00:00","Belgium (BE)","382.40","401.75","401.75","441.47"
"07/03/2024 02:00:00 - 07/03/2024 03:00:00","Belgium (BE)","398.13","453.35","453.35","410.05"
"07/03/2024 03:00:00 - 07/03/2024 04:00:00","Belgium (BE)","407.55","450.60","450.60","407.14"
"07/03/2024 04:00:00 - 07/03/2024 05:00:00","Belgium (BE)","417.58","449.48","449.48","421.46"
"07/03/2024 05:00:00 - 07/03/2024 06:00:00","Belgium (BE)","414.78","452.98","452.98","464.07"
"07/03/2024 06:00:00 - 07/03/2024 07:00:00","Belgium (BE)","404.10","467.90","467.90","468.46"
"07/03/2024 07:00:00 - 07/03/2024 08:00:00","Belgium (BE)","400.98","465.38","474.75","458.88"
"07/03/2024 08:00:00 - 07/03/2024 09:00:00","Belgium (BE)","411.03","436.48","443.00","361.24"
"07/03/2024 09:00:00 - 07/03/2024 10:00:00","Belgium (BE)","325.85","338.10","315.20","221.11"
"07/03/2024 10:00:00 - 07/03/2024 11:00:00","Belgium (BE)","258.90","270.20","252.93","213.78"
"07/03/2024 11:00:00 - 07/03/2024 12:00:00","Belgium (BE)","280.60","295.20","262.28","303.92"
"07/03/2024 12:00:00 - 07/03/2024 13:00:00","Belgium (BE)","339.55","348.75","324.50","426.37"
"07/03/2024 13:00:00 - 07/03/2024 14:00:00","Belgium (BE)","393.20","398.40","398.75","516.59"
"07/03/2024 14:00:00 - 07/03/2024 15:00:00","Belgium (BE)","444.40","473.45","524.93","570.50"
"07/03/2024 15:00:00 - 07/03/2024 16:00:00","Belgium (BE)","535.28","576.05","659.55","662.20"
"07/03/2024 16:00:00 - 07/03/2024 17:00:00","Belgium (BE)","621.58","662.80","747.05","825.88"
"07/03/2024 17:00:00 - 07/03/2024 18:00:00","Belgium (BE)","648.68","682.75","744.40","857.39"
"07/03/2024 18:00:00 - 07/03/2024 19:00:00","Belgium (BE)","702.23","702.93","828.43","881.68"
"07/03/2024 19:00:00 - 07/03/2024 20:00:00","Belgium (BE)","805.40","771.88","915.40","950.65"
"07/03/2024 20:00:00 - 07/03/2024 21:00:00","Belgium (BE)","870.50","810.38","939.25","949.48"
"07/03/2024 21:00:00 - 07/03/2024 22:00:00","Belgium (BE)","870.20","802.23","915.68","965.80"
"07/03/2024 22:00:00 - 07/03/2024 23:00:00","Belgium (BE)","865.98","789.13","879.33","973.27"
"07/03/2024 23:00:00 - 08/03/2024 00:00:00","Belgium (BE)","890.90","818.25","878.30","959.04"
"08/03/2024 00:00:00 - 08/03/2024 01:00:00","Belgium (BE)","920.23","986.03","986.03","996.68"
"08/03/2024 01:00:00 - 08/03/2024 02:00:00","Belgium (BE)","966.88","1016.40","1016.40","966.45"
"08/03/2024 02:00:00 - 08/03/2024 03:00:00","Belgium (BE)","993.20","988.98","988.98","1018.07"
"08/03/2024 03:00:00 - 08/03/2024 04:00:00","Belgium (BE)","979.18","936.40","936.40","1055.73"
"08/03/2024 04:00:00 - 08/03/2024 05:00:00","Belgium (BE)","965.18","963.90","963.90","1117.07"
"08/03/2024 05:00:00 - 08/03/2024 06:00:00","Belgium (BE)","1001.45","1067.28","1067.28","1162.59"
"08/03/2024 06:00:00 - 08/03/2024 07:00:00","Belgium (BE)","1072.18","1153.53","1153.53","1137.45"
"08/03/2024 07:00:00 - 08/03/2024 08:00:00","Belgium (BE)","1128.13","1209.65","1209.65","1180.21"
"08/03/2024 08:00:00 - 08/03/2024 09:00:00","Belgium (BE)","1159.85","1215.45","1215.45","1023.65"
"08/03/2024 09:00:00 - 08/03/2024 10:00:00","Belgium (BE)","1013.13","1069.93","1063.68","893.16"
"08/03/2024 10:00:00 - 08/03/2024 11:00:00","Belgium (BE)","853.68","914.88","929.60","829.28"
"08/03/2024 11:00:00 - 08/03/2024 12:00:00","Belgium (BE)","813.95","878.20","858.85","881.92"
"08/03/2024 12:00:00 - 08/03/2024 13:00:00","Belgium (BE)","772.88","847.65","823.80","914.87"
"08/03/2024 13:00:00 - 08/03/2024 14:00:00","Belgium (BE)","757.35","822.10","797.28","865.92"
"08/03/2024 14:00:00 - 08/03/2024 15:00:00","Belgium (BE)","792.58","839.68","856.53","879.30"
"08/03/2024 15:00:00 - 08/03/2024 16:00:00","Belgium (BE)","881.53","922.55","919.63","998.71"
"08/03/2024 16:00:00 - 08/03/2024 17:00:00","Belgium (BE)","949.55","999.13","991.13","1080.87"
"08/03/2024 17:00:00 - 08/03/2024 18:00:00","Belgium (BE)","1002.78","1057.13","1060.80","1035.47"
"08/03/2024 18:00:00 - 08/03/2024 19:00:00","Belgium (BE)","1114.13","1164.33","1166.28","1192.48"
"08/03/2024 19:00:00 - 08/03/2024 20:00:00","Belgium (BE)","1209.70","1245.50","1215.20","1265.12"
"08/03/2024 20:00:00 - 08/03/2024 21:00:00","Belgium (BE)","1184.08","1217.35","1239.08","1272.19"
"08/03/2024 21:00:00 - 08/03/2024 22:00:00","Belgium (BE)","1085.78","1124.55","1132.58","1184.15"
"08/03/2024 22:00:00 - 08/03/2024 23:00:00","Belgium (BE)","979.80","1019.23","1025.68","1040.15"
"08/03/2024 23:00:00 - 09/03/2024 00:00:00","Belgium (BE)","910.33","925.20","943.90","941.13"
"09/03/2024 00:00:00 - 09/03/2024 01:00:00","Belgium (BE)","888.75","952.10","952.10","924.68"
"09/03/2024 01:00:00 - 09/03/2024 02:00:00","Belgium (BE)","853.18","827.63","827.63","928.46"
"09/03/2024 02:00:00 - 09/03/2024 03:00:00","Belgium (BE)","817.93","795.38","795.38","837.82"
"09/03/2024 03:00:00 - 09/03/2024 04:00:00","Belgium (BE)","779.60","767.65","767.65","731.53"
"09/03/2024 04:00:00 - 09/03/2024 05:00:00","Belgium (BE)","753.05","711.18","711.18","716.00"
"09/03/2024 05:00:00 - 09/03/2024 06:00:00","Belgium (BE)","746.18","628.63","628.63","756.04"
"09/03/2024 06:00:00 - 09/03/2024 07:00:00","Belgium (BE)","779.45","664.78","664.78","851.84"
"09/03/2024 07:00:00 - 09/03/2024 08:00:00","Belgium (BE)","832.58","730.00","730.00","910.30"
"09/03/2024 08:00:00 - 09/03/2024 09:00:00","Belgium (BE)","866.48","780.30","840.88","816.11"
"09/03/2024 09:00:00 - 09/03/2024 10:00:00","Belgium (BE)","733.63","668.28","761.28","638.99"
"09/03/2024 10:00:00 - 09/03/2024 11:00:00","Belgium (BE)","615.25","555.83","651.33","623.83"
"09/03/2024 11:00:00 - 09/03/2024 12:00:00","Belgium (BE)","660.10","605.13","730.88","777.86"
"09/03/2024 12:00:00 - 09/03/2024 13:00:00","Belgium (BE)","735.15","738.58","884.23","977.26"
"09/03/2024 13:00:00 - 09/03/2024 14:00:00","Belgium (BE)","826.65","923.90","1075.13","1080.28"
"09/03/2024 14:00:00 - 09/03/2024 15:00:00","Belgium (BE)","928.35","1069.73","1195.75","1170.37"
"09/03/2024 15:00:00 - 09/03/2024 16:00:00","Belgium (BE)","973.00","1108.20","1180.83","1080.48"
"09/03/2024 16:00:00 - 09/03/2024 17:00:00","Belgium (BE)","996.75","1081.20","1161.05","1105.53"
"09/03/2024 17:00:00 - 09/03/2024 18:00:00","Belgium (BE)","1061.98","1064.23","1087.18","1143.07"
"09/03/2024 18:00:00 - 09/03/2024 19:00:00","Belgium (BE)","1062.58","1043.13","1088.10","1055.65"
"09/03/2024 19:00:00 - 09/03/2024 20:00:00","Belgium (BE)","960.33","981.95","1092.78","882.91"
"09/03/2024 20:00:00 - 09/03/2024 21:00:00","Belgium (BE)","843.38","883.93","964.43","867.38"
"09/03/2024 21:00:00 - 09/03/2024 22:00:00","Belgium (BE)","783.63","808.93","903.10","780.07"
"09/03/2024 22:00:00 - 09/03/2024 23:00:00","Belgium (BE)","694.90","717.45","814.85","716.70"
"09/03/2024 23:00:00 - 10/03/2024 00:00:00","Belgium (BE)","637.30","628.85","759.15","648.84"
"10/03/2024 00:00:00 - 10/03/2024 01:00:00","Belgium (BE)","771.10","720.75","712.23","663.71"
"10/03/2024 01:00:00 - 10/03/2024 02:00:00","Belgium (BE)","780.78","779.13","761.78","675.25"
"10/03/2024 02:00:00 - 10/03/2024 03:00:00","Belgium (BE)","752.98","775.15","718.48","711.03"
"10/03/2024 03:00:00 - 10/03/2024 04:00:00","Belgium (BE)","664.73","663.93","663.13","580.95"
"10/03/2024 04:00:00 - 10/03/2024 05:00:00","Belgium (BE)","568.93","629.08","628.25","481.61"
"10/03/2024 05:00:00 - 10/03/2024 06:00:00","Belgium (BE)","485.35","514.78","557.08","417.21"
"10/03/2024 06:00:00 - 10/03/2024 07:00:00","Belgium (BE)","417.53","391.85","485.23","397.70"
"10/03/2024 07:00:00 - 10/03/2024 08:00:00","Belgium (BE)","335.25","337.63","437.50","367.20"
"10/03/2024 08:00:00 - 10/03/2024 09:00:00","Belgium (BE)","267.83","322.43","417.68","286.90"
"10/03/2024 09:00:00 - 10/03/2024 10:00:00","Belgium (BE)","219.75","302.15","404.83","106.52"
"10/03/2024 10:00:00 - 10/03/2024 11:00:00","Belgium (BE)","187.70","204.63","312.63","52.40"
"10/03/2024 11:00:00 - 10/03/2024 12:00:00","Belgium (BE)","154.05","91.15","190.48","26.73"
"10/03/2024 12:00:00 - 10/03/2024 13:00:00","Belgium (BE)","114.68","40.03","116.03","49.25"
"10/03/2024 13:00:00 - 10/03/2024 14:00:00","Belgium (BE)","81.03","18.05","76.95","90.58"
"10/03/2024 14:00:00 - 10/03/2024 15:00:00","Belgium (BE)","71.80","18.05","44.35","59.25"
"10/03/2024 15:00:00 - 10/03/2024 16:00:00","Belgium (BE)","57.23","23.90","51.68","42.99"
"10/03/2024 16:00:00 - 10/03/2024 17:00:00","Belgium (BE)","34.10","24.90","44.78","65.68"
"10/03/2024 17:00:00 - 10/03/2024 18:00:00","Belgium (BE)","33.23","24.75","56.00","77.68"
"10/03/2024 18:00:00 - 10/03/2024 19:00:00","Belgium (BE)","69.48","33.55","73.38","54.75"
"10/03/2024 19:00:00 - 10/03/2024 20:00:00","Belgium (BE)","104.88","63.05","115.53","65.74"
"10/03/2024 20:00:00 - 10/03/2024 21:00:00","Belgium (BE)","121.58","110.78","136.98","97.64"
"10/03/2024 21:00:00 - 10/03/2024 22:00:00","Belgium (BE)","135.63","169.10","178.10","119.21"
"10/03/2024 22:00:00 - 10/03/2024 23:00:00","Belgium (BE)","150.10","216.58","205.90","138.57"
"10/03/2024 23:00:00 - 11/03/2024 00:00:00","Belgium (BE)","166.83","236.28","219.08","156.50"
"11/03/2024 00:00:00 - 11/03/2024 01:00:00","Belgium (BE)","229.08","234.95","234.95","188.59"
"11/03/2024 01:00:00 - 11/03/2024 02:00:00","Belgium (BE)","250.28","235.30","235.30","224.97"
"11/03/2024 02:00:00 - 11/03/2024 03:00:00","Belgium (BE)","281.58","249.28","249.28","254.88"
"11/03/2024 03:00:00 - 11/03/2024 04:00:00","Belgium (BE)","324.83","302.95","302.95","293.59"
"11/03/2024 04:00:00 - 11/03/2024 05:00:00","Belgium (BE)","369.18","352.68","352.68","360.22"
"11/03/2024 05:00:00 - 11/03/2024 06:00:00","Belgium (BE)","412.30","393.60","393.60","372.86"
"11/03/2024 06:00:00 - 11/03/2024 07:00:00","Belgium (BE)","473.98","422.20","422.20","385.44"
"11/03/2024 07:00:00 - 11/03/2024 08:00:00","Belgium (BE)","529.98","415.35","415.35","369.91"
"11/03/2024 08:00:00 - 11/03/2024 09:00:00","Belgium (BE)","573.10","446.45","476.50","386.62"
"11/03/2024 09:00:00 - 11/03/2024 10:00:00","Belgium (BE)","642.73","510.50","478.28","403.82"
"11/03/2024 10:00:00 - 11/03/2024 11:00:00","Belgium (BE)","733.88","560.18","508.13","414.69"
"11/03/2024 11:00:00 - 11/03/2024 12:00:00","Belgium (BE)","790.25","578.33","534.43","421.56"
"11/03/2024 12:00:00 - 11/03/2024 13:00:00","Belgium (BE)","819.80","582.35","528.80","424.79"
"11/03/2024 13:00:00 - 11/03/2024 14:00:00","Belgium (BE)","816.30","564.73","504.75","418.98"
"11/03/2024 14:00:00 - 11/03/2024 15:00:00","Belgium (BE)","784.83","538.20","499.60","376.87"
"11/03/2024 15:00:00 - 11/03/2024 16:00:00","Belgium (BE)","745.58","524.03","466.43","358.84"
"11/03/2024 16:00:00 - 11/03/2024 17:00:00","Belgium (BE)","707.48","511.00","434.08","387.51"
"11/03/2024 17:00:00 - 11/03/2024 18:00:00","Belgium (BE)","680.60","496.33","402.48","430.08"
"11/03/2024 18:00:00 - 11/03/2024 19:00:00","Belgium (BE)","662.78","476.73","381.15","466.14"
"11/03/2024 19:00:00 - 11/03/2024 20:00:00","Belgium (BE)","650.03","466.78","397.55","504.64"
"11/03/2024 20:00:00 - 11/03/2024 21:00:00","Belgium (BE)","633.10","474.10","406.45","570.52"
"11/03/2024 21:00:00 - 11/03/2024 22:00:00","Belgium (BE)","612.15","477.10","387.18","555.91"
"11/03/2024 22:00:00 - 11/03/2024 23:00:00","Belgium (BE)","587.80","470.75","395.53","521.64"
"11/03/2024 23:00:00 - 12/03/2024 00:00:00","Belgium (BE)","575.90","478.03","397.48","544.06"
"12/03/2024 00:00:00 - 12/03/2024 01:00:00","Belgium (BE)","386.63","423.08","423.08","588.02"
"12/03/2024 01:00:00 - 12/03/2024 02:00:00","Belgium (BE)","390.55","436.53","436.53","586.71"
"12/03/2024 02:00:00 - 12/03/2024 03:00:00","Belgium (BE)","411.05","447.65","447.65","536.92"
"12/03/2024 03:00:00 - 12/03/2024 04:00:00","Belgium (BE)","436.38","464.30","464.30","491.25"
"12/03/2024 04:00:00 - 12/03/2024 05:00:00","Belgium (BE)","453.20","461.85","461.85","411.81"
"12/03/2024 05:00:00 - 12/03/2024 06:00:00","Belgium (BE)","461.80","423.33","423.33","370.00"
"12/03/2024 06:00:00 - 12/03/2024 07:00:00","Belgium (BE)","450.40","381.73","381.73","323.75"
"12/03/2024 07:00:00 - 12/03/2024 08:00:00","Belgium (BE)","414.08","363.90","363.90","290.59"
"12/03/2024 08:00:00 - 12/03/2024 09:00:00","Belgium (BE)","371.83","335.08","327.95","285.00"
"12/03/2024 09:00:00 - 12/03/2024 10:00:00","Belgium (BE)","374.95","330.58","355.00","272.88"
"12/03/2024 10:00:00 - 12/03/2024 11:00:00","Belgium (BE)","388.58","350.25","403.25","272.55"
"12/03/2024 11:00:00 - 12/03/2024 12:00:00","Belgium (BE)","379.95","387.05","441.55","339.37"
"12/03/2024 12:00:00 - 12/03/2024 13:00:00","Belgium (BE)","400.45","454.80","555.75","494.56"
"12/03/2024 13:00:00 - 12/03/2024 14:00:00","Belgium (BE)","431.28","533.40","628.73","636.99"
"12/03/2024 14:00:00 - 12/03/2024 15:00:00","Belgium (BE)","444.58","612.38","787.78","737.67"
"12/03/2024 15:00:00 - 12/03/2024 16:00:00","Belgium (BE)","443.93","647.68","854.45","824.81"
"12/03/2024 16:00:00 - 12/03/2024 17:00:00","Belgium (BE)","435.75","650.60","844.83","844.99"
"12/03/2024 17:00:00 - 12/03/2024 18:00:00","Belgium (BE)","439.20","668.88","840.13","863.30"
"12/03/2024 18:00:00 - 12/03/2024 19:00:00","Belgium (BE)","459.08","678.80","844.63","892.09"
"12/03/2024 19:00:00 - 12/03/2024 20:00:00","Belgium (BE)","493.05","667.93","883.78","913.61"
"12/03/2024 20:00:00 - 12/03/2024 21:00:00","Belgium (BE)","537.90","659.93","840.33","891.90"
"12/03/2024 21:00:00 - 12/03/2024 22:00:00","Belgium (BE)","569.23","652.83","792.28","874.17"
"12/03/2024 22:00:00 - 12/03/2024 23:00:00","Belgium (BE)","577.28","638.25","765.95","909.68"
"12/03/2024 23:00:00 - 13/03/2024 00:00:00","Belgium (BE)","571.45","640.58","759.18","963.38"
"13/03/2024 00:00:00 - 13/03/2024 01:00:00","Belgium (BE)","744.78","857.33","857.33","1031.13"
"13/03/2024 01:00:00 - 13/03/2024 02:00:00","Belgium (BE)","732.38","842.48","842.48","1053.78"
"13/03/2024 02:00:00 - 13/03/2024 03:00:00","Belgium (BE)","737.30","904.93","904.93","1055.16"
"13/03/2024 03:00:00 - 13/03/2024 04:00:00","Belgium (BE)","745.23","893.65","893.65","1060.39"
"13/03/2024 04:00:00 - 13/03/2024 05:00:00","Belgium (BE)","702.63","848.90","848.90","1000.25"
"13/03/2024 05:00:00 - 13/03/2024 06:00:00","Belgium (BE)","615.60","771.30","771.30","837.84"
"13/03/2024 06:00:00 - 13/03/2024 07:00:00","Belgium (BE)","538.98","696.45","696.45","705.90"
"13/03/2024 07:00:00 - 13/03/2024 08:00:00","Belgium (BE)","496.53","636.25","636.25","630.26"
"13/03/2024 08:00:00 - 13/03/2024 09:00:00","Belgium (BE)","487.35","617.98","617.30","621.83"
"13/03/2024 09:00:00 - 13/03/2024 10:00:00","Belgium (BE)","536.60","660.15","669.53","659.22"
"13/03/2024 10:00:00 - 13/03/2024 11:00:00","Belgium (BE)","619.25","702.03","744.05","685.63"
"13/03/2024 11:00:00 - 13/03/2024 12:00:00","Belgium (BE)","679.15","718.98","755.05","751.92"
"13/03/2024 12:00:00 - 13/03/2024 13:00:00","Belgium (BE)","730.18","727.03","757.83","776.44"
"13/03/2024 13:00:00 - 13/03/2024 14:00:00","Belgium (BE)","753.48","735.75","753.40","789.23"
"13/03/2024 14:00:00 - 13/03/2024 15:00:00","Belgium (BE)","746.98","734.40","739.43","783.46"
"13/03/2024 15:00:00 - 13/03/2024 16:00:00","Belgium (BE)","720.93","694.93","689.75","787.55"
"13/03/2024 16:00:00 - 13/03/2024 17:00:00","Belgium (BE)","629.93","615.85","600.15","788.52"
"13/03/2024 17:00:00 - 13/03/2024 18:00:00","Belgium (BE)","520.38","527.78","517.90","674.39"
"13/03/2024 18:00:00 - 13/03/2024 19:00:00","Belgium (BE)","476.43","486.53","493.73","538.54"
"13/03/2024 19:00:00 - 13/03/2024 20:00:00","Belgium (BE)","503.13","505.38","503.63","492.03"
"13/03/2024 20:00:00 - 13/03/2024 21:00:00","Belgium (BE)","557.03","553.48","523.58","548.08"
"13/03/2024 21:00:00 - 13/03/2024 22:00:00","Belgium (BE)","598.68","598.68","555.58","669.31"
"13/03/2024 22:00:00 - 13/03/2024 23:00:00","Belgium (BE)","623.68","632.00","583.98","778.75"
"13/03/2024 23:00:00 - 14/03/2024 00:00:00","Belgium (BE)","639.33","654.25","596.75","836.53"
"14/03/2024 00:00:00 - 14/03/2024 01:00:00","Belgium (BE)","604.70","725.43","725.43","877.97"
"14/03/2024 01:00:00 - 14/03/2024 02:00:00","Belgium (BE)","628.65","751.20","751.20","867.48"
"14/03/2024 02:00:00 - 14/03/2024 03:00:00","Belgium (BE)","649.90","729.20","729.20","844.13"
"14/03/2024 03:00:00 - 14/03/2024 04:00:00","Belgium (BE)","646.95","728.05","728.05","773.69"
"14/03/2024 04:00:00 - 14/03/2024 05:00:00","Belgium (BE)","640.48","725.53","725.53","788.91"
"14/03/2024 05:00:00 - 14/03/2024 06:00:00","Belgium (BE)","648.10","729.98","729.98","796.66"
"14/03/2024 06:00:00 - 14/03/2024 07:00:00","Belgium (BE)","660.23","732.60","732.60","772.54"
"14/03/2024 07:00:00 - 14/03/2024 08:00:00","Belgium (BE)","674.00","760.38","760.38","816.05"
"14/03/2024 08:00:00 - 14/03/2024 09:00:00","Belgium (BE)","733.30","815.90","809.40","703.56"
"14/03/2024 09:00:00 - 14/03/2024 10:00:00","Belgium (BE)","639.63","700.20","623.15","552.35"
"14/03/2024 10:00:00 - 14/03/2024 11:00:00","Belgium (BE)","536.60","567.30","506.28","591.01"
"14/03/2024 11:00:00 - 14/03/2024 12:00:00","Belgium (BE)","581.15","573.68","520.35","525.35"
"14/03/2024 12:00:00 - 14/03/2024 13:00:00","Belgium (BE)","615.55","585.35","538.18","475.14"
"14/03/2024 13:00:00 - 14/03/2024 14:00:00","Belgium (BE)","628.93","582.33","511.55","449.83"
"14/03/2024 14:00:00 - 14/03/2024 15:00:00","Belgium (BE)","632.93","576.50","433.65","430.09"
"14/03/2024 15:00:00 - 14/03/2024 16:00:00","Belgium (BE)","642.18","581.25","440.85","448.60"
"14/03/2024 16:00:00 - 14/03/2024 17:00:00","Belgium (BE)","653.55","593.55","489.23","479.14"
"14/03/2024 17:00:00 - 14/03/2024 18:00:00","Belgium (BE)","688.80","642.68","573.83","469.18"
"14/03/2024 18:00:00 - 14/03/2024 19:00:00","Belgium (BE)","759.95","737.90","693.93","553.15"
"14/03/2024 19:00:00 - 14/03/2024 20:00:00","Belgium (BE)","840.83","858.15","758.20","688.96"
"14/03/2024 20:00:00 - 14/03/2024 21:00:00","Belgium (BE)","904.98","960.15","810.55","834.50"
"14/03/2024 21:00:00 - 14/03/2024 22:00:00","Belgium (BE)","969.90","1023.98","906.73","969.11"
"14/03/2024 22:00:00 - 14/03/2024 23:00:00","Belgium (BE)","1049.55","1065.38","997.90","1121.18"
"14/03/2024 23:00:00 - 15/03/2024 00:00:00","Belgium (BE)","1097.80","1093.18","1072.25","1187.88"
"15/03/2024 00:00:00 - 15/03/2024 01:00:00","Belgium (BE)","1128.58","1093.03","1093.03","1209.57"
"15/03/2024 01:00:00 - 15/03/2024 02:00:00","Belgium (BE)","1151.20","1131.05","1131.05","1234.30"
"15/03/2024 02:00:00 - 15/03/2024 03:00:00","Belgium (BE)","1154.05","1135.48","1135.48","1157.56"
"15/03/2024 03:00:00 - 15/03/2024 04:00:00","Belgium (BE)","1153.13","1149.00","1149.00","1071.84"
"15/03/2024 04:00:00 - 15/03/2024 05:00:00","Belgium (BE)","1122.78","1124.33","1124.33","1046.21"
"15/03/2024 05:00:00 - 15/03/2024 06:00:00","Belgium (BE)","1078.85","1061.48","1061.48","1032.50"
"15/03/2024 06:00:00 - 15/03/2024 07:00:00","Belgium (BE)","1059.95","1019.70","1019.70","941.03"
"15/03/2024 07:00:00 - 15/03/2024 08:00:00","Belgium (BE)","1056.70","1057.25","1057.25","1013.21"
"15/03/2024 08:00:00 - 15/03/2024 09:00:00","Belgium (BE)","1117.10","1173.18","1139.10","1054.67"
"15/03/2024 09:00:00 - 15/03/2024 10:00:00","Belgium (BE)","1265.83","1325.60","1270.48","1205.58"
"15/03/2024 10:00:00 - 15/03/2024 11:00:00","Belgium (BE)","1419.03","1423.40","1336.38","1402.76"
"15/03/2024 11:00:00 - 15/03/2024 12:00:00","Belgium (BE)","1486.83","1477.43","1424.40","1459.70"
"15/03/2024 12:00:00 - 15/03/2024 13:00:00","Belgium (BE)","1485.50","1502.10","1520.55","1547.55"
"15/03/2024 13:00:00 - 15/03/2024 14:00:00","Belgium (BE)","1490.63","1492.53","1564.48","1548.33"
"15/03/2024 14:00:00 - 15/03/2024 15:00:00","Belgium (BE)","1499.38","1488.40","1575.28","1503.40"
"15/03/2024 15:00:00 - 15/03/2024 16:00:00","Belgium (BE)","1442.28","1428.70","1507.00","1361.76"
"15/03/2024 16:00:00 - 15/03/2024 17:00:00","Belgium (BE)","1329.33","1279.38","1351.98","1352.82"
"15/03/2024 17:00:00 - 15/03/2024 18:00:00","Belgium (BE)","1194.15","1143.63","1146.88","1106.83"
"15/03/2024 18:00:00 - 15/03/2024 19:00:00","Belgium (BE)","1082.83","1054.43","1105.13","1045.84"
"15/03/2024 19:00:00 - 15/03/2024 20:00:00","Belgium (BE)","1043.23","1003.28","991.83","1020.03"
"15/03/2024 20:00:00 - 15/03/2024 21:00:00","Belgium (BE)","1050.75","997.00","959.38","1001.02"
"15/03/2024 21:00:00 - 15/03/2024 22:00:00","Belgium (BE)","1062.40","976.93","985.15","1002.92"
"15/03/2024 22:00:00 - 15/03/2024 23:00:00","Belgium (BE)","1069.60","940.83","991.23","1109.71"
"15/03/2024 23:00:00 - 16/03/2024 00:00:00","Belgium (BE)","1092.28","909.15","982.73","1018.93"
"16/03/2024 00:00:00 - 16/03/2024 01:00:00","Belgium (BE)","989.60","963.28","963.28","989.21"
"16/03/2024 01:00:00 - 16/03/2024 02:00:00","Belgium (BE)","980.20","908.23","908.23","939.06"
"16/03/2024 02:00:00 - 16/03/2024 03:00:00","Belgium (BE)","903.03","905.63","905.63","846.22"
"16/03/2024 03:00:00 - 16/03/2024 04:00:00","Belgium (BE)","790.05","788.45","788.45","688.44"
"16/03/2024 04:00:00 - 16/03/2024 05:00:00","Belgium (BE)","719.60","703.95","703.95","719.74"
"16/03/2024 05:00:00 - 16/03/2024 06:00:00","Belgium (BE)","659.80","634.63","634.63","618.76"
"16/03/2024 06:00:00 - 16/03/2024 07:00:00","Belgium (BE)","587.58","611.78","611.78","603.55"
"16/03/2024 07:00:00 - 16/03/2024 08:00:00","Belgium (BE)","483.95","487.23","487.23","514.03"
"16/03/2024 08:00:00 - 16/03/2024 09:00:00","Belgium (BE)","382.88","396.83","411.40","412.62"
"16/03/2024 09:00:00 - 16/03/2024 10:00:00","Belgium (BE)","320.08","348.38","314.75","328.91"
"16/03/2024 10:00:00 - 16/03/2024 11:00:00","Belgium (BE)","267.23","300.03","293.20","246.02"
"16/03/2024 11:00:00 - 16/03/2024 12:00:00","Belgium (BE)","214.88","249.78","255.28","195.23"
"16/03/2024 12:00:00 - 16/03/2024 13:00:00","Belgium (BE)","175.85","208.95","209.13","145.32"
"16/03/2024 13:00:00 - 16/03/2024 14:00:00","Belgium (BE)","143.35","180.80","166.13","96.79"
"16/03/2024 14:00:00 - 16/03/2024 15:00:00","Belgium (BE)","119.10","150.28","112.03","72.57"
"16/03/2024 15:00:00 - 16/03/2024 16:00:00","Belgium (BE)","96.03","111.30","76.13","47.56"
"16/03/2024 16:00:00 - 16/03/2024 17:00:00","Belgium (BE)","74.13","78.63","64.78","23.18"
"16/03/2024 17:00:00 - 16/03/2024 18:00:00","Belgium (BE)","42.85","51.88","35.70","10.15"
"16/03/2024 18:00:00 - 16/03/2024 19:00:00","Belgium (BE)","21.40","38.30","14.48","8.05"
"16/03/2024 19:00:00 - 16/03/2024 20:00:00","Belgium (BE)","22.75","41.20","16.08","27.02"
"16/03/2024 20:00:00 - 16/03/2024 21:00:00","Belgium (BE)","40.55","57.18","39.25","63.80"
"16/03/2024 21:00:00 - 16/03/2024 22:00:00","Belgium (BE)","90.78","93.55","82.40","128.61"
"16/03/2024 22:00:00 - 16/03/2024 23:00:00","Belgium (BE)","170.98","154.40","161.33","236.18"
"16/03/2024 23:00:00 - 17/03/2024 00:00:00","Belgium (BE)","294.95","248.58","271.65","406.63"
"17/03/2024 00:00:00 - 17/03/2024 01:00:00","Belgium (BE)","387.20","463.33","463.33","525.86"
"17/03/2024 01:00:00 - 17/03/2024 02:00:00","Belgium (BE)","468.53","560.85","560.85","566.09"
"17/03/2024 02:00:00 - 17/03/2024 03:00:00","Belgium (BE)","502.20","597.60","597.60","626.63"
"17/03/2024 03:00:00 - 17/03/2024 04:00:00","Belgium (BE)","514.50","632.73","632.73","657.05"
"17/03/2024 04:00:00 - 17/03/2024 05:00:00","Belgium (BE)","535.78","640.70","640.70","631.68"
"17/03/2024 05:00:00 - 17/03/2024 06:00:00","Belgium (BE)","572.98","664.85","664.85","679.02"
"17/03/2024 06:00:00 - 17/03/2024 07:00:00","Belgium (BE)","606.13","685.55","685.55","725.97"
"17/03/2024 07:00:00 - 17/03/2024 08:00:00","Belgium (BE)","618.75","704.90","704.90","713.58"
"17/03/2024 08:00:00 - 17/03/2024 09:00:00","Belgium (BE)","648.83","712.33","726.88","602.75"
"17/03/2024 09:00:00 - 17/03/2024 10:00:00","Belgium (BE)","610.93","655.48","612.53","498.82"
"17/03/2024 10:00:00 - 17/03/2024 11:00:00","Belgium (BE)","521.88","563.93","464.70","385.38"
"17/03/2024 11:00:00 - 17/03/2024 12:00:00","Belgium (BE)","491.30","528.68","447.30","348.14"
"17/03/2024 12:00:00 - 17/03/2024 13:00:00","Belgium (BE)","513.88","543.73","454.03","325.51"
"17/03/2024 13:00:00 - 17/03/2024 14:00:00","Belgium (BE)","537.63","586.35","497.65","420.34"
"17/03/2024 14:00:00 - 17/03/2024 15:00:00","Belgium (BE)","552.45","635.10","528.10","513.03"
"17/03/2024 15:00:00 - 17/03/2024 16:00:00","Belgium (BE)","572.00","688.98","561.53","629.57"
"17/03/2024 16:00:00 - 17/03/2024 17:00:00","Belgium (BE)","591.88","705.53","577.68","595.47"
"17/03/2024 17:00:00 - 17/03/2024 18:00:00","Belgium (BE)","617.75","677.10","622.13","594.73"
"17/03/2024 18:00:00 - 17/03/2024 19:00:00","Belgium (BE)","650.50","643.63","610.65","638.09"
"17/03/2024 19:00:00 - 17/03/2024 20:00:00","Belgium (BE)","649.08","617.10","604.10","629.93"
"17/03/2024 20:00:00 - 17/03/2024 21:00:00","Belgium (BE)","618.18","581.30","595.45","581.82"
"17/03/2024 21:00:00 - 17/03/2024 22:00:00","Belgium (BE)","570.98","535.55","552.10","500.16"
"17/03/2024 22:00:00 - 17/03/2024 23:00:00","Belgium (BE)","497.73","481.08","489.73","409.98"
"17/03/2024 23:00:00 - 18/03/2024 00:00:00","Belgium (BE)","419.25","428.68","423.35","347.72"
"18/03/2024 00:00:00 - 18/03/2024 01:00:00","Belgium (BE)","361.00","293.20","293.20","348.63"
"18/03/2024 01:00:00 - 18/03/2024 02:00:00","Belgium (BE)","304.83","237.95","237.95","361.05"
"18/03/2024 02:00:00 - 18/03/2024 03:00:00","Belgium (BE)","252.55","244.63","244.63","322.56"
"18/03/2024 03:00:00 - 18/03/2024 04:00:00","Belgium (BE)","212.53","216.13","216.13","273.99"
"18/03/2024 04:00:00 - 18/03/2024 05:00:00","Belgium (BE)","201.53","194.60","194.60","301.84"
"18/03/2024 05:00:00 - 18/03/2024 06:00:00","Belgium (BE)","201.13","181.08","181.08","271.24"
"18/03/2024 06:00:00 - 18/03/2024 07:00:00","Belgium (BE)","202.23","182.63","182.63","194.03"
"18/03/2024 07:00:00 - 18/03/2024 08:00:00","Belgium (BE)","208.30","184.23","184.23","155.77"
"18/03/2024 08:00:00 - 18/03/2024 09:00:00","Belgium (BE)","216.68","189.45","169.55","125.75"
"18/03/2024 09:00:00 - 18/03/2024 10:00:00","Belgium (BE)","212.45","181.70","188.75","112.14"
"18/03/2024 10:00:00 - 18/03/2024 11:00:00","Belgium (BE)","188.83","165.73","196.65","104.42"
"18/03/2024 11:00:00 - 18/03/2024 12:00:00","Belgium (BE)","171.55","161.23","187.53","111.75"
"18/03/2024 12:00:00 - 18/03/2024 13:00:00","Belgium (BE)","176.48","178.00","206.15","149.19"
"18/03/2024 13:00:00 - 18/03/2024 14:00:00","Belgium (BE)","197.40","201.65","237.48","204.06"
"18/03/2024 14:00:00 - 18/03/2024 15:00:00","Belgium (BE)","214.63","213.15","258.53","255.43"
"18/03/2024 15:00:00 - 18/03/2024 16:00:00","Belgium (BE)","206.28","209.85","256.68","278.77"
"18/03/2024 16:00:00 - 18/03/2024 17:00:00","Belgium (BE)","171.83","185.48","219.63","225.60"
"18/03/2024 17:00:00 - 18/03/2024 18:00:00","Belgium (BE)","125.30","140.18","152.90","166.69"
"18/03/2024 18:00:00 - 18/03/2024 19:00:00","Belgium (BE)","83.38","109.00","113.15","135.97"
"18/03/2024 19:00:00 - 18/03/2024 20:00:00","Belgium (BE)","64.48","85.63","103.73","133.25"
"18/03/2024 20:00:00 - 18/03/2024 21:00:00","Belgium (BE)","52.70","74.25","97.90","128.35"
"18/03/2024 21:00:00 - 18/03/2024 22:00:00","Belgium (BE)","52.13","65.80","80.48","145.60"
"18/03/2024 22:00:00 - 18/03/2024 23:00:00","Belgium (BE)","63.80","65.43","79.23","124.47"
"18/03/2024 23:00:00 - 19/03/2024 00:00:00","Belgium (BE)","93.70","93.05","104.25","127.41"
"19/03/2024 00:00:00 - 19/03/2024 01:00:00","Belgium (BE)","147.85","171.83","171.83","166.85"
"19/03/2024 01:00:00 - 19/03/2024 02:00:00","Belgium (BE)","201.93","214.83","214.83","218.35"
"19/03/2024 02:00:00 - 19/03/2024 03:00:00","Belgium (BE)","255.98","234.93","234.93","215.31"
"19/03/2024 03:00:00 - 19/03/2024 04:00:00","Belgium (BE)","306.65","287.20","287.20","183.71"
"19/03/2024 04:00:00 - 19/03/2024 05:00:00","Belgium (BE)","345.60","303.00","303.00","163.85"
"19/03/2024 05:00:00 - 19/03/2024 06:00:00","Belgium (BE)","359.30","280.48","280.48","165.12"
"19/03/2024 06:00:00 - 19/03/2024 07:00:00","Belgium (BE)","354.25","259.03","259.03","210.55"
"19/03/2024 07:00:00 - 19/03/2024 08:00:00","Belgium (BE)","336.60","255.58","255.58","268.39"
"19/03/2024 08:00:00 - 19/03/2024 09:00:00","Belgium (BE)","318.15","275.68","304.20","284.41"
"19/03/2024 09:00:00 - 19/03/2024 10:00:00","Belgium (BE)","241.70","222.05","238.80","168.97"
"19/03/2024 10:00:00 - 19/03/2024 11:00:00","Belgium (BE)","187.78","177.23","196.93","123.05"
"19/03/2024 11:00:00 - 19/03/2024 12:00:00","Belgium (BE)","223.28","218.15","186.83","158.84"
"19/03/2024 12:00:00 - 19/03/2024 13:00:00","Belgium (BE)","294.83","276.50","211.70","238.32"
"19/03/2024 13:00:00 - 19/03/2024 14:00:00","Belgium (BE)","313.00","287.68","217.15","288.80"
"19/03/2024 14:00:00 - 19/03/2024 15:00:00","Belgium (BE)","283.00","265.78","214.60","217.34"
"19/03/2024 15:00:00 - 19/03/2024 16:00:00","Belgium (BE)","245.20","226.33","216.98","189.15"
"19/03/2024 16:00:00 - 19/03/2024 17:00:00","Belgium (BE)","196.93","175.25","157.13","154.37"
"19/03/2024 17:00:00 - 19/03/2024 18:00:00","Belgium (BE)","138.10","103.68","98.83","86.75"
"19/03/2024 18:00:00 - 19/03/2024 19:00:00","Belgium (BE)","99.60","59.20","72.25","74.66"
"19/03/2024 19:00:00 - 19/03/2024 20:00:00","Belgium (BE)","86.85","50.05","55.35","87.30"
"19/03/2024 20:00:00 - 19/03/2024 21:00:00","Belgium (BE)","74.68","41.68","47.58","76.00"
"19/03/2024 21:00:00 - 19/03/2024 22:00:00","Belgium (BE)","63.88","41.80","39.43","58.50"
"19/03/2024 22:00:00 - 19/03/2024 23:00:00","Belgium (BE)","55.80","37.88","35.05","39.64"
"19/03/2024 23:00:00 - 20/03/2024 00:00:00","Belgium (BE)","50.68","34.50","33.93","39.49"
"20/03/2024 00:00:00 - 20/03/2024 01:00:00","Belgium (BE)","35.43","34.78","34.78","48.52"
"20/03/2024 01:00:00 - 20/03/2024 02:00:00","Belgium (BE)","37.33","40.78","40.78","47.15"
"20/03/2024 02:00:00 - 20/03/2024 03:00:00","Belgium (BE)","44.58","64.83","64.83","47.76"
"20/03/2024 03:00:00 - 20/03/2024 04:00:00","Belgium (BE)","61.18","77.88","77.88","47.13"
"20/03/2024 04:00:00 - 20/03/2024 05:00:00","Belgium (BE)","68.15","92.13","92.13","71.36"
"20/03/2024 05:00:00 - 20/03/2024 06:00:00","Belgium (BE)","67.58","101.35","101.35","107.61"
"20/03/2024 06:00:00 - 20/03/2024 07:00:00","Belgium (BE)","79.85","116.45","116.45","139.38"
"20/03/2024 07:00:00 - 20/03/2024 08:00:00","Belgium (BE)","105.03","152.08","152.08","153.05"
"20/03/2024 08:00:00 - 20/03/2024 09:00:00","Belgium (BE)","125.50","172.85","158.08","140.12"
"20/03/2024 09:00:00 - 20/03/2024 10:00:00","Belgium (BE)","108.58","156.23","144.10","87.04"
"20/03/2024 10:00:00 - 20/03/2024 11:00:00","Belgium (BE)","50.60","91.43","97.33","44.36"
"20/03/2024 11:00:00 - 20/03/2024 12:00:00","Belgium (BE)","17.40","58.95","59.85","39.33"
"20/03/2024 12:00:00 - 20/03/2024 13:00:00","Belgium (BE)","14.30","58.68","41.73","31.02"
"20/03/2024 13:00:00 - 20/03/2024 14:00:00","Belgium (BE)","13.68","64.98","47.38","25.44"
"20/03/2024 14:00:00 - 20/03/2024 15:00:00","Belgium (BE)","13.25","64.13","41.53","22.76"
"20/03/2024 15:00:00 - 20/03/2024 16:00:00","Belgium (BE)","12.23","41.45","35.68","16.27"
"20/03/2024 16:00:00 - 20/03/2024 17:00:00","Belgium (BE)","9.58","16.83","24.05","9.19"
"20/03/2024 17:00:00 - 20/03/2024 18:00:00","Belgium (BE)","9.43","11.60","17.65","4.57"
"20/03/2024 18:00:00 - 20/03/2024 19:00:00","Belgium (BE)","22.68","14.85","16.88","5.54"
"20/03/2024 19:00:00 - 20/03/2024 20:00:00","Belgium (BE)","47.53","19.93","26.05","15.42"
"20/03/2024 20:00:00 - 20/03/2024 21:00:00","Belgium (BE)","69.40","23.60","34.98","26.69"
"20/03/2024 21:00:00 - 20/03/2024 22:00:00","Belgium (BE)","83.10","23.60","49.80","57.25"
"20/03/2024 22:00:00 - 20/03/2024 23:00:00","Belgium (BE)","85.50","28.10","62.85","97.04"
"20/03/2024 23:00:00 - 21/03/2024 00:00:00","Belgium (BE)","81.70","27.90","65.83","139.06"
"21/03/2024 00:00:00 - 21/03/2024 01:00:00","Belgium (BE)","84.58","102.30","102.30","135.83"
"21/03/2024 01:00:00 - 21/03/2024 02:00:00","Belgium (BE)","141.63","193.28","193.28","177.83"
"21/03/2024 02:00:00 - 21/03/2024 03:00:00","Belgium (BE)","223.78","185.98","185.98","270.00"
"21/03/2024 03:00:00 - 21/03/2024 04:00:00","Belgium (BE)","260.90","252.78","252.78","302.67"
"21/03/2024 04:00:00 - 21/03/2024 05:00:00","Belgium (BE)","286.50","309.28","309.28","380.57"
"21/03/2024 05:00:00 - 21/03/2024 06:00:00","Belgium (BE)","339.38","372.50","372.50","407.74"
"21/03/2024 06:00:00 - 21/03/2024 07:00:00","Belgium (BE)","349.95","333.43","333.43","396.75"
"21/03/2024 07:00:00 - 21/03/2024 08:00:00","Belgium (BE)","312.25","274.13","274.13","262.62"
"21/03/2024 08:00:00 - 21/03/2024 09:00:00","Belgium (BE)","245.05","180.08","211.60","159.82"
"21/03/2024 09:00:00 - 21/03/2024 10:00:00","Belgium (BE)","180.40","96.18","103.70","73.44"
"21/03/2024 10:00:00 - 21/03/2024 11:00:00","Belgium (BE)","155.88","56.35","62.53","35.18"
"21/03/2024 11:00:00 - 21/03/2024 12:00:00","Belgium (BE)","153.98","46.23","51.68","47.16"
"21/03/2024 12:00:00 - 21/03/2024 13:00:00","Belgium (BE)","166.03","51.85","55.55","67.27"
"21/03/2024 13:00:00 - 21/03/2024 14:00:00","Belgium (BE)","160.68","59.65","67.88","76.81"
"21/03/2024 14:00:00 - 21/03/2024 15:00:00","Belgium (BE)","133.08","80.45","92.78","89.30"
"21/03/2024 15:00:00 - 21/03/2024 16:00:00","Belgium (BE)","117.55","114.53","90.85","103.01"
"21/03/2024 16:00:00 - 21/03/2024 17:00:00","Belgium (BE)","121.83","134.78","85.08","122.73"
"21/03/2024 17:00:00 - 21/03/2024 18:00:00","Belgium (BE)","129.35","128.35","82.63","102.28"
"21/03/2024 18:00:00 - 21/03/2024 19:00:00","Belgium (BE)","124.38","113.80","103.85","100.77"
"21/03/2024 19:00:00 - 21/03/2024 20:00:00","Belgium (BE)","122.95","132.58","142.03","189.18"
"21/03/2024 20:00:00 - 21/03/2024 21:00:00","Belgium (BE)","157.85","204.58","223.00","387.96"
"21/03/2024 21:00:00 - 21/03/2024 22:00:00","Belgium (BE)","235.80","309.00","331.50","537.99"
"21/03/2024 22:00:00 - 21/03/2024 23:00:00","Belgium (BE)","348.73","415.33","438.13","602.03"
"21/03/2024 23:00:00 - 22/03/2024 00:00:00","Belgium (BE)","442.55","499.68","500.60","616.06"
"22/03/2024 00:00:00 - 22/03/2024 01:00:00","Belgium (BE)","538.05","620.28","620.28","600.72"
"22/03/2024 01:00:00 - 22/03/2024 02:00:00","Belgium (BE)","565.15","607.55","607.55","649.87"
"22/03/2024 02:00:00 - 22/03/2024 03:00:00","Belgium (BE)","592.45","634.18","634.18","688.03"
"22/03/2024 03:00:00 - 22/03/2024 04:00:00","Belgium (BE)","629.50","679.78","679.78","654.96"
"22/03/2024 04:00:00 - 22/03/2024 05:00:00","Belgium (BE)","681.65","692.95","692.95","701.22"
"22/03/2024 05:00:00 - 22/03/2024 06:00:00","Belgium (BE)","735.35","684.40","684.40","757.25"
"22/03/2024 06:00:00 - 22/03/2024 07:00:00","Belgium (BE)","753.70","707.13","707.13","758.37"
"22/03/2024 07:00:00 - 22/03/2024 08:00:00","Belgium (BE)","733.80","752.73","752.73","844.81"
"22/03/2024 08:00:00 - 22/03/2024 09:00:00","Belgium (BE)","732.05","777.40","800.15","851.17"
"22/03/2024 09:00:00 - 22/03/2024 10:00:00","Belgium (BE)","753.13","775.40","786.93","798.10"
"22/03/2024 10:00:00 - 22/03/2024 11:00:00","Belgium (BE)","740.93","729.30","784.50","694.70"
"22/03/2024 11:00:00 - 22/03/2024 12:00:00","Belgium (BE)","690.60","699.40","733.50","651.85"
"22/03/2024 12:00:00 - 22/03/2024 13:00:00","Belgium (BE)","639.30","668.20","694.58","553.50"
"22/03/2024 13:00:00 - 22/03/2024 14:00:00","Belgium (BE)","574.28","587.38","588.33","444.52"
"22/03/2024 14:00:00 - 22/03/2024 15:00:00","Belgium (BE)","505.55","492.20","490.13","390.59"
"22/03/2024 15:00:00 - 22/03/2024 16:00:00","Belgium (BE)","442.83","413.30","375.90","344.17"
"22/03/2024 16:00:00 - 22/03/2024 17:00:00","Belgium (BE)","386.65","335.78","304.80","327.95"
"22/03/2024 17:00:00 - 22/03/2024 18:00:00","Belgium (BE)","341.15","269.43","247.15","297.71"
"22/03/2024 18:00:00 - 22/03/2024 19:00:00","Belgium (BE)","274.23","226.70","230.00","267.94"
"22/03/2024 19:00:00 - 22/03/2024 20:00:00","Belgium (BE)","223.20","202.73","209.75","175.12"
"22/03/2024 20:00:00 - 22/03/2024 21:00:00","Belgium (BE)","218.28","204.55","195.40","131.82"
"22/03/2024 21:00:00 - 22/03/2024 22:00:00","Belgium (BE)","225.35","218.30","179.85","137.16"
"22/03/2024 22:00:00 - 22/03/2024 23:00:00","Belgium (BE)","227.53","243.23","213.08","211.96"
"22/03/2024 23:00:00 - 23/03/2024 00:00:00","Belgium (BE)","260.10","269.20","275.45","237.19"
"23/03/2024 00:00:00 - 23/03/2024 01:00:00","Belgium (BE)","301.58","352.53","352.53","275.01"
"23/03/2024 01:00:00 - 23/03/2024 02:00:00","Belgium (BE)","347.20","378.45","378.45","498.41"
"23/03/2024 02:00:00 - 23/03/2024 03:00:00","Belgium (BE)","397.88","418.35","418.35","429.76"
"23/03/2024 03:00:00 - 23/03/2024 04:00:00","Belgium (BE)","451.15","570.53","570.53","432.26"
"23/03/2024 04:00:00 - 23/03/2024 05:00:00","Belgium (BE)","554.83","543.03","543.03","521.16"
"23/03/2024 05:00:00 - 23/03/2024 06:00:00","Belgium (BE)","690.95","633.73","633.73","697.98"
"23/03/2024 06:00:00 - 23/03/2024 07:00:00","Belgium (BE)","783.75","689.95","689.95","855.70"
"23/03/2024 07:00:00 - 23/03/2024 08:00:00","Belgium (BE)","865.53","805.20","805.20","864.08"
"23/03/2024 08:00:00 - 23/03/2024 09:00:00","Belgium (BE)","989.50","916.58","956.93","901.40"
"23/03/2024 09:00:00 - 23/03/2024 10:00:00","Belgium (BE)","1117.68","1012.33","1100.10","1075.59"
"23/03/2024 10:00:00 - 23/03/2024 11:00:00","Belgium (BE)","1271.23","1158.03","1206.00","1323.97"
"23/03/2024 11:00:00 - 23/03/2024 12:00:00","Belgium (BE)","1410.85","1314.15","1312.65","1446.91"
"23/03/2024 12:00:00 - 23/03/2024 13:00:00","Belgium (BE)","1470.68","1384.53","1374.90","1333.78"
"23/03/2024 13:00:00 - 23/03/2024 14:00:00","Belgium (BE)","1450.65","1367.28","1346.35","1321.06"
"23/03/2024 14:00:00 - 23/03/2024 15:00:00","Belgium (BE)","1426.30","1353.40","1320.25","1201.42"
"23/03/2024 15:00:00 - 23/03/2024 16:00:00","Belgium (BE)","1367.03","1307.33","1258.38","1158.95"
"23/03/2024 16:00:00 - 23/03/2024 17:00:00","Belgium (BE)","1254.63","1218.00","1129.18","1076.54"
"23/03/2024 17:00:00 - 23/03/2024 18:00:00","Belgium (BE)","1126.80","1070.45","985.33","1158.14"
"23/03/2024 18:00:00 - 23/03/2024 19:00:00","Belgium (BE)","960.85","893.45","838.05","1005.97"
"23/03/2024 19:00:00 - 23/03/2024 20:00:00","Belgium (BE)","876.10","806.40","837.83","875.34"
"23/03/2024 20:00:00 - 23/03/2024 21:00:00","Belgium (BE)","901.83","800.85","883.60","870.18"
"23/03/2024 21:00:00 - 23/03/2024 22:00:00","Belgium (BE)","991.28","870.20","931.33","929.34"
"23/03/2024 22:00:00 - 23/03/2024 23:00:00","Belgium (BE)","1105.05","978.68","1016.30","1025.04"
"23/03/2024 23:00:00 - 24/03/2024 00:00:00","Belgium (BE)","1195.28","1090.98","1126.13","1077.53"
"24/03/2024 00:00:00 - 24/03/2024 01:00:00","Belgium (BE)","1255.78","1222.95","1222.95","1356.25"
"24/03/2024 01:00:00 - 24/03/2024 02:00:00","Belgium (BE)","1397.95","1354.75","1354.75","1462.48"
"24/03/2024 02:00:00 - 24/03/2024 03:00:00","Belgium (BE)","1519.83","1516.93","1516.93","1572.45"
"24/03/2024 03:00:00 - 24/03/2024 04:00:00","Belgium (BE)","1595.25","1588.95","1588.95","1672.80"
"24/03/2024 04:00:00 - 24/03/2024 05:00:00","Belgium (BE)","1632.13","1641.25","1641.25","1677.25"
"24/03/2024 05:00:00 - 24/03/2024 06:00:00","Belgium (BE)","1631.40","1651.75","1651.75","1682.62"
"24/03/2024 06:00:00 - 24/03/2024 07:00:00","Belgium (BE)","1587.73","1618.93","1618.93","1664.59"
"24/03/2024 07:00:00 - 24/03/2024 08:00:00","Belgium (BE)","1536.90","1556.38","1556.38","1563.95"
"24/03/2024 08:00:00 - 24/03/2024 09:00:00","Belgium (BE)","1526.00","1551.15","1542.93","1467.78"
"24/03/2024 09:00:00 - 24/03/2024 10:00:00","Belgium (BE)","1594.35","1638.68","1591.30","1556.02"
"24/03/2024 10:00:00 - 24/03/2024 11:00:00","Belgium (BE)","1719.48","1751.95","1694.53","1714.25"
"24/03/2024 11:00:00 - 24/03/2024 12:00:00","Belgium (BE)","1821.63","1814.70","1752.83","1722.69"
"24/03/2024 12:00:00 - 24/03/2024 13:00:00","Belgium (BE)","1874.28","1857.40","1800.85","1783.09"
"24/03/2024 13:00:00 - 24/03/2024 14:00:00","Belgium (BE)","1880.90","1888.95","1826.10","1957.58"
"24/03/2024 14:00:00 - 24/03/2024 15:00:00","Belgium (BE)","1872.20","1877.63","1825.03","1890.55"
"24/03/2024 15:00:00 - 24/03/2024 16:00:00","Belgium (BE)","1817.25","1813.63","1794.63","1891.68"
"24/03/2024 16:00:00 - 24/03/2024 17:00:00","Belgium (BE)","1694.00","1689.08","1629.55","1629.15"
"24/03/2024 17:00:00 - 24/03/2024 18:00:00","Belgium (BE)","1530.08","1467.05","1400.13","1389.95"
"24/03/2024 18:00:00 - 24/03/2024 19:00:00","Belgium (BE)","1299.20","1161.45","1045.73","1084.78"
"24/03/2024 19:00:00 - 24/03/2024 20:00:00","Belgium (BE)","1025.40","868.18","808.35","855.84"
"24/03/2024 20:00:00 - 24/03/2024 21:00:00","Belgium (BE)","814.58","671.55","587.00","619.26"
"24/03/2024 21:00:00 - 24/03/2024 22:00:00","Belgium (BE)","679.68","559.25","487.20","470.51"
"24/03/2024 22:00:00 - 24/03/2024 23:00:00","Belgium (BE)","604.05","484.08","432.20","414.89"
"24/03/2024 23:00:00 - 25/03/2024 00:00:00","Belgium (BE)","562.63","428.18","403.55","358.87"
"25/03/2024 00:00:00 - 25/03/2024 01:00:00","Belgium (BE)","381.98","348.23","348.23","306.37"
"25/03/2024 01:00:00 - 25/03/2024 02:00:00","Belgium (BE)","358.93","307.03","307.03","332.71"
"25/03/2024 02:00:00 - 25/03/2024 03:00:00","Belgium (BE)","332.50","289.35","289.35","292.53"
"25/03/2024 03:00:00 - 25/03/2024 04:00:00","Belgium (BE)","293.43","252.88","252.88","199.97"
"25/03/2024 04:00:00 - 25/03/2024 05:00:00","Belgium (BE)","263.48","233.50","233.50","190.27"
"25/03/2024 05:00:00 - 25/03/2024 06:00:00","Belgium (BE)","253.33","221.78","221.78","229.27"
"25/03/2024 06:00:00 - 25/03/2024 07:00:00","Belgium (BE)","244.93","238.20","238.20","302.54"
"25/03/2024 07:00:00 - 25/03/2024 08:00:00","Belgium (BE)","234.43","244.45","244.45","327.83"
"25/03/2024 08:00:00 - 25/03/2024 09:00:00","Belgium (BE)","222.60","232.43","266.18","287.25"
"25/03/2024 09:00:00 - 25/03/2024 10:00:00","Belgium (BE)","177.43","175.23","212.78","166.30"
"25/03/2024 10:00:00 - 25/03/2024 11:00:00","Belgium (BE)","161.80","153.70","175.48","120.26"
"25/03/2024 11:00:00 - 25/03/2024 12:00:00","Belgium (BE)","204.08","201.83","205.83","159.68"
"25/03/2024 12:00:00 - 25/03/2024 13:00:00","Belgium (BE)","251.08","235.98","214.38","193.74"
"25/03/2024 13:00:00 - 25/03/2024 14:00:00","Belgium (BE)","276.58","250.73","206.75","240.00"
"25/03/2024 14:00:00 - 25/03/2024 15:00:00","Belgium (BE)","297.63","274.93","237.68","262.78"
"25/03/2024 15:00:00 - 25/03/2024 16:00:00","Belgium (BE)","323.73","309.00","304.95","319.54"
"25/03/2024 16:00:00 - 25/03/2024 17:00:00","Belgium (BE)","354.03","348.55","350.08","452.87"
"25/03/2024 17:00:00 - 25/03/2024 18:00:00","Belgium (BE)","388.85","377.60","389.33","508.00"
"25/03/2024 18:00:00 - 25/03/2024 19:00:00","Belgium (BE)","494.70","457.10","491.85","543.04"
"25/03/2024 19:00:00 - 25/03/2024 20:00:00","Belgium (BE)","669.25","643.70","652.38","700.92"
"25/03/2024 20:00:00 - 25/03/2024 21:00:00","Belgium (BE)","801.83","818.60","799.70","833.39"
"25/03/2024 21:00:00 - 25/03/2024 22:00:00","Belgium (BE)","879.78","895.95","861.43","885.32"
"25/03/2024 22:00:00 - 25/03/2024 23:00:00","Belgium (BE)","920.55","927.08","887.55","915.99"
"25/03/2024 23:00:00 - 26/03/2024 00:00:00","Belgium (BE)","928.03","950.65","908.63","933.51"
"26/03/2024 00:00:00 - 26/03/2024 01:00:00","Belgium (BE)","916.15","940.05","940.05","882.79"
"26/03/2024 01:00:00 - 26/03/2024 02:00:00","Belgium (BE)","898.85","903.10","903.10","912.72"
"26/03/2024 02:00:00 - 26/03/2024 03:00:00","Belgium (BE)","860.58","845.05","845.05","886.87"
"26/03/2024 03:00:00 - 26/03/2024 04:00:00","Belgium (BE)","817.30","841.95","841.95","833.15"
"26/03/2024 04:00:00 - 26/03/2024 05:00:00","Belgium (BE)","778.28","794.50","794.50","773.90"
"26/03/2024 05:00:00 - 26/03/2024 06:00:00","Belgium (BE)","745.48","704.60","704.60","703.55"
"26/03/2024 06:00:00 - 26/03/2024 07:00:00","Belgium (BE)","714.48","627.25","627.25","690.13"
"26/03/2024 07:00:00 - 26/03/2024 08:00:00","Belgium (BE)","657.68","564.55","564.55","646.66"
"26/03/2024 08:00:00 - 26/03/2024 09:00:00","Belgium (BE)","591.18","495.98","512.58","478.75"
"26/03/2024 09:00:00 - 26/03/2024 10:00:00","Belgium (BE)","474.98","379.85","395.25","297.60"
"26/03/2024 10:00:00 - 26/03/2024 11:00:00","Belgium (BE)","394.35","298.25","316.18","183.46"
"26/03/2024 11:00:00 - 26/03/2024 12:00:00","Belgium (BE)","415.45","279.58","246.28","143.79"
"26/03/2024 12:00:00 - 26/03/2024 13:00:00","Belgium (BE)","481.60","287.25","259.48","143.55"
"26/03/2024 13:00:00 - 26/03/2024 14:00:00","Belgium (BE)","522.50","341.60","266.03","169.62"
"26/03/2024 14:00:00 - 26/03/2024 15:00:00","Belgium (BE)","494.23","391.88","291.63","211.31"
"26/03/2024 15:00:00 - 26/03/2024 16:00:00","Belgium (BE)","441.55","375.38","305.13","182.15"
"26/03/2024 16:00:00 - 26/03/2024 17:00:00","Belgium (BE)","382.45","312.13","280.18","189.13"
"26/03/2024 17:00:00 - 26/03/2024 18:00:00","Belgium (BE)","320.75","271.23","205.78","254.83"
"26/03/2024 18:00:00 - 26/03/2024 19:00:00","Belgium (BE)","321.38","306.60","263.98","385.73"
"26/03/2024 19:00:00 - 26/03/2024 20:00:00","Belgium (BE)","367.13","408.35","455.35","642.67"
"26/03/2024 20:00:00 - 26/03/2024 21:00:00","Belgium (BE)","417.45","537.68","659.10","856.79"
"26/03/2024 21:00:00 - 26/03/2024 22:00:00","Belgium (BE)","488.13","632.35","731.35","981.44"
"26/03/2024 22:00:00 - 26/03/2024 23:00:00","Belgium (BE)","573.30","670.80","785.95","1018.09"
"26/03/2024 23:00:00 - 27/03/2024 00:00:00","Belgium (BE)","653.75","700.53","851.15","1002.77"
"27/03/2024 00:00:00 - 27/03/2024 01:00:00","Belgium (BE)","906.75","1191.33","1191.33","949.04"
"27/03/2024 01:00:00 - 27/03/2024 02:00:00","Belgium (BE)","947.28","1137.25","1137.25","1165.67"
"27/03/2024 02:00:00 - 27/03/2024 03:00:00","Belgium (BE)","891.28","925.93","925.93","1097.51"
"27/03/2024 03:00:00 - 27/03/2024 04:00:00","Belgium (BE)","759.80","857.15","857.15","850.85"
"27/03/2024 04:00:00 - 27/03/2024 05:00:00","Belgium (BE)","650.78","702.90","702.90","605.32"
"27/03/2024 05:00:00 - 27/03/2024 06:00:00","Belgium (BE)","561.10","549.68","549.68","499.43"
"27/03/2024 06:00:00 - 27/03/2024 07:00:00","Belgium (BE)","550.40","446.50","446.50","444.17"
"27/03/2024 07:00:00 - 27/03/2024 08:00:00","Belgium (BE)","577.55","406.85","406.85","452.06"
"27/03/2024 08:00:00 - 27/03/2024 09:00:00","Belgium (BE)","607.23","425.95","404.83","443.62"
"27/03/2024 09:00:00 - 27/03/2024 10:00:00","Belgium (BE)","683.20","510.13","476.35","497.83"
"27/03/2024 10:00:00 - 27/03/2024 11:00:00","Belgium (BE)","761.33","567.90","495.43","486.06"
"27/03/2024 11:00:00 - 27/03/2024 12:00:00","Belgium (BE)","875.80","627.68","559.18","532.41"
"27/03/2024 12:00:00 - 27/03/2024 13:00:00","Belgium (BE)","995.98","709.75","614.43","611.35"
"27/03/2024 13:00:00 - 27/03/2024 14:00:00","Belgium (BE)","1068.83","787.13","697.43","665.27"
"27/03/2024 14:00:00 - 27/03/2024 15:00:00","Belgium (BE)","1078.23","826.53","799.83","1032.40"
"27/03/2024 15:00:00 - 27/03/2024 16:00:00","Belgium (BE)","1051.73","820.80","846.50","1031.57"
"27/03/2024 16:00:00 - 27/03/2024 17:00:00","Belgium (BE)","986.05","772.53","902.08","944.02"
"27/03/2024 17:00:00 - 27/03/2024 18:00:00","Belgium (BE)","825.45","650.05","738.10","829.20"
"27/03/2024 18:00:00 - 27/03/2024 19:00:00","Belgium (BE)","683.05","551.78","625.15","777.14"
"27/03/2024 19:00:00 - 27/03/2024 20:00:00","Belgium (BE)","656.78","604.98","696.43","852.17"
"27/03/2024 20:00:00 - 27/03/2024 21:00:00","Belgium (BE)","710.15","746.98","845.65","1005.40"
"27/03/2024 21:00:00 - 27/03/2024 22:00:00","Belgium (BE)","769.05","853.73","888.85","1066.62"
"27/03/2024 22:00:00 - 27/03/2024 23:00:00","Belgium (BE)","798.13","904.95","930.90","1205.13"
"27/03/2024 23:00:00 - 28/03/2024 00:00:00","Belgium (BE)","816.40","916.55","967.95","1111.09"
"28/03/2024 00:00:00 - 28/03/2024 01:00:00","Belgium (BE)","933.58","1251.20","1251.20","1137.37"
"28/03/2024 01:00:00 - 28/03/2024 02:00:00","Belgium (BE)","1017.03","1267.08","1267.08","1196.44"
"28/03/2024 02:00:00 - 28/03/2024 03:00:00","Belgium (BE)","1130.23","1298.40","1298.40","1299.29"
"28/03/2024 03:00:00 - 28/03/2024 04:00:00","Belgium (BE)","1241.00","1386.73","1386.73","1386.60"
"28/03/2024 04:00:00 - 28/03/2024 05:00:00","Belgium (BE)","1359.10","1514.95","1514.95","1586.82"
"28/03/2024 05:00:00 - 28/03/2024 06:00:00","Belgium (BE)","1453.88","1655.10","1655.10","1542.12"
"28/03/2024 06:00:00 - 28/03/2024 07:00:00","Belgium (BE)","1467.50","1688.38","1688.38","1410.31"
"28/03/2024 07:00:00 - 28/03/2024 08:00:00","Belgium (BE)","1452.95","1495.48","1495.48","1198.53"
"28/03/2024 08:00:00 - 28/03/2024 09:00:00","Belgium (BE)","1539.90","1544.23","1446.53","1301.52"
"28/03/2024 09:00:00 - 28/03/2024 10:00:00","Belgium (BE)","1717.63","1731.05","1420.33","1566.05"
"28/03/2024 10:00:00 - 28/03/2024 11:00:00","Belgium (BE)","1842.80","1901.63","1603.03","1610.95"
"28/03/2024 11:00:00 - 28/03/2024 12:00:00","Belgium (BE)","1891.05","2023.90","1853.73","1936.95"
"28/03/2024 12:00:00 - 28/03/2024 13:00:00","Belgium (BE)","1921.80","2109.20","1919.70","2116.11"
"28/03/2024 13:00:00 - 28/03/2024 14:00:00","Belgium (BE)","1917.35","2135.93","2019.25","2223.16"
"28/03/2024 14:00:00 - 28/03/2024 15:00:00","Belgium (BE)","1858.70","2099.40","2056.43","2221.02"
"28/03/2024 15:00:00 - 28/03/2024 16:00:00","Belgium (BE)","1825.90","2033.15","2071.65","2185.84"
"28/03/2024 16:00:00 - 28/03/2024 17:00:00","Belgium (BE)","1847.95","2036.63","2063.05","1978.68"
"28/03/2024 17:00:00 - 28/03/2024 18:00:00","Belgium (BE)","1880.83","2093.43","2068.95","2020.28"
"28/03/2024 18:00:00 - 28/03/2024 19:00:00","Belgium (BE)","1899.08","2136.53","2042.35","2249.51"
"28/03/2024 19:00:00 - 28/03/2024 20:00:00","Belgium (BE)","1904.10","2208.10","2081.13","2394.26"
"28/03/2024 20:00:00 - 28/03/2024 21:00:00","Belgium (BE)","1911.90","2248.60","2224.38","2404.56"
"28/03/2024 21:00:00 - 28/03/2024 22:00:00","Belgium (BE)","1901.45","2245.73","2213.08","2372.79"
"28/03/2024 22:00:00 - 28/03/2024 23:00:00","Belgium (BE)","1870.00","2203.60","2160.95","2238.85"
"28/03/2024 23:00:00 - 29/03/2024 00:00:00","Belgium (BE)","1827.65","2121.50","2092.88","2209.36"
"29/03/2024 00:00:00 - 29/03/2024 01:00:00","Belgium (BE)","1993.18","1946.28","1946.28","2116.56"
"29/03/2024 01:00:00 - 29/03/2024 02:00:00","Belgium (BE)","1774.90","1767.68","1767.68","1934.11"
"29/03/2024 02:00:00 - 29/03/2024 03:00:00","Belgium (BE)","1425.60","1580.78","1580.78","1709.54"
"29/03/2024 03:00:00 - 29/03/2024 04:00:00","Belgium (BE)","1136.90","1343.48","1343.48","1474.66"
"29/03/2024 04:00:00 - 29/03/2024 05:00:00","Belgium (BE)","931.80","1101.78","1101.78","1155.82"
"29/03/2024 05:00:00 - 29/03/2024 06:00:00","Belgium (BE)","766.60","831.60","831.60","851.19"
"29/03/2024 06:00:00 - 29/03/2024 07:00:00","Belgium (BE)","667.30","682.35","682.35","750.86"
"29/03/2024 07:00:00 - 29/03/2024 08:00:00","Belgium (BE)","674.33","669.10","669.10","810.94"
"29/03/2024 08:00:00 - 29/03/2024 09:00:00","Belgium (BE)","726.03","733.38","857.23","874.86"
"29/03/2024 09:00:00 - 29/03/2024 10:00:00","Belgium (BE)","813.48","875.85","1055.75","886.88"
"29/03/2024 10:00:00 - 29/03/2024 11:00:00","Belgium (BE)","964.20","1069.00","1239.58","1034.86"
"29/03/2024 11:00:00 - 29/03/2024 12:00:00","Belgium (BE)","1115.83","1229.90","1261.28","1264.96"
"29/03/2024 12:00:00 - 29/03/2024 13:00:00","Belgium (BE)","1218.95","1327.10","1191.88","1270.02"
"29/03/2024 13:00:00 - 29/03/2024 14:00:00","Belgium (BE)","1278.60","1329.80","1249.18","1282.12"
"29/03/2024 14:00:00 - 29/03/2024 15:00:00","Belgium (BE)","1338.05","1294.70","1237.48","1295.09"
"29/03/2024 15:00:00 - 29/03/2024 16:00:00","Belgium (BE)","1313.48","1182.95","1085.60","1209.78"
"29/03/2024 16:00:00 - 29/03/2024 17:00:00","Belgium (BE)","1128.28","978.33","904.93","1043.04"
"29/03/2024 17:00:00 - 29/03/2024 18:00:00","Belgium (BE)","877.30","716.23","744.93","725.46"
"29/03/2024 18:00:00 - 29/03/2024 19:00:00","Belgium (BE)","759.75","586.48","627.38","707.34"
"29/03/2024 19:00:00 - 29/03/2024 20:00:00","Belgium (BE)","784.00","618.50","614.65","798.30"
"29/03/2024 20:00:00 - 29/03/2024 21:00:00","Belgium (BE)","839.90","690.48","680.78","977.71"
"29/03/2024 21:00:00 - 29/03/2024 22:00:00","Belgium (BE)","903.20","736.45","700.38","1041.32"
"29/03/2024 22:00:00 - 29/03/2024 23:00:00","Belgium (BE)","921.68","753.43","639.98","986.19"
"29/03/2024 23:00:00 - 30/03/2024 00:00:00","Belgium (BE)","814.70","658.28","507.95","715.51"
"30/03/2024 00:00:00 - 30/03/2024 01:00:00","Belgium (BE)","362.48","330.73","330.73","376.75"
"30/03/2024 01:00:00 - 30/03/2024 02:00:00","Belgium (BE)","249.58","229.88","229.88","246.11"
"30/03/2024 02:00:00 - 30/03/2024 03:00:00","Belgium (BE)","187.03","184.53","184.53","219.10"
"30/03/2024 03:00:00 - 30/03/2024 04:00:00","Belgium (BE)","147.03","140.65","140.65","160.36"
"30/03/2024 04:00:00 - 30/03/2024 05:00:00","Belgium (BE)","122.65","123.40","123.40","130.67"
"30/03/2024 05:00:00 - 30/03/2024 06:00:00","Belgium (BE)","141.50","134.48","134.48","170.46"
"30/03/2024 06:00:00 - 30/03/2024 07:00:00","Belgium (BE)","174.78","142.25","142.25","179.21"
"30/03/2024 07:00:00 - 30/03/2024 08:00:00","Belgium (BE)","229.18","166.48","166.48","228.43"
"30/03/2024 08:00:00 - 30/03/2024 09:00:00","Belgium (BE)","294.73","191.93","181.68","270.15"
"30/03/2024 09:00:00 - 30/03/2024 10:00:00","Belgium (BE)","311.60","195.58","154.80","293.49"
"30/03/2024 10:00:00 - 30/03/2024 11:00:00","Belgium (BE)","276.98","223.03","187.45","332.94"
"30/03/2024 11:00:00 - 30/03/2024 12:00:00","Belgium (BE)","354.40","305.43","275.70","502.01"
"30/03/2024 12:00:00 - 30/03/2024 13:00:00","Belgium (BE)","502.83","393.50","341.38","641.69"
"30/03/2024 13:00:00 - 30/03/2024 14:00:00","Belgium (BE)","586.78","416.93","327.90","595.46"
"30/03/2024 14:00:00 - 30/03/2024 15:00:00","Belgium (BE)","542.30","385.40","349.98","399.71"
"30/03/2024 15:00:00 - 30/03/2024 16:00:00","Belgium (BE)","461.18","323.95","197.95","175.96"
"30/03/2024 16:00:00 - 30/03/2024 17:00:00","Belgium (BE)","360.78","234.65","90.43","118.01"
"30/03/2024 17:00:00 - 30/03/2024 18:00:00","Belgium (BE)","243.78","138.40","44.95","90.73"
"30/03/2024 18:00:00 - 30/03/2024 19:00:00","Belgium (BE)","180.03","72.25","24.95","49.71"
"30/03/2024 19:00:00 - 30/03/2024 20:00:00","Belgium (BE)","161.28","47.58","14.70","22.81"
"30/03/2024 20:00:00 - 30/03/2024 21:00:00","Belgium (BE)","131.40","36.43","28.45","35.39"
"30/03/2024 21:00:00 - 30/03/2024 22:00:00","Belgium (BE)","91.35","55.33","91.65","116.04"
"30/03/2024 22:00:00 - 30/03/2024 23:00:00","Belgium (BE)","84.50","111.68","205.13","219.09"
"30/03/2024 23:00:00 - 31/03/2024 00:00:00","Belgium (BE)","89.65","171.20","319.95","198.78"
"31/03/2024 00:00:00 - 31/03/2024 01:00:00 (CET)","Belgium (BE)","393.40","431.23","431.23","210.44"
"31/03/2024 01:00:00 (CET) - 31/03/2024 03:00:00 (CEST)","Belgium (BE)","472.88","496.25","496.25","436.27"
"31/03/2024 03:00:00 (CEST) - 31/03/2024 04:00:00","Belgium (BE)","535.33","532.40","532.40","730.23"
"31/03/2024 04:00:00 - 31/03/2024 05:00:00","Belgium (BE)","528.50","569.15","569.15","812.97"
"31/03/2024 05:00:00 - 31/03/2024 06:00:00","Belgium (BE)","534.15","595.53","595.53","838.70"
"31/03/2024 06:00:00 - 31/03/2024 07:00:00","Belgium (BE)","547.18","586.10","586.10","771.82"
"31/03/2024 07:00:00 - 31/03/2024 08:00:00","Belgium (BE)","524.13","579.85","579.85","761.20"
"31/03/2024 08:00:00 - 31/03/2024 09:00:00","Belgium (BE)","512.73","604.25","577.65","728.04"
"31/03/2024 09:00:00 - 31/03/2024 10:00:00","Belgium (BE)","460.58","553.75","525.38","597.68"
"31/03/2024 10:00:00 - 31/03/2024 11:00:00","Belgium (BE)","384.33","437.23","452.18","402.10"
"31/03/2024 11:00:00 - 31/03/2024 12:00:00","Belgium (BE)","365.45","421.45","426.50","425.98"
"31/03/2024 12:00:00 - 31/03/2024 13:00:00","Belgium (BE)","421.38","507.78","471.15","705.42"
"31/03/2024 13:00:00 - 31/03/2024 14:00:00","Belgium (BE)","492.43","602.13","537.10","787.71"
"31/03/2024 14:00:00 - 31/03/2024 15:00:00","Belgium (BE)","491.63","625.88","580.58","740.97"
"31/03/2024 15:00:00 - 31/03/2024 16:00:00","Belgium (BE)","436.73","590.93","504.90","593.13"
"31/03/2024 16:00:00 - 31/03/2024 17:00:00","Belgium (BE)","403.68","581.05","452.35","452.04"
"31/03/2024 17:00:00 - 31/03/2024 18:00:00","Belgium (BE)","493.33","641.25","522.73","449.11"
"31/03/2024 18:00:00 - 31/03/2024 19:00:00","Belgium (BE)","719.80","782.78","638.40","468.45"
"31/03/2024 19:00:00 - 31/03/2024 20:00:00","Belgium (BE)","967.73","879.38","680.70","516.93"
"31/03/2024 20:00:00 - 31/03/2024 21:00:00","Belgium (BE)","1087.53","932.70","682.43","592.16"
"31/03/2024 21:00:00 - 31/03/2024 22:00:00","Belgium (BE)","1115.58","933.00","696.33","725.36"
"31/03/2024 22:00:00 - 31/03/2024 23:00:00","Belgium (BE)","1096.45","898.63","679.78","592.82"
"31/03/2024 23:00:00 - 01/04/2024 00:00:00","Belgium (BE)","990.58","783.00","655.08","564.59"
"01/04/2024 00:00:00 - 01/04/2024 01:00:00","Belgium (BE)","621.25","621.43","621.43","575.53"
"01/04/2024 01:00:00 - 01/04/2024 02:00:00","Belgium (BE)","514.98","526.35","526.35","551.67"
"01/04/2024 02:00:00 - 01/04/2024 03:00:00","Belgium (BE)","433.95","542.65","542.65","605.61"
"01/04/2024 03:00:00 - 01/04/2024 04:00:00","Belgium (BE)","382.88","473.43","473.43","671.41"
"01/04/2024 04:00:00 - 01/04/2024 05:00:00","Belgium (BE)","357.65","415.95","415.95","550.68"
"01/04/2024 05:00:00 - 01/04/2024 06:00:00","Belgium (BE)","408.18","459.10","459.10","421.14"
"01/04/2024 06:00:00 - 01/04/2024 07:00:00","Belgium (BE)","450.75","428.98","428.98","382.11"
"01/04/2024 07:00:00 - 01/04/2024 08:00:00","Belgium (BE)","477.23","371.53","371.53","408.43"
"01/04/2024 08:00:00 - 01/04/2024 09:00:00","Belgium (BE)","551.53","359.70","338.38","403.28"
"01/04/2024 09:00:00 - 01/04/2024 10:00:00","Belgium (BE)","659.98","352.35","351.30","400.66"
"01/04/2024 10:00:00 - 01/04/2024 11:00:00","Belgium (BE)","798.48","396.38","407.15","363.66"
"01/04/2024 11:00:00 - 01/04/2024 12:00:00","Belgium (BE)","903.73","490.93","467.40","297.91"
"01/04/2024 12:00:00 - 01/04/2024 13:00:00","Belgium (BE)","970.63","624.85","558.38","407.37"
"01/04/2024 13:00:00 - 01/04/2024 14:00:00","Belgium (BE)","1071.23","795.30","683.00","618.63"
"01/04/2024 14:00:00 - 01/04/2024 15:00:00","Belgium (BE)","1165.50","959.83","812.65","825.08"
"01/04/2024 15:00:00 - 01/04/2024 16:00:00","Belgium (BE)","1200.85","1083.20","925.43","981.31"
"01/04/2024 16:00:00 - 01/04/2024 17:00:00","Belgium (BE)","1134.20","1129.28","977.43","1230.28"
"01/04/2024 17:00:00 - 01/04/2024 18:00:00","Belgium (BE)","1015.50","1056.63","923.75","1217.22"
"01/04/2024 18:00:00 - 01/04/2024 19:00:00","Belgium (BE)","850.10","911.93","846.45","1035.48"
"01/04/2024 19:00:00 - 01/04/2024 20:00:00","Belgium (BE)","724.80","834.33","742.50","908.71"
"01/04/2024 20:00:00 - 01/04/2024 21:00:00","Belgium (BE)","730.33","845.33","758.08","844.97"
"01/04/2024 21:00:00 - 01/04/2024 22:00:00","Belgium (BE)","804.00","890.23","805.48","918.42"
"01/04/2024 22:00:00 - 01/04/2024 23:00:00","Belgium (BE)","878.95","948.20","888.98","995.94"
"01/04/2024 23:00:00 - 02/04/2024 00:00:00","Belgium (BE)","954.33","998.58","973.60","1022.51"
"02/04/2024 00:00:00 - 02/04/2024 01:00:00","Belgium (BE)","1022.40","1074.48","1074.48","1178.75"
"02/04/2024 01:00:00 - 02/04/2024 02:00:00","Belgium (BE)","1076.80","1104.53","1104.53","1256.16"
"02/04/2024 02:00:00 - 02/04/2024 03:00:00","Belgium (BE)","1139.85","1200.13","1200.13","1299.92"
"02/04/2024 03:00:00 - 02/04/2024 04:00:00","Belgium (BE)","1192.60","1234.23","1234.23","1360.59"
"02/04/2024 04:00:00 - 02/04/2024 05:00:00","Belgium (BE)","1265.53","1280.60","1280.60","1416.21"
"02/04/2024 05:00:00 - 02/04/2024 06:00:00","Belgium (BE)","1348.60","1349.10","1349.10","1501.85"
"02/04/2024 06:00:00 - 02/04/2024 07:00:00","Belgium (BE)","1402.60","1411.63","1411.63","1573.03"
"02/04/2024 07:00:00 - 02/04/2024 08:00:00","Belgium (BE)","1430.25","1477.68","1477.68","1570.23"
"02/04/2024 08:00:00 - 02/04/2024 09:00:00","Belgium (BE)","1483.58","1511.98","1511.98","1556.99"
"02/04/2024 09:00:00 - 02/04/2024 10:00:00","Belgium (BE)","1618.95","1574.25","1647.58","1627.72"
"02/04/2024 10:00:00 - 02/04/2024 11:00:00","Belgium (BE)","1844.23","1730.45","1786.83","1793.80"
"02/04/2024 11:00:00 - 02/04/2024 12:00:00","Belgium (BE)","2024.85","1909.40","1949.03","1872.82"
"02/04/2024 12:00:00 - 02/04/2024 13:00:00","Belgium (BE)","2096.48","2004.35","2001.68","1749.70"
"02/04/2024 13:00:00 - 02/04/2024 14:00:00","Belgium (BE)","2100.38","2030.20","2000.13","1823.91"
"02/04/2024 14:00:00 - 02/04/2024 15:00:00","Belgium (BE)","2069.30","2045.18","2039.53","1945.37"
"02/04/2024 15:00:00 - 02/04/2024 16:00:00","Belgium (BE)","2007.30","1997.38","1928.18","2018.10"
"02/04/2024 16:00:00 - 02/04/2024 17:00:00","Belgium (BE)","1877.45","1860.10","1867.13","1863.84"
"02/04/2024 17:00:00 - 02/04/2024 18:00:00","Belgium (BE)","1636.10","1655.03","1694.63","1705.48"
"02/04/2024 18:00:00 - 02/04/2024 19:00:00","Belgium (BE)","1266.85","1290.53","1289.55","1284.25"
"02/04/2024 19:00:00 - 02/04/2024 20:00:00","Belgium (BE)","898.43","916.65","954.35","918.93"
"02/04/2024 20:00:00 - 02/04/2024 21:00:00","Belgium (BE)","734.68","740.75","798.95","776.67"
"02/04/2024 21:00:00 - 02/04/2024 22:00:00","Belgium (BE)","721.50","702.35","728.75","992.37"
"02/04/2024 22:00:00 - 02/04/2024 23:00:00","Belgium (BE)","737.28","720.03","742.88","1049.63"
"02/04/2024 23:00:00 - 03/04/2024 00:00:00","Belgium (BE)","748.93","728.58","729.50","800.96"
"03/04/2024 00:00:00 - 03/04/2024 01:00:00","Belgium (BE)","701.25","796.80","796.80","652.63"
"03/04/2024 01:00:00 - 03/04/2024 02:00:00","Belgium (BE)","724.48","736.83","736.83","677.35"
"03/04/2024 02:00:00 - 03/04/2024 03:00:00","Belgium (BE)","757.60","794.48","794.48","829.58"
"03/04/2024 03:00:00 - 03/04/2024 04:00:00","Belgium (BE)","800.95","842.75","842.75","881.45"
"03/04/2024 04:00:00 - 03/04/2024 05:00:00","Belgium (BE)","872.65","924.20","924.20","825.93"
"03/04/2024 05:00:00 - 03/04/2024 06:00:00","Belgium (BE)","936.08","968.88","968.88","895.01"
"03/04/2024 06:00:00 - 03/04/2024 07:00:00","Belgium (BE)","980.05","956.55","956.55","918.92"
"03/04/2024 07:00:00 - 03/04/2024 08:00:00","Belgium (BE)","998.05","959.50","959.50","964.23"
"03/04/2024 08:00:00 - 03/04/2024 09:00:00","Belgium (BE)","994.30","991.48","978.65","980.43"
"03/04/2024 09:00:00 - 03/04/2024 10:00:00","Belgium (BE)","988.90","1034.90","1037.75","955.86"
"03/04/2024 10:00:00 - 03/04/2024 11:00:00","Belgium (BE)","989.43","1104.98","1100.63","992.00"
"03/04/2024 11:00:00 - 03/04/2024 12:00:00","Belgium (BE)","1022.65","1191.60","1132.18","1051.11"
"03/04/2024 12:00:00 - 03/04/2024 13:00:00","Belgium (BE)","1034.13","1254.38","1240.40","1118.42"
"03/04/2024 13:00:00 - 03/04/2024 14:00:00","Belgium (BE)","988.48","1274.48","1222.35","1096.41"
"03/04/2024 14:00:00 - 03/04/2024 15:00:00","Belgium (BE)","1023.85","1295.18","1232.53","1100.69"
"03/04/2024 15:00:00 - 03/04/2024 16:00:00","Belgium (BE)","1145.13","1397.15","1258.08","1361.75"
"03/04/2024 16:00:00 - 03/04/2024 17:00:00","Belgium (BE)","1276.55","1568.15","1351.55","1613.26"
"03/04/2024 17:00:00 - 03/04/2024 18:00:00","Belgium (BE)","1401.15","1679.98","1568.88","1784.29"
"03/04/2024 18:00:00 - 03/04/2024 19:00:00","Belgium (BE)","1485.40","1699.15","1662.68","1952.53"
"03/04/2024 19:00:00 - 03/04/2024 20:00:00","Belgium (BE)","1503.23","1665.40","1648.20","2061.43"
"03/04/2024 20:00:00 - 03/04/2024 21:00:00","Belgium (BE)","1447.13","1600.48","1620.55","1989.24"
"03/04/2024 21:00:00 - 03/04/2024 22:00:00","Belgium (BE)","1399.90","1516.45","1526.25","1800.80"
"03/04/2024 22:00:00 - 03/04/2024 23:00:00","Belgium (BE)","1329.83","1423.33","1432.23","1449.32"
"03/04/2024 23:00:00 - 04/04/2024 00:00:00","Belgium (BE)","1214.30","1303.95","1312.68","1297.37"
"04/04/2024 00:00:00 - 04/04/2024 01:00:00","Belgium (BE)","1180.30","1142.75","1142.75","1201.34"
"04/04/2024 01:00:00 - 04/04/2024 02:00:00","Belgium (BE)","1087.10","1050.18","1050.18","1156.07"
"04/04/2024 02:00:00 - 04/04/2024 03:00:00","Belgium (BE)","1120.85","1215.33","1215.33","1270.57"
"04/04/2024 03:00:00 - 04/04/2024 04:00:00","Belgium (BE)","1269.90","1467.45","1467.45","1498.63"
"04/04/2024 04:00:00 - 04/04/2024 05:00:00","Belgium (BE)","1417.28","1629.43","1629.43","1770.80"
"04/04/2024 05:00:00 - 04/04/2024 06:00:00","Belgium (BE)","1529.53","1785.05","1785.05","1926.59"
"04/04/2024 06:00:00 - 04/04/2024 07:00:00","Belgium (BE)","1533.55","1832.20","1832.20","1878.93"
"04/04/2024 07:00:00 - 04/04/2024 08:00:00","Belgium (BE)","1457.88","1797.33","1797.33","1845.27"
"04/04/2024 08:00:00 - 04/04/2024 09:00:00","Belgium (BE)","1428.73","1790.60","1698.80","1678.22"
"04/04/2024 09:00:00 - 04/04/2024 10:00:00","Belgium (BE)","1566.90","1841.48","1859.90","1779.61"
"04/04/2024 10:00:00 - 04/04/2024 11:00:00","Belgium (BE)","1811.90","1896.30","1996.40","2006.34"
"04/04/2024 11:00:00 - 04/04/2024 12:00:00","Belgium (BE)","1962.43","1949.93","1989.15","2125.59"
"04/04/2024 12:00:00 - 04/04/2024 13:00:00","Belgium (BE)","2076.00","2017.23","2082.60","2104.63"
"04/04/2024 13:00:00 - 04/04/2024 14:00:00","Belgium (BE)","2140.75","2048.88","2067.55","1987.11"
"04/04/2024 14:00:00 - 04/04/2024 15:00:00","Belgium (BE)","2153.63","2057.18","1992.65","1899.97"
"04/04/2024 15:00:00 - 04/04/2024 16:00:00","Belgium (BE)","2132.73","2031.38","1857.95","1841.69"
"04/04/2024 16:00:00 - 04/04/2024 17:00:00","Belgium (BE)","2073.58","1957.23","1834.40","1893.89"
"04/04/2024 17:00:00 - 04/04/2024 18:00:00","Belgium (BE)","1906.55","1780.28","1628.15","1988.58"
"04/04/2024 18:00:00 - 04/04/2024 19:00:00","Belgium (BE)","1536.75","1475.05","1409.95","1694.26"
"04/04/2024 19:00:00 - 04/04/2024 20:00:00","Belgium (BE)","1128.80","1207.90","1207.38","1208.09"
"04/04/2024 20:00:00 - 04/04/2024 21:00:00","Belgium (BE)","864.45","1022.40","977.38","870.63"
"04/04/2024 21:00:00 - 04/04/2024 22:00:00","Belgium (BE)","760.43","914.58","879.83","725.44"
"04/04/2024 22:00:00 - 04/04/2024 23:00:00","Belgium (BE)","781.83","856.13","855.30","746.45"
"04/04/2024 23:00:00 - 05/04/2024 00:00:00","Belgium (BE)","832.10","828.15","854.70","850.77"
"05/04/2024 00:00:00 - 05/04/2024 01:00:00","Belgium (BE)","874.33","802.73","802.73","912.10"
"05/04/2024 01:00:00 - 05/04/2024 02:00:00","Belgium (BE)","915.50","899.33","899.33","818.13"
"05/04/2024 02:00:00 - 05/04/2024 03:00:00","Belgium (BE)","958.75","958.78","958.78","946.99"
"05/04/2024 03:00:00 - 05/04/2024 04:00:00","Belgium (BE)","985.08","938.38","938.38","1151.79"
"05/04/2024 04:00:00 - 05/04/2024 05:00:00","Belgium (BE)","973.23","923.58","923.58","1099.58"
"05/04/2024 05:00:00 - 05/04/2024 06:00:00","Belgium (BE)","997.20","1017.85","1017.85","1072.58"
"05/04/2024 06:00:00 - 05/04/2024 07:00:00","Belgium (BE)","1157.70","1105.98","1105.98","1277.41"
"05/04/2024 07:00:00 - 05/04/2024 08:00:00","Belgium (BE)","1399.83","1270.65","1270.65","1520.14"
"05/04/2024 08:00:00 - 05/04/2024 09:00:00","Belgium (BE)","1638.30","1519.33","1519.33","1766.26"
"05/04/2024 09:00:00 - 05/04/2024 10:00:00","Belgium (BE)","1824.10","1727.73","1840.70","2009.30"
"05/04/2024 10:00:00 - 05/04/2024 11:00:00","Belgium (BE)","1935.38","1887.68","1962.78","2079.77"
"05/04/2024 11:00:00 - 05/04/2024 12:00:00","Belgium (BE)","1976.93","1931.53","1986.10","1987.82"
"05/04/2024 12:00:00 - 05/04/2024 13:00:00","Belgium (BE)","1996.33","1911.13","2026.10","2049.22"
"05/04/2024 13:00:00 - 05/04/2024 14:00:00","Belgium (BE)","2008.63","1890.30","2043.93","2007.33"
"05/04/2024 14:00:00 - 05/04/2024 15:00:00","Belgium (BE)","1949.23","1833.78","2007.78","1832.47"
"05/04/2024 15:00:00 - 05/04/2024 16:00:00","Belgium (BE)","1807.75","1757.60","1834.70","1771.45"
"05/04/2024 16:00:00 - 05/04/2024 17:00:00","Belgium (BE)","1589.03","1633.15","1634.20","1622.06"
"05/04/2024 17:00:00 - 05/04/2024 18:00:00","Belgium (BE)","1358.43","1369.28","1429.00","1391.62"
"05/04/2024 18:00:00 - 05/04/2024 19:00:00","Belgium (BE)","1120.83","1068.85","1091.03","1167.72"
"05/04/2024 19:00:00 - 05/04/2024 20:00:00","Belgium (BE)","893.30","904.00","850.63","967.38"
"05/04/2024 20:00:00 - 05/04/2024 21:00:00","Belgium (BE)","835.98","866.83","819.80","1033.89"
"05/04/2024 21:00:00 - 05/04/2024 22:00:00","Belgium (BE)","956.10","919.65","862.60","1008.67"
"05/04/2024 22:00:00 - 05/04/2024 23:00:00","Belgium (BE)","1090.45","973.20","976.68","874.38"
"05/04/2024 23:00:00 - 06/04/2024 00:00:00","Belgium (BE)","1040.90","944.83","985.60","1067.03"
"06/04/2024 00:00:00 - 06/04/2024 01:00:00","Belgium (BE)","870.33","829.23","829.23","858.56"
"06/04/2024 01:00:00 - 06/04/2024 02:00:00","Belgium (BE)","711.63","740.18","740.18","684.98"
"06/04/2024 02:00:00 - 06/04/2024 03:00:00","Belgium (BE)","686.03","698.80","698.80","713.65"
"06/04/2024 03:00:00 - 06/04/2024 04:00:00","Belgium (BE)","803.90","787.65","787.65","880.10"
"06/04/2024 04:00:00 - 06/04/2024 05:00:00","Belgium (BE)","918.40","898.88","898.88","1114.71"
"06/04/2024 05:00:00 - 06/04/2024 06:00:00","Belgium (BE)","1036.60","1040.53","1040.53","1309.21"
"06/04/2024 06:00:00 - 06/04/2024 07:00:00","Belgium (BE)","1175.88","1276.63","1276.63","1469.23"
"06/04/2024 07:00:00 - 06/04/2024 08:00:00","Belgium (BE)","1303.33","1424.60","1424.60","1698.09"
"06/04/2024 08:00:00 - 06/04/2024 09:00:00","Belgium (BE)","1417.25","1512.80","1543.63","1646.17"
"06/04/2024 09:00:00 - 06/04/2024 10:00:00","Belgium (BE)","1494.13","1585.25","1647.95","1587.55"
"06/04/2024 10:00:00 - 06/04/2024 11:00:00","Belgium (BE)","1506.03","1569.65","1654.83","1593.83"
"06/04/2024 11:00:00 - 06/04/2024 12:00:00","Belgium (BE)","1508.98","1523.83","1546.73","1569.91"
"06/04/2024 12:00:00 - 06/04/2024 13:00:00","Belgium (BE)","1561.18","1587.63","1606.28","1563.59"
"06/04/2024 13:00:00 - 06/04/2024 14:00:00","Belgium (BE)","1609.60","1633.25","1647.10","1549.26"
"06/04/2024 14:00:00 - 06/04/2024 15:00:00","Belgium (BE)","1583.33","1597.20","1532.35","1558.46"
"06/04/2024 15:00:00 - 06/04/2024 16:00:00","Belgium (BE)","1462.28","1493.70","1391.78","1705.50"
"06/04/2024 16:00:00 - 06/04/2024 17:00:00","Belgium (BE)","1299.63","1344.60","1242.85","1656.98"
"06/04/2024 17:00:00 - 06/04/2024 18:00:00","Belgium (BE)","1156.33","1137.03","1175.60","1397.02"
"06/04/2024 18:00:00 - 06/04/2024 19:00:00","Belgium (BE)","1026.10","856.15","952.05","951.80"
"06/04/2024 19:00:00 - 06/04/2024 20:00:00","Belgium (BE)","883.13","633.90","722.38","686.70"
"06/04/2024 20:00:00 - 06/04/2024 21:00:00","Belgium (BE)","855.73","599.65","669.50","625.84"
"06/04/2024 21:00:00 - 06/04/2024 22:00:00","Belgium (BE)","957.10","715.05","803.15","699.56"
"06/04/2024 22:00:00 - 06/04/2024 23:00:00","Belgium (BE)","1036.83","872.75","956.08","711.86"
"06/04/2024 23:00:00 - 07/04/2024 00:00:00","Belgium (BE)","1056.33","896.50","991.93","835.11"
"07/04/2024 00:00:00 - 07/04/2024 01:00:00","Belgium (BE)","989.13","784.50","784.50","1057.45"
"07/04/2024 01:00:00 - 07/04/2024 02:00:00","Belgium (BE)","1003.20","844.70","844.70","1096.99"
"07/04/2024 02:00:00 - 07/04/2024 03:00:00","Belgium (BE)","1056.30","1023.38","1023.38","1223.26"
"07/04/2024 03:00:00 - 07/04/2024 04:00:00","Belgium (BE)","1092.53","1025.25","1025.25","1248.19"
"07/04/2024 04:00:00 - 07/04/2024 05:00:00","Belgium (BE)","1056.95","1006.85","1006.85","1271.99"
"07/04/2024 05:00:00 - 07/04/2024 06:00:00","Belgium (BE)","1039.65","1043.10","1043.10","1166.02"
"07/04/2024 06:00:00 - 07/04/2024 07:00:00","Belgium (BE)","1063.70","1089.08","1089.08","1141.36"
"07/04/2024 07:00:00 - 07/04/2024 08:00:00","Belgium (BE)","1068.43","1001.68","1001.68","1148.57"
"07/04/2024 08:00:00 - 07/04/2024 09:00:00","Belgium (BE)","1086.30","1039.08","979.68","1150.60"
"07/04/2024 09:00:00 - 07/04/2024 10:00:00","Belgium (BE)","1131.38","1138.18","1061.68","1264.75"
"07/04/2024 10:00:00 - 07/04/2024 11:00:00","Belgium (BE)","1275.98","1371.78","1366.13","1448.22"
"07/04/2024 11:00:00 - 07/04/2024 12:00:00","Belgium (BE)","1377.03","1515.20","1478.55","1561.88"
"07/04/2024 12:00:00 - 07/04/2024 13:00:00","Belgium (BE)","1331.85","1451.08","1482.58","1700.16"
"07/04/2024 13:00:00 - 07/04/2024 14:00:00","Belgium (BE)","1269.08","1344.58","1417.18","1507.74"
"07/04/2024 14:00:00 - 07/04/2024 15:00:00","Belgium (BE)","1163.85","1240.25","1383.18","1344.90"
"07/04/2024 15:00:00 - 07/04/2024 16:00:00","Belgium (BE)","1071.63","1120.10","1203.05","1269.27"
"07/04/2024 16:00:00 - 07/04/2024 17:00:00","Belgium (BE)","974.63","1016.25","1011.63","1158.63"
"07/04/2024 17:00:00 - 07/04/2024 18:00:00","Belgium (BE)","816.23","879.53","799.93","928.47"
"07/04/2024 18:00:00 - 07/04/2024 19:00:00","Belgium (BE)","688.88","728.53","679.40","683.59"
"07/04/2024 19:00:00 - 07/04/2024 20:00:00","Belgium (BE)","648.58","661.95","576.75","572.74"
"07/04/2024 20:00:00 - 07/04/2024 21:00:00","Belgium (BE)","611.80","615.48","448.23","550.70"
"07/04/2024 21:00:00 - 07/04/2024 22:00:00","Belgium (BE)","515.90","551.40","389.53","597.62"
"07/04/2024 22:00:00 - 07/04/2024 23:00:00","Belgium (BE)","426.58","454.83","332.75","534.49"
"07/04/2024 23:00:00 - 08/04/2024 00:00:00","Belgium (BE)","383.03","349.93","276.33","343.88"
"08/04/2024 00:00:00 - 08/04/2024 01:00:00","Belgium (BE)","233.08","314.08","314.08","243.93"
"08/04/2024 01:00:00 - 08/04/2024 02:00:00","Belgium (BE)","186.05","227.85","227.85","183.31"
"08/04/2024 02:00:00 - 08/04/2024 03:00:00","Belgium (BE)","146.60","175.75","175.75","127.98"
"08/04/2024 03:00:00 - 08/04/2024 04:00:00","Belgium (BE)","135.00","138.98","138.98","110.35"
"08/04/2024 04:00:00 - 08/04/2024 05:00:00","Belgium (BE)","130.23","146.70","146.70","144.43"
"08/04/2024 05:00:00 - 08/04/2024 06:00:00","Belgium (BE)","113.08","122.88","122.88","202.59"
"08/04/2024 06:00:00 - 08/04/2024 07:00:00","Belgium (BE)","118.45","133.30","133.30","213.04"
"08/04/2024 07:00:00 - 08/04/2024 08:00:00","Belgium (BE)","135.58","134.05","152.78","148.28"
"08/04/2024 08:00:00 - 08/04/2024 09:00:00","Belgium (BE)","137.80","103.28","116.78","81.18"
"08/04/2024 09:00:00 - 08/04/2024 10:00:00","Belgium (BE)","134.48","78.18","99.38","29.09"
"08/04/2024 10:00:00 - 08/04/2024 11:00:00","Belgium (BE)","142.03","66.73","58.60","28.94"
"08/04/2024 11:00:00 - 08/04/2024 12:00:00","Belgium (BE)","179.70","95.25","68.38","49.32"
"08/04/2024 12:00:00 - 08/04/2024 13:00:00","Belgium (BE)","252.10","145.28","105.05","101.88"
"08/04/2024 13:00:00 - 08/04/2024 14:00:00","Belgium (BE)","354.30","216.00","134.80","174.81"
"08/04/2024 14:00:00 - 08/04/2024 15:00:00","Belgium (BE)","472.15","284.73","206.90","302.21"
"08/04/2024 15:00:00 - 08/04/2024 16:00:00","Belgium (BE)","591.53","341.83","308.60","307.39"
"08/04/2024 16:00:00 - 08/04/2024 17:00:00","Belgium (BE)","670.78","425.98","399.83","293.44"
"08/04/2024 17:00:00 - 08/04/2024 18:00:00","Belgium (BE)","665.38","506.53","398.00","384.57"
"08/04/2024 18:00:00 - 08/04/2024 19:00:00","Belgium (BE)","624.95","497.75","365.80","393.23"
"08/04/2024 19:00:00 - 08/04/2024 20:00:00","Belgium (BE)","581.43","472.60","356.05","333.85"
"08/04/2024 20:00:00 - 08/04/2024 21:00:00","Belgium (BE)","556.88","523.05","412.38","346.08"
"08/04/2024 21:00:00 - 08/04/2024 22:00:00","Belgium (BE)","619.30","619.55","521.18","475.36"
"08/04/2024 22:00:00 - 08/04/2024 23:00:00","Belgium (BE)","670.50","693.83","612.80","628.21"
"08/04/2024 23:00:00 - 09/04/2024 00:00:00","Belgium (BE)","641.43","697.95","634.68","790.26"
"09/04/2024 00:00:00 - 09/04/2024 01:00:00","Belgium (BE)","611.90","556.63","556.63","730.01"
"09/04/2024 01:00:00 - 09/04/2024 02:00:00","Belgium (BE)","592.05","712.38","712.38","588.08"
"09/04/2024 02:00:00 - 09/04/2024 03:00:00","Belgium (BE)","702.45","795.95","795.95","590.94"
"09/04/2024 03:00:00 - 09/04/2024 04:00:00","Belgium (BE)","932.18","950.03","950.03","838.84"
"09/04/2024 04:00:00 - 09/04/2024 05:00:00","Belgium (BE)","1172.68","1175.88","1175.88","864.80"
"09/04/2024 05:00:00 - 09/04/2024 06:00:00","Belgium (BE)","1353.33","1212.13","1212.13","1163.55"
"09/04/2024 06:00:00 - 09/04/2024 07:00:00","Belgium (BE)","1538.48","1409.55","1409.55","1698.71"
"09/04/2024 07:00:00 - 09/04/2024 08:00:00","Belgium (BE)","1710.03","1751.83","1751.83","1848.52"
"09/04/2024 08:00:00 - 09/04/2024 09:00:00","Belgium (BE)","1837.03","1898.43","1967.63","2032.52"
"09/04/2024 09:00:00 - 09/04/2024 10:00:00","Belgium (BE)","2032.70","2018.23","2006.60","2155.16"
"09/04/2024 10:00:00 - 09/04/2024 11:00:00","Belgium (BE)","2203.88","2182.63","2235.85","2194.35"
"09/04/2024 11:00:00 - 09/04/2024 12:00:00","Belgium (BE)","2258.80","2255.25","2234.35","2228.84"
"09/04/2024 12:00:00 - 09/04/2024 13:00:00","Belgium (BE)","2264.15","2279.53","2266.68","2288.05"
"09/04/2024 13:00:00 - 09/04/2024 14:00:00","Belgium (BE)","2258.50","2287.40","2230.78","2369.55"
"09/04/2024 14:00:00 - 09/04/2024 15:00:00","Belgium (BE)","2242.93","2285.95","2225.95","2280.24"
"09/04/2024 15:00:00 - 09/04/2024 16:00:00","Belgium (BE)","2220.93","2277.15","2234.90","2165.09"
"09/04/2024 16:00:00 - 09/04/2024 17:00:00","Belgium (BE)","2183.33","2247.00","2207.95","2111.49"
"09/04/2024 17:00:00 - 09/04/2024 18:00:00","Belgium (BE)","2106.28","2175.05","2006.48","2033.36"
"09/04/2024 18:00:00 - 09/04/2024 19:00:00","Belgium (BE)","1962.85","2040.53","1845.85","1913.28"
"09/04/2024 19:00:00 - 09/04/2024 20:00:00","Belgium (BE)","1787.78","1861.55","1619.73","1790.38"
"09/04/2024 20:00:00 - 09/04/2024 21:00:00","Belgium (BE)","1615.83","1645.33","1487.90","1592.30"
"09/04/2024 21:00:00 - 09/04/2024 22:00:00","Belgium (BE)","1489.78","1452.35","1349.70","1487.02"
"09/04/2024 22:00:00 - 09/04/2024 23:00:00","Belgium (BE)","1414.90","1323.65","1286.03","1415.29"
"09/04/2024 23:00:00 - 10/04/2024 00:00:00","Belgium (BE)","1324.75","1213.45","1234.80","1290.97"
"10/04/2024 00:00:00 - 10/04/2024 01:00:00","Belgium (BE)","1141.65","1109.63","1109.63","1108.99"
"10/04/2024 01:00:00 - 10/04/2024 02:00:00","Belgium (BE)","997.30","938.13","938.13","1016.74"
"10/04/2024 02:00:00 - 10/04/2024 03:00:00","Belgium (BE)","854.50","805.53","805.53","902.55"
"10/04/2024 03:00:00 - 10/04/2024 04:00:00","Belgium (BE)","770.38","757.45","757.45","750.19"
"10/04/2024 04:00:00 - 10/04/2024 05:00:00","Belgium (BE)","718.50","687.60","687.60","659.16"
"10/04/2024 05:00:00 - 10/04/2024 06:00:00","Belgium (BE)","612.48","539.78","539.78","535.77"
"10/04/2024 06:00:00 - 10/04/2024 07:00:00","Belgium (BE)","464.20","445.68","445.68","516.63"
"10/04/2024 07:00:00 - 10/04/2024 08:00:00","Belgium (BE)","356.80","381.03","381.03","462.45"
"10/04/2024 08:00:00 - 10/04/2024 09:00:00","Belgium (BE)","282.43","310.13","317.25","272.11"
"10/04/2024 09:00:00 - 10/04/2024 10:00:00","Belgium (BE)","202.95","223.05","225.58","116.01"
"10/04/2024 10:00:00 - 10/04/2024 11:00:00","Belgium (BE)","148.70","170.38","171.80","98.58"
"10/04/2024 11:00:00 - 10/04/2024 12:00:00","Belgium (BE)","143.13","166.85","149.15","158.28"
"10/04/2024 12:00:00 - 10/04/2024 13:00:00","Belgium (BE)","178.95","207.13","193.78","240.89"
"10/04/2024 13:00:00 - 10/04/2024 14:00:00","Belgium (BE)","218.43","258.15","239.53","261.02"
"10/04/2024 14:00:00 - 10/04/2024 15:00:00","Belgium (BE)","240.40","276.43","275.75","274.71"
"10/04/2024 15:00:00 - 10/04/2024 16:00:00","Belgium (BE)","265.60","296.30","298.10","312.40"
"10/04/2024 16:00:00 - 10/04/2024 17:00:00","Belgium (BE)","302.60","339.95","338.30","363.97"
"10/04/2024 17:00:00 - 10/04/2024 18:00:00","Belgium (BE)","324.98","382.50","366.23","426.00"
"10/04/2024 18:00:00 - 10/04/2024 19:00:00","Belgium (BE)","325.43","387.55","370.43","446.45"
"10/04/2024 19:00:00 - 10/04/2024 20:00:00","Belgium (BE)","341.78","400.93","377.90","453.89"
"10/04/2024 20:00:00 - 10/04/2024 21:00:00","Belgium (BE)","437.93","505.93","495.08","455.84"
"10/04/2024 21:00:00 - 10/04/2024 22:00:00","Belgium (BE)","613.28","699.35","697.13","681.67"
"10/04/2024 22:00:00 - 10/04/2024 23:00:00","Belgium (BE)","810.83","880.98","888.63","992.76"
"10/04/2024 23:00:00 - 11/04/2024 00:00:00","Belgium (BE)","995.03","1040.43","1045.80","1170.82"
"11/04/2024 00:00:00 - 11/04/2024 01:00:00","Belgium (BE)","1171.40","1189.60","1189.60","1269.98"
"11/04/2024 01:00:00 - 11/04/2024 02:00:00","Belgium (BE)","1234.63","1283.48","1283.48","1342.50"
"11/04/2024 02:00:00 - 11/04/2024 03:00:00","Belgium (BE)","1244.23","1280.58","1280.58","1336.20"
"11/04/2024 03:00:00 - 11/04/2024 04:00:00","Belgium (BE)","1226.00","1248.28","1248.28","1311.06"
"11/04/2024 04:00:00 - 11/04/2024 05:00:00","Belgium (BE)","1211.68","1204.80","1204.80","1188.64"
"11/04/2024 05:00:00 - 11/04/2024 06:00:00","Belgium (BE)","1177.98","1114.18","1114.18","1056.07"
"11/04/2024 06:00:00 - 11/04/2024 07:00:00","Belgium (BE)","1120.53","1017.00","1017.00","1112.15"
"11/04/2024 07:00:00 - 11/04/2024 08:00:00","Belgium (BE)","1066.65","929.23","929.23","1028.53"
"11/04/2024 08:00:00 - 11/04/2024 09:00:00","Belgium (BE)","1022.73","908.40","927.80","928.63"
"11/04/2024 09:00:00 - 11/04/2024 10:00:00","Belgium (BE)","940.38","842.23","823.48","805.07"
"11/04/2024 10:00:00 - 11/04/2024 11:00:00","Belgium (BE)","862.18","807.75","782.60","686.53"
"11/04/2024 11:00:00 - 11/04/2024 12:00:00","Belgium (BE)","833.98","819.85","709.23","642.95"
"11/04/2024 12:00:00 - 11/04/2024 13:00:00","Belgium (BE)","789.43","773.55","651.90","549.70"
"11/04/2024 13:00:00 - 11/04/2024 14:00:00","Belgium (BE)","722.38","706.55","548.65","482.20"
"11/04/2024 14:00:00 - 11/04/2024 15:00:00","Belgium (BE)","622.38","627.23","511.33","406.73"
"11/04/2024 15:00:00 - 11/04/2024 16:00:00","Belgium (BE)","540.03","554.80","489.80","363.88"
"11/04/2024 16:00:00 - 11/04/2024 17:00:00","Belgium (BE)","501.40","504.55","438.78","349.59"
"11/04/2024 17:00:00 - 11/04/2024 18:00:00","Belgium (BE)","423.00","420.98","344.63","284.51"
"11/04/2024 18:00:00 - 11/04/2024 19:00:00","Belgium (BE)","350.20","352.50","283.48","218.64"
"11/04/2024 19:00:00 - 11/04/2024 20:00:00","Belgium (BE)","333.95","330.73","238.23","195.01"
"11/04/2024 20:00:00 - 11/04/2024 21:00:00","Belgium (BE)","355.65","342.45","219.63","199.56"
"11/04/2024 21:00:00 - 11/04/2024 22:00:00","Belgium (BE)","392.05","370.20","241.53","247.81"
"11/04/2024 22:00:00 - 11/04/2024 23:00:00","Belgium (BE)","430.55","403.70","293.40","282.90"
"11/04/2024 23:00:00 - 12/04/2024 00:00:00","Belgium (BE)","461.95","433.35","355.25","310.88"
"12/04/2024 00:00:00 - 12/04/2024 01:00:00","Belgium (BE)","397.53","382.30","382.30","333.92"
"12/04/2024 01:00:00 - 12/04/2024 02:00:00","Belgium (BE)","403.03","353.40","353.40","324.14"
"12/04/2024 02:00:00 - 12/04/2024 03:00:00","Belgium (BE)","413.35","384.10","384.10","320.85"
"12/04/2024 03:00:00 - 12/04/2024 04:00:00","Belgium (BE)","443.18","418.85","418.85","345.27"
"12/04/2024 04:00:00 - 12/04/2024 05:00:00","Belgium (BE)","466.68","467.10","467.10","381.05"
"12/04/2024 05:00:00 - 12/04/2024 06:00:00","Belgium (BE)","481.58","473.13","473.13","447.79"
"12/04/2024 06:00:00 - 12/04/2024 07:00:00","Belgium (BE)","492.93","487.13","487.13","510.87"
"12/04/2024 07:00:00 - 12/04/2024 08:00:00","Belgium (BE)","494.48","503.83","503.83","535.33"
"12/04/2024 08:00:00 - 12/04/2024 09:00:00","Belgium (BE)","493.73","515.43","548.53","498.38"
"12/04/2024 09:00:00 - 12/04/2024 10:00:00","Belgium (BE)","476.40","499.78","512.93","443.34"
"12/04/2024 10:00:00 - 12/04/2024 11:00:00","Belgium (BE)","552.15","568.53","587.40","472.96"
"12/04/2024 11:00:00 - 12/04/2024 12:00:00","Belgium (BE)","710.45","715.30","702.55","588.93"
"12/04/2024 12:00:00 - 12/04/2024 13:00:00","Belgium (BE)","784.90","758.45","794.83","703.40"
"12/04/2024 13:00:00 - 12/04/2024 14:00:00","Belgium (BE)","763.88","750.05","733.18","813.71"
"12/04/2024 14:00:00 - 12/04/2024 15:00:00","Belgium (BE)","711.70","734.08","706.73","761.86"
"12/04/2024 15:00:00 - 12/04/2024 16:00:00","Belgium (BE)","667.53","701.93","680.43","628.95"
"12/04/2024 16:00:00 - 12/04/2024 17:00:00","Belgium (BE)","612.73","655.80","610.05","578.55"
"12/04/2024 17:00:00 - 12/04/2024 18:00:00","Belgium (BE)","546.58","597.15","495.75","547.82"
"12/04/2024 18:00:00 - 12/04/2024 19:00:00","Belgium (BE)","463.48","516.93","408.08","498.84"
"12/04/2024 19:00:00 - 12/04/2024 20:00:00","Belgium (BE)","423.80","469.90","360.20","447.15"
"12/04/2024 20:00:00 - 12/04/2024 21:00:00","Belgium (BE)","469.78","495.95","399.18","486.35"
"12/04/2024 21:00:00 - 12/04/2024 22:00:00","Belgium (BE)","562.40","568.38","490.08","559.27"
"12/04/2024 22:00:00 - 12/04/2024 23:00:00","Belgium (BE)","667.65","649.85","592.10","634.09"
"12/04/2024 23:00:00 - 13/04/2024 00:00:00","Belgium (BE)","743.53","691.30","653.55","723.07"
"13/04/2024 00:00:00 - 13/04/2024 01:00:00","Belgium (BE)","656.28","669.93","669.93","726.52"
"13/04/2024 01:00:00 - 13/04/2024 02:00:00","Belgium (BE)","652.38","690.30","690.30","723.02"
"13/04/2024 02:00:00 - 13/04/2024 03:00:00","Belgium (BE)","662.30","668.05","668.05","698.23"
"13/04/2024 03:00:00 - 13/04/2024 04:00:00","Belgium (BE)","675.23","683.65","683.65","667.42"
"13/04/2024 04:00:00 - 13/04/2024 05:00:00","Belgium (BE)","679.43","682.68","682.68","607.71"
"13/04/2024 05:00:00 - 13/04/2024 06:00:00","Belgium (BE)","671.90","700.45","700.45","561.87"
"13/04/2024 06:00:00 - 13/04/2024 07:00:00","Belgium (BE)","659.13","706.28","706.28","548.70"
"13/04/2024 07:00:00 - 13/04/2024 08:00:00","Belgium (BE)","640.48","708.60","708.60","590.51"
"13/04/2024 08:00:00 - 13/04/2024 09:00:00","Belgium (BE)","653.73","727.03","727.03","661.47"
"13/04/2024 09:00:00 - 13/04/2024 10:00:00","Belgium (BE)","553.23","609.83","596.73","503.50"
"13/04/2024 10:00:00 - 13/04/2024 11:00:00","Belgium (BE)","479.05","518.20","524.48","384.54"
"13/04/2024 11:00:00 - 13/04/2024 12:00:00","Belgium (BE)","578.40","593.03","603.08","507.93"
"13/04/2024 12:00:00 - 13/04/2024 13:00:00","Belgium (BE)","726.88","735.68","755.70","920.63"
"13/04/2024 13:00:00 - 13/04/2024 14:00:00","Belgium (BE)","856.83","873.50","920.03","1101.52"
"13/04/2024 14:00:00 - 13/04/2024 15:00:00","Belgium (BE)","940.48","956.23","1061.75","1115.64"
"13/04/2024 15:00:00 - 13/04/2024 16:00:00","Belgium (BE)","1011.08","1030.73","1117.48","1096.41"
"13/04/2024 16:00:00 - 13/04/2024 17:00:00","Belgium (BE)","1092.05","1107.10","1171.35","1288.24"
"13/04/2024 17:00:00 - 13/04/2024 18:00:00","Belgium (BE)","1116.53","1106.58","1151.28","1254.59"
"13/04/2024 18:00:00 - 13/04/2024 19:00:00","Belgium (BE)","1032.28","1004.28","1128.45","1120.67"
"13/04/2024 19:00:00 - 13/04/2024 20:00:00","Belgium (BE)","947.75","926.95","1040.80","906.38"
"13/04/2024 20:00:00 - 13/04/2024 21:00:00","Belgium (BE)","960.13","957.15","1046.15","991.87"
"13/04/2024 21:00:00 - 13/04/2024 22:00:00","Belgium (BE)","1020.38","1010.78","1089.15","1177.04"
"13/04/2024 22:00:00 - 13/04/2024 23:00:00","Belgium (BE)","1044.13","1022.18","1106.15","1309.79"
"13/04/2024 23:00:00 - 14/04/2024 00:00:00","Belgium (BE)","1025.13","989.93","1077.50","1261.42"
"14/04/2024 00:00:00 - 14/04/2024 01:00:00","Belgium (BE)","987.70","1070.08","1070.08","1040.95"
"14/04/2024 01:00:00 - 14/04/2024 02:00:00","Belgium (BE)","839.98","899.95","899.95","853.09"
"14/04/2024 02:00:00 - 14/04/2024 03:00:00","Belgium (BE)","678.88","675.73","675.73","681.57"
"14/04/2024 03:00:00 - 14/04/2024 04:00:00","Belgium (BE)","543.38","507.83","507.83","533.86"
"14/04/2024 04:00:00 - 14/04/2024 05:00:00","Belgium (BE)","441.15","398.05","398.05","357.20"
"14/04/2024 05:00:00 - 14/04/2024 06:00:00","Belgium (BE)","355.15","309.83","309.83","246.17"
"14/04/2024 06:00:00 - 14/04/2024 07:00:00","Belgium (BE)","263.58","232.73","232.73","188.59"
"14/04/2024 07:00:00 - 14/04/2024 08:00:00","Belgium (BE)","194.75","178.73","178.73","158.09"
"14/04/2024 08:00:00 - 14/04/2024 09:00:00","Belgium (BE)","135.73","146.35","159.50","96.00"
"14/04/2024 09:00:00 - 14/04/2024 10:00:00","Belgium (BE)","101.50","113.88","137.08","59.34"
"14/04/2024 10:00:00 - 14/04/2024 11:00:00","Belgium (BE)","91.43","102.28","97.60","48.96"
"14/04/2024 11:00:00 - 14/04/2024 12:00:00","Belgium (BE)","94.00","108.93","99.65","67.14"
"14/04/2024 12:00:00 - 14/04/2024 13:00:00","Belgium (BE)","111.53","127.63","119.68","97.08"
"14/04/2024 13:00:00 - 14/04/2024 14:00:00","Belgium (BE)","127.58","145.95","124.10","103.41"
"14/04/2024 14:00:00 - 14/04/2024 15:00:00","Belgium (BE)","130.88","146.50","141.80","83.37"
"14/04/2024 15:00:00 - 14/04/2024 16:00:00","Belgium (BE)","128.50","141.78","134.18","73.42"
"14/04/2024 16:00:00 - 14/04/2024 17:00:00","Belgium (BE)","133.33","142.15","116.98","84.92"
"14/04/2024 17:00:00 - 14/04/2024 18:00:00","Belgium (BE)","143.38","152.80","108.30","103.57"
"14/04/2024 18:00:00 - 14/04/2024 19:00:00","Belgium (BE)","153.88","169.38","112.13","112.87"
"14/04/2024 19:00:00 - 14/04/2024 20:00:00","Belgium (BE)","154.38","172.20","122.48","76.75"
"14/04/2024 20:00:00 - 14/04/2024 21:00:00","Belgium (BE)","148.73","185.48","138.30","73.65"
"14/04/2024 21:00:00 - 14/04/2024 22:00:00","Belgium (BE)","177.23","229.25","166.35","128.75"
"14/04/2024 22:00:00 - 14/04/2024 23:00:00","Belgium (BE)","234.93","294.90","209.13","291.89"
"14/04/2024 23:00:00 - 15/04/2024 00:00:00","Belgium (BE)","287.40","352.33","260.95","519.55"
"15/04/2024 00:00:00 - 15/04/2024 01:00:00","Belgium (BE)","310.70","362.73","362.73","471.38"
"15/04/2024 01:00:00 - 15/04/2024 02:00:00","Belgium (BE)","355.10","516.98","516.98","525.16"
"15/04/2024 02:00:00 - 15/04/2024 03:00:00","Belgium (BE)","421.48","526.73","526.73","673.20"
"15/04/2024 03:00:00 - 15/04/2024 04:00:00","Belgium (BE)","542.60","581.30","581.30","782.73"
"15/04/2024 04:00:00 - 15/04/2024 05:00:00","Belgium (BE)","669.93","638.78","638.78","824.43"
"15/04/2024 05:00:00 - 15/04/2024 06:00:00","Belgium (BE)","748.15","737.80","737.80","839.41"
"15/04/2024 06:00:00 - 15/04/2024 07:00:00","Belgium (BE)","811.00","819.83","819.83","901.96"
"15/04/2024 07:00:00 - 15/04/2024 08:00:00","Belgium (BE)","938.70","932.78","932.78","934.86"
"15/04/2024 08:00:00 - 15/04/2024 09:00:00","Belgium (BE)","1176.70","1107.95","1160.08","966.71"
"15/04/2024 09:00:00 - 15/04/2024 10:00:00","Belgium (BE)","1619.23","1518.75","1563.70","1304.49"
"15/04/2024 10:00:00 - 15/04/2024 11:00:00","Belgium (BE)","1973.83","1903.35","1936.80","1690.35"
"15/04/2024 11:00:00 - 15/04/2024 12:00:00","Belgium (BE)","2153.93","2084.73","1996.25","1934.88"
"15/04/2024 12:00:00 - 15/04/2024 13:00:00","Belgium (BE)","2265.68","2221.13","2142.93","2116.69"
"15/04/2024 13:00:00 - 15/04/2024 14:00:00","Belgium (BE)","2328.85","2300.20","2199.03","2425.86"
"15/04/2024 14:00:00 - 15/04/2024 15:00:00","Belgium (BE)","2344.98","2339.30","2247.58","2291.03"
"15/04/2024 15:00:00 - 15/04/2024 16:00:00","Belgium (BE)","2318.30","2335.28","2322.60","2207.92"
"15/04/2024 16:00:00 - 15/04/2024 17:00:00","Belgium (BE)","2260.00","2288.08","2288.50","1993.80"
"15/04/2024 17:00:00 - 15/04/2024 18:00:00","Belgium (BE)","2165.28","2209.38","2146.28","1867.33"
"15/04/2024 18:00:00 - 15/04/2024 19:00:00","Belgium (BE)","1999.60","2093.73","2004.00","1626.42"
"15/04/2024 19:00:00 - 15/04/2024 20:00:00","Belgium (BE)","1840.23","1947.23","1874.00","1358.28"
"15/04/2024 20:00:00 - 15/04/2024 21:00:00","Belgium (BE)","1695.68","1770.25","1677.35","1554.27"
"15/04/2024 21:00:00 - 15/04/2024 22:00:00","Belgium (BE)","1600.93","1673.20","1652.23","1737.98"
"15/04/2024 22:00:00 - 15/04/2024 23:00:00","Belgium (BE)","1605.88","1672.18","1669.90","1757.57"
"15/04/2024 23:00:00 - 16/04/2024 00:00:00","Belgium (BE)","1615.38","1660.88","1706.18","1605.13"
"16/04/2024 00:00:00 - 16/04/2024 01:00:00","Belgium (BE)","1750.25","1741.98","1741.98","1546.62"
"16/04/2024 01:00:00 - 16/04/2024 02:00:00","Belgium (BE)","1781.93","1575.68","1575.68","1597.21"
"16/04/2024 02:00:00 - 16/04/2024 03:00:00","Belgium (BE)","1837.30","1658.63","1658.63","1637.36"
"16/04/2024 03:00:00 - 16/04/2024 04:00:00","Belgium (BE)","1887.68","1790.85","1790.85","1686.13"
"16/04/2024 04:00:00 - 16/04/2024 05:00:00","Belgium (BE)","1880.35","1784.65","1784.65","1795.17"
"16/04/2024 05:00:00 - 16/04/2024 06:00:00","Belgium (BE)","1800.55","1792.75","1792.75","1854.38"
"16/04/2024 06:00:00 - 16/04/2024 07:00:00","Belgium (BE)","1726.73","1828.15","1828.15","1969.44"
"16/04/2024 07:00:00 - 16/04/2024 08:00:00","Belgium (BE)","1717.38","1887.35","1887.35","2146.34"
"16/04/2024 08:00:00 - 16/04/2024 09:00:00","Belgium (BE)","1803.23","2040.18","2026.20","2215.68"
"16/04/2024 09:00:00 - 16/04/2024 10:00:00","Belgium (BE)","1964.55","2144.20","2182.15","2224.95"
"16/04/2024 10:00:00 - 16/04/2024 11:00:00","Belgium (BE)","2069.00","2188.30","2209.28","2170.90"
"16/04/2024 11:00:00 - 16/04/2024 12:00:00","Belgium (BE)","2148.85","2201.65","2205.40","2040.08"
"16/04/2024 12:00:00 - 16/04/2024 13:00:00","Belgium (BE)","2182.63","2220.20","2216.83","1940.93"
"16/04/2024 13:00:00 - 16/04/2024 14:00:00","Belgium (BE)","2185.80","2212.93","2079.15","2040.28"
"16/04/2024 14:00:00 - 16/04/2024 15:00:00","Belgium (BE)","2166.45","2152.45","1996.53","2102.63"
"16/04/2024 15:00:00 - 16/04/2024 16:00:00","Belgium (BE)","2136.93","2048.35","1924.60","1820.63"
"16/04/2024 16:00:00 - 16/04/2024 17:00:00","Belgium (BE)","2072.48","1904.70","1809.68","1782.51"
"16/04/2024 17:00:00 - 16/04/2024 18:00:00","Belgium (BE)","1936.58","1718.03","1557.75","1635.78"
"16/04/2024 18:00:00 - 16/04/2024 19:00:00","Belgium (BE)","1750.40","1515.78","1369.40","1301.61"
"16/04/2024 19:00:00 - 16/04/2024 20:00:00","Belgium (BE)","1543.23","1333.13","1152.93","961.68"
"16/04/2024 20:00:00 - 16/04/2024 21:00:00","Belgium (BE)","1333.90","1128.53","931.20","849.60"
"16/04/2024 21:00:00 - 16/04/2024 22:00:00","Belgium (BE)","1161.88","907.63","747.95","722.21"
"16/04/2024 22:00:00 - 16/04/2024 23:00:00","Belgium (BE)","1046.15","762.28","624.53","792.08"
"16/04/2024 23:00:00 - 17/04/2024 00:00:00","Belgium (BE)","948.55","680.80","569.53","745.09"
"17/04/2024 00:00:00 - 17/04/2024 01:00:00","Belgium (BE)","552.75","546.53","546.53","636.44"
"17/04/2024 01:00:00 - 17/04/2024 02:00:00","Belgium (BE)","518.58","520.03","520.03","577.75"
"17/04/2024 02:00:00 - 17/04/2024 03:00:00","Belgium (BE)","479.20","418.20","418.20","479.95"
"17/04/2024 03:00:00 - 17/04/2024 04:00:00","Belgium (BE)","450.35","399.43","399.43","452.16"
"17/04/2024 04:00:00 - 17/04/2024 05:00:00","Belgium (BE)","434.60","408.88","408.88","408.17"
"17/04/2024 05:00:00 - 17/04/2024 06:00:00","Belgium (BE)","432.53","405.15","405.15","395.08"
"17/04/2024 06:00:00 - 17/04/2024 07:00:00","Belgium (BE)","414.55","377.93","377.93","447.17"
"17/04/2024 07:00:00 - 17/04/2024 08:00:00","Belgium (BE)","389.20","351.40","351.40","378.39"
"17/04/2024 08:00:00 - 17/04/2024 09:00:00","Belgium (BE)","340.08","328.58","338.28","266.74"
"17/04/2024 09:00:00 - 17/04/2024 10:00:00","Belgium (BE)","297.13","332.33","317.53","209.79"
"17/04/2024 10:00:00 - 17/04/2024 11:00:00","Belgium (BE)","270.83","324.25","286.45","372.50"
"17/04/2024 11:00:00 - 17/04/2024 12:00:00","Belgium (BE)","256.13","297.63","256.85","336.62"
"17/04/2024 12:00:00 - 17/04/2024 13:00:00","Belgium (BE)","253.28","304.38","311.68","344.24"
"17/04/2024 13:00:00 - 17/04/2024 14:00:00","Belgium (BE)","285.60","365.40","347.05","447.14"
"17/04/2024 14:00:00 - 17/04/2024 15:00:00","Belgium (BE)","361.48","452.83","473.28","490.70"
"17/04/2024 15:00:00 - 17/04/2024 16:00:00","Belgium (BE)","447.00","553.00","645.70","539.47"
"17/04/2024 16:00:00 - 17/04/2024 17:00:00","Belgium (BE)","531.48","661.68","745.75","659.83"
"17/04/2024 17:00:00 - 17/04/2024 18:00:00","Belgium (BE)","586.93","706.20","734.48","623.15"
"17/04/2024 18:00:00 - 17/04/2024 19:00:00","Belgium (BE)","552.40","636.80","654.28","442.82"
"17/04/2024 19:00:00 - 17/04/2024 20:00:00","Belgium (BE)","435.68","510.68","491.50","238.38"
"17/04/2024 20:00:00 - 17/04/2024 21:00:00","Belgium (BE)","308.70","374.18","270.45","210.15"
"17/04/2024 21:00:00 - 17/04/2024 22:00:00","Belgium (BE)","227.28","278.68","204.40","138.64"
"17/04/2024 22:00:00 - 17/04/2024 23:00:00","Belgium (BE)","182.30","229.95","182.85","80.28"
"17/04/2024 23:00:00 - 18/04/2024 00:00:00","Belgium (BE)","162.55","209.73","187.08","83.05"
"18/04/2024 00:00:00 - 18/04/2024 01:00:00","Belgium (BE)","193.73","125.60","125.60","141.47"
"18/04/2024 01:00:00 - 18/04/2024 02:00:00","Belgium (BE)","193.78","139.70","139.70","168.38"
"18/04/2024 02:00:00 - 18/04/2024 03:00:00","Belgium (BE)","194.85","177.28","177.28","167.25"
"18/04/2024 03:00:00 - 18/04/2024 04:00:00","Belgium (BE)","205.53","206.35","206.35","155.76"
"18/04/2024 04:00:00 - 18/04/2024 05:00:00","Belgium (BE)","219.63","215.13","215.13","178.12"
"18/04/2024 05:00:00 - 18/04/2024 06:00:00","Belgium (BE)","231.55","204.85","204.85","208.14"
"18/04/2024 06:00:00 - 18/04/2024 07:00:00","Belgium (BE)","243.30","216.18","216.18","257.26"
"18/04/2024 07:00:00 - 18/04/2024 08:00:00","Belgium (BE)","253.03","233.33","233.33","261.63"
"18/04/2024 08:00:00 - 18/04/2024 09:00:00","Belgium (BE)","221.45","208.53","223.58","151.23"
"18/04/2024 09:00:00 - 18/04/2024 10:00:00","Belgium (BE)","166.25","171.53","171.68","94.33"
"18/04/2024 10:00:00 - 18/04/2024 11:00:00","Belgium (BE)","185.33","192.58","169.38","107.79"
"18/04/2024 11:00:00 - 18/04/2024 12:00:00","Belgium (BE)","218.90","235.33","201.15","144.28"
"18/04/2024 12:00:00 - 18/04/2024 13:00:00","Belgium (BE)","223.45","237.60","207.70","156.52"
"18/04/2024 13:00:00 - 18/04/2024 14:00:00","Belgium (BE)","231.43","239.88","182.40","176.21"
"18/04/2024 14:00:00 - 18/04/2024 15:00:00","Belgium (BE)","244.58","248.78","199.23","196.03"
"18/04/2024 15:00:00 - 18/04/2024 16:00:00","Belgium (BE)","267.50","251.90","222.15","215.63"
"18/04/2024 16:00:00 - 18/04/2024 17:00:00","Belgium (BE)","309.30","276.33","287.80","264.02"
"18/04/2024 17:00:00 - 18/04/2024 18:00:00","Belgium (BE)","343.68","304.70","328.20","330.00"
"18/04/2024 18:00:00 - 18/04/2024 19:00:00","Belgium (BE)","340.93","311.65","335.18","376.04"
"18/04/2024 19:00:00 - 18/04/2024 20:00:00","Belgium (BE)","288.05","289.28","272.78","295.42"
"18/04/2024 20:00:00 - 18/04/2024 21:00:00","Belgium (BE)","243.05","258.10","259.18","246.18"
"18/04/2024 21:00:00 - 18/04/2024 22:00:00","Belgium (BE)","252.75","280.65","305.55","288.39"
"18/04/2024 22:00:00 - 18/04/2024 23:00:00","Belgium (BE)","340.33","395.83","434.70","476.41"
"18/04/2024 23:00:00 - 19/04/2024 00:00:00","Belgium (BE)","505.48","579.68","643.50","806.47"
"19/04/2024 00:00:00 - 19/04/2024 01:00:00","Belgium (BE)","865.95","996.20","996.20","1031.60"
"19/04/2024 01:00:00 - 19/04/2024 02:00:00","Belgium (BE)","1108.38","1262.23","1262.23","1291.16"
"19/04/2024 02:00:00 - 19/04/2024 03:00:00","Belgium (BE)","1384.85","1458.48","1458.48","1523.63"
"19/04/2024 03:00:00 - 19/04/2024 04:00:00","Belgium (BE)","1598.05","1642.63","1642.63","1790.42"
"19/04/2024 04:00:00 - 19/04/2024 05:00:00","Belgium (BE)","1757.70","1797.00","1797.00","1883.18"
"19/04/2024 05:00:00 - 19/04/2024 06:00:00","Belgium (BE)","1862.28","1924.60","1924.60","1884.03"
"19/04/2024 06:00:00 - 19/04/2024 07:00:00","Belgium (BE)","1870.45","1882.18","1882.18","1811.68"
"19/04/2024 07:00:00 - 19/04/2024 08:00:00","Belgium (BE)","1807.65","1784.63","1784.63","1769.53"
"19/04/2024 08:00:00 - 19/04/2024 09:00:00","Belgium (BE)","1727.28","1770.08","1755.88","1738.98"
"19/04/2024 09:00:00 - 19/04/2024 10:00:00","Belgium (BE)","1615.03","1747.13","1744.58","1717.56"
"19/04/2024 10:00:00 - 19/04/2024 11:00:00","Belgium (BE)","1564.00","1732.95","1689.38","1692.69"
"19/04/2024 11:00:00 - 19/04/2024 12:00:00","Belgium (BE)","1595.55","1747.30","1704.13","1851.51"
"19/04/2024 12:00:00 - 19/04/2024 13:00:00","Belgium (BE)","1642.20","1757.75","1736.43","1852.86"
"19/04/2024 13:00:00 - 19/04/2024 14:00:00","Belgium (BE)","1667.85","1818.60","1785.03","1752.20"
"19/04/2024 14:00:00 - 19/04/2024 15:00:00","Belgium (BE)","1671.73","1859.43","1873.93","1697.21"
"19/04/2024 15:00:00 - 19/04/2024 16:00:00","Belgium (BE)","1726.80","1850.33","1926.55","1693.60"
"19/04/2024 16:00:00 - 19/04/2024 17:00:00","Belgium (BE)","1807.45","1879.35","1870.78","2030.52"
"19/04/2024 17:00:00 - 19/04/2024 18:00:00","Belgium (BE)","1869.13","1913.20","1865.73","2217.33"
"19/04/2024 18:00:00 - 19/04/2024 19:00:00","Belgium (BE)","1900.15","1908.08","1937.23","2122.81"
"19/04/2024 19:00:00 - 19/04/2024 20:00:00","Belgium (BE)","1834.60","1823.58","1950.75","1970.78"
"19/04/2024 20:00:00 - 19/04/2024 21:00:00","Belgium (BE)","1689.30","1645.58","1782.03","1819.78"
"19/04/2024 21:00:00 - 19/04/2024 22:00:00","Belgium (BE)","1560.80","1484.93","1620.90","1797.73"
"19/04/2024 22:00:00 - 19/04/2024 23:00:00","Belgium (BE)","1486.80","1384.28","1513.93","1615.95"
"19/04/2024 23:00:00 - 20/04/2024 00:00:00","Belgium (BE)","1412.75","1316.10","1421.68","1399.87"
"20/04/2024 00:00:00 - 20/04/2024 01:00:00","Belgium (BE)","1347.55","1359.05","1359.05","1325.58"
"20/04/2024 01:00:00 - 20/04/2024 02:00:00","Belgium (BE)","1282.48","1251.55","1251.55","1283.77"
"20/04/2024 02:00:00 - 20/04/2024 03:00:00","Belgium (BE)","1219.90","1094.10","1094.10","1166.11"
"20/04/2024 03:00:00 - 20/04/2024 04:00:00","Belgium (BE)","1152.83","1013.38","1013.38","1038.24"
"20/04/2024 04:00:00 - 20/04/2024 05:00:00","Belgium (BE)","1085.30","952.93","952.93","996.27"
"20/04/2024 05:00:00 - 20/04/2024 06:00:00","Belgium (BE)","1009.83","878.10","878.10","921.83"
"20/04/2024 06:00:00 - 20/04/2024 07:00:00","Belgium (BE)","951.40","822.23","822.23","766.68"
"20/04/2024 07:00:00 - 20/04/2024 08:00:00","Belgium (BE)","904.68","741.50","741.50","764.57"
"20/04/2024 08:00:00 - 20/04/2024 09:00:00","Belgium (BE)","871.85","716.30","688.63","706.43"
"20/04/2024 09:00:00 - 20/04/2024 10:00:00","Belgium (BE)","886.33","737.35","682.28","725.71"
"20/04/2024 10:00:00 - 20/04/2024 11:00:00","Belgium (BE)","934.33","762.35","655.30","746.49"
"20/04/2024 11:00:00 - 20/04/2024 12:00:00","Belgium (BE)","964.68","800.50","686.30","823.41"
"20/04/2024 12:00:00 - 20/04/2024 13:00:00","Belgium (BE)","967.80","886.40","785.15","857.46"
"20/04/2024 13:00:00 - 20/04/2024 14:00:00","Belgium (BE)","1015.73","1014.53","963.98","914.79"
"20/04/2024 14:00:00 - 20/04/2024 15:00:00","Belgium (BE)","1142.80","1165.13","1071.80","1063.85"
"20/04/2024 15:00:00 - 20/04/2024 16:00:00","Belgium (BE)","1291.33","1322.73","1224.15","1204.60"
"20/04/2024 16:00:00 - 20/04/2024 17:00:00","Belgium (BE)","1406.48","1497.18","1370.85","1255.70"
"20/04/2024 17:00:00 - 20/04/2024 18:00:00","Belgium (BE)","1500.30","1605.78","1463.10","1409.20"
"20/04/2024 18:00:00 - 20/04/2024 19:00:00","Belgium (BE)","1540.45","1597.60","1472.48","1406.93"
"20/04/2024 19:00:00 - 20/04/2024 20:00:00","Belgium (BE)","1505.50","1509.70","1449.85","1306.61"
"20/04/2024 20:00:00 - 20/04/2024 21:00:00","Belgium (BE)","1382.93","1359.18","1310.40","1291.77"
"20/04/2024 21:00:00 - 20/04/2024 22:00:00","Belgium (BE)","1211.55","1190.08","1161.53","1200.12"
"20/04/2024 22:00:00 - 20/04/2024 23:00:00","Belgium (BE)","1031.08","1046.78","1028.70","1051.81"
"20/04/2024 23:00:00 - 21/04/2024 00:00:00","Belgium (BE)","833.80","921.40","920.35","924.06"
"21/04/2024 00:00:00 - 21/04/2024 01:00:00","Belgium (BE)","797.15","688.03","688.03","829.17"
"21/04/2024 01:00:00 - 21/04/2024 02:00:00","Belgium (BE)","688.58","693.53","693.53","706.88"
"21/04/2024 02:00:00 - 21/04/2024 03:00:00","Belgium (BE)","648.25","715.65","715.65","570.89"
"21/04/2024 03:00:00 - 21/04/2024 04:00:00","Belgium (BE)","657.08","702.58","702.58","645.05"
"21/04/2024 04:00:00 - 21/04/2024 05:00:00","Belgium (BE)","649.00","696.90","696.90","684.49"
"21/04/2024 05:00:00 - 21/04/2024 06:00:00","Belgium (BE)","616.68","652.10","652.10","793.99"
"21/04/2024 06:00:00 - 21/04/2024 07:00:00","Belgium (BE)","603.08","643.63","643.63","824.87"
"21/04/2024 07:00:00 - 21/04/2024 08:00:00","Belgium (BE)","617.40","732.15","732.15","860.14"
"21/04/2024 08:00:00 - 21/04/2024 09:00:00","Belgium (BE)","656.63","792.80","754.43","863.97"
"21/04/2024 09:00:00 - 21/04/2024 10:00:00","Belgium (BE)","739.95","853.38","846.78","1210.92"
"21/04/2024 10:00:00 - 21/04/2024 11:00:00","Belgium (BE)","816.55","948.73","1250.43","1388.87"
"21/04/2024 11:00:00 - 21/04/2024 12:00:00","Belgium (BE)","800.08","1033.60","1311.65","1291.17"
"21/04/2024 12:00:00 - 21/04/2024 13:00:00","Belgium (BE)","742.08","1053.33","1293.00","1205.63"
"21/04/2024 13:00:00 - 21/04/2024 14:00:00","Belgium (BE)","701.68","994.63","1203.20","1110.10"
"21/04/2024 14:00:00 - 21/04/2024 15:00:00","Belgium (BE)","679.80","899.48","1040.30","817.58"
"21/04/2024 15:00:00 - 21/04/2024 16:00:00","Belgium (BE)","680.63","820.10","912.43","683.90"
"21/04/2024 16:00:00 - 21/04/2024 17:00:00","Belgium (BE)","688.18","774.85","864.93","716.81"
"21/04/2024 17:00:00 - 21/04/2024 18:00:00","Belgium (BE)","708.00","769.40","872.85","735.71"
"21/04/2024 18:00:00 - 21/04/2024 19:00:00","Belgium (BE)","730.40","779.35","863.80","715.04"
"21/04/2024 19:00:00 - 21/04/2024 20:00:00","Belgium (BE)","705.78","706.23","813.10","834.24"
"21/04/2024 20:00:00 - 21/04/2024 21:00:00","Belgium (BE)","662.90","611.73","718.55","787.59"
"21/04/2024 21:00:00 - 21/04/2024 22:00:00","Belgium (BE)","679.45","573.53","653.33","676.13"
"21/04/2024 22:00:00 - 21/04/2024 23:00:00","Belgium (BE)","692.40","558.70","642.58","602.62"
"21/04/2024 23:00:00 - 22/04/2024 00:00:00","Belgium (BE)","679.68","580.35","641.53","645.86"
"22/04/2024 00:00:00 - 22/04/2024 01:00:00","Belgium (BE)","642.35","602.08","602.08","702.63"
"22/04/2024 01:00:00 - 22/04/2024 02:00:00","Belgium (BE)","607.25","583.70","583.70","666.50"
"22/04/2024 02:00:00 - 22/04/2024 03:00:00","Belgium (BE)","523.38","484.05","484.05","551.28"
"22/04/2024 03:00:00 - 22/04/2024 04:00:00","Belgium (BE)","449.13","418.93","418.93","498.08"
"22/04/2024 04:00:00 - 22/04/2024 05:00:00","Belgium (BE)","411.18","372.85","372.85","436.86"
"22/04/2024 05:00:00 - 22/04/2024 06:00:00","Belgium (BE)","385.28","333.73","333.73","328.57"
"22/04/2024 06:00:00 - 22/04/2024 07:00:00","Belgium (BE)","362.30","304.30","304.30","318.02"
"22/04/2024 07:00:00 - 22/04/2024 08:00:00","Belgium (BE)","323.60","261.93","261.93","260.15"
"22/04/2024 08:00:00 - 22/04/2024 09:00:00","Belgium (BE)","231.70","202.00","206.08","151.73"
"22/04/2024 09:00:00 - 22/04/2024 10:00:00","Belgium (BE)","199.50","163.18","165.40","123.24"
"22/04/2024 10:00:00 - 22/04/2024 11:00:00","Belgium (BE)","277.63","199.18","192.25","185.14"
"22/04/2024 11:00:00 - 22/04/2024 12:00:00","Belgium (BE)","344.18","241.03","206.58","270.79"
"22/04/2024 12:00:00 - 22/04/2024 13:00:00","Belgium (BE)","366.43","247.03","245.13","254.34"
"22/04/2024 13:00:00 - 22/04/2024 14:00:00","Belgium (BE)","387.03","255.13","302.45","298.54"
"22/04/2024 14:00:00 - 22/04/2024 15:00:00","Belgium (BE)","420.88","301.08","319.88","394.10"
"22/04/2024 15:00:00 - 22/04/2024 16:00:00","Belgium (BE)","463.25","355.85","369.65","521.66"
"22/04/2024 16:00:00 - 22/04/2024 17:00:00","Belgium (BE)","521.18","416.70","412.73","646.90"
"22/04/2024 17:00:00 - 22/04/2024 18:00:00","Belgium (BE)","579.95","488.85","511.95","650.19"
"22/04/2024 18:00:00 - 22/04/2024 19:00:00","Belgium (BE)","587.25","532.45","596.25","502.74"
"22/04/2024 19:00:00 - 22/04/2024 20:00:00","Belgium (BE)","528.68","513.63","619.23","388.48"
"22/04/2024 20:00:00 - 22/04/2024 21:00:00","Belgium (BE)","478.55","480.88","532.25","465.02"
"22/04/2024 21:00:00 - 22/04/2024 22:00:00","Belgium (BE)","462.38","477.30","522.15","415.44"
"22/04/2024 22:00:00 - 22/04/2024 23:00:00","Belgium (BE)","444.73","474.88","526.03","474.70"
"22/04/2024 23:00:00 - 23/04/2024 00:00:00","Belgium (BE)","426.28","461.13","519.10","493.47"
"23/04/2024 00:00:00 - 23/04/2024 01:00:00","Belgium (BE)","483.00","415.08","415.08","463.72"
"23/04/2024 01:00:00 - 23/04/2024 02:00:00","Belgium (BE)","442.48","363.88","363.88","457.21"
"23/04/2024 02:00:00 - 23/04/2024 03:00:00","Belgium (BE)","399.43","297.68","297.68","466.28"
"23/04/2024 03:00:00 - 23/04/2024 04:00:00","Belgium (BE)","364.65","271.45","271.45","396.55"
"23/04/2024 04:00:00 - 23/04/2024 05:00:00","Belgium (BE)","344.38","248.38","248.38","300.78"
"23/04/2024 05:00:00 - 23/04/2024 06:00:00","Belgium (BE)","321.95","249.50","249.50","241.29"
"23/04/2024 06:00:00 - 23/04/2024 07:00:00","Belgium (BE)","288.53","208.25","208.25","207.54"
"23/04/2024 07:00:00 - 23/04/2024 08:00:00","Belgium (BE)","233.80","165.88","165.88","135.05"
"23/04/2024 08:00:00 - 23/04/2024 09:00:00","Belgium (BE)","126.58","94.30","85.80","51.62"
"23/04/2024 09:00:00 - 23/04/2024 10:00:00","Belgium (BE)","48.78","38.80","32.43","22.59"
"23/04/2024 10:00:00 - 23/04/2024 11:00:00","Belgium (BE)","44.85","29.35","21.78","23.24"
"23/04/2024 11:00:00 - 23/04/2024 12:00:00","Belgium (BE)","50.70","24.20","23.10","31.18"
"23/04/2024 12:00:00 - 23/04/2024 13:00:00","Belgium (BE)","43.93","21.50","18.63","42.32"
"23/04/2024 13:00:00 - 23/04/2024 14:00:00","Belgium (BE)","46.90","22.73","32.58","54.62"
"23/04/2024 14:00:00 - 23/04/2024 15:00:00","Belgium (BE)","92.55","50.05","67.90","97.43"
"23/04/2024 15:00:00 - 23/04/2024 16:00:00","Belgium (BE)","162.93","106.43","128.70","161.26"
"23/04/2024 16:00:00 - 23/04/2024 17:00:00","Belgium (BE)","235.33","168.15","188.53","206.72"
"23/04/2024 17:00:00 - 23/04/2024 18:00:00","Belgium (BE)","312.33","228.00","260.45","277.36"
"23/04/2024 18:00:00 - 23/04/2024 19:00:00","Belgium (BE)","341.48","271.68","319.68","367.05"
"23/04/2024 19:00:00 - 23/04/2024 20:00:00","Belgium (BE)","338.33","271.73","342.40","422.62"
"23/04/2024 20:00:00 - 23/04/2024 21:00:00","Belgium (BE)","334.48","273.48","384.95","353.12"
"23/04/2024 21:00:00 - 23/04/2024 22:00:00","Belgium (BE)","354.95","319.75","440.78","363.78"
"23/04/2024 22:00:00 - 23/04/2024 23:00:00","Belgium (BE)","405.68","407.58","471.73","494.73"
"23/04/2024 23:00:00 - 24/04/2024 00:00:00","Belgium (BE)","486.33","485.48","503.23","540.21"
"24/04/2024 00:00:00 - 24/04/2024 01:00:00","Belgium (BE)","505.38","563.78","563.78","520.89"
"24/04/2024 01:00:00 - 24/04/2024 02:00:00","Belgium (BE)","481.40","529.63","529.63","476.48"
"24/04/2024 02:00:00 - 24/04/2024 03:00:00","Belgium (BE)","492.28","526.10","526.10","516.53"
"24/04/2024 03:00:00 - 24/04/2024 04:00:00","Belgium (BE)","502.80","512.08","512.08","491.22"
"24/04/2024 04:00:00 - 24/04/2024 05:00:00","Belgium (BE)","493.68","495.00","495.00","526.57"
"24/04/2024 05:00:00 - 24/04/2024 06:00:00","Belgium (BE)","493.08","530.23","530.23","602.53"
"24/04/2024 06:00:00 - 24/04/2024 07:00:00","Belgium (BE)","517.70","563.53","563.53","559.52"
"24/04/2024 07:00:00 - 24/04/2024 08:00:00","Belgium (BE)","531.48","582.28","582.28","516.75"
"24/04/2024 08:00:00 - 24/04/2024 09:00:00","Belgium (BE)","582.35","620.40","619.03","524.52"
"24/04/2024 09:00:00 - 24/04/2024 10:00:00","Belgium (BE)","687.43","702.08","706.50","656.88"
"24/04/2024 10:00:00 - 24/04/2024 11:00:00","Belgium (BE)","796.30","819.10","836.28","809.40"
"24/04/2024 11:00:00 - 24/04/2024 12:00:00","Belgium (BE)","908.88","903.28","912.63","992.74"
"24/04/2024 12:00:00 - 24/04/2024 13:00:00","Belgium (BE)","1021.40","966.23","1002.03","1079.84"
"24/04/2024 13:00:00 - 24/04/2024 14:00:00","Belgium (BE)","1125.68","1020.13","1095.30","1171.47"
"24/04/2024 14:00:00 - 24/04/2024 15:00:00","Belgium (BE)","1235.03","1072.23","1148.90","1120.42"
"24/04/2024 15:00:00 - 24/04/2024 16:00:00","Belgium (BE)","1313.03","1108.50","1240.80","1220.08"
"24/04/2024 16:00:00 - 24/04/2024 17:00:00","Belgium (BE)","1334.15","1132.43","1254.53","1249.79"
"24/04/2024 17:00:00 - 24/04/2024 18:00:00","Belgium (BE)","1296.53","1117.83","1171.20","1229.99"
"24/04/2024 18:00:00 - 24/04/2024 19:00:00","Belgium (BE)","1184.40","1045.63","1106.83","1086.80"
"24/04/2024 19:00:00 - 24/04/2024 20:00:00","Belgium (BE)","1031.63","925.48","955.03","880.45"
"24/04/2024 20:00:00 - 24/04/2024 21:00:00","Belgium (BE)","842.13","740.83","713.58","726.52"
"24/04/2024 21:00:00 - 24/04/2024 22:00:00","Belgium (BE)","660.90","573.75","541.20","617.36"
"24/04/2024 22:00:00 - 24/04/2024 23:00:00","Belgium (BE)","543.90","473.30","475.03","512.33"
"24/04/2024 23:00:00 - 25/04/2024 00:00:00","Belgium (BE)","474.95","408.95","444.28","477.41"
"25/04/2024 00:00:00 - 25/04/2024 01:00:00","Belgium (BE)","434.95","406.55","406.55","397.98"
"25/04/2024 01:00:00 - 25/04/2024 02:00:00","Belgium (BE)","407.08","385.00","385.00","327.23"
"25/04/2024 02:00:00 - 25/04/2024 03:00:00","Belgium (BE)","380.50","332.38","332.38","272.48"
"25/04/2024 03:00:00 - 25/04/2024 04:00:00","Belgium (BE)","357.80","299.78","299.78","279.93"
"25/04/2024 04:00:00 - 25/04/2024 05:00:00","Belgium (BE)","334.30","285.03","285.03","286.50"
"25/04/2024 05:00:00 - 25/04/2024 06:00:00","Belgium (BE)","342.58","284.75","284.75","244.91"
"25/04/2024 06:00:00 - 25/04/2024 07:00:00","Belgium (BE)","353.78","299.48","299.48","245.79"
"25/04/2024 07:00:00 - 25/04/2024 08:00:00","Belgium (BE)","356.50","320.53","320.53","244.92"
"25/04/2024 08:00:00 - 25/04/2024 09:00:00","Belgium (BE)","338.10","310.18","289.23","227.01"
"25/04/2024 09:00:00 - 25/04/2024 10:00:00","Belgium (BE)","322.95","301.38","277.83","232.00"
"25/04/2024 10:00:00 - 25/04/2024 11:00:00","Belgium (BE)","381.93","361.35","338.60","313.86"
"25/04/2024 11:00:00 - 25/04/2024 12:00:00","Belgium (BE)","475.40","444.95","397.43","468.80"
"25/04/2024 12:00:00 - 25/04/2024 13:00:00","Belgium (BE)","549.73","522.90","465.93","570.16"
"25/04/2024 13:00:00 - 25/04/2024 14:00:00","Belgium (BE)","622.73","598.60","514.00","641.23"
"25/04/2024 14:00:00 - 25/04/2024 15:00:00","Belgium (BE)","721.43","677.43","630.25","664.43"
"25/04/2024 15:00:00 - 25/04/2024 16:00:00","Belgium (BE)","832.45","769.88","682.28","926.80"
"25/04/2024 16:00:00 - 25/04/2024 17:00:00","Belgium (BE)","905.35","820.15","658.30","1022.21"
"25/04/2024 17:00:00 - 25/04/2024 18:00:00","Belgium (BE)","867.53","768.05","670.05","1037.27"
"25/04/2024 18:00:00 - 25/04/2024 19:00:00","Belgium (BE)","732.45","679.88","628.40","963.41"
"25/04/2024 19:00:00 - 25/04/2024 20:00:00","Belgium (BE)","584.95","628.10","694.05","916.94"
"25/04/2024 20:00:00 - 25/04/2024 21:00:00","Belgium (BE)","481.15","584.48","741.50","867.12"
"25/04/2024 21:00:00 - 25/04/2024 22:00:00","Belgium (BE)","421.30","558.88","745.33","805.80"
"25/04/2024 22:00:00 - 25/04/2024 23:00:00","Belgium (BE)","384.03","544.63","704.60","723.70"
"25/04/2024 23:00:00 - 26/04/2024 00:00:00","Belgium (BE)","364.78","517.73","674.15","642.57"
"26/04/2024 00:00:00 - 26/04/2024 01:00:00","Belgium (BE)","583.98","648.00","648.00","618.31"
"26/04/2024 01:00:00 - 26/04/2024 02:00:00","Belgium (BE)","543.05","623.98","623.98","586.84"
"26/04/2024 02:00:00 - 26/04/2024 03:00:00","Belgium (BE)","505.10","634.25","634.25","566.98"
"26/04/2024 03:00:00 - 26/04/2024 04:00:00","Belgium (BE)","455.75","611.55","611.55","604.98"
"26/04/2024 04:00:00 - 26/04/2024 05:00:00","Belgium (BE)","397.78","580.38","580.38","577.91"
"26/04/2024 05:00:00 - 26/04/2024 06:00:00","Belgium (BE)","349.90","542.68","542.68","485.18"
"26/04/2024 06:00:00 - 26/04/2024 07:00:00","Belgium (BE)","305.30","461.25","461.25","444.69"
"26/04/2024 07:00:00 - 26/04/2024 08:00:00","Belgium (BE)","265.63","366.45","366.45","332.25"
"26/04/2024 08:00:00 - 26/04/2024 09:00:00","Belgium (BE)","191.60","290.20","295.08","183.70"
"26/04/2024 09:00:00 - 26/04/2024 10:00:00","Belgium (BE)","139.78","205.33","177.58","118.87"
"26/04/2024 10:00:00 - 26/04/2024 11:00:00","Belgium (BE)","157.20","161.10","146.93","113.66"
"26/04/2024 11:00:00 - 26/04/2024 12:00:00","Belgium (BE)","192.88","159.75","134.75","102.95"
"26/04/2024 12:00:00 - 26/04/2024 13:00:00","Belgium (BE)","202.10","160.13","144.23","104.77"
"26/04/2024 13:00:00 - 26/04/2024 14:00:00","Belgium (BE)","193.73","149.45","127.08","92.48"
"26/04/2024 14:00:00 - 26/04/2024 15:00:00","Belgium (BE)","164.95","124.65","98.88","74.81"
"26/04/2024 15:00:00 - 26/04/2024 16:00:00","Belgium (BE)","129.90","90.38","72.00","44.72"
"26/04/2024 16:00:00 - 26/04/2024 17:00:00","Belgium (BE)","92.70","54.95","49.10","22.96"
"26/04/2024 17:00:00 - 26/04/2024 18:00:00","Belgium (BE)","52.25","31.33","36.33","26.05"
"26/04/2024 18:00:00 - 26/04/2024 19:00:00","Belgium (BE)","32.53","24.55","39.05","35.93"
"26/04/2024 19:00:00 - 26/04/2024 20:00:00","Belgium (BE)","27.13","34.63","66.13","46.59"
"26/04/2024 20:00:00 - 26/04/2024 21:00:00","Belgium (BE)","33.40","81.70","120.40","89.45"
"26/04/2024 21:00:00 - 26/04/2024 22:00:00","Belgium (BE)","71.80","168.35","194.43","161.56"
"26/04/2024 22:00:00 - 26/04/2024 23:00:00","Belgium (BE)","119.68","269.20","276.03","247.79"
"26/04/2024 23:00:00 - 27/04/2024 00:00:00","Belgium (BE)","158.40","335.65","335.88","324.76"
"27/04/2024 00:00:00 - 27/04/2024 01:00:00","Belgium (BE)","367.93","407.10","407.10","409.84"
"27/04/2024 01:00:00 - 27/04/2024 02:00:00","Belgium (BE)","391.60","437.75","437.75","527.18"
"27/04/2024 02:00:00 - 27/04/2024 03:00:00","Belgium (BE)","413.70","503.50","503.50","621.93"
"27/04/2024 03:00:00 - 27/04/2024 04:00:00","Belgium (BE)","428.20","545.80","545.80","654.62"
"27/04/2024 04:00:00 - 27/04/2024 05:00:00","Belgium (BE)","440.03","538.43","538.43","613.01"
"27/04/2024 05:00:00 - 27/04/2024 06:00:00","Belgium (BE)","450.53","560.20","560.20","595.87"
"27/04/2024 06:00:00 - 27/04/2024 07:00:00","Belgium (BE)","459.75","591.80","591.80","523.97"
"27/04/2024 07:00:00 - 27/04/2024 08:00:00","Belgium (BE)","464.45","569.78","569.78","456.19"
"27/04/2024 08:00:00 - 27/04/2024 09:00:00","Belgium (BE)","428.30","526.23","491.28","412.45"
"27/04/2024 09:00:00 - 27/04/2024 10:00:00","Belgium (BE)","392.65","483.18","428.95","286.44"
"27/04/2024 10:00:00 - 27/04/2024 11:00:00","Belgium (BE)","411.73","478.68","385.65","293.79"
"27/04/2024 11:00:00 - 27/04/2024 12:00:00","Belgium (BE)","442.20","485.00","378.95","338.54"
"27/04/2024 12:00:00 - 27/04/2024 13:00:00","Belgium (BE)","471.95","478.68","403.03","376.77"
"27/04/2024 13:00:00 - 27/04/2024 14:00:00","Belgium (BE)","522.78","484.18","401.10","360.63"
"27/04/2024 14:00:00 - 27/04/2024 15:00:00","Belgium (BE)","556.28","493.88","397.00","365.59"
"27/04/2024 15:00:00 - 27/04/2024 16:00:00","Belgium (BE)","536.05","496.13","400.60","432.58"
"27/04/2024 16:00:00 - 27/04/2024 17:00:00","Belgium (BE)","544.15","525.03","420.50","443.29"
"27/04/2024 17:00:00 - 27/04/2024 18:00:00","Belgium (BE)","535.28","557.98","458.48","408.06"
"27/04/2024 18:00:00 - 27/04/2024 19:00:00","Belgium (BE)","523.33","550.88","486.85","430.57"
"27/04/2024 19:00:00 - 27/04/2024 20:00:00","Belgium (BE)","580.43","588.25","555.13","733.19"
"27/04/2024 20:00:00 - 27/04/2024 21:00:00","Belgium (BE)","666.33","691.35","707.30","952.71"
"27/04/2024 21:00:00 - 27/04/2024 22:00:00","Belgium (BE)","764.23","808.03","999.98","1028.08"
"27/04/2024 22:00:00 - 27/04/2024 23:00:00","Belgium (BE)","850.83","922.10","1057.90","1024.01"
"27/04/2024 23:00:00 - 28/04/2024 00:00:00","Belgium (BE)","946.65","1022.33","1124.00","1265.01"
"28/04/2024 00:00:00 - 28/04/2024 01:00:00","Belgium (BE)","1203.63","1202.08","1202.08","1409.49"
"28/04/2024 01:00:00 - 28/04/2024 02:00:00","Belgium (BE)","1309.78","1398.53","1398.53","1578.22"
"28/04/2024 02:00:00 - 28/04/2024 03:00:00","Belgium (BE)","1369.80","1407.33","1407.33","1428.81"
"28/04/2024 03:00:00 - 28/04/2024 04:00:00","Belgium (BE)","1362.43","1515.28","1515.28","1366.61"
"28/04/2024 04:00:00 - 28/04/2024 05:00:00","Belgium (BE)","1325.90","1537.90","1537.90","1447.06"
"28/04/2024 05:00:00 - 28/04/2024 06:00:00","Belgium (BE)","1328.23","1460.98","1460.98","1479.79"
"28/04/2024 06:00:00 - 28/04/2024 07:00:00","Belgium (BE)","1382.45","1470.95","1470.95","1583.76"
"28/04/2024 07:00:00 - 28/04/2024 08:00:00","Belgium (BE)","1501.05","1499.43","1499.43","1699.56"
"28/04/2024 08:00:00 - 28/04/2024 09:00:00","Belgium (BE)","1651.70","1570.63","1686.53","1878.97"
"28/04/2024 09:00:00 - 28/04/2024 10:00:00","Belgium (BE)","1862.18","1813.03","1911.55","2030.05"
"28/04/2024 10:00:00 - 28/04/2024 11:00:00","Belgium (BE)","2079.95","2042.58","2137.50","2085.07"
"28/04/2024 11:00:00 - 28/04/2024 12:00:00","Belgium (BE)","2164.58","2151.03","2206.35","2132.89"
"28/04/2024 12:00:00 - 28/04/2024 13:00:00","Belgium (BE)","2195.53","2198.85","2169.70","2108.29"
"28/04/2024 13:00:00 - 28/04/2024 14:00:00","Belgium (BE)","2205.15","2199.70","2171.08","2080.21"
"28/04/2024 14:00:00 - 28/04/2024 15:00:00","Belgium (BE)","2188.65","2159.03","2089.58","2115.14"
"28/04/2024 15:00:00 - 28/04/2024 16:00:00","Belgium (BE)","2147.65","2067.45","1994.50","1983.29"
"28/04/2024 16:00:00 - 28/04/2024 17:00:00","Belgium (BE)","2069.03","1875.03","1829.85","1710.65"
"28/04/2024 17:00:00 - 28/04/2024 18:00:00","Belgium (BE)","1856.63","1575.88","1495.85","1683.38"
"28/04/2024 18:00:00 - 28/04/2024 19:00:00","Belgium (BE)","1496.35","1188.95","1087.93","1472.49"
"28/04/2024 19:00:00 - 28/04/2024 20:00:00","Belgium (BE)","1101.10","798.35","750.98","1011.34"
"28/04/2024 20:00:00 - 28/04/2024 21:00:00","Belgium (BE)","764.53","540.08","519.38","596.24"
"28/04/2024 21:00:00 - 28/04/2024 22:00:00","Belgium (BE)","543.00","435.58","410.78","462.62"
"28/04/2024 22:00:00 - 28/04/2024 23:00:00","Belgium (BE)","420.03","425.23","371.90","459.72"
"28/04/2024 23:00:00 - 29/04/2024 00:00:00","Belgium (BE)","351.95","438.10","376.85","488.08"
"29/04/2024 00:00:00 - 29/04/2024 01:00:00","Belgium (BE)","362.85","485.70","485.70","496.27"
"29/04/2024 01:00:00 - 29/04/2024 02:00:00","Belgium (BE)","359.25","471.95","471.95","543.57"
"29/04/2024 02:00:00 - 29/04/2024 03:00:00","Belgium (BE)","348.83","436.58","436.58","592.37"
"29/04/2024 03:00:00 - 29/04/2024 04:00:00","Belgium (BE)","344.10","452.48","452.48","611.10"
"29/04/2024 04:00:00 - 29/04/2024 05:00:00","Belgium (BE)","352.08","423.28","423.28","560.06"
"29/04/2024 05:00:00 - 29/04/2024 06:00:00","Belgium (BE)","369.60","475.40","475.40","488.48"
"29/04/2024 06:00:00 - 29/04/2024 07:00:00","Belgium (BE)","402.70","494.83","494.83","457.57"
"29/04/2024 07:00:00 - 29/04/2024 08:00:00","Belgium (BE)","417.18","529.60","529.60","363.84"
"29/04/2024 08:00:00 - 29/04/2024 09:00:00","Belgium (BE)","316.40","415.93","388.83","201.13"
"29/04/2024 09:00:00 - 29/04/2024 10:00:00","Belgium (BE)","214.95","292.68","225.95","101.89"
"29/04/2024 10:00:00 - 29/04/2024 11:00:00","Belgium (BE)","215.75","300.78","267.08","140.63"
"29/04/2024 11:00:00 - 29/04/2024 12:00:00","Belgium (BE)","277.55","384.68","309.88","222.89"
"29/04/2024 12:00:00 - 29/04/2024 13:00:00","Belgium (BE)","348.00","485.73","393.20","322.62"
"29/04/2024 13:00:00 - 29/04/2024 14:00:00","Belgium (BE)","376.03","517.53","408.63","452.73"
"29/04/2024 14:00:00 - 29/04/2024 15:00:00","Belgium (BE)","386.75","508.55","432.58","496.43"
"29/04/2024 15:00:00 - 29/04/2024 16:00:00","Belgium (BE)","394.13","477.25","465.80","538.42"
"29/04/2024 16:00:00 - 29/04/2024 17:00:00","Belgium (BE)","365.48","429.33","445.43","530.93"
"29/04/2024 17:00:00 - 29/04/2024 18:00:00","Belgium (BE)","303.60","357.43","406.78","499.34"
"29/04/2024 18:00:00 - 29/04/2024 19:00:00","Belgium (BE)","215.63","255.95","317.43","413.26"
"29/04/2024 19:00:00 - 29/04/2024 20:00:00","Belgium (BE)","139.40","173.90","247.60","254.70"
"29/04/2024 20:00:00 - 29/04/2024 21:00:00","Belgium (BE)","120.75","141.58","234.00","176.02"
"29/04/2024 21:00:00 - 29/04/2024 22:00:00","Belgium (BE)","139.65","165.35","220.68","241.54"
"29/04/2024 22:00:00 - 29/04/2024 23:00:00","Belgium (BE)","174.00","204.95","242.95","344.68"
"29/04/2024 23:00:00 - 30/04/2024 00:00:00","Belgium (BE)","212.35","240.80","264.05","338.60"
"30/04/2024 00:00:00 - 30/04/2024 01:00:00","Belgium (BE)","260.53","329.55","329.55","388.19"
"30/04/2024 01:00:00 - 30/04/2024 02:00:00","Belgium (BE)","279.40","305.70","305.70","406.48"
"30/04/2024 02:00:00 - 30/04/2024 03:00:00","Belgium (BE)","289.85","336.33","336.33","339.22"
"30/04/2024 03:00:00 - 30/04/2024 04:00:00","Belgium (BE)","280.78","312.43","312.43","368.15"
"30/04/2024 04:00:00 - 30/04/2024 05:00:00","Belgium (BE)","277.93","299.38","299.38","398.58"
"30/04/2024 05:00:00 - 30/04/2024 06:00:00","Belgium (BE)","267.80","313.03","313.03","362.07"
"30/04/2024 06:00:00 - 30/04/2024 07:00:00","Belgium (BE)","261.90","336.10","336.10","284.10"
"30/04/2024 07:00:00 - 30/04/2024 08:00:00","Belgium (BE)","252.80","298.23","298.23","235.08"
"30/04/2024 08:00:00 - 30/04/2024 09:00:00","Belgium (BE)","206.48","230.88","243.43","164.59"
"30/04/2024 09:00:00 - 30/04/2024 10:00:00","Belgium (BE)","161.40","178.58","195.40","90.60"
"30/04/2024 10:00:00 - 30/04/2024 11:00:00","Belgium (BE)","142.35","160.85","151.90","76.63"
"30/04/2024 11:00:00 - 30/04/2024 12:00:00","Belgium (BE)","144.25","158.60","173.40","104.67"
"30/04/2024 12:00:00 - 30/04/2024 13:00:00","Belgium (BE)","153.63","169.08","176.35","133.57"
"30/04/2024 13:00:00 - 30/04/2024 14:00:00","Belgium (BE)","163.03","179.58","180.38","112.87"
"30/04/2024 14:00:00 - 30/04/2024 15:00:00","Belgium (BE)","167.60","209.80","163.88","95.97"
"30/04/2024 15:00:00 - 30/04/2024 16:00:00","Belgium (BE)","176.05","231.23","159.08","129.22"
"30/04/2024 16:00:00 - 30/04/2024 17:00:00","Belgium (BE)","193.63","217.15","160.13","132.89"
"30/04/2024 17:00:00 - 30/04/2024 18:00:00","Belgium (BE)","194.70","195.20","156.90","153.48"
"30/04/2024 18:00:00 - 30/04/2024 19:00:00","Belgium (BE)","165.63","172.33","154.63","114.08"
"30/04/2024 19:00:00 - 30/04/2024 20:00:00","Belgium (BE)","130.60","141.15","147.05","79.42"
"30/04/2024 20:00:00 - 30/04/2024 21:00:00","Belgium (BE)","109.13","141.38","162.50","85.56"
"30/04/2024 21:00:00 - 30/04/2024 22:00:00","Belgium (BE)","117.60","170.93","200.60","139.74"
"30/04/2024 22:00:00 - 30/04/2024 23:00:00","Belgium (BE)","152.43","186.43","210.23","245.84"
"30/04/2024 23:00:00 - 01/05/2024 00:00:00","Belgium (BE)","190.83","201.18","190.95","324.87"
"01/05/2024 00:00:00 - 01/05/2024 01:00:00","Belgium (BE)","170.40","233.08","233.08","455.05"
"01/05/2024 01:00:00 - 01/05/2024 02:00:00","Belgium (BE)","144.38","259.40","259.40","556.74"
"01/05/2024 02:00:00 - 01/05/2024 03:00:00","Belgium (BE)","167.23","215.48","215.48","382.59"
"01/05/2024 03:00:00 - 01/05/2024 04:00:00","Belgium (BE)","198.43","242.05","242.05","256.13"
"01/05/2024 04:00:00 - 01/05/2024 05:00:00","Belgium (BE)","190.78","152.45","152.45","199.35"
"01/05/2024 05:00:00 - 01/05/2024 06:00:00","Belgium (BE)","178.75","137.95","137.95","184.20"
"01/05/2024 06:00:00 - 01/05/2024 07:00:00","Belgium (BE)","180.65","134.90","134.90","163.15"
"01/05/2024 07:00:00 - 01/05/2024 08:00:00","Belgium (BE)","183.05","158.18","158.18","156.95"
"01/05/2024 08:00:00 - 01/05/2024 09:00:00","Belgium (BE)","181.55","163.70","152.30","111.84"
"01/05/2024 09:00:00 - 01/05/2024 10:00:00","Belgium (BE)","150.38","124.98","123.53","62.90"
"01/05/2024 10:00:00 - 01/05/2024 11:00:00","Belgium (BE)","140.63","113.03","110.38","61.49"
"01/05/2024 11:00:00 - 01/05/2024 12:00:00","Belgium (BE)","138.48","131.88","131.10","92.54"
"01/05/2024 12:00:00 - 01/05/2024 13:00:00","Belgium (BE)","129.50","167.78","164.55","163.71"
"01/05/2024 13:00:00 - 01/05/2024 14:00:00","Belgium (BE)","151.23","233.28","242.10","182.17"
"01/05/2024 14:00:00 - 01/05/2024 15:00:00","Belgium (BE)","201.95","318.03","330.70","261.56"
"01/05/2024 15:00:00 - 01/05/2024 16:00:00","Belgium (BE)","264.10","396.28","411.15","400.07"
"01/05/2024 16:00:00 - 01/05/2024 17:00:00","Belgium (BE)","306.10","473.28","477.70","474.70"
"01/05/2024 17:00:00 - 01/05/2024 18:00:00","Belgium (BE)","335.80","539.88","541.73","484.46"
"01/05/2024 18:00:00 - 01/05/2024 19:00:00","Belgium (BE)","348.30","531.33","532.75","427.73"
"01/05/2024 19:00:00 - 01/05/2024 20:00:00","Belgium (BE)","384.10","539.68","507.53","352.85"
"01/05/2024 20:00:00 - 01/05/2024 21:00:00","Belgium (BE)","479.23","630.63","513.90","423.60"
"01/05/2024 21:00:00 - 01/05/2024 22:00:00","Belgium (BE)","564.30","702.18","568.58","540.00"
"01/05/2024 22:00:00 - 01/05/2024 23:00:00","Belgium (BE)","575.05","671.50","603.33","676.30"
"01/05/2024 23:00:00 - 02/05/2024 00:00:00","Belgium (BE)","497.63","602.25","580.85","751.82"
"02/05/2024 00:00:00 - 02/05/2024 01:00:00","Belgium (BE)","569.40","510.83","510.83","813.86"
"02/05/2024 01:00:00 - 02/05/2024 02:00:00","Belgium (BE)","468.30","499.90","499.90","748.43"
"02/05/2024 02:00:00 - 02/05/2024 03:00:00","Belgium (BE)","353.13","368.23","368.23","518.21"
"02/05/2024 03:00:00 - 02/05/2024 04:00:00","Belgium (BE)","286.75","341.75","341.75","438.23"
"02/05/2024 04:00:00 - 02/05/2024 05:00:00","Belgium (BE)","295.25","278.73","278.73","289.17"
"02/05/2024 05:00:00 - 02/05/2024 06:00:00","Belgium (BE)","305.25","244.03","244.03","142.65"
"02/05/2024 06:00:00 - 02/05/2024 07:00:00","Belgium (BE)","271.75","233.53","233.53","96.02"
"02/05/2024 07:00:00 - 02/05/2024 08:00:00","Belgium (BE)","221.95","178.03","178.03","113.19"
"02/05/2024 08:00:00 - 02/05/2024 09:00:00","Belgium (BE)","151.33","134.35","123.03","108.44"
"02/05/2024 09:00:00 - 02/05/2024 10:00:00","Belgium (BE)","132.70","128.95","131.80","201.80"
"02/05/2024 10:00:00 - 02/05/2024 11:00:00","Belgium (BE)","152.58","152.93","172.83","289.26"
"02/05/2024 11:00:00 - 02/05/2024 12:00:00","Belgium (BE)","178.63","175.65","249.75","346.67"
"02/05/2024 12:00:00 - 02/05/2024 13:00:00","Belgium (BE)","207.65","190.53","299.23","447.46"
"02/05/2024 13:00:00 - 02/05/2024 14:00:00","Belgium (BE)","259.73","199.13","336.65","450.89"
"02/05/2024 14:00:00 - 02/05/2024 15:00:00","Belgium (BE)","329.25","227.15","428.03","512.38"
"02/05/2024 15:00:00 - 02/05/2024 16:00:00","Belgium (BE)","429.63","292.00","471.73","568.96"
"02/05/2024 16:00:00 - 02/05/2024 17:00:00","Belgium (BE)","548.50","387.08","585.28","641.84"
"02/05/2024 17:00:00 - 02/05/2024 18:00:00","Belgium (BE)","653.65","481.48","627.20","779.01"
"02/05/2024 18:00:00 - 02/05/2024 19:00:00","Belgium (BE)","777.43","554.83","673.38","897.96"
"02/05/2024 19:00:00 - 02/05/2024 20:00:00","Belgium (BE)","904.60","651.50","749.60","1065.71"
"02/05/2024 20:00:00 - 02/05/2024 21:00:00","Belgium (BE)","997.08","778.40","924.18","961.46"
"02/05/2024 21:00:00 - 02/05/2024 22:00:00","Belgium (BE)","1051.23","923.90","1106.68","836.91"
"02/05/2024 22:00:00 - 02/05/2024 23:00:00","Belgium (BE)","1075.03","1047.58","1146.25","805.02"
"02/05/2024 23:00:00 - 03/05/2024 00:00:00","Belgium (BE)","1095.45","1114.18","1157.45","785.38"
"03/05/2024 00:00:00 - 03/05/2024 01:00:00","Belgium (BE)","1111.43","959.00","959.00","964.24"
"03/05/2024 01:00:00 - 03/05/2024 02:00:00","Belgium (BE)","1142.60","954.50","954.50","1081.94"
"03/05/2024 02:00:00 - 03/05/2024 03:00:00","Belgium (BE)","1238.58","1125.85","1125.85","1214.75"
"03/05/2024 03:00:00 - 03/05/2024 04:00:00","Belgium (BE)","1328.68","1264.53","1264.53","1261.44"
"03/05/2024 04:00:00 - 03/05/2024 05:00:00","Belgium (BE)","1414.53","1364.33","1364.33","1403.84"
"03/05/2024 05:00:00 - 03/05/2024 06:00:00","Belgium (BE)","1531.10","1441.50","1441.50","1385.37"
"03/05/2024 06:00:00 - 03/05/2024 07:00:00","Belgium (BE)","1634.95","1525.80","1525.80","1385.16"
"03/05/2024 07:00:00 - 03/05/2024 08:00:00","Belgium (BE)","1698.20","1540.65","1540.65","1437.54"
"03/05/2024 08:00:00 - 03/05/2024 09:00:00","Belgium (BE)","1742.08","1578.28","1501.60","1419.48"
"03/05/2024 09:00:00 - 03/05/2024 10:00:00","Belgium (BE)","1778.25","1612.28","1537.50","1549.99"
"03/05/2024 10:00:00 - 03/05/2024 11:00:00","Belgium (BE)","1803.03","1611.70","1563.43","1642.40"
"03/05/2024 11:00:00 - 03/05/2024 12:00:00","Belgium (BE)","1796.60","1580.45","1690.38","1717.56"
"03/05/2024 12:00:00 - 03/05/2024 13:00:00","Belgium (BE)","1767.00","1545.93","1691.05","1676.00"
"03/05/2024 13:00:00 - 03/05/2024 14:00:00","Belgium (BE)","1699.00","1485.20","1550.98","1526.78"
"03/05/2024 14:00:00 - 03/05/2024 15:00:00","Belgium (BE)","1573.50","1383.43","1409.20","1232.96"
"03/05/2024 15:00:00 - 03/05/2024 16:00:00","Belgium (BE)","1431.78","1263.45","1239.95","1098.16"
"03/05/2024 16:00:00 - 03/05/2024 17:00:00","Belgium (BE)","1246.08","1115.98","1095.18","1129.81"
"03/05/2024 17:00:00 - 03/05/2024 18:00:00","Belgium (BE)","997.65","934.15","901.73","955.02"
"03/05/2024 18:00:00 - 03/05/2024 19:00:00","Belgium (BE)","749.93","702.88","693.58","702.72"
"03/05/2024 19:00:00 - 03/05/2024 20:00:00","Belgium (BE)","561.85","487.15","462.25","445.68"
"03/05/2024 20:00:00 - 03/05/2024 21:00:00","Belgium (BE)","458.03","359.33","319.48","236.21"
"03/05/2024 21:00:00 - 03/05/2024 22:00:00","Belgium (BE)","431.60","324.33","258.70","222.56"
"03/05/2024 22:00:00 - 03/05/2024 23:00:00","Belgium (BE)","461.15","351.03","289.95","326.20"
"03/05/2024 23:00:00 - 04/05/2024 00:00:00","Belgium (BE)","499.40","399.98","330.60","402.61"
"04/05/2024 00:00:00 - 04/05/2024 01:00:00","Belgium (BE)","380.63","422.75","422.75","417.27"
"04/05/2024 01:00:00 - 04/05/2024 02:00:00","Belgium (BE)","386.90","451.50","451.50","429.43"
"04/05/2024 02:00:00 - 04/05/2024 03:00:00","Belgium (BE)","382.43","397.08","397.08","378.95"
"04/05/2024 03:00:00 - 04/05/2024 04:00:00","Belgium (BE)","364.55","401.00","401.00","361.53"
"04/05/2024 04:00:00 - 04/05/2024 05:00:00","Belgium (BE)","357.48","387.43","387.43","340.09"
"04/05/2024 05:00:00 - 04/05/2024 06:00:00","Belgium (BE)","366.83","397.30","397.30","330.62"
"04/05/2024 06:00:00 - 04/05/2024 07:00:00","Belgium (BE)","361.75","386.70","386.70","326.41"
"04/05/2024 07:00:00 - 04/05/2024 08:00:00","Belgium (BE)","340.65","340.10","340.10","309.46"
"04/05/2024 08:00:00 - 04/05/2024 09:00:00","Belgium (BE)","248.10","244.20","239.33","237.45"
"04/05/2024 09:00:00 - 04/05/2024 10:00:00","Belgium (BE)","207.58","176.50","177.48","115.07"
"04/05/2024 10:00:00 - 04/05/2024 11:00:00","Belgium (BE)","241.10","205.58","198.85","109.01"
"04/05/2024 11:00:00 - 04/05/2024 12:00:00","Belgium (BE)","288.18","252.10","209.45","209.00"
"04/05/2024 12:00:00 - 04/05/2024 13:00:00","Belgium (BE)","340.05","286.23","232.95","224.32"
"04/05/2024 13:00:00 - 04/05/2024 14:00:00","Belgium (BE)","323.93","325.48","286.35","315.13"
"04/05/2024 14:00:00 - 04/05/2024 15:00:00","Belgium (BE)","259.50","331.50","305.30","499.30"
"04/05/2024 15:00:00 - 04/05/2024 16:00:00","Belgium (BE)","235.30","292.68","296.13","631.23"
"04/05/2024 16:00:00 - 04/05/2024 17:00:00","Belgium (BE)","229.95","268.28","273.55","297.30"
"04/05/2024 17:00:00 - 04/05/2024 18:00:00","Belgium (BE)","219.95","246.93","235.33","131.02"
"04/05/2024 18:00:00 - 04/05/2024 19:00:00","Belgium (BE)","242.45","209.35","165.63","111.35"
"04/05/2024 19:00:00 - 04/05/2024 20:00:00","Belgium (BE)","276.90","175.55","89.38","135.09"
"04/05/2024 20:00:00 - 04/05/2024 21:00:00","Belgium (BE)","290.93","150.25","75.48","104.79"
"04/05/2024 21:00:00 - 04/05/2024 22:00:00","Belgium (BE)","329.55","139.85","79.43","78.99"
"04/05/2024 22:00:00 - 04/05/2024 23:00:00","Belgium (BE)","361.45","134.13","79.38","46.09"
"04/05/2024 23:00:00 - 05/05/2024 00:00:00","Belgium (BE)","392.35","133.25","97.58","31.74"
"05/05/2024 00:00:00 - 05/05/2024 01:00:00","Belgium (BE)","135.48","97.35","97.35","44.90"
"05/05/2024 01:00:00 - 05/05/2024 02:00:00","Belgium (BE)","184.05","122.23","122.23","77.59"
"05/05/2024 02:00:00 - 05/05/2024 03:00:00","Belgium (BE)","219.03","169.98","169.98","145.87"
"05/05/2024 03:00:00 - 05/05/2024 04:00:00","Belgium (BE)","246.78","196.20","196.20","178.00"
"05/05/2024 04:00:00 - 05/05/2024 05:00:00","Belgium (BE)","272.98","217.40","217.40","196.00"
"05/05/2024 05:00:00 - 05/05/2024 06:00:00","Belgium (BE)","280.53","211.13","211.13","194.23"
"05/05/2024 06:00:00 - 05/05/2024 07:00:00","Belgium (BE)","248.60","177.90","177.90","178.10"
"05/05/2024 07:00:00 - 05/05/2024 08:00:00","Belgium (BE)","207.70","154.20","154.20","120.60"
"05/05/2024 08:00:00 - 05/05/2024 09:00:00","Belgium (BE)","173.25","112.90","111.63","93.87"
"05/05/2024 09:00:00 - 05/05/2024 10:00:00","Belgium (BE)","146.73","88.13","82.65","65.15"
"05/05/2024 10:00:00 - 05/05/2024 11:00:00","Belgium (BE)","139.15","88.53","95.98","56.13"
"05/05/2024 11:00:00 - 05/05/2024 12:00:00","Belgium (BE)","140.75","96.80","104.03","80.34"
"05/05/2024 12:00:00 - 05/05/2024 13:00:00","Belgium (BE)","153.93","92.35","97.20","86.00"
"05/05/2024 13:00:00 - 05/05/2024 14:00:00","Belgium (BE)","149.93","92.45","93.08","57.73"
"05/05/2024 14:00:00 - 05/05/2024 15:00:00","Belgium (BE)","123.45","90.00","91.10","64.08"
"05/05/2024 15:00:00 - 05/05/2024 16:00:00","Belgium (BE)","107.28","75.25","66.13","63.63"
"05/05/2024 16:00:00 - 05/05/2024 17:00:00","Belgium (BE)","92.15","56.08","46.58","61.42"
"05/05/2024 17:00:00 - 05/05/2024 18:00:00","Belgium (BE)","67.68","37.35","37.53","93.17"
"05/05/2024 18:00:00 - 05/05/2024 19:00:00","Belgium (BE)","47.43","25.25","32.10","59.58"
"05/05/2024 19:00:00 - 05/05/2024 20:00:00","Belgium (BE)","41.73","18.70","44.15","39.12"
"05/05/2024 20:00:00 - 05/05/2024 21:00:00","Belgium (BE)","47.70","28.35","44.70","16.07"
"05/05/2024 21:00:00 - 05/05/2024 22:00:00","Belgium (BE)","56.70","44.28","68.38","19.48"
"05/05/2024 22:00:00 - 05/05/2024 23:00:00","Belgium (BE)","57.23","57.90","122.93","33.74"
"05/05/2024 23:00:00 - 06/05/2024 00:00:00","Belgium (BE)","60.30","75.68","152.23","50.84"
"06/05/2024 00:00:00 - 06/05/2024 01:00:00","Belgium (BE)","143.05","91.28","91.28","43.24"
"06/05/2024 01:00:00 - 06/05/2024 02:00:00","Belgium (BE)","117.75","89.25","89.25","39.24"
"06/05/2024 02:00:00 - 06/05/2024 03:00:00","Belgium (BE)","101.60","94.45","94.45","30.28"
"06/05/2024 03:00:00 - 06/05/2024 04:00:00","Belgium (BE)","97.50","92.48","92.48","28.58"
"06/05/2024 04:00:00 - 06/05/2024 05:00:00","Belgium (BE)","96.43","93.48","93.48","33.12"
"06/05/2024 05:00:00 - 06/05/2024 06:00:00","Belgium (BE)","92.63","81.30","81.30","41.55"
"06/05/2024 06:00:00 - 06/05/2024 07:00:00","Belgium (BE)","82.33","85.40","85.40","66.88"
"06/05/2024 07:00:00 - 06/05/2024 08:00:00","Belgium (BE)","88.00","96.03","96.03","94.09"
"06/05/2024 08:00:00 - 06/05/2024 09:00:00","Belgium (BE)","82.80","89.38","93.08","85.72"
"06/05/2024 09:00:00 - 06/05/2024 10:00:00","Belgium (BE)","57.35","71.83","78.95","71.12"
"06/05/2024 10:00:00 - 06/05/2024 11:00:00","Belgium (BE)","55.23","89.40","85.53","110.21"
"06/05/2024 11:00:00 - 06/05/2024 12:00:00","Belgium (BE)","71.70","111.33","95.58","133.20"
"06/05/2024 12:00:00 - 06/05/2024 13:00:00","Belgium (BE)","96.75","112.78","115.25","131.18"
"06/05/2024 13:00:00 - 06/05/2024 14:00:00","Belgium (BE)","136.78","121.13","164.63","146.79"
"06/05/2024 14:00:00 - 06/05/2024 15:00:00","Belgium (BE)","184.23","153.80","200.75","195.46"
"06/05/2024 15:00:00 - 06/05/2024 16:00:00","Belgium (BE)","212.88","191.03","224.70","256.02"
"06/05/2024 16:00:00 - 06/05/2024 17:00:00","Belgium (BE)","209.75","217.10","201.83","271.34"
"06/05/2024 17:00:00 - 06/05/2024 18:00:00","Belgium (BE)","190.85","218.58","193.10","236.24"
"06/05/2024 18:00:00 - 06/05/2024 19:00:00","Belgium (BE)","173.43","203.25","197.13","221.20"
"06/05/2024 19:00:00 - 06/05/2024 20:00:00","Belgium (BE)","159.20","187.85","134.18","161.38"
"06/05/2024 20:00:00 - 06/05/2024 21:00:00","Belgium (BE)","145.90","171.83","115.00","111.39"
"06/05/2024 21:00:00 - 06/05/2024 22:00:00","Belgium (BE)","150.95","160.23","83.48","81.01"
"06/05/2024 22:00:00 - 06/05/2024 23:00:00","Belgium (BE)","168.20","156.80","64.38","65.31"
"06/05/2024 23:00:00 - 07/05/2024 00:00:00","Belgium (BE)","176.13","160.65","60.05","56.04"
"07/05/2024 00:00:00 - 07/05/2024 01:00:00","Belgium (BE)","57.23","74.00","74.00","47.87"
"07/05/2024 01:00:00 - 07/05/2024 02:00:00","Belgium (BE)","63.70","56.80","56.80","38.84"
"07/05/2024 02:00:00 - 07/05/2024 03:00:00","Belgium (BE)","54.73","52.73","52.73","46.12"
"07/05/2024 03:00:00 - 07/05/2024 04:00:00","Belgium (BE)","41.95","44.58","44.58","67.86"
"07/05/2024 04:00:00 - 07/05/2024 05:00:00","Belgium (BE)","29.85","43.03","43.03","83.67"
"07/05/2024 05:00:00 - 07/05/2024 06:00:00","Belgium (BE)","25.28","52.98","52.98","75.94"
"07/05/2024 06:00:00 - 07/05/2024 07:00:00","Belgium (BE)","27.73","77.60","77.60","78.66"
"07/05/2024 07:00:00 - 07/05/2024 08:00:00","Belgium (BE)","41.25","86.78","86.78","84.59"
"07/05/2024 08:00:00 - 07/05/2024 09:00:00","Belgium (BE)","51.78","84.10","87.08","73.88"
"07/05/2024 09:00:00 - 07/05/2024 10:00:00","Belgium (BE)","68.18","87.95","89.15","48.27"
"07/05/2024 10:00:00 - 07/05/2024 11:00:00","Belgium (BE)","96.10","114.68","115.18","54.21"
"07/05/2024 11:00:00 - 07/05/2024 12:00:00","Belgium (BE)","130.53","162.73","153.43","108.43"
"07/05/2024 12:00:00 - 07/05/2024 13:00:00","Belgium (BE)","162.48","229.10","223.55","195.19"
"07/05/2024 13:00:00 - 07/05/2024 14:00:00","Belgium (BE)","205.48","288.83","262.60","267.15"
"07/05/2024 14:00:00 - 07/05/2024 15:00:00","Belgium (BE)","262.65","343.05","308.90","287.70"
"07/05/2024 15:00:00 - 07/05/2024 16:00:00","Belgium (BE)","320.43","400.58","352.90","349.35"
"07/05/2024 16:00:00 - 07/05/2024 17:00:00","Belgium (BE)","377.93","467.00","381.48","483.50"
"07/05/2024 17:00:00 - 07/05/2024 18:00:00","Belgium (BE)","429.33","529.80","439.38","653.61"
"07/05/2024 18:00:00 - 07/05/2024 19:00:00","Belgium (BE)","460.75","575.73","496.40","738.27"
"07/05/2024 19:00:00 - 07/05/2024 20:00:00","Belgium (BE)","470.33","600.75","548.65","690.35"
"07/05/2024 20:00:00 - 07/05/2024 21:00:00","Belgium (BE)","487.80","628.73","589.40","644.67"
"07/05/2024 21:00:00 - 07/05/2024 22:00:00","Belgium (BE)","509.38","638.73","652.85","639.37"
"07/05/2024 22:00:00 - 07/05/2024 23:00:00","Belgium (BE)","468.13","597.93","604.98","698.16"
"07/05/2024 23:00:00 - 08/05/2024 00:00:00","Belgium (BE)","390.75","542.78","522.43","653.31"
"08/05/2024 00:00:00 - 08/05/2024 01:00:00","Belgium (BE)","451.05","513.33","513.33","603.00"
"08/05/2024 01:00:00 - 08/05/2024 02:00:00","Belgium (BE)","400.38","471.88","471.88","509.95"
"08/05/2024 02:00:00 - 08/05/2024 03:00:00","Belgium (BE)","346.95","398.83","398.83","399.10"
"08/05/2024 03:00:00 - 08/05/2024 04:00:00","Belgium (BE)","289.33","313.05","313.05","288.56"
"08/05/2024 04:00:00 - 08/05/2024 05:00:00","Belgium (BE)","247.80","286.70","286.70","280.46"
"08/05/2024 05:00:00 - 08/05/2024 06:00:00","Belgium (BE)","223.00","240.15","240.15","298.03"
"08/05/2024 06:00:00 - 08/05/2024 07:00:00","Belgium (BE)","200.18","224.30","224.30","265.25"
"08/05/2024 07:00:00 - 08/05/2024 08:00:00","Belgium (BE)","190.93","208.20","208.20","208.79"
"08/05/2024 08:00:00 - 08/05/2024 09:00:00","Belgium (BE)","194.93","199.33","233.88","150.88"
"08/05/2024 09:00:00 - 08/05/2024 10:00:00","Belgium (BE)","187.00","197.90","214.93","149.77"
"08/05/2024 10:00:00 - 08/05/2024 11:00:00","Belgium (BE)","177.08","186.90","195.50","127.53"
"08/05/2024 11:00:00 - 08/05/2024 12:00:00","Belgium (BE)","171.48","169.58","173.18","128.20"
"08/05/2024 12:00:00 - 08/05/2024 13:00:00","Belgium (BE)","169.58","164.33","158.35","126.12"
"08/05/2024 13:00:00 - 08/05/2024 14:00:00","Belgium (BE)","181.55","166.18","164.88","134.93"
"08/05/2024 14:00:00 - 08/05/2024 15:00:00","Belgium (BE)","198.35","174.50","167.75","149.21"
"08/05/2024 15:00:00 - 08/05/2024 16:00:00","Belgium (BE)","214.43","185.75","176.30","168.92"
"08/05/2024 16:00:00 - 08/05/2024 17:00:00","Belgium (BE)","226.13","192.75","176.68","174.05"
"08/05/2024 17:00:00 - 08/05/2024 18:00:00","Belgium (BE)","222.13","187.53","177.53","147.25"
"08/05/2024 18:00:00 - 08/05/2024 19:00:00","Belgium (BE)","204.25","175.58","171.40","118.02"
"08/05/2024 19:00:00 - 08/05/2024 20:00:00","Belgium (BE)","185.43","161.53","162.53","105.00"
"08/05/2024 20:00:00 - 08/05/2024 21:00:00","Belgium (BE)","177.35","159.80","153.15","103.20"
"08/05/2024 21:00:00 - 08/05/2024 22:00:00","Belgium (BE)","187.73","181.98","167.60","115.68"
"08/05/2024 22:00:00 - 08/05/2024 23:00:00","Belgium (BE)","199.40","204.58","186.70","120.88"
"08/05/2024 23:00:00 - 09/05/2024 00:00:00","Belgium (BE)","196.25","202.40","192.73","136.36"
"09/05/2024 00:00:00 - 09/05/2024 01:00:00","Belgium (BE)","198.68","170.38","170.38","143.77"
"09/05/2024 01:00:00 - 09/05/2024 02:00:00","Belgium (BE)","184.43","168.08","168.08","158.88"
"09/05/2024 02:00:00 - 09/05/2024 03:00:00","Belgium (BE)","163.40","148.33","148.33","165.26"
"09/05/2024 03:00:00 - 09/05/2024 04:00:00","Belgium (BE)","137.85","139.88","139.88","158.91"
"09/05/2024 04:00:00 - 09/05/2024 05:00:00","Belgium (BE)","111.08","108.75","108.75","140.10"
"09/05/2024 05:00:00 - 09/05/2024 06:00:00","Belgium (BE)","81.83","98.58","98.58","110.55"
"09/05/2024 06:00:00 - 09/05/2024 07:00:00","Belgium (BE)","59.13","73.00","73.00","76.47"
"09/05/2024 07:00:00 - 09/05/2024 08:00:00","Belgium (BE)","43.05","55.30","55.30","43.23"
"09/05/2024 08:00:00 - 09/05/2024 09:00:00","Belgium (BE)","26.55","33.55","37.13","14.25"
"09/05/2024 09:00:00 - 09/05/2024 10:00:00","Belgium (BE)","13.43","17.38","19.53","5.46"
"09/05/2024 10:00:00 - 09/05/2024 11:00:00","Belgium (BE)","11.78","13.85","9.90","6.91"
"09/05/2024 11:00:00 - 09/05/2024 12:00:00","Belgium (BE)","15.85","15.05","13.35","16.24"
"09/05/2024 12:00:00 - 09/05/2024 13:00:00","Belgium (BE)","20.85","17.28","14.88","21.91"
"09/05/2024 13:00:00 - 09/05/2024 14:00:00","Belgium (BE)","25.28","19.73","19.18","26.42"
"09/05/2024 14:00:00 - 09/05/2024 15:00:00","Belgium (BE)","25.90","20.58","18.98","29.32"
"09/05/2024 15:00:00 - 09/05/2024 16:00:00","Belgium (BE)","27.30","25.23","28.15","41.84"
"09/05/2024 16:00:00 - 09/05/2024 17:00:00","Belgium (BE)","39.53","35.90","38.45","63.67"
"09/05/2024 17:00:00 - 09/05/2024 18:00:00","Belgium (BE)","60.45","53.93","59.70","79.33"
"09/05/2024 18:00:00 - 09/05/2024 19:00:00","Belgium (BE)","88.10","81.90","92.05","89.37"
"09/05/2024 19:00:00 - 09/05/2024 20:00:00","Belgium (BE)","127.08","117.25","120.95","108.93"
"09/05/2024 20:00:00 - 09/05/2024 21:00:00","Belgium (BE)","174.55","160.18","156.50","128.70"
"09/05/2024 21:00:00 - 09/05/2024 22:00:00","Belgium (BE)","232.93","218.60","202.93","169.57"
"09/05/2024 22:00:00 - 09/05/2024 23:00:00","Belgium (BE)","286.33","265.70","248.93","251.75"
"09/05/2024 23:00:00 - 10/05/2024 00:00:00","Belgium (BE)","305.55","280.68","260.93","302.92"
"10/05/2024 00:00:00 - 10/05/2024 01:00:00","Belgium (BE)","264.03","264.58","264.58","313.03"
"10/05/2024 01:00:00 - 10/05/2024 02:00:00","Belgium (BE)","261.48","305.83","305.83","305.61"
"10/05/2024 02:00:00 - 10/05/2024 03:00:00","Belgium (BE)","247.23","257.58","257.58","208.09"
"10/05/2024 03:00:00 - 10/05/2024 04:00:00","Belgium (BE)","210.28","237.43","237.43","147.72"
"10/05/2024 04:00:00 - 10/05/2024 05:00:00","Belgium (BE)","164.58","168.85","168.85","116.85"
"10/05/2024 05:00:00 - 10/05/2024 06:00:00","Belgium (BE)","121.65","123.33","123.33","78.39"
"10/05/2024 06:00:00 - 10/05/2024 07:00:00","Belgium (BE)","97.03","111.08","111.08","52.23"
"10/05/2024 07:00:00 - 10/05/2024 08:00:00","Belgium (BE)","84.38","99.13","99.13","50.86"
"10/05/2024 08:00:00 - 10/05/2024 09:00:00","Belgium (BE)","66.83","82.05","83.63","36.08"
"10/05/2024 09:00:00 - 10/05/2024 10:00:00","Belgium (BE)","32.08","39.68","30.70","14.11"
"10/05/2024 10:00:00 - 10/05/2024 11:00:00","Belgium (BE)","21.83","26.90","24.63","26.35"
"10/05/2024 11:00:00 - 10/05/2024 12:00:00","Belgium (BE)","40.53","42.65","37.05","47.87"
"10/05/2024 12:00:00 - 10/05/2024 13:00:00","Belgium (BE)","48.10","49.48","48.00","44.93"
"10/05/2024 13:00:00 - 10/05/2024 14:00:00","Belgium (BE)","49.75","50.13","47.50","49.03"
"10/05/2024 14:00:00 - 10/05/2024 15:00:00","Belgium (BE)","52.48","55.40","46.75","59.36"
"10/05/2024 15:00:00 - 10/05/2024 16:00:00","Belgium (BE)","62.23","65.68","56.10","62.55"
"10/05/2024 16:00:00 - 10/05/2024 17:00:00","Belgium (BE)","78.20","79.60","73.68","96.14"
"10/05/2024 17:00:00 - 10/05/2024 18:00:00","Belgium (BE)","94.63","104.25","95.15","135.81"
"10/05/2024 18:00:00 - 10/05/2024 19:00:00","Belgium (BE)","123.60","145.48","133.75","191.47"
"10/05/2024 19:00:00 - 10/05/2024 20:00:00","Belgium (BE)","170.48","201.83","189.28","204.47"
"10/05/2024 20:00:00 - 10/05/2024 21:00:00","Belgium (BE)","236.88","272.45","272.25","247.28"
"10/05/2024 21:00:00 - 10/05/2024 22:00:00","Belgium (BE)","319.23","371.65","356.70","359.55"
"10/05/2024 22:00:00 - 10/05/2024 23:00:00","Belgium (BE)","391.10","452.75","447.65","537.35"
"10/05/2024 23:00:00 - 11/05/2024 00:00:00","Belgium (BE)","435.43","500.35","507.80","639.20"
"11/05/2024 00:00:00 - 11/05/2024 01:00:00","Belgium (BE)","535.80","598.35","598.35","631.90"
"11/05/2024 01:00:00 - 11/05/2024 02:00:00","Belgium (BE)","519.38","600.63","600.63","570.77"
"11/05/2024 02:00:00 - 11/05/2024 03:00:00","Belgium (BE)","482.33","545.68","545.68","536.60"
"11/05/2024 03:00:00 - 11/05/2024 04:00:00","Belgium (BE)","460.80","507.60","507.60","542.52"
"11/05/2024 04:00:00 - 11/05/2024 05:00:00","Belgium (BE)","450.35","463.13","463.13","515.48"
"11/05/2024 05:00:00 - 11/05/2024 06:00:00","Belgium (BE)","454.75","462.18","462.18","466.11"
"11/05/2024 06:00:00 - 11/05/2024 07:00:00","Belgium (BE)","463.30","456.43","456.43","447.39"
"11/05/2024 07:00:00 - 11/05/2024 08:00:00","Belgium (BE)","462.53","407.58","407.58","355.12"
"11/05/2024 08:00:00 - 11/05/2024 09:00:00","Belgium (BE)","355.80","302.03","299.95","175.77"
"11/05/2024 09:00:00 - 11/05/2024 10:00:00","Belgium (BE)","237.53","202.20","199.33","89.14"
"11/05/2024 10:00:00 - 11/05/2024 11:00:00","Belgium (BE)","209.20","177.83","158.55","115.59"
"11/05/2024 11:00:00 - 11/05/2024 12:00:00","Belgium (BE)","230.53","206.50","177.53","212.73"
"11/05/2024 12:00:00 - 11/05/2024 13:00:00","Belgium (BE)","267.58","251.93","234.20","311.89"
"11/05/2024 13:00:00 - 11/05/2024 14:00:00","Belgium (BE)","289.33","277.83","277.83","348.44"
"11/05/2024 14:00:00 - 11/05/2024 15:00:00","Belgium (BE)","282.58","268.48","296.13","283.52"
"11/05/2024 15:00:00 - 11/05/2024 16:00:00","Belgium (BE)","271.78","262.03","294.95","341.40"
"11/05/2024 16:00:00 - 11/05/2024 17:00:00","Belgium (BE)","272.00","275.03","277.53","409.80"
"11/05/2024 17:00:00 - 11/05/2024 18:00:00","Belgium (BE)","283.60","297.90","330.68","491.28"
"11/05/2024 18:00:00 - 11/05/2024 19:00:00","Belgium (BE)","311.10","341.28","379.85","583.13"
"11/05/2024 19:00:00 - 11/05/2024 20:00:00","Belgium (BE)","383.45","414.13","467.20","574.89"
"11/05/2024 20:00:00 - 11/05/2024 21:00:00","Belgium (BE)","523.05","539.18","622.90","594.48"
"11/05/2024 21:00:00 - 11/05/2024 22:00:00","Belgium (BE)","710.78","696.08","773.08","777.69"
"11/05/2024 22:00:00 - 11/05/2024 23:00:00","Belgium (BE)","831.25","805.10","845.10","927.51"
"11/05/2024 23:00:00 - 12/05/2024 00:00:00","Belgium (BE)","859.53","834.55","838.70","986.30"
"12/05/2024 00:00:00 - 12/05/2024 01:00:00","Belgium (BE)","764.50","862.68","862.68","976.86"
"12/05/2024 01:00:00 - 12/05/2024 02:00:00","Belgium (BE)","730.70","826.50","826.50","923.46"
"12/05/2024 02:00:00 - 12/05/2024 03:00:00","Belgium (BE)","704.05","758.78","758.78","826.86"
"12/05/2024 03:00:00 - 12/05/2024 04:00:00","Belgium (BE)","664.53","699.88","699.88","711.53"
"12/05/2024 04:00:00 - 12/05/2024 05:00:00","Belgium (BE)","630.93","662.90","662.90","657.03"
"12/05/2024 05:00:00 - 12/05/2024 06:00:00","Belgium (BE)","620.35","650.98","650.98","730.58"
"12/05/2024 06:00:00 - 12/05/2024 07:00:00","Belgium (BE)","609.23","639.03","639.03","755.60"
"12/05/2024 07:00:00 - 12/05/2024 08:00:00","Belgium (BE)","583.88","634.33","634.33","597.87"
"12/05/2024 08:00:00 - 12/05/2024 09:00:00","Belgium (BE)","445.60","483.28","531.78","271.88"
"12/05/2024 09:00:00 - 12/05/2024 10:00:00","Belgium (BE)","301.98","316.73","326.08","153.08"
"12/05/2024 10:00:00 - 12/05/2024 11:00:00","Belgium (BE)","258.35","265.53","210.48","134.13"
"12/05/2024 11:00:00 - 12/05/2024 12:00:00","Belgium (BE)","257.08","264.35","214.13","147.90"
"12/05/2024 12:00:00 - 12/05/2024 13:00:00","Belgium (BE)","272.38","284.10","233.68","199.00"
"12/05/2024 13:00:00 - 12/05/2024 14:00:00","Belgium (BE)","300.10","317.63","243.63","268.95"
"12/05/2024 14:00:00 - 12/05/2024 15:00:00","Belgium (BE)","310.83","339.58","229.98","271.11"
"12/05/2024 15:00:00 - 12/05/2024 16:00:00","Belgium (BE)","283.48","336.35","225.25","288.48"
"12/05/2024 16:00:00 - 12/05/2024 17:00:00","Belgium (BE)","242.08","317.48","200.40","300.01"
"12/05/2024 17:00:00 - 12/05/2024 18:00:00","Belgium (BE)","212.63","294.50","211.95","311.95"
"12/05/2024 18:00:00 - 12/05/2024 19:00:00","Belgium (BE)","196.15","284.30","243.55","333.73"
"12/05/2024 19:00:00 - 12/05/2024 20:00:00","Belgium (BE)","200.98","292.43","279.80","449.45"
"12/05/2024 20:00:00 - 12/05/2024 21:00:00","Belgium (BE)","243.75","315.70","278.40","654.34"
"12/05/2024 21:00:00 - 12/05/2024 22:00:00","Belgium (BE)","314.60","363.13","310.90","534.59"
"12/05/2024 22:00:00 - 12/05/2024 23:00:00","Belgium (BE)","378.70","398.63","289.40","492.99"
"12/05/2024 23:00:00 - 13/05/2024 00:00:00","Belgium (BE)","371.55","397.25","301.63","459.22"
"13/05/2024 00:00:00 - 13/05/2024 01:00:00","Belgium (BE)","295.40","384.83","384.83","342.27"
"13/05/2024 01:00:00 - 13/05/2024 02:00:00","Belgium (BE)","272.48","320.45","320.45","363.20"
"13/05/2024 02:00:00 - 13/05/2024 03:00:00","Belgium (BE)","255.43","357.45","357.45","480.50"
"13/05/2024 03:00:00 - 13/05/2024 04:00:00","Belgium (BE)","273.60","368.00","368.00","480.56"
"13/05/2024 04:00:00 - 13/05/2024 05:00:00","Belgium (BE)","276.18","341.78","341.78","422.14"
"13/05/2024 05:00:00 - 13/05/2024 06:00:00","Belgium (BE)","258.08","315.80","315.80","429.02"
"13/05/2024 06:00:00 - 13/05/2024 07:00:00","Belgium (BE)","250.18","285.98","285.98","352.61"
"13/05/2024 07:00:00 - 13/05/2024 08:00:00","Belgium (BE)","238.70","288.85","288.85","257.59"
"13/05/2024 08:00:00 - 13/05/2024 09:00:00","Belgium (BE)","227.23","258.63","253.38","178.63"
"13/05/2024 09:00:00 - 13/05/2024 10:00:00","Belgium (BE)","244.63","263.13","265.38","207.20"
"13/05/2024 10:00:00 - 13/05/2024 11:00:00","Belgium (BE)","277.13","277.05","286.38","235.97"
"13/05/2024 11:00:00 - 13/05/2024 12:00:00","Belgium (BE)","313.20","290.60","310.20","296.05"
"13/05/2024 12:00:00 - 13/05/2024 13:00:00","Belgium (BE)","349.25","306.18","324.50","357.74"
"13/05/2024 13:00:00 - 13/05/2024 14:00:00","Belgium (BE)","368.48","317.23","349.13","375.87"
"13/05/2024 14:00:00 - 13/05/2024 15:00:00","Belgium (BE)","380.78","324.88","348.30","407.15"
"13/05/2024 15:00:00 - 13/05/2024 16:00:00","Belgium (BE)","375.50","333.58","344.93","420.05"
"13/05/2024 16:00:00 - 13/05/2024 17:00:00","Belgium (BE)","362.35","320.10","333.45","429.12"
"13/05/2024 17:00:00 - 13/05/2024 18:00:00","Belgium (BE)","333.40","299.80","310.05","422.14"
"13/05/2024 18:00:00 - 13/05/2024 19:00:00","Belgium (BE)","300.23","283.88","309.65","372.54"
"13/05/2024 19:00:00 - 13/05/2024 20:00:00","Belgium (BE)","255.90","250.40","279.28","314.72"
"13/05/2024 20:00:00 - 13/05/2024 21:00:00","Belgium (BE)","223.38","238.45","254.70","231.84"
"13/05/2024 21:00:00 - 13/05/2024 22:00:00","Belgium (BE)","262.45","275.95","276.68","222.54"
"13/05/2024 22:00:00 - 13/05/2024 23:00:00","Belgium (BE)","335.28","329.00","333.95","302.70"
"13/05/2024 23:00:00 - 14/05/2024 00:00:00","Belgium (BE)","413.73","393.75","422.03","437.54"
"14/05/2024 00:00:00 - 14/05/2024 01:00:00","Belgium (BE)","537.48","577.45","577.45","603.98"
"14/05/2024 01:00:00 - 14/05/2024 02:00:00","Belgium (BE)","623.38","674.53","674.53","750.34"
"14/05/2024 02:00:00 - 14/05/2024 03:00:00","Belgium (BE)","685.80","801.98","801.98","959.13"
"14/05/2024 03:00:00 - 14/05/2024 04:00:00","Belgium (BE)","738.75","870.85","870.85","1087.76"
"14/05/2024 04:00:00 - 14/05/2024 05:00:00","Belgium (BE)","788.55","869.08","869.08","1122.38"
"14/05/2024 05:00:00 - 14/05/2024 06:00:00","Belgium (BE)","839.63","993.98","993.98","1160.02"
"14/05/2024 06:00:00 - 14/05/2024 07:00:00","Belgium (BE)","872.48","1005.75","1005.75","1152.48"
"14/05/2024 07:00:00 - 14/05/2024 08:00:00","Belgium (BE)","909.53","971.33","971.33","952.25"
"14/05/2024 08:00:00 - 14/05/2024 09:00:00","Belgium (BE)","805.15","815.58","868.48","689.08"
"14/05/2024 09:00:00 - 14/05/2024 10:00:00","Belgium (BE)","729.43","699.68","718.50","683.50"
"14/05/2024 10:00:00 - 14/05/2024 11:00:00","Belgium (BE)","870.63","749.30","746.35","718.13"
"14/05/2024 11:00:00 - 14/05/2024 12:00:00","Belgium (BE)","1021.03","842.78","748.15","827.42"
"14/05/2024 12:00:00 - 14/05/2024 13:00:00","Belgium (BE)","1083.50","906.23","761.00","999.58"
"14/05/2024 13:00:00 - 14/05/2024 14:00:00","Belgium (BE)","1094.55","937.78","769.48","933.98"
"14/05/2024 14:00:00 - 14/05/2024 15:00:00","Belgium (BE)","1060.25","948.68","776.23","953.37"
"14/05/2024 15:00:00 - 14/05/2024 16:00:00","Belgium (BE)","938.85","897.08","756.55","934.00"
"14/05/2024 16:00:00 - 14/05/2024 17:00:00","Belgium (BE)","778.05","763.00","696.85","779.48"
"14/05/2024 17:00:00 - 14/05/2024 18:00:00","Belgium (BE)","584.88","578.43","554.88","644.34"
"14/05/2024 18:00:00 - 14/05/2024 19:00:00","Belgium (BE)","409.55","394.28","374.70","700.06"
"14/05/2024 19:00:00 - 14/05/2024 20:00:00","Belgium (BE)","298.20","254.30","269.83","557.72"
"14/05/2024 20:00:00 - 14/05/2024 21:00:00","Belgium (BE)","190.30","150.53","306.35","316.96"
"14/05/2024 21:00:00 - 14/05/2024 22:00:00","Belgium (BE)","104.58","79.03","251.60","173.16"
"14/05/2024 22:00:00 - 14/05/2024 23:00:00","Belgium (BE)","66.43","48.58","153.58","100.34"
"14/05/2024 23:00:00 - 15/05/2024 00:00:00","Belgium (BE)","50.30","31.05","103.25","75.22"
"15/05/2024 00:00:00 - 15/05/2024 01:00:00","Belgium (BE)","29.68","70.73","70.73","43.14"
"15/05/2024 01:00:00 - 15/05/2024 02:00:00","Belgium (BE)","23.93","59.15","59.15","25.51"
"15/05/2024 02:00:00 - 15/05/2024 03:00:00","Belgium (BE)","28.68","42.43","42.43","30.71"
"15/05/2024 03:00:00 - 15/05/2024 04:00:00","Belgium (BE)","34.65","33.08","33.08","47.95"
"15/05/2024 04:00:00 - 15/05/2024 05:00:00","Belgium (BE)","34.30","30.68","30.68","67.80"
"15/05/2024 05:00:00 - 15/05/2024 06:00:00","Belgium (BE)","39.80","33.08","33.08","87.13"
"15/05/2024 06:00:00 - 15/05/2024 07:00:00","Belgium (BE)","53.25","41.73","41.73","54.88"
"15/05/2024 07:00:00 - 15/05/2024 08:00:00","Belgium (BE)","48.53","41.43","41.43","55.44"
"15/05/2024 08:00:00 - 15/05/2024 09:00:00","Belgium (BE)","32.50","30.58","38.15","49.41"
"15/05/2024 09:00:00 - 15/05/2024 10:00:00","Belgium (BE)","27.85","23.15","40.28","35.72"
"15/05/2024 10:00:00 - 15/05/2024 11:00:00","Belgium (BE)","28.35","17.60","32.53","15.01"
"15/05/2024 11:00:00 - 15/05/2024 12:00:00","Belgium (BE)","32.63","12.00","33.83","11.21"
"15/05/2024 12:00:00 - 15/05/2024 13:00:00","Belgium (BE)","47.30","17.68","23.85","7.27"
"15/05/2024 13:00:00 - 15/05/2024 14:00:00","Belgium (BE)","59.00","21.78","19.83","5.89"
"15/05/2024 14:00:00 - 15/05/2024 15:00:00","Belgium (BE)","49.88","21.30","14.78","7.46"
"15/05/2024 15:00:00 - 15/05/2024 16:00:00","Belgium (BE)","36.15","18.90","14.30","9.15"
"15/05/2024 16:00:00 - 15/05/2024 17:00:00","Belgium (BE)","23.53","16.65","14.95","8.15"
"15/05/2024 17:00:00 - 15/05/2024 18:00:00","Belgium (BE)","14.20","18.45","16.38","10.32"
"15/05/2024 18:00:00 - 15/05/2024 19:00:00","Belgium (BE)","10.68","20.30","20.20","26.42"
"15/05/2024 19:00:00 - 15/05/2024 20:00:00","Belgium (BE)","10.73","18.40","30.13","45.43"
"15/05/2024 20:00:00 - 15/05/2024 21:00:00","Belgium (BE)","11.03","15.68","43.68","43.69"
"15/05/2024 21:00:00 - 15/05/2024 22:00:00","Belgium (BE)","11.43","16.38","64.45","52.27"
"15/05/2024 22:00:00 - 15/05/2024 23:00:00","Belgium (BE)","15.03","17.68","73.43","45.88"
"15/05/2024 23:00:00 - 16/05/2024 00:00:00","Belgium (BE)","17.15","15.75","70.43","40.66"
"16/05/2024 00:00:00 - 16/05/2024 01:00:00","Belgium (BE)","64.70","43.23","43.23","39.14"
"16/05/2024 01:00:00 - 16/05/2024 02:00:00","Belgium (BE)","58.78","32.60","32.60","29.81"
"16/05/2024 02:00:00 - 16/05/2024 03:00:00","Belgium (BE)","60.63","27.40","27.40","30.96"
"16/05/2024 03:00:00 - 16/05/2024 04:00:00","Belgium (BE)","57.98","14.38","14.38","26.78"
"16/05/2024 04:00:00 - 16/05/2024 05:00:00","Belgium (BE)","52.40","11.90","11.90","31.46"
"16/05/2024 05:00:00 - 16/05/2024 06:00:00","Belgium (BE)","44.98","10.53","10.53","41.31"
"16/05/2024 06:00:00 - 16/05/2024 07:00:00","Belgium (BE)","46.13","12.33","12.33","56.15"
"16/05/2024 07:00:00 - 16/05/2024 08:00:00","Belgium (BE)","72.35","18.83","18.83","72.70"
"16/05/2024 08:00:00 - 16/05/2024 09:00:00","Belgium (BE)","92.68","22.65","43.43","120.34"
"16/05/2024 09:00:00 - 16/05/2024 10:00:00","Belgium (BE)","106.60","27.58","64.78","197.58"
"16/05/2024 10:00:00 - 16/05/2024 11:00:00","Belgium (BE)","133.58","37.53","88.53","224.99"
"16/05/2024 11:00:00 - 16/05/2024 12:00:00","Belgium (BE)","163.53","54.28","197.98","223.92"
"16/05/2024 12:00:00 - 16/05/2024 13:00:00","Belgium (BE)","204.73","82.18","277.03","258.96"
"16/05/2024 13:00:00 - 16/05/2024 14:00:00","Belgium (BE)","274.73","111.98","330.33","318.86"
"16/05/2024 14:00:00 - 16/05/2024 15:00:00","Belgium (BE)","311.28","144.25","335.53","262.52"
"16/05/2024 15:00:00 - 16/05/2024 16:00:00","Belgium (BE)","296.93","152.85","327.50","192.58"
"16/05/2024 16:00:00 - 16/05/2024 17:00:00","Belgium (BE)","264.75","157.80","251.08","153.22"
"16/05/2024 17:00:00 - 16/05/2024 18:00:00","Belgium (BE)","222.98","146.70","170.23","125.50"
"16/05/2024 18:00:00 - 16/05/2024 19:00:00","Belgium (BE)","171.05","120.08","110.85","88.42"
"16/05/2024 19:00:00 - 16/05/2024 20:00:00","Belgium (BE)","120.13","93.93","72.93","69.47"
"16/05/2024 20:00:00 - 16/05/2024 21:00:00","Belgium (BE)","92.10","79.85","52.63","44.16"
"16/05/2024 21:00:00 - 16/05/2024 22:00:00","Belgium (BE)","91.63","74.63","56.05","39.11"
"16/05/2024 22:00:00 - 16/05/2024 23:00:00","Belgium (BE)","102.95","78.95","62.35","29.33"
"16/05/2024 23:00:00 - 17/05/2024 00:00:00","Belgium (BE)","117.93","92.85","68.70","31.77"
"17/05/2024 00:00:00 - 17/05/2024 01:00:00","Belgium (BE)","73.43","50.00","50.00","37.51"
"17/05/2024 01:00:00 - 17/05/2024 02:00:00","Belgium (BE)","70.40","53.18","53.18","62.91"
"17/05/2024 02:00:00 - 17/05/2024 03:00:00","Belgium (BE)","60.70","62.55","62.55","63.08"
"17/05/2024 03:00:00 - 17/05/2024 04:00:00","Belgium (BE)","53.28","66.08","66.08","74.45"
"17/05/2024 04:00:00 - 17/05/2024 05:00:00","Belgium (BE)","44.55","68.63","68.63","86.47"
"17/05/2024 05:00:00 - 17/05/2024 06:00:00","Belgium (BE)","45.70","77.63","77.63","117.48"
"17/05/2024 06:00:00 - 17/05/2024 07:00:00","Belgium (BE)","52.95","91.30","91.30","167.80"
"17/05/2024 07:00:00 - 17/05/2024 08:00:00","Belgium (BE)","59.40","101.88","101.88","206.21"
"17/05/2024 08:00:00 - 17/05/2024 09:00:00","Belgium (BE)","75.23","98.48","150.83","187.86"
"17/05/2024 09:00:00 - 17/05/2024 10:00:00","Belgium (BE)","105.00","123.35","194.80","184.42"
"17/05/2024 10:00:00 - 17/05/2024 11:00:00","Belgium (BE)","138.50","162.70","219.38","250.34"
"17/05/2024 11:00:00 - 17/05/2024 12:00:00","Belgium (BE)","179.40","211.70","326.78","317.21"
"17/05/2024 12:00:00 - 17/05/2024 13:00:00","Belgium (BE)","230.45","278.70","382.20","396.15"
"17/05/2024 13:00:00 - 17/05/2024 14:00:00","Belgium (BE)","286.40","372.70","446.65","424.48"
"17/05/2024 14:00:00 - 17/05/2024 15:00:00","Belgium (BE)","347.93","476.40","547.85","511.25"
"17/05/2024 15:00:00 - 17/05/2024 16:00:00","Belgium (BE)","400.70","551.50","596.13","668.31"
"17/05/2024 16:00:00 - 17/05/2024 17:00:00","Belgium (BE)","434.10","595.38","669.63","761.87"
"17/05/2024 17:00:00 - 17/05/2024 18:00:00","Belgium (BE)","433.13","614.00","742.00","744.41"
"17/05/2024 18:00:00 - 17/05/2024 19:00:00","Belgium (BE)","395.58","594.90","754.68","743.30"
"17/05/2024 19:00:00 - 17/05/2024 20:00:00","Belgium (BE)","357.05","566.18","714.68","678.95"
"17/05/2024 20:00:00 - 17/05/2024 21:00:00","Belgium (BE)","340.58","553.45","660.45","619.82"
"17/05/2024 21:00:00 - 17/05/2024 22:00:00","Belgium (BE)","342.95","540.83","591.80","574.01"
"17/05/2024 22:00:00 - 17/05/2024 23:00:00","Belgium (BE)","352.70","535.58","547.60","490.38"
"17/05/2024 23:00:00 - 18/05/2024 00:00:00","Belgium (BE)","359.35","530.05","535.65","416.71"
"18/05/2024 00:00:00 - 18/05/2024 01:00:00","Belgium (BE)","534.93","434.23","434.23","325.59"
"18/05/2024 01:00:00 - 18/05/2024 02:00:00","Belgium (BE)","499.00","364.55","364.55","275.41"
"18/05/2024 02:00:00 - 18/05/2024 03:00:00","Belgium (BE)","463.18","314.05","314.05","199.59"
"18/05/2024 03:00:00 - 18/05/2024 04:00:00","Belgium (BE)","415.83","285.03","285.03","184.11"
"18/05/2024 04:00:00 - 18/05/2024 05:00:00","Belgium (BE)","369.95","266.05","266.05","169.22"
"18/05/2024 05:00:00 - 18/05/2024 06:00:00","Belgium (BE)","332.45","214.23","214.23","169.57"
"18/05/2024 06:00:00 - 18/05/2024 07:00:00","Belgium (BE)","295.95","195.25","195.25","182.84"
"18/05/2024 07:00:00 - 18/05/2024 08:00:00","Belgium (BE)","250.63","183.55","183.55","155.99"
"18/05/2024 08:00:00 - 18/05/2024 09:00:00","Belgium (BE)","203.63","170.65","167.75","137.76"
"18/05/2024 09:00:00 - 18/05/2024 10:00:00","Belgium (BE)","164.33","157.60","136.65","99.42"
"18/05/2024 10:00:00 - 18/05/2024 11:00:00","Belgium (BE)","131.45","140.05","115.13","72.37"
"18/05/2024 11:00:00 - 18/05/2024 12:00:00","Belgium (BE)","105.23","122.33","86.68","73.37"
"18/05/2024 12:00:00 - 18/05/2024 13:00:00","Belgium (BE)","83.83","107.60","69.48","49.15"
"18/05/2024 13:00:00 - 18/05/2024 14:00:00","Belgium (BE)","74.63","97.85","65.95","36.21"
"18/05/2024 14:00:00 - 18/05/2024 15:00:00","Belgium (BE)","82.08","99.70","68.68","37.73"
"18/05/2024 15:00:00 - 18/05/2024 16:00:00","Belgium (BE)","104.70","119.48","95.83","42.96"
"18/05/2024 16:00:00 - 18/05/2024 17:00:00","Belgium (BE)","112.48","151.18","121.95","56.29"
"18/05/2024 17:00:00 - 18/05/2024 18:00:00","Belgium (BE)","131.55","157.53","131.78","116.34"
"18/05/2024 18:00:00 - 18/05/2024 19:00:00","Belgium (BE)","139.88","150.83","132.08","162.11"
"18/05/2024 19:00:00 - 18/05/2024 20:00:00","Belgium (BE)","120.75","137.45","120.38","170.28"
"18/05/2024 20:00:00 - 18/05/2024 21:00:00","Belgium (BE)","96.83","123.68","121.85","167.06"
"18/05/2024 21:00:00 - 18/05/2024 22:00:00","Belgium (BE)","80.10","131.00","126.00","134.29"
"18/05/2024 22:00:00 - 18/05/2024 23:00:00","Belgium (BE)","87.50","147.25","137.88","194.27"
"18/05/2024 23:00:00 - 19/05/2024 00:00:00","Belgium (BE)","104.50","151.23","152.10","141.37"
"19/05/2024 00:00:00 - 19/05/2024 01:00:00","Belgium (BE)","164.73","185.55","185.55","161.29"
"19/05/2024 01:00:00 - 19/05/2024 02:00:00","Belgium (BE)","165.38","178.45","178.45","199.74"
"19/05/2024 02:00:00 - 19/05/2024 03:00:00","Belgium (BE)","157.58","160.60","160.60","222.90"
"19/05/2024 03:00:00 - 19/05/2024 04:00:00","Belgium (BE)","135.50","159.30","159.30","166.37"
"19/05/2024 04:00:00 - 19/05/2024 05:00:00","Belgium (BE)","110.38","129.53","129.53","113.63"
"19/05/2024 05:00:00 - 19/05/2024 06:00:00","Belgium (BE)","85.50","115.53","115.53","95.22"
"19/05/2024 06:00:00 - 19/05/2024 07:00:00","Belgium (BE)","73.63","100.35","100.35","63.86"
"19/05/2024 07:00:00 - 19/05/2024 08:00:00","Belgium (BE)","70.00","88.70","88.70","65.24"
"19/05/2024 08:00:00 - 19/05/2024 09:00:00","Belgium (BE)","62.33","63.58","59.48","61.84"
"19/05/2024 09:00:00 - 19/05/2024 10:00:00","Belgium (BE)","53.80","46.30","40.78","49.63"
"19/05/2024 10:00:00 - 19/05/2024 11:00:00","Belgium (BE)","42.75","41.38","36.48","37.62"
"19/05/2024 11:00:00 - 19/05/2024 12:00:00","Belgium (BE)","37.93","41.50","42.63","26.34"
"19/05/2024 12:00:00 - 19/05/2024 13:00:00","Belgium (BE)","44.33","46.18","53.58","39.35"
"19/05/2024 13:00:00 - 19/05/2024 14:00:00","Belgium (BE)","58.55","72.50","82.15","73.18"
"19/05/2024 14:00:00 - 19/05/2024 15:00:00","Belgium (BE)","89.15","116.23","121.20","104.69"
"19/05/2024 15:00:00 - 19/05/2024 16:00:00","Belgium (BE)","134.08","171.25","168.80","158.27"
"19/05/2024 16:00:00 - 19/05/2024 17:00:00","Belgium (BE)","194.98","228.60","224.18","210.64"
"19/05/2024 17:00:00 - 19/05/2024 18:00:00","Belgium (BE)","218.95","264.58","228.55","255.54"
"19/05/2024 18:00:00 - 19/05/2024 19:00:00","Belgium (BE)","192.35","247.53","188.85","278.35"
"19/05/2024 19:00:00 - 19/05/2024 20:00:00","Belgium (BE)","169.28","218.48","154.88","192.15"
"19/05/2024 20:00:00 - 19/05/2024 21:00:00","Belgium (BE)","165.98","207.33","186.10","189.29"
"19/05/2024 21:00:00 - 19/05/2024 22:00:00","Belgium (BE)","192.48","231.75","242.78","153.23"
"19/05/2024 22:00:00 - 19/05/2024 23:00:00","Belgium (BE)","232.35","266.85","287.93","128.75"
"19/05/2024 23:00:00 - 20/05/2024 00:00:00","Belgium (BE)","246.05","283.15","289.45","119.83"
"20/05/2024 00:00:00 - 20/05/2024 01:00:00","Belgium (BE)","272.88","245.05","245.05","136.73"
"20/05/2024 01:00:00 - 20/05/2024 02:00:00","Belgium (BE)","255.93","233.68","233.68","179.39"
"20/05/2024 02:00:00 - 20/05/2024 03:00:00","Belgium (BE)","240.03","195.30","195.30","222.09"
"20/05/2024 03:00:00 - 20/05/2024 04:00:00","Belgium (BE)","232.45","183.10","183.10","204.52"
"20/05/2024 04:00:00 - 20/05/2024 05:00:00","Belgium (BE)","220.73","191.00","191.00","195.66"
"20/05/2024 05:00:00 - 20/05/2024 06:00:00","Belgium (BE)","205.30","200.20","200.20","143.41"
"20/05/2024 06:00:00 - 20/05/2024 07:00:00","Belgium (BE)","191.40","176.68","176.68","116.80"
"20/05/2024 07:00:00 - 20/05/2024 08:00:00","Belgium (BE)","162.23","134.40","134.40","102.41"
"20/05/2024 08:00:00 - 20/05/2024 09:00:00","Belgium (BE)","127.18","101.53","99.33","96.88"
"20/05/2024 09:00:00 - 20/05/2024 10:00:00","Belgium (BE)","101.48","84.38","79.43","105.83"
"20/05/2024 10:00:00 - 20/05/2024 11:00:00","Belgium (BE)","91.68","85.08","82.25","72.72"
"20/05/2024 11:00:00 - 20/05/2024 12:00:00","Belgium (BE)","109.30","101.58","96.68","136.29"
"20/05/2024 12:00:00 - 20/05/2024 13:00:00","Belgium (BE)","132.45","112.03","113.90","147.86"
"20/05/2024 13:00:00 - 20/05/2024 14:00:00","Belgium (BE)","142.40","113.33","138.53","160.58"
"20/05/2024 14:00:00 - 20/05/2024 15:00:00","Belgium (BE)","136.73","120.98","137.30","169.69"
"20/05/2024 15:00:00 - 20/05/2024 16:00:00","Belgium (BE)","141.15","128.08","143.25","142.75"
"20/05/2024 16:00:00 - 20/05/2024 17:00:00","Belgium (BE)","166.33","134.50","144.35","149.88"
"20/05/2024 17:00:00 - 20/05/2024 18:00:00","Belgium (BE)","182.65","138.75","152.05","168.28"
"20/05/2024 18:00:00 - 20/05/2024 19:00:00","Belgium (BE)","166.05","131.90","153.65","182.85"
"20/05/2024 19:00:00 - 20/05/2024 20:00:00","Belgium (BE)","147.35","123.80","143.95","151.23"
"20/05/2024 20:00:00 - 20/05/2024 21:00:00","Belgium (BE)","132.38","110.35","128.50","124.40"
"20/05/2024 21:00:00 - 20/05/2024 22:00:00","Belgium (BE)","115.78","103.50","116.03","151.30"
"20/05/2024 22:00:00 - 20/05/2024 23:00:00","Belgium (BE)","114.63","101.80","116.78","154.37"
"20/05/2024 23:00:00 - 21/05/2024 00:00:00","Belgium (BE)","118.08","97.30","118.35","189.54"
"21/05/2024 00:00:00 - 21/05/2024 01:00:00","Belgium (BE)","120.33","215.08","215.08","238.09"
"21/05/2024 01:00:00 - 21/05/2024 02:00:00","Belgium (BE)","124.85","223.90","223.90","250.59"
"21/05/2024 02:00:00 - 21/05/2024 03:00:00","Belgium (BE)","127.18","205.08","205.08","285.03"
"21/05/2024 03:00:00 - 21/05/2024 04:00:00","Belgium (BE)","135.80","232.23","232.23","293.97"
"21/05/2024 04:00:00 - 21/05/2024 05:00:00","Belgium (BE)","144.90","215.43","215.43","289.67"
"21/05/2024 05:00:00 - 21/05/2024 06:00:00","Belgium (BE)","153.15","230.33","230.33","222.46"
"21/05/2024 06:00:00 - 21/05/2024 07:00:00","Belgium (BE)","157.03","233.63","233.63","190.57"
"21/05/2024 07:00:00 - 21/05/2024 08:00:00","Belgium (BE)","143.38","200.65","200.65","164.71"
"21/05/2024 08:00:00 - 21/05/2024 09:00:00","Belgium (BE)","95.98","123.90","108.00","72.35"
"21/05/2024 09:00:00 - 21/05/2024 10:00:00","Belgium (BE)","41.40","51.80","59.75","67.23"
"21/05/2024 10:00:00 - 21/05/2024 11:00:00","Belgium (BE)","21.20","27.18","31.58","86.06"
"21/05/2024 11:00:00 - 21/05/2024 12:00:00","Belgium (BE)","16.53","23.48","52.38","55.79"
"21/05/2024 12:00:00 - 21/05/2024 13:00:00","Belgium (BE)","18.18","22.25","73.75","76.42"
"21/05/2024 13:00:00 - 21/05/2024 14:00:00","Belgium (BE)","24.00","23.23","51.90","135.05"
"21/05/2024 14:00:00 - 21/05/2024 15:00:00","Belgium (BE)","36.08","37.83","56.30","175.65"
"21/05/2024 15:00:00 - 21/05/2024 16:00:00","Belgium (BE)","65.28","82.33","84.23","132.95"
"21/05/2024 16:00:00 - 21/05/2024 17:00:00","Belgium (BE)","110.18","157.00","117.48","106.31"
"21/05/2024 17:00:00 - 21/05/2024 18:00:00","Belgium (BE)","142.08","195.05","118.70","92.85"
"21/05/2024 18:00:00 - 21/05/2024 19:00:00","Belgium (BE)","157.45","206.03","103.43","70.89"
"21/05/2024 19:00:00 - 21/05/2024 20:00:00","Belgium (BE)","174.00","207.75","99.08","84.49"
"21/05/2024 20:00:00 - 21/05/2024 21:00:00","Belgium (BE)","186.08","220.58","101.85","80.20"
"21/05/2024 21:00:00 - 21/05/2024 22:00:00","Belgium (BE)","213.78","244.03","114.58","72.33"
"21/05/2024 22:00:00 - 21/05/2024 23:00:00","Belgium (BE)","262.45","266.60","152.75","87.03"
"21/05/2024 23:00:00 - 22/05/2024 00:00:00","Belgium (BE)","283.73","283.23","210.38","115.14"
"22/05/2024 00:00:00 - 22/05/2024 01:00:00","Belgium (BE)","255.60","260.15","260.15","141.15"
"22/05/2024 01:00:00 - 22/05/2024 02:00:00","Belgium (BE)","315.43","317.40","317.40","171.72"
"22/05/2024 02:00:00 - 22/05/2024 03:00:00","Belgium (BE)","411.18","412.73","412.73","207.74"
"22/05/2024 03:00:00 - 22/05/2024 04:00:00","Belgium (BE)","534.25","433.70","433.70","324.92"
"22/05/2024 04:00:00 - 22/05/2024 05:00:00","Belgium (BE)","658.08","567.93","567.93","487.75"
"22/05/2024 05:00:00 - 22/05/2024 06:00:00","Belgium (BE)","766.05","670.20","670.20","513.66"
"22/05/2024 06:00:00 - 22/05/2024 07:00:00","Belgium (BE)","847.90","730.98","730.98","548.71"
"22/05/2024 07:00:00 - 22/05/2024 08:00:00","Belgium (BE)","884.15","728.65","728.65","664.98"
"22/05/2024 08:00:00 - 22/05/2024 09:00:00","Belgium (BE)","924.30","801.98","774.30","837.73"
"22/05/2024 09:00:00 - 22/05/2024 10:00:00","Belgium (BE)","1008.48","935.95","953.10","934.94"
"22/05/2024 10:00:00 - 22/05/2024 11:00:00","Belgium (BE)","1072.30","1069.80","1087.23","975.92"
"22/05/2024 11:00:00 - 22/05/2024 12:00:00","Belgium (BE)","1116.45","1153.10","1076.20","984.47"
"22/05/2024 12:00:00 - 22/05/2024 13:00:00","Belgium (BE)","1141.53","1202.43","1122.03","984.18"
"22/05/2024 13:00:00 - 22/05/2024 14:00:00","Belgium (BE)","1141.10","1221.38","1114.55","998.54"
"22/05/2024 14:00:00 - 22/05/2024 15:00:00","Belgium (BE)","1113.83","1196.18","1103.33","930.75"
"22/05/2024 15:00:00 - 22/05/2024 16:00:00","Belgium (BE)","1055.80","1131.93","1075.38","987.83"
"22/05/2024 16:00:00 - 22/05/2024 17:00:00","Belgium (BE)","973.15","1055.08","1036.05","1005.74"
"22/05/2024 17:00:00 - 22/05/2024 18:00:00","Belgium (BE)","854.15","954.80","978.85","930.32"
"22/05/2024 18:00:00 - 22/05/2024 19:00:00","Belgium (BE)","741.85","818.23","866.43","875.42"
"22/05/2024 19:00:00 - 22/05/2024 20:00:00","Belgium (BE)","624.48","658.38","669.43","802.70"
"22/05/2024 20:00:00 - 22/05/2024 21:00:00","Belgium (BE)","532.68","544.23","507.60","686.69"
"22/05/2024 21:00:00 - 22/05/2024 22:00:00","Belgium (BE)","513.00","522.48","506.95","544.80"
"22/05/2024 22:00:00 - 22/05/2024 23:00:00","Belgium (BE)","545.58","565.98","552.98","532.63"
"22/05/2024 23:00:00 - 23/05/2024 00:00:00","Belgium (BE)","607.33","607.95","612.90","629.25"
"23/05/2024 00:00:00 - 23/05/2024 01:00:00","Belgium (BE)","640.85","600.93","600.93","675.54"
"23/05/2024 01:00:00 - 23/05/2024 02:00:00","Belgium (BE)","661.23","644.48","644.48","692.27"
"23/05/2024 02:00:00 - 23/05/2024 03:00:00","Belgium (BE)","673.40","663.13","663.13","821.23"
"23/05/2024 03:00:00 - 23/05/2024 04:00:00","Belgium (BE)","655.95","665.65","665.65","796.99"
"23/05/2024 04:00:00 - 23/05/2024 05:00:00","Belgium (BE)","613.33","662.13","662.13","711.85"
"23/05/2024 05:00:00 - 23/05/2024 06:00:00","Belgium (BE)","561.53","613.65","613.65","678.91"
"23/05/2024 06:00:00 - 23/05/2024 07:00:00","Belgium (BE)","500.63","530.58","530.58","644.84"
"23/05/2024 07:00:00 - 23/05/2024 08:00:00","Belgium (BE)","439.68","488.38","488.38","501.91"
"23/05/2024 08:00:00 - 23/05/2024 09:00:00","Belgium (BE)","441.68","481.80","507.25","405.96"
"23/05/2024 09:00:00 - 23/05/2024 10:00:00","Belgium (BE)","459.08","478.08","484.45","416.01"
"23/05/2024 10:00:00 - 23/05/2024 11:00:00","Belgium (BE)","433.33","448.80","445.48","379.59"
"23/05/2024 11:00:00 - 23/05/2024 12:00:00","Belgium (BE)","407.78","431.43","428.10","391.74"
"23/05/2024 12:00:00 - 23/05/2024 13:00:00","Belgium (BE)","374.75","413.58","425.85","404.32"
"23/05/2024 13:00:00 - 23/05/2024 14:00:00","Belgium (BE)","333.68","382.03","403.30","375.78"
"23/05/2024 14:00:00 - 23/05/2024 15:00:00","Belgium (BE)","293.10","346.18","381.33","349.70"
"23/05/2024 15:00:00 - 23/05/2024 16:00:00","Belgium (BE)","251.08","301.55","329.98","291.85"
"23/05/2024 16:00:00 - 23/05/2024 17:00:00","Belgium (BE)","210.75","247.08","263.65","209.34"
"23/05/2024 17:00:00 - 23/05/2024 18:00:00","Belgium (BE)","162.53","184.33","195.23","155.37"
"23/05/2024 18:00:00 - 23/05/2024 19:00:00","Belgium (BE)","113.50","118.25","125.30","100.89"
"23/05/2024 19:00:00 - 23/05/2024 20:00:00","Belgium (BE)","84.53","74.38","70.40","69.41"
"23/05/2024 20:00:00 - 23/05/2024 21:00:00","Belgium (BE)","61.80","40.80","44.10","57.51"
"23/05/2024 21:00:00 - 23/05/2024 22:00:00","Belgium (BE)","63.55","32.05","40.75","51.99"
"23/05/2024 22:00:00 - 23/05/2024 23:00:00","Belgium (BE)","78.08","41.88","45.60","30.00"
"23/05/2024 23:00:00 - 24/05/2024 00:00:00","Belgium (BE)","85.03","53.20","64.75","47.41"
"24/05/2024 00:00:00 - 24/05/2024 01:00:00","Belgium (BE)","91.90","76.95","76.95","32.62"
"24/05/2024 01:00:00 - 24/05/2024 02:00:00","Belgium (BE)","109.08","87.50","87.50","38.85"
"24/05/2024 02:00:00 - 24/05/2024 03:00:00","Belgium (BE)","105.50","65.00","65.00","44.65"
"24/05/2024 03:00:00 - 24/05/2024 04:00:00","Belgium (BE)","89.28","53.13","53.13","40.08"
"24/05/2024 04:00:00 - 24/05/2024 05:00:00","Belgium (BE)","67.93","42.93","42.93","30.06"
"24/05/2024 05:00:00 - 24/05/2024 06:00:00","Belgium (BE)","48.65","33.23","33.23","25.59"
"24/05/2024 06:00:00 - 24/05/2024 07:00:00","Belgium (BE)","33.88","29.78","29.78","19.71"
"24/05/2024 07:00:00 - 24/05/2024 08:00:00","Belgium (BE)","23.45","19.33","19.33","11.39"
"24/05/2024 08:00:00 - 24/05/2024 09:00:00","Belgium (BE)","4.85","9.33","11.08","5.60"
"24/05/2024 09:00:00 - 24/05/2024 10:00:00","Belgium (BE)","2.80","4.30","5.53","4.00"
"24/05/2024 10:00:00 - 24/05/2024 11:00:00","Belgium (BE)","2.85","4.38","6.00","5.63"
"24/05/2024 11:00:00 - 24/05/2024 12:00:00","Belgium (BE)","3.60","6.25","8.60","13.15"
"24/05/2024 12:00:00 - 24/05/2024 13:00:00","Belgium (BE)","8.23","9.98","15.78","34.37"
"24/05/2024 13:00:00 - 24/05/2024 14:00:00","Belgium (BE)","21.43","20.80","27.83","56.50"
"24/05/2024 14:00:00 - 24/05/2024 15:00:00","Belgium (BE)","35.03","40.00","47.15","63.38"
"24/05/2024 15:00:00 - 24/05/2024 16:00:00","Belgium (BE)","52.90","56.28","79.90","90.72"
"24/05/2024 16:00:00 - 24/05/2024 17:00:00","Belgium (BE)","86.65","86.80","129.30","109.09"
"24/05/2024 17:00:00 - 24/05/2024 18:00:00","Belgium (BE)","112.85","142.43","188.53","162.31"
"24/05/2024 18:00:00 - 24/05/2024 19:00:00","Belgium (BE)","122.75","170.40","249.40","244.03"
"24/05/2024 19:00:00 - 24/05/2024 20:00:00","Belgium (BE)","135.08","176.93","293.38","261.39"
"24/05/2024 20:00:00 - 24/05/2024 21:00:00","Belgium (BE)","131.95","178.05","299.55","264.82"
"24/05/2024 21:00:00 - 24/05/2024 22:00:00","Belgium (BE)","111.95","180.03","282.25","269.23"
"24/05/2024 22:00:00 - 24/05/2024 23:00:00","Belgium (BE)","96.53","172.93","270.48","274.16"
"24/05/2024 23:00:00 - 25/05/2024 00:00:00","Belgium (BE)","88.58","158.55","257.50","272.65"
"25/05/2024 00:00:00 - 25/05/2024 01:00:00","Belgium (BE)","277.85","268.05","268.05","244.94"
"25/05/2024 01:00:00 - 25/05/2024 02:00:00","Belgium (BE)","298.40","281.18","281.18","230.18"
"25/05/2024 02:00:00 - 25/05/2024 03:00:00","Belgium (BE)","321.33","256.08","256.08","262.65"
"25/05/2024 03:00:00 - 25/05/2024 04:00:00","Belgium (BE)","354.33","294.78","294.78","307.34"
"25/05/2024 04:00:00 - 25/05/2024 05:00:00","Belgium (BE)","394.58","336.78","336.78","350.55"
"25/05/2024 05:00:00 - 25/05/2024 06:00:00","Belgium (BE)","428.95","394.75","394.75","421.09"
"25/05/2024 06:00:00 - 25/05/2024 07:00:00","Belgium (BE)","441.05","401.45","401.45","422.47"
"25/05/2024 07:00:00 - 25/05/2024 08:00:00","Belgium (BE)","443.33","395.05","395.05","408.52"
"25/05/2024 08:00:00 - 25/05/2024 09:00:00","Belgium (BE)","463.10","405.80","428.25","337.02"
"25/05/2024 09:00:00 - 25/05/2024 10:00:00","Belgium (BE)","498.13","419.28","435.90","330.37"
"25/05/2024 10:00:00 - 25/05/2024 11:00:00","Belgium (BE)","505.25","436.55","393.58","340.09"
"25/05/2024 11:00:00 - 25/05/2024 12:00:00","Belgium (BE)","485.33","452.00","368.08","348.37"
"25/05/2024 12:00:00 - 25/05/2024 13:00:00","Belgium (BE)","449.13","442.43","340.25","322.15"
"25/05/2024 13:00:00 - 25/05/2024 14:00:00","Belgium (BE)","408.15","425.30","316.20","270.16"
"25/05/2024 14:00:00 - 25/05/2024 15:00:00","Belgium (BE)","364.48","381.75","274.83","211.46"
"25/05/2024 15:00:00 - 25/05/2024 16:00:00","Belgium (BE)","315.85","306.38","218.55","141.63"
"25/05/2024 16:00:00 - 25/05/2024 17:00:00","Belgium (BE)","251.05","231.05","157.90","102.84"
"25/05/2024 17:00:00 - 25/05/2024 18:00:00","Belgium (BE)","174.50","165.65","110.53","71.64"
"25/05/2024 18:00:00 - 25/05/2024 19:00:00","Belgium (BE)","97.73","104.13","67.55","42.11"
"25/05/2024 19:00:00 - 25/05/2024 20:00:00","Belgium (BE)","22.63","37.95","27.58","14.84"
"25/05/2024 20:00:00 - 25/05/2024 21:00:00","Belgium (BE)","10.23","15.98","16.10","8.67"
"25/05/2024 21:00:00 - 25/05/2024 22:00:00","Belgium (BE)","18.55","21.98","25.33","24.29"
"25/05/2024 22:00:00 - 25/05/2024 23:00:00","Belgium (BE)","67.00","56.68","91.90","84.10"
"25/05/2024 23:00:00 - 26/05/2024 00:00:00","Belgium (BE)","174.10","155.13","237.13","232.03"
"26/05/2024 00:00:00 - 26/05/2024 01:00:00","Belgium (BE)","384.58","431.00","431.00","472.17"
"26/05/2024 01:00:00 - 26/05/2024 02:00:00","Belgium (BE)","473.83","486.55","486.55","592.80"
"26/05/2024 02:00:00 - 26/05/2024 03:00:00","Belgium (BE)","511.53","541.38","541.38","633.38"
"26/05/2024 03:00:00 - 26/05/2024 04:00:00","Belgium (BE)","523.13","547.78","547.78","700.99"
"26/05/2024 04:00:00 - 26/05/2024 05:00:00","Belgium (BE)","525.00","546.38","546.38","739.36"
"26/05/2024 05:00:00 - 26/05/2024 06:00:00","Belgium (BE)","528.20","568.48","568.48","755.79"
"26/05/2024 06:00:00 - 26/05/2024 07:00:00","Belgium (BE)","510.38","591.35","591.35","728.95"
"26/05/2024 07:00:00 - 26/05/2024 08:00:00","Belgium (BE)","478.60","618.13","618.13","601.95"
"26/05/2024 08:00:00 - 26/05/2024 09:00:00","Belgium (BE)","422.18","556.80","570.33","400.39"
"26/05/2024 09:00:00 - 26/05/2024 10:00:00","Belgium (BE)","361.73","484.03","475.15","344.58"
"26/05/2024 10:00:00 - 26/05/2024 11:00:00","Belgium (BE)","334.55","411.43","376.60","317.38"
"26/05/2024 11:00:00 - 26/05/2024 12:00:00","Belgium (BE)","326.88","406.13","408.43","256.88"
"26/05/2024 12:00:00 - 26/05/2024 13:00:00","Belgium (BE)","337.90","446.93","436.53","225.48"
"26/05/2024 13:00:00 - 26/05/2024 14:00:00","Belgium (BE)","384.73","463.50","505.95","366.77"
"26/05/2024 14:00:00 - 26/05/2024 15:00:00","Belgium (BE)","448.68","519.53","476.30","473.84"
"26/05/2024 15:00:00 - 26/05/2024 16:00:00","Belgium (BE)","483.33","564.58","544.08","629.55"
"26/05/2024 16:00:00 - 26/05/2024 17:00:00","Belgium (BE)","510.25","546.80","611.68","802.12"
"26/05/2024 17:00:00 - 26/05/2024 18:00:00","Belgium (BE)","475.00","494.30","630.18","651.13"
"26/05/2024 18:00:00 - 26/05/2024 19:00:00","Belgium (BE)","372.48","394.70","589.90","423.47"
"26/05/2024 19:00:00 - 26/05/2024 20:00:00","Belgium (BE)","246.63","278.18","395.98","298.73"
"26/05/2024 20:00:00 - 26/05/2024 21:00:00","Belgium (BE)","167.08","212.45","297.60","166.78"
"26/05/2024 21:00:00 - 26/05/2024 22:00:00","Belgium (BE)","161.68","205.35","238.93","150.52"
"26/05/2024 22:00:00 - 26/05/2024 23:00:00","Belgium (BE)","213.55","232.78","278.40","273.79"
"26/05/2024 23:00:00 - 27/05/2024 00:00:00","Belgium (BE)","281.23","280.80","357.20","358.75"
"27/05/2024 00:00:00 - 27/05/2024 01:00:00","Belgium (BE)","412.55","373.55","373.55","381.86"
"27/05/2024 01:00:00 - 27/05/2024 02:00:00","Belgium (BE)","417.05","410.98","410.98","398.25"
"27/05/2024 02:00:00 - 27/05/2024 03:00:00","Belgium (BE)","398.73","368.03","368.03","418.39"
"27/05/2024 03:00:00 - 27/05/2024 04:00:00","Belgium (BE)","372.68","310.38","310.38","407.97"
"27/05/2024 04:00:00 - 27/05/2024 05:00:00","Belgium (BE)","331.85","282.85","282.85","386.12"
"27/05/2024 05:00:00 - 27/05/2024 06:00:00","Belgium (BE)","293.25","296.95","296.95","359.15"
"27/05/2024 06:00:00 - 27/05/2024 07:00:00","Belgium (BE)","266.78","279.90","279.90","289.02"
"27/05/2024 07:00:00 - 27/05/2024 08:00:00","Belgium (BE)","223.90","235.40","235.40","235.45"
"27/05/2024 08:00:00 - 27/05/2024 09:00:00","Belgium (BE)","183.53","210.85","213.90","187.76"
"27/05/2024 09:00:00 - 27/05/2024 10:00:00","Belgium (BE)","160.03","198.95","191.45","163.35"
"27/05/2024 10:00:00 - 27/05/2024 11:00:00","Belgium (BE)","132.65","164.35","163.60","160.56"
"27/05/2024 11:00:00 - 27/05/2024 12:00:00","Belgium (BE)","121.75","145.05","160.25","144.24"
"27/05/2024 12:00:00 - 27/05/2024 13:00:00","Belgium (BE)","128.98","154.50","156.08","134.06"
"27/05/2024 13:00:00 - 27/05/2024 14:00:00","Belgium (BE)","139.88","170.95","157.63","157.24"
"27/05/2024 14:00:00 - 27/05/2024 15:00:00","Belgium (BE)","152.18","191.60","163.98","194.84"
"27/05/2024 15:00:00 - 27/05/2024 16:00:00","Belgium (BE)","177.18","204.20","189.63","219.69"
"27/05/2024 16:00:00 - 27/05/2024 17:00:00","Belgium (BE)","208.48","223.85","190.68","179.83"
"27/05/2024 17:00:00 - 27/05/2024 18:00:00","Belgium (BE)","226.20","238.85","206.20","178.45"
"27/05/2024 18:00:00 - 27/05/2024 19:00:00","Belgium (BE)","227.58","228.00","159.60","200.53"
"27/05/2024 19:00:00 - 27/05/2024 20:00:00","Belgium (BE)","211.18","214.65","141.58","176.38"
"27/05/2024 20:00:00 - 27/05/2024 21:00:00","Belgium (BE)","175.65","198.63","155.65","207.96"
"27/05/2024 21:00:00 - 27/05/2024 22:00:00","Belgium (BE)","151.58","186.50","159.83","216.49"
"27/05/2024 22:00:00 - 27/05/2024 23:00:00","Belgium (BE)","171.98","194.30","179.85","280.17"
"27/05/2024 23:00:00 - 28/05/2024 00:00:00","Belgium (BE)","226.25","243.73","257.60","387.43"
"28/05/2024 00:00:00 - 28/05/2024 01:00:00","Belgium (BE)","348.40","389.05","389.05","504.28"
"28/05/2024 01:00:00 - 28/05/2024 02:00:00","Belgium (BE)","421.48","486.23","486.23","598.86"
"28/05/2024 02:00:00 - 28/05/2024 03:00:00","Belgium (BE)","465.45","501.50","501.50","635.19"
"28/05/2024 03:00:00 - 28/05/2024 04:00:00","Belgium (BE)","479.40","505.78","505.78","652.09"
"28/05/2024 04:00:00 - 28/05/2024 05:00:00","Belgium (BE)","479.28","533.20","533.20","622.12"
"28/05/2024 05:00:00 - 28/05/2024 06:00:00","Belgium (BE)","483.38","550.95","550.95","568.24"
"28/05/2024 06:00:00 - 28/05/2024 07:00:00","Belgium (BE)","478.43","516.65","516.65","510.44"
"28/05/2024 07:00:00 - 28/05/2024 08:00:00","Belgium (BE)","454.10","423.53","423.53","378.16"
"28/05/2024 08:00:00 - 28/05/2024 09:00:00","Belgium (BE)","404.63","347.53","353.40","247.93"
"28/05/2024 09:00:00 - 28/05/2024 10:00:00","Belgium (BE)","405.40","357.53","364.45","255.26"
"28/05/2024 10:00:00 - 28/05/2024 11:00:00","Belgium (BE)","539.85","440.78","472.05","330.40"
"28/05/2024 11:00:00 - 28/05/2024 12:00:00","Belgium (BE)","782.05","524.33","600.55","539.31"
"28/05/2024 12:00:00 - 28/05/2024 13:00:00","Belgium (BE)","992.45","639.08","757.23","868.61"
"28/05/2024 13:00:00 - 28/05/2024 14:00:00","Belgium (BE)","1098.48","778.05","922.60","1029.11"
"28/05/2024 14:00:00 - 28/05/2024 15:00:00","Belgium (BE)","1157.70","900.00","1060.23","1033.95"
"28/05/2024 15:00:00 - 28/05/2024 16:00:00","Belgium (BE)","1190.28","955.25","1110.13","1070.81"
"28/05/2024 16:00:00 - 28/05/2024 17:00:00","Belgium (BE)","1186.53","969.35","1100.35","951.27"
"28/05/2024 17:00:00 - 28/05/2024 18:00:00","Belgium (BE)","1121.48","985.75","1058.58","992.14"
"28/05/2024 18:00:00 - 28/05/2024 19:00:00","Belgium (BE)","1064.10","1004.30","1027.63","1065.05"
"28/05/2024 19:00:00 - 28/05/2024 20:00:00","Belgium (BE)","1043.03","1012.25","1062.05","1110.03"
"28/05/2024 20:00:00 - 28/05/2024 21:00:00","Belgium (BE)","1027.58","1017.00","1047.38","1057.68"
"28/05/2024 21:00:00 - 28/05/2024 22:00:00","Belgium (BE)","1026.43","1036.70","1074.53","973.98"
"28/05/2024 22:00:00 - 28/05/2024 23:00:00","Belgium (BE)","1051.65","1056.85","1088.40","965.92"
"28/05/2024 23:00:00 - 29/05/2024 00:00:00","Belgium (BE)","1072.83","1063.30","1100.70","1063.63"
"29/05/2024 00:00:00 - 29/05/2024 01:00:00","Belgium (BE)","1160.55","1082.88","1082.88","1032.69"
"29/05/2024 01:00:00 - 29/05/2024 02:00:00","Belgium (BE)","1230.55","1227.85","1227.85","1162.50"
"29/05/2024 02:00:00 - 29/05/2024 03:00:00","Belgium (BE)","1308.88","1233.43","1233.43","1283.82"
"29/05/2024 03:00:00 - 29/05/2024 04:00:00","Belgium (BE)","1346.80","1289.33","1289.33","1355.78"
"29/05/2024 04:00:00 - 29/05/2024 05:00:00","Belgium (BE)","1354.30","1325.50","1325.50","1335.46"
"29/05/2024 05:00:00 - 29/05/2024 06:00:00","Belgium (BE)","1338.33","1356.85","1356.85","1311.37"
"29/05/2024 06:00:00 - 29/05/2024 07:00:00","Belgium (BE)","1280.08","1287.45","1287.45","1239.17"
"29/05/2024 07:00:00 - 29/05/2024 08:00:00","Belgium (BE)","1183.20","1137.83","1137.83","1118.45"
"29/05/2024 08:00:00 - 29/05/2024 09:00:00","Belgium (BE)","1103.75","1020.05","1021.15","901.01"
"29/05/2024 09:00:00 - 29/05/2024 10:00:00","Belgium (BE)","1030.75","918.15","924.80","826.66"
"29/05/2024 10:00:00 - 29/05/2024 11:00:00","Belgium (BE)","983.68","874.15","894.28","949.90"
"29/05/2024 11:00:00 - 29/05/2024 12:00:00","Belgium (BE)","968.75","871.15","850.85","1053.30"
"29/05/2024 12:00:00 - 29/05/2024 13:00:00","Belgium (BE)","927.75","869.45","951.53","1105.54"
"29/05/2024 13:00:00 - 29/05/2024 14:00:00","Belgium (BE)","894.10","851.90","961.05","1088.05"
"29/05/2024 14:00:00 - 29/05/2024 15:00:00","Belgium (BE)","861.75","816.38","999.23","987.13"
"29/05/2024 15:00:00 - 29/05/2024 16:00:00","Belgium (BE)","801.93","748.35","866.73","867.50"
"29/05/2024 16:00:00 - 29/05/2024 17:00:00","Belgium (BE)","722.43","661.50","716.83","732.85"
"29/05/2024 17:00:00 - 29/05/2024 18:00:00","Belgium (BE)","635.33","573.30","584.15","489.60"
"29/05/2024 18:00:00 - 29/05/2024 19:00:00","Belgium (BE)","535.63","488.55","466.10","375.90"
"29/05/2024 19:00:00 - 29/05/2024 20:00:00","Belgium (BE)","423.88","398.83","316.58","256.13"
"29/05/2024 20:00:00 - 29/05/2024 21:00:00","Belgium (BE)","336.15","320.18","241.45","165.51"
"29/05/2024 21:00:00 - 29/05/2024 22:00:00","Belgium (BE)","280.80","273.75","190.35","120.94"
"29/05/2024 22:00:00 - 29/05/2024 23:00:00","Belgium (BE)","264.20","273.45","177.00","105.07"
"29/05/2024 23:00:00 - 30/05/2024 00:00:00","Belgium (BE)","268.55","299.53","191.45","147.58"
"30/05/2024 00:00:00 - 30/05/2024 01:00:00","Belgium (BE)","233.90","145.40","145.40","158.13"
"30/05/2024 01:00:00 - 30/05/2024 02:00:00","Belgium (BE)","242.23","178.90","178.90","113.49"
"30/05/2024 02:00:00 - 30/05/2024 03:00:00","Belgium (BE)","249.30","190.15","190.15","97.02"
"30/05/2024 03:00:00 - 30/05/2024 04:00:00","Belgium (BE)","249.45","200.00","200.00","137.35"
"30/05/2024 04:00:00 - 30/05/2024 05:00:00","Belgium (BE)","250.13","218.40","218.40","162.29"
"30/05/2024 05:00:00 - 30/05/2024 06:00:00","Belgium (BE)","234.48","223.00","223.00","187.03"
"30/05/2024 06:00:00 - 30/05/2024 07:00:00","Belgium (BE)","216.20","223.30","223.30","221.67"
"30/05/2024 07:00:00 - 30/05/2024 08:00:00","Belgium (BE)","202.63","186.63","186.63","178.21"
"30/05/2024 08:00:00 - 30/05/2024 09:00:00","Belgium (BE)","208.43","187.90","201.08","138.54"
"30/05/2024 09:00:00 - 30/05/2024 10:00:00","Belgium (BE)","226.83","204.43","217.85","142.63"
"30/05/2024 10:00:00 - 30/05/2024 11:00:00","Belgium (BE)","236.48","237.45","244.35","186.28"
"30/05/2024 11:00:00 - 30/05/2024 12:00:00","Belgium (BE)","255.83","288.23","235.65","272.86"
"30/05/2024 12:00:00 - 30/05/2024 13:00:00","Belgium (BE)","302.53","349.85","306.13","371.17"
"30/05/2024 13:00:00 - 30/05/2024 14:00:00","Belgium (BE)","370.40","409.35","375.20","457.10"
"30/05/2024 14:00:00 - 30/05/2024 15:00:00","Belgium (BE)","440.63","462.58","439.35","549.06"
"30/05/2024 15:00:00 - 30/05/2024 16:00:00","Belgium (BE)","494.45","505.13","486.90","547.47"
"30/05/2024 16:00:00 - 30/05/2024 17:00:00","Belgium (BE)","514.65","530.18","529.83","507.47"
"30/05/2024 17:00:00 - 30/05/2024 18:00:00","Belgium (BE)","511.60","539.95","527.00","489.01"
"30/05/2024 18:00:00 - 30/05/2024 19:00:00","Belgium (BE)","501.48","518.33","494.28","493.63"
"30/05/2024 19:00:00 - 30/05/2024 20:00:00","Belgium (BE)","495.83","473.15","451.70","494.80"
"30/05/2024 20:00:00 - 30/05/2024 21:00:00","Belgium (BE)","483.65","443.53","408.00","500.85"
"30/05/2024 21:00:00 - 30/05/2024 22:00:00","Belgium (BE)","448.45","418.80","351.43","434.91"
"30/05/2024 22:00:00 - 30/05/2024 23:00:00","Belgium (BE)","412.38","397.75","311.58","335.33"
"30/05/2024 23:00:00 - 31/05/2024 00:00:00","Belgium (BE)","403.23","387.90","304.45","322.03"
"31/05/2024 00:00:00 - 31/05/2024 01:00:00","Belgium (BE)","315.95","337.63","337.63","365.79"
"31/05/2024 01:00:00 - 31/05/2024 02:00:00","Belgium (BE)","336.13","365.08","365.08","408.09"
"31/05/2024 02:00:00 - 31/05/2024 03:00:00","Belgium (BE)","380.28","407.00","407.00","418.53"
"31/05/2024 03:00:00 - 31/05/2024 04:00:00","Belgium (BE)","437.43","423.45","423.45","496.39"
"31/05/2024 04:00:00 - 31/05/2024 05:00:00","Belgium (BE)","513.25","481.50","481.50","565.10"
"31/05/2024 05:00:00 - 31/05/2024 06:00:00","Belgium (BE)","579.55","535.50","535.50","535.65"
"31/05/2024 06:00:00 - 31/05/2024 07:00:00","Belgium (BE)","577.20","543.95","543.95","556.72"
"31/05/2024 07:00:00 - 31/05/2024 08:00:00","Belgium (BE)","512.30","507.13","507.13","607.21"
"31/05/2024 08:00:00 - 31/05/2024 09:00:00","Belgium (BE)","445.78","489.53","489.88","590.18"
"31/05/2024 09:00:00 - 31/05/2024 10:00:00","Belgium (BE)","396.60","435.25","449.18","495.65"
"31/05/2024 10:00:00 - 31/05/2024 11:00:00","Belgium (BE)","336.20","345.13","345.18","401.54"
"31/05/2024 11:00:00 - 31/05/2024 12:00:00","Belgium (BE)","252.90","257.75","282.30","254.29"
"31/05/2024 12:00:00 - 31/05/2024 13:00:00","Belgium (BE)","186.70","185.53","204.35","188.54"
"31/05/2024 13:00:00 - 31/05/2024 14:00:00","Belgium (BE)","168.05","152.25","139.50","163.95"
"31/05/2024 14:00:00 - 31/05/2024 15:00:00","Belgium (BE)","156.00","156.20","155.20","170.12"
"31/05/2024 15:00:00 - 31/05/2024 16:00:00","Belgium (BE)","177.73","198.83","192.43","181.95"
"31/05/2024 16:00:00 - 31/05/2024 17:00:00","Belgium (BE)","256.95","282.43","261.30","251.18"
"31/05/2024 17:00:00 - 31/05/2024 18:00:00","Belgium (BE)","376.50","396.88","348.83","355.30"
"31/05/2024 18:00:00 - 31/05/2024 19:00:00","Belgium (BE)","506.35","531.28","464.03","613.71"
"31/05/2024 19:00:00 - 31/05/2024 20:00:00","Belgium (BE)","593.95","657.03","588.60","733.75"
"31/05/2024 20:00:00 - 31/05/2024 21:00:00","Belgium (BE)","663.80","733.33","713.48","780.53"
"31/05/2024 21:00:00 - 31/05/2024 22:00:00","Belgium (BE)","694.80","788.95","759.58","879.87"
"31/05/2024 22:00:00 - 31/05/2024 23:00:00","Belgium (BE)","701.28","799.50","758.80","881.15"
"31/05/2024 23:00:00 - 01/06/2024 00:00:00","Belgium (BE)","700.25","793.13","724.63","833.71"
"01/06/2024 00:00:00 - 01/06/2024 01:00:00","Belgium (BE)","705.55","802.05","802.05","798.36"
"01/06/2024 01:00:00 - 01/06/2024 02:00:00","Belgium (BE)","696.33","753.13","753.13","791.28"
"01/06/2024 02:00:00 - 01/06/2024 03:00:00","Belgium (BE)","706.83","724.03","724.03","812.39"
"01/06/2024 03:00:00 - 01/06/2024 04:00:00","Belgium (BE)","736.50","774.15","774.15","835.72"
"01/06/2024 04:00:00 - 01/06/2024 05:00:00","Belgium (BE)","763.28","806.95","806.95","841.36"
"01/06/2024 05:00:00 - 01/06/2024 06:00:00","Belgium (BE)","793.38","864.80","864.80","826.12"
"01/06/2024 06:00:00 - 01/06/2024 07:00:00","Belgium (BE)","802.85","887.03","887.03","824.56"
"01/06/2024 07:00:00 - 01/06/2024 08:00:00","Belgium (BE)","774.73","867.60","867.60","813.78"
"01/06/2024 08:00:00 - 01/06/2024 09:00:00","Belgium (BE)","779.15","879.05","886.03","794.70"
"01/06/2024 09:00:00 - 01/06/2024 10:00:00","Belgium (BE)","786.20","896.38","867.85","741.52"
"01/06/2024 10:00:00 - 01/06/2024 11:00:00","Belgium (BE)","776.33","884.40","853.05","697.80"
"01/06/2024 11:00:00 - 01/06/2024 12:00:00","Belgium (BE)","775.80","868.40","716.63","744.67"
"01/06/2024 12:00:00 - 01/06/2024 13:00:00","Belgium (BE)","793.25","891.68","738.48","851.65"
"01/06/2024 13:00:00 - 01/06/2024 14:00:00","Belgium (BE)","836.85","945.43","820.63","916.49"
"01/06/2024 14:00:00 - 01/06/2024 15:00:00","Belgium (BE)","897.38","1004.90","914.73","923.66"
"01/06/2024 15:00:00 - 01/06/2024 16:00:00","Belgium (BE)","976.93","1061.88","990.00","904.74"
"01/06/2024 16:00:00 - 01/06/2024 17:00:00","Belgium (BE)","1051.35","1111.23","1037.90","950.71"
"01/06/2024 17:00:00 - 01/06/2024 18:00:00","Belgium (BE)","1098.90","1125.85","1052.33","957.59"
"01/06/2024 18:00:00 - 01/06/2024 19:00:00","Belgium (BE)","1107.20","1095.73","1044.80","937.52"
"01/06/2024 19:00:00 - 01/06/2024 20:00:00","Belgium (BE)","1091.40","1056.48","999.68","951.27"
"01/06/2024 20:00:00 - 01/06/2024 21:00:00","Belgium (BE)","1043.68","991.43","916.25","953.56"
"01/06/2024 21:00:00 - 01/06/2024 22:00:00","Belgium (BE)","996.30","936.53","883.15","988.85"
"01/06/2024 22:00:00 - 01/06/2024 23:00:00","Belgium (BE)","978.85","896.05","877.18","954.65"
"01/06/2024 23:00:00 - 02/06/2024 00:00:00","Belgium (BE)","958.43","857.93","855.23","915.38"
"02/06/2024 00:00:00 - 02/06/2024 01:00:00","Belgium (BE)","850.18","812.15","812.15","866.90"
"02/06/2024 01:00:00 - 02/06/2024 02:00:00","Belgium (BE)","804.60","764.38","764.38","860.13"
"02/06/2024 02:00:00 - 02/06/2024 03:00:00","Belgium (BE)","760.00","724.63","724.63","801.60"
"02/06/2024 03:00:00 - 02/06/2024 04:00:00","Belgium (BE)","714.20","695.95","695.95","795.94"
"02/06/2024 04:00:00 - 02/06/2024 05:00:00","Belgium (BE)","663.93","628.65","628.65","771.52"
"02/06/2024 05:00:00 - 02/06/2024 06:00:00","Belgium (BE)","610.13","576.53","576.53","721.00"
"02/06/2024 06:00:00 - 02/06/2024 07:00:00","Belgium (BE)","565.50","552.48","552.48","714.32"
"02/06/2024 07:00:00 - 02/06/2024 08:00:00","Belgium (BE)","570.88","546.30","546.30","676.16"
"02/06/2024 08:00:00 - 02/06/2024 09:00:00","Belgium (BE)","601.95","584.33","649.50","644.49"
"02/06/2024 09:00:00 - 02/06/2024 10:00:00","Belgium (BE)","588.83","595.43","648.98","660.53"
"02/06/2024 10:00:00 - 02/06/2024 11:00:00","Belgium (BE)","565.60","575.65","602.03","606.54"
"02/06/2024 11:00:00 - 02/06/2024 12:00:00","Belgium (BE)","568.18","570.93","573.83","546.58"
"02/06/2024 12:00:00 - 02/06/2024 13:00:00","Belgium (BE)","595.85","595.78","595.60","541.44"
"02/06/2024 13:00:00 - 02/06/2024 14:00:00","Belgium (BE)","604.45","616.60","615.35","578.49"
"02/06/2024 14:00:00 - 02/06/2024 15:00:00","Belgium (BE)","582.05","628.43","582.43","600.60"
"02/06/2024 15:00:00 - 02/06/2024 16:00:00","Belgium (BE)","593.80","668.08","610.70","565.21"
"02/06/2024 16:00:00 - 02/06/2024 17:00:00","Belgium (BE)","655.33","700.25","585.60","587.31"
"02/06/2024 17:00:00 - 02/06/2024 18:00:00","Belgium (BE)","693.48","683.85","555.65","551.00"
"02/06/2024 18:00:00 - 02/06/2024 19:00:00","Belgium (BE)","699.75","678.03","574.70","519.49"
"02/06/2024 19:00:00 - 02/06/2024 20:00:00","Belgium (BE)","704.33","676.33","576.40","532.55"
"02/06/2024 20:00:00 - 02/06/2024 21:00:00","Belgium (BE)","655.20","616.90","539.38","501.66"
"02/06/2024 21:00:00 - 02/06/2024 22:00:00","Belgium (BE)","538.08","524.53","488.10","432.13"
"02/06/2024 22:00:00 - 02/06/2024 23:00:00","Belgium (BE)","417.65","420.88","409.30","386.88"
"02/06/2024 23:00:00 - 03/06/2024 00:00:00","Belgium (BE)","324.68","341.30","334.55","294.13"
"03/06/2024 00:00:00 - 03/06/2024 01:00:00","Belgium (BE)","283.33","246.55","246.55","223.89"
"03/06/2024 01:00:00 - 03/06/2024 02:00:00","Belgium (BE)","207.83","174.50","174.50","165.30"
"03/06/2024 02:00:00 - 03/06/2024 03:00:00","Belgium (BE)","141.08","120.00","120.00","120.04"
"03/06/2024 03:00:00 - 03/06/2024 04:00:00","Belgium (BE)","116.80","104.90","104.90","116.89"
"03/06/2024 04:00:00 - 03/06/2024 05:00:00","Belgium (BE)","125.05","118.70","118.70","145.03"
"03/06/2024 05:00:00 - 03/06/2024 06:00:00","Belgium (BE)","130.90","109.98","109.98","151.49"
"03/06/2024 06:00:00 - 03/06/2024 07:00:00","Belgium (BE)","112.98","89.58","89.58","85.39"
"03/06/2024 07:00:00 - 03/06/2024 08:00:00","Belgium (BE)","69.05","46.35","46.35","41.48"
"03/06/2024 08:00:00 - 03/06/2024 09:00:00","Belgium (BE)","35.68","19.88","32.35","14.08"
"03/06/2024 09:00:00 - 03/06/2024 10:00:00","Belgium (BE)","41.65","17.93","21.45","10.21"
"03/06/2024 10:00:00 - 03/06/2024 11:00:00","Belgium (BE)","47.75","20.08","23.18","7.18"
"03/06/2024 11:00:00 - 03/06/2024 12:00:00","Belgium (BE)","46.28","28.78","14.75","8.99"
"03/06/2024 12:00:00 - 03/06/2024 13:00:00","Belgium (BE)","55.48","41.15","20.90","14.45"
"03/06/2024 13:00:00 - 03/06/2024 14:00:00","Belgium (BE)","69.20","58.65","33.38","23.01"
"03/06/2024 14:00:00 - 03/06/2024 15:00:00","Belgium (BE)","93.95","75.23","55.90","35.73"
"03/06/2024 15:00:00 - 03/06/2024 16:00:00","Belgium (BE)","116.85","89.78","78.15","43.98"
"03/06/2024 16:00:00 - 03/06/2024 17:00:00","Belgium (BE)","126.75","100.10","82.60","45.17"
"03/06/2024 17:00:00 - 03/06/2024 18:00:00","Belgium (BE)","120.08","96.55","75.65","48.32"
"03/06/2024 18:00:00 - 03/06/2024 19:00:00","Belgium (BE)","108.68","81.03","60.58","39.76"
"03/06/2024 19:00:00 - 03/06/2024 20:00:00","Belgium (BE)","88.03","54.30","37.05","33.94"
"03/06/2024 20:00:00 - 03/06/2024 21:00:00","Belgium (BE)","64.40","37.53","22.10","19.19"
"03/06/2024 21:00:00 - 03/06/2024 22:00:00","Belgium (BE)","44.20","35.08","23.08","9.15"
"03/06/2024 22:00:00 - 03/06/2024 23:00:00","Belgium (BE)","23.53","33.08","20.33","7.54"
"03/06/2024 23:00:00 - 04/06/2024 00:00:00","Belgium (BE)","12.48","18.53","15.65","4.85"
"04/06/2024 00:00:00 - 04/06/2024 01:00:00","Belgium (BE)","16.38","13.85","13.85","5.09"
"04/06/2024 01:00:00 - 04/06/2024 02:00:00","Belgium (BE)","28.85","21.33","21.33","5.05"
"04/06/2024 02:00:00 - 04/06/2024 03:00:00","Belgium (BE)","53.30","50.53","50.53","15.61"
"04/06/2024 03:00:00 - 04/06/2024 04:00:00","Belgium (BE)","92.90","90.20","90.20","48.84"
"04/06/2024 04:00:00 - 04/06/2024 05:00:00","Belgium (BE)","122.53","120.33","120.33","111.20"
"04/06/2024 05:00:00 - 04/06/2024 06:00:00","Belgium (BE)","144.30","129.05","129.05","143.83"
"04/06/2024 06:00:00 - 04/06/2024 07:00:00","Belgium (BE)","152.48","150.53","150.53","181.69"
"04/06/2024 07:00:00 - 04/06/2024 08:00:00","Belgium (BE)","166.78","165.83","165.83","180.86"
"04/06/2024 08:00:00 - 04/06/2024 09:00:00","Belgium (BE)","138.60","129.63","129.63","121.24"
"04/06/2024 09:00:00 - 04/06/2024 10:00:00","Belgium (BE)","104.58","93.73","117.48","71.02"
"04/06/2024 10:00:00 - 04/06/2024 11:00:00","Belgium (BE)","130.93","118.55","118.78","105.67"
"04/06/2024 11:00:00 - 04/06/2024 12:00:00","Belgium (BE)","189.00","168.53","151.68","166.04"
"04/06/2024 12:00:00 - 04/06/2024 13:00:00","Belgium (BE)","254.60","226.45","213.63","217.62"
"04/06/2024 13:00:00 - 04/06/2024 14:00:00","Belgium (BE)","339.95","305.60","280.48","301.98"
"04/06/2024 14:00:00 - 04/06/2024 15:00:00","Belgium (BE)","437.13","397.23","340.10","381.04"
"04/06/2024 15:00:00 - 04/06/2024 16:00:00","Belgium (BE)","540.65","497.40","428.53","490.46"
"04/06/2024 16:00:00 - 04/06/2024 17:00:00","Belgium (BE)","649.40","619.95","534.50","616.22"
"04/06/2024 17:00:00 - 04/06/2024 18:00:00","Belgium (BE)","734.90","744.15","624.05","675.12"
"04/06/2024 18:00:00 - 04/06/2024 19:00:00","Belgium (BE)","762.25","798.48","709.20","707.95"
"04/06/2024 19:00:00 - 04/06/2024 20:00:00","Belgium (BE)","737.55","768.68","688.23","676.63"
"04/06/2024 20:00:00 - 04/06/2024 21:00:00","Belgium (BE)","728.28","754.83","702.83","820.26"
"04/06/2024 21:00:00 - 04/06/2024 22:00:00","Belgium (BE)","776.55","800.98","778.90","1059.73"
"04/06/2024 22:00:00 - 04/06/2024 23:00:00","Belgium (BE)","815.78","845.98","850.75","1091.04"
"04/06/2024 23:00:00 - 05/06/2024 00:00:00","Belgium (BE)","823.65","882.85","912.30","1079.99"
"05/06/2024 00:00:00 - 05/06/2024 01:00:00","Belgium (BE)","954.18","1074.25","1074.25","1108.71"
"05/06/2024 01:00:00 - 05/06/2024 02:00:00","Belgium (BE)","957.90","1085.23","1085.23","1053.71"
"05/06/2024 02:00:00 - 05/06/2024 03:00:00","Belgium (BE)","904.95","941.23","941.23","923.21"
"05/06/2024 03:00:00 - 05/06/2024 04:00:00","Belgium (BE)","780.03","812.45","812.45","772.32"
"05/06/2024 04:00:00 - 05/06/2024 05:00:00","Belgium (BE)","600.20","618.58","618.58","497.21"
"05/06/2024 05:00:00 - 05/06/2024 06:00:00","Belgium (BE)","426.35","441.73","441.73","313.92"
"05/06/2024 06:00:00 - 05/06/2024 07:00:00","Belgium (BE)","307.00","291.53","291.53","210.31"
"05/06/2024 07:00:00 - 05/06/2024 08:00:00","Belgium (BE)","252.85","211.00","211.00","137.71"
"05/06/2024 08:00:00 - 05/06/2024 09:00:00","Belgium (BE)","228.90","195.00","142.58","102.11"
"05/06/2024 09:00:00 - 05/06/2024 10:00:00","Belgium (BE)","204.93","184.45","126.75","99.88"
"05/06/2024 10:00:00 - 05/06/2024 11:00:00","Belgium (BE)","192.55","174.38","128.00","121.04"
"05/06/2024 11:00:00 - 05/06/2024 12:00:00","Belgium (BE)","195.30","176.78","128.48","148.69"
"05/06/2024 12:00:00 - 05/06/2024 13:00:00","Belgium (BE)","208.20","196.13","155.15","174.77"
"05/06/2024 13:00:00 - 05/06/2024 14:00:00","Belgium (BE)","230.60","222.25","176.68","211.83"
"05/06/2024 14:00:00 - 05/06/2024 15:00:00","Belgium (BE)","263.33","266.03","199.25","269.36"
"05/06/2024 15:00:00 - 05/06/2024 16:00:00","Belgium (BE)","306.33","325.13","248.80","355.99"
"05/06/2024 16:00:00 - 05/06/2024 17:00:00","Belgium (BE)","343.13","361.80","303.10","344.88"
"05/06/2024 17:00:00 - 05/06/2024 18:00:00","Belgium (BE)","347.08","353.43","312.75","314.37"
"05/06/2024 18:00:00 - 05/06/2024 19:00:00","Belgium (BE)","311.60","317.25","286.08","257.38"
"05/06/2024 19:00:00 - 05/06/2024 20:00:00","Belgium (BE)","249.33","265.03","249.85","200.07"
"05/06/2024 20:00:00 - 05/06/2024 21:00:00","Belgium (BE)","172.93","189.60","173.30","145.46"
"05/06/2024 21:00:00 - 05/06/2024 22:00:00","Belgium (BE)","97.83","116.48","101.23","111.80"
"05/06/2024 22:00:00 - 05/06/2024 23:00:00","Belgium (BE)","58.05","72.93","64.03","76.39"
"05/06/2024 23:00:00 - 06/06/2024 00:00:00","Belgium (BE)","49.05","58.10","50.73","54.42"
"06/06/2024 00:00:00 - 06/06/2024 01:00:00","Belgium (BE)","73.35","79.55","79.55","63.98"
"06/06/2024 01:00:00 - 06/06/2024 02:00:00","Belgium (BE)","102.93","99.05","99.05","71.24"
"06/06/2024 02:00:00 - 06/06/2024 03:00:00","Belgium (BE)","126.55","87.08","87.08","53.05"
"06/06/2024 03:00:00 - 06/06/2024 04:00:00","Belgium (BE)","139.85","99.10","99.10","51.99"
"06/06/2024 04:00:00 - 06/06/2024 05:00:00","Belgium (BE)","163.83","97.25","97.25","96.03"
"06/06/2024 05:00:00 - 06/06/2024 06:00:00","Belgium (BE)","200.35","116.80","116.80","137.59"
"06/06/2024 06:00:00 - 06/06/2024 07:00:00","Belgium (BE)","240.03","159.70","159.70","182.04"
"06/06/2024 07:00:00 - 06/06/2024 08:00:00","Belgium (BE)","235.85","181.28","181.28","177.61"
"06/06/2024 08:00:00 - 06/06/2024 09:00:00","Belgium (BE)","172.20","151.08","190.00","91.66"
"06/06/2024 09:00:00 - 06/06/2024 10:00:00","Belgium (BE)","142.25","150.70","184.23","119.85"
"06/06/2024 10:00:00 - 06/06/2024 11:00:00","Belgium (BE)","176.10","199.88","237.50","211.84"
"06/06/2024 11:00:00 - 06/06/2024 12:00:00","Belgium (BE)","207.73","257.90","226.28","236.13"
"06/06/2024 12:00:00 - 06/06/2024 13:00:00","Belgium (BE)","225.53","285.00","257.78","234.01"
"06/06/2024 13:00:00 - 06/06/2024 14:00:00","Belgium (BE)","247.35","295.43","308.20","238.99"
"06/06/2024 14:00:00 - 06/06/2024 15:00:00","Belgium (BE)","272.80","312.23","289.75","236.22"
"06/06/2024 15:00:00 - 06/06/2024 16:00:00","Belgium (BE)","277.10","321.50","274.60","242.07"
"06/06/2024 16:00:00 - 06/06/2024 17:00:00","Belgium (BE)","248.18","293.80","237.73","223.84"
"06/06/2024 17:00:00 - 06/06/2024 18:00:00","Belgium (BE)","208.55","255.10","212.90","179.91"
"06/06/2024 18:00:00 - 06/06/2024 19:00:00","Belgium (BE)","169.05","215.38","177.40","161.52"
"06/06/2024 19:00:00 - 06/06/2024 20:00:00","Belgium (BE)","136.20","173.48","137.13","127.50"
"06/06/2024 20:00:00 - 06/06/2024 21:00:00","Belgium (BE)","112.43","141.05","129.95","101.30"
"06/06/2024 21:00:00 - 06/06/2024 22:00:00","Belgium (BE)","105.18","124.90","114.80","105.57"
"06/06/2024 22:00:00 - 06/06/2024 23:00:00","Belgium (BE)","96.98","106.28","98.78","96.64"
"06/06/2024 23:00:00 - 07/06/2024 00:00:00","Belgium (BE)","74.68","85.70","77.03","76.87"
"07/06/2024 00:00:00 - 07/06/2024 01:00:00","Belgium (BE)","52.83","52.58","52.58","42.34"
"07/06/2024 01:00:00 - 07/06/2024 02:00:00","Belgium (BE)","42.80","44.43","44.43","27.03"
"07/06/2024 02:00:00 - 07/06/2024 03:00:00","Belgium (BE)","59.45","54.83","54.83","32.65"
"07/06/2024 03:00:00 - 07/06/2024 04:00:00","Belgium (BE)","85.45","78.43","78.43","44.14"
"07/06/2024 04:00:00 - 07/06/2024 05:00:00","Belgium (BE)","122.28","97.60","97.60","59.68"
"07/06/2024 05:00:00 - 07/06/2024 06:00:00","Belgium (BE)","157.98","115.98","115.98","71.98"
"07/06/2024 06:00:00 - 07/06/2024 07:00:00","Belgium (BE)","165.28","125.88","125.88","81.88"
"07/06/2024 07:00:00 - 07/06/2024 08:00:00","Belgium (BE)","138.90","130.00","130.00","91.23"
"07/06/2024 08:00:00 - 07/06/2024 09:00:00","Belgium (BE)","96.05","104.15","107.73","55.57"
"07/06/2024 09:00:00 - 07/06/2024 10:00:00","Belgium (BE)","88.25","94.70","97.95","88.53"
"07/06/2024 10:00:00 - 07/06/2024 11:00:00","Belgium (BE)","121.10","130.98","125.75","164.30"
"07/06/2024 11:00:00 - 07/06/2024 12:00:00","Belgium (BE)","153.00","161.10","149.35","166.56"
"07/06/2024 12:00:00 - 07/06/2024 13:00:00","Belgium (BE)","178.80","176.50","174.03","158.92"
"07/06/2024 13:00:00 - 07/06/2024 14:00:00","Belgium (BE)","203.85","198.08","208.13","172.08"
"07/06/2024 14:00:00 - 07/06/2024 15:00:00","Belgium (BE)","236.98","213.35","230.23","184.93"
"07/06/2024 15:00:00 - 07/06/2024 16:00:00","Belgium (BE)","260.20","234.15","249.43","174.55"
"07/06/2024 16:00:00 - 07/06/2024 17:00:00","Belgium (BE)","264.90","255.33","268.15","226.94"
"07/06/2024 17:00:00 - 07/06/2024 18:00:00","Belgium (BE)","249.03","250.53","226.83","196.53"
"07/06/2024 18:00:00 - 07/06/2024 19:00:00","Belgium (BE)","219.65","231.83","202.08","162.31"
"07/06/2024 19:00:00 - 07/06/2024 20:00:00","Belgium (BE)","182.95","196.23","152.85","170.53"
"07/06/2024 20:00:00 - 07/06/2024 21:00:00","Belgium (BE)","157.08","167.90","124.58","156.48"
"07/06/2024 21:00:00 - 07/06/2024 22:00:00","Belgium (BE)","146.73","162.75","129.15","147.58"
"07/06/2024 22:00:00 - 07/06/2024 23:00:00","Belgium (BE)","147.85","175.50","136.80","154.84"
"07/06/2024 23:00:00 - 08/06/2024 00:00:00","Belgium (BE)","150.45","205.08","146.60","189.49"
"08/06/2024 00:00:00 - 08/06/2024 01:00:00","Belgium (BE)","176.38","185.58","185.58","186.02"
"08/06/2024 01:00:00 - 08/06/2024 02:00:00","Belgium (BE)","196.40","197.35","197.35","170.12"
"08/06/2024 02:00:00 - 08/06/2024 03:00:00","Belgium (BE)","226.43","194.58","194.58","158.71"
"08/06/2024 03:00:00 - 08/06/2024 04:00:00","Belgium (BE)","277.95","229.35","229.35","189.73"
"08/06/2024 04:00:00 - 08/06/2024 05:00:00","Belgium (BE)","317.48","291.90","291.90","270.47"
"08/06/2024 05:00:00 - 08/06/2024 06:00:00","Belgium (BE)","345.03","320.08","320.08","402.85"
"08/06/2024 06:00:00 - 08/06/2024 07:00:00","Belgium (BE)","366.90","336.08","336.08","392.93"
"08/06/2024 07:00:00 - 08/06/2024 08:00:00","Belgium (BE)","342.15","308.55","308.55","252.74"
"08/06/2024 08:00:00 - 08/06/2024 09:00:00","Belgium (BE)","296.10","254.58","260.45","206.62"
"08/06/2024 09:00:00 - 08/06/2024 10:00:00","Belgium (BE)","331.03","282.48","269.93","282.83"
"08/06/2024 10:00:00 - 08/06/2024 11:00:00","Belgium (BE)","412.40","353.40","325.05","341.54"
"08/06/2024 11:00:00 - 08/06/2024 12:00:00","Belgium (BE)","476.08","423.38","417.53","308.43"
"08/06/2024 12:00:00 - 08/06/2024 13:00:00","Belgium (BE)","558.95","505.08","510.28","398.44"
"08/06/2024 13:00:00 - 08/06/2024 14:00:00","Belgium (BE)","643.50","574.65","569.48","451.52"
"08/06/2024 14:00:00 - 08/06/2024 15:00:00","Belgium (BE)","675.60","615.60","584.15","455.28"
"08/06/2024 15:00:00 - 08/06/2024 16:00:00","Belgium (BE)","661.18","618.58","547.73","560.56"
"08/06/2024 16:00:00 - 08/06/2024 17:00:00","Belgium (BE)","646.35","613.00","508.58","578.81"
"08/06/2024 17:00:00 - 08/06/2024 18:00:00","Belgium (BE)","609.23","618.58","513.35","570.10"
"08/06/2024 18:00:00 - 08/06/2024 19:00:00","Belgium (BE)","530.70","558.45","519.93","698.08"
"08/06/2024 19:00:00 - 08/06/2024 20:00:00","Belgium (BE)","423.88","436.08","457.70","663.62"
"08/06/2024 20:00:00 - 08/06/2024 21:00:00","Belgium (BE)","294.90","306.18","420.85","547.29"
"08/06/2024 21:00:00 - 08/06/2024 22:00:00","Belgium (BE)","182.85","205.75","309.13","319.88"
"08/06/2024 22:00:00 - 08/06/2024 23:00:00","Belgium (BE)","117.93","130.03","214.30","226.01"
"08/06/2024 23:00:00 - 09/06/2024 00:00:00","Belgium (BE)","75.63","82.63","150.58","134.46"
"09/06/2024 00:00:00 - 09/06/2024 01:00:00","Belgium (BE)","82.15","122.08","122.08","58.20"
"09/06/2024 01:00:00 - 09/06/2024 02:00:00","Belgium (BE)","53.38","81.08","81.08","42.28"
"09/06/2024 02:00:00 - 09/06/2024 03:00:00","Belgium (BE)","43.93","46.10","46.10","32.87"
"09/06/2024 03:00:00 - 09/06/2024 04:00:00","Belgium (BE)","48.20","42.15","42.15","36.10"
"09/06/2024 04:00:00 - 09/06/2024 05:00:00","Belgium (BE)","89.15","64.73","64.73","79.51"
"09/06/2024 05:00:00 - 09/06/2024 06:00:00","Belgium (BE)","134.60","101.03","101.03","148.85"
"09/06/2024 06:00:00 - 09/06/2024 07:00:00","Belgium (BE)","169.78","137.05","137.05","185.90"
"09/06/2024 07:00:00 - 09/06/2024 08:00:00","Belgium (BE)","156.85","159.40","159.40","153.35"
"09/06/2024 08:00:00 - 09/06/2024 09:00:00","Belgium (BE)","131.00","133.70","134.63","80.76"
"09/06/2024 09:00:00 - 09/06/2024 10:00:00","Belgium (BE)","150.33","139.40","138.23","139.24"
"09/06/2024 10:00:00 - 09/06/2024 11:00:00","Belgium (BE)","202.38","179.88","178.03","229.69"
"09/06/2024 11:00:00 - 09/06/2024 12:00:00","Belgium (BE)","252.63","220.73","213.73","302.94"
"09/06/2024 12:00:00 - 09/06/2024 13:00:00","Belgium (BE)","293.88","275.15","268.50","311.63"
"09/06/2024 13:00:00 - 09/06/2024 14:00:00","Belgium (BE)","348.68","350.18","348.10","373.17"
"09/06/2024 14:00:00 - 09/06/2024 15:00:00","Belgium (BE)","429.48","441.05","428.98","484.89"
"09/06/2024 15:00:00 - 09/06/2024 16:00:00","Belgium (BE)","514.25","524.55","515.73","553.48"
"09/06/2024 16:00:00 - 09/06/2024 17:00:00","Belgium (BE)","530.55","564.93","583.98","653.34"
"09/06/2024 17:00:00 - 09/06/2024 18:00:00","Belgium (BE)","483.98","542.95","563.48","564.42"
"09/06/2024 18:00:00 - 09/06/2024 19:00:00","Belgium (BE)","416.80","479.23","489.63","504.08"
"09/06/2024 19:00:00 - 09/06/2024 20:00:00","Belgium (BE)","329.80","378.58","376.28","461.24"
"09/06/2024 20:00:00 - 09/06/2024 21:00:00","Belgium (BE)","227.55","258.18","270.98","346.78"
"09/06/2024 21:00:00 - 09/06/2024 22:00:00","Belgium (BE)","147.73","166.25","192.55","235.43"
"09/06/2024 22:00:00 - 09/06/2024 23:00:00","Belgium (BE)","120.80","136.38","151.78","146.95"
"09/06/2024 23:00:00 - 10/06/2024 00:00:00","Belgium (BE)","123.65","148.63","149.05","120.90"
"10/06/2024 00:00:00 - 10/06/2024 01:00:00","Belgium (BE)","165.85","183.25","183.25","131.96"
"10/06/2024 01:00:00 - 10/06/2024 02:00:00","Belgium (BE)","189.45","220.35","220.35","149.19"
"10/06/2024 02:00:00 - 10/06/2024 03:00:00","Belgium (BE)","209.38","235.55","235.55","190.85"
"10/06/2024 03:00:00 - 10/06/2024 04:00:00","Belgium (BE)","234.28","266.88","266.88","231.83"
"10/06/2024 04:00:00 - 10/06/2024 05:00:00","Belgium (BE)","262.13","268.18","268.18","289.18"
"10/06/2024 05:00:00 - 10/06/2024 06:00:00","Belgium (BE)","289.28","315.88","315.88","359.87"
"10/06/2024 06:00:00 - 10/06/2024 07:00:00","Belgium (BE)","330.65","408.78","408.78","458.19"
"10/06/2024 07:00:00 - 10/06/2024 08:00:00","Belgium (BE)","388.50","522.88","522.88","583.86"
"10/06/2024 08:00:00 - 10/06/2024 09:00:00","Belgium (BE)","445.33","664.15","664.15","720.57"
"10/06/2024 09:00:00 - 10/06/2024 10:00:00","Belgium (BE)","567.00","894.55","889.98","877.93"
"10/06/2024 10:00:00 - 10/06/2024 11:00:00","Belgium (BE)","795.10","1144.10","1155.43","1123.37"
"10/06/2024 11:00:00 - 10/06/2024 12:00:00","Belgium (BE)","1048.00","1325.68","1406.28","1253.57"
"10/06/2024 12:00:00 - 10/06/2024 13:00:00","Belgium (BE)","1239.08","1474.35","1517.05","1514.95"
"10/06/2024 13:00:00 - 10/06/2024 14:00:00","Belgium (BE)","1344.35","1644.43","1582.68","1778.00"
"10/06/2024 14:00:00 - 10/06/2024 15:00:00","Belgium (BE)","1438.58","1822.58","1805.85","1848.03"
"10/06/2024 15:00:00 - 10/06/2024 16:00:00","Belgium (BE)","1564.10","1975.05","2007.98","2001.56"
"10/06/2024 16:00:00 - 10/06/2024 17:00:00","Belgium (BE)","1652.20","2025.78","2130.93","2296.18"
"10/06/2024 17:00:00 - 10/06/2024 18:00:00","Belgium (BE)","1721.35","2002.38","2073.13","2209.88"
"10/06/2024 18:00:00 - 10/06/2024 19:00:00","Belgium (BE)","1777.73","1905.03","2038.93","2036.20"
"10/06/2024 19:00:00 - 10/06/2024 20:00:00","Belgium (BE)","1733.90","1684.10","1705.45","1680.16"
"10/06/2024 20:00:00 - 10/06/2024 21:00:00","Belgium (BE)","1577.30","1361.25","1339.68","1254.36"
"10/06/2024 21:00:00 - 10/06/2024 22:00:00","Belgium (BE)","1344.43","1063.78","981.48","1013.45"
"10/06/2024 22:00:00 - 10/06/2024 23:00:00","Belgium (BE)","1116.10","793.08","748.30","735.83"
"10/06/2024 23:00:00 - 11/06/2024 00:00:00","Belgium (BE)","874.00","583.58","583.08","557.81"
"11/06/2024 00:00:00 - 11/06/2024 01:00:00","Belgium (BE)","485.33","496.75","496.75","464.01"
"11/06/2024 01:00:00 - 11/06/2024 02:00:00","Belgium (BE)","427.53","432.45","432.45","414.90"
"11/06/2024 02:00:00 - 11/06/2024 03:00:00","Belgium (BE)","396.40","381.45","381.45","464.74"
"11/06/2024 03:00:00 - 11/06/2024 04:00:00","Belgium (BE)","365.93","351.10","351.10","480.26"
"11/06/2024 04:00:00 - 11/06/2024 05:00:00","Belgium (BE)","336.35","346.25","346.25","445.08"
"11/06/2024 05:00:00 - 11/06/2024 06:00:00","Belgium (BE)","309.55","335.48","335.48","375.74"
"11/06/2024 06:00:00 - 11/06/2024 07:00:00","Belgium (BE)","286.60","301.50","301.50","324.69"
"11/06/2024 07:00:00 - 11/06/2024 08:00:00","Belgium (BE)","249.43","250.35","250.35","179.71"
"11/06/2024 08:00:00 - 11/06/2024 09:00:00","Belgium (BE)","211.30","205.43","213.88","138.08"
"11/06/2024 09:00:00 - 11/06/2024 10:00:00","Belgium (BE)","214.08","211.73","199.15","225.35"
"11/06/2024 10:00:00 - 11/06/2024 11:00:00","Belgium (BE)","242.15","241.90","235.40","341.03"
"11/06/2024 11:00:00 - 11/06/2024 12:00:00","Belgium (BE)","266.55","256.33","268.63","411.78"
"11/06/2024 12:00:00 - 11/06/2024 13:00:00","Belgium (BE)","291.50","275.28","290.83","325.01"
"11/06/2024 13:00:00 - 11/06/2024 14:00:00","Belgium (BE)","316.65","299.28","326.33","412.95"
"11/06/2024 14:00:00 - 11/06/2024 15:00:00","Belgium (BE)","327.88","309.35","346.98","451.16"
"11/06/2024 15:00:00 - 11/06/2024 16:00:00","Belgium (BE)","334.73","316.75","409.70","342.30"
"11/06/2024 16:00:00 - 11/06/2024 17:00:00","Belgium (BE)","336.48","335.85","424.70","308.50"
"11/06/2024 17:00:00 - 11/06/2024 18:00:00","Belgium (BE)","327.25","341.78","388.33","391.12"
"11/06/2024 18:00:00 - 11/06/2024 19:00:00","Belgium (BE)","327.63","339.90","347.40","405.21"
"11/06/2024 19:00:00 - 11/06/2024 20:00:00","Belgium (BE)","311.85","313.68","322.03","339.13"
"11/06/2024 20:00:00 - 11/06/2024 21:00:00","Belgium (BE)","265.20","266.68","278.08","350.11"
"11/06/2024 21:00:00 - 11/06/2024 22:00:00","Belgium (BE)","218.08","223.08","232.60","288.40"
"11/06/2024 22:00:00 - 11/06/2024 23:00:00","Belgium (BE)","197.50","195.38","210.00","260.95"
"11/06/2024 23:00:00 - 12/06/2024 00:00:00","Belgium (BE)","205.70","192.85","212.55","278.32"
"12/06/2024 00:00:00 - 12/06/2024 01:00:00","Belgium (BE)","206.00","223.65","223.65","255.52"
"12/06/2024 01:00:00 - 12/06/2024 02:00:00","Belgium (BE)","197.55","227.48","227.48","210.34"
"12/06/2024 02:00:00 - 12/06/2024 03:00:00","Belgium (BE)","190.43","223.75","223.75","180.86"
"12/06/2024 03:00:00 - 12/06/2024 04:00:00","Belgium (BE)","194.48","222.75","222.75","166.29"
"12/06/2024 04:00:00 - 12/06/2024 05:00:00","Belgium (BE)","191.38","214.83","214.83","176.85"
"12/06/2024 05:00:00 - 12/06/2024 06:00:00","Belgium (BE)","173.90","196.53","196.53","198.67"
"12/06/2024 06:00:00 - 12/06/2024 07:00:00","Belgium (BE)","158.85","179.68","179.68","150.48"
"12/06/2024 07:00:00 - 12/06/2024 08:00:00","Belgium (BE)","136.53","155.70","155.70","110.62"
"12/06/2024 08:00:00 - 12/06/2024 09:00:00","Belgium (BE)","121.18","138.60","127.38","100.66"
"12/06/2024 09:00:00 - 12/06/2024 10:00:00","Belgium (BE)","137.63","151.43","133.13","148.13"
"12/06/2024 10:00:00 - 12/06/2024 11:00:00","Belgium (BE)","157.00","171.45","133.08","197.90"
"12/06/2024 11:00:00 - 12/06/2024 12:00:00","Belgium (BE)","178.68","188.93","162.93","195.51"
"12/06/2024 12:00:00 - 12/06/2024 13:00:00","Belgium (BE)","200.45","211.50","200.33","261.24"
"12/06/2024 13:00:00 - 12/06/2024 14:00:00","Belgium (BE)","221.10","236.93","218.13","397.46"
"12/06/2024 14:00:00 - 12/06/2024 15:00:00","Belgium (BE)","231.90","252.23","244.88","307.94"
"12/06/2024 15:00:00 - 12/06/2024 16:00:00","Belgium (BE)","223.90","247.90","259.20","271.81"
"12/06/2024 16:00:00 - 12/06/2024 17:00:00","Belgium (BE)","208.53","230.03","232.08","291.65"
"12/06/2024 17:00:00 - 12/06/2024 18:00:00","Belgium (BE)","183.28","196.83","202.65","195.50"
"12/06/2024 18:00:00 - 12/06/2024 19:00:00","Belgium (BE)","144.03","152.48","155.75","116.30"
"12/06/2024 19:00:00 - 12/06/2024 20:00:00","Belgium (BE)","97.48","104.38","103.95","64.20"
"12/06/2024 20:00:00 - 12/06/2024 21:00:00","Belgium (BE)","63.15","65.08","51.40","36.56"
"12/06/2024 21:00:00 - 12/06/2024 22:00:00","Belgium (BE)","41.30","52.98","41.90","28.26"
"12/06/2024 22:00:00 - 12/06/2024 23:00:00","Belgium (BE)","34.85","46.65","33.00","20.41"
"12/06/2024 23:00:00 - 13/06/2024 00:00:00","Belgium (BE)","37.15","39.70","31.73","21.84"
"13/06/2024 00:00:00 - 13/06/2024 01:00:00","Belgium (BE)","38.50","45.98","45.98","16.24"
"13/06/2024 01:00:00 - 13/06/2024 02:00:00","Belgium (BE)","55.83","70.50","70.50","24.23"
"13/06/2024 02:00:00 - 13/06/2024 03:00:00","Belgium (BE)","90.08","112.40","112.40","47.94"
"13/06/2024 03:00:00 - 13/06/2024 04:00:00","Belgium (BE)","138.38","162.85","162.85","89.23"
"13/06/2024 04:00:00 - 13/06/2024 05:00:00","Belgium (BE)","193.25","206.93","206.93","164.79"
"13/06/2024 05:00:00 - 13/06/2024 06:00:00","Belgium (BE)","236.28","234.00","234.00","238.47"
"13/06/2024 06:00:00 - 13/06/2024 07:00:00","Belgium (BE)","249.40","253.70","253.70","307.83"
"13/06/2024 07:00:00 - 13/06/2024 08:00:00","Belgium (BE)","257.13","268.85","268.85","274.15"
"13/06/2024 08:00:00 - 13/06/2024 09:00:00","Belgium (BE)","192.35","206.15","206.15","171.72"
"13/06/2024 09:00:00 - 13/06/2024 10:00:00","Belgium (BE)","160.30","171.23","181.53","186.35"
"13/06/2024 10:00:00 - 13/06/2024 11:00:00","Belgium (BE)","222.88","231.75","236.93","307.98"
"13/06/2024 11:00:00 - 13/06/2024 12:00:00","Belgium (BE)","312.33","317.50","379.58","474.20"
"13/06/2024 12:00:00 - 13/06/2024 13:00:00","Belgium (BE)","378.18","379.05","447.50","521.33"
"13/06/2024 13:00:00 - 13/06/2024 14:00:00","Belgium (BE)","422.53","424.08","492.28","523.04"
"13/06/2024 14:00:00 - 13/06/2024 15:00:00","Belgium (BE)","467.03","468.93","561.83","571.39"
"13/06/2024 15:00:00 - 13/06/2024 16:00:00","Belgium (BE)","515.15","524.33","581.73","567.83"
"13/06/2024 16:00:00 - 13/06/2024 17:00:00","Belgium (BE)","551.40","573.30","599.00","611.81"
"13/06/2024 17:00:00 - 13/06/2024 18:00:00","Belgium (BE)","544.05","560.75","560.30","556.32"
"13/06/2024 18:00:00 - 13/06/2024 19:00:00","Belgium (BE)","464.75","458.05","436.00","454.78"
"13/06/2024 19:00:00 - 13/06/2024 20:00:00","Belgium (BE)","323.35","323.25","313.33","350.50"
"13/06/2024 20:00:00 - 13/06/2024 21:00:00","Belgium (BE)","209.60","223.63","256.48","305.43"
"13/06/2024 21:00:00 - 13/06/2024 22:00:00","Belgium (BE)","177.83","216.98","257.38","215.79"
"13/06/2024 22:00:00 - 13/06/2024 23:00:00","Belgium (BE)","241.88","309.30","337.08","216.69"
"13/06/2024 23:00:00 - 14/06/2024 00:00:00","Belgium (BE)","377.63","466.25","472.90","370.70"
"14/06/2024 00:00:00 - 14/06/2024 01:00:00","Belgium (BE)","589.60","526.58","526.58","520.18"
"14/06/2024 01:00:00 - 14/06/2024 02:00:00","Belgium (BE)","628.85","598.83","598.83","580.27"
"14/06/2024 02:00:00 - 14/06/2024 03:00:00","Belgium (BE)","632.88","679.98","679.98","645.88"
"14/06/2024 03:00:00 - 14/06/2024 04:00:00","Belgium (BE)","661.88","749.23","749.23","645.08"
"14/06/2024 04:00:00 - 14/06/2024 05:00:00","Belgium (BE)","725.90","827.15","827.15","640.41"
"14/06/2024 05:00:00 - 14/06/2024 06:00:00","Belgium (BE)","809.40","852.03","852.03","886.71"
"14/06/2024 06:00:00 - 14/06/2024 07:00:00","Belgium (BE)","888.98","926.30","926.30","1106.60"
"14/06/2024 07:00:00 - 14/06/2024 08:00:00","Belgium (BE)","948.23","958.58","959.60","1156.18"
"14/06/2024 08:00:00 - 14/06/2024 09:00:00","Belgium (BE)","982.18","999.05","999.73","1240.01"
"14/06/2024 09:00:00 - 14/06/2024 10:00:00","Belgium (BE)","1008.20","1074.60","1171.38","1282.33"
"14/06/2024 10:00:00 - 14/06/2024 11:00:00","Belgium (BE)","1077.35","1195.90","1251.13","1240.89"
"14/06/2024 11:00:00 - 14/06/2024 12:00:00","Belgium (BE)","1089.15","1164.45","1297.95","1146.09"
"14/06/2024 12:00:00 - 14/06/2024 13:00:00","Belgium (BE)","1040.58","1036.93","1187.28","1011.01"
"14/06/2024 13:00:00 - 14/06/2024 14:00:00","Belgium (BE)","1002.25","975.20","1057.20","913.72"
"14/06/2024 14:00:00 - 14/06/2024 15:00:00","Belgium (BE)","908.65","882.10","886.50","776.49"
"14/06/2024 15:00:00 - 14/06/2024 16:00:00","Belgium (BE)","801.00","717.80","694.48","754.36"
"14/06/2024 16:00:00 - 14/06/2024 17:00:00","Belgium (BE)","696.23","611.20","609.80","606.79"
"14/06/2024 17:00:00 - 14/06/2024 18:00:00","Belgium (BE)","569.45","542.13","519.53","458.16"
"14/06/2024 18:00:00 - 14/06/2024 19:00:00","Belgium (BE)","462.93","455.53","436.80","432.58"
"14/06/2024 19:00:00 - 14/06/2024 20:00:00","Belgium (BE)","391.08","378.38","351.05","319.38"
"14/06/2024 20:00:00 - 14/06/2024 21:00:00","Belgium (BE)","385.10","370.83","340.08","286.67"
"14/06/2024 21:00:00 - 14/06/2024 22:00:00","Belgium (BE)","446.85","452.00","406.98","333.53"
"14/06/2024 22:00:00 - 14/06/2024 23:00:00","Belgium (BE)","571.90","561.33","515.70","421.19"
"14/06/2024 23:00:00 - 15/06/2024 00:00:00","Belgium (BE)","686.00","694.38","624.80","468.70"
"15/06/2024 00:00:00 - 15/06/2024 01:00:00","Belgium (BE)","681.28","698.08","698.08","430.47"
"15/06/2024 01:00:00 - 15/06/2024 02:00:00","Belgium (BE)","747.75","822.30","822.30","522.58"
"15/06/2024 02:00:00 - 15/06/2024 03:00:00","Belgium (BE)","900.50","932.45","932.45","637.23"
"15/06/2024 03:00:00 - 15/06/2024 04:00:00","Belgium (BE)","1136.63","1138.88","1138.88","880.52"
"15/06/2024 04:00:00 - 15/06/2024 05:00:00","Belgium (BE)","1387.53","1278.75","1278.75","1082.23"
"15/06/2024 05:00:00 - 15/06/2024 06:00:00","Belgium (BE)","1598.88","1513.03","1513.03","1400.21"
"15/06/2024 06:00:00 - 15/06/2024 07:00:00","Belgium (BE)","1744.38","1730.75","1730.75","1693.76"
"15/06/2024 07:00:00 - 15/06/2024 08:00:00","Belgium (BE)","1835.40","1859.03","1859.03","1662.94"
"15/06/2024 08:00:00 - 15/06/2024 09:00:00","Belgium (BE)","1901.83","1999.00","1969.33","1619.47"
"15/06/2024 09:00:00 - 15/06/2024 10:00:00","Belgium (BE)","1959.55","2067.08","1982.75","1973.19"
"15/06/2024 10:00:00 - 15/06/2024 11:00:00","Belgium (BE)","1954.60","2037.33","1990.35","1938.31"
"15/06/2024 11:00:00 - 15/06/2024 12:00:00","Belgium (BE)","1886.20","1986.63","1916.33","1879.02"
"15/06/2024 12:00:00 - 15/06/2024 13:00:00","Belgium (BE)","1865.83","1965.48","1903.65","1776.38"
"15/06/2024 13:00:00 - 15/06/2024 14:00:00","Belgium (BE)","1894.40","1984.30","1895.98","1655.09"
"15/06/2024 14:00:00 - 15/06/2024 15:00:00","Belgium (BE)","1907.10","1975.55","1897.68","1630.34"
"15/06/2024 15:00:00 - 15/06/2024 16:00:00","Belgium (BE)","1913.03","1920.98","1723.58","1721.65"
"15/06/2024 16:00:00 - 15/06/2024 17:00:00","Belgium (BE)","1896.13","1839.35","1720.45","1880.32"
"15/06/2024 17:00:00 - 15/06/2024 18:00:00","Belgium (BE)","1797.15","1752.58","1653.20","1943.49"
"15/06/2024 18:00:00 - 15/06/2024 19:00:00","Belgium (BE)","1592.98","1612.43","1544.10","1644.34"
"15/06/2024 19:00:00 - 15/06/2024 20:00:00","Belgium (BE)","1377.35","1429.78","1374.05","1432.15"
"15/06/2024 20:00:00 - 15/06/2024 21:00:00","Belgium (BE)","1227.38","1276.18","1264.80","1388.75"
"15/06/2024 21:00:00 - 15/06/2024 22:00:00","Belgium (BE)","1167.38","1120.80","1151.88","1329.35"
"15/06/2024 22:00:00 - 15/06/2024 23:00:00","Belgium (BE)","1161.55","1039.18","1072.18","1109.83"
"15/06/2024 23:00:00 - 16/06/2024 00:00:00","Belgium (BE)","1146.23","1010.13","1034.55","1067.94"
"16/06/2024 00:00:00 - 16/06/2024 01:00:00","Belgium (BE)","1004.10","990.05","990.05","1052.76"
"16/06/2024 01:00:00 - 16/06/2024 02:00:00","Belgium (BE)","988.43","991.85","991.85","997.46"
"16/06/2024 02:00:00 - 16/06/2024 03:00:00","Belgium (BE)","958.90","987.20","987.20","998.11"
"16/06/2024 03:00:00 - 16/06/2024 04:00:00","Belgium (BE)","943.43","956.28","956.28","984.65"
"16/06/2024 04:00:00 - 16/06/2024 05:00:00","Belgium (BE)","960.63","1008.30","1008.30","1026.40"
"16/06/2024 05:00:00 - 16/06/2024 06:00:00","Belgium (BE)","985.18","1035.63","1035.63","1050.07"
"16/06/2024 06:00:00 - 16/06/2024 07:00:00","Belgium (BE)","1018.60","1030.83","1030.83","1009.19"
"16/06/2024 07:00:00 - 16/06/2024 08:00:00","Belgium (BE)","1091.18","1064.65","1064.65","964.85"
"16/06/2024 08:00:00 - 16/06/2024 09:00:00","Belgium (BE)","1149.73","1101.78","1101.78","1027.70"
"16/06/2024 09:00:00 - 16/06/2024 10:00:00","Belgium (BE)","1208.83","1145.30","1145.30","1172.11"
"16/06/2024 10:00:00 - 16/06/2024 11:00:00","Belgium (BE)","1296.23","1235.03","1235.03","1076.18"
"16/06/2024 11:00:00 - 16/06/2024 12:00:00","Belgium (BE)","1343.15","1275.60","1252.18","1125.86"
"16/06/2024 12:00:00 - 16/06/2024 13:00:00","Belgium (BE)","1312.20","1247.58","1195.70","1170.41"
"16/06/2024 13:00:00 - 16/06/2024 14:00:00","Belgium (BE)","1197.95","1162.30","1108.70","942.33"
"16/06/2024 14:00:00 - 16/06/2024 15:00:00","Belgium (BE)","1045.35","1031.23","1006.00","932.40"
"16/06/2024 15:00:00 - 16/06/2024 16:00:00","Belgium (BE)","908.70","897.53","826.85","818.30"
"16/06/2024 16:00:00 - 16/06/2024 17:00:00","Belgium (BE)","812.10","769.53","804.48","716.91"
"16/06/2024 17:00:00 - 16/06/2024 18:00:00","Belgium (BE)","715.23","643.58","705.00","704.87"
"16/06/2024 18:00:00 - 16/06/2024 19:00:00","Belgium (BE)","587.28","540.63","610.00","698.69"
"16/06/2024 19:00:00 - 16/06/2024 20:00:00","Belgium (BE)","444.75","448.58","490.58","599.63"
"16/06/2024 20:00:00 - 16/06/2024 21:00:00","Belgium (BE)","347.78","381.60","380.70","538.53"
"16/06/2024 21:00:00 - 16/06/2024 22:00:00","Belgium (BE)","317.18","363.05","330.78","414.67"
"16/06/2024 22:00:00 - 16/06/2024 23:00:00","Belgium (BE)","341.90","409.40","349.78","283.36"
"16/06/2024 23:00:00 - 17/06/2024 00:00:00","Belgium (BE)","391.68","471.70","398.50","237.91"
"17/06/2024 00:00:00 - 17/06/2024 01:00:00","Belgium (BE)","436.08","433.60","433.60","296.96"
"17/06/2024 01:00:00 - 17/06/2024 02:00:00","Belgium (BE)","443.80","432.28","432.28","315.38"
"17/06/2024 02:00:00 - 17/06/2024 03:00:00","Belgium (BE)","424.48","351.53","351.53","311.18"
"17/06/2024 03:00:00 - 17/06/2024 04:00:00","Belgium (BE)","404.73","341.03","341.03","296.37"
"17/06/2024 04:00:00 - 17/06/2024 05:00:00","Belgium (BE)","393.30","324.88","324.88","317.97"
"17/06/2024 05:00:00 - 17/06/2024 06:00:00","Belgium (BE)","377.48","303.25","303.25","313.56"
"17/06/2024 06:00:00 - 17/06/2024 07:00:00","Belgium (BE)","348.48","292.63","292.63","300.90"
"17/06/2024 07:00:00 - 17/06/2024 08:00:00","Belgium (BE)","310.88","276.70","277.20","249.08"
"17/06/2024 08:00:00 - 17/06/2024 09:00:00","Belgium (BE)","284.90","261.50","248.00","199.60"
"17/06/2024 09:00:00 - 17/06/2024 10:00:00","Belgium (BE)","256.63","269.30","256.30","204.62"
"17/06/2024 10:00:00 - 17/06/2024 11:00:00","Belgium (BE)","237.40","274.40","267.15","202.95"
"17/06/2024 11:00:00 - 17/06/2024 12:00:00","Belgium (BE)","232.45","298.68","314.65","245.51"
"17/06/2024 12:00:00 - 17/06/2024 13:00:00","Belgium (BE)","243.25","336.10","365.70","281.51"
"17/06/2024 13:00:00 - 17/06/2024 14:00:00","Belgium (BE)","265.63","347.13","365.68","283.19"
"17/06/2024 14:00:00 - 17/06/2024 15:00:00","Belgium (BE)","274.65","327.83","339.28","324.20"
"17/06/2024 15:00:00 - 17/06/2024 16:00:00","Belgium (BE)","255.60","303.13","295.73","327.36"
"17/06/2024 16:00:00 - 17/06/2024 17:00:00","Belgium (BE)","214.43","272.30","267.33","268.05"
"17/06/2024 17:00:00 - 17/06/2024 18:00:00","Belgium (BE)","156.83","208.10","233.50","185.25"
"17/06/2024 18:00:00 - 17/06/2024 19:00:00","Belgium (BE)","99.08","124.98","161.30","110.51"
"17/06/2024 19:00:00 - 17/06/2024 20:00:00","Belgium (BE)","69.15","55.05","79.10","64.71"
"17/06/2024 20:00:00 - 17/06/2024 21:00:00","Belgium (BE)","52.93","23.23","35.98","18.83"
"17/06/2024 21:00:00 - 17/06/2024 22:00:00","Belgium (BE)","43.93","24.48","31.23","8.11"
"17/06/2024 22:00:00 - 17/06/2024 23:00:00","Belgium (BE)","47.13","35.00","27.38","7.04"
"17/06/2024 23:00:00 - 18/06/2024 00:00:00","Belgium (BE)","53.13","49.50","34.93","11.83"
"18/06/2024 00:00:00 - 18/06/2024 01:00:00","Belgium (BE)","48.55","33.25","33.25","29.11"
"18/06/2024 01:00:00 - 18/06/2024 02:00:00","Belgium (BE)","66.28","56.33","56.33","78.84"
"18/06/2024 02:00:00 - 18/06/2024 03:00:00","Belgium (BE)","78.08","93.30","93.30","152.49"
"18/06/2024 03:00:00 - 18/06/2024 04:00:00","Belgium (BE)","87.70","117.60","117.60","158.89"
"18/06/2024 04:00:00 - 18/06/2024 05:00:00","Belgium (BE)","84.65","115.15","115.15","170.67"
"18/06/2024 05:00:00 - 18/06/2024 06:00:00","Belgium (BE)","77.53","147.05","147.05","185.14"
"18/06/2024 06:00:00 - 18/06/2024 07:00:00","Belgium (BE)","80.33","109.93","109.93","187.29"
"18/06/2024 07:00:00 - 18/06/2024 08:00:00","Belgium (BE)","77.90","124.25","124.25","160.31"
"18/06/2024 08:00:00 - 18/06/2024 09:00:00","Belgium (BE)","58.15","97.33","122.68","105.36"
"18/06/2024 09:00:00 - 18/06/2024 10:00:00","Belgium (BE)","27.83","75.65","103.68","60.40"
"18/06/2024 10:00:00 - 18/06/2024 11:00:00","Belgium (BE)","17.98","53.83","86.03","46.24"
"18/06/2024 11:00:00 - 18/06/2024 12:00:00","Belgium (BE)","21.40","40.70","64.65","70.92"
"18/06/2024 12:00:00 - 18/06/2024 13:00:00","Belgium (BE)","37.65","41.95","53.45","82.54"
"18/06/2024 13:00:00 - 18/06/2024 14:00:00","Belgium (BE)","59.98","42.15","57.43","95.85"
"18/06/2024 14:00:00 - 18/06/2024 15:00:00","Belgium (BE)","86.10","51.33","55.93","85.59"
"18/06/2024 15:00:00 - 18/06/2024 16:00:00","Belgium (BE)","119.63","73.43","62.03","96.15"
"18/06/2024 16:00:00 - 18/06/2024 17:00:00","Belgium (BE)","174.05","111.68","78.15","136.35"
"18/06/2024 17:00:00 - 18/06/2024 18:00:00","Belgium (BE)","242.33","159.75","115.48","189.88"
"18/06/2024 18:00:00 - 18/06/2024 19:00:00","Belgium (BE)","301.05","200.15","172.08","229.75"
"18/06/2024 19:00:00 - 18/06/2024 20:00:00","Belgium (BE)","340.40","235.65","199.23","250.33"
"18/06/2024 20:00:00 - 18/06/2024 21:00:00","Belgium (BE)","376.33","272.98","212.60","266.15"
"18/06/2024 21:00:00 - 18/06/2024 22:00:00","Belgium (BE)","421.95","288.75","269.08","280.13"
"18/06/2024 22:00:00 - 18/06/2024 23:00:00","Belgium (BE)","454.18","284.73","274.58","251.99"
"18/06/2024 23:00:00 - 19/06/2024 00:00:00","Belgium (BE)","435.55","286.48","279.80","184.06"
"19/06/2024 00:00:00 - 19/06/2024 01:00:00","Belgium (BE)","284.65","316.95","316.95","189.87"
"19/06/2024 01:00:00 - 19/06/2024 02:00:00","Belgium (BE)","296.95","257.35","257.35","233.71"
"19/06/2024 02:00:00 - 19/06/2024 03:00:00","Belgium (BE)","336.68","280.75","280.75","272.50"
"19/06/2024 03:00:00 - 19/06/2024 04:00:00","Belgium (BE)","378.73","305.45","305.45","272.58"
"19/06/2024 04:00:00 - 19/06/2024 05:00:00","Belgium (BE)","383.35","322.08","322.08","303.33"
"19/06/2024 05:00:00 - 19/06/2024 06:00:00","Belgium (BE)","382.40","335.50","335.50","360.03"
"19/06/2024 06:00:00 - 19/06/2024 07:00:00","Belgium (BE)","402.73","384.88","384.88","314.37"
"19/06/2024 07:00:00 - 19/06/2024 08:00:00","Belgium (BE)","435.28","413.55","413.55","361.36"
"19/06/2024 08:00:00 - 19/06/2024 09:00:00","Belgium (BE)","463.78","437.35","405.30","454.04"
"19/06/2024 09:00:00 - 19/06/2024 10:00:00","Belgium (BE)","484.88","469.15","454.15","422.30"
"19/06/2024 10:00:00 - 19/06/2024 11:00:00","Belgium (BE)","498.95","469.58","458.10","416.55"
"19/06/2024 11:00:00 - 19/06/2024 12:00:00","Belgium (BE)","480.25","439.13","441.70","365.79"
"19/06/2024 12:00:00 - 19/06/2024 13:00:00","Belgium (BE)","447.45","397.73","396.10","347.25"
"19/06/2024 13:00:00 - 19/06/2024 14:00:00","Belgium (BE)","431.05","366.30","349.63","364.11"
"19/06/2024 14:00:00 - 19/06/2024 15:00:00","Belgium (BE)","427.90","368.58","386.00","303.07"
"19/06/2024 15:00:00 - 19/06/2024 16:00:00","Belgium (BE)","449.73","408.20","456.58","356.56"
"19/06/2024 16:00:00 - 19/06/2024 17:00:00","Belgium (BE)","496.13","470.33","469.43","554.19"
"19/06/2024 17:00:00 - 19/06/2024 18:00:00","Belgium (BE)","524.30","525.68","448.50","538.23"
"19/06/2024 18:00:00 - 19/06/2024 19:00:00","Belgium (BE)","514.68","543.23","479.20","490.29"
"19/06/2024 19:00:00 - 19/06/2024 20:00:00","Belgium (BE)","490.15","517.48","487.63","504.07"
"19/06/2024 20:00:00 - 19/06/2024 21:00:00","Belgium (BE)","496.60","504.85","520.13","486.81"
"19/06/2024 21:00:00 - 19/06/2024 22:00:00","Belgium (BE)","563.98","552.68","596.53","456.87"
"19/06/2024 22:00:00 - 19/06/2024 23:00:00","Belgium (BE)","621.70","622.70","649.38","547.59"
"19/06/2024 23:00:00 - 20/06/2024 00:00:00","Belgium (BE)","651.70","648.48","664.80","712.99"
"20/06/2024 00:00:00 - 20/06/2024 01:00:00","Belgium (BE)","624.90","597.73","597.73","743.53"
"20/06/2024 01:00:00 - 20/06/2024 02:00:00","Belgium (BE)","565.70","640.45","640.45","574.14"
"20/06/2024 02:00:00 - 20/06/2024 03:00:00","Belgium (BE)","570.73","563.08","563.08","425.97"
"20/06/2024 03:00:00 - 20/06/2024 04:00:00","Belgium (BE)","599.60","488.75","488.75","380.32"
"20/06/2024 04:00:00 - 20/06/2024 05:00:00","Belgium (BE)","605.30","492.85","492.85","473.61"
"20/06/2024 05:00:00 - 20/06/2024 06:00:00","Belgium (BE)","562.10","445.03","445.03","561.25"
"20/06/2024 06:00:00 - 20/06/2024 07:00:00","Belgium (BE)","523.65","459.38","459.38","488.39"
"20/06/2024 07:00:00 - 20/06/2024 08:00:00","Belgium (BE)","514.60","382.93","382.93","233.53"
"20/06/2024 08:00:00 - 20/06/2024 09:00:00","Belgium (BE)","452.13","288.00","251.65","185.30"
"20/06/2024 09:00:00 - 20/06/2024 10:00:00","Belgium (BE)","370.50","255.33","192.38","209.93"
"20/06/2024 10:00:00 - 20/06/2024 11:00:00","Belgium (BE)","343.10","277.75","225.25","237.25"
"20/06/2024 11:00:00 - 20/06/2024 12:00:00","Belgium (BE)","373.98","329.90","273.75","298.01"
"20/06/2024 12:00:00 - 20/06/2024 13:00:00","Belgium (BE)","423.38","409.15","321.05","357.82"
"20/06/2024 13:00:00 - 20/06/2024 14:00:00","Belgium (BE)","443.73","456.23","350.75","333.92"
"20/06/2024 14:00:00 - 20/06/2024 15:00:00","Belgium (BE)","427.75","451.45","356.95","348.95"
"20/06/2024 15:00:00 - 20/06/2024 16:00:00","Belgium (BE)","400.83","430.88","351.25","388.01"
"20/06/2024 16:00:00 - 20/06/2024 17:00:00","Belgium (BE)","367.20","420.70","353.55","385.12"
"20/06/2024 17:00:00 - 20/06/2024 18:00:00","Belgium (BE)","344.10","407.70","335.48","270.54"
"20/06/2024 18:00:00 - 20/06/2024 19:00:00","Belgium (BE)","339.30","405.23","297.38","184.27"
"20/06/2024 19:00:00 - 20/06/2024 20:00:00","Belgium (BE)","341.33","410.75","257.88","190.54"
"20/06/2024 20:00:00 - 20/06/2024 21:00:00","Belgium (BE)","341.75","396.50","270.03","198.97"
"20/06/2024 21:00:00 - 20/06/2024 22:00:00","Belgium (BE)","340.45","357.18","269.48","156.04"
"20/06/2024 22:00:00 - 20/06/2024 23:00:00","Belgium (BE)","327.23","330.73","282.40","134.16"
"20/06/2024 23:00:00 - 21/06/2024 00:00:00","Belgium (BE)","316.80","322.45","277.10","143.73"
"21/06/2024 00:00:00 - 21/06/2024 01:00:00","Belgium (BE)","251.30","170.40","170.40","127.67"
"21/06/2024 01:00:00 - 21/06/2024 02:00:00","Belgium (BE)","213.03","163.68","163.68","101.21"
"21/06/2024 02:00:00 - 21/06/2024 03:00:00","Belgium (BE)","210.53","122.18","122.18","114.43"
"21/06/2024 03:00:00 - 21/06/2024 04:00:00","Belgium (BE)","191.10","103.03","103.03","110.38"
"21/06/2024 04:00:00 - 21/06/2024 05:00:00","Belgium (BE)","159.28","76.88","76.88","100.81"
"21/06/2024 05:00:00 - 21/06/2024 06:00:00","Belgium (BE)","140.45","58.20","58.20","65.99"
"21/06/2024 06:00:00 - 21/06/2024 07:00:00","Belgium (BE)","115.73","40.30","40.30","61.82"
"21/06/2024 07:00:00 - 21/06/2024 08:00:00","Belgium (BE)","81.23","24.60","24.60","52.85"
"21/06/2024 08:00:00 - 21/06/2024 09:00:00","Belgium (BE)","58.83","21.75","21.75","41.94"
"21/06/2024 09:00:00 - 21/06/2024 10:00:00","Belgium (BE)","73.98","28.65","35.83","70.27"
"21/06/2024 10:00:00 - 21/06/2024 11:00:00","Belgium (BE)","93.68","55.88","58.45","117.61"
"21/06/2024 11:00:00 - 21/06/2024 12:00:00","Belgium (BE)","124.75","74.53","120.90","180.46"
"21/06/2024 12:00:00 - 21/06/2024 13:00:00","Belgium (BE)","174.50","81.90","129.95","206.16"
"21/06/2024 13:00:00 - 21/06/2024 14:00:00","Belgium (BE)","199.85","102.45","172.58","217.90"
"21/06/2024 14:00:00 - 21/06/2024 15:00:00","Belgium (BE)","228.10","138.08","239.85","320.18"
"21/06/2024 15:00:00 - 21/06/2024 16:00:00","Belgium (BE)","269.10","180.50","311.38","392.17"
"21/06/2024 16:00:00 - 21/06/2024 17:00:00","Belgium (BE)","322.45","234.23","440.63","506.87"
"21/06/2024 17:00:00 - 21/06/2024 18:00:00","Belgium (BE)","380.58","275.48","561.78","539.50"
"21/06/2024 18:00:00 - 21/06/2024 19:00:00","Belgium (BE)","402.23","278.73","558.60","476.00"
"21/06/2024 19:00:00 - 21/06/2024 20:00:00","Belgium (BE)","352.70","248.33","435.93","291.88"
"21/06/2024 20:00:00 - 21/06/2024 21:00:00","Belgium (BE)","295.70","229.23","355.80","229.59"
"21/06/2024 21:00:00 - 21/06/2024 22:00:00","Belgium (BE)","282.08","251.98","306.33","271.75"
"21/06/2024 22:00:00 - 21/06/2024 23:00:00","Belgium (BE)","318.13","297.48","405.38","513.51"
"21/06/2024 23:00:00 - 22/06/2024 00:00:00","Belgium (BE)","404.93","384.13","543.08","737.88"
"22/06/2024 00:00:00 - 22/06/2024 01:00:00","Belgium (BE)","665.63","749.15","749.15","899.65"
"22/06/2024 01:00:00 - 22/06/2024 02:00:00","Belgium (BE)","718.40","812.65","812.65","937.59"
"22/06/2024 02:00:00 - 22/06/2024 03:00:00","Belgium (BE)","679.73","765.60","765.60","802.96"
"22/06/2024 03:00:00 - 22/06/2024 04:00:00","Belgium (BE)","604.38","666.73","666.73","686.99"
"22/06/2024 04:00:00 - 22/06/2024 05:00:00","Belgium (BE)","523.98","525.63","525.63","550.05"
"22/06/2024 05:00:00 - 22/06/2024 06:00:00","Belgium (BE)","427.73","387.68","387.68","479.10"
"22/06/2024 06:00:00 - 22/06/2024 07:00:00","Belgium (BE)","339.78","312.80","312.80","405.16"
"22/06/2024 07:00:00 - 22/06/2024 08:00:00","Belgium (BE)","279.10","288.65","288.65","381.59"
"22/06/2024 08:00:00 - 22/06/2024 09:00:00","Belgium (BE)","249.58","259.13","294.70","309.73"
"22/06/2024 09:00:00 - 22/06/2024 10:00:00","Belgium (BE)","257.18","257.70","319.90","237.79"
"22/06/2024 10:00:00 - 22/06/2024 11:00:00","Belgium (BE)","290.95","259.88","297.23","212.19"
"22/06/2024 11:00:00 - 22/06/2024 12:00:00","Belgium (BE)","309.40","251.58","230.40","181.51"
"22/06/2024 12:00:00 - 22/06/2024 13:00:00","Belgium (BE)","297.05","244.10","209.40","168.67"
"22/06/2024 13:00:00 - 22/06/2024 14:00:00","Belgium (BE)","275.83","242.23","186.73","193.14"
"22/06/2024 14:00:00 - 22/06/2024 15:00:00","Belgium (BE)","253.38","233.25","182.75","221.91"
"22/06/2024 15:00:00 - 22/06/2024 16:00:00","Belgium (BE)","217.95","212.00","175.40","166.16"
"22/06/2024 16:00:00 - 22/06/2024 17:00:00","Belgium (BE)","180.20","170.58","153.75","123.92"
"22/06/2024 17:00:00 - 22/06/2024 18:00:00","Belgium (BE)","140.43","119.08","118.50","70.33"
"22/06/2024 18:00:00 - 22/06/2024 19:00:00","Belgium (BE)","102.75","84.25","78.28","61.19"
"22/06/2024 19:00:00 - 22/06/2024 20:00:00","Belgium (BE)","76.68","60.78","36.75","56.17"
"22/06/2024 20:00:00 - 22/06/2024 21:00:00","Belgium (BE)","68.33","40.60","27.90","39.31"
"22/06/2024 21:00:00 - 22/06/2024 22:00:00","Belgium (BE)","77.93","41.13","43.95","44.49"
"22/06/2024 22:00:00 - 22/06/2024 23:00:00","Belgium (BE)","98.03","65.40","66.45","81.79"
"22/06/2024 23:00:00 - 23/06/2024 00:00:00","Belgium (BE)","125.35","92.35","91.25","115.25"
"23/06/2024 00:00:00 - 23/06/2024 01:00:00","Belgium (BE)","122.33","137.73","137.73","129.40"
"23/06/2024 01:00:00 - 23/06/2024 02:00:00","Belgium (BE)","144.98","152.10","152.10","129.84"
"23/06/2024 02:00:00 - 23/06/2024 03:00:00","Belgium (BE)","161.90","176.70","176.70","166.66"
"23/06/2024 03:00:00 - 23/06/2024 04:00:00","Belgium (BE)","164.53","180.40","180.40","185.31"
"23/06/2024 04:00:00 - 23/06/2024 05:00:00","Belgium (BE)","166.80","178.45","178.45","207.82"
"23/06/2024 05:00:00 - 23/06/2024 06:00:00","Belgium (BE)","165.03","177.55","177.55","232.12"
"23/06/2024 06:00:00 - 23/06/2024 07:00:00","Belgium (BE)","148.83","173.68","173.68","184.75"
"23/06/2024 07:00:00 - 23/06/2024 08:00:00","Belgium (BE)","107.08","130.45","130.45","59.77"
"23/06/2024 08:00:00 - 23/06/2024 09:00:00","Belgium (BE)","36.80","55.15","67.00","10.55"
"23/06/2024 09:00:00 - 23/06/2024 10:00:00","Belgium (BE)","13.58","22.95","21.03","8.55"
"23/06/2024 10:00:00 - 23/06/2024 11:00:00","Belgium (BE)","10.58","16.20","16.25","9.59"
"23/06/2024 11:00:00 - 23/06/2024 12:00:00","Belgium (BE)","10.33","15.93","16.53","10.44"
"23/06/2024 12:00:00 - 23/06/2024 13:00:00","Belgium (BE)","11.33","16.20","17.08","10.91"
"23/06/2024 13:00:00 - 23/06/2024 14:00:00","Belgium (BE)","16.40","18.83","19.15","15.67"
"23/06/2024 14:00:00 - 23/06/2024 15:00:00","Belgium (BE)","22.40","26.35","23.85","28.04"
"23/06/2024 15:00:00 - 23/06/2024 16:00:00","Belgium (BE)","35.23","39.60","32.08","63.67"
"23/06/2024 16:00:00 - 23/06/2024 17:00:00","Belgium (BE)","54.80","54.28","51.48","98.12"
"23/06/2024 17:00:00 - 23/06/2024 18:00:00","Belgium (BE)","72.23","71.45","84.38","121.36"
"23/06/2024 18:00:00 - 23/06/2024 19:00:00","Belgium (BE)","83.40","86.10","102.43","134.44"
"23/06/2024 19:00:00 - 23/06/2024 20:00:00","Belgium (BE)","98.25","93.23","106.90","125.02"
"23/06/2024 20:00:00 - 23/06/2024 21:00:00","Belgium (BE)","113.68","101.28","109.73","97.54"
"23/06/2024 21:00:00 - 23/06/2024 22:00:00","Belgium (BE)","133.00","124.68","123.60","115.03"
"23/06/2024 22:00:00 - 23/06/2024 23:00:00","Belgium (BE)","147.35","151.55","146.88","143.87"
"23/06/2024 23:00:00 - 24/06/2024 00:00:00","Belgium (BE)","150.65","169.33","151.40","163.34"
"24/06/2024 00:00:00 - 24/06/2024 01:00:00","Belgium (BE)","146.83","164.70","164.70","187.34"
"24/06/2024 01:00:00 - 24/06/2024 02:00:00","Belgium (BE)","145.75","173.93","173.93","181.24"
"24/06/2024 02:00:00 - 24/06/2024 03:00:00","Belgium (BE)","138.48","143.50","143.50","159.18"
"24/06/2024 03:00:00 - 24/06/2024 04:00:00","Belgium (BE)","126.43","136.18","136.18","110.53"
"24/06/2024 04:00:00 - 24/06/2024 05:00:00","Belgium (BE)","112.28","111.65","111.65","77.89"
"24/06/2024 05:00:00 - 24/06/2024 06:00:00","Belgium (BE)","98.65","87.15","87.15","48.76"
"24/06/2024 06:00:00 - 24/06/2024 07:00:00","Belgium (BE)","84.53","52.60","52.60","35.92"
"24/06/2024 07:00:00 - 24/06/2024 08:00:00","Belgium (BE)","78.43","44.90","36.73","22.26"
"24/06/2024 08:00:00 - 24/06/2024 09:00:00","Belgium (BE)","58.20","28.35","25.48","8.25"
"24/06/2024 09:00:00 - 24/06/2024 10:00:00","Belgium (BE)","27.63","15.90","11.35","5.24"
"24/06/2024 10:00:00 - 24/06/2024 11:00:00","Belgium (BE)","21.33","14.68","10.23","8.96"
"24/06/2024 11:00:00 - 24/06/2024 12:00:00","Belgium (BE)","24.63","21.28","16.33","16.01"
"24/06/2024 12:00:00 - 24/06/2024 13:00:00","Belgium (BE)","28.30","26.65","23.73","23.78"
"24/06/2024 13:00:00 - 24/06/2024 14:00:00","Belgium (BE)","34.15","30.68","30.00","25.21"
"24/06/2024 14:00:00 - 24/06/2024 15:00:00","Belgium (BE)","42.20","37.83","35.20","33.13"
"24/06/2024 15:00:00 - 24/06/2024 16:00:00","Belgium (BE)","52.20","48.15","44.08","51.00"
"24/06/2024 16:00:00 - 24/06/2024 17:00:00","Belgium (BE)","69.13","65.68","61.95","66.55"
"24/06/2024 17:00:00 - 24/06/2024 18:00:00","Belgium (BE)","91.43","94.05","88.53","86.25"
"24/06/2024 18:00:00 - 24/06/2024 19:00:00","Belgium (BE)","117.93","129.75","123.33","138.89"
"24/06/2024 19:00:00 - 24/06/2024 20:00:00","Belgium (BE)","150.18","176.03","177.38","215.06"
"24/06/2024 20:00:00 - 24/06/2024 21:00:00","Belgium (BE)","199.90","231.35","246.43","243.76"
"24/06/2024 21:00:00 - 24/06/2024 22:00:00","Belgium (BE)","272.33","295.60","313.20","307.16"
"24/06/2024 22:00:00 - 24/06/2024 23:00:00","Belgium (BE)","336.75","360.93","415.53","408.29"
"24/06/2024 23:00:00 - 25/06/2024 00:00:00","Belgium (BE)","382.38","402.23","442.25","514.53"
"25/06/2024 00:00:00 - 25/06/2024 01:00:00","Belgium (BE)","438.83","452.13","452.13","532.41"
"25/06/2024 01:00:00 - 25/06/2024 02:00:00","Belgium (BE)","433.25","451.55","451.55","495.14"
"25/06/2024 02:00:00 - 25/06/2024 03:00:00","Belgium (BE)","416.10","398.40","398.40","488.45"
"25/06/2024 03:00:00 - 25/06/2024 04:00:00","Belgium (BE)","403.23","378.93","378.93","458.13"
"25/06/2024 04:00:00 - 25/06/2024 05:00:00","Belgium (BE)","392.80","355.65","355.65","397.77"
"25/06/2024 05:00:00 - 25/06/2024 06:00:00","Belgium (BE)","363.93","337.18","337.18","354.61"
"25/06/2024 06:00:00 - 25/06/2024 07:00:00","Belgium (BE)","307.08","289.08","289.08","300.38"
"25/06/2024 07:00:00 - 25/06/2024 08:00:00","Belgium (BE)","243.15","229.35","229.35","175.44"
"25/06/2024 08:00:00 - 25/06/2024 09:00:00","Belgium (BE)","144.48","143.58","143.58","34.54"
"25/06/2024 09:00:00 - 25/06/2024 10:00:00","Belgium (BE)","58.53","54.50","47.88","11.69"
"25/06/2024 10:00:00 - 25/06/2024 11:00:00","Belgium (BE)","46.18","38.33","39.10","39.68"
"25/06/2024 11:00:00 - 25/06/2024 12:00:00","Belgium (BE)","89.50","67.43","80.25","121.34"
"25/06/2024 12:00:00 - 25/06/2024 13:00:00","Belgium (BE)","152.73","131.88","140.08","187.55"
"25/06/2024 13:00:00 - 25/06/2024 14:00:00","Belgium (BE)","188.98","171.30","207.25","193.90"
"25/06/2024 14:00:00 - 25/06/2024 15:00:00","Belgium (BE)","211.85","191.83","224.93","215.05"
"25/06/2024 15:00:00 - 25/06/2024 16:00:00","Belgium (BE)","230.70","215.90","227.58","265.35"
"25/06/2024 16:00:00 - 25/06/2024 17:00:00","Belgium (BE)","259.65","244.23","246.20","316.97"
"25/06/2024 17:00:00 - 25/06/2024 18:00:00","Belgium (BE)","295.85","280.48","283.05","346.22"
"25/06/2024 18:00:00 - 25/06/2024 19:00:00","Belgium (BE)","320.78","306.10","313.53","346.01"
"25/06/2024 19:00:00 - 25/06/2024 20:00:00","Belgium (BE)","329.60","317.68","319.13","317.88"
"25/06/2024 20:00:00 - 25/06/2024 21:00:00","Belgium (BE)","358.88","341.50","319.58","289.23"
"25/06/2024 21:00:00 - 25/06/2024 22:00:00","Belgium (BE)","413.55","390.55","332.40","320.10"
"25/06/2024 22:00:00 - 25/06/2024 23:00:00","Belgium (BE)","434.85","412.98","374.78","380.54"
"25/06/2024 23:00:00 - 26/06/2024 00:00:00","Belgium (BE)","431.25","411.28","397.23","415.02"
"26/06/2024 00:00:00 - 26/06/2024 01:00:00","Belgium (BE)","385.10","369.18","369.18","458.08"
"26/06/2024 01:00:00 - 26/06/2024 02:00:00","Belgium (BE)","388.33","360.08","360.08","463.85"
"26/06/2024 02:00:00 - 26/06/2024 03:00:00","Belgium (BE)","357.18","350.78","350.78","448.31"
"26/06/2024 03:00:00 - 26/06/2024 04:00:00","Belgium (BE)","304.43","303.48","303.48","353.71"
"26/06/2024 04:00:00 - 26/06/2024 05:00:00","Belgium (BE)","261.80","247.75","247.75","253.56"
"26/06/2024 05:00:00 - 26/06/2024 06:00:00","Belgium (BE)","218.25","206.25","206.25","174.21"
"26/06/2024 06:00:00 - 26/06/2024 07:00:00","Belgium (BE)","171.15","158.70","158.70","113.13"
"26/06/2024 07:00:00 - 26/06/2024 08:00:00","Belgium (BE)","127.03","106.85","106.85","67.40"
"26/06/2024 08:00:00 - 26/06/2024 09:00:00","Belgium (BE)","56.38","46.70","46.70","16.45"
"26/06/2024 09:00:00 - 26/06/2024 10:00:00","Belgium (BE)","21.38","13.38","15.75","7.29"
"26/06/2024 10:00:00 - 26/06/2024 11:00:00","Belgium (BE)","18.10","11.75","12.85","18.87"
"26/06/2024 11:00:00 - 26/06/2024 12:00:00","Belgium (BE)","23.48","13.38","20.55","29.97"
"26/06/2024 12:00:00 - 26/06/2024 13:00:00","Belgium (BE)","30.38","20.65","25.43","29.24"
"26/06/2024 13:00:00 - 26/06/2024 14:00:00","Belgium (BE)","30.45","23.03","23.18","19.48"
"26/06/2024 14:00:00 - 26/06/2024 15:00:00","Belgium (BE)","28.95","20.73","20.88","12.53"
"26/06/2024 15:00:00 - 26/06/2024 16:00:00","Belgium (BE)","29.78","19.98","19.85","13.90"
"26/06/2024 16:00:00 - 26/06/2024 17:00:00","Belgium (BE)","28.85","21.20","23.70","19.87"
"26/06/2024 17:00:00 - 26/06/2024 18:00:00","Belgium (BE)","34.10","30.05","35.40","47.78"
"26/06/2024 18:00:00 - 26/06/2024 19:00:00","Belgium (BE)","41.88","41.95","53.88","71.78"
"26/06/2024 19:00:00 - 26/06/2024 20:00:00","Belgium (BE)","53.58","63.85","78.10","99.82"
"26/06/2024 20:00:00 - 26/06/2024 21:00:00","Belgium (BE)","78.90","91.83","87.78","117.96"
"26/06/2024 21:00:00 - 26/06/2024 22:00:00","Belgium (BE)","101.93","107.18","91.23","123.40"
"26/06/2024 22:00:00 - 26/06/2024 23:00:00","Belgium (BE)","114.40","100.13","88.10","128.26"
"26/06/2024 23:00:00 - 27/06/2024 00:00:00","Belgium (BE)","103.45","69.03","75.38","123.77"
"27/06/2024 00:00:00 - 27/06/2024 01:00:00","Belgium (BE)","60.60","83.45","83.45","83.27"
"27/06/2024 01:00:00 - 27/06/2024 02:00:00","Belgium (BE)","48.70","61.50","61.50","47.22"
"27/06/2024 02:00:00 - 27/06/2024 03:00:00","Belgium (BE)","40.45","37.48","37.48","15.22"
"27/06/2024 03:00:00 - 27/06/2024 04:00:00","Belgium (BE)","65.08","45.10","45.10","11.90"
"27/06/2024 04:00:00 - 27/06/2024 05:00:00","Belgium (BE)","120.25","72.80","72.80","35.94"
"27/06/2024 05:00:00 - 27/06/2024 06:00:00","Belgium (BE)","174.10","131.43","131.43","117.16"
"27/06/2024 06:00:00 - 27/06/2024 07:00:00","Belgium (BE)","185.43","157.35","157.35","191.54"
"27/06/2024 07:00:00 - 27/06/2024 08:00:00","Belgium (BE)","162.00","149.93","149.93","163.01"
"27/06/2024 08:00:00 - 27/06/2024 09:00:00","Belgium (BE)","109.38","93.98","104.68","47.85"
"27/06/2024 09:00:00 - 27/06/2024 10:00:00","Belgium (BE)","75.23","49.58","58.65","16.74"
"27/06/2024 10:00:00 - 27/06/2024 11:00:00","Belgium (BE)","89.28","55.73","69.00","22.19"
"27/06/2024 11:00:00 - 27/06/2024 12:00:00","Belgium (BE)","122.63","83.80","102.23","42.77"
"27/06/2024 12:00:00 - 27/06/2024 13:00:00","Belgium (BE)","168.68","129.68","181.45","112.08"
"27/06/2024 13:00:00 - 27/06/2024 14:00:00","Belgium (BE)","235.45","211.50","295.45","223.10"
"27/06/2024 14:00:00 - 27/06/2024 15:00:00","Belgium (BE)","321.25","327.03","423.50","333.63"
"27/06/2024 15:00:00 - 27/06/2024 16:00:00","Belgium (BE)","387.68","419.88","498.80","398.28"
"27/06/2024 16:00:00 - 27/06/2024 17:00:00","Belgium (BE)","425.53","461.33","549.00","482.59"
"27/06/2024 17:00:00 - 27/06/2024 18:00:00","Belgium (BE)","457.95","525.33","574.25","653.57"
"27/06/2024 18:00:00 - 27/06/2024 19:00:00","Belgium (BE)","487.80","588.53","611.43","782.83"
"27/06/2024 19:00:00 - 27/06/2024 20:00:00","Belgium (BE)","521.00","622.28","622.53","713.93"
"27/06/2024 20:00:00 - 27/06/2024 21:00:00","Belgium (BE)","573.35","678.40","627.95","823.41"
"27/06/2024 21:00:00 - 27/06/2024 22:00:00","Belgium (BE)","617.85","719.10","642.45","921.97"
"27/06/2024 22:00:00 - 27/06/2024 23:00:00","Belgium (BE)","633.05","710.00","661.25","875.16"
"27/06/2024 23:00:00 - 28/06/2024 00:00:00","Belgium (BE)","643.88","689.20","691.08","797.42"
"28/06/2024 00:00:00 - 28/06/2024 01:00:00","Belgium (BE)","698.63","724.70","724.70","713.13"
"28/06/2024 01:00:00 - 28/06/2024 02:00:00","Belgium (BE)","692.08","738.70","738.70","637.29"
"28/06/2024 02:00:00 - 28/06/2024 03:00:00","Belgium (BE)","649.53","709.35","709.35","682.62"
"28/06/2024 03:00:00 - 28/06/2024 04:00:00","Belgium (BE)","578.95","625.65","625.65","623.56"
"28/06/2024 04:00:00 - 28/06/2024 05:00:00","Belgium (BE)","499.15","570.28","570.28","554.36"
"28/06/2024 05:00:00 - 28/06/2024 06:00:00","Belgium (BE)","450.23","582.58","582.58","511.42"
"28/06/2024 06:00:00 - 28/06/2024 07:00:00","Belgium (BE)","461.60","580.35","580.35","522.62"
"28/06/2024 07:00:00 - 28/06/2024 08:00:00","Belgium (BE)","438.13","550.95","550.95","450.36"
"28/06/2024 08:00:00 - 28/06/2024 09:00:00","Belgium (BE)","442.68","530.98","530.98","486.51"
"28/06/2024 09:00:00 - 28/06/2024 10:00:00","Belgium (BE)","478.28","505.10","476.73","516.97"
"28/06/2024 10:00:00 - 28/06/2024 11:00:00","Belgium (BE)","479.10","505.90","478.70","464.28"
"28/06/2024 11:00:00 - 28/06/2024 12:00:00","Belgium (BE)","509.25","534.13","502.15","499.90"
"28/06/2024 12:00:00 - 28/06/2024 13:00:00","Belgium (BE)","520.88","497.18","441.55","437.21"
"28/06/2024 13:00:00 - 28/06/2024 14:00:00","Belgium (BE)","464.65","419.80","359.25","309.37"
"28/06/2024 14:00:00 - 28/06/2024 15:00:00","Belgium (BE)","396.20","369.43","327.83","272.79"
"28/06/2024 15:00:00 - 28/06/2024 16:00:00","Belgium (BE)","350.53","326.85","297.68","282.04"
"28/06/2024 16:00:00 - 28/06/2024 17:00:00","Belgium (BE)","293.85","288.13","267.28","248.37"
"28/06/2024 17:00:00 - 28/06/2024 18:00:00","Belgium (BE)","226.13","252.73","258.20","227.36"
"28/06/2024 18:00:00 - 28/06/2024 19:00:00","Belgium (BE)","176.23","216.88","219.15","190.22"
"28/06/2024 19:00:00 - 28/06/2024 20:00:00","Belgium (BE)","133.50","171.73","180.55","144.24"
"28/06/2024 20:00:00 - 28/06/2024 21:00:00","Belgium (BE)","94.15","117.90","133.60","118.45"
"28/06/2024 21:00:00 - 28/06/2024 22:00:00","Belgium (BE)","71.13","94.05","103.88","111.20"
"28/06/2024 22:00:00 - 28/06/2024 23:00:00","Belgium (BE)","70.50","103.58","103.15","100.43"
"28/06/2024 23:00:00 - 29/06/2024 00:00:00","Belgium (BE)","69.88","107.48","101.58","112.32"
"29/06/2024 00:00:00 - 29/06/2024 01:00:00","Belgium (BE)","93.38","73.98","73.98","141.70"
"29/06/2024 01:00:00 - 29/06/2024 02:00:00","Belgium (BE)","87.78","66.55","66.55","135.37"
"29/06/2024 02:00:00 - 29/06/2024 03:00:00","Belgium (BE)","68.98","91.60","91.60","111.16"
"29/06/2024 03:00:00 - 29/06/2024 04:00:00","Belgium (BE)","63.38","110.95","110.95","86.77"
"29/06/2024 04:00:00 - 29/06/2024 05:00:00","Belgium (BE)","68.35","98.95","98.95","81.14"
"29/06/2024 05:00:00 - 29/06/2024 06:00:00","Belgium (BE)","76.00","100.53","100.53","84.36"
"29/06/2024 06:00:00 - 29/06/2024 07:00:00","Belgium (BE)","79.30","86.75","86.75","108.15"
"29/06/2024 07:00:00 - 29/06/2024 08:00:00","Belgium (BE)","69.90","70.48","70.48","76.00"
"29/06/2024 08:00:00 - 29/06/2024 09:00:00","Belgium (BE)","39.33","37.48","51.45","22.09"
"29/06/2024 09:00:00 - 29/06/2024 10:00:00","Belgium (BE)","20.65","17.60","32.55","8.72"
"29/06/2024 10:00:00 - 29/06/2024 11:00:00","Belgium (BE)","15.03","12.18","25.73","10.72"
"29/06/2024 11:00:00 - 29/06/2024 12:00:00","Belgium (BE)","8.88","9.68","17.68","11.96"
"29/06/2024 12:00:00 - 29/06/2024 13:00:00","Belgium (BE)","6.70","10.93","23.60","14.86"
"29/06/2024 13:00:00 - 29/06/2024 14:00:00","Belgium (BE)","11.68","17.88","25.90","21.33"
"29/06/2024 14:00:00 - 29/06/2024 15:00:00","Belgium (BE)","20.98","32.13","31.88","31.56"
"29/06/2024 15:00:00 - 29/06/2024 16:00:00","Belgium (BE)","36.25","48.50","50.63","58.06"
"29/06/2024 16:00:00 - 29/06/2024 17:00:00","Belgium (BE)","62.70","70.28","72.60","139.83"
"29/06/2024 17:00:00 - 29/06/2024 18:00:00","Belgium (BE)","94.48","107.58","115.63","168.43"
"29/06/2024 18:00:00 - 29/06/2024 19:00:00","Belgium (BE)","141.43","188.70","183.80","411.75"
"29/06/2024 19:00:00 - 29/06/2024 20:00:00","Belgium (BE)","210.95","270.20","246.48","670.61"
"29/06/2024 20:00:00 - 29/06/2024 21:00:00","Belgium (BE)","295.00","322.93","388.50","492.30"
"29/06/2024 21:00:00 - 29/06/2024 22:00:00","Belgium (BE)","361.45","395.10","505.38","449.79"
"29/06/2024 22:00:00 - 29/06/2024 23:00:00","Belgium (BE)","361.23","446.63","472.70","375.72"
"29/06/2024 23:00:00 - 30/06/2024 00:00:00","Belgium (BE)","334.83","423.80","432.05","243.58"
"30/06/2024 00:00:00 - 30/06/2024 01:00:00","Belgium (BE)","335.00","369.73","369.73","225.24"
"30/06/2024 01:00:00 - 30/06/2024 02:00:00","Belgium (BE)","316.43","248.68","248.68","259.93"
"30/06/2024 02:00:00 - 30/06/2024 03:00:00","Belgium (BE)","288.40","288.80","288.80","178.31"
"30/06/2024 03:00:00 - 30/06/2024 04:00:00","Belgium (BE)","285.00","295.30","295.30","150.53"
"30/06/2024 04:00:00 - 30/06/2024 05:00:00","Belgium (BE)","306.75","290.98","290.98","143.04"
"30/06/2024 05:00:00 - 30/06/2024 06:00:00","Belgium (BE)","342.20","258.65","258.65","160.25"
"30/06/2024 06:00:00 - 30/06/2024 07:00:00","Belgium (BE)","402.53","302.18","302.18","239.15"
"30/06/2024 07:00:00 - 30/06/2024 08:00:00","Belgium (BE)","435.75","377.15","347.63","265.61"
"30/06/2024 08:00:00 - 30/06/2024 09:00:00","Belgium (BE)","454.73","423.40","407.40","282.04"
"30/06/2024 09:00:00 - 30/06/2024 10:00:00","Belgium (BE)","451.55","396.65","330.35","233.24"
"30/06/2024 10:00:00 - 30/06/2024 11:00:00","Belgium (BE)","424.88","364.78","306.33","194.42"
"30/06/2024 11:00:00 - 30/06/2024 12:00:00","Belgium (BE)","420.88","375.63","222.10","195.90"
"30/06/2024 12:00:00 - 30/06/2024 13:00:00","Belgium (BE)","445.63","426.93","265.38","240.33"
"30/06/2024 13:00:00 - 30/06/2024 14:00:00","Belgium (BE)","460.50","488.20","291.80","308.10"
"30/06/2024 14:00:00 - 30/06/2024 15:00:00","Belgium (BE)","457.50","515.80","302.28","315.57"
"30/06/2024 15:00:00 - 30/06/2024 16:00:00","Belgium (BE)","423.85","474.08","325.33","291.39"
"30/06/2024 16:00:00 - 30/06/2024 17:00:00","Belgium (BE)","361.58","397.98","294.83","313.44"
"30/06/2024 17:00:00 - 30/06/2024 18:00:00","Belgium (BE)","272.43","313.15","233.95","231.52"
"30/06/2024 18:00:00 - 30/06/2024 19:00:00","Belgium (BE)","197.98","250.58","198.48","168.16"
"30/06/2024 19:00:00 - 30/06/2024 20:00:00","Belgium (BE)","158.00","206.50","184.60","169.23"
"30/06/2024 20:00:00 - 30/06/2024 21:00:00","Belgium (BE)","147.43","162.28","165.05","154.81"
"30/06/2024 21:00:00 - 30/06/2024 22:00:00","Belgium (BE)","147.58","132.88","159.48","172.87"
"30/06/2024 22:00:00 - 30/06/2024 23:00:00","Belgium (BE)","152.55","122.25","162.73","224.94"
"30/06/2024 23:00:00 - 01/07/2024 00:00:00","Belgium (BE)","152.20","123.70","171.93","226.64"
"01/07/2024 00:00:00 - 01/07/2024 01:00:00","Belgium (BE)","160.98","182.43","182.43","272.97"
"01/07/2024 01:00:00 - 01/07/2024 02:00:00","Belgium (BE)","145.78","177.43","177.43","258.98"
"01/07/2024 02:00:00 - 01/07/2024 03:00:00","Belgium (BE)","137.35","204.88","204.88","209.84"
"01/07/2024 03:00:00 - 01/07/2024 04:00:00","Belgium (BE)","133.13","202.43","202.43","211.21"
"01/07/2024 04:00:00 - 01/07/2024 05:00:00","Belgium (BE)","131.30","193.50","193.50","187.38"
"01/07/2024 05:00:00 - 01/07/2024 06:00:00","Belgium (BE)","123.68","175.45","175.45","196.24"
"01/07/2024 06:00:00 - 01/07/2024 07:00:00","Belgium (BE)","105.78","159.68","159.68","165.69"
"01/07/2024 07:00:00 - 01/07/2024 08:00:00","Belgium (BE)","79.03","138.50","138.50","118.49"
"01/07/2024 08:00:00 - 01/07/2024 09:00:00","Belgium (BE)","68.75","125.63","123.25","109.17"
"01/07/2024 09:00:00 - 01/07/2024 10:00:00","Belgium (BE)","92.25","151.05","153.13","143.14"
"01/07/2024 10:00:00 - 01/07/2024 11:00:00","Belgium (BE)","119.78","176.90","161.35","150.82"
"01/07/2024 11:00:00 - 01/07/2024 12:00:00","Belgium (BE)","147.80","208.68","182.20","186.67"
"01/07/2024 12:00:00 - 01/07/2024 13:00:00","Belgium (BE)","188.70","249.83","221.05","200.93"
"01/07/2024 13:00:00 - 01/07/2024 14:00:00","Belgium (BE)","239.28","274.63","237.75","237.23"
"01/07/2024 14:00:00 - 01/07/2024 15:00:00","Belgium (BE)","291.68","297.38","260.40","244.50"
"01/07/2024 15:00:00 - 01/07/2024 16:00:00","Belgium (BE)","340.93","336.70","285.98","270.96"
"01/07/2024 16:00:00 - 01/07/2024 17:00:00","Belgium (BE)","392.18","372.70","313.90","268.18"
"01/07/2024 17:00:00 - 01/07/2024 18:00:00","Belgium (BE)","439.63","408.23","338.35","263.93"
"01/07/2024 18:00:00 - 01/07/2024 19:00:00","Belgium (BE)","451.30","414.25","351.40","300.19"
"01/07/2024 19:00:00 - 01/07/2024 20:00:00","Belgium (BE)","400.05","366.43","308.93","348.51"
"01/07/2024 20:00:00 - 01/07/2024 21:00:00","Belgium (BE)","312.73","292.30","236.68","292.30"
"01/07/2024 21:00:00 - 01/07/2024 22:00:00","Belgium (BE)","258.70","245.55","212.45","233.34"
"01/07/2024 22:00:00 - 01/07/2024 23:00:00","Belgium (BE)","249.88","254.80","220.35","253.10"
"01/07/2024 23:00:00 - 02/07/2024 00:00:00","Belgium (BE)","270.93","296.15","266.08","325.80"
"02/07/2024 00:00:00 - 02/07/2024 01:00:00","Belgium (BE)","314.63","333.75","333.75","359.54"
"02/07/2024 01:00:00 - 02/07/2024 02:00:00","Belgium (BE)","349.45","388.48","388.48","360.34"
"02/07/2024 02:00:00 - 02/07/2024 03:00:00","Belgium (BE)","375.00","405.25","405.25","363.17"
"02/07/2024 03:00:00 - 02/07/2024 04:00:00","Belgium (BE)","383.65","394.23","394.23","370.12"
"02/07/2024 04:00:00 - 02/07/2024 05:00:00","Belgium (BE)","376.15","382.75","382.75","335.84"
"02/07/2024 05:00:00 - 02/07/2024 06:00:00","Belgium (BE)","349.63","375.23","375.23","304.45"
"02/07/2024 06:00:00 - 02/07/2024 07:00:00","Belgium (BE)","327.93","395.18","395.18","348.87"
"02/07/2024 07:00:00 - 02/07/2024 08:00:00","Belgium (BE)","336.08","382.78","382.78","328.10"
"02/07/2024 08:00:00 - 02/07/2024 09:00:00","Belgium (BE)","361.43","428.73","428.73","365.46"
"02/07/2024 09:00:00 - 02/07/2024 10:00:00","Belgium (BE)","399.88","463.03","432.90","408.22"
"02/07/2024 10:00:00 - 02/07/2024 11:00:00","Belgium (BE)","427.13","474.75","443.75","462.13"
"02/07/2024 11:00:00 - 02/07/2024 12:00:00","Belgium (BE)","431.43","476.50","429.50","456.75"
"02/07/2024 12:00:00 - 02/07/2024 13:00:00","Belgium (BE)","436.10","461.00","404.70","389.91"
"02/07/2024 13:00:00 - 02/07/2024 14:00:00","Belgium (BE)","459.50","431.48","381.03","388.77"
"02/07/2024 14:00:00 - 02/07/2024 15:00:00","Belgium (BE)","477.33","391.20","371.78","485.20"
"02/07/2024 15:00:00 - 02/07/2024 16:00:00","Belgium (BE)","430.55","358.28","366.93","534.63"
"02/07/2024 16:00:00 - 02/07/2024 17:00:00","Belgium (BE)","375.03","335.20","345.90","487.94"
"02/07/2024 17:00:00 - 02/07/2024 18:00:00","Belgium (BE)","351.35","337.20","367.90","448.47"
"02/07/2024 18:00:00 - 02/07/2024 19:00:00","Belgium (BE)","323.18","320.28","333.50","382.66"
"02/07/2024 19:00:00 - 02/07/2024 20:00:00","Belgium (BE)","259.63","265.83","310.40","362.90"
"02/07/2024 20:00:00 - 02/07/2024 21:00:00","Belgium (BE)","177.80","194.00","220.50","340.91"
"02/07/2024 21:00:00 - 02/07/2024 22:00:00","Belgium (BE)","120.68","130.90","169.13","295.00"
"02/07/2024 22:00:00 - 02/07/2024 23:00:00","Belgium (BE)","80.48","87.33","121.73","147.48"
"02/07/2024 23:00:00 - 03/07/2024 00:00:00","Belgium (BE)","65.75","60.95","94.80","85.82"
"03/07/2024 00:00:00 - 03/07/2024 01:00:00","Belgium (BE)","62.25","96.70","96.70","87.46"
"03/07/2024 01:00:00 - 03/07/2024 02:00:00","Belgium (BE)","54.78","74.93","74.93","93.23"
"03/07/2024 02:00:00 - 03/07/2024 03:00:00","Belgium (BE)","68.85","76.50","76.50","79.60"
"03/07/2024 03:00:00 - 03/07/2024 04:00:00","Belgium (BE)","99.88","95.88","95.88","58.26"
"03/07/2024 04:00:00 - 03/07/2024 05:00:00","Belgium (BE)","131.18","124.35","124.35","88.18"
"03/07/2024 05:00:00 - 03/07/2024 06:00:00","Belgium (BE)","154.75","148.93","148.93","109.35"
"03/07/2024 06:00:00 - 03/07/2024 07:00:00","Belgium (BE)","186.18","171.35","171.35","124.19"
"03/07/2024 07:00:00 - 03/07/2024 08:00:00","Belgium (BE)","214.73","180.88","180.88","133.23"
"03/07/2024 08:00:00 - 03/07/2024 09:00:00","Belgium (BE)","218.93","186.60","170.38","147.53"
"03/07/2024 09:00:00 - 03/07/2024 10:00:00","Belgium (BE)","235.73","198.98","183.35","182.02"
"03/07/2024 10:00:00 - 03/07/2024 11:00:00","Belgium (BE)","256.73","212.95","224.15","250.10"
"03/07/2024 11:00:00 - 03/07/2024 12:00:00","Belgium (BE)","234.40","212.95","222.05","249.73"
"03/07/2024 12:00:00 - 03/07/2024 13:00:00","Belgium (BE)","216.28","215.75","245.50","210.92"
"03/07/2024 13:00:00 - 03/07/2024 14:00:00","Belgium (BE)","237.63","232.45","261.05","218.02"
"03/07/2024 14:00:00 - 03/07/2024 15:00:00","Belgium (BE)","283.25","252.33","240.45","199.99"
"03/07/2024 15:00:00 - 03/07/2024 16:00:00","Belgium (BE)","345.23","286.88","264.75","242.11"
"03/07/2024 16:00:00 - 03/07/2024 17:00:00","Belgium (BE)","413.38","319.43","318.23","312.18"
"03/07/2024 17:00:00 - 03/07/2024 18:00:00","Belgium (BE)","487.85","369.25","340.13","360.42"
"03/07/2024 18:00:00 - 03/07/2024 19:00:00","Belgium (BE)","550.80","431.15","390.38","442.82"
"03/07/2024 19:00:00 - 03/07/2024 20:00:00","Belgium (BE)","598.83","479.85","418.93","518.68"
"03/07/2024 20:00:00 - 03/07/2024 21:00:00","Belgium (BE)","659.63","523.15","486.10","581.04"
"03/07/2024 21:00:00 - 03/07/2024 22:00:00","Belgium (BE)","743.73","586.55","571.43","597.93"
"03/07/2024 22:00:00 - 03/07/2024 23:00:00","Belgium (BE)","821.95","690.23","662.85","724.44"
"03/07/2024 23:00:00 - 04/07/2024 00:00:00","Belgium (BE)","896.75","803.03","763.00","880.23"
"04/07/2024 00:00:00 - 04/07/2024 01:00:00","Belgium (BE)","857.80","893.45","893.45","1016.86"
"04/07/2024 01:00:00 - 04/07/2024 02:00:00","Belgium (BE)","939.50","997.30","997.30","1173.58"
"04/07/2024 02:00:00 - 04/07/2024 03:00:00","Belgium (BE)","1003.50","1096.98","1096.98","1162.26"
"04/07/2024 03:00:00 - 04/07/2024 04:00:00","Belgium (BE)","1036.88","1150.35","1150.35","1086.98"
"04/07/2024 04:00:00 - 04/07/2024 05:00:00","Belgium (BE)","1045.18","1103.25","1103.25","1013.87"
"04/07/2024 05:00:00 - 04/07/2024 06:00:00","Belgium (BE)","1014.48","1040.55","1040.55","964.68"
"04/07/2024 06:00:00 - 04/07/2024 07:00:00","Belgium (BE)","927.90","970.50","970.50","962.96"
"04/07/2024 07:00:00 - 04/07/2024 08:00:00","Belgium (BE)","825.38","936.48","936.48","922.19"
"04/07/2024 08:00:00 - 04/07/2024 09:00:00","Belgium (BE)","731.88","884.70","903.35","874.99"
"04/07/2024 09:00:00 - 04/07/2024 10:00:00","Belgium (BE)","663.20","815.23","833.48","797.87"
"04/07/2024 10:00:00 - 04/07/2024 11:00:00","Belgium (BE)","625.60","732.58","703.70","794.69"
"04/07/2024 11:00:00 - 04/07/2024 12:00:00","Belgium (BE)","635.38","683.70","675.60","649.54"
"04/07/2024 12:00:00 - 04/07/2024 13:00:00","Belgium (BE)","710.00","730.55","706.53","591.92"
"04/07/2024 13:00:00 - 04/07/2024 14:00:00","Belgium (BE)","807.90","816.83","760.38","833.96"
"04/07/2024 14:00:00 - 04/07/2024 15:00:00","Belgium (BE)","891.90","863.98","736.60","883.24"
"04/07/2024 15:00:00 - 04/07/2024 16:00:00","Belgium (BE)","933.63","870.58","904.08","963.88"
"04/07/2024 16:00:00 - 04/07/2024 17:00:00","Belgium (BE)","934.00","866.65","937.95","881.01"
"04/07/2024 17:00:00 - 04/07/2024 18:00:00","Belgium (BE)","895.58","862.15","1032.20","876.12"
"04/07/2024 18:00:00 - 04/07/2024 19:00:00","Belgium (BE)","829.43","811.90","978.60","1047.62"
"04/07/2024 19:00:00 - 04/07/2024 20:00:00","Belgium (BE)","746.70","703.40","847.58","1215.44"
"04/07/2024 20:00:00 - 04/07/2024 21:00:00","Belgium (BE)","706.30","654.28","859.25","985.88"
"04/07/2024 21:00:00 - 04/07/2024 22:00:00","Belgium (BE)","750.75","715.85","954.08","888.55"
"04/07/2024 22:00:00 - 04/07/2024 23:00:00","Belgium (BE)","852.48","827.60","988.55","824.66"
"04/07/2024 23:00:00 - 05/07/2024 00:00:00","Belgium (BE)","917.13","901.90","1007.68","887.37"
"05/07/2024 00:00:00 - 05/07/2024 01:00:00","Belgium (BE)","931.75","930.95","905.85","945.14"
"05/07/2024 01:00:00 - 05/07/2024 02:00:00","Belgium (BE)","923.90","940.40","918.55","937.78"
"05/07/2024 02:00:00 - 05/07/2024 03:00:00","Belgium (BE)","912.98","956.35","912.15","913.50"
"05/07/2024 03:00:00 - 05/07/2024 04:00:00","Belgium (BE)","877.58","941.28","890.55","910.04"
"05/07/2024 04:00:00 - 05/07/2024 05:00:00","Belgium (BE)","843.38","892.25","862.28","873.72"
"05/07/2024 05:00:00 - 05/07/2024 06:00:00","Belgium (BE)","838.30","875.38","847.15","826.48"
"05/07/2024 06:00:00 - 05/07/2024 07:00:00","Belgium (BE)","824.73","838.10","829.73","701.91"
"05/07/2024 07:00:00 - 05/07/2024 08:00:00","Belgium (BE)","788.58","781.55","798.00","696.23"
"05/07/2024 08:00:00 - 05/07/2024 09:00:00","Belgium (BE)","742.63","771.58","763.00","739.56"
"05/07/2024 09:00:00 - 05/07/2024 10:00:00","Belgium (BE)","728.10","769.85","732.28","768.88"
"05/07/2024 10:00:00 - 05/07/2024 11:00:00","Belgium (BE)","750.13","782.03","717.85","904.39"
"05/07/2024 11:00:00 - 05/07/2024 12:00:00","Belgium (BE)","775.63","788.48","730.55","864.36"
"05/07/2024 12:00:00 - 05/07/2024 13:00:00","Belgium (BE)","808.53","825.25","782.95","852.77"
"05/07/2024 13:00:00 - 05/07/2024 14:00:00","Belgium (BE)","851.88","896.83","836.68","917.05"
"05/07/2024 14:00:00 - 05/07/2024 15:00:00","Belgium (BE)","911.25","940.48","873.28","1061.44"
"05/07/2024 15:00:00 - 05/07/2024 16:00:00","Belgium (BE)","953.40","948.25","899.48","942.11"
"05/07/2024 16:00:00 - 05/07/2024 17:00:00","Belgium (BE)","937.68","909.05","868.40","720.49"
"05/07/2024 17:00:00 - 05/07/2024 18:00:00","Belgium (BE)","850.40","819.13","756.60","525.45"
"05/07/2024 18:00:00 - 05/07/2024 19:00:00","Belgium (BE)","726.13","710.33","715.40","414.32"
"05/07/2024 19:00:00 - 05/07/2024 20:00:00","Belgium (BE)","572.18","607.75","512.08","302.09"
"05/07/2024 20:00:00 - 05/07/2024 21:00:00","Belgium (BE)","436.30","512.95","361.43","231.97"
"05/07/2024 21:00:00 - 05/07/2024 22:00:00","Belgium (BE)","379.13","426.80","282.75","244.06"
"05/07/2024 22:00:00 - 05/07/2024 23:00:00","Belgium (BE)","373.15","368.98","283.68","356.12"
"05/07/2024 23:00:00 - 06/07/2024 00:00:00","Belgium (BE)","384.38","375.88","355.35","479.79"
"06/07/2024 00:00:00 - 06/07/2024 01:00:00","Belgium (BE)","531.63","651.40","651.40","557.33"
"06/07/2024 01:00:00 - 06/07/2024 02:00:00","Belgium (BE)","679.60","790.78","790.78","739.41"
"06/07/2024 02:00:00 - 06/07/2024 03:00:00","Belgium (BE)","842.95","738.85","738.85","846.05"
"06/07/2024 03:00:00 - 06/07/2024 04:00:00","Belgium (BE)","963.58","869.78","869.78","875.22"
"06/07/2024 04:00:00 - 06/07/2024 05:00:00","Belgium (BE)","983.45","892.40","892.40","832.97"
"06/07/2024 05:00:00 - 06/07/2024 06:00:00","Belgium (BE)","984.28","967.75","967.75","844.92"
"06/07/2024 06:00:00 - 06/07/2024 07:00:00","Belgium (BE)","1032.68","1014.23","1014.23","935.56"
"06/07/2024 07:00:00 - 06/07/2024 08:00:00","Belgium (BE)","1142.50","1097.00","1097.00","975.91"
"06/07/2024 08:00:00 - 06/07/2024 09:00:00","Belgium (BE)","1312.18","1276.48","1240.38","1121.86"
"06/07/2024 09:00:00 - 06/07/2024 10:00:00","Belgium (BE)","1539.73","1603.43","1525.63","1395.06"
"06/07/2024 10:00:00 - 06/07/2024 11:00:00","Belgium (BE)","1697.08","1847.43","1780.28","1756.72"
"06/07/2024 11:00:00 - 06/07/2024 12:00:00","Belgium (BE)","1762.48","1916.55","1825.15","1971.66"
"06/07/2024 12:00:00 - 06/07/2024 13:00:00","Belgium (BE)","1807.75","1946.75","1920.70","1845.76"
"06/07/2024 13:00:00 - 06/07/2024 14:00:00","Belgium (BE)","1833.98","1973.20","2032.60","1804.72"
"06/07/2024 14:00:00 - 06/07/2024 15:00:00","Belgium (BE)","1903.30","1993.28","1990.38","1826.28"
"06/07/2024 15:00:00 - 06/07/2024 16:00:00","Belgium (BE)","1960.83","2003.73","1962.73","1763.63"
"06/07/2024 16:00:00 - 06/07/2024 17:00:00","Belgium (BE)","1965.95","2007.53","1934.90","1737.37"
"06/07/2024 17:00:00 - 06/07/2024 18:00:00","Belgium (BE)","1937.98","1983.98","1911.10","1937.49"
"06/07/2024 18:00:00 - 06/07/2024 19:00:00","Belgium (BE)","1872.95","1905.35","1851.50","1989.64"
"06/07/2024 19:00:00 - 06/07/2024 20:00:00","Belgium (BE)","1722.83","1750.30","1781.75","1735.64"
"06/07/2024 20:00:00 - 06/07/2024 21:00:00","Belgium (BE)","1494.53","1524.58","1605.25","1487.64"
"06/07/2024 21:00:00 - 06/07/2024 22:00:00","Belgium (BE)","1280.05","1304.65","1296.90","1209.58"
"06/07/2024 22:00:00 - 06/07/2024 23:00:00","Belgium (BE)","1119.18","1149.08","1154.20","1083.28"
"06/07/2024 23:00:00 - 07/07/2024 00:00:00","Belgium (BE)","1001.28","1039.13","1069.13","1124.60"
"07/07/2024 00:00:00 - 07/07/2024 01:00:00","Belgium (BE)","987.53","945.98","945.98","1081.22"
"07/07/2024 01:00:00 - 07/07/2024 02:00:00","Belgium (BE)","898.75","896.53","896.53","1019.49"
"07/07/2024 02:00:00 - 07/07/2024 03:00:00","Belgium (BE)","812.28","811.85","811.85","899.67"
"07/07/2024 03:00:00 - 07/07/2024 04:00:00","Belgium (BE)","758.75","777.70","777.70","863.73"
"07/07/2024 04:00:00 - 07/07/2024 05:00:00","Belgium (BE)","733.73","742.28","742.28","850.21"
"07/07/2024 05:00:00 - 07/07/2024 06:00:00","Belgium (BE)","708.78","734.25","734.25","786.08"
"07/07/2024 06:00:00 - 07/07/2024 07:00:00","Belgium (BE)","675.00","707.98","707.98","700.73"
"07/07/2024 07:00:00 - 07/07/2024 08:00:00","Belgium (BE)","624.38","654.35","654.35","524.24"
"07/07/2024 08:00:00 - 07/07/2024 09:00:00","Belgium (BE)","617.68","634.25","635.18","450.01"
"07/07/2024 09:00:00 - 07/07/2024 10:00:00","Belgium (BE)","679.90","679.93","638.55","586.79"
"07/07/2024 10:00:00 - 07/07/2024 11:00:00","Belgium (BE)","718.43","737.80","709.13","779.30"
"07/07/2024 11:00:00 - 07/07/2024 12:00:00","Belgium (BE)","720.83","755.95","730.48","756.29"
"07/07/2024 12:00:00 - 07/07/2024 13:00:00","Belgium (BE)","741.10","761.40","715.85","756.33"
"07/07/2024 13:00:00 - 07/07/2024 14:00:00","Belgium (BE)","758.78","785.18","721.50","780.05"
"07/07/2024 14:00:00 - 07/07/2024 15:00:00","Belgium (BE)","750.80","799.40","757.70","754.00"
"07/07/2024 15:00:00 - 07/07/2024 16:00:00","Belgium (BE)","688.53","772.08","783.63","749.49"
"07/07/2024 16:00:00 - 07/07/2024 17:00:00","Belgium (BE)","608.58","714.25","734.60","569.74"
"07/07/2024 17:00:00 - 07/07/2024 18:00:00","Belgium (BE)","525.83","598.28","655.63","468.10"
"07/07/2024 18:00:00 - 07/07/2024 19:00:00","Belgium (BE)","437.30","478.33","559.40","332.12"
"07/07/2024 19:00:00 - 07/07/2024 20:00:00","Belgium (BE)","344.93","386.80","405.38","214.38"
"07/07/2024 20:00:00 - 07/07/2024 21:00:00","Belgium (BE)","283.50","315.05","272.48","175.64"
"07/07/2024 21:00:00 - 07/07/2024 22:00:00","Belgium (BE)","257.05","276.23","233.80","173.36"
"07/07/2024 22:00:00 - 07/07/2024 23:00:00","Belgium (BE)","249.18","263.75","261.78","231.43"
"07/07/2024 23:00:00 - 08/07/2024 00:00:00","Belgium (BE)","267.83","264.85","298.25","286.11"
"08/07/2024 00:00:00 - 08/07/2024 01:00:00","Belgium (BE)","328.10","287.85","298.45","321.90"
"08/07/2024 01:00:00 - 08/07/2024 02:00:00","Belgium (BE)","318.30","314.95","298.33","247.01"
"08/07/2024 02:00:00 - 08/07/2024 03:00:00","Belgium (BE)","293.48","292.30","277.00","213.25"
"08/07/2024 03:00:00 - 08/07/2024 04:00:00","Belgium (BE)","266.90","238.98","250.80","210.93"
"08/07/2024 04:00:00 - 08/07/2024 05:00:00","Belgium (BE)","243.63","215.65","234.38","201.12"
"08/07/2024 05:00:00 - 08/07/2024 06:00:00","Belgium (BE)","218.43","186.45","224.60","167.66"
"08/07/2024 06:00:00 - 08/07/2024 07:00:00","Belgium (BE)","204.58","183.80","219.28","145.72"
"08/07/2024 07:00:00 - 08/07/2024 08:00:00","Belgium (BE)","182.30","160.98","196.25","103.56"
"08/07/2024 08:00:00 - 08/07/2024 09:00:00","Belgium (BE)","132.78","116.18","135.78","45.25"
"08/07/2024 09:00:00 - 08/07/2024 10:00:00","Belgium (BE)","87.20","79.30","96.00","36.22"
"08/07/2024 10:00:00 - 08/07/2024 11:00:00","Belgium (BE)","80.23","99.23","116.85","45.86"
"08/07/2024 11:00:00 - 08/07/2024 12:00:00","Belgium (BE)","89.65","106.80","120.63","60.41"
"08/07/2024 12:00:00 - 08/07/2024 13:00:00","Belgium (BE)","100.33","106.58","118.55","56.67"
"08/07/2024 13:00:00 - 08/07/2024 14:00:00","Belgium (BE)","96.28","107.30","80.85","52.17"
"08/07/2024 14:00:00 - 08/07/2024 15:00:00","Belgium (BE)","72.53","91.43","65.10","32.91"
"08/07/2024 15:00:00 - 08/07/2024 16:00:00","Belgium (BE)","52.50","59.20","34.08","14.13"
"08/07/2024 16:00:00 - 08/07/2024 17:00:00","Belgium (BE)","42.18","23.83","17.53","11.14"
"08/07/2024 17:00:00 - 08/07/2024 18:00:00","Belgium (BE)","35.75","12.95","13.93","10.89"
"08/07/2024 18:00:00 - 08/07/2024 19:00:00","Belgium (BE)","21.80","11.78","16.18","16.14"
"08/07/2024 19:00:00 - 08/07/2024 20:00:00","Belgium (BE)","20.18","20.40","34.08","48.17"
"08/07/2024 20:00:00 - 08/07/2024 21:00:00","Belgium (BE)","53.13","72.18","84.55","97.09"
"08/07/2024 21:00:00 - 08/07/2024 22:00:00","Belgium (BE)","122.48","187.10","189.15","206.69"
"08/07/2024 22:00:00 - 08/07/2024 23:00:00","Belgium (BE)","227.53","328.90","328.60","374.57"
"08/07/2024 23:00:00 - 09/07/2024 00:00:00","Belgium (BE)","334.55","451.28","458.73","511.92"
"09/07/2024 00:00:00 - 09/07/2024 01:00:00","Belgium (BE)","524.20","621.50","621.50","609.35"
"09/07/2024 01:00:00 - 09/07/2024 02:00:00","Belgium (BE)","552.48","647.53","647.53","678.81"
"09/07/2024 02:00:00 - 09/07/2024 03:00:00","Belgium (BE)","562.98","619.90","619.90","641.03"
"09/07/2024 03:00:00 - 09/07/2024 04:00:00","Belgium (BE)","560.40","600.70","600.70","587.02"
"09/07/2024 04:00:00 - 09/07/2024 05:00:00","Belgium (BE)","559.15","585.43","585.43","582.14"
"09/07/2024 05:00:00 - 09/07/2024 06:00:00","Belgium (BE)","544.33","557.53","557.53","573.04"
"09/07/2024 06:00:00 - 09/07/2024 07:00:00","Belgium (BE)","498.88","534.28","534.28","560.37"
"09/07/2024 07:00:00 - 09/07/2024 08:00:00","Belgium (BE)","439.73","502.95","502.95","441.31"
"09/07/2024 08:00:00 - 09/07/2024 09:00:00","Belgium (BE)","338.53","404.00","404.00","259.04"
"09/07/2024 09:00:00 - 09/07/2024 10:00:00","Belgium (BE)","213.75","254.00","281.00","141.50"
"09/07/2024 10:00:00 - 09/07/2024 11:00:00","Belgium (BE)","141.85","158.15","142.73","91.85"
"09/07/2024 11:00:00 - 09/07/2024 12:00:00","Belgium (BE)","128.43","120.90","119.75","78.24"
"09/07/2024 12:00:00 - 09/07/2024 13:00:00","Belgium (BE)","131.20","107.25","132.75","77.70"
"09/07/2024 13:00:00 - 09/07/2024 14:00:00","Belgium (BE)","144.20","116.15","142.83","118.95"
"09/07/2024 14:00:00 - 09/07/2024 15:00:00","Belgium (BE)","177.35","152.53","179.90","199.69"
"09/07/2024 15:00:00 - 09/07/2024 16:00:00","Belgium (BE)","224.93","192.05","251.20","437.44"
"09/07/2024 16:00:00 - 09/07/2024 17:00:00","Belgium (BE)","284.20","253.58","346.60","661.25"
"09/07/2024 17:00:00 - 09/07/2024 18:00:00","Belgium (BE)","325.03","311.90","487.25","936.22"
"09/07/2024 18:00:00 - 09/07/2024 19:00:00","Belgium (BE)","360.60","327.90","479.53","944.15"
"09/07/2024 19:00:00 - 09/07/2024 20:00:00","Belgium (BE)","377.08","303.13","557.05","801.55"
"09/07/2024 20:00:00 - 09/07/2024 21:00:00","Belgium (BE)","310.35","319.88","484.05","340.34"
"09/07/2024 21:00:00 - 09/07/2024 22:00:00","Belgium (BE)","256.30","351.30","482.53","183.07"
"09/07/2024 22:00:00 - 09/07/2024 23:00:00","Belgium (BE)","262.75","350.15","402.73","286.61"
"09/07/2024 23:00:00 - 10/07/2024 00:00:00","Belgium (BE)","293.90","306.70","329.33","387.31"
"10/07/2024 00:00:00 - 10/07/2024 01:00:00","Belgium (BE)","221.75","144.23","144.23","387.30"
"10/07/2024 01:00:00 - 10/07/2024 02:00:00","Belgium (BE)","195.40","211.40","211.40","306.66"
"10/07/2024 02:00:00 - 10/07/2024 03:00:00","Belgium (BE)","202.43","229.88","229.88","202.15"
"10/07/2024 03:00:00 - 10/07/2024 04:00:00","Belgium (BE)","253.03","229.18","229.18","196.11"
"10/07/2024 04:00:00 - 10/07/2024 05:00:00","Belgium (BE)","299.73","256.40","256.40","316.43"
"10/07/2024 05:00:00 - 10/07/2024 06:00:00","Belgium (BE)","329.38","268.10","268.10","309.38"
"10/07/2024 06:00:00 - 10/07/2024 07:00:00","Belgium (BE)","369.13","322.63","322.63","375.21"
"10/07/2024 07:00:00 - 10/07/2024 08:00:00","Belgium (BE)","419.18","345.55","345.55","392.47"
"10/07/2024 08:00:00 - 10/07/2024 09:00:00","Belgium (BE)","441.05","371.93","422.45","404.44"
"10/07/2024 09:00:00 - 10/07/2024 10:00:00","Belgium (BE)","444.68","419.30","443.83","462.36"
"10/07/2024 10:00:00 - 10/07/2024 11:00:00","Belgium (BE)","477.65","470.40","481.65","498.13"
"10/07/2024 11:00:00 - 10/07/2024 12:00:00","Belgium (BE)","537.38","499.20","552.93","524.48"
"10/07/2024 12:00:00 - 10/07/2024 13:00:00","Belgium (BE)","613.15","543.75","542.78","626.06"
"10/07/2024 13:00:00 - 10/07/2024 14:00:00","Belgium (BE)","679.08","605.45","556.55","728.61"
"10/07/2024 14:00:00 - 10/07/2024 15:00:00","Belgium (BE)","740.93","668.00","613.88","707.53"
"10/07/2024 15:00:00 - 10/07/2024 16:00:00","Belgium (BE)","787.90","690.45","653.53","767.64"
"10/07/2024 16:00:00 - 10/07/2024 17:00:00","Belgium (BE)","801.75","675.45","659.13","706.58"
"10/07/2024 17:00:00 - 10/07/2024 18:00:00","Belgium (BE)","754.55","621.78","672.63","633.13"
"10/07/2024 18:00:00 - 10/07/2024 19:00:00","Belgium (BE)","653.43","528.73","577.00","556.62"
"10/07/2024 19:00:00 - 10/07/2024 20:00:00","Belgium (BE)","513.90","422.65","435.95","417.75"
"10/07/2024 20:00:00 - 10/07/2024 21:00:00","Belgium (BE)","379.43","321.63","299.95","243.49"
"10/07/2024 21:00:00 - 10/07/2024 22:00:00","Belgium (BE)","297.30","235.88","212.43","213.26"
"10/07/2024 22:00:00 - 10/07/2024 23:00:00","Belgium (BE)","271.95","191.38","186.55","245.48"
"10/07/2024 23:00:00 - 11/07/2024 00:00:00","Belgium (BE)","278.78","183.05","208.93","265.83"
"11/07/2024 00:00:00 - 11/07/2024 01:00:00","Belgium (BE)","283.45","270.03","270.03","305.05"
"11/07/2024 01:00:00 - 11/07/2024 02:00:00","Belgium (BE)","338.58","316.73","316.73","389.83"
"11/07/2024 02:00:00 - 11/07/2024 03:00:00","Belgium (BE)","362.50","310.73","310.73","384.14"
"11/07/2024 03:00:00 - 11/07/2024 04:00:00","Belgium (BE)","364.75","341.85","341.85","386.06"
"11/07/2024 04:00:00 - 11/07/2024 05:00:00","Belgium (BE)","358.73","354.33","354.33","397.16"
"11/07/2024 05:00:00 - 11/07/2024 06:00:00","Belgium (BE)","349.00","338.43","338.43","411.23"
"11/07/2024 06:00:00 - 11/07/2024 07:00:00","Belgium (BE)","331.98","318.10","318.10","362.77"
"11/07/2024 07:00:00 - 11/07/2024 08:00:00","Belgium (BE)","298.18","264.98","264.98","268.83"
"11/07/2024 08:00:00 - 11/07/2024 09:00:00","Belgium (BE)","269.70","234.83","254.20","215.41"
"11/07/2024 09:00:00 - 11/07/2024 10:00:00","Belgium (BE)","257.63","231.15","255.80","208.89"
"11/07/2024 10:00:00 - 11/07/2024 11:00:00","Belgium (BE)","261.80","237.48","262.15","204.94"
"11/07/2024 11:00:00 - 11/07/2024 12:00:00","Belgium (BE)","266.83","246.63","242.68","219.06"
"11/07/2024 12:00:00 - 11/07/2024 13:00:00","Belgium (BE)","260.40","246.20","247.68","193.82"
"11/07/2024 13:00:00 - 11/07/2024 14:00:00","Belgium (BE)","251.58","233.63","250.35","177.48"
"11/07/2024 14:00:00 - 11/07/2024 15:00:00","Belgium (BE)","232.10","201.85","223.28","152.91"
"11/07/2024 15:00:00 - 11/07/2024 16:00:00","Belgium (BE)","195.68","156.45","176.85","126.04"
"11/07/2024 16:00:00 - 11/07/2024 17:00:00","Belgium (BE)","164.73","126.90","143.30","115.57"
"11/07/2024 17:00:00 - 11/07/2024 18:00:00","Belgium (BE)","155.80","116.15","137.55","151.66"
"11/07/2024 18:00:00 - 11/07/2024 19:00:00","Belgium (BE)","150.88","119.28","143.15","169.73"
"11/07/2024 19:00:00 - 11/07/2024 20:00:00","Belgium (BE)","147.30","125.08","153.50","156.46"
"11/07/2024 20:00:00 - 11/07/2024 21:00:00","Belgium (BE)","159.00","148.13","184.73","168.80"
"11/07/2024 21:00:00 - 11/07/2024 22:00:00","Belgium (BE)","199.38","204.30","226.50","210.90"
"11/07/2024 22:00:00 - 11/07/2024 23:00:00","Belgium (BE)","240.98","264.88","280.38","268.97"
"11/07/2024 23:00:00 - 12/07/2024 00:00:00","Belgium (BE)","278.08","302.25","329.38","339.68"
"12/07/2024 00:00:00 - 12/07/2024 01:00:00","Belgium (BE)","352.98","328.35","328.35","370.00"
"12/07/2024 01:00:00 - 12/07/2024 02:00:00","Belgium (BE)","357.58","336.93","336.93","420.83"
"12/07/2024 02:00:00 - 12/07/2024 03:00:00","Belgium (BE)","383.03","326.13","326.13","415.10"
"12/07/2024 03:00:00 - 12/07/2024 04:00:00","Belgium (BE)","435.98","366.55","366.55","473.35"
"12/07/2024 04:00:00 - 12/07/2024 05:00:00","Belgium (BE)","490.53","376.68","376.68","557.12"
"12/07/2024 05:00:00 - 12/07/2024 06:00:00","Belgium (BE)","546.13","445.60","445.60","541.40"
"12/07/2024 06:00:00 - 12/07/2024 07:00:00","Belgium (BE)","592.43","455.15","455.15","635.21"
"12/07/2024 07:00:00 - 12/07/2024 08:00:00","Belgium (BE)","613.28","484.23","484.23","769.00"
"12/07/2024 08:00:00 - 12/07/2024 09:00:00","Belgium (BE)","604.78","456.38","494.20","999.44"
"12/07/2024 09:00:00 - 12/07/2024 10:00:00","Belgium (BE)","583.13","458.85","608.95","1122.72"
"12/07/2024 10:00:00 - 12/07/2024 11:00:00","Belgium (BE)","559.80","465.85","563.40","1174.25"
"12/07/2024 11:00:00 - 12/07/2024 12:00:00","Belgium (BE)","547.68","484.80","1065.90","1051.82"
"12/07/2024 12:00:00 - 12/07/2024 13:00:00","Belgium (BE)","549.53","510.20","1024.60","849.83"
"12/07/2024 13:00:00 - 12/07/2024 14:00:00","Belgium (BE)","528.40","518.58","978.13","721.27"
"12/07/2024 14:00:00 - 12/07/2024 15:00:00","Belgium (BE)","481.53","523.58","785.53","682.64"
"12/07/2024 15:00:00 - 12/07/2024 16:00:00","Belgium (BE)","443.50","535.50","649.60","651.30"
"12/07/2024 16:00:00 - 12/07/2024 17:00:00","Belgium (BE)","435.95","555.55","558.18","553.13"
"12/07/2024 17:00:00 - 12/07/2024 18:00:00","Belgium (BE)","436.35","587.58","470.50","466.73"
"12/07/2024 18:00:00 - 12/07/2024 19:00:00","Belgium (BE)","423.40","601.25","417.73","416.53"
"12/07/2024 19:00:00 - 12/07/2024 20:00:00","Belgium (BE)","396.83","569.73","331.53","347.10"
"12/07/2024 20:00:00 - 12/07/2024 21:00:00","Belgium (BE)","350.55","513.28","268.55","319.43"
"12/07/2024 21:00:00 - 12/07/2024 22:00:00","Belgium (BE)","298.90","445.55","232.43","325.78"
"12/07/2024 22:00:00 - 12/07/2024 23:00:00","Belgium (BE)","265.88","372.25","238.58","312.95"
"12/07/2024 23:00:00 - 13/07/2024 00:00:00","Belgium (BE)","260.95","303.38","259.35","312.84"
"13/07/2024 00:00:00 - 13/07/2024 01:00:00","Belgium (BE)","288.85","363.15","363.15","288.11"
"13/07/2024 01:00:00 - 13/07/2024 02:00:00","Belgium (BE)","344.90","422.70","422.70","329.02"
"13/07/2024 02:00:00 - 13/07/2024 03:00:00","Belgium (BE)","419.30","463.33","463.33","455.16"
"13/07/2024 03:00:00 - 13/07/2024 04:00:00","Belgium (BE)","502.43","518.25","518.25","528.29"
"13/07/2024 04:00:00 - 13/07/2024 05:00:00","Belgium (BE)","574.50","586.33","586.33","590.41"
"13/07/2024 05:00:00 - 13/07/2024 06:00:00","Belgium (BE)","629.13","662.05","662.05","631.98"
"13/07/2024 06:00:00 - 13/07/2024 07:00:00","Belgium (BE)","642.95","686.25","686.25","662.38"
"13/07/2024 07:00:00 - 13/07/2024 08:00:00","Belgium (BE)","630.00","693.98","693.98","646.15"
"13/07/2024 08:00:00 - 13/07/2024 09:00:00","Belgium (BE)","617.53","702.75","680.63","593.40"
"13/07/2024 09:00:00 - 13/07/2024 10:00:00","Belgium (BE)","572.80","701.05","677.80","578.28"
"13/07/2024 10:00:00 - 13/07/2024 11:00:00","Belgium (BE)","530.98","630.70","604.48","608.11"
"13/07/2024 11:00:00 - 13/07/2024 12:00:00","Belgium (BE)","535.40","570.58","541.15","656.20"
"13/07/2024 12:00:00 - 13/07/2024 13:00:00","Belgium (BE)","563.80","547.83","549.38","677.99"
"13/07/2024 13:00:00 - 13/07/2024 14:00:00","Belgium (BE)","570.88","536.38","596.00","686.82"
"13/07/2024 14:00:00 - 13/07/2024 15:00:00","Belgium (BE)","541.28","521.65","596.93","584.64"
"13/07/2024 15:00:00 - 13/07/2024 16:00:00","Belgium (BE)","506.40","497.90","562.48","482.45"
"13/07/2024 16:00:00 - 13/07/2024 17:00:00","Belgium (BE)","472.60","462.55","469.18","425.57"
"13/07/2024 17:00:00 - 13/07/2024 18:00:00","Belgium (BE)","430.75","404.58","384.18","352.03"
"13/07/2024 18:00:00 - 13/07/2024 19:00:00","Belgium (BE)","358.68","327.68","311.05","273.48"
"13/07/2024 19:00:00 - 13/07/2024 20:00:00","Belgium (BE)","260.18","232.13","210.35","166.71"
"13/07/2024 20:00:00 - 13/07/2024 21:00:00","Belgium (BE)","161.95","135.28","128.63","73.48"
"13/07/2024 21:00:00 - 13/07/2024 22:00:00","Belgium (BE)","96.60","88.88","76.75","46.20"
"13/07/2024 22:00:00 - 13/07/2024 23:00:00","Belgium (BE)","91.48","90.53","89.15","55.29"
"13/07/2024 23:00:00 - 14/07/2024 00:00:00","Belgium (BE)","125.68","117.13","125.38","62.83"
"14/07/2024 00:00:00 - 14/07/2024 01:00:00","Belgium (BE)","185.38","169.65","169.65","83.91"
"14/07/2024 01:00:00 - 14/07/2024 02:00:00","Belgium (BE)","247.10","229.18","229.18","159.26"
"14/07/2024 02:00:00 - 14/07/2024 03:00:00","Belgium (BE)","308.23","279.93","279.93","214.16"
"14/07/2024 03:00:00 - 14/07/2024 04:00:00","Belgium (BE)","357.43","338.38","338.38","292.12"
"14/07/2024 04:00:00 - 14/07/2024 05:00:00","Belgium (BE)","380.80","362.95","362.95","348.69"
"14/07/2024 05:00:00 - 14/07/2024 06:00:00","Belgium (BE)","396.70","372.58","372.58","384.37"
"14/07/2024 06:00:00 - 14/07/2024 07:00:00","Belgium (BE)","388.60","353.00","353.00","340.59"
"14/07/2024 07:00:00 - 14/07/2024 08:00:00","Belgium (BE)","358.00","320.25","320.25","250.56"
"14/07/2024 08:00:00 - 14/07/2024 09:00:00","Belgium (BE)","255.20","235.40","232.75","158.86"
"14/07/2024 09:00:00 - 14/07/2024 10:00:00","Belgium (BE)","204.83","193.03","200.33","164.45"
"14/07/2024 10:00:00 - 14/07/2024 11:00:00","Belgium (BE)","263.35","243.43","256.38","279.59"
"14/07/2024 11:00:00 - 14/07/2024 12:00:00","Belgium (BE)","344.88","312.83","369.18","395.95"
"14/07/2024 12:00:00 - 14/07/2024 13:00:00","Belgium (BE)","414.13","379.70","436.15","416.00"
"14/07/2024 13:00:00 - 14/07/2024 14:00:00","Belgium (BE)","468.18","422.78","454.35","470.58"
"14/07/2024 14:00:00 - 14/07/2024 15:00:00","Belgium (BE)","487.60","445.55","454.55","453.62"
"14/07/2024 15:00:00 - 14/07/2024 16:00:00","Belgium (BE)","466.50","433.58","428.30","425.14"
"14/07/2024 16:00:00 - 14/07/2024 17:00:00","Belgium (BE)","418.70","371.45","353.00","310.68"
"14/07/2024 17:00:00 - 14/07/2024 18:00:00","Belgium (BE)","352.45","280.45","273.28","198.50"
"14/07/2024 18:00:00 - 14/07/2024 19:00:00","Belgium (BE)","237.30","201.20","188.73","119.15"
"14/07/2024 19:00:00 - 14/07/2024 20:00:00","Belgium (BE)","130.18","132.75","119.95","76.64"
"14/07/2024 20:00:00 - 14/07/2024 21:00:00","Belgium (BE)","90.08","96.33","79.93","52.47"
"14/07/2024 21:00:00 - 14/07/2024 22:00:00","Belgium (BE)","104.25","84.63","68.10","36.00"
"14/07/2024 22:00:00 - 14/07/2024 23:00:00","Belgium (BE)","139.60","75.53","66.50","33.65"
"14/07/2024 23:00:00 - 15/07/2024 00:00:00","Belgium (BE)","147.80","62.53","56.50","35.89"
"15/07/2024 00:00:00 - 15/07/2024 01:00:00","Belgium (BE)","49.58","32.45","32.45","33.72"
"15/07/2024 01:00:00 - 15/07/2024 02:00:00","Belgium (BE)","47.80","38.40","38.40","29.07"
"15/07/2024 02:00:00 - 15/07/2024 03:00:00","Belgium (BE)","60.58","91.83","91.83","43.68"
"15/07/2024 03:00:00 - 15/07/2024 04:00:00","Belgium (BE)","80.80","144.70","144.70","63.99"
"15/07/2024 04:00:00 - 15/07/2024 05:00:00","Belgium (BE)","116.03","194.78","194.78","90.14"
"15/07/2024 05:00:00 - 15/07/2024 06:00:00","Belgium (BE)","183.50","220.38","220.38","99.81"
"15/07/2024 06:00:00 - 15/07/2024 07:00:00","Belgium (BE)","237.10","255.88","255.88","104.51"
"15/07/2024 07:00:00 - 15/07/2024 08:00:00","Belgium (BE)","254.15","266.83","266.83","142.17"
"15/07/2024 08:00:00 - 15/07/2024 09:00:00","Belgium (BE)","240.68","231.33","231.33","97.43"
"15/07/2024 09:00:00 - 15/07/2024 10:00:00","Belgium (BE)","138.80","125.95","111.48","44.22"
"15/07/2024 10:00:00 - 15/07/2024 11:00:00","Belgium (BE)","86.35","79.60","66.18","65.53"
"15/07/2024 11:00:00 - 15/07/2024 12:00:00","Belgium (BE)","107.78","93.73","75.30","102.11"
"15/07/2024 12:00:00 - 15/07/2024 13:00:00","Belgium (BE)","150.98","118.50","97.55","106.28"
"15/07/2024 13:00:00 - 15/07/2024 14:00:00","Belgium (BE)","194.05","154.65","135.33","89.12"
"15/07/2024 14:00:00 - 15/07/2024 15:00:00","Belgium (BE)","213.65","185.90","142.63","124.35"
"15/07/2024 15:00:00 - 15/07/2024 16:00:00","Belgium (BE)","209.48","204.30","170.03","163.99"
"15/07/2024 16:00:00 - 15/07/2024 17:00:00","Belgium (BE)","189.90","214.03","197.28","130.55"
"15/07/2024 17:00:00 - 15/07/2024 18:00:00","Belgium (BE)","179.15","221.90","199.25","73.96"
"15/07/2024 18:00:00 - 15/07/2024 19:00:00","Belgium (BE)","190.33","249.63","211.48","72.51"
"15/07/2024 19:00:00 - 15/07/2024 20:00:00","Belgium (BE)","254.85","320.40","235.60","233.11"
"15/07/2024 20:00:00 - 15/07/2024 21:00:00","Belgium (BE)","353.28","422.70","338.05","404.58"
"15/07/2024 21:00:00 - 15/07/2024 22:00:00","Belgium (BE)","473.58","550.53","523.65","339.63"
"15/07/2024 22:00:00 - 15/07/2024 23:00:00","Belgium (BE)","602.25","719.68","678.03","380.19"
"15/07/2024 23:00:00 - 16/07/2024 00:00:00","Belgium (BE)","733.93","926.85","875.38","633.61"
"16/07/2024 00:00:00 - 16/07/2024 01:00:00","Belgium (BE)","1146.60","683.63","683.63","911.50"
"16/07/2024 01:00:00 - 16/07/2024 02:00:00","Belgium (BE)","1269.10","1000.25","1000.25","1169.44"
"16/07/2024 02:00:00 - 16/07/2024 03:00:00","Belgium (BE)","1282.75","1162.25","1162.25","1213.90"
"16/07/2024 03:00:00 - 16/07/2024 04:00:00","Belgium (BE)","1201.90","1242.03","1242.03","1299.06"
"16/07/2024 04:00:00 - 16/07/2024 05:00:00","Belgium (BE)","1118.70","1218.88","1218.88","1210.90"
"16/07/2024 05:00:00 - 16/07/2024 06:00:00","Belgium (BE)","1101.43","1089.83","1089.83","1096.05"
"16/07/2024 06:00:00 - 16/07/2024 07:00:00","Belgium (BE)","1127.80","959.33","959.33","775.54"
"16/07/2024 07:00:00 - 16/07/2024 08:00:00","Belgium (BE)","1227.43","928.73","928.73","712.16"
"16/07/2024 08:00:00 - 16/07/2024 09:00:00","Belgium (BE)","1307.95","1019.75","1025.75","892.82"
"16/07/2024 09:00:00 - 16/07/2024 10:00:00","Belgium (BE)","1330.33","1085.45","1050.20","1061.74"
"16/07/2024 10:00:00 - 16/07/2024 11:00:00","Belgium (BE)","1378.38","1143.03","1141.35","1171.02"
"16/07/2024 11:00:00 - 16/07/2024 12:00:00","Belgium (BE)","1430.53","1223.10","1219.38","1197.24"
"16/07/2024 12:00:00 - 16/07/2024 13:00:00","Belgium (BE)","1495.70","1262.05","1250.48","1243.68"
"16/07/2024 13:00:00 - 16/07/2024 14:00:00","Belgium (BE)","1510.38","1266.23","1193.45","1200.93"
"16/07/2024 14:00:00 - 16/07/2024 15:00:00","Belgium (BE)","1515.80","1302.53","1174.88","1048.68"
"16/07/2024 15:00:00 - 16/07/2024 16:00:00","Belgium (BE)","1563.55","1305.78","1115.45","1155.94"
"16/07/2024 16:00:00 - 16/07/2024 17:00:00","Belgium (BE)","1559.23","1299.43","1166.13","1259.31"
"16/07/2024 17:00:00 - 16/07/2024 18:00:00","Belgium (BE)","1511.60","1347.65","1208.78","1415.24"
"16/07/2024 18:00:00 - 16/07/2024 19:00:00","Belgium (BE)","1398.18","1324.20","1165.65","1578.45"
"16/07/2024 19:00:00 - 16/07/2024 20:00:00","Belgium (BE)","1199.98","1232.75","1110.48","1278.51"
"16/07/2024 20:00:00 - 16/07/2024 21:00:00","Belgium (BE)","949.20","1099.25","948.33","1076.72"
"16/07/2024 21:00:00 - 16/07/2024 22:00:00","Belgium (BE)","722.60","937.00","856.80","973.62"
"16/07/2024 22:00:00 - 16/07/2024 23:00:00","Belgium (BE)","608.08","819.43","760.03","863.60"
"16/07/2024 23:00:00 - 17/07/2024 00:00:00","Belgium (BE)","576.63","733.50","678.13","788.93"
"17/07/2024 00:00:00 - 17/07/2024 01:00:00","Belgium (BE)","597.33","672.83","672.83","653.14"
"17/07/2024 01:00:00 - 17/07/2024 02:00:00","Belgium (BE)","557.80","638.58","638.58","568.37"
"17/07/2024 02:00:00 - 17/07/2024 03:00:00","Belgium (BE)","501.80","531.83","531.83","484.17"
"17/07/2024 03:00:00 - 17/07/2024 04:00:00","Belgium (BE)","434.10","415.80","415.80","401.65"
"17/07/2024 04:00:00 - 17/07/2024 05:00:00","Belgium (BE)","378.68","318.08","318.08","304.63"
"17/07/2024 05:00:00 - 17/07/2024 06:00:00","Belgium (BE)","329.15","264.65","264.65","274.87"
"17/07/2024 06:00:00 - 17/07/2024 07:00:00","Belgium (BE)","274.93","216.53","216.53","195.51"
"17/07/2024 07:00:00 - 17/07/2024 08:00:00","Belgium (BE)","231.93","192.35","192.35","122.81"
"17/07/2024 08:00:00 - 17/07/2024 09:00:00","Belgium (BE)","197.38","168.40","168.40","77.34"
"17/07/2024 09:00:00 - 17/07/2024 10:00:00","Belgium (BE)","167.50","153.05","137.25","72.66"
"17/07/2024 10:00:00 - 17/07/2024 11:00:00","Belgium (BE)","154.05","161.10","127.80","89.84"
"17/07/2024 11:00:00 - 17/07/2024 12:00:00","Belgium (BE)","151.28","173.83","146.10","125.33"
"17/07/2024 12:00:00 - 17/07/2024 13:00:00","Belgium (BE)","153.28","174.63","163.53","154.07"
"17/07/2024 13:00:00 - 17/07/2024 14:00:00","Belgium (BE)","150.90","162.93","156.95","150.31"
"17/07/2024 14:00:00 - 17/07/2024 15:00:00","Belgium (BE)","137.90","143.93","151.70","117.64"
"17/07/2024 15:00:00 - 17/07/2024 16:00:00","Belgium (BE)","119.78","130.25","135.20","117.94"
"17/07/2024 16:00:00 - 17/07/2024 17:00:00","Belgium (BE)","110.75","122.83","130.90","115.39"
"17/07/2024 17:00:00 - 17/07/2024 18:00:00","Belgium (BE)","105.10","112.33","114.80","108.26"
"17/07/2024 18:00:00 - 17/07/2024 19:00:00","Belgium (BE)","92.30","94.75","91.88","88.31"
"17/07/2024 19:00:00 - 17/07/2024 20:00:00","Belgium (BE)","74.58","76.45","69.25","69.23"
"17/07/2024 20:00:00 - 17/07/2024 21:00:00","Belgium (BE)","64.98","58.53","53.98","68.30"
"17/07/2024 21:00:00 - 17/07/2024 22:00:00","Belgium (BE)","77.23","60.15","61.78","81.71"
"17/07/2024 22:00:00 - 17/07/2024 23:00:00","Belgium (BE)","104.58","78.63","77.15","128.81"
"17/07/2024 23:00:00 - 18/07/2024 00:00:00","Belgium (BE)","137.58","93.65","82.73","183.60"
"18/07/2024 00:00:00 - 18/07/2024 01:00:00","Belgium (BE)","95.83","150.33","150.33","239.40"
"18/07/2024 01:00:00 - 18/07/2024 02:00:00","Belgium (BE)","117.08","211.38","211.38","249.82"
"18/07/2024 02:00:00 - 18/07/2024 03:00:00","Belgium (BE)","129.13","267.63","267.63","196.96"
"18/07/2024 03:00:00 - 18/07/2024 04:00:00","Belgium (BE)","122.53","235.95","235.95","168.53"
"18/07/2024 04:00:00 - 18/07/2024 05:00:00","Belgium (BE)","109.25","185.68","185.68","155.81"
"18/07/2024 05:00:00 - 18/07/2024 06:00:00","Belgium (BE)","100.63","175.95","175.95","135.99"
"18/07/2024 06:00:00 - 18/07/2024 07:00:00","Belgium (BE)","93.78","174.50","174.50","124.71"
"18/07/2024 07:00:00 - 18/07/2024 08:00:00","Belgium (BE)","82.00","158.00","155.75","122.24"
"18/07/2024 08:00:00 - 18/07/2024 09:00:00","Belgium (BE)","57.50","113.50","113.20","104.32"
"18/07/2024 09:00:00 - 18/07/2024 10:00:00","Belgium (BE)","21.43","48.90","62.05","38.08"
"18/07/2024 10:00:00 - 18/07/2024 11:00:00","Belgium (BE)","7.43","11.85","33.65","16.47"
"18/07/2024 11:00:00 - 18/07/2024 12:00:00","Belgium (BE)","5.65","6.03","14.60","16.32"
"18/07/2024 12:00:00 - 18/07/2024 13:00:00","Belgium (BE)","5.65","5.40","13.85","13.79"
"18/07/2024 13:00:00 - 18/07/2024 14:00:00","Belgium (BE)","6.40","6.58","14.78","15.25"
"18/07/2024 14:00:00 - 18/07/2024 15:00:00","Belgium (BE)","7.58","7.80","13.55","26.12"
"18/07/2024 15:00:00 - 18/07/2024 16:00:00","Belgium (BE)","9.18","8.23","14.93","24.28"
"18/07/2024 16:00:00 - 18/07/2024 17:00:00","Belgium (BE)","12.83","10.80","15.68","26.84"
"18/07/2024 17:00:00 - 18/07/2024 18:00:00","Belgium (BE)","17.70","16.00","19.25","28.13"
"18/07/2024 18:00:00 - 18/07/2024 19:00:00","Belgium (BE)","25.18","22.60","23.98","33.24"
"18/07/2024 19:00:00 - 18/07/2024 20:00:00","Belgium (BE)","42.83","34.48","37.15","38.34"
"18/07/2024 20:00:00 - 18/07/2024 21:00:00","Belgium (BE)","83.35","64.03","62.60","60.55"
"18/07/2024 21:00:00 - 18/07/2024 22:00:00","Belgium (BE)","172.13","124.15","105.63","116.92"
"18/07/2024 22:00:00 - 18/07/2024 23:00:00","Belgium (BE)","277.75","202.05","181.68","168.81"
"18/07/2024 23:00:00 - 19/07/2024 00:00:00","Belgium (BE)","357.35","278.70","249.43","235.20"
"19/07/2024 00:00:00 - 19/07/2024 01:00:00","Belgium (BE)","280.25","266.28","266.28","295.12"
"19/07/2024 01:00:00 - 19/07/2024 02:00:00","Belgium (BE)","282.25","271.98","271.98","300.04"
"19/07/2024 02:00:00 - 19/07/2024 03:00:00","Belgium (BE)","265.33","319.53","319.53","323.82"
"19/07/2024 03:00:00 - 19/07/2024 04:00:00","Belgium (BE)","237.38","267.40","267.40","301.54"
"19/07/2024 04:00:00 - 19/07/2024 05:00:00","Belgium (BE)","205.53","254.00","254.00","291.69"
"19/07/2024 05:00:00 - 19/07/2024 06:00:00","Belgium (BE)","180.35","241.55","241.55","270.84"
"19/07/2024 06:00:00 - 19/07/2024 07:00:00","Belgium (BE)","159.38","245.83","245.83","245.85"
"19/07/2024 07:00:00 - 19/07/2024 08:00:00","Belgium (BE)","145.55","223.13","242.30","217.40"
"19/07/2024 08:00:00 - 19/07/2024 09:00:00","Belgium (BE)","126.43","179.38","190.63","170.89"
"19/07/2024 09:00:00 - 19/07/2024 10:00:00","Belgium (BE)","73.95","104.28","132.93","95.96"
"19/07/2024 10:00:00 - 19/07/2024 11:00:00","Belgium (BE)","24.13","46.85","65.63","37.44"
"19/07/2024 11:00:00 - 19/07/2024 12:00:00","Belgium (BE)","8.60","23.00","37.03","18.45"
"19/07/2024 12:00:00 - 19/07/2024 13:00:00","Belgium (BE)","7.83","13.08","21.28","17.81"
"19/07/2024 13:00:00 - 19/07/2024 14:00:00","Belgium (BE)","9.85","13.10","18.60","27.26"
"19/07/2024 14:00:00 - 19/07/2024 15:00:00","Belgium (BE)","11.68","15.38","20.95","42.46"
"19/07/2024 15:00:00 - 19/07/2024 16:00:00","Belgium (BE)","14.03","24.43","32.00","57.97"
"19/07/2024 16:00:00 - 19/07/2024 17:00:00","Belgium (BE)","19.93","32.58","36.93","54.08"
"19/07/2024 17:00:00 - 19/07/2024 18:00:00","Belgium (BE)","26.55","33.75","39.20","58.18"
"19/07/2024 18:00:00 - 19/07/2024 19:00:00","Belgium (BE)","36.93","38.10","37.65","54.65"
"19/07/2024 19:00:00 - 19/07/2024 20:00:00","Belgium (BE)","47.13","44.95","45.03","60.73"
"19/07/2024 20:00:00 - 19/07/2024 21:00:00","Belgium (BE)","71.48","66.55","70.28","65.34"
"19/07/2024 21:00:00 - 19/07/2024 22:00:00","Belgium (BE)","124.40","106.83","137.80","161.35"
"19/07/2024 22:00:00 - 19/07/2024 23:00:00","Belgium (BE)","190.98","165.93","232.43","356.34"
"19/07/2024 23:00:00 - 20/07/2024 00:00:00","Belgium (BE)","241.05","209.78","296.98","506.20"
"20/07/2024 00:00:00 - 20/07/2024 01:00:00","Belgium (BE)","326.18","368.35","368.35","526.00"
"20/07/2024 01:00:00 - 20/07/2024 02:00:00","Belgium (BE)","337.68","400.33","400.33","482.42"
"20/07/2024 02:00:00 - 20/07/2024 03:00:00","Belgium (BE)","326.58","385.65","385.65","380.71"
"20/07/2024 03:00:00 - 20/07/2024 04:00:00","Belgium (BE)","297.30","330.65","330.65","315.99"
"20/07/2024 04:00:00 - 20/07/2024 05:00:00","Belgium (BE)","258.10","280.35","280.35","283.27"
"20/07/2024 05:00:00 - 20/07/2024 06:00:00","Belgium (BE)","234.93","253.40","253.40","261.25"
"20/07/2024 06:00:00 - 20/07/2024 07:00:00","Belgium (BE)","220.20","250.73","250.73","239.68"
"20/07/2024 07:00:00 - 20/07/2024 08:00:00","Belgium (BE)","205.53","229.03","227.08","235.77"
"20/07/2024 08:00:00 - 20/07/2024 09:00:00","Belgium (BE)","167.58","181.75","180.18","156.34"
"20/07/2024 09:00:00 - 20/07/2024 10:00:00","Belgium (BE)","85.53","96.80","115.60","57.87"
"20/07/2024 10:00:00 - 20/07/2024 11:00:00","Belgium (BE)","40.18","45.98","64.30","37.31"
"20/07/2024 11:00:00 - 20/07/2024 12:00:00","Belgium (BE)","46.28","39.85","48.25","38.82"
"20/07/2024 12:00:00 - 20/07/2024 13:00:00","Belgium (BE)","63.18","45.00","45.15","45.35"
"20/07/2024 13:00:00 - 20/07/2024 14:00:00","Belgium (BE)","82.50","57.40","56.48","67.47"
"20/07/2024 14:00:00 - 20/07/2024 15:00:00","Belgium (BE)","111.05","88.30","75.13","86.22"
"20/07/2024 15:00:00 - 20/07/2024 16:00:00","Belgium (BE)","135.55","111.95","99.03","131.40"
"20/07/2024 16:00:00 - 20/07/2024 17:00:00","Belgium (BE)","138.88","111.63","120.65","125.38"
"20/07/2024 17:00:00 - 20/07/2024 18:00:00","Belgium (BE)","103.28","98.08","115.03","177.23"
"20/07/2024 18:00:00 - 20/07/2024 19:00:00","Belgium (BE)","75.63","70.83","76.25","211.75"
"20/07/2024 19:00:00 - 20/07/2024 20:00:00","Belgium (BE)","55.75","57.90","73.68","120.54"
"20/07/2024 20:00:00 - 20/07/2024 21:00:00","Belgium (BE)","72.45","60.20","98.83","107.32"
"20/07/2024 21:00:00 - 20/07/2024 22:00:00","Belgium (BE)","103.95","86.75","91.50","127.74"
"20/07/2024 22:00:00 - 20/07/2024 23:00:00","Belgium (BE)","137.35","121.95","97.58","152.00"
"20/07/2024 23:00:00 - 21/07/2024 00:00:00","Belgium (BE)","142.13","141.88","98.23","167.11"
"21/07/2024 00:00:00 - 21/07/2024 01:00:00","Belgium (BE)","104.08","124.68","124.68","148.04"
"21/07/2024 01:00:00 - 21/07/2024 02:00:00","Belgium (BE)","111.80","146.08","146.08","282.52"
"21/07/2024 02:00:00 - 21/07/2024 03:00:00","Belgium (BE)","126.33","123.05","123.05","466.49"
"21/07/2024 03:00:00 - 21/07/2024 04:00:00","Belgium (BE)","135.15","182.13","182.13","435.89"
"21/07/2024 04:00:00 - 21/07/2024 05:00:00","Belgium (BE)","147.23","295.48","295.48","339.77"
"21/07/2024 05:00:00 - 21/07/2024 06:00:00","Belgium (BE)","180.75","277.05","277.05","285.20"
"21/07/2024 06:00:00 - 21/07/2024 07:00:00","Belgium (BE)","205.18","230.33","230.33","276.70"
"21/07/2024 07:00:00 - 21/07/2024 08:00:00","Belgium (BE)","192.80","191.15","203.08","253.16"
"21/07/2024 08:00:00 - 21/07/2024 09:00:00","Belgium (BE)","137.55","147.95","158.53","252.90"
"21/07/2024 09:00:00 - 21/07/2024 10:00:00","Belgium (BE)","91.28","122.18","173.65","255.72"
"21/07/2024 10:00:00 - 21/07/2024 11:00:00","Belgium (BE)","88.65","127.48","188.20","219.13"
"21/07/2024 11:00:00 - 21/07/2024 12:00:00","Belgium (BE)","121.30","144.80","189.05","147.40"
"21/07/2024 12:00:00 - 21/07/2024 13:00:00","Belgium (BE)","180.50","162.48","173.38","100.63"
"21/07/2024 13:00:00 - 21/07/2024 14:00:00","Belgium (BE)","226.38","189.40","174.83","103.58"
"21/07/2024 14:00:00 - 21/07/2024 15:00:00","Belgium (BE)","275.60","233.60","186.63","121.90"
"21/07/2024 15:00:00 - 21/07/2024 16:00:00","Belgium (BE)","326.43","293.03","234.78","135.38"
"21/07/2024 16:00:00 - 21/07/2024 17:00:00","Belgium (BE)","374.43","354.10","300.48","170.65"
"21/07/2024 17:00:00 - 21/07/2024 18:00:00","Belgium (BE)","403.98","397.93","366.33","233.09"
"21/07/2024 18:00:00 - 21/07/2024 19:00:00","Belgium (BE)","397.08","404.13","381.70","250.77"
"21/07/2024 19:00:00 - 21/07/2024 20:00:00","Belgium (BE)","358.30","367.08","341.80","267.02"
"21/07/2024 20:00:00 - 21/07/2024 21:00:00","Belgium (BE)","289.50","296.00","279.68","258.59"
"21/07/2024 21:00:00 - 21/07/2024 22:00:00","Belgium (BE)","223.03","238.33","222.35","197.83"
"21/07/2024 22:00:00 - 21/07/2024 23:00:00","Belgium (BE)","186.23","212.30","191.78","174.93"
"21/07/2024 23:00:00 - 22/07/2024 00:00:00","Belgium (BE)","178.10","197.68","157.13","179.32"
"22/07/2024 00:00:00 - 22/07/2024 01:00:00","Belgium (BE)","148.05","158.95","158.95","156.20"
"22/07/2024 01:00:00 - 22/07/2024 02:00:00","Belgium (BE)","129.85","152.35","152.35","133.59"
"22/07/2024 02:00:00 - 22/07/2024 03:00:00","Belgium (BE)","107.90","159.70","159.70","128.60"
"22/07/2024 03:00:00 - 22/07/2024 04:00:00","Belgium (BE)","91.85","169.85","169.85","141.25"
"22/07/2024 04:00:00 - 22/07/2024 05:00:00","Belgium (BE)","91.38","185.48","185.48","141.02"
"22/07/2024 05:00:00 - 22/07/2024 06:00:00","Belgium (BE)","98.03","214.33","214.33","165.51"
"22/07/2024 06:00:00 - 22/07/2024 07:00:00","Belgium (BE)","119.13","259.33","259.33","210.33"
"22/07/2024 07:00:00 - 22/07/2024 08:00:00","Belgium (BE)","144.48","294.15","294.18","227.06"
"22/07/2024 08:00:00 - 22/07/2024 09:00:00","Belgium (BE)","161.98","307.60","307.58","257.23"
"22/07/2024 09:00:00 - 22/07/2024 10:00:00","Belgium (BE)","194.50","314.23","319.45","267.05"
"22/07/2024 10:00:00 - 22/07/2024 11:00:00","Belgium (BE)","239.63","330.95","326.63","287.14"
"22/07/2024 11:00:00 - 22/07/2024 12:00:00","Belgium (BE)","285.80","357.85","353.03","352.76"
"22/07/2024 12:00:00 - 22/07/2024 13:00:00","Belgium (BE)","320.00","386.75","375.03","412.10"
"22/07/2024 13:00:00 - 22/07/2024 14:00:00","Belgium (BE)","343.80","413.73","400.88","411.20"
"22/07/2024 14:00:00 - 22/07/2024 15:00:00","Belgium (BE)","384.30","454.38","441.08","388.24"
"22/07/2024 15:00:00 - 22/07/2024 16:00:00","Belgium (BE)","431.38","494.80","480.05","393.09"
"22/07/2024 16:00:00 - 22/07/2024 17:00:00","Belgium (BE)","474.85","524.50","504.03","372.52"
"22/07/2024 17:00:00 - 22/07/2024 18:00:00","Belgium (BE)","501.63","540.45","514.23","450.66"
"22/07/2024 18:00:00 - 22/07/2024 19:00:00","Belgium (BE)","485.75","529.15","506.55","474.71"
"22/07/2024 19:00:00 - 22/07/2024 20:00:00","Belgium (BE)","426.70","470.93","452.63","382.01"
"22/07/2024 20:00:00 - 22/07/2024 21:00:00","Belgium (BE)","379.10","401.85","399.93","360.60"
"22/07/2024 21:00:00 - 22/07/2024 22:00:00","Belgium (BE)","371.25","382.55","395.78","389.95"
"22/07/2024 22:00:00 - 22/07/2024 23:00:00","Belgium (BE)","398.75","427.15","461.38","523.90"
"22/07/2024 23:00:00 - 23/07/2024 00:00:00","Belgium (BE)","442.90","503.23","542.48","578.31"
"23/07/2024 00:00:00 - 23/07/2024 01:00:00","Belgium (BE)","573.33","492.08","492.08","678.73"
"23/07/2024 01:00:00 - 23/07/2024 02:00:00","Belgium (BE)","577.38","487.83","487.83","611.26"
"23/07/2024 02:00:00 - 23/07/2024 03:00:00","Belgium (BE)","581.58","478.85","478.85","573.93"
"23/07/2024 03:00:00 - 23/07/2024 04:00:00","Belgium (BE)","567.10","472.78","472.78","578.59"
"23/07/2024 04:00:00 - 23/07/2024 05:00:00","Belgium (BE)","515.38","492.10","492.10","584.45"
"23/07/2024 05:00:00 - 23/07/2024 06:00:00","Belgium (BE)","465.25","556.35","556.35","609.21"
"23/07/2024 06:00:00 - 23/07/2024 07:00:00","Belgium (BE)","476.20","638.48","638.48","636.55"
"23/07/2024 07:00:00 - 23/07/2024 08:00:00","Belgium (BE)","542.05","693.18","693.18","641.17"
"23/07/2024 08:00:00 - 23/07/2024 09:00:00","Belgium (BE)","637.70","731.98","780.63","717.17"
"23/07/2024 09:00:00 - 23/07/2024 10:00:00","Belgium (BE)","721.65","761.48","836.40","849.45"
"23/07/2024 10:00:00 - 23/07/2024 11:00:00","Belgium (BE)","790.65","768.48","846.73","987.09"
"23/07/2024 11:00:00 - 23/07/2024 12:00:00","Belgium (BE)","868.40","795.53","896.00","961.59"
"23/07/2024 12:00:00 - 23/07/2024 13:00:00","Belgium (BE)","963.05","840.50","1020.90","1153.64"
"23/07/2024 13:00:00 - 23/07/2024 14:00:00","Belgium (BE)","1048.65","904.08","1074.55","1246.60"
"23/07/2024 14:00:00 - 23/07/2024 15:00:00","Belgium (BE)","1081.55","948.90","1101.50","1340.19"
"23/07/2024 15:00:00 - 23/07/2024 16:00:00","Belgium (BE)","1066.68","944.25","1101.65","1382.92"
"23/07/2024 16:00:00 - 23/07/2024 17:00:00","Belgium (BE)","999.63","887.58","1005.20","1181.68"
"23/07/2024 17:00:00 - 23/07/2024 18:00:00","Belgium (BE)","898.90","811.38","940.83","856.47"
"23/07/2024 18:00:00 - 23/07/2024 19:00:00","Belgium (BE)","768.15","696.90","749.05","717.34"
"23/07/2024 19:00:00 - 23/07/2024 20:00:00","Belgium (BE)","619.98","568.28","591.25","607.55"
"23/07/2024 20:00:00 - 23/07/2024 21:00:00","Belgium (BE)","504.33","476.20","491.93","433.23"
"23/07/2024 21:00:00 - 23/07/2024 22:00:00","Belgium (BE)","417.08","402.88","391.60","360.56"
"23/07/2024 22:00:00 - 23/07/2024 23:00:00","Belgium (BE)","352.15","341.65","332.00","283.31"
"23/07/2024 23:00:00 - 24/07/2024 00:00:00","Belgium (BE)","294.13","300.15","290.75","253.58"
"24/07/2024 00:00:00 - 24/07/2024 01:00:00","Belgium (BE)","247.48","224.63","224.63","222.75"
"24/07/2024 01:00:00 - 24/07/2024 02:00:00","Belgium (BE)","216.40","216.35","216.35","177.70"
"24/07/2024 02:00:00 - 24/07/2024 03:00:00","Belgium (BE)","181.03","177.43","177.43","155.56"
"24/07/2024 03:00:00 - 24/07/2024 04:00:00","Belgium (BE)","158.48","162.60","162.60","164.90"
"24/07/2024 04:00:00 - 24/07/2024 05:00:00","Belgium (BE)","149.95","157.23","157.23","182.93"
"24/07/2024 05:00:00 - 24/07/2024 06:00:00","Belgium (BE)","143.25","152.33","152.33","173.71"
"24/07/2024 06:00:00 - 24/07/2024 07:00:00","Belgium (BE)","127.25","134.83","134.83","151.32"
"24/07/2024 07:00:00 - 24/07/2024 08:00:00","Belgium (BE)","98.05","128.85","128.85","127.11"
"24/07/2024 08:00:00 - 24/07/2024 09:00:00","Belgium (BE)","63.78","99.70","99.70","57.88"
"24/07/2024 09:00:00 - 24/07/2024 10:00:00","Belgium (BE)","27.48","68.85","68.20","41.01"
"24/07/2024 10:00:00 - 24/07/2024 11:00:00","Belgium (BE)","13.05","38.55","41.23","28.82"
"24/07/2024 11:00:00 - 24/07/2024 12:00:00","Belgium (BE)","10.95","27.10","27.65","17.23"
"24/07/2024 12:00:00 - 24/07/2024 13:00:00","Belgium (BE)","11.60","29.28","22.70","17.24"
"24/07/2024 13:00:00 - 24/07/2024 14:00:00","Belgium (BE)","13.95","30.85","17.48","18.79"
"24/07/2024 14:00:00 - 24/07/2024 15:00:00","Belgium (BE)","16.58","31.98","21.53","21.07"
"24/07/2024 15:00:00 - 24/07/2024 16:00:00","Belgium (BE)","23.73","35.85","26.25","25.54"
"24/07/2024 16:00:00 - 24/07/2024 17:00:00","Belgium (BE)","31.28","42.53","33.05","25.31"
"24/07/2024 17:00:00 - 24/07/2024 18:00:00","Belgium (BE)","38.45","50.08","40.20","30.60"
"24/07/2024 18:00:00 - 24/07/2024 19:00:00","Belgium (BE)","39.20","57.78","41.83","34.89"
"24/07/2024 19:00:00 - 24/07/2024 20:00:00","Belgium (BE)","33.53","57.60","37.85","25.22"
"24/07/2024 20:00:00 - 24/07/2024 21:00:00","Belgium (BE)","33.10","61.43","43.58","22.16"
"24/07/2024 21:00:00 - 24/07/2024 22:00:00","Belgium (BE)","53.90","77.33","53.38","37.41"
"24/07/2024 22:00:00 - 24/07/2024 23:00:00","Belgium (BE)","81.88","101.70","71.85","49.32"
"24/07/2024 23:00:00 - 25/07/2024 00:00:00","Belgium (BE)","116.65","125.98","94.55","66.23"
"25/07/2024 00:00:00 - 25/07/2024 01:00:00","Belgium (BE)","125.98","99.33","99.33","83.28"
"25/07/2024 01:00:00 - 25/07/2024 02:00:00","Belgium (BE)","159.23","130.05","130.05","153.51"
"25/07/2024 02:00:00 - 25/07/2024 03:00:00","Belgium (BE)","183.53","175.73","175.73","211.46"
"25/07/2024 03:00:00 - 25/07/2024 04:00:00","Belgium (BE)","196.93","203.38","203.38","256.96"
"25/07/2024 04:00:00 - 25/07/2024 05:00:00","Belgium (BE)","199.65","220.35","220.35","281.10"
"25/07/2024 05:00:00 - 25/07/2024 06:00:00","Belgium (BE)","201.95","237.70","237.70","257.08"
"25/07/2024 06:00:00 - 25/07/2024 07:00:00","Belgium (BE)","215.78","266.40","266.40","290.76"
"25/07/2024 07:00:00 - 25/07/2024 08:00:00","Belgium (BE)","248.35","301.30","301.30","312.63"
"25/07/2024 08:00:00 - 25/07/2024 09:00:00","Belgium (BE)","243.75","258.38","252.53","239.17"
"25/07/2024 09:00:00 - 25/07/2024 10:00:00","Belgium (BE)","168.98","177.38","190.55","149.10"
"25/07/2024 10:00:00 - 25/07/2024 11:00:00","Belgium (BE)","126.90","163.40","206.25","182.06"
"25/07/2024 11:00:00 - 25/07/2024 12:00:00","Belgium (BE)","138.33","189.18","223.98","247.43"
"25/07/2024 12:00:00 - 25/07/2024 13:00:00","Belgium (BE)","163.40","220.85","266.00","353.30"
"25/07/2024 13:00:00 - 25/07/2024 14:00:00","Belgium (BE)","206.58","278.70","324.83","401.73"
"25/07/2024 14:00:00 - 25/07/2024 15:00:00","Belgium (BE)","270.45","337.13","360.83","409.03"
"25/07/2024 15:00:00 - 25/07/2024 16:00:00","Belgium (BE)","284.03","345.88","339.00","321.41"
"25/07/2024 16:00:00 - 25/07/2024 17:00:00","Belgium (BE)","264.05","318.25","304.05","211.76"
"25/07/2024 17:00:00 - 25/07/2024 18:00:00","Belgium (BE)","230.98","249.38","234.20","163.64"
"25/07/2024 18:00:00 - 25/07/2024 19:00:00","Belgium (BE)","182.43","175.63","174.48","132.30"
"25/07/2024 19:00:00 - 25/07/2024 20:00:00","Belgium (BE)","133.58","134.23","164.90","107.91"
"25/07/2024 20:00:00 - 25/07/2024 21:00:00","Belgium (BE)","121.40","106.40","181.70","117.29"
"25/07/2024 21:00:00 - 25/07/2024 22:00:00","Belgium (BE)","141.58","113.85","209.13","181.39"
"25/07/2024 22:00:00 - 25/07/2024 23:00:00","Belgium (BE)","180.10","154.20","243.28","239.33"
"25/07/2024 23:00:00 - 26/07/2024 00:00:00","Belgium (BE)","233.38","229.65","293.05","397.60"
"26/07/2024 00:00:00 - 26/07/2024 01:00:00","Belgium (BE)","369.55","414.00","414.00","472.72"
"26/07/2024 01:00:00 - 26/07/2024 02:00:00","Belgium (BE)","402.10","541.50","541.50","499.85"
"26/07/2024 02:00:00 - 26/07/2024 03:00:00","Belgium (BE)","395.53","521.90","521.90","546.16"
"26/07/2024 03:00:00 - 26/07/2024 04:00:00","Belgium (BE)","375.35","526.08","526.08","634.80"
"26/07/2024 04:00:00 - 26/07/2024 05:00:00","Belgium (BE)","368.85","537.30","537.30","680.68"
"26/07/2024 05:00:00 - 26/07/2024 06:00:00","Belgium (BE)","371.18","516.18","516.18","578.41"
"26/07/2024 06:00:00 - 26/07/2024 07:00:00","Belgium (BE)","367.50","504.93","504.93","459.83"
"26/07/2024 07:00:00 - 26/07/2024 08:00:00","Belgium (BE)","347.23","437.70","437.70","435.04"
"26/07/2024 08:00:00 - 26/07/2024 09:00:00","Belgium (BE)","348.75","382.00","382.35","394.00"
"26/07/2024 09:00:00 - 26/07/2024 10:00:00","Belgium (BE)","355.43","344.90","376.93","341.28"
"26/07/2024 10:00:00 - 26/07/2024 11:00:00","Belgium (BE)","338.38","332.68","372.18","283.32"
"26/07/2024 11:00:00 - 26/07/2024 12:00:00","Belgium (BE)","313.25","325.58","342.80","227.41"
"26/07/2024 12:00:00 - 26/07/2024 13:00:00","Belgium (BE)","281.13","311.23","305.33","258.67"
"26/07/2024 13:00:00 - 26/07/2024 14:00:00","Belgium (BE)","261.30","302.73","314.35","283.17"
"26/07/2024 14:00:00 - 26/07/2024 15:00:00","Belgium (BE)","258.73","308.33","286.18","261.37"
"26/07/2024 15:00:00 - 26/07/2024 16:00:00","Belgium (BE)","251.33","296.65","281.10","229.87"
"26/07/2024 16:00:00 - 26/07/2024 17:00:00","Belgium (BE)","233.88","273.90","248.80","208.20"
"26/07/2024 17:00:00 - 26/07/2024 18:00:00","Belgium (BE)","205.33","240.75","196.00","188.34"
"26/07/2024 18:00:00 - 26/07/2024 19:00:00","Belgium (BE)","170.93","191.18","156.35","129.59"
"26/07/2024 19:00:00 - 26/07/2024 20:00:00","Belgium (BE)","141.88","141.45","107.03","75.74"
"26/07/2024 20:00:00 - 26/07/2024 21:00:00","Belgium (BE)","118.53","107.10","67.55","58.62"
"26/07/2024 21:00:00 - 26/07/2024 22:00:00","Belgium (BE)","96.58","88.13","56.20","50.39"
"26/07/2024 22:00:00 - 26/07/2024 23:00:00","Belgium (BE)","84.35","80.75","56.80","30.82"
"26/07/2024 23:00:00 - 27/07/2024 00:00:00","Belgium (BE)","68.38","64.78","49.60","25.93"
"27/07/2024 00:00:00 - 27/07/2024 01:00:00","Belgium (BE)","46.60","34.35","34.35","25.22"
"27/07/2024 01:00:00 - 27/07/2024 02:00:00","Belgium (BE)","41.88","32.53","32.53","20.07"
"27/07/2024 02:00:00 - 27/07/2024 03:00:00","Belgium (BE)","33.08","24.78","24.78","28.28"
"27/07/2024 03:00:00 - 27/07/2024 04:00:00","Belgium (BE)","29.60","26.48","26.48","31.10"
"27/07/2024 04:00:00 - 27/07/2024 05:00:00","Belgium (BE)","27.95","29.33","29.33","36.15"
"27/07/2024 05:00:00 - 27/07/2024 06:00:00","Belgium (BE)","26.13","27.38","27.38","44.58"
"27/07/2024 06:00:00 - 27/07/2024 07:00:00","Belgium (BE)","24.48","35.40","35.40","45.80"
"27/07/2024 07:00:00 - 27/07/2024 08:00:00","Belgium (BE)","21.60","52.25","52.25","40.88"
"27/07/2024 08:00:00 - 27/07/2024 09:00:00","Belgium (BE)","15.38","49.38","37.93","19.94"
"27/07/2024 09:00:00 - 27/07/2024 10:00:00","Belgium (BE)","12.48","36.33","20.63","16.76"
"27/07/2024 10:00:00 - 27/07/2024 11:00:00","Belgium (BE)","14.25","31.15","24.65","22.58"
"27/07/2024 11:00:00 - 27/07/2024 12:00:00","Belgium (BE)","15.50","32.23","38.05","36.03"
"27/07/2024 12:00:00 - 27/07/2024 13:00:00","Belgium (BE)","19.30","40.55","54.38","56.09"
"27/07/2024 13:00:00 - 27/07/2024 14:00:00","Belgium (BE)","29.50","63.75","85.33","94.89"
"27/07/2024 14:00:00 - 27/07/2024 15:00:00","Belgium (BE)","47.30","86.20","120.28","93.67"
"27/07/2024 15:00:00 - 27/07/2024 16:00:00","Belgium (BE)","75.78","117.28","159.33","123.92"
"27/07/2024 16:00:00 - 27/07/2024 17:00:00","Belgium (BE)","100.95","138.38","173.90","153.07"
"27/07/2024 17:00:00 - 27/07/2024 18:00:00","Belgium (BE)","109.53","145.38","176.15","163.28"
"27/07/2024 18:00:00 - 27/07/2024 19:00:00","Belgium (BE)","111.68","150.55","183.18","226.78"
"27/07/2024 19:00:00 - 27/07/2024 20:00:00","Belgium (BE)","114.83","164.33","188.88","241.56"
"27/07/2024 20:00:00 - 27/07/2024 21:00:00","Belgium (BE)","120.95","177.90","221.55","232.08"
"27/07/2024 21:00:00 - 27/07/2024 22:00:00","Belgium (BE)","140.73","202.10","239.00","309.83"
"27/07/2024 22:00:00 - 27/07/2024 23:00:00","Belgium (BE)","169.05","237.63","255.93","402.99"
"27/07/2024 23:00:00 - 28/07/2024 00:00:00","Belgium (BE)","204.60","262.50","272.85","469.96"
"28/07/2024 00:00:00 - 28/07/2024 01:00:00","Belgium (BE)","292.48","339.33","339.33","453.67"
"28/07/2024 01:00:00 - 28/07/2024 02:00:00","Belgium (BE)","311.15","359.03","359.03","415.29"
"28/07/2024 02:00:00 - 28/07/2024 03:00:00","Belgium (BE)","297.80","320.58","320.58","363.94"
"28/07/2024 03:00:00 - 28/07/2024 04:00:00","Belgium (BE)","250.65","283.50","283.50","300.80"
"28/07/2024 04:00:00 - 28/07/2024 05:00:00","Belgium (BE)","196.45","237.98","237.98","227.16"
"28/07/2024 05:00:00 - 28/07/2024 06:00:00","Belgium (BE)","163.00","210.83","210.83","161.00"
"28/07/2024 06:00:00 - 28/07/2024 07:00:00","Belgium (BE)","137.25","177.73","177.73","123.81"
"28/07/2024 07:00:00 - 28/07/2024 08:00:00","Belgium (BE)","101.23","128.00","122.60","85.36"
"28/07/2024 08:00:00 - 28/07/2024 09:00:00","Belgium (BE)","52.60","63.90","60.23","25.01"
"28/07/2024 09:00:00 - 28/07/2024 10:00:00","Belgium (BE)","19.33","21.43","18.50","11.59"
"28/07/2024 10:00:00 - 28/07/2024 11:00:00","Belgium (BE)","18.83","11.15","8.65","17.06"
"28/07/2024 11:00:00 - 28/07/2024 12:00:00","Belgium (BE)","16.75","7.93","10.03","16.94"
"28/07/2024 12:00:00 - 28/07/2024 13:00:00","Belgium (BE)","15.68","8.90","10.73","20.72"
"28/07/2024 13:00:00 - 28/07/2024 14:00:00","Belgium (BE)","17.38","11.13","16.70","22.39"
"28/07/2024 14:00:00 - 28/07/2024 15:00:00","Belgium (BE)","18.03","12.83","16.70","23.44"
"28/07/2024 15:00:00 - 28/07/2024 16:00:00","Belgium (BE)","18.23","14.83","19.15","22.55"
"28/07/2024 16:00:00 - 28/07/2024 17:00:00","Belgium (BE)","22.68","22.85","29.45","25.94"
"28/07/2024 17:00:00 - 28/07/2024 18:00:00","Belgium (BE)","33.08","35.88","41.13","37.64"
"28/07/2024 18:00:00 - 28/07/2024 19:00:00","Belgium (BE)","56.13","61.55","69.70","54.31"
"28/07/2024 19:00:00 - 28/07/2024 20:00:00","Belgium (BE)","94.93","105.78","111.60","72.84"
"28/07/2024 20:00:00 - 28/07/2024 21:00:00","Belgium (BE)","146.13","157.15","158.20","105.31"
"28/07/2024 21:00:00 - 28/07/2024 22:00:00","Belgium (BE)","202.03","220.63","222.10","212.35"
"28/07/2024 22:00:00 - 28/07/2024 23:00:00","Belgium (BE)","257.33","287.63","292.53","372.14"
"28/07/2024 23:00:00 - 29/07/2024 00:00:00","Belgium (BE)","300.45","327.33","331.50","499.60"
"29/07/2024 00:00:00 - 29/07/2024 01:00:00","Belgium (BE)","375.15","428.88","428.88","548.56"
"29/07/2024 01:00:00 - 29/07/2024 02:00:00","Belgium (BE)","422.45","491.88","491.88","563.98"
"29/07/2024 02:00:00 - 29/07/2024 03:00:00","Belgium (BE)","450.43","479.53","479.53","609.39"
"29/07/2024 03:00:00 - 29/07/2024 04:00:00","Belgium (BE)","454.20","443.73","443.73","610.58"
"29/07/2024 04:00:00 - 29/07/2024 05:00:00","Belgium (BE)","429.50","420.05","420.05","569.62"
"29/07/2024 05:00:00 - 29/07/2024 06:00:00","Belgium (BE)","391.23","401.05","401.05","519.86"
"29/07/2024 06:00:00 - 29/07/2024 07:00:00","Belgium (BE)","366.18","391.98","391.98","414.10"
"29/07/2024 07:00:00 - 29/07/2024 08:00:00","Belgium (BE)","353.28","356.73","356.73","356.79"
"29/07/2024 08:00:00 - 29/07/2024 09:00:00","Belgium (BE)","274.28","252.15","273.08","222.90"
"29/07/2024 09:00:00 - 29/07/2024 10:00:00","Belgium (BE)","147.90","132.53","172.55","80.10"
"29/07/2024 10:00:00 - 29/07/2024 11:00:00","Belgium (BE)","114.33","97.55","135.45","119.58"
"29/07/2024 11:00:00 - 29/07/2024 12:00:00","Belgium (BE)","151.48","123.08","128.60","241.90"
"29/07/2024 12:00:00 - 29/07/2024 13:00:00","Belgium (BE)","177.53","140.65","169.48","241.87"
"29/07/2024 13:00:00 - 29/07/2024 14:00:00","Belgium (BE)","166.50","136.63","169.18","193.01"
"29/07/2024 14:00:00 - 29/07/2024 15:00:00","Belgium (BE)","139.83","121.58","178.70","172.26"
"29/07/2024 15:00:00 - 29/07/2024 16:00:00","Belgium (BE)","112.30","100.23","137.85","175.30"
"29/07/2024 16:00:00 - 29/07/2024 17:00:00","Belgium (BE)","85.15","81.75","103.73","143.49"
"29/07/2024 17:00:00 - 29/07/2024 18:00:00","Belgium (BE)","65.50","67.78","93.40","91.99"
"29/07/2024 18:00:00 - 29/07/2024 19:00:00","Belgium (BE)","53.45","57.73","73.75","69.71"
"29/07/2024 19:00:00 - 29/07/2024 20:00:00","Belgium (BE)","53.60","55.65","64.23","53.31"
"29/07/2024 20:00:00 - 29/07/2024 21:00:00","Belgium (BE)","86.95","77.35","99.03","74.39"
"29/07/2024 21:00:00 - 29/07/2024 22:00:00","Belgium (BE)","156.25","140.85","182.10","170.78"
"29/07/2024 22:00:00 - 29/07/2024 23:00:00","Belgium (BE)","233.80","223.50","286.73","300.20"
"29/07/2024 23:00:00 - 30/07/2024 00:00:00","Belgium (BE)","286.05","262.65","330.73","349.50"
"30/07/2024 00:00:00 - 30/07/2024 01:00:00","Belgium (BE)","311.38","305.30","305.30","350.00"
"30/07/2024 01:00:00 - 30/07/2024 02:00:00","Belgium (BE)","264.65","289.93","289.93","272.56"
"30/07/2024 02:00:00 - 30/07/2024 03:00:00","Belgium (BE)","236.35","287.23","287.23","209.25"
"30/07/2024 03:00:00 - 30/07/2024 04:00:00","Belgium (BE)","227.45","275.50","275.50","185.41"
"30/07/2024 04:00:00 - 30/07/2024 05:00:00","Belgium (BE)","207.10","267.23","267.23","167.48"
"30/07/2024 05:00:00 - 30/07/2024 06:00:00","Belgium (BE)","173.15","199.98","199.98","151.47"
"30/07/2024 06:00:00 - 30/07/2024 07:00:00","Belgium (BE)","127.83","162.65","162.65","128.74"
"30/07/2024 07:00:00 - 30/07/2024 08:00:00","Belgium (BE)","80.63","122.30","122.30","101.62"
"30/07/2024 08:00:00 - 30/07/2024 09:00:00","Belgium (BE)","44.33","91.18","91.18","58.83"
"30/07/2024 09:00:00 - 30/07/2024 10:00:00","Belgium (BE)","16.30","38.20","32.65","8.98"
"30/07/2024 10:00:00 - 30/07/2024 11:00:00","Belgium (BE)","6.18","7.93","11.60","2.80"
"30/07/2024 11:00:00 - 30/07/2024 12:00:00","Belgium (BE)","6.68","5.28","9.15","4.68"
"30/07/2024 12:00:00 - 30/07/2024 13:00:00","Belgium (BE)","10.60","7.53","7.65","8.75"
"30/07/2024 13:00:00 - 30/07/2024 14:00:00","Belgium (BE)","17.48","13.18","13.10","17.92"
"30/07/2024 14:00:00 - 30/07/2024 15:00:00","Belgium (BE)","27.70","20.70","20.53","26.60"
"30/07/2024 15:00:00 - 30/07/2024 16:00:00","Belgium (BE)","38.68","29.95","30.40","40.30"
"30/07/2024 16:00:00 - 30/07/2024 17:00:00","Belgium (BE)","60.35","40.40","40.48","43.41"
"30/07/2024 17:00:00 - 30/07/2024 18:00:00","Belgium (BE)","93.35","59.18","52.85","56.16"
"30/07/2024 18:00:00 - 30/07/2024 19:00:00","Belgium (BE)","124.30","90.68","75.48","77.56"
"30/07/2024 19:00:00 - 30/07/2024 20:00:00","Belgium (BE)","159.93","133.53","114.45","92.51"
"30/07/2024 20:00:00 - 30/07/2024 21:00:00","Belgium (BE)","209.25","193.95","187.23","137.33"
"30/07/2024 21:00:00 - 30/07/2024 22:00:00","Belgium (BE)","282.25","269.38","255.15","253.37"
"30/07/2024 22:00:00 - 30/07/2024 23:00:00","Belgium (BE)","353.65","326.65","328.38","365.88"
"30/07/2024 23:00:00 - 31/07/2024 00:00:00","Belgium (BE)","397.68","339.60","366.93","414.58"
"31/07/2024 00:00:00 - 31/07/2024 01:00:00","Belgium (BE)","368.93","348.25","348.25","336.96"
"31/07/2024 01:00:00 - 31/07/2024 02:00:00","Belgium (BE)","333.00","357.18","357.18","346.10"
"31/07/2024 02:00:00 - 31/07/2024 03:00:00","Belgium (BE)","301.28","332.48","332.48","244.59"
"31/07/2024 03:00:00 - 31/07/2024 04:00:00","Belgium (BE)","277.45","259.80","259.80","195.79"
"31/07/2024 04:00:00 - 31/07/2024 05:00:00","Belgium (BE)","297.20","205.38","205.38","256.87"
"31/07/2024 05:00:00 - 31/07/2024 06:00:00","Belgium (BE)","320.70","203.25","203.25","241.02"
"31/07/2024 06:00:00 - 31/07/2024 07:00:00","Belgium (BE)","299.85","313.78","313.78","284.21"
"31/07/2024 07:00:00 - 31/07/2024 08:00:00","Belgium (BE)","242.03","328.83","328.83","205.51"
"31/07/2024 08:00:00 - 31/07/2024 09:00:00","Belgium (BE)","174.65","212.93","189.55","102.54"
"31/07/2024 09:00:00 - 31/07/2024 10:00:00","Belgium (BE)","124.98","122.40","84.88","87.99"
"31/07/2024 10:00:00 - 31/07/2024 11:00:00","Belgium (BE)","105.10","99.63","65.73","104.88"
"31/07/2024 11:00:00 - 31/07/2024 12:00:00","Belgium (BE)","102.95","93.05","70.25","131.89"
"31/07/2024 12:00:00 - 31/07/2024 13:00:00","Belgium (BE)","115.53","111.75","66.25","202.89"
"31/07/2024 13:00:00 - 31/07/2024 14:00:00","Belgium (BE)","146.63","139.10","121.25","206.01"
"31/07/2024 14:00:00 - 31/07/2024 15:00:00","Belgium (BE)","177.20","165.18","160.35","116.56"
"31/07/2024 15:00:00 - 31/07/2024 16:00:00","Belgium (BE)","206.98","197.65","162.50","84.29"
"31/07/2024 16:00:00 - 31/07/2024 17:00:00","Belgium (BE)","253.10","250.55","123.83","48.44"
"31/07/2024 17:00:00 - 31/07/2024 18:00:00","Belgium (BE)","299.78","294.30","111.90","50.97"
"31/07/2024 18:00:00 - 31/07/2024 19:00:00","Belgium (BE)","308.03","308.38","107.15","99.73"
"31/07/2024 19:00:00 - 31/07/2024 20:00:00","Belgium (BE)","278.30","314.00","116.60","146.41"
"31/07/2024 20:00:00 - 31/07/2024 21:00:00","Belgium (BE)","271.60","322.38","149.00","150.44"
"31/07/2024 21:00:00 - 31/07/2024 22:00:00","Belgium (BE)","323.00","344.80","205.85","207.17"
"31/07/2024 22:00:00 - 31/07/2024 23:00:00","Belgium (BE)","365.48","362.30","243.65","251.28"
"31/07/2024 23:00:00 - 01/08/2024 00:00:00","Belgium (BE)","356.80","353.05","258.68","302.82"
"01/08/2024 00:00:00 - 01/08/2024 01:00:00","Belgium (BE)","256.38","238.08","238.08","271.46"
"01/08/2024 01:00:00 - 01/08/2024 02:00:00","Belgium (BE)","271.13","259.33","259.33","243.71"
"01/08/2024 02:00:00 - 01/08/2024 03:00:00","Belgium (BE)","284.95","215.43","215.43","146.18"
"01/08/2024 03:00:00 - 01/08/2024 04:00:00","Belgium (BE)","272.45","193.55","193.55","179.62"
"01/08/2024 04:00:00 - 01/08/2024 05:00:00","Belgium (BE)","242.63","206.13","206.13","260.63"
"01/08/2024 05:00:00 - 01/08/2024 06:00:00","Belgium (BE)","261.63","197.13","197.13","195.50"
"01/08/2024 06:00:00 - 01/08/2024 07:00:00","Belgium (BE)","281.93","228.55","228.55","189.38"
"01/08/2024 07:00:00 - 01/08/2024 08:00:00","Belgium (BE)","229.85","189.95","189.95","194.34"
"01/08/2024 08:00:00 - 01/08/2024 09:00:00","Belgium (BE)","154.28","141.85","128.08","94.79"
"01/08/2024 09:00:00 - 01/08/2024 10:00:00","Belgium (BE)","97.33","113.08","86.93","32.32"
"01/08/2024 10:00:00 - 01/08/2024 11:00:00","Belgium (BE)","74.28","82.00","75.08","42.93"
"01/08/2024 11:00:00 - 01/08/2024 12:00:00","Belgium (BE)","63.35","62.20","40.00","48.87"
"01/08/2024 12:00:00 - 01/08/2024 13:00:00","Belgium (BE)","54.45","58.00","41.85","29.00"
"01/08/2024 13:00:00 - 01/08/2024 14:00:00","Belgium (BE)","64.58","71.30","49.78","13.85"
"01/08/2024 14:00:00 - 01/08/2024 15:00:00","Belgium (BE)","80.60","80.38","54.00","32.20"
"01/08/2024 15:00:00 - 01/08/2024 16:00:00","Belgium (BE)","103.03","89.13","66.15","54.04"
"01/08/2024 16:00:00 - 01/08/2024 17:00:00","Belgium (BE)","122.63","86.95","89.35","68.25"
"01/08/2024 17:00:00 - 01/08/2024 18:00:00","Belgium (BE)","140.43","82.43","101.23","80.51"
"01/08/2024 18:00:00 - 01/08/2024 19:00:00","Belgium (BE)","143.60","70.60","97.83","63.33"
"01/08/2024 19:00:00 - 01/08/2024 20:00:00","Belgium (BE)","142.18","68.05","89.63","63.34"
"01/08/2024 20:00:00 - 01/08/2024 21:00:00","Belgium (BE)","151.43","82.50","73.90","45.75"
"01/08/2024 21:00:00 - 01/08/2024 22:00:00","Belgium (BE)","164.60","110.70","91.45","38.23"
"01/08/2024 22:00:00 - 01/08/2024 23:00:00","Belgium (BE)","160.95","119.10","94.48","39.24"
"01/08/2024 23:00:00 - 02/08/2024 00:00:00","Belgium (BE)","142.30","98.98","73.93","17.53"
"02/08/2024 00:00:00 - 02/08/2024 01:00:00","Belgium (BE)","52.00","19.23","19.23","11.72"
"02/08/2024 01:00:00 - 02/08/2024 02:00:00","Belgium (BE)","26.63","12.05","12.05","8.96"
"02/08/2024 02:00:00 - 02/08/2024 03:00:00","Belgium (BE)","14.75","8.70","8.70","7.39"
"02/08/2024 03:00:00 - 02/08/2024 04:00:00","Belgium (BE)","12.48","9.75","9.75","3.83"
"02/08/2024 04:00:00 - 02/08/2024 05:00:00","Belgium (BE)","13.83","13.68","13.68","4.91"
"02/08/2024 05:00:00 - 02/08/2024 06:00:00","Belgium (BE)","17.68","17.73","17.73","6.27"
"02/08/2024 06:00:00 - 02/08/2024 07:00:00","Belgium (BE)","18.18","17.43","17.43","8.25"
"02/08/2024 07:00:00 - 02/08/2024 08:00:00","Belgium (BE)","7.58","12.30","12.30","10.37"
"02/08/2024 08:00:00 - 02/08/2024 09:00:00","Belgium (BE)","2.78","5.73","6.68","5.03"
"02/08/2024 09:00:00 - 02/08/2024 10:00:00","Belgium (BE)","2.20","3.23","3.85","2.68"
"02/08/2024 10:00:00 - 02/08/2024 11:00:00","Belgium (BE)","1.80","2.55","2.83","2.77"
"02/08/2024 11:00:00 - 02/08/2024 12:00:00","Belgium (BE)","2.53","2.98","3.83","3.92"
"02/08/2024 12:00:00 - 02/08/2024 13:00:00","Belgium (BE)","5.95","4.10","4.85","8.42"
"02/08/2024 13:00:00 - 02/08/2024 14:00:00","Belgium (BE)","11.38","7.08","6.35","14.75"
"02/08/2024 14:00:00 - 02/08/2024 15:00:00","Belgium (BE)","20.10","13.90","10.83","37.99"
"02/08/2024 15:00:00 - 02/08/2024 16:00:00","Belgium (BE)","29.78","20.95","17.58","37.39"
"02/08/2024 16:00:00 - 02/08/2024 17:00:00","Belgium (BE)","49.33","27.35","32.60","24.19"
"02/08/2024 17:00:00 - 02/08/2024 18:00:00","Belgium (BE)","58.78","36.38","35.05","28.74"
"02/08/2024 18:00:00 - 02/08/2024 19:00:00","Belgium (BE)","61.18","45.65","34.13","31.09"
"02/08/2024 19:00:00 - 02/08/2024 20:00:00","Belgium (BE)","61.35","53.08","43.58","51.16"
"02/08/2024 20:00:00 - 02/08/2024 21:00:00","Belgium (BE)","57.88","60.73","47.83","51.01"
"02/08/2024 21:00:00 - 02/08/2024 22:00:00","Belgium (BE)","73.95","76.85","71.60","70.78"
"02/08/2024 22:00:00 - 02/08/2024 23:00:00","Belgium (BE)","113.15","111.15","112.90","94.18"
"02/08/2024 23:00:00 - 03/08/2024 00:00:00","Belgium (BE)","170.60","164.43","169.85","144.31"
"03/08/2024 00:00:00 - 03/08/2024 01:00:00","Belgium (BE)","215.83","200.80","200.80","199.36"
"03/08/2024 01:00:00 - 03/08/2024 02:00:00","Belgium (BE)","244.98","233.98","233.98","227.93"
"03/08/2024 02:00:00 - 03/08/2024 03:00:00","Belgium (BE)","270.60","267.65","267.65","264.22"
"03/08/2024 03:00:00 - 03/08/2024 04:00:00","Belgium (BE)","292.40","285.55","285.55","263.34"
"03/08/2024 04:00:00 - 03/08/2024 05:00:00","Belgium (BE)","310.88","281.33","281.33","274.41"
"03/08/2024 05:00:00 - 03/08/2024 06:00:00","Belgium (BE)","327.40","280.00","280.00","256.52"
"03/08/2024 06:00:00 - 03/08/2024 07:00:00","Belgium (BE)","329.98","296.00","296.00","248.31"
"03/08/2024 07:00:00 - 03/08/2024 08:00:00","Belgium (BE)","333.38","278.25","278.25","240.05"
"03/08/2024 08:00:00 - 03/08/2024 09:00:00","Belgium (BE)","337.25","297.10","292.13","215.89"
"03/08/2024 09:00:00 - 03/08/2024 10:00:00","Belgium (BE)","338.53","303.43","294.68","246.26"
"03/08/2024 10:00:00 - 03/08/2024 11:00:00","Belgium (BE)","327.75","291.60","286.85","252.62"
"03/08/2024 11:00:00 - 03/08/2024 12:00:00","Belgium (BE)","315.98","296.40","292.43","231.82"
"03/08/2024 12:00:00 - 03/08/2024 13:00:00","Belgium (BE)","328.68","324.80","316.58","244.12"
"03/08/2024 13:00:00 - 03/08/2024 14:00:00","Belgium (BE)","376.78","379.15","351.33","278.10"
"03/08/2024 14:00:00 - 03/08/2024 15:00:00","Belgium (BE)","443.48","451.95","412.03","429.42"
"03/08/2024 15:00:00 - 03/08/2024 16:00:00","Belgium (BE)","513.18","532.75","501.25","552.43"
"03/08/2024 16:00:00 - 03/08/2024 17:00:00","Belgium (BE)","569.98","600.10","597.38","651.11"
"03/08/2024 17:00:00 - 03/08/2024 18:00:00","Belgium (BE)","575.75","629.90","640.40","603.15"
"03/08/2024 18:00:00 - 03/08/2024 19:00:00","Belgium (BE)","542.93","591.88","596.40","589.83"
"03/08/2024 19:00:00 - 03/08/2024 20:00:00","Belgium (BE)","499.53","541.95","540.43","567.05"
"03/08/2024 20:00:00 - 03/08/2024 21:00:00","Belgium (BE)","450.18","551.90","508.10","547.11"
"03/08/2024 21:00:00 - 03/08/2024 22:00:00","Belgium (BE)","438.85","581.90","498.93","523.76"
"03/08/2024 22:00:00 - 03/08/2024 23:00:00","Belgium (BE)","444.78","576.05","466.65","421.12"
"03/08/2024 23:00:00 - 04/08/2024 00:00:00","Belgium (BE)","457.13","541.28","433.85","410.69"
"04/08/2024 00:00:00 - 04/08/2024 01:00:00","Belgium (BE)","422.05","416.55","416.55","364.03"
"04/08/2024 01:00:00 - 04/08/2024 02:00:00","Belgium (BE)","361.70","385.25","385.25","324.86"
"04/08/2024 02:00:00 - 04/08/2024 03:00:00","Belgium (BE)","308.20","336.43","336.43","276.64"
"04/08/2024 03:00:00 - 04/08/2024 04:00:00","Belgium (BE)","258.50","285.25","285.25","215.52"
"04/08/2024 04:00:00 - 04/08/2024 05:00:00","Belgium (BE)","213.88","232.68","232.68","173.28"
"04/08/2024 05:00:00 - 04/08/2024 06:00:00","Belgium (BE)","173.33","182.40","182.40","116.35"
"04/08/2024 06:00:00 - 04/08/2024 07:00:00","Belgium (BE)","133.18","136.23","136.23","94.03"
"04/08/2024 07:00:00 - 04/08/2024 08:00:00","Belgium (BE)","95.68","102.43","102.43","58.49"
"04/08/2024 08:00:00 - 04/08/2024 09:00:00","Belgium (BE)","67.45","72.95","57.65","39.59"
"04/08/2024 09:00:00 - 04/08/2024 10:00:00","Belgium (BE)","45.60","58.08","40.15","25.69"
"04/08/2024 10:00:00 - 04/08/2024 11:00:00","Belgium (BE)","37.05","53.48","35.78","20.48"
"04/08/2024 11:00:00 - 04/08/2024 12:00:00","Belgium (BE)","37.75","50.58","35.40","25.78"
"04/08/2024 12:00:00 - 04/08/2024 13:00:00","Belgium (BE)","38.90","48.43","37.58","24.48"
"04/08/2024 13:00:00 - 04/08/2024 14:00:00","Belgium (BE)","39.80","54.45","31.73","25.97"
"04/08/2024 14:00:00 - 04/08/2024 15:00:00","Belgium (BE)","42.83","51.80","27.10","23.36"
"04/08/2024 15:00:00 - 04/08/2024 16:00:00","Belgium (BE)","48.88","46.88","20.53","20.69"
"04/08/2024 16:00:00 - 04/08/2024 17:00:00","Belgium (BE)","44.50","45.70","17.75","21.56"
"04/08/2024 17:00:00 - 04/08/2024 18:00:00","Belgium (BE)","37.18","38.85","16.55","17.94"
"04/08/2024 18:00:00 - 04/08/2024 19:00:00","Belgium (BE)","31.05","32.20","14.83","13.42"
"04/08/2024 19:00:00 - 04/08/2024 20:00:00","Belgium (BE)","26.03","26.45","15.38","7.45"
"04/08/2024 20:00:00 - 04/08/2024 21:00:00","Belgium (BE)","34.48","26.88","18.18","11.76"
"04/08/2024 21:00:00 - 04/08/2024 22:00:00","Belgium (BE)","43.35","37.20","28.13","22.88"
"04/08/2024 22:00:00 - 04/08/2024 23:00:00","Belgium (BE)","45.85","42.38","40.98","27.11"
"04/08/2024 23:00:00 - 05/08/2024 00:00:00","Belgium (BE)","49.53","46.00","56.35","30.86"
"05/08/2024 00:00:00 - 05/08/2024 01:00:00","Belgium (BE)","65.55","66.48","66.48","53.79"
"05/08/2024 01:00:00 - 05/08/2024 02:00:00","Belgium (BE)","75.83","91.38","91.38","82.67"
"05/08/2024 02:00:00 - 05/08/2024 03:00:00","Belgium (BE)","93.03","149.65","149.65","110.74"
"05/08/2024 03:00:00 - 05/08/2024 04:00:00","Belgium (BE)","120.75","171.53","171.53","161.10"
"05/08/2024 04:00:00 - 05/08/2024 05:00:00","Belgium (BE)","146.80","182.20","182.20","189.67"
"05/08/2024 05:00:00 - 05/08/2024 06:00:00","Belgium (BE)","157.75","181.03","181.03","188.18"
"05/08/2024 06:00:00 - 05/08/2024 07:00:00","Belgium (BE)","153.00","171.05","171.05","214.43"
"05/08/2024 07:00:00 - 05/08/2024 08:00:00","Belgium (BE)","138.00","151.28","151.28","203.79"
"05/08/2024 08:00:00 - 05/08/2024 09:00:00","Belgium (BE)","91.00","115.88","128.08","118.61"
"05/08/2024 09:00:00 - 05/08/2024 10:00:00","Belgium (BE)","49.68","94.13","116.13","87.80"
"05/08/2024 10:00:00 - 05/08/2024 11:00:00","Belgium (BE)","51.00","101.75","113.95","110.44"
"05/08/2024 11:00:00 - 05/08/2024 12:00:00","Belgium (BE)","67.08","113.93","119.38","125.72"
"05/08/2024 12:00:00 - 05/08/2024 13:00:00","Belgium (BE)","83.33","115.53","127.35","125.76"
"05/08/2024 13:00:00 - 05/08/2024 14:00:00","Belgium (BE)","78.00","97.45","129.98","107.36"
"05/08/2024 14:00:00 - 05/08/2024 15:00:00","Belgium (BE)","52.13","74.18","102.15","95.49"
"05/08/2024 15:00:00 - 05/08/2024 16:00:00","Belgium (BE)","30.03","47.10","82.53","84.50"
"05/08/2024 16:00:00 - 05/08/2024 17:00:00","Belgium (BE)","22.23","33.78","59.68","64.70"
"05/08/2024 17:00:00 - 05/08/2024 18:00:00","Belgium (BE)","19.30","27.73","40.95","38.68"
"05/08/2024 18:00:00 - 05/08/2024 19:00:00","Belgium (BE)","15.65","28.43","25.45","16.86"
"05/08/2024 19:00:00 - 05/08/2024 20:00:00","Belgium (BE)","11.95","25.78","19.13","9.77"
"05/08/2024 20:00:00 - 05/08/2024 21:00:00","Belgium (BE)","17.28","33.45","22.43","12.25"
"05/08/2024 21:00:00 - 05/08/2024 22:00:00","Belgium (BE)","47.55","67.70","49.65","26.46"
"05/08/2024 22:00:00 - 05/08/2024 23:00:00","Belgium (BE)","90.60","114.20","102.63","42.90"
"05/08/2024 23:00:00 - 06/08/2024 00:00:00","Belgium (BE)","139.95","184.73","176.93","83.18"
"06/08/2024 00:00:00 - 06/08/2024 01:00:00","Belgium (BE)","273.03","227.48","227.48","179.40"
"06/08/2024 01:00:00 - 06/08/2024 02:00:00","Belgium (BE)","341.98","286.15","286.15","316.28"
"06/08/2024 02:00:00 - 06/08/2024 03:00:00","Belgium (BE)","352.03","341.63","341.63","409.08"
"06/08/2024 03:00:00 - 06/08/2024 04:00:00","Belgium (BE)","326.45","383.55","383.55","507.57"
"06/08/2024 04:00:00 - 06/08/2024 05:00:00","Belgium (BE)","312.55","392.35","392.35","469.17"
"06/08/2024 05:00:00 - 06/08/2024 06:00:00","Belgium (BE)","297.85","404.13","404.13","409.54"
"06/08/2024 06:00:00 - 06/08/2024 07:00:00","Belgium (BE)","285.33","363.05","363.05","408.81"
"06/08/2024 07:00:00 - 06/08/2024 08:00:00","Belgium (BE)","267.38","304.98","304.98","340.71"
"06/08/2024 08:00:00 - 06/08/2024 09:00:00","Belgium (BE)","210.83","253.23","305.93","203.59"
"06/08/2024 09:00:00 - 06/08/2024 10:00:00","Belgium (BE)","119.00","141.23","190.73","81.96"
"06/08/2024 10:00:00 - 06/08/2024 11:00:00","Belgium (BE)","73.23","74.60","111.78","49.39"
"06/08/2024 11:00:00 - 06/08/2024 12:00:00","Belgium (BE)","69.90","71.35","70.30","63.16"
"06/08/2024 12:00:00 - 06/08/2024 13:00:00","Belgium (BE)","93.18","87.48","78.55","83.33"
"06/08/2024 13:00:00 - 06/08/2024 14:00:00","Belgium (BE)","137.65","117.58","97.93","133.71"
"06/08/2024 14:00:00 - 06/08/2024 15:00:00","Belgium (BE)","176.38","153.33","145.35","194.78"
"06/08/2024 15:00:00 - 06/08/2024 16:00:00","Belgium (BE)","210.55","191.13","218.78","221.61"
"06/08/2024 16:00:00 - 06/08/2024 17:00:00","Belgium (BE)","231.75","215.55","246.88","251.07"
"06/08/2024 17:00:00 - 06/08/2024 18:00:00","Belgium (BE)","232.55","224.35","261.80","260.80"
"06/08/2024 18:00:00 - 06/08/2024 19:00:00","Belgium (BE)","214.83","218.43","260.00","255.31"
"06/08/2024 19:00:00 - 06/08/2024 20:00:00","Belgium (BE)","192.93","211.50","247.23","213.01"
"06/08/2024 20:00:00 - 06/08/2024 21:00:00","Belgium (BE)","187.13","198.00","232.88","177.88"
"06/08/2024 21:00:00 - 06/08/2024 22:00:00","Belgium (BE)","170.25","164.65","190.90","186.04"
"06/08/2024 22:00:00 - 06/08/2024 23:00:00","Belgium (BE)","153.63","133.48","143.33","144.56"
"06/08/2024 23:00:00 - 07/08/2024 00:00:00","Belgium (BE)","148.13","126.15","127.13","139.37"
"07/08/2024 00:00:00 - 07/08/2024 01:00:00","Belgium (BE)","125.83","186.73","186.73","196.64"
"07/08/2024 01:00:00 - 07/08/2024 02:00:00","Belgium (BE)","169.10","202.28","202.28","215.56"
"07/08/2024 02:00:00 - 07/08/2024 03:00:00","Belgium (BE)","200.08","220.80","220.80","225.81"
"07/08/2024 03:00:00 - 07/08/2024 04:00:00","Belgium (BE)","219.60","217.55","217.55","228.75"
"07/08/2024 04:00:00 - 07/08/2024 05:00:00","Belgium (BE)","228.20","212.53","212.53","206.58"
"07/08/2024 05:00:00 - 07/08/2024 06:00:00","Belgium (BE)","217.60","209.33","209.33","145.32"
"07/08/2024 06:00:00 - 07/08/2024 07:00:00","Belgium (BE)","204.80","185.70","185.70","115.51"
"07/08/2024 07:00:00 - 07/08/2024 08:00:00","Belgium (BE)","203.63","161.75","161.75","114.02"
"07/08/2024 08:00:00 - 07/08/2024 09:00:00","Belgium (BE)","201.43","168.83","153.25","125.18"
"07/08/2024 09:00:00 - 07/08/2024 10:00:00","Belgium (BE)","218.75","175.75","163.90","146.28"
"07/08/2024 10:00:00 - 07/08/2024 11:00:00","Belgium (BE)","249.40","170.98","163.08","150.87"
"07/08/2024 11:00:00 - 07/08/2024 12:00:00","Belgium (BE)","266.45","174.08","174.08","133.10"
"07/08/2024 12:00:00 - 07/08/2024 13:00:00","Belgium (BE)","286.45","204.83","221.53","127.00"
"07/08/2024 13:00:00 - 07/08/2024 14:00:00","Belgium (BE)","313.23","252.80","227.65","127.80"
"07/08/2024 14:00:00 - 07/08/2024 15:00:00","Belgium (BE)","354.90","301.10","256.53","126.71"
"07/08/2024 15:00:00 - 07/08/2024 16:00:00","Belgium (BE)","403.15","339.50","285.55","212.12"
"07/08/2024 16:00:00 - 07/08/2024 17:00:00","Belgium (BE)","433.73","372.33","306.68","276.38"
"07/08/2024 17:00:00 - 07/08/2024 18:00:00","Belgium (BE)","434.75","386.38","329.93","307.01"
"07/08/2024 18:00:00 - 07/08/2024 19:00:00","Belgium (BE)","402.73","348.88","327.98","380.44"
"07/08/2024 19:00:00 - 07/08/2024 20:00:00","Belgium (BE)","340.33","295.08","306.98","366.90"
"07/08/2024 20:00:00 - 07/08/2024 21:00:00","Belgium (BE)","271.38","253.18","288.60","318.93"
"07/08/2024 21:00:00 - 07/08/2024 22:00:00","Belgium (BE)","232.25","228.93","272.00","283.73"
"07/08/2024 22:00:00 - 07/08/2024 23:00:00","Belgium (BE)","233.08","215.68","260.25","305.79"
"07/08/2024 23:00:00 - 08/08/2024 00:00:00","Belgium (BE)","258.78","219.98","260.10","345.26"
"08/08/2024 00:00:00 - 08/08/2024 01:00:00","Belgium (BE)","272.73","280.58","280.58","304.64"
"08/08/2024 01:00:00 - 08/08/2024 02:00:00","Belgium (BE)","302.93","319.55","319.55","291.14"
"08/08/2024 02:00:00 - 08/08/2024 03:00:00","Belgium (BE)","328.83","285.83","285.83","367.83"
"08/08/2024 03:00:00 - 08/08/2024 04:00:00","Belgium (BE)","347.33","296.73","296.73","357.51"
"08/08/2024 04:00:00 - 08/08/2024 05:00:00","Belgium (BE)","342.55","316.65","316.65","344.98"
"08/08/2024 05:00:00 - 08/08/2024 06:00:00","Belgium (BE)","315.25","300.78","300.78","325.81"
"08/08/2024 06:00:00 - 08/08/2024 07:00:00","Belgium (BE)","287.58","285.73","285.73","318.87"
"08/08/2024 07:00:00 - 08/08/2024 08:00:00","Belgium (BE)","257.90","256.73","256.73","251.27"
"08/08/2024 08:00:00 - 08/08/2024 09:00:00","Belgium (BE)","252.28","238.48","250.95","161.83"
"08/08/2024 09:00:00 - 08/08/2024 10:00:00","Belgium (BE)","256.83","226.88","228.15","126.37"
"08/08/2024 10:00:00 - 08/08/2024 11:00:00","Belgium (BE)","248.03","210.65","211.93","116.73"
"08/08/2024 11:00:00 - 08/08/2024 12:00:00","Belgium (BE)","240.55","197.25","172.63","140.23"
"08/08/2024 12:00:00 - 08/08/2024 13:00:00","Belgium (BE)","236.20","187.23","174.13","140.69"
"08/08/2024 13:00:00 - 08/08/2024 14:00:00","Belgium (BE)","230.50","182.45","171.78","160.61"
"08/08/2024 14:00:00 - 08/08/2024 15:00:00","Belgium (BE)","222.65","192.83","192.35","168.19"
"08/08/2024 15:00:00 - 08/08/2024 16:00:00","Belgium (BE)","219.13","210.65","227.93","198.41"
"08/08/2024 16:00:00 - 08/08/2024 17:00:00","Belgium (BE)","236.48","239.45","267.28","232.66"
"08/08/2024 17:00:00 - 08/08/2024 18:00:00","Belgium (BE)","265.53","276.13","308.25","317.12"
"08/08/2024 18:00:00 - 08/08/2024 19:00:00","Belgium (BE)","290.08","291.05","326.80","375.03"
"08/08/2024 19:00:00 - 08/08/2024 20:00:00","Belgium (BE)","289.10","270.23","336.78","331.87"
"08/08/2024 20:00:00 - 08/08/2024 21:00:00","Belgium (BE)","294.88","285.20","377.18","323.36"
"08/08/2024 21:00:00 - 08/08/2024 22:00:00","Belgium (BE)","365.08","362.70","420.48","399.70"
"08/08/2024 22:00:00 - 08/08/2024 23:00:00","Belgium (BE)","473.20","474.48","485.63","595.84"
"08/08/2024 23:00:00 - 09/08/2024 00:00:00","Belgium (BE)","554.50","580.55","565.10","617.37"
"09/08/2024 00:00:00 - 09/08/2024 01:00:00","Belgium (BE)","644.73","727.33","727.33","800.58"
"09/08/2024 01:00:00 - 09/08/2024 02:00:00","Belgium (BE)","706.48","731.45","731.45","756.77"
"09/08/2024 02:00:00 - 09/08/2024 03:00:00","Belgium (BE)","775.38","785.45","785.45","827.78"
"09/08/2024 03:00:00 - 09/08/2024 04:00:00","Belgium (BE)","852.45","790.03","790.03","900.34"
"09/08/2024 04:00:00 - 09/08/2024 05:00:00","Belgium (BE)","918.50","843.80","843.80","910.36"
"09/08/2024 05:00:00 - 09/08/2024 06:00:00","Belgium (BE)","958.38","921.00","921.00","1030.70"
"09/08/2024 06:00:00 - 09/08/2024 07:00:00","Belgium (BE)","978.58","966.43","966.43","1114.38"
"09/08/2024 07:00:00 - 09/08/2024 08:00:00","Belgium (BE)","989.90","1031.88","1031.88","1147.04"
"09/08/2024 08:00:00 - 09/08/2024 09:00:00","Belgium (BE)","999.05","1072.13","1107.75","1190.02"
"09/08/2024 09:00:00 - 09/08/2024 10:00:00","Belgium (BE)","1068.05","1158.45","1204.98","1211.02"
"09/08/2024 10:00:00 - 09/08/2024 11:00:00","Belgium (BE)","1157.90","1213.73","1312.48","1176.53"
"09/08/2024 11:00:00 - 09/08/2024 12:00:00","Belgium (BE)","1220.18","1245.20","1312.23","1197.71"
"09/08/2024 12:00:00 - 09/08/2024 13:00:00","Belgium (BE)","1246.65","1291.93","1226.00","1154.41"
"09/08/2024 13:00:00 - 09/08/2024 14:00:00","Belgium (BE)","1199.30","1296.38","1193.00","1085.90"
"09/08/2024 14:00:00 - 09/08/2024 15:00:00","Belgium (BE)","1140.28","1245.48","1209.23","950.68"
"09/08/2024 15:00:00 - 09/08/2024 16:00:00","Belgium (BE)","1078.78","1169.60","1127.68","946.52"
"09/08/2024 16:00:00 - 09/08/2024 17:00:00","Belgium (BE)","1024.65","1062.93","974.38","1046.78"
"09/08/2024 17:00:00 - 09/08/2024 18:00:00","Belgium (BE)","946.35","912.93","833.80","1075.28"
"09/08/2024 18:00:00 - 09/08/2024 19:00:00","Belgium (BE)","804.20","736.73","731.68","829.47"
"09/08/2024 19:00:00 - 09/08/2024 20:00:00","Belgium (BE)","626.83","565.78","625.10","685.83"
"09/08/2024 20:00:00 - 09/08/2024 21:00:00","Belgium (BE)","499.53","443.00","456.43","452.92"
"09/08/2024 21:00:00 - 09/08/2024 22:00:00","Belgium (BE)","444.80","375.75","445.65","420.09"
"09/08/2024 22:00:00 - 09/08/2024 23:00:00","Belgium (BE)","440.88","355.48","442.23","558.10"
"09/08/2024 23:00:00 - 10/08/2024 00:00:00","Belgium (BE)","445.48","372.75","457.80","566.86"
"10/08/2024 00:00:00 - 10/08/2024 01:00:00","Belgium (BE)","463.23","524.68","524.68","592.98"
"10/08/2024 01:00:00 - 10/08/2024 02:00:00","Belgium (BE)","448.10","518.35","518.35","565.59"
"10/08/2024 02:00:00 - 10/08/2024 03:00:00","Belgium (BE)","412.78","465.68","465.68","518.44"
"10/08/2024 03:00:00 - 10/08/2024 04:00:00","Belgium (BE)","390.33","436.23","436.23","531.28"
"10/08/2024 04:00:00 - 10/08/2024 05:00:00","Belgium (BE)","384.63","420.63","420.63","507.48"
"10/08/2024 05:00:00 - 10/08/2024 06:00:00","Belgium (BE)","366.13","437.18","437.18","530.17"
"10/08/2024 06:00:00 - 10/08/2024 07:00:00","Belgium (BE)","337.23","399.05","399.05","528.19"
"10/08/2024 07:00:00 - 10/08/2024 08:00:00","Belgium (BE)","326.93","403.73","403.73","407.52"
"10/08/2024 08:00:00 - 10/08/2024 09:00:00","Belgium (BE)","261.43","330.45","335.93","234.67"
"10/08/2024 09:00:00 - 10/08/2024 10:00:00","Belgium (BE)","194.35","271.38","262.85","141.14"
"10/08/2024 10:00:00 - 10/08/2024 11:00:00","Belgium (BE)","177.25","257.55","207.33","131.99"
"10/08/2024 11:00:00 - 10/08/2024 12:00:00","Belgium (BE)","182.10","259.73","206.50","179.07"
"10/08/2024 12:00:00 - 10/08/2024 13:00:00","Belgium (BE)","195.88","259.85","218.53","239.12"
"10/08/2024 13:00:00 - 10/08/2024 14:00:00","Belgium (BE)","202.13","244.75","227.73","249.43"
"10/08/2024 14:00:00 - 10/08/2024 15:00:00","Belgium (BE)","208.75","239.18","251.75","279.77"
"10/08/2024 15:00:00 - 10/08/2024 16:00:00","Belgium (BE)","220.30","250.43","265.15","305.58"
"10/08/2024 16:00:00 - 10/08/2024 17:00:00","Belgium (BE)","227.53","254.08","274.20","337.88"
"10/08/2024 17:00:00 - 10/08/2024 18:00:00","Belgium (BE)","215.68","235.45","270.40","298.94"
"10/08/2024 18:00:00 - 10/08/2024 19:00:00","Belgium (BE)","185.58","201.50","245.83","216.24"
"10/08/2024 19:00:00 - 10/08/2024 20:00:00","Belgium (BE)","145.45","158.45","187.13","125.60"
"10/08/2024 20:00:00 - 10/08/2024 21:00:00","Belgium (BE)","121.05","121.45","135.83","98.94"
"10/08/2024 21:00:00 - 10/08/2024 22:00:00","Belgium (BE)","106.65","98.00","111.88","103.96"
"10/08/2024 22:00:00 - 10/08/2024 23:00:00","Belgium (BE)","89.93","83.73","100.35","82.49"
"10/08/2024 23:00:00 - 11/08/2024 00:00:00","Belgium (BE)","78.20","69.43","87.53","66.03"
"11/08/2024 00:00:00 - 11/08/2024 01:00:00","Belgium (BE)","72.93","64.28","64.28","65.86"
"11/08/2024 01:00:00 - 11/08/2024 02:00:00","Belgium (BE)","58.58","54.30","54.30","55.90"
"11/08/2024 02:00:00 - 11/08/2024 03:00:00","Belgium (BE)","45.18","45.53","45.53","39.19"
"11/08/2024 03:00:00 - 11/08/2024 04:00:00","Belgium (BE)","29.60","30.48","30.48","26.16"
"11/08/2024 04:00:00 - 11/08/2024 05:00:00","Belgium (BE)","20.43","17.73","17.73","21.40"
"11/08/2024 05:00:00 - 11/08/2024 06:00:00","Belgium (BE)","16.85","11.75","11.75","16.31"
"11/08/2024 06:00:00 - 11/08/2024 07:00:00","Belgium (BE)","17.90","22.55","22.55","14.71"
"11/08/2024 07:00:00 - 11/08/2024 08:00:00","Belgium (BE)","22.45","36.05","36.05","22.20"
"11/08/2024 08:00:00 - 11/08/2024 09:00:00","Belgium (BE)","32.40","42.20","34.25","25.66"
"11/08/2024 09:00:00 - 11/08/2024 10:00:00","Belgium (BE)","22.20","30.63","22.20","22.19"
"11/08/2024 10:00:00 - 11/08/2024 11:00:00","Belgium (BE)","12.23","21.78","17.65","22.40"
"11/08/2024 11:00:00 - 11/08/2024 12:00:00","Belgium (BE)","14.83","21.15","26.75","20.35"
"11/08/2024 12:00:00 - 11/08/2024 13:00:00","Belgium (BE)","17.70","22.45","28.70","22.12"
"11/08/2024 13:00:00 - 11/08/2024 14:00:00","Belgium (BE)","25.73","36.38","29.35","29.21"
"11/08/2024 14:00:00 - 11/08/2024 15:00:00","Belgium (BE)","43.48","62.23","48.68","50.55"
"11/08/2024 15:00:00 - 11/08/2024 16:00:00","Belgium (BE)","70.15","100.45","88.25","86.60"
"11/08/2024 16:00:00 - 11/08/2024 17:00:00","Belgium (BE)","110.95","147.90","143.83","129.79"
"11/08/2024 17:00:00 - 11/08/2024 18:00:00","Belgium (BE)","163.10","201.03","204.10","178.68"
"11/08/2024 18:00:00 - 11/08/2024 19:00:00","Belgium (BE)","223.85","263.73","280.35","247.28"
"11/08/2024 19:00:00 - 11/08/2024 20:00:00","Belgium (BE)","291.20","327.70","338.98","306.07"
"11/08/2024 20:00:00 - 11/08/2024 21:00:00","Belgium (BE)","384.35","419.85","427.53","388.98"
"11/08/2024 21:00:00 - 11/08/2024 22:00:00","Belgium (BE)","523.85","542.83","538.38","629.80"
"11/08/2024 22:00:00 - 11/08/2024 23:00:00","Belgium (BE)","635.00","637.00","630.13","815.55"
"11/08/2024 23:00:00 - 12/08/2024 00:00:00","Belgium (BE)","676.33","676.75","673.98","865.28"
"12/08/2024 00:00:00 - 12/08/2024 01:00:00","Belgium (BE)","681.65","773.00","773.00","891.33"
"12/08/2024 01:00:00 - 12/08/2024 02:00:00","Belgium (BE)","664.65","732.28","732.28","883.17"
"12/08/2024 02:00:00 - 12/08/2024 03:00:00","Belgium (BE)","632.63","686.63","686.63","839.64"
"12/08/2024 03:00:00 - 12/08/2024 04:00:00","Belgium (BE)","600.10","655.83","655.83","733.96"
"12/08/2024 04:00:00 - 12/08/2024 05:00:00","Belgium (BE)","581.35","618.85","618.85","732.09"
"12/08/2024 05:00:00 - 12/08/2024 06:00:00","Belgium (BE)","554.00","573.83","573.83","711.56"
"12/08/2024 06:00:00 - 12/08/2024 07:00:00","Belgium (BE)","510.23","539.90","539.90","654.15"
"12/08/2024 07:00:00 - 12/08/2024 08:00:00","Belgium (BE)","461.60","529.83","529.83","509.53"
"12/08/2024 08:00:00 - 12/08/2024 09:00:00","Belgium (BE)","353.30","438.28","431.80","301.82"
"12/08/2024 09:00:00 - 12/08/2024 10:00:00","Belgium (BE)","223.85","279.35","273.95","126.85"
"12/08/2024 10:00:00 - 12/08/2024 11:00:00","Belgium (BE)","156.25","185.83","165.50","70.42"
"12/08/2024 11:00:00 - 12/08/2024 12:00:00","Belgium (BE)","127.58","147.68","127.18","55.35"
"12/08/2024 12:00:00 - 12/08/2024 13:00:00","Belgium (BE)","108.83","129.35","122.03","61.99"
"12/08/2024 13:00:00 - 12/08/2024 14:00:00","Belgium (BE)","105.05","129.83","108.93","100.75"
"12/08/2024 14:00:00 - 12/08/2024 15:00:00","Belgium (BE)","113.58","142.75","131.53","162.34"
"12/08/2024 15:00:00 - 12/08/2024 16:00:00","Belgium (BE)","119.33","147.35","147.63","191.28"
"12/08/2024 16:00:00 - 12/08/2024 17:00:00","Belgium (BE)","111.90","136.45","153.23","200.74"
"12/08/2024 17:00:00 - 12/08/2024 18:00:00","Belgium (BE)","97.23","121.13","154.83","180.40"
"12/08/2024 18:00:00 - 12/08/2024 19:00:00","Belgium (BE)","81.58","115.08","156.05","143.98"
"12/08/2024 19:00:00 - 12/08/2024 20:00:00","Belgium (BE)","90.15","120.75","167.03","134.24"
"12/08/2024 20:00:00 - 12/08/2024 21:00:00","Belgium (BE)","155.08","170.10","209.53","133.71"
"12/08/2024 21:00:00 - 12/08/2024 22:00:00","Belgium (BE)","261.13","244.43","281.05","166.60"
"12/08/2024 22:00:00 - 12/08/2024 23:00:00","Belgium (BE)","345.93","295.93","360.45","266.67"
"12/08/2024 23:00:00 - 13/08/2024 00:00:00","Belgium (BE)","376.75","314.58","402.85","263.96"
"13/08/2024 00:00:00 - 13/08/2024 01:00:00","Belgium (BE)","393.30","335.73","335.73","311.68"
"13/08/2024 01:00:00 - 13/08/2024 02:00:00","Belgium (BE)","342.03","286.85","286.85","278.64"
"13/08/2024 02:00:00 - 13/08/2024 03:00:00","Belgium (BE)","283.45","266.38","266.38","269.18"
"13/08/2024 03:00:00 - 13/08/2024 04:00:00","Belgium (BE)","209.40","217.48","217.48","206.21"
"13/08/2024 04:00:00 - 13/08/2024 05:00:00","Belgium (BE)","143.28","170.83","170.83","175.52"
"13/08/2024 05:00:00 - 13/08/2024 06:00:00","Belgium (BE)","112.25","143.30","143.30","134.74"
"13/08/2024 06:00:00 - 13/08/2024 07:00:00","Belgium (BE)","102.93","121.00","121.00","114.84"
"13/08/2024 07:00:00 - 13/08/2024 08:00:00","Belgium (BE)","101.78","104.80","104.80","109.30"
"13/08/2024 08:00:00 - 13/08/2024 09:00:00","Belgium (BE)","79.63","74.48","86.00","138.45"
"13/08/2024 09:00:00 - 13/08/2024 10:00:00","Belgium (BE)","49.65","38.83","58.70","80.49"
"13/08/2024 10:00:00 - 13/08/2024 11:00:00","Belgium (BE)","31.45","23.55","39.35","28.27"
"13/08/2024 11:00:00 - 13/08/2024 12:00:00","Belgium (BE)","27.33","20.48","33.80","15.42"
"13/08/2024 12:00:00 - 13/08/2024 13:00:00","Belgium (BE)","29.43","20.88","26.43","9.93"
"13/08/2024 13:00:00 - 13/08/2024 14:00:00","Belgium (BE)","32.63","19.93","18.65","18.26"
"13/08/2024 14:00:00 - 13/08/2024 15:00:00","Belgium (BE)","38.33","25.63","29.13","39.35"
"13/08/2024 15:00:00 - 13/08/2024 16:00:00","Belgium (BE)","49.18","33.18","39.98","72.06"
"13/08/2024 16:00:00 - 13/08/2024 17:00:00","Belgium (BE)","75.10","51.45","60.55","95.59"
"13/08/2024 17:00:00 - 13/08/2024 18:00:00","Belgium (BE)","111.48","86.90","95.75","112.34"
"13/08/2024 18:00:00 - 13/08/2024 19:00:00","Belgium (BE)","152.43","126.38","146.15","179.02"
"13/08/2024 19:00:00 - 13/08/2024 20:00:00","Belgium (BE)","183.48","167.75","196.88","256.21"
"13/08/2024 20:00:00 - 13/08/2024 21:00:00","Belgium (BE)","202.60","201.05","215.40","203.27"
"13/08/2024 21:00:00 - 13/08/2024 22:00:00","Belgium (BE)","197.23","234.80","210.80","152.29"
"13/08/2024 22:00:00 - 13/08/2024 23:00:00","Belgium (BE)","198.10","240.50","168.53","160.17"
"13/08/2024 23:00:00 - 14/08/2024 00:00:00","Belgium (BE)","184.83","210.15","149.73","176.45"
"14/08/2024 00:00:00 - 14/08/2024 01:00:00","Belgium (BE)","143.35","190.95","190.95","213.24"
"14/08/2024 01:00:00 - 14/08/2024 02:00:00","Belgium (BE)","141.53","205.10","205.10","161.61"
"14/08/2024 02:00:00 - 14/08/2024 03:00:00","Belgium (BE)","123.83","188.80","188.80","113.88"
"14/08/2024 03:00:00 - 14/08/2024 04:00:00","Belgium (BE)","112.38","151.70","151.70","169.03"
"14/08/2024 04:00:00 - 14/08/2024 05:00:00","Belgium (BE)","87.58","125.73","125.73","109.51"
"14/08/2024 05:00:00 - 14/08/2024 06:00:00","Belgium (BE)","63.85","129.45","129.45","97.36"
"14/08/2024 06:00:00 - 14/08/2024 07:00:00","Belgium (BE)","57.20","78.40","78.40","115.95"
"14/08/2024 07:00:00 - 14/08/2024 08:00:00","Belgium (BE)","48.65","71.83","71.83","76.49"
"14/08/2024 08:00:00 - 14/08/2024 09:00:00","Belgium (BE)","51.73","59.78","80.28","66.77"
"14/08/2024 09:00:00 - 14/08/2024 10:00:00","Belgium (BE)","43.95","45.10","57.28","55.49"
"14/08/2024 10:00:00 - 14/08/2024 11:00:00","Belgium (BE)","36.53","33.30","43.40","33.29"
"14/08/2024 11:00:00 - 14/08/2024 12:00:00","Belgium (BE)","41.20","39.88","49.23","30.71"
"14/08/2024 12:00:00 - 14/08/2024 13:00:00","Belgium (BE)","50.08","50.68","73.15","56.32"
"14/08/2024 13:00:00 - 14/08/2024 14:00:00","Belgium (BE)","65.33","78.18","107.60","85.36"
"14/08/2024 14:00:00 - 14/08/2024 15:00:00","Belgium (BE)","89.85","126.13","162.48","114.29"
"14/08/2024 15:00:00 - 14/08/2024 16:00:00","Belgium (BE)","117.00","177.70","186.00","104.86"
"14/08/2024 16:00:00 - 14/08/2024 17:00:00","Belgium (BE)","148.78","210.05","190.05","130.61"
"14/08/2024 17:00:00 - 14/08/2024 18:00:00","Belgium (BE)","172.40","210.58","178.08","133.06"
"14/08/2024 18:00:00 - 14/08/2024 19:00:00","Belgium (BE)","169.00","179.50","150.75","181.34"
"14/08/2024 19:00:00 - 14/08/2024 20:00:00","Belgium (BE)","134.90","135.45","123.10","183.26"
"14/08/2024 20:00:00 - 14/08/2024 21:00:00","Belgium (BE)","97.88","103.70","107.30","143.89"
"14/08/2024 21:00:00 - 14/08/2024 22:00:00","Belgium (BE)","89.28","87.85","112.73","118.58"
"14/08/2024 22:00:00 - 14/08/2024 23:00:00","Belgium (BE)","88.60","68.88","106.48","120.85"
"14/08/2024 23:00:00 - 15/08/2024 00:00:00","Belgium (BE)","89.98","58.38","117.68","114.00"
"15/08/2024 00:00:00 - 15/08/2024 01:00:00","Belgium (BE)","133.60","140.10","140.10","145.36"
"15/08/2024 01:00:00 - 15/08/2024 02:00:00","Belgium (BE)","129.13","130.48","130.48","126.52"
"15/08/2024 02:00:00 - 15/08/2024 03:00:00","Belgium (BE)","119.05","139.03","139.03","137.93"
"15/08/2024 03:00:00 - 15/08/2024 04:00:00","Belgium (BE)","119.03","147.00","147.00","176.27"
"15/08/2024 04:00:00 - 15/08/2024 05:00:00","Belgium (BE)","116.00","140.55","140.55","166.67"
"15/08/2024 05:00:00 - 15/08/2024 06:00:00","Belgium (BE)","113.13","146.85","146.85","165.88"
"15/08/2024 06:00:00 - 15/08/2024 07:00:00","Belgium (BE)","117.30","157.50","157.50","191.33"
"15/08/2024 07:00:00 - 15/08/2024 08:00:00","Belgium (BE)","133.90","174.88","174.88","194.99"
"15/08/2024 08:00:00 - 15/08/2024 09:00:00","Belgium (BE)","133.80","153.33","158.83","136.77"
"15/08/2024 09:00:00 - 15/08/2024 10:00:00","Belgium (BE)","130.93","150.08","155.65","92.52"
"15/08/2024 10:00:00 - 15/08/2024 11:00:00","Belgium (BE)","165.10","190.33","169.48","117.51"
"15/08/2024 11:00:00 - 15/08/2024 12:00:00","Belgium (BE)","253.43","277.75","227.40","182.99"
"15/08/2024 12:00:00 - 15/08/2024 13:00:00","Belgium (BE)","373.33","403.63","349.43","305.90"
"15/08/2024 13:00:00 - 15/08/2024 14:00:00","Belgium (BE)","475.75","513.33","465.10","468.61"
"15/08/2024 14:00:00 - 15/08/2024 15:00:00","Belgium (BE)","539.18","584.18","582.78","602.59"
"15/08/2024 15:00:00 - 15/08/2024 16:00:00","Belgium (BE)","580.38","616.55","648.33","629.45"
"15/08/2024 16:00:00 - 15/08/2024 17:00:00","Belgium (BE)","590.13","609.05","662.85","661.89"
"15/08/2024 17:00:00 - 15/08/2024 18:00:00","Belgium (BE)","571.50","571.48","621.18","759.88"
"15/08/2024 18:00:00 - 15/08/2024 19:00:00","Belgium (BE)","530.48","518.93","572.30","709.60"
"15/08/2024 19:00:00 - 15/08/2024 20:00:00","Belgium (BE)","466.73","458.60","559.65","684.34"
"15/08/2024 20:00:00 - 15/08/2024 21:00:00","Belgium (BE)","415.20","425.70","543.70","534.81"
"15/08/2024 21:00:00 - 15/08/2024 22:00:00","Belgium (BE)","414.25","428.35","576.60","531.40"
"15/08/2024 22:00:00 - 15/08/2024 23:00:00","Belgium (BE)","432.23","440.60","553.83","601.43"
"15/08/2024 23:00:00 - 16/08/2024 00:00:00","Belgium (BE)","435.00","434.08","528.23","652.88"
"16/08/2024 00:00:00 - 16/08/2024 01:00:00","Belgium (BE)","505.88","505.70","505.70","562.09"
"16/08/2024 01:00:00 - 16/08/2024 02:00:00","Belgium (BE)","521.40","574.35","574.35","530.18"
"16/08/2024 02:00:00 - 16/08/2024 03:00:00","Belgium (BE)","547.70","537.80","537.80","560.27"
"16/08/2024 03:00:00 - 16/08/2024 04:00:00","Belgium (BE)","558.15","552.95","552.95","553.75"
"16/08/2024 04:00:00 - 16/08/2024 05:00:00","Belgium (BE)","554.95","576.03","576.03","602.96"
"16/08/2024 05:00:00 - 16/08/2024 06:00:00","Belgium (BE)","539.93","572.68","572.68","665.37"
"16/08/2024 06:00:00 - 16/08/2024 07:00:00","Belgium (BE)","507.88","595.45","595.45","700.29"
"16/08/2024 07:00:00 - 16/08/2024 08:00:00","Belgium (BE)","474.95","600.13","600.13","630.90"
"16/08/2024 08:00:00 - 16/08/2024 09:00:00","Belgium (BE)","432.33","532.73","579.13","448.11"
"16/08/2024 09:00:00 - 16/08/2024 10:00:00","Belgium (BE)","382.10","460.13","495.73","340.98"
"16/08/2024 10:00:00 - 16/08/2024 11:00:00","Belgium (BE)","365.08","423.50","444.65","334.54"
"16/08/2024 11:00:00 - 16/08/2024 12:00:00","Belgium (BE)","374.23","408.95","413.18","318.85"
"16/08/2024 12:00:00 - 16/08/2024 13:00:00","Belgium (BE)","382.00","398.58","424.25","345.92"
"16/08/2024 13:00:00 - 16/08/2024 14:00:00","Belgium (BE)","365.20","384.55","373.65","292.52"
"16/08/2024 14:00:00 - 16/08/2024 15:00:00","Belgium (BE)","333.48","357.75","316.83","248.93"
"16/08/2024 15:00:00 - 16/08/2024 16:00:00","Belgium (BE)","286.03","319.73","259.48","247.58"
"16/08/2024 16:00:00 - 16/08/2024 17:00:00","Belgium (BE)","235.60","266.80","227.35","215.75"
"16/08/2024 17:00:00 - 16/08/2024 18:00:00","Belgium (BE)","193.05","210.18","178.10","175.70"
"16/08/2024 18:00:00 - 16/08/2024 19:00:00","Belgium (BE)","145.13","168.23","141.63","149.18"
"16/08/2024 19:00:00 - 16/08/2024 20:00:00","Belgium (BE)","103.00","132.53","104.70","122.79"
"16/08/2024 20:00:00 - 16/08/2024 21:00:00","Belgium (BE)","76.30","113.68","90.20","113.54"
"16/08/2024 21:00:00 - 16/08/2024 22:00:00","Belgium (BE)","69.78","115.80","90.95","63.99"
"16/08/2024 22:00:00 - 16/08/2024 23:00:00","Belgium (BE)","83.53","115.75","90.63","62.62"
"16/08/2024 23:00:00 - 17/08/2024 00:00:00","Belgium (BE)","115.10","117.73","102.13","76.02"
"17/08/2024 00:00:00 - 17/08/2024 01:00:00","Belgium (BE)","107.88","99.83","99.83","89.30"
"17/08/2024 01:00:00 - 17/08/2024 02:00:00","Belgium (BE)","126.75","113.05","113.05","132.07"
"17/08/2024 02:00:00 - 17/08/2024 03:00:00","Belgium (BE)","133.05","138.40","138.40","194.07"
"17/08/2024 03:00:00 - 17/08/2024 04:00:00","Belgium (BE)","128.85","138.50","138.50","202.86"
"17/08/2024 04:00:00 - 17/08/2024 05:00:00","Belgium (BE)","111.93","133.73","133.73","215.29"
"17/08/2024 05:00:00 - 17/08/2024 06:00:00","Belgium (BE)","92.85","143.40","143.40","163.54"
"17/08/2024 06:00:00 - 17/08/2024 07:00:00","Belgium (BE)","73.75","115.08","115.08","108.37"
"17/08/2024 07:00:00 - 17/08/2024 08:00:00","Belgium (BE)","46.68","109.38","109.38","46.96"
"17/08/2024 08:00:00 - 17/08/2024 09:00:00","Belgium (BE)","26.53","70.35","56.68","24.76"
"17/08/2024 09:00:00 - 17/08/2024 10:00:00","Belgium (BE)","18.40","52.48","35.80","13.75"
"17/08/2024 10:00:00 - 17/08/2024 11:00:00","Belgium (BE)","20.30","40.88","29.50","7.76"
"17/08/2024 11:00:00 - 17/08/2024 12:00:00","Belgium (BE)","20.30","32.10","13.85","11.71"
"17/08/2024 12:00:00 - 17/08/2024 13:00:00","Belgium (BE)","21.18","31.33","13.83","7.34"
"17/08/2024 13:00:00 - 17/08/2024 14:00:00","Belgium (BE)","26.63","25.10","14.50","8.02"
"17/08/2024 14:00:00 - 17/08/2024 15:00:00","Belgium (BE)","30.68","24.23","14.75","15.92"
"17/08/2024 15:00:00 - 17/08/2024 16:00:00","Belgium (BE)","35.58","30.23","20.73","19.04"
"17/08/2024 16:00:00 - 17/08/2024 17:00:00","Belgium (BE)","44.25","40.70","28.90","37.89"
"17/08/2024 17:00:00 - 17/08/2024 18:00:00","Belgium (BE)","59.43","58.13","35.65","58.87"
"17/08/2024 18:00:00 - 17/08/2024 19:00:00","Belgium (BE)","81.35","80.28","59.63","94.03"
"17/08/2024 19:00:00 - 17/08/2024 20:00:00","Belgium (BE)","106.55","91.98","85.95","90.12"
"17/08/2024 20:00:00 - 17/08/2024 21:00:00","Belgium (BE)","112.25","101.68","120.28","87.04"
"17/08/2024 21:00:00 - 17/08/2024 22:00:00","Belgium (BE)","112.48","116.30","124.13","90.72"
"17/08/2024 22:00:00 - 17/08/2024 23:00:00","Belgium (BE)","104.23","124.73","113.38","94.27"
"17/08/2024 23:00:00 - 18/08/2024 00:00:00","Belgium (BE)","99.28","118.50","103.00","100.33"
"18/08/2024 00:00:00 - 18/08/2024 01:00:00","Belgium (BE)","92.20","85.55","85.55","94.77"
"18/08/2024 01:00:00 - 18/08/2024 02:00:00","Belgium (BE)","91.38","72.58","72.58","95.75"
"18/08/2024 02:00:00 - 18/08/2024 03:00:00","Belgium (BE)","101.10","54.60","54.60","82.22"
"18/08/2024 03:00:00 - 18/08/2024 04:00:00","Belgium (BE)","132.15","58.78","58.78","82.23"
"18/08/2024 04:00:00 - 18/08/2024 05:00:00","Belgium (BE)","166.88","72.90","72.90","102.98"
"18/08/2024 05:00:00 - 18/08/2024 06:00:00","Belgium (BE)","190.28","92.43","92.43","114.86"
"18/08/2024 06:00:00 - 18/08/2024 07:00:00","Belgium (BE)","191.60","106.10","106.10","109.30"
"18/08/2024 07:00:00 - 18/08/2024 08:00:00","Belgium (BE)","173.03","114.53","114.53","87.07"
"18/08/2024 08:00:00 - 18/08/2024 09:00:00","Belgium (BE)","149.10","99.65","85.88","69.44"
"18/08/2024 09:00:00 - 18/08/2024 10:00:00","Belgium (BE)","136.15","95.18","92.75","49.68"
"18/08/2024 10:00:00 - 18/08/2024 11:00:00","Belgium (BE)","148.73","112.48","110.68","69.34"
"18/08/2024 11:00:00 - 18/08/2024 12:00:00","Belgium (BE)","188.98","139.23","122.73","119.52"
"18/08/2024 12:00:00 - 18/08/2024 13:00:00","Belgium (BE)","256.48","178.13","167.83","217.50"
"18/08/2024 13:00:00 - 18/08/2024 14:00:00","Belgium (BE)","335.35","244.78","226.05","327.43"
"18/08/2024 14:00:00 - 18/08/2024 15:00:00","Belgium (BE)","394.98","316.58","291.00","392.60"
"18/08/2024 15:00:00 - 18/08/2024 16:00:00","Belgium (BE)","430.78","366.70","385.48","396.87"
"18/08/2024 16:00:00 - 18/08/2024 17:00:00","Belgium (BE)","435.63","397.28","408.65","425.67"
"18/08/2024 17:00:00 - 18/08/2024 18:00:00","Belgium (BE)","412.50","434.13","412.35","433.12"
"18/08/2024 18:00:00 - 18/08/2024 19:00:00","Belgium (BE)","365.05","442.50","420.75","430.60"
"18/08/2024 19:00:00 - 18/08/2024 20:00:00","Belgium (BE)","304.13","393.50","411.55","382.89"
"18/08/2024 20:00:00 - 18/08/2024 21:00:00","Belgium (BE)","249.18","326.75","371.58","296.45"
"18/08/2024 21:00:00 - 18/08/2024 22:00:00","Belgium (BE)","208.18","254.40","269.83","231.79"
"18/08/2024 22:00:00 - 18/08/2024 23:00:00","Belgium (BE)","181.33","183.70","203.83","208.18"
"18/08/2024 23:00:00 - 19/08/2024 00:00:00","Belgium (BE)","158.83","145.85","157.73","192.52"
"19/08/2024 00:00:00 - 19/08/2024 01:00:00","Belgium (BE)","127.10","132.13","132.13","179.41"
"19/08/2024 01:00:00 - 19/08/2024 02:00:00","Belgium (BE)","99.95","118.05","118.05","114.39"
"19/08/2024 02:00:00 - 19/08/2024 03:00:00","Belgium (BE)","89.00","112.33","112.33","79.42"
"19/08/2024 03:00:00 - 19/08/2024 04:00:00","Belgium (BE)","84.88","78.05","78.05","49.67"
"19/08/2024 04:00:00 - 19/08/2024 05:00:00","Belgium (BE)","79.18","69.10","69.10","33.59"
"19/08/2024 05:00:00 - 19/08/2024 06:00:00","Belgium (BE)","94.28","78.80","78.80","49.77"
"19/08/2024 06:00:00 - 19/08/2024 07:00:00","Belgium (BE)","118.00","104.68","104.68","116.95"
"19/08/2024 07:00:00 - 19/08/2024 08:00:00","Belgium (BE)","140.90","128.35","128.35","140.08"
"19/08/2024 08:00:00 - 19/08/2024 09:00:00","Belgium (BE)","129.25","133.73","142.70","125.09"
"19/08/2024 09:00:00 - 19/08/2024 10:00:00","Belgium (BE)","90.95","97.70","106.35","74.38"
"19/08/2024 10:00:00 - 19/08/2024 11:00:00","Belgium (BE)","78.08","84.10","80.55","64.76"
"19/08/2024 11:00:00 - 19/08/2024 12:00:00","Belgium (BE)","85.98","93.23","84.70","80.70"
"19/08/2024 12:00:00 - 19/08/2024 13:00:00","Belgium (BE)","80.80","84.83","79.50","76.46"
"19/08/2024 13:00:00 - 19/08/2024 14:00:00","Belgium (BE)","70.75","67.18","65.48","61.86"
"19/08/2024 14:00:00 - 19/08/2024 15:00:00","Belgium (BE)","59.35","52.15","52.48","44.97"
"19/08/2024 15:00:00 - 19/08/2024 16:00:00","Belgium (BE)","56.15","48.68","45.43","45.50"
"19/08/2024 16:00:00 - 19/08/2024 17:00:00","Belgium (BE)","63.93","49.70","52.23","45.10"
"19/08/2024 17:00:00 - 19/08/2024 18:00:00","Belgium (BE)","72.25","58.48","59.63","49.36"
"19/08/2024 18:00:00 - 19/08/2024 19:00:00","Belgium (BE)","79.93","72.80","74.25","69.80"
"19/08/2024 19:00:00 - 19/08/2024 20:00:00","Belgium (BE)","90.03","97.28","89.75","93.55"
"19/08/2024 20:00:00 - 19/08/2024 21:00:00","Belgium (BE)","132.25","153.05","129.25","164.24"
"19/08/2024 21:00:00 - 19/08/2024 22:00:00","Belgium (BE)","218.03","252.03","199.05","263.63"
"19/08/2024 22:00:00 - 19/08/2024 23:00:00","Belgium (BE)","306.65","338.50","274.45","380.37"
"19/08/2024 23:00:00 - 20/08/2024 00:00:00","Belgium (BE)","366.40","386.60","325.38","430.69"
"20/08/2024 00:00:00 - 20/08/2024 01:00:00","Belgium (BE)","372.53","375.60","375.60","505.20"
"20/08/2024 01:00:00 - 20/08/2024 02:00:00","Belgium (BE)","381.68","386.78","386.78","486.59"
"20/08/2024 02:00:00 - 20/08/2024 03:00:00","Belgium (BE)","376.30","421.13","421.13","515.32"
"20/08/2024 03:00:00 - 20/08/2024 04:00:00","Belgium (BE)","386.28","454.75","454.75","564.44"
"20/08/2024 04:00:00 - 20/08/2024 05:00:00","Belgium (BE)","420.53","481.03","481.03","579.97"
"20/08/2024 05:00:00 - 20/08/2024 06:00:00","Belgium (BE)","470.18","528.00","528.00","620.55"
"20/08/2024 06:00:00 - 20/08/2024 07:00:00","Belgium (BE)","510.80","542.20","542.20","701.49"
"20/08/2024 07:00:00 - 20/08/2024 08:00:00","Belgium (BE)","515.85","528.80","528.80","748.84"
"20/08/2024 08:00:00 - 20/08/2024 09:00:00","Belgium (BE)","465.78","468.88","468.88","558.95"
"20/08/2024 09:00:00 - 20/08/2024 10:00:00","Belgium (BE)","365.58","368.15","404.05","374.87"
"20/08/2024 10:00:00 - 20/08/2024 11:00:00","Belgium (BE)","345.00","346.50","381.55","358.92"
"20/08/2024 11:00:00 - 20/08/2024 12:00:00","Belgium (BE)","433.98","410.43","410.75","557.19"
"20/08/2024 12:00:00 - 20/08/2024 13:00:00","Belgium (BE)","527.33","468.40","445.98","673.58"
"20/08/2024 13:00:00 - 20/08/2024 14:00:00","Belgium (BE)","575.05","503.33","539.78","644.78"
"20/08/2024 14:00:00 - 20/08/2024 15:00:00","Belgium (BE)","604.45","546.25","598.93","659.91"
"20/08/2024 15:00:00 - 20/08/2024 16:00:00","Belgium (BE)","643.75","579.45","566.70","557.67"
"20/08/2024 16:00:00 - 20/08/2024 17:00:00","Belgium (BE)","672.80","571.85","554.30","462.30"
"20/08/2024 17:00:00 - 20/08/2024 18:00:00","Belgium (BE)","653.68","554.25","539.15","483.74"
"20/08/2024 18:00:00 - 20/08/2024 19:00:00","Belgium (BE)","629.13","550.85","536.85","486.06"
"20/08/2024 19:00:00 - 20/08/2024 20:00:00","Belgium (BE)","631.78","573.40","547.85","474.85"
"20/08/2024 20:00:00 - 20/08/2024 21:00:00","Belgium (BE)","648.00","623.65","558.73","642.56"
"20/08/2024 21:00:00 - 20/08/2024 22:00:00","Belgium (BE)","656.73","705.88","639.03","805.09"
"20/08/2024 22:00:00 - 20/08/2024 23:00:00","Belgium (BE)","709.05","777.20","767.40","958.27"
"20/08/2024 23:00:00 - 21/08/2024 00:00:00","Belgium (BE)","808.90","812.13","848.10","908.52"
"21/08/2024 00:00:00 - 21/08/2024 01:00:00","Belgium (BE)","888.98","802.20","802.20","716.49"
"21/08/2024 01:00:00 - 21/08/2024 02:00:00","Belgium (BE)","839.93","723.93","723.93","698.70"
"21/08/2024 02:00:00 - 21/08/2024 03:00:00","Belgium (BE)","805.80","635.70","635.70","761.71"
"21/08/2024 03:00:00 - 21/08/2024 04:00:00","Belgium (BE)","781.70","664.40","664.40","777.49"
"21/08/2024 04:00:00 - 21/08/2024 05:00:00","Belgium (BE)","754.03","677.20","677.20","717.71"
"21/08/2024 05:00:00 - 21/08/2024 06:00:00","Belgium (BE)","713.43","641.15","641.15","718.31"
"21/08/2024 06:00:00 - 21/08/2024 07:00:00","Belgium (BE)","655.05","614.75","614.75","743.61"
"21/08/2024 07:00:00 - 21/08/2024 08:00:00","Belgium (BE)","607.28","577.78","577.78","679.05"
"21/08/2024 08:00:00 - 21/08/2024 09:00:00","Belgium (BE)","563.80","524.75","531.48","500.50"
"21/08/2024 09:00:00 - 21/08/2024 10:00:00","Belgium (BE)","530.35","509.48","518.00","431.75"
"21/08/2024 10:00:00 - 21/08/2024 11:00:00","Belgium (BE)","568.63","554.15","557.00","469.80"
"21/08/2024 11:00:00 - 21/08/2024 12:00:00","Belgium (BE)","642.25","616.38","602.20","636.59"
"21/08/2024 12:00:00 - 21/08/2024 13:00:00","Belgium (BE)","691.35","665.78","634.25","800.61"
"21/08/2024 13:00:00 - 21/08/2024 14:00:00","Belgium (BE)","722.03","698.83","701.90","877.70"
"21/08/2024 14:00:00 - 21/08/2024 15:00:00","Belgium (BE)","708.18","698.23","744.35","808.98"
"21/08/2024 15:00:00 - 21/08/2024 16:00:00","Belgium (BE)","667.05","653.35","745.25","637.15"
"21/08/2024 16:00:00 - 21/08/2024 17:00:00","Belgium (BE)","607.65","594.03","693.65","544.66"
"21/08/2024 17:00:00 - 21/08/2024 18:00:00","Belgium (BE)","531.80","535.83","593.25","509.55"
"21/08/2024 18:00:00 - 21/08/2024 19:00:00","Belgium (BE)","432.03","449.93","471.00","508.09"
"21/08/2024 19:00:00 - 21/08/2024 20:00:00","Belgium (BE)","341.60","365.73","369.73","396.38"
"21/08/2024 20:00:00 - 21/08/2024 21:00:00","Belgium (BE)","316.03","328.88","346.73","344.79"
"21/08/2024 21:00:00 - 21/08/2024 22:00:00","Belgium (BE)","364.20","356.05","363.65","439.84"
"21/08/2024 22:00:00 - 21/08/2024 23:00:00","Belgium (BE)","436.80","408.10","405.90","564.29"
"21/08/2024 23:00:00 - 22/08/2024 00:00:00","Belgium (BE)","480.63","446.55","451.25","698.80"
"22/08/2024 00:00:00 - 22/08/2024 01:00:00","Belgium (BE)","482.65","503.53","503.53","681.26"
"22/08/2024 01:00:00 - 22/08/2024 02:00:00","Belgium (BE)","498.08","535.70","535.70","642.40"
"22/08/2024 02:00:00 - 22/08/2024 03:00:00","Belgium (BE)","511.83","500.78","500.78","611.30"
"22/08/2024 03:00:00 - 22/08/2024 04:00:00","Belgium (BE)","547.23","549.00","549.00","624.50"
"22/08/2024 04:00:00 - 22/08/2024 05:00:00","Belgium (BE)","612.28","627.03","627.03","740.06"
"22/08/2024 05:00:00 - 22/08/2024 06:00:00","Belgium (BE)","686.78","682.70","682.70","970.59"
"22/08/2024 06:00:00 - 22/08/2024 07:00:00","Belgium (BE)","744.70","757.38","757.38","1102.75"
"22/08/2024 07:00:00 - 22/08/2024 08:00:00","Belgium (BE)","757.70","808.23","808.23","1172.35"
"22/08/2024 08:00:00 - 22/08/2024 09:00:00","Belgium (BE)","712.70","825.25","912.18","1026.48"
"22/08/2024 09:00:00 - 22/08/2024 10:00:00","Belgium (BE)","667.63","789.00","899.75","850.99"
"22/08/2024 10:00:00 - 22/08/2024 11:00:00","Belgium (BE)","754.83","870.95","961.55","1086.52"
"22/08/2024 11:00:00 - 22/08/2024 12:00:00","Belgium (BE)","973.85","1093.08","1205.55","1505.45"
"22/08/2024 12:00:00 - 22/08/2024 13:00:00","Belgium (BE)","1132.93","1237.80","1322.03","1537.93"
"22/08/2024 13:00:00 - 22/08/2024 14:00:00","Belgium (BE)","1169.03","1284.25","1426.60","1388.48"
"22/08/2024 14:00:00 - 22/08/2024 15:00:00","Belgium (BE)","1178.30","1297.85","1395.28","1350.28"
"22/08/2024 15:00:00 - 22/08/2024 16:00:00","Belgium (BE)","1196.90","1289.05","1298.50","1378.04"
"22/08/2024 16:00:00 - 22/08/2024 17:00:00","Belgium (BE)","1171.58","1252.78","1238.03","1346.61"
"22/08/2024 17:00:00 - 22/08/2024 18:00:00","Belgium (BE)","1078.20","1153.78","1193.08","1333.41"
"22/08/2024 18:00:00 - 22/08/2024 19:00:00","Belgium (BE)","930.08","984.08","1022.40","1159.39"
"22/08/2024 19:00:00 - 22/08/2024 20:00:00","Belgium (BE)","786.28","813.08","903.05","912.45"
"22/08/2024 20:00:00 - 22/08/2024 21:00:00","Belgium (BE)","700.60","706.35","795.25","868.64"
"22/08/2024 21:00:00 - 22/08/2024 22:00:00","Belgium (BE)","686.80","689.68","730.30","931.10"
"22/08/2024 22:00:00 - 22/08/2024 23:00:00","Belgium (BE)","718.93","758.25","780.70","968.01"
"22/08/2024 23:00:00 - 23/08/2024 00:00:00","Belgium (BE)","781.33","866.83","888.33","1061.89"
"23/08/2024 00:00:00 - 23/08/2024 01:00:00","Belgium (BE)","1001.00","1066.53","1066.53","1202.67"
"23/08/2024 01:00:00 - 23/08/2024 02:00:00","Belgium (BE)","1087.68","1148.45","1148.45","1305.07"
"23/08/2024 02:00:00 - 23/08/2024 03:00:00","Belgium (BE)","1145.65","1224.10","1224.10","1327.23"
"23/08/2024 03:00:00 - 23/08/2024 04:00:00","Belgium (BE)","1191.20","1274.45","1274.45","1356.43"
"23/08/2024 04:00:00 - 23/08/2024 05:00:00","Belgium (BE)","1227.83","1335.95","1335.95","1402.99"
"23/08/2024 05:00:00 - 23/08/2024 06:00:00","Belgium (BE)","1284.48","1420.33","1420.33","1408.51"
"23/08/2024 06:00:00 - 23/08/2024 07:00:00","Belgium (BE)","1384.80","1517.00","1517.00","1544.71"
"23/08/2024 07:00:00 - 23/08/2024 08:00:00","Belgium (BE)","1513.18","1580.78","1580.78","1712.24"
"23/08/2024 08:00:00 - 23/08/2024 09:00:00","Belgium (BE)","1603.73","1640.88","1661.28","1832.49"
"23/08/2024 09:00:00 - 23/08/2024 10:00:00","Belgium (BE)","1748.70","1766.60","1786.55","1965.64"
"23/08/2024 10:00:00 - 23/08/2024 11:00:00","Belgium (BE)","1924.08","1945.35","1982.50","2027.48"
"23/08/2024 11:00:00 - 23/08/2024 12:00:00","Belgium (BE)","1981.93","1988.35","2039.13","1911.43"
"23/08/2024 12:00:00 - 23/08/2024 13:00:00","Belgium (BE)","1938.23","1930.45","1944.28","1874.73"
"23/08/2024 13:00:00 - 23/08/2024 14:00:00","Belgium (BE)","1881.78","1819.43","1787.75","1754.30"
"23/08/2024 14:00:00 - 23/08/2024 15:00:00","Belgium (BE)","1793.70","1696.63","1721.30","1593.21"
"23/08/2024 15:00:00 - 23/08/2024 16:00:00","Belgium (BE)","1647.38","1553.20","1604.73","1483.18"
"23/08/2024 16:00:00 - 23/08/2024 17:00:00","Belgium (BE)","1469.78","1319.50","1384.55","1224.80"
"23/08/2024 17:00:00 - 23/08/2024 18:00:00","Belgium (BE)","1242.20","1042.98","1110.90","1089.49"
"23/08/2024 18:00:00 - 23/08/2024 19:00:00","Belgium (BE)","975.15","799.50","818.90","984.59"
"23/08/2024 19:00:00 - 23/08/2024 20:00:00","Belgium (BE)","749.50","635.03","653.30","823.15"
"23/08/2024 20:00:00 - 23/08/2024 21:00:00","Belgium (BE)","606.95","544.05","594.85","743.79"
"23/08/2024 21:00:00 - 23/08/2024 22:00:00","Belgium (BE)","529.48","495.08","548.98","663.99"
"23/08/2024 22:00:00 - 23/08/2024 23:00:00","Belgium (BE)","487.55","474.43","505.43","533.85"
"23/08/2024 23:00:00 - 24/08/2024 00:00:00","Belgium (BE)","442.68","450.93","469.98","433.99"
"24/08/2024 00:00:00 - 24/08/2024 01:00:00","Belgium (BE)","422.58","409.63","409.63","419.34"
"24/08/2024 01:00:00 - 24/08/2024 02:00:00","Belgium (BE)","401.75","358.03","358.03","461.49"
"24/08/2024 02:00:00 - 24/08/2024 03:00:00","Belgium (BE)","373.78","344.25","344.25","460.23"
"24/08/2024 03:00:00 - 24/08/2024 04:00:00","Belgium (BE)","365.20","390.65","390.65","392.67"
"24/08/2024 04:00:00 - 24/08/2024 05:00:00","Belgium (BE)","413.75","480.25","480.25","564.75"
"24/08/2024 05:00:00 - 24/08/2024 06:00:00","Belgium (BE)","526.50","559.73","559.73","773.84"
"24/08/2024 06:00:00 - 24/08/2024 07:00:00","Belgium (BE)","677.15","768.00","768.00","995.16"
"24/08/2024 07:00:00 - 24/08/2024 08:00:00","Belgium (BE)","851.65","1006.03","1006.03","1156.61"
"24/08/2024 08:00:00 - 24/08/2024 09:00:00","Belgium (BE)","1048.60","1175.03","1180.63","1170.30"
"24/08/2024 09:00:00 - 24/08/2024 10:00:00","Belgium (BE)","1301.93","1443.65","1480.13","1309.54"
"24/08/2024 10:00:00 - 24/08/2024 11:00:00","Belgium (BE)","1560.08","1699.10","1596.65","1452.44"
"24/08/2024 11:00:00 - 24/08/2024 12:00:00","Belgium (BE)","1716.98","1780.15","1733.88","1632.76"
"24/08/2024 12:00:00 - 24/08/2024 13:00:00","Belgium (BE)","1763.75","1769.15","1721.10","1641.25"
"24/08/2024 13:00:00 - 24/08/2024 14:00:00","Belgium (BE)","1742.40","1726.65","1712.50","1317.64"
"24/08/2024 14:00:00 - 24/08/2024 15:00:00","Belgium (BE)","1666.60","1645.50","1626.15","1410.79"
"24/08/2024 15:00:00 - 24/08/2024 16:00:00","Belgium (BE)","1564.43","1607.35","1475.53","1669.74"
"24/08/2024 16:00:00 - 24/08/2024 17:00:00","Belgium (BE)","1469.78","1595.13","1434.28","1498.81"
"24/08/2024 17:00:00 - 24/08/2024 18:00:00","Belgium (BE)","1441.98","1539.98","1483.03","1322.64"
"24/08/2024 18:00:00 - 24/08/2024 19:00:00","Belgium (BE)","1397.53","1373.50","1428.78","902.94"
"24/08/2024 19:00:00 - 24/08/2024 20:00:00","Belgium (BE)","1230.40","1090.65","1170.40","633.55"
"24/08/2024 20:00:00 - 24/08/2024 21:00:00","Belgium (BE)","1028.88","839.08","854.25","688.38"
"24/08/2024 21:00:00 - 24/08/2024 22:00:00","Belgium (BE)","933.33","773.35","821.53","870.87"
"24/08/2024 22:00:00 - 24/08/2024 23:00:00","Belgium (BE)","906.55","826.13","1036.90","1200.94"
"24/08/2024 23:00:00 - 25/08/2024 00:00:00","Belgium (BE)","884.25","936.35","1137.43","1290.93"
"25/08/2024 00:00:00 - 25/08/2024 01:00:00","Belgium (BE)","1154.53","1251.30","1251.30","1369.46"
"25/08/2024 01:00:00 - 25/08/2024 02:00:00","Belgium (BE)","1110.83","1169.98","1169.98","1177.80"
"25/08/2024 02:00:00 - 25/08/2024 03:00:00","Belgium (BE)","1070.80","1091.68","1091.68","1073.73"
"25/08/2024 03:00:00 - 25/08/2024 04:00:00","Belgium (BE)","997.58","939.35","939.35","1041.91"
"25/08/2024 04:00:00 - 25/08/2024 05:00:00","Belgium (BE)","903.13","865.13","865.13","1033.87"
"25/08/2024 05:00:00 - 25/08/2024 06:00:00","Belgium (BE)","810.63","808.23","808.23","928.65"
"25/08/2024 06:00:00 - 25/08/2024 07:00:00","Belgium (BE)","742.65","763.43","763.43","839.61"
"25/08/2024 07:00:00 - 25/08/2024 08:00:00","Belgium (BE)","685.60","692.78","692.78","730.37"
"25/08/2024 08:00:00 - 25/08/2024 09:00:00","Belgium (BE)","594.80","584.03","579.68","577.48"
"25/08/2024 09:00:00 - 25/08/2024 10:00:00","Belgium (BE)","533.35","490.85","482.83","420.12"
"25/08/2024 10:00:00 - 25/08/2024 11:00:00","Belgium (BE)","548.23","488.45","489.40","482.69"
"25/08/2024 11:00:00 - 25/08/2024 12:00:00","Belgium (BE)","596.55","534.40","492.15","579.73"
"25/08/2024 12:00:00 - 25/08/2024 13:00:00","Belgium (BE)","631.00","565.65","506.65","613.09"
"25/08/2024 13:00:00 - 25/08/2024 14:00:00","Belgium (BE)","648.63","580.93","527.58","569.05"
"25/08/2024 14:00:00 - 25/08/2024 15:00:00","Belgium (BE)","651.70","596.83","572.30","538.10"
"25/08/2024 15:00:00 - 25/08/2024 16:00:00","Belgium (BE)","639.95","603.83","569.53","541.08"
"25/08/2024 16:00:00 - 25/08/2024 17:00:00","Belgium (BE)","612.18","590.00","568.78","596.09"
"25/08/2024 17:00:00 - 25/08/2024 18:00:00","Belgium (BE)","559.43","552.43","495.93","626.32"
"25/08/2024 18:00:00 - 25/08/2024 19:00:00","Belgium (BE)","475.10","476.53","451.35","543.87"
"25/08/2024 19:00:00 - 25/08/2024 20:00:00","Belgium (BE)","378.38","375.35","391.00","393.53"
"25/08/2024 20:00:00 - 25/08/2024 21:00:00","Belgium (BE)","321.23","321.80","349.53","353.91"
"25/08/2024 21:00:00 - 25/08/2024 22:00:00","Belgium (BE)","321.00","328.63","357.98","409.19"
"25/08/2024 22:00:00 - 25/08/2024 23:00:00","Belgium (BE)","347.60","366.03","382.48","459.33"
"25/08/2024 23:00:00 - 26/08/2024 00:00:00","Belgium (BE)","371.90","391.20","385.88","489.19"
"26/08/2024 00:00:00 - 26/08/2024 01:00:00","Belgium (BE)","393.33","409.70","409.70","550.01"
"26/08/2024 01:00:00 - 26/08/2024 02:00:00","Belgium (BE)","410.75","439.90","439.90","560.11"
"26/08/2024 02:00:00 - 26/08/2024 03:00:00","Belgium (BE)","437.33","467.13","467.13","567.25"
"26/08/2024 03:00:00 - 26/08/2024 04:00:00","Belgium (BE)","473.53","468.30","468.30","616.07"
"26/08/2024 04:00:00 - 26/08/2024 05:00:00","Belgium (BE)","511.28","476.43","476.43","649.28"
"26/08/2024 05:00:00 - 26/08/2024 06:00:00","Belgium (BE)","538.03","493.68","493.68","699.58"
"26/08/2024 06:00:00 - 26/08/2024 07:00:00","Belgium (BE)","540.70","505.45","505.45","704.36"
"26/08/2024 07:00:00 - 26/08/2024 08:00:00","Belgium (BE)","530.60","512.13","512.13","668.18"
"26/08/2024 08:00:00 - 26/08/2024 09:00:00","Belgium (BE)","499.35","464.33","504.63","509.50"
"26/08/2024 09:00:00 - 26/08/2024 10:00:00","Belgium (BE)","421.33","380.60","403.88","348.78"
"26/08/2024 10:00:00 - 26/08/2024 11:00:00","Belgium (BE)","398.90","357.60","364.20","324.87"
"26/08/2024 11:00:00 - 26/08/2024 12:00:00","Belgium (BE)","433.03","398.28","396.60","355.35"
"26/08/2024 12:00:00 - 26/08/2024 13:00:00","Belgium (BE)","456.70","431.08","421.55","383.49"
"26/08/2024 13:00:00 - 26/08/2024 14:00:00","Belgium (BE)","458.50","429.05","408.20","373.85"
"26/08/2024 14:00:00 - 26/08/2024 15:00:00","Belgium (BE)","427.90","387.58","380.03","327.44"
"26/08/2024 15:00:00 - 26/08/2024 16:00:00","Belgium (BE)","383.58","339.23","332.73","271.16"
"26/08/2024 16:00:00 - 26/08/2024 17:00:00","Belgium (BE)","335.68","292.65","288.03","196.64"
"26/08/2024 17:00:00 - 26/08/2024 18:00:00","Belgium (BE)","273.63","237.28","227.38","157.26"
"26/08/2024 18:00:00 - 26/08/2024 19:00:00","Belgium (BE)","193.40","172.43","160.38","106.43"
"26/08/2024 19:00:00 - 26/08/2024 20:00:00","Belgium (BE)","128.85","122.00","110.85","72.52"
"26/08/2024 20:00:00 - 26/08/2024 21:00:00","Belgium (BE)","92.35","89.63","90.48","86.54"
"26/08/2024 21:00:00 - 26/08/2024 22:00:00","Belgium (BE)","76.53","82.05","84.68","102.98"
"26/08/2024 22:00:00 - 26/08/2024 23:00:00","Belgium (BE)","78.30","87.53","89.38","111.05"
"26/08/2024 23:00:00 - 27/08/2024 00:00:00","Belgium (BE)","85.08","95.10","101.13","119.95"
"27/08/2024 00:00:00 - 27/08/2024 01:00:00","Belgium (BE)","115.15","92.85","92.85","110.27"
"27/08/2024 01:00:00 - 27/08/2024 02:00:00","Belgium (BE)","109.60","108.23","108.23","102.81"
"27/08/2024 02:00:00 - 27/08/2024 03:00:00","Belgium (BE)","97.38","99.63","99.63","80.17"
"27/08/2024 03:00:00 - 27/08/2024 04:00:00","Belgium (BE)","87.78","89.40","89.40","51.11"
"27/08/2024 04:00:00 - 27/08/2024 05:00:00","Belgium (BE)","79.15","93.60","93.60","49.47"
"27/08/2024 05:00:00 - 27/08/2024 06:00:00","Belgium (BE)","84.85","99.70","99.70","65.65"
"27/08/2024 06:00:00 - 27/08/2024 07:00:00","Belgium (BE)","110.80","111.18","111.18","78.60"
"27/08/2024 07:00:00 - 27/08/2024 08:00:00","Belgium (BE)","145.30","128.90","128.90","90.73"
"27/08/2024 08:00:00 - 27/08/2024 09:00:00","Belgium (BE)","173.13","144.53","114.85","96.16"
"27/08/2024 09:00:00 - 27/08/2024 10:00:00","Belgium (BE)","149.53","133.18","97.40","58.52"
"27/08/2024 10:00:00 - 27/08/2024 11:00:00","Belgium (BE)","92.70","79.18","60.20","22.93"
"27/08/2024 11:00:00 - 27/08/2024 12:00:00","Belgium (BE)","66.20","45.23","26.48","35.03"
"27/08/2024 12:00:00 - 27/08/2024 13:00:00","Belgium (BE)","60.40","47.88","33.83","75.27"
"27/08/2024 13:00:00 - 27/08/2024 14:00:00","Belgium (BE)","49.88","45.40","36.78","72.79"
"27/08/2024 14:00:00 - 27/08/2024 15:00:00","Belgium (BE)","40.43","39.50","29.90","60.27"
"27/08/2024 15:00:00 - 27/08/2024 16:00:00","Belgium (BE)","33.28","30.98","24.48","45.25"
"27/08/2024 16:00:00 - 27/08/2024 17:00:00","Belgium (BE)","34.40","28.00","22.25","42.26"
"27/08/2024 17:00:00 - 27/08/2024 18:00:00","Belgium (BE)","42.60","31.60","26.90","47.67"
"27/08/2024 18:00:00 - 27/08/2024 19:00:00","Belgium (BE)","47.15","37.38","36.55","34.42"
"27/08/2024 19:00:00 - 27/08/2024 20:00:00","Belgium (BE)","64.10","49.80","55.30","35.20"
"27/08/2024 20:00:00 - 27/08/2024 21:00:00","Belgium (BE)","118.25","92.90","104.70","85.84"
"27/08/2024 21:00:00 - 27/08/2024 22:00:00","Belgium (BE)","195.88","162.70","178.15","135.64"
"27/08/2024 22:00:00 - 27/08/2024 23:00:00","Belgium (BE)","266.93","233.13","241.70","208.96"
"27/08/2024 23:00:00 - 28/08/2024 00:00:00","Belgium (BE)","323.40","282.80","273.63","261.49"
"28/08/2024 00:00:00 - 28/08/2024 01:00:00","Belgium (BE)","287.70","272.50","272.50","258.45"
"28/08/2024 01:00:00 - 28/08/2024 02:00:00","Belgium (BE)","291.45","276.65","276.65","228.86"
"28/08/2024 02:00:00 - 28/08/2024 03:00:00","Belgium (BE)","276.80","298.08","298.08","187.22"
"28/08/2024 03:00:00 - 28/08/2024 04:00:00","Belgium (BE)","239.30","236.08","236.08","128.91"
"28/08/2024 04:00:00 - 28/08/2024 05:00:00","Belgium (BE)","205.80","185.30","185.30","92.52"
"28/08/2024 05:00:00 - 28/08/2024 06:00:00","Belgium (BE)","184.73","153.53","153.53","91.94"
"28/08/2024 06:00:00 - 28/08/2024 07:00:00","Belgium (BE)","187.68","162.43","162.43","119.65"
"28/08/2024 07:00:00 - 28/08/2024 08:00:00","Belgium (BE)","205.68","196.75","196.75","178.67"
"28/08/2024 08:00:00 - 28/08/2024 09:00:00","Belgium (BE)","225.28","225.30","213.13","195.60"
"28/08/2024 09:00:00 - 28/08/2024 10:00:00","Belgium (BE)","189.45","203.73","194.73","141.83"
"28/08/2024 10:00:00 - 28/08/2024 11:00:00","Belgium (BE)","103.78","121.30","120.60","62.18"
"28/08/2024 11:00:00 - 28/08/2024 12:00:00","Belgium (BE)","64.63","79.58","76.10","51.34"
"28/08/2024 12:00:00 - 28/08/2024 13:00:00","Belgium (BE)","76.65","86.48","79.63","116.25"
"28/08/2024 13:00:00 - 28/08/2024 14:00:00","Belgium (BE)","112.30","127.13","108.40","188.07"
"28/08/2024 14:00:00 - 28/08/2024 15:00:00","Belgium (BE)","149.30","168.18","171.70","203.77"
"28/08/2024 15:00:00 - 28/08/2024 16:00:00","Belgium (BE)","164.38","192.15","203.88","216.58"
"28/08/2024 16:00:00 - 28/08/2024 17:00:00","Belgium (BE)","166.30","209.13","220.93","267.80"
"28/08/2024 17:00:00 - 28/08/2024 18:00:00","Belgium (BE)","163.40","220.83","239.35","321.30"
"28/08/2024 18:00:00 - 28/08/2024 19:00:00","Belgium (BE)","144.75","204.33","223.85","324.03"
"28/08/2024 19:00:00 - 28/08/2024 20:00:00","Belgium (BE)","132.95","183.25","222.58","218.08"
"28/08/2024 20:00:00 - 28/08/2024 21:00:00","Belgium (BE)","144.40","215.18","226.68","208.76"
"28/08/2024 21:00:00 - 28/08/2024 22:00:00","Belgium (BE)","179.75","270.95","240.20","316.63"
"28/08/2024 22:00:00 - 28/08/2024 23:00:00","Belgium (BE)","229.93","317.45","297.50","436.55"
"28/08/2024 23:00:00 - 29/08/2024 00:00:00","Belgium (BE)","287.88","344.88","371.65","537.26"
"29/08/2024 00:00:00 - 29/08/2024 01:00:00","Belgium (BE)","425.60","495.05","495.05","578.85"
"29/08/2024 01:00:00 - 29/08/2024 02:00:00","Belgium (BE)","465.80","495.58","495.58","482.85"
"29/08/2024 02:00:00 - 29/08/2024 03:00:00","Belgium (BE)","506.50","477.20","477.20","445.52"
"29/08/2024 03:00:00 - 29/08/2024 04:00:00","Belgium (BE)","515.43","488.10","488.10","452.30"
"29/08/2024 04:00:00 - 29/08/2024 05:00:00","Belgium (BE)","481.18","506.73","506.73","499.73"
"29/08/2024 05:00:00 - 29/08/2024 06:00:00","Belgium (BE)","436.10","485.98","485.98","490.32"
"29/08/2024 06:00:00 - 29/08/2024 07:00:00","Belgium (BE)","375.95","459.80","459.80","471.77"
"29/08/2024 07:00:00 - 29/08/2024 08:00:00","Belgium (BE)","329.33","398.55","398.55","402.89"
"29/08/2024 08:00:00 - 29/08/2024 09:00:00","Belgium (BE)","275.83","301.48","310.98","277.24"
"29/08/2024 09:00:00 - 29/08/2024 10:00:00","Belgium (BE)","220.53","212.33","245.33","137.16"
"29/08/2024 10:00:00 - 29/08/2024 11:00:00","Belgium (BE)","186.65","171.75","197.55","111.57"
"29/08/2024 11:00:00 - 29/08/2024 12:00:00","Belgium (BE)","181.18","165.93","144.48","131.80"
"29/08/2024 12:00:00 - 29/08/2024 13:00:00","Belgium (BE)","194.85","178.73","162.95","160.15"
"29/08/2024 13:00:00 - 29/08/2024 14:00:00","Belgium (BE)","219.05","194.48","178.53","173.94"
"29/08/2024 14:00:00 - 29/08/2024 15:00:00","Belgium (BE)","239.95","209.35","191.55","170.18"
"29/08/2024 15:00:00 - 29/08/2024 16:00:00","Belgium (BE)","244.08","201.98","208.25","163.61"
"29/08/2024 16:00:00 - 29/08/2024 17:00:00","Belgium (BE)","224.48","175.30","195.33","147.64"
"29/08/2024 17:00:00 - 29/08/2024 18:00:00","Belgium (BE)","200.90","155.63","177.78","159.42"
"29/08/2024 18:00:00 - 29/08/2024 19:00:00","Belgium (BE)","192.63","157.25","171.60","175.99"
"29/08/2024 19:00:00 - 29/08/2024 20:00:00","Belgium (BE)","201.13","184.55","188.00","192.65"
"29/08/2024 20:00:00 - 29/08/2024 21:00:00","Belgium (BE)","221.13","221.25","216.23","179.80"
"29/08/2024 21:00:00 - 29/08/2024 22:00:00","Belgium (BE)","227.98","225.68","216.68","184.10"
"29/08/2024 22:00:00 - 29/08/2024 23:00:00","Belgium (BE)","202.08","199.33","188.50","183.51"
"29/08/2024 23:00:00 - 30/08/2024 00:00:00","Belgium (BE)","164.83","163.50","147.63","162.36"
"30/08/2024 00:00:00 - 30/08/2024 01:00:00","Belgium (BE)","127.13","120.73","120.73","99.99"
"30/08/2024 01:00:00 - 30/08/2024 02:00:00","Belgium (BE)","118.63","104.28","104.28","77.07"
"30/08/2024 02:00:00 - 30/08/2024 03:00:00","Belgium (BE)","112.88","69.38","69.38","88.61"
"30/08/2024 03:00:00 - 30/08/2024 04:00:00","Belgium (BE)","109.25","74.78","74.78","106.90"
"30/08/2024 04:00:00 - 30/08/2024 05:00:00","Belgium (BE)","120.75","80.90","80.90","119.33"
"30/08/2024 05:00:00 - 30/08/2024 06:00:00","Belgium (BE)","136.48","91.30","91.30","115.20"
"30/08/2024 06:00:00 - 30/08/2024 07:00:00","Belgium (BE)","142.38","88.08","88.08","111.39"
"30/08/2024 07:00:00 - 30/08/2024 08:00:00","Belgium (BE)","154.38","102.30","102.30","157.66"
"30/08/2024 08:00:00 - 30/08/2024 09:00:00","Belgium (BE)","164.50","107.38","118.95","127.73"
"30/08/2024 09:00:00 - 30/08/2024 10:00:00","Belgium (BE)","171.58","103.73","136.83","65.29"
"30/08/2024 10:00:00 - 30/08/2024 11:00:00","Belgium (BE)","194.38","111.10","129.28","74.59"
"30/08/2024 11:00:00 - 30/08/2024 12:00:00","Belgium (BE)","237.13","141.80","140.88","145.52"
"30/08/2024 12:00:00 - 30/08/2024 13:00:00","Belgium (BE)","284.30","200.30","185.38","257.97"
"30/08/2024 13:00:00 - 30/08/2024 14:00:00","Belgium (BE)","329.93","259.50","248.90","367.13"
"30/08/2024 14:00:00 - 30/08/2024 15:00:00","Belgium (BE)","400.45","321.68","329.58","335.14"
"30/08/2024 15:00:00 - 30/08/2024 16:00:00","Belgium (BE)","495.18","397.00","423.08","389.85"
"30/08/2024 16:00:00 - 30/08/2024 17:00:00","Belgium (BE)","600.80","471.90","483.78","600.97"
"30/08/2024 17:00:00 - 30/08/2024 18:00:00","Belgium (BE)","677.15","527.48","500.15","583.14"
"30/08/2024 18:00:00 - 30/08/2024 19:00:00","Belgium (BE)","719.55","567.75","531.78","648.28"
"30/08/2024 19:00:00 - 30/08/2024 20:00:00","Belgium (BE)","754.45","619.28","582.13","713.70"
"30/08/2024 20:00:00 - 30/08/2024 21:00:00","Belgium (BE)","820.73","670.33","687.03","681.12"
"30/08/2024 21:00:00 - 30/08/2024 22:00:00","Belgium (BE)","891.23","712.63","767.63","718.81"
"30/08/2024 22:00:00 - 30/08/2024 23:00:00","Belgium (BE)","942.13","768.58","778.90","803.38"
"30/08/2024 23:00:00 - 31/08/2024 00:00:00","Belgium (BE)","1018.90","828.78","776.33","887.64"
"31/08/2024 00:00:00 - 31/08/2024 01:00:00","Belgium (BE)","781.90","846.25","846.25","886.87"
"31/08/2024 01:00:00 - 31/08/2024 02:00:00","Belgium (BE)","830.35","912.15","912.15","797.57"
"31/08/2024 02:00:00 - 31/08/2024 03:00:00","Belgium (BE)","880.05","927.58","927.58","808.00"
"31/08/2024 03:00:00 - 31/08/2024 04:00:00","Belgium (BE)","907.03","867.80","867.80","920.57"
"31/08/2024 04:00:00 - 31/08/2024 05:00:00","Belgium (BE)","927.58","871.58","871.58","966.13"
"31/08/2024 05:00:00 - 31/08/2024 06:00:00","Belgium (BE)","942.83","881.68","881.68","968.13"
"31/08/2024 06:00:00 - 31/08/2024 07:00:00","Belgium (BE)","950.78","918.23","918.23","1007.84"
"31/08/2024 07:00:00 - 31/08/2024 08:00:00","Belgium (BE)","961.10","907.28","907.28","944.38"
"31/08/2024 08:00:00 - 31/08/2024 09:00:00","Belgium (BE)","905.03","823.70","812.95","825.03"
"31/08/2024 09:00:00 - 31/08/2024 10:00:00","Belgium (BE)","840.20","732.58","728.73","787.32"
"31/08/2024 10:00:00 - 31/08/2024 11:00:00","Belgium (BE)","798.48","654.68","660.10","711.86"
"31/08/2024 11:00:00 - 31/08/2024 12:00:00","Belgium (BE)","715.45","563.18","594.83","540.60"
"31/08/2024 12:00:00 - 31/08/2024 13:00:00","Belgium (BE)","634.48","479.83","509.35","399.81"
"31/08/2024 13:00:00 - 31/08/2024 14:00:00","Belgium (BE)","588.23","427.95","436.58","414.41"
"31/08/2024 14:00:00 - 31/08/2024 15:00:00","Belgium (BE)","573.40","412.18","434.25","435.02"
"31/08/2024 15:00:00 - 31/08/2024 16:00:00","Belgium (BE)","579.13","411.30","439.20","434.28"
"31/08/2024 16:00:00 - 31/08/2024 17:00:00","Belgium (BE)","589.40","403.40","438.13","414.16"
"31/08/2024 17:00:00 - 31/08/2024 18:00:00","Belgium (BE)","604.18","401.50","457.60","373.05"
"31/08/2024 18:00:00 - 31/08/2024 19:00:00","Belgium (BE)","630.45","408.43","459.75","322.31"
"31/08/2024 19:00:00 - 31/08/2024 20:00:00","Belgium (BE)","666.88","428.50","469.40","375.54"
"31/08/2024 20:00:00 - 31/08/2024 21:00:00","Belgium (BE)","747.83","501.10","516.10","543.67"
"31/08/2024 21:00:00 - 31/08/2024 22:00:00","Belgium (BE)","843.90","609.40","587.20","686.92"
"31/08/2024 22:00:00 - 31/08/2024 23:00:00","Belgium (BE)","875.28","671.48","637.98","706.78"
"31/08/2024 23:00:00 - 01/09/2024 00:00:00","Belgium (BE)","839.35","675.50","652.95","698.93"
"01/09/2024 00:00:00 - 01/09/2024 01:00:00","Belgium (BE)","641.13","589.18","589.18","714.58"
"01/09/2024 01:00:00 - 01/09/2024 02:00:00","Belgium (BE)","614.95","556.18","556.18","678.83"
"01/09/2024 02:00:00 - 01/09/2024 03:00:00","Belgium (BE)","584.63","575.30","575.30","631.42"
"01/09/2024 03:00:00 - 01/09/2024 04:00:00","Belgium (BE)","550.40","572.10","572.10","553.23"
"01/09/2024 04:00:00 - 01/09/2024 05:00:00","Belgium (BE)","529.35","574.33","574.33","506.48"
"01/09/2024 05:00:00 - 01/09/2024 06:00:00","Belgium (BE)","529.50","526.03","526.03","505.87"
"01/09/2024 06:00:00 - 01/09/2024 07:00:00","Belgium (BE)","534.08","501.68","501.68","468.78"
"01/09/2024 07:00:00 - 01/09/2024 08:00:00","Belgium (BE)","506.03","474.60","474.60","507.69"
"01/09/2024 08:00:00 - 01/09/2024 09:00:00","Belgium (BE)","488.38","412.98","411.65","386.63"
"01/09/2024 09:00:00 - 01/09/2024 10:00:00","Belgium (BE)","368.78","290.23","335.35","225.20"
"01/09/2024 10:00:00 - 01/09/2024 11:00:00","Belgium (BE)","242.05","212.20","239.75","143.51"
"01/09/2024 11:00:00 - 01/09/2024 12:00:00","Belgium (BE)","203.75","194.18","205.80","110.33"
"01/09/2024 12:00:00 - 01/09/2024 13:00:00","Belgium (BE)","194.60","188.50","202.20","115.21"
"01/09/2024 13:00:00 - 01/09/2024 14:00:00","Belgium (BE)","195.45","188.30","188.50","150.59"
"01/09/2024 14:00:00 - 01/09/2024 15:00:00","Belgium (BE)","208.05","195.40","191.90","219.52"
"01/09/2024 15:00:00 - 01/09/2024 16:00:00","Belgium (BE)","227.25","201.88","203.78","186.75"
"01/09/2024 16:00:00 - 01/09/2024 17:00:00","Belgium (BE)","233.90","210.08","238.30","187.38"
"01/09/2024 17:00:00 - 01/09/2024 18:00:00","Belgium (BE)","229.53","214.83","202.30","189.97"
"01/09/2024 18:00:00 - 01/09/2024 19:00:00","Belgium (BE)","223.73","205.95","169.80","188.47"
"01/09/2024 19:00:00 - 01/09/2024 20:00:00","Belgium (BE)","251.48","227.80","174.48","228.25"
"01/09/2024 20:00:00 - 01/09/2024 21:00:00","Belgium (BE)","338.20","300.83","234.60","298.22"
"01/09/2024 21:00:00 - 01/09/2024 22:00:00","Belgium (BE)","420.03","366.83","280.75","286.23"
"01/09/2024 22:00:00 - 01/09/2024 23:00:00","Belgium (BE)","432.93","382.38","271.33","274.59"
"01/09/2024 23:00:00 - 02/09/2024 00:00:00","Belgium (BE)","398.25","359.68","240.18","293.42"
"02/09/2024 00:00:00 - 02/09/2024 01:00:00","Belgium (BE)","209.53","245.55","245.55","296.62"
"02/09/2024 01:00:00 - 02/09/2024 02:00:00","Belgium (BE)","181.75","255.18","255.18","297.70"
"02/09/2024 02:00:00 - 02/09/2024 03:00:00","Belgium (BE)","159.63","273.10","273.10","285.67"
"02/09/2024 03:00:00 - 02/09/2024 04:00:00","Belgium (BE)","149.15","267.43","267.43","270.96"
"02/09/2024 04:00:00 - 02/09/2024 05:00:00","Belgium (BE)","141.50","254.78","254.78","223.59"
"02/09/2024 05:00:00 - 02/09/2024 06:00:00","Belgium (BE)","143.98","237.28","237.28","176.03"
"02/09/2024 06:00:00 - 02/09/2024 07:00:00","Belgium (BE)","152.20","214.40","214.40","134.03"
"02/09/2024 07:00:00 - 02/09/2024 08:00:00","Belgium (BE)","152.73","171.38","171.38","153.32"
"02/09/2024 08:00:00 - 02/09/2024 09:00:00","Belgium (BE)","139.95","141.23","130.58","180.32"
"02/09/2024 09:00:00 - 02/09/2024 10:00:00","Belgium (BE)","84.13","92.10","83.83","95.21"
"02/09/2024 10:00:00 - 02/09/2024 11:00:00","Belgium (BE)","46.53","58.48","73.53","49.38"
"02/09/2024 11:00:00 - 02/09/2024 12:00:00","Belgium (BE)","58.65","79.15","78.20","52.23"
"02/09/2024 12:00:00 - 02/09/2024 13:00:00","Belgium (BE)","72.65","115.25","115.38","76.66"
"02/09/2024 13:00:00 - 02/09/2024 14:00:00","Belgium (BE)","82.50","154.03","157.38","134.91"
"02/09/2024 14:00:00 - 02/09/2024 15:00:00","Belgium (BE)","90.63","184.08","161.98","190.62"
"02/09/2024 15:00:00 - 02/09/2024 16:00:00","Belgium (BE)","109.70","183.15","167.28","216.64"
"02/09/2024 16:00:00 - 02/09/2024 17:00:00","Belgium (BE)","126.83","167.30","161.25","232.69"
"02/09/2024 17:00:00 - 02/09/2024 18:00:00","Belgium (BE)","127.78","147.85","166.40","199.78"
"02/09/2024 18:00:00 - 02/09/2024 19:00:00","Belgium (BE)","99.90","115.95","120.88","133.03"
"02/09/2024 19:00:00 - 02/09/2024 20:00:00","Belgium (BE)","78.90","87.13","85.73","66.90"
"02/09/2024 20:00:00 - 02/09/2024 21:00:00","Belgium (BE)","78.70","76.53","87.25","72.19"
"02/09/2024 21:00:00 - 02/09/2024 22:00:00","Belgium (BE)","81.63","89.83","90.10","66.68"
"02/09/2024 22:00:00 - 02/09/2024 23:00:00","Belgium (BE)","79.00","99.63","86.98","37.72"
"02/09/2024 23:00:00 - 03/09/2024 00:00:00","Belgium (BE)","73.43","95.73","83.45","31.58"
"03/09/2024 00:00:00 - 03/09/2024 01:00:00","Belgium (BE)","86.03","64.10","64.10","32.66"
"03/09/2024 01:00:00 - 03/09/2024 02:00:00","Belgium (BE)","83.88","62.28","62.28","29.79"
"03/09/2024 02:00:00 - 03/09/2024 03:00:00","Belgium (BE)","74.98","50.70","50.70","42.25"
"03/09/2024 03:00:00 - 03/09/2024 04:00:00","Belgium (BE)","61.45","53.48","53.48","67.66"
"03/09/2024 04:00:00 - 03/09/2024 05:00:00","Belgium (BE)","62.25","61.58","61.58","93.33"
"03/09/2024 05:00:00 - 03/09/2024 06:00:00","Belgium (BE)","76.60","74.33","74.33","119.37"
"03/09/2024 06:00:00 - 03/09/2024 07:00:00","Belgium (BE)","103.78","91.53","91.53","153.04"
"03/09/2024 07:00:00 - 03/09/2024 08:00:00","Belgium (BE)","141.53","129.93","129.93","198.83"
"03/09/2024 08:00:00 - 03/09/2024 09:00:00","Belgium (BE)","178.20","154.53","157.40","174.63"
"03/09/2024 09:00:00 - 03/09/2024 10:00:00","Belgium (BE)","182.20","160.58","174.63","112.15"
"03/09/2024 10:00:00 - 03/09/2024 11:00:00","Belgium (BE)","197.25","179.25","137.53","65.82"
"03/09/2024 11:00:00 - 03/09/2024 12:00:00","Belgium (BE)","243.48","215.38","143.33","81.37"
"03/09/2024 12:00:00 - 03/09/2024 13:00:00","Belgium (BE)","280.75","245.15","155.90","100.20"
"03/09/2024 13:00:00 - 03/09/2024 14:00:00","Belgium (BE)","291.80","259.05","140.00","98.39"
"03/09/2024 14:00:00 - 03/09/2024 15:00:00","Belgium (BE)","288.93","246.73","128.25","79.42"
"03/09/2024 15:00:00 - 03/09/2024 16:00:00","Belgium (BE)","276.33","222.03","121.13","73.01"
"03/09/2024 16:00:00 - 03/09/2024 17:00:00","Belgium (BE)","245.13","183.93","110.28","96.92"
"03/09/2024 17:00:00 - 03/09/2024 18:00:00","Belgium (BE)","212.38","138.85","86.58","138.85"
"03/09/2024 18:00:00 - 03/09/2024 19:00:00","Belgium (BE)","176.05","99.88","92.85","133.10"
"03/09/2024 19:00:00 - 03/09/2024 20:00:00","Belgium (BE)","149.23","85.75","104.55","155.00"
"03/09/2024 20:00:00 - 03/09/2024 21:00:00","Belgium (BE)","134.05","79.18","104.85","126.28"
"03/09/2024 21:00:00 - 03/09/2024 22:00:00","Belgium (BE)","116.33","71.15","128.38","81.42"
"03/09/2024 22:00:00 - 03/09/2024 23:00:00","Belgium (BE)","110.33","75.08","113.83","71.16"
"03/09/2024 23:00:00 - 04/09/2024 00:00:00","Belgium (BE)","107.03","88.73","120.15","95.02"
"04/09/2024 00:00:00 - 04/09/2024 01:00:00","Belgium (BE)","124.65","136.98","136.98","132.02"
"04/09/2024 01:00:00 - 04/09/2024 02:00:00","Belgium (BE)","154.38","150.48","150.48","188.25"
"04/09/2024 02:00:00 - 04/09/2024 03:00:00","Belgium (BE)","172.15","164.63","164.63","199.33"
"04/09/2024 03:00:00 - 04/09/2024 04:00:00","Belgium (BE)","175.38","183.45","183.45","177.22"
"04/09/2024 04:00:00 - 04/09/2024 05:00:00","Belgium (BE)","164.18","173.35","173.35","134.17"
"04/09/2024 05:00:00 - 04/09/2024 06:00:00","Belgium (BE)","140.45","138.53","138.53","106.75"
"04/09/2024 06:00:00 - 04/09/2024 07:00:00","Belgium (BE)","112.73","119.95","119.95","78.46"
"04/09/2024 07:00:00 - 04/09/2024 08:00:00","Belgium (BE)","86.95","94.88","94.88","45.30"
"04/09/2024 08:00:00 - 04/09/2024 09:00:00","Belgium (BE)","65.88","72.60","65.70","30.47"
"04/09/2024 09:00:00 - 04/09/2024 10:00:00","Belgium (BE)","42.30","44.38","41.90","16.81"
"04/09/2024 10:00:00 - 04/09/2024 11:00:00","Belgium (BE)","25.33","17.75","14.40","6.18"
"04/09/2024 11:00:00 - 04/09/2024 12:00:00","Belgium (BE)","16.10","8.50","8.78","4.35"
"04/09/2024 12:00:00 - 04/09/2024 13:00:00","Belgium (BE)","17.05","8.78","8.75","3.90"
"04/09/2024 13:00:00 - 04/09/2024 14:00:00","Belgium (BE)","18.85","11.13","8.65","5.63"
"04/09/2024 14:00:00 - 04/09/2024 15:00:00","Belgium (BE)","27.20","12.63","11.63","5.87"
"04/09/2024 15:00:00 - 04/09/2024 16:00:00","Belgium (BE)","40.33","16.70","15.55","8.76"
"04/09/2024 16:00:00 - 04/09/2024 17:00:00","Belgium (BE)","55.65","25.03","24.45","18.42"
"04/09/2024 17:00:00 - 04/09/2024 18:00:00","Belgium (BE)","70.80","39.95","31.40","32.55"
"04/09/2024 18:00:00 - 04/09/2024 19:00:00","Belgium (BE)","90.88","54.53","56.25","47.12"
"04/09/2024 19:00:00 - 04/09/2024 20:00:00","Belgium (BE)","132.70","79.10","93.60","64.74"
"04/09/2024 20:00:00 - 04/09/2024 21:00:00","Belgium (BE)","194.58","124.30","127.55","95.76"
"04/09/2024 21:00:00 - 04/09/2024 22:00:00","Belgium (BE)","223.43","151.28","147.60","144.14"
"04/09/2024 22:00:00 - 04/09/2024 23:00:00","Belgium (BE)","206.65","161.58","162.15","173.03"
"04/09/2024 23:00:00 - 05/09/2024 00:00:00","Belgium (BE)","188.25","162.63","179.33","252.15"
"05/09/2024 00:00:00 - 05/09/2024 01:00:00","Belgium (BE)","186.45","160.38","160.38","263.41"
"05/09/2024 01:00:00 - 05/09/2024 02:00:00","Belgium (BE)","174.30","233.28","233.28","254.98"
"05/09/2024 02:00:00 - 05/09/2024 03:00:00","Belgium (BE)","181.75","309.68","309.68","335.17"
"05/09/2024 03:00:00 - 05/09/2024 04:00:00","Belgium (BE)","230.18","341.73","341.73","470.36"
"05/09/2024 04:00:00 - 05/09/2024 05:00:00","Belgium (BE)","297.05","396.30","396.30","523.42"
"05/09/2024 05:00:00 - 05/09/2024 06:00:00","Belgium (BE)","344.43","460.38","460.38","548.85"
"05/09/2024 06:00:00 - 05/09/2024 07:00:00","Belgium (BE)","362.48","522.70","522.70","738.84"
"05/09/2024 07:00:00 - 05/09/2024 08:00:00","Belgium (BE)","380.20","601.43","601.43","864.28"
"05/09/2024 08:00:00 - 05/09/2024 09:00:00","Belgium (BE)","425.83","697.80","733.30","832.48"
"05/09/2024 09:00:00 - 05/09/2024 10:00:00","Belgium (BE)","509.60","805.23","871.63","1014.62"
"05/09/2024 10:00:00 - 05/09/2024 11:00:00","Belgium (BE)","587.90","919.10","1010.18","1101.50"
"05/09/2024 11:00:00 - 05/09/2024 12:00:00","Belgium (BE)","605.83","999.28","1064.33","1077.54"
"05/09/2024 12:00:00 - 05/09/2024 13:00:00","Belgium (BE)","587.78","989.08","1003.20","975.62"
"05/09/2024 13:00:00 - 05/09/2024 14:00:00","Belgium (BE)","555.43","898.10","832.53","635.64"
"05/09/2024 14:00:00 - 05/09/2024 15:00:00","Belgium (BE)","479.53","743.95","537.25","406.02"
"05/09/2024 15:00:00 - 05/09/2024 16:00:00","Belgium (BE)","407.78","584.85","340.13","233.19"
"05/09/2024 16:00:00 - 05/09/2024 17:00:00","Belgium (BE)","380.28","500.18","287.28","141.48"
"05/09/2024 17:00:00 - 05/09/2024 18:00:00","Belgium (BE)","367.10","459.15","198.83","104.23"
"05/09/2024 18:00:00 - 05/09/2024 19:00:00","Belgium (BE)","298.30","372.08","134.53","81.71"
"05/09/2024 19:00:00 - 05/09/2024 20:00:00","Belgium (BE)","230.85","297.95","112.73","106.39"
"05/09/2024 20:00:00 - 05/09/2024 21:00:00","Belgium (BE)","233.85","296.35","118.03","109.72"
"05/09/2024 21:00:00 - 05/09/2024 22:00:00","Belgium (BE)","264.53","249.40","145.70","139.22"
"05/09/2024 22:00:00 - 05/09/2024 23:00:00","Belgium (BE)","297.30","217.93","191.15","160.93"
"05/09/2024 23:00:00 - 06/09/2024 00:00:00","Belgium (BE)","342.48","280.13","258.75","240.56"
"06/09/2024 00:00:00 - 06/09/2024 01:00:00","Belgium (BE)","286.18","257.63","257.63","379.93"
"06/09/2024 01:00:00 - 06/09/2024 02:00:00","Belgium (BE)","272.10","260.50","260.50","357.83"
"06/09/2024 02:00:00 - 06/09/2024 03:00:00","Belgium (BE)","234.95","316.18","316.18","300.23"
"06/09/2024 03:00:00 - 06/09/2024 04:00:00","Belgium (BE)","198.63","287.73","287.73","358.86"
"06/09/2024 04:00:00 - 06/09/2024 05:00:00","Belgium (BE)","172.75","267.15","267.15","277.13"
"06/09/2024 05:00:00 - 06/09/2024 06:00:00","Belgium (BE)","160.60","266.90","266.90","214.94"
"06/09/2024 06:00:00 - 06/09/2024 07:00:00","Belgium (BE)","145.65","206.60","206.60","165.97"
"06/09/2024 07:00:00 - 06/09/2024 08:00:00","Belgium (BE)","132.63","144.50","144.50","148.10"
"06/09/2024 08:00:00 - 06/09/2024 09:00:00","Belgium (BE)","116.53","140.60","130.28","131.53"
"06/09/2024 09:00:00 - 06/09/2024 10:00:00","Belgium (BE)","93.98","128.38","104.18","69.65"
"06/09/2024 10:00:00 - 06/09/2024 11:00:00","Belgium (BE)","76.10","103.83","93.70","72.23"
"06/09/2024 11:00:00 - 06/09/2024 12:00:00","Belgium (BE)","68.78","84.35","97.33","86.24"
"06/09/2024 12:00:00 - 06/09/2024 13:00:00","Belgium (BE)","69.88","79.73","112.58","56.71"
"06/09/2024 13:00:00 - 06/09/2024 14:00:00","Belgium (BE)","85.63","83.48","124.00","54.95"
"06/09/2024 14:00:00 - 06/09/2024 15:00:00","Belgium (BE)","109.05","85.05","113.18","43.62"
"06/09/2024 15:00:00 - 06/09/2024 16:00:00","Belgium (BE)","106.55","76.28","96.18","48.22"
"06/09/2024 16:00:00 - 06/09/2024 17:00:00","Belgium (BE)","85.28","64.65","85.33","33.15"
"06/09/2024 17:00:00 - 06/09/2024 18:00:00","Belgium (BE)","53.28","50.65","72.83","32.04"
"06/09/2024 18:00:00 - 06/09/2024 19:00:00","Belgium (BE)","34.33","41.15","51.53","50.25"
"06/09/2024 19:00:00 - 06/09/2024 20:00:00","Belgium (BE)","30.58","42.05","35.98","67.78"
"06/09/2024 20:00:00 - 06/09/2024 21:00:00","Belgium (BE)","33.73","46.43","35.45","50.52"
"06/09/2024 21:00:00 - 06/09/2024 22:00:00","Belgium (BE)","32.98","42.43","34.85","44.00"
"06/09/2024 22:00:00 - 06/09/2024 23:00:00","Belgium (BE)","36.48","43.10","39.98","53.33"
"06/09/2024 23:00:00 - 07/09/2024 00:00:00","Belgium (BE)","40.33","45.68","43.63","70.32"
"07/09/2024 00:00:00 - 07/09/2024 01:00:00","Belgium (BE)","41.40","58.60","58.60","79.42"
"07/09/2024 01:00:00 - 07/09/2024 02:00:00","Belgium (BE)","51.45","61.68","61.68","76.89"
"07/09/2024 02:00:00 - 07/09/2024 03:00:00","Belgium (BE)","69.63","62.73","62.73","78.84"
"07/09/2024 03:00:00 - 07/09/2024 04:00:00","Belgium (BE)","101.28","68.33","68.33","75.84"
"07/09/2024 04:00:00 - 07/09/2024 05:00:00","Belgium (BE)","141.33","86.65","86.65","58.42"
"07/09/2024 05:00:00 - 07/09/2024 06:00:00","Belgium (BE)","176.28","97.00","97.00","56.83"
"07/09/2024 06:00:00 - 07/09/2024 07:00:00","Belgium (BE)","201.08","109.88","109.88","66.13"
"07/09/2024 07:00:00 - 07/09/2024 08:00:00","Belgium (BE)","232.43","133.08","133.08","130.94"
"07/09/2024 08:00:00 - 07/09/2024 09:00:00","Belgium (BE)","238.75","155.80","165.30","209.97"
"07/09/2024 09:00:00 - 07/09/2024 10:00:00","Belgium (BE)","208.13","155.70","162.70","181.91"
"07/09/2024 10:00:00 - 07/09/2024 11:00:00","Belgium (BE)","149.75","115.28","131.15","118.34"
"07/09/2024 11:00:00 - 07/09/2024 12:00:00","Belgium (BE)","123.15","95.78","108.03","115.96"
"07/09/2024 12:00:00 - 07/09/2024 13:00:00","Belgium (BE)","132.48","106.65","114.45","98.88"
"07/09/2024 13:00:00 - 07/09/2024 14:00:00","Belgium (BE)","151.60","122.75","122.48","96.34"
"07/09/2024 14:00:00 - 07/09/2024 15:00:00","Belgium (BE)","170.68","137.60","137.28","116.46"
"07/09/2024 15:00:00 - 07/09/2024 16:00:00","Belgium (BE)","177.00","159.73","153.10","143.25"
"07/09/2024 16:00:00 - 07/09/2024 17:00:00","Belgium (BE)","164.18","188.63","171.18","150.33"
"07/09/2024 17:00:00 - 07/09/2024 18:00:00","Belgium (BE)","159.38","201.68","189.95","98.31"
"07/09/2024 18:00:00 - 07/09/2024 19:00:00","Belgium (BE)","169.00","218.13","197.65","99.16"
"07/09/2024 19:00:00 - 07/09/2024 20:00:00","Belgium (BE)","214.60","285.83","246.33","202.00"
"07/09/2024 20:00:00 - 07/09/2024 21:00:00","Belgium (BE)","325.80","445.03","370.90","368.70"
"07/09/2024 21:00:00 - 07/09/2024 22:00:00","Belgium (BE)","437.65","601.93","502.13","584.87"
"07/09/2024 22:00:00 - 07/09/2024 23:00:00","Belgium (BE)","508.68","613.80","514.95","515.92"
"07/09/2024 23:00:00 - 08/09/2024 00:00:00","Belgium (BE)","544.65","534.45","483.45","342.49"
"08/09/2024 00:00:00 - 08/09/2024 01:00:00","Belgium (BE)","489.75","366.45","366.45","392.46"
"08/09/2024 01:00:00 - 08/09/2024 02:00:00","Belgium (BE)","490.58","393.05","393.05","472.18"
"08/09/2024 02:00:00 - 08/09/2024 03:00:00","Belgium (BE)","526.55","373.40","373.40","597.03"
"08/09/2024 03:00:00 - 08/09/2024 04:00:00","Belgium (BE)","593.18","426.15","426.15","687.41"
"08/09/2024 04:00:00 - 08/09/2024 05:00:00","Belgium (BE)","645.20","498.95","498.95","840.96"
"08/09/2024 05:00:00 - 08/09/2024 06:00:00","Belgium (BE)","690.35","553.13","553.13","792.78"
"08/09/2024 06:00:00 - 08/09/2024 07:00:00","Belgium (BE)","728.20","599.05","599.05","844.40"
"08/09/2024 07:00:00 - 08/09/2024 08:00:00","Belgium (BE)","743.28","661.60","661.60","786.14"
"08/09/2024 08:00:00 - 08/09/2024 09:00:00","Belgium (BE)","748.23","683.80","656.00","795.07"
"08/09/2024 09:00:00 - 08/09/2024 10:00:00","Belgium (BE)","828.83","746.43","724.48","796.76"
"08/09/2024 10:00:00 - 08/09/2024 11:00:00","Belgium (BE)","982.15","844.03","831.30","907.15"
"08/09/2024 11:00:00 - 08/09/2024 12:00:00","Belgium (BE)","1071.48","888.53","905.98","919.32"
"08/09/2024 12:00:00 - 08/09/2024 13:00:00","Belgium (BE)","1118.93","926.65","992.33","1026.01"
"08/09/2024 13:00:00 - 08/09/2024 14:00:00","Belgium (BE)","1140.10","949.18","1047.00","981.48"
"08/09/2024 14:00:00 - 08/09/2024 15:00:00","Belgium (BE)","1117.38","963.03","992.05","919.31"
"08/09/2024 15:00:00 - 08/09/2024 16:00:00","Belgium (BE)","1061.00","932.65","938.25","970.50"
"08/09/2024 16:00:00 - 08/09/2024 17:00:00","Belgium (BE)","955.63","853.70","863.53","1055.91"
"08/09/2024 17:00:00 - 08/09/2024 18:00:00","Belgium (BE)","782.93","743.88","743.73","937.10"
"08/09/2024 18:00:00 - 08/09/2024 19:00:00","Belgium (BE)","604.25","605.13","572.45","732.96"
"08/09/2024 19:00:00 - 08/09/2024 20:00:00","Belgium (BE)","503.93","485.85","438.88","518.70"
"08/09/2024 20:00:00 - 08/09/2024 21:00:00","Belgium (BE)","500.40","436.85","396.83","511.39"
"08/09/2024 21:00:00 - 08/09/2024 22:00:00","Belgium (BE)","556.25","440.98","428.73","670.46"
"08/09/2024 22:00:00 - 08/09/2024 23:00:00","Belgium (BE)","619.50","462.05","499.13","615.70"
"08/09/2024 23:00:00 - 09/09/2024 00:00:00","Belgium (BE)","628.23","497.40","553.30","630.65"
"09/09/2024 00:00:00 - 09/09/2024 01:00:00","Belgium (BE)","587.60","616.15","616.15","560.85"
"09/09/2024 01:00:00 - 09/09/2024 02:00:00","Belgium (BE)","602.28","644.78","644.78","495.45"
"09/09/2024 02:00:00 - 09/09/2024 03:00:00","Belgium (BE)","605.63","547.70","547.70","587.32"
"09/09/2024 03:00:00 - 09/09/2024 04:00:00","Belgium (BE)","599.15","540.20","540.20","544.77"
"09/09/2024 04:00:00 - 09/09/2024 05:00:00","Belgium (BE)","602.10","558.60","558.60","603.79"
"09/09/2024 05:00:00 - 09/09/2024 06:00:00","Belgium (BE)","607.13","583.80","583.80","543.47"
"09/09/2024 06:00:00 - 09/09/2024 07:00:00","Belgium (BE)","618.83","604.73","604.73","741.08"
"09/09/2024 07:00:00 - 09/09/2024 08:00:00","Belgium (BE)","635.80","599.03","599.03","693.60"
"09/09/2024 08:00:00 - 09/09/2024 09:00:00","Belgium (BE)","635.20","603.80","602.25","657.61"
"09/09/2024 09:00:00 - 09/09/2024 10:00:00","Belgium (BE)","619.50","612.88","630.75","729.72"
"09/09/2024 10:00:00 - 09/09/2024 11:00:00","Belgium (BE)","603.75","605.93","619.65","698.96"
"09/09/2024 11:00:00 - 09/09/2024 12:00:00","Belgium (BE)","633.80","622.13","619.05","723.44"
"09/09/2024 12:00:00 - 09/09/2024 13:00:00","Belgium (BE)","712.40","654.65","636.88","764.37"
"09/09/2024 13:00:00 - 09/09/2024 14:00:00","Belgium (BE)","804.43","692.80","677.48","918.91"
"09/09/2024 14:00:00 - 09/09/2024 15:00:00","Belgium (BE)","918.10","778.33","746.88","962.16"
"09/09/2024 15:00:00 - 09/09/2024 16:00:00","Belgium (BE)","1025.48","939.23","872.10","1073.62"
"09/09/2024 16:00:00 - 09/09/2024 17:00:00","Belgium (BE)","1098.98","1085.40","976.95","1090.56"
"09/09/2024 17:00:00 - 09/09/2024 18:00:00","Belgium (BE)","1121.95","1161.35","1039.53","1088.43"
"09/09/2024 18:00:00 - 09/09/2024 19:00:00","Belgium (BE)","1121.05","1178.43","1087.43","1064.82"
"09/09/2024 19:00:00 - 09/09/2024 20:00:00","Belgium (BE)","1097.75","1157.85","1079.28","1134.43"
"09/09/2024 20:00:00 - 09/09/2024 21:00:00","Belgium (BE)","993.78","1083.33","955.00","989.04"
"09/09/2024 21:00:00 - 09/09/2024 22:00:00","Belgium (BE)","808.48","929.78","738.70","811.54"
"09/09/2024 22:00:00 - 09/09/2024 23:00:00","Belgium (BE)","608.75","725.08","538.95","600.99"
"09/09/2024 23:00:00 - 10/09/2024 00:00:00","Belgium (BE)","470.25","514.83","377.48","341.10"
"10/09/2024 00:00:00 - 10/09/2024 01:00:00","Belgium (BE)","301.60","283.23","283.23","275.51"
"10/09/2024 01:00:00 - 10/09/2024 02:00:00","Belgium (BE)","292.43","288.88","288.88","248.63"
"10/09/2024 02:00:00 - 10/09/2024 03:00:00","Belgium (BE)","327.95","286.63","286.63","308.16"
"10/09/2024 03:00:00 - 10/09/2024 04:00:00","Belgium (BE)","396.08","340.58","340.58","381.50"
"10/09/2024 04:00:00 - 10/09/2024 05:00:00","Belgium (BE)","477.58","414.08","414.08","488.63"
"10/09/2024 05:00:00 - 10/09/2024 06:00:00","Belgium (BE)","542.40","485.55","485.55","560.89"
"10/09/2024 06:00:00 - 10/09/2024 07:00:00","Belgium (BE)","589.88","546.10","546.10","638.68"
"10/09/2024 07:00:00 - 10/09/2024 08:00:00","Belgium (BE)","639.70","618.23","618.23","701.22"
"10/09/2024 08:00:00 - 10/09/2024 09:00:00","Belgium (BE)","714.58","725.55","717.88","800.15"
"10/09/2024 09:00:00 - 10/09/2024 10:00:00","Belgium (BE)","825.63","864.50","858.45","919.91"
"10/09/2024 10:00:00 - 10/09/2024 11:00:00","Belgium (BE)","999.13","1070.93","1198.03","1206.96"
"10/09/2024 11:00:00 - 10/09/2024 12:00:00","Belgium (BE)","1255.00","1338.58","1422.20","1490.13"
"10/09/2024 12:00:00 - 10/09/2024 13:00:00","Belgium (BE)","1500.18","1525.88","1553.93","1523.43"
"10/09/2024 13:00:00 - 10/09/2024 14:00:00","Belgium (BE)","1624.93","1610.28","1620.25","1579.32"
"10/09/2024 14:00:00 - 10/09/2024 15:00:00","Belgium (BE)","1707.33","1695.35","1696.68","1815.14"
"10/09/2024 15:00:00 - 10/09/2024 16:00:00","Belgium (BE)","1764.00","1752.20","1750.28","1771.31"
"10/09/2024 16:00:00 - 10/09/2024 17:00:00","Belgium (BE)","1750.35","1730.45","1773.58","1814.45"
"10/09/2024 17:00:00 - 10/09/2024 18:00:00","Belgium (BE)","1711.45","1717.80","1783.43","1921.78"
"10/09/2024 18:00:00 - 10/09/2024 19:00:00","Belgium (BE)","1705.48","1710.00","1771.50","2007.83"
"10/09/2024 19:00:00 - 10/09/2024 20:00:00","Belgium (BE)","1663.68","1656.03","1736.98","2015.73"
"10/09/2024 20:00:00 - 10/09/2024 21:00:00","Belgium (BE)","1568.45","1567.90","1697.70","1949.06"
"10/09/2024 21:00:00 - 10/09/2024 22:00:00","Belgium (BE)","1475.20","1487.23","1680.08","1922.56"
"10/09/2024 22:00:00 - 10/09/2024 23:00:00","Belgium (BE)","1391.35","1403.40","1633.30","1875.83"
"10/09/2024 23:00:00 - 11/09/2024 00:00:00","Belgium (BE)","1293.38","1307.78","1604.35","1810.26"
"11/09/2024 00:00:00 - 11/09/2024 01:00:00","Belgium (BE)","1517.05","1694.40","1694.40","1984.42"
"11/09/2024 01:00:00 - 11/09/2024 02:00:00","Belgium (BE)","1474.28","1565.53","1565.53","1876.99"
"11/09/2024 02:00:00 - 11/09/2024 03:00:00","Belgium (BE)","1331.58","1371.60","1371.60","1456.69"
"11/09/2024 03:00:00 - 11/09/2024 04:00:00","Belgium (BE)","1117.10","1104.43","1104.43","1046.04"
"11/09/2024 04:00:00 - 11/09/2024 05:00:00","Belgium (BE)","894.73","843.85","843.85","820.18"
"11/09/2024 05:00:00 - 11/09/2024 06:00:00","Belgium (BE)","750.38","694.28","694.28","847.61"
"11/09/2024 06:00:00 - 11/09/2024 07:00:00","Belgium (BE)","737.33","683.20","683.20","854.06"
"11/09/2024 07:00:00 - 11/09/2024 08:00:00","Belgium (BE)","733.83","723.43","723.43","886.59"
"11/09/2024 08:00:00 - 11/09/2024 09:00:00","Belgium (BE)","729.08","765.18","783.25","870.57"
"11/09/2024 09:00:00 - 11/09/2024 10:00:00","Belgium (BE)","778.75","808.75","834.03","803.99"
"11/09/2024 10:00:00 - 11/09/2024 11:00:00","Belgium (BE)","867.70","892.03","905.23","990.57"
"11/09/2024 11:00:00 - 11/09/2024 12:00:00","Belgium (BE)","963.38","991.43","1000.15","1069.24"
"11/09/2024 12:00:00 - 11/09/2024 13:00:00","Belgium (BE)","1044.35","1064.75","1103.33","1222.06"
"11/09/2024 13:00:00 - 11/09/2024 14:00:00","Belgium (BE)","1094.10","1105.60","1151.83","1215.62"
"11/09/2024 14:00:00 - 11/09/2024 15:00:00","Belgium (BE)","1113.08","1115.63","1179.18","1107.99"
"11/09/2024 15:00:00 - 11/09/2024 16:00:00","Belgium (BE)","1061.23","1081.73","1139.95","1286.83"
"11/09/2024 16:00:00 - 11/09/2024 17:00:00","Belgium (BE)","934.13","985.45","1050.05","1246.02"
"11/09/2024 17:00:00 - 11/09/2024 18:00:00","Belgium (BE)","770.33","801.33","853.88","1046.98"
"11/09/2024 18:00:00 - 11/09/2024 19:00:00","Belgium (BE)","586.60","586.85","620.83","836.44"
"11/09/2024 19:00:00 - 11/09/2024 20:00:00","Belgium (BE)","475.50","464.05","461.20","652.64"
"11/09/2024 20:00:00 - 11/09/2024 21:00:00","Belgium (BE)","404.60","407.88","393.38","482.48"
"11/09/2024 21:00:00 - 11/09/2024 22:00:00","Belgium (BE)","370.03","393.73","396.68","569.31"
"11/09/2024 22:00:00 - 11/09/2024 23:00:00","Belgium (BE)","371.65","410.85","429.80","557.69"
"11/09/2024 23:00:00 - 12/09/2024 00:00:00","Belgium (BE)","410.10","451.00","492.15","661.07"
"12/09/2024 00:00:00 - 12/09/2024 01:00:00","Belgium (BE)","550.70","522.73","522.73","663.74"
"12/09/2024 01:00:00 - 12/09/2024 02:00:00","Belgium (BE)","580.85","564.55","564.55","578.72"
"12/09/2024 02:00:00 - 12/09/2024 03:00:00","Belgium (BE)","593.88","537.83","537.83","546.18"
"12/09/2024 03:00:00 - 12/09/2024 04:00:00","Belgium (BE)","581.23","541.48","541.48","516.70"
"12/09/2024 04:00:00 - 12/09/2024 05:00:00","Belgium (BE)","539.83","514.68","514.68","553.62"
"12/09/2024 05:00:00 - 12/09/2024 06:00:00","Belgium (BE)","492.80","469.70","469.70","441.62"
"12/09/2024 06:00:00 - 12/09/2024 07:00:00","Belgium (BE)","457.53","432.03","432.03","415.31"
"12/09/2024 07:00:00 - 12/09/2024 08:00:00","Belgium (BE)","432.90","400.85","400.85","380.65"
"12/09/2024 08:00:00 - 12/09/2024 09:00:00","Belgium (BE)","411.15","368.63","349.85","337.99"
"12/09/2024 09:00:00 - 12/09/2024 10:00:00","Belgium (BE)","366.25","314.30","300.10","297.35"
"12/09/2024 10:00:00 - 12/09/2024 11:00:00","Belgium (BE)","334.90","275.53","266.75","291.55"
"12/09/2024 11:00:00 - 12/09/2024 12:00:00","Belgium (BE)","336.00","275.15","256.13","369.55"
"12/09/2024 12:00:00 - 12/09/2024 13:00:00","Belgium (BE)","340.58","294.83","268.60","414.14"
"12/09/2024 13:00:00 - 12/09/2024 14:00:00","Belgium (BE)","343.95","318.65","290.10","418.96"
"12/09/2024 14:00:00 - 12/09/2024 15:00:00","Belgium (BE)","351.40","328.80","294.03","429.49"
"12/09/2024 15:00:00 - 12/09/2024 16:00:00","Belgium (BE)","371.93","328.20","293.05","473.38"
"12/09/2024 16:00:00 - 12/09/2024 17:00:00","Belgium (BE)","376.75","324.85","289.13","336.60"
"12/09/2024 17:00:00 - 12/09/2024 18:00:00","Belgium (BE)","367.63","312.93","275.73","383.68"
"12/09/2024 18:00:00 - 12/09/2024 19:00:00","Belgium (BE)","324.05","284.23","230.53","235.59"
"12/09/2024 19:00:00 - 12/09/2024 20:00:00","Belgium (BE)","249.58","236.35","187.33","190.02"
"12/09/2024 20:00:00 - 12/09/2024 21:00:00","Belgium (BE)","204.33","199.75","159.03","186.27"
"12/09/2024 21:00:00 - 12/09/2024 22:00:00","Belgium (BE)","195.88","175.25","149.88","151.86"
"12/09/2024 22:00:00 - 12/09/2024 23:00:00","Belgium (BE)","209.53","171.78","150.58","131.80"
"12/09/2024 23:00:00 - 13/09/2024 00:00:00","Belgium (BE)","230.90","179.15","154.48","113.54"
"13/09/2024 00:00:00 - 13/09/2024 01:00:00","Belgium (BE)","175.65","153.50","153.50","128.00"
"13/09/2024 01:00:00 - 13/09/2024 02:00:00","Belgium (BE)","189.75","189.30","189.30","178.91"
"13/09/2024 02:00:00 - 13/09/2024 03:00:00","Belgium (BE)","193.83","223.13","223.13","157.66"
"13/09/2024 03:00:00 - 13/09/2024 04:00:00","Belgium (BE)","200.95","230.48","230.48","162.91"
"13/09/2024 04:00:00 - 13/09/2024 05:00:00","Belgium (BE)","205.13","224.33","224.33","167.59"
"13/09/2024 05:00:00 - 13/09/2024 06:00:00","Belgium (BE)","198.48","209.73","209.73","161.26"
"13/09/2024 06:00:00 - 13/09/2024 07:00:00","Belgium (BE)","178.73","188.30","188.30","154.58"
"13/09/2024 07:00:00 - 13/09/2024 08:00:00","Belgium (BE)","159.53","162.25","162.25","169.66"
"13/09/2024 08:00:00 - 13/09/2024 09:00:00","Belgium (BE)","145.58","132.15","146.03","110.03"
"13/09/2024 09:00:00 - 13/09/2024 10:00:00","Belgium (BE)","123.45","112.35","122.18","72.02"
"13/09/2024 10:00:00 - 13/09/2024 11:00:00","Belgium (BE)","130.00","118.28","114.48","65.47"
"13/09/2024 11:00:00 - 13/09/2024 12:00:00","Belgium (BE)","187.73","178.08","158.73","120.22"
"13/09/2024 12:00:00 - 13/09/2024 13:00:00","Belgium (BE)","244.30","230.70","202.05","162.68"
"13/09/2024 13:00:00 - 13/09/2024 14:00:00","Belgium (BE)","303.05","285.55","247.30","243.40"
"13/09/2024 14:00:00 - 13/09/2024 15:00:00","Belgium (BE)","360.98","344.95","292.30","459.00"
"13/09/2024 15:00:00 - 13/09/2024 16:00:00","Belgium (BE)","431.98","408.73","347.83","390.86"
"13/09/2024 16:00:00 - 13/09/2024 17:00:00","Belgium (BE)","496.90","466.80","408.18","415.94"
"13/09/2024 17:00:00 - 13/09/2024 18:00:00","Belgium (BE)","525.13","478.15","431.98","411.68"
"13/09/2024 18:00:00 - 13/09/2024 19:00:00","Belgium (BE)","494.10","426.08","413.58","412.14"
"13/09/2024 19:00:00 - 13/09/2024 20:00:00","Belgium (BE)","434.73","375.20","346.25","409.41"
"13/09/2024 20:00:00 - 13/09/2024 21:00:00","Belgium (BE)","423.65","366.93","349.35","424.29"
"13/09/2024 21:00:00 - 13/09/2024 22:00:00","Belgium (BE)","431.40","372.30","364.50","400.72"
"13/09/2024 22:00:00 - 13/09/2024 23:00:00","Belgium (BE)","410.75","355.68","332.60","387.78"
"13/09/2024 23:00:00 - 14/09/2024 00:00:00","Belgium (BE)","375.33","328.48","295.53","332.93"
"14/09/2024 00:00:00 - 14/09/2024 01:00:00","Belgium (BE)","254.00","257.10","257.10","264.38"
"14/09/2024 01:00:00 - 14/09/2024 02:00:00","Belgium (BE)","227.48","260.60","260.60","211.51"
"14/09/2024 02:00:00 - 14/09/2024 03:00:00","Belgium (BE)","188.25","212.95","212.95","154.53"
"14/09/2024 03:00:00 - 14/09/2024 04:00:00","Belgium (BE)","143.53","162.35","162.35","108.18"
"14/09/2024 04:00:00 - 14/09/2024 05:00:00","Belgium (BE)","109.45","123.85","123.85","82.80"
"14/09/2024 05:00:00 - 14/09/2024 06:00:00","Belgium (BE)","87.20","95.40","95.40","81.78"
"14/09/2024 06:00:00 - 14/09/2024 07:00:00","Belgium (BE)","62.40","77.43","77.43","85.07"
"14/09/2024 07:00:00 - 14/09/2024 08:00:00","Belgium (BE)","45.68","52.73","52.73","72.81"
"14/09/2024 08:00:00 - 14/09/2024 09:00:00","Belgium (BE)","36.85","36.05","35.65","37.10"
"14/09/2024 09:00:00 - 14/09/2024 10:00:00","Belgium (BE)","29.93","28.85","40.40","14.87"
"14/09/2024 10:00:00 - 14/09/2024 11:00:00","Belgium (BE)","26.53","27.00","31.78","16.12"
"14/09/2024 11:00:00 - 14/09/2024 12:00:00","Belgium (BE)","33.80","32.50","33.50","23.09"
"14/09/2024 12:00:00 - 14/09/2024 13:00:00","Belgium (BE)","50.78","42.98","43.08","29.70"
"14/09/2024 13:00:00 - 14/09/2024 14:00:00","Belgium (BE)","51.53","51.08","47.03","40.50"
"14/09/2024 14:00:00 - 14/09/2024 15:00:00","Belgium (BE)","55.65","57.70","51.18","43.92"
"14/09/2024 15:00:00 - 14/09/2024 16:00:00","Belgium (BE)","60.35","64.43","62.08","43.97"
"14/09/2024 16:00:00 - 14/09/2024 17:00:00","Belgium (BE)","58.90","62.80","63.88","42.77"
"14/09/2024 17:00:00 - 14/09/2024 18:00:00","Belgium (BE)","53.45","52.13","43.63","32.25"
"14/09/2024 18:00:00 - 14/09/2024 19:00:00","Belgium (BE)","47.10","41.18","33.70","25.84"
"14/09/2024 19:00:00 - 14/09/2024 20:00:00","Belgium (BE)","50.58","37.68","33.25","25.37"
"14/09/2024 20:00:00 - 14/09/2024 21:00:00","Belgium (BE)","66.08","48.08","52.93","31.60"
"14/09/2024 21:00:00 - 14/09/2024 22:00:00","Belgium (BE)","71.73","51.93","63.48","34.61"
"14/09/2024 22:00:00 - 14/09/2024 23:00:00","Belgium (BE)","62.80","50.20","59.53","37.52"
"14/09/2024 23:00:00 - 15/09/2024 00:00:00","Belgium (BE)","39.93","43.68","54.00","33.45"
"15/09/2024 00:00:00 - 15/09/2024 01:00:00","Belgium (BE)","48.18","52.13","52.13","35.55"
"15/09/2024 01:00:00 - 15/09/2024 02:00:00","Belgium (BE)","49.45","59.70","59.70","48.21"
"15/09/2024 02:00:00 - 15/09/2024 03:00:00","Belgium (BE)","56.95","76.55","76.55","41.50"
"15/09/2024 03:00:00 - 15/09/2024 04:00:00","Belgium (BE)","68.95","93.55","93.55","50.47"
"15/09/2024 04:00:00 - 15/09/2024 05:00:00","Belgium (BE)","88.00","122.60","122.60","57.74"
"15/09/2024 05:00:00 - 15/09/2024 06:00:00","Belgium (BE)","114.80","140.20","140.20","73.10"
"15/09/2024 06:00:00 - 15/09/2024 07:00:00","Belgium (BE)","132.80","150.85","150.85","103.79"
"15/09/2024 07:00:00 - 15/09/2024 08:00:00","Belgium (BE)","147.68","159.90","159.90","140.71"
"15/09/2024 08:00:00 - 15/09/2024 09:00:00","Belgium (BE)","166.25","168.55","179.55","157.86"
"15/09/2024 09:00:00 - 15/09/2024 10:00:00","Belgium (BE)","168.75","164.65","165.68","120.47"
"15/09/2024 10:00:00 - 15/09/2024 11:00:00","Belgium (BE)","113.00","109.03","103.13","47.17"
"15/09/2024 11:00:00 - 15/09/2024 12:00:00","Belgium (BE)","69.73","64.03","61.53","43.60"
"15/09/2024 12:00:00 - 15/09/2024 13:00:00","Belgium (BE)","55.15","49.60","44.85","41.90"
"15/09/2024 13:00:00 - 15/09/2024 14:00:00","Belgium (BE)","42.38","35.88","33.08","28.22"
"15/09/2024 14:00:00 - 15/09/2024 15:00:00","Belgium (BE)","42.43","32.20","34.20","34.35"
"15/09/2024 15:00:00 - 15/09/2024 16:00:00","Belgium (BE)","52.05","35.38","35.38","49.25"
"15/09/2024 16:00:00 - 15/09/2024 17:00:00","Belgium (BE)","62.33","43.30","44.25","59.80"
"15/09/2024 17:00:00 - 15/09/2024 18:00:00","Belgium (BE)","66.38","58.18","58.38","60.61"
"15/09/2024 18:00:00 - 15/09/2024 19:00:00","Belgium (BE)","81.33","75.88","83.98","64.05"
"15/09/2024 19:00:00 - 15/09/2024 20:00:00","Belgium (BE)","109.55","108.50","127.93","84.66"
"15/09/2024 20:00:00 - 15/09/2024 21:00:00","Belgium (BE)","134.60","139.53","147.70","120.78"
"15/09/2024 21:00:00 - 15/09/2024 22:00:00","Belgium (BE)","139.70","136.20","140.53","145.50"
"15/09/2024 22:00:00 - 15/09/2024 23:00:00","Belgium (BE)","140.15","116.20","147.15","132.59"
"15/09/2024 23:00:00 - 16/09/2024 00:00:00","Belgium (BE)","145.63","112.85","146.58","129.25"
"16/09/2024 00:00:00 - 16/09/2024 01:00:00","Belgium (BE)","133.20","124.48","124.48","114.57"
"16/09/2024 01:00:00 - 16/09/2024 02:00:00","Belgium (BE)","118.30","121.55","121.55","99.58"
"16/09/2024 02:00:00 - 16/09/2024 03:00:00","Belgium (BE)","116.30","152.88","152.88","80.05"
"16/09/2024 03:00:00 - 16/09/2024 04:00:00","Belgium (BE)","126.10","182.93","182.93","79.33"
"16/09/2024 04:00:00 - 16/09/2024 05:00:00","Belgium (BE)","120.15","181.35","181.35","80.06"
"16/09/2024 05:00:00 - 16/09/2024 06:00:00","Belgium (BE)","120.65","126.13","126.13","70.81"
"16/09/2024 06:00:00 - 16/09/2024 07:00:00","Belgium (BE)","118.15","103.73","103.73","59.74"
"16/09/2024 07:00:00 - 16/09/2024 08:00:00","Belgium (BE)","100.85","99.63","99.63","71.10"
"16/09/2024 08:00:00 - 16/09/2024 09:00:00","Belgium (BE)","93.43","110.73","110.73","73.83"
"16/09/2024 09:00:00 - 16/09/2024 10:00:00","Belgium (BE)","100.30","104.93","108.88","60.23"
"16/09/2024 10:00:00 - 16/09/2024 11:00:00","Belgium (BE)","112.38","99.90","99.08","81.29"
"16/09/2024 11:00:00 - 16/09/2024 12:00:00","Belgium (BE)","158.18","147.35","138.65","108.24"
"16/09/2024 12:00:00 - 16/09/2024 13:00:00","Belgium (BE)","227.10","212.43","228.70","192.87"
"16/09/2024 13:00:00 - 16/09/2024 14:00:00","Belgium (BE)","314.35","285.48","335.23","308.82"
"16/09/2024 14:00:00 - 16/09/2024 15:00:00","Belgium (BE)","396.98","362.43","408.10","385.28"
"16/09/2024 15:00:00 - 16/09/2024 16:00:00","Belgium (BE)","485.93","443.48","485.78","506.12"
"16/09/2024 16:00:00 - 16/09/2024 17:00:00","Belgium (BE)","580.68","538.33","560.90","613.53"
"16/09/2024 17:00:00 - 16/09/2024 18:00:00","Belgium (BE)","646.53","606.20","614.93","692.47"
"16/09/2024 18:00:00 - 16/09/2024 19:00:00","Belgium (BE)","680.43","618.40","650.38","712.42"
"16/09/2024 19:00:00 - 16/09/2024 20:00:00","Belgium (BE)","718.20","639.50","691.53","685.52"
"16/09/2024 20:00:00 - 16/09/2024 21:00:00","Belgium (BE)","762.18","693.45","713.28","698.24"
"16/09/2024 21:00:00 - 16/09/2024 22:00:00","Belgium (BE)","799.75","730.48","702.80","689.88"
"16/09/2024 22:00:00 - 16/09/2024 23:00:00","Belgium (BE)","818.65","726.28","699.43","744.13"
"16/09/2024 23:00:00 - 17/09/2024 00:00:00","Belgium (BE)","796.95","695.60","707.45","769.84"
"17/09/2024 00:00:00 - 17/09/2024 01:00:00","Belgium (BE)","694.30","674.93","674.93","750.74"
"17/09/2024 01:00:00 - 17/09/2024 02:00:00","Belgium (BE)","675.35","650.05","650.05","683.89"
"17/09/2024 02:00:00 - 17/09/2024 03:00:00","Belgium (BE)","649.50","624.63","624.63","579.96"
"17/09/2024 03:00:00 - 17/09/2024 04:00:00","Belgium (BE)","621.78","616.25","616.25","606.51"
"17/09/2024 04:00:00 - 17/09/2024 05:00:00","Belgium (BE)","614.10","619.40","619.40","609.64"
"17/09/2024 05:00:00 - 17/09/2024 06:00:00","Belgium (BE)","629.33","641.58","641.58","638.62"
"17/09/2024 06:00:00 - 17/09/2024 07:00:00","Belgium (BE)","656.78","679.33","679.33","680.63"
"17/09/2024 07:00:00 - 17/09/2024 08:00:00","Belgium (BE)","692.38","714.40","714.40","801.39"
"17/09/2024 08:00:00 - 17/09/2024 09:00:00","Belgium (BE)","759.30","744.55","719.15","809.79"
"17/09/2024 09:00:00 - 17/09/2024 10:00:00","Belgium (BE)","864.48","812.85","820.65","796.95"
"17/09/2024 10:00:00 - 17/09/2024 11:00:00","Belgium (BE)","911.65","911.48","903.75","799.21"
"17/09/2024 11:00:00 - 17/09/2024 12:00:00","Belgium (BE)","936.58","1018.65","1073.45","1048.33"
"17/09/2024 12:00:00 - 17/09/2024 13:00:00","Belgium (BE)","987.50","1105.63","1131.03","1263.88"
"17/09/2024 13:00:00 - 17/09/2024 14:00:00","Belgium (BE)","982.28","1095.38","1141.00","1305.50"
"17/09/2024 14:00:00 - 17/09/2024 15:00:00","Belgium (BE)","940.48","1043.15","1162.75","1228.76"
"17/09/2024 15:00:00 - 17/09/2024 16:00:00","Belgium (BE)","935.93","991.95","1121.63","1185.54"
"17/09/2024 16:00:00 - 17/09/2024 17:00:00","Belgium (BE)","966.88","964.45","1110.28","1164.42"
"17/09/2024 17:00:00 - 17/09/2024 18:00:00","Belgium (BE)","955.20","929.65","1115.58","1059.50"
"17/09/2024 18:00:00 - 17/09/2024 19:00:00","Belgium (BE)","905.83","898.78","1099.75","961.07"
"17/09/2024 19:00:00 - 17/09/2024 20:00:00","Belgium (BE)","886.40","910.33","1029.83","959.84"
"17/09/2024 20:00:00 - 17/09/2024 21:00:00","Belgium (BE)","923.45","950.53","985.53","948.88"
"17/09/2024 21:00:00 - 17/09/2024 22:00:00","Belgium (BE)","987.58","996.63","1005.30","994.22"
"17/09/2024 22:00:00 - 17/09/2024 23:00:00","Belgium (BE)","1021.30","1003.20","1006.28","1064.62"
"17/09/2024 23:00:00 - 18/09/2024 00:00:00","Belgium (BE)","984.03","962.58","956.73","1020.07"
"18/09/2024 00:00:00 - 18/09/2024 01:00:00","Belgium (BE)","885.73","907.85","907.85","894.46"
"18/09/2024 01:00:00 - 18/09/2024 02:00:00","Belgium (BE)","815.95","857.95","857.95","833.61"
"18/09/2024 02:00:00 - 18/09/2024 03:00:00","Belgium (BE)","770.05","731.23","731.23","772.96"
"18/09/2024 03:00:00 - 18/09/2024 04:00:00","Belgium (BE)","758.38","710.15","710.15","752.92"
"18/09/2024 04:00:00 - 18/09/2024 05:00:00","Belgium (BE)","762.30","705.55","705.55","719.09"
"18/09/2024 05:00:00 - 18/09/2024 06:00:00","Belgium (BE)","751.60","695.45","695.45","695.40"
"18/09/2024 06:00:00 - 18/09/2024 07:00:00","Belgium (BE)","738.33","692.50","692.50","638.92"
"18/09/2024 07:00:00 - 18/09/2024 08:00:00","Belgium (BE)","737.18","701.48","701.48","573.24"
"18/09/2024 08:00:00 - 18/09/2024 09:00:00","Belgium (BE)","725.90","690.98","650.93","547.51"
"18/09/2024 09:00:00 - 18/09/2024 10:00:00","Belgium (BE)","706.48","669.90","631.48","548.52"
"18/09/2024 10:00:00 - 18/09/2024 11:00:00","Belgium (BE)","656.18","634.50","607.35","572.22"
"18/09/2024 11:00:00 - 18/09/2024 12:00:00","Belgium (BE)","620.40","607.48","603.60","608.84"
"18/09/2024 12:00:00 - 18/09/2024 13:00:00","Belgium (BE)","653.00","629.33","654.55","642.26"
"18/09/2024 13:00:00 - 18/09/2024 14:00:00","Belgium (BE)","724.08","707.10","780.08","692.72"
"18/09/2024 14:00:00 - 18/09/2024 15:00:00","Belgium (BE)","811.73","814.05","891.53","776.44"
"18/09/2024 15:00:00 - 18/09/2024 16:00:00","Belgium (BE)","906.75","915.28","994.83","926.36"
"18/09/2024 16:00:00 - 18/09/2024 17:00:00","Belgium (BE)","996.60","997.25","1054.05","1038.40"
"18/09/2024 17:00:00 - 18/09/2024 18:00:00","Belgium (BE)","1043.25","1036.28","1095.80","1023.77"
"18/09/2024 18:00:00 - 18/09/2024 19:00:00","Belgium (BE)","1070.18","1062.38","1149.28","958.88"
"18/09/2024 19:00:00 - 18/09/2024 20:00:00","Belgium (BE)","1120.85","1134.88","1187.00","1123.58"
"18/09/2024 20:00:00 - 18/09/2024 21:00:00","Belgium (BE)","1185.08","1224.03","1203.78","1349.74"
"18/09/2024 21:00:00 - 18/09/2024 22:00:00","Belgium (BE)","1255.53","1286.10","1290.75","1439.13"
"18/09/2024 22:00:00 - 18/09/2024 23:00:00","Belgium (BE)","1285.08","1307.55","1316.68","1375.42"
"18/09/2024 23:00:00 - 19/09/2024 00:00:00","Belgium (BE)","1231.75","1272.88","1293.13","1429.44"
"19/09/2024 00:00:00 - 19/09/2024 01:00:00","Belgium (BE)","1188.88","1263.60","1263.60","1292.93"
"19/09/2024 01:00:00 - 19/09/2024 02:00:00","Belgium (BE)","1057.55","1204.13","1204.13","1036.73"
"19/09/2024 02:00:00 - 19/09/2024 03:00:00","Belgium (BE)","960.85","1039.90","1039.90","995.74"
"19/09/2024 03:00:00 - 19/09/2024 04:00:00","Belgium (BE)","926.35","939.28","939.28","993.39"
"19/09/2024 04:00:00 - 19/09/2024 05:00:00","Belgium (BE)","934.43","925.48","925.48","963.83"
"19/09/2024 05:00:00 - 19/09/2024 06:00:00","Belgium (BE)","931.25","936.03","936.03","963.95"
"19/09/2024 06:00:00 - 19/09/2024 07:00:00","Belgium (BE)","920.68","930.23","930.23","961.82"
"19/09/2024 07:00:00 - 19/09/2024 08:00:00","Belgium (BE)","913.65","921.98","921.98","989.78"
"19/09/2024 08:00:00 - 19/09/2024 09:00:00","Belgium (BE)","891.80","924.35","928.13","857.74"
"19/09/2024 09:00:00 - 19/09/2024 10:00:00","Belgium (BE)","752.50","767.93","797.85","571.72"
"19/09/2024 10:00:00 - 19/09/2024 11:00:00","Belgium (BE)","626.05","604.40","623.78","469.28"
"19/09/2024 11:00:00 - 19/09/2024 12:00:00","Belgium (BE)","618.33","597.68","559.18","552.25"
"19/09/2024 12:00:00 - 19/09/2024 13:00:00","Belgium (BE)","663.13","644.28","623.43","730.04"
"19/09/2024 13:00:00 - 19/09/2024 14:00:00","Belgium (BE)","719.85","712.88","749.30","844.36"
"19/09/2024 14:00:00 - 19/09/2024 15:00:00","Belgium (BE)","781.33","793.35","888.03","979.65"
"19/09/2024 15:00:00 - 19/09/2024 16:00:00","Belgium (BE)","843.20","882.98","998.05","1132.69"
"19/09/2024 16:00:00 - 19/09/2024 17:00:00","Belgium (BE)","896.28","934.23","963.08","1152.17"
"19/09/2024 17:00:00 - 19/09/2024 18:00:00","Belgium (BE)","890.15","908.78","983.48","1056.41"
"19/09/2024 18:00:00 - 19/09/2024 19:00:00","Belgium (BE)","874.18","888.38","928.55","927.77"
"19/09/2024 19:00:00 - 19/09/2024 20:00:00","Belgium (BE)","906.78","900.40","1009.28","980.11"
"19/09/2024 20:00:00 - 19/09/2024 21:00:00","Belgium (BE)","952.50","931.08","1001.98","1180.15"
"19/09/2024 21:00:00 - 19/09/2024 22:00:00","Belgium (BE)","976.53","963.75","1051.55","1114.82"
"19/09/2024 22:00:00 - 19/09/2024 23:00:00","Belgium (BE)","955.18","920.73","997.08","997.11"
"19/09/2024 23:00:00 - 20/09/2024 00:00:00","Belgium (BE)","912.25","836.33","910.83","932.27"
"20/09/2024 00:00:00 - 20/09/2024 01:00:00","Belgium (BE)","803.10","860.60","860.60","821.40"
"20/09/2024 01:00:00 - 20/09/2024 02:00:00","Belgium (BE)","765.28","791.15","791.15","722.50"
"20/09/2024 02:00:00 - 20/09/2024 03:00:00","Belgium (BE)","731.75","754.85","754.85","713.17"
"20/09/2024 03:00:00 - 20/09/2024 04:00:00","Belgium (BE)","695.43","683.28","683.28","745.91"
"20/09/2024 04:00:00 - 20/09/2024 05:00:00","Belgium (BE)","664.83","652.68","652.68","694.51"
"20/09/2024 05:00:00 - 20/09/2024 06:00:00","Belgium (BE)","646.28","655.15","655.15","709.54"
"20/09/2024 06:00:00 - 20/09/2024 07:00:00","Belgium (BE)","640.25","637.15","637.15","685.03"
"20/09/2024 07:00:00 - 20/09/2024 08:00:00","Belgium (BE)","638.35","647.90","647.90","696.89"
"20/09/2024 08:00:00 - 20/09/2024 09:00:00","Belgium (BE)","643.80","667.58","667.58","603.85"
"20/09/2024 09:00:00 - 20/09/2024 10:00:00","Belgium (BE)","507.90","539.45","561.13","436.58"
"20/09/2024 10:00:00 - 20/09/2024 11:00:00","Belgium (BE)","375.98","406.25","440.95","346.50"
"20/09/2024 11:00:00 - 20/09/2024 12:00:00","Belgium (BE)","349.95","387.68","432.63","367.69"
"20/09/2024 12:00:00 - 20/09/2024 13:00:00","Belgium (BE)","346.80","392.80","453.98","424.66"
"20/09/2024 13:00:00 - 20/09/2024 14:00:00","Belgium (BE)","364.28","417.53","488.58","536.30"
"20/09/2024 14:00:00 - 20/09/2024 15:00:00","Belgium (BE)","401.90","458.65","509.35","631.12"
"20/09/2024 15:00:00 - 20/09/2024 16:00:00","Belgium (BE)","438.23","499.43","538.68","626.68"
"20/09/2024 16:00:00 - 20/09/2024 17:00:00","Belgium (BE)","457.48","508.43","518.78","587.44"
"20/09/2024 17:00:00 - 20/09/2024 18:00:00","Belgium (BE)","430.38","460.25","461.23","522.81"
"20/09/2024 18:00:00 - 20/09/2024 19:00:00","Belgium (BE)","390.50","402.25","387.78","352.74"
"20/09/2024 19:00:00 - 20/09/2024 20:00:00","Belgium (BE)","418.18","432.90","420.53","388.40"
"20/09/2024 20:00:00 - 20/09/2024 21:00:00","Belgium (BE)","501.93","526.65","477.50","584.80"
"20/09/2024 21:00:00 - 20/09/2024 22:00:00","Belgium (BE)","542.45","572.48","529.50","681.41"
"20/09/2024 22:00:00 - 20/09/2024 23:00:00","Belgium (BE)","529.13","552.15","508.50","663.71"
"20/09/2024 23:00:00 - 21/09/2024 00:00:00","Belgium (BE)","493.93","507.35","444.25","575.73"
"21/09/2024 00:00:00 - 21/09/2024 01:00:00","Belgium (BE)","368.80","433.43","433.43","461.04"
"21/09/2024 01:00:00 - 21/09/2024 02:00:00","Belgium (BE)","327.83","418.58","418.58","336.67"
"21/09/2024 02:00:00 - 21/09/2024 03:00:00","Belgium (BE)","314.68","358.08","358.08","301.90"
"21/09/2024 03:00:00 - 21/09/2024 04:00:00","Belgium (BE)","307.10","314.60","314.60","299.13"
"21/09/2024 04:00:00 - 21/09/2024 05:00:00","Belgium (BE)","295.70","269.13","269.13","271.31"
"21/09/2024 05:00:00 - 21/09/2024 06:00:00","Belgium (BE)","274.55","248.70","248.70","195.52"
"21/09/2024 06:00:00 - 21/09/2024 07:00:00","Belgium (BE)","254.40","214.70","214.70","123.30"
"21/09/2024 07:00:00 - 21/09/2024 08:00:00","Belgium (BE)","249.73","181.45","169.75","85.22"
"21/09/2024 08:00:00 - 21/09/2024 09:00:00","Belgium (BE)","252.05","158.20","127.30","79.53"
"21/09/2024 09:00:00 - 21/09/2024 10:00:00","Belgium (BE)","235.23","139.15","105.75","81.04"
"21/09/2024 10:00:00 - 21/09/2024 11:00:00","Belgium (BE)","138.63","83.55","69.05","39.85"
"21/09/2024 11:00:00 - 21/09/2024 12:00:00","Belgium (BE)","51.38","32.45","36.28","20.06"
"21/09/2024 12:00:00 - 21/09/2024 13:00:00","Belgium (BE)","33.80","20.55","27.23","28.03"
"21/09/2024 13:00:00 - 21/09/2024 14:00:00","Belgium (BE)","33.78","24.08","27.55","53.48"
"21/09/2024 14:00:00 - 21/09/2024 15:00:00","Belgium (BE)","40.75","28.68","30.18","34.70"
"21/09/2024 15:00:00 - 21/09/2024 16:00:00","Belgium (BE)","41.40","25.48","30.58","22.15"
"21/09/2024 16:00:00 - 21/09/2024 17:00:00","Belgium (BE)","42.55","22.83","27.28","21.11"
"21/09/2024 17:00:00 - 21/09/2024 18:00:00","Belgium (BE)","50.10","22.08","30.50","23.43"
"21/09/2024 18:00:00 - 21/09/2024 19:00:00","Belgium (BE)","76.63","36.23","49.45","30.62"
"21/09/2024 19:00:00 - 21/09/2024 20:00:00","Belgium (BE)","146.58","95.90","121.80","83.55"
"21/09/2024 20:00:00 - 21/09/2024 21:00:00","Belgium (BE)","269.48","192.68","222.83","188.09"
"21/09/2024 21:00:00 - 21/09/2024 22:00:00","Belgium (BE)","415.50","289.55","324.40","310.95"
"21/09/2024 22:00:00 - 21/09/2024 23:00:00","Belgium (BE)","516.68","367.13","409.33","409.04"
"21/09/2024 23:00:00 - 22/09/2024 00:00:00","Belgium (BE)","533.75","421.73","447.90","488.47"
"22/09/2024 00:00:00 - 22/09/2024 01:00:00","Belgium (BE)","446.68","424.30","424.30","506.84"
"22/09/2024 01:00:00 - 22/09/2024 02:00:00","Belgium (BE)","413.38","402.50","402.50","514.28"
"22/09/2024 02:00:00 - 22/09/2024 03:00:00","Belgium (BE)","381.83","414.05","414.05","444.00"
"22/09/2024 03:00:00 - 22/09/2024 04:00:00","Belgium (BE)","362.10","414.00","414.00","377.82"
"22/09/2024 04:00:00 - 22/09/2024 05:00:00","Belgium (BE)","359.23","386.90","386.90","379.33"
"22/09/2024 05:00:00 - 22/09/2024 06:00:00","Belgium (BE)","366.38","357.95","357.95","404.44"
"22/09/2024 06:00:00 - 22/09/2024 07:00:00","Belgium (BE)","373.20","373.98","373.98","393.29"
"22/09/2024 07:00:00 - 22/09/2024 08:00:00","Belgium (BE)","365.38","348.50","348.50","406.52"
"22/09/2024 08:00:00 - 22/09/2024 09:00:00","Belgium (BE)","332.50","296.88","372.05","386.29"
"22/09/2024 09:00:00 - 22/09/2024 10:00:00","Belgium (BE)","291.03","221.08","320.83","320.87"
"22/09/2024 10:00:00 - 22/09/2024 11:00:00","Belgium (BE)","203.65","137.55","223.33","205.68"
"22/09/2024 11:00:00 - 22/09/2024 12:00:00","Belgium (BE)","118.13","90.85","179.35","107.54"
"22/09/2024 12:00:00 - 22/09/2024 13:00:00","Belgium (BE)","97.63","80.33","145.88","76.99"
"22/09/2024 13:00:00 - 22/09/2024 14:00:00","Belgium (BE)","112.48","92.50","137.85","68.17"
"22/09/2024 14:00:00 - 22/09/2024 15:00:00","Belgium (BE)","135.68","120.40","135.93","103.53"
"22/09/2024 15:00:00 - 22/09/2024 16:00:00","Belgium (BE)","152.48","160.88","146.78","144.93"
"22/09/2024 16:00:00 - 22/09/2024 17:00:00","Belgium (BE)","156.48","190.85","168.53","142.29"
"22/09/2024 17:00:00 - 22/09/2024 18:00:00","Belgium (BE)","148.80","197.90","175.03","126.09"
"22/09/2024 18:00:00 - 22/09/2024 19:00:00","Belgium (BE)","150.28","212.63","205.48","151.98"
"22/09/2024 19:00:00 - 22/09/2024 20:00:00","Belgium (BE)","164.33","244.15","235.75","271.57"
"22/09/2024 20:00:00 - 22/09/2024 21:00:00","Belgium (BE)","201.98","275.93","275.43","384.95"
"22/09/2024 21:00:00 - 22/09/2024 22:00:00","Belgium (BE)","233.88","290.78","314.55","517.02"
"22/09/2024 22:00:00 - 22/09/2024 23:00:00","Belgium (BE)","275.85","296.85","309.93","577.00"
"22/09/2024 23:00:00 - 23/09/2024 00:00:00","Belgium (BE)","309.03","299.45","301.48","603.66"
"23/09/2024 00:00:00 - 23/09/2024 01:00:00","Belgium (BE)","297.43","485.25","485.25","539.23"
"23/09/2024 01:00:00 - 23/09/2024 02:00:00","Belgium (BE)","293.75","531.50","531.50","539.63"
"23/09/2024 02:00:00 - 23/09/2024 03:00:00","Belgium (BE)","317.18","530.00","530.00","525.55"
"23/09/2024 03:00:00 - 23/09/2024 04:00:00","Belgium (BE)","329.80","489.28","489.28","520.81"
"23/09/2024 04:00:00 - 23/09/2024 05:00:00","Belgium (BE)","326.13","504.58","504.58","556.59"
"23/09/2024 05:00:00 - 23/09/2024 06:00:00","Belgium (BE)","316.18","549.83","549.83","506.40"
"23/09/2024 06:00:00 - 23/09/2024 07:00:00","Belgium (BE)","317.78","581.68","581.68","465.20"
"23/09/2024 07:00:00 - 23/09/2024 08:00:00","Belgium (BE)","329.48","609.25","554.95","499.07"
"23/09/2024 08:00:00 - 23/09/2024 09:00:00","Belgium (BE)","344.75","651.68","619.40","449.62"
"23/09/2024 09:00:00 - 23/09/2024 10:00:00","Belgium (BE)","364.85","719.43","587.38","428.42"
"23/09/2024 10:00:00 - 23/09/2024 11:00:00","Belgium (BE)","403.48","765.43","520.40","515.90"
"23/09/2024 11:00:00 - 23/09/2024 12:00:00","Belgium (BE)","457.93","751.90","513.13","606.06"
"23/09/2024 12:00:00 - 23/09/2024 13:00:00","Belgium (BE)","499.60","730.33","541.45","654.22"
"23/09/2024 13:00:00 - 23/09/2024 14:00:00","Belgium (BE)","521.53","715.83","533.80","681.51"
"23/09/2024 14:00:00 - 23/09/2024 15:00:00","Belgium (BE)","524.75","703.38","600.60","632.75"
"23/09/2024 15:00:00 - 23/09/2024 16:00:00","Belgium (BE)","503.15","687.65","588.43","545.05"
"23/09/2024 16:00:00 - 23/09/2024 17:00:00","Belgium (BE)","449.20","628.30","536.25","553.12"
"23/09/2024 17:00:00 - 23/09/2024 18:00:00","Belgium (BE)","369.35","537.10","451.95","567.52"
"23/09/2024 18:00:00 - 23/09/2024 19:00:00","Belgium (BE)","290.35","445.48","376.58","445.16"
"23/09/2024 19:00:00 - 23/09/2024 20:00:00","Belgium (BE)","258.28","356.13","326.95","362.00"
"23/09/2024 20:00:00 - 23/09/2024 21:00:00","Belgium (BE)","290.40","314.10","312.88","407.54"
"23/09/2024 21:00:00 - 23/09/2024 22:00:00","Belgium (BE)","343.78","337.90","335.13","467.91"
"23/09/2024 22:00:00 - 23/09/2024 23:00:00","Belgium (BE)","405.18","408.40","367.50","495.25"
"23/09/2024 23:00:00 - 24/09/2024 00:00:00","Belgium (BE)","459.78","468.38","431.05","531.37"
"24/09/2024 00:00:00 - 24/09/2024 01:00:00","Belgium (BE)","503.45","572.43","572.43","556.72"
"24/09/2024 01:00:00 - 24/09/2024 02:00:00","Belgium (BE)","525.45","563.95","563.95","545.59"
"24/09/2024 02:00:00 - 24/09/2024 03:00:00","Belgium (BE)","509.43","505.38","505.38","535.14"
"24/09/2024 03:00:00 - 24/09/2024 04:00:00","Belgium (BE)","479.53","473.13","473.13","529.31"
"24/09/2024 04:00:00 - 24/09/2024 05:00:00","Belgium (BE)","442.05","450.80","450.80","460.63"
"24/09/2024 05:00:00 - 24/09/2024 06:00:00","Belgium (BE)","421.40","437.08","437.08","394.23"
"24/09/2024 06:00:00 - 24/09/2024 07:00:00","Belgium (BE)","432.18","451.18","451.18","380.99"
"24/09/2024 07:00:00 - 24/09/2024 08:00:00","Belgium (BE)","456.55","468.23","468.23","428.60"
"24/09/2024 08:00:00 - 24/09/2024 09:00:00","Belgium (BE)","511.60","534.33","514.48","457.42"
"24/09/2024 09:00:00 - 24/09/2024 10:00:00","Belgium (BE)","605.88","636.15","605.45","435.15"
"24/09/2024 10:00:00 - 24/09/2024 11:00:00","Belgium (BE)","652.63","710.90","641.95","483.26"
"24/09/2024 11:00:00 - 24/09/2024 12:00:00","Belgium (BE)","636.85","734.58","595.35","556.44"
"24/09/2024 12:00:00 - 24/09/2024 13:00:00","Belgium (BE)","622.13","749.48","620.35","548.44"
"24/09/2024 13:00:00 - 24/09/2024 14:00:00","Belgium (BE)","634.23","762.88","669.85","515.77"
"24/09/2024 14:00:00 - 24/09/2024 15:00:00","Belgium (BE)","679.50","773.78","675.08","573.80"
"24/09/2024 15:00:00 - 24/09/2024 16:00:00","Belgium (BE)","723.93","784.90","654.60","655.63"
"24/09/2024 16:00:00 - 24/09/2024 17:00:00","Belgium (BE)","738.55","750.25","685.95","729.37"
"24/09/2024 17:00:00 - 24/09/2024 18:00:00","Belgium (BE)","699.95","664.43","680.98","687.77"
"24/09/2024 18:00:00 - 24/09/2024 19:00:00","Belgium (BE)","605.33","550.15","582.85","670.52"
"24/09/2024 19:00:00 - 24/09/2024 20:00:00","Belgium (BE)","490.65","456.45","492.38","582.97"
"24/09/2024 20:00:00 - 24/09/2024 21:00:00","Belgium (BE)","420.33","416.18","467.03","451.41"
"24/09/2024 21:00:00 - 24/09/2024 22:00:00","Belgium (BE)","407.58","417.20","422.83","367.03"
"24/09/2024 22:00:00 - 24/09/2024 23:00:00","Belgium (BE)","443.23","455.25","452.18","422.77"
"24/09/2024 23:00:00 - 25/09/2024 00:00:00","Belgium (BE)","494.43","513.60","504.40","479.59"
"25/09/2024 00:00:00 - 25/09/2024 01:00:00","Belgium (BE)","571.75","435.95","435.95","480.46"
"25/09/2024 01:00:00 - 25/09/2024 02:00:00","Belgium (BE)","604.70","479.40","479.40","509.85"
"25/09/2024 02:00:00 - 25/09/2024 03:00:00","Belgium (BE)","615.65","498.95","498.95","553.63"
"25/09/2024 03:00:00 - 25/09/2024 04:00:00","Belgium (BE)","648.63","557.75","557.75","598.91"
"25/09/2024 04:00:00 - 25/09/2024 05:00:00","Belgium (BE)","691.75","623.68","623.68","714.39"
"25/09/2024 05:00:00 - 25/09/2024 06:00:00","Belgium (BE)","714.95","668.38","668.38","815.85"
"25/09/2024 06:00:00 - 25/09/2024 07:00:00","Belgium (BE)","705.90","693.38","693.38","718.61"
"25/09/2024 07:00:00 - 25/09/2024 08:00:00","Belgium (BE)","662.90","692.68","720.85","650.15"
"25/09/2024 08:00:00 - 25/09/2024 09:00:00","Belgium (BE)","609.95","715.08","734.25","619.53"
"25/09/2024 09:00:00 - 25/09/2024 10:00:00","Belgium (BE)","590.73","723.90","702.85","538.42"
"25/09/2024 10:00:00 - 25/09/2024 11:00:00","Belgium (BE)","598.60","726.35","607.60","442.30"
"25/09/2024 11:00:00 - 25/09/2024 12:00:00","Belgium (BE)","596.00","725.60","528.83","452.91"
"25/09/2024 12:00:00 - 25/09/2024 13:00:00","Belgium (BE)","609.53","770.73","520.40","514.88"
"25/09/2024 13:00:00 - 25/09/2024 14:00:00","Belgium (BE)","660.38","862.60","634.80","404.02"
"25/09/2024 14:00:00 - 25/09/2024 15:00:00","Belgium (BE)","701.38","888.83","723.28","489.47"
"25/09/2024 15:00:00 - 25/09/2024 16:00:00","Belgium (BE)","697.68","819.55","677.10","535.87"
"25/09/2024 16:00:00 - 25/09/2024 17:00:00","Belgium (BE)","628.88","706.23","686.33","601.53"
"25/09/2024 17:00:00 - 25/09/2024 18:00:00","Belgium (BE)","523.13","613.68","539.60","575.80"
"25/09/2024 18:00:00 - 25/09/2024 19:00:00","Belgium (BE)","445.78","585.20","514.73","568.83"
"25/09/2024 19:00:00 - 25/09/2024 20:00:00","Belgium (BE)","458.20","626.70","554.50","536.24"
"25/09/2024 20:00:00 - 25/09/2024 21:00:00","Belgium (BE)","530.98","735.45","664.23","607.16"
"25/09/2024 21:00:00 - 25/09/2024 22:00:00","Belgium (BE)","612.75","876.38","733.00","656.97"
"25/09/2024 22:00:00 - 25/09/2024 23:00:00","Belgium (BE)","711.15","1028.13","845.10","679.29"
"25/09/2024 23:00:00 - 26/09/2024 00:00:00","Belgium (BE)","837.15","1127.38","930.75","766.52"
"26/09/2024 00:00:00 - 26/09/2024 01:00:00","Belgium (BE)","1050.08","919.13","919.13","934.84"
"26/09/2024 01:00:00 - 26/09/2024 02:00:00","Belgium (BE)","1129.50","1048.00","1048.00","1124.36"
"26/09/2024 02:00:00 - 26/09/2024 03:00:00","Belgium (BE)","1183.60","1199.40","1199.40","1190.96"
"26/09/2024 03:00:00 - 26/09/2024 04:00:00","Belgium (BE)","1281.65","1251.13","1251.13","1142.56"
"26/09/2024 04:00:00 - 26/09/2024 05:00:00","Belgium (BE)","1393.53","1218.78","1218.78","1100.65"
"26/09/2024 05:00:00 - 26/09/2024 06:00:00","Belgium (BE)","1376.98","1137.40","1137.40","1037.40"
"26/09/2024 06:00:00 - 26/09/2024 07:00:00","Belgium (BE)","1285.88","1144.50","1144.50","1137.09"
"26/09/2024 07:00:00 - 26/09/2024 08:00:00","Belgium (BE)","1244.73","1259.75","1210.18","1313.95"
"26/09/2024 08:00:00 - 26/09/2024 09:00:00","Belgium (BE)","1255.25","1393.98","1365.68","1449.88"
"26/09/2024 09:00:00 - 26/09/2024 10:00:00","Belgium (BE)","1330.80","1572.28","1557.03","1463.69"
"26/09/2024 10:00:00 - 26/09/2024 11:00:00","Belgium (BE)","1539.23","1764.90","1633.58","1550.14"
"26/09/2024 11:00:00 - 26/09/2024 12:00:00","Belgium (BE)","1729.03","1847.35","1707.85","1770.80"
"26/09/2024 12:00:00 - 26/09/2024 13:00:00","Belgium (BE)","1768.55","1836.45","1798.80","1596.29"
"26/09/2024 13:00:00 - 26/09/2024 14:00:00","Belgium (BE)","1755.15","1778.63","1818.13","1408.22"
"26/09/2024 14:00:00 - 26/09/2024 15:00:00","Belgium (BE)","1647.65","1684.80","1646.53","1289.17"
"26/09/2024 15:00:00 - 26/09/2024 16:00:00","Belgium (BE)","1471.05","1546.55","1406.58","1280.27"
"26/09/2024 16:00:00 - 26/09/2024 17:00:00","Belgium (BE)","1285.18","1383.40","1382.70","1142.55"
"26/09/2024 17:00:00 - 26/09/2024 18:00:00","Belgium (BE)","1148.18","1309.70","1283.83","1138.56"
"26/09/2024 18:00:00 - 26/09/2024 19:00:00","Belgium (BE)","1066.25","1326.28","1349.15","1513.05"
"26/09/2024 19:00:00 - 26/09/2024 20:00:00","Belgium (BE)","1044.68","1395.90","1477.25","1527.75"
"26/09/2024 20:00:00 - 26/09/2024 21:00:00","Belgium (BE)","1154.63","1548.68","1756.23","1684.09"
"26/09/2024 21:00:00 - 26/09/2024 22:00:00","Belgium (BE)","1298.65","1745.33","1833.23","1925.54"
"26/09/2024 22:00:00 - 26/09/2024 23:00:00","Belgium (BE)","1412.43","1906.18","1958.40","1950.60"
"26/09/2024 23:00:00 - 27/09/2024 00:00:00","Belgium (BE)","1540.38","1984.45","2030.30","2061.34"
"27/09/2024 00:00:00 - 27/09/2024 01:00:00","Belgium (BE)","1987.18","2094.70","2094.70","2082.61"
"27/09/2024 01:00:00 - 27/09/2024 02:00:00","Belgium (BE)","2002.03","2097.55","2097.55","2059.13"
"27/09/2024 02:00:00 - 27/09/2024 03:00:00","Belgium (BE)","2014.98","2123.70","2123.70","2004.13"
"27/09/2024 03:00:00 - 27/09/2024 04:00:00","Belgium (BE)","2011.80","2116.45","2116.45","1961.61"
"27/09/2024 04:00:00 - 27/09/2024 05:00:00","Belgium (BE)","2000.35","2112.30","2112.30","2044.41"
"27/09/2024 05:00:00 - 27/09/2024 06:00:00","Belgium (BE)","1981.85","2032.33","2032.33","2008.92"
"27/09/2024 06:00:00 - 27/09/2024 07:00:00","Belgium (BE)","1968.40","2069.43","2069.43","1933.16"
"27/09/2024 07:00:00 - 27/09/2024 08:00:00","Belgium (BE)","1963.53","2050.05","2050.05","2230.08"
"27/09/2024 08:00:00 - 27/09/2024 09:00:00","Belgium (BE)","1953.93","2058.08","2018.03","2117.13"
"27/09/2024 09:00:00 - 27/09/2024 10:00:00","Belgium (BE)","1969.65","2079.25","2135.53","2154.64"
"27/09/2024 10:00:00 - 27/09/2024 11:00:00","Belgium (BE)","2025.18","2115.03","2165.60","2082.19"
"27/09/2024 11:00:00 - 27/09/2024 12:00:00","Belgium (BE)","2053.03","2115.28","2172.60","2125.06"
"27/09/2024 12:00:00 - 27/09/2024 13:00:00","Belgium (BE)","2027.90","2086.43","2093.48","2101.05"
"27/09/2024 13:00:00 - 27/09/2024 14:00:00","Belgium (BE)","1992.95","2046.18","2055.45","1948.62"
"27/09/2024 14:00:00 - 27/09/2024 15:00:00","Belgium (BE)","1950.85","1993.90","2006.60","1973.65"
"27/09/2024 15:00:00 - 27/09/2024 16:00:00","Belgium (BE)","1897.38","1921.28","1864.65","1921.57"
"27/09/2024 16:00:00 - 27/09/2024 17:00:00","Belgium (BE)","1844.45","1814.05","1726.75","1788.74"
"27/09/2024 17:00:00 - 27/09/2024 18:00:00","Belgium (BE)","1775.98","1662.43","1636.73","1400.27"
"27/09/2024 18:00:00 - 27/09/2024 19:00:00","Belgium (BE)","1635.90","1471.85","1505.23","1072.73"
"27/09/2024 19:00:00 - 27/09/2024 20:00:00","Belgium (BE)","1447.05","1283.85","1324.88","1004.04"
"27/09/2024 20:00:00 - 27/09/2024 21:00:00","Belgium (BE)","1263.88","1171.43","1146.80","915.94"
"27/09/2024 21:00:00 - 27/09/2024 22:00:00","Belgium (BE)","1151.30","1051.53","1050.08","946.44"
"27/09/2024 22:00:00 - 27/09/2024 23:00:00","Belgium (BE)","1030.30","920.68","989.08","968.72"
"27/09/2024 23:00:00 - 28/09/2024 00:00:00","Belgium (BE)","910.45","831.73","852.18","893.03"
"28/09/2024 00:00:00 - 28/09/2024 01:00:00","Belgium (BE)","749.73","724.48","724.48","813.09"
"28/09/2024 01:00:00 - 28/09/2024 02:00:00","Belgium (BE)","631.20","610.68","610.68","726.39"
"28/09/2024 02:00:00 - 28/09/2024 03:00:00","Belgium (BE)","559.80","604.08","604.08","708.37"
"28/09/2024 03:00:00 - 28/09/2024 04:00:00","Belgium (BE)","530.48","576.90","576.90","641.65"
"28/09/2024 04:00:00 - 28/09/2024 05:00:00","Belgium (BE)","521.88","556.18","556.18","645.37"
"28/09/2024 05:00:00 - 28/09/2024 06:00:00","Belgium (BE)","496.90","521.68","521.68","542.39"
"28/09/2024 06:00:00 - 28/09/2024 07:00:00","Belgium (BE)","466.55","494.15","494.15","535.82"
"28/09/2024 07:00:00 - 28/09/2024 08:00:00","Belgium (BE)","438.63","460.25","460.25","556.56"
"28/09/2024 08:00:00 - 28/09/2024 09:00:00","Belgium (BE)","415.70","444.45","444.45","452.76"
"28/09/2024 09:00:00 - 28/09/2024 10:00:00","Belgium (BE)","385.40","397.28","435.23","340.13"
"28/09/2024 10:00:00 - 28/09/2024 11:00:00","Belgium (BE)","356.40","356.85","391.75","286.50"
"28/09/2024 11:00:00 - 28/09/2024 12:00:00","Belgium (BE)","354.48","354.50","361.43","262.79"
"28/09/2024 12:00:00 - 28/09/2024 13:00:00","Belgium (BE)","359.33","369.70","398.88","364.48"
"28/09/2024 13:00:00 - 28/09/2024 14:00:00","Belgium (BE)","362.33","389.88","391.90","418.85"
"28/09/2024 14:00:00 - 28/09/2024 15:00:00","Belgium (BE)","363.30","404.30","462.78","516.13"
"28/09/2024 15:00:00 - 28/09/2024 16:00:00","Belgium (BE)","360.88","413.93","466.40","560.50"
"28/09/2024 16:00:00 - 28/09/2024 17:00:00","Belgium (BE)","355.98","400.63","455.25","442.36"
"28/09/2024 17:00:00 - 28/09/2024 18:00:00","Belgium (BE)","308.20","334.88","383.55","369.85"
"28/09/2024 18:00:00 - 28/09/2024 19:00:00","Belgium (BE)","224.80","242.53","220.50","268.86"
"28/09/2024 19:00:00 - 28/09/2024 20:00:00","Belgium (BE)","169.85","192.43","165.68","175.49"
"28/09/2024 20:00:00 - 28/09/2024 21:00:00","Belgium (BE)","163.23","176.33","159.20","145.04"
"28/09/2024 21:00:00 - 28/09/2024 22:00:00","Belgium (BE)","167.48","163.63","171.95","108.69"
"28/09/2024 22:00:00 - 28/09/2024 23:00:00","Belgium (BE)","161.23","149.83","188.28","100.51"
"28/09/2024 23:00:00 - 29/09/2024 00:00:00","Belgium (BE)","147.68","140.28","191.10","115.06"
"29/09/2024 00:00:00 - 29/09/2024 01:00:00","Belgium (BE)","177.63","163.13","163.13","119.81"
"29/09/2024 01:00:00 - 29/09/2024 02:00:00","Belgium (BE)","164.60","150.93","150.93","112.72"
"29/09/2024 02:00:00 - 29/09/2024 03:00:00","Belgium (BE)","171.10","168.15","168.15","115.95"
"29/09/2024 03:00:00 - 29/09/2024 04:00:00","Belgium (BE)","189.38","167.10","167.10","126.46"
"29/09/2024 04:00:00 - 29/09/2024 05:00:00","Belgium (BE)","202.45","166.30","166.30","146.04"
"29/09/2024 05:00:00 - 29/09/2024 06:00:00","Belgium (BE)","218.88","168.80","168.80","191.56"
"29/09/2024 06:00:00 - 29/09/2024 07:00:00","Belgium (BE)","244.35","190.10","190.10","262.27"
"29/09/2024 07:00:00 - 29/09/2024 08:00:00","Belgium (BE)","267.85","221.35","221.35","347.08"
"29/09/2024 08:00:00 - 29/09/2024 09:00:00","Belgium (BE)","284.70","245.60","298.33","376.10"
"29/09/2024 09:00:00 - 29/09/2024 10:00:00","Belgium (BE)","305.03","270.28","330.05","321.58"
"29/09/2024 10:00:00 - 29/09/2024 11:00:00","Belgium (BE)","238.78","200.20","233.50","129.74"
"29/09/2024 11:00:00 - 29/09/2024 12:00:00","Belgium (BE)","142.33","122.75","189.20","82.41"
"29/09/2024 12:00:00 - 29/09/2024 13:00:00","Belgium (BE)","136.53","140.05","148.18","99.03"
"29/09/2024 13:00:00 - 29/09/2024 14:00:00","Belgium (BE)","180.43","183.38","167.55","143.14"
"29/09/2024 14:00:00 - 29/09/2024 15:00:00","Belgium (BE)","232.15","224.00","203.78","155.01"
"29/09/2024 15:00:00 - 29/09/2024 16:00:00","Belgium (BE)","279.25","270.63","258.25","232.25"
"29/09/2024 16:00:00 - 29/09/2024 17:00:00","Belgium (BE)","341.90","328.13","332.43","359.49"
"29/09/2024 17:00:00 - 29/09/2024 18:00:00","Belgium (BE)","391.18","372.13","361.20","400.19"
"29/09/2024 18:00:00 - 29/09/2024 19:00:00","Belgium (BE)","460.18","438.15","453.90","466.02"
"29/09/2024 19:00:00 - 29/09/2024 20:00:00","Belgium (BE)","600.03","605.10","620.73","686.51"
"29/09/2024 20:00:00 - 29/09/2024 21:00:00","Belgium (BE)","775.38","832.40","828.78","1021.16"
"29/09/2024 21:00:00 - 29/09/2024 22:00:00","Belgium (BE)","916.85","981.53","969.53","1143.95"
"29/09/2024 22:00:00 - 29/09/2024 23:00:00","Belgium (BE)","994.58","1005.03","1013.95","1142.59"
"29/09/2024 23:00:00 - 30/09/2024 00:00:00","Belgium (BE)","1013.20","957.55","986.95","1045.39"
"30/09/2024 00:00:00 - 30/09/2024 01:00:00","Belgium (BE)","936.25","1127.20","1127.20","955.14"
"30/09/2024 01:00:00 - 30/09/2024 02:00:00","Belgium (BE)","928.08","1022.35","1022.35","903.19"
"30/09/2024 02:00:00 - 30/09/2024 03:00:00","Belgium (BE)","945.40","937.35","937.35","951.65"
"30/09/2024 03:00:00 - 30/09/2024 04:00:00","Belgium (BE)","969.35","919.30","919.30","971.80"
"30/09/2024 04:00:00 - 30/09/2024 05:00:00","Belgium (BE)","990.23","945.08","945.08","894.05"
"30/09/2024 05:00:00 - 30/09/2024 06:00:00","Belgium (BE)","998.75","971.90","971.90","983.46"
"30/09/2024 06:00:00 - 30/09/2024 07:00:00","Belgium (BE)","1034.63","995.35","995.35","1138.85"
"30/09/2024 07:00:00 - 30/09/2024 08:00:00","Belgium (BE)","1102.50","1066.05","1102.13","1274.20"
"30/09/2024 08:00:00 - 30/09/2024 09:00:00","Belgium (BE)","1145.68","1130.30","1153.35","1298.44"
"30/09/2024 09:00:00 - 30/09/2024 10:00:00","Belgium (BE)","1195.25","1184.88","1265.85","1247.60"
"30/09/2024 10:00:00 - 30/09/2024 11:00:00","Belgium (BE)","1218.70","1209.93","1262.03","1197.55"
"30/09/2024 11:00:00 - 30/09/2024 12:00:00","Belgium (BE)","1268.75","1251.00","1274.08","1161.28"
"30/09/2024 12:00:00 - 30/09/2024 13:00:00","Belgium (BE)","1367.83","1329.50","1343.28","1217.09"
"30/09/2024 13:00:00 - 30/09/2024 14:00:00","Belgium (BE)","1432.40","1397.58","1383.43","1248.66"
"30/09/2024 14:00:00 - 30/09/2024 15:00:00","Belgium (BE)","1518.45","1469.78","1467.73","1317.00"
"30/09/2024 15:00:00 - 30/09/2024 16:00:00","Belgium (BE)","1637.35","1551.65","1508.33","1496.49"
"30/09/2024 16:00:00 - 30/09/2024 17:00:00","Belgium (BE)","1780.90","1687.65","1640.33","1786.47"
"30/09/2024 17:00:00 - 30/09/2024 18:00:00","Belgium (BE)","1896.38","1810.30","1771.23","1998.82"
"30/09/2024 18:00:00 - 30/09/2024 19:00:00","Belgium (BE)","1969.63","1831.10","1819.55","2118.11"
"30/09/2024 19:00:00 - 30/09/2024 20:00:00","Belgium (BE)","1999.93","1792.00","1864.38","1972.22"
"30/09/2024 20:00:00 - 30/09/2024 21:00:00","Belgium (BE)","1987.98","1799.03","1865.68","1913.11"
"30/09/2024 21:00:00 - 30/09/2024 22:00:00","Belgium (BE)","1963.83","1835.83","1859.80","1925.36"
"30/09/2024 22:00:00 - 30/09/2024 23:00:00","Belgium (BE)","1934.20","1855.38","1861.00","1942.76"
"30/09/2024 23:00:00 - 01/10/2024 00:00:00","Belgium (BE)","1907.38","1861.98","1881.23","1936.36"
"01/10/2024 00:00:00 - 01/10/2024 01:00:00","Belgium (BE)","1865.33","1951.38","1951.38","1866.12"
"01/10/2024 01:00:00 - 01/10/2024 02:00:00","Belgium (BE)","1878.90","1914.88","1914.88","1838.53"
"01/10/2024 02:00:00 - 01/10/2024 03:00:00","Belgium (BE)","1874.38","1862.43","1862.43","1828.69"
"01/10/2024 03:00:00 - 01/10/2024 04:00:00","Belgium (BE)","1855.78","1873.85","1873.85","1824.28"
"01/10/2024 04:00:00 - 01/10/2024 05:00:00","Belgium (BE)","1838.38","1879.28","1879.28","1838.24"
"01/10/2024 05:00:00 - 01/10/2024 06:00:00","Belgium (BE)","1814.88","1872.20","1872.20","1884.51"
"01/10/2024 06:00:00 - 01/10/2024 07:00:00","Belgium (BE)","1783.85","1870.50","1870.50","1955.49"
"01/10/2024 07:00:00 - 01/10/2024 08:00:00","Belgium (BE)","1764.98","1843.88","1861.23","2004.56"
"01/10/2024 08:00:00 - 01/10/2024 09:00:00","Belgium (BE)","1776.15","1809.90","1824.00","1890.43"
"01/10/2024 09:00:00 - 01/10/2024 10:00:00","Belgium (BE)","1843.40","1796.33","1839.83","1817.04"
"01/10/2024 10:00:00 - 01/10/2024 11:00:00","Belgium (BE)","1891.05","1840.30","1811.48","1765.43"
"01/10/2024 11:00:00 - 01/10/2024 12:00:00","Belgium (BE)","1891.95","1844.00","1776.05","1657.50"
"01/10/2024 12:00:00 - 01/10/2024 13:00:00","Belgium (BE)","1850.15","1777.08","1665.00","1441.57"
"01/10/2024 13:00:00 - 01/10/2024 14:00:00","Belgium (BE)","1795.93","1680.05","1496.40","1209.81"
"01/10/2024 14:00:00 - 01/10/2024 15:00:00","Belgium (BE)","1725.83","1524.10","1348.58","1099.58"
"01/10/2024 15:00:00 - 01/10/2024 16:00:00","Belgium (BE)","1631.43","1326.13","1086.10","916.76"
"01/10/2024 16:00:00 - 01/10/2024 17:00:00","Belgium (BE)","1516.08","1111.15","911.00","734.86"
"01/10/2024 17:00:00 - 01/10/2024 18:00:00","Belgium (BE)","1359.25","864.18","651.75","524.90"
"01/10/2024 18:00:00 - 01/10/2024 19:00:00","Belgium (BE)","1173.33","660.55","487.50","424.23"
"01/10/2024 19:00:00 - 01/10/2024 20:00:00","Belgium (BE)","1021.23","572.28","378.65","395.78"
"01/10/2024 20:00:00 - 01/10/2024 21:00:00","Belgium (BE)","922.88","556.03","399.80","363.29"
"01/10/2024 21:00:00 - 01/10/2024 22:00:00","Belgium (BE)","875.68","520.05","393.93","277.39"
"01/10/2024 22:00:00 - 01/10/2024 23:00:00","Belgium (BE)","832.60","446.90","359.10","239.94"
"01/10/2024 23:00:00 - 02/10/2024 00:00:00","Belgium (BE)","783.45","380.43","309.85","217.37"
"02/10/2024 00:00:00 - 02/10/2024 01:00:00","Belgium (BE)","277.48","190.38","190.38","161.05"
"02/10/2024 01:00:00 - 02/10/2024 02:00:00","Belgium (BE)","233.23","138.05","138.05","80.28"
"02/10/2024 02:00:00 - 02/10/2024 03:00:00","Belgium (BE)","185.15","79.08","79.08","46.10"
"02/10/2024 03:00:00 - 02/10/2024 04:00:00","Belgium (BE)","135.18","48.05","48.05","40.51"
"02/10/2024 04:00:00 - 02/10/2024 05:00:00","Belgium (BE)","106.50","43.25","43.25","31.94"
"02/10/2024 05:00:00 - 02/10/2024 06:00:00","Belgium (BE)","93.00","37.48","37.48","29.48"
"02/10/2024 06:00:00 - 02/10/2024 07:00:00","Belgium (BE)","80.45","38.00","38.00","34.81"
"02/10/2024 07:00:00 - 02/10/2024 08:00:00","Belgium (BE)","82.05","43.08","43.63","28.63"
"02/10/2024 08:00:00 - 02/10/2024 09:00:00","Belgium (BE)","78.75","65.95","66.30","29.67"
"02/10/2024 09:00:00 - 02/10/2024 10:00:00","Belgium (BE)","82.45","95.03","130.45","35.99"
"02/10/2024 10:00:00 - 02/10/2024 11:00:00","Belgium (BE)","67.75","96.38","99.55","37.24"
"02/10/2024 11:00:00 - 02/10/2024 12:00:00","Belgium (BE)","54.43","96.88","82.20","54.66"
"02/10/2024 12:00:00 - 02/10/2024 13:00:00","Belgium (BE)","65.40","131.25","105.30","107.41"
"02/10/2024 13:00:00 - 02/10/2024 14:00:00","Belgium (BE)","92.25","180.93","156.38","189.03"
"02/10/2024 14:00:00 - 02/10/2024 15:00:00","Belgium (BE)","146.35","230.58","216.33","205.82"
"02/10/2024 15:00:00 - 02/10/2024 16:00:00","Belgium (BE)","216.80","287.28","267.73","247.51"
"02/10/2024 16:00:00 - 02/10/2024 17:00:00","Belgium (BE)","288.08","352.75","334.53","330.01"
"02/10/2024 17:00:00 - 02/10/2024 18:00:00","Belgium (BE)","339.35","402.65","415.00","431.94"
"02/10/2024 18:00:00 - 02/10/2024 19:00:00","Belgium (BE)","390.10","429.98","455.18","469.11"
"02/10/2024 19:00:00 - 02/10/2024 20:00:00","Belgium (BE)","448.58","461.83","539.00","425.18"
"02/10/2024 20:00:00 - 02/10/2024 21:00:00","Belgium (BE)","499.08","504.08","579.13","403.35"
"02/10/2024 21:00:00 - 02/10/2024 22:00:00","Belgium (BE)","543.08","539.33","583.03","439.33"
"02/10/2024 22:00:00 - 02/10/2024 23:00:00","Belgium (BE)","575.13","590.98","653.98","547.19"
"02/10/2024 23:00:00 - 03/10/2024 00:00:00","Belgium (BE)","596.85","654.85","738.63","657.60"
"03/10/2024 00:00:00 - 03/10/2024 01:00:00","Belgium (BE)","771.98","671.90","671.90","684.37"
"03/10/2024 01:00:00 - 03/10/2024 02:00:00","Belgium (BE)","755.75","705.98","705.98","697.64"
"03/10/2024 02:00:00 - 03/10/2024 03:00:00","Belgium (BE)","740.75","684.40","684.40","762.01"
"03/10/2024 03:00:00 - 03/10/2024 04:00:00","Belgium (BE)","731.10","674.25","674.25","762.00"
"03/10/2024 04:00:00 - 03/10/2024 05:00:00","Belgium (BE)","723.83","691.45","691.45","793.33"
"03/10/2024 05:00:00 - 03/10/2024 06:00:00","Belgium (BE)","712.00","704.65","704.65","756.30"
"03/10/2024 06:00:00 - 03/10/2024 07:00:00","Belgium (BE)","684.63","689.18","689.18","790.84"
"03/10/2024 07:00:00 - 03/10/2024 08:00:00","Belgium (BE)","639.88","631.90","619.20","750.56"
"03/10/2024 08:00:00 - 03/10/2024 09:00:00","Belgium (BE)","600.25","585.13","577.83","654.73"
"03/10/2024 09:00:00 - 03/10/2024 10:00:00","Belgium (BE)","520.38","504.43","507.98","476.53"
"03/10/2024 10:00:00 - 03/10/2024 11:00:00","Belgium (BE)","457.30","453.00","434.58","383.76"
"03/10/2024 11:00:00 - 03/10/2024 12:00:00","Belgium (BE)","473.18","486.90","452.40","447.44"
"03/10/2024 12:00:00 - 03/10/2024 13:00:00","Belgium (BE)","559.80","608.58","569.85","538.75"
"03/10/2024 13:00:00 - 03/10/2024 14:00:00","Belgium (BE)","642.60","707.53","673.73","590.25"
"03/10/2024 14:00:00 - 03/10/2024 15:00:00","Belgium (BE)","642.55","684.03","609.93","580.05"
"03/10/2024 15:00:00 - 03/10/2024 16:00:00","Belgium (BE)","617.88","643.75","608.33","479.78"
"03/10/2024 16:00:00 - 03/10/2024 17:00:00","Belgium (BE)","568.35","597.40","595.48","436.01"
"03/10/2024 17:00:00 - 03/10/2024 18:00:00","Belgium (BE)","481.00","510.00","481.70","391.50"
"03/10/2024 18:00:00 - 03/10/2024 19:00:00","Belgium (BE)","403.60","422.20","378.10","319.02"
"03/10/2024 19:00:00 - 03/10/2024 20:00:00","Belgium (BE)","362.80","384.70","349.80","323.22"
"03/10/2024 20:00:00 - 03/10/2024 21:00:00","Belgium (BE)","358.70","400.05","373.10","354.38"
"03/10/2024 21:00:00 - 03/10/2024 22:00:00","Belgium (BE)","383.55","441.90","421.18","368.88"
"03/10/2024 22:00:00 - 03/10/2024 23:00:00","Belgium (BE)","421.15","484.13","484.73","459.31"
"03/10/2024 23:00:00 - 04/10/2024 00:00:00","Belgium (BE)","450.30","500.63","499.28","542.94"
"04/10/2024 00:00:00 - 04/10/2024 01:00:00","Belgium (BE)","489.03","478.23","478.23","516.14"
"04/10/2024 01:00:00 - 04/10/2024 02:00:00","Belgium (BE)","450.78","437.33","437.33","417.15"
"04/10/2024 02:00:00 - 04/10/2024 03:00:00","Belgium (BE)","407.53","378.53","378.53","355.93"
"04/10/2024 03:00:00 - 04/10/2024 04:00:00","Belgium (BE)","362.28","304.53","304.53","294.99"
"04/10/2024 04:00:00 - 04/10/2024 05:00:00","Belgium (BE)","323.58","272.73","272.73","245.58"
"04/10/2024 05:00:00 - 04/10/2024 06:00:00","Belgium (BE)","293.95","237.98","237.98","222.46"
"04/10/2024 06:00:00 - 04/10/2024 07:00:00","Belgium (BE)","279.65","217.90","217.90","217.97"
"04/10/2024 07:00:00 - 04/10/2024 08:00:00","Belgium (BE)","279.68","210.38","205.70","217.44"
"04/10/2024 08:00:00 - 04/10/2024 09:00:00","Belgium (BE)","272.45","204.23","201.08","184.83"
"04/10/2024 09:00:00 - 04/10/2024 10:00:00","Belgium (BE)","214.03","172.33","180.30","107.90"
"04/10/2024 10:00:00 - 04/10/2024 11:00:00","Belgium (BE)","106.15","104.65","111.38","35.81"
"04/10/2024 11:00:00 - 04/10/2024 12:00:00","Belgium (BE)","68.05","76.78","74.48","43.37"
"04/10/2024 12:00:00 - 04/10/2024 13:00:00","Belgium (BE)","100.80","107.58","88.88","97.08"
"04/10/2024 13:00:00 - 04/10/2024 14:00:00","Belgium (BE)","145.55","137.78","117.03","107.60"
"04/10/2024 14:00:00 - 04/10/2024 15:00:00","Belgium (BE)","154.88","128.50","104.05","80.57"
"04/10/2024 15:00:00 - 04/10/2024 16:00:00","Belgium (BE)","143.43","107.43","88.00","71.87"
"04/10/2024 16:00:00 - 04/10/2024 17:00:00","Belgium (BE)","135.10","101.55","82.15","65.84"
"04/10/2024 17:00:00 - 04/10/2024 18:00:00","Belgium (BE)","123.75","98.58","73.85","69.82"
"04/10/2024 18:00:00 - 04/10/2024 19:00:00","Belgium (BE)","117.55","108.70","85.70","73.58"
"04/10/2024 19:00:00 - 04/10/2024 20:00:00","Belgium (BE)","141.83","148.30","128.23","105.36"
"04/10/2024 20:00:00 - 04/10/2024 21:00:00","Belgium (BE)","193.23","211.00","185.95","155.43"
"04/10/2024 21:00:00 - 04/10/2024 22:00:00","Belgium (BE)","251.85","270.50","244.03","190.10"
"04/10/2024 22:00:00 - 04/10/2024 23:00:00","Belgium (BE)","302.45","313.88","301.08","249.98"
"04/10/2024 23:00:00 - 05/10/2024 00:00:00","Belgium (BE)","323.08","333.65","331.43","288.34"
"05/10/2024 00:00:00 - 05/10/2024 01:00:00","Belgium (BE)","324.40","301.23","301.23","263.40"
"05/10/2024 01:00:00 - 05/10/2024 02:00:00","Belgium (BE)","290.63","276.93","276.93","248.95"
"05/10/2024 02:00:00 - 05/10/2024 03:00:00","Belgium (BE)","248.23","240.73","240.73","203.67"
"05/10/2024 03:00:00 - 05/10/2024 04:00:00","Belgium (BE)","192.78","194.18","194.18","148.56"
"05/10/2024 04:00:00 - 05/10/2024 05:00:00","Belgium (BE)","143.00","146.70","146.70","100.89"
"05/10/2024 05:00:00 - 05/10/2024 06:00:00","Belgium (BE)","103.05","114.98","114.98","66.17"
"05/10/2024 06:00:00 - 05/10/2024 07:00:00","Belgium (BE)","92.13","93.00","93.00","59.96"
"05/10/2024 07:00:00 - 05/10/2024 08:00:00","Belgium (BE)","102.20","86.90","86.90","60.88"
"05/10/2024 08:00:00 - 05/10/2024 09:00:00","Belgium (BE)","113.80","90.38","77.10","65.80"
"05/10/2024 09:00:00 - 05/10/2024 10:00:00","Belgium (BE)","122.28","101.18","88.35","91.78"
"05/10/2024 10:00:00 - 05/10/2024 11:00:00","Belgium (BE)","98.18","83.78","68.43","53.88"
"05/10/2024 11:00:00 - 05/10/2024 12:00:00","Belgium (BE)","52.05","50.15","43.48","24.77"
"05/10/2024 12:00:00 - 05/10/2024 13:00:00","Belgium (BE)","46.35","49.68","35.23","35.22"
"05/10/2024 13:00:00 - 05/10/2024 14:00:00","Belgium (BE)","63.53","82.88","55.98","51.64"
"05/10/2024 14:00:00 - 05/10/2024 15:00:00","Belgium (BE)","73.20","107.78","69.03","59.00"
"05/10/2024 15:00:00 - 05/10/2024 16:00:00","Belgium (BE)","79.45","116.03","79.38","68.12"
"05/10/2024 16:00:00 - 05/10/2024 17:00:00","Belgium (BE)","90.03","117.50","86.65","71.68"
"05/10/2024 17:00:00 - 05/10/2024 18:00:00","Belgium (BE)","103.80","121.48","88.50","62.88"
"05/10/2024 18:00:00 - 05/10/2024 19:00:00","Belgium (BE)","149.28","172.28","133.40","105.53"
"05/10/2024 19:00:00 - 05/10/2024 20:00:00","Belgium (BE)","276.03","315.75","256.03","288.75"
"05/10/2024 20:00:00 - 05/10/2024 21:00:00","Belgium (BE)","464.50","504.83","457.50","569.06"
"05/10/2024 21:00:00 - 05/10/2024 22:00:00","Belgium (BE)","599.98","637.18","607.18","805.97"
"05/10/2024 22:00:00 - 05/10/2024 23:00:00","Belgium (BE)","656.10","694.85","648.10","874.41"
"05/10/2024 23:00:00 - 06/10/2024 00:00:00","Belgium (BE)","664.00","708.03","632.33","916.94"
"06/10/2024 00:00:00 - 06/10/2024 01:00:00","Belgium (BE)","629.10","736.63","736.63","834.39"
"06/10/2024 01:00:00 - 06/10/2024 02:00:00","Belgium (BE)","657.65","693.53","693.53","870.36"
"06/10/2024 02:00:00 - 06/10/2024 03:00:00","Belgium (BE)","696.05","750.70","750.70","933.13"
"06/10/2024 03:00:00 - 06/10/2024 04:00:00","Belgium (BE)","722.23","761.20","761.20","917.99"
"06/10/2024 04:00:00 - 06/10/2024 05:00:00","Belgium (BE)","752.68","772.25","772.25","1008.89"
"06/10/2024 05:00:00 - 06/10/2024 06:00:00","Belgium (BE)","783.95","849.78","849.78","1070.78"
"06/10/2024 06:00:00 - 06/10/2024 07:00:00","Belgium (BE)","801.65","931.53","931.53","1102.45"
"06/10/2024 07:00:00 - 06/10/2024 08:00:00","Belgium (BE)","803.73","935.30","978.05","1045.37"
"06/10/2024 08:00:00 - 06/10/2024 09:00:00","Belgium (BE)","789.55","918.40","964.70","902.60"
"06/10/2024 09:00:00 - 06/10/2024 10:00:00","Belgium (BE)","785.70","894.03","934.48","735.00"
"06/10/2024 10:00:00 - 06/10/2024 11:00:00","Belgium (BE)","683.60","770.58","827.40","534.99"
"06/10/2024 11:00:00 - 06/10/2024 12:00:00","Belgium (BE)","556.55","638.95","578.08","450.63"
"06/10/2024 12:00:00 - 06/10/2024 13:00:00","Belgium (BE)","550.70","619.48","546.60","496.67"
"06/10/2024 13:00:00 - 06/10/2024 14:00:00","Belgium (BE)","590.80","646.05","566.08","588.91"
"06/10/2024 14:00:00 - 06/10/2024 15:00:00","Belgium (BE)","615.10","667.70","603.65","732.44"
"06/10/2024 15:00:00 - 06/10/2024 16:00:00","Belgium (BE)","631.28","675.63","634.15","711.75"
"06/10/2024 16:00:00 - 06/10/2024 17:00:00","Belgium (BE)","645.33","673.55","692.50","811.47"
"06/10/2024 17:00:00 - 06/10/2024 18:00:00","Belgium (BE)","663.23","690.18","681.38","1033.41"
"06/10/2024 18:00:00 - 06/10/2024 19:00:00","Belgium (BE)","679.70","745.50","722.10","952.74"
"06/10/2024 19:00:00 - 06/10/2024 20:00:00","Belgium (BE)","690.18","790.13","892.60","900.68"
"06/10/2024 20:00:00 - 06/10/2024 21:00:00","Belgium (BE)","701.60","816.28","872.80","944.58"
"06/10/2024 21:00:00 - 06/10/2024 22:00:00","Belgium (BE)","722.40","825.35","893.68","914.27"
"06/10/2024 22:00:00 - 06/10/2024 23:00:00","Belgium (BE)","741.63","834.30","877.20","905.84"
"06/10/2024 23:00:00 - 07/10/2024 00:00:00","Belgium (BE)","750.70","890.80","904.25","916.65"
"07/10/2024 00:00:00 - 07/10/2024 01:00:00","Belgium (BE)","935.10","1189.25","1189.25","1066.85"
"07/10/2024 01:00:00 - 07/10/2024 02:00:00","Belgium (BE)","1015.55","1221.13","1221.13","1157.27"
"07/10/2024 02:00:00 - 07/10/2024 03:00:00","Belgium (BE)","1035.00","1197.15","1197.15","1100.18"
"07/10/2024 03:00:00 - 07/10/2024 04:00:00","Belgium (BE)","1030.18","1162.90","1162.90","1153.21"
"07/10/2024 04:00:00 - 07/10/2024 05:00:00","Belgium (BE)","1008.50","1156.28","1156.28","1157.68"
"07/10/2024 05:00:00 - 07/10/2024 06:00:00","Belgium (BE)","924.18","1050.25","1050.25","1049.63"
"07/10/2024 06:00:00 - 07/10/2024 07:00:00","Belgium (BE)","829.93","858.98","858.98","971.33"
"07/10/2024 07:00:00 - 07/10/2024 08:00:00","Belgium (BE)","751.13","730.10","720.15","758.84"
"07/10/2024 08:00:00 - 07/10/2024 09:00:00","Belgium (BE)","660.78","638.35","652.90","656.82"
"07/10/2024 09:00:00 - 07/10/2024 10:00:00","Belgium (BE)","583.10","552.90","550.30","473.98"
"07/10/2024 10:00:00 - 07/10/2024 11:00:00","Belgium (BE)","552.55","512.28","489.20","397.07"
"07/10/2024 11:00:00 - 07/10/2024 12:00:00","Belgium (BE)","486.28","483.63","420.20","440.13"
"07/10/2024 12:00:00 - 07/10/2024 13:00:00","Belgium (BE)","396.73","431.85","357.33","391.09"
"07/10/2024 13:00:00 - 07/10/2024 14:00:00","Belgium (BE)","335.63","396.55","330.23","385.30"
"07/10/2024 14:00:00 - 07/10/2024 15:00:00","Belgium (BE)","299.10","372.55","336.08","323.64"
"07/10/2024 15:00:00 - 07/10/2024 16:00:00","Belgium (BE)","275.95","339.28","316.35","183.50"
"07/10/2024 16:00:00 - 07/10/2024 17:00:00","Belgium (BE)","254.78","321.38","318.38","175.43"
"07/10/2024 17:00:00 - 07/10/2024 18:00:00","Belgium (BE)","247.33","306.28","252.10","251.35"
"07/10/2024 18:00:00 - 07/10/2024 19:00:00","Belgium (BE)","273.05","299.85","278.40","344.59"
"07/10/2024 19:00:00 - 07/10/2024 20:00:00","Belgium (BE)","324.85","343.23","334.05","514.00"
"07/10/2024 20:00:00 - 07/10/2024 21:00:00","Belgium (BE)","375.85","429.78","420.40","615.67"
"07/10/2024 21:00:00 - 07/10/2024 22:00:00","Belgium (BE)","426.13","562.28","578.73","712.72"
"07/10/2024 22:00:00 - 07/10/2024 23:00:00","Belgium (BE)","507.80","670.65","676.23","864.73"
"07/10/2024 23:00:00 - 08/10/2024 00:00:00","Belgium (BE)","588.73","754.90","721.30","774.51"
"08/10/2024 00:00:00 - 08/10/2024 01:00:00","Belgium (BE)","706.80","823.30","823.30","784.91"
"08/10/2024 01:00:00 - 08/10/2024 02:00:00","Belgium (BE)","792.40","834.00","834.00","931.16"
"08/10/2024 02:00:00 - 08/10/2024 03:00:00","Belgium (BE)","926.83","1006.30","1006.30","931.71"
"08/10/2024 03:00:00 - 08/10/2024 04:00:00","Belgium (BE)","1058.48","1079.70","1079.70","917.20"
"08/10/2024 04:00:00 - 08/10/2024 05:00:00","Belgium (BE)","1049.75","1040.88","1040.88","956.87"
"08/10/2024 05:00:00 - 08/10/2024 06:00:00","Belgium (BE)","886.68","897.18","897.18","1096.10"
"08/10/2024 06:00:00 - 08/10/2024 07:00:00","Belgium (BE)","739.65","893.35","893.35","1149.36"
"08/10/2024 07:00:00 - 08/10/2024 08:00:00","Belgium (BE)","680.55","873.15","923.95","1105.83"
"08/10/2024 08:00:00 - 08/10/2024 09:00:00","Belgium (BE)","608.68","852.95","883.35","1116.49"
"08/10/2024 09:00:00 - 08/10/2024 10:00:00","Belgium (BE)","571.98","818.28","914.70","772.72"
"08/10/2024 10:00:00 - 08/10/2024 11:00:00","Belgium (BE)","607.53","845.18","881.88","699.45"
"08/10/2024 11:00:00 - 08/10/2024 12:00:00","Belgium (BE)","682.08","954.93","778.93","820.12"
"08/10/2024 12:00:00 - 08/10/2024 13:00:00","Belgium (BE)","716.75","1002.55","835.48","968.57"
"08/10/2024 13:00:00 - 08/10/2024 14:00:00","Belgium (BE)","712.60","999.03","876.68","959.93"
"08/10/2024 14:00:00 - 08/10/2024 15:00:00","Belgium (BE)","708.90","968.23","968.08","1036.51"
"08/10/2024 15:00:00 - 08/10/2024 16:00:00","Belgium (BE)","671.30","906.63","903.65","873.31"
"08/10/2024 16:00:00 - 08/10/2024 17:00:00","Belgium (BE)","607.15","808.98","801.48","869.10"
"08/10/2024 17:00:00 - 08/10/2024 18:00:00","Belgium (BE)","551.85","725.05","679.13","746.59"
"08/10/2024 18:00:00 - 08/10/2024 19:00:00","Belgium (BE)","565.33","745.30","774.40","848.34"
"08/10/2024 19:00:00 - 08/10/2024 20:00:00","Belgium (BE)","666.40","864.08","888.23","894.59"
"08/10/2024 20:00:00 - 08/10/2024 21:00:00","Belgium (BE)","793.65","1000.90","1083.13","1035.39"
"08/10/2024 21:00:00 - 08/10/2024 22:00:00","Belgium (BE)","888.23","1109.83","1175.70","1119.96"
"08/10/2024 22:00:00 - 08/10/2024 23:00:00","Belgium (BE)","970.73","1184.03","1270.58","1310.59"
"08/10/2024 23:00:00 - 09/10/2024 00:00:00","Belgium (BE)","1034.70","1239.15","1325.15","1442.92"
"09/10/2024 00:00:00 - 09/10/2024 01:00:00","Belgium (BE)","1305.05","1343.13","1343.13","1498.94"
"09/10/2024 01:00:00 - 09/10/2024 02:00:00","Belgium (BE)","1292.30","1369.78","1369.78","1391.80"
"09/10/2024 02:00:00 - 09/10/2024 03:00:00","Belgium (BE)","1286.83","1383.10","1383.10","1327.10"
"09/10/2024 03:00:00 - 09/10/2024 04:00:00","Belgium (BE)","1279.40","1325.30","1325.30","1277.36"
"09/10/2024 04:00:00 - 09/10/2024 05:00:00","Belgium (BE)","1280.33","1286.70","1286.70","1278.12"
"09/10/2024 05:00:00 - 09/10/2024 06:00:00","Belgium (BE)","1268.13","1193.05","1193.05","1188.86"
"09/10/2024 06:00:00 - 09/10/2024 07:00:00","Belgium (BE)","1184.30","1152.15","1152.15","1139.98"
"09/10/2024 07:00:00 - 09/10/2024 08:00:00","Belgium (BE)","1076.95","1093.28","1093.28","1088.81"
"09/10/2024 08:00:00 - 09/10/2024 09:00:00","Belgium (BE)","990.08","1013.43","1007.23","1037.41"
"09/10/2024 09:00:00 - 09/10/2024 10:00:00","Belgium (BE)","923.83","929.15","936.53","948.67"
"09/10/2024 10:00:00 - 09/10/2024 11:00:00","Belgium (BE)","836.95","884.53","986.20","911.86"
"09/10/2024 11:00:00 - 09/10/2024 12:00:00","Belgium (BE)","697.98","762.88","884.43","741.49"
"09/10/2024 12:00:00 - 09/10/2024 13:00:00","Belgium (BE)","533.20","579.98","671.25","591.51"
"09/10/2024 13:00:00 - 09/10/2024 14:00:00","Belgium (BE)","387.28","427.63","423.35","460.96"
"09/10/2024 14:00:00 - 09/10/2024 15:00:00","Belgium (BE)","272.90","300.88","320.28","261.01"
"09/10/2024 15:00:00 - 09/10/2024 16:00:00","Belgium (BE)","186.38","198.18","225.28","203.45"
"09/10/2024 16:00:00 - 09/10/2024 17:00:00","Belgium (BE)","147.15","117.53","177.43","194.80"
"09/10/2024 17:00:00 - 09/10/2024 18:00:00","Belgium (BE)","145.05","77.13","173.73","250.63"
"09/10/2024 18:00:00 - 09/10/2024 19:00:00","Belgium (BE)","152.25","59.68","187.75","334.19"
"09/10/2024 19:00:00 - 09/10/2024 20:00:00","Belgium (BE)","153.35","54.20","278.93","400.87"
"09/10/2024 20:00:00 - 09/10/2024 21:00:00","Belgium (BE)","133.23","63.33","372.03","469.97"
"09/10/2024 21:00:00 - 09/10/2024 22:00:00","Belgium (BE)","119.35","76.73","488.63","514.19"
"09/10/2024 22:00:00 - 09/10/2024 23:00:00","Belgium (BE)","122.60","119.10","585.63","542.44"
"09/10/2024 23:00:00 - 10/10/2024 00:00:00","Belgium (BE)","157.48","203.23","689.43","560.21"
"10/10/2024 00:00:00 - 10/10/2024 01:00:00","Belgium (BE)","755.58","702.25","702.25","577.52"
"10/10/2024 01:00:00 - 10/10/2024 02:00:00","Belgium (BE)","830.98","735.30","735.30","589.89"
"10/10/2024 02:00:00 - 10/10/2024 03:00:00","Belgium (BE)","904.88","750.95","750.95","655.59"
"10/10/2024 03:00:00 - 10/10/2024 04:00:00","Belgium (BE)","1010.05","798.50","798.50","749.78"
"10/10/2024 04:00:00 - 10/10/2024 05:00:00","Belgium (BE)","1163.48","947.65","947.65","953.12"
"10/10/2024 05:00:00 - 10/10/2024 06:00:00","Belgium (BE)","1311.75","1038.53","1038.53","1171.54"
"10/10/2024 06:00:00 - 10/10/2024 07:00:00","Belgium (BE)","1397.13","1160.65","1160.65","1302.91"
"10/10/2024 07:00:00 - 10/10/2024 08:00:00","Belgium (BE)","1371.63","1157.63","1211.75","1236.36"
"10/10/2024 08:00:00 - 10/10/2024 09:00:00","Belgium (BE)","1254.93","1010.58","1037.20","1108.05"
"10/10/2024 09:00:00 - 10/10/2024 10:00:00","Belgium (BE)","1133.85","857.13","830.48","915.16"
"10/10/2024 10:00:00 - 10/10/2024 11:00:00","Belgium (BE)","1041.78","741.43","700.13","711.29"
"10/10/2024 11:00:00 - 10/10/2024 12:00:00","Belgium (BE)","932.68","674.03","607.10","687.85"
"10/10/2024 12:00:00 - 10/10/2024 13:00:00","Belgium (BE)","812.10","625.73","528.03","496.98"
"10/10/2024 13:00:00 - 10/10/2024 14:00:00","Belgium (BE)","731.25","575.78","479.28","446.16"
"10/10/2024 14:00:00 - 10/10/2024 15:00:00","Belgium (BE)","686.53","568.00","476.30","500.23"
"10/10/2024 15:00:00 - 10/10/2024 16:00:00","Belgium (BE)","650.40","559.23","490.23","433.04"
"10/10/2024 16:00:00 - 10/10/2024 17:00:00","Belgium (BE)","598.98","539.73","508.75","404.36"
"10/10/2024 17:00:00 - 10/10/2024 18:00:00","Belgium (BE)","518.28","492.68","459.70","307.68"
"10/10/2024 18:00:00 - 10/10/2024 19:00:00","Belgium (BE)","438.85","432.25","377.68","349.85"
"10/10/2024 19:00:00 - 10/10/2024 20:00:00","Belgium (BE)","368.90","384.95","308.83","413.61"
"10/10/2024 20:00:00 - 10/10/2024 21:00:00","Belgium (BE)","317.83","356.95","266.50","328.18"
"10/10/2024 21:00:00 - 10/10/2024 22:00:00","Belgium (BE)","277.15","317.35","250.38","210.07"
"10/10/2024 22:00:00 - 10/10/2024 23:00:00","Belgium (BE)","255.90","262.58","214.48","182.50"
"10/10/2024 23:00:00 - 11/10/2024 00:00:00","Belgium (BE)","240.40","216.35","193.03","189.15"
"11/10/2024 00:00:00 - 11/10/2024 01:00:00","Belgium (BE)","188.03","148.03","148.03","145.50"
"11/10/2024 01:00:00 - 11/10/2024 02:00:00","Belgium (BE)","178.98","150.18","150.18","114.17"
"11/10/2024 02:00:00 - 11/10/2024 03:00:00","Belgium (BE)","164.40","165.65","165.65","140.20"
"11/10/2024 03:00:00 - 11/10/2024 04:00:00","Belgium (BE)","150.28","151.80","151.80","143.53"
"11/10/2024 04:00:00 - 11/10/2024 05:00:00","Belgium (BE)","137.93","149.68","149.68","107.75"
"11/10/2024 05:00:00 - 11/10/2024 06:00:00","Belgium (BE)","119.08","125.38","125.38","89.97"
"11/10/2024 06:00:00 - 11/10/2024 07:00:00","Belgium (BE)","105.55","102.98","102.98","90.64"
"11/10/2024 07:00:00 - 11/10/2024 08:00:00","Belgium (BE)","104.58","95.80","95.80","84.63"
"11/10/2024 08:00:00 - 11/10/2024 09:00:00","Belgium (BE)","90.80","80.88","80.88","72.72"
"11/10/2024 09:00:00 - 11/10/2024 10:00:00","Belgium (BE)","72.88","63.00","76.18","50.11"
"11/10/2024 10:00:00 - 11/10/2024 11:00:00","Belgium (BE)","39.23","32.95","39.45","23.41"
"11/10/2024 11:00:00 - 11/10/2024 12:00:00","Belgium (BE)","13.25","13.20","23.75","21.26"
"11/10/2024 12:00:00 - 11/10/2024 13:00:00","Belgium (BE)","9.93","9.43","21.18","26.61"
"11/10/2024 13:00:00 - 11/10/2024 14:00:00","Belgium (BE)","10.60","10.35","21.83","23.48"
"11/10/2024 14:00:00 - 11/10/2024 15:00:00","Belgium (BE)","10.93","10.05","19.50","21.13"
"11/10/2024 15:00:00 - 11/10/2024 16:00:00","Belgium (BE)","8.20","9.23","15.63","13.49"
"11/10/2024 16:00:00 - 11/10/2024 17:00:00","Belgium (BE)","5.98","7.73","9.90","8.59"
"11/10/2024 17:00:00 - 11/10/2024 18:00:00","Belgium (BE)","3.38","4.65","8.08","3.21"
"11/10/2024 18:00:00 - 11/10/2024 19:00:00","Belgium (BE)","3.65","4.98","7.23","2.03"
"11/10/2024 19:00:00 - 11/10/2024 20:00:00","Belgium (BE)","7.53","6.88","8.18","4.08"
"11/10/2024 20:00:00 - 11/10/2024 21:00:00","Belgium (BE)","34.43","18.63","14.90","17.00"
"11/10/2024 21:00:00 - 11/10/2024 22:00:00","Belgium (BE)","74.95","57.30","51.20","46.70"
"11/10/2024 22:00:00 - 11/10/2024 23:00:00","Belgium (BE)","119.33","113.63","108.58","92.38"
"11/10/2024 23:00:00 - 12/10/2024 00:00:00","Belgium (BE)","166.95","157.80","172.68","165.29"
"12/10/2024 00:00:00 - 12/10/2024 01:00:00","Belgium (BE)","225.70","207.05","207.05","203.65"
"12/10/2024 01:00:00 - 12/10/2024 02:00:00","Belgium (BE)","247.03","231.13","231.13","261.27"
"12/10/2024 02:00:00 - 12/10/2024 03:00:00","Belgium (BE)","248.13","278.13","278.13","322.69"
"12/10/2024 03:00:00 - 12/10/2024 04:00:00","Belgium (BE)","251.80","333.25","333.25","398.74"
"12/10/2024 04:00:00 - 12/10/2024 05:00:00","Belgium (BE)","268.33","385.90","385.90","457.49"
"12/10/2024 05:00:00 - 12/10/2024 06:00:00","Belgium (BE)","294.95","453.00","453.00","538.40"
"12/10/2024 06:00:00 - 12/10/2024 07:00:00","Belgium (BE)","331.33","469.83","469.83","622.51"
"12/10/2024 07:00:00 - 12/10/2024 08:00:00","Belgium (BE)","385.75","507.85","507.85","616.78"
"12/10/2024 08:00:00 - 12/10/2024 09:00:00","Belgium (BE)","434.33","511.63","561.98","558.85"
"12/10/2024 09:00:00 - 12/10/2024 10:00:00","Belgium (BE)","434.95","517.30","549.10","521.69"
"12/10/2024 10:00:00 - 12/10/2024 11:00:00","Belgium (BE)","353.40","465.40","484.73","392.31"
"12/10/2024 11:00:00 - 12/10/2024 12:00:00","Belgium (BE)","243.80","364.25","358.70","278.36"
"12/10/2024 12:00:00 - 12/10/2024 13:00:00","Belgium (BE)","198.80","296.15","291.88","229.61"
"12/10/2024 13:00:00 - 12/10/2024 14:00:00","Belgium (BE)","207.85","252.33","261.18","192.07"
"12/10/2024 14:00:00 - 12/10/2024 15:00:00","Belgium (BE)","239.28","239.53","259.25","213.08"
"12/10/2024 15:00:00 - 12/10/2024 16:00:00","Belgium (BE)","286.00","265.30","252.48","265.23"
"12/10/2024 16:00:00 - 12/10/2024 17:00:00","Belgium (BE)","340.35","324.28","340.60","388.42"
"12/10/2024 17:00:00 - 12/10/2024 18:00:00","Belgium (BE)","399.00","396.55","431.35","587.93"
"12/10/2024 18:00:00 - 12/10/2024 19:00:00","Belgium (BE)","465.80","477.70","559.83","841.02"
"12/10/2024 19:00:00 - 12/10/2024 20:00:00","Belgium (BE)","582.05","611.15","728.88","907.46"
"12/10/2024 20:00:00 - 12/10/2024 21:00:00","Belgium (BE)","743.73","818.58","987.00","931.65"
"12/10/2024 21:00:00 - 12/10/2024 22:00:00","Belgium (BE)","935.18","1045.73","1205.75","1056.68"
"12/10/2024 22:00:00 - 12/10/2024 23:00:00","Belgium (BE)","1136.58","1245.15","1385.93","1312.99"
"12/10/2024 23:00:00 - 13/10/2024 00:00:00","Belgium (BE)","1297.65","1365.43","1523.08","1625.99"
"13/10/2024 00:00:00 - 13/10/2024 01:00:00","Belgium (BE)","1528.48","1553.23","1553.23","1514.56"
"13/10/2024 01:00:00 - 13/10/2024 02:00:00","Belgium (BE)","1491.40","1649.93","1649.93","1422.63"
"13/10/2024 02:00:00 - 13/10/2024 03:00:00","Belgium (BE)","1464.98","1529.88","1529.88","1556.43"
"13/10/2024 03:00:00 - 13/10/2024 04:00:00","Belgium (BE)","1479.85","1476.08","1476.08","1597.18"
"13/10/2024 04:00:00 - 13/10/2024 05:00:00","Belgium (BE)","1477.75","1414.08","1414.08","1535.36"
"13/10/2024 05:00:00 - 13/10/2024 06:00:00","Belgium (BE)","1442.00","1419.65","1419.65","1455.37"
"13/10/2024 06:00:00 - 13/10/2024 07:00:00","Belgium (BE)","1386.53","1345.68","1345.68","1315.44"
"13/10/2024 07:00:00 - 13/10/2024 08:00:00","Belgium (BE)","1288.78","1217.05","1220.68","1211.10"
"13/10/2024 08:00:00 - 13/10/2024 09:00:00","Belgium (BE)","1147.55","1067.40","1071.25","1090.45"
"13/10/2024 09:00:00 - 13/10/2024 10:00:00","Belgium (BE)","1006.83","928.85","935.93","913.15"
"13/10/2024 10:00:00 - 13/10/2024 11:00:00","Belgium (BE)","872.00","816.45","834.93","723.62"
"13/10/2024 11:00:00 - 13/10/2024 12:00:00","Belgium (BE)","790.48","746.95","840.83","668.22"
"13/10/2024 12:00:00 - 13/10/2024 13:00:00","Belgium (BE)","704.08","637.65","768.78","656.55"
"13/10/2024 13:00:00 - 13/10/2024 14:00:00","Belgium (BE)","564.38","486.30","544.43","575.25"
"13/10/2024 14:00:00 - 13/10/2024 15:00:00","Belgium (BE)","432.18","367.55","410.05","459.47"
"13/10/2024 15:00:00 - 13/10/2024 16:00:00","Belgium (BE)","316.80","268.98","294.48","333.31"
"13/10/2024 16:00:00 - 13/10/2024 17:00:00","Belgium (BE)","220.65","186.68","206.23","179.87"
"13/10/2024 17:00:00 - 13/10/2024 18:00:00","Belgium (BE)","147.30","123.60","151.38","60.58"
"13/10/2024 18:00:00 - 13/10/2024 19:00:00","Belgium (BE)","102.63","76.48","69.18","27.69"
"13/10/2024 19:00:00 - 13/10/2024 20:00:00","Belgium (BE)","83.45","56.38","64.98","39.52"
"13/10/2024 20:00:00 - 13/10/2024 21:00:00","Belgium (BE)","75.60","52.55","77.73","68.09"
"13/10/2024 21:00:00 - 13/10/2024 22:00:00","Belgium (BE)","61.08","54.38","67.08","37.95"
"13/10/2024 22:00:00 - 13/10/2024 23:00:00","Belgium (BE)","54.63","44.18","37.83","9.32"
"13/10/2024 23:00:00 - 14/10/2024 00:00:00","Belgium (BE)","77.10","45.48","17.88","9.77"
"14/10/2024 00:00:00 - 14/10/2024 01:00:00","Belgium (BE)","31.33","42.70","42.70","31.47"
"14/10/2024 01:00:00 - 14/10/2024 02:00:00","Belgium (BE)","63.95","68.70","68.70","112.81"
"14/10/2024 02:00:00 - 14/10/2024 03:00:00","Belgium (BE)","145.85","128.23","128.23","222.57"
"14/10/2024 03:00:00 - 14/10/2024 04:00:00","Belgium (BE)","285.03","259.55","259.55","304.09"
"14/10/2024 04:00:00 - 14/10/2024 05:00:00","Belgium (BE)","402.30","357.10","357.10","329.30"
"14/10/2024 05:00:00 - 14/10/2024 06:00:00","Belgium (BE)","434.50","448.53","448.53","348.27"
"14/10/2024 06:00:00 - 14/10/2024 07:00:00","Belgium (BE)","391.48","394.15","394.15","411.41"
"14/10/2024 07:00:00 - 14/10/2024 08:00:00","Belgium (BE)","335.03","341.28","341.28","442.14"
"14/10/2024 08:00:00 - 14/10/2024 09:00:00","Belgium (BE)","299.30","353.70","366.38","331.71"
"14/10/2024 09:00:00 - 14/10/2024 10:00:00","Belgium (BE)","292.38","405.30","391.13","231.19"
"14/10/2024 10:00:00 - 14/10/2024 11:00:00","Belgium (BE)","288.70","424.73","268.93","162.57"
"14/10/2024 11:00:00 - 14/10/2024 12:00:00","Belgium (BE)","245.00","389.00","205.95","122.28"
"14/10/2024 12:00:00 - 14/10/2024 13:00:00","Belgium (BE)","197.03","331.08","190.63","198.19"
"14/10/2024 13:00:00 - 14/10/2024 14:00:00","Belgium (BE)","180.73","304.75","213.83","283.40"
"14/10/2024 14:00:00 - 14/10/2024 15:00:00","Belgium (BE)","169.58","332.15","284.90","368.23"
"14/10/2024 15:00:00 - 14/10/2024 16:00:00","Belgium (BE)","154.93","356.88","336.80","262.97"
"14/10/2024 16:00:00 - 14/10/2024 17:00:00","Belgium (BE)","141.28","350.50","308.78","124.69"
"14/10/2024 17:00:00 - 14/10/2024 18:00:00","Belgium (BE)","127.88","288.30","220.78","50.53"
"14/10/2024 18:00:00 - 14/10/2024 19:00:00","Belgium (BE)","134.33","245.98","182.28","69.85"
"14/10/2024 19:00:00 - 14/10/2024 20:00:00","Belgium (BE)","162.25","246.08","146.43","129.35"
"14/10/2024 20:00:00 - 14/10/2024 21:00:00","Belgium (BE)","185.75","258.80","174.13","191.49"
"14/10/2024 21:00:00 - 14/10/2024 22:00:00","Belgium (BE)","207.13","257.80","205.33","195.86"
"14/10/2024 22:00:00 - 14/10/2024 23:00:00","Belgium (BE)","237.70","244.63","236.15","173.73"
"14/10/2024 23:00:00 - 15/10/2024 00:00:00","Belgium (BE)","265.50","231.40","284.85","223.26"
"15/10/2024 00:00:00 - 15/10/2024 01:00:00","Belgium (BE)","344.55","316.75","316.75","310.26"
"15/10/2024 01:00:00 - 15/10/2024 02:00:00","Belgium (BE)","368.88","353.88","353.88","349.16"
"15/10/2024 02:00:00 - 15/10/2024 03:00:00","Belgium (BE)","361.08","345.75","345.75","347.99"
"15/10/2024 03:00:00 - 15/10/2024 04:00:00","Belgium (BE)","349.38","337.23","337.23","354.88"
"15/10/2024 04:00:00 - 15/10/2024 05:00:00","Belgium (BE)","368.98","360.75","360.75","350.38"
"15/10/2024 05:00:00 - 15/10/2024 06:00:00","Belgium (BE)","424.33","411.95","411.95","325.81"
"15/10/2024 06:00:00 - 15/10/2024 07:00:00","Belgium (BE)","476.23","465.85","465.85","333.04"
"15/10/2024 07:00:00 - 15/10/2024 08:00:00","Belgium (BE)","482.05","475.48","471.03","271.76"
"15/10/2024 08:00:00 - 15/10/2024 09:00:00","Belgium (BE)","452.13","448.18","433.35","204.37"
"15/10/2024 09:00:00 - 15/10/2024 10:00:00","Belgium (BE)","407.38","405.33","334.08","176.26"
"15/10/2024 10:00:00 - 15/10/2024 11:00:00","Belgium (BE)","349.13","348.98","292.13","151.20"
"15/10/2024 11:00:00 - 15/10/2024 12:00:00","Belgium (BE)","278.75","278.98","244.35","123.82"
"15/10/2024 12:00:00 - 15/10/2024 13:00:00","Belgium (BE)","234.25","234.55","229.08","143.05"
"15/10/2024 13:00:00 - 15/10/2024 14:00:00","Belgium (BE)","243.33","244.38","232.20","194.82"
"15/10/2024 14:00:00 - 15/10/2024 15:00:00","Belgium (BE)","287.08","288.30","274.95","208.83"
"15/10/2024 15:00:00 - 15/10/2024 16:00:00","Belgium (BE)","343.73","345.15","338.30","268.22"
"15/10/2024 16:00:00 - 15/10/2024 17:00:00","Belgium (BE)","396.13","397.45","406.53","341.60"
"15/10/2024 17:00:00 - 15/10/2024 18:00:00","Belgium (BE)","477.70","478.78","505.73","480.85"
"15/10/2024 18:00:00 - 15/10/2024 19:00:00","Belgium (BE)","656.50","657.50","665.25","730.13"
"15/10/2024 19:00:00 - 15/10/2024 20:00:00","Belgium (BE)","847.95","848.95","820.70","798.22"
"15/10/2024 20:00:00 - 15/10/2024 21:00:00","Belgium (BE)","949.25","949.78","923.50","827.69"
"15/10/2024 21:00:00 - 15/10/2024 22:00:00","Belgium (BE)","1004.75","1004.43","912.80","899.27"
"15/10/2024 22:00:00 - 15/10/2024 23:00:00","Belgium (BE)","1032.30","1032.25","933.60","878.29"
"15/10/2024 23:00:00 - 16/10/2024 00:00:00","Belgium (BE)","1005.70","1007.63","954.40","924.24"
"16/10/2024 00:00:00 - 16/10/2024 01:00:00","Belgium (BE)","970.88","889.68","889.68","930.50"
"16/10/2024 01:00:00 - 16/10/2024 02:00:00","Belgium (BE)","966.90","898.95","898.95","976.66"
"16/10/2024 02:00:00 - 16/10/2024 03:00:00","Belgium (BE)","987.98","959.60","959.60","1037.11"
"16/10/2024 03:00:00 - 16/10/2024 04:00:00","Belgium (BE)","1033.55","1008.70","1008.70","1068.22"
"16/10/2024 04:00:00 - 16/10/2024 05:00:00","Belgium (BE)","1080.63","1076.63","1076.63","1135.05"
"16/10/2024 05:00:00 - 16/10/2024 06:00:00","Belgium (BE)","1147.95","1093.50","1093.50","1189.45"
"16/10/2024 06:00:00 - 16/10/2024 07:00:00","Belgium (BE)","1214.78","1114.45","1114.45","1293.49"
"16/10/2024 07:00:00 - 16/10/2024 08:00:00","Belgium (BE)","1251.23","1134.88","1134.88","1363.05"
"16/10/2024 08:00:00 - 16/10/2024 09:00:00","Belgium (BE)","1245.68","1181.20","1219.65","1381.40"
"16/10/2024 09:00:00 - 16/10/2024 10:00:00","Belgium (BE)","1211.70","1198.35","1239.95","1148.70"
"16/10/2024 10:00:00 - 16/10/2024 11:00:00","Belgium (BE)","1235.08","1213.93","1273.63","1060.70"
"16/10/2024 11:00:00 - 16/10/2024 12:00:00","Belgium (BE)","1185.28","1151.00","1132.58","1011.22"
"16/10/2024 12:00:00 - 16/10/2024 13:00:00","Belgium (BE)","1057.03","1055.80","1007.48","958.03"
"16/10/2024 13:00:00 - 16/10/2024 14:00:00","Belgium (BE)","1030.58","1039.10","1013.10","951.22"
"16/10/2024 14:00:00 - 16/10/2024 15:00:00","Belgium (BE)","1037.48","1028.95","961.28","827.82"
"16/10/2024 15:00:00 - 16/10/2024 16:00:00","Belgium (BE)","979.75","996.45","972.43","961.60"
"16/10/2024 16:00:00 - 16/10/2024 17:00:00","Belgium (BE)","953.03","984.25","972.13","1011.91"
"16/10/2024 17:00:00 - 16/10/2024 18:00:00","Belgium (BE)","958.43","980.38","1036.20","960.74"
"16/10/2024 18:00:00 - 16/10/2024 19:00:00","Belgium (BE)","968.08","1001.03","1048.95","1085.83"
"16/10/2024 19:00:00 - 16/10/2024 20:00:00","Belgium (BE)","1015.50","1072.65","1075.65","1317.91"
"16/10/2024 20:00:00 - 16/10/2024 21:00:00","Belgium (BE)","1044.75","1137.70","1156.03","1378.00"
"16/10/2024 21:00:00 - 16/10/2024 22:00:00","Belgium (BE)","1080.30","1172.75","1273.90","1408.14"
"16/10/2024 22:00:00 - 16/10/2024 23:00:00","Belgium (BE)","1134.13","1198.80","1275.85","1519.18"
"16/10/2024 23:00:00 - 17/10/2024 00:00:00","Belgium (BE)","1186.20","1213.03","1253.98","1444.65"
"17/10/2024 00:00:00 - 17/10/2024 01:00:00","Belgium (BE)","1190.70","1303.00","1303.00","1351.61"
"17/10/2024 01:00:00 - 17/10/2024 02:00:00","Belgium (BE)","1182.00","1219.28","1219.28","1295.16"
"17/10/2024 02:00:00 - 17/10/2024 03:00:00","Belgium (BE)","1153.53","1195.33","1195.33","1234.57"
"17/10/2024 03:00:00 - 17/10/2024 04:00:00","Belgium (BE)","1112.08","1150.48","1150.48","1212.83"
"17/10/2024 04:00:00 - 17/10/2024 05:00:00","Belgium (BE)","1075.65","1100.28","1100.28","1236.67"
"17/10/2024 05:00:00 - 17/10/2024 06:00:00","Belgium (BE)","1027.60","1051.70","1051.70","1210.09"
"17/10/2024 06:00:00 - 17/10/2024 07:00:00","Belgium (BE)","947.93","1004.45","1004.45","1177.89"
"17/10/2024 07:00:00 - 17/10/2024 08:00:00","Belgium (BE)","837.65","936.80","938.20","1131.59"
"17/10/2024 08:00:00 - 17/10/2024 09:00:00","Belgium (BE)","680.50","807.25","874.78","807.42"
"17/10/2024 09:00:00 - 17/10/2024 10:00:00","Belgium (BE)","528.58","671.25","784.98","733.43"
"17/10/2024 10:00:00 - 17/10/2024 11:00:00","Belgium (BE)","418.75","553.00","635.10","538.25"
"17/10/2024 11:00:00 - 17/10/2024 12:00:00","Belgium (BE)","327.45","432.93","538.50","361.75"
"17/10/2024 12:00:00 - 17/10/2024 13:00:00","Belgium (BE)","242.20","302.88","389.83","285.91"
"17/10/2024 13:00:00 - 17/10/2024 14:00:00","Belgium (BE)","166.98","198.63","261.95","219.12"
"17/10/2024 14:00:00 - 17/10/2024 15:00:00","Belgium (BE)","94.50","122.70","192.55","130.42"
"17/10/2024 15:00:00 - 17/10/2024 16:00:00","Belgium (BE)","36.43","68.25","123.45","68.20"
"17/10/2024 16:00:00 - 17/10/2024 17:00:00","Belgium (BE)","20.45","39.58","68.55","48.12"
"17/10/2024 17:00:00 - 17/10/2024 18:00:00","Belgium (BE)","20.15","34.45","29.03","36.57"
"17/10/2024 18:00:00 - 17/10/2024 19:00:00","Belgium (BE)","30.90","49.83","27.90","23.59"
"17/10/2024 19:00:00 - 17/10/2024 20:00:00","Belgium (BE)","73.40","85.30","51.05","29.51"
"17/10/2024 20:00:00 - 17/10/2024 21:00:00","Belgium (BE)","113.78","116.03","85.38","46.43"
"17/10/2024 21:00:00 - 17/10/2024 22:00:00","Belgium (BE)","133.50","129.45","123.10","73.34"
"17/10/2024 22:00:00 - 17/10/2024 23:00:00","Belgium (BE)","136.80","137.85","140.80","79.26"
"17/10/2024 23:00:00 - 18/10/2024 00:00:00","Belgium (BE)","130.95","137.03","139.60","116.11"
"18/10/2024 00:00:00 - 18/10/2024 01:00:00","Belgium (BE)","146.75","79.53","79.53","109.81"
"18/10/2024 01:00:00 - 18/10/2024 02:00:00","Belgium (BE)","144.48","96.05","96.05","96.14"
"18/10/2024 02:00:00 - 18/10/2024 03:00:00","Belgium (BE)","153.83","108.68","108.68","99.19"
"18/10/2024 03:00:00 - 18/10/2024 04:00:00","Belgium (BE)","179.65","116.50","116.50","140.55"
"18/10/2024 04:00:00 - 18/10/2024 05:00:00","Belgium (BE)","208.18","120.33","120.33","181.97"
"18/10/2024 05:00:00 - 18/10/2024 06:00:00","Belgium (BE)","212.28","122.65","122.65","105.97"
"18/10/2024 06:00:00 - 18/10/2024 07:00:00","Belgium (BE)","195.90","113.10","113.10","65.30"
"18/10/2024 07:00:00 - 18/10/2024 08:00:00","Belgium (BE)","179.88","91.00","91.00","51.62"
"18/10/2024 08:00:00 - 18/10/2024 09:00:00","Belgium (BE)","171.85","95.05","95.05","121.46"
"18/10/2024 09:00:00 - 18/10/2024 10:00:00","Belgium (BE)","150.40","92.13","105.73","97.36"
"18/10/2024 10:00:00 - 18/10/2024 11:00:00","Belgium (BE)","100.73","66.68","63.38","55.71"
"18/10/2024 11:00:00 - 18/10/2024 12:00:00","Belgium (BE)","57.28","35.85","31.03","38.03"
"18/10/2024 12:00:00 - 18/10/2024 13:00:00","Belgium (BE)","29.78","18.00","8.73","17.42"
"18/10/2024 13:00:00 - 18/10/2024 14:00:00","Belgium (BE)","21.65","7.73","9.68","3.24"
"18/10/2024 14:00:00 - 18/10/2024 15:00:00","Belgium (BE)","22.18","15.40","14.65","9.64"
"18/10/2024 15:00:00 - 18/10/2024 16:00:00","Belgium (BE)","32.85","34.43","27.53","13.53"
"18/10/2024 16:00:00 - 18/10/2024 17:00:00","Belgium (BE)","58.83","57.35","55.33","22.40"
"18/10/2024 17:00:00 - 18/10/2024 18:00:00","Belgium (BE)","94.53","89.08","70.48","26.48"
"18/10/2024 18:00:00 - 18/10/2024 19:00:00","Belgium (BE)","123.20","90.45","54.90","12.84"
"18/10/2024 19:00:00 - 18/10/2024 20:00:00","Belgium (BE)","122.83","76.88","28.90","9.36"
"18/10/2024 20:00:00 - 18/10/2024 21:00:00","Belgium (BE)","108.95","64.63","21.73","9.94"
"18/10/2024 21:00:00 - 18/10/2024 22:00:00","Belgium (BE)","95.63","62.85","27.35","9.69"
"18/10/2024 22:00:00 - 18/10/2024 23:00:00","Belgium (BE)","105.00","62.13","36.63","16.11"
"18/10/2024 23:00:00 - 19/10/2024 00:00:00","Belgium (BE)","126.43","77.65","54.40","49.05"
"19/10/2024 00:00:00 - 19/10/2024 01:00:00","Belgium (BE)","69.05","66.35","66.35","83.26"
"19/10/2024 01:00:00 - 19/10/2024 02:00:00","Belgium (BE)","73.85","81.23","81.23","93.01"
"19/10/2024 02:00:00 - 19/10/2024 03:00:00","Belgium (BE)","93.85","119.83","119.83","135.00"
"19/10/2024 03:00:00 - 19/10/2024 04:00:00","Belgium (BE)","131.85","153.40","153.40","185.49"
"19/10/2024 04:00:00 - 19/10/2024 05:00:00","Belgium (BE)","145.08","171.03","171.03","209.45"
"19/10/2024 05:00:00 - 19/10/2024 06:00:00","Belgium (BE)","155.45","192.90","192.90","197.35"
"19/10/2024 06:00:00 - 19/10/2024 07:00:00","Belgium (BE)","174.30","238.23","238.23","217.88"
"19/10/2024 07:00:00 - 19/10/2024 08:00:00","Belgium (BE)","214.30","299.03","299.03","315.19"
"19/10/2024 08:00:00 - 19/10/2024 09:00:00","Belgium (BE)","273.83","377.23","372.50","434.81"
"19/10/2024 09:00:00 - 19/10/2024 10:00:00","Belgium (BE)","356.00","469.25","490.63","446.96"
"19/10/2024 10:00:00 - 19/10/2024 11:00:00","Belgium (BE)","437.65","557.58","515.50","570.76"
"19/10/2024 11:00:00 - 19/10/2024 12:00:00","Belgium (BE)","521.13","687.68","630.50","800.91"
"19/10/2024 12:00:00 - 19/10/2024 13:00:00","Belgium (BE)","605.83","827.78","809.43","970.66"
"19/10/2024 13:00:00 - 19/10/2024 14:00:00","Belgium (BE)","642.90","914.25","964.65","932.92"
"19/10/2024 14:00:00 - 19/10/2024 15:00:00","Belgium (BE)","649.65","938.93","930.53","861.48"
"19/10/2024 15:00:00 - 19/10/2024 16:00:00","Belgium (BE)","644.18","884.80","835.23","807.11"
"19/10/2024 16:00:00 - 19/10/2024 17:00:00","Belgium (BE)","646.90","790.60","749.05","767.14"
"19/10/2024 17:00:00 - 19/10/2024 18:00:00","Belgium (BE)","669.00","687.28","688.98","718.62"
"19/10/2024 18:00:00 - 19/10/2024 19:00:00","Belgium (BE)","710.03","614.45","668.78","758.31"
"19/10/2024 19:00:00 - 19/10/2024 20:00:00","Belgium (BE)","776.08","596.98","699.98","838.56"
"19/10/2024 20:00:00 - 19/10/2024 21:00:00","Belgium (BE)","832.98","598.45","720.53","838.15"
"19/10/2024 21:00:00 - 19/10/2024 22:00:00","Belgium (BE)","838.38","574.25","686.63","767.17"
"19/10/2024 22:00:00 - 19/10/2024 23:00:00","Belgium (BE)","772.60","520.65","606.95","670.94"
"19/10/2024 23:00:00 - 20/10/2024 00:00:00","Belgium (BE)","659.83","448.98","518.53","645.92"
"20/10/2024 00:00:00 - 20/10/2024 01:00:00","Belgium (BE)","444.25","525.60","525.60","633.94"
"20/10/2024 01:00:00 - 20/10/2024 02:00:00","Belgium (BE)","395.40","491.25","491.25","585.93"
"20/10/2024 02:00:00 - 20/10/2024 03:00:00","Belgium (BE)","374.85","494.53","494.53","515.45"
"20/10/2024 03:00:00 - 20/10/2024 04:00:00","Belgium (BE)","375.35","455.80","455.80","462.18"
"20/10/2024 04:00:00 - 20/10/2024 05:00:00","Belgium (BE)","376.48","442.63","442.63","443.00"
"20/10/2024 05:00:00 - 20/10/2024 06:00:00","Belgium (BE)","418.43","448.73","448.73","464.13"
"20/10/2024 06:00:00 - 20/10/2024 07:00:00","Belgium (BE)","508.43","470.90","470.90","477.64"
"20/10/2024 07:00:00 - 20/10/2024 08:00:00","Belgium (BE)","612.68","520.98","520.95","510.92"
"20/10/2024 08:00:00 - 20/10/2024 09:00:00","Belgium (BE)","726.58","605.93","606.03","569.49"
"20/10/2024 09:00:00 - 20/10/2024 10:00:00","Belgium (BE)","861.18","726.55","712.65","747.57"
"20/10/2024 10:00:00 - 20/10/2024 11:00:00","Belgium (BE)","1014.43","938.78","973.53","1015.77"
"20/10/2024 11:00:00 - 20/10/2024 12:00:00","Belgium (BE)","1215.88","1174.23","1305.78","1366.71"
"20/10/2024 12:00:00 - 20/10/2024 13:00:00","Belgium (BE)","1419.98","1358.10","1556.90","1540.84"
"20/10/2024 13:00:00 - 20/10/2024 14:00:00","Belgium (BE)","1541.58","1504.33","1704.05","1663.55"
"20/10/2024 14:00:00 - 20/10/2024 15:00:00","Belgium (BE)","1627.90","1610.93","1757.90","1933.78"
"20/10/2024 15:00:00 - 20/10/2024 16:00:00","Belgium (BE)","1666.08","1684.55","1773.90","1997.44"
"20/10/2024 16:00:00 - 20/10/2024 17:00:00","Belgium (BE)","1712.90","1740.20","1789.78","2056.34"
"20/10/2024 17:00:00 - 20/10/2024 18:00:00","Belgium (BE)","1788.10","1808.38","1841.43","2104.81"
"20/10/2024 18:00:00 - 20/10/2024 19:00:00","Belgium (BE)","1825.35","1855.23","1855.20","2138.83"
"20/10/2024 19:00:00 - 20/10/2024 20:00:00","Belgium (BE)","1813.20","1863.68","1837.48","2077.19"
"20/10/2024 20:00:00 - 20/10/2024 21:00:00","Belgium (BE)","1752.43","1829.43","1795.20","2064.61"
"20/10/2024 21:00:00 - 20/10/2024 22:00:00","Belgium (BE)","1664.68","1753.35","1721.18","2018.75"
"20/10/2024 22:00:00 - 20/10/2024 23:00:00","Belgium (BE)","1555.05","1637.45","1586.10","1910.75"
"20/10/2024 23:00:00 - 21/10/2024 00:00:00","Belgium (BE)","1401.05","1480.08","1425.85","1690.34"
"21/10/2024 00:00:00 - 21/10/2024 01:00:00","Belgium (BE)","1237.70","1479.53","1479.53","1371.61"
"21/10/2024 01:00:00 - 21/10/2024 02:00:00","Belgium (BE)","1068.58","1292.73","1292.73","1160.46"
"21/10/2024 02:00:00 - 21/10/2024 03:00:00","Belgium (BE)","918.05","1194.43","1194.43","1044.29"
"21/10/2024 03:00:00 - 21/10/2024 04:00:00","Belgium (BE)","785.88","979.70","979.70","854.30"
"21/10/2024 04:00:00 - 21/10/2024 05:00:00","Belgium (BE)","641.55","761.63","761.63","672.97"
"21/10/2024 05:00:00 - 21/10/2024 06:00:00","Belgium (BE)","521.33","605.48","605.48","556.61"
"21/10/2024 06:00:00 - 21/10/2024 07:00:00","Belgium (BE)","475.18","499.35","499.35","485.67"
"21/10/2024 07:00:00 - 21/10/2024 08:00:00","Belgium (BE)","442.73","423.58","423.58","441.77"
"21/10/2024 08:00:00 - 21/10/2024 09:00:00","Belgium (BE)","393.48","358.05","370.13","395.70"
"21/10/2024 09:00:00 - 21/10/2024 10:00:00","Belgium (BE)","355.78","303.60","311.35","304.44"
"21/10/2024 10:00:00 - 21/10/2024 11:00:00","Belgium (BE)","305.75","238.73","251.13","251.54"
"21/10/2024 11:00:00 - 21/10/2024 12:00:00","Belgium (BE)","239.43","178.95","184.10","183.44"
"21/10/2024 12:00:00 - 21/10/2024 13:00:00","Belgium (BE)","163.15","128.15","124.93","112.47"
"21/10/2024 13:00:00 - 21/10/2024 14:00:00","Belgium (BE)","109.65","77.55","66.90","66.07"
"21/10/2024 14:00:00 - 21/10/2024 15:00:00","Belgium (BE)","75.43","49.10","40.18","41.58"
"21/10/2024 15:00:00 - 21/10/2024 16:00:00","Belgium (BE)","63.95","37.88","31.88","43.11"
"21/10/2024 16:00:00 - 21/10/2024 17:00:00","Belgium (BE)","86.48","51.20","44.45","106.84"
"21/10/2024 17:00:00 - 21/10/2024 18:00:00","Belgium (BE)","131.43","83.85","69.05","152.08"
"21/10/2024 18:00:00 - 21/10/2024 19:00:00","Belgium (BE)","168.13","137.78","140.80","157.37"
"21/10/2024 19:00:00 - 21/10/2024 20:00:00","Belgium (BE)","206.93","203.03","213.50","199.89"
"21/10/2024 20:00:00 - 21/10/2024 21:00:00","Belgium (BE)","272.23","281.75","257.78","259.30"
"21/10/2024 21:00:00 - 21/10/2024 22:00:00","Belgium (BE)","347.40","383.85","306.70","291.26"
"21/10/2024 22:00:00 - 21/10/2024 23:00:00","Belgium (BE)","357.83","448.25","364.80","475.40"
"21/10/2024 23:00:00 - 22/10/2024 00:00:00","Belgium (BE)","354.28","474.10","431.00","723.15"
"22/10/2024 00:00:00 - 22/10/2024 01:00:00","Belgium (BE)","426.70","642.20","642.20","902.12"
"22/10/2024 01:00:00 - 22/10/2024 02:00:00","Belgium (BE)","399.15","635.33","635.33","732.11"
"22/10/2024 02:00:00 - 22/10/2024 03:00:00","Belgium (BE)","314.28","558.80","558.80","392.67"
"22/10/2024 03:00:00 - 22/10/2024 04:00:00","Belgium (BE)","238.80","383.73","383.73","264.76"
"22/10/2024 04:00:00 - 22/10/2024 05:00:00","Belgium (BE)","203.35","255.63","255.63","179.41"
"22/10/2024 05:00:00 - 22/10/2024 06:00:00","Belgium (BE)","194.65","255.45","255.45","187.54"
"22/10/2024 06:00:00 - 22/10/2024 07:00:00","Belgium (BE)","206.30","254.55","254.55","234.80"
"22/10/2024 07:00:00 - 22/10/2024 08:00:00","Belgium (BE)","237.48","283.30","264.20","265.27"
"22/10/2024 08:00:00 - 22/10/2024 09:00:00","Belgium (BE)","269.08","302.53","291.58","325.70"
"22/10/2024 09:00:00 - 22/10/2024 10:00:00","Belgium (BE)","280.98","310.35","325.35","343.40"
"22/10/2024 10:00:00 - 22/10/2024 11:00:00","Belgium (BE)","261.15","285.83","316.38","255.56"
"22/10/2024 11:00:00 - 22/10/2024 12:00:00","Belgium (BE)","207.23","249.53","264.35","185.82"
"22/10/2024 12:00:00 - 22/10/2024 13:00:00","Belgium (BE)","200.98","273.60","289.73","202.45"
"22/10/2024 13:00:00 - 22/10/2024 14:00:00","Belgium (BE)","230.83","311.75","340.70","257.19"
"22/10/2024 14:00:00 - 22/10/2024 15:00:00","Belgium (BE)","235.85","305.80","355.15","254.84"
"22/10/2024 15:00:00 - 22/10/2024 16:00:00","Belgium (BE)","220.53","285.53","291.38","251.19"
"22/10/2024 16:00:00 - 22/10/2024 17:00:00","Belgium (BE)","185.20","233.25","231.30","181.74"
"22/10/2024 17:00:00 - 22/10/2024 18:00:00","Belgium (BE)","138.28","174.85","169.90","133.45"
"22/10/2024 18:00:00 - 22/10/2024 19:00:00","Belgium (BE)","112.95","151.75","164.03","157.09"
"22/10/2024 19:00:00 - 22/10/2024 20:00:00","Belgium (BE)","121.95","173.40","183.25","205.14"
"22/10/2024 20:00:00 - 22/10/2024 21:00:00","Belgium (BE)","146.93","224.43","238.48","270.78"
"22/10/2024 21:00:00 - 22/10/2024 22:00:00","Belgium (BE)","185.35","260.40","278.23","316.78"
"22/10/2024 22:00:00 - 22/10/2024 23:00:00","Belgium (BE)","222.90","264.40","299.55","319.78"
"22/10/2024 23:00:00 - 23/10/2024 00:00:00","Belgium (BE)","248.55","255.70","284.75","300.76"
"23/10/2024 00:00:00 - 23/10/2024 01:00:00","Belgium (BE)","259.70","242.35","242.35","236.64"
"23/10/2024 01:00:00 - 23/10/2024 02:00:00","Belgium (BE)","225.48","221.95","221.95","223.07"
"23/10/2024 02:00:00 - 23/10/2024 03:00:00","Belgium (BE)","206.93","213.30","213.30","215.92"
"23/10/2024 03:00:00 - 23/10/2024 04:00:00","Belgium (BE)","203.55","209.60","209.60","201.99"
"23/10/2024 04:00:00 - 23/10/2024 05:00:00","Belgium (BE)","210.18","207.95","207.95","187.13"
"23/10/2024 05:00:00 - 23/10/2024 06:00:00","Belgium (BE)","207.63","197.45","197.45","162.47"
"23/10/2024 06:00:00 - 23/10/2024 07:00:00","Belgium (BE)","186.50","183.25","183.25","159.91"
"23/10/2024 07:00:00 - 23/10/2024 08:00:00","Belgium (BE)","162.93","174.08","170.95","131.71"
"23/10/2024 08:00:00 - 23/10/2024 09:00:00","Belgium (BE)","139.63","166.13","163.50","120.66"
"23/10/2024 09:00:00 - 23/10/2024 10:00:00","Belgium (BE)","128.75","162.80","149.20","108.27"
"23/10/2024 10:00:00 - 23/10/2024 11:00:00","Belgium (BE)","100.10","137.83","125.60","72.70"
"23/10/2024 11:00:00 - 23/10/2024 12:00:00","Belgium (BE)","55.38","83.90","75.43","39.69"
"23/10/2024 12:00:00 - 23/10/2024 13:00:00","Belgium (BE)","29.93","42.23","32.85","34.25"
"23/10/2024 13:00:00 - 23/10/2024 14:00:00","Belgium (BE)","19.88","23.90","27.98","28.58"
"23/10/2024 14:00:00 - 23/10/2024 15:00:00","Belgium (BE)","14.95","15.80","24.03","24.74"
"23/10/2024 15:00:00 - 23/10/2024 16:00:00","Belgium (BE)","13.90","13.40","19.05","18.51"
"23/10/2024 16:00:00 - 23/10/2024 17:00:00","Belgium (BE)","16.00","16.33","19.68","14.96"
"23/10/2024 17:00:00 - 23/10/2024 18:00:00","Belgium (BE)","33.08","31.23","38.58","26.97"
"23/10/2024 18:00:00 - 23/10/2024 19:00:00","Belgium (BE)","92.93","96.30","108.50","88.30"
"23/10/2024 19:00:00 - 23/10/2024 20:00:00","Belgium (BE)","206.70","189.65","211.38","261.41"
"23/10/2024 20:00:00 - 23/10/2024 21:00:00","Belgium (BE)","339.35","309.28","330.00","450.30"
"23/10/2024 21:00:00 - 23/10/2024 22:00:00","Belgium (BE)","441.90","420.75","435.40","520.34"
"23/10/2024 22:00:00 - 23/10/2024 23:00:00","Belgium (BE)","514.88","499.98","466.25","607.60"
"23/10/2024 23:00:00 - 24/10/2024 00:00:00","Belgium (BE)","540.65","549.40","479.65","711.92"
"24/10/2024 00:00:00 - 24/10/2024 01:00:00","Belgium (BE)","480.13","567.90","567.90","767.90"
"24/10/2024 01:00:00 - 24/10/2024 02:00:00","Belgium (BE)","475.48","597.20","597.20","670.26"
"24/10/2024 02:00:00 - 24/10/2024 03:00:00","Belgium (BE)","452.60","656.18","656.18","617.86"
"24/10/2024 03:00:00 - 24/10/2024 04:00:00","Belgium (BE)","423.98","588.20","588.20","617.20"
"24/10/2024 04:00:00 - 24/10/2024 05:00:00","Belgium (BE)","399.70","527.38","527.38","581.43"
"24/10/2024 05:00:00 - 24/10/2024 06:00:00","Belgium (BE)","385.35","503.68","503.68","529.05"
"24/10/2024 06:00:00 - 24/10/2024 07:00:00","Belgium (BE)","388.98","465.58","465.58","489.33"
"24/10/2024 07:00:00 - 24/10/2024 08:00:00","Belgium (BE)","400.05","448.48","455.88","550.14"
"24/10/2024 08:00:00 - 24/10/2024 09:00:00","Belgium (BE)","405.53","449.18","466.43","641.34"
"24/10/2024 09:00:00 - 24/10/2024 10:00:00","Belgium (BE)","397.03","454.48","512.53","649.99"
"24/10/2024 10:00:00 - 24/10/2024 11:00:00","Belgium (BE)","345.18","377.40","447.68","428.32"
"24/10/2024 11:00:00 - 24/10/2024 12:00:00","Belgium (BE)","260.33","246.50","322.35","276.20"
"24/10/2024 12:00:00 - 24/10/2024 13:00:00","Belgium (BE)","235.38","192.65","235.40","213.65"
"24/10/2024 13:00:00 - 24/10/2024 14:00:00","Belgium (BE)","253.88","189.65","226.95","223.64"
"24/10/2024 14:00:00 - 24/10/2024 15:00:00","Belgium (BE)","283.90","202.63","245.40","242.20"
"24/10/2024 15:00:00 - 24/10/2024 16:00:00","Belgium (BE)","318.98","235.35","275.30","260.52"
"24/10/2024 16:00:00 - 24/10/2024 17:00:00","Belgium (BE)","331.60","270.35","290.68","278.23"
"24/10/2024 17:00:00 - 24/10/2024 18:00:00","Belgium (BE)","339.73","300.58","313.30","329.63"
"24/10/2024 18:00:00 - 24/10/2024 19:00:00","Belgium (BE)","399.68","380.10","376.50","470.54"
"24/10/2024 19:00:00 - 24/10/2024 20:00:00","Belgium (BE)","499.75","494.95","485.05","505.14"
"24/10/2024 20:00:00 - 24/10/2024 21:00:00","Belgium (BE)","578.98","574.05","544.98","579.30"
"24/10/2024 21:00:00 - 24/10/2024 22:00:00","Belgium (BE)","621.85","617.20","572.58","651.09"
"24/10/2024 22:00:00 - 24/10/2024 23:00:00","Belgium (BE)","629.93","637.45","589.50","712.23"
"24/10/2024 23:00:00 - 25/10/2024 00:00:00","Belgium (BE)","616.43","627.95","609.80","703.90"
"25/10/2024 00:00:00 - 25/10/2024 01:00:00","Belgium (BE)","617.85","599.53","599.53","677.53"
"25/10/2024 01:00:00 - 25/10/2024 02:00:00","Belgium (BE)","608.20","600.38","600.38","652.27"
"25/10/2024 02:00:00 - 25/10/2024 03:00:00","Belgium (BE)","593.58","626.80","626.80","702.83"
"25/10/2024 03:00:00 - 25/10/2024 04:00:00","Belgium (BE)","595.78","664.03","664.03","686.75"
"25/10/2024 04:00:00 - 25/10/2024 05:00:00","Belgium (BE)","593.55","662.00","662.00","699.09"
"25/10/2024 05:00:00 - 25/10/2024 06:00:00","Belgium (BE)","581.10","623.15","623.15","690.99"
"25/10/2024 06:00:00 - 25/10/2024 07:00:00","Belgium (BE)","591.53","610.03","610.03","612.86"
"25/10/2024 07:00:00 - 25/10/2024 08:00:00","Belgium (BE)","628.33","594.55","594.55","591.03"
"25/10/2024 08:00:00 - 25/10/2024 09:00:00","Belgium (BE)","659.30","581.88","586.55","596.34"
"25/10/2024 09:00:00 - 25/10/2024 10:00:00","Belgium (BE)","620.90","565.38","576.70","590.28"
"25/10/2024 10:00:00 - 25/10/2024 11:00:00","Belgium (BE)","493.95","500.38","485.50","455.04"
"25/10/2024 11:00:00 - 25/10/2024 12:00:00","Belgium (BE)","368.15","388.30","391.90","281.22"
"25/10/2024 12:00:00 - 25/10/2024 13:00:00","Belgium (BE)","311.68","309.33","320.85","210.09"
"25/10/2024 13:00:00 - 25/10/2024 14:00:00","Belgium (BE)","288.05","264.08","292.05","159.26"
"25/10/2024 14:00:00 - 25/10/2024 15:00:00","Belgium (BE)","266.73","229.80","231.23","119.85"
"25/10/2024 15:00:00 - 25/10/2024 16:00:00","Belgium (BE)","250.45","206.33","188.85","135.70"
"25/10/2024 16:00:00 - 25/10/2024 17:00:00","Belgium (BE)","239.15","200.70","180.73","136.40"
"25/10/2024 17:00:00 - 25/10/2024 18:00:00","Belgium (BE)","248.73","221.10","174.50","153.38"
"25/10/2024 18:00:00 - 25/10/2024 19:00:00","Belgium (BE)","309.55","285.38","228.98","212.37"
"25/10/2024 19:00:00 - 25/10/2024 20:00:00","Belgium (BE)","371.25","356.08","304.98","280.82"
"25/10/2024 20:00:00 - 25/10/2024 21:00:00","Belgium (BE)","380.98","376.78","317.63","344.31"
"25/10/2024 21:00:00 - 25/10/2024 22:00:00","Belgium (BE)","351.18","341.20","310.73","338.08"
"25/10/2024 22:00:00 - 25/10/2024 23:00:00","Belgium (BE)","299.13","287.40","283.25","261.93"
"25/10/2024 23:00:00 - 26/10/2024 00:00:00","Belgium (BE)","243.95","240.58","234.98","272.99"
"26/10/2024 00:00:00 - 26/10/2024 01:00:00","Belgium (BE)","201.10","156.25","156.25","212.23"
"26/10/2024 01:00:00 - 26/10/2024 02:00:00","Belgium (BE)","158.45","168.75","168.75","107.64"
"26/10/2024 02:00:00 - 26/10/2024 03:00:00","Belgium (BE)","134.13","140.50","140.50","75.10"
"26/10/2024 03:00:00 - 26/10/2024 04:00:00","Belgium (BE)","134.80","136.80","136.80","109.30"
"26/10/2024 04:00:00 - 26/10/2024 05:00:00","Belgium (BE)","149.78","138.23","138.23","136.27"
"26/10/2024 05:00:00 - 26/10/2024 06:00:00","Belgium (BE)","173.45","168.63","168.63","145.87"
"26/10/2024 06:00:00 - 26/10/2024 07:00:00","Belgium (BE)","206.53","219.93","219.93","175.40"
"26/10/2024 07:00:00 - 26/10/2024 08:00:00","Belgium (BE)","242.65","291.55","291.55","262.38"
"26/10/2024 08:00:00 - 26/10/2024 09:00:00","Belgium (BE)","290.98","351.68","365.10","377.82"
"26/10/2024 09:00:00 - 26/10/2024 10:00:00","Belgium (BE)","335.45","373.13","412.20","514.70"
"26/10/2024 10:00:00 - 26/10/2024 11:00:00","Belgium (BE)","356.40","365.73","415.80","376.83"
"26/10/2024 11:00:00 - 26/10/2024 12:00:00","Belgium (BE)","275.83","267.45","355.13","183.73"
"26/10/2024 12:00:00 - 26/10/2024 13:00:00","Belgium (BE)","175.78","173.53","217.28","74.55"
"26/10/2024 13:00:00 - 26/10/2024 14:00:00","Belgium (BE)","146.88","148.15","131.90","65.20"
"26/10/2024 14:00:00 - 26/10/2024 15:00:00","Belgium (BE)","138.48","140.38","119.60","72.08"
"26/10/2024 15:00:00 - 26/10/2024 16:00:00","Belgium (BE)","134.88","126.35","113.05","73.43"
"26/10/2024 16:00:00 - 26/10/2024 17:00:00","Belgium (BE)","115.58","102.65","89.55","61.04"
"26/10/2024 17:00:00 - 26/10/2024 18:00:00","Belgium (BE)","102.23","77.78","63.58","28.92"
"26/10/2024 18:00:00 - 26/10/2024 19:00:00","Belgium (BE)","126.33","72.43","69.38","42.40"
"26/10/2024 19:00:00 - 26/10/2024 20:00:00","Belgium (BE)","155.85","78.35","78.30","62.93"
"26/10/2024 20:00:00 - 26/10/2024 21:00:00","Belgium (BE)","164.93","92.18","117.03","79.25"
"26/10/2024 21:00:00 - 26/10/2024 22:00:00","Belgium (BE)","170.05","113.38","150.30","132.26"
"26/10/2024 22:00:00 - 26/10/2024 23:00:00","Belgium (BE)","178.73","117.93","194.00","225.15"
"26/10/2024 23:00:00 - 27/10/2024 00:00:00","Belgium (BE)","194.48","127.80","223.23","275.32"
"27/10/2024 00:00:00 - 27/10/2024 01:00:00","Belgium (BE)","211.20","254.53","254.53","248.94"
"27/10/2024 01:00:00 - 27/10/2024 02:00:00 (CEST)","Belgium (BE)","145.28","239.15","239.15","193.60"
"27/10/2024 02:00:00 (CEST) - 27/10/2024 02:00:00 (CET)","Belgium (BE)","102.38","207.33","207.33","164.93"
"27/10/2024 02:00:00 (CET) - 27/10/2024 03:00:00","Belgium (BE)","99.60","195.00","195.00","157.16"
"27/10/2024 03:00:00 - 27/10/2024 04:00:00","Belgium (BE)","101.60","178.10","178.10","147.81"
"27/10/2024 04:00:00 - 27/10/2024 05:00:00","Belgium (BE)","108.58","132.10","132.10","143.04"
"27/10/2024 05:00:00 - 27/10/2024 06:00:00","Belgium (BE)","108.18","109.65","109.65","111.62"
"27/10/2024 06:00:00 - 27/10/2024 07:00:00","Belgium (BE)","103.90","102.53","102.53","94.27"
"27/10/2024 07:00:00 - 27/10/2024 08:00:00","Belgium (BE)","94.80","95.08","94.20","74.59"
"27/10/2024 08:00:00 - 27/10/2024 09:00:00","Belgium (BE)","80.30","78.53","72.25","58.89"
"27/10/2024 09:00:00 - 27/10/2024 10:00:00","Belgium (BE)","57.33","56.18","51.78","46.86"
"27/10/2024 10:00:00 - 27/10/2024 11:00:00","Belgium (BE)","30.18","32.58","38.20","40.94"
"27/10/2024 11:00:00 - 27/10/2024 12:00:00","Belgium (BE)","21.78","25.83","30.80","27.11"
"27/10/2024 12:00:00 - 27/10/2024 13:00:00","Belgium (BE)","16.35","25.20","32.88","25.04"
"27/10/2024 13:00:00 - 27/10/2024 14:00:00","Belgium (BE)","14.30","27.08","31.55","26.76"
"27/10/2024 14:00:00 - 27/10/2024 15:00:00","Belgium (BE)","14.68","23.50","22.73","30.09"
"27/10/2024 15:00:00 - 27/10/2024 16:00:00","Belgium (BE)","18.20","17.05","19.38","23.77"
"27/10/2024 16:00:00 - 27/10/2024 17:00:00","Belgium (BE)","24.93","15.98","15.58","11.28"
"27/10/2024 17:00:00 - 27/10/2024 18:00:00","Belgium (BE)","34.78","30.53","23.90","16.11"
"27/10/2024 18:00:00 - 27/10/2024 19:00:00","Belgium (BE)","37.00","36.80","29.38","22.13"
"27/10/2024 19:00:00 - 27/10/2024 20:00:00","Belgium (BE)","31.68","30.30","28.00","21.90"
"27/10/2024 20:00:00 - 27/10/2024 21:00:00","Belgium (BE)","23.43","18.05","19.98","14.90"
"27/10/2024 21:00:00 - 27/10/2024 22:00:00","Belgium (BE)","19.18","10.05","13.28","10.50"
"27/10/2024 22:00:00 - 27/10/2024 23:00:00","Belgium (BE)","22.75","13.28","20.90","29.54"
"27/10/2024 23:00:00 - 28/10/2024 00:00:00","Belgium (BE)","39.83","22.70","44.68","87.48"
"28/10/2024 00:00:00 - 28/10/2024 01:00:00","Belgium (BE)","63.98","102.98","102.98","178.01"
"28/10/2024 01:00:00 - 28/10/2024 02:00:00","Belgium (BE)","111.78","188.68","188.68","270.24"
"28/10/2024 02:00:00 - 28/10/2024 03:00:00","Belgium (BE)","177.95","314.75","314.75","345.09"
"28/10/2024 03:00:00 - 28/10/2024 04:00:00","Belgium (BE)","264.65","385.18","385.18","453.01"
"28/10/2024 04:00:00 - 28/10/2024 05:00:00","Belgium (BE)","332.00","426.38","426.38","576.74"
"28/10/2024 05:00:00 - 28/10/2024 06:00:00","Belgium (BE)","363.33","489.83","489.83","653.24"
"28/10/2024 06:00:00 - 28/10/2024 07:00:00","Belgium (BE)","403.80","542.80","542.80","694.60"
"28/10/2024 07:00:00 - 28/10/2024 08:00:00","Belgium (BE)","448.05","566.88","590.15","798.43"
"28/10/2024 08:00:00 - 28/10/2024 09:00:00","Belgium (BE)","476.45","605.98","621.95","796.47"
"28/10/2024 09:00:00 - 28/10/2024 10:00:00","Belgium (BE)","523.63","615.28","752.10","719.87"
"28/10/2024 10:00:00 - 28/10/2024 11:00:00","Belgium (BE)","540.70","576.85","701.75","686.19"
"28/10/2024 11:00:00 - 28/10/2024 12:00:00","Belgium (BE)","491.93","570.60","646.05","692.92"
"28/10/2024 12:00:00 - 28/10/2024 13:00:00","Belgium (BE)","472.85","587.58","657.13","716.92"
"28/10/2024 13:00:00 - 28/10/2024 14:00:00","Belgium (BE)","465.55","572.75","650.00","676.61"
"28/10/2024 14:00:00 - 28/10/2024 15:00:00","Belgium (BE)","426.78","513.60","635.95","619.62"
"28/10/2024 15:00:00 - 28/10/2024 16:00:00","Belgium (BE)","370.43","433.05","533.08","520.86"
"28/10/2024 16:00:00 - 28/10/2024 17:00:00","Belgium (BE)","329.28","379.55","450.53","485.10"
"28/10/2024 17:00:00 - 28/10/2024 18:00:00","Belgium (BE)","336.55","366.20","429.90","532.17"
"28/10/2024 18:00:00 - 28/10/2024 19:00:00","Belgium (BE)","379.50","395.30","484.85","634.11"
"28/10/2024 19:00:00 - 28/10/2024 20:00:00","Belgium (BE)","422.00","441.35","557.05","750.74"
"28/10/2024 20:00:00 - 28/10/2024 21:00:00","Belgium (BE)","442.38","466.45","623.58","727.41"
"28/10/2024 21:00:00 - 28/10/2024 22:00:00","Belgium (BE)","442.40","457.88","666.88","732.94"
"28/10/2024 22:00:00 - 28/10/2024 23:00:00","Belgium (BE)","438.30","428.08","622.00","674.03"
"28/10/2024 23:00:00 - 29/10/2024 00:00:00","Belgium (BE)","429.58","404.58","574.25","656.31"
"29/10/2024 00:00:00 - 29/10/2024 01:00:00","Belgium (BE)","530.93","576.30","576.30","647.03"
"29/10/2024 01:00:00 - 29/10/2024 02:00:00","Belgium (BE)","518.50","573.93","573.93","585.04"
"29/10/2024 02:00:00 - 29/10/2024 03:00:00","Belgium (BE)","503.95","538.25","538.25","570.73"
"29/10/2024 03:00:00 - 29/10/2024 04:00:00","Belgium (BE)","473.83","509.33","509.33","608.53"
"29/10/2024 04:00:00 - 29/10/2024 05:00:00","Belgium (BE)","440.28","485.95","485.95","587.86"
"29/10/2024 05:00:00 - 29/10/2024 06:00:00","Belgium (BE)","423.38","538.30","538.30","597.59"
"29/10/2024 06:00:00 - 29/10/2024 07:00:00","Belgium (BE)","435.48","559.80","559.80","626.91"
"29/10/2024 07:00:00 - 29/10/2024 08:00:00","Belgium (BE)","447.35","569.30","592.03","711.06"
"29/10/2024 08:00:00 - 29/10/2024 09:00:00","Belgium (BE)","453.15","569.88","586.65","675.07"
"29/10/2024 09:00:00 - 29/10/2024 10:00:00","Belgium (BE)","458.38","547.23","579.65","634.51"
"29/10/2024 10:00:00 - 29/10/2024 11:00:00","Belgium (BE)","452.73","507.10","548.45","586.03"
"29/10/2024 11:00:00 - 29/10/2024 12:00:00","Belgium (BE)","442.93","483.00","535.20","502.98"
"29/10/2024 12:00:00 - 29/10/2024 13:00:00","Belgium (BE)","426.18","466.05","520.00","479.90"
"29/10/2024 13:00:00 - 29/10/2024 14:00:00","Belgium (BE)","391.63","437.43","490.08","442.93"
"29/10/2024 14:00:00 - 29/10/2024 15:00:00","Belgium (BE)","340.00","397.45","416.03","369.88"
"29/10/2024 15:00:00 - 29/10/2024 16:00:00","Belgium (BE)","291.93","350.25","358.85","299.13"
"29/10/2024 16:00:00 - 29/10/2024 17:00:00","Belgium (BE)","248.70","308.53","323.53","267.04"
"29/10/2024 17:00:00 - 29/10/2024 18:00:00","Belgium (BE)","213.53","273.23","292.43","242.36"
"29/10/2024 18:00:00 - 29/10/2024 19:00:00","Belgium (BE)","199.28","253.65","278.70","207.67"
"29/10/2024 19:00:00 - 29/10/2024 20:00:00","Belgium (BE)","183.33","235.85","254.98","183.36"
"29/10/2024 20:00:00 - 29/10/2024 21:00:00","Belgium (BE)","157.30","206.63","208.60","161.91"
"29/10/2024 21:00:00 - 29/10/2024 22:00:00","Belgium (BE)","130.33","169.80","178.25","134.68"
"29/10/2024 22:00:00 - 29/10/2024 23:00:00","Belgium (BE)","113.50","133.13","167.98","104.56"
"29/10/2024 23:00:00 - 30/10/2024 00:00:00","Belgium (BE)","98.13","100.33","153.55","77.59"
"30/10/2024 00:00:00 - 30/10/2024 01:00:00","Belgium (BE)","145.28","105.43","105.43","51.72"
"30/10/2024 01:00:00 - 30/10/2024 02:00:00","Belgium (BE)","120.28","86.65","86.65","42.07"
"30/10/2024 02:00:00 - 30/10/2024 03:00:00","Belgium (BE)","94.15","78.48","78.48","36.40"
"30/10/2024 03:00:00 - 30/10/2024 04:00:00","Belgium (BE)","85.48","68.58","68.58","27.49"
"30/10/2024 04:00:00 - 30/10/2024 05:00:00","Belgium (BE)","84.98","73.35","73.35","14.98"
"30/10/2024 05:00:00 - 30/10/2024 06:00:00","Belgium (BE)","91.30","72.18","72.18","14.10"
"30/10/2024 06:00:00 - 30/10/2024 07:00:00","Belgium (BE)","96.95","74.10","74.10","13.55"
"30/10/2024 07:00:00 - 30/10/2024 08:00:00","Belgium (BE)","100.35","86.60","77.40","11.68"
"30/10/2024 08:00:00 - 30/10/2024 09:00:00","Belgium (BE)","85.05","75.43","59.43","9.53"
"30/10/2024 09:00:00 - 30/10/2024 10:00:00","Belgium (BE)","65.38","60.08","38.70","9.88"
"30/10/2024 10:00:00 - 30/10/2024 11:00:00","Belgium (BE)","65.08","62.95","47.55","11.66"
"30/10/2024 11:00:00 - 30/10/2024 12:00:00","Belgium (BE)","76.20","66.73","46.58","14.49"
"30/10/2024 12:00:00 - 30/10/2024 13:00:00","Belgium (BE)","87.65","71.15","51.33","13.23"
"30/10/2024 13:00:00 - 30/10/2024 14:00:00","Belgium (BE)","87.10","74.33","60.58","16.13"
"30/10/2024 14:00:00 - 30/10/2024 15:00:00","Belgium (BE)","84.03","71.40","7.45","3.45"
"30/10/2024 15:00:00 - 30/10/2024 16:00:00","Belgium (BE)","86.48","68.38","10.23","5.12"
"30/10/2024 16:00:00 - 30/10/2024 17:00:00","Belgium (BE)","107.70","73.83","14.28","9.19"
"30/10/2024 17:00:00 - 30/10/2024 18:00:00","Belgium (BE)","146.98","96.45","29.20","21.07"
"30/10/2024 18:00:00 - 30/10/2024 19:00:00","Belgium (BE)","179.33","121.68","47.33","27.50"
"30/10/2024 19:00:00 - 30/10/2024 20:00:00","Belgium (BE)","196.58","142.23","58.55","30.99"
"30/10/2024 20:00:00 - 30/10/2024 21:00:00","Belgium (BE)","185.95","146.90","68.55","31.52"
"30/10/2024 21:00:00 - 30/10/2024 22:00:00","Belgium (BE)","167.15","147.95","52.80","27.63"
"30/10/2024 22:00:00 - 30/10/2024 23:00:00","Belgium (BE)","151.95","148.23","53.00","32.17"
"30/10/2024 23:00:00 - 31/10/2024 00:00:00","Belgium (BE)","135.43","138.43","46.08","23.45"
"31/10/2024 00:00:00 - 31/10/2024 01:00:00","Belgium (BE)","50.23","28.05","28.05","21.16"
"31/10/2024 01:00:00 - 31/10/2024 02:00:00","Belgium (BE)","38.10","19.20","19.20","13.41"
"31/10/2024 02:00:00 - 31/10/2024 03:00:00","Belgium (BE)","30.95","13.58","13.58","9.06"
"31/10/2024 03:00:00 - 31/10/2024 04:00:00","Belgium (BE)","26.10","13.43","13.43","8.77"
"31/10/2024 04:00:00 - 31/10/2024 05:00:00","Belgium (BE)","25.43","14.28","14.28","6.54"
"31/10/2024 05:00:00 - 31/10/2024 06:00:00","Belgium (BE)","24.78","14.48","14.48","7.86"
"31/10/2024 06:00:00 - 31/10/2024 07:00:00","Belgium (BE)","24.50","14.48","14.48","10.63"
"31/10/2024 07:00:00 - 31/10/2024 08:00:00","Belgium (BE)","25.78","12.58","11.73","19.40"
"31/10/2024 08:00:00 - 31/10/2024 09:00:00","Belgium (BE)","25.08","10.78","12.70","34.96"
"31/10/2024 09:00:00 - 31/10/2024 10:00:00","Belgium (BE)","21.13","12.18","14.90","35.19"
"31/10/2024 10:00:00 - 31/10/2024 11:00:00","Belgium (BE)","14.95","13.50","18.38","13.57"
"31/10/2024 11:00:00 - 31/10/2024 12:00:00","Belgium (BE)","11.93","9.35","13.93","5.96"
"31/10/2024 12:00:00 - 31/10/2024 13:00:00","Belgium (BE)","9.40","6.95","7.20","3.81"
"31/10/2024 13:00:00 - 31/10/2024 14:00:00","Belgium (BE)","6.90","4.73","3.30","2.27"
"31/10/2024 14:00:00 - 31/10/2024 15:00:00","Belgium (BE)","3.55","3.30","1.90","3.60"
"31/10/2024 15:00:00 - 31/10/2024 16:00:00","Belgium (BE)","2.33","2.60","2.83","3.33"
"31/10/2024 16:00:00 - 31/10/2024 17:00:00","Belgium (BE)","4.40","2.33","2.90","3.18"
"31/10/2024 17:00:00 - 31/10/2024 18:00:00","Belgium (BE)","14.60","2.53","4.63","6.68"
"31/10/2024 18:00:00 - 31/10/2024 19:00:00","Belgium (BE)","24.63","4.93","8.28","7.79"
"31/10/2024 19:00:00 - 31/10/2024 20:00:00","Belgium (BE)","34.23","8.13","15.15","27.99"
"31/10/2024 20:00:00 - 31/10/2024 21:00:00","Belgium (BE)","47.00","13.53","25.35","52.79"
"31/10/2024 21:00:00 - 31/10/2024 22:00:00","Belgium (BE)","53.75","29.83","70.43","101.01"
"31/10/2024 22:00:00 - 31/10/2024 23:00:00","Belgium (BE)","50.45","42.40","99.65","183.12"
"31/10/2024 23:00:00 - 01/11/2024 00:00:00","Belgium (BE)","47.08","52.50","108.88","183.13"
"01/11/2024 00:00:00 - 01/11/2024 01:00:00","Belgium (BE)","55.85","142.88","142.88","136.54"
"01/11/2024 01:00:00 - 01/11/2024 02:00:00","Belgium (BE)","66.73","143.60","143.60","118.10"
"01/11/2024 02:00:00 - 01/11/2024 03:00:00","Belgium (BE)","76.90","187.60","187.60","92.22"
"01/11/2024 03:00:00 - 01/11/2024 04:00:00","Belgium (BE)","80.75","166.33","166.33","121.24"
"01/11/2024 04:00:00 - 01/11/2024 05:00:00","Belgium (BE)","84.15","142.43","142.43","96.20"
"01/11/2024 05:00:00 - 01/11/2024 06:00:00","Belgium (BE)","98.65","138.15","138.15","105.55"
"01/11/2024 06:00:00 - 01/11/2024 07:00:00","Belgium (BE)","125.48","166.08","166.08","139.41"
"01/11/2024 07:00:00 - 01/11/2024 08:00:00","Belgium (BE)","146.08","199.80","199.80","154.11"
"01/11/2024 08:00:00 - 01/11/2024 09:00:00","Belgium (BE)","147.30","195.23","176.63","176.17"
"01/11/2024 09:00:00 - 01/11/2024 10:00:00","Belgium (BE)","128.03","190.15","157.20","156.07"
"01/11/2024 10:00:00 - 01/11/2024 11:00:00","Belgium (BE)","118.73","201.13","167.00","146.40"
"01/11/2024 11:00:00 - 01/11/2024 12:00:00","Belgium (BE)","136.08","207.78","158.35","129.73"
"01/11/2024 12:00:00 - 01/11/2024 13:00:00","Belgium (BE)","166.90","203.20","156.90","114.06"
"01/11/2024 13:00:00 - 01/11/2024 14:00:00","Belgium (BE)","182.75","193.45","144.15","114.24"
"01/11/2024 14:00:00 - 01/11/2024 15:00:00","Belgium (BE)","169.53","177.68","129.35","116.69"
"01/11/2024 15:00:00 - 01/11/2024 16:00:00","Belgium (BE)","133.05","146.93","114.68","107.14"
"01/11/2024 16:00:00 - 01/11/2024 17:00:00","Belgium (BE)","120.93","114.80","90.23","76.30"
"01/11/2024 17:00:00 - 01/11/2024 18:00:00","Belgium (BE)","119.23","102.03","80.60","61.46"
"01/11/2024 18:00:00 - 01/11/2024 19:00:00","Belgium (BE)","114.40","104.10","82.45","76.47"
"01/11/2024 19:00:00 - 01/11/2024 20:00:00","Belgium (BE)","108.10","106.20","93.00","88.83"
"01/11/2024 20:00:00 - 01/11/2024 21:00:00","Belgium (BE)","94.75","91.70","92.50","63.39"
"01/11/2024 21:00:00 - 01/11/2024 22:00:00","Belgium (BE)","75.15","62.55","58.25","35.87"
"01/11/2024 22:00:00 - 01/11/2024 23:00:00","Belgium (BE)","63.58","40.48","36.88","26.53"
"01/11/2024 23:00:00 - 02/11/2024 00:00:00","Belgium (BE)","54.75","31.58","17.28","17.10"
"02/11/2024 00:00:00 - 02/11/2024 01:00:00","Belgium (BE)","19.08","10.48","10.48","10.47"
"02/11/2024 01:00:00 - 02/11/2024 02:00:00","Belgium (BE)","18.53","16.20","16.20","15.92"
"02/11/2024 02:00:00 - 02/11/2024 03:00:00","Belgium (BE)","20.03","16.78","16.78","19.92"
"02/11/2024 03:00:00 - 02/11/2024 04:00:00","Belgium (BE)","24.73","21.50","21.50","22.69"
"02/11/2024 04:00:00 - 02/11/2024 05:00:00","Belgium (BE)","32.55","35.78","35.78","33.21"
"02/11/2024 05:00:00 - 02/11/2024 06:00:00","Belgium (BE)","47.13","57.85","57.85","57.56"
"02/11/2024 06:00:00 - 02/11/2024 07:00:00","Belgium (BE)","81.95","71.05","71.05","95.52"
"02/11/2024 07:00:00 - 02/11/2024 08:00:00","Belgium (BE)","127.83","97.48","98.85","123.91"
"02/11/2024 08:00:00 - 02/11/2024 09:00:00","Belgium (BE)","167.45","129.45","130.23","135.09"
"02/11/2024 09:00:00 - 02/11/2024 10:00:00","Belgium (BE)","206.80","162.88","159.53","136.16"
"02/11/2024 10:00:00 - 02/11/2024 11:00:00","Belgium (BE)","228.00","181.18","173.60","167.17"
"02/11/2024 11:00:00 - 02/11/2024 12:00:00","Belgium (BE)","231.43","201.83","197.48","173.30"
"02/11/2024 12:00:00 - 02/11/2024 13:00:00","Belgium (BE)","229.80","212.75","224.38","171.30"
"02/11/2024 13:00:00 - 02/11/2024 14:00:00","Belgium (BE)","232.83","211.05","235.98","165.48"
"02/11/2024 14:00:00 - 02/11/2024 15:00:00","Belgium (BE)","245.05","221.85","223.45","146.95"
"02/11/2024 15:00:00 - 02/11/2024 16:00:00","Belgium (BE)","261.30","236.83","217.80","183.49"
"02/11/2024 16:00:00 - 02/11/2024 17:00:00","Belgium (BE)","285.93","254.78","236.45","214.95"
"02/11/2024 17:00:00 - 02/11/2024 18:00:00","Belgium (BE)","346.03","297.25","271.73","269.38"
"02/11/2024 18:00:00 - 02/11/2024 19:00:00","Belgium (BE)","420.50","366.43","346.10","319.19"
"02/11/2024 19:00:00 - 02/11/2024 20:00:00","Belgium (BE)","462.23","413.13","394.70","331.95"
"02/11/2024 20:00:00 - 02/11/2024 21:00:00","Belgium (BE)","463.18","412.50","400.83","336.35"
"02/11/2024 21:00:00 - 02/11/2024 22:00:00","Belgium (BE)","448.55","389.73","349.90","312.87"
"02/11/2024 22:00:00 - 02/11/2024 23:00:00","Belgium (BE)","425.90","360.93","311.10","258.70"
"02/11/2024 23:00:00 - 03/11/2024 00:00:00","Belgium (BE)","392.03","327.13","283.05","244.31"
"03/11/2024 00:00:00 - 03/11/2024 01:00:00","Belgium (BE)","285.43","246.63","246.63","212.47"
"03/11/2024 01:00:00 - 03/11/2024 02:00:00","Belgium (BE)","283.40","238.38","238.38","197.58"
"03/11/2024 02:00:00 - 03/11/2024 03:00:00","Belgium (BE)","283.13","221.30","221.30","169.35"
"03/11/2024 03:00:00 - 03/11/2024 04:00:00","Belgium (BE)","267.10","203.40","203.40","122.88"
"03/11/2024 04:00:00 - 03/11/2024 05:00:00","Belgium (BE)","248.80","189.50","189.50","87.05"
"03/11/2024 05:00:00 - 03/11/2024 06:00:00","Belgium (BE)","243.05","177.10","177.10","67.40"
"03/11/2024 06:00:00 - 03/11/2024 07:00:00","Belgium (BE)","238.85","158.95","158.95","51.51"
"03/11/2024 07:00:00 - 03/11/2024 08:00:00","Belgium (BE)","228.58","164.15","146.65","40.45"
"03/11/2024 08:00:00 - 03/11/2024 09:00:00","Belgium (BE)","206.73","159.10","131.40","36.84"
"03/11/2024 09:00:00 - 03/11/2024 10:00:00","Belgium (BE)","162.88","131.60","81.33","28.91"
"03/11/2024 10:00:00 - 03/11/2024 11:00:00","Belgium (BE)","93.53","81.08","50.60","14.11"
"03/11/2024 11:00:00 - 03/11/2024 12:00:00","Belgium (BE)","47.85","43.30","24.33","8.31"
"03/11/2024 12:00:00 - 03/11/2024 13:00:00","Belgium (BE)","44.43","40.38","21.15","9.56"
"03/11/2024 13:00:00 - 03/11/2024 14:00:00","Belgium (BE)","54.38","48.20","23.83","11.76"
"03/11/2024 14:00:00 - 03/11/2024 15:00:00","Belgium (BE)","73.40","78.18","24.30","10.58"
"03/11/2024 15:00:00 - 03/11/2024 16:00:00","Belgium (BE)","103.83","115.45","39.55","13.16"
"03/11/2024 16:00:00 - 03/11/2024 17:00:00","Belgium (BE)","157.65","168.53","77.03","19.43"
"03/11/2024 17:00:00 - 03/11/2024 18:00:00","Belgium (BE)","241.40","254.65","131.53","40.09"
"03/11/2024 18:00:00 - 03/11/2024 19:00:00","Belgium (BE)","315.23","349.05","204.25","60.90"
"03/11/2024 19:00:00 - 03/11/2024 20:00:00","Belgium (BE)","359.93","395.25","236.15","84.71"
"03/11/2024 20:00:00 - 03/11/2024 21:00:00","Belgium (BE)","381.93","392.55","243.88","114.93"
"03/11/2024 21:00:00 - 03/11/2024 22:00:00","Belgium (BE)","377.13","370.95","171.73","102.51"
"03/11/2024 22:00:00 - 03/11/2024 23:00:00","Belgium (BE)","352.58","350.35","185.78","97.59"
"03/11/2024 23:00:00 - 04/11/2024 00:00:00","Belgium (BE)","317.68","321.10","187.03","104.47"
"04/11/2024 00:00:00 - 04/11/2024 01:00:00","Belgium (BE)","209.18","155.78","155.78","99.25"
"04/11/2024 01:00:00 - 04/11/2024 02:00:00","Belgium (BE)","187.83","147.08","147.08","84.23"
"04/11/2024 02:00:00 - 04/11/2024 03:00:00","Belgium (BE)","164.60","141.28","141.28","75.98"
"04/11/2024 03:00:00 - 04/11/2024 04:00:00","Belgium (BE)","149.23","139.58","139.58","77.50"
"04/11/2024 04:00:00 - 04/11/2024 05:00:00","Belgium (BE)","149.88","135.70","135.70","78.83"
"04/11/2024 05:00:00 - 04/11/2024 06:00:00","Belgium (BE)","166.40","156.90","156.90","95.18"
"04/11/2024 06:00:00 - 04/11/2024 07:00:00","Belgium (BE)","186.60","173.50","173.50","117.78"
"04/11/2024 07:00:00 - 04/11/2024 08:00:00","Belgium (BE)","193.65","188.38","179.00","132.18"
"04/11/2024 08:00:00 - 04/11/2024 09:00:00","Belgium (BE)","180.50","179.58","175.88","148.28"
"04/11/2024 09:00:00 - 04/11/2024 10:00:00","Belgium (BE)","155.05","154.23","126.00","135.17"
"04/11/2024 10:00:00 - 04/11/2024 11:00:00","Belgium (BE)","100.80","106.10","98.00","75.64"
"04/11/2024 11:00:00 - 04/11/2024 12:00:00","Belgium (BE)","55.85","57.30","65.55","40.29"
"04/11/2024 12:00:00 - 04/11/2024 13:00:00","Belgium (BE)","36.88","34.40","34.53","24.43"
"04/11/2024 13:00:00 - 04/11/2024 14:00:00","Belgium (BE)","31.33","27.38","29.00","18.34"
"04/11/2024 14:00:00 - 04/11/2024 15:00:00","Belgium (BE)","40.03","28.25","27.13","17.58"
"04/11/2024 15:00:00 - 04/11/2024 16:00:00","Belgium (BE)","74.50","41.65","46.75","28.95"
"04/11/2024 16:00:00 - 04/11/2024 17:00:00","Belgium (BE)","152.40","113.88","115.45","48.86"
"04/11/2024 17:00:00 - 04/11/2024 18:00:00","Belgium (BE)","256.85","210.18","211.88","128.33"
"04/11/2024 18:00:00 - 04/11/2024 19:00:00","Belgium (BE)","329.63","295.85","282.93","223.78"
"04/11/2024 19:00:00 - 04/11/2024 20:00:00","Belgium (BE)","341.93","323.50","286.85","288.15"
"04/11/2024 20:00:00 - 04/11/2024 21:00:00","Belgium (BE)","336.88","316.35","273.60","382.81"
"04/11/2024 21:00:00 - 04/11/2024 22:00:00","Belgium (BE)","332.20","300.83","288.75","337.63"
"04/11/2024 22:00:00 - 04/11/2024 23:00:00","Belgium (BE)","317.45","276.65","267.65","317.54"
"04/11/2024 23:00:00 - 05/11/2024 00:00:00","Belgium (BE)","296.08","257.90","244.73","308.25"
"05/11/2024 00:00:00 - 05/11/2024 01:00:00","Belgium (BE)","240.68","281.00","281.00","294.44"
"05/11/2024 01:00:00 - 05/11/2024 02:00:00","Belgium (BE)","219.75","269.08","269.08","232.49"
"05/11/2024 02:00:00 - 05/11/2024 03:00:00","Belgium (BE)","196.20","214.23","214.23","116.51"
"05/11/2024 03:00:00 - 05/11/2024 04:00:00","Belgium (BE)","172.35","181.88","181.88","69.07"
"05/11/2024 04:00:00 - 05/11/2024 05:00:00","Belgium (BE)","156.83","159.70","159.70","53.97"
"05/11/2024 05:00:00 - 05/11/2024 06:00:00","Belgium (BE)","148.15","113.20","113.20","81.77"
"05/11/2024 06:00:00 - 05/11/2024 07:00:00","Belgium (BE)","144.13","102.80","102.80","109.95"
"05/11/2024 07:00:00 - 05/11/2024 08:00:00","Belgium (BE)","144.93","106.73","106.73","121.17"
"05/11/2024 08:00:00 - 05/11/2024 09:00:00","Belgium (BE)","144.73","112.13","112.13","132.28"
"05/11/2024 09:00:00 - 05/11/2024 10:00:00","Belgium (BE)","149.58","104.03","118.10","102.47"
"05/11/2024 10:00:00 - 05/11/2024 11:00:00","Belgium (BE)","118.75","61.80","83.18","56.48"
"05/11/2024 11:00:00 - 05/11/2024 12:00:00","Belgium (BE)","60.13","27.88","44.30","31.64"
"05/11/2024 12:00:00 - 05/11/2024 13:00:00","Belgium (BE)","27.50","17.48","28.23","21.53"
"05/11/2024 13:00:00 - 05/11/2024 14:00:00","Belgium (BE)","13.93","16.63","27.10","15.58"
"05/11/2024 14:00:00 - 05/11/2024 15:00:00","Belgium (BE)","10.38","15.10","28.93","13.85"
"05/11/2024 15:00:00 - 05/11/2024 16:00:00","Belgium (BE)","9.18","12.33","22.78","12.96"
"05/11/2024 16:00:00 - 05/11/2024 17:00:00","Belgium (BE)","10.55","10.93","28.58","14.75"
"05/11/2024 17:00:00 - 05/11/2024 18:00:00","Belgium (BE)","18.53","10.75","29.68","14.27"
"05/11/2024 18:00:00 - 05/11/2024 19:00:00","Belgium (BE)","28.93","11.23","30.18","14.70"
"05/11/2024 19:00:00 - 05/11/2024 20:00:00","Belgium (BE)","36.83","13.03","27.85","11.41"
"05/11/2024 20:00:00 - 05/11/2024 21:00:00","Belgium (BE)","45.20","20.15","31.70","12.90"
"05/11/2024 21:00:00 - 05/11/2024 22:00:00","Belgium (BE)","63.05","29.58","19.50","11.49"
"05/11/2024 22:00:00 - 05/11/2024 23:00:00","Belgium (BE)","97.10","43.23","24.53","11.85"
"05/11/2024 23:00:00 - 06/11/2024 00:00:00","Belgium (BE)","133.15","50.30","31.88","14.75"
"06/11/2024 00:00:00 - 06/11/2024 01:00:00","Belgium (BE)","46.30","31.15","31.15","15.42"
"06/11/2024 01:00:00 - 06/11/2024 02:00:00","Belgium (BE)","36.10","26.05","26.05","16.46"
"06/11/2024 02:00:00 - 06/11/2024 03:00:00","Belgium (BE)","26.23","18.78","18.78","16.02"
"06/11/2024 03:00:00 - 06/11/2024 04:00:00","Belgium (BE)","21.48","16.13","16.13","8.89"
"06/11/2024 04:00:00 - 06/11/2024 05:00:00","Belgium (BE)","21.05","17.03","17.03","8.10"
"06/11/2024 05:00:00 - 06/11/2024 06:00:00","Belgium (BE)","24.48","15.33","15.33","8.01"
"06/11/2024 06:00:00 - 06/11/2024 07:00:00","Belgium (BE)","27.35","16.35","16.35","7.58"
"06/11/2024 07:00:00 - 06/11/2024 08:00:00","Belgium (BE)","23.23","15.93","16.13","7.58"
"06/11/2024 08:00:00 - 06/11/2024 09:00:00","Belgium (BE)","18.40","10.23","10.00","6.03"
"06/11/2024 09:00:00 - 06/11/2024 10:00:00","Belgium (BE)","14.55","8.93","7.98","5.13"
"06/11/2024 10:00:00 - 06/11/2024 11:00:00","Belgium (BE)","12.30","7.65","4.10","4.10"
"06/11/2024 11:00:00 - 06/11/2024 12:00:00","Belgium (BE)","8.70","5.00","4.73","3.54"
"06/11/2024 12:00:00 - 06/11/2024 13:00:00","Belgium (BE)","6.03","5.00","4.20","4.25"
"06/11/2024 13:00:00 - 06/11/2024 14:00:00","Belgium (BE)","3.93","4.93","4.98","5.03"
"06/11/2024 14:00:00 - 06/11/2024 15:00:00","Belgium (BE)","5.05","5.50","6.63","9.24"
"06/11/2024 15:00:00 - 06/11/2024 16:00:00","Belgium (BE)","6.18","5.73","9.33","11.22"
"06/11/2024 16:00:00 - 06/11/2024 17:00:00","Belgium (BE)","10.78","8.03","15.08","13.19"
"06/11/2024 17:00:00 - 06/11/2024 18:00:00","Belgium (BE)","18.15","21.40","19.63","11.57"
"06/11/2024 18:00:00 - 06/11/2024 19:00:00","Belgium (BE)","26.65","44.05","29.25","13.17"
"06/11/2024 19:00:00 - 06/11/2024 20:00:00","Belgium (BE)","43.63","53.50","33.45","14.95"
"06/11/2024 20:00:00 - 06/11/2024 21:00:00","Belgium (BE)","53.68","63.15","42.23","17.40"
"06/11/2024 21:00:00 - 06/11/2024 22:00:00","Belgium (BE)","51.33","74.95","46.65","22.87"
"06/11/2024 22:00:00 - 06/11/2024 23:00:00","Belgium (BE)","44.30","84.85","77.23","56.99"
"06/11/2024 23:00:00 - 07/11/2024 00:00:00","Belgium (BE)","41.90","88.15","100.98","80.81"
"07/11/2024 00:00:00 - 07/11/2024 01:00:00","Belgium (BE)","118.90","100.83","100.83","79.87"
"07/11/2024 01:00:00 - 07/11/2024 02:00:00","Belgium (BE)","113.25","109.83","109.83","67.95"
"07/11/2024 02:00:00 - 07/11/2024 03:00:00","Belgium (BE)","107.35","98.40","98.40","62.87"
"07/11/2024 03:00:00 - 07/11/2024 04:00:00","Belgium (BE)","101.10","80.00","80.00","53.76"
"07/11/2024 04:00:00 - 07/11/2024 05:00:00","Belgium (BE)","108.70","81.33","81.33","58.27"
"07/11/2024 05:00:00 - 07/11/2024 06:00:00","Belgium (BE)","131.60","104.38","104.38","68.32"
"07/11/2024 06:00:00 - 07/11/2024 07:00:00","Belgium (BE)","155.20","129.43","129.43","74.12"
"07/11/2024 07:00:00 - 07/11/2024 08:00:00","Belgium (BE)","175.30","160.65","153.15","84.73"
"07/11/2024 08:00:00 - 07/11/2024 09:00:00","Belgium (BE)","181.48","178.15","162.80","117.15"
"07/11/2024 09:00:00 - 07/11/2024 10:00:00","Belgium (BE)","160.35","168.53","139.43","123.55"
"07/11/2024 10:00:00 - 07/11/2024 11:00:00","Belgium (BE)","133.55","144.50","137.75","137.18"
"07/11/2024 11:00:00 - 07/11/2024 12:00:00","Belgium (BE)","117.13","115.35","131.05","130.08"
"07/11/2024 12:00:00 - 07/11/2024 13:00:00","Belgium (BE)","109.40","84.50","123.40","104.39"
"07/11/2024 13:00:00 - 07/11/2024 14:00:00","Belgium (BE)","111.05","67.50","111.75","86.78"
"07/11/2024 14:00:00 - 07/11/2024 15:00:00","Belgium (BE)","132.28","87.38","122.45","97.75"
"07/11/2024 15:00:00 - 07/11/2024 16:00:00","Belgium (BE)","167.80","136.68","134.10","131.93"
"07/11/2024 16:00:00 - 07/11/2024 17:00:00","Belgium (BE)","215.15","196.00","174.90","165.79"
"07/11/2024 17:00:00 - 07/11/2024 18:00:00","Belgium (BE)","290.55","269.48","241.80","167.01"
"07/11/2024 18:00:00 - 07/11/2024 19:00:00","Belgium (BE)","375.03","338.75","316.35","183.23"
"07/11/2024 19:00:00 - 07/11/2024 20:00:00","Belgium (BE)","415.10","367.88","337.18","209.95"
"07/11/2024 20:00:00 - 07/11/2024 21:00:00","Belgium (BE)","405.43","363.58","334.70","225.54"
"07/11/2024 21:00:00 - 07/11/2024 22:00:00","Belgium (BE)","366.45","346.63","289.55","234.13"
"07/11/2024 22:00:00 - 07/11/2024 23:00:00","Belgium (BE)","330.38","326.03","289.73","238.08"
"07/11/2024 23:00:00 - 08/11/2024 00:00:00","Belgium (BE)","303.88","299.85","275.90","233.64"
"08/11/2024 00:00:00 - 08/11/2024 01:00:00","Belgium (BE)","240.33","216.85","216.85","201.89"
"08/11/2024 01:00:00 - 08/11/2024 02:00:00","Belgium (BE)","202.73","181.88","181.88","168.31"
"08/11/2024 02:00:00 - 08/11/2024 03:00:00","Belgium (BE)","186.58","155.20","155.20","160.79"
"08/11/2024 03:00:00 - 08/11/2024 04:00:00","Belgium (BE)","187.50","157.05","157.05","141.44"
"08/11/2024 04:00:00 - 08/11/2024 05:00:00","Belgium (BE)","194.18","153.48","153.48","146.52"
"08/11/2024 05:00:00 - 08/11/2024 06:00:00","Belgium (BE)","192.98","137.63","137.63","133.58"
"08/11/2024 06:00:00 - 08/11/2024 07:00:00","Belgium (BE)","185.55","129.55","129.55","128.88"
"08/11/2024 07:00:00 - 08/11/2024 08:00:00","Belgium (BE)","171.53","129.15","127.33","131.47"
"08/11/2024 08:00:00 - 08/11/2024 09:00:00","Belgium (BE)","151.18","121.10","119.33","122.48"
"08/11/2024 09:00:00 - 08/11/2024 10:00:00","Belgium (BE)","123.60","103.88","97.03","115.99"
"08/11/2024 10:00:00 - 08/11/2024 11:00:00","Belgium (BE)","90.45","77.73","87.78","99.75"
"08/11/2024 11:00:00 - 08/11/2024 12:00:00","Belgium (BE)","66.63","65.20","75.55","78.87"
"08/11/2024 12:00:00 - 08/11/2024 13:00:00","Belgium (BE)","53.43","57.08","62.13","57.46"
"08/11/2024 13:00:00 - 08/11/2024 14:00:00","Belgium (BE)","55.40","54.58","63.18","61.38"
"08/11/2024 14:00:00 - 08/11/2024 15:00:00","Belgium (BE)","71.88","66.38","70.83","76.00"
"08/11/2024 15:00:00 - 08/11/2024 16:00:00","Belgium (BE)","86.98","80.55","84.50","81.42"
"08/11/2024 16:00:00 - 08/11/2024 17:00:00","Belgium (BE)","100.65","94.10","99.33","100.59"
"08/11/2024 17:00:00 - 08/11/2024 18:00:00","Belgium (BE)","120.60","109.95","112.55","105.50"
"08/11/2024 18:00:00 - 08/11/2024 19:00:00","Belgium (BE)","141.23","114.80","127.08","108.68"
"08/11/2024 19:00:00 - 08/11/2024 20:00:00","Belgium (BE)","146.75","107.33","116.30","101.74"
"08/11/2024 20:00:00 - 08/11/2024 21:00:00","Belgium (BE)","141.80","106.55","114.00","100.26"
"08/11/2024 21:00:00 - 08/11/2024 22:00:00","Belgium (BE)","128.23","101.18","95.35","79.04"
"08/11/2024 22:00:00 - 08/11/2024 23:00:00","Belgium (BE)","115.53","85.23","87.70","67.09"
"08/11/2024 23:00:00 - 09/11/2024 00:00:00","Belgium (BE)","105.38","66.58","75.73","68.79"
"09/11/2024 00:00:00 - 09/11/2024 01:00:00","Belgium (BE)","68.73","56.05","56.05","62.35"
"09/11/2024 01:00:00 - 09/11/2024 02:00:00","Belgium (BE)","58.23","51.48","51.48","64.81"
"09/11/2024 02:00:00 - 09/11/2024 03:00:00","Belgium (BE)","52.33","47.43","47.43","56.15"
"09/11/2024 03:00:00 - 09/11/2024 04:00:00","Belgium (BE)","52.75","47.05","47.05","51.59"
"09/11/2024 04:00:00 - 09/11/2024 05:00:00","Belgium (BE)","57.70","50.50","50.50","55.39"
"09/11/2024 05:00:00 - 09/11/2024 06:00:00","Belgium (BE)","63.38","50.68","50.68","59.88"
"09/11/2024 06:00:00 - 09/11/2024 07:00:00","Belgium (BE)","61.68","55.98","55.98","45.84"
"09/11/2024 07:00:00 - 09/11/2024 08:00:00","Belgium (BE)","60.25","53.75","54.48","39.76"
"09/11/2024 08:00:00 - 09/11/2024 09:00:00","Belgium (BE)","54.03","48.15","49.88","44.80"
"09/11/2024 09:00:00 - 09/11/2024 10:00:00","Belgium (BE)","43.30","36.85","35.25","46.30"
"09/11/2024 10:00:00 - 09/11/2024 11:00:00","Belgium (BE)","26.35","26.03","25.75","40.92"
"09/11/2024 11:00:00 - 09/11/2024 12:00:00","Belgium (BE)","20.08","17.18","18.60","22.87"
"09/11/2024 12:00:00 - 09/11/2024 13:00:00","Belgium (BE)","21.55","14.15","12.40","12.77"
"09/11/2024 13:00:00 - 09/11/2024 14:00:00","Belgium (BE)","19.15","13.70","12.40","9.17"
"09/11/2024 14:00:00 - 09/11/2024 15:00:00","Belgium (BE)","10.83","12.78","7.58","7.81"
"09/11/2024 15:00:00 - 09/11/2024 16:00:00","Belgium (BE)","3.75","5.60","6.28","5.65"
"09/11/2024 16:00:00 - 09/11/2024 17:00:00","Belgium (BE)","3.83","3.23","4.20","5.44"
"09/11/2024 17:00:00 - 09/11/2024 18:00:00","Belgium (BE)","6.68","3.70","7.65","11.21"
"09/11/2024 18:00:00 - 09/11/2024 19:00:00","Belgium (BE)","15.38","6.13","8.45","23.02"
"09/11/2024 19:00:00 - 09/11/2024 20:00:00","Belgium (BE)","24.40","11.58","14.13","14.22"
"09/11/2024 20:00:00 - 09/11/2024 21:00:00","Belgium (BE)","29.35","25.85","23.13","10.56"
"09/11/2024 21:00:00 - 09/11/2024 22:00:00","Belgium (BE)","37.80","39.50","24.80","10.55"
"09/11/2024 22:00:00 - 09/11/2024 23:00:00","Belgium (BE)","44.33","48.25","23.70","9.53"
"09/11/2024 23:00:00 - 10/11/2024 00:00:00","Belgium (BE)","45.53","55.03","21.55","7.18"
"10/11/2024 00:00:00 - 10/11/2024 01:00:00","Belgium (BE)","16.80","16.73","16.73","6.35"
"10/11/2024 01:00:00 - 10/11/2024 02:00:00","Belgium (BE)","15.70","15.35","15.35","11.96"
"10/11/2024 02:00:00 - 10/11/2024 03:00:00","Belgium (BE)","17.30","22.95","22.95","11.97"
"10/11/2024 03:00:00 - 10/11/2024 04:00:00","Belgium (BE)","21.75","23.60","23.60","11.98"
"10/11/2024 04:00:00 - 10/11/2024 05:00:00","Belgium (BE)","25.43","27.80","27.80","14.83"
"10/11/2024 05:00:00 - 10/11/2024 06:00:00","Belgium (BE)","33.38","28.85","28.85","18.39"
"10/11/2024 06:00:00 - 10/11/2024 07:00:00","Belgium (BE)","40.70","36.28","36.28","23.59"
"10/11/2024 07:00:00 - 10/11/2024 08:00:00","Belgium (BE)","50.48","43.80","43.78","29.83"
"10/11/2024 08:00:00 - 10/11/2024 09:00:00","Belgium (BE)","56.60","46.75","47.08","31.85"
"10/11/2024 09:00:00 - 10/11/2024 10:00:00","Belgium (BE)","53.80","46.55","46.75","31.53"
"10/11/2024 10:00:00 - 10/11/2024 11:00:00","Belgium (BE)","46.33","42.75","41.20","26.80"
"10/11/2024 11:00:00 - 10/11/2024 12:00:00","Belgium (BE)","35.73","36.15","36.43","25.63"
"10/11/2024 12:00:00 - 10/11/2024 13:00:00","Belgium (BE)","32.35","37.28","39.45","28.68"
"10/11/2024 13:00:00 - 10/11/2024 14:00:00","Belgium (BE)","35.98","31.55","40.20","31.95"
"10/11/2024 14:00:00 - 10/11/2024 15:00:00","Belgium (BE)","32.95","29.48","31.33","27.90"
"10/11/2024 15:00:00 - 10/11/2024 16:00:00","Belgium (BE)","34.60","34.60","27.75","30.09"
"10/11/2024 16:00:00 - 10/11/2024 17:00:00","Belgium (BE)","45.20","46.23","41.15","40.86"
"10/11/2024 17:00:00 - 10/11/2024 18:00:00","Belgium (BE)","57.50","63.98","61.10","42.57"
"10/11/2024 18:00:00 - 10/11/2024 19:00:00","Belgium (BE)","65.33","78.20","82.68","56.53"
"10/11/2024 19:00:00 - 10/11/2024 20:00:00","Belgium (BE)","67.80","79.90","84.65","54.47"
"10/11/2024 20:00:00 - 10/11/2024 21:00:00","Belgium (BE)","61.40","81.33","94.93","62.58"
"10/11/2024 21:00:00 - 10/11/2024 22:00:00","Belgium (BE)","61.45","88.95","82.80","85.09"
"10/11/2024 22:00:00 - 10/11/2024 23:00:00","Belgium (BE)","60.30","93.63","84.33","105.53"
"10/11/2024 23:00:00 - 11/11/2024 00:00:00","Belgium (BE)","73.05","93.93","91.33","92.28"
"11/11/2024 00:00:00 - 11/11/2024 01:00:00","Belgium (BE)","143.50","133.23","133.23","121.32"
"11/11/2024 01:00:00 - 11/11/2024 02:00:00","Belgium (BE)","186.55","162.53","162.53","165.05"
"11/11/2024 02:00:00 - 11/11/2024 03:00:00","Belgium (BE)","247.95","227.00","227.00","201.19"
"11/11/2024 03:00:00 - 11/11/2024 04:00:00","Belgium (BE)","292.45","267.28","267.28","228.16"
"11/11/2024 04:00:00 - 11/11/2024 05:00:00","Belgium (BE)","333.20","311.23","311.23","283.58"
"11/11/2024 05:00:00 - 11/11/2024 06:00:00","Belgium (BE)","400.35","362.63","362.63","340.64"
"11/11/2024 06:00:00 - 11/11/2024 07:00:00","Belgium (BE)","467.23","444.15","444.15","411.23"
"11/11/2024 07:00:00 - 11/11/2024 08:00:00","Belgium (BE)","537.30","532.95","522.18","507.68"
"11/11/2024 08:00:00 - 11/11/2024 09:00:00","Belgium (BE)","586.25","593.38","560.55","579.08"
"11/11/2024 09:00:00 - 11/11/2024 10:00:00","Belgium (BE)","584.25","587.78","537.03","579.00"
"11/11/2024 10:00:00 - 11/11/2024 11:00:00","Belgium (BE)","629.50","632.58","549.73","639.61"
"11/11/2024 11:00:00 - 11/11/2024 12:00:00","Belgium (BE)","737.65","750.10","646.95","708.99"
"11/11/2024 12:00:00 - 11/11/2024 13:00:00","Belgium (BE)","841.68","860.20","794.70","802.56"
"11/11/2024 13:00:00 - 11/11/2024 14:00:00","Belgium (BE)","926.90","942.93","860.45","921.49"
"11/11/2024 14:00:00 - 11/11/2024 15:00:00","Belgium (BE)","989.23","997.30","932.18","1040.53"
"11/11/2024 15:00:00 - 11/11/2024 16:00:00","Belgium (BE)","1004.18","1012.60","942.85","865.22"
"11/11/2024 16:00:00 - 11/11/2024 17:00:00","Belgium (BE)","1003.83","992.80","891.93","877.99"
"11/11/2024 17:00:00 - 11/11/2024 18:00:00","Belgium (BE)","1032.18","997.55","828.60","982.90"
"11/11/2024 18:00:00 - 11/11/2024 19:00:00","Belgium (BE)","1089.45","1014.05","869.18","1066.24"
"11/11/2024 19:00:00 - 11/11/2024 20:00:00","Belgium (BE)","1159.93","1030.50","970.15","1025.15"
"11/11/2024 20:00:00 - 11/11/2024 21:00:00","Belgium (BE)","1220.18","1090.50","1049.98","1114.41"
"11/11/2024 21:00:00 - 11/11/2024 22:00:00","Belgium (BE)","1295.30","1175.00","1147.40","1137.41"
"11/11/2024 22:00:00 - 11/11/2024 23:00:00","Belgium (BE)","1382.68","1260.05","1214.65","1235.19"
"11/11/2024 23:00:00 - 12/11/2024 00:00:00","Belgium (BE)","1453.55","1379.03","1304.05","1355.10"
"12/11/2024 00:00:00 - 12/11/2024 01:00:00","Belgium (BE)","1410.68","1422.43","1422.43","1471.23"
"12/11/2024 01:00:00 - 12/11/2024 02:00:00","Belgium (BE)","1519.18","1488.53","1488.53","1468.94"
"12/11/2024 02:00:00 - 12/11/2024 03:00:00","Belgium (BE)","1585.45","1510.00","1510.00","1533.21"
"12/11/2024 03:00:00 - 12/11/2024 04:00:00","Belgium (BE)","1607.73","1543.28","1543.28","1557.46"
"12/11/2024 04:00:00 - 12/11/2024 05:00:00","Belgium (BE)","1583.43","1517.68","1517.68","1590.27"
"12/11/2024 05:00:00 - 12/11/2024 06:00:00","Belgium (BE)","1476.53","1444.53","1444.53","1395.84"
"12/11/2024 06:00:00 - 12/11/2024 07:00:00","Belgium (BE)","1307.38","1347.63","1347.63","1211.81"
"12/11/2024 07:00:00 - 12/11/2024 08:00:00","Belgium (BE)","1134.18","1166.95","1166.95","1024.75"
"12/11/2024 08:00:00 - 12/11/2024 09:00:00","Belgium (BE)","1005.15","1028.78","959.03","898.49"
"12/11/2024 09:00:00 - 12/11/2024 10:00:00","Belgium (BE)","899.50","950.85","894.20","824.56"
"12/11/2024 10:00:00 - 12/11/2024 11:00:00","Belgium (BE)","814.33","877.60","829.98","821.20"
"12/11/2024 11:00:00 - 12/11/2024 12:00:00","Belgium (BE)","748.33","806.25","756.00","813.77"
"12/11/2024 12:00:00 - 12/11/2024 13:00:00","Belgium (BE)","700.23","743.90","698.80","692.78"
"12/11/2024 13:00:00 - 12/11/2024 14:00:00","Belgium (BE)","674.85","707.00","664.13","597.51"
"12/11/2024 14:00:00 - 12/11/2024 15:00:00","Belgium (BE)","656.23","690.18","681.88","670.42"
"12/11/2024 15:00:00 - 12/11/2024 16:00:00","Belgium (BE)","607.03","662.00","663.23","697.10"
"12/11/2024 16:00:00 - 12/11/2024 17:00:00","Belgium (BE)","571.83","635.93","643.78","646.92"
"12/11/2024 17:00:00 - 12/11/2024 18:00:00","Belgium (BE)","596.90","637.55","643.43","657.97"
"12/11/2024 18:00:00 - 12/11/2024 19:00:00","Belgium (BE)","632.80","648.98","646.75","722.03"
"12/11/2024 19:00:00 - 12/11/2024 20:00:00","Belgium (BE)","633.18","646.08","642.50","664.87"
"12/11/2024 20:00:00 - 12/11/2024 21:00:00","Belgium (BE)","592.58","633.18","655.20","666.44"
"12/11/2024 21:00:00 - 12/11/2024 22:00:00","Belgium (BE)","528.28","601.08","602.28","679.91"
"12/11/2024 22:00:00 - 12/11/2024 23:00:00","Belgium (BE)","481.60","543.98","557.90","604.23"
"12/11/2024 23:00:00 - 13/11/2024 00:00:00","Belgium (BE)","434.28","467.95","480.58","606.04"
"13/11/2024 00:00:00 - 13/11/2024 01:00:00","Belgium (BE)","422.30","447.40","447.40","601.61"
"13/11/2024 01:00:00 - 13/11/2024 02:00:00","Belgium (BE)","372.83","411.75","411.75","547.14"
"13/11/2024 02:00:00 - 13/11/2024 03:00:00","Belgium (BE)","320.88","335.00","335.00","435.54"
"13/11/2024 03:00:00 - 13/11/2024 04:00:00","Belgium (BE)","277.20","249.70","249.70","346.18"
"13/11/2024 04:00:00 - 13/11/2024 05:00:00","Belgium (BE)","250.63","202.48","202.48","296.47"
"13/11/2024 05:00:00 - 13/11/2024 06:00:00","Belgium (BE)","213.98","185.15","185.15","291.47"
"13/11/2024 06:00:00 - 13/11/2024 07:00:00","Belgium (BE)","174.35","173.48","173.48","312.44"
"13/11/2024 07:00:00 - 13/11/2024 08:00:00","Belgium (BE)","141.45","137.38","166.10","259.23"
"13/11/2024 08:00:00 - 13/11/2024 09:00:00","Belgium (BE)","110.30","101.38","122.43","167.65"
"13/11/2024 09:00:00 - 13/11/2024 10:00:00","Belgium (BE)","78.75","62.55","139.03","115.49"
"13/11/2024 10:00:00 - 13/11/2024 11:00:00","Belgium (BE)","60.85","31.90","83.10","47.68"
"13/11/2024 11:00:00 - 13/11/2024 12:00:00","Belgium (BE)","58.78","29.68","61.95","26.78"
"13/11/2024 12:00:00 - 13/11/2024 13:00:00","Belgium (BE)","61.80","32.78","49.80","21.37"
"13/11/2024 13:00:00 - 13/11/2024 14:00:00","Belgium (BE)","54.43","29.43","23.78","15.36"
"13/11/2024 14:00:00 - 13/11/2024 15:00:00","Belgium (BE)","44.28","27.55","25.73","20.18"
"13/11/2024 15:00:00 - 13/11/2024 16:00:00","Belgium (BE)","53.20","33.40","26.28","33.62"
"13/11/2024 16:00:00 - 13/11/2024 17:00:00","Belgium (BE)","60.40","39.18","47.53","47.66"
"13/11/2024 17:00:00 - 13/11/2024 18:00:00","Belgium (BE)","69.98","52.05","83.10","51.49"
"13/11/2024 18:00:00 - 13/11/2024 19:00:00","Belgium (BE)","84.43","73.80","101.80","75.32"
"13/11/2024 19:00:00 - 13/11/2024 20:00:00","Belgium (BE)","97.78","95.18","113.58","93.49"
"13/11/2024 20:00:00 - 13/11/2024 21:00:00","Belgium (BE)","128.90","122.13","138.23","141.66"
"13/11/2024 21:00:00 - 13/11/2024 22:00:00","Belgium (BE)","162.55","142.28","187.63","209.41"
"13/11/2024 22:00:00 - 13/11/2024 23:00:00","Belgium (BE)","189.63","157.65","197.25","233.70"
"13/11/2024 23:00:00 - 14/11/2024 00:00:00","Belgium (BE)","209.33","171.50","191.78","213.33"
"14/11/2024 00:00:00 - 14/11/2024 01:00:00","Belgium (BE)","183.65","198.40","198.40","171.66"
"14/11/2024 01:00:00 - 14/11/2024 02:00:00","Belgium (BE)","199.23","200.70","200.70","164.69"
"14/11/2024 02:00:00 - 14/11/2024 03:00:00","Belgium (BE)","212.45","200.83","200.83","173.49"
"14/11/2024 03:00:00 - 14/11/2024 04:00:00","Belgium (BE)","229.40","223.23","223.23","220.86"
"14/11/2024 04:00:00 - 14/11/2024 05:00:00","Belgium (BE)","256.05","234.93","234.93","263.30"
"14/11/2024 05:00:00 - 14/11/2024 06:00:00","Belgium (BE)","278.43","247.48","247.48","264.85"
"14/11/2024 06:00:00 - 14/11/2024 07:00:00","Belgium (BE)","283.55","245.10","245.10","230.43"
"14/11/2024 07:00:00 - 14/11/2024 08:00:00","Belgium (BE)","266.18","230.18","235.10","215.83"
"14/11/2024 08:00:00 - 14/11/2024 09:00:00","Belgium (BE)","248.78","212.40","219.45","188.90"
"14/11/2024 09:00:00 - 14/11/2024 10:00:00","Belgium (BE)","224.93","205.15","202.83","182.55"
"14/11/2024 10:00:00 - 14/11/2024 11:00:00","Belgium (BE)","187.98","205.58","171.83","147.75"
"14/11/2024 11:00:00 - 14/11/2024 12:00:00","Belgium (BE)","170.63","194.83","156.65","146.45"
"14/11/2024 12:00:00 - 14/11/2024 13:00:00","Belgium (BE)","177.98","175.68","133.28","168.52"
"14/11/2024 13:00:00 - 14/11/2024 14:00:00","Belgium (BE)","168.65","150.48","124.93","193.56"
"14/11/2024 14:00:00 - 14/11/2024 15:00:00","Belgium (BE)","146.95","132.20","108.88","177.81"
"14/11/2024 15:00:00 - 14/11/2024 16:00:00","Belgium (BE)","113.65","102.20","97.83","149.19"
"14/11/2024 16:00:00 - 14/11/2024 17:00:00","Belgium (BE)","102.18","80.80","82.95","148.70"
"14/11/2024 17:00:00 - 14/11/2024 18:00:00","Belgium (BE)","119.30","88.85","97.35","151.10"
"14/11/2024 18:00:00 - 14/11/2024 19:00:00","Belgium (BE)","136.28","107.50","99.55","135.14"
"14/11/2024 19:00:00 - 14/11/2024 20:00:00","Belgium (BE)","142.68","107.95","121.55","95.27"
"14/11/2024 20:00:00 - 14/11/2024 21:00:00","Belgium (BE)","135.10","90.23","101.68","69.66"
"14/11/2024 21:00:00 - 14/11/2024 22:00:00","Belgium (BE)","115.50","68.95","58.55","44.22"
"14/11/2024 22:00:00 - 14/11/2024 23:00:00","Belgium (BE)","81.50","52.00","40.75","27.12"
"14/11/2024 23:00:00 - 15/11/2024 00:00:00","Belgium (BE)","51.85","45.68","31.80","32.01"
"15/11/2024 00:00:00 - 15/11/2024 01:00:00","Belgium (BE)","20.75","23.50","23.50","25.23"
"15/11/2024 01:00:00 - 15/11/2024 02:00:00","Belgium (BE)","12.43","20.00","20.00","10.65"
"15/11/2024 02:00:00 - 15/11/2024 03:00:00","Belgium (BE)","8.88","13.70","13.70","6.66"
"15/11/2024 03:00:00 - 15/11/2024 04:00:00","Belgium (BE)","6.20","12.53","12.53","5.48"
"15/11/2024 04:00:00 - 15/11/2024 05:00:00","Belgium (BE)","6.05","9.68","9.68","3.53"
"15/11/2024 05:00:00 - 15/11/2024 06:00:00","Belgium (BE)","13.78","10.60","10.60","3.54"
"15/11/2024 06:00:00 - 15/11/2024 07:00:00","Belgium (BE)","19.83","8.80","8.80","4.83"
"15/11/2024 07:00:00 - 15/11/2024 08:00:00","Belgium (BE)","17.73","9.13","9.45","7.74"
"15/11/2024 08:00:00 - 15/11/2024 09:00:00","Belgium (BE)","17.90","10.18","12.43","7.25"
"15/11/2024 09:00:00 - 15/11/2024 10:00:00","Belgium (BE)","19.78","12.78","16.30","9.23"
"15/11/2024 10:00:00 - 15/11/2024 11:00:00","Belgium (BE)","15.73","16.55","20.13","13.54"
"15/11/2024 11:00:00 - 15/11/2024 12:00:00","Belgium (BE)","14.68","17.88","18.78","12.75"
"15/11/2024 12:00:00 - 15/11/2024 13:00:00","Belgium (BE)","15.65","17.35","18.23","13.27"
"15/11/2024 13:00:00 - 15/11/2024 14:00:00","Belgium (BE)","13.48","18.95","19.75","14.08"
"15/11/2024 14:00:00 - 15/11/2024 15:00:00","Belgium (BE)","14.98","20.73","27.20","22.94"
"15/11/2024 15:00:00 - 15/11/2024 16:00:00","Belgium (BE)","16.98","23.35","31.28","30.11"
"15/11/2024 16:00:00 - 15/11/2024 17:00:00","Belgium (BE)","27.08","36.83","46.58","43.42"
"15/11/2024 17:00:00 - 15/11/2024 18:00:00","Belgium (BE)","54.65","62.53","75.60","61.93"
"15/11/2024 18:00:00 - 15/11/2024 19:00:00","Belgium (BE)","84.10","87.68","96.70","80.55"
"15/11/2024 19:00:00 - 15/11/2024 20:00:00","Belgium (BE)","113.85","110.10","117.23","87.53"
"15/11/2024 20:00:00 - 15/11/2024 21:00:00","Belgium (BE)","138.00","126.85","132.28","92.04"
"15/11/2024 21:00:00 - 15/11/2024 22:00:00","Belgium (BE)","159.18","147.03","153.80","116.80"
"15/11/2024 22:00:00 - 15/11/2024 23:00:00","Belgium (BE)","189.05","177.83","192.60","166.23"
"15/11/2024 23:00:00 - 16/11/2024 00:00:00","Belgium (BE)","224.85","214.28","234.33","201.58"
"16/11/2024 00:00:00 - 16/11/2024 01:00:00","Belgium (BE)","258.98","258.88","258.88","215.05"
"16/11/2024 01:00:00 - 16/11/2024 02:00:00","Belgium (BE)","276.93","272.75","272.75","233.44"
"16/11/2024 02:00:00 - 16/11/2024 03:00:00","Belgium (BE)","294.05","319.18","319.18","273.76"
"16/11/2024 03:00:00 - 16/11/2024 04:00:00","Belgium (BE)","313.03","351.45","351.45","296.39"
"16/11/2024 04:00:00 - 16/11/2024 05:00:00","Belgium (BE)","320.85","352.43","352.43","316.16"
"16/11/2024 05:00:00 - 16/11/2024 06:00:00","Belgium (BE)","327.78","338.25","338.25","351.98"
"16/11/2024 06:00:00 - 16/11/2024 07:00:00","Belgium (BE)","347.38","374.65","374.65","397.36"
"16/11/2024 07:00:00 - 16/11/2024 08:00:00","Belgium (BE)","382.70","412.25","412.25","464.66"
"16/11/2024 08:00:00 - 16/11/2024 09:00:00","Belgium (BE)","417.63","449.58","449.15","482.91"
"16/11/2024 09:00:00 - 16/11/2024 10:00:00","Belgium (BE)","444.90","473.53","444.85","483.24"
"16/11/2024 10:00:00 - 16/11/2024 11:00:00","Belgium (BE)","422.28","442.73","420.95","484.70"
"16/11/2024 11:00:00 - 16/11/2024 12:00:00","Belgium (BE)","400.48","408.80","412.20","510.36"
"16/11/2024 12:00:00 - 16/11/2024 13:00:00","Belgium (BE)","419.80","417.93","426.98","503.89"
"16/11/2024 13:00:00 - 16/11/2024 14:00:00","Belgium (BE)","452.50","448.38","479.28","501.24"
"16/11/2024 14:00:00 - 16/11/2024 15:00:00","Belgium (BE)","501.33","478.33","496.65","514.22"
"16/11/2024 15:00:00 - 16/11/2024 16:00:00","Belgium (BE)","528.38","508.20","528.58","624.88"
"16/11/2024 16:00:00 - 16/11/2024 17:00:00","Belgium (BE)","544.75","541.13","572.18","694.96"
"16/11/2024 17:00:00 - 16/11/2024 18:00:00","Belgium (BE)","586.15","562.13","628.18","781.38"
"16/11/2024 18:00:00 - 16/11/2024 19:00:00","Belgium (BE)","650.88","589.80","678.65","768.59"
"16/11/2024 19:00:00 - 16/11/2024 20:00:00","Belgium (BE)","720.38","649.75","762.45","876.01"
"16/11/2024 20:00:00 - 16/11/2024 21:00:00","Belgium (BE)","788.20","738.75","826.78","1014.48"
"16/11/2024 21:00:00 - 16/11/2024 22:00:00","Belgium (BE)","843.75","811.05","976.50","1094.03"
"16/11/2024 22:00:00 - 16/11/2024 23:00:00","Belgium (BE)","883.28","860.68","1009.68","1176.58"
"16/11/2024 23:00:00 - 17/11/2024 00:00:00","Belgium (BE)","918.20","904.68","1052.73","1201.00"
"17/11/2024 00:00:00 - 17/11/2024 01:00:00","Belgium (BE)","992.08","1214.40","1214.40","1254.13"
"17/11/2024 01:00:00 - 17/11/2024 02:00:00","Belgium (BE)","1021.48","1243.48","1243.48","1303.32"
"17/11/2024 02:00:00 - 17/11/2024 03:00:00","Belgium (BE)","1001.85","1196.83","1196.83","1275.40"
"17/11/2024 03:00:00 - 17/11/2024 04:00:00","Belgium (BE)","945.23","1115.63","1115.63","1242.37"
"17/11/2024 04:00:00 - 17/11/2024 05:00:00","Belgium (BE)","879.60","1027.20","1027.20","1103.91"
"17/11/2024 05:00:00 - 17/11/2024 06:00:00","Belgium (BE)","826.33","1000.55","1000.55","975.26"
"17/11/2024 06:00:00 - 17/11/2024 07:00:00","Belgium (BE)","789.35","922.58","922.58","904.89"
"17/11/2024 07:00:00 - 17/11/2024 08:00:00","Belgium (BE)","762.20","863.10","864.83","770.51"
"17/11/2024 08:00:00 - 17/11/2024 09:00:00","Belgium (BE)","758.18","820.03","825.90","793.18"
"17/11/2024 09:00:00 - 17/11/2024 10:00:00","Belgium (BE)","773.73","811.00","788.15","817.87"
"17/11/2024 10:00:00 - 17/11/2024 11:00:00","Belgium (BE)","838.13","830.58","827.38","877.35"
"17/11/2024 11:00:00 - 17/11/2024 12:00:00","Belgium (BE)","982.83","939.70","869.93","985.09"
"17/11/2024 12:00:00 - 17/11/2024 13:00:00","Belgium (BE)","1122.93","1087.70","973.30","1152.74"
"17/11/2024 13:00:00 - 17/11/2024 14:00:00","Belgium (BE)","1151.60","1144.78","1045.90","1194.63"
"17/11/2024 14:00:00 - 17/11/2024 15:00:00","Belgium (BE)","1096.10","1131.98","1026.10","1188.30"
"17/11/2024 15:00:00 - 17/11/2024 16:00:00","Belgium (BE)","980.30","1052.13","977.10","1111.33"
"17/11/2024 16:00:00 - 17/11/2024 17:00:00","Belgium (BE)","830.33","913.43","895.43","939.00"
"17/11/2024 17:00:00 - 17/11/2024 18:00:00","Belgium (BE)","739.20","803.80","797.75","837.54"
"17/11/2024 18:00:00 - 17/11/2024 19:00:00","Belgium (BE)","752.63","788.03","740.88","888.46"
"17/11/2024 19:00:00 - 17/11/2024 20:00:00","Belgium (BE)","821.90","829.75","800.93","1027.93"
"17/11/2024 20:00:00 - 17/11/2024 21:00:00","Belgium (BE)","890.03","860.83","893.78","1144.96"
"17/11/2024 21:00:00 - 17/11/2024 22:00:00","Belgium (BE)","972.98","871.60","1016.08","1293.28"
"17/11/2024 22:00:00 - 17/11/2024 23:00:00","Belgium (BE)","1034.18","917.75","1136.43","1540.18"
"17/11/2024 23:00:00 - 18/11/2024 00:00:00","Belgium (BE)","1033.88","958.15","1350.15","1578.00"
"18/11/2024 00:00:00 - 18/11/2024 01:00:00","Belgium (BE)","1132.50","1525.83","1525.83","1409.51"
"18/11/2024 01:00:00 - 18/11/2024 02:00:00","Belgium (BE)","1088.40","1437.93","1437.93","1210.45"
"18/11/2024 02:00:00 - 18/11/2024 03:00:00","Belgium (BE)","1043.60","1203.90","1203.90","1084.34"
"18/11/2024 03:00:00 - 18/11/2024 04:00:00","Belgium (BE)","978.58","996.33","996.33","915.97"
"18/11/2024 04:00:00 - 18/11/2024 05:00:00","Belgium (BE)","924.30","794.80","794.80","712.32"
"18/11/2024 05:00:00 - 18/11/2024 06:00:00","Belgium (BE)","852.98","649.93","649.93","485.89"
"18/11/2024 06:00:00 - 18/11/2024 07:00:00","Belgium (BE)","748.70","485.33","485.33","451.61"
"18/11/2024 07:00:00 - 18/11/2024 08:00:00","Belgium (BE)","613.50","316.23","316.23","369.22"
"18/11/2024 08:00:00 - 18/11/2024 09:00:00","Belgium (BE)","482.83","261.73","261.73","275.07"
"18/11/2024 09:00:00 - 18/11/2024 10:00:00","Belgium (BE)","388.05","217.60","213.78","197.81"
"18/11/2024 10:00:00 - 18/11/2024 11:00:00","Belgium (BE)","307.85","178.08","164.00","133.10"
"18/11/2024 11:00:00 - 18/11/2024 12:00:00","Belgium (BE)","245.25","153.05","112.20","93.42"
"18/11/2024 12:00:00 - 18/11/2024 13:00:00","Belgium (BE)","197.23","139.58","82.90","112.72"
"18/11/2024 13:00:00 - 18/11/2024 14:00:00","Belgium (BE)","157.20","119.73","64.70","108.82"
"18/11/2024 14:00:00 - 18/11/2024 15:00:00","Belgium (BE)","121.60","95.65","40.08","105.00"
"18/11/2024 15:00:00 - 18/11/2024 16:00:00","Belgium (BE)","89.80","66.23","40.35","74.54"
"18/11/2024 16:00:00 - 18/11/2024 17:00:00","Belgium (BE)","68.53","44.25","38.30","50.89"
"18/11/2024 17:00:00 - 18/11/2024 18:00:00","Belgium (BE)","75.48","38.70","35.45","34.10"
"18/11/2024 18:00:00 - 18/11/2024 19:00:00","Belgium (BE)","103.15","39.75","35.98","27.96"
"18/11/2024 19:00:00 - 18/11/2024 20:00:00","Belgium (BE)","151.78","54.93","45.28","40.51"
"18/11/2024 20:00:00 - 18/11/2024 21:00:00","Belgium (BE)","233.30","87.03","79.03","83.18"
"18/11/2024 21:00:00 - 18/11/2024 22:00:00","Belgium (BE)","335.93","151.48","181.73","156.95"
"18/11/2024 22:00:00 - 18/11/2024 23:00:00","Belgium (BE)","470.93","266.33","285.80","296.66"
"18/11/2024 23:00:00 - 19/11/2024 00:00:00","Belgium (BE)","668.30","406.70","424.55","504.07"
"19/11/2024 00:00:00 - 19/11/2024 01:00:00","Belgium (BE)","608.30","692.58","692.58","741.14"
"19/11/2024 01:00:00 - 19/11/2024 02:00:00","Belgium (BE)","897.13","1019.80","1019.80","1036.74"
"19/11/2024 02:00:00 - 19/11/2024 03:00:00","Belgium (BE)","1203.70","1349.15","1349.15","1494.54"
"19/11/2024 03:00:00 - 19/11/2024 04:00:00","Belgium (BE)","1539.03","1766.68","1766.68","1905.98"
"19/11/2024 04:00:00 - 19/11/2024 05:00:00","Belgium (BE)","1870.88","2065.65","2065.65","2133.37"
"19/11/2024 05:00:00 - 19/11/2024 06:00:00","Belgium (BE)","2060.10","2209.03","2209.03","2276.33"
"19/11/2024 06:00:00 - 19/11/2024 07:00:00","Belgium (BE)","2099.73","2184.13","2184.13","2333.11"
"19/11/2024 07:00:00 - 19/11/2024 08:00:00","Belgium (BE)","2040.28","2181.43","2181.43","2339.23"
"19/11/2024 08:00:00 - 19/11/2024 09:00:00","Belgium (BE)","1907.03","2099.90","2124.55","2257.24"
"19/11/2024 09:00:00 - 19/11/2024 10:00:00","Belgium (BE)","1693.13","1958.88","2024.33","2003.87"
"19/11/2024 10:00:00 - 19/11/2024 11:00:00","Belgium (BE)","1462.93","1686.30","1818.88","1654.18"
"19/11/2024 11:00:00 - 19/11/2024 12:00:00","Belgium (BE)","1213.90","1343.50","1585.95","1393.24"
"19/11/2024 12:00:00 - 19/11/2024 13:00:00","Belgium (BE)","1015.15","1151.95","1423.33","1429.93"
"19/11/2024 13:00:00 - 19/11/2024 14:00:00","Belgium (BE)","936.10","1010.20","1228.63","1440.72"
"19/11/2024 14:00:00 - 19/11/2024 15:00:00","Belgium (BE)","886.23","831.88","1067.75","1225.47"
"19/11/2024 15:00:00 - 19/11/2024 16:00:00","Belgium (BE)","800.58","652.98","852.83","820.91"
"19/11/2024 16:00:00 - 19/11/2024 17:00:00","Belgium (BE)","666.63","481.85","571.88","454.57"
"19/11/2024 17:00:00 - 19/11/2024 18:00:00","Belgium (BE)","542.38","323.45","369.10","216.50"
"19/11/2024 18:00:00 - 19/11/2024 19:00:00","Belgium (BE)","484.20","219.80","249.80","128.96"
"19/11/2024 19:00:00 - 19/11/2024 20:00:00","Belgium (BE)","477.95","181.63","153.83","138.52"
"19/11/2024 20:00:00 - 19/11/2024 21:00:00","Belgium (BE)","501.50","193.23","169.93","215.59"
"19/11/2024 21:00:00 - 19/11/2024 22:00:00","Belgium (BE)","557.03","228.40","229.85","226.31"
"19/11/2024 22:00:00 - 19/11/2024 23:00:00","Belgium (BE)","668.93","283.33","275.60","224.63"
"19/11/2024 23:00:00 - 20/11/2024 00:00:00","Belgium (BE)","789.93","379.95","361.73","399.21"
"20/11/2024 00:00:00 - 20/11/2024 01:00:00","Belgium (BE)","462.78","502.90","502.90","529.10"
"20/11/2024 01:00:00 - 20/11/2024 02:00:00","Belgium (BE)","598.73","725.80","725.80","735.43"
"20/11/2024 02:00:00 - 20/11/2024 03:00:00","Belgium (BE)","693.15","893.93","893.93","970.80"
"20/11/2024 03:00:00 - 20/11/2024 04:00:00","Belgium (BE)","840.80","1057.98","1057.98","1329.11"
"20/11/2024 04:00:00 - 20/11/2024 05:00:00","Belgium (BE)","1072.63","1232.98","1232.98","1537.29"
"20/11/2024 05:00:00 - 20/11/2024 06:00:00","Belgium (BE)","1287.10","1483.38","1483.38","1574.82"
"20/11/2024 06:00:00 - 20/11/2024 07:00:00","Belgium (BE)","1427.53","1597.65","1597.65","1753.87"
"20/11/2024 07:00:00 - 20/11/2024 08:00:00","Belgium (BE)","1516.33","1661.88","1661.88","1763.69"
"20/11/2024 08:00:00 - 20/11/2024 09:00:00","Belgium (BE)","1560.23","1626.55","1626.55","1730.44"
"20/11/2024 09:00:00 - 20/11/2024 10:00:00","Belgium (BE)","1591.80","1553.25","1516.10","1591.58"
"20/11/2024 10:00:00 - 20/11/2024 11:00:00","Belgium (BE)","1597.25","1473.10","1416.78","1499.21"
"20/11/2024 11:00:00 - 20/11/2024 12:00:00","Belgium (BE)","1639.00","1450.43","1398.58","1488.15"
"20/11/2024 12:00:00 - 20/11/2024 13:00:00","Belgium (BE)","1711.70","1453.38","1326.08","1484.29"
"20/11/2024 13:00:00 - 20/11/2024 14:00:00","Belgium (BE)","1732.70","1441.13","1268.25","1469.89"
"20/11/2024 14:00:00 - 20/11/2024 15:00:00","Belgium (BE)","1695.48","1390.73","1289.63","1498.88"
"20/11/2024 15:00:00 - 20/11/2024 16:00:00","Belgium (BE)","1559.75","1296.45","1299.55","1412.99"
"20/11/2024 16:00:00 - 20/11/2024 17:00:00","Belgium (BE)","1454.50","1227.38","1308.65","1293.81"
"20/11/2024 17:00:00 - 20/11/2024 18:00:00","Belgium (BE)","1455.13","1243.03","1376.00","1284.95"
"20/11/2024 18:00:00 - 20/11/2024 19:00:00","Belgium (BE)","1493.20","1354.05","1505.10","1600.22"
"20/11/2024 19:00:00 - 20/11/2024 20:00:00","Belgium (BE)","1520.58","1497.55","1634.18","1884.08"
"20/11/2024 20:00:00 - 20/11/2024 21:00:00","Belgium (BE)","1519.90","1587.75","1742.75","1894.44"
"20/11/2024 21:00:00 - 20/11/2024 22:00:00","Belgium (BE)","1450.78","1592.33","1927.63","1738.74"
"20/11/2024 22:00:00 - 20/11/2024 23:00:00","Belgium (BE)","1310.53","1527.95","1808.95","1540.29"
"20/11/2024 23:00:00 - 21/11/2024 00:00:00","Belgium (BE)","1191.68","1400.68","1620.18","1327.21"
"21/11/2024 00:00:00 - 21/11/2024 01:00:00","Belgium (BE)","1158.30","1255.80","1255.80","1159.85"
"21/11/2024 01:00:00 - 21/11/2024 02:00:00","Belgium (BE)","978.50","963.20","963.20","999.60"
"21/11/2024 02:00:00 - 21/11/2024 03:00:00","Belgium (BE)","867.13","810.05","810.05","849.84"
"21/11/2024 03:00:00 - 21/11/2024 04:00:00","Belgium (BE)","862.95","727.13","727.13","726.30"
"21/11/2024 04:00:00 - 21/11/2024 05:00:00","Belgium (BE)","890.88","741.38","741.38","783.18"
"21/11/2024 05:00:00 - 21/11/2024 06:00:00","Belgium (BE)","870.78","796.65","796.65","819.99"
"21/11/2024 06:00:00 - 21/11/2024 07:00:00","Belgium (BE)","821.68","852.63","852.63","809.78"
"21/11/2024 07:00:00 - 21/11/2024 08:00:00","Belgium (BE)","753.50","804.55","795.50","823.52"
"21/11/2024 08:00:00 - 21/11/2024 09:00:00","Belgium (BE)","655.08","698.15","689.60","798.71"
"21/11/2024 09:00:00 - 21/11/2024 10:00:00","Belgium (BE)","562.48","616.55","651.18","718.31"
"21/11/2024 10:00:00 - 21/11/2024 11:00:00","Belgium (BE)","489.05","535.75","557.10","569.01"
"21/11/2024 11:00:00 - 21/11/2024 12:00:00","Belgium (BE)","358.60","378.58","410.63","420.29"
"21/11/2024 12:00:00 - 21/11/2024 13:00:00","Belgium (BE)","225.35","231.78","258.95","275.47"
"21/11/2024 13:00:00 - 21/11/2024 14:00:00","Belgium (BE)","131.50","139.38","158.48","137.70"
"21/11/2024 14:00:00 - 21/11/2024 15:00:00","Belgium (BE)","74.25","83.35","104.50","77.56"
"21/11/2024 15:00:00 - 21/11/2024 16:00:00","Belgium (BE)","53.80","67.83","81.68","50.52"
"21/11/2024 16:00:00 - 21/11/2024 17:00:00","Belgium (BE)","66.23","105.73","98.70","66.45"
"21/11/2024 17:00:00 - 21/11/2024 18:00:00","Belgium (BE)","111.93","179.83","169.45","160.55"
"21/11/2024 18:00:00 - 21/11/2024 19:00:00","Belgium (BE)","182.48","274.93","267.95","269.96"
"21/11/2024 19:00:00 - 21/11/2024 20:00:00","Belgium (BE)","255.93","380.68","355.33","280.03"
"21/11/2024 20:00:00 - 21/11/2024 21:00:00","Belgium (BE)","334.88","459.43","413.13","288.22"
"21/11/2024 21:00:00 - 21/11/2024 22:00:00","Belgium (BE)","429.30","521.70","444.08","419.37"
"21/11/2024 22:00:00 - 21/11/2024 23:00:00","Belgium (BE)","535.63","595.58","554.83","588.98"
"21/11/2024 23:00:00 - 22/11/2024 00:00:00","Belgium (BE)","650.10","708.35","705.90","747.91"
"22/11/2024 00:00:00 - 22/11/2024 01:00:00","Belgium (BE)","932.90","907.53","907.53","989.87"
"22/11/2024 01:00:00 - 22/11/2024 02:00:00","Belgium (BE)","1109.28","1077.98","1077.98","1268.17"
"22/11/2024 02:00:00 - 22/11/2024 03:00:00","Belgium (BE)","1237.55","1193.43","1193.43","1368.73"
"22/11/2024 03:00:00 - 22/11/2024 04:00:00","Belgium (BE)","1271.95","1263.58","1263.58","1410.79"
"22/11/2024 04:00:00 - 22/11/2024 05:00:00","Belgium (BE)","1252.20","1304.83","1304.83","1444.14"
"22/11/2024 05:00:00 - 22/11/2024 06:00:00","Belgium (BE)","1251.33","1299.33","1299.33","1460.74"
"22/11/2024 06:00:00 - 22/11/2024 07:00:00","Belgium (BE)","1291.63","1310.23","1310.23","1456.29"
"22/11/2024 07:00:00 - 22/11/2024 08:00:00","Belgium (BE)","1354.83","1411.93","1411.93","1477.37"
"22/11/2024 08:00:00 - 22/11/2024 09:00:00","Belgium (BE)","1427.13","1459.60","1459.18","1619.34"
"22/11/2024 09:00:00 - 22/11/2024 10:00:00","Belgium (BE)","1527.38","1511.20","1573.03","1643.90"
"22/11/2024 10:00:00 - 22/11/2024 11:00:00","Belgium (BE)","1608.80","1545.45","1635.30","1647.51"
"22/11/2024 11:00:00 - 22/11/2024 12:00:00","Belgium (BE)","1634.55","1576.83","1589.55","1705.06"
"22/11/2024 12:00:00 - 22/11/2024 13:00:00","Belgium (BE)","1679.15","1625.25","1605.40","1706.17"
"22/11/2024 13:00:00 - 22/11/2024 14:00:00","Belgium (BE)","1737.10","1716.73","1754.53","1731.28"
"22/11/2024 14:00:00 - 22/11/2024 15:00:00","Belgium (BE)","1777.43","1800.93","1799.38","1766.83"
"22/11/2024 15:00:00 - 22/11/2024 16:00:00","Belgium (BE)","1749.38","1771.88","1760.40","1781.52"
"22/11/2024 16:00:00 - 22/11/2024 17:00:00","Belgium (BE)","1635.73","1648.55","1632.80","1854.01"
"22/11/2024 17:00:00 - 22/11/2024 18:00:00","Belgium (BE)","1477.25","1468.03","1423.63","1686.66"
"22/11/2024 18:00:00 - 22/11/2024 19:00:00","Belgium (BE)","1296.18","1240.75","1268.05","1373.71"
"22/11/2024 19:00:00 - 22/11/2024 20:00:00","Belgium (BE)","1084.08","1044.13","1064.93","1125.28"
"22/11/2024 20:00:00 - 22/11/2024 21:00:00","Belgium (BE)","908.63","852.13","871.28","840.34"
"22/11/2024 21:00:00 - 22/11/2024 22:00:00","Belgium (BE)","782.50","729.05","778.63","621.96"
"22/11/2024 22:00:00 - 22/11/2024 23:00:00","Belgium (BE)","722.55","669.63","746.38","559.53"
"22/11/2024 23:00:00 - 23/11/2024 00:00:00","Belgium (BE)","720.35","612.90","794.78","672.14"
"23/11/2024 00:00:00 - 23/11/2024 01:00:00","Belgium (BE)","805.48","774.85","774.85","824.65"
"23/11/2024 01:00:00 - 23/11/2024 02:00:00","Belgium (BE)","824.58","815.40","815.40","873.71"
"23/11/2024 02:00:00 - 23/11/2024 03:00:00","Belgium (BE)","817.05","855.00","855.00","895.98"
"23/11/2024 03:00:00 - 23/11/2024 04:00:00","Belgium (BE)","782.13","840.95","840.95","896.67"
"23/11/2024 04:00:00 - 23/11/2024 05:00:00","Belgium (BE)","752.85","860.45","860.45","951.97"
"23/11/2024 05:00:00 - 23/11/2024 06:00:00","Belgium (BE)","801.48","939.15","939.15","1076.21"
"23/11/2024 06:00:00 - 23/11/2024 07:00:00","Belgium (BE)","931.55","1119.68","1119.68","1063.09"
"23/11/2024 07:00:00 - 23/11/2024 08:00:00","Belgium (BE)","1066.70","1261.70","1261.70","1257.17"
"23/11/2024 08:00:00 - 23/11/2024 09:00:00","Belgium (BE)","1152.50","1327.23","1327.23","1457.67"
"23/11/2024 09:00:00 - 23/11/2024 10:00:00","Belgium (BE)","1209.43","1362.70","1342.35","1614.92"
"23/11/2024 10:00:00 - 23/11/2024 11:00:00","Belgium (BE)","1277.55","1383.68","1436.68","1752.18"
"23/11/2024 11:00:00 - 23/11/2024 12:00:00","Belgium (BE)","1355.68","1466.55","1577.25","1908.22"
"23/11/2024 12:00:00 - 23/11/2024 13:00:00","Belgium (BE)","1457.38","1626.93","1689.33","2078.06"
"23/11/2024 13:00:00 - 23/11/2024 14:00:00","Belgium (BE)","1630.38","1790.98","1976.40","2153.81"
"23/11/2024 14:00:00 - 23/11/2024 15:00:00","Belgium (BE)","1846.65","1918.53","2143.65","2185.85"
"23/11/2024 15:00:00 - 23/11/2024 16:00:00","Belgium (BE)","1965.55","2008.05","2215.88","2198.55"
"23/11/2024 16:00:00 - 23/11/2024 17:00:00","Belgium (BE)","2006.35","2062.60","2215.63","2240.80"
"23/11/2024 17:00:00 - 23/11/2024 18:00:00","Belgium (BE)","2046.98","2108.70","2233.03","2292.60"
"23/11/2024 18:00:00 - 23/11/2024 19:00:00","Belgium (BE)","2091.75","2149.40","2269.15","2118.21"
"23/11/2024 19:00:00 - 23/11/2024 20:00:00","Belgium (BE)","2124.85","2172.80","2288.68","2177.23"
"23/11/2024 20:00:00 - 23/11/2024 21:00:00","Belgium (BE)","2145.00","2190.63","2218.95","2142.67"
"23/11/2024 21:00:00 - 23/11/2024 22:00:00","Belgium (BE)","2166.63","2205.88","2260.30","2062.53"
"23/11/2024 22:00:00 - 23/11/2024 23:00:00","Belgium (BE)","2185.53","2211.28","2266.58","2201.90"
"23/11/2024 23:00:00 - 24/11/2024 00:00:00","Belgium (BE)","2192.20","2202.00","2251.90","2257.02"
"24/11/2024 00:00:00 - 24/11/2024 01:00:00","Belgium (BE)","2209.45","2211.88","2211.88","2263.51"
"24/11/2024 01:00:00 - 24/11/2024 02:00:00","Belgium (BE)","2197.55","2232.13","2232.13","2239.88"
"24/11/2024 02:00:00 - 24/11/2024 03:00:00","Belgium (BE)","2193.60","2236.90","2236.90","2230.58"
"24/11/2024 03:00:00 - 24/11/2024 04:00:00","Belgium (BE)","2190.50","2236.60","2236.60","2132.90"
"24/11/2024 04:00:00 - 24/11/2024 05:00:00","Belgium (BE)","2188.65","2234.48","2234.48","2137.51"
"24/11/2024 05:00:00 - 24/11/2024 06:00:00","Belgium (BE)","2188.90","2207.23","2207.23","2140.13"
"24/11/2024 06:00:00 - 24/11/2024 07:00:00","Belgium (BE)","2186.28","2204.68","2204.68","2114.30"
"24/11/2024 07:00:00 - 24/11/2024 08:00:00","Belgium (BE)","2182.70","2217.20","2200.95","2151.49"
"24/11/2024 08:00:00 - 24/11/2024 09:00:00","Belgium (BE)","2191.25","2218.43","2214.48","2186.47"
"24/11/2024 09:00:00 - 24/11/2024 10:00:00","Belgium (BE)","2211.80","2228.48","2245.28","2197.51"
"24/11/2024 10:00:00 - 24/11/2024 11:00:00","Belgium (BE)","2227.55","2240.78","2265.33","2027.39"
"24/11/2024 11:00:00 - 24/11/2024 12:00:00","Belgium (BE)","2234.93","2237.55","2262.00","1987.93"
"24/11/2024 12:00:00 - 24/11/2024 13:00:00","Belgium (BE)","2227.85","2222.78","2264.20","2023.07"
"24/11/2024 13:00:00 - 24/11/2024 14:00:00","Belgium (BE)","2217.78","2212.50","2176.15","2108.26"
"24/11/2024 14:00:00 - 24/11/2024 15:00:00","Belgium (BE)","2223.45","2225.05","2216.48","2120.98"
"24/11/2024 15:00:00 - 24/11/2024 16:00:00","Belgium (BE)","2216.30","2233.63","2194.50","2113.82"
"24/11/2024 16:00:00 - 24/11/2024 17:00:00","Belgium (BE)","2205.65","2232.95","2201.13","2166.54"
"24/11/2024 17:00:00 - 24/11/2024 18:00:00","Belgium (BE)","2210.55","2235.03","2199.08","2217.33"
"24/11/2024 18:00:00 - 24/11/2024 19:00:00","Belgium (BE)","2220.58","2242.98","2218.15","2255.64"
"24/11/2024 19:00:00 - 24/11/2024 20:00:00","Belgium (BE)","2230.78","2251.33","2226.53","2230.22"
"24/11/2024 20:00:00 - 24/11/2024 21:00:00","Belgium (BE)","2236.78","2251.63","2234.40","2245.02"
"24/11/2024 21:00:00 - 24/11/2024 22:00:00","Belgium (BE)","2234.50","2247.83","2242.70","2241.39"
"24/11/2024 22:00:00 - 24/11/2024 23:00:00","Belgium (BE)","2229.88","2240.25","2248.70","2179.97"
"24/11/2024 23:00:00 - 25/11/2024 00:00:00","Belgium (BE)","2222.70","2235.48","2244.95","2126.86"
"25/11/2024 00:00:00 - 25/11/2024 01:00:00","Belgium (BE)","2234.58","2203.48","2203.48","2033.13"
"25/11/2024 01:00:00 - 25/11/2024 02:00:00","Belgium (BE)","2228.03","2167.68","2167.68","2075.25"
"25/11/2024 02:00:00 - 25/11/2024 03:00:00","Belgium (BE)","2215.25","2117.13","2117.13","2042.66"
"25/11/2024 03:00:00 - 25/11/2024 04:00:00","Belgium (BE)","2201.75","2127.70","2127.70","2011.47"
"25/11/2024 04:00:00 - 25/11/2024 05:00:00","Belgium (BE)","2190.68","2118.20","2118.20","1964.10"
"25/11/2024 05:00:00 - 25/11/2024 06:00:00","Belgium (BE)","2192.45","2081.30","2081.30","1990.25"
"25/11/2024 06:00:00 - 25/11/2024 07:00:00","Belgium (BE)","2193.98","2092.45","2092.45","2138.86"
"25/11/2024 07:00:00 - 25/11/2024 08:00:00","Belgium (BE)","2178.88","2034.78","2034.78","2095.29"
"25/11/2024 08:00:00 - 25/11/2024 09:00:00","Belgium (BE)","2134.25","2034.08","2034.08","1982.52"
"25/11/2024 09:00:00 - 25/11/2024 10:00:00","Belgium (BE)","2058.05","1988.45","1875.75","1694.11"
"25/11/2024 10:00:00 - 25/11/2024 11:00:00","Belgium (BE)","1909.55","1893.55","1719.33","1516.22"
"25/11/2024 11:00:00 - 25/11/2024 12:00:00","Belgium (BE)","1710.30","1718.08","1479.08","1333.47"
"25/11/2024 12:00:00 - 25/11/2024 13:00:00","Belgium (BE)","1494.90","1508.80","1331.38","1165.16"
"25/11/2024 13:00:00 - 25/11/2024 14:00:00","Belgium (BE)","1315.78","1314.00","1133.90","886.87"
"25/11/2024 14:00:00 - 25/11/2024 15:00:00","Belgium (BE)","1159.58","1114.05","951.10","628.91"
"25/11/2024 15:00:00 - 25/11/2024 16:00:00","Belgium (BE)","1034.85","979.55","818.13","757.02"
"25/11/2024 16:00:00 - 25/11/2024 17:00:00","Belgium (BE)","991.68","928.40","748.43","840.52"
"25/11/2024 17:00:00 - 25/11/2024 18:00:00","Belgium (BE)","1002.25","952.98","766.18","898.24"
"25/11/2024 18:00:00 - 25/11/2024 19:00:00","Belgium (BE)","1042.45","1033.95","834.33","934.06"
"25/11/2024 19:00:00 - 25/11/2024 20:00:00","Belgium (BE)","1056.10","1077.45","889.18","895.78"
"25/11/2024 20:00:00 - 25/11/2024 21:00:00","Belgium (BE)","1026.50","1043.50","886.65","916.86"
"25/11/2024 21:00:00 - 25/11/2024 22:00:00","Belgium (BE)","964.75","991.75","843.83","884.01"
"25/11/2024 22:00:00 - 25/11/2024 23:00:00","Belgium (BE)","906.98","968.73","798.90","907.16"
"25/11/2024 23:00:00 - 26/11/2024 00:00:00","Belgium (BE)","892.60","968.90","778.38","990.64"
"26/11/2024 00:00:00 - 26/11/2024 01:00:00","Belgium (BE)","801.33","843.18","843.18","881.22"
"26/11/2024 01:00:00 - 26/11/2024 02:00:00","Belgium (BE)","830.80","877.75","877.75","821.10"
"26/11/2024 02:00:00 - 26/11/2024 03:00:00","Belgium (BE)","830.28","814.63","814.63","798.19"
"26/11/2024 03:00:00 - 26/11/2024 04:00:00","Belgium (BE)","816.58","775.95","775.95","817.11"
"26/11/2024 04:00:00 - 26/11/2024 05:00:00","Belgium (BE)","801.08","762.28","762.28","843.03"
"26/11/2024 05:00:00 - 26/11/2024 06:00:00","Belgium (BE)","794.95","765.78","765.78","875.34"
"26/11/2024 06:00:00 - 26/11/2024 07:00:00","Belgium (BE)","804.18","748.83","748.83","908.05"
"26/11/2024 07:00:00 - 26/11/2024 08:00:00","Belgium (BE)","822.28","790.65","790.65","1007.22"
"26/11/2024 08:00:00 - 26/11/2024 09:00:00","Belgium (BE)","835.38","799.73","799.73","955.71"
"26/11/2024 09:00:00 - 26/11/2024 10:00:00","Belgium (BE)","832.55","822.98","916.18","809.57"
"26/11/2024 10:00:00 - 26/11/2024 11:00:00","Belgium (BE)","825.85","864.83","875.45","703.72"
"26/11/2024 11:00:00 - 26/11/2024 12:00:00","Belgium (BE)","839.33","930.88","875.63","738.13"
"26/11/2024 12:00:00 - 26/11/2024 13:00:00","Belgium (BE)","873.45","997.70","951.75","856.87"
"26/11/2024 13:00:00 - 26/11/2024 14:00:00","Belgium (BE)","871.90","996.90","962.30","954.43"
"26/11/2024 14:00:00 - 26/11/2024 15:00:00","Belgium (BE)","795.93","904.98","864.33","919.07"
"26/11/2024 15:00:00 - 26/11/2024 16:00:00","Belgium (BE)","662.35","753.63","761.88","779.61"
"26/11/2024 16:00:00 - 26/11/2024 17:00:00","Belgium (BE)","540.40","617.93","645.48","588.32"
"26/11/2024 17:00:00 - 26/11/2024 18:00:00","Belgium (BE)","491.20","559.50","565.30","648.41"
"26/11/2024 18:00:00 - 26/11/2024 19:00:00","Belgium (BE)","506.95","548.80","509.35","685.34"
"26/11/2024 19:00:00 - 26/11/2024 20:00:00","Belgium (BE)","515.58","527.13","520.85","544.59"
"26/11/2024 20:00:00 - 26/11/2024 21:00:00","Belgium (BE)","486.38","476.95","500.85","460.67"
"26/11/2024 21:00:00 - 26/11/2024 22:00:00","Belgium (BE)","449.58","437.00","451.85","379.89"
"26/11/2024 22:00:00 - 26/11/2024 23:00:00","Belgium (BE)","416.08","424.45","429.30","388.72"
"26/11/2024 23:00:00 - 27/11/2024 00:00:00","Belgium (BE)","392.30","416.70","407.75","499.01"
"27/11/2024 00:00:00 - 27/11/2024 01:00:00","Belgium (BE)","376.18","382.50","382.50","542.84"
"27/11/2024 01:00:00 - 27/11/2024 02:00:00","Belgium (BE)","373.30","461.38","461.38","546.44"
"27/11/2024 02:00:00 - 27/11/2024 03:00:00","Belgium (BE)","393.53","487.90","487.90","577.86"
"27/11/2024 03:00:00 - 27/11/2024 04:00:00","Belgium (BE)","473.05","573.78","573.78","713.27"
"27/11/2024 04:00:00 - 27/11/2024 05:00:00","Belgium (BE)","628.48","758.20","758.20","898.41"
"27/11/2024 05:00:00 - 27/11/2024 06:00:00","Belgium (BE)","846.60","1041.38","1041.38","1156.02"
"27/11/2024 06:00:00 - 27/11/2024 07:00:00","Belgium (BE)","1099.88","1281.83","1281.83","1448.53"
"27/11/2024 07:00:00 - 27/11/2024 08:00:00","Belgium (BE)","1357.80","1572.88","1572.88","1729.58"
"27/11/2024 08:00:00 - 27/11/2024 09:00:00","Belgium (BE)","1586.48","1753.50","1815.23","2001.45"
"27/11/2024 09:00:00 - 27/11/2024 10:00:00","Belgium (BE)","1758.80","1897.25","2036.73","2124.17"
"27/11/2024 10:00:00 - 27/11/2024 11:00:00","Belgium (BE)","1886.23","1993.53","2115.80","2219.10"
"27/11/2024 11:00:00 - 27/11/2024 12:00:00","Belgium (BE)","1968.45","2046.35","2193.13","2250.84"
"27/11/2024 12:00:00 - 27/11/2024 13:00:00","Belgium (BE)","2016.25","2089.65","2214.73","2303.01"
"27/11/2024 13:00:00 - 27/11/2024 14:00:00","Belgium (BE)","2060.73","2120.05","2266.35","2312.39"
"27/11/2024 14:00:00 - 27/11/2024 15:00:00","Belgium (BE)","2091.50","2150.23","2287.88","2293.81"
"27/11/2024 15:00:00 - 27/11/2024 16:00:00","Belgium (BE)","2109.13","2166.35","2273.93","2294.64"
"27/11/2024 16:00:00 - 27/11/2024 17:00:00","Belgium (BE)","2102.35","2145.18","2212.58","2334.49"
"27/11/2024 17:00:00 - 27/11/2024 18:00:00","Belgium (BE)","2056.75","2031.30","2097.55","2277.60"
"27/11/2024 18:00:00 - 27/11/2024 19:00:00","Belgium (BE)","1948.28","1879.43","1928.43","2120.18"
"27/11/2024 19:00:00 - 27/11/2024 20:00:00","Belgium (BE)","1789.90","1697.90","1696.35","1867.59"
"27/11/2024 20:00:00 - 27/11/2024 21:00:00","Belgium (BE)","1572.20","1509.78","1487.48","1514.40"
"27/11/2024 21:00:00 - 27/11/2024 22:00:00","Belgium (BE)","1371.38","1365.10","1351.83","1269.87"
"27/11/2024 22:00:00 - 27/11/2024 23:00:00","Belgium (BE)","1223.28","1271.50","1213.48","1143.94"
"27/11/2024 23:00:00 - 28/11/2024 00:00:00","Belgium (BE)","1120.00","1209.85","1128.00","1076.16"
"28/11/2024 00:00:00 - 28/11/2024 01:00:00","Belgium (BE)","953.98","1029.63","1029.63","1083.71"
"28/11/2024 01:00:00 - 28/11/2024 02:00:00","Belgium (BE)","888.90","929.90","929.90","1045.24"
"28/11/2024 02:00:00 - 28/11/2024 03:00:00","Belgium (BE)","789.40","857.58","857.58","969.14"
"28/11/2024 03:00:00 - 28/11/2024 04:00:00","Belgium (BE)","686.05","734.75","734.75","853.52"
"28/11/2024 04:00:00 - 28/11/2024 05:00:00","Belgium (BE)","604.85","678.95","678.95","794.73"
"28/11/2024 05:00:00 - 28/11/2024 06:00:00","Belgium (BE)","540.95","615.83","615.83","734.36"
"28/11/2024 06:00:00 - 28/11/2024 07:00:00","Belgium (BE)","486.30","562.38","562.38","681.10"
"28/11/2024 07:00:00 - 28/11/2024 08:00:00","Belgium (BE)","442.28","492.23","521.18","600.40"
"28/11/2024 08:00:00 - 28/11/2024 09:00:00","Belgium (BE)","398.03","435.53","481.83","552.04"
"28/11/2024 09:00:00 - 28/11/2024 10:00:00","Belgium (BE)","343.68","372.43","428.28","462.69"
"28/11/2024 10:00:00 - 28/11/2024 11:00:00","Belgium (BE)","289.88","312.98","380.93","339.31"
"28/11/2024 11:00:00 - 28/11/2024 12:00:00","Belgium (BE)","233.20","247.03","291.43","211.22"
"28/11/2024 12:00:00 - 28/11/2024 13:00:00","Belgium (BE)","199.35","213.05","236.38","193.52"
"28/11/2024 13:00:00 - 28/11/2024 14:00:00","Belgium (BE)","188.55","199.88","189.33","199.07"
"28/11/2024 14:00:00 - 28/11/2024 15:00:00","Belgium (BE)","154.85","156.33","156.68","173.88"
"28/11/2024 15:00:00 - 28/11/2024 16:00:00","Belgium (BE)","111.28","108.63","117.88","125.05"
"28/11/2024 16:00:00 - 28/11/2024 17:00:00","Belgium (BE)","98.80","100.43","105.73","100.75"
"28/11/2024 17:00:00 - 28/11/2024 18:00:00","Belgium (BE)","103.05","107.95","118.23","83.10"
"28/11/2024 18:00:00 - 28/11/2024 19:00:00","Belgium (BE)","95.33","92.30","111.85","77.77"
"28/11/2024 19:00:00 - 28/11/2024 20:00:00","Belgium (BE)","76.15","60.90","82.30","67.78"
"28/11/2024 20:00:00 - 28/11/2024 21:00:00","Belgium (BE)","48.10","30.90","62.03","43.20"
"28/11/2024 21:00:00 - 28/11/2024 22:00:00","Belgium (BE)","30.85","17.20","40.90","27.73"
"28/11/2024 22:00:00 - 28/11/2024 23:00:00","Belgium (BE)","18.95","16.15","23.63","12.45"
"28/11/2024 23:00:00 - 29/11/2024 00:00:00","Belgium (BE)","15.03","16.70","21.10","8.91"
"29/11/2024 00:00:00 - 29/11/2024 01:00:00","Belgium (BE)","24.63","25.63","25.63","12.78"
"29/11/2024 01:00:00 - 29/11/2024 02:00:00","Belgium (BE)","33.33","34.83","34.83","17.17"
"29/11/2024 02:00:00 - 29/11/2024 03:00:00","Belgium (BE)","49.53","69.95","69.95","31.43"
"29/11/2024 03:00:00 - 29/11/2024 04:00:00","Belgium (BE)","70.65","111.13","111.13","83.18"
"29/11/2024 04:00:00 - 29/11/2024 05:00:00","Belgium (BE)","95.03","172.20","172.20","175.50"
"29/11/2024 05:00:00 - 29/11/2024 06:00:00","Belgium (BE)","127.20","255.68","255.68","312.74"
"29/11/2024 06:00:00 - 29/11/2024 07:00:00","Belgium (BE)","178.10","363.18","363.18","491.37"
"29/11/2024 07:00:00 - 29/11/2024 08:00:00","Belgium (BE)","234.08","441.73","465.45","608.34"
"29/11/2024 08:00:00 - 29/11/2024 09:00:00","Belgium (BE)","274.55","494.78","511.03","741.66"
"29/11/2024 09:00:00 - 29/11/2024 10:00:00","Belgium (BE)","271.83","510.23","637.98","687.10"
"29/11/2024 10:00:00 - 29/11/2024 11:00:00","Belgium (BE)","249.85","490.08","653.13","544.85"
"29/11/2024 11:00:00 - 29/11/2024 12:00:00","Belgium (BE)","204.70","372.58","478.45","356.26"
"29/11/2024 12:00:00 - 29/11/2024 13:00:00","Belgium (BE)","169.08","242.48","286.83","174.68"
"29/11/2024 13:00:00 - 29/11/2024 14:00:00","Belgium (BE)","170.95","190.23","168.70","139.02"
"29/11/2024 14:00:00 - 29/11/2024 15:00:00","Belgium (BE)","195.78","187.15","158.75","173.83"
"29/11/2024 15:00:00 - 29/11/2024 16:00:00","Belgium (BE)","250.35","241.10","207.23","196.62"
"29/11/2024 16:00:00 - 29/11/2024 17:00:00","Belgium (BE)","342.50","368.05","311.70","307.91"
"29/11/2024 17:00:00 - 29/11/2024 18:00:00","Belgium (BE)","445.43","517.75","443.43","532.22"
"29/11/2024 18:00:00 - 29/11/2024 19:00:00","Belgium (BE)","509.10","625.73","576.83","695.71"
"29/11/2024 19:00:00 - 29/11/2024 20:00:00","Belgium (BE)","561.33","701.08","703.08","838.47"
"29/11/2024 20:00:00 - 29/11/2024 21:00:00","Belgium (BE)","623.65","772.80","778.45","997.63"
"29/11/2024 21:00:00 - 29/11/2024 22:00:00","Belgium (BE)","696.38","825.30","884.83","1109.61"
"29/11/2024 22:00:00 - 29/11/2024 23:00:00","Belgium (BE)","774.28","853.25","918.40","1195.91"
"29/11/2024 23:00:00 - 30/11/2024 00:00:00","Belgium (BE)","827.83","864.18","914.10","1253.81"
"30/11/2024 00:00:00 - 30/11/2024 01:00:00","Belgium (BE)","829.45","1002.20","1002.20","1141.88"
"30/11/2024 01:00:00 - 30/11/2024 02:00:00","Belgium (BE)","768.08","948.83","948.83","1054.58"
"30/11/2024 02:00:00 - 30/11/2024 03:00:00","Belgium (BE)","713.50","820.70","820.70","1010.59"
"30/11/2024 03:00:00 - 30/11/2024 04:00:00","Belgium (BE)","673.50","758.98","758.98","847.77"
"30/11/2024 04:00:00 - 30/11/2024 05:00:00","Belgium (BE)","665.13","726.55","726.55","925.71"
"30/11/2024 05:00:00 - 30/11/2024 06:00:00","Belgium (BE)","654.90","751.85","751.85","941.33"
"30/11/2024 06:00:00 - 30/11/2024 07:00:00","Belgium (BE)","634.75","771.75","771.75","932.91"
"30/11/2024 07:00:00 - 30/11/2024 08:00:00","Belgium (BE)","627.85","720.30","751.85","828.76"
"30/11/2024 08:00:00 - 30/11/2024 09:00:00","Belgium (BE)","637.05","695.45","715.60","904.53"
"30/11/2024 09:00:00 - 30/11/2024 10:00:00","Belgium (BE)","612.00","654.88","713.65","861.74"
"30/11/2024 10:00:00 - 30/11/2024 11:00:00","Belgium (BE)","522.90","577.25","629.78","712.35"
"30/11/2024 11:00:00 - 30/11/2024 12:00:00","Belgium (BE)","362.35","419.20","515.85","394.81"
"30/11/2024 12:00:00 - 30/11/2024 13:00:00","Belgium (BE)","228.80","257.80","331.18","225.12"
"30/11/2024 13:00:00 - 30/11/2024 14:00:00","Belgium (BE)","163.25","175.83","209.20","165.84"
"30/11/2024 14:00:00 - 30/11/2024 15:00:00","Belgium (BE)","138.88","150.13","166.08","132.14"
"30/11/2024 15:00:00 - 30/11/2024 16:00:00","Belgium (BE)","157.73","168.48","187.33","156.80"
"30/11/2024 16:00:00 - 30/11/2024 17:00:00","Belgium (BE)","202.35","207.00","227.80","211.57"
"30/11/2024 17:00:00 - 30/11/2024 18:00:00","Belgium (BE)","253.65","255.35","272.88","349.80"
"30/11/2024 18:00:00 - 30/11/2024 19:00:00","Belgium (BE)","293.20","302.60","326.30","427.34"
"30/11/2024 19:00:00 - 30/11/2024 20:00:00","Belgium (BE)","314.25","341.23","402.45","393.44"
"30/11/2024 20:00:00 - 30/11/2024 21:00:00","Belgium (BE)","342.45","374.68","432.15","384.55"
"30/11/2024 21:00:00 - 30/11/2024 22:00:00","Belgium (BE)","386.63","396.80","409.50","410.24"
"30/11/2024 22:00:00 - 30/11/2024 23:00:00","Belgium (BE)","417.18","409.68","407.40","455.66"
"30/11/2024 23:00:00 - 01/12/2024 00:00:00","Belgium (BE)","420.20","412.25","402.18","438.69"
"01/12/2024 00:00:00 - 01/12/2024 01:00:00","Belgium (BE)","395.75","431.50","431.50","374.18"
"01/12/2024 01:00:00 - 01/12/2024 02:00:00","Belgium (BE)","398.43","431.93","431.93","369.47"
"01/12/2024 02:00:00 - 01/12/2024 03:00:00","Belgium (BE)","425.05","430.60","430.60","377.79"
"01/12/2024 03:00:00 - 01/12/2024 04:00:00","Belgium (BE)","481.73","478.55","478.55","443.79"
"01/12/2024 04:00:00 - 01/12/2024 05:00:00","Belgium (BE)","542.80","530.98","530.98","490.99"
"01/12/2024 05:00:00 - 01/12/2024 06:00:00","Belgium (BE)","605.75","593.88","593.88","609.47"
"01/12/2024 06:00:00 - 01/12/2024 07:00:00","Belgium (BE)","670.33","653.23","653.23","696.14"
"01/12/2024 07:00:00 - 01/12/2024 08:00:00","Belgium (BE)","728.43","738.10","765.30","735.85"
"01/12/2024 08:00:00 - 01/12/2024 09:00:00","Belgium (BE)","794.53","819.08","849.20","805.69"
"01/12/2024 09:00:00 - 01/12/2024 10:00:00","Belgium (BE)","844.63","877.50","888.98","806.89"
"01/12/2024 10:00:00 - 01/12/2024 11:00:00","Belgium (BE)","926.38","960.20","872.75","704.19"
"01/12/2024 11:00:00 - 01/12/2024 12:00:00","Belgium (BE)","870.15","923.28","802.45","657.65"
"01/12/2024 12:00:00 - 01/12/2024 13:00:00","Belgium (BE)","739.40","798.20","749.03","651.68"
"01/12/2024 13:00:00 - 01/12/2024 14:00:00","Belgium (BE)","789.03","794.30","720.60","687.08"
"01/12/2024 14:00:00 - 01/12/2024 15:00:00","Belgium (BE)","873.73","881.25","834.35","875.22"
"01/12/2024 15:00:00 - 01/12/2024 16:00:00","Belgium (BE)","911.80","955.35","997.05","1085.02"
"01/12/2024 16:00:00 - 01/12/2024 17:00:00","Belgium (BE)","989.73","1006.75","1100.43","1244.07"
"01/12/2024 17:00:00 - 01/12/2024 18:00:00","Belgium (BE)","1062.18","1054.20","1190.10","1392.56"
"01/12/2024 18:00:00 - 01/12/2024 19:00:00","Belgium (BE)","1107.38","1081.90","1185.33","1369.68"
"01/12/2024 19:00:00 - 01/12/2024 20:00:00","Belgium (BE)","1145.68","1075.38","1255.50","1257.99"
"01/12/2024 20:00:00 - 01/12/2024 21:00:00","Belgium (BE)","1146.23","1037.95","1192.58","1262.90"
"01/12/2024 21:00:00 - 01/12/2024 22:00:00","Belgium (BE)","1094.68","988.03","1131.55","1179.43"
"01/12/2024 22:00:00 - 01/12/2024 23:00:00","Belgium (BE)","1022.45","955.63","1087.45","1013.68"
"01/12/2024 23:00:00 - 02/12/2024 00:00:00","Belgium (BE)","957.30","942.23","1074.45","977.11"
"02/12/2024 00:00:00 - 02/12/2024 01:00:00","Belgium (BE)","1070.78","1049.65","1049.65","1100.05"
"02/12/2024 01:00:00 - 02/12/2024 02:00:00","Belgium (BE)","1087.85","1060.60","1060.60","1161.96"
"02/12/2024 02:00:00 - 02/12/2024 03:00:00","Belgium (BE)","1086.63","1086.98","1086.98","1206.06"
"02/12/2024 03:00:00 - 02/12/2024 04:00:00","Belgium (BE)","1077.88","1109.58","1109.58","1140.85"
"02/12/2024 04:00:00 - 02/12/2024 05:00:00","Belgium (BE)","1074.93","1135.40","1135.40","1166.87"
"02/12/2024 05:00:00 - 02/12/2024 06:00:00","Belgium (BE)","1078.38","1095.80","1095.80","1162.31"
"02/12/2024 06:00:00 - 02/12/2024 07:00:00","Belgium (BE)","1075.88","1094.25","1094.25","1095.53"
"02/12/2024 07:00:00 - 02/12/2024 08:00:00","Belgium (BE)","1074.38","1101.28","1093.03","1089.10"
"02/12/2024 08:00:00 - 02/12/2024 09:00:00","Belgium (BE)","1067.05","1119.88","1117.00","1101.75"
"02/12/2024 09:00:00 - 02/12/2024 10:00:00","Belgium (BE)","1069.63","1133.33","1124.73","1087.67"
"02/12/2024 10:00:00 - 02/12/2024 11:00:00","Belgium (BE)","1122.98","1164.60","1155.65","1149.87"
"02/12/2024 11:00:00 - 02/12/2024 12:00:00","Belgium (BE)","1176.93","1174.40","1151.60","1207.16"
"02/12/2024 12:00:00 - 02/12/2024 13:00:00","Belgium (BE)","1152.05","1122.30","1143.03","1229.17"
"02/12/2024 13:00:00 - 02/12/2024 14:00:00","Belgium (BE)","1017.68","1008.35","1065.05","1221.07"
"02/12/2024 14:00:00 - 02/12/2024 15:00:00","Belgium (BE)","879.40","928.38","973.70","1170.09"
"02/12/2024 15:00:00 - 02/12/2024 16:00:00","Belgium (BE)","813.90","883.83","925.95","987.40"
"02/12/2024 16:00:00 - 02/12/2024 17:00:00","Belgium (BE)","767.88","821.98","877.08","929.03"
"02/12/2024 17:00:00 - 02/12/2024 18:00:00","Belgium (BE)","756.63","801.80","861.58","1004.26"
"02/12/2024 18:00:00 - 02/12/2024 19:00:00","Belgium (BE)","762.03","818.78","856.90","1020.33"
"02/12/2024 19:00:00 - 02/12/2024 20:00:00","Belgium (BE)","770.10","837.78","905.60","975.36"
"02/12/2024 20:00:00 - 02/12/2024 21:00:00","Belgium (BE)","786.73","841.70","917.93","920.26"
"02/12/2024 21:00:00 - 02/12/2024 22:00:00","Belgium (BE)","822.45","854.93","910.95","930.61"
"02/12/2024 22:00:00 - 02/12/2024 23:00:00","Belgium (BE)","864.00","872.93","932.93","949.43"
"02/12/2024 23:00:00 - 03/12/2024 00:00:00","Belgium (BE)","898.18","887.60","940.48","927.29"
"03/12/2024 00:00:00 - 03/12/2024 01:00:00","Belgium (BE)","1011.10","904.05","904.05","895.18"
"03/12/2024 01:00:00 - 03/12/2024 02:00:00","Belgium (BE)","1024.53","871.38","871.38","836.10"
"03/12/2024 02:00:00 - 03/12/2024 03:00:00","Belgium (BE)","1041.98","751.90","751.90","977.17"
"03/12/2024 03:00:00 - 03/12/2024 04:00:00","Belgium (BE)","1025.03","651.03","651.03","831.51"
"03/12/2024 04:00:00 - 03/12/2024 05:00:00","Belgium (BE)","961.70","545.38","545.38","682.04"
"03/12/2024 05:00:00 - 03/12/2024 06:00:00","Belgium (BE)","861.93","476.28","476.28","748.07"
"03/12/2024 06:00:00 - 03/12/2024 07:00:00","Belgium (BE)","735.25","393.90","393.90","499.99"
"03/12/2024 07:00:00 - 03/12/2024 08:00:00","Belgium (BE)","587.75","411.98","411.98","462.16"
"03/12/2024 08:00:00 - 03/12/2024 09:00:00","Belgium (BE)","446.93","343.48","313.60","413.21"
"03/12/2024 09:00:00 - 03/12/2024 10:00:00","Belgium (BE)","349.65","284.58","327.45","326.11"
"03/12/2024 10:00:00 - 03/12/2024 11:00:00","Belgium (BE)","270.55","211.88","265.40","233.08"
"03/12/2024 11:00:00 - 03/12/2024 12:00:00","Belgium (BE)","211.48","138.30","185.83","134.61"
"03/12/2024 12:00:00 - 03/12/2024 13:00:00","Belgium (BE)","182.58","106.83","152.63","96.02"
"03/12/2024 13:00:00 - 03/12/2024 14:00:00","Belgium (BE)","162.63","88.45","122.98","77.07"
"03/12/2024 14:00:00 - 03/12/2024 15:00:00","Belgium (BE)","138.98","76.40","80.23","125.64"
"03/12/2024 15:00:00 - 03/12/2024 16:00:00","Belgium (BE)","120.55","84.15","77.40","109.41"
"03/12/2024 16:00:00 - 03/12/2024 17:00:00","Belgium (BE)","111.38","92.95","93.58","167.43"
"03/12/2024 17:00:00 - 03/12/2024 18:00:00","Belgium (BE)","113.10","81.03","108.98","159.86"
"03/12/2024 18:00:00 - 03/12/2024 19:00:00","Belgium (BE)","113.20","72.85","115.75","123.14"
"03/12/2024 19:00:00 - 03/12/2024 20:00:00","Belgium (BE)","107.55","79.40","113.78","100.50"
"03/12/2024 20:00:00 - 03/12/2024 21:00:00","Belgium (BE)","102.53","97.30","111.03","164.36"
"03/12/2024 21:00:00 - 03/12/2024 22:00:00","Belgium (BE)","101.50","103.65","145.05","195.53"
"03/12/2024 22:00:00 - 03/12/2024 23:00:00","Belgium (BE)","109.18","110.10","144.50","218.53"
"03/12/2024 23:00:00 - 04/12/2024 00:00:00","Belgium (BE)","112.93","111.90","136.78","132.71"
"04/12/2024 00:00:00 - 04/12/2024 01:00:00","Belgium (BE)","110.43","162.18","162.18","80.70"
"04/12/2024 01:00:00 - 04/12/2024 02:00:00","Belgium (BE)","107.20","136.68","136.68","82.95"
"04/12/2024 02:00:00 - 04/12/2024 03:00:00","Belgium (BE)","121.75","167.38","167.38","100.35"
"04/12/2024 03:00:00 - 04/12/2024 04:00:00","Belgium (BE)","184.13","232.75","232.75","198.37"
"04/12/2024 04:00:00 - 04/12/2024 05:00:00","Belgium (BE)","261.25","278.33","278.33","273.48"
"04/12/2024 05:00:00 - 04/12/2024 06:00:00","Belgium (BE)","244.95","252.20","252.20","208.32"
"04/12/2024 06:00:00 - 04/12/2024 07:00:00","Belgium (BE)","225.98","246.90","246.90","206.39"
"04/12/2024 07:00:00 - 04/12/2024 08:00:00","Belgium (BE)","261.03","295.45","278.85","315.30"
"04/12/2024 08:00:00 - 04/12/2024 09:00:00","Belgium (BE)","297.85","357.43","347.78","363.18"
"04/12/2024 09:00:00 - 04/12/2024 10:00:00","Belgium (BE)","320.20","388.45","379.03","338.38"
"04/12/2024 10:00:00 - 04/12/2024 11:00:00","Belgium (BE)","370.50","375.40","396.73","340.94"
"04/12/2024 11:00:00 - 04/12/2024 12:00:00","Belgium (BE)","379.75","325.28","335.78","265.68"
"04/12/2024 12:00:00 - 04/12/2024 13:00:00","Belgium (BE)","283.63","237.50","224.35","159.19"
"04/12/2024 13:00:00 - 04/12/2024 14:00:00","Belgium (BE)","217.98","184.10","170.80","109.56"
"04/12/2024 14:00:00 - 04/12/2024 15:00:00","Belgium (BE)","203.08","165.95","129.80","103.51"
"04/12/2024 15:00:00 - 04/12/2024 16:00:00","Belgium (BE)","212.50","174.45","147.53","133.91"
"04/12/2024 16:00:00 - 04/12/2024 17:00:00","Belgium (BE)","256.18","219.88","212.35","185.47"
"04/12/2024 17:00:00 - 04/12/2024 18:00:00","Belgium (BE)","317.50","312.40","295.60","278.03"
"04/12/2024 18:00:00 - 04/12/2024 19:00:00","Belgium (BE)","376.40","409.95","394.00","379.28"
"04/12/2024 19:00:00 - 04/12/2024 20:00:00","Belgium (BE)","423.75","477.43","463.23","487.40"
"04/12/2024 20:00:00 - 04/12/2024 21:00:00","Belgium (BE)","484.58","531.40","523.18","606.24"
"04/12/2024 21:00:00 - 04/12/2024 22:00:00","Belgium (BE)","566.78","592.18","551.58","675.17"
"04/12/2024 22:00:00 - 04/12/2024 23:00:00","Belgium (BE)","652.88","670.90","601.08","699.39"
"04/12/2024 23:00:00 - 05/12/2024 00:00:00","Belgium (BE)","739.40","759.25","668.15","763.78"
"05/12/2024 00:00:00 - 05/12/2024 01:00:00","Belgium (BE)","780.28","779.20","779.20","901.55"
"05/12/2024 01:00:00 - 05/12/2024 02:00:00","Belgium (BE)","872.00","867.25","867.25","1067.40"
"05/12/2024 02:00:00 - 05/12/2024 03:00:00","Belgium (BE)","976.60","965.05","965.05","1259.92"
"05/12/2024 03:00:00 - 05/12/2024 04:00:00","Belgium (BE)","1092.10","1076.20","1076.20","1388.18"
"05/12/2024 04:00:00 - 05/12/2024 05:00:00","Belgium (BE)","1210.83","1308.83","1308.83","1594.76"
"05/12/2024 05:00:00 - 05/12/2024 06:00:00","Belgium (BE)","1340.50","1487.93","1487.93","1740.05"
"05/12/2024 06:00:00 - 05/12/2024 07:00:00","Belgium (BE)","1498.63","1656.95","1656.95","1880.42"
"05/12/2024 07:00:00 - 05/12/2024 08:00:00","Belgium (BE)","1663.00","1759.85","1809.90","2108.82"
"05/12/2024 08:00:00 - 05/12/2024 09:00:00","Belgium (BE)","1813.68","1860.70","1910.25","2180.99"
"05/12/2024 09:00:00 - 05/12/2024 10:00:00","Belgium (BE)","1948.48","1972.83","2078.63","2248.52"
"05/12/2024 10:00:00 - 05/12/2024 11:00:00","Belgium (BE)","2053.10","2056.65","2182.18","2310.28"
"05/12/2024 11:00:00 - 05/12/2024 12:00:00","Belgium (BE)","2108.30","2099.28","2225.08","2296.47"
"05/12/2024 12:00:00 - 05/12/2024 13:00:00","Belgium (BE)","2101.25","2083.63","2205.45","2243.03"
"05/12/2024 13:00:00 - 05/12/2024 14:00:00","Belgium (BE)","2042.83","2021.48","2142.35","2187.01"
"05/12/2024 14:00:00 - 05/12/2024 15:00:00","Belgium (BE)","1958.23","1930.30","2041.28","2131.03"
"05/12/2024 15:00:00 - 05/12/2024 16:00:00","Belgium (BE)","1847.08","1840.60","1963.45","2098.93"
"05/12/2024 16:00:00 - 05/12/2024 17:00:00","Belgium (BE)","1772.80","1764.50","1893.70","2114.39"
"05/12/2024 17:00:00 - 05/12/2024 18:00:00","Belgium (BE)","1743.65","1714.13","1858.03","2168.45"
"05/12/2024 18:00:00 - 05/12/2024 19:00:00","Belgium (BE)","1732.00","1696.53","1830.60","2235.55"
"05/12/2024 19:00:00 - 05/12/2024 20:00:00","Belgium (BE)","1757.45","1732.93","1929.73","2139.91"
"05/12/2024 20:00:00 - 05/12/2024 21:00:00","Belgium (BE)","1843.03","1851.40","1995.63","2169.58"
"05/12/2024 21:00:00 - 05/12/2024 22:00:00","Belgium (BE)","1944.75","1996.80","2205.98","2302.26"
"05/12/2024 22:00:00 - 05/12/2024 23:00:00","Belgium (BE)","1987.33","2105.25","2255.03","2362.93"
"05/12/2024 23:00:00 - 06/12/2024 00:00:00","Belgium (BE)","2005.70","2168.15","2267.65","2395.99"
"06/12/2024 00:00:00 - 06/12/2024 01:00:00","Belgium (BE)","2210.35","2261.68","2261.68","2379.19"
"06/12/2024 01:00:00 - 06/12/2024 02:00:00","Belgium (BE)","2220.80","2286.83","2286.83","2360.31"
"06/12/2024 02:00:00 - 06/12/2024 03:00:00","Belgium (BE)","2233.00","2291.08","2291.08","2393.17"
"06/12/2024 03:00:00 - 06/12/2024 04:00:00","Belgium (BE)","2219.00","2252.55","2252.55","2363.67"
"06/12/2024 04:00:00 - 06/12/2024 05:00:00","Belgium (BE)","2186.23","2223.70","2223.70","2323.37"
"06/12/2024 05:00:00 - 06/12/2024 06:00:00","Belgium (BE)","2136.03","2209.88","2209.88","2293.50"
"06/12/2024 06:00:00 - 06/12/2024 07:00:00","Belgium (BE)","2083.00","2182.73","2182.73","2248.32"
"06/12/2024 07:00:00 - 06/12/2024 08:00:00","Belgium (BE)","2064.20","2150.30","2150.30","2344.29"
"06/12/2024 08:00:00 - 06/12/2024 09:00:00","Belgium (BE)","2076.00","2117.00","2117.00","2355.41"
"06/12/2024 09:00:00 - 06/12/2024 10:00:00","Belgium (BE)","2056.88","2082.13","2147.38","2250.65"
"06/12/2024 10:00:00 - 06/12/2024 11:00:00","Belgium (BE)","1977.38","2017.83","2074.08","2073.26"
"06/12/2024 11:00:00 - 06/12/2024 12:00:00","Belgium (BE)","1897.80","1942.05","1977.60","1962.43"
"06/12/2024 12:00:00 - 06/12/2024 13:00:00","Belgium (BE)","1828.23","1874.30","1916.03","1894.70"
"06/12/2024 13:00:00 - 06/12/2024 14:00:00","Belgium (BE)","1650.00","1705.68","1739.40","1783.55"
"06/12/2024 14:00:00 - 06/12/2024 15:00:00","Belgium (BE)","1323.38","1397.15","1400.75","1488.15"
"06/12/2024 15:00:00 - 06/12/2024 16:00:00","Belgium (BE)","1017.18","1050.30","1059.65","1108.70"
"06/12/2024 16:00:00 - 06/12/2024 17:00:00","Belgium (BE)","841.35","799.53","833.05","770.61"
"06/12/2024 17:00:00 - 06/12/2024 18:00:00","Belgium (BE)","737.15","674.58","721.33","622.82"
"06/12/2024 18:00:00 - 06/12/2024 19:00:00","Belgium (BE)","683.10","633.98","663.18","635.92"
"06/12/2024 19:00:00 - 06/12/2024 20:00:00","Belgium (BE)","689.55","661.35","603.98","739.06"
"06/12/2024 20:00:00 - 06/12/2024 21:00:00","Belgium (BE)","740.58","708.18","681.78","838.07"
"06/12/2024 21:00:00 - 06/12/2024 22:00:00","Belgium (BE)","830.80","770.33","827.10","1044.16"
"06/12/2024 22:00:00 - 06/12/2024 23:00:00","Belgium (BE)","999.03","932.43","972.63","1273.31"
"06/12/2024 23:00:00 - 07/12/2024 00:00:00","Belgium (BE)","1236.05","1209.05","1209.40","1620.00"
"07/12/2024 00:00:00 - 07/12/2024 01:00:00","Belgium (BE)","1454.28","1644.20","1644.20","1870.60"
"07/12/2024 01:00:00 - 07/12/2024 02:00:00","Belgium (BE)","1735.25","1948.68","1948.68","2116.34"
"07/12/2024 02:00:00 - 07/12/2024 03:00:00","Belgium (BE)","1938.30","2091.70","2091.70","2221.26"
"07/12/2024 03:00:00 - 07/12/2024 04:00:00","Belgium (BE)","2078.35","2161.30","2161.30","2309.97"
"07/12/2024 04:00:00 - 07/12/2024 05:00:00","Belgium (BE)","2144.90","2184.93","2184.93","2314.22"
"07/12/2024 05:00:00 - 07/12/2024 06:00:00","Belgium (BE)","2155.05","2188.05","2188.05","2303.28"
"07/12/2024 06:00:00 - 07/12/2024 07:00:00","Belgium (BE)","2105.08","2102.83","2102.83","2273.00"
"07/12/2024 07:00:00 - 07/12/2024 08:00:00","Belgium (BE)","2034.93","2053.38","2042.80","2150.30"
"07/12/2024 08:00:00 - 07/12/2024 09:00:00","Belgium (BE)","2011.73","2014.65","2023.43","2007.77"
"07/12/2024 09:00:00 - 07/12/2024 10:00:00","Belgium (BE)","2036.15","2014.28","2024.05","1982.91"
"07/12/2024 10:00:00 - 07/12/2024 11:00:00","Belgium (BE)","2113.63","2076.75","1924.25","2027.10"
"07/12/2024 11:00:00 - 07/12/2024 12:00:00","Belgium (BE)","2194.03","2159.00","2011.75","2096.79"
"07/12/2024 12:00:00 - 07/12/2024 13:00:00","Belgium (BE)","2241.70","2214.15","2112.90","2272.22"
"07/12/2024 13:00:00 - 07/12/2024 14:00:00","Belgium (BE)","2263.43","2239.00","2116.45","2186.74"
"07/12/2024 14:00:00 - 07/12/2024 15:00:00","Belgium (BE)","2275.23","2251.00","2177.58","2224.39"
"07/12/2024 15:00:00 - 07/12/2024 16:00:00","Belgium (BE)","2267.08","2245.80","2123.70","2320.12"
"07/12/2024 16:00:00 - 07/12/2024 17:00:00","Belgium (BE)","2227.78","2213.10","2096.93","2249.92"
"07/12/2024 17:00:00 - 07/12/2024 18:00:00","Belgium (BE)","2171.60","2162.05","2109.93","2195.84"
"07/12/2024 18:00:00 - 07/12/2024 19:00:00","Belgium (BE)","2085.10","2071.13","2018.45","2258.93"
"07/12/2024 19:00:00 - 07/12/2024 20:00:00","Belgium (BE)","1964.73","1939.90","1887.13","2112.30"
"07/12/2024 20:00:00 - 07/12/2024 21:00:00","Belgium (BE)","1838.78","1794.50","1691.58","1900.24"
"07/12/2024 21:00:00 - 07/12/2024 22:00:00","Belgium (BE)","1684.08","1635.43","1488.53","1652.68"
"07/12/2024 22:00:00 - 07/12/2024 23:00:00","Belgium (BE)","1540.13","1491.48","1328.53","1458.37"
"07/12/2024 23:00:00 - 08/12/2024 00:00:00","Belgium (BE)","1446.90","1384.73","1228.13","1337.07"
"08/12/2024 00:00:00 - 08/12/2024 01:00:00","Belgium (BE)","1180.03","1152.55","1152.55","1293.32"
"08/12/2024 01:00:00 - 08/12/2024 02:00:00","Belgium (BE)","1132.23","1106.35","1106.35","1311.79"
"08/12/2024 02:00:00 - 08/12/2024 03:00:00","Belgium (BE)","1057.68","1035.15","1035.15","1284.15"
"08/12/2024 03:00:00 - 08/12/2024 04:00:00","Belgium (BE)","974.10","1048.63","1048.63","1294.30"
"08/12/2024 04:00:00 - 08/12/2024 05:00:00","Belgium (BE)","924.18","1054.65","1054.65","1301.69"
"08/12/2024 05:00:00 - 08/12/2024 06:00:00","Belgium (BE)","923.40","1033.15","1033.15","1217.34"
"08/12/2024 06:00:00 - 08/12/2024 07:00:00","Belgium (BE)","958.20","1045.40","1045.40","1159.97"
"08/12/2024 07:00:00 - 08/12/2024 08:00:00","Belgium (BE)","1004.18","1068.18","1060.60","1208.49"
"08/12/2024 08:00:00 - 08/12/2024 09:00:00","Belgium (BE)","1049.48","1085.20","1083.33","1130.32"
"08/12/2024 09:00:00 - 08/12/2024 10:00:00","Belgium (BE)","1080.30","1090.83","1030.63","1125.96"
"08/12/2024 10:00:00 - 08/12/2024 11:00:00","Belgium (BE)","1068.45","1072.55","957.65","1071.64"
"08/12/2024 11:00:00 - 08/12/2024 12:00:00","Belgium (BE)","1019.63","1031.95","936.48","1125.05"
"08/12/2024 12:00:00 - 08/12/2024 13:00:00","Belgium (BE)","1003.10","1029.90","936.40","1090.14"
"08/12/2024 13:00:00 - 08/12/2024 14:00:00","Belgium (BE)","980.98","1041.70","969.70","1018.30"
"08/12/2024 14:00:00 - 08/12/2024 15:00:00","Belgium (BE)","920.75","983.28","926.18","957.28"
"08/12/2024 15:00:00 - 08/12/2024 16:00:00","Belgium (BE)","910.38","941.90","904.90","880.74"
"08/12/2024 16:00:00 - 08/12/2024 17:00:00","Belgium (BE)","981.20","965.83","934.05","949.78"
"08/12/2024 17:00:00 - 08/12/2024 18:00:00","Belgium (BE)","1045.15","1015.80","969.83","1130.02"
"08/12/2024 18:00:00 - 08/12/2024 19:00:00","Belgium (BE)","1058.23","1044.80","1017.38","1146.07"
"08/12/2024 19:00:00 - 08/12/2024 20:00:00","Belgium (BE)","1066.18","1044.13","1055.18","1116.31"
"08/12/2024 20:00:00 - 08/12/2024 21:00:00","Belgium (BE)","1080.48","1051.43","1089.68","1158.53"
"08/12/2024 21:00:00 - 08/12/2024 22:00:00","Belgium (BE)","1080.75","1074.43","1111.88","1314.80"
"08/12/2024 22:00:00 - 08/12/2024 23:00:00","Belgium (BE)","1083.93","1072.70","1132.43","1221.09"
"08/12/2024 23:00:00 - 09/12/2024 00:00:00","Belgium (BE)","1080.63","1059.45","1069.50","1066.57"
"09/12/2024 00:00:00 - 09/12/2024 01:00:00","Belgium (BE)","1073.80","996.20","996.20","1019.44"
"09/12/2024 01:00:00 - 09/12/2024 02:00:00","Belgium (BE)","1175.33","1017.23","1017.23","1113.90"
"09/12/2024 02:00:00 - 09/12/2024 03:00:00","Belgium (BE)","1328.85","1209.03","1209.03","1361.41"
"09/12/2024 03:00:00 - 09/12/2024 04:00:00","Belgium (BE)","1390.80","1414.43","1414.43","1508.80"
"09/12/2024 04:00:00 - 09/12/2024 05:00:00","Belgium (BE)","1409.23","1471.13","1471.13","1565.95"
"09/12/2024 05:00:00 - 09/12/2024 06:00:00","Belgium (BE)","1419.40","1455.18","1455.18","1610.31"
"09/12/2024 06:00:00 - 09/12/2024 07:00:00","Belgium (BE)","1405.25","1404.23","1404.23","1516.09"
"09/12/2024 07:00:00 - 09/12/2024 08:00:00","Belgium (BE)","1371.83","1374.25","1397.93","1547.76"
"09/12/2024 08:00:00 - 09/12/2024 09:00:00","Belgium (BE)","1337.80","1364.33","1401.10","1484.61"
"09/12/2024 09:00:00 - 09/12/2024 10:00:00","Belgium (BE)","1294.55","1337.83","1350.35","1463.68"
"09/12/2024 10:00:00 - 09/12/2024 11:00:00","Belgium (BE)","1242.03","1259.00","1236.60","1421.32"
"09/12/2024 11:00:00 - 09/12/2024 12:00:00","Belgium (BE)","1276.05","1231.45","1213.00","1356.40"
"09/12/2024 12:00:00 - 09/12/2024 13:00:00","Belgium (BE)","1363.60","1352.73","1282.53","1370.29"
"09/12/2024 13:00:00 - 09/12/2024 14:00:00","Belgium (BE)","1435.35","1476.03","1409.80","1337.90"
"09/12/2024 14:00:00 - 09/12/2024 15:00:00","Belgium (BE)","1534.03","1561.25","1488.13","1404.91"
"09/12/2024 15:00:00 - 09/12/2024 16:00:00","Belgium (BE)","1631.50","1649.53","1561.95","1572.04"
"09/12/2024 16:00:00 - 09/12/2024 17:00:00","Belgium (BE)","1686.88","1680.15","1640.30","1700.39"
"09/12/2024 17:00:00 - 09/12/2024 18:00:00","Belgium (BE)","1682.35","1649.25","1620.48","1822.62"
"09/12/2024 18:00:00 - 09/12/2024 19:00:00","Belgium (BE)","1630.23","1575.73","1563.80","1809.69"
"09/12/2024 19:00:00 - 09/12/2024 20:00:00","Belgium (BE)","1542.90","1483.18","1529.73","1737.85"
"09/12/2024 20:00:00 - 09/12/2024 21:00:00","Belgium (BE)","1429.83","1386.48","1451.93","1579.76"
"09/12/2024 21:00:00 - 09/12/2024 22:00:00","Belgium (BE)","1318.53","1311.38","1343.33","1446.54"
"09/12/2024 22:00:00 - 09/12/2024 23:00:00","Belgium (BE)","1234.73","1269.15","1230.18","1353.84"
"09/12/2024 23:00:00 - 10/12/2024 00:00:00","Belgium (BE)","1221.25","1251.33","1163.30","1270.25"
"10/12/2024 00:00:00 - 10/12/2024 01:00:00","Belgium (BE)","1158.20","1106.35","1106.35","1156.28"
"10/12/2024 01:00:00 - 10/12/2024 02:00:00","Belgium (BE)","1152.70","1120.08","1120.08","1177.68"
"10/12/2024 02:00:00 - 10/12/2024 03:00:00","Belgium (BE)","1169.45","1192.18","1192.18","1290.91"
"10/12/2024 03:00:00 - 10/12/2024 04:00:00","Belgium (BE)","1213.10","1244.78","1244.78","1328.56"
"10/12/2024 04:00:00 - 10/12/2024 05:00:00","Belgium (BE)","1263.48","1285.85","1285.85","1306.02"
"10/12/2024 05:00:00 - 10/12/2024 06:00:00","Belgium (BE)","1293.55","1266.65","1266.65","1285.59"
"10/12/2024 06:00:00 - 10/12/2024 07:00:00","Belgium (BE)","1291.73","1231.95","1231.95","1174.11"
"10/12/2024 07:00:00 - 10/12/2024 08:00:00","Belgium (BE)","1270.40","1170.70","1170.70","1347.17"
"10/12/2024 08:00:00 - 10/12/2024 09:00:00","Belgium (BE)","1239.05","1161.68","1161.68","1390.65"
"10/12/2024 09:00:00 - 10/12/2024 10:00:00","Belgium (BE)","1203.58","1155.63","1187.43","1457.10"
"10/12/2024 10:00:00 - 10/12/2024 11:00:00","Belgium (BE)","1195.35","1166.60","1156.18","1401.62"
"10/12/2024 11:00:00 - 10/12/2024 12:00:00","Belgium (BE)","1209.65","1200.53","1233.05","1269.51"
"10/12/2024 12:00:00 - 10/12/2024 13:00:00","Belgium (BE)","1148.83","1187.20","1210.70","1213.36"
"10/12/2024 13:00:00 - 10/12/2024 14:00:00","Belgium (BE)","1047.03","1098.90","1047.05","1147.71"
"10/12/2024 14:00:00 - 10/12/2024 15:00:00","Belgium (BE)","969.08","994.80","949.73","1107.54"
"10/12/2024 15:00:00 - 10/12/2024 16:00:00","Belgium (BE)","896.35","923.55","876.60","1133.31"
"10/12/2024 16:00:00 - 10/12/2024 17:00:00","Belgium (BE)","877.83","908.10","841.13","1154.94"
"10/12/2024 17:00:00 - 10/12/2024 18:00:00","Belgium (BE)","897.85","908.15","836.48","1226.81"
"10/12/2024 18:00:00 - 10/12/2024 19:00:00","Belgium (BE)","887.95","874.13","842.65","1147.34"
"10/12/2024 19:00:00 - 10/12/2024 20:00:00","Belgium (BE)","814.65","809.70","877.55","943.75"
"10/12/2024 20:00:00 - 10/12/2024 21:00:00","Belgium (BE)","714.38","740.65","806.00","785.26"
"10/12/2024 21:00:00 - 10/12/2024 22:00:00","Belgium (BE)","636.08","685.03","654.90","741.55"
"10/12/2024 22:00:00 - 10/12/2024 23:00:00","Belgium (BE)","583.53","637.95","590.88","673.22"
"10/12/2024 23:00:00 - 11/12/2024 00:00:00","Belgium (BE)","545.53","581.48","541.28","596.62"
"11/12/2024 00:00:00 - 11/12/2024 01:00:00","Belgium (BE)","500.05","513.73","513.73","545.30"
"11/12/2024 01:00:00 - 11/12/2024 02:00:00","Belgium (BE)","459.48","466.68","466.68","476.82"
"11/12/2024 02:00:00 - 11/12/2024 03:00:00","Belgium (BE)","425.93","438.50","438.50","426.84"
"11/12/2024 03:00:00 - 11/12/2024 04:00:00","Belgium (BE)","390.55","388.05","388.05","451.74"
"11/12/2024 04:00:00 - 11/12/2024 05:00:00","Belgium (BE)","368.03","357.83","357.83","432.58"
"11/12/2024 05:00:00 - 11/12/2024 06:00:00","Belgium (BE)","366.50","341.33","341.33","402.92"
"11/12/2024 06:00:00 - 11/12/2024 07:00:00","Belgium (BE)","371.08","335.30","335.30","348.68"
"11/12/2024 07:00:00 - 11/12/2024 08:00:00","Belgium (BE)","378.20","334.28","334.33","330.22"
"11/12/2024 08:00:00 - 11/12/2024 09:00:00","Belgium (BE)","382.73","342.75","342.80","383.87"
"11/12/2024 09:00:00 - 11/12/2024 10:00:00","Belgium (BE)","348.43","330.00","317.80","356.99"
"11/12/2024 10:00:00 - 11/12/2024 11:00:00","Belgium (BE)","317.95","301.85","287.35","294.46"
"11/12/2024 11:00:00 - 11/12/2024 12:00:00","Belgium (BE)","304.33","286.45","289.08","244.77"
"11/12/2024 12:00:00 - 11/12/2024 13:00:00","Belgium (BE)","266.28","265.05","264.85","252.93"
"11/12/2024 13:00:00 - 11/12/2024 14:00:00","Belgium (BE)","223.63","236.43","219.93","197.76"
"11/12/2024 14:00:00 - 11/12/2024 15:00:00","Belgium (BE)","200.88","221.53","209.03","140.75"
"11/12/2024 15:00:00 - 11/12/2024 16:00:00","Belgium (BE)","201.00","224.03","187.35","155.06"
"11/12/2024 16:00:00 - 11/12/2024 17:00:00","Belgium (BE)","206.90","219.65","182.93","177.65"
"11/12/2024 17:00:00 - 11/12/2024 18:00:00","Belgium (BE)","204.03","210.25","200.75","199.31"
"11/12/2024 18:00:00 - 11/12/2024 19:00:00","Belgium (BE)","189.55","202.40","201.93","248.93"
"11/12/2024 19:00:00 - 11/12/2024 20:00:00","Belgium (BE)","171.33","189.03","186.90","230.63"
"11/12/2024 20:00:00 - 11/12/2024 21:00:00","Belgium (BE)","149.73","157.98","165.73","186.67"
"11/12/2024 21:00:00 - 11/12/2024 22:00:00","Belgium (BE)","123.53","122.48","138.15","147.37"
"11/12/2024 22:00:00 - 11/12/2024 23:00:00","Belgium (BE)","99.30","94.00","107.85","82.58"
"11/12/2024 23:00:00 - 12/12/2024 00:00:00","Belgium (BE)","78.25","68.53","71.28","45.68"
"12/12/2024 00:00:00 - 12/12/2024 01:00:00","Belgium (BE)","58.95","34.05","34.05","24.78"
"12/12/2024 01:00:00 - 12/12/2024 02:00:00","Belgium (BE)","40.88","21.78","21.78","11.90"
"12/12/2024 02:00:00 - 12/12/2024 03:00:00","Belgium (BE)","33.55","14.40","14.40","6.43"
"12/12/2024 03:00:00 - 12/12/2024 04:00:00","Belgium (BE)","29.00","15.45","15.45","8.88"
"12/12/2024 04:00:00 - 12/12/2024 05:00:00","Belgium (BE)","26.83","12.58","12.58","7.13"
"12/12/2024 05:00:00 - 12/12/2024 06:00:00","Belgium (BE)","24.35","10.83","10.83","6.41"
"12/12/2024 06:00:00 - 12/12/2024 07:00:00","Belgium (BE)","19.28","7.70","7.70","3.13"
"12/12/2024 07:00:00 - 12/12/2024 08:00:00","Belgium (BE)","18.65","8.40","7.10","1.33"
"12/12/2024 08:00:00 - 12/12/2024 09:00:00","Belgium (BE)","20.25","9.35","8.28","1.23"
"12/12/2024 09:00:00 - 12/12/2024 10:00:00","Belgium (BE)","23.00","8.70","5.15","1.38"
"12/12/2024 10:00:00 - 12/12/2024 11:00:00","Belgium (BE)","19.83","7.45","4.93","1.38"
"12/12/2024 11:00:00 - 12/12/2024 12:00:00","Belgium (BE)","11.95","5.58","4.20","2.09"
"12/12/2024 12:00:00 - 12/12/2024 13:00:00","Belgium (BE)","6.88","5.05","4.20","2.22"
"12/12/2024 13:00:00 - 12/12/2024 14:00:00","Belgium (BE)","5.28","5.43","4.35","2.62"
"12/12/2024 14:00:00 - 12/12/2024 15:00:00","Belgium (BE)","4.18","7.30","6.05","5.39"
"12/12/2024 15:00:00 - 12/12/2024 16:00:00","Belgium (BE)","9.93","13.65","12.55","15.03"
"12/12/2024 16:00:00 - 12/12/2024 17:00:00","Belgium (BE)","33.08","34.10","34.30","35.62"
"12/12/2024 17:00:00 - 12/12/2024 18:00:00","Belgium (BE)","63.98","58.78","66.05","68.10"
"12/12/2024 18:00:00 - 12/12/2024 19:00:00","Belgium (BE)","92.03","79.45","98.25","92.52"
"12/12/2024 19:00:00 - 12/12/2024 20:00:00","Belgium (BE)","118.73","96.48","121.78","122.90"
"12/12/2024 20:00:00 - 12/12/2024 21:00:00","Belgium (BE)","140.33","108.80","125.75","146.91"
"12/12/2024 21:00:00 - 12/12/2024 22:00:00","Belgium (BE)","150.75","119.85","139.15","178.72"
"12/12/2024 22:00:00 - 12/12/2024 23:00:00","Belgium (BE)","159.63","133.38","156.25","200.24"
"12/12/2024 23:00:00 - 13/12/2024 00:00:00","Belgium (BE)","167.50","141.75","163.38","182.77"
"13/12/2024 00:00:00 - 13/12/2024 01:00:00","Belgium (BE)","151.65","143.68","143.68","152.10"
"13/12/2024 01:00:00 - 13/12/2024 02:00:00","Belgium (BE)","156.80","131.50","131.50","137.42"
"13/12/2024 02:00:00 - 13/12/2024 03:00:00","Belgium (BE)","165.03","140.40","140.40","141.74"
"13/12/2024 03:00:00 - 13/12/2024 04:00:00","Belgium (BE)","174.35","140.48","140.48","126.62"
"13/12/2024 04:00:00 - 13/12/2024 05:00:00","Belgium (BE)","178.83","159.15","159.15","125.85"
"13/12/2024 05:00:00 - 13/12/2024 06:00:00","Belgium (BE)","183.45","147.88","147.88","131.60"
"13/12/2024 06:00:00 - 13/12/2024 07:00:00","Belgium (BE)","184.33","149.63","149.63","113.68"
"13/12/2024 07:00:00 - 13/12/2024 08:00:00","Belgium (BE)","173.08","151.83","151.83","110.82"
"13/12/2024 08:00:00 - 13/12/2024 09:00:00","Belgium (BE)","160.30","158.95","158.95","102.50"
"13/12/2024 09:00:00 - 13/12/2024 10:00:00","Belgium (BE)","144.78","143.68","97.68","107.60"
"13/12/2024 10:00:00 - 13/12/2024 11:00:00","Belgium (BE)","106.78","101.48","73.65","89.40"
"13/12/2024 11:00:00 - 13/12/2024 12:00:00","Belgium (BE)","48.55","44.53","54.63","60.06"
"13/12/2024 12:00:00 - 13/12/2024 13:00:00","Belgium (BE)","28.43","24.80","39.05","43.81"
"13/12/2024 13:00:00 - 13/12/2024 14:00:00","Belgium (BE)","20.83","18.15","28.13","32.15"
"13/12/2024 14:00:00 - 13/12/2024 15:00:00","Belgium (BE)","16.15","13.73","25.10","32.48"
"13/12/2024 15:00:00 - 13/12/2024 16:00:00","Belgium (BE)","15.70","14.63","24.55","35.87"
"13/12/2024 16:00:00 - 13/12/2024 17:00:00","Belgium (BE)","21.40","22.98","25.83","39.65"
"13/12/2024 17:00:00 - 13/12/2024 18:00:00","Belgium (BE)","35.93","44.68","37.18","49.27"
"13/12/2024 18:00:00 - 13/12/2024 19:00:00","Belgium (BE)","54.33","68.93","52.83","32.39"
"13/12/2024 19:00:00 - 13/12/2024 20:00:00","Belgium (BE)","75.68","96.63","71.10","38.00"
"13/12/2024 20:00:00 - 13/12/2024 21:00:00","Belgium (BE)","98.05","136.23","72.88","64.04"
"13/12/2024 21:00:00 - 13/12/2024 22:00:00","Belgium (BE)","126.00","171.95","86.93","125.44"
"13/12/2024 22:00:00 - 13/12/2024 23:00:00","Belgium (BE)","166.78","194.45","121.48","155.51"
"13/12/2024 23:00:00 - 14/12/2024 00:00:00","Belgium (BE)","213.90","217.88","158.75","176.94"
"14/12/2024 00:00:00 - 14/12/2024 01:00:00","Belgium (BE)","200.03","222.18","222.18","254.82"
"14/12/2024 01:00:00 - 14/12/2024 02:00:00","Belgium (BE)","226.50","241.10","241.10","255.86"
"14/12/2024 02:00:00 - 14/12/2024 03:00:00","Belgium (BE)","261.25","269.78","269.78","254.11"
"14/12/2024 03:00:00 - 14/12/2024 04:00:00","Belgium (BE)","313.38","298.30","298.30","265.55"
"14/12/2024 04:00:00 - 14/12/2024 05:00:00","Belgium (BE)","361.93","313.23","313.23","297.76"
"14/12/2024 05:00:00 - 14/12/2024 06:00:00","Belgium (BE)","384.25","341.70","341.70","338.67"
"14/12/2024 06:00:00 - 14/12/2024 07:00:00","Belgium (BE)","411.35","386.38","386.38","376.31"
"14/12/2024 07:00:00 - 14/12/2024 08:00:00","Belgium (BE)","457.13","414.50","414.50","422.33"
"14/12/2024 08:00:00 - 14/12/2024 09:00:00","Belgium (BE)","501.73","465.35","455.98","466.63"
"14/12/2024 09:00:00 - 14/12/2024 10:00:00","Belgium (BE)","548.53","522.10","505.10","494.01"
"14/12/2024 10:00:00 - 14/12/2024 11:00:00","Belgium (BE)","608.90","597.53","561.68","556.74"
"14/12/2024 11:00:00 - 14/12/2024 12:00:00","Belgium (BE)","610.18","617.98","559.80","642.56"
"14/12/2024 12:00:00 - 14/12/2024 13:00:00","Belgium (BE)","575.48","605.18","569.30","654.65"
"14/12/2024 13:00:00 - 14/12/2024 14:00:00","Belgium (BE)","587.30","624.68","593.33","711.29"
"14/12/2024 14:00:00 - 14/12/2024 15:00:00","Belgium (BE)","617.85","665.10","643.00","794.17"
"14/12/2024 15:00:00 - 14/12/2024 16:00:00","Belgium (BE)","651.70","697.15","683.88","812.11"
"14/12/2024 16:00:00 - 14/12/2024 17:00:00","Belgium (BE)","661.38","709.43","711.83","825.75"
"14/12/2024 17:00:00 - 14/12/2024 18:00:00","Belgium (BE)","666.33","720.18","722.38","840.08"
"14/12/2024 18:00:00 - 14/12/2024 19:00:00","Belgium (BE)","672.08","713.93","709.15","852.65"
"14/12/2024 19:00:00 - 14/12/2024 20:00:00","Belgium (BE)","670.48","695.48","699.88","876.80"
"14/12/2024 20:00:00 - 14/12/2024 21:00:00","Belgium (BE)","668.38","685.88","688.28","877.55"
"14/12/2024 21:00:00 - 14/12/2024 22:00:00","Belgium (BE)","670.23","665.20","715.15","854.83"
"14/12/2024 22:00:00 - 14/12/2024 23:00:00","Belgium (BE)","670.45","656.48","726.50","825.90"
"14/12/2024 23:00:00 - 15/12/2024 00:00:00","Belgium (BE)","679.33","674.65","734.23","891.58"
"15/12/2024 00:00:00 - 15/12/2024 01:00:00","Belgium (BE)","665.33","746.65","746.65","917.97"
"15/12/2024 01:00:00 - 15/12/2024 02:00:00","Belgium (BE)","692.18","763.50","763.50","916.49"
"15/12/2024 02:00:00 - 15/12/2024 03:00:00","Belgium (BE)","717.00","800.55","800.55","934.66"
"15/12/2024 03:00:00 - 15/12/2024 04:00:00","Belgium (BE)","729.10","811.95","811.95","990.76"
"15/12/2024 04:00:00 - 15/12/2024 05:00:00","Belgium (BE)","731.60","823.15","823.15","960.31"
"15/12/2024 05:00:00 - 15/12/2024 06:00:00","Belgium (BE)","746.55","835.05","835.05","947.86"
"15/12/2024 06:00:00 - 15/12/2024 07:00:00","Belgium (BE)","807.55","863.78","863.78","1048.12"
"15/12/2024 07:00:00 - 15/12/2024 08:00:00","Belgium (BE)","898.35","915.08","915.08","1203.13"
"15/12/2024 08:00:00 - 15/12/2024 09:00:00","Belgium (BE)","982.13","968.20","968.20","1248.94"
"15/12/2024 09:00:00 - 15/12/2024 10:00:00","Belgium (BE)","1035.28","1015.25","997.70","1251.27"
"15/12/2024 10:00:00 - 15/12/2024 11:00:00","Belgium (BE)","1068.70","1076.03","1035.73","1320.12"
"15/12/2024 11:00:00 - 15/12/2024 12:00:00","Belgium (BE)","1071.90","1125.65","1064.33","1327.84"
"15/12/2024 12:00:00 - 15/12/2024 13:00:00","Belgium (BE)","1051.10","1125.58","1091.83","1269.97"
"15/12/2024 13:00:00 - 15/12/2024 14:00:00","Belgium (BE)","1023.60","1084.48","1115.15","1268.13"
"15/12/2024 14:00:00 - 15/12/2024 15:00:00","Belgium (BE)","978.33","1012.00","1130.30","1277.59"
"15/12/2024 15:00:00 - 15/12/2024 16:00:00","Belgium (BE)","968.48","950.88","1089.90","1249.04"
"15/12/2024 16:00:00 - 15/12/2024 17:00:00","Belgium (BE)","990.80","955.63","1089.80","1272.59"
"15/12/2024 17:00:00 - 15/12/2024 18:00:00","Belgium (BE)","1020.48","1001.03","1114.75","1445.79"
"15/12/2024 18:00:00 - 15/12/2024 19:00:00","Belgium (BE)","1063.33","1046.43","1144.35","1576.88"
"15/12/2024 19:00:00 - 15/12/2024 20:00:00","Belgium (BE)","1102.68","1105.00","1173.00","1597.53"
"15/12/2024 20:00:00 - 15/12/2024 21:00:00","Belgium (BE)","1132.95","1179.38","1220.85","1722.18"
"15/12/2024 21:00:00 - 15/12/2024 22:00:00","Belgium (BE)","1165.93","1240.63","1325.43","1744.46"
"15/12/2024 22:00:00 - 15/12/2024 23:00:00","Belgium (BE)","1198.85","1284.05","1327.18","1745.41"
"15/12/2024 23:00:00 - 16/12/2024 00:00:00","Belgium (BE)","1228.20","1308.08","1343.35","1761.31"
"16/12/2024 00:00:00 - 16/12/2024 01:00:00","Belgium (BE)","1354.45","1376.68","1376.68","1828.65"
"16/12/2024 01:00:00 - 16/12/2024 02:00:00","Belgium (BE)","1369.65","1381.25","1381.25","1797.00"
"16/12/2024 02:00:00 - 16/12/2024 03:00:00","Belgium (BE)","1348.35","1391.90","1391.90","1746.97"
"16/12/2024 03:00:00 - 16/12/2024 04:00:00","Belgium (BE)","1328.75","1355.25","1355.25","1742.87"
"16/12/2024 04:00:00 - 16/12/2024 05:00:00","Belgium (BE)","1326.83","1310.15","1310.15","1677.85"
"16/12/2024 05:00:00 - 16/12/2024 06:00:00","Belgium (BE)","1294.05","1252.88","1252.88","1587.42"
"16/12/2024 06:00:00 - 16/12/2024 07:00:00","Belgium (BE)","1266.08","1241.58","1241.58","1584.69"
"16/12/2024 07:00:00 - 16/12/2024 08:00:00","Belgium (BE)","1273.38","1262.60","1262.60","1678.08"
"16/12/2024 08:00:00 - 16/12/2024 09:00:00","Belgium (BE)","1258.08","1269.20","1329.05","1753.45"
"16/12/2024 09:00:00 - 16/12/2024 10:00:00","Belgium (BE)","1195.03","1245.98","1298.20","1708.92"
"16/12/2024 10:00:00 - 16/12/2024 11:00:00","Belgium (BE)","1139.55","1233.60","1269.93","1690.94"
"16/12/2024 11:00:00 - 16/12/2024 12:00:00","Belgium (BE)","1120.30","1227.00","1264.85","1633.70"
"16/12/2024 12:00:00 - 16/12/2024 13:00:00","Belgium (BE)","1105.70","1204.05","1210.53","1572.18"
"16/12/2024 13:00:00 - 16/12/2024 14:00:00","Belgium (BE)","1127.38","1151.95","1133.75","1491.96"
"16/12/2024 14:00:00 - 16/12/2024 15:00:00","Belgium (BE)","1152.53","1094.75","1111.78","1357.39"
"16/12/2024 15:00:00 - 16/12/2024 16:00:00","Belgium (BE)","1112.80","1048.50","1084.45","1273.67"
"16/12/2024 16:00:00 - 16/12/2024 17:00:00","Belgium (BE)","1050.33","1018.10","1062.43","1286.48"
"16/12/2024 17:00:00 - 16/12/2024 18:00:00","Belgium (BE)","1000.95","986.83","1021.75","1280.97"
"16/12/2024 18:00:00 - 16/12/2024 19:00:00","Belgium (BE)","975.08","949.08","967.45","1239.71"
"16/12/2024 19:00:00 - 16/12/2024 20:00:00","Belgium (BE)","963.00","920.80","941.18","1136.03"
"16/12/2024 20:00:00 - 16/12/2024 21:00:00","Belgium (BE)","952.38","904.80","933.75","1092.67"
"16/12/2024 21:00:00 - 16/12/2024 22:00:00","Belgium (BE)","951.63","881.43","901.93","1020.09"
"16/12/2024 22:00:00 - 16/12/2024 23:00:00","Belgium (BE)","939.50","841.88","836.03","943.56"
"16/12/2024 23:00:00 - 17/12/2024 00:00:00","Belgium (BE)","886.18","807.50","786.48","923.79"
"17/12/2024 00:00:00 - 17/12/2024 01:00:00","Belgium (BE)","777.08","750.60","750.60","951.70"
"17/12/2024 01:00:00 - 17/12/2024 02:00:00","Belgium (BE)","740.28","711.33","711.33","941.54"
"17/12/2024 02:00:00 - 17/12/2024 03:00:00","Belgium (BE)","702.43","650.33","650.33","810.32"
"17/12/2024 03:00:00 - 17/12/2024 04:00:00","Belgium (BE)","640.68","575.60","575.60","656.43"
"17/12/2024 04:00:00 - 17/12/2024 05:00:00","Belgium (BE)","542.70","488.88","488.88","555.13"
"17/12/2024 05:00:00 - 17/12/2024 06:00:00","Belgium (BE)","458.13","409.60","409.60","527.23"
"17/12/2024 06:00:00 - 17/12/2024 07:00:00","Belgium (BE)","414.48","390.10","390.10","538.53"
"17/12/2024 07:00:00 - 17/12/2024 08:00:00","Belgium (BE)","383.65","414.70","414.70","605.98"
"17/12/2024 08:00:00 - 17/12/2024 09:00:00","Belgium (BE)","377.00","432.73","463.00","587.57"
"17/12/2024 09:00:00 - 17/12/2024 10:00:00","Belgium (BE)","382.33","406.70","431.13","471.42"
"17/12/2024 10:00:00 - 17/12/2024 11:00:00","Belgium (BE)","351.88","353.48","350.05","358.03"
"17/12/2024 11:00:00 - 17/12/2024 12:00:00","Belgium (BE)","302.20","303.90","286.38","251.43"
"17/12/2024 12:00:00 - 17/12/2024 13:00:00","Belgium (BE)","273.38","283.43","272.80","299.31"
"17/12/2024 13:00:00 - 17/12/2024 14:00:00","Belgium (BE)","268.38","280.58","277.53","361.87"
"17/12/2024 14:00:00 - 17/12/2024 15:00:00","Belgium (BE)","273.05","288.35","299.53","445.55"
"17/12/2024 15:00:00 - 17/12/2024 16:00:00","Belgium (BE)","296.28","311.88","344.18","553.24"
"17/12/2024 16:00:00 - 17/12/2024 17:00:00","Belgium (BE)","353.58","367.03","410.33","630.61"
"17/12/2024 17:00:00 - 17/12/2024 18:00:00","Belgium (BE)","441.00","470.05","504.75","791.83"
"17/12/2024 18:00:00 - 17/12/2024 19:00:00","Belgium (BE)","549.00","587.48","617.33","912.71"
"17/12/2024 19:00:00 - 17/12/2024 20:00:00","Belgium (BE)","672.63","714.58","749.55","1044.97"
"17/12/2024 20:00:00 - 17/12/2024 21:00:00","Belgium (BE)","803.48","853.23","894.98","1111.96"
"17/12/2024 21:00:00 - 17/12/2024 22:00:00","Belgium (BE)","920.48","965.18","985.30","1168.24"
"17/12/2024 22:00:00 - 17/12/2024 23:00:00","Belgium (BE)","1004.33","1066.10","1076.30","1281.83"
"17/12/2024 23:00:00 - 18/12/2024 00:00:00","Belgium (BE)","1066.13","1173.63","1185.63","1509.36"
"18/12/2024 00:00:00 - 18/12/2024 01:00:00","Belgium (BE)","1287.70","1294.05","1294.05","1584.60"
"18/12/2024 01:00:00 - 18/12/2024 02:00:00","Belgium (BE)","1374.60","1388.78","1388.78","1549.69"
"18/12/2024 02:00:00 - 18/12/2024 03:00:00","Belgium (BE)","1445.88","1646.25","1646.25","1626.78"
"18/12/2024 03:00:00 - 18/12/2024 04:00:00","Belgium (BE)","1537.98","1677.03","1677.03","1738.72"
"18/12/2024 04:00:00 - 18/12/2024 05:00:00","Belgium (BE)","1651.18","1724.08","1724.08","1879.26"
"18/12/2024 05:00:00 - 18/12/2024 06:00:00","Belgium (BE)","1768.55","1791.45","1791.45","2072.17"
"18/12/2024 06:00:00 - 18/12/2024 07:00:00","Belgium (BE)","1856.35","1871.25","1871.25","2090.70"
"18/12/2024 07:00:00 - 18/12/2024 08:00:00","Belgium (BE)","1912.83","1984.65","1984.65","2305.60"
"18/12/2024 08:00:00 - 18/12/2024 09:00:00","Belgium (BE)","1963.10","2026.18","2026.18","2377.88"
"18/12/2024 09:00:00 - 18/12/2024 10:00:00","Belgium (BE)","2006.53","2042.08","2130.98","2331.22"
"18/12/2024 10:00:00 - 18/12/2024 11:00:00","Belgium (BE)","2057.85","2053.38","2123.80","2333.98"
"18/12/2024 11:00:00 - 18/12/2024 12:00:00","Belgium (BE)","2094.85","2069.40","2162.48","2368.21"
"18/12/2024 12:00:00 - 18/12/2024 13:00:00","Belgium (BE)","2109.28","2086.75","2160.73","2380.92"
"18/12/2024 13:00:00 - 18/12/2024 14:00:00","Belgium (BE)","2081.25","2070.50","2151.43","2389.05"
"18/12/2024 14:00:00 - 18/12/2024 15:00:00","Belgium (BE)","1993.60","1993.40","2075.58","2341.94"
"18/12/2024 15:00:00 - 18/12/2024 16:00:00","Belgium (BE)","1854.50","1870.15","1972.18","2222.79"
"18/12/2024 16:00:00 - 18/12/2024 17:00:00","Belgium (BE)","1718.48","1742.75","1853.45","2141.45"
"18/12/2024 17:00:00 - 18/12/2024 18:00:00","Belgium (BE)","1582.90","1617.78","1739.23","2087.86"
"18/12/2024 18:00:00 - 18/12/2024 19:00:00","Belgium (BE)","1467.70","1519.13","1691.00","2030.07"
"18/12/2024 19:00:00 - 18/12/2024 20:00:00","Belgium (BE)","1422.90","1528.10","1771.53","2021.05"
"18/12/2024 20:00:00 - 18/12/2024 21:00:00","Belgium (BE)","1532.83","1652.80","1884.88","2130.48"
"18/12/2024 21:00:00 - 18/12/2024 22:00:00","Belgium (BE)","1722.43","1782.35","1942.90","2193.78"
"18/12/2024 22:00:00 - 18/12/2024 23:00:00","Belgium (BE)","1847.95","1905.20","2028.88","2193.82"
"18/12/2024 23:00:00 - 19/12/2024 00:00:00","Belgium (BE)","1988.00","2050.33","2157.93","2341.95"
"19/12/2024 00:00:00 - 19/12/2024 01:00:00","Belgium (BE)","2204.48","2245.85","2245.85","2425.45"
"19/12/2024 01:00:00 - 19/12/2024 02:00:00","Belgium (BE)","2228.70","2308.00","2308.00","2367.97"
"19/12/2024 02:00:00 - 19/12/2024 03:00:00","Belgium (BE)","2215.88","2306.30","2306.30","2306.59"
"19/12/2024 03:00:00 - 19/12/2024 04:00:00","Belgium (BE)","2193.35","2278.53","2278.53","2181.73"
"19/12/2024 04:00:00 - 19/12/2024 05:00:00","Belgium (BE)","2154.40","2241.53","2241.53","2118.20"
"19/12/2024 05:00:00 - 19/12/2024 06:00:00","Belgium (BE)","2106.85","2135.85","2135.85","2105.26"
"19/12/2024 06:00:00 - 19/12/2024 07:00:00","Belgium (BE)","2062.15","2088.60","2088.60","2227.26"
"19/12/2024 07:00:00 - 19/12/2024 08:00:00","Belgium (BE)","2028.88","2115.03","2076.83","2278.10"
"19/12/2024 08:00:00 - 19/12/2024 09:00:00","Belgium (BE)","1982.40","2082.55","2063.98","2120.13"
"19/12/2024 09:00:00 - 19/12/2024 10:00:00","Belgium (BE)","1949.03","2044.53","1826.70","1975.55"
"19/12/2024 10:00:00 - 19/12/2024 11:00:00","Belgium (BE)","1921.90","2052.68","1818.50","2012.30"
"19/12/2024 11:00:00 - 19/12/2024 12:00:00","Belgium (BE)","1838.65","1973.60","1847.65","1986.84"
"19/12/2024 12:00:00 - 19/12/2024 13:00:00","Belgium (BE)","1705.25","1835.03","1805.68","1988.34"
"19/12/2024 13:00:00 - 19/12/2024 14:00:00","Belgium (BE)","1543.65","1686.63","1691.98","1891.67"
"19/12/2024 14:00:00 - 19/12/2024 15:00:00","Belgium (BE)","1407.90","1526.03","1605.53","1819.45"
"19/12/2024 15:00:00 - 19/12/2024 16:00:00","Belgium (BE)","1304.68","1341.45","1498.30","1669.73"
"19/12/2024 16:00:00 - 19/12/2024 17:00:00","Belgium (BE)","1180.13","1186.80","1389.23","1543.90"
"19/12/2024 17:00:00 - 19/12/2024 18:00:00","Belgium (BE)","1048.85","1059.10","1238.60","1453.61"
"19/12/2024 18:00:00 - 19/12/2024 19:00:00","Belgium (BE)","969.88","983.05","1167.28","1402.21"
"19/12/2024 19:00:00 - 19/12/2024 20:00:00","Belgium (BE)","955.13","983.98","1119.83","1372.26"
"19/12/2024 20:00:00 - 19/12/2024 21:00:00","Belgium (BE)","1007.60","1029.95","1128.50","1413.77"
"19/12/2024 21:00:00 - 19/12/2024 22:00:00","Belgium (BE)","1080.05","1095.65","1212.20","1391.15"
"19/12/2024 22:00:00 - 19/12/2024 23:00:00","Belgium (BE)","1125.50","1149.20","1212.35","1285.80"
"19/12/2024 23:00:00 - 20/12/2024 00:00:00","Belgium (BE)","1115.75","1145.05","1174.18","1237.56"
"20/12/2024 00:00:00 - 20/12/2024 01:00:00","Belgium (BE)","1087.23","1129.43","1129.43","1224.38"
"20/12/2024 01:00:00 - 20/12/2024 02:00:00","Belgium (BE)","1054.15","1095.48","1095.48","1172.59"
"20/12/2024 02:00:00 - 20/12/2024 03:00:00","Belgium (BE)","1005.88","1017.05","1017.05","1112.37"
"20/12/2024 03:00:00 - 20/12/2024 04:00:00","Belgium (BE)","927.45","926.63","926.63","1066.92"
"20/12/2024 04:00:00 - 20/12/2024 05:00:00","Belgium (BE)","813.78","845.48","845.48","965.54"
"20/12/2024 05:00:00 - 20/12/2024 06:00:00","Belgium (BE)","710.43","715.98","715.98","862.83"
"20/12/2024 06:00:00 - 20/12/2024 07:00:00","Belgium (BE)","650.05","669.38","669.38","745.82"
"20/12/2024 07:00:00 - 20/12/2024 08:00:00","Belgium (BE)","634.80","682.83","682.83","840.93"
"20/12/2024 08:00:00 - 20/12/2024 09:00:00","Belgium (BE)","663.15","698.25","698.25","830.90"
"20/12/2024 09:00:00 - 20/12/2024 10:00:00","Belgium (BE)","691.25","696.95","694.00","872.37"
"20/12/2024 10:00:00 - 20/12/2024 11:00:00","Belgium (BE)","726.23","704.63","728.73","733.11"
"20/12/2024 11:00:00 - 20/12/2024 12:00:00","Belgium (BE)","689.28","682.05","749.28","632.28"
"20/12/2024 12:00:00 - 20/12/2024 13:00:00","Belgium (BE)","663.45","680.15","702.25","630.75"
"20/12/2024 13:00:00 - 20/12/2024 14:00:00","Belgium (BE)","693.13","705.98","688.75","694.74"
"20/12/2024 14:00:00 - 20/12/2024 15:00:00","Belgium (BE)","684.53","696.63","658.85","622.86"
"20/12/2024 15:00:00 - 20/12/2024 16:00:00","Belgium (BE)","735.80","753.45","703.38","685.85"
"20/12/2024 16:00:00 - 20/12/2024 17:00:00","Belgium (BE)","885.05","896.53","805.58","1043.86"
"20/12/2024 17:00:00 - 20/12/2024 18:00:00","Belgium (BE)","1093.55","1080.03","1048.30","1430.90"
"20/12/2024 18:00:00 - 20/12/2024 19:00:00","Belgium (BE)","1280.30","1253.08","1285.95","1567.67"
"20/12/2024 19:00:00 - 20/12/2024 20:00:00","Belgium (BE)","1393.58","1363.03","1411.98","1657.45"
"20/12/2024 20:00:00 - 20/12/2024 21:00:00","Belgium (BE)","1479.43","1423.98","1451.73","1725.35"
"20/12/2024 21:00:00 - 20/12/2024 22:00:00","Belgium (BE)","1572.08","1462.90","1494.98","1778.59"
"20/12/2024 22:00:00 - 20/12/2024 23:00:00","Belgium (BE)","1626.35","1490.08","1483.93","1651.60"
"20/12/2024 23:00:00 - 21/12/2024 00:00:00","Belgium (BE)","1613.85","1489.30","1477.18","1656.91"
"21/12/2024 00:00:00 - 21/12/2024 01:00:00","Belgium (BE)","1415.20","1427.68","1427.68","1660.51"
"21/12/2024 01:00:00 - 21/12/2024 02:00:00","Belgium (BE)","1337.35","1419.68","1419.68","1583.11"
"21/12/2024 02:00:00 - 21/12/2024 03:00:00","Belgium (BE)","1228.93","1364.03","1364.03","1426.45"
"21/12/2024 03:00:00 - 21/12/2024 04:00:00","Belgium (BE)","1110.93","1227.45","1227.45","1156.11"
"21/12/2024 04:00:00 - 21/12/2024 05:00:00","Belgium (BE)","993.35","1108.10","1108.10","1007.38"
"21/12/2024 05:00:00 - 21/12/2024 06:00:00","Belgium (BE)","885.45","928.20","928.20","888.59"
"21/12/2024 06:00:00 - 21/12/2024 07:00:00","Belgium (BE)","817.63","863.68","863.68","828.15"
"21/12/2024 07:00:00 - 21/12/2024 08:00:00","Belgium (BE)","822.45","829.30","829.30","817.76"
"21/12/2024 08:00:00 - 21/12/2024 09:00:00","Belgium (BE)","871.88","869.53","869.53","958.63"
"21/12/2024 09:00:00 - 21/12/2024 10:00:00","Belgium (BE)","970.50","969.08","931.30","1160.42"
"21/12/2024 10:00:00 - 21/12/2024 11:00:00","Belgium (BE)","1136.75","1165.18","1155.23","1387.84"
"21/12/2024 11:00:00 - 21/12/2024 12:00:00","Belgium (BE)","1297.95","1381.43","1408.73","1653.57"
"21/12/2024 12:00:00 - 21/12/2024 13:00:00","Belgium (BE)","1446.70","1550.05","1593.85","1892.57"
"21/12/2024 13:00:00 - 21/12/2024 14:00:00","Belgium (BE)","1627.60","1685.98","1761.65","2146.84"
"21/12/2024 14:00:00 - 21/12/2024 15:00:00","Belgium (BE)","1828.95","1829.20","1968.13","2321.55"
"21/12/2024 15:00:00 - 21/12/2024 16:00:00","Belgium (BE)","2000.00","1958.43","2153.23","2382.76"
"21/12/2024 16:00:00 - 21/12/2024 17:00:00","Belgium (BE)","2101.05","2057.73","2243.33","2423.85"
"21/12/2024 17:00:00 - 21/12/2024 18:00:00","Belgium (BE)","2162.33","2124.33","2260.90","2446.40"
"21/12/2024 18:00:00 - 21/12/2024 19:00:00","Belgium (BE)","2198.70","2152.28","2240.43","2454.14"
"21/12/2024 19:00:00 - 21/12/2024 20:00:00","Belgium (BE)","2197.15","2139.53","2209.25","2421.40"
"21/12/2024 20:00:00 - 21/12/2024 21:00:00","Belgium (BE)","2153.88","2098.55","2117.60","2365.02"
"21/12/2024 21:00:00 - 21/12/2024 22:00:00","Belgium (BE)","2091.00","2045.63","2113.90","2214.87"
"21/12/2024 22:00:00 - 21/12/2024 23:00:00","Belgium (BE)","2008.63","1995.33","2013.50","2004.62"
"21/12/2024 23:00:00 - 22/12/2024 00:00:00","Belgium (BE)","1947.58","1982.00","1920.05","1989.32"
"22/12/2024 00:00:00 - 22/12/2024 01:00:00","Belgium (BE)","1826.55","1872.45","1872.45","1898.49"
"22/12/2024 01:00:00 - 22/12/2024 02:00:00","Belgium (BE)","1820.70","1886.03","1886.03","1792.73"
"22/12/2024 02:00:00 - 22/12/2024 03:00:00","Belgium (BE)","1816.35","1764.50","1764.50","1653.33"
"22/12/2024 03:00:00 - 22/12/2024 04:00:00","Belgium (BE)","1814.80","1756.83","1756.83","1644.69"
"22/12/2024 04:00:00 - 22/12/2024 05:00:00","Belgium (BE)","1856.15","1730.73","1730.73","1638.86"
"22/12/2024 05:00:00 - 22/12/2024 06:00:00","Belgium (BE)","1896.10","1807.58","1807.58","1792.82"
"22/12/2024 06:00:00 - 22/12/2024 07:00:00","Belgium (BE)","1901.68","1811.65","1811.65","1877.47"
"22/12/2024 07:00:00 - 22/12/2024 08:00:00","Belgium (BE)","1922.88","1860.33","1848.38","2001.70"
"22/12/2024 08:00:00 - 22/12/2024 09:00:00","Belgium (BE)","1917.80","1843.18","1838.88","2091.75"
"22/12/2024 09:00:00 - 22/12/2024 10:00:00","Belgium (BE)","1875.20","1806.80","1894.63","2146.95"
"22/12/2024 10:00:00 - 22/12/2024 11:00:00","Belgium (BE)","1848.03","1812.78","1913.95","2048.57"
"22/12/2024 11:00:00 - 22/12/2024 12:00:00","Belgium (BE)","1827.08","1778.58","1933.73","2052.51"
"22/12/2024 12:00:00 - 22/12/2024 13:00:00","Belgium (BE)","1811.28","1726.70","1838.63","2045.61"
"22/12/2024 13:00:00 - 22/12/2024 14:00:00","Belgium (BE)","1732.33","1640.10","1699.03","1967.53"
"22/12/2024 14:00:00 - 22/12/2024 15:00:00","Belgium (BE)","1557.05","1487.15","1544.40","1856.31"
"22/12/2024 15:00:00 - 22/12/2024 16:00:00","Belgium (BE)","1389.65","1300.43","1307.38","1662.17"
"22/12/2024 16:00:00 - 22/12/2024 17:00:00","Belgium (BE)","1259.45","1133.88","1193.83","1483.05"
"22/12/2024 17:00:00 - 22/12/2024 18:00:00","Belgium (BE)","1159.75","1049.33","1140.15","1310.18"
"22/12/2024 18:00:00 - 22/12/2024 19:00:00","Belgium (BE)","1155.25","1014.63","1083.15","1232.85"
"22/12/2024 19:00:00 - 22/12/2024 20:00:00","Belgium (BE)","1222.83","1012.05","1074.38","1146.09"
"22/12/2024 20:00:00 - 22/12/2024 21:00:00","Belgium (BE)","1302.15","1038.23","1099.40","1174.13"
"22/12/2024 21:00:00 - 22/12/2024 22:00:00","Belgium (BE)","1383.53","1124.35","1116.45","1274.49"
"22/12/2024 22:00:00 - 22/12/2024 23:00:00","Belgium (BE)","1512.83","1275.65","1295.80","1420.33"
"22/12/2024 23:00:00 - 23/12/2024 00:00:00","Belgium (BE)","1649.20","1454.18","1549.75","1655.04"
"23/12/2024 00:00:00 - 23/12/2024 01:00:00","Belgium (BE)","1826.98","1763.65","1763.65","1851.70"
"23/12/2024 01:00:00 - 23/12/2024 02:00:00","Belgium (BE)","1999.23","1920.23","1920.23","2033.80"
"23/12/2024 02:00:00 - 23/12/2024 03:00:00","Belgium (BE)","2072.75","2038.93","2038.93","2112.02"
"23/12/2024 03:00:00 - 23/12/2024 04:00:00","Belgium (BE)","2063.73","2076.45","2076.45","2144.21"
"23/12/2024 04:00:00 - 23/12/2024 05:00:00","Belgium (BE)","1993.45","2033.83","2033.83","2058.59"
"23/12/2024 05:00:00 - 23/12/2024 06:00:00","Belgium (BE)","1907.98","1898.00","1898.00","1936.28"
"23/12/2024 06:00:00 - 23/12/2024 07:00:00","Belgium (BE)","1814.83","1781.55","1781.55","1811.58"
"23/12/2024 07:00:00 - 23/12/2024 08:00:00","Belgium (BE)","1724.88","1585.15","1585.15","1768.95"
"23/12/2024 08:00:00 - 23/12/2024 09:00:00","Belgium (BE)","1632.98","1478.25","1411.43","1619.80"
"23/12/2024 09:00:00 - 23/12/2024 10:00:00","Belgium (BE)","1553.70","1404.63","1322.30","1572.23"
"23/12/2024 10:00:00 - 23/12/2024 11:00:00","Belgium (BE)","1490.00","1346.30","1246.65","1395.68"
"23/12/2024 11:00:00 - 23/12/2024 12:00:00","Belgium (BE)","1466.28","1311.05","1249.30","1272.40"
"23/12/2024 12:00:00 - 23/12/2024 13:00:00","Belgium (BE)","1476.20","1308.05","1265.15","1312.94"
"23/12/2024 13:00:00 - 23/12/2024 14:00:00","Belgium (BE)","1477.13","1317.68","1215.75","1227.68"
"23/12/2024 14:00:00 - 23/12/2024 15:00:00","Belgium (BE)","1438.55","1292.28","1202.38","1225.66"
"23/12/2024 15:00:00 - 23/12/2024 16:00:00","Belgium (BE)","1339.03","1174.00","1044.08","1164.31"
"23/12/2024 16:00:00 - 23/12/2024 17:00:00","Belgium (BE)","1202.10","1019.85","956.58","1052.30"
"23/12/2024 17:00:00 - 23/12/2024 18:00:00","Belgium (BE)","1064.90","905.33","887.13","1016.78"
"23/12/2024 18:00:00 - 23/12/2024 19:00:00","Belgium (BE)","946.35","803.53","796.20","877.57"
"23/12/2024 19:00:00 - 23/12/2024 20:00:00","Belgium (BE)","834.25","702.95","712.58","776.30"
"23/12/2024 20:00:00 - 23/12/2024 21:00:00","Belgium (BE)","739.50","625.78","604.55","730.96"
"23/12/2024 21:00:00 - 23/12/2024 22:00:00","Belgium (BE)","661.18","562.10","533.95","586.53"
"23/12/2024 22:00:00 - 23/12/2024 23:00:00","Belgium (BE)","595.45","486.70","453.53","493.64"
"23/12/2024 23:00:00 - 24/12/2024 00:00:00","Belgium (BE)","529.23","419.55","401.30","439.76"
"24/12/2024 00:00:00 - 24/12/2024 01:00:00","Belgium (BE)","371.33","382.15","382.15","395.53"
"24/12/2024 01:00:00 - 24/12/2024 02:00:00","Belgium (BE)","348.25","389.23","389.23","368.02"
"24/12/2024 02:00:00 - 24/12/2024 03:00:00","Belgium (BE)","345.48","370.93","370.93","335.59"
"24/12/2024 03:00:00 - 24/12/2024 04:00:00","Belgium (BE)","350.05","361.03","361.03","310.19"
"24/12/2024 04:00:00 - 24/12/2024 05:00:00","Belgium (BE)","361.03","391.05","391.05","309.34"
"24/12/2024 05:00:00 - 24/12/2024 06:00:00","Belgium (BE)","365.35","404.45","404.45","387.63"
"24/12/2024 06:00:00 - 24/12/2024 07:00:00","Belgium (BE)","347.38","408.35","408.35","470.89"
"24/12/2024 07:00:00 - 24/12/2024 08:00:00","Belgium (BE)","350.10","367.08","367.08","454.05"
"24/12/2024 08:00:00 - 24/12/2024 09:00:00","Belgium (BE)","378.20","390.48","440.18","489.79"
"24/12/2024 09:00:00 - 24/12/2024 10:00:00","Belgium (BE)","412.93","425.08","489.68","559.81"
"24/12/2024 10:00:00 - 24/12/2024 11:00:00","Belgium (BE)","468.15","458.88","508.88","582.62"
"24/12/2024 11:00:00 - 24/12/2024 12:00:00","Belgium (BE)","546.55","501.10","550.10","609.33"
"24/12/2024 12:00:00 - 24/12/2024 13:00:00","Belgium (BE)","561.43","510.18","554.98","607.74"
"24/12/2024 13:00:00 - 24/12/2024 14:00:00","Belgium (BE)","491.80","488.98","560.58","553.24"
"24/12/2024 14:00:00 - 24/12/2024 15:00:00","Belgium (BE)","422.60","463.10","553.83","527.71"
"24/12/2024 15:00:00 - 24/12/2024 16:00:00","Belgium (BE)","384.65","439.85","517.30","534.82"
"24/12/2024 16:00:00 - 24/12/2024 17:00:00","Belgium (BE)","384.40","425.13","516.48","596.36"
"24/12/2024 17:00:00 - 24/12/2024 18:00:00","Belgium (BE)","400.15","410.90","501.55","613.12"
"24/12/2024 18:00:00 - 24/12/2024 19:00:00","Belgium (BE)","402.48","387.18","497.00","602.29"
"24/12/2024 19:00:00 - 24/12/2024 20:00:00","Belgium (BE)","387.63","362.20","488.10","544.70"
"24/12/2024 20:00:00 - 24/12/2024 21:00:00","Belgium (BE)","374.18","334.98","467.53","478.99"
"24/12/2024 21:00:00 - 24/12/2024 22:00:00","Belgium (BE)","362.58","303.38","425.15","427.38"
"24/12/2024 22:00:00 - 24/12/2024 23:00:00","Belgium (BE)","348.10","275.50","369.40","407.59"
"24/12/2024 23:00:00 - 25/12/2024 00:00:00","Belgium (BE)","330.55","255.23","318.38","360.61"
"25/12/2024 00:00:00 - 25/12/2024 01:00:00","Belgium (BE)","238.38","300.43","300.43","316.67"
"25/12/2024 01:00:00 - 25/12/2024 02:00:00","Belgium (BE)","213.60","303.10","303.10","245.18"
"25/12/2024 02:00:00 - 25/12/2024 03:00:00","Belgium (BE)","198.55","265.18","265.18","202.67"
"25/12/2024 03:00:00 - 25/12/2024 04:00:00","Belgium (BE)","186.33","231.83","231.83","190.80"
"25/12/2024 04:00:00 - 25/12/2024 05:00:00","Belgium (BE)","178.03","203.68","203.68","181.67"
"25/12/2024 05:00:00 - 25/12/2024 06:00:00","Belgium (BE)","166.08","182.78","182.78","184.76"
"25/12/2024 06:00:00 - 25/12/2024 07:00:00","Belgium (BE)","156.73","163.03","163.03","170.55"
"25/12/2024 07:00:00 - 25/12/2024 08:00:00","Belgium (BE)","149.50","158.08","158.08","149.76"
"25/12/2024 08:00:00 - 25/12/2024 09:00:00","Belgium (BE)","143.23","147.68","160.13","132.32"
"25/12/2024 09:00:00 - 25/12/2024 10:00:00","Belgium (BE)","133.95","139.65","168.13","130.53"
"25/12/2024 10:00:00 - 25/12/2024 11:00:00","Belgium (BE)","123.43","128.05","155.75","138.62"
"25/12/2024 11:00:00 - 25/12/2024 12:00:00","Belgium (BE)","107.58","111.63","130.20","127.22"
"25/12/2024 12:00:00 - 25/12/2024 13:00:00","Belgium (BE)","90.08","95.40","122.38","102.11"
"25/12/2024 13:00:00 - 25/12/2024 14:00:00","Belgium (BE)","71.38","74.58","113.00","84.11"
"25/12/2024 14:00:00 - 25/12/2024 15:00:00","Belgium (BE)","54.15","57.75","91.28","80.82"
"25/12/2024 15:00:00 - 25/12/2024 16:00:00","Belgium (BE)","40.85","46.25","77.68","83.75"
"25/12/2024 16:00:00 - 25/12/2024 17:00:00","Belgium (BE)","33.15","44.55","78.55","98.62"
"25/12/2024 17:00:00 - 25/12/2024 18:00:00","Belgium (BE)","33.63","46.40","88.85","112.43"
"25/12/2024 18:00:00 - 25/12/2024 19:00:00","Belgium (BE)","34.20","52.18","100.23","98.09"
"25/12/2024 19:00:00 - 25/12/2024 20:00:00","Belgium (BE)","35.80","59.43","109.08","90.11"
"25/12/2024 20:00:00 - 25/12/2024 21:00:00","Belgium (BE)","40.63","53.28","99.15","77.26"
"25/12/2024 21:00:00 - 25/12/2024 22:00:00","Belgium (BE)","38.55","34.60","93.80","62.13"
"25/12/2024 22:00:00 - 25/12/2024 23:00:00","Belgium (BE)","33.23","24.40","77.98","58.26"
"25/12/2024 23:00:00 - 26/12/2024 00:00:00","Belgium (BE)","26.60","19.03","60.55","55.49"
"26/12/2024 00:00:00 - 26/12/2024 01:00:00","Belgium (BE)","44.13","48.45","48.45","34.80"
"26/12/2024 01:00:00 - 26/12/2024 02:00:00","Belgium (BE)","35.08","48.35","48.35","26.83"
"26/12/2024 02:00:00 - 26/12/2024 03:00:00","Belgium (BE)","30.63","29.90","29.90","16.03"
"26/12/2024 03:00:00 - 26/12/2024 04:00:00","Belgium (BE)","27.53","28.20","28.20","14.55"
"26/12/2024 04:00:00 - 26/12/2024 05:00:00","Belgium (BE)","25.20","31.13","31.13","21.63"
"26/12/2024 05:00:00 - 26/12/2024 06:00:00","Belgium (BE)","29.38","34.70","34.70","27.21"
"26/12/2024 06:00:00 - 26/12/2024 07:00:00","Belgium (BE)","35.95","40.90","40.90","22.61"
"26/12/2024 07:00:00 - 26/12/2024 08:00:00","Belgium (BE)","41.80","44.28","39.83","14.43"
"26/12/2024 08:00:00 - 26/12/2024 09:00:00","Belgium (BE)","45.73","48.40","47.13","12.27"
"26/12/2024 09:00:00 - 26/12/2024 10:00:00","Belgium (BE)","46.28","54.23","34.43","15.68"
"26/12/2024 10:00:00 - 26/12/2024 11:00:00","Belgium (BE)","38.18","52.20","34.75","29.33"
"26/12/2024 11:00:00 - 26/12/2024 12:00:00","Belgium (BE)","24.28","36.40","30.60","20.83"
"26/12/2024 12:00:00 - 26/12/2024 13:00:00","Belgium (BE)","17.10","24.70","24.13","14.61"
"26/12/2024 13:00:00 - 26/12/2024 14:00:00","Belgium (BE)","14.70","21.00","16.48","12.04"
"26/12/2024 14:00:00 - 26/12/2024 15:00:00","Belgium (BE)","16.73","20.55","16.70","14.06"
"26/12/2024 15:00:00 - 26/12/2024 16:00:00","Belgium (BE)","24.18","24.68","19.38","16.04"
"26/12/2024 16:00:00 - 26/12/2024 17:00:00","Belgium (BE)","46.08","50.95","32.00","29.54"
"26/12/2024 17:00:00 - 26/12/2024 18:00:00","Belgium (BE)","82.40","97.83","53.90","45.49"
"26/12/2024 18:00:00 - 26/12/2024 19:00:00","Belgium (BE)","107.80","125.35","71.70","85.60"
"26/12/2024 19:00:00 - 26/12/2024 20:00:00","Belgium (BE)","122.10","143.28","69.03","112.91"
"26/12/2024 20:00:00 - 26/12/2024 21:00:00","Belgium (BE)","130.08","151.40","88.05","105.27"
"26/12/2024 21:00:00 - 26/12/2024 22:00:00","Belgium (BE)","128.20","147.68","106.03","88.55"
"26/12/2024 22:00:00 - 26/12/2024 23:00:00","Belgium (BE)","113.35","138.28","81.00","98.38"
"26/12/2024 23:00:00 - 27/12/2024 00:00:00","Belgium (BE)","89.33","116.93","66.08","87.27"
"27/12/2024 00:00:00 - 27/12/2024 01:00:00","Belgium (BE)","41.38","66.85","66.85","83.50"
"27/12/2024 01:00:00 - 27/12/2024 02:00:00","Belgium (BE)","38.53","73.70","73.70","73.56"
"27/12/2024 02:00:00 - 27/12/2024 03:00:00","Belgium (BE)","37.35","68.63","68.63","66.98"
"27/12/2024 03:00:00 - 27/12/2024 04:00:00","Belgium (BE)","36.50","55.83","55.83","53.68"
"27/12/2024 04:00:00 - 27/12/2024 05:00:00","Belgium (BE)","34.95","56.90","56.90","49.61"
"27/12/2024 05:00:00 - 27/12/2024 06:00:00","Belgium (BE)","33.20","46.88","46.88","37.35"
"27/12/2024 06:00:00 - 27/12/2024 07:00:00","Belgium (BE)","28.58","36.90","36.90","35.00"
"27/12/2024 07:00:00 - 27/12/2024 08:00:00","Belgium (BE)","23.43","28.48","28.48","38.70"
"27/12/2024 08:00:00 - 27/12/2024 09:00:00","Belgium (BE)","18.78","25.43","27.30","39.08"
"27/12/2024 09:00:00 - 27/12/2024 10:00:00","Belgium (BE)","14.85","22.05","29.30","31.19"
"27/12/2024 10:00:00 - 27/12/2024 11:00:00","Belgium (BE)","9.93","15.48","27.50","20.87"
"27/12/2024 11:00:00 - 27/12/2024 12:00:00","Belgium (BE)","9.40","10.83","23.80","9.11"
"27/12/2024 12:00:00 - 27/12/2024 13:00:00","Belgium (BE)","9.55","7.70","18.80","4.56"
"27/12/2024 13:00:00 - 27/12/2024 14:00:00","Belgium (BE)","6.45","6.00","9.25","3.58"
"27/12/2024 14:00:00 - 27/12/2024 15:00:00","Belgium (BE)","4.60","5.03","4.88","3.30"
"27/12/2024 15:00:00 - 27/12/2024 16:00:00","Belgium (BE)","3.93","5.05","5.15","0.88"
"27/12/2024 16:00:00 - 27/12/2024 17:00:00","Belgium (BE)","4.18","6.15","8.50","4.62"
"27/12/2024 17:00:00 - 27/12/2024 18:00:00","Belgium (BE)","5.05","7.78","10.78","5.88"
"27/12/2024 18:00:00 - 27/12/2024 19:00:00","Belgium (BE)","5.85","8.45","13.20","5.78"
"27/12/2024 19:00:00 - 27/12/2024 20:00:00","Belgium (BE)","6.00","9.63","16.33","7.77"
"27/12/2024 20:00:00 - 27/12/2024 21:00:00","Belgium (BE)","6.23","10.33","16.95","19.47"
"27/12/2024 21:00:00 - 27/12/2024 22:00:00","Belgium (BE)","7.15","11.15","15.58","12.57"
"27/12/2024 22:00:00 - 27/12/2024 23:00:00","Belgium (BE)","7.90","12.35","19.80","11.34"
"27/12/2024 23:00:00 - 28/12/2024 00:00:00","Belgium (BE)","7.80","15.13","24.00","17.00"
"28/12/2024 00:00:00 - 28/12/2024 01:00:00","Belgium (BE)","22.40","28.33","28.33","30.41"
"28/12/2024 01:00:00 - 28/12/2024 02:00:00","Belgium (BE)","22.43","33.98","33.98","42.64"
"28/12/2024 02:00:00 - 28/12/2024 03:00:00","Belgium (BE)","23.58","39.15","39.15","80.60"
"28/12/2024 03:00:00 - 28/12/2024 04:00:00","Belgium (BE)","24.83","38.85","38.85","88.97"
"28/12/2024 04:00:00 - 28/12/2024 05:00:00","Belgium (BE)","27.15","59.05","59.05","66.15"
"28/12/2024 05:00:00 - 28/12/2024 06:00:00","Belgium (BE)","30.75","67.75","67.75","52.50"
"28/12/2024 06:00:00 - 28/12/2024 07:00:00","Belgium (BE)","32.28","58.65","58.65","63.08"
"28/12/2024 07:00:00 - 28/12/2024 08:00:00","Belgium (BE)","36.10","57.78","57.78","85.87"
"28/12/2024 08:00:00 - 28/12/2024 09:00:00","Belgium (BE)","44.25","65.88","65.88","114.32"
"28/12/2024 09:00:00 - 28/12/2024 10:00:00","Belgium (BE)","53.30","72.70","86.70","148.86"
"28/12/2024 10:00:00 - 28/12/2024 11:00:00","Belgium (BE)","59.28","72.08","95.30","132.12"
"28/12/2024 11:00:00 - 28/12/2024 12:00:00","Belgium (BE)","47.93","51.68","102.45","107.63"
"28/12/2024 12:00:00 - 28/12/2024 13:00:00","Belgium (BE)","21.18","27.58","75.83","56.35"
"28/12/2024 13:00:00 - 28/12/2024 14:00:00","Belgium (BE)","9.63","14.30","69.90","22.75"
"28/12/2024 14:00:00 - 28/12/2024 15:00:00","Belgium (BE)","8.10","10.28","51.45","11.78"
"28/12/2024 15:00:00 - 28/12/2024 16:00:00","Belgium (BE)","8.08","10.58","41.10","12.65"
"28/12/2024 16:00:00 - 28/12/2024 17:00:00","Belgium (BE)","12.13","17.00","45.68","28.35"
"28/12/2024 17:00:00 - 28/12/2024 18:00:00","Belgium (BE)","23.03","32.75","75.53","61.84"
"28/12/2024 18:00:00 - 28/12/2024 19:00:00","Belgium (BE)","36.28","65.63","114.28","103.87"
"28/12/2024 19:00:00 - 28/12/2024 20:00:00","Belgium (BE)","58.15","101.25","144.45","129.55"
"28/12/2024 20:00:00 - 28/12/2024 21:00:00","Belgium (BE)","79.55","126.03","156.10","139.88"
"28/12/2024 21:00:00 - 28/12/2024 22:00:00","Belgium (BE)","95.65","139.83","162.20","133.81"
"28/12/2024 22:00:00 - 28/12/2024 23:00:00","Belgium (BE)","97.58","137.60","156.13","130.32"
"28/12/2024 23:00:00 - 29/12/2024 00:00:00","Belgium (BE)","89.95","130.73","150.60","104.01"
"29/12/2024 00:00:00 - 29/12/2024 01:00:00","Belgium (BE)","160.60","156.33","156.33","80.75"
"29/12/2024 01:00:00 - 29/12/2024 02:00:00","Belgium (BE)","170.05","153.20","153.20","80.24"
"29/12/2024 02:00:00 - 29/12/2024 03:00:00","Belgium (BE)","174.70","146.43","146.43","68.18"
"29/12/2024 03:00:00 - 29/12/2024 04:00:00","Belgium (BE)","174.33","149.00","149.00","58.15"
"29/12/2024 04:00:00 - 29/12/2024 05:00:00","Belgium (BE)","179.58","145.68","145.68","55.41"
"29/12/2024 05:00:00 - 29/12/2024 06:00:00","Belgium (BE)","187.83","143.28","143.28","61.18"
"29/12/2024 06:00:00 - 29/12/2024 07:00:00","Belgium (BE)","199.40","151.10","151.10","68.05"
"29/12/2024 07:00:00 - 29/12/2024 08:00:00","Belgium (BE)","207.45","164.55","158.33","63.72"
"29/12/2024 08:00:00 - 29/12/2024 09:00:00","Belgium (BE)","215.85","172.43","168.25","67.37"
"29/12/2024 09:00:00 - 29/12/2024 10:00:00","Belgium (BE)","232.78","185.25","175.08","76.89"
"29/12/2024 10:00:00 - 29/12/2024 11:00:00","Belgium (BE)","259.58","204.35","184.93","111.28"
"29/12/2024 11:00:00 - 29/12/2024 12:00:00","Belgium (BE)","276.50","214.80","188.03","139.61"
"29/12/2024 12:00:00 - 29/12/2024 13:00:00","Belgium (BE)","277.83","220.38","194.00","147.54"
"29/12/2024 13:00:00 - 29/12/2024 14:00:00","Belgium (BE)","280.53","223.08","196.43","171.40"
"29/12/2024 14:00:00 - 29/12/2024 15:00:00","Belgium (BE)","286.65","229.33","210.15","181.19"
"29/12/2024 15:00:00 - 29/12/2024 16:00:00","Belgium (BE)","298.28","254.55","226.93","191.04"
"29/12/2024 16:00:00 - 29/12/2024 17:00:00","Belgium (BE)","343.48","298.80","270.18","209.81"
"29/12/2024 17:00:00 - 29/12/2024 18:00:00","Belgium (BE)","401.23","338.63","313.43","259.77"
"29/12/2024 18:00:00 - 29/12/2024 19:00:00","Belgium (BE)","451.45","374.03","342.05","306.10"
"29/12/2024 19:00:00 - 29/12/2024 20:00:00","Belgium (BE)","498.85","420.95","378.63","340.04"
"29/12/2024 20:00:00 - 29/12/2024 21:00:00","Belgium (BE)","554.38","467.95","414.10","374.22"
"29/12/2024 21:00:00 - 29/12/2024 22:00:00","Belgium (BE)","607.78","502.83","403.48","415.14"
"29/12/2024 22:00:00 - 29/12/2024 23:00:00","Belgium (BE)","645.10","534.18","416.65","344.79"
"29/12/2024 23:00:00 - 30/12/2024 00:00:00","Belgium (BE)","656.28","564.45","441.80","374.42"
"30/12/2024 00:00:00 - 30/12/2024 01:00:00","Belgium (BE)","524.80","447.43","447.43","368.70"
"30/12/2024 01:00:00 - 30/12/2024 02:00:00","Belgium (BE)","554.73","468.25","468.25","378.21"
"30/12/2024 02:00:00 - 30/12/2024 03:00:00","Belgium (BE)","568.10","484.45","484.45","385.88"
"30/12/2024 03:00:00 - 30/12/2024 04:00:00","Belgium (BE)","568.83","524.68","524.68","414.26"
"30/12/2024 04:00:00 - 30/12/2024 05:00:00","Belgium (BE)","578.28","520.83","520.83","393.99"
"30/12/2024 05:00:00 - 30/12/2024 06:00:00","Belgium (BE)","590.65","536.63","536.63","436.36"
"30/12/2024 06:00:00 - 30/12/2024 07:00:00","Belgium (BE)","604.78","561.90","561.90","466.60"
"30/12/2024 07:00:00 - 30/12/2024 08:00:00","Belgium (BE)","626.58","566.08","566.08","512.40"
"30/12/2024 08:00:00 - 30/12/2024 09:00:00","Belgium (BE)","657.65","634.85","634.85","571.70"
"30/12/2024 09:00:00 - 30/12/2024 10:00:00","Belgium (BE)","687.43","691.08","641.65","679.68"
"30/12/2024 10:00:00 - 30/12/2024 11:00:00","Belgium (BE)","678.05","698.50","649.03","751.23"
"30/12/2024 11:00:00 - 30/12/2024 12:00:00","Belgium (BE)","641.05","702.15","639.00","794.76"
"30/12/2024 12:00:00 - 30/12/2024 13:00:00","Belgium (BE)","618.38","712.10","650.38","821.66"
"30/12/2024 13:00:00 - 30/12/2024 14:00:00","Belgium (BE)","603.80","698.75","661.93","771.44"
"30/12/2024 14:00:00 - 30/12/2024 15:00:00","Belgium (BE)","591.88","670.05","636.00","753.60"
"30/12/2024 15:00:00 - 30/12/2024 16:00:00","Belgium (BE)","607.33","673.45","638.95","755.13"
"30/12/2024 16:00:00 - 30/12/2024 17:00:00","Belgium (BE)","642.28","703.25","668.43","699.51"
"30/12/2024 17:00:00 - 30/12/2024 18:00:00","Belgium (BE)","675.13","720.58","683.03","761.20"
"30/12/2024 18:00:00 - 30/12/2024 19:00:00","Belgium (BE)","693.00","728.83","693.70","770.65"
"30/12/2024 19:00:00 - 30/12/2024 20:00:00","Belgium (BE)","690.08","709.48","678.70","703.17"
"30/12/2024 20:00:00 - 30/12/2024 21:00:00","Belgium (BE)","680.73","692.35","662.80","738.80"
"30/12/2024 21:00:00 - 30/12/2024 22:00:00","Belgium (BE)","674.43","694.38","653.25","731.14"
"30/12/2024 22:00:00 - 30/12/2024 23:00:00","Belgium (BE)","670.25","690.15","621.75","679.43"
"30/12/2024 23:00:00 - 31/12/2024 00:00:00","Belgium (BE)","660.98","680.03","598.35","571.54"
"31/12/2024 00:00:00 - 31/12/2024 01:00:00","Belgium (BE)","669.35","588.98","588.98","546.72"
"31/12/2024 01:00:00 - 31/12/2024 02:00:00","Belgium (BE)","680.38","583.33","583.33","550.84"
"31/12/2024 02:00:00 - 31/12/2024 03:00:00","Belgium (BE)","687.43","581.95","581.95","622.89"
"31/12/2024 03:00:00 - 31/12/2024 04:00:00","Belgium (BE)","692.10","613.10","613.10","708.32"
"31/12/2024 04:00:00 - 31/12/2024 05:00:00","Belgium (BE)","684.35","621.83","621.83","762.12"
"31/12/2024 05:00:00 - 31/12/2024 06:00:00","Belgium (BE)","687.78","668.53","668.53","775.09"
"31/12/2024 06:00:00 - 31/12/2024 07:00:00","Belgium (BE)","718.98","715.15","715.15","775.37"
"31/12/2024 07:00:00 - 31/12/2024 08:00:00","Belgium (BE)","751.10","738.40","738.40","778.38"
"31/12/2024 08:00:00 - 31/12/2024 09:00:00","Belgium (BE)","786.88","807.80","807.80","819.51"
"31/12/2024 09:00:00 - 31/12/2024 10:00:00","Belgium (BE)","851.90","900.88","872.35","956.93"
"31/12/2024 10:00:00 - 31/12/2024 11:00:00","Belgium (BE)","944.80","1014.30","932.78","1078.64"
"31/12/2024 11:00:00 - 31/12/2024 12:00:00","Belgium (BE)","1034.53","1089.48","1027.85","1183.75"
"31/12/2024 12:00:00 - 31/12/2024 13:00:00","Belgium (BE)","1061.33","1136.43","1092.78","1243.51"
"31/12/2024 13:00:00 - 31/12/2024 14:00:00","Belgium (BE)","1071.50","1169.15","1125.95","1288.22"
"31/12/2024 14:00:00 - 31/12/2024 15:00:00","Belgium (BE)","1153.95","1201.65","1168.53","1392.67"
"31/12/2024 15:00:00 - 31/12/2024 16:00:00","Belgium (BE)","1342.03","1395.88","1326.28","1535.86"
"31/12/2024 16:00:00 - 31/12/2024 17:00:00","Belgium (BE)","1555.75","1636.90","1535.88","1668.77"
"31/12/2024 17:00:00 - 31/12/2024 18:00:00","Belgium (BE)","1721.25","1752.68","1669.43","1812.02"
"31/12/2024 18:00:00 - 31/12/2024 19:00:00","Belgium (BE)","1842.25","1849.83","1793.38","1883.29"
"31/12/2024 19:00:00 - 31/12/2024 20:00:00","Belgium (BE)","1925.23","1929.58","1906.83","1906.25"
"31/12/2024 20:00:00 - 31/12/2024 21:00:00","Belgium (BE)","1987.03","1987.23","1910.23","1979.78"
"31/12/2024 21:00:00 - 31/12/2024 22:00:00","Belgium (BE)","2032.55","2039.75","1969.03","2034.02"
"31/12/2024 22:00:00 - 31/12/2024 23:00:00","Belgium (BE)","2064.93","2085.10","2042.20","1920.41"
"31/12/2024 23:00:00 - 01/01/2025 00:00:00","Belgium (BE)","2097.63","2125.88","2088.98","1902.54"
