"MTU (CET/CEST)","Area","Day-ahead (MW)","Intraday (MW)","Current (MW)","Actual (MW)"
"01/01/2025 00:00:00 - 01/01/2025 01:00:00","Belgium (BE)","2124.98","2155.05","2155.05","2063.33"
"01/01/2025 01:00:00 - 01/01/2025 02:00:00","Belgium (BE)","2116.98","2158.58","2158.58","2060.56"
"01/01/2025 02:00:00 - 01/01/2025 03:00:00","Belgium (BE)","2107.63","2152.65","2152.65","2080.74"
"01/01/2025 03:00:00 - 01/01/2025 04:00:00","Belgium (BE)","2103.78","2147.40","2147.40","2083.95"
"01/01/2025 04:00:00 - 01/01/2025 05:00:00","Belgium (BE)","2102.68","2153.25","2153.25","2120.35"
"01/01/2025 05:00:00 - 01/01/2025 06:00:00","Belgium (BE)","2104.25","2148.80","2148.80","2119.96"
"01/01/2025 06:00:00 - 01/01/2025 07:00:00","Belgium (BE)","2107.95","2137.40","2137.40","2122.84"
"01/01/2025 07:00:00 - 01/01/2025 08:00:00","Belgium (BE)","2100.03","2137.30","2137.30","2121.48"
"01/01/2025 08:00:00 - 01/01/2025 09:00:00","Belgium (BE)","2078.35","2109.00","2109.00","2090.79"
"01/01/2025 09:00:00 - 01/01/2025 10:00:00","Belgium (BE)","2051.55","2072.48","2070.58","2097.38"
"01/01/2025 10:00:00 - 01/01/2025 11:00:00","Belgium (BE)","2020.33","2028.88","2019.78","2045.76"
"01/01/2025 11:00:00 - 01/01/2025 12:00:00","Belgium (BE)","1980.85","1985.95","2049.75","2081.89"
"01/01/2025 12:00:00 - 01/01/2025 13:00:00","Belgium (BE)","1933.05","1958.05","2031.88","2038.60"
"01/01/2025 13:00:00 - 01/01/2025 14:00:00","Belgium (BE)","2169.65","1949.28","2007.63","1996.24"
"01/01/2025 14:00:00 - 01/01/2025 15:00:00","Belgium (BE)","2167.43","1939.43","1983.20","1981.99"
"01/01/2025 15:00:00 - 01/01/2025 16:00:00","Belgium (BE)","1927.45","1966.18","1967.25","1936.32"
"01/01/2025 16:00:00 - 01/01/2025 17:00:00","Belgium (BE)","1971.28","1967.60","2014.40","1844.87"
"01/01/2025 17:00:00 - 01/01/2025 18:00:00","Belgium (BE)","1885.98","1897.03","1923.13","1795.54"
"01/01/2025 18:00:00 - 01/01/2025 19:00:00","Belgium (BE)","1869.83","1824.03","1757.98","1595.10"
"01/01/2025 19:00:00 - 01/01/2025 20:00:00","Belgium (BE)","1886.60","1781.00","1809.20","1490.55"
"01/01/2025 20:00:00 - 01/01/2025 21:00:00","Belgium (BE)","1937.73","1724.50","1767.20","1873.50"
"01/01/2025 21:00:00 - 01/01/2025 22:00:00","Belgium (BE)","1968.85","1559.45","1821.18","2049.61"
"01/01/2025 22:00:00 - 01/01/2025 23:00:00","Belgium (BE)","1978.05","1281.35","1788.40","1890.00"
"01/01/2025 23:00:00 - 02/01/2025 00:00:00","Belgium (BE)","1971.20","973.58","1577.65","1805.77"
"02/01/2025 00:00:00 - 02/01/2025 01:00:00","Belgium (BE)","1037.58","1055.98","1055.98","932.08"
"02/01/2025 01:00:00 - 02/01/2025 02:00:00","Belgium (BE)","649.70","932.43","932.43","280.39"
"02/01/2025 02:00:00 - 02/01/2025 03:00:00","Belgium (BE)","481.58","545.73","545.73","270.78"
"02/01/2025 03:00:00 - 02/01/2025 04:00:00","Belgium (BE)","453.20","489.28","489.28","318.79"
"02/01/2025 04:00:00 - 02/01/2025 05:00:00","Belgium (BE)","472.50","372.45","372.45","318.77"
"02/01/2025 05:00:00 - 02/01/2025 06:00:00","Belgium (BE)","488.53","367.28","367.28","334.64"
"02/01/2025 06:00:00 - 02/01/2025 07:00:00","Belgium (BE)","470.90","357.15","357.15","273.29"
"02/01/2025 07:00:00 - 02/01/2025 08:00:00","Belgium (BE)","435.03","334.33","334.33","274.20"
"02/01/2025 08:00:00 - 02/01/2025 09:00:00","Belgium (BE)","419.40","331.73","319.40","400.22"
"02/01/2025 09:00:00 - 02/01/2025 10:00:00","Belgium (BE)","436.53","341.93","360.45","476.49"
"02/01/2025 10:00:00 - 02/01/2025 11:00:00","Belgium (BE)","473.95","384.35","412.98","406.29"
"02/01/2025 11:00:00 - 02/01/2025 12:00:00","Belgium (BE)","541.05","459.85","474.63","353.70"
"02/01/2025 12:00:00 - 02/01/2025 13:00:00","Belgium (BE)","630.18","567.88","535.33","344.27"
"02/01/2025 13:00:00 - 02/01/2025 14:00:00","Belgium (BE)","729.53","704.85","582.65","728.51"
"02/01/2025 14:00:00 - 02/01/2025 15:00:00","Belgium (BE)","852.13","835.40","719.40","723.33"
"02/01/2025 15:00:00 - 02/01/2025 16:00:00","Belgium (BE)","979.10","995.40","948.00","923.70"
"02/01/2025 16:00:00 - 02/01/2025 17:00:00","Belgium (BE)","1080.33","1180.73","1007.08","1063.68"
"02/01/2025 17:00:00 - 02/01/2025 18:00:00","Belgium (BE)","1143.88","1308.90","1157.85","1134.05"
"02/01/2025 18:00:00 - 02/01/2025 19:00:00","Belgium (BE)","1197.35","1381.83","1339.13","1282.27"
"02/01/2025 19:00:00 - 02/01/2025 20:00:00","Belgium (BE)","1222.45","1421.23","1363.03","1193.49"
"02/01/2025 20:00:00 - 02/01/2025 21:00:00","Belgium (BE)","1206.08","1388.40","1313.33","1034.42"
"02/01/2025 21:00:00 - 02/01/2025 22:00:00","Belgium (BE)","1160.20","1300.13","1193.55","948.21"
"02/01/2025 22:00:00 - 02/01/2025 23:00:00","Belgium (BE)","1106.78","1203.28","1143.58","926.55"
"02/01/2025 23:00:00 - 03/01/2025 00:00:00","Belgium (BE)","1055.45","1104.38","1091.98","853.06"
"03/01/2025 00:00:00 - 03/01/2025 01:00:00","Belgium (BE)","1000.13","962.55","962.55","809.13"
"03/01/2025 01:00:00 - 03/01/2025 02:00:00","Belgium (BE)","1015.18","922.40","922.40","801.22"
"03/01/2025 02:00:00 - 03/01/2025 03:00:00","Belgium (BE)","1092.15","925.20","925.20","824.23"
"03/01/2025 03:00:00 - 03/01/2025 04:00:00","Belgium (BE)","1195.20","1026.30","1026.30","922.39"
"03/01/2025 04:00:00 - 03/01/2025 05:00:00","Belgium (BE)","1289.20","1128.68","1128.68","1207.09"
"03/01/2025 05:00:00 - 03/01/2025 06:00:00","Belgium (BE)","1343.98","1188.33","1188.33","1258.04"
"03/01/2025 06:00:00 - 03/01/2025 07:00:00","Belgium (BE)","1367.25","1259.90","1259.90","1544.73"
"03/01/2025 07:00:00 - 03/01/2025 08:00:00","Belgium (BE)","1381.58","1543.63","1543.63","1523.60"
"03/01/2025 08:00:00 - 03/01/2025 09:00:00","Belgium (BE)","1392.35","1504.95","1586.28","1645.57"
"03/01/2025 09:00:00 - 03/01/2025 10:00:00","Belgium (BE)","1389.83","1448.53","1626.15","1479.15"
"03/01/2025 10:00:00 - 03/01/2025 11:00:00","Belgium (BE)","1387.95","1428.23","1654.48","1587.54"
"03/01/2025 11:00:00 - 03/01/2025 12:00:00","Belgium (BE)","1353.93","1415.40","1597.35","1691.13"
"03/01/2025 12:00:00 - 03/01/2025 13:00:00","Belgium (BE)","1264.18","1374.10","1570.20","1483.08"
"03/01/2025 13:00:00 - 03/01/2025 14:00:00","Belgium (BE)","1158.25","1315.48","1574.80","1447.49"
"03/01/2025 14:00:00 - 03/01/2025 15:00:00","Belgium (BE)","1043.23","1223.63","1360.90","1353.55"
"03/01/2025 15:00:00 - 03/01/2025 16:00:00","Belgium (BE)","910.63","1090.75","1191.03","1149.31"
"03/01/2025 16:00:00 - 03/01/2025 17:00:00","Belgium (BE)","785.43","932.65","1047.63","1076.46"
"03/01/2025 17:00:00 - 03/01/2025 18:00:00","Belgium (BE)","685.25","780.80","867.13","948.55"
"03/01/2025 18:00:00 - 03/01/2025 19:00:00","Belgium (BE)","592.08","647.28","745.73","752.73"
"03/01/2025 19:00:00 - 03/01/2025 20:00:00","Belgium (BE)","500.33","522.50","599.48","691.71"
"03/01/2025 20:00:00 - 03/01/2025 21:00:00","Belgium (BE)","410.03","423.93","433.48","551.09"
"03/01/2025 21:00:00 - 03/01/2025 22:00:00","Belgium (BE)","328.13","349.73","349.18","383.16"
"03/01/2025 22:00:00 - 03/01/2025 23:00:00","Belgium (BE)","277.93","299.95","248.43","216.71"
"03/01/2025 23:00:00 - 04/01/2025 00:00:00","Belgium (BE)","253.13","272.90","188.60","151.26"
"04/01/2025 00:00:00 - 04/01/2025 01:00:00","Belgium (BE)","197.98","136.23","136.23","117.88"
"04/01/2025 01:00:00 - 04/01/2025 02:00:00","Belgium (BE)","183.43","130.08","130.08","97.82"
"04/01/2025 02:00:00 - 04/01/2025 03:00:00","Belgium (BE)","160.25","122.55","122.55","43.84"
"04/01/2025 03:00:00 - 04/01/2025 04:00:00","Belgium (BE)","135.75","120.10","120.10","70.47"
"04/01/2025 04:00:00 - 04/01/2025 05:00:00","Belgium (BE)","127.30","115.30","115.30","120.41"
"04/01/2025 05:00:00 - 04/01/2025 06:00:00","Belgium (BE)","136.48","113.58","113.58","103.59"
"04/01/2025 06:00:00 - 04/01/2025 07:00:00","Belgium (BE)","159.90","153.98","153.98","111.97"
"04/01/2025 07:00:00 - 04/01/2025 08:00:00","Belgium (BE)","185.43","199.83","199.83","293.73"
"04/01/2025 08:00:00 - 04/01/2025 09:00:00","Belgium (BE)","206.80","233.53","233.53","308.35"
"04/01/2025 09:00:00 - 04/01/2025 10:00:00","Belgium (BE)","222.58","252.73","337.30","321.98"
"04/01/2025 10:00:00 - 04/01/2025 11:00:00","Belgium (BE)","227.65","261.33","289.33","459.47"
"04/01/2025 11:00:00 - 04/01/2025 12:00:00","Belgium (BE)","223.88","270.05","281.63","567.65"
"04/01/2025 12:00:00 - 04/01/2025 13:00:00","Belgium (BE)","209.38","281.60","268.93","512.04"
"04/01/2025 13:00:00 - 04/01/2025 14:00:00","Belgium (BE)","185.25","287.95","394.58","306.40"
"04/01/2025 14:00:00 - 04/01/2025 15:00:00","Belgium (BE)","163.08","271.60","362.33","317.51"
"04/01/2025 15:00:00 - 04/01/2025 16:00:00","Belgium (BE)","151.05","245.83","251.68","355.01"
"04/01/2025 16:00:00 - 04/01/2025 17:00:00","Belgium (BE)","157.20","231.33","266.05","346.95"
"04/01/2025 17:00:00 - 04/01/2025 18:00:00","Belgium (BE)","194.93","250.03","274.08","410.73"
"04/01/2025 18:00:00 - 04/01/2025 19:00:00","Belgium (BE)","261.95","314.65","365.68","539.39"
"04/01/2025 19:00:00 - 04/01/2025 20:00:00","Belgium (BE)","361.80","406.00","459.08","534.15"
"04/01/2025 20:00:00 - 04/01/2025 21:00:00","Belgium (BE)","489.70","521.03","570.23","599.54"
"04/01/2025 21:00:00 - 04/01/2025 22:00:00","Belgium (BE)","659.35","677.08","740.33","600.78"
"04/01/2025 22:00:00 - 04/01/2025 23:00:00","Belgium (BE)","828.35","862.30","870.23","765.57"
"04/01/2025 23:00:00 - 05/01/2025 00:00:00","Belgium (BE)","982.00","1019.15","944.20","1035.35"
"05/01/2025 00:00:00 - 05/01/2025 01:00:00","Belgium (BE)","1147.70","1011.63","1011.63","1127.46"
"05/01/2025 01:00:00 - 05/01/2025 02:00:00","Belgium (BE)","1203.38","1121.58","1121.58","1029.90"
"05/01/2025 02:00:00 - 05/01/2025 03:00:00","Belgium (BE)","1358.00","1517.78","1517.78","703.25"
"05/01/2025 03:00:00 - 05/01/2025 04:00:00","Belgium (BE)","1610.80","1754.30","1754.30","1126.46"
"05/01/2025 04:00:00 - 05/01/2025 05:00:00","Belgium (BE)","1793.55","1859.10","1859.10","1347.79"
"05/01/2025 05:00:00 - 05/01/2025 06:00:00","Belgium (BE)","1840.50","1690.90","1690.90","1449.54"
"05/01/2025 06:00:00 - 05/01/2025 07:00:00","Belgium (BE)","1802.53","1548.43","1548.43","1605.25"
"05/01/2025 07:00:00 - 05/01/2025 08:00:00","Belgium (BE)","1750.60","1163.68","1163.68","1196.56"
"05/01/2025 08:00:00 - 05/01/2025 09:00:00","Belgium (BE)","1771.35","1149.40","1345.28","938.54"
"05/01/2025 09:00:00 - 05/01/2025 10:00:00","Belgium (BE)","1929.13","1536.93","1589.05","741.64"
"05/01/2025 10:00:00 - 05/01/2025 11:00:00","Belgium (BE)","2038.03","1862.60","1867.23","1088.47"
"05/01/2025 11:00:00 - 05/01/2025 12:00:00","Belgium (BE)","2086.00","2026.43","2027.23","2074.99"
"05/01/2025 12:00:00 - 05/01/2025 13:00:00","Belgium (BE)","2108.08","2085.40","2092.13","2116.57"
"05/01/2025 13:00:00 - 05/01/2025 14:00:00","Belgium (BE)","2120.93","2107.10","2112.53","2110.42"
"05/01/2025 14:00:00 - 05/01/2025 15:00:00","Belgium (BE)","2125.03","2112.35","2117.35","2101.24"
"05/01/2025 15:00:00 - 05/01/2025 16:00:00","Belgium (BE)","2127.38","2112.88","2116.53","2093.50"
"05/01/2025 16:00:00 - 05/01/2025 17:00:00","Belgium (BE)","2130.53","2114.80","2115.00","2108.78"
"05/01/2025 17:00:00 - 05/01/2025 18:00:00","Belgium (BE)","2134.08","2119.88","2115.93","2108.18"
"05/01/2025 18:00:00 - 05/01/2025 19:00:00","Belgium (BE)","2140.43","2125.83","2149.48","2106.67"
"05/01/2025 19:00:00 - 05/01/2025 20:00:00","Belgium (BE)","2145.08","2131.93","2148.45","2101.92"
"05/01/2025 20:00:00 - 05/01/2025 21:00:00","Belgium (BE)","2149.90","2134.68","2151.35","2078.16"
"05/01/2025 21:00:00 - 05/01/2025 22:00:00","Belgium (BE)","2152.35","2136.05","2156.35","2079.61"
"05/01/2025 22:00:00 - 05/01/2025 23:00:00","Belgium (BE)","2153.30","2137.30","2156.23","2086.69"
"05/01/2025 23:00:00 - 06/01/2025 00:00:00","Belgium (BE)","2152.20","2137.75","2155.23","2088.82"
"06/01/2025 00:00:00 - 06/01/2025 01:00:00","Belgium (BE)","2138.40","2154.08","2154.08","2052.13"
"06/01/2025 01:00:00 - 06/01/2025 02:00:00","Belgium (BE)","2137.50","2158.70","2158.70","1786.56"
"06/01/2025 02:00:00 - 06/01/2025 03:00:00","Belgium (BE)","2137.73","2155.40","2155.40","2018.71"
"06/01/2025 03:00:00 - 06/01/2025 04:00:00","Belgium (BE)","2138.60","2154.55","2154.55","2042.30"
"06/01/2025 04:00:00 - 06/01/2025 05:00:00","Belgium (BE)","2139.35","2159.35","2159.35","2071.42"
"06/01/2025 05:00:00 - 06/01/2025 06:00:00","Belgium (BE)","2140.15","2158.38","2158.38","1982.35"
"06/01/2025 06:00:00 - 06/01/2025 07:00:00","Belgium (BE)","2139.63","2158.45","2158.45","2101.05"
"06/01/2025 07:00:00 - 06/01/2025 08:00:00","Belgium (BE)","2138.18","2142.18","2142.18","2098.03"
"06/01/2025 08:00:00 - 06/01/2025 09:00:00","Belgium (BE)","2137.70","2147.35","2147.35","2099.77"
"06/01/2025 09:00:00 - 06/01/2025 10:00:00","Belgium (BE)","2132.55","2144.88","2162.43","2102.39"
"06/01/2025 10:00:00 - 06/01/2025 11:00:00","Belgium (BE)","2117.70","2130.18","2139.28","2101.24"
"06/01/2025 11:00:00 - 06/01/2025 12:00:00","Belgium (BE)","2087.08","2103.23","2097.78","2096.70"
"06/01/2025 12:00:00 - 06/01/2025 13:00:00","Belgium (BE)","2039.78","2111.95","2063.20","2063.23"
"06/01/2025 13:00:00 - 06/01/2025 14:00:00","Belgium (BE)","2005.38","2127.20","2085.53","2086.53"
"06/01/2025 14:00:00 - 06/01/2025 15:00:00","Belgium (BE)","2008.15","2129.70","2104.83","2100.71"
"06/01/2025 15:00:00 - 06/01/2025 16:00:00","Belgium (BE)","2046.25","2129.98","2143.45","2101.06"
"06/01/2025 16:00:00 - 06/01/2025 17:00:00","Belgium (BE)","2081.05","2128.28","2137.35","2102.89"
"06/01/2025 17:00:00 - 06/01/2025 18:00:00","Belgium (BE)","2092.48","2121.53","2127.20","2094.03"
"06/01/2025 18:00:00 - 06/01/2025 19:00:00","Belgium (BE)","2081.68","2105.90","2111.25","2097.31"
"06/01/2025 19:00:00 - 06/01/2025 20:00:00","Belgium (BE)","2045.03","2071.88","2081.43","2082.27"
"06/01/2025 20:00:00 - 06/01/2025 21:00:00","Belgium (BE)","1964.15","2004.40","2022.15","2042.86"
"06/01/2025 21:00:00 - 06/01/2025 22:00:00","Belgium (BE)","1801.13","1890.13","1904.13","1784.32"
"06/01/2025 22:00:00 - 06/01/2025 23:00:00","Belgium (BE)","1600.93","1733.68","1794.90","1626.81"
"06/01/2025 23:00:00 - 07/01/2025 00:00:00","Belgium (BE)","1433.55","1575.90","1699.80","1555.90"
"07/01/2025 00:00:00 - 07/01/2025 01:00:00","Belgium (BE)","1727.98","1577.30","1577.30","1464.61"
"07/01/2025 01:00:00 - 07/01/2025 02:00:00","Belgium (BE)","1696.75","1545.68","1545.68","1337.19"
"07/01/2025 02:00:00 - 07/01/2025 03:00:00","Belgium (BE)","1692.88","1503.98","1503.98","1097.36"
"07/01/2025 03:00:00 - 07/01/2025 04:00:00","Belgium (BE)","1720.58","1445.05","1445.05","942.76"
"07/01/2025 04:00:00 - 07/01/2025 05:00:00","Belgium (BE)","1782.20","1407.88","1407.88","940.83"
"07/01/2025 05:00:00 - 07/01/2025 06:00:00","Belgium (BE)","1866.73","1415.08","1415.08","1007.27"
"07/01/2025 06:00:00 - 07/01/2025 07:00:00","Belgium (BE)","1916.70","1529.90","1529.90","1243.96"
"07/01/2025 07:00:00 - 07/01/2025 08:00:00","Belgium (BE)","1914.48","1676.98","1676.98","1676.68"
"07/01/2025 08:00:00 - 07/01/2025 09:00:00","Belgium (BE)","1880.45","1767.98","1764.93","1817.46"
"07/01/2025 09:00:00 - 07/01/2025 10:00:00","Belgium (BE)","1830.73","1784.98","1624.95","1623.39"
"07/01/2025 10:00:00 - 07/01/2025 11:00:00","Belgium (BE)","1793.48","1748.20","1620.75","1644.29"
"07/01/2025 11:00:00 - 07/01/2025 12:00:00","Belgium (BE)","1769.30","1683.28","1414.88","1187.16"
"07/01/2025 12:00:00 - 07/01/2025 13:00:00","Belgium (BE)","1758.80","1571.70","1256.48","987.29"
"07/01/2025 13:00:00 - 07/01/2025 14:00:00","Belgium (BE)","1793.00","1371.13","1106.00","926.83"
"07/01/2025 14:00:00 - 07/01/2025 15:00:00","Belgium (BE)","1819.00","1174.95","928.23","786.32"
"07/01/2025 15:00:00 - 07/01/2025 16:00:00","Belgium (BE)","1775.30","1160.70","935.43","923.89"
"07/01/2025 16:00:00 - 07/01/2025 17:00:00","Belgium (BE)","1696.78","1277.95","1182.90","1266.11"
"07/01/2025 17:00:00 - 07/01/2025 18:00:00","Belgium (BE)","1656.58","1364.73","1499.15","1788.27"
"07/01/2025 18:00:00 - 07/01/2025 19:00:00","Belgium (BE)","1708.85","1510.53","1680.35","1846.41"
"07/01/2025 19:00:00 - 07/01/2025 20:00:00","Belgium (BE)","1794.50","1694.80","1872.83","1819.93"
"07/01/2025 20:00:00 - 07/01/2025 21:00:00","Belgium (BE)","1869.75","1809.38","1899.75","1777.02"
"07/01/2025 21:00:00 - 07/01/2025 22:00:00","Belgium (BE)","1914.18","1858.05","1830.75","1842.62"
"07/01/2025 22:00:00 - 07/01/2025 23:00:00","Belgium (BE)","1914.15","1871.85","1848.75","1899.31"
"07/01/2025 23:00:00 - 08/01/2025 00:00:00","Belgium (BE)","1895.95","1861.33","1866.55","1806.73"
"08/01/2025 00:00:00 - 08/01/2025 01:00:00","Belgium (BE)","1721.68","1865.80","1865.80","1801.76"
"08/01/2025 01:00:00 - 08/01/2025 02:00:00","Belgium (BE)","1624.35","1759.60","1759.60","1681.91"
"08/01/2025 02:00:00 - 08/01/2025 03:00:00","Belgium (BE)","1491.40","1681.05","1681.05","1460.11"
"08/01/2025 03:00:00 - 08/01/2025 04:00:00","Belgium (BE)","1319.70","1464.15","1464.15","1272.78"
"08/01/2025 04:00:00 - 08/01/2025 05:00:00","Belgium (BE)","1144.88","1218.60","1218.60","1024.86"
"08/01/2025 05:00:00 - 08/01/2025 06:00:00","Belgium (BE)","974.93","1048.68","1048.68","859.07"
"08/01/2025 06:00:00 - 08/01/2025 07:00:00","Belgium (BE)","781.53","796.20","796.20","633.26"
"08/01/2025 07:00:00 - 08/01/2025 08:00:00","Belgium (BE)","605.45","605.53","605.53","363.14"
"08/01/2025 08:00:00 - 08/01/2025 09:00:00","Belgium (BE)","484.83","433.40","373.45","174.46"
"08/01/2025 09:00:00 - 08/01/2025 10:00:00","Belgium (BE)","389.10","305.53","163.00","98.94"
"08/01/2025 10:00:00 - 08/01/2025 11:00:00","Belgium (BE)","289.33","201.23","73.55","45.17"
"08/01/2025 11:00:00 - 08/01/2025 12:00:00","Belgium (BE)","181.63","121.83","37.48","10.76"
"08/01/2025 12:00:00 - 08/01/2025 13:00:00","Belgium (BE)","98.38","71.20","21.70"," "
"08/01/2025 13:00:00 - 08/01/2025 14:00:00","Belgium (BE)","49.98","41.85","12.60"," "
"08/01/2025 14:00:00 - 08/01/2025 15:00:00","Belgium (BE)","30.65","36.80","17.95"," "
"08/01/2025 15:00:00 - 08/01/2025 16:00:00","Belgium (BE)","24.45","48.73","34.53","0.41"
"08/01/2025 16:00:00 - 08/01/2025 17:00:00","Belgium (BE)","28.10","60.50","47.50","27.05"
"08/01/2025 17:00:00 - 08/01/2025 18:00:00","Belgium (BE)","36.08","65.15","47.80","132.83"
"08/01/2025 18:00:00 - 08/01/2025 19:00:00","Belgium (BE)","36.38","64.75","47.20","235.51"
"08/01/2025 19:00:00 - 08/01/2025 20:00:00","Belgium (BE)","46.85","56.25","104.70","567.81"
"08/01/2025 20:00:00 - 08/01/2025 21:00:00","Belgium (BE)","59.50","55.00","185.20","641.84"
"08/01/2025 21:00:00 - 08/01/2025 22:00:00","Belgium (BE)","68.45","66.58","562.45","714.14"
"08/01/2025 22:00:00 - 08/01/2025 23:00:00","Belgium (BE)","71.40","81.80","496.70","673.15"
"08/01/2025 23:00:00 - 09/01/2025 00:00:00","Belgium (BE)","69.35","93.98","446.80","340.25"
"09/01/2025 00:00:00 - 09/01/2025 01:00:00","Belgium (BE)","308.53","499.38","499.38","211.40"
"09/01/2025 01:00:00 - 09/01/2025 02:00:00","Belgium (BE)","339.35","386.98","386.98","385.58"
"09/01/2025 02:00:00 - 09/01/2025 03:00:00","Belgium (BE)","370.43","327.50","327.50","422.12"
"09/01/2025 03:00:00 - 09/01/2025 04:00:00","Belgium (BE)","400.00","347.33","347.33","322.80"
"09/01/2025 04:00:00 - 09/01/2025 05:00:00","Belgium (BE)","427.55","371.65","371.65","146.77"
"09/01/2025 05:00:00 - 09/01/2025 06:00:00","Belgium (BE)","492.38","416.63","416.63","42.75"
"09/01/2025 06:00:00 - 09/01/2025 07:00:00","Belgium (BE)","606.35","426.03","426.03","5.09"
"09/01/2025 07:00:00 - 09/01/2025 08:00:00","Belgium (BE)","687.95","606.10","485.73","482.72"
"09/01/2025 08:00:00 - 09/01/2025 09:00:00","Belgium (BE)","697.38","759.10","686.88","423.91"
"09/01/2025 09:00:00 - 09/01/2025 10:00:00","Belgium (BE)","666.55","815.98","765.85","37.59"
"09/01/2025 10:00:00 - 09/01/2025 11:00:00","Belgium (BE)","650.60","798.10","719.63","30.60"
"09/01/2025 11:00:00 - 09/01/2025 12:00:00","Belgium (BE)","753.65","843.35","698.95","114.77"
"09/01/2025 12:00:00 - 09/01/2025 13:00:00","Belgium (BE)","973.33","925.45","988.18","536.48"
"09/01/2025 13:00:00 - 09/01/2025 14:00:00","Belgium (BE)","1195.40","1022.63","978.25","1120.85"
"09/01/2025 14:00:00 - 09/01/2025 15:00:00","Belgium (BE)","1352.05","1107.80","1272.45","1266.55"
"09/01/2025 15:00:00 - 09/01/2025 16:00:00","Belgium (BE)","1439.48","1203.88","1502.30","1593.59"
"09/01/2025 16:00:00 - 09/01/2025 17:00:00","Belgium (BE)","1516.78","1373.75","1650.60","1845.09"
"09/01/2025 17:00:00 - 09/01/2025 18:00:00","Belgium (BE)","1604.28","1547.43","1743.95","1869.22"
"09/01/2025 18:00:00 - 09/01/2025 19:00:00","Belgium (BE)","1673.25","1659.55","1898.28","1931.23"
"09/01/2025 19:00:00 - 09/01/2025 20:00:00","Belgium (BE)","1719.30","1701.20","1849.05","1944.87"
"09/01/2025 20:00:00 - 09/01/2025 21:00:00","Belgium (BE)","1739.18","1694.08","1829.80","1946.09"
"09/01/2025 21:00:00 - 09/01/2025 22:00:00","Belgium (BE)","1702.80","1661.55","1899.50","1975.22"
"09/01/2025 22:00:00 - 09/01/2025 23:00:00","Belgium (BE)","1646.73","1579.43","1759.05","1931.68"
"09/01/2025 23:00:00 - 10/01/2025 00:00:00","Belgium (BE)","1588.20","1418.15","1524.93","1584.84"
"10/01/2025 00:00:00 - 10/01/2025 01:00:00","Belgium (BE)","1288.08","1118.65","1118.65","1133.77"
"10/01/2025 01:00:00 - 10/01/2025 02:00:00","Belgium (BE)","1021.43","899.90","899.90","678.47"
"10/01/2025 02:00:00 - 10/01/2025 03:00:00","Belgium (BE)","793.53","667.45","667.45","398.75"
"10/01/2025 03:00:00 - 10/01/2025 04:00:00","Belgium (BE)","635.60","471.25","471.25","344.46"
"10/01/2025 04:00:00 - 10/01/2025 05:00:00","Belgium (BE)","517.33","340.88","340.88","307.16"
"10/01/2025 05:00:00 - 10/01/2025 06:00:00","Belgium (BE)","427.98","242.20","242.20","336.79"
"10/01/2025 06:00:00 - 10/01/2025 07:00:00","Belgium (BE)","343.63","194.15","194.15","247.22"
"10/01/2025 07:00:00 - 10/01/2025 08:00:00","Belgium (BE)","250.98","191.40","191.40","139.48"
"10/01/2025 08:00:00 - 10/01/2025 09:00:00","Belgium (BE)","168.80","147.93","147.93","118.19"
"10/01/2025 09:00:00 - 10/01/2025 10:00:00","Belgium (BE)","117.13","119.03","121.63","155.58"
"10/01/2025 10:00:00 - 10/01/2025 11:00:00","Belgium (BE)","87.55","97.95","122.00","193.19"
"10/01/2025 11:00:00 - 10/01/2025 12:00:00","Belgium (BE)","72.48","84.00","142.88","158.83"
"10/01/2025 12:00:00 - 10/01/2025 13:00:00","Belgium (BE)","66.43","77.65","142.50","138.97"
"10/01/2025 13:00:00 - 10/01/2025 14:00:00","Belgium (BE)","59.75","75.05","159.85","124.52"
"10/01/2025 14:00:00 - 10/01/2025 15:00:00","Belgium (BE)","53.25","75.08","132.08","160.53"
"10/01/2025 15:00:00 - 10/01/2025 16:00:00","Belgium (BE)","55.33","76.25","123.28","251.62"
"10/01/2025 16:00:00 - 10/01/2025 17:00:00","Belgium (BE)","72.85","70.40","139.03","272.40"
"10/01/2025 17:00:00 - 10/01/2025 18:00:00","Belgium (BE)","99.10","62.10","170.98","165.53"
"10/01/2025 18:00:00 - 10/01/2025 19:00:00","Belgium (BE)","123.10","62.33","163.28","47.20"
"10/01/2025 19:00:00 - 10/01/2025 20:00:00","Belgium (BE)","133.10","63.73","93.20","32.80"
"10/01/2025 20:00:00 - 10/01/2025 21:00:00","Belgium (BE)","133.40","62.25","49.28","39.84"
"10/01/2025 21:00:00 - 10/01/2025 22:00:00","Belgium (BE)","128.20","64.95","46.80","20.68"
"10/01/2025 22:00:00 - 10/01/2025 23:00:00","Belgium (BE)","122.58","73.45","61.93","70.37"
"10/01/2025 23:00:00 - 11/01/2025 00:00:00","Belgium (BE)","121.30","79.90","75.33","108.19"
"11/01/2025 00:00:00 - 11/01/2025 01:00:00","Belgium (BE)","71.48","106.13","106.13","102.67"
"11/01/2025 01:00:00 - 11/01/2025 02:00:00","Belgium (BE)","84.23","117.68","117.68","162.57"
"11/01/2025 02:00:00 - 11/01/2025 03:00:00","Belgium (BE)","91.10","110.08","110.08","104.84"
"11/01/2025 03:00:00 - 11/01/2025 04:00:00","Belgium (BE)","94.98","109.08","109.08","57.47"
"11/01/2025 04:00:00 - 11/01/2025 05:00:00","Belgium (BE)","92.08","105.05","105.05","65.23"
"11/01/2025 05:00:00 - 11/01/2025 06:00:00","Belgium (BE)","85.10","86.50","86.50","29.94"
"11/01/2025 06:00:00 - 11/01/2025 07:00:00","Belgium (BE)","82.08","74.73","74.73","18.34"
"11/01/2025 07:00:00 - 11/01/2025 08:00:00","Belgium (BE)","78.38","60.38","41.15","208.43"
"11/01/2025 08:00:00 - 11/01/2025 09:00:00","Belgium (BE)","69.38","45.58","35.75","44.17"
"11/01/2025 09:00:00 - 11/01/2025 10:00:00","Belgium (BE)","57.83","33.30","134.05","0.65"
"11/01/2025 10:00:00 - 11/01/2025 11:00:00","Belgium (BE)","48.15","24.93","26.50"," "
"11/01/2025 11:00:00 - 11/01/2025 12:00:00","Belgium (BE)","43.35","20.05","17.33","17.15"
"11/01/2025 12:00:00 - 11/01/2025 13:00:00","Belgium (BE)","42.75","21.48","26.88","0.13"
"11/01/2025 13:00:00 - 11/01/2025 14:00:00","Belgium (BE)","53.08","27.58","46.18"," "
"11/01/2025 14:00:00 - 11/01/2025 15:00:00","Belgium (BE)","71.28","39.33","80.13","45.73"
"11/01/2025 15:00:00 - 11/01/2025 16:00:00","Belgium (BE)","97.10","62.03","103.18","265.70"
"11/01/2025 16:00:00 - 11/01/2025 17:00:00","Belgium (BE)","144.08","92.03","137.85","230.92"
"11/01/2025 17:00:00 - 11/01/2025 18:00:00","Belgium (BE)","195.65","121.63","264.63","221.54"
"11/01/2025 18:00:00 - 11/01/2025 19:00:00","Belgium (BE)","231.95","142.88","210.23","292.32"
"11/01/2025 19:00:00 - 11/01/2025 20:00:00","Belgium (BE)","243.00","146.60","230.25","352.81"
"11/01/2025 20:00:00 - 11/01/2025 21:00:00","Belgium (BE)","230.63","129.45","237.50","255.56"
"11/01/2025 21:00:00 - 11/01/2025 22:00:00","Belgium (BE)","208.25","102.48","289.23","254.14"
"11/01/2025 22:00:00 - 11/01/2025 23:00:00","Belgium (BE)","181.10","77.13","233.93","267.48"
"11/01/2025 23:00:00 - 12/01/2025 00:00:00","Belgium (BE)","159.88","61.15","194.25","158.97"
"12/01/2025 00:00:00 - 12/01/2025 01:00:00","Belgium (BE)","69.13","155.18","155.18","157.87"
"12/01/2025 01:00:00 - 12/01/2025 02:00:00","Belgium (BE)","62.93","105.60","105.60","93.95"
"12/01/2025 02:00:00 - 12/01/2025 03:00:00","Belgium (BE)","70.10","118.95","118.95","124.70"
"12/01/2025 03:00:00 - 12/01/2025 04:00:00","Belgium (BE)","88.20","108.23","108.23","94.78"
"12/01/2025 04:00:00 - 12/01/2025 05:00:00","Belgium (BE)","98.23","127.20","127.20","178.04"
"12/01/2025 05:00:00 - 12/01/2025 06:00:00","Belgium (BE)","105.78","100.48","100.48","109.05"
"12/01/2025 06:00:00 - 12/01/2025 07:00:00","Belgium (BE)","97.93","142.00","142.00","87.63"
"12/01/2025 07:00:00 - 12/01/2025 08:00:00","Belgium (BE)","74.68","111.55","83.20","34.32"
"12/01/2025 08:00:00 - 12/01/2025 09:00:00","Belgium (BE)","56.45","76.38","62.13","3.93"
"12/01/2025 09:00:00 - 12/01/2025 10:00:00","Belgium (BE)","44.75","48.38","30.38","17.35"
"12/01/2025 10:00:00 - 12/01/2025 11:00:00","Belgium (BE)","36.28","29.30","16.98","9.08"
"12/01/2025 11:00:00 - 12/01/2025 12:00:00","Belgium (BE)","36.10","22.43","16.93","1.91"
"12/01/2025 12:00:00 - 12/01/2025 13:00:00","Belgium (BE)","37.53","21.88","16.88","3.37"
"12/01/2025 13:00:00 - 12/01/2025 14:00:00","Belgium (BE)","37.13","21.60","16.30","11.39"
"12/01/2025 14:00:00 - 12/01/2025 15:00:00","Belgium (BE)","32.95","21.73","16.10","3.54"
"12/01/2025 15:00:00 - 12/01/2025 16:00:00","Belgium (BE)","29.28","20.03","15.65"," "
"12/01/2025 16:00:00 - 12/01/2025 17:00:00","Belgium (BE)","26.53","17.83","12.63"," "
"12/01/2025 17:00:00 - 12/01/2025 18:00:00","Belgium (BE)","21.85","18.28","15.80"," "
"12/01/2025 18:00:00 - 12/01/2025 19:00:00","Belgium (BE)","18.88","19.58","18.40"," "
"12/01/2025 19:00:00 - 12/01/2025 20:00:00","Belgium (BE)","18.53","21.10","17.55"," "
"12/01/2025 20:00:00 - 12/01/2025 21:00:00","Belgium (BE)","21.25","21.63","12.18"," "
"12/01/2025 21:00:00 - 12/01/2025 22:00:00","Belgium (BE)","23.63","21.18","23.95"," "
"12/01/2025 22:00:00 - 12/01/2025 23:00:00","Belgium (BE)","24.10","21.78","28.85","0.18"
"12/01/2025 23:00:00 - 13/01/2025 00:00:00","Belgium (BE)","23.80","25.58","43.10","69.54"
"13/01/2025 00:00:00 - 13/01/2025 01:00:00","Belgium (BE)","44.40","86.43","86.43","93.61"
"13/01/2025 01:00:00 - 13/01/2025 02:00:00","Belgium (BE)","64.35","116.63","116.63","100.59"
"13/01/2025 02:00:00 - 13/01/2025 03:00:00","Belgium (BE)","77.95","134.28","134.28","119.22"
"13/01/2025 03:00:00 - 13/01/2025 04:00:00","Belgium (BE)","88.68","157.33","157.33","140.98"
"13/01/2025 04:00:00 - 13/01/2025 05:00:00","Belgium (BE)","97.03","164.15","164.15","144.93"
"13/01/2025 05:00:00 - 13/01/2025 06:00:00","Belgium (BE)","109.10","166.88","166.88","135.63"
"13/01/2025 06:00:00 - 13/01/2025 07:00:00","Belgium (BE)","134.98","168.03","168.03","214.36"
"13/01/2025 07:00:00 - 13/01/2025 08:00:00","Belgium (BE)","172.15","161.40","161.40","273.71"
"13/01/2025 08:00:00 - 13/01/2025 09:00:00","Belgium (BE)","204.28","175.10","204.90","296.90"
"13/01/2025 09:00:00 - 13/01/2025 10:00:00","Belgium (BE)","224.03","190.50","284.13","330.51"
"13/01/2025 10:00:00 - 13/01/2025 11:00:00","Belgium (BE)","228.93","208.60","286.78","382.46"
"13/01/2025 11:00:00 - 13/01/2025 12:00:00","Belgium (BE)","215.58","230.18","293.93","426.02"
"13/01/2025 12:00:00 - 13/01/2025 13:00:00","Belgium (BE)","194.30","248.65","267.95","472.73"
"13/01/2025 13:00:00 - 13/01/2025 14:00:00","Belgium (BE)","179.78","255.68","329.50","476.74"
"13/01/2025 14:00:00 - 13/01/2025 15:00:00","Belgium (BE)","169.90","249.88","336.93","369.22"
"13/01/2025 15:00:00 - 13/01/2025 16:00:00","Belgium (BE)","164.20","241.60","328.75","294.28"
"13/01/2025 16:00:00 - 13/01/2025 17:00:00","Belgium (BE)","166.03","238.85","288.30","282.47"
"13/01/2025 17:00:00 - 13/01/2025 18:00:00","Belgium (BE)","178.75","242.20","265.30","272.16"
"13/01/2025 18:00:00 - 13/01/2025 19:00:00","Belgium (BE)","203.95","254.98","255.15","432.70"
"13/01/2025 19:00:00 - 13/01/2025 20:00:00","Belgium (BE)","225.35","270.20","251.68","392.42"
"13/01/2025 20:00:00 - 13/01/2025 21:00:00","Belgium (BE)","234.75","284.05","346.73","303.68"
"13/01/2025 21:00:00 - 13/01/2025 22:00:00","Belgium (BE)","246.30","310.90","351.80","191.61"
"13/01/2025 22:00:00 - 13/01/2025 23:00:00","Belgium (BE)","261.15","361.43","311.25","288.01"
"13/01/2025 23:00:00 - 14/01/2025 00:00:00","Belgium (BE)","277.35","430.68","270.00","452.97"
"14/01/2025 00:00:00 - 14/01/2025 01:00:00","Belgium (BE)","342.38","326.10","326.10","459.17"
"14/01/2025 01:00:00 - 14/01/2025 02:00:00","Belgium (BE)","359.65","374.88","374.88","488.39"
"14/01/2025 02:00:00 - 14/01/2025 03:00:00","Belgium (BE)","360.50","421.75","421.75","499.70"
"14/01/2025 03:00:00 - 14/01/2025 04:00:00","Belgium (BE)","363.40","406.53","406.53","601.04"
"14/01/2025 04:00:00 - 14/01/2025 05:00:00","Belgium (BE)","377.43","404.90","404.90","471.09"
"14/01/2025 05:00:00 - 14/01/2025 06:00:00","Belgium (BE)","400.65","521.95","521.95","495.79"
"14/01/2025 06:00:00 - 14/01/2025 07:00:00","Belgium (BE)","436.40","480.10","480.10","658.63"
"14/01/2025 07:00:00 - 14/01/2025 08:00:00","Belgium (BE)","488.18","559.73","559.73","695.72"
"14/01/2025 08:00:00 - 14/01/2025 09:00:00","Belgium (BE)","543.53","621.98","700.75","762.90"
"14/01/2025 09:00:00 - 14/01/2025 10:00:00","Belgium (BE)","572.03","642.15","766.10","623.10"
"14/01/2025 10:00:00 - 14/01/2025 11:00:00","Belgium (BE)","594.78","638.25","702.60","619.81"
"14/01/2025 11:00:00 - 14/01/2025 12:00:00","Belgium (BE)","643.43","708.03","707.53","736.24"
"14/01/2025 12:00:00 - 14/01/2025 13:00:00","Belgium (BE)","687.13","831.05","786.65","814.15"
"14/01/2025 13:00:00 - 14/01/2025 14:00:00","Belgium (BE)","677.45","890.68","818.38","1140.94"
"14/01/2025 14:00:00 - 14/01/2025 15:00:00","Belgium (BE)","625.10","838.40","817.20","1022.98"
"14/01/2025 15:00:00 - 14/01/2025 16:00:00","Belgium (BE)","545.28","712.88","697.10","792.50"
"14/01/2025 16:00:00 - 14/01/2025 17:00:00","Belgium (BE)","438.43","569.48","684.98","532.80"
"14/01/2025 17:00:00 - 14/01/2025 18:00:00","Belgium (BE)","343.20","432.10","481.38","457.15"
"14/01/2025 18:00:00 - 14/01/2025 19:00:00","Belgium (BE)","265.28","325.08","343.40","397.69"
"14/01/2025 19:00:00 - 14/01/2025 20:00:00","Belgium (BE)","205.83","246.93","290.18","290.03"
"14/01/2025 20:00:00 - 14/01/2025 21:00:00","Belgium (BE)","157.53","193.53","248.78","178.54"
"14/01/2025 21:00:00 - 14/01/2025 22:00:00","Belgium (BE)","116.60","158.13","208.43","69.41"
"14/01/2025 22:00:00 - 14/01/2025 23:00:00","Belgium (BE)","95.68","131.55","184.13","127.64"
"14/01/2025 23:00:00 - 15/01/2025 00:00:00","Belgium (BE)","89.23","113.63","161.10","90.85"
"15/01/2025 00:00:00 - 15/01/2025 01:00:00","Belgium (BE)","107.00","77.60","77.60","24.56"
"15/01/2025 01:00:00 - 15/01/2025 02:00:00","Belgium (BE)","83.70","44.78","44.78","7.62"
"15/01/2025 02:00:00 - 15/01/2025 03:00:00","Belgium (BE)","64.50","25.33","25.33","33.53"
"15/01/2025 03:00:00 - 15/01/2025 04:00:00","Belgium (BE)","58.73","29.60","29.60","51.45"
"15/01/2025 04:00:00 - 15/01/2025 05:00:00","Belgium (BE)","56.40","27.03","27.03","48.27"
"15/01/2025 05:00:00 - 15/01/2025 06:00:00","Belgium (BE)","46.05","29.28","29.28","6.87"
"15/01/2025 06:00:00 - 15/01/2025 07:00:00","Belgium (BE)","30.35","25.88","25.88","12.54"
"15/01/2025 07:00:00 - 15/01/2025 08:00:00","Belgium (BE)","20.28","19.70","19.70"," "
"15/01/2025 08:00:00 - 15/01/2025 09:00:00","Belgium (BE)","19.55","26.13","26.13"," "
"15/01/2025 09:00:00 - 15/01/2025 10:00:00","Belgium (BE)","18.63","21.60","6.60"," "
"15/01/2025 10:00:00 - 15/01/2025 11:00:00","Belgium (BE)","15.05","17.73","8.23"," "
"15/01/2025 11:00:00 - 15/01/2025 12:00:00","Belgium (BE)","9.65","16.85","8.53"," "
"15/01/2025 12:00:00 - 15/01/2025 13:00:00","Belgium (BE)","9.40","15.43","11.23"," "
"15/01/2025 13:00:00 - 15/01/2025 14:00:00","Belgium (BE)","11.53","13.40","10.95"," "
"15/01/2025 14:00:00 - 15/01/2025 15:00:00","Belgium (BE)","12.90","13.23","11.50"," "
"15/01/2025 15:00:00 - 15/01/2025 16:00:00","Belgium (BE)","11.50","14.28","14.00"," "
"15/01/2025 16:00:00 - 15/01/2025 17:00:00","Belgium (BE)","9.95","15.18","16.03"," "
"15/01/2025 17:00:00 - 15/01/2025 18:00:00","Belgium (BE)","10.95","14.85","14.98"," "
"15/01/2025 18:00:00 - 15/01/2025 19:00:00","Belgium (BE)","14.95","14.33","13.45"," "
"15/01/2025 19:00:00 - 15/01/2025 20:00:00","Belgium (BE)","21.00","14.35","12.95"," "
"15/01/2025 20:00:00 - 15/01/2025 21:00:00","Belgium (BE)","24.93","14.43","13.95"," "
"15/01/2025 21:00:00 - 15/01/2025 22:00:00","Belgium (BE)","26.73","13.00","16.78"," "
"15/01/2025 22:00:00 - 15/01/2025 23:00:00","Belgium (BE)","27.65","10.98","17.50"," "
"15/01/2025 23:00:00 - 16/01/2025 00:00:00","Belgium (BE)","29.68","9.55","17.58"," "
"16/01/2025 00:00:00 - 16/01/2025 01:00:00","Belgium (BE)","19.10","19.15","19.15"," "
"16/01/2025 01:00:00 - 16/01/2025 02:00:00","Belgium (BE)","20.88","18.48","18.48"," "
"16/01/2025 02:00:00 - 16/01/2025 03:00:00","Belgium (BE)","23.23","17.65","17.65"," "
"16/01/2025 03:00:00 - 16/01/2025 04:00:00","Belgium (BE)","30.28","17.70","17.70"," "
"16/01/2025 04:00:00 - 16/01/2025 05:00:00","Belgium (BE)","40.03","20.23","20.23"," "
"16/01/2025 05:00:00 - 16/01/2025 06:00:00","Belgium (BE)","50.83","24.08","24.08"," "
"16/01/2025 06:00:00 - 16/01/2025 07:00:00","Belgium (BE)","62.20","31.58","31.58"," "
"16/01/2025 07:00:00 - 16/01/2025 08:00:00","Belgium (BE)","69.70","41.88","41.88"," "
"16/01/2025 08:00:00 - 16/01/2025 09:00:00","Belgium (BE)","74.35","54.00","54.00"," "
"16/01/2025 09:00:00 - 16/01/2025 10:00:00","Belgium (BE)","77.65","69.18","41.30","4.03"
"16/01/2025 10:00:00 - 16/01/2025 11:00:00","Belgium (BE)","79.18","82.93","51.88","24.65"
"16/01/2025 11:00:00 - 16/01/2025 12:00:00","Belgium (BE)","74.85","85.48","52.35","13.85"
"16/01/2025 12:00:00 - 16/01/2025 13:00:00","Belgium (BE)","73.35","81.55","64.95","55.21"
"16/01/2025 13:00:00 - 16/01/2025 14:00:00","Belgium (BE)","65.75","69.40","46.55","77.77"
"16/01/2025 14:00:00 - 16/01/2025 15:00:00","Belgium (BE)","53.30","53.35","39.55","20.93"
"16/01/2025 15:00:00 - 16/01/2025 16:00:00","Belgium (BE)","46.55","42.55","37.58","33.71"
"16/01/2025 16:00:00 - 16/01/2025 17:00:00","Belgium (BE)","43.15","38.38","26.45","81.90"
"16/01/2025 17:00:00 - 16/01/2025 18:00:00","Belgium (BE)","38.45","38.20","33.53","79.18"
"16/01/2025 18:00:00 - 16/01/2025 19:00:00","Belgium (BE)","35.40","40.65","38.55","32.57"
"16/01/2025 19:00:00 - 16/01/2025 20:00:00","Belgium (BE)","35.03","41.10","52.85","1.66"
"16/01/2025 20:00:00 - 16/01/2025 21:00:00","Belgium (BE)","40.43","39.25","28.80"," "
"16/01/2025 21:00:00 - 16/01/2025 22:00:00","Belgium (BE)","52.00","43.48","22.68","3.33"
"16/01/2025 22:00:00 - 16/01/2025 23:00:00","Belgium (BE)","64.75","58.23","35.58","44.62"
"16/01/2025 23:00:00 - 17/01/2025 00:00:00","Belgium (BE)","75.53","75.80","55.45","125.02"
"17/01/2025 00:00:00 - 17/01/2025 01:00:00","Belgium (BE)","68.50","64.43","64.43","145.00"
"17/01/2025 01:00:00 - 17/01/2025 02:00:00","Belgium (BE)","74.90","94.25","94.25","192.95"
"17/01/2025 02:00:00 - 17/01/2025 03:00:00","Belgium (BE)","75.98","104.38","104.38","210.07"
"17/01/2025 03:00:00 - 17/01/2025 04:00:00","Belgium (BE)","73.53","87.55","87.55","136.23"
"17/01/2025 04:00:00 - 17/01/2025 05:00:00","Belgium (BE)","67.00","73.33","73.33","123.56"
"17/01/2025 05:00:00 - 17/01/2025 06:00:00","Belgium (BE)","60.00","91.08","91.08","198.53"
"17/01/2025 06:00:00 - 17/01/2025 07:00:00","Belgium (BE)","54.75","71.40","71.40","186.83"
"17/01/2025 07:00:00 - 17/01/2025 08:00:00","Belgium (BE)","48.60","122.00","122.00","147.25"
"17/01/2025 08:00:00 - 17/01/2025 09:00:00","Belgium (BE)","39.68","83.10","83.10","121.84"
"17/01/2025 09:00:00 - 17/01/2025 10:00:00","Belgium (BE)","30.80","55.20","77.85","54.67"
"17/01/2025 10:00:00 - 17/01/2025 11:00:00","Belgium (BE)","27.68","39.00","60.70","11.30"
"17/01/2025 11:00:00 - 17/01/2025 12:00:00","Belgium (BE)","24.95","30.00","34.03"," "
"17/01/2025 12:00:00 - 17/01/2025 13:00:00","Belgium (BE)","22.08","26.80","28.98","2.89"
"17/01/2025 13:00:00 - 17/01/2025 14:00:00","Belgium (BE)","20.05","24.35","15.03","1.47"
"17/01/2025 14:00:00 - 17/01/2025 15:00:00","Belgium (BE)","16.95","20.88","16.08"," "
"17/01/2025 15:00:00 - 17/01/2025 16:00:00","Belgium (BE)","15.80","19.03","10.73","0.90"
"17/01/2025 16:00:00 - 17/01/2025 17:00:00","Belgium (BE)","16.78","18.68","9.63","26.19"
"17/01/2025 17:00:00 - 17/01/2025 18:00:00","Belgium (BE)","19.00","20.13","10.08","3.41"
"17/01/2025 18:00:00 - 17/01/2025 19:00:00","Belgium (BE)","19.75","22.25","20.35"," "
"17/01/2025 19:00:00 - 17/01/2025 20:00:00","Belgium (BE)","18.00","23.05","14.18"," "
"17/01/2025 20:00:00 - 17/01/2025 21:00:00","Belgium (BE)","15.40","21.80","16.20"," "
"17/01/2025 21:00:00 - 17/01/2025 22:00:00","Belgium (BE)","12.23","19.43","18.90"," "
"17/01/2025 22:00:00 - 17/01/2025 23:00:00","Belgium (BE)","11.73","18.80","23.03"," "
"17/01/2025 23:00:00 - 18/01/2025 00:00:00","Belgium (BE)","13.53","21.08","24.93"," "
"18/01/2025 00:00:00 - 18/01/2025 01:00:00","Belgium (BE)","24.90","21.35","21.35"," "
"18/01/2025 01:00:00 - 18/01/2025 02:00:00","Belgium (BE)","18.65","17.23","17.23"," "
"18/01/2025 02:00:00 - 18/01/2025 03:00:00","Belgium (BE)","14.15","20.28","20.28"," "
"18/01/2025 03:00:00 - 18/01/2025 04:00:00","Belgium (BE)","15.73","24.15","24.15"," "
"18/01/2025 04:00:00 - 18/01/2025 05:00:00","Belgium (BE)","19.83","26.83","26.83"," "
"18/01/2025 05:00:00 - 18/01/2025 06:00:00","Belgium (BE)","25.50","29.48","29.48"," "
"18/01/2025 06:00:00 - 18/01/2025 07:00:00","Belgium (BE)","30.98","33.28","33.28"," "
"18/01/2025 07:00:00 - 18/01/2025 08:00:00","Belgium (BE)","34.13","34.75","26.10","5.17"
"18/01/2025 08:00:00 - 18/01/2025 09:00:00","Belgium (BE)","34.48","33.20","26.63","73.91"
"18/01/2025 09:00:00 - 18/01/2025 10:00:00","Belgium (BE)","36.55","32.00","40.53","115.72"
"18/01/2025 10:00:00 - 18/01/2025 11:00:00","Belgium (BE)","40.88","31.50","75.43","59.37"
"18/01/2025 11:00:00 - 18/01/2025 12:00:00","Belgium (BE)","45.63","30.58","88.48","40.67"
"18/01/2025 12:00:00 - 18/01/2025 13:00:00","Belgium (BE)","48.83","26.60","60.73","5.34"
"18/01/2025 13:00:00 - 18/01/2025 14:00:00","Belgium (BE)","48.55","21.73","33.73","9.64"
"18/01/2025 14:00:00 - 18/01/2025 15:00:00","Belgium (BE)","47.33","22.15","25.35","10.63"
"18/01/2025 15:00:00 - 18/01/2025 16:00:00","Belgium (BE)","50.78","31.38","24.10","15.14"
"18/01/2025 16:00:00 - 18/01/2025 17:00:00","Belgium (BE)","59.85","46.85","31.38","33.72"
"18/01/2025 17:00:00 - 18/01/2025 18:00:00","Belgium (BE)","68.43","58.78","44.83","52.91"
"18/01/2025 18:00:00 - 18/01/2025 19:00:00","Belgium (BE)","67.95","60.70","59.55","119.99"
"18/01/2025 19:00:00 - 18/01/2025 20:00:00","Belgium (BE)","55.13","53.05","91.65","226.17"
"18/01/2025 20:00:00 - 18/01/2025 21:00:00","Belgium (BE)","42.28","46.15","116.20","277.32"
"18/01/2025 21:00:00 - 18/01/2025 22:00:00","Belgium (BE)","30.90","43.93","159.63","183.70"
"18/01/2025 22:00:00 - 18/01/2025 23:00:00","Belgium (BE)","23.95","42.93","139.83","147.37"
"18/01/2025 23:00:00 - 19/01/2025 00:00:00","Belgium (BE)","22.85","44.93","122.38","164.61"
"19/01/2025 00:00:00 - 19/01/2025 01:00:00","Belgium (BE)","30.63","82.60","82.60","162.20"
"19/01/2025 01:00:00 - 19/01/2025 02:00:00","Belgium (BE)","24.93","87.98","87.98","98.65"
"19/01/2025 02:00:00 - 19/01/2025 03:00:00","Belgium (BE)","20.63","63.68","63.68","27.68"
"19/01/2025 03:00:00 - 19/01/2025 04:00:00","Belgium (BE)","20.03","52.60","52.60","13.92"
"19/01/2025 04:00:00 - 19/01/2025 05:00:00","Belgium (BE)","20.70","32.78","32.78","50.49"
"19/01/2025 05:00:00 - 19/01/2025 06:00:00","Belgium (BE)","20.53","16.55","16.55","39.81"
"19/01/2025 06:00:00 - 19/01/2025 07:00:00","Belgium (BE)","17.98","36.00","36.00","33.88"
"19/01/2025 07:00:00 - 19/01/2025 08:00:00","Belgium (BE)","17.53","30.45","32.85","28.60"
"19/01/2025 08:00:00 - 19/01/2025 09:00:00","Belgium (BE)","18.63","27.75","31.18","24.00"
"19/01/2025 09:00:00 - 19/01/2025 10:00:00","Belgium (BE)","21.08","27.08","47.38","11.25"
"19/01/2025 10:00:00 - 19/01/2025 11:00:00","Belgium (BE)","22.30","26.95","44.88","12.07"
"19/01/2025 11:00:00 - 19/01/2025 12:00:00","Belgium (BE)","21.58","26.45","47.28","27.27"
"19/01/2025 12:00:00 - 19/01/2025 13:00:00","Belgium (BE)","22.15","21.25","58.45","81.86"
"19/01/2025 13:00:00 - 19/01/2025 14:00:00","Belgium (BE)","21.00","18.28","48.53","75.51"
"19/01/2025 14:00:00 - 19/01/2025 15:00:00","Belgium (BE)","17.93","15.85","72.20","80.18"
"19/01/2025 15:00:00 - 19/01/2025 16:00:00","Belgium (BE)","16.10","16.05","55.00","48.49"
"19/01/2025 16:00:00 - 19/01/2025 17:00:00","Belgium (BE)","16.53","17.90","61.43","40.86"
"19/01/2025 17:00:00 - 19/01/2025 18:00:00","Belgium (BE)","16.08","20.50","38.00","27.21"
"19/01/2025 18:00:00 - 19/01/2025 19:00:00","Belgium (BE)","17.08","24.08","32.50","56.84"
"19/01/2025 19:00:00 - 19/01/2025 20:00:00","Belgium (BE)","18.80","24.45","23.08","50.74"
"19/01/2025 20:00:00 - 19/01/2025 21:00:00","Belgium (BE)","20.55","23.95","36.60","7.40"
"19/01/2025 21:00:00 - 19/01/2025 22:00:00","Belgium (BE)","21.48","23.83","31.93","11.24"
"19/01/2025 22:00:00 - 19/01/2025 23:00:00","Belgium (BE)","23.23","24.68","28.00","1.20"
"19/01/2025 23:00:00 - 20/01/2025 00:00:00","Belgium (BE)","25.40","26.05","29.10"," "
"20/01/2025 00:00:00 - 20/01/2025 01:00:00","Belgium (BE)","32.20","21.38","21.38"," "
"20/01/2025 01:00:00 - 20/01/2025 02:00:00","Belgium (BE)","32.68","22.15","22.15"," "
"20/01/2025 02:00:00 - 20/01/2025 03:00:00","Belgium (BE)","33.18","20.28","20.28","17.29"
"20/01/2025 03:00:00 - 20/01/2025 04:00:00","Belgium (BE)","34.70","23.35","23.35","45.62"
"20/01/2025 04:00:00 - 20/01/2025 05:00:00","Belgium (BE)","38.85","26.33","26.33","94.54"
"20/01/2025 05:00:00 - 20/01/2025 06:00:00","Belgium (BE)","51.75","52.80","52.80","91.75"
"20/01/2025 06:00:00 - 20/01/2025 07:00:00","Belgium (BE)","68.40","94.03","94.03","137.31"
"20/01/2025 07:00:00 - 20/01/2025 08:00:00","Belgium (BE)","78.80","105.10","114.08","181.53"
"20/01/2025 08:00:00 - 20/01/2025 09:00:00","Belgium (BE)","84.88","116.35","131.83","259.39"
"20/01/2025 09:00:00 - 20/01/2025 10:00:00","Belgium (BE)","86.20","120.08","129.83","225.12"
"20/01/2025 10:00:00 - 20/01/2025 11:00:00","Belgium (BE)","87.98","112.48","116.20","194.04"
"20/01/2025 11:00:00 - 20/01/2025 12:00:00","Belgium (BE)","95.45","109.85","166.83","204.50"
"20/01/2025 12:00:00 - 20/01/2025 13:00:00","Belgium (BE)","109.50","110.55","143.25","188.81"
"20/01/2025 13:00:00 - 20/01/2025 14:00:00","Belgium (BE)","126.65","112.13","148.20","215.08"
"20/01/2025 14:00:00 - 20/01/2025 15:00:00","Belgium (BE)","139.43","119.80","166.48","203.96"
"20/01/2025 15:00:00 - 20/01/2025 16:00:00","Belgium (BE)","145.33","133.83","164.70","231.09"
"20/01/2025 16:00:00 - 20/01/2025 17:00:00","Belgium (BE)","150.03","154.25","168.15","296.79"
"20/01/2025 17:00:00 - 20/01/2025 18:00:00","Belgium (BE)","159.05","192.70","174.25","399.45"
"20/01/2025 18:00:00 - 20/01/2025 19:00:00","Belgium (BE)","177.53","250.80","212.98","307.40"
"20/01/2025 19:00:00 - 20/01/2025 20:00:00","Belgium (BE)","208.10","313.08","266.25","456.79"
"20/01/2025 20:00:00 - 20/01/2025 21:00:00","Belgium (BE)","239.50","363.80","318.93","479.41"
"20/01/2025 21:00:00 - 20/01/2025 22:00:00","Belgium (BE)","245.75","393.63","339.18","449.29"
"20/01/2025 22:00:00 - 20/01/2025 23:00:00","Belgium (BE)","231.50","399.53","323.48","416.02"
"20/01/2025 23:00:00 - 21/01/2025 00:00:00","Belgium (BE)","219.15","379.18","299.13","327.33"
"21/01/2025 00:00:00 - 21/01/2025 01:00:00","Belgium (BE)","312.98","294.05","294.05","352.27"
"21/01/2025 01:00:00 - 21/01/2025 02:00:00","Belgium (BE)","275.18","264.98","264.98","320.07"
"21/01/2025 02:00:00 - 21/01/2025 03:00:00","Belgium (BE)","243.20","277.88","277.88","308.43"
"21/01/2025 03:00:00 - 21/01/2025 04:00:00","Belgium (BE)","215.55","266.08","266.08","320.73"
"21/01/2025 04:00:00 - 21/01/2025 05:00:00","Belgium (BE)","185.30","259.43","259.43","301.28"
"21/01/2025 05:00:00 - 21/01/2025 06:00:00","Belgium (BE)","155.75","269.68","269.68","337.63"
"21/01/2025 06:00:00 - 21/01/2025 07:00:00","Belgium (BE)","129.60","250.40","250.40","268.49"
"21/01/2025 07:00:00 - 21/01/2025 08:00:00","Belgium (BE)","109.55","250.40","250.40","246.60"
"21/01/2025 08:00:00 - 21/01/2025 09:00:00","Belgium (BE)","97.78","212.85","195.08","241.57"
"21/01/2025 09:00:00 - 21/01/2025 10:00:00","Belgium (BE)","89.50","171.78","160.20","162.99"
"21/01/2025 10:00:00 - 21/01/2025 11:00:00","Belgium (BE)","84.68","133.65","135.20","66.95"
"21/01/2025 11:00:00 - 21/01/2025 12:00:00","Belgium (BE)","80.28","106.68","106.80","18.82"
"21/01/2025 12:00:00 - 21/01/2025 13:00:00","Belgium (BE)","71.30","87.78","95.78","31.58"
"21/01/2025 13:00:00 - 21/01/2025 14:00:00","Belgium (BE)","62.25","69.63","58.48","20.50"
"21/01/2025 14:00:00 - 21/01/2025 15:00:00","Belgium (BE)","61.13","56.33","64.50","21.35"
"21/01/2025 15:00:00 - 21/01/2025 16:00:00","Belgium (BE)","70.20","54.98","64.05","20.38"
"21/01/2025 16:00:00 - 21/01/2025 17:00:00","Belgium (BE)","88.65","66.93","74.53","3.45"
"21/01/2025 17:00:00 - 21/01/2025 18:00:00","Belgium (BE)","111.23","87.15","80.85","18.79"
"21/01/2025 18:00:00 - 21/01/2025 19:00:00","Belgium (BE)","134.48","107.15","71.58","48.44"
"21/01/2025 19:00:00 - 21/01/2025 20:00:00","Belgium (BE)","157.78","113.25","67.93","104.60"
"21/01/2025 20:00:00 - 21/01/2025 21:00:00","Belgium (BE)","171.38","106.95","73.23","103.88"
"21/01/2025 21:00:00 - 21/01/2025 22:00:00","Belgium (BE)","173.15","98.10","78.30","98.02"
"21/01/2025 22:00:00 - 21/01/2025 23:00:00","Belgium (BE)","157.90","90.98","74.70","78.24"
"21/01/2025 23:00:00 - 22/01/2025 00:00:00","Belgium (BE)","134.78","88.75","66.48","83.88"
"22/01/2025 00:00:00 - 22/01/2025 01:00:00","Belgium (BE)","63.30","35.93","35.93","75.95"
"22/01/2025 01:00:00 - 22/01/2025 02:00:00","Belgium (BE)","53.95","45.40","45.40","75.89"
"22/01/2025 02:00:00 - 22/01/2025 03:00:00","Belgium (BE)","59.70","52.95","52.95","47.51"
"22/01/2025 03:00:00 - 22/01/2025 04:00:00","Belgium (BE)","75.28","67.78","67.78","55.15"
"22/01/2025 04:00:00 - 22/01/2025 05:00:00","Belgium (BE)","91.53","65.38","65.38","110.37"
"22/01/2025 05:00:00 - 22/01/2025 06:00:00","Belgium (BE)","102.33","74.48","74.48","139.25"
"22/01/2025 06:00:00 - 22/01/2025 07:00:00","Belgium (BE)","108.23","85.58","85.58","144.88"
"22/01/2025 07:00:00 - 22/01/2025 08:00:00","Belgium (BE)","101.38","103.33","103.33","115.75"
"22/01/2025 08:00:00 - 22/01/2025 09:00:00","Belgium (BE)","84.63","100.30","111.48","150.13"
"22/01/2025 09:00:00 - 22/01/2025 10:00:00","Belgium (BE)","72.70","104.93","87.78","89.92"
"22/01/2025 10:00:00 - 22/01/2025 11:00:00","Belgium (BE)","70.60","109.15","93.55","3.50"
"22/01/2025 11:00:00 - 22/01/2025 12:00:00","Belgium (BE)","74.25","101.05","82.45","50.26"
"22/01/2025 12:00:00 - 22/01/2025 13:00:00","Belgium (BE)","73.83","94.33","82.43","54.12"
"22/01/2025 13:00:00 - 22/01/2025 14:00:00","Belgium (BE)","63.53","83.93","49.48"," "
"22/01/2025 14:00:00 - 22/01/2025 15:00:00","Belgium (BE)","48.80","71.85","39.65"," "
"22/01/2025 15:00:00 - 22/01/2025 16:00:00","Belgium (BE)","35.08","67.08","19.48"," "
"22/01/2025 16:00:00 - 22/01/2025 17:00:00","Belgium (BE)","22.93","74.33","33.73"," "
"22/01/2025 17:00:00 - 22/01/2025 18:00:00","Belgium (BE)","17.80","99.00","46.70","7.17"
"22/01/2025 18:00:00 - 22/01/2025 19:00:00","Belgium (BE)","16.88","128.25","73.98","6.58"
"22/01/2025 19:00:00 - 22/01/2025 20:00:00","Belgium (BE)","17.65","148.75","110.25","65.20"
"22/01/2025 20:00:00 - 22/01/2025 21:00:00","Belgium (BE)","27.50","169.00","162.90","260.88"
"22/01/2025 21:00:00 - 22/01/2025 22:00:00","Belgium (BE)","80.85","197.55","283.23","316.73"
"22/01/2025 22:00:00 - 22/01/2025 23:00:00","Belgium (BE)","155.80","233.15","396.30","369.42"
"22/01/2025 23:00:00 - 23/01/2025 00:00:00","Belgium (BE)","250.00","282.10","511.50","404.30"
"23/01/2025 00:00:00 - 23/01/2025 01:00:00","Belgium (BE)","562.50","671.70","671.70","471.59"
"23/01/2025 01:00:00 - 23/01/2025 02:00:00","Belgium (BE)","667.25","694.33","694.33","563.38"
"23/01/2025 02:00:00 - 23/01/2025 03:00:00","Belgium (BE)","731.30","652.38","652.38","563.56"
"23/01/2025 03:00:00 - 23/01/2025 04:00:00","Belgium (BE)","756.40","730.48","730.48","506.30"
"23/01/2025 04:00:00 - 23/01/2025 05:00:00","Belgium (BE)","803.25","825.13","825.13","662.15"
"23/01/2025 05:00:00 - 23/01/2025 06:00:00","Belgium (BE)","904.80","815.35","815.35","842.80"
"23/01/2025 06:00:00 - 23/01/2025 07:00:00","Belgium (BE)","1038.90","959.10","959.10","754.73"
"23/01/2025 07:00:00 - 23/01/2025 08:00:00","Belgium (BE)","1200.33","1109.55","1080.50","1019.84"
"23/01/2025 08:00:00 - 23/01/2025 09:00:00","Belgium (BE)","1269.38","1213.70","1174.70","1000.05"
"23/01/2025 09:00:00 - 23/01/2025 10:00:00","Belgium (BE)","1231.58","1245.85","1016.00","998.20"
"23/01/2025 10:00:00 - 23/01/2025 11:00:00","Belgium (BE)","1272.90","1356.75","1194.85","1353.57"
"23/01/2025 11:00:00 - 23/01/2025 12:00:00","Belgium (BE)","1400.65","1544.80","1460.70","1426.58"
"23/01/2025 12:00:00 - 23/01/2025 13:00:00","Belgium (BE)","1609.30","1773.88","1880.23","1823.09"
"23/01/2025 13:00:00 - 23/01/2025 14:00:00","Belgium (BE)","1820.10","1965.15","1963.20","2043.03"
"23/01/2025 14:00:00 - 23/01/2025 15:00:00","Belgium (BE)","1958.40","2065.20","2072.48","2095.50"
"23/01/2025 15:00:00 - 23/01/2025 16:00:00","Belgium (BE)","2031.25","2099.90","2133.53","2051.44"
"23/01/2025 16:00:00 - 23/01/2025 17:00:00","Belgium (BE)","2064.85","2104.88","2152.53","2084.65"
"23/01/2025 17:00:00 - 23/01/2025 18:00:00","Belgium (BE)","2079.88","2097.73","2169.53","2048.48"
"23/01/2025 18:00:00 - 23/01/2025 19:00:00","Belgium (BE)","2087.83","2091.05","2156.25","2126.69"
"23/01/2025 19:00:00 - 23/01/2025 20:00:00","Belgium (BE)","2094.05","2089.98","2156.68","2125.06"
"23/01/2025 20:00:00 - 23/01/2025 21:00:00","Belgium (BE)","2094.58","2089.28","2151.80","2128.86"
"23/01/2025 21:00:00 - 23/01/2025 22:00:00","Belgium (BE)","2083.18","2081.70","2140.85","2110.46"
"23/01/2025 22:00:00 - 23/01/2025 23:00:00","Belgium (BE)","2063.68","2060.73","2102.48","1986.47"
"23/01/2025 23:00:00 - 24/01/2025 00:00:00","Belgium (BE)","2045.28","1997.23","2050.15","2022.07"
"24/01/2025 00:00:00 - 24/01/2025 01:00:00","Belgium (BE)","1892.20","1906.30","1906.30","1564.58"
"24/01/2025 01:00:00 - 24/01/2025 02:00:00","Belgium (BE)","1760.50","1932.48","1932.48","1235.40"
"24/01/2025 02:00:00 - 24/01/2025 03:00:00","Belgium (BE)","1734.65","1815.33","1815.33","1557.54"
"24/01/2025 03:00:00 - 24/01/2025 04:00:00","Belgium (BE)","1856.83","1939.23","1939.23","1973.38"
"24/01/2025 04:00:00 - 24/01/2025 05:00:00","Belgium (BE)","1969.05","1915.13","1915.13","2051.05"
"24/01/2025 05:00:00 - 24/01/2025 06:00:00","Belgium (BE)","2043.55","2097.23","2097.23","2063.36"
"24/01/2025 06:00:00 - 24/01/2025 07:00:00","Belgium (BE)","2084.50","2105.68","2105.68","2107.26"
"24/01/2025 07:00:00 - 24/01/2025 08:00:00","Belgium (BE)","2099.50","2175.00","2175.00","2110.52"
"24/01/2025 08:00:00 - 24/01/2025 09:00:00","Belgium (BE)","2098.58","2167.15","2167.15","2132.54"
"24/01/2025 09:00:00 - 24/01/2025 10:00:00","Belgium (BE)","2093.48","2157.25","2172.33","2129.84"
"24/01/2025 10:00:00 - 24/01/2025 11:00:00","Belgium (BE)","2089.70","2143.93","2166.15","2132.28"
"24/01/2025 11:00:00 - 24/01/2025 12:00:00","Belgium (BE)","2088.78","2129.00","2165.00","2132.59"
"24/01/2025 12:00:00 - 24/01/2025 13:00:00","Belgium (BE)","2089.05","2111.08","2152.95","2129.05"
"24/01/2025 13:00:00 - 24/01/2025 14:00:00","Belgium (BE)","2085.58","2080.75","2145.70","2129.92"
"24/01/2025 14:00:00 - 24/01/2025 15:00:00","Belgium (BE)","2073.15","2028.65","2103.88","2108.28"
"24/01/2025 15:00:00 - 24/01/2025 16:00:00","Belgium (BE)","2051.08","1952.53","2005.35","2082.15"
"24/01/2025 16:00:00 - 24/01/2025 17:00:00","Belgium (BE)","2024.55","1861.55","1883.48","2123.83"
"24/01/2025 17:00:00 - 24/01/2025 18:00:00","Belgium (BE)","1993.85","1753.45","1787.60","1967.02"
"24/01/2025 18:00:00 - 24/01/2025 19:00:00","Belgium (BE)","1942.40","1620.33","1686.95","1959.22"
"24/01/2025 19:00:00 - 24/01/2025 20:00:00","Belgium (BE)","1846.43","1455.58","1555.35","1862.97"
"24/01/2025 20:00:00 - 24/01/2025 21:00:00","Belgium (BE)","1682.43","1273.13","1494.13","1544.73"
"24/01/2025 21:00:00 - 24/01/2025 22:00:00","Belgium (BE)","1459.40","1097.15","1351.15","1205.02"
"24/01/2025 22:00:00 - 24/01/2025 23:00:00","Belgium (BE)","1248.15","938.90","1003.73","1009.65"
"24/01/2025 23:00:00 - 25/01/2025 00:00:00","Belgium (BE)","1059.78","776.58","706.58","941.58"
"25/01/2025 00:00:00 - 25/01/2025 01:00:00","Belgium (BE)","543.70","428.35","428.35","861.87"
"25/01/2025 01:00:00 - 25/01/2025 02:00:00","Belgium (BE)","454.23","480.68","480.68","703.93"
"25/01/2025 02:00:00 - 25/01/2025 03:00:00","Belgium (BE)","357.85","399.00","399.00","683.95"
"25/01/2025 03:00:00 - 25/01/2025 04:00:00","Belgium (BE)","255.08","214.63","214.63","350.17"
"25/01/2025 04:00:00 - 25/01/2025 05:00:00","Belgium (BE)","173.40","177.68","177.68","118.54"
"25/01/2025 05:00:00 - 25/01/2025 06:00:00","Belgium (BE)","119.83","127.68","127.68","63.32"
"25/01/2025 06:00:00 - 25/01/2025 07:00:00","Belgium (BE)","89.80","143.20","143.20","110.81"
"25/01/2025 07:00:00 - 25/01/2025 08:00:00","Belgium (BE)","84.90","213.68","213.68","283.16"
"25/01/2025 08:00:00 - 25/01/2025 09:00:00","Belgium (BE)","105.55","324.38","283.43","617.61"
"25/01/2025 09:00:00 - 25/01/2025 10:00:00","Belgium (BE)","147.53","357.10","422.43","800.02"
"25/01/2025 10:00:00 - 25/01/2025 11:00:00","Belgium (BE)","192.48","406.05","547.73","718.77"
"25/01/2025 11:00:00 - 25/01/2025 12:00:00","Belgium (BE)","245.15","454.45","605.45","597.16"
"25/01/2025 12:00:00 - 25/01/2025 13:00:00","Belgium (BE)","235.65","379.23","405.28","323.51"
"25/01/2025 13:00:00 - 25/01/2025 14:00:00","Belgium (BE)","165.75","235.90","227.83","84.31"
"25/01/2025 14:00:00 - 25/01/2025 15:00:00","Belgium (BE)","103.60","123.05","89.43","7.17"
"25/01/2025 15:00:00 - 25/01/2025 16:00:00","Belgium (BE)","58.83","52.20","17.20"," "
"25/01/2025 16:00:00 - 25/01/2025 17:00:00","Belgium (BE)","31.38","18.45","6.75"," "
"25/01/2025 17:00:00 - 25/01/2025 18:00:00","Belgium (BE)","17.30","11.83","4.35"," "
"25/01/2025 18:00:00 - 25/01/2025 19:00:00","Belgium (BE)","7.58","7.68","6.75"," "
"25/01/2025 19:00:00 - 25/01/2025 20:00:00","Belgium (BE)","6.85","9.33","7.30"," "
"25/01/2025 20:00:00 - 25/01/2025 21:00:00","Belgium (BE)","11.03","9.85","8.65"," "
"25/01/2025 21:00:00 - 25/01/2025 22:00:00","Belgium (BE)","17.00","8.80","7.50"," "
"25/01/2025 22:00:00 - 25/01/2025 23:00:00","Belgium (BE)","23.88","8.85","6.80"," "
"25/01/2025 23:00:00 - 26/01/2025 00:00:00","Belgium (BE)","34.75","11.05","5.98"," "
"26/01/2025 00:00:00 - 26/01/2025 01:00:00","Belgium (BE)","26.98","13.98","13.98","18.73"
"26/01/2025 01:00:00 - 26/01/2025 02:00:00","Belgium (BE)","43.93","20.38","20.38","7.81"
"26/01/2025 02:00:00 - 26/01/2025 03:00:00","Belgium (BE)","65.60","39.80","39.80"," "
"26/01/2025 03:00:00 - 26/01/2025 04:00:00","Belgium (BE)","101.55","49.48","49.48"," "
"26/01/2025 04:00:00 - 26/01/2025 05:00:00","Belgium (BE)","158.63","93.60","93.60","14.97"
"26/01/2025 05:00:00 - 26/01/2025 06:00:00","Belgium (BE)","261.60","199.93","199.93","178.69"
"26/01/2025 06:00:00 - 26/01/2025 07:00:00","Belgium (BE)","420.58","361.35","361.35","369.67"
"26/01/2025 07:00:00 - 26/01/2025 08:00:00","Belgium (BE)","625.00","610.25","617.68","892.43"
"26/01/2025 08:00:00 - 26/01/2025 09:00:00","Belgium (BE)","845.75","932.50","932.08","998.32"
"26/01/2025 09:00:00 - 26/01/2025 10:00:00","Belgium (BE)","1025.60","1278.00","1384.80","1537.05"
"26/01/2025 10:00:00 - 26/01/2025 11:00:00","Belgium (BE)","1226.80","1578.70","1412.75","1617.65"
"26/01/2025 11:00:00 - 26/01/2025 12:00:00","Belgium (BE)","1462.23","1811.48","1697.28","1732.94"
"26/01/2025 12:00:00 - 26/01/2025 13:00:00","Belgium (BE)","1675.65","1955.05","1804.63","1798.28"
"26/01/2025 13:00:00 - 26/01/2025 14:00:00","Belgium (BE)","1845.10","2025.93","1966.63","2093.73"
"26/01/2025 14:00:00 - 26/01/2025 15:00:00","Belgium (BE)","1963.55","2062.40","2019.03","2132.04"
"26/01/2025 15:00:00 - 26/01/2025 16:00:00","Belgium (BE)","2032.60","2086.30","2178.73","2131.34"
"26/01/2025 16:00:00 - 26/01/2025 17:00:00","Belgium (BE)","2075.95","2104.83","2187.73","2142.87"
"26/01/2025 17:00:00 - 26/01/2025 18:00:00","Belgium (BE)","2102.03","2121.28","2191.53","2144.77"
"26/01/2025 18:00:00 - 26/01/2025 19:00:00","Belgium (BE)","2115.05","2138.53","2183.80","2149.03"
"26/01/2025 19:00:00 - 26/01/2025 20:00:00","Belgium (BE)","2120.53","2148.55","2179.70","2146.73"
"26/01/2025 20:00:00 - 26/01/2025 21:00:00","Belgium (BE)","2122.78","2148.05","2188.95","2148.62"
"26/01/2025 21:00:00 - 26/01/2025 22:00:00","Belgium (BE)","2122.63","2140.05","2182.43","2119.02"
"26/01/2025 22:00:00 - 26/01/2025 23:00:00","Belgium (BE)","2120.10","2128.58","2171.28","2127.13"
"26/01/2025 23:00:00 - 27/01/2025 00:00:00","Belgium (BE)","2118.93","2122.58","2159.08","2145.57"
"27/01/2025 00:00:00 - 27/01/2025 01:00:00","Belgium (BE)","2142.60","2154.65","2154.65","2109.04"
"27/01/2025 01:00:00 - 27/01/2025 02:00:00","Belgium (BE)","2158.63","2180.80","2180.80","2137.59"
"27/01/2025 02:00:00 - 27/01/2025 03:00:00","Belgium (BE)","2168.83","2201.63","2201.63","2108.46"
"27/01/2025 03:00:00 - 27/01/2025 04:00:00","Belgium (BE)","2166.63","2192.33","2192.33","2093.36"
"27/01/2025 04:00:00 - 27/01/2025 05:00:00","Belgium (BE)","2152.33","2183.75","2183.75","2119.01"
"27/01/2025 05:00:00 - 27/01/2025 06:00:00","Belgium (BE)","2151.40","2177.00","2177.00","2064.67"
"27/01/2025 06:00:00 - 27/01/2025 07:00:00","Belgium (BE)","2148.10","2171.20","2171.20","2066.87"
"27/01/2025 07:00:00 - 27/01/2025 08:00:00","Belgium (BE)","2144.60","2175.38","2175.38","1913.04"
"27/01/2025 08:00:00 - 27/01/2025 09:00:00","Belgium (BE)","2138.73","2169.40","2169.40","1933.35"
"27/01/2025 09:00:00 - 27/01/2025 10:00:00","Belgium (BE)","2132.73","2165.40","2118.63","2073.61"
"27/01/2025 10:00:00 - 27/01/2025 11:00:00","Belgium (BE)","2129.73","2156.73","2118.23","2068.40"
"27/01/2025 11:00:00 - 27/01/2025 12:00:00","Belgium (BE)","2125.98","2145.60","2150.60","1857.19"
"27/01/2025 12:00:00 - 27/01/2025 13:00:00","Belgium (BE)","2120.28","2134.23","2151.00","1704.09"
"27/01/2025 13:00:00 - 27/01/2025 14:00:00","Belgium (BE)","2119.68","2117.23","2068.70","1997.65"
"27/01/2025 14:00:00 - 27/01/2025 15:00:00","Belgium (BE)","2124.95","2093.63","2008.78","2078.92"
"27/01/2025 15:00:00 - 27/01/2025 16:00:00","Belgium (BE)","2130.48","2057.15","2076.38","1984.51"
"27/01/2025 16:00:00 - 27/01/2025 17:00:00","Belgium (BE)","2133.10","2010.20","2048.15","2051.77"
"27/01/2025 17:00:00 - 27/01/2025 18:00:00","Belgium (BE)","2131.88","1974.28","2031.28","1998.82"
"27/01/2025 18:00:00 - 27/01/2025 19:00:00","Belgium (BE)","2131.23","1964.70","2048.75","2071.40"
"27/01/2025 19:00:00 - 27/01/2025 20:00:00","Belgium (BE)","2138.35","1988.78","2076.95","2071.25"
"27/01/2025 20:00:00 - 27/01/2025 21:00:00","Belgium (BE)","2144.50","2033.98","2146.33","2042.91"
"27/01/2025 21:00:00 - 27/01/2025 22:00:00","Belgium (BE)","2148.78","2076.80","2165.58","2090.96"
"27/01/2025 22:00:00 - 27/01/2025 23:00:00","Belgium (BE)","2151.15","2107.88","2166.03","2086.86"
"27/01/2025 23:00:00 - 28/01/2025 00:00:00","Belgium (BE)","2152.25","2123.88","2159.35","2089.21"
"28/01/2025 00:00:00 - 28/01/2025 01:00:00","Belgium (BE)","2146.10","2167.35","2167.35","2122.85"
"28/01/2025 01:00:00 - 28/01/2025 02:00:00","Belgium (BE)","2140.40","2175.10","2175.10","2095.58"
"28/01/2025 02:00:00 - 28/01/2025 03:00:00","Belgium (BE)","2137.45","2178.00","2178.00","2129.74"
"28/01/2025 03:00:00 - 28/01/2025 04:00:00","Belgium (BE)","2135.48","2174.40","2174.40","2131.22"
"28/01/2025 04:00:00 - 28/01/2025 05:00:00","Belgium (BE)","2132.18","2171.30","2171.30","2111.28"
"28/01/2025 05:00:00 - 28/01/2025 06:00:00","Belgium (BE)","2128.53","2173.78","2173.78","2110.78"
"28/01/2025 06:00:00 - 28/01/2025 07:00:00","Belgium (BE)","2127.03","2171.25","2171.25","2049.93"
"28/01/2025 07:00:00 - 28/01/2025 08:00:00","Belgium (BE)","2128.43","2171.80","2171.80","2131.61"
"28/01/2025 08:00:00 - 28/01/2025 09:00:00","Belgium (BE)","2129.08","2166.93","2170.43","2127.89"
"28/01/2025 09:00:00 - 28/01/2025 10:00:00","Belgium (BE)","2128.08","2159.05","2173.05","2123.94"
"28/01/2025 10:00:00 - 28/01/2025 11:00:00","Belgium (BE)","2125.13","2147.88","2166.00","2097.11"
"28/01/2025 11:00:00 - 28/01/2025 12:00:00","Belgium (BE)","2119.58","2133.23","2158.70","2125.74"
"28/01/2025 12:00:00 - 28/01/2025 13:00:00","Belgium (BE)","2111.70","2115.60","2154.55","2127.52"
"28/01/2025 13:00:00 - 28/01/2025 14:00:00","Belgium (BE)","2101.73","2090.68","2169.48","2130.68"
"28/01/2025 14:00:00 - 28/01/2025 15:00:00","Belgium (BE)","2089.55","2056.13","2169.05","2138.94"
"28/01/2025 15:00:00 - 28/01/2025 16:00:00","Belgium (BE)","2079.38","2012.95","2166.58","2139.59"
"28/01/2025 16:00:00 - 28/01/2025 17:00:00","Belgium (BE)","2072.23","1966.70","2153.05","2138.69"
"28/01/2025 17:00:00 - 28/01/2025 18:00:00","Belgium (BE)","2063.75","1937.48","2160.45","2078.73"
"28/01/2025 18:00:00 - 28/01/2025 19:00:00","Belgium (BE)","2050.38","1925.53","2159.38","2119.21"
"28/01/2025 19:00:00 - 28/01/2025 20:00:00","Belgium (BE)","2035.38","1910.45","2110.40","2087.90"
"28/01/2025 20:00:00 - 28/01/2025 21:00:00","Belgium (BE)","2037.70","1899.33","2122.60","2055.57"
"28/01/2025 21:00:00 - 28/01/2025 22:00:00","Belgium (BE)","2054.00","1915.55","2096.73","2071.39"
"28/01/2025 22:00:00 - 28/01/2025 23:00:00","Belgium (BE)","2067.43","1977.98","2110.20","2122.71"
"28/01/2025 23:00:00 - 29/01/2025 00:00:00","Belgium (BE)","2079.58","2038.83","2124.60","2140.25"
"29/01/2025 00:00:00 - 29/01/2025 01:00:00","Belgium (BE)","2107.05","2163.68","2163.68","2135.79"
"29/01/2025 01:00:00 - 29/01/2025 02:00:00","Belgium (BE)","2107.03","2164.63","2164.63","2122.78"
"29/01/2025 02:00:00 - 29/01/2025 03:00:00","Belgium (BE)","2105.98","2160.00","2160.00","2119.97"
"29/01/2025 03:00:00 - 29/01/2025 04:00:00","Belgium (BE)","2097.10","2144.33","2144.33","2135.11"
"29/01/2025 04:00:00 - 29/01/2025 05:00:00","Belgium (BE)","2064.50","2146.13","2146.13","2105.63"
"29/01/2025 05:00:00 - 29/01/2025 06:00:00","Belgium (BE)","1995.13","2098.10","2098.10","2091.48"
"29/01/2025 06:00:00 - 29/01/2025 07:00:00","Belgium (BE)","1894.30","1997.65","1997.65","2064.55"
"29/01/2025 07:00:00 - 29/01/2025 08:00:00","Belgium (BE)","1762.80","1886.43","1886.43","1795.23"
"29/01/2025 08:00:00 - 29/01/2025 09:00:00","Belgium (BE)","1636.63","1726.38","1726.38","1678.24"
"29/01/2025 09:00:00 - 29/01/2025 10:00:00","Belgium (BE)","1486.33","1556.78","1535.58","1556.44"
"29/01/2025 10:00:00 - 29/01/2025 11:00:00","Belgium (BE)","1286.80","1331.10","1302.90","1290.55"
"29/01/2025 11:00:00 - 29/01/2025 12:00:00","Belgium (BE)","1082.68","1054.15","1054.03","1121.29"
"29/01/2025 12:00:00 - 29/01/2025 13:00:00","Belgium (BE)","864.20","791.38","820.53","676.68"
"29/01/2025 13:00:00 - 29/01/2025 14:00:00","Belgium (BE)","677.15","559.63","691.85","406.77"
"29/01/2025 14:00:00 - 29/01/2025 15:00:00","Belgium (BE)","517.70","396.95","422.55","255.12"
"29/01/2025 15:00:00 - 29/01/2025 16:00:00","Belgium (BE)","383.93","257.35","300.15","267.37"
"29/01/2025 16:00:00 - 29/01/2025 17:00:00","Belgium (BE)","271.88","144.90","212.20","367.46"
"29/01/2025 17:00:00 - 29/01/2025 18:00:00","Belgium (BE)","207.45","82.53","231.63","272.72"
"29/01/2025 18:00:00 - 29/01/2025 19:00:00","Belgium (BE)","160.25","55.05","297.13","134.21"
"29/01/2025 19:00:00 - 29/01/2025 20:00:00","Belgium (BE)","78.30","48.03","222.25","168.08"
"29/01/2025 20:00:00 - 29/01/2025 21:00:00","Belgium (BE)","46.30","40.28","119.68","141.90"
"29/01/2025 21:00:00 - 29/01/2025 22:00:00","Belgium (BE)","40.13","36.15","88.68","30.67"
"29/01/2025 22:00:00 - 29/01/2025 23:00:00","Belgium (BE)","33.05","29.33","54.88"," "
"29/01/2025 23:00:00 - 30/01/2025 00:00:00","Belgium (BE)","30.30","41.68","36.60"," "
"30/01/2025 00:00:00 - 30/01/2025 01:00:00","Belgium (BE)","33.08","55.40","55.40","5.32"
"30/01/2025 01:00:00 - 30/01/2025 02:00:00","Belgium (BE)","55.85","87.05","87.05","64.67"
"30/01/2025 02:00:00 - 30/01/2025 03:00:00","Belgium (BE)","115.03","125.35","125.35","181.34"
"30/01/2025 03:00:00 - 30/01/2025 04:00:00","Belgium (BE)","214.33","231.50","231.50","265.40"
"30/01/2025 04:00:00 - 30/01/2025 05:00:00","Belgium (BE)","326.45","374.88","374.88","330.11"
"30/01/2025 05:00:00 - 30/01/2025 06:00:00","Belgium (BE)","402.53","462.60","462.60","559.26"
"30/01/2025 06:00:00 - 30/01/2025 07:00:00","Belgium (BE)","428.93","536.13","536.13","375.73"
"30/01/2025 07:00:00 - 30/01/2025 08:00:00","Belgium (BE)","451.48","610.23","729.93","487.37"
"30/01/2025 08:00:00 - 30/01/2025 09:00:00","Belgium (BE)","488.73","655.33","736.38","570.68"
"30/01/2025 09:00:00 - 30/01/2025 10:00:00","Belgium (BE)","514.98","662.98","529.00","755.71"
"30/01/2025 10:00:00 - 30/01/2025 11:00:00","Belgium (BE)","532.80","675.98","663.50","845.49"
"30/01/2025 11:00:00 - 30/01/2025 12:00:00","Belgium (BE)","565.75","707.65","752.78","848.86"
"30/01/2025 12:00:00 - 30/01/2025 13:00:00","Belgium (BE)","606.60","748.78","674.75","724.88"
"30/01/2025 13:00:00 - 30/01/2025 14:00:00","Belgium (BE)","624.63","748.30","668.83","538.96"
"30/01/2025 14:00:00 - 30/01/2025 15:00:00","Belgium (BE)","602.60","640.83","548.90","337.85"
"30/01/2025 15:00:00 - 30/01/2025 16:00:00","Belgium (BE)","524.75","483.38","397.28","209.67"
"30/01/2025 16:00:00 - 30/01/2025 17:00:00","Belgium (BE)","413.60","369.75","275.15","223.30"
"30/01/2025 17:00:00 - 30/01/2025 18:00:00","Belgium (BE)","335.75","313.10","228.55","315.48"
"30/01/2025 18:00:00 - 30/01/2025 19:00:00","Belgium (BE)","303.70","300.50","250.23","454.96"
"30/01/2025 19:00:00 - 30/01/2025 20:00:00","Belgium (BE)","303.18","310.35","303.93","570.94"
"30/01/2025 20:00:00 - 30/01/2025 21:00:00","Belgium (BE)","306.80","305.20","342.73","428.28"
"30/01/2025 21:00:00 - 30/01/2025 22:00:00","Belgium (BE)","285.55","281.95","400.58","332.42"
"30/01/2025 22:00:00 - 30/01/2025 23:00:00","Belgium (BE)","243.05","271.78","357.03","264.98"
"30/01/2025 23:00:00 - 31/01/2025 00:00:00","Belgium (BE)","201.08","290.15","345.93","215.24"
"31/01/2025 00:00:00 - 31/01/2025 01:00:00","Belgium (BE)","278.88","343.63","343.63","255.56"
"31/01/2025 01:00:00 - 31/01/2025 02:00:00","Belgium (BE)","323.53","340.68","340.68","546.46"
"31/01/2025 02:00:00 - 31/01/2025 03:00:00","Belgium (BE)","358.08","363.13","363.13","613.41"
"31/01/2025 03:00:00 - 31/01/2025 04:00:00","Belgium (BE)","371.48","398.53","398.53","701.47"
"31/01/2025 04:00:00 - 31/01/2025 05:00:00","Belgium (BE)","361.83","507.90","507.90","602.29"
"31/01/2025 05:00:00 - 31/01/2025 06:00:00","Belgium (BE)","358.60","547.03","547.03","590.87"
"31/01/2025 06:00:00 - 31/01/2025 07:00:00","Belgium (BE)","374.18","513.23","513.23","689.23"
"31/01/2025 07:00:00 - 31/01/2025 08:00:00","Belgium (BE)","391.75","557.98","557.98","746.08"
"31/01/2025 08:00:00 - 31/01/2025 09:00:00","Belgium (BE)","394.50","504.33","602.00","493.58"
"31/01/2025 09:00:00 - 31/01/2025 10:00:00","Belgium (BE)","394.58","456.30","525.35","547.76"
"31/01/2025 10:00:00 - 31/01/2025 11:00:00","Belgium (BE)","427.68","447.50","510.50","535.70"
"31/01/2025 11:00:00 - 31/01/2025 12:00:00","Belgium (BE)","460.28","458.53","587.28","508.59"
"31/01/2025 12:00:00 - 31/01/2025 13:00:00","Belgium (BE)","461.23","444.23","583.43","392.04"
"31/01/2025 13:00:00 - 31/01/2025 14:00:00","Belgium (BE)","415.10","389.38","547.68","323.83"
"31/01/2025 14:00:00 - 31/01/2025 15:00:00","Belgium (BE)","347.45","322.03","495.90","377.02"
"31/01/2025 15:00:00 - 31/01/2025 16:00:00","Belgium (BE)","300.48","273.68","340.08","402.59"
"31/01/2025 16:00:00 - 31/01/2025 17:00:00","Belgium (BE)","276.50","242.20","348.10","399.28"
"31/01/2025 17:00:00 - 31/01/2025 18:00:00","Belgium (BE)","241.30","218.68","333.40","391.91"
"31/01/2025 18:00:00 - 31/01/2025 19:00:00","Belgium (BE)","204.58","198.80","295.10","307.36"
"31/01/2025 19:00:00 - 31/01/2025 20:00:00","Belgium (BE)","181.80","179.85","241.90","224.18"
"31/01/2025 20:00:00 - 31/01/2025 21:00:00","Belgium (BE)","161.23","163.90","176.08","156.20"
"31/01/2025 21:00:00 - 31/01/2025 22:00:00","Belgium (BE)","140.20","153.53","145.98","119.20"
"31/01/2025 22:00:00 - 31/01/2025 23:00:00","Belgium (BE)","121.00","144.15","108.95","55.08"
"31/01/2025 23:00:00 - 01/02/2025 00:00:00","Belgium (BE)","103.10","128.35","102.65","46.48"
"01/02/2025 00:00:00 - 01/02/2025 01:00:00","Belgium (BE)","99.30","80.50","80.50","47.70"
"01/02/2025 01:00:00 - 01/02/2025 02:00:00","Belgium (BE)","69.55","75.58","75.58","34.82"
"01/02/2025 02:00:00 - 01/02/2025 03:00:00","Belgium (BE)","53.20","66.20","66.20","24.53"
"01/02/2025 03:00:00 - 01/02/2025 04:00:00","Belgium (BE)","42.08","58.63","58.63"," "
"01/02/2025 04:00:00 - 01/02/2025 05:00:00","Belgium (BE)","34.78","34.00","34.00","37.32"
"01/02/2025 05:00:00 - 01/02/2025 06:00:00","Belgium (BE)","32.13","22.08","22.08","2.99"
"01/02/2025 06:00:00 - 01/02/2025 07:00:00","Belgium (BE)","32.95","24.60","24.60"," "
"01/02/2025 07:00:00 - 01/02/2025 08:00:00","Belgium (BE)","35.83","23.53","23.53"," "
"01/02/2025 08:00:00 - 01/02/2025 09:00:00","Belgium (BE)","41.25","32.53","31.83","13.47"
"01/02/2025 09:00:00 - 01/02/2025 10:00:00","Belgium (BE)","44.28","39.30","27.45","29.86"
"01/02/2025 10:00:00 - 01/02/2025 11:00:00","Belgium (BE)","45.18","46.20","38.63","77.12"
"01/02/2025 11:00:00 - 01/02/2025 12:00:00","Belgium (BE)","43.88","47.68","35.53","40.87"
"01/02/2025 12:00:00 - 01/02/2025 13:00:00","Belgium (BE)","40.10","37.53","55.18","40.51"
"01/02/2025 13:00:00 - 01/02/2025 14:00:00","Belgium (BE)","35.20","26.45","25.88","17.16"
"01/02/2025 14:00:00 - 01/02/2025 15:00:00","Belgium (BE)","29.83","18.15","27.95","2.78"
"01/02/2025 15:00:00 - 01/02/2025 16:00:00","Belgium (BE)","28.18","16.55","20.30"," "
"01/02/2025 16:00:00 - 01/02/2025 17:00:00","Belgium (BE)","35.25","18.35","25.95"," "
"01/02/2025 17:00:00 - 01/02/2025 18:00:00","Belgium (BE)","56.55","21.58","30.80","14.46"
"01/02/2025 18:00:00 - 01/02/2025 19:00:00","Belgium (BE)","87.68","37.83","57.43","100.31"
"01/02/2025 19:00:00 - 01/02/2025 20:00:00","Belgium (BE)","128.38","66.73","98.90","150.84"
"01/02/2025 20:00:00 - 01/02/2025 21:00:00","Belgium (BE)","169.20","106.75","184.43","179.87"
"01/02/2025 21:00:00 - 01/02/2025 22:00:00","Belgium (BE)","200.75","148.13","223.33","166.48"
"01/02/2025 22:00:00 - 01/02/2025 23:00:00","Belgium (BE)","224.45","177.85","236.60","321.20"
"01/02/2025 23:00:00 - 02/02/2025 00:00:00","Belgium (BE)","238.78","188.83","202.60","378.97"
"02/02/2025 00:00:00 - 02/02/2025 01:00:00","Belgium (BE)","248.08","221.43","221.43","337.62"
"02/02/2025 01:00:00 - 02/02/2025 02:00:00","Belgium (BE)","235.48","230.13","230.13","286.72"
"02/02/2025 02:00:00 - 02/02/2025 03:00:00","Belgium (BE)","200.20","198.40","198.40","83.52"
"02/02/2025 03:00:00 - 02/02/2025 04:00:00","Belgium (BE)","149.28","143.63","143.63","12.51"
"02/02/2025 04:00:00 - 02/02/2025 05:00:00","Belgium (BE)","104.20","68.75","68.75","14.17"
"02/02/2025 05:00:00 - 02/02/2025 06:00:00","Belgium (BE)","72.65","65.90","65.90","69.25"
"02/02/2025 06:00:00 - 02/02/2025 07:00:00","Belgium (BE)","55.38","78.63","78.63","109.01"
"02/02/2025 07:00:00 - 02/02/2025 08:00:00","Belgium (BE)","50.70","99.93","106.95","76.16"
"02/02/2025 08:00:00 - 02/02/2025 09:00:00","Belgium (BE)","52.13","115.48","121.05","118.72"
"02/02/2025 09:00:00 - 02/02/2025 10:00:00","Belgium (BE)","54.73","124.08","130.95","140.46"
"02/02/2025 10:00:00 - 02/02/2025 11:00:00","Belgium (BE)","53.25","121.40","122.20","127.54"
"02/02/2025 11:00:00 - 02/02/2025 12:00:00","Belgium (BE)","49.28","105.55","109.43","142.58"
"02/02/2025 12:00:00 - 02/02/2025 13:00:00","Belgium (BE)","43.88","81.73","73.75","83.15"
"02/02/2025 13:00:00 - 02/02/2025 14:00:00","Belgium (BE)","32.68","58.00","62.40","27.26"
"02/02/2025 14:00:00 - 02/02/2025 15:00:00","Belgium (BE)","18.58","36.68","29.10","6.27"
"02/02/2025 15:00:00 - 02/02/2025 16:00:00","Belgium (BE)","13.50","23.63","16.90"," "
"02/02/2025 16:00:00 - 02/02/2025 17:00:00","Belgium (BE)","10.55","17.18","12.83","8.47"
"02/02/2025 17:00:00 - 02/02/2025 18:00:00","Belgium (BE)","9.05","18.58","19.55","8.60"
"02/02/2025 18:00:00 - 02/02/2025 19:00:00","Belgium (BE)","11.35","27.68","33.63","28.36"
"02/02/2025 19:00:00 - 02/02/2025 20:00:00","Belgium (BE)","13.03","37.38","34.13","24.53"
"02/02/2025 20:00:00 - 02/02/2025 21:00:00","Belgium (BE)","14.20","43.98","34.48","67.69"
"02/02/2025 21:00:00 - 02/02/2025 22:00:00","Belgium (BE)","22.95","51.58","42.88","82.77"
"02/02/2025 22:00:00 - 02/02/2025 23:00:00","Belgium (BE)","36.45","62.98","75.13","122.26"
"02/02/2025 23:00:00 - 03/02/2025 00:00:00","Belgium (BE)","42.33","75.93","99.25","106.60"
"03/02/2025 00:00:00 - 03/02/2025 01:00:00","Belgium (BE)","66.03","106.05","106.05","50.73"
"03/02/2025 01:00:00 - 03/02/2025 02:00:00","Belgium (BE)","62.68","105.38","105.38","60.57"
"03/02/2025 02:00:00 - 03/02/2025 03:00:00","Belgium (BE)","52.98","83.33","83.33","182.52"
"03/02/2025 03:00:00 - 03/02/2025 04:00:00","Belgium (BE)","47.95","95.58","95.58","113.62"
"03/02/2025 04:00:00 - 03/02/2025 05:00:00","Belgium (BE)","49.68","161.08","161.08","114.66"
"03/02/2025 05:00:00 - 03/02/2025 06:00:00","Belgium (BE)","55.33","99.23","99.23","148.00"
"03/02/2025 06:00:00 - 03/02/2025 07:00:00","Belgium (BE)","61.13","87.63","87.63","65.06"
"03/02/2025 07:00:00 - 03/02/2025 08:00:00","Belgium (BE)","67.80","105.68","105.68","36.78"
"03/02/2025 08:00:00 - 03/02/2025 09:00:00","Belgium (BE)","77.53","111.15","111.15","56.72"
"03/02/2025 09:00:00 - 03/02/2025 10:00:00","Belgium (BE)","90.48","128.78","107.75","148.42"
"03/02/2025 10:00:00 - 03/02/2025 11:00:00","Belgium (BE)","104.98","148.08","136.40","146.66"
"03/02/2025 11:00:00 - 03/02/2025 12:00:00","Belgium (BE)","115.60","162.48","209.05","179.53"
"03/02/2025 12:00:00 - 03/02/2025 13:00:00","Belgium (BE)","123.70","161.40","215.50","184.09"
"03/02/2025 13:00:00 - 03/02/2025 14:00:00","Belgium (BE)","125.93","166.75","220.45","150.75"
"03/02/2025 14:00:00 - 03/02/2025 15:00:00","Belgium (BE)","119.45","175.35","250.73","127.79"
"03/02/2025 15:00:00 - 03/02/2025 16:00:00","Belgium (BE)","125.63","180.33","255.45","155.72"
"03/02/2025 16:00:00 - 03/02/2025 17:00:00","Belgium (BE)","151.80","196.38","275.13","237.43"
"03/02/2025 17:00:00 - 03/02/2025 18:00:00","Belgium (BE)","205.53","232.05","333.68","348.53"
"03/02/2025 18:00:00 - 03/02/2025 19:00:00","Belgium (BE)","276.80","300.48","377.95","454.48"
"03/02/2025 19:00:00 - 03/02/2025 20:00:00","Belgium (BE)","361.33","405.13","467.75","528.13"
"03/02/2025 20:00:00 - 03/02/2025 21:00:00","Belgium (BE)","480.65","546.93","563.10","680.29"
"03/02/2025 21:00:00 - 03/02/2025 22:00:00","Belgium (BE)","620.53","705.35","625.58","713.40"
"03/02/2025 22:00:00 - 03/02/2025 23:00:00","Belgium (BE)","717.88","804.50","726.25","735.66"
"03/02/2025 23:00:00 - 04/02/2025 00:00:00","Belgium (BE)","776.23","878.75","727.55","635.72"
"04/02/2025 00:00:00 - 04/02/2025 01:00:00","Belgium (BE)","756.00","708.15","708.15","573.70"
"04/02/2025 01:00:00 - 04/02/2025 02:00:00","Belgium (BE)","764.88","649.85","649.85","606.08"
"04/02/2025 02:00:00 - 04/02/2025 03:00:00","Belgium (BE)","758.35","667.70","667.70","578.87"
"04/02/2025 03:00:00 - 04/02/2025 04:00:00","Belgium (BE)","743.85","738.88","738.88","611.51"
"04/02/2025 04:00:00 - 04/02/2025 05:00:00","Belgium (BE)","746.60","762.15","762.15","768.48"
"04/02/2025 05:00:00 - 04/02/2025 06:00:00","Belgium (BE)","775.48","845.15","845.15","825.42"
"04/02/2025 06:00:00 - 04/02/2025 07:00:00","Belgium (BE)","815.13","981.75","981.75","1064.22"
"04/02/2025 07:00:00 - 04/02/2025 08:00:00","Belgium (BE)","866.80","1045.33","1045.33","1512.53"
"04/02/2025 08:00:00 - 04/02/2025 09:00:00","Belgium (BE)","920.05","1146.00","1146.00","1729.28"
"04/02/2025 09:00:00 - 04/02/2025 10:00:00","Belgium (BE)","956.95","1222.50","1539.75","1699.20"
"04/02/2025 10:00:00 - 04/02/2025 11:00:00","Belgium (BE)","1002.00","1287.53","1524.90","1562.14"
"04/02/2025 11:00:00 - 04/02/2025 12:00:00","Belgium (BE)","1057.85","1330.15","1563.08","1600.22"
"04/02/2025 12:00:00 - 04/02/2025 13:00:00","Belgium (BE)","1122.80","1320.03","1483.75","1588.72"
"04/02/2025 13:00:00 - 04/02/2025 14:00:00","Belgium (BE)","1193.88","1287.38","1517.48","1621.82"
"04/02/2025 14:00:00 - 04/02/2025 15:00:00","Belgium (BE)","1256.13","1268.95","1530.38","1695.94"
"04/02/2025 15:00:00 - 04/02/2025 16:00:00","Belgium (BE)","1304.03","1309.20","1571.75","1865.07"
"04/02/2025 16:00:00 - 04/02/2025 17:00:00","Belgium (BE)","1352.65","1384.68","1604.55","1929.20"
"04/02/2025 17:00:00 - 04/02/2025 18:00:00","Belgium (BE)","1463.38","1493.78","1829.43","1977.90"
"04/02/2025 18:00:00 - 04/02/2025 19:00:00","Belgium (BE)","1602.23","1628.00","1924.38","1960.83"
"04/02/2025 19:00:00 - 04/02/2025 20:00:00","Belgium (BE)","1717.93","1736.28","2000.83","2019.32"
"04/02/2025 20:00:00 - 04/02/2025 21:00:00","Belgium (BE)","1818.43","1813.18","1989.88","2026.30"
"04/02/2025 21:00:00 - 04/02/2025 22:00:00","Belgium (BE)","1868.63","1842.90","2060.45","1887.30"
"04/02/2025 22:00:00 - 04/02/2025 23:00:00","Belgium (BE)","1873.98","1798.53","1997.25","1857.45"
"04/02/2025 23:00:00 - 05/02/2025 00:00:00","Belgium (BE)","1856.38","1665.78","1866.83","1752.98"
"05/02/2025 00:00:00 - 05/02/2025 01:00:00","Belgium (BE)","1618.68","1448.43","1448.43","1480.73"
"05/02/2025 01:00:00 - 05/02/2025 02:00:00","Belgium (BE)","1408.03","1274.40","1274.40","1134.26"
"05/02/2025 02:00:00 - 05/02/2025 03:00:00","Belgium (BE)","1240.15","1035.13","1035.13","770.68"
"05/02/2025 03:00:00 - 05/02/2025 04:00:00","Belgium (BE)","1100.60","866.80","866.80","471.69"
"05/02/2025 04:00:00 - 05/02/2025 05:00:00","Belgium (BE)","988.88","633.15","633.15","386.98"
"05/02/2025 05:00:00 - 05/02/2025 06:00:00","Belgium (BE)","880.38","481.43","481.43","346.12"
"05/02/2025 06:00:00 - 05/02/2025 07:00:00","Belgium (BE)","744.00","445.38","445.38","271.60"
"05/02/2025 07:00:00 - 05/02/2025 08:00:00","Belgium (BE)","596.35","344.18","344.18","262.98"
"05/02/2025 08:00:00 - 05/02/2025 09:00:00","Belgium (BE)","457.68","304.38","304.38","188.92"
"05/02/2025 09:00:00 - 05/02/2025 10:00:00","Belgium (BE)","334.25","245.83","199.05","153.79"
"05/02/2025 10:00:00 - 05/02/2025 11:00:00","Belgium (BE)","245.60","190.70","139.25","104.17"
"05/02/2025 11:00:00 - 05/02/2025 12:00:00","Belgium (BE)","184.68","146.33","110.93","63.39"
"05/02/2025 12:00:00 - 05/02/2025 13:00:00","Belgium (BE)","145.25","111.05","82.75","76.15"
"05/02/2025 13:00:00 - 05/02/2025 14:00:00","Belgium (BE)","110.30","83.40","61.78","32.75"
"05/02/2025 14:00:00 - 05/02/2025 15:00:00","Belgium (BE)","75.98","60.38","79.83","3.94"
"05/02/2025 15:00:00 - 05/02/2025 16:00:00","Belgium (BE)","51.58","42.23","43.65","8.76"
"05/02/2025 16:00:00 - 05/02/2025 17:00:00","Belgium (BE)","38.15","28.95","34.05","9.51"
"05/02/2025 17:00:00 - 05/02/2025 18:00:00","Belgium (BE)","31.15","22.48","15.28"," "
"05/02/2025 18:00:00 - 05/02/2025 19:00:00","Belgium (BE)","28.30","18.25","12.80"," "
"05/02/2025 19:00:00 - 05/02/2025 20:00:00","Belgium (BE)","27.23","15.40","9.60"," "
"05/02/2025 20:00:00 - 05/02/2025 21:00:00","Belgium (BE)","27.48","13.50","14.40"," "
"05/02/2025 21:00:00 - 05/02/2025 22:00:00","Belgium (BE)","33.15","12.85","20.73"," "
"05/02/2025 22:00:00 - 05/02/2025 23:00:00","Belgium (BE)","41.98","21.85","28.98"," "
"05/02/2025 23:00:00 - 06/02/2025 00:00:00","Belgium (BE)","53.98","44.08","44.40"," "
"06/02/2025 00:00:00 - 06/02/2025 01:00:00","Belgium (BE)","84.95","66.85","66.85","2.81"
"06/02/2025 01:00:00 - 06/02/2025 02:00:00","Belgium (BE)","141.93","91.73","91.73","107.05"
"06/02/2025 02:00:00 - 06/02/2025 03:00:00","Belgium (BE)","207.25","139.10","139.10","236.28"
"06/02/2025 03:00:00 - 06/02/2025 04:00:00","Belgium (BE)","278.28","206.08","206.08","215.57"
"06/02/2025 04:00:00 - 06/02/2025 05:00:00","Belgium (BE)","356.23","336.63","336.63","392.98"
"06/02/2025 05:00:00 - 06/02/2025 06:00:00","Belgium (BE)","420.10","373.18","373.18","432.25"
"06/02/2025 06:00:00 - 06/02/2025 07:00:00","Belgium (BE)","471.15","495.90","495.90","474.92"
"06/02/2025 07:00:00 - 06/02/2025 08:00:00","Belgium (BE)","516.00","508.30","505.63","381.63"
"06/02/2025 08:00:00 - 06/02/2025 09:00:00","Belgium (BE)","567.85","517.43","522.88","447.14"
"06/02/2025 09:00:00 - 06/02/2025 10:00:00","Belgium (BE)","632.30","537.10","443.03","387.23"
"06/02/2025 10:00:00 - 06/02/2025 11:00:00","Belgium (BE)","702.20","561.63","527.43","467.09"
"06/02/2025 11:00:00 - 06/02/2025 12:00:00","Belgium (BE)","776.95","610.48","573.03","726.21"
"06/02/2025 12:00:00 - 06/02/2025 13:00:00","Belgium (BE)","848.10","659.93","645.65","793.13"
"06/02/2025 13:00:00 - 06/02/2025 14:00:00","Belgium (BE)","883.38","686.05","751.83","565.29"
"06/02/2025 14:00:00 - 06/02/2025 15:00:00","Belgium (BE)","921.00","726.75","764.73","516.54"
"06/02/2025 15:00:00 - 06/02/2025 16:00:00","Belgium (BE)","1012.75","845.83","757.73","542.86"
"06/02/2025 16:00:00 - 06/02/2025 17:00:00","Belgium (BE)","1174.80","1066.03","999.13","718.67"
"06/02/2025 17:00:00 - 06/02/2025 18:00:00","Belgium (BE)","1379.35","1367.28","1179.15","1042.38"
"06/02/2025 18:00:00 - 06/02/2025 19:00:00","Belgium (BE)","1573.35","1633.35","1360.55","1405.01"
"06/02/2025 19:00:00 - 06/02/2025 20:00:00","Belgium (BE)","1742.85","1802.10","1506.75","1787.81"
"06/02/2025 20:00:00 - 06/02/2025 21:00:00","Belgium (BE)","1852.93","1882.03","1740.08","1911.25"
"06/02/2025 21:00:00 - 06/02/2025 22:00:00","Belgium (BE)","1883.45","1909.58","1925.00","1963.87"
"06/02/2025 22:00:00 - 06/02/2025 23:00:00","Belgium (BE)","1867.00","1927.15","1948.33","1934.77"
"06/02/2025 23:00:00 - 07/02/2025 00:00:00","Belgium (BE)","1831.23","1929.85","1940.63","1812.25"
"07/02/2025 00:00:00 - 07/02/2025 01:00:00","Belgium (BE)","2004.83","1945.55","1945.55","1794.99"
"07/02/2025 01:00:00 - 07/02/2025 02:00:00","Belgium (BE)","1983.45","1923.68","1923.68","1803.77"
"07/02/2025 02:00:00 - 07/02/2025 03:00:00","Belgium (BE)","1986.38","1989.13","1989.13","1925.50"
"07/02/2025 03:00:00 - 07/02/2025 04:00:00","Belgium (BE)","2011.55","2030.33","2030.33","2035.78"
"07/02/2025 04:00:00 - 07/02/2025 05:00:00","Belgium (BE)","2038.98","2091.93","2091.93","2131.88"
"07/02/2025 05:00:00 - 07/02/2025 06:00:00","Belgium (BE)","2058.60","2154.68","2154.68","2139.86"
"07/02/2025 06:00:00 - 07/02/2025 07:00:00","Belgium (BE)","2069.30","2149.13","2149.13","2142.47"
"07/02/2025 07:00:00 - 07/02/2025 08:00:00","Belgium (BE)","2075.88","2196.63","2196.63","2145.59"
"07/02/2025 08:00:00 - 07/02/2025 09:00:00","Belgium (BE)","2084.50","2185.48","2185.48","2148.00"
"07/02/2025 09:00:00 - 07/02/2025 10:00:00","Belgium (BE)","2094.55","2170.55","2196.18","2142.46"
"07/02/2025 10:00:00 - 07/02/2025 11:00:00","Belgium (BE)","2100.70","2154.40","2191.43","2139.46"
"07/02/2025 11:00:00 - 07/02/2025 12:00:00","Belgium (BE)","2100.48","2142.45","2186.75","2149.97"
"07/02/2025 12:00:00 - 07/02/2025 13:00:00","Belgium (BE)","2097.70","2137.85","2180.43","2151.01"
"07/02/2025 13:00:00 - 07/02/2025 14:00:00","Belgium (BE)","2094.63","2133.18","2183.80","2152.00"
"07/02/2025 14:00:00 - 07/02/2025 15:00:00","Belgium (BE)","2092.65","2127.18","2180.00","2153.18"
"07/02/2025 15:00:00 - 07/02/2025 16:00:00","Belgium (BE)","2087.13","2118.13","2177.28","2152.46"
"07/02/2025 16:00:00 - 07/02/2025 17:00:00","Belgium (BE)","2066.93","2099.48","2169.43","2151.46"
"07/02/2025 17:00:00 - 07/02/2025 18:00:00","Belgium (BE)","2031.00","2072.05","2163.05","2150.04"
"07/02/2025 18:00:00 - 07/02/2025 19:00:00","Belgium (BE)","1991.03","2046.25","2161.75","2146.66"
"07/02/2025 19:00:00 - 07/02/2025 20:00:00","Belgium (BE)","1962.13","2020.70","2163.80","2136.70"
"07/02/2025 20:00:00 - 07/02/2025 21:00:00","Belgium (BE)","1934.78","1997.65","2139.60","2099.83"
"07/02/2025 21:00:00 - 07/02/2025 22:00:00","Belgium (BE)","1886.20","1969.83","2081.63","2067.26"
"07/02/2025 22:00:00 - 07/02/2025 23:00:00","Belgium (BE)","1830.88","1927.25","1977.65","1977.73"
"07/02/2025 23:00:00 - 08/02/2025 00:00:00","Belgium (BE)","1786.68","1864.58","1850.20","1891.19"
"08/02/2025 00:00:00 - 08/02/2025 01:00:00","Belgium (BE)","1750.50","1722.03","1722.03","1795.20"
"08/02/2025 01:00:00 - 08/02/2025 02:00:00","Belgium (BE)","1640.13","1655.83","1655.83","1562.46"
"08/02/2025 02:00:00 - 08/02/2025 03:00:00","Belgium (BE)","1535.23","1627.13","1627.13","1230.92"
"08/02/2025 03:00:00 - 08/02/2025 04:00:00","Belgium (BE)","1430.75","1483.03","1483.03","1005.00"
"08/02/2025 04:00:00 - 08/02/2025 05:00:00","Belgium (BE)","1302.05","1293.80","1293.80","894.63"
"08/02/2025 05:00:00 - 08/02/2025 06:00:00","Belgium (BE)","1137.70","980.30","980.30","698.49"
"08/02/2025 06:00:00 - 08/02/2025 07:00:00","Belgium (BE)","959.75","823.43","823.43","554.93"
"08/02/2025 07:00:00 - 08/02/2025 08:00:00","Belgium (BE)","800.35","692.83","692.83","477.73"
"08/02/2025 08:00:00 - 08/02/2025 09:00:00","Belgium (BE)","674.95","655.83","562.38","395.51"
"08/02/2025 09:00:00 - 08/02/2025 10:00:00","Belgium (BE)","569.00","587.58","409.75","243.59"
"08/02/2025 10:00:00 - 08/02/2025 11:00:00","Belgium (BE)","466.93","498.25","399.48","199.43"
"08/02/2025 11:00:00 - 08/02/2025 12:00:00","Belgium (BE)","362.63","395.15","320.95","164.26"
"08/02/2025 12:00:00 - 08/02/2025 13:00:00","Belgium (BE)","271.35","294.53","263.83","114.49"
"08/02/2025 13:00:00 - 08/02/2025 14:00:00","Belgium (BE)","203.28","208.83","171.85","159.20"
"08/02/2025 14:00:00 - 08/02/2025 15:00:00","Belgium (BE)","152.55","173.48","137.28","173.04"
"08/02/2025 15:00:00 - 08/02/2025 16:00:00","Belgium (BE)","111.73","163.05","170.90","194.44"
"08/02/2025 16:00:00 - 08/02/2025 17:00:00","Belgium (BE)","78.50","136.65","140.10","59.65"
"08/02/2025 17:00:00 - 08/02/2025 18:00:00","Belgium (BE)","63.95","115.50","132.68","33.18"
"08/02/2025 18:00:00 - 08/02/2025 19:00:00","Belgium (BE)","65.83","105.55","63.38","36.98"
"08/02/2025 19:00:00 - 08/02/2025 20:00:00","Belgium (BE)","68.93","85.03","52.43","79.17"
"08/02/2025 20:00:00 - 08/02/2025 21:00:00","Belgium (BE)","73.30","67.08","53.13","62.82"
"08/02/2025 21:00:00 - 08/02/2025 22:00:00","Belgium (BE)","80.03","58.88","60.83","68.11"
"08/02/2025 22:00:00 - 08/02/2025 23:00:00","Belgium (BE)","88.10","43.20","46.70","141.39"
"08/02/2025 23:00:00 - 09/02/2025 00:00:00","Belgium (BE)","99.20","34.20","33.25","26.09"
"09/02/2025 00:00:00 - 09/02/2025 01:00:00","Belgium (BE)","31.28","52.95","52.95","1.19"
"09/02/2025 01:00:00 - 09/02/2025 02:00:00","Belgium (BE)","24.15","25.28","25.28"," "
"09/02/2025 02:00:00 - 09/02/2025 03:00:00","Belgium (BE)","16.83","14.88","14.88"," "
"09/02/2025 03:00:00 - 09/02/2025 04:00:00","Belgium (BE)","13.35","13.28","13.28"," "
"09/02/2025 04:00:00 - 09/02/2025 05:00:00","Belgium (BE)","11.30","18.83","18.83"," "
"09/02/2025 05:00:00 - 09/02/2025 06:00:00","Belgium (BE)","13.23","13.50","13.50"," "
"09/02/2025 06:00:00 - 09/02/2025 07:00:00","Belgium (BE)","16.03","15.70","15.70"," "
"09/02/2025 07:00:00 - 09/02/2025 08:00:00","Belgium (BE)","17.83","12.85","12.85"," "
"09/02/2025 08:00:00 - 09/02/2025 09:00:00","Belgium (BE)","18.45","12.48","12.48"," "
"09/02/2025 09:00:00 - 09/02/2025 10:00:00","Belgium (BE)","18.38","11.30","10.55"," "
"09/02/2025 10:00:00 - 09/02/2025 11:00:00","Belgium (BE)","16.68","9.98","10.83"," "
"09/02/2025 11:00:00 - 09/02/2025 12:00:00","Belgium (BE)","15.33","9.03","6.93"," "
"09/02/2025 12:00:00 - 09/02/2025 13:00:00","Belgium (BE)","14.95","7.68","8.55"," "
"09/02/2025 13:00:00 - 09/02/2025 14:00:00","Belgium (BE)","15.55","5.58","12.45"," "
"09/02/2025 14:00:00 - 09/02/2025 15:00:00","Belgium (BE)","18.35","5.48","15.23"," "
"09/02/2025 15:00:00 - 09/02/2025 16:00:00","Belgium (BE)","28.10","11.83","24.95"," "
"09/02/2025 16:00:00 - 09/02/2025 17:00:00","Belgium (BE)","54.80","28.43","38.90","16.85"
"09/02/2025 17:00:00 - 09/02/2025 18:00:00","Belgium (BE)","106.33","71.60","69.68","135.41"
"09/02/2025 18:00:00 - 09/02/2025 19:00:00","Belgium (BE)","178.63","134.78","115.28","222.53"
"09/02/2025 19:00:00 - 09/02/2025 20:00:00","Belgium (BE)","265.05","225.13","232.50","285.36"
"09/02/2025 20:00:00 - 09/02/2025 21:00:00","Belgium (BE)","345.50","331.43","351.08","549.84"
"09/02/2025 21:00:00 - 09/02/2025 22:00:00","Belgium (BE)","409.55","439.63","519.25","568.17"
"09/02/2025 22:00:00 - 09/02/2025 23:00:00","Belgium (BE)","458.65","574.43","641.70","688.83"
"09/02/2025 23:00:00 - 10/02/2025 00:00:00","Belgium (BE)","513.35","725.40","756.03","909.41"
"10/02/2025 00:00:00 - 10/02/2025 01:00:00","Belgium (BE)","854.38","962.48","962.48","975.35"
"10/02/2025 01:00:00 - 10/02/2025 02:00:00","Belgium (BE)","1027.68","1138.80","1138.80","949.92"
"10/02/2025 02:00:00 - 10/02/2025 03:00:00","Belgium (BE)","1181.23","1273.10","1273.10","1093.87"
"10/02/2025 03:00:00 - 10/02/2025 04:00:00","Belgium (BE)","1322.93","1374.48","1374.48","1444.71"
"10/02/2025 04:00:00 - 10/02/2025 05:00:00","Belgium (BE)","1457.20","1512.43","1512.43","1613.16"
"10/02/2025 05:00:00 - 10/02/2025 06:00:00","Belgium (BE)","1553.13","1635.48","1635.48","1690.66"
"10/02/2025 06:00:00 - 10/02/2025 07:00:00","Belgium (BE)","1584.15","1703.28","1703.28","1539.76"
"10/02/2025 07:00:00 - 10/02/2025 08:00:00","Belgium (BE)","1568.85","1707.95","1707.95","1629.80"
"10/02/2025 08:00:00 - 10/02/2025 09:00:00","Belgium (BE)","1522.65","1660.60","1660.60","1604.26"
"10/02/2025 09:00:00 - 10/02/2025 10:00:00","Belgium (BE)","1460.88","1638.05","1647.53","1352.28"
"10/02/2025 10:00:00 - 10/02/2025 11:00:00","Belgium (BE)","1402.58","1633.00","1622.95","1375.29"
"10/02/2025 11:00:00 - 10/02/2025 12:00:00","Belgium (BE)","1352.63","1629.45","1523.40","1519.22"
"10/02/2025 12:00:00 - 10/02/2025 13:00:00","Belgium (BE)","1321.80","1615.25","1545.85","1752.51"
"10/02/2025 13:00:00 - 10/02/2025 14:00:00","Belgium (BE)","1332.70","1620.13","1666.95","1673.59"
"10/02/2025 14:00:00 - 10/02/2025 15:00:00","Belgium (BE)","1394.05","1675.85","1852.68","1563.77"
"10/02/2025 15:00:00 - 10/02/2025 16:00:00","Belgium (BE)","1496.43","1767.80","1885.08","1672.87"
"10/02/2025 16:00:00 - 10/02/2025 17:00:00","Belgium (BE)","1612.88","1872.20","1886.40","1800.60"
"10/02/2025 17:00:00 - 10/02/2025 18:00:00","Belgium (BE)","1693.25","1950.13","1894.40","1836.05"
"10/02/2025 18:00:00 - 10/02/2025 19:00:00","Belgium (BE)","1696.15","1976.20","1915.53","1851.90"
"10/02/2025 19:00:00 - 10/02/2025 20:00:00","Belgium (BE)","1619.48","1965.20","1860.95","1794.18"
"10/02/2025 20:00:00 - 10/02/2025 21:00:00","Belgium (BE)","1494.03","1942.60","1842.28","1462.81"
"10/02/2025 21:00:00 - 10/02/2025 22:00:00","Belgium (BE)","1356.85","1896.30","1566.70","1284.43"
"10/02/2025 22:00:00 - 10/02/2025 23:00:00","Belgium (BE)","1243.03","1807.13","1323.38","1074.79"
"10/02/2025 23:00:00 - 11/02/2025 00:00:00","Belgium (BE)","1118.35","1643.33","1090.33","689.99"
"11/02/2025 00:00:00 - 11/02/2025 01:00:00","Belgium (BE)","1010.80","826.28","826.28","597.22"
"11/02/2025 01:00:00 - 11/02/2025 02:00:00","Belgium (BE)","746.00","734.80","734.80","602.57"
"11/02/2025 02:00:00 - 11/02/2025 03:00:00","Belgium (BE)","548.75","565.53","565.53","531.93"
"11/02/2025 03:00:00 - 11/02/2025 04:00:00","Belgium (BE)","387.70","373.45","373.45","275.89"
"11/02/2025 04:00:00 - 11/02/2025 05:00:00","Belgium (BE)","252.60","219.08","219.08","118.82"
"11/02/2025 05:00:00 - 11/02/2025 06:00:00","Belgium (BE)","151.40","107.18","107.18","26.98"
"11/02/2025 06:00:00 - 11/02/2025 07:00:00","Belgium (BE)","94.58","52.10","52.10"," "
"11/02/2025 07:00:00 - 11/02/2025 08:00:00","Belgium (BE)","84.35","39.33","39.33","37.30"
"11/02/2025 08:00:00 - 11/02/2025 09:00:00","Belgium (BE)","97.63","45.43","25.90","51.41"
"11/02/2025 09:00:00 - 11/02/2025 10:00:00","Belgium (BE)","104.65","54.63","40.63","21.01"
"11/02/2025 10:00:00 - 11/02/2025 11:00:00","Belgium (BE)","118.65","84.20","67.23","30.06"
"11/02/2025 11:00:00 - 11/02/2025 12:00:00","Belgium (BE)","151.65","138.15","70.13","99.02"
"11/02/2025 12:00:00 - 11/02/2025 13:00:00","Belgium (BE)","212.80","213.73","112.00","100.47"
"11/02/2025 13:00:00 - 11/02/2025 14:00:00","Belgium (BE)","302.03","305.48","182.35","162.27"
"11/02/2025 14:00:00 - 11/02/2025 15:00:00","Belgium (BE)","407.73","395.85","210.95","150.80"
"11/02/2025 15:00:00 - 11/02/2025 16:00:00","Belgium (BE)","503.98","456.10","261.83","147.86"
"11/02/2025 16:00:00 - 11/02/2025 17:00:00","Belgium (BE)","539.88","457.93","246.38","131.63"
"11/02/2025 17:00:00 - 11/02/2025 18:00:00","Belgium (BE)","503.78","417.25","223.63","177.75"
"11/02/2025 18:00:00 - 11/02/2025 19:00:00","Belgium (BE)","425.43","363.43","198.38","216.63"
"11/02/2025 19:00:00 - 11/02/2025 20:00:00","Belgium (BE)","333.48","309.83","193.23","214.15"
"11/02/2025 20:00:00 - 11/02/2025 21:00:00","Belgium (BE)","238.85","256.55","203.98","263.13"
"11/02/2025 21:00:00 - 11/02/2025 22:00:00","Belgium (BE)","167.43","191.80","155.38","294.50"
"11/02/2025 22:00:00 - 11/02/2025 23:00:00","Belgium (BE)","133.15","149.55","128.68","195.51"
"11/02/2025 23:00:00 - 12/02/2025 00:00:00","Belgium (BE)","122.08","125.70","98.88","97.90"
"12/02/2025 00:00:00 - 12/02/2025 01:00:00","Belgium (BE)","96.80","86.65","86.65","53.28"
"12/02/2025 01:00:00 - 12/02/2025 02:00:00","Belgium (BE)","71.70","27.28","27.28","35.67"
"12/02/2025 02:00:00 - 12/02/2025 03:00:00","Belgium (BE)","55.13","17.08","17.08","34.34"
"12/02/2025 03:00:00 - 12/02/2025 04:00:00","Belgium (BE)","47.73","15.28","15.28","40.47"
"12/02/2025 04:00:00 - 12/02/2025 05:00:00","Belgium (BE)","42.05","19.65","19.65","7.87"
"12/02/2025 05:00:00 - 12/02/2025 06:00:00","Belgium (BE)","33.58","23.73","23.73"," "
"12/02/2025 06:00:00 - 12/02/2025 07:00:00","Belgium (BE)","23.90","18.08","18.08"," "
"12/02/2025 07:00:00 - 12/02/2025 08:00:00","Belgium (BE)","17.18","10.70","10.70"," "
"12/02/2025 08:00:00 - 12/02/2025 09:00:00","Belgium (BE)","14.20","12.73","10.43"," "
"12/02/2025 09:00:00 - 12/02/2025 10:00:00","Belgium (BE)","13.88","15.00","8.45","4.32"
"12/02/2025 10:00:00 - 12/02/2025 11:00:00","Belgium (BE)","17.33","16.60","9.15","2.42"
"12/02/2025 11:00:00 - 12/02/2025 12:00:00","Belgium (BE)","22.73","18.18","11.43"," "
"12/02/2025 12:00:00 - 12/02/2025 13:00:00","Belgium (BE)","28.13","18.60","14.23"," "
"12/02/2025 13:00:00 - 12/02/2025 14:00:00","Belgium (BE)","37.18","20.83","20.73","11.69"
"12/02/2025 14:00:00 - 12/02/2025 15:00:00","Belgium (BE)","52.05","34.25","34.98","29.12"
"12/02/2025 15:00:00 - 12/02/2025 16:00:00","Belgium (BE)","75.10","59.25","53.00","85.67"
"12/02/2025 16:00:00 - 12/02/2025 17:00:00","Belgium (BE)","101.53","93.98","118.15","70.38"
"12/02/2025 17:00:00 - 12/02/2025 18:00:00","Belgium (BE)","127.53","126.85","142.08","57.20"
"12/02/2025 18:00:00 - 12/02/2025 19:00:00","Belgium (BE)","146.88","160.13","81.23","80.47"
"12/02/2025 19:00:00 - 12/02/2025 20:00:00","Belgium (BE)","156.85","207.85","70.30","89.44"
"12/02/2025 20:00:00 - 12/02/2025 21:00:00","Belgium (BE)","180.25","270.58","51.58","34.99"
"12/02/2025 21:00:00 - 12/02/2025 22:00:00","Belgium (BE)","234.63","332.83","85.25","109.66"
"12/02/2025 22:00:00 - 12/02/2025 23:00:00","Belgium (BE)","304.78","380.03","130.68","361.39"
"12/02/2025 23:00:00 - 13/02/2025 00:00:00","Belgium (BE)","358.05","423.28","153.75","350.10"
"13/02/2025 00:00:00 - 13/02/2025 01:00:00","Belgium (BE)","244.33","378.03","378.03","180.46"
"13/02/2025 01:00:00 - 13/02/2025 02:00:00","Belgium (BE)","254.05","311.40","311.40","178.65"
"13/02/2025 02:00:00 - 13/02/2025 03:00:00","Belgium (BE)","256.10","225.25","225.25","236.54"
"13/02/2025 03:00:00 - 13/02/2025 04:00:00","Belgium (BE)","282.50","260.65","260.65","229.95"
"13/02/2025 04:00:00 - 13/02/2025 05:00:00","Belgium (BE)","387.73","296.83","296.83","335.84"
"13/02/2025 05:00:00 - 13/02/2025 06:00:00","Belgium (BE)","475.55","329.98","329.98","371.91"
"13/02/2025 06:00:00 - 13/02/2025 07:00:00","Belgium (BE)","407.83","439.65","439.65","484.23"
"13/02/2025 07:00:00 - 13/02/2025 08:00:00","Belgium (BE)","408.85","471.20","466.40","495.34"
"13/02/2025 08:00:00 - 13/02/2025 09:00:00","Belgium (BE)","442.35","491.33","488.80","815.74"
"13/02/2025 09:00:00 - 13/02/2025 10:00:00","Belgium (BE)","486.50","504.60","540.10","756.64"
"13/02/2025 10:00:00 - 13/02/2025 11:00:00","Belgium (BE)","571.23","532.70","756.38","809.52"
"13/02/2025 11:00:00 - 13/02/2025 12:00:00","Belgium (BE)","655.50","562.93","793.43","800.65"
"13/02/2025 12:00:00 - 13/02/2025 13:00:00","Belgium (BE)","680.75","549.43","780.75","577.14"
"13/02/2025 13:00:00 - 13/02/2025 14:00:00","Belgium (BE)","616.00","489.88","694.10","426.96"
"13/02/2025 14:00:00 - 13/02/2025 15:00:00","Belgium (BE)","460.95","455.23","551.88","296.79"
"13/02/2025 15:00:00 - 13/02/2025 16:00:00","Belgium (BE)","345.95","470.93","506.68","481.84"
"13/02/2025 16:00:00 - 13/02/2025 17:00:00","Belgium (BE)","303.33","506.75","446.78","408.13"
"13/02/2025 17:00:00 - 13/02/2025 18:00:00","Belgium (BE)","255.13","528.00","547.58","445.81"
"13/02/2025 18:00:00 - 13/02/2025 19:00:00","Belgium (BE)","219.30","524.73","488.95","564.77"
"13/02/2025 19:00:00 - 13/02/2025 20:00:00","Belgium (BE)","207.03","480.40","441.70","469.84"
"13/02/2025 20:00:00 - 13/02/2025 21:00:00","Belgium (BE)","170.23","395.68","474.88","427.86"
"13/02/2025 21:00:00 - 13/02/2025 22:00:00","Belgium (BE)","142.48","314.78","304.38","363.41"
"13/02/2025 22:00:00 - 13/02/2025 23:00:00","Belgium (BE)","145.65","247.73","247.95","323.73"
"13/02/2025 23:00:00 - 14/02/2025 00:00:00","Belgium (BE)","148.25","190.15","205.18","303.47"
"14/02/2025 00:00:00 - 14/02/2025 01:00:00","Belgium (BE)","177.35","194.98","194.98","278.41"
"14/02/2025 01:00:00 - 14/02/2025 02:00:00","Belgium (BE)","153.53","196.70","196.70","150.25"
"14/02/2025 02:00:00 - 14/02/2025 03:00:00","Belgium (BE)","139.60","223.18","223.18","142.48"
"14/02/2025 03:00:00 - 14/02/2025 04:00:00","Belgium (BE)","131.80","228.13","228.13","162.49"
"14/02/2025 04:00:00 - 14/02/2025 05:00:00","Belgium (BE)","130.65","229.95","229.95","221.89"
"14/02/2025 05:00:00 - 14/02/2025 06:00:00","Belgium (BE)","137.43","274.68","274.68","275.77"
"14/02/2025 06:00:00 - 14/02/2025 07:00:00","Belgium (BE)","148.93","337.65","337.65","276.39"
"14/02/2025 07:00:00 - 14/02/2025 08:00:00","Belgium (BE)","159.80","340.80","340.80","226.65"
"14/02/2025 08:00:00 - 14/02/2025 09:00:00","Belgium (BE)","164.48","315.55","306.70","182.18"
"14/02/2025 09:00:00 - 14/02/2025 10:00:00","Belgium (BE)","159.88","275.90","211.98","106.98"
"14/02/2025 10:00:00 - 14/02/2025 11:00:00","Belgium (BE)","150.80","233.58","175.33","86.14"
"14/02/2025 11:00:00 - 14/02/2025 12:00:00","Belgium (BE)","137.03","202.50","113.55","58.26"
"14/02/2025 12:00:00 - 14/02/2025 13:00:00","Belgium (BE)","119.38","182.68","107.70","50.45"
"14/02/2025 13:00:00 - 14/02/2025 14:00:00","Belgium (BE)","103.80","161.78","99.63","17.48"
"14/02/2025 14:00:00 - 14/02/2025 15:00:00","Belgium (BE)","97.63","142.80","109.58","35.85"
"14/02/2025 15:00:00 - 14/02/2025 16:00:00","Belgium (BE)","104.10","134.33","100.33","196.82"
"14/02/2025 16:00:00 - 14/02/2025 17:00:00","Belgium (BE)","121.90","141.45","131.08","234.60"
"14/02/2025 17:00:00 - 14/02/2025 18:00:00","Belgium (BE)","154.35","168.40","249.68","274.75"
"14/02/2025 18:00:00 - 14/02/2025 19:00:00","Belgium (BE)","203.58","220.33","309.48","409.65"
"14/02/2025 19:00:00 - 14/02/2025 20:00:00","Belgium (BE)","255.63","284.45","363.85","522.37"
"14/02/2025 20:00:00 - 14/02/2025 21:00:00","Belgium (BE)","280.30","334.63","441.30","438.36"
"14/02/2025 21:00:00 - 14/02/2025 22:00:00","Belgium (BE)","280.25","366.55","539.78","380.98"
"14/02/2025 22:00:00 - 14/02/2025 23:00:00","Belgium (BE)","285.23","376.05","514.35","463.00"
"14/02/2025 23:00:00 - 15/02/2025 00:00:00","Belgium (BE)","293.88","363.20","485.20","472.61"
"15/02/2025 00:00:00 - 15/02/2025 01:00:00","Belgium (BE)","319.80","368.50","368.50","427.83"
"15/02/2025 01:00:00 - 15/02/2025 02:00:00","Belgium (BE)","285.38","323.00","323.00","447.83"
"15/02/2025 02:00:00 - 15/02/2025 03:00:00","Belgium (BE)","246.48","268.00","268.00","486.32"
"15/02/2025 03:00:00 - 15/02/2025 04:00:00","Belgium (BE)","200.60","214.00","214.00","483.75"
"15/02/2025 04:00:00 - 15/02/2025 05:00:00","Belgium (BE)","158.65","261.70","261.70","380.27"
"15/02/2025 05:00:00 - 15/02/2025 06:00:00","Belgium (BE)","134.23","267.35","267.35","367.52"
"15/02/2025 06:00:00 - 15/02/2025 07:00:00","Belgium (BE)","122.05","214.58","214.58","350.70"
"15/02/2025 07:00:00 - 15/02/2025 08:00:00","Belgium (BE)","120.43","246.88","246.88","289.28"
"15/02/2025 08:00:00 - 15/02/2025 09:00:00","Belgium (BE)","131.28","217.25","217.25","302.66"
"15/02/2025 09:00:00 - 15/02/2025 10:00:00","Belgium (BE)","147.38","205.18","237.70","268.81"
"15/02/2025 10:00:00 - 15/02/2025 11:00:00","Belgium (BE)","156.10","191.50","252.55","263.29"
"15/02/2025 11:00:00 - 15/02/2025 12:00:00","Belgium (BE)","148.88","171.80","205.80","300.77"
"15/02/2025 12:00:00 - 15/02/2025 13:00:00","Belgium (BE)","125.73","144.38","189.23","243.63"
"15/02/2025 13:00:00 - 15/02/2025 14:00:00","Belgium (BE)","100.13","113.95","208.63","173.73"
"15/02/2025 14:00:00 - 15/02/2025 15:00:00","Belgium (BE)","88.88","96.08","182.33","117.35"
"15/02/2025 15:00:00 - 15/02/2025 16:00:00","Belgium (BE)","101.40","97.65","156.65","151.62"
"15/02/2025 16:00:00 - 15/02/2025 17:00:00","Belgium (BE)","139.28","117.13","146.80","262.06"
"15/02/2025 17:00:00 - 15/02/2025 18:00:00","Belgium (BE)","200.35","156.83","196.73","368.59"
"15/02/2025 18:00:00 - 15/02/2025 19:00:00","Belgium (BE)","280.53","218.65","286.63","281.59"
"15/02/2025 19:00:00 - 15/02/2025 20:00:00","Belgium (BE)","366.05","299.00","363.13","228.14"
"15/02/2025 20:00:00 - 15/02/2025 21:00:00","Belgium (BE)","443.05","382.55","309.48","248.60"
"15/02/2025 21:00:00 - 15/02/2025 22:00:00","Belgium (BE)","512.50","460.65","268.90","284.14"
"15/02/2025 22:00:00 - 15/02/2025 23:00:00","Belgium (BE)","573.50","531.03","319.38","560.15"
"15/02/2025 23:00:00 - 16/02/2025 00:00:00","Belgium (BE)","615.00","573.20","393.20","746.71"
"16/02/2025 00:00:00 - 16/02/2025 01:00:00","Belgium (BE)","456.93","560.33","560.33","835.41"
"16/02/2025 01:00:00 - 16/02/2025 02:00:00","Belgium (BE)","482.95","629.40","629.40","822.69"
"16/02/2025 02:00:00 - 16/02/2025 03:00:00","Belgium (BE)","510.43","728.68","728.68","762.65"
"16/02/2025 03:00:00 - 16/02/2025 04:00:00","Belgium (BE)","539.28","742.35","742.35","582.26"
"16/02/2025 04:00:00 - 16/02/2025 05:00:00","Belgium (BE)","573.08","681.43","681.43","574.23"
"16/02/2025 05:00:00 - 16/02/2025 06:00:00","Belgium (BE)","621.80","639.08","639.08","733.88"
"16/02/2025 06:00:00 - 16/02/2025 07:00:00","Belgium (BE)","674.95","632.68","632.68","871.68"
"16/02/2025 07:00:00 - 16/02/2025 08:00:00","Belgium (BE)","719.45","771.00","771.00","874.17"
"16/02/2025 08:00:00 - 16/02/2025 09:00:00","Belgium (BE)","742.65","780.53","874.63","1029.64"
"16/02/2025 09:00:00 - 16/02/2025 10:00:00","Belgium (BE)","754.58","782.13","958.40","1164.58"
"16/02/2025 10:00:00 - 16/02/2025 11:00:00","Belgium (BE)","702.90","766.38","937.15","839.92"
"16/02/2025 11:00:00 - 16/02/2025 12:00:00","Belgium (BE)","605.38","718.93","901.85","828.77"
"16/02/2025 12:00:00 - 16/02/2025 13:00:00","Belgium (BE)","577.05","658.88","749.65","867.06"
"16/02/2025 13:00:00 - 16/02/2025 14:00:00","Belgium (BE)","607.65","657.98","804.35","972.24"
"16/02/2025 14:00:00 - 16/02/2025 15:00:00","Belgium (BE)","685.33","734.00","866.78","1067.82"
"16/02/2025 15:00:00 - 16/02/2025 16:00:00","Belgium (BE)","792.08","844.90","1018.95","980.45"
"16/02/2025 16:00:00 - 16/02/2025 17:00:00","Belgium (BE)","887.95","1011.65","1262.05","1086.76"
"16/02/2025 17:00:00 - 16/02/2025 18:00:00","Belgium (BE)","988.58","1231.90","1373.10","1171.81"
"16/02/2025 18:00:00 - 16/02/2025 19:00:00","Belgium (BE)","1084.43","1417.28","1448.80","1206.08"
"16/02/2025 19:00:00 - 16/02/2025 20:00:00","Belgium (BE)","1154.53","1497.88","1397.83","1541.94"
"16/02/2025 20:00:00 - 16/02/2025 21:00:00","Belgium (BE)","1167.58","1450.93","1344.65","1573.59"
"16/02/2025 21:00:00 - 16/02/2025 22:00:00","Belgium (BE)","1124.53","1332.73","1592.13","1502.34"
"16/02/2025 22:00:00 - 16/02/2025 23:00:00","Belgium (BE)","1070.68","1201.55","1459.83","1510.65"
"16/02/2025 23:00:00 - 17/02/2025 00:00:00","Belgium (BE)","1034.08","1037.68","1234.00","1109.16"
"17/02/2025 00:00:00 - 17/02/2025 01:00:00","Belgium (BE)","864.88","929.45","929.45","844.46"
"17/02/2025 01:00:00 - 17/02/2025 02:00:00","Belgium (BE)","677.43","746.65","746.65","557.57"
"17/02/2025 02:00:00 - 17/02/2025 03:00:00","Belgium (BE)","535.55","635.45","635.45","459.95"
"17/02/2025 03:00:00 - 17/02/2025 04:00:00","Belgium (BE)","458.00","476.05","476.05","310.48"
"17/02/2025 04:00:00 - 17/02/2025 05:00:00","Belgium (BE)","409.75","427.35","427.35","278.92"
"17/02/2025 05:00:00 - 17/02/2025 06:00:00","Belgium (BE)","368.25","326.63","326.63","246.32"
"17/02/2025 06:00:00 - 17/02/2025 07:00:00","Belgium (BE)","347.03","307.43","307.43","242.24"
"17/02/2025 07:00:00 - 17/02/2025 08:00:00","Belgium (BE)","347.48","299.25","299.25","249.74"
"17/02/2025 08:00:00 - 17/02/2025 09:00:00","Belgium (BE)","353.48","315.03","315.03","265.86"
"17/02/2025 09:00:00 - 17/02/2025 10:00:00","Belgium (BE)","342.43","301.78","271.68","234.74"
"17/02/2025 10:00:00 - 17/02/2025 11:00:00","Belgium (BE)","308.05","262.45","246.23","122.51"
"17/02/2025 11:00:00 - 17/02/2025 12:00:00","Belgium (BE)","270.43","225.93","205.68","107.66"
"17/02/2025 12:00:00 - 17/02/2025 13:00:00","Belgium (BE)","245.40","214.23","148.90","155.38"
"17/02/2025 13:00:00 - 17/02/2025 14:00:00","Belgium (BE)","228.35","214.23","157.30","191.92"
"17/02/2025 14:00:00 - 17/02/2025 15:00:00","Belgium (BE)","217.78","207.70","189.23","157.35"
"17/02/2025 15:00:00 - 17/02/2025 16:00:00","Belgium (BE)","222.68","207.73","200.18","134.27"
"17/02/2025 16:00:00 - 17/02/2025 17:00:00","Belgium (BE)","253.73","228.60","214.43","141.96"
"17/02/2025 17:00:00 - 17/02/2025 18:00:00","Belgium (BE)","312.65","276.18","246.88","182.50"
"17/02/2025 18:00:00 - 17/02/2025 19:00:00","Belgium (BE)","395.40","354.23","326.30","228.62"
"17/02/2025 19:00:00 - 17/02/2025 20:00:00","Belgium (BE)","484.55","454.05","416.93","363.92"
"17/02/2025 20:00:00 - 17/02/2025 21:00:00","Belgium (BE)","559.80","553.93","509.13","467.81"
"17/02/2025 21:00:00 - 17/02/2025 22:00:00","Belgium (BE)","624.08","628.38","604.93","717.38"
"17/02/2025 22:00:00 - 17/02/2025 23:00:00","Belgium (BE)","640.50","648.48","646.75","776.19"
"17/02/2025 23:00:00 - 18/02/2025 00:00:00","Belgium (BE)","631.68","596.40","630.25","825.14"
"18/02/2025 00:00:00 - 18/02/2025 01:00:00","Belgium (BE)","517.43","682.83","682.83","692.52"
"18/02/2025 01:00:00 - 18/02/2025 02:00:00","Belgium (BE)","508.70","742.78","742.78","588.12"
"18/02/2025 02:00:00 - 18/02/2025 03:00:00","Belgium (BE)","573.53","712.03","712.03","803.97"
"18/02/2025 03:00:00 - 18/02/2025 04:00:00","Belgium (BE)","594.15","664.58","664.58","678.13"
"18/02/2025 04:00:00 - 18/02/2025 05:00:00","Belgium (BE)","585.63","636.53","636.53","643.78"
"18/02/2025 05:00:00 - 18/02/2025 06:00:00","Belgium (BE)","608.88","644.70","644.70","469.67"
"18/02/2025 06:00:00 - 18/02/2025 07:00:00","Belgium (BE)","614.13","640.28","640.28","361.86"
"18/02/2025 07:00:00 - 18/02/2025 08:00:00","Belgium (BE)","606.98","542.65","542.65","372.92"
"18/02/2025 08:00:00 - 18/02/2025 09:00:00","Belgium (BE)","615.95","552.75","474.63","381.40"
"18/02/2025 09:00:00 - 18/02/2025 10:00:00","Belgium (BE)","636.75","580.58","494.48","422.46"
"18/02/2025 10:00:00 - 18/02/2025 11:00:00","Belgium (BE)","646.88","611.03","492.65","383.18"
"18/02/2025 11:00:00 - 18/02/2025 12:00:00","Belgium (BE)","636.35","600.50","506.65","348.14"
"18/02/2025 12:00:00 - 18/02/2025 13:00:00","Belgium (BE)","616.83","594.10","501.98","383.93"
"18/02/2025 13:00:00 - 18/02/2025 14:00:00","Belgium (BE)","593.50","599.45","536.88","490.06"
"18/02/2025 14:00:00 - 18/02/2025 15:00:00","Belgium (BE)","590.48","605.05","601.00","569.05"
"18/02/2025 15:00:00 - 18/02/2025 16:00:00","Belgium (BE)","641.70","655.83","668.45","479.35"
"18/02/2025 16:00:00 - 18/02/2025 17:00:00","Belgium (BE)","786.98","793.75","815.13","758.60"
"18/02/2025 17:00:00 - 18/02/2025 18:00:00","Belgium (BE)","1014.58","1031.53","991.10","1056.67"
"18/02/2025 18:00:00 - 18/02/2025 19:00:00","Belgium (BE)","1236.23","1274.20","1297.73","1334.40"
"18/02/2025 19:00:00 - 18/02/2025 20:00:00","Belgium (BE)","1405.58","1408.73","1449.10","1606.71"
"18/02/2025 20:00:00 - 18/02/2025 21:00:00","Belgium (BE)","1478.78","1420.93","1501.88","1484.64"
"18/02/2025 21:00:00 - 18/02/2025 22:00:00","Belgium (BE)","1442.60","1348.60","1544.63","1535.55"
"18/02/2025 22:00:00 - 18/02/2025 23:00:00","Belgium (BE)","1350.43","1247.63","1411.73","1282.15"
"18/02/2025 23:00:00 - 19/02/2025 00:00:00","Belgium (BE)","1248.90","1161.05","1298.10","997.51"
"19/02/2025 00:00:00 - 19/02/2025 01:00:00","Belgium (BE)","1175.10","1105.70","1105.70","890.60"
"19/02/2025 01:00:00 - 19/02/2025 02:00:00","Belgium (BE)","1140.00","997.48","997.48","1043.79"
"19/02/2025 02:00:00 - 19/02/2025 03:00:00","Belgium (BE)","1106.35","975.18","975.18","949.75"
"19/02/2025 03:00:00 - 19/02/2025 04:00:00","Belgium (BE)","1093.70","1054.13","1054.13","907.95"
"19/02/2025 04:00:00 - 19/02/2025 05:00:00","Belgium (BE)","1099.05","1055.53","1055.53","807.44"
"19/02/2025 05:00:00 - 19/02/2025 06:00:00","Belgium (BE)","1100.50","1027.63","1027.63","734.69"
"19/02/2025 06:00:00 - 19/02/2025 07:00:00","Belgium (BE)","1102.15","979.43","979.43","882.55"
"19/02/2025 07:00:00 - 19/02/2025 08:00:00","Belgium (BE)","1090.65","939.13","939.13","870.79"
"19/02/2025 08:00:00 - 19/02/2025 09:00:00","Belgium (BE)","1041.90","938.80","977.80","1024.30"
"19/02/2025 09:00:00 - 19/02/2025 10:00:00","Belgium (BE)","964.68","904.08","883.95","739.86"
"19/02/2025 10:00:00 - 19/02/2025 11:00:00","Belgium (BE)","835.35","809.63","874.38","712.28"
"19/02/2025 11:00:00 - 19/02/2025 12:00:00","Belgium (BE)","664.33","655.63","714.80","592.91"
"19/02/2025 12:00:00 - 19/02/2025 13:00:00","Belgium (BE)","530.53","514.85","517.15","322.21"
"19/02/2025 13:00:00 - 19/02/2025 14:00:00","Belgium (BE)","468.73","449.98","444.65","228.80"
"19/02/2025 14:00:00 - 19/02/2025 15:00:00","Belgium (BE)","454.13","437.10","355.58","284.00"
"19/02/2025 15:00:00 - 19/02/2025 16:00:00","Belgium (BE)","460.18","437.20","331.75","311.11"
"19/02/2025 16:00:00 - 19/02/2025 17:00:00","Belgium (BE)","464.53","439.23","345.20","377.62"
"19/02/2025 17:00:00 - 19/02/2025 18:00:00","Belgium (BE)","473.68","460.75","336.60","456.38"
"19/02/2025 18:00:00 - 19/02/2025 19:00:00","Belgium (BE)","523.88","510.08","426.85","435.72"
"19/02/2025 19:00:00 - 19/02/2025 20:00:00","Belgium (BE)","597.30","562.75","512.93","533.13"
"19/02/2025 20:00:00 - 19/02/2025 21:00:00","Belgium (BE)","626.93","598.18","528.68","713.58"
"19/02/2025 21:00:00 - 19/02/2025 22:00:00","Belgium (BE)","637.68","631.68","615.53","821.22"
"19/02/2025 22:00:00 - 19/02/2025 23:00:00","Belgium (BE)","646.55","660.30","683.40","1049.12"
"19/02/2025 23:00:00 - 20/02/2025 00:00:00","Belgium (BE)","653.05","676.48","671.40","815.66"
"20/02/2025 00:00:00 - 20/02/2025 01:00:00","Belgium (BE)","483.95","715.03","715.03","610.26"
"20/02/2025 01:00:00 - 20/02/2025 02:00:00","Belgium (BE)","510.30","694.45","694.45","507.15"
"20/02/2025 02:00:00 - 20/02/2025 03:00:00","Belgium (BE)","568.15","608.85","608.85","463.73"
"20/02/2025 03:00:00 - 20/02/2025 04:00:00","Belgium (BE)","658.33","595.43","595.43","430.05"
"20/02/2025 04:00:00 - 20/02/2025 05:00:00","Belgium (BE)","799.98","678.25","678.25","612.21"
"20/02/2025 05:00:00 - 20/02/2025 06:00:00","Belgium (BE)","931.83","735.75","735.75","941.95"
"20/02/2025 06:00:00 - 20/02/2025 07:00:00","Belgium (BE)","1046.58","979.60","979.60","1069.26"
"20/02/2025 07:00:00 - 20/02/2025 08:00:00","Belgium (BE)","1187.95","1279.03","1279.03","1092.27"
"20/02/2025 08:00:00 - 20/02/2025 09:00:00","Belgium (BE)","1365.90","1441.10","1458.20","1370.88"
"20/02/2025 09:00:00 - 20/02/2025 10:00:00","Belgium (BE)","1545.73","1578.18","1506.43","1617.33"
"20/02/2025 10:00:00 - 20/02/2025 11:00:00","Belgium (BE)","1682.15","1688.65","1632.08","1824.07"
"20/02/2025 11:00:00 - 20/02/2025 12:00:00","Belgium (BE)","1778.90","1773.45","1784.85","1862.85"
"20/02/2025 12:00:00 - 20/02/2025 13:00:00","Belgium (BE)","1849.08","1813.68","1902.05","1973.17"
"20/02/2025 13:00:00 - 20/02/2025 14:00:00","Belgium (BE)","1894.03","1826.63","1960.25","1970.72"
"20/02/2025 14:00:00 - 20/02/2025 15:00:00","Belgium (BE)","1908.80","1835.45","2015.50","2029.04"
"20/02/2025 15:00:00 - 20/02/2025 16:00:00","Belgium (BE)","1897.05","1856.33","1988.58","2022.30"
"20/02/2025 16:00:00 - 20/02/2025 17:00:00","Belgium (BE)","1866.03","1884.30","2016.05","2021.08"
"20/02/2025 17:00:00 - 20/02/2025 18:00:00","Belgium (BE)","1813.60","1900.50","1996.93","2091.59"
"20/02/2025 18:00:00 - 20/02/2025 19:00:00","Belgium (BE)","1724.48","1890.03","1942.98","1976.30"
"20/02/2025 19:00:00 - 20/02/2025 20:00:00","Belgium (BE)","1598.33","1856.73","1871.13","2060.11"
"20/02/2025 20:00:00 - 20/02/2025 21:00:00","Belgium (BE)","1467.35","1813.05","1785.40","2097.02"
"20/02/2025 21:00:00 - 20/02/2025 22:00:00","Belgium (BE)","1360.00","1773.65","1677.50","1974.75"
"20/02/2025 22:00:00 - 20/02/2025 23:00:00","Belgium (BE)","1323.65","1728.55","1496.23","1840.49"
"20/02/2025 23:00:00 - 21/02/2025 00:00:00","Belgium (BE)","1328.58","1657.33","1339.33","1717.27"
"21/02/2025 00:00:00 - 21/02/2025 01:00:00","Belgium (BE)","1305.70","1247.30","1247.30","1846.31"
"21/02/2025 01:00:00 - 21/02/2025 02:00:00","Belgium (BE)","1211.00","1286.95","1286.95","1716.49"
"21/02/2025 02:00:00 - 21/02/2025 03:00:00","Belgium (BE)","1226.10","1694.43","1694.43","1705.98"
"21/02/2025 03:00:00 - 21/02/2025 04:00:00","Belgium (BE)","1280.20","1838.38","1838.38","1800.75"
"21/02/2025 04:00:00 - 21/02/2025 05:00:00","Belgium (BE)","1358.55","1857.93","1857.93","1832.47"
"21/02/2025 05:00:00 - 21/02/2025 06:00:00","Belgium (BE)","1449.25","1859.60","1859.60","1930.81"
"21/02/2025 06:00:00 - 21/02/2025 07:00:00","Belgium (BE)","1539.48","1904.30","1904.30","2008.15"
"21/02/2025 07:00:00 - 21/02/2025 08:00:00","Belgium (BE)","1636.45","2045.93","2045.93","2102.58"
"21/02/2025 08:00:00 - 21/02/2025 09:00:00","Belgium (BE)","1740.20","2036.25","2151.90","2054.04"
"21/02/2025 09:00:00 - 21/02/2025 10:00:00","Belgium (BE)","1839.05","2012.25","2068.23","2068.72"
"21/02/2025 10:00:00 - 21/02/2025 11:00:00","Belgium (BE)","1920.30","1995.28","2054.18","2009.87"
"21/02/2025 11:00:00 - 21/02/2025 12:00:00","Belgium (BE)","1976.15","1998.13","2099.65","1966.15"
"21/02/2025 12:00:00 - 21/02/2025 13:00:00","Belgium (BE)","2007.05","2012.08","2051.30","2021.36"
"21/02/2025 13:00:00 - 21/02/2025 14:00:00","Belgium (BE)","2021.15","2018.25","2016.93","2042.11"
"21/02/2025 14:00:00 - 21/02/2025 15:00:00","Belgium (BE)","2026.05","2013.78","2039.98","2050.69"
"21/02/2025 15:00:00 - 21/02/2025 16:00:00","Belgium (BE)","2027.78","2006.00","2037.50","2058.53"
"21/02/2025 16:00:00 - 21/02/2025 17:00:00","Belgium (BE)","2024.68","1996.28","2045.68","2081.53"
"21/02/2025 17:00:00 - 21/02/2025 18:00:00","Belgium (BE)","2006.90","1980.80","2047.30","2094.56"
"21/02/2025 18:00:00 - 21/02/2025 19:00:00","Belgium (BE)","1974.28","1953.53","2048.98","2096.75"
"21/02/2025 19:00:00 - 21/02/2025 20:00:00","Belgium (BE)","1937.60","1919.95","2035.08","2013.69"
"21/02/2025 20:00:00 - 21/02/2025 21:00:00","Belgium (BE)","1901.38","1890.03","2010.43","1917.93"
"21/02/2025 21:00:00 - 21/02/2025 22:00:00","Belgium (BE)","1864.68","1862.23","1900.95","1942.37"
"21/02/2025 22:00:00 - 21/02/2025 23:00:00","Belgium (BE)","1831.00","1833.68","1779.45","1943.60"
"21/02/2025 23:00:00 - 22/02/2025 00:00:00","Belgium (BE)","1802.15","1792.05","1637.63","1851.38"
"22/02/2025 00:00:00 - 22/02/2025 01:00:00","Belgium (BE)","1666.83","1514.25","1514.25","1807.91"
"22/02/2025 01:00:00 - 22/02/2025 02:00:00","Belgium (BE)","1606.70","1597.15","1597.15","1750.18"
"22/02/2025 02:00:00 - 22/02/2025 03:00:00","Belgium (BE)","1575.73","1686.90","1686.90","1877.70"
"22/02/2025 03:00:00 - 22/02/2025 04:00:00","Belgium (BE)","1572.13","1749.15","1749.15","1966.15"
"22/02/2025 04:00:00 - 22/02/2025 05:00:00","Belgium (BE)","1575.93","1853.93","1853.93","2001.78"
"22/02/2025 05:00:00 - 22/02/2025 06:00:00","Belgium (BE)","1563.90","1828.73","1828.73","1997.01"
"22/02/2025 06:00:00 - 22/02/2025 07:00:00","Belgium (BE)","1517.13","1918.28","1918.28","2038.25"
"22/02/2025 07:00:00 - 22/02/2025 08:00:00","Belgium (BE)","1427.90","1846.50","1846.50","2010.14"
"22/02/2025 08:00:00 - 22/02/2025 09:00:00","Belgium (BE)","1284.95","1666.10","1739.55","1684.85"
"22/02/2025 09:00:00 - 22/02/2025 10:00:00","Belgium (BE)","1087.25","1423.75","1338.40","1551.77"
"22/02/2025 10:00:00 - 22/02/2025 11:00:00","Belgium (BE)","938.10","1247.55","1046.43","1045.38"
"22/02/2025 11:00:00 - 22/02/2025 12:00:00","Belgium (BE)","860.15","1163.78","1032.85","772.19"
"22/02/2025 12:00:00 - 22/02/2025 13:00:00","Belgium (BE)","841.28","1165.10","964.13","544.38"
"22/02/2025 13:00:00 - 22/02/2025 14:00:00","Belgium (BE)","888.18","1144.50","951.80","454.36"
"22/02/2025 14:00:00 - 22/02/2025 15:00:00","Belgium (BE)","917.08","1060.53","839.08","562.67"
"22/02/2025 15:00:00 - 22/02/2025 16:00:00","Belgium (BE)","907.18","999.90","795.35","688.41"
"22/02/2025 16:00:00 - 22/02/2025 17:00:00","Belgium (BE)","917.78","1002.05","872.80","797.58"
"22/02/2025 17:00:00 - 22/02/2025 18:00:00","Belgium (BE)","937.50","1045.48","935.30","813.18"
"22/02/2025 18:00:00 - 22/02/2025 19:00:00","Belgium (BE)","965.33","1119.78","1029.90","789.09"
"22/02/2025 19:00:00 - 22/02/2025 20:00:00","Belgium (BE)","984.35","1175.55","1060.68","842.20"
"22/02/2025 20:00:00 - 22/02/2025 21:00:00","Belgium (BE)","999.10","1173.45","1016.35","896.78"
"22/02/2025 21:00:00 - 22/02/2025 22:00:00","Belgium (BE)","992.63","1115.65","1015.28","1071.15"
"22/02/2025 22:00:00 - 22/02/2025 23:00:00","Belgium (BE)","952.73","1035.10","1031.70","1116.00"
"22/02/2025 23:00:00 - 23/02/2025 00:00:00","Belgium (BE)","908.25","966.48","1002.18","960.51"
"23/02/2025 00:00:00 - 23/02/2025 01:00:00","Belgium (BE)","972.95","974.98","974.98","797.30"
"23/02/2025 01:00:00 - 23/02/2025 02:00:00","Belgium (BE)","949.80","927.55","927.55","1056.53"
"23/02/2025 02:00:00 - 23/02/2025 03:00:00","Belgium (BE)","929.75","863.08","863.08","1180.80"
"23/02/2025 03:00:00 - 23/02/2025 04:00:00","Belgium (BE)","915.95","1009.73","1009.73","984.91"
"23/02/2025 04:00:00 - 23/02/2025 05:00:00","Belgium (BE)","905.70","1057.90","1057.90","877.13"
"23/02/2025 05:00:00 - 23/02/2025 06:00:00","Belgium (BE)","898.65","941.30","941.30","945.97"
"23/02/2025 06:00:00 - 23/02/2025 07:00:00","Belgium (BE)","898.63","926.53","926.53","740.94"
"23/02/2025 07:00:00 - 23/02/2025 08:00:00","Belgium (BE)","903.75","1011.98","1011.98","740.98"
"23/02/2025 08:00:00 - 23/02/2025 09:00:00","Belgium (BE)","940.95","1117.03","1031.65","718.06"
"23/02/2025 09:00:00 - 23/02/2025 10:00:00","Belgium (BE)","1026.65","1236.45","1108.58","854.06"
"23/02/2025 10:00:00 - 23/02/2025 11:00:00","Belgium (BE)","1155.25","1342.10","1142.98","1271.50"
"23/02/2025 11:00:00 - 23/02/2025 12:00:00","Belgium (BE)","1278.65","1416.30","1236.55","1491.29"
"23/02/2025 12:00:00 - 23/02/2025 13:00:00","Belgium (BE)","1367.95","1469.83","1462.88","1775.37"
"23/02/2025 13:00:00 - 23/02/2025 14:00:00","Belgium (BE)","1427.93","1509.28","1562.20","1859.66"
"23/02/2025 14:00:00 - 23/02/2025 15:00:00","Belgium (BE)","1496.20","1564.23","1748.70","1984.01"
"23/02/2025 15:00:00 - 23/02/2025 16:00:00","Belgium (BE)","1597.40","1650.95","1867.80","1906.98"
"23/02/2025 16:00:00 - 23/02/2025 17:00:00","Belgium (BE)","1718.60","1755.63","1978.58","1874.47"
"23/02/2025 17:00:00 - 23/02/2025 18:00:00","Belgium (BE)","1840.18","1866.75","2001.33","2060.48"
"23/02/2025 18:00:00 - 23/02/2025 19:00:00","Belgium (BE)","1943.38","1960.55","2008.35","2115.13"
"23/02/2025 19:00:00 - 23/02/2025 20:00:00","Belgium (BE)","2017.58","2023.75","2120.18","2141.32"
"23/02/2025 20:00:00 - 23/02/2025 21:00:00","Belgium (BE)","2061.75","2059.93","2157.15","2149.66"
"23/02/2025 21:00:00 - 23/02/2025 22:00:00","Belgium (BE)","2086.60","2080.73","2167.83","2149.59"
"23/02/2025 22:00:00 - 23/02/2025 23:00:00","Belgium (BE)","2099.75","2091.95","2161.55","2147.48"
"23/02/2025 23:00:00 - 24/02/2025 00:00:00","Belgium (BE)","2104.53","2096.25","2148.88","2148.72"
"24/02/2025 00:00:00 - 24/02/2025 01:00:00","Belgium (BE)","2093.10","2153.08","2153.08","2150.10"
"24/02/2025 01:00:00 - 24/02/2025 02:00:00","Belgium (BE)","2090.70","2149.60","2149.60","2151.03"
"24/02/2025 02:00:00 - 24/02/2025 03:00:00","Belgium (BE)","2092.33","2148.80","2148.80","2151.10"
"24/02/2025 03:00:00 - 24/02/2025 04:00:00","Belgium (BE)","2095.65","2153.85","2153.85","2151.27"
"24/02/2025 04:00:00 - 24/02/2025 05:00:00","Belgium (BE)","2097.60","2145.80","2145.80","2150.92"
"24/02/2025 05:00:00 - 24/02/2025 06:00:00","Belgium (BE)","2095.80","2149.13","2149.13","2149.95"
"24/02/2025 06:00:00 - 24/02/2025 07:00:00","Belgium (BE)","2089.35","2146.33","2146.33","2149.54"
"24/02/2025 07:00:00 - 24/02/2025 08:00:00","Belgium (BE)","2078.63","2143.53","2143.53","2133.23"
"24/02/2025 08:00:00 - 24/02/2025 09:00:00","Belgium (BE)","2063.60","2129.08","2137.90","2139.00"
"24/02/2025 09:00:00 - 24/02/2025 10:00:00","Belgium (BE)","2045.40","2113.48","2130.68","2139.98"
"24/02/2025 10:00:00 - 24/02/2025 11:00:00","Belgium (BE)","2021.33","2092.28","2128.88","2145.89"
"24/02/2025 11:00:00 - 24/02/2025 12:00:00","Belgium (BE)","1987.18","2061.53","2132.63","2135.28"
"24/02/2025 12:00:00 - 24/02/2025 13:00:00","Belgium (BE)","1953.23","2029.28","2106.03","2143.13"
"24/02/2025 13:00:00 - 24/02/2025 14:00:00","Belgium (BE)","1912.23","1997.18","2081.20","2139.65"
"24/02/2025 14:00:00 - 24/02/2025 15:00:00","Belgium (BE)","1865.35","1970.03","2072.78","2067.74"
"24/02/2025 15:00:00 - 24/02/2025 16:00:00","Belgium (BE)","1846.78","1963.60","2112.43","2089.90"
"24/02/2025 16:00:00 - 24/02/2025 17:00:00","Belgium (BE)","1863.88","1967.40","2090.28","2119.93"
"24/02/2025 17:00:00 - 24/02/2025 18:00:00","Belgium (BE)","1891.98","1968.63","2122.00","2052.47"
"24/02/2025 18:00:00 - 24/02/2025 19:00:00","Belgium (BE)","1897.75","1973.03","2123.13","2093.72"
"24/02/2025 19:00:00 - 24/02/2025 20:00:00","Belgium (BE)","1852.20","1949.18","2064.80","2137.90"
"24/02/2025 20:00:00 - 24/02/2025 21:00:00","Belgium (BE)","1782.00","1913.43","2044.58","2124.44"
"24/02/2025 21:00:00 - 24/02/2025 22:00:00","Belgium (BE)","1691.83","1866.68","1973.28","2058.19"
"24/02/2025 22:00:00 - 24/02/2025 23:00:00","Belgium (BE)","1604.73","1798.03","1879.03","1848.64"
"24/02/2025 23:00:00 - 25/02/2025 00:00:00","Belgium (BE)","1540.45","1713.78","1761.50","1708.32"
"25/02/2025 00:00:00 - 25/02/2025 01:00:00","Belgium (BE)","1462.15","1461.40","1461.40","1534.44"
"25/02/2025 01:00:00 - 25/02/2025 02:00:00","Belgium (BE)","1186.70","1328.48","1328.48","1105.99"
"25/02/2025 02:00:00 - 25/02/2025 03:00:00","Belgium (BE)","988.15","1103.65","1103.65","1042.90"
"25/02/2025 03:00:00 - 25/02/2025 04:00:00","Belgium (BE)","888.18","759.75","759.75","637.96"
"25/02/2025 04:00:00 - 25/02/2025 05:00:00","Belgium (BE)","793.58","635.50","635.50","464.34"
"25/02/2025 05:00:00 - 25/02/2025 06:00:00","Belgium (BE)","640.33","441.70","441.70","350.88"
"25/02/2025 06:00:00 - 25/02/2025 07:00:00","Belgium (BE)","455.98","333.20","333.20","339.35"
"25/02/2025 07:00:00 - 25/02/2025 08:00:00","Belgium (BE)","337.23","298.93","298.93","289.22"
"25/02/2025 08:00:00 - 25/02/2025 09:00:00","Belgium (BE)","262.95","281.75","290.88","228.06"
"25/02/2025 09:00:00 - 25/02/2025 10:00:00","Belgium (BE)","179.48","236.73","184.13","104.64"
"25/02/2025 10:00:00 - 25/02/2025 11:00:00","Belgium (BE)","111.20","183.63","103.40","57.30"
"25/02/2025 11:00:00 - 25/02/2025 12:00:00","Belgium (BE)","77.85","114.18","72.13"," "
"25/02/2025 12:00:00 - 25/02/2025 13:00:00","Belgium (BE)","68.58","60.05","26.40"," "
"25/02/2025 13:00:00 - 25/02/2025 14:00:00","Belgium (BE)","67.70","33.20","23.20","0.22"
"25/02/2025 14:00:00 - 25/02/2025 15:00:00","Belgium (BE)","49.48","40.90","37.48","12.32"
"25/02/2025 15:00:00 - 25/02/2025 16:00:00","Belgium (BE)","34.03","73.48","48.68","58.70"
"25/02/2025 16:00:00 - 25/02/2025 17:00:00","Belgium (BE)","40.48","104.15","64.43","66.32"
"25/02/2025 17:00:00 - 25/02/2025 18:00:00","Belgium (BE)","63.18","110.83","65.78","76.21"
"25/02/2025 18:00:00 - 25/02/2025 19:00:00","Belgium (BE)","90.15","102.73","53.23","46.12"
"25/02/2025 19:00:00 - 25/02/2025 20:00:00","Belgium (BE)","118.98","87.10","50.00","34.46"
"25/02/2025 20:00:00 - 25/02/2025 21:00:00","Belgium (BE)","157.38","75.58","38.15","18.31"
"25/02/2025 21:00:00 - 25/02/2025 22:00:00","Belgium (BE)","212.28","67.48","34.28"," "
"25/02/2025 22:00:00 - 25/02/2025 23:00:00","Belgium (BE)","263.03","68.43","33.60"," "
"25/02/2025 23:00:00 - 26/02/2025 00:00:00","Belgium (BE)","317.70","89.23","33.35"," "
"26/02/2025 00:00:00 - 26/02/2025 01:00:00","Belgium (BE)","91.15","46.88","46.88","20.33"
"26/02/2025 01:00:00 - 26/02/2025 02:00:00","Belgium (BE)","159.70","65.40","65.40","38.50"
"26/02/2025 02:00:00 - 26/02/2025 03:00:00","Belgium (BE)","244.20","100.80","100.80","215.49"
"26/02/2025 03:00:00 - 26/02/2025 04:00:00","Belgium (BE)","286.63","154.33","154.33","301.06"
"26/02/2025 04:00:00 - 26/02/2025 05:00:00","Belgium (BE)","259.73","181.88","181.88","253.33"
"26/02/2025 05:00:00 - 26/02/2025 06:00:00","Belgium (BE)","238.38","279.30","279.30","228.29"
"26/02/2025 06:00:00 - 26/02/2025 07:00:00","Belgium (BE)","231.98","247.00","247.00","122.68"
"26/02/2025 07:00:00 - 26/02/2025 08:00:00","Belgium (BE)","263.55","275.05","275.05","42.63"
"26/02/2025 08:00:00 - 26/02/2025 09:00:00","Belgium (BE)","378.35","376.40","316.63","240.03"
"26/02/2025 09:00:00 - 26/02/2025 10:00:00","Belgium (BE)","572.13","501.80","332.25","316.89"
"26/02/2025 10:00:00 - 26/02/2025 11:00:00","Belgium (BE)","776.70","671.60","541.28","468.72"
"26/02/2025 11:00:00 - 26/02/2025 12:00:00","Belgium (BE)","1006.58","909.43","694.93","758.77"
"26/02/2025 12:00:00 - 26/02/2025 13:00:00","Belgium (BE)","1252.95","1167.25","889.05","1335.70"
"26/02/2025 13:00:00 - 26/02/2025 14:00:00","Belgium (BE)","1455.60","1411.13","1105.90","1508.12"
"26/02/2025 14:00:00 - 26/02/2025 15:00:00","Belgium (BE)","1638.48","1608.28","1406.13","1727.26"
"26/02/2025 15:00:00 - 26/02/2025 16:00:00","Belgium (BE)","1786.18","1736.93","1565.75","1965.26"
"26/02/2025 16:00:00 - 26/02/2025 17:00:00","Belgium (BE)","1829.40","1798.83","1680.75","1859.56"
"26/02/2025 17:00:00 - 26/02/2025 18:00:00","Belgium (BE)","1765.90","1815.58","1648.63","1951.10"
"26/02/2025 18:00:00 - 26/02/2025 19:00:00","Belgium (BE)","1613.55","1717.25","1410.93","1337.04"
"26/02/2025 19:00:00 - 26/02/2025 20:00:00","Belgium (BE)","1353.85","1486.90","1383.15","1484.71"
"26/02/2025 20:00:00 - 26/02/2025 21:00:00","Belgium (BE)","1050.83","1146.43","1183.95","1517.38"
"26/02/2025 21:00:00 - 26/02/2025 22:00:00","Belgium (BE)","869.55","842.28","1357.50","945.54"
"26/02/2025 22:00:00 - 26/02/2025 23:00:00","Belgium (BE)","795.30","780.98","1272.00","822.41"
"26/02/2025 23:00:00 - 27/02/2025 00:00:00","Belgium (BE)","745.78","796.10","1146.48","1101.88"
"27/02/2025 00:00:00 - 27/02/2025 01:00:00","Belgium (BE)","1124.53","800.48","800.48","1341.36"
"27/02/2025 01:00:00 - 27/02/2025 02:00:00","Belgium (BE)","1040.50","835.28","835.28","984.93"
"27/02/2025 02:00:00 - 27/02/2025 03:00:00","Belgium (BE)","937.28","940.30","940.30","1020.24"
"27/02/2025 03:00:00 - 27/02/2025 04:00:00","Belgium (BE)","795.33","787.65","787.65","1041.22"
"27/02/2025 04:00:00 - 27/02/2025 05:00:00","Belgium (BE)","646.05","706.53","706.53","933.32"
"27/02/2025 05:00:00 - 27/02/2025 06:00:00","Belgium (BE)","517.95","621.33","621.33","820.34"
"27/02/2025 06:00:00 - 27/02/2025 07:00:00","Belgium (BE)","415.18","523.58","523.58","502.76"
"27/02/2025 07:00:00 - 27/02/2025 08:00:00","Belgium (BE)","376.85","394.43","478.98","422.10"
"27/02/2025 08:00:00 - 27/02/2025 09:00:00","Belgium (BE)","421.40","350.85","403.30","338.86"
"27/02/2025 09:00:00 - 27/02/2025 10:00:00","Belgium (BE)","546.68","401.08","484.68","415.49"
"27/02/2025 10:00:00 - 27/02/2025 11:00:00","Belgium (BE)","703.10","517.28","524.30","578.95"
"27/02/2025 11:00:00 - 27/02/2025 12:00:00","Belgium (BE)","838.08","611.35","572.65","574.23"
"27/02/2025 12:00:00 - 27/02/2025 13:00:00","Belgium (BE)","905.13","709.45","654.73","521.19"
"27/02/2025 13:00:00 - 27/02/2025 14:00:00","Belgium (BE)","976.80","849.70","790.95","656.29"
"27/02/2025 14:00:00 - 27/02/2025 15:00:00","Belgium (BE)","1154.85","1017.28","913.48","1104.89"
"27/02/2025 15:00:00 - 27/02/2025 16:00:00","Belgium (BE)","1318.00","1264.68","1135.50","1660.35"
"27/02/2025 16:00:00 - 27/02/2025 17:00:00","Belgium (BE)","1450.25","1572.75","1530.38","1969.40"
"27/02/2025 17:00:00 - 27/02/2025 18:00:00","Belgium (BE)","1609.33","1805.20","1903.98","2040.60"
"27/02/2025 18:00:00 - 27/02/2025 19:00:00","Belgium (BE)","1739.63","1923.70","2162.05","2090.81"
"27/02/2025 19:00:00 - 27/02/2025 20:00:00","Belgium (BE)","1795.98","1944.20","2122.75","2080.81"
"27/02/2025 20:00:00 - 27/02/2025 21:00:00","Belgium (BE)","1759.83","1900.18","2077.38","2045.20"
"27/02/2025 21:00:00 - 27/02/2025 22:00:00","Belgium (BE)","1622.23","1804.53","1938.65","1804.84"
"27/02/2025 22:00:00 - 27/02/2025 23:00:00","Belgium (BE)","1454.13","1640.30","1717.10","1579.69"
"27/02/2025 23:00:00 - 28/02/2025 00:00:00","Belgium (BE)","1305.38","1421.53","1500.95","1259.64"
"28/02/2025 00:00:00 - 28/02/2025 01:00:00","Belgium (BE)","891.55","1326.58","1326.58","1151.82"
"28/02/2025 01:00:00 - 28/02/2025 02:00:00","Belgium (BE)","686.93","1236.10","1236.10","965.19"
"28/02/2025 02:00:00 - 28/02/2025 03:00:00","Belgium (BE)","608.18","1116.85","1116.85","763.91"
"28/02/2025 03:00:00 - 28/02/2025 04:00:00","Belgium (BE)","542.58","793.13","793.13","540.13"
"28/02/2025 04:00:00 - 28/02/2025 05:00:00","Belgium (BE)","469.15","650.55","650.55","385.19"
"28/02/2025 05:00:00 - 28/02/2025 06:00:00","Belgium (BE)","429.50","487.15","487.15","572.20"
"28/02/2025 06:00:00 - 28/02/2025 07:00:00","Belgium (BE)","402.63","447.68","447.68","699.98"
"28/02/2025 07:00:00 - 28/02/2025 08:00:00","Belgium (BE)","372.78","386.98","386.98","679.43"
"28/02/2025 08:00:00 - 28/02/2025 09:00:00","Belgium (BE)","364.78","324.68","398.05","541.43"
"28/02/2025 09:00:00 - 28/02/2025 10:00:00","Belgium (BE)","355.30","283.85","386.23","563.29"
"28/02/2025 10:00:00 - 28/02/2025 11:00:00","Belgium (BE)","312.70","242.25","329.98","542.19"
"28/02/2025 11:00:00 - 28/02/2025 12:00:00","Belgium (BE)","262.83","212.43","307.60","383.49"
"28/02/2025 12:00:00 - 28/02/2025 13:00:00","Belgium (BE)","220.70","198.23","291.23","250.60"
"28/02/2025 13:00:00 - 28/02/2025 14:00:00","Belgium (BE)","196.45","189.80","240.70","192.88"
"28/02/2025 14:00:00 - 28/02/2025 15:00:00","Belgium (BE)","186.48","185.23","199.53","206.03"
"28/02/2025 15:00:00 - 28/02/2025 16:00:00","Belgium (BE)","176.68","178.10","188.43","171.28"
"28/02/2025 16:00:00 - 28/02/2025 17:00:00","Belgium (BE)","164.35","180.20","207.88","185.72"
"28/02/2025 17:00:00 - 28/02/2025 18:00:00","Belgium (BE)","161.45","196.83","207.70","187.73"
"28/02/2025 18:00:00 - 28/02/2025 19:00:00","Belgium (BE)","169.05","214.23","223.90","211.42"
"28/02/2025 19:00:00 - 28/02/2025 20:00:00","Belgium (BE)","179.45","221.10","235.65","231.52"
"28/02/2025 20:00:00 - 28/02/2025 21:00:00","Belgium (BE)","182.75","236.68","247.73","216.71"
"28/02/2025 21:00:00 - 28/02/2025 22:00:00","Belgium (BE)","183.35","256.45","272.68","250.36"
"28/02/2025 22:00:00 - 28/02/2025 23:00:00","Belgium (BE)","184.83","246.23","275.53","226.58"
"28/02/2025 23:00:00 - 01/03/2025 00:00:00","Belgium (BE)","187.03","224.33","253.43","200.67"
"01/03/2025 00:00:00 - 01/03/2025 01:00:00","Belgium (BE)","228.70","173.43","173.43","164.67"
"01/03/2025 01:00:00 - 01/03/2025 02:00:00","Belgium (BE)","172.65","132.45","132.45","128.91"
"01/03/2025 02:00:00 - 01/03/2025 03:00:00","Belgium (BE)","122.33","105.43","105.43","106.34"
"01/03/2025 03:00:00 - 01/03/2025 04:00:00","Belgium (BE)","89.65","92.70","92.70","102.55"
"01/03/2025 04:00:00 - 01/03/2025 05:00:00","Belgium (BE)","78.23","95.85","95.85","84.93"
"01/03/2025 05:00:00 - 01/03/2025 06:00:00","Belgium (BE)","77.25","92.53","92.53","72.61"
"01/03/2025 06:00:00 - 01/03/2025 07:00:00","Belgium (BE)","82.35","98.23","98.23","101.33"
"01/03/2025 07:00:00 - 01/03/2025 08:00:00","Belgium (BE)","96.78","104.68","104.68","110.00"
"01/03/2025 08:00:00 - 01/03/2025 09:00:00","Belgium (BE)","111.25","127.98","129.95","63.89"
"01/03/2025 09:00:00 - 01/03/2025 10:00:00","Belgium (BE)","119.08","135.73","120.80","45.65"
"01/03/2025 10:00:00 - 01/03/2025 11:00:00","Belgium (BE)","100.90","135.45","113.33","49.88"
"01/03/2025 11:00:00 - 01/03/2025 12:00:00","Belgium (BE)","65.23","147.33","120.45","36.59"
"01/03/2025 12:00:00 - 01/03/2025 13:00:00","Belgium (BE)","51.83","178.95","139.65","29.45"
"01/03/2025 13:00:00 - 01/03/2025 14:00:00","Belgium (BE)","46.55","207.93","145.03","47.87"
"01/03/2025 14:00:00 - 01/03/2025 15:00:00","Belgium (BE)","60.75","226.18","146.23","92.49"
"01/03/2025 15:00:00 - 01/03/2025 16:00:00","Belgium (BE)","80.30","216.90","134.93","91.04"
"01/03/2025 16:00:00 - 01/03/2025 17:00:00","Belgium (BE)","97.63","180.80","129.35","45.35"
"01/03/2025 17:00:00 - 01/03/2025 18:00:00","Belgium (BE)","107.95","146.75","125.05","43.59"
"01/03/2025 18:00:00 - 01/03/2025 19:00:00","Belgium (BE)","114.73","116.50","112.50","74.03"
"01/03/2025 19:00:00 - 01/03/2025 20:00:00","Belgium (BE)","126.45","99.08","111.18","82.31"
"01/03/2025 20:00:00 - 01/03/2025 21:00:00","Belgium (BE)","147.50","100.78","122.43","38.12"
"01/03/2025 21:00:00 - 01/03/2025 22:00:00","Belgium (BE)","176.35","122.60","143.38","100.01"
"01/03/2025 22:00:00 - 01/03/2025 23:00:00","Belgium (BE)","172.45","130.30","136.88","128.10"
"01/03/2025 23:00:00 - 02/03/2025 00:00:00","Belgium (BE)","149.23","108.93","100.38","97.67"
"02/03/2025 00:00:00 - 02/03/2025 01:00:00","Belgium (BE)","58.05","56.68","56.68","37.36"
"02/03/2025 01:00:00 - 02/03/2025 02:00:00","Belgium (BE)","31.58","41.00","41.00","3.80"
"02/03/2025 02:00:00 - 02/03/2025 03:00:00","Belgium (BE)","16.08","19.65","19.65"," "
"02/03/2025 03:00:00 - 02/03/2025 04:00:00","Belgium (BE)","9.75","10.43","10.43"," "
"02/03/2025 04:00:00 - 02/03/2025 05:00:00","Belgium (BE)","7.05","9.05","9.05"," "
"02/03/2025 05:00:00 - 02/03/2025 06:00:00","Belgium (BE)","5.73","12.05","12.05"," "
"02/03/2025 06:00:00 - 02/03/2025 07:00:00","Belgium (BE)","4.53","10.75","10.75"," "
"02/03/2025 07:00:00 - 02/03/2025 08:00:00","Belgium (BE)","4.33","6.70","6.70"," "
"02/03/2025 08:00:00 - 02/03/2025 09:00:00","Belgium (BE)","4.75","5.45","11.20"," "
"02/03/2025 09:00:00 - 02/03/2025 10:00:00","Belgium (BE)","3.90","4.63","9.93"," "
"02/03/2025 10:00:00 - 02/03/2025 11:00:00","Belgium (BE)","3.45","4.03","9.90"," "
"02/03/2025 11:00:00 - 02/03/2025 12:00:00","Belgium (BE)","2.23","3.45","10.05"," "
"02/03/2025 12:00:00 - 02/03/2025 13:00:00","Belgium (BE)","1.85","3.23","11.65"," "
"02/03/2025 13:00:00 - 02/03/2025 14:00:00","Belgium (BE)","1.65","3.55","11.45"," "
"02/03/2025 14:00:00 - 02/03/2025 15:00:00","Belgium (BE)","2.08","3.80","11.18"," "
"02/03/2025 15:00:00 - 02/03/2025 16:00:00","Belgium (BE)","2.83","3.75","13.60"," "
"02/03/2025 16:00:00 - 02/03/2025 17:00:00","Belgium (BE)","9.65","3.63","17.63"," "
"02/03/2025 17:00:00 - 02/03/2025 18:00:00","Belgium (BE)","19.10","8.25","27.40"," "
"02/03/2025 18:00:00 - 02/03/2025 19:00:00","Belgium (BE)","24.78","11.90","27.90","3.33"
"02/03/2025 19:00:00 - 02/03/2025 20:00:00","Belgium (BE)","31.50","15.50","20.13","0.38"
"02/03/2025 20:00:00 - 02/03/2025 21:00:00","Belgium (BE)","37.95","21.45","13.60"," "
"02/03/2025 21:00:00 - 02/03/2025 22:00:00","Belgium (BE)","42.38","28.43","15.05"," "
"02/03/2025 22:00:00 - 02/03/2025 23:00:00","Belgium (BE)","39.33","27.08","14.60","3.04"
"02/03/2025 23:00:00 - 03/03/2025 00:00:00","Belgium (BE)","29.53","19.20","9.00"," "
"03/03/2025 00:00:00 - 03/03/2025 01:00:00","Belgium (BE)","4.53","4.63","4.63"," "
"03/03/2025 01:00:00 - 03/03/2025 02:00:00","Belgium (BE)","2.00","5.55","5.55"," "
"03/03/2025 02:00:00 - 03/03/2025 03:00:00","Belgium (BE)","1.83","7.18","7.18"," "
"03/03/2025 03:00:00 - 03/03/2025 04:00:00","Belgium (BE)","2.43","4.75","4.75"," "
"03/03/2025 04:00:00 - 03/03/2025 05:00:00","Belgium (BE)","4.13","11.45","11.45"," "
"03/03/2025 05:00:00 - 03/03/2025 06:00:00","Belgium (BE)","7.33","9.13","9.13"," "
"03/03/2025 06:00:00 - 03/03/2025 07:00:00","Belgium (BE)","9.00","13.10","13.10"," "
"03/03/2025 07:00:00 - 03/03/2025 08:00:00","Belgium (BE)","8.43","11.10","11.10"," "
"03/03/2025 08:00:00 - 03/03/2025 09:00:00","Belgium (BE)","6.38","8.50","8.50"," "
"03/03/2025 09:00:00 - 03/03/2025 10:00:00","Belgium (BE)","4.98","8.60","11.03"," "
"03/03/2025 10:00:00 - 03/03/2025 11:00:00","Belgium (BE)","5.55","8.83","13.15"," "
"03/03/2025 11:00:00 - 03/03/2025 12:00:00","Belgium (BE)","6.88","7.78","11.68"," "
"03/03/2025 12:00:00 - 03/03/2025 13:00:00","Belgium (BE)","7.03","6.53","9.00"," "
"03/03/2025 13:00:00 - 03/03/2025 14:00:00","Belgium (BE)","6.28","5.18","10.73"," "
"03/03/2025 14:00:00 - 03/03/2025 15:00:00","Belgium (BE)","5.58","4.73","10.78"," "
"03/03/2025 15:00:00 - 03/03/2025 16:00:00","Belgium (BE)","4.53","4.15","11.85"," "
"03/03/2025 16:00:00 - 03/03/2025 17:00:00","Belgium (BE)","4.10","3.95","12.70"," "
"03/03/2025 17:00:00 - 03/03/2025 18:00:00","Belgium (BE)","5.03","3.98","13.38"," "
"03/03/2025 18:00:00 - 03/03/2025 19:00:00","Belgium (BE)","5.80","4.48","12.28"," "
"03/03/2025 19:00:00 - 03/03/2025 20:00:00","Belgium (BE)","6.33","5.18","12.03"," "
"03/03/2025 20:00:00 - 03/03/2025 21:00:00","Belgium (BE)","6.40","5.30","11.55"," "
"03/03/2025 21:00:00 - 03/03/2025 22:00:00","Belgium (BE)","6.20","5.03","9.98"," "
"03/03/2025 22:00:00 - 03/03/2025 23:00:00","Belgium (BE)","6.15","4.65","6.98"," "
"03/03/2025 23:00:00 - 04/03/2025 00:00:00","Belgium (BE)","7.60","4.80","7.08"," "
"04/03/2025 00:00:00 - 04/03/2025 01:00:00","Belgium (BE)","8.40","10.55","10.55"," "
"04/03/2025 01:00:00 - 04/03/2025 02:00:00","Belgium (BE)","8.83","12.55","12.55"," "
"04/03/2025 02:00:00 - 04/03/2025 03:00:00","Belgium (BE)","8.25","13.55","13.55"," "
"04/03/2025 03:00:00 - 04/03/2025 04:00:00","Belgium (BE)","6.75","10.30","10.30"," "
"04/03/2025 04:00:00 - 04/03/2025 05:00:00","Belgium (BE)","5.05","9.08","9.08"," "
"04/03/2025 05:00:00 - 04/03/2025 06:00:00","Belgium (BE)","4.68","12.25","12.25"," "
"04/03/2025 06:00:00 - 04/03/2025 07:00:00","Belgium (BE)","5.60","13.70","13.70"," "
"04/03/2025 07:00:00 - 04/03/2025 08:00:00","Belgium (BE)","7.15","13.58","13.58"," "
"04/03/2025 08:00:00 - 04/03/2025 09:00:00","Belgium (BE)","9.58","10.95","13.05"," "
"04/03/2025 09:00:00 - 04/03/2025 10:00:00","Belgium (BE)","11.40","11.10","12.35"," "
"04/03/2025 10:00:00 - 04/03/2025 11:00:00","Belgium (BE)","10.40","10.60","11.25"," "
"04/03/2025 11:00:00 - 04/03/2025 12:00:00","Belgium (BE)","6.60","8.90","9.03"," "
"04/03/2025 12:00:00 - 04/03/2025 13:00:00","Belgium (BE)","4.38","7.68","10.90"," "
"04/03/2025 13:00:00 - 04/03/2025 14:00:00","Belgium (BE)","3.45","7.63","11.65"," "
"04/03/2025 14:00:00 - 04/03/2025 15:00:00","Belgium (BE)","3.40","9.08","12.53"," "
"04/03/2025 15:00:00 - 04/03/2025 16:00:00","Belgium (BE)","4.63","12.40","12.00"," "
"04/03/2025 16:00:00 - 04/03/2025 17:00:00","Belgium (BE)","11.00","36.98","20.35"," "
"04/03/2025 17:00:00 - 04/03/2025 18:00:00","Belgium (BE)","22.20","39.45","29.03"," "
"04/03/2025 18:00:00 - 04/03/2025 19:00:00","Belgium (BE)","20.13","29.73","31.38","5.16"
"04/03/2025 19:00:00 - 04/03/2025 20:00:00","Belgium (BE)","13.70","24.60","32.98","33.92"
"04/03/2025 20:00:00 - 04/03/2025 21:00:00","Belgium (BE)","14.48","21.45","75.90","6.17"
"04/03/2025 21:00:00 - 04/03/2025 22:00:00","Belgium (BE)","19.23","25.70","43.93","5.61"
"04/03/2025 22:00:00 - 04/03/2025 23:00:00","Belgium (BE)","29.35","24.13","33.15","34.81"
"04/03/2025 23:00:00 - 05/03/2025 00:00:00","Belgium (BE)","33.55","17.90","26.75","30.42"
"05/03/2025 00:00:00 - 05/03/2025 01:00:00","Belgium (BE)","14.40","16.05","16.05","0.33"
"05/03/2025 01:00:00 - 05/03/2025 02:00:00","Belgium (BE)","16.93","14.28","14.28"," "
"05/03/2025 02:00:00 - 05/03/2025 03:00:00","Belgium (BE)","33.15","22.70","22.70","12.87"
"05/03/2025 03:00:00 - 05/03/2025 04:00:00","Belgium (BE)","67.50","44.43","44.43","47.21"
"05/03/2025 04:00:00 - 05/03/2025 05:00:00","Belgium (BE)","134.15","80.50","80.50","162.03"
"05/03/2025 05:00:00 - 05/03/2025 06:00:00","Belgium (BE)","222.88","167.20","167.20","316.14"
"05/03/2025 06:00:00 - 05/03/2025 07:00:00","Belgium (BE)","288.15","284.85","284.85","456.31"
"05/03/2025 07:00:00 - 05/03/2025 08:00:00","Belgium (BE)","290.80","387.10","387.10","339.96"
"05/03/2025 08:00:00 - 05/03/2025 09:00:00","Belgium (BE)","251.33","381.10","430.48","405.09"
"05/03/2025 09:00:00 - 05/03/2025 10:00:00","Belgium (BE)","240.20","318.55","365.23","520.23"
"05/03/2025 10:00:00 - 05/03/2025 11:00:00","Belgium (BE)","233.70","247.48","320.08","429.61"
"05/03/2025 11:00:00 - 05/03/2025 12:00:00","Belgium (BE)","224.28","186.75","258.45","321.90"
"05/03/2025 12:00:00 - 05/03/2025 13:00:00","Belgium (BE)","217.40","130.98","232.58","203.82"
"05/03/2025 13:00:00 - 05/03/2025 14:00:00","Belgium (BE)","177.98","88.33","155.30","137.05"
"05/03/2025 14:00:00 - 05/03/2025 15:00:00","Belgium (BE)","124.40","59.10","79.28","112.68"
"05/03/2025 15:00:00 - 05/03/2025 16:00:00","Belgium (BE)","79.68","38.43","49.90","78.38"
"05/03/2025 16:00:00 - 05/03/2025 17:00:00","Belgium (BE)","51.68","27.60","43.75","31.30"
"05/03/2025 17:00:00 - 05/03/2025 18:00:00","Belgium (BE)","36.00","31.15","43.75","38.88"
"05/03/2025 18:00:00 - 05/03/2025 19:00:00","Belgium (BE)","32.50","31.65","43.18","35.69"
"05/03/2025 19:00:00 - 05/03/2025 20:00:00","Belgium (BE)","24.33","29.75","40.78","33.90"
"05/03/2025 20:00:00 - 05/03/2025 21:00:00","Belgium (BE)","20.78","29.65","39.48","73.08"
"05/03/2025 21:00:00 - 05/03/2025 22:00:00","Belgium (BE)","27.75","33.65","52.93","59.08"
"05/03/2025 22:00:00 - 05/03/2025 23:00:00","Belgium (BE)","58.60","56.30","72.73","24.29"
"05/03/2025 23:00:00 - 06/03/2025 00:00:00","Belgium (BE)","111.80","115.88","111.90","34.66"
"06/03/2025 00:00:00 - 06/03/2025 01:00:00","Belgium (BE)","189.90","153.75","153.75","82.07"
"06/03/2025 01:00:00 - 06/03/2025 02:00:00","Belgium (BE)","299.15","226.50","226.50","136.41"
"06/03/2025 02:00:00 - 06/03/2025 03:00:00","Belgium (BE)","348.38","263.33","263.33","238.03"
"06/03/2025 03:00:00 - 06/03/2025 04:00:00","Belgium (BE)","336.05","238.05","238.05","291.17"
"06/03/2025 04:00:00 - 06/03/2025 05:00:00","Belgium (BE)","315.05","293.30","293.30","254.10"
"06/03/2025 05:00:00 - 06/03/2025 06:00:00","Belgium (BE)","284.75","347.85","347.85","224.19"
"06/03/2025 06:00:00 - 06/03/2025 07:00:00","Belgium (BE)","262.78","367.70","367.70","315.31"
"06/03/2025 07:00:00 - 06/03/2025 08:00:00","Belgium (BE)","304.68","343.58","343.58","334.55"
"06/03/2025 08:00:00 - 06/03/2025 09:00:00","Belgium (BE)","430.93","432.38","432.38","374.17"
"06/03/2025 09:00:00 - 06/03/2025 10:00:00","Belgium (BE)","588.45","549.03","527.53","432.88"
"06/03/2025 10:00:00 - 06/03/2025 11:00:00","Belgium (BE)","782.68","649.98","623.33","442.30"
"06/03/2025 11:00:00 - 06/03/2025 12:00:00","Belgium (BE)","656.95","654.78","660.73","476.42"
"06/03/2025 12:00:00 - 06/03/2025 13:00:00","Belgium (BE)","651.53","609.75","649.40","475.93"
"06/03/2025 13:00:00 - 06/03/2025 14:00:00","Belgium (BE)","658.63","586.38","797.78","486.51"
"06/03/2025 14:00:00 - 06/03/2025 15:00:00","Belgium (BE)","609.45","578.35","688.08","487.41"
"06/03/2025 15:00:00 - 06/03/2025 16:00:00","Belgium (BE)","563.83","533.90","689.40","598.70"
"06/03/2025 16:00:00 - 06/03/2025 17:00:00","Belgium (BE)","609.70","553.63","700.50","639.75"
"06/03/2025 17:00:00 - 06/03/2025 18:00:00","Belgium (BE)","786.18","799.90","972.10","704.96"
"06/03/2025 18:00:00 - 06/03/2025 19:00:00","Belgium (BE)","1143.40","1054.23","1079.75","563.72"
"06/03/2025 19:00:00 - 06/03/2025 20:00:00","Belgium (BE)","1282.88","1201.10","1213.83","478.90"
"06/03/2025 20:00:00 - 06/03/2025 21:00:00","Belgium (BE)","1431.33","1334.33","1331.58","1007.39"
"06/03/2025 21:00:00 - 06/03/2025 22:00:00","Belgium (BE)","1559.58","1463.20","1331.58","1422.43"
"06/03/2025 22:00:00 - 06/03/2025 23:00:00","Belgium (BE)","1567.28","1503.60","1424.88","1280.76"
"06/03/2025 23:00:00 - 07/03/2025 00:00:00","Belgium (BE)","1538.78","1473.33","1422.20","1244.56"
"07/03/2025 00:00:00 - 07/03/2025 01:00:00","Belgium (BE)","1466.48","1307.58","1307.58","1426.86"
"07/03/2025 01:00:00 - 07/03/2025 02:00:00","Belgium (BE)","1386.80","1231.53","1231.53","1359.75"
"07/03/2025 02:00:00 - 07/03/2025 03:00:00","Belgium (BE)","1314.93","1100.30","1100.30","1102.94"
"07/03/2025 03:00:00 - 07/03/2025 04:00:00","Belgium (BE)","1242.45","1066.90","1066.90","1001.52"
"07/03/2025 04:00:00 - 07/03/2025 05:00:00","Belgium (BE)","1203.48","1219.95","1219.95","967.66"
"07/03/2025 05:00:00 - 07/03/2025 06:00:00","Belgium (BE)","1053.23","1081.68","1081.68","905.82"
"07/03/2025 06:00:00 - 07/03/2025 07:00:00","Belgium (BE)","916.78","919.48","919.48","692.02"
"07/03/2025 07:00:00 - 07/03/2025 08:00:00","Belgium (BE)","1147.58","841.53","841.53","601.48"
"07/03/2025 08:00:00 - 07/03/2025 09:00:00","Belgium (BE)","1164.45","799.38","799.38","545.66"
"07/03/2025 09:00:00 - 07/03/2025 10:00:00","Belgium (BE)","1166.43","757.58","710.80","584.26"
"07/03/2025 10:00:00 - 07/03/2025 11:00:00","Belgium (BE)","1160.10","743.65","639.68","568.51"
"07/03/2025 11:00:00 - 07/03/2025 12:00:00","Belgium (BE)","1142.60","711.28","607.40","532.23"
"07/03/2025 12:00:00 - 07/03/2025 13:00:00","Belgium (BE)","862.93","600.93","525.18","571.94"
"07/03/2025 13:00:00 - 07/03/2025 14:00:00","Belgium (BE)","597.93","467.70","462.63","485.71"
"07/03/2025 14:00:00 - 07/03/2025 15:00:00","Belgium (BE)","438.58","380.38","391.00","360.10"
"07/03/2025 15:00:00 - 07/03/2025 16:00:00","Belgium (BE)","362.30","337.58","311.08","240.77"
"07/03/2025 16:00:00 - 07/03/2025 17:00:00","Belgium (BE)","343.50","334.15","257.05","145.31"
"07/03/2025 17:00:00 - 07/03/2025 18:00:00","Belgium (BE)","354.08","354.90","266.58","135.27"
"07/03/2025 18:00:00 - 07/03/2025 19:00:00","Belgium (BE)","373.18","379.03","272.23","109.79"
"07/03/2025 19:00:00 - 07/03/2025 20:00:00","Belgium (BE)","433.40","443.68","316.45","228.91"
"07/03/2025 20:00:00 - 07/03/2025 21:00:00","Belgium (BE)","500.63","516.98","358.23","250.73"
"07/03/2025 21:00:00 - 07/03/2025 22:00:00","Belgium (BE)","525.65","536.18","426.00","230.30"
"07/03/2025 22:00:00 - 07/03/2025 23:00:00","Belgium (BE)","514.58","491.70","493.68","232.88"
"07/03/2025 23:00:00 - 08/03/2025 00:00:00","Belgium (BE)","517.53","441.25","551.65","319.45"
"08/03/2025 00:00:00 - 08/03/2025 01:00:00","Belgium (BE)","550.45","907.40","907.40","356.53"
"08/03/2025 01:00:00 - 08/03/2025 02:00:00","Belgium (BE)","590.73","941.50","941.50","511.14"
"08/03/2025 02:00:00 - 08/03/2025 03:00:00","Belgium (BE)","623.90","761.75","761.75","745.11"
"08/03/2025 03:00:00 - 08/03/2025 04:00:00","Belgium (BE)","642.45","679.58","679.58","836.63"
"08/03/2025 04:00:00 - 08/03/2025 05:00:00","Belgium (BE)","618.30","636.00","636.00","580.93"
"08/03/2025 05:00:00 - 08/03/2025 06:00:00","Belgium (BE)","556.08","641.30","641.30","434.31"
"08/03/2025 06:00:00 - 08/03/2025 07:00:00","Belgium (BE)","545.08","639.40","639.40","430.26"
"08/03/2025 07:00:00 - 08/03/2025 08:00:00","Belgium (BE)","594.63","615.28","615.28","412.95"
"08/03/2025 08:00:00 - 08/03/2025 09:00:00","Belgium (BE)","608.18","637.15","591.63","389.66"
"08/03/2025 09:00:00 - 08/03/2025 10:00:00","Belgium (BE)","560.60","582.03","592.48","328.00"
"08/03/2025 10:00:00 - 08/03/2025 11:00:00","Belgium (BE)","498.90","510.30","510.95","242.29"
"08/03/2025 11:00:00 - 08/03/2025 12:00:00","Belgium (BE)","427.75","396.58","405.15","207.31"
"08/03/2025 12:00:00 - 08/03/2025 13:00:00","Belgium (BE)","394.65","305.20","341.85","252.11"
"08/03/2025 13:00:00 - 08/03/2025 14:00:00","Belgium (BE)","400.18","306.00","353.15","213.86"
"08/03/2025 14:00:00 - 08/03/2025 15:00:00","Belgium (BE)","421.33","367.00","404.80","321.04"
"08/03/2025 15:00:00 - 08/03/2025 16:00:00","Belgium (BE)","440.43","423.68","417.20","415.93"
"08/03/2025 16:00:00 - 08/03/2025 17:00:00","Belgium (BE)","478.68","477.25","488.20","474.57"
"08/03/2025 17:00:00 - 08/03/2025 18:00:00","Belgium (BE)","533.85","558.43","579.08","528.37"
"08/03/2025 18:00:00 - 08/03/2025 19:00:00","Belgium (BE)","718.85","856.93","931.80","592.14"
"08/03/2025 19:00:00 - 08/03/2025 20:00:00","Belgium (BE)","1002.25","1060.98","1092.70","650.16"
"08/03/2025 20:00:00 - 08/03/2025 21:00:00","Belgium (BE)","1194.55","1164.35","1223.35","720.97"
"08/03/2025 21:00:00 - 08/03/2025 22:00:00","Belgium (BE)","1257.48","1232.28","1219.40","891.84"
"08/03/2025 22:00:00 - 08/03/2025 23:00:00","Belgium (BE)","1209.80","1206.63","1149.48","855.49"
"08/03/2025 23:00:00 - 09/03/2025 00:00:00","Belgium (BE)","1009.85","1049.65","758.50","469.36"
"09/03/2025 00:00:00 - 09/03/2025 01:00:00","Belgium (BE)","658.73","639.43","639.43","291.04"
"09/03/2025 01:00:00 - 09/03/2025 02:00:00","Belgium (BE)","614.53","554.48","554.48","271.18"
"09/03/2025 02:00:00 - 09/03/2025 03:00:00","Belgium (BE)","576.48","465.13","465.13","303.71"
"09/03/2025 03:00:00 - 09/03/2025 04:00:00","Belgium (BE)","513.93","416.30","416.30","249.04"
"09/03/2025 04:00:00 - 09/03/2025 05:00:00","Belgium (BE)","453.65","370.68","370.68","189.00"
"09/03/2025 05:00:00 - 09/03/2025 06:00:00","Belgium (BE)","428.28","325.13","325.13","175.78"
"09/03/2025 06:00:00 - 09/03/2025 07:00:00","Belgium (BE)","439.33","312.20","312.20","240.30"
"09/03/2025 07:00:00 - 09/03/2025 08:00:00","Belgium (BE)","427.70","369.73","324.93","289.81"
"09/03/2025 08:00:00 - 09/03/2025 09:00:00","Belgium (BE)","397.20","372.03","362.78","311.51"
"09/03/2025 09:00:00 - 09/03/2025 10:00:00","Belgium (BE)","363.60","339.83","345.00","311.01"
"09/03/2025 10:00:00 - 09/03/2025 11:00:00","Belgium (BE)","326.63","279.60","263.25","276.63"
"09/03/2025 11:00:00 - 09/03/2025 12:00:00","Belgium (BE)","267.65","212.10","163.08","193.82"
"09/03/2025 12:00:00 - 09/03/2025 13:00:00","Belgium (BE)","191.80","158.95","125.55","138.06"
"09/03/2025 13:00:00 - 09/03/2025 14:00:00","Belgium (BE)","137.63","141.58","116.15","126.64"
"09/03/2025 14:00:00 - 09/03/2025 15:00:00","Belgium (BE)","130.48","150.55","111.60","120.79"
"09/03/2025 15:00:00 - 09/03/2025 16:00:00","Belgium (BE)","171.80","178.63","110.33","144.83"
"09/03/2025 16:00:00 - 09/03/2025 17:00:00","Belgium (BE)","289.10","220.75","130.80","139.83"
"09/03/2025 17:00:00 - 09/03/2025 18:00:00","Belgium (BE)","445.28","302.50","169.25","144.55"
"09/03/2025 18:00:00 - 09/03/2025 19:00:00","Belgium (BE)","503.93","390.08","201.13","176.61"
"09/03/2025 19:00:00 - 09/03/2025 20:00:00","Belgium (BE)","523.10","474.88","272.45","232.19"
"09/03/2025 20:00:00 - 09/03/2025 21:00:00","Belgium (BE)","537.18","510.73","406.00","272.63"
"09/03/2025 21:00:00 - 09/03/2025 22:00:00","Belgium (BE)","506.68","474.13","379.33","303.05"
"09/03/2025 22:00:00 - 09/03/2025 23:00:00","Belgium (BE)","451.73","413.33","381.80","295.32"
"09/03/2025 23:00:00 - 10/03/2025 00:00:00","Belgium (BE)","376.58","357.95","341.88","276.22"
"10/03/2025 00:00:00 - 10/03/2025 01:00:00","Belgium (BE)","262.80","235.38","235.38","189.66"
"10/03/2025 01:00:00 - 10/03/2025 02:00:00","Belgium (BE)","246.98","185.53","185.53","152.41"
"10/03/2025 02:00:00 - 10/03/2025 03:00:00","Belgium (BE)","222.48","92.10","92.10","101.76"
"10/03/2025 03:00:00 - 10/03/2025 04:00:00","Belgium (BE)","184.75","89.13","89.13","69.88"
"10/03/2025 04:00:00 - 10/03/2025 05:00:00","Belgium (BE)","153.90","111.60","111.60","65.74"
"10/03/2025 05:00:00 - 10/03/2025 06:00:00","Belgium (BE)","137.25","117.18","117.18","106.01"
"10/03/2025 06:00:00 - 10/03/2025 07:00:00","Belgium (BE)","130.43","105.90","105.90","144.94"
"10/03/2025 07:00:00 - 10/03/2025 08:00:00","Belgium (BE)","129.88","120.30","120.30","198.49"
"10/03/2025 08:00:00 - 10/03/2025 09:00:00","Belgium (BE)","144.28","135.25","133.53","276.48"
"10/03/2025 09:00:00 - 10/03/2025 10:00:00","Belgium (BE)","175.23","126.00","169.78","171.11"
"10/03/2025 10:00:00 - 10/03/2025 11:00:00","Belgium (BE)","183.48","103.28","193.43","139.75"
"10/03/2025 11:00:00 - 10/03/2025 12:00:00","Belgium (BE)","137.23","87.43","152.95","193.45"
"10/03/2025 12:00:00 - 10/03/2025 13:00:00","Belgium (BE)","79.33","84.53","143.73","116.32"
"10/03/2025 13:00:00 - 10/03/2025 14:00:00","Belgium (BE)","72.15","89.90","137.98","78.28"
"10/03/2025 14:00:00 - 10/03/2025 15:00:00","Belgium (BE)","108.00","114.40","135.18","85.96"
"10/03/2025 15:00:00 - 10/03/2025 16:00:00","Belgium (BE)","152.53","159.93","183.95","160.68"
"10/03/2025 16:00:00 - 10/03/2025 17:00:00","Belgium (BE)","193.40","207.98","255.25","290.56"
"10/03/2025 17:00:00 - 10/03/2025 18:00:00","Belgium (BE)","258.58","258.23","321.80","331.49"
"10/03/2025 18:00:00 - 10/03/2025 19:00:00","Belgium (BE)","341.03","318.80","353.38","411.14"
"10/03/2025 19:00:00 - 10/03/2025 20:00:00","Belgium (BE)","390.33","397.35","354.50","393.28"
"10/03/2025 20:00:00 - 10/03/2025 21:00:00","Belgium (BE)","431.20","476.38","414.55","339.98"
"10/03/2025 21:00:00 - 10/03/2025 22:00:00","Belgium (BE)","485.80","533.85","753.45","570.88"
"10/03/2025 22:00:00 - 10/03/2025 23:00:00","Belgium (BE)","495.18","709.05","711.63","505.86"
"10/03/2025 23:00:00 - 11/03/2025 00:00:00","Belgium (BE)","480.48","593.25","559.15","385.21"
"11/03/2025 00:00:00 - 11/03/2025 01:00:00","Belgium (BE)","485.38","529.08","529.08","492.35"
"11/03/2025 01:00:00 - 11/03/2025 02:00:00","Belgium (BE)","558.38","824.45","824.45","528.09"
"11/03/2025 02:00:00 - 11/03/2025 03:00:00","Belgium (BE)","629.03","887.33","887.33","613.88"
"11/03/2025 03:00:00 - 11/03/2025 04:00:00","Belgium (BE)","671.70","763.73","763.73","830.05"
"11/03/2025 04:00:00 - 11/03/2025 05:00:00","Belgium (BE)","751.68","1155.55","1155.55","1087.90"
"11/03/2025 05:00:00 - 11/03/2025 06:00:00","Belgium (BE)","1014.38","1317.85","1317.85","1301.33"
"11/03/2025 06:00:00 - 11/03/2025 07:00:00","Belgium (BE)","1224.78","1375.10","1375.10","1187.17"
"11/03/2025 07:00:00 - 11/03/2025 08:00:00","Belgium (BE)","1233.70","1377.10","1377.10","1037.06"
"11/03/2025 08:00:00 - 11/03/2025 09:00:00","Belgium (BE)","1075.70","1128.00","1097.53","919.37"
"11/03/2025 09:00:00 - 11/03/2025 10:00:00","Belgium (BE)","862.68","881.08","776.98","677.14"
"11/03/2025 10:00:00 - 11/03/2025 11:00:00","Belgium (BE)","749.55","762.50","634.88","725.78"
"11/03/2025 11:00:00 - 11/03/2025 12:00:00","Belgium (BE)","696.48","666.50","549.93","623.08"
"11/03/2025 12:00:00 - 11/03/2025 13:00:00","Belgium (BE)","661.48","611.23","542.58","638.11"
"11/03/2025 13:00:00 - 11/03/2025 14:00:00","Belgium (BE)","648.03","607.73","530.63","634.42"
"11/03/2025 14:00:00 - 11/03/2025 15:00:00","Belgium (BE)","654.38","605.95","523.08","609.80"
"11/03/2025 15:00:00 - 11/03/2025 16:00:00","Belgium (BE)","668.28","610.73","512.88","546.87"
"11/03/2025 16:00:00 - 11/03/2025 17:00:00","Belgium (BE)","663.80","640.23","492.58","524.27"
"11/03/2025 17:00:00 - 11/03/2025 18:00:00","Belgium (BE)","645.55","645.25","497.03","627.24"
"11/03/2025 18:00:00 - 11/03/2025 19:00:00","Belgium (BE)","651.75","650.75","486.93","562.94"
"11/03/2025 19:00:00 - 11/03/2025 20:00:00","Belgium (BE)","594.63","574.88","505.20","596.30"
"11/03/2025 20:00:00 - 11/03/2025 21:00:00","Belgium (BE)","498.63","512.23","443.40","461.41"
"11/03/2025 21:00:00 - 11/03/2025 22:00:00","Belgium (BE)","419.98","471.28","455.43","464.35"
"11/03/2025 22:00:00 - 11/03/2025 23:00:00","Belgium (BE)","366.60","459.10","457.75","465.65"
"11/03/2025 23:00:00 - 12/03/2025 00:00:00","Belgium (BE)","311.90","439.45","449.28","489.56"
"12/03/2025 00:00:00 - 12/03/2025 01:00:00","Belgium (BE)","391.28","432.25","432.25","601.96"
"12/03/2025 01:00:00 - 12/03/2025 02:00:00","Belgium (BE)","409.75","428.00","428.00","428.15"
"12/03/2025 02:00:00 - 12/03/2025 03:00:00","Belgium (BE)","438.83","466.45","466.45","427.53"
"12/03/2025 03:00:00 - 12/03/2025 04:00:00","Belgium (BE)","491.00","437.98","437.98","403.47"
"12/03/2025 04:00:00 - 12/03/2025 05:00:00","Belgium (BE)","520.50","451.63","451.63","354.65"
"12/03/2025 05:00:00 - 12/03/2025 06:00:00","Belgium (BE)","478.53","385.28","385.28","225.21"
"12/03/2025 06:00:00 - 12/03/2025 07:00:00","Belgium (BE)","381.85","293.50","293.50","142.06"
"12/03/2025 07:00:00 - 12/03/2025 08:00:00","Belgium (BE)","270.85","197.35","197.35","185.22"
"12/03/2025 08:00:00 - 12/03/2025 09:00:00","Belgium (BE)","217.55","170.70","145.03","168.20"
"12/03/2025 09:00:00 - 12/03/2025 10:00:00","Belgium (BE)","192.70","140.65","152.13","118.66"
"12/03/2025 10:00:00 - 12/03/2025 11:00:00","Belgium (BE)","175.88","137.75","147.35","81.44"
"12/03/2025 11:00:00 - 12/03/2025 12:00:00","Belgium (BE)","153.60","136.38","120.93","96.13"
"12/03/2025 12:00:00 - 12/03/2025 13:00:00","Belgium (BE)","133.08","120.45","100.63","80.89"
"12/03/2025 13:00:00 - 12/03/2025 14:00:00","Belgium (BE)","120.48","100.98","91.38","115.43"
"12/03/2025 14:00:00 - 12/03/2025 15:00:00","Belgium (BE)","103.08","86.75","73.23","127.27"
"12/03/2025 15:00:00 - 12/03/2025 16:00:00","Belgium (BE)","80.73","69.08","73.25","100.92"
"12/03/2025 16:00:00 - 12/03/2025 17:00:00","Belgium (BE)","66.75","48.80","62.05","48.25"
"12/03/2025 17:00:00 - 12/03/2025 18:00:00","Belgium (BE)","66.38","32.95","49.58","19.92"
"12/03/2025 18:00:00 - 12/03/2025 19:00:00","Belgium (BE)","73.28","22.35","18.93","3.57"
"12/03/2025 19:00:00 - 12/03/2025 20:00:00","Belgium (BE)","88.35","16.88","8.58","0.55"
"12/03/2025 20:00:00 - 12/03/2025 21:00:00","Belgium (BE)","130.05","15.73","8.60"," "
"12/03/2025 21:00:00 - 12/03/2025 22:00:00","Belgium (BE)","161.68","17.83","19.28","12.88"
"12/03/2025 22:00:00 - 12/03/2025 23:00:00","Belgium (BE)","166.00","23.13","24.78","79.85"
"12/03/2025 23:00:00 - 13/03/2025 00:00:00","Belgium (BE)","191.83","41.78","37.95","75.79"
"13/03/2025 00:00:00 - 13/03/2025 01:00:00","Belgium (BE)","58.85","99.08","99.08","138.49"
"13/03/2025 01:00:00 - 13/03/2025 02:00:00","Belgium (BE)","112.38","153.60","153.60","287.14"
"13/03/2025 02:00:00 - 13/03/2025 03:00:00","Belgium (BE)","198.83","220.75","220.75","431.31"
"13/03/2025 03:00:00 - 13/03/2025 04:00:00","Belgium (BE)","257.18","234.53","234.53","339.92"
"13/03/2025 04:00:00 - 13/03/2025 05:00:00","Belgium (BE)","266.20","241.65","241.65","257.65"
"13/03/2025 05:00:00 - 13/03/2025 06:00:00","Belgium (BE)","269.43","253.23","253.23","303.25"
"13/03/2025 06:00:00 - 13/03/2025 07:00:00","Belgium (BE)","286.75","235.73","235.73","389.11"
"13/03/2025 07:00:00 - 13/03/2025 08:00:00","Belgium (BE)","301.78","228.85","228.85","382.19"
"13/03/2025 08:00:00 - 13/03/2025 09:00:00","Belgium (BE)","301.85","209.33","262.08","434.74"
"13/03/2025 09:00:00 - 13/03/2025 10:00:00","Belgium (BE)","297.18","187.55","243.98","356.94"
"13/03/2025 10:00:00 - 13/03/2025 11:00:00","Belgium (BE)","287.98","178.83","272.85","309.19"
"13/03/2025 11:00:00 - 13/03/2025 12:00:00","Belgium (BE)","278.93","182.50","259.73","399.69"
"13/03/2025 12:00:00 - 13/03/2025 13:00:00","Belgium (BE)","306.68","214.03","284.55","377.97"
"13/03/2025 13:00:00 - 13/03/2025 14:00:00","Belgium (BE)","347.95","272.50","369.80","451.58"
"13/03/2025 14:00:00 - 13/03/2025 15:00:00","Belgium (BE)","396.60","340.15","418.90","414.14"
"13/03/2025 15:00:00 - 13/03/2025 16:00:00","Belgium (BE)","449.15","426.05","503.03","329.70"
"13/03/2025 16:00:00 - 13/03/2025 17:00:00","Belgium (BE)","490.90","491.43","534.15","354.91"
"13/03/2025 17:00:00 - 13/03/2025 18:00:00","Belgium (BE)","527.68","550.38","496.13","477.24"
"13/03/2025 18:00:00 - 13/03/2025 19:00:00","Belgium (BE)","540.35","580.05","481.58","465.06"
"13/03/2025 19:00:00 - 13/03/2025 20:00:00","Belgium (BE)","549.88","588.78","502.50","589.07"
"13/03/2025 20:00:00 - 13/03/2025 21:00:00","Belgium (BE)","521.48","582.73","472.45","429.26"
"13/03/2025 21:00:00 - 13/03/2025 22:00:00","Belgium (BE)","467.90","557.00","477.25","560.10"
"13/03/2025 22:00:00 - 13/03/2025 23:00:00","Belgium (BE)","389.53","484.53","398.35","393.31"
"13/03/2025 23:00:00 - 14/03/2025 00:00:00","Belgium (BE)","335.23","418.73","322.10","181.66"
"14/03/2025 00:00:00 - 14/03/2025 01:00:00","Belgium (BE)","299.43","234.88","234.88","285.59"
"14/03/2025 01:00:00 - 14/03/2025 02:00:00","Belgium (BE)","250.60","159.68","159.68","292.19"
"14/03/2025 02:00:00 - 14/03/2025 03:00:00","Belgium (BE)","223.23","185.10","185.10","148.07"
"14/03/2025 03:00:00 - 14/03/2025 04:00:00","Belgium (BE)","208.40","187.95","187.95","114.54"
"14/03/2025 04:00:00 - 14/03/2025 05:00:00","Belgium (BE)","198.25","157.10","157.10","232.21"
"14/03/2025 05:00:00 - 14/03/2025 06:00:00","Belgium (BE)","187.93","141.40","141.40","1.54"
"14/03/2025 06:00:00 - 14/03/2025 07:00:00","Belgium (BE)","174.58","159.78","159.78","25.73"
"14/03/2025 07:00:00 - 14/03/2025 08:00:00","Belgium (BE)","163.90","135.03","135.03","30.58"
"14/03/2025 08:00:00 - 14/03/2025 09:00:00","Belgium (BE)","165.33","151.90","138.58","9.21"
"14/03/2025 09:00:00 - 14/03/2025 10:00:00","Belgium (BE)","155.78","158.83","81.13","6.65"
"14/03/2025 10:00:00 - 14/03/2025 11:00:00","Belgium (BE)","151.45","194.63","104.58","102.81"
"14/03/2025 11:00:00 - 14/03/2025 12:00:00","Belgium (BE)","152.35","213.68","141.23","20.60"
"14/03/2025 12:00:00 - 14/03/2025 13:00:00","Belgium (BE)","179.25","255.18","236.30","32.34"
"14/03/2025 13:00:00 - 14/03/2025 14:00:00","Belgium (BE)","236.03","309.35","279.23","94.78"
"14/03/2025 14:00:00 - 14/03/2025 15:00:00","Belgium (BE)","312.85","376.10","349.40","213.03"
"14/03/2025 15:00:00 - 14/03/2025 16:00:00","Belgium (BE)","408.25","479.88","479.05","283.55"
"14/03/2025 16:00:00 - 14/03/2025 17:00:00","Belgium (BE)","525.78","589.70","652.10","465.32"
"14/03/2025 17:00:00 - 14/03/2025 18:00:00","Belgium (BE)","680.83","702.10","837.38","642.25"
"14/03/2025 18:00:00 - 14/03/2025 19:00:00","Belgium (BE)","828.35","817.65","1085.08","822.01"
"14/03/2025 19:00:00 - 14/03/2025 20:00:00","Belgium (BE)","1002.18","918.30","1190.55","959.74"
"14/03/2025 20:00:00 - 14/03/2025 21:00:00","Belgium (BE)","1125.75","1005.90","1247.78","1066.82"
"14/03/2025 21:00:00 - 14/03/2025 22:00:00","Belgium (BE)","1176.58","1110.93","1145.78","1058.02"
"14/03/2025 22:00:00 - 14/03/2025 23:00:00","Belgium (BE)","1164.33","1225.73","1178.85","1259.79"
"14/03/2025 23:00:00 - 15/03/2025 00:00:00","Belgium (BE)","1094.90","1347.43","1158.30","1335.57"
"15/03/2025 00:00:00 - 15/03/2025 01:00:00","Belgium (BE)","1150.65","1083.55","1083.55","1368.44"
"15/03/2025 01:00:00 - 15/03/2025 02:00:00","Belgium (BE)","1050.30","1115.15","1115.15","1159.28"
"15/03/2025 02:00:00 - 15/03/2025 03:00:00","Belgium (BE)","1069.13","1178.18","1178.18","1009.33"
"15/03/2025 03:00:00 - 15/03/2025 04:00:00","Belgium (BE)","1185.53","1188.43","1188.43","1145.25"
"15/03/2025 04:00:00 - 15/03/2025 05:00:00","Belgium (BE)","1329.83","1239.53","1239.53","1321.96"
"15/03/2025 05:00:00 - 15/03/2025 06:00:00","Belgium (BE)","1403.53","1314.05","1314.05","957.56"
"15/03/2025 06:00:00 - 15/03/2025 07:00:00","Belgium (BE)","1433.93","1316.55","1316.55","1238.51"
"15/03/2025 07:00:00 - 15/03/2025 08:00:00","Belgium (BE)","1398.15","1124.98","1124.98","1690.78"
"15/03/2025 08:00:00 - 15/03/2025 09:00:00","Belgium (BE)","1346.28","1097.03","1182.18","1768.59"
"15/03/2025 09:00:00 - 15/03/2025 10:00:00","Belgium (BE)","1311.48","1101.98","1438.15","1728.65"
"15/03/2025 10:00:00 - 15/03/2025 11:00:00","Belgium (BE)","1275.50","1084.75","1359.63","1560.17"
"15/03/2025 11:00:00 - 15/03/2025 12:00:00","Belgium (BE)","1243.35","1037.33","1208.65","1248.40"
"15/03/2025 12:00:00 - 15/03/2025 13:00:00","Belgium (BE)","1214.63","919.10","1065.50","935.16"
"15/03/2025 13:00:00 - 15/03/2025 14:00:00","Belgium (BE)","1185.13","867.08","1034.53","667.41"
"15/03/2025 14:00:00 - 15/03/2025 15:00:00","Belgium (BE)","1199.45","923.00","1027.93","565.83"
"15/03/2025 15:00:00 - 15/03/2025 16:00:00","Belgium (BE)","1324.43","1061.05","1093.60","1067.98"
"15/03/2025 16:00:00 - 15/03/2025 17:00:00","Belgium (BE)","1483.68","1260.83","1205.05","1356.97"
"15/03/2025 17:00:00 - 15/03/2025 18:00:00","Belgium (BE)","1597.35","1444.65","1406.13","1402.54"
"15/03/2025 18:00:00 - 15/03/2025 19:00:00","Belgium (BE)","1651.40","1537.70","1473.98","1636.10"
"15/03/2025 19:00:00 - 15/03/2025 20:00:00","Belgium (BE)","1635.20","1551.68","1422.95","1694.77"
"15/03/2025 20:00:00 - 15/03/2025 21:00:00","Belgium (BE)","1552.90","1448.00","1408.08","1769.60"
"15/03/2025 21:00:00 - 15/03/2025 22:00:00","Belgium (BE)","1396.93","1259.75","1320.70","1616.12"
"15/03/2025 22:00:00 - 15/03/2025 23:00:00","Belgium (BE)","1251.48","1109.48","1163.20","1421.01"
"15/03/2025 23:00:00 - 16/03/2025 00:00:00","Belgium (BE)","1194.78","1074.78","1084.63","1352.05"
"16/03/2025 00:00:00 - 16/03/2025 01:00:00","Belgium (BE)","1034.28","1130.60","1130.60","1140.80"
"16/03/2025 01:00:00 - 16/03/2025 02:00:00","Belgium (BE)","997.75","1135.28","1135.28","973.30"
"16/03/2025 02:00:00 - 16/03/2025 03:00:00","Belgium (BE)","981.83","1057.95","1057.95","832.19"
"16/03/2025 03:00:00 - 16/03/2025 04:00:00","Belgium (BE)","967.10","963.98","963.98","737.36"
"16/03/2025 04:00:00 - 16/03/2025 05:00:00","Belgium (BE)","956.73","900.05","900.05","851.37"
"16/03/2025 05:00:00 - 16/03/2025 06:00:00","Belgium (BE)","939.73","819.35","819.35","824.35"
"16/03/2025 06:00:00 - 16/03/2025 07:00:00","Belgium (BE)","917.78","824.58","824.58","874.49"
"16/03/2025 07:00:00 - 16/03/2025 08:00:00","Belgium (BE)","850.13","800.28","800.28","745.68"
"16/03/2025 08:00:00 - 16/03/2025 09:00:00","Belgium (BE)","769.90","725.98","767.93","731.29"
"16/03/2025 09:00:00 - 16/03/2025 10:00:00","Belgium (BE)","686.78","636.20","663.33","793.45"
"16/03/2025 10:00:00 - 16/03/2025 11:00:00","Belgium (BE)","617.65","544.48","591.08","723.95"
"16/03/2025 11:00:00 - 16/03/2025 12:00:00","Belgium (BE)","550.70","485.35","596.08","667.64"
"16/03/2025 12:00:00 - 16/03/2025 13:00:00","Belgium (BE)","477.25","446.23","596.98","524.68"
"16/03/2025 13:00:00 - 16/03/2025 14:00:00","Belgium (BE)","408.75","429.15","580.53","619.66"
"16/03/2025 14:00:00 - 16/03/2025 15:00:00","Belgium (BE)","393.25","451.23","538.75","517.79"
"16/03/2025 15:00:00 - 16/03/2025 16:00:00","Belgium (BE)","433.13","491.65","597.65","613.07"
"16/03/2025 16:00:00 - 16/03/2025 17:00:00","Belgium (BE)","481.38","554.78","578.38","676.48"
"16/03/2025 17:00:00 - 16/03/2025 18:00:00","Belgium (BE)","493.68","588.63","648.33","727.87"
"16/03/2025 18:00:00 - 16/03/2025 19:00:00","Belgium (BE)","443.83","560.20","693.73","747.27"
"16/03/2025 19:00:00 - 16/03/2025 20:00:00","Belgium (BE)","390.88","483.33","659.68","771.32"
"16/03/2025 20:00:00 - 16/03/2025 21:00:00","Belgium (BE)","388.18","373.73","516.88","539.76"
"16/03/2025 21:00:00 - 16/03/2025 22:00:00","Belgium (BE)","446.00","297.30","369.43","305.44"
"16/03/2025 22:00:00 - 16/03/2025 23:00:00","Belgium (BE)","477.58","281.75","239.75","129.81"
"16/03/2025 23:00:00 - 17/03/2025 00:00:00","Belgium (BE)","512.60","359.03","187.80","71.99"
"17/03/2025 00:00:00 - 17/03/2025 01:00:00","Belgium (BE)","222.85","225.53","225.53","209.48"
"17/03/2025 01:00:00 - 17/03/2025 02:00:00","Belgium (BE)","314.75","303.43","303.43","364.68"
"17/03/2025 02:00:00 - 17/03/2025 03:00:00","Belgium (BE)","371.35","432.45","432.45","419.30"
"17/03/2025 03:00:00 - 17/03/2025 04:00:00","Belgium (BE)","366.60","421.65","421.65","350.48"
"17/03/2025 04:00:00 - 17/03/2025 05:00:00","Belgium (BE)","363.90","384.73","384.73","564.16"
"17/03/2025 05:00:00 - 17/03/2025 06:00:00","Belgium (BE)","364.83","327.23","327.23","457.23"
"17/03/2025 06:00:00 - 17/03/2025 07:00:00","Belgium (BE)","326.03","390.63","390.63","371.00"
"17/03/2025 07:00:00 - 17/03/2025 08:00:00","Belgium (BE)","280.45","352.45","352.45","351.63"
"17/03/2025 08:00:00 - 17/03/2025 09:00:00","Belgium (BE)","265.10","356.10","368.40","375.93"
"17/03/2025 09:00:00 - 17/03/2025 10:00:00","Belgium (BE)","276.15","386.93","399.93","420.79"
"17/03/2025 10:00:00 - 17/03/2025 11:00:00","Belgium (BE)","286.63","395.88","392.40","385.84"
"17/03/2025 11:00:00 - 17/03/2025 12:00:00","Belgium (BE)","283.40","408.95","403.03","405.15"
"17/03/2025 12:00:00 - 17/03/2025 13:00:00","Belgium (BE)","282.68","438.40","410.90","339.83"
"17/03/2025 13:00:00 - 17/03/2025 14:00:00","Belgium (BE)","299.33","459.73","434.23","165.79"
"17/03/2025 14:00:00 - 17/03/2025 15:00:00","Belgium (BE)","357.93","504.85","416.15","402.53"
"17/03/2025 15:00:00 - 17/03/2025 16:00:00","Belgium (BE)","382.15","565.68","409.48","302.02"
"17/03/2025 16:00:00 - 17/03/2025 17:00:00","Belgium (BE)","374.95","640.23","557.13","314.57"
"17/03/2025 17:00:00 - 17/03/2025 18:00:00","Belgium (BE)","438.38","819.60","610.18","494.15"
"17/03/2025 18:00:00 - 17/03/2025 19:00:00","Belgium (BE)","549.08","1026.83","762.05","710.08"
"17/03/2025 19:00:00 - 17/03/2025 20:00:00","Belgium (BE)","761.53","1197.40","1014.35","831.68"
"17/03/2025 20:00:00 - 17/03/2025 21:00:00","Belgium (BE)","1094.85","1370.73","1246.13","1267.93"
"17/03/2025 21:00:00 - 17/03/2025 22:00:00","Belgium (BE)","1331.40","1502.65","1378.70","1668.68"
"17/03/2025 22:00:00 - 17/03/2025 23:00:00","Belgium (BE)","1351.73","1476.75","1386.45","1588.73"
"17/03/2025 23:00:00 - 18/03/2025 00:00:00","Belgium (BE)","1274.75","1343.95","1293.18","1339.67"
"18/03/2025 00:00:00 - 18/03/2025 01:00:00","Belgium (BE)","1233.78","1147.13","1147.13","1116.57"
"18/03/2025 01:00:00 - 18/03/2025 02:00:00","Belgium (BE)","1094.10","982.23","982.23","842.44"
"18/03/2025 02:00:00 - 18/03/2025 03:00:00","Belgium (BE)","962.40","852.55","852.55","524.67"
"18/03/2025 03:00:00 - 18/03/2025 04:00:00","Belgium (BE)","838.03","736.53","736.53","473.87"
"18/03/2025 04:00:00 - 18/03/2025 05:00:00","Belgium (BE)","778.53","679.98","679.98","452.05"
"18/03/2025 05:00:00 - 18/03/2025 06:00:00","Belgium (BE)","769.93","608.03","608.03","395.05"
"18/03/2025 06:00:00 - 18/03/2025 07:00:00","Belgium (BE)","802.20","663.60","663.60","430.29"
"18/03/2025 07:00:00 - 18/03/2025 08:00:00","Belgium (BE)","845.55","718.35","718.35","625.17"
"18/03/2025 08:00:00 - 18/03/2025 09:00:00","Belgium (BE)","872.18","803.90","757.38","727.95"
"18/03/2025 09:00:00 - 18/03/2025 10:00:00","Belgium (BE)","867.95","805.28","741.23","535.56"
"18/03/2025 10:00:00 - 18/03/2025 11:00:00","Belgium (BE)","819.25","755.28","679.88","428.29"
"18/03/2025 11:00:00 - 18/03/2025 12:00:00","Belgium (BE)","759.08","720.73","577.68","428.19"
"18/03/2025 12:00:00 - 18/03/2025 13:00:00","Belgium (BE)","707.88","732.55","552.43","817.25"
"18/03/2025 13:00:00 - 18/03/2025 14:00:00","Belgium (BE)","669.35","730.45","559.20","673.56"
"18/03/2025 14:00:00 - 18/03/2025 15:00:00","Belgium (BE)","631.88","715.43","716.23","607.19"
"18/03/2025 15:00:00 - 18/03/2025 16:00:00","Belgium (BE)","618.20","743.95","671.33","574.45"
"18/03/2025 16:00:00 - 18/03/2025 17:00:00","Belgium (BE)","639.13","778.95","719.75","661.27"
"18/03/2025 17:00:00 - 18/03/2025 18:00:00","Belgium (BE)","687.25","800.50","742.65","558.73"
"18/03/2025 18:00:00 - 18/03/2025 19:00:00","Belgium (BE)","747.15","833.58","784.48","655.21"
"18/03/2025 19:00:00 - 18/03/2025 20:00:00","Belgium (BE)","821.40","872.98","818.05","792.25"
"18/03/2025 20:00:00 - 18/03/2025 21:00:00","Belgium (BE)","875.58","917.58","922.35","1033.24"
"18/03/2025 21:00:00 - 18/03/2025 22:00:00","Belgium (BE)","890.83","956.45","1042.30","1125.21"
"18/03/2025 22:00:00 - 18/03/2025 23:00:00","Belgium (BE)","829.53","921.68","977.28","1046.25"
"18/03/2025 23:00:00 - 19/03/2025 00:00:00","Belgium (BE)","748.05","788.93","833.88","742.43"
"19/03/2025 00:00:00 - 19/03/2025 01:00:00","Belgium (BE)","606.73","690.43","690.43","391.49"
"19/03/2025 01:00:00 - 19/03/2025 02:00:00","Belgium (BE)","504.10","601.78","601.78","242.23"
"19/03/2025 02:00:00 - 19/03/2025 03:00:00","Belgium (BE)","436.33","432.95","432.95","162.09"
"19/03/2025 03:00:00 - 19/03/2025 04:00:00","Belgium (BE)","361.40","355.98","355.98","145.72"
"19/03/2025 04:00:00 - 19/03/2025 05:00:00","Belgium (BE)","301.50","260.75","260.75","150.47"
"19/03/2025 05:00:00 - 19/03/2025 06:00:00","Belgium (BE)","260.28","208.38","208.38","115.06"
"19/03/2025 06:00:00 - 19/03/2025 07:00:00","Belgium (BE)","233.78","193.45","193.45","87.34"
"19/03/2025 07:00:00 - 19/03/2025 08:00:00","Belgium (BE)","202.93","192.30","192.30","81.63"
"19/03/2025 08:00:00 - 19/03/2025 09:00:00","Belgium (BE)","177.53","189.63","189.70","72.69"
"19/03/2025 09:00:00 - 19/03/2025 10:00:00","Belgium (BE)","150.28","172.50","157.13","76.65"
"19/03/2025 10:00:00 - 19/03/2025 11:00:00","Belgium (BE)","108.68","130.00","121.88","53.41"
"19/03/2025 11:00:00 - 19/03/2025 12:00:00","Belgium (BE)","72.58","89.80","90.20","51.58"
"19/03/2025 12:00:00 - 19/03/2025 13:00:00","Belgium (BE)","61.63","67.60","71.73","72.75"
"19/03/2025 13:00:00 - 19/03/2025 14:00:00","Belgium (BE)","53.30","55.65","64.25","69.43"
"19/03/2025 14:00:00 - 19/03/2025 15:00:00","Belgium (BE)","43.13","49.53","58.80","50.46"
"19/03/2025 15:00:00 - 19/03/2025 16:00:00","Belgium (BE)","30.08","43.08","54.90","13.94"
"19/03/2025 16:00:00 - 19/03/2025 17:00:00","Belgium (BE)","23.25","40.38","43.35"," "
"19/03/2025 17:00:00 - 19/03/2025 18:00:00","Belgium (BE)","25.65","47.70","59.43","0.53"
"19/03/2025 18:00:00 - 19/03/2025 19:00:00","Belgium (BE)","34.95","74.13","104.45","27.37"
"19/03/2025 19:00:00 - 19/03/2025 20:00:00","Belgium (BE)","59.65","110.70","150.95","107.84"
"19/03/2025 20:00:00 - 19/03/2025 21:00:00","Belgium (BE)","85.38","137.45","208.83","115.13"
"19/03/2025 21:00:00 - 19/03/2025 22:00:00","Belgium (BE)","111.40","159.45","154.03","37.71"
"19/03/2025 22:00:00 - 19/03/2025 23:00:00","Belgium (BE)","116.70","168.08","170.33","1.64"
"19/03/2025 23:00:00 - 20/03/2025 00:00:00","Belgium (BE)","104.70","159.53","186.08","5.92"
"20/03/2025 00:00:00 - 20/03/2025 01:00:00","Belgium (BE)","205.00","135.25","135.25","21.53"
"20/03/2025 01:00:00 - 20/03/2025 02:00:00","Belgium (BE)","171.23","112.60","112.60","24.04"
"20/03/2025 02:00:00 - 20/03/2025 03:00:00","Belgium (BE)","133.23","72.63","72.63","16.65"
"20/03/2025 03:00:00 - 20/03/2025 04:00:00","Belgium (BE)","88.93","66.55","66.55"," "
"20/03/2025 04:00:00 - 20/03/2025 05:00:00","Belgium (BE)","57.65","52.80","52.80"," "
"20/03/2025 05:00:00 - 20/03/2025 06:00:00","Belgium (BE)","36.33","39.38","39.38","10.72"
"20/03/2025 06:00:00 - 20/03/2025 07:00:00","Belgium (BE)","27.00","31.33","31.33","2.19"
"20/03/2025 07:00:00 - 20/03/2025 08:00:00","Belgium (BE)","47.88","35.88","35.88","20.43"
"20/03/2025 08:00:00 - 20/03/2025 09:00:00","Belgium (BE)","63.13","49.75","44.88","64.02"
"20/03/2025 09:00:00 - 20/03/2025 10:00:00","Belgium (BE)","68.35","49.73","31.13","45.74"
"20/03/2025 10:00:00 - 20/03/2025 11:00:00","Belgium (BE)","59.15","41.10","31.25","44.75"
"20/03/2025 11:00:00 - 20/03/2025 12:00:00","Belgium (BE)","42.88","35.73","20.75","25.14"
"20/03/2025 12:00:00 - 20/03/2025 13:00:00","Belgium (BE)","29.55","26.23","13.80","0.39"
"20/03/2025 13:00:00 - 20/03/2025 14:00:00","Belgium (BE)","19.28","14.78","7.58"," "
"20/03/2025 14:00:00 - 20/03/2025 15:00:00","Belgium (BE)","12.35","8.30","5.60"," "
"20/03/2025 15:00:00 - 20/03/2025 16:00:00","Belgium (BE)","14.33","10.03","6.93"," "
"20/03/2025 16:00:00 - 20/03/2025 17:00:00","Belgium (BE)","30.60","20.88","47.53"," "
"20/03/2025 17:00:00 - 20/03/2025 18:00:00","Belgium (BE)","74.00","53.90","87.30","24.53"
"20/03/2025 18:00:00 - 20/03/2025 19:00:00","Belgium (BE)","147.55","98.15","125.33","85.36"
"20/03/2025 19:00:00 - 20/03/2025 20:00:00","Belgium (BE)","242.08","155.50","183.30","219.13"
"20/03/2025 20:00:00 - 20/03/2025 21:00:00","Belgium (BE)","326.05","241.58","282.28","280.92"
"20/03/2025 21:00:00 - 20/03/2025 22:00:00","Belgium (BE)","397.08","359.75","485.95","439.37"
"20/03/2025 22:00:00 - 20/03/2025 23:00:00","Belgium (BE)","456.50","494.60","594.73","570.17"
"20/03/2025 23:00:00 - 21/03/2025 00:00:00","Belgium (BE)","532.63","633.85","649.13","805.97"
"21/03/2025 00:00:00 - 21/03/2025 01:00:00","Belgium (BE)","711.05","752.03","752.03","924.98"
"21/03/2025 01:00:00 - 21/03/2025 02:00:00","Belgium (BE)","742.03","813.80","813.80","642.39"
"21/03/2025 02:00:00 - 21/03/2025 03:00:00","Belgium (BE)","691.05","820.88","820.88","532.89"
"21/03/2025 03:00:00 - 21/03/2025 04:00:00","Belgium (BE)","632.23","775.95","775.95","591.09"
"21/03/2025 04:00:00 - 21/03/2025 05:00:00","Belgium (BE)","625.45","727.88","727.88","558.37"
"21/03/2025 05:00:00 - 21/03/2025 06:00:00","Belgium (BE)","703.28","744.93","744.93","608.16"
"21/03/2025 06:00:00 - 21/03/2025 07:00:00","Belgium (BE)","763.78","773.00","773.00","809.08"
"21/03/2025 07:00:00 - 21/03/2025 08:00:00","Belgium (BE)","867.40","810.58","810.58","843.29"
"21/03/2025 08:00:00 - 21/03/2025 09:00:00","Belgium (BE)","976.15","833.83","858.78","671.81"
"21/03/2025 09:00:00 - 21/03/2025 10:00:00","Belgium (BE)","998.38","781.95","778.55","580.47"
"21/03/2025 10:00:00 - 21/03/2025 11:00:00","Belgium (BE)","982.00","794.98","762.20","375.15"
"21/03/2025 11:00:00 - 21/03/2025 12:00:00","Belgium (BE)","944.03","873.60","803.83","687.55"
"21/03/2025 12:00:00 - 21/03/2025 13:00:00","Belgium (BE)","958.80","927.00","800.03","713.58"
"21/03/2025 13:00:00 - 21/03/2025 14:00:00","Belgium (BE)","981.05","944.98","914.18","978.41"
"21/03/2025 14:00:00 - 21/03/2025 15:00:00","Belgium (BE)","1001.10","966.40","929.58","912.16"
"21/03/2025 15:00:00 - 21/03/2025 16:00:00","Belgium (BE)","983.80","944.53","996.45","577.25"
"21/03/2025 16:00:00 - 21/03/2025 17:00:00","Belgium (BE)","930.78","916.73","899.98","656.53"
"21/03/2025 17:00:00 - 21/03/2025 18:00:00","Belgium (BE)","878.35","854.35","754.68","790.59"
"21/03/2025 18:00:00 - 21/03/2025 19:00:00","Belgium (BE)","926.68","816.50","810.98","670.55"
"21/03/2025 19:00:00 - 21/03/2025 20:00:00","Belgium (BE)","1050.78","897.15","953.63","518.61"
"21/03/2025 20:00:00 - 21/03/2025 21:00:00","Belgium (BE)","1224.18","1055.88","1017.38","573.57"
"21/03/2025 21:00:00 - 21/03/2025 22:00:00","Belgium (BE)","1445.88","1238.00","1091.98","723.79"
"21/03/2025 22:00:00 - 21/03/2025 23:00:00","Belgium (BE)","1496.38","1278.00","1162.03","736.93"
"21/03/2025 23:00:00 - 22/03/2025 00:00:00","Belgium (BE)","1438.20","1197.83","1040.38","925.38"
"22/03/2025 00:00:00 - 22/03/2025 01:00:00","Belgium (BE)","844.90","901.20","901.20","809.63"
"22/03/2025 01:00:00 - 22/03/2025 02:00:00","Belgium (BE)","732.83","926.55","926.55","741.19"
"22/03/2025 02:00:00 - 22/03/2025 03:00:00","Belgium (BE)","768.70","764.55","764.55","560.16"
"22/03/2025 03:00:00 - 22/03/2025 04:00:00","Belgium (BE)","745.08","748.58","748.58","321.33"
"22/03/2025 04:00:00 - 22/03/2025 05:00:00","Belgium (BE)","719.43","699.35","699.35","502.76"
"22/03/2025 05:00:00 - 22/03/2025 06:00:00","Belgium (BE)","691.48","510.45","510.45","677.45"
"22/03/2025 06:00:00 - 22/03/2025 07:00:00","Belgium (BE)","663.03","718.18","718.18","779.44"
"22/03/2025 07:00:00 - 22/03/2025 08:00:00","Belgium (BE)","602.38","797.73","797.73","712.16"
"22/03/2025 08:00:00 - 22/03/2025 09:00:00","Belgium (BE)","549.98","695.33","780.43","627.25"
"22/03/2025 09:00:00 - 22/03/2025 10:00:00","Belgium (BE)","462.68","659.70","646.30","613.91"
"22/03/2025 10:00:00 - 22/03/2025 11:00:00","Belgium (BE)","414.83","612.90","497.88","311.32"
"22/03/2025 11:00:00 - 22/03/2025 12:00:00","Belgium (BE)","379.58","486.03","371.10","170.22"
"22/03/2025 12:00:00 - 22/03/2025 13:00:00","Belgium (BE)","299.73","318.70","192.50","119.67"
"22/03/2025 13:00:00 - 22/03/2025 14:00:00","Belgium (BE)","191.08","194.58","121.53","101.54"
"22/03/2025 14:00:00 - 22/03/2025 15:00:00","Belgium (BE)","121.23","133.73","80.35","90.38"
"22/03/2025 15:00:00 - 22/03/2025 16:00:00","Belgium (BE)","84.68","92.33","51.13","202.16"
"22/03/2025 16:00:00 - 22/03/2025 17:00:00","Belgium (BE)","65.13","91.38","43.95","11.50"
"22/03/2025 17:00:00 - 22/03/2025 18:00:00","Belgium (BE)","87.50","109.03","74.85"," "
"22/03/2025 18:00:00 - 22/03/2025 19:00:00","Belgium (BE)","136.98","126.25","35.95"," "
"22/03/2025 19:00:00 - 22/03/2025 20:00:00","Belgium (BE)","198.48","143.70","63.65","12.94"
"22/03/2025 20:00:00 - 22/03/2025 21:00:00","Belgium (BE)","221.28","165.65","74.88","52.42"
"22/03/2025 21:00:00 - 22/03/2025 22:00:00","Belgium (BE)","222.08","236.28","72.55","34.20"
"22/03/2025 22:00:00 - 22/03/2025 23:00:00","Belgium (BE)","227.00","332.40","108.85","86.50"
"22/03/2025 23:00:00 - 23/03/2025 00:00:00","Belgium (BE)","229.30","355.98","134.33","74.59"
"23/03/2025 00:00:00 - 23/03/2025 01:00:00","Belgium (BE)","138.20","132.58","132.58","38.27"
"23/03/2025 01:00:00 - 23/03/2025 02:00:00","Belgium (BE)","115.30","133.15","133.15","19.93"
"23/03/2025 02:00:00 - 23/03/2025 03:00:00","Belgium (BE)","105.15","110.23","110.23","0.09"
"23/03/2025 03:00:00 - 23/03/2025 04:00:00","Belgium (BE)","99.28","116.68","116.68","8.74"
"23/03/2025 04:00:00 - 23/03/2025 05:00:00","Belgium (BE)","96.48","67.23","67.23","17.46"
"23/03/2025 05:00:00 - 23/03/2025 06:00:00","Belgium (BE)","93.23","64.85","64.85","109.05"
"23/03/2025 06:00:00 - 23/03/2025 07:00:00","Belgium (BE)","76.88","68.75","68.75","123.44"
"23/03/2025 07:00:00 - 23/03/2025 08:00:00","Belgium (BE)","58.40","68.75","68.75","220.96"
"23/03/2025 08:00:00 - 23/03/2025 09:00:00","Belgium (BE)","54.28","68.13","82.08","365.10"
"23/03/2025 09:00:00 - 23/03/2025 10:00:00","Belgium (BE)","58.23","70.88","193.58","420.09"
"23/03/2025 10:00:00 - 23/03/2025 11:00:00","Belgium (BE)","62.30","82.90","216.78","600.92"
"23/03/2025 11:00:00 - 23/03/2025 12:00:00","Belgium (BE)","72.78","82.95","199.13","522.82"
"23/03/2025 12:00:00 - 23/03/2025 13:00:00","Belgium (BE)","70.25","62.70","116.73","243.80"
"23/03/2025 13:00:00 - 23/03/2025 14:00:00","Belgium (BE)","48.95","49.08","149.03","118.77"
"23/03/2025 14:00:00 - 23/03/2025 15:00:00","Belgium (BE)","32.05","38.00","59.45","39.73"
"23/03/2025 15:00:00 - 23/03/2025 16:00:00","Belgium (BE)","21.65","27.63","31.80"," "
"23/03/2025 16:00:00 - 23/03/2025 17:00:00","Belgium (BE)","17.33","22.93","15.03"," "
"23/03/2025 17:00:00 - 23/03/2025 18:00:00","Belgium (BE)","14.60","17.68","13.98"," "
"23/03/2025 18:00:00 - 23/03/2025 19:00:00","Belgium (BE)","14.63","11.10","16.83"," "
"23/03/2025 19:00:00 - 23/03/2025 20:00:00","Belgium (BE)","15.95","15.03","19.35"," "
"23/03/2025 20:00:00 - 23/03/2025 21:00:00","Belgium (BE)","21.78","19.10","20.90"," "
"23/03/2025 21:00:00 - 23/03/2025 22:00:00","Belgium (BE)","28.48","22.70","24.65"," "
"23/03/2025 22:00:00 - 23/03/2025 23:00:00","Belgium (BE)","29.73","25.15","27.13","7.41"
"23/03/2025 23:00:00 - 24/03/2025 00:00:00","Belgium (BE)","30.85","21.18","34.65","9.01"
"24/03/2025 00:00:00 - 24/03/2025 01:00:00","Belgium (BE)","31.80","41.80","41.80","0.92"
"24/03/2025 01:00:00 - 24/03/2025 02:00:00","Belgium (BE)","25.68","32.63","32.63"," "
"24/03/2025 02:00:00 - 24/03/2025 03:00:00","Belgium (BE)","20.25","21.35","21.35"," "
"24/03/2025 03:00:00 - 24/03/2025 04:00:00","Belgium (BE)","22.45","24.55","24.55","0.18"
"24/03/2025 04:00:00 - 24/03/2025 05:00:00","Belgium (BE)","37.95","24.33","24.33","107.76"
"24/03/2025 05:00:00 - 24/03/2025 06:00:00","Belgium (BE)","76.98","45.40","45.40","108.82"
"24/03/2025 06:00:00 - 24/03/2025 07:00:00","Belgium (BE)","115.65","125.83","125.83","153.94"
"24/03/2025 07:00:00 - 24/03/2025 08:00:00","Belgium (BE)","102.45","165.75","165.75","143.30"
"24/03/2025 08:00:00 - 24/03/2025 09:00:00","Belgium (BE)","69.53","141.40","148.93","100.05"
"24/03/2025 09:00:00 - 24/03/2025 10:00:00","Belgium (BE)","71.85","118.58","98.78","125.56"
"24/03/2025 10:00:00 - 24/03/2025 11:00:00","Belgium (BE)","89.83","117.55","97.95","176.28"
"24/03/2025 11:00:00 - 24/03/2025 12:00:00","Belgium (BE)","107.70","110.83","106.43","191.70"
"24/03/2025 12:00:00 - 24/03/2025 13:00:00","Belgium (BE)","142.33","129.00","157.50","301.78"
"24/03/2025 13:00:00 - 24/03/2025 14:00:00","Belgium (BE)","183.03","173.80","195.80","312.91"
"24/03/2025 14:00:00 - 24/03/2025 15:00:00","Belgium (BE)","225.40","216.50","257.63","225.04"
"24/03/2025 15:00:00 - 24/03/2025 16:00:00","Belgium (BE)","291.50","243.10","269.03","214.35"
"24/03/2025 16:00:00 - 24/03/2025 17:00:00","Belgium (BE)","323.23","270.38","241.13","171.12"
"24/03/2025 17:00:00 - 24/03/2025 18:00:00","Belgium (BE)","322.45","278.53","224.43","169.81"
"24/03/2025 18:00:00 - 24/03/2025 19:00:00","Belgium (BE)","314.98","289.28","191.70","138.99"
"24/03/2025 19:00:00 - 24/03/2025 20:00:00","Belgium (BE)","286.40","281.50","181.53","63.34"
"24/03/2025 20:00:00 - 24/03/2025 21:00:00","Belgium (BE)","213.13","228.90","129.65"," "
"24/03/2025 21:00:00 - 24/03/2025 22:00:00","Belgium (BE)","144.48","145.33","36.93"," "
"24/03/2025 22:00:00 - 24/03/2025 23:00:00","Belgium (BE)","97.33","76.08","16.78"," "
"24/03/2025 23:00:00 - 25/03/2025 00:00:00","Belgium (BE)","69.53","33.60","11.45"," "
"25/03/2025 00:00:00 - 25/03/2025 01:00:00","Belgium (BE)","15.20","14.40","14.40"," "
"25/03/2025 01:00:00 - 25/03/2025 02:00:00","Belgium (BE)","16.35","25.90","25.90","14.55"
"25/03/2025 02:00:00 - 25/03/2025 03:00:00","Belgium (BE)","38.73","52.65","52.65","70.79"
"25/03/2025 03:00:00 - 25/03/2025 04:00:00","Belgium (BE)","74.05","90.98","90.98","114.76"
"25/03/2025 04:00:00 - 25/03/2025 05:00:00","Belgium (BE)","126.08","145.98","145.98","189.87"
"25/03/2025 05:00:00 - 25/03/2025 06:00:00","Belgium (BE)","198.90","214.83","214.83","230.61"
"25/03/2025 06:00:00 - 25/03/2025 07:00:00","Belgium (BE)","268.60","265.35","265.35","179.56"
"25/03/2025 07:00:00 - 25/03/2025 08:00:00","Belgium (BE)","308.88","276.13","276.13","167.12"
"25/03/2025 08:00:00 - 25/03/2025 09:00:00","Belgium (BE)","303.33","260.18","230.65","181.63"
"25/03/2025 09:00:00 - 25/03/2025 10:00:00","Belgium (BE)","271.80","221.08","184.35","227.41"
"25/03/2025 10:00:00 - 25/03/2025 11:00:00","Belgium (BE)","242.03","196.63","192.13","317.60"
"25/03/2025 11:00:00 - 25/03/2025 12:00:00","Belgium (BE)","200.33","177.10","198.95","267.64"
"25/03/2025 12:00:00 - 25/03/2025 13:00:00","Belgium (BE)","164.08","165.85","229.33","357.75"
"25/03/2025 13:00:00 - 25/03/2025 14:00:00","Belgium (BE)","136.73","155.80","195.15","327.72"
"25/03/2025 14:00:00 - 25/03/2025 15:00:00","Belgium (BE)","113.30","143.95","219.95","261.10"
"25/03/2025 15:00:00 - 25/03/2025 16:00:00","Belgium (BE)","94.73","120.05","177.55","239.32"
"25/03/2025 16:00:00 - 25/03/2025 17:00:00","Belgium (BE)","75.75","93.98","141.18","210.56"
"25/03/2025 17:00:00 - 25/03/2025 18:00:00","Belgium (BE)","54.13","76.03","129.30","111.21"
"25/03/2025 18:00:00 - 25/03/2025 19:00:00","Belgium (BE)","55.20","80.73","112.15","8.26"
"25/03/2025 19:00:00 - 25/03/2025 20:00:00","Belgium (BE)","72.40","79.85","89.48","45.49"
"25/03/2025 20:00:00 - 25/03/2025 21:00:00","Belgium (BE)","106.43","99.58","98.15","89.04"
"25/03/2025 21:00:00 - 25/03/2025 22:00:00","Belgium (BE)","147.28","132.63","100.13","80.91"
"25/03/2025 22:00:00 - 25/03/2025 23:00:00","Belgium (BE)","183.73","158.75","131.40","114.89"
"25/03/2025 23:00:00 - 26/03/2025 00:00:00","Belgium (BE)","200.25","177.08","140.13","90.03"
"26/03/2025 00:00:00 - 26/03/2025 01:00:00","Belgium (BE)","173.90","120.78","120.78","34.07"
"26/03/2025 01:00:00 - 26/03/2025 02:00:00","Belgium (BE)","143.28","91.45","91.45","104.81"
"26/03/2025 02:00:00 - 26/03/2025 03:00:00","Belgium (BE)","122.08","64.38","64.38","77.65"
"26/03/2025 03:00:00 - 26/03/2025 04:00:00","Belgium (BE)","93.53","68.98","68.98","41.71"
"26/03/2025 04:00:00 - 26/03/2025 05:00:00","Belgium (BE)","76.03","59.65","59.65","3.49"
"26/03/2025 05:00:00 - 26/03/2025 06:00:00","Belgium (BE)","67.98","31.50","31.50","29.93"
"26/03/2025 06:00:00 - 26/03/2025 07:00:00","Belgium (BE)","62.08","27.38","27.38","73.36"
"26/03/2025 07:00:00 - 26/03/2025 08:00:00","Belgium (BE)","54.18","40.95","40.95","107.09"
"26/03/2025 08:00:00 - 26/03/2025 09:00:00","Belgium (BE)","39.03","35.40","44.30","68.42"
"26/03/2025 09:00:00 - 26/03/2025 10:00:00","Belgium (BE)","24.13","20.15","40.93","49.58"
"26/03/2025 10:00:00 - 26/03/2025 11:00:00","Belgium (BE)","19.05","15.20","31.15","31.71"
"26/03/2025 11:00:00 - 26/03/2025 12:00:00","Belgium (BE)","18.98","16.60","34.23","4.38"
"26/03/2025 12:00:00 - 26/03/2025 13:00:00","Belgium (BE)","17.30","20.25","37.38","6.85"
"26/03/2025 13:00:00 - 26/03/2025 14:00:00","Belgium (BE)","16.95","22.05","25.05","36.01"
"26/03/2025 14:00:00 - 26/03/2025 15:00:00","Belgium (BE)","19.25","20.00","17.85","2.98"
"26/03/2025 15:00:00 - 26/03/2025 16:00:00","Belgium (BE)","23.38","12.53","20.98"," "
"26/03/2025 16:00:00 - 26/03/2025 17:00:00","Belgium (BE)","20.93","9.63","15.60"," "
"26/03/2025 17:00:00 - 26/03/2025 18:00:00","Belgium (BE)","17.58","9.50","20.25","1.08"
"26/03/2025 18:00:00 - 26/03/2025 19:00:00","Belgium (BE)","15.93","8.65","20.85"," "
"26/03/2025 19:00:00 - 26/03/2025 20:00:00","Belgium (BE)","15.00","8.83","25.03"," "
"26/03/2025 20:00:00 - 26/03/2025 21:00:00","Belgium (BE)","13.80","8.95","27.30"," "
"26/03/2025 21:00:00 - 26/03/2025 22:00:00","Belgium (BE)","12.98","9.83","16.98"," "
"26/03/2025 22:00:00 - 26/03/2025 23:00:00","Belgium (BE)","13.40","10.50","16.93"," "
"26/03/2025 23:00:00 - 27/03/2025 00:00:00","Belgium (BE)","14.65","11.45","17.25"," "
"27/03/2025 00:00:00 - 27/03/2025 01:00:00","Belgium (BE)","26.13","11.85","11.85"," "
"27/03/2025 01:00:00 - 27/03/2025 02:00:00","Belgium (BE)","26.43","16.75","16.75","2.45"
"27/03/2025 02:00:00 - 27/03/2025 03:00:00","Belgium (BE)","22.13","19.60","19.60"," "
"27/03/2025 03:00:00 - 27/03/2025 04:00:00","Belgium (BE)","17.63","18.30","18.30"," "
"27/03/2025 04:00:00 - 27/03/2025 05:00:00","Belgium (BE)","17.50","16.73","16.73","16.98"
"27/03/2025 05:00:00 - 27/03/2025 06:00:00","Belgium (BE)","21.20","16.65","16.65","13.29"
"27/03/2025 06:00:00 - 27/03/2025 07:00:00","Belgium (BE)","22.45","26.20","26.20","11.44"
"27/03/2025 07:00:00 - 27/03/2025 08:00:00","Belgium (BE)","25.30","34.70","34.70","23.51"
"27/03/2025 08:00:00 - 27/03/2025 09:00:00","Belgium (BE)","24.73","44.45","43.98","65.88"
"27/03/2025 09:00:00 - 27/03/2025 10:00:00","Belgium (BE)","24.28","57.83","56.25","112.13"
"27/03/2025 10:00:00 - 27/03/2025 11:00:00","Belgium (BE)","28.30","74.15","73.30","195.54"
"27/03/2025 11:00:00 - 27/03/2025 12:00:00","Belgium (BE)","36.13","83.88","153.40","161.48"
"27/03/2025 12:00:00 - 27/03/2025 13:00:00","Belgium (BE)","45.60","89.95","138.65","81.23"
"27/03/2025 13:00:00 - 27/03/2025 14:00:00","Belgium (BE)","51.25","86.95","119.20","49.65"
"27/03/2025 14:00:00 - 27/03/2025 15:00:00","Belgium (BE)","49.88","77.25","74.20","19.03"
"27/03/2025 15:00:00 - 27/03/2025 16:00:00","Belgium (BE)","41.40","64.30","66.35","6.51"
"27/03/2025 16:00:00 - 27/03/2025 17:00:00","Belgium (BE)","36.60","56.10","42.10","16.70"
"27/03/2025 17:00:00 - 27/03/2025 18:00:00","Belgium (BE)","42.03","59.13","45.10","21.81"
"27/03/2025 18:00:00 - 27/03/2025 19:00:00","Belgium (BE)","56.80","70.45","62.35","30.59"
"27/03/2025 19:00:00 - 27/03/2025 20:00:00","Belgium (BE)","89.48","100.68","96.53","84.63"
"27/03/2025 20:00:00 - 27/03/2025 21:00:00","Belgium (BE)","149.20","164.38","156.78","190.09"
"27/03/2025 21:00:00 - 27/03/2025 22:00:00","Belgium (BE)","233.18","253.10","262.98","277.13"
"27/03/2025 22:00:00 - 27/03/2025 23:00:00","Belgium (BE)","312.93","338.93","367.43","430.68"
"27/03/2025 23:00:00 - 28/03/2025 00:00:00","Belgium (BE)","376.35","424.20","458.10","554.80"
"28/03/2025 00:00:00 - 28/03/2025 01:00:00","Belgium (BE)","448.38","596.55","596.55","557.94"
"28/03/2025 01:00:00 - 28/03/2025 02:00:00","Belgium (BE)","533.53","692.35","692.35","822.27"
"28/03/2025 02:00:00 - 28/03/2025 03:00:00","Belgium (BE)","664.95","793.38","793.38","1126.07"
"28/03/2025 03:00:00 - 28/03/2025 04:00:00","Belgium (BE)","774.55","913.80","913.80","1092.87"
"28/03/2025 04:00:00 - 28/03/2025 05:00:00","Belgium (BE)","809.80","1018.75","1018.75","989.07"
"28/03/2025 05:00:00 - 28/03/2025 06:00:00","Belgium (BE)","855.45","1024.45","1024.45","1075.15"
"28/03/2025 06:00:00 - 28/03/2025 07:00:00","Belgium (BE)","924.38","935.95","935.95","1204.49"
"28/03/2025 07:00:00 - 28/03/2025 08:00:00","Belgium (BE)","907.63","925.23","925.23","947.13"
"28/03/2025 08:00:00 - 28/03/2025 09:00:00","Belgium (BE)","900.30","874.90","874.90","940.72"
"28/03/2025 09:00:00 - 28/03/2025 10:00:00","Belgium (BE)","915.48","898.50","870.95","634.09"
"28/03/2025 10:00:00 - 28/03/2025 11:00:00","Belgium (BE)","931.95","938.63","925.68","350.81"
"28/03/2025 11:00:00 - 28/03/2025 12:00:00","Belgium (BE)","972.30","999.40","909.48","633.94"
"28/03/2025 12:00:00 - 28/03/2025 13:00:00","Belgium (BE)","1025.13","1080.50","1034.63","883.08"
"28/03/2025 13:00:00 - 28/03/2025 14:00:00","Belgium (BE)","1071.45","1027.70","956.53","1239.49"
"28/03/2025 14:00:00 - 28/03/2025 15:00:00","Belgium (BE)","1015.83","881.35","889.93","1027.33"
"28/03/2025 15:00:00 - 28/03/2025 16:00:00","Belgium (BE)","840.35","607.03","803.95","651.91"
"28/03/2025 16:00:00 - 28/03/2025 17:00:00","Belgium (BE)","550.85","350.68","542.70","164.55"
"28/03/2025 17:00:00 - 28/03/2025 18:00:00","Belgium (BE)","333.03","217.53","317.63","56.76"
"28/03/2025 18:00:00 - 28/03/2025 19:00:00","Belgium (BE)","209.83","147.13","174.45"," "
"28/03/2025 19:00:00 - 28/03/2025 20:00:00","Belgium (BE)","139.73","91.95","129.88"," "
"28/03/2025 20:00:00 - 28/03/2025 21:00:00","Belgium (BE)","111.58","56.65","81.00"," "
"28/03/2025 21:00:00 - 28/03/2025 22:00:00","Belgium (BE)","78.88","56.20","103.78","2.19"
"28/03/2025 22:00:00 - 28/03/2025 23:00:00","Belgium (BE)","82.93","96.35","200.58","144.39"
"28/03/2025 23:00:00 - 29/03/2025 00:00:00","Belgium (BE)","142.28","221.78","364.00","164.75"
"29/03/2025 00:00:00 - 29/03/2025 01:00:00","Belgium (BE)","579.05","563.15","563.15","225.49"
"29/03/2025 01:00:00 - 29/03/2025 02:00:00","Belgium (BE)","660.25","581.83","581.83","487.79"
"29/03/2025 02:00:00 - 29/03/2025 03:00:00","Belgium (BE)","663.90","533.95","533.95","576.02"
"29/03/2025 03:00:00 - 29/03/2025 04:00:00","Belgium (BE)","596.83","526.53","526.53","488.00"
"29/03/2025 04:00:00 - 29/03/2025 05:00:00","Belgium (BE)","535.63","482.48","482.48","509.19"
"29/03/2025 05:00:00 - 29/03/2025 06:00:00","Belgium (BE)","494.60","409.93","409.93","433.06"
"29/03/2025 06:00:00 - 29/03/2025 07:00:00","Belgium (BE)","421.18","361.48","361.48","360.79"
"29/03/2025 07:00:00 - 29/03/2025 08:00:00","Belgium (BE)","353.40","303.80","303.80","291.71"
"29/03/2025 08:00:00 - 29/03/2025 09:00:00","Belgium (BE)","281.63","252.25","248.23","171.30"
"29/03/2025 09:00:00 - 29/03/2025 10:00:00","Belgium (BE)","213.20","181.23","165.60","96.44"
"29/03/2025 10:00:00 - 29/03/2025 11:00:00","Belgium (BE)","152.60","116.25","88.45","21.63"
"29/03/2025 11:00:00 - 29/03/2025 12:00:00","Belgium (BE)","102.68","71.43","49.45","26.23"
"29/03/2025 12:00:00 - 29/03/2025 13:00:00","Belgium (BE)","65.88","57.43","34.75","35.58"
"29/03/2025 13:00:00 - 29/03/2025 14:00:00","Belgium (BE)","43.48","46.58","38.23","8.91"
"29/03/2025 14:00:00 - 29/03/2025 15:00:00","Belgium (BE)","46.70","45.88","51.85","35.82"
"29/03/2025 15:00:00 - 29/03/2025 16:00:00","Belgium (BE)","70.08","77.08","71.70","80.30"
"29/03/2025 16:00:00 - 29/03/2025 17:00:00","Belgium (BE)","115.55","133.38","141.15","137.83"
"29/03/2025 17:00:00 - 29/03/2025 18:00:00","Belgium (BE)","219.70","249.80","287.85","348.21"
"29/03/2025 18:00:00 - 29/03/2025 19:00:00","Belgium (BE)","400.80","482.73","553.28","666.59"
"29/03/2025 19:00:00 - 29/03/2025 20:00:00","Belgium (BE)","771.08","945.85","1094.83","1311.03"
"29/03/2025 20:00:00 - 29/03/2025 21:00:00","Belgium (BE)","1285.73","1472.15","1591.05","1932.47"
"29/03/2025 21:00:00 - 29/03/2025 22:00:00","Belgium (BE)","1623.48","1809.03","1934.60","2007.18"
"29/03/2025 22:00:00 - 29/03/2025 23:00:00","Belgium (BE)","1786.70","1975.25","2039.60","2072.98"
"29/03/2025 23:00:00 - 30/03/2025 00:00:00","Belgium (BE)","1873.70","2067.73","2103.55","2105.64"
"30/03/2025 00:00:00 - 30/03/2025 01:00:00 (CET)","Belgium (BE)","2106.53","2153.78","2153.78","2060.05"
"30/03/2025 01:00:00 (CET) - 30/03/2025 03:00:00 (CEST)","Belgium (BE)","2129.50","2157.53","2157.53","2140.34"
"30/03/2025 03:00:00 (CEST) - 30/03/2025 04:00:00","Belgium (BE)","2155.10","2166.25","2166.25","2147.21"
"30/03/2025 04:00:00 - 30/03/2025 05:00:00","Belgium (BE)","2148.20","2164.15","2164.15","2141.42"
"30/03/2025 05:00:00 - 30/03/2025 06:00:00","Belgium (BE)","2122.30","2148.43","2148.43","2120.04"
"30/03/2025 06:00:00 - 30/03/2025 07:00:00","Belgium (BE)","2060.75","2116.43","2116.43","2109.38"
"30/03/2025 07:00:00 - 30/03/2025 08:00:00","Belgium (BE)","1953.18","2063.68","2063.68","2056.67"
"30/03/2025 08:00:00 - 30/03/2025 09:00:00","Belgium (BE)","1819.38","1988.60","2012.40","2002.41"
"30/03/2025 09:00:00 - 30/03/2025 10:00:00","Belgium (BE)","1666.43","1877.03","1900.20","1827.63"
"30/03/2025 10:00:00 - 30/03/2025 11:00:00","Belgium (BE)","1495.88","1749.28","1693.80","1401.35"
"30/03/2025 11:00:00 - 30/03/2025 12:00:00","Belgium (BE)","1285.50","1539.65","1407.85","905.88"
"30/03/2025 12:00:00 - 30/03/2025 13:00:00","Belgium (BE)","1059.08","1264.93","1022.95","461.46"
"30/03/2025 13:00:00 - 30/03/2025 14:00:00","Belgium (BE)","851.25","936.08","687.18","272.99"
"30/03/2025 14:00:00 - 30/03/2025 15:00:00","Belgium (BE)","647.80","603.05","415.48","198.95"
"30/03/2025 15:00:00 - 30/03/2025 16:00:00","Belgium (BE)","460.68","366.00","230.78","144.43"
"30/03/2025 16:00:00 - 30/03/2025 17:00:00","Belgium (BE)","352.00","292.00","159.20","60.82"
"30/03/2025 17:00:00 - 30/03/2025 18:00:00","Belgium (BE)","451.18","445.33","192.03","76.32"
"30/03/2025 18:00:00 - 30/03/2025 19:00:00","Belgium (BE)","780.08","792.88","313.70","135.24"
"30/03/2025 19:00:00 - 30/03/2025 20:00:00","Belgium (BE)","1295.83","1197.03","488.20","274.54"
"30/03/2025 20:00:00 - 30/03/2025 21:00:00","Belgium (BE)","1536.93","1205.10","632.85","300.69"
"30/03/2025 21:00:00 - 30/03/2025 22:00:00","Belgium (BE)","1512.75","1192.85","784.58","586.20"
"30/03/2025 22:00:00 - 30/03/2025 23:00:00","Belgium (BE)","1474.05","1141.85","907.20","1007.03"
"30/03/2025 23:00:00 - 31/03/2025 00:00:00","Belgium (BE)","1426.05","1017.18","857.10","1125.75"
"31/03/2025 00:00:00 - 31/03/2025 01:00:00","Belgium (BE)","752.15","620.35","620.35","953.39"
"31/03/2025 01:00:00 - 31/03/2025 02:00:00","Belgium (BE)","595.65","574.75","574.75","526.43"
"31/03/2025 02:00:00 - 31/03/2025 03:00:00","Belgium (BE)","456.38","477.40","477.40","390.67"
"31/03/2025 03:00:00 - 31/03/2025 04:00:00","Belgium (BE)","333.78","348.05","348.05","386.50"
"31/03/2025 04:00:00 - 31/03/2025 05:00:00","Belgium (BE)","250.93","274.95","274.95","377.80"
"31/03/2025 05:00:00 - 31/03/2025 06:00:00","Belgium (BE)","201.93","234.05","234.05","338.77"
"31/03/2025 06:00:00 - 31/03/2025 07:00:00","Belgium (BE)","184.18","215.90","215.90","317.01"
"31/03/2025 07:00:00 - 31/03/2025 08:00:00","Belgium (BE)","186.48","232.68","232.68","285.37"
"31/03/2025 08:00:00 - 31/03/2025 09:00:00","Belgium (BE)","179.63","203.25","203.25","293.99"
"31/03/2025 09:00:00 - 31/03/2025 10:00:00","Belgium (BE)","156.63","165.43","185.40","192.81"
"31/03/2025 10:00:00 - 31/03/2025 11:00:00","Belgium (BE)","136.80","123.53","178.38","155.76"
"31/03/2025 11:00:00 - 31/03/2025 12:00:00","Belgium (BE)","110.88","87.63","117.18","143.36"
"31/03/2025 12:00:00 - 31/03/2025 13:00:00","Belgium (BE)","93.20","61.28","93.38","140.26"
"31/03/2025 13:00:00 - 31/03/2025 14:00:00","Belgium (BE)","84.58","45.55","77.48","37.91"
"31/03/2025 14:00:00 - 31/03/2025 15:00:00","Belgium (BE)","80.90","36.20","71.35","32.90"
"31/03/2025 15:00:00 - 31/03/2025 16:00:00","Belgium (BE)","81.33","39.68","59.25","45.86"
"31/03/2025 16:00:00 - 31/03/2025 17:00:00","Belgium (BE)","94.35","58.83","84.15","33.41"
"31/03/2025 17:00:00 - 31/03/2025 18:00:00","Belgium (BE)","120.58","91.00","121.43","55.00"
"31/03/2025 18:00:00 - 31/03/2025 19:00:00","Belgium (BE)","151.83","119.05","159.85","179.67"
"31/03/2025 19:00:00 - 31/03/2025 20:00:00","Belgium (BE)","191.83","149.98","204.38","223.12"
"31/03/2025 20:00:00 - 31/03/2025 21:00:00","Belgium (BE)","238.03","188.83","260.20","336.28"
"31/03/2025 21:00:00 - 31/03/2025 22:00:00","Belgium (BE)","285.40","235.55","326.90","513.54"
"31/03/2025 22:00:00 - 31/03/2025 23:00:00","Belgium (BE)","316.03","283.53","374.10","544.15"
"31/03/2025 23:00:00 - 01/04/2025 00:00:00","Belgium (BE)","329.95","327.75","399.78","475.82"
"01/04/2025 00:00:00 - 01/04/2025 01:00:00","Belgium (BE)","340.98","448.83","448.83","454.77"
"01/04/2025 01:00:00 - 01/04/2025 02:00:00","Belgium (BE)","302.43","367.85","367.85","545.89"
"01/04/2025 02:00:00 - 01/04/2025 03:00:00","Belgium (BE)","269.00","324.40","324.40","405.19"
"01/04/2025 03:00:00 - 01/04/2025 04:00:00","Belgium (BE)","258.70","294.38","294.38","407.76"
"01/04/2025 04:00:00 - 01/04/2025 05:00:00","Belgium (BE)","276.10","278.98","278.98","281.49"
"01/04/2025 05:00:00 - 01/04/2025 06:00:00","Belgium (BE)","293.68","350.05","350.05","273.56"
"01/04/2025 06:00:00 - 01/04/2025 07:00:00","Belgium (BE)","302.63","321.38","321.38","300.14"
"01/04/2025 07:00:00 - 01/04/2025 08:00:00","Belgium (BE)","299.55","331.45","331.45","343.53"
"01/04/2025 08:00:00 - 01/04/2025 09:00:00","Belgium (BE)","296.43","335.18","339.20","374.75"
"01/04/2025 09:00:00 - 01/04/2025 10:00:00","Belgium (BE)","280.88","324.90","341.70","339.99"
"01/04/2025 10:00:00 - 01/04/2025 11:00:00","Belgium (BE)","254.73","304.05","358.83","342.27"
"01/04/2025 11:00:00 - 01/04/2025 12:00:00","Belgium (BE)","253.25","293.80","344.03","425.39"
"01/04/2025 12:00:00 - 01/04/2025 13:00:00","Belgium (BE)","290.75","323.85","396.40","312.45"
"01/04/2025 13:00:00 - 01/04/2025 14:00:00","Belgium (BE)","374.40","403.38","485.65","634.91"
"01/04/2025 14:00:00 - 01/04/2025 15:00:00","Belgium (BE)","512.83","547.00","511.25","645.19"
"01/04/2025 15:00:00 - 01/04/2025 16:00:00","Belgium (BE)","719.33","815.08","778.65","902.23"
"01/04/2025 16:00:00 - 01/04/2025 17:00:00","Belgium (BE)","903.03","1047.10","928.08","1076.54"
"01/04/2025 17:00:00 - 01/04/2025 18:00:00","Belgium (BE)","1018.98","1186.73","1066.73","1178.79"
"01/04/2025 18:00:00 - 01/04/2025 19:00:00","Belgium (BE)","1130.60","1288.33","1178.98","1088.44"
"01/04/2025 19:00:00 - 01/04/2025 20:00:00","Belgium (BE)","1284.10","1387.45","1359.03","1259.56"
"01/04/2025 20:00:00 - 01/04/2025 21:00:00","Belgium (BE)","1476.45","1557.38","1402.95","1557.87"
"01/04/2025 21:00:00 - 01/04/2025 22:00:00","Belgium (BE)","1609.68","1591.55","1529.95","1625.28"
"01/04/2025 22:00:00 - 01/04/2025 23:00:00","Belgium (BE)","1692.30","1645.53","1619.08","1641.44"
"01/04/2025 23:00:00 - 02/04/2025 00:00:00","Belgium (BE)","1701.23","1694.63","1673.83","1765.05"
"02/04/2025 00:00:00 - 02/04/2025 01:00:00","Belgium (BE)","1651.35","1691.48","1691.48","1866.22"
"02/04/2025 01:00:00 - 02/04/2025 02:00:00","Belgium (BE)","1589.73","1647.83","1647.83","1646.98"
"02/04/2025 02:00:00 - 02/04/2025 03:00:00","Belgium (BE)","1425.53","1551.23","1551.23","1684.54"
"02/04/2025 03:00:00 - 02/04/2025 04:00:00","Belgium (BE)","1365.38","1404.75","1404.75","1394.52"
"02/04/2025 04:00:00 - 02/04/2025 05:00:00","Belgium (BE)","1455.35","1507.43","1507.43","1351.55"
"02/04/2025 05:00:00 - 02/04/2025 06:00:00","Belgium (BE)","1559.45","1575.80","1575.80","1491.23"
"02/04/2025 06:00:00 - 02/04/2025 07:00:00","Belgium (BE)","1599.48","1522.53","1522.53","1633.59"
"02/04/2025 07:00:00 - 02/04/2025 08:00:00","Belgium (BE)","1579.45","1564.20","1564.20","1591.84"
"02/04/2025 08:00:00 - 02/04/2025 09:00:00","Belgium (BE)","1532.43","1544.83","1596.38","1480.77"
"02/04/2025 09:00:00 - 02/04/2025 10:00:00","Belgium (BE)","1503.25","1513.70","1529.75","1426.77"
"02/04/2025 10:00:00 - 02/04/2025 11:00:00","Belgium (BE)","1483.85","1471.08","1482.28","1409.16"
"02/04/2025 11:00:00 - 02/04/2025 12:00:00","Belgium (BE)","1530.80","1494.23","1495.10","1274.99"
"02/04/2025 12:00:00 - 02/04/2025 13:00:00","Belgium (BE)","1524.13","1479.53","1445.95","1260.91"
"02/04/2025 13:00:00 - 02/04/2025 14:00:00","Belgium (BE)","1530.75","1525.90","1440.18","1042.29"
"02/04/2025 14:00:00 - 02/04/2025 15:00:00","Belgium (BE)","1602.33","1642.30","1508.95","1422.83"
"02/04/2025 15:00:00 - 02/04/2025 16:00:00","Belgium (BE)","1676.83","1758.18","1538.10","1607.81"
"02/04/2025 16:00:00 - 02/04/2025 17:00:00","Belgium (BE)","1706.45","1771.35","1755.33","1677.54"
"02/04/2025 17:00:00 - 02/04/2025 18:00:00","Belgium (BE)","1651.30","1765.23","1773.40","1586.61"
"02/04/2025 18:00:00 - 02/04/2025 19:00:00","Belgium (BE)","1673.95","1800.98","1800.55","1574.91"
"02/04/2025 19:00:00 - 02/04/2025 20:00:00","Belgium (BE)","1762.40","1870.28","1819.28","1301.52"
"02/04/2025 20:00:00 - 02/04/2025 21:00:00","Belgium (BE)","1857.65","1945.80","1876.45","1215.16"
"02/04/2025 21:00:00 - 02/04/2025 22:00:00","Belgium (BE)","1903.43","1962.08","1782.75","1632.75"
"02/04/2025 22:00:00 - 02/04/2025 23:00:00","Belgium (BE)","1911.70","1947.18","1873.73","1938.44"
"02/04/2025 23:00:00 - 03/04/2025 00:00:00","Belgium (BE)","1906.93","1929.85","1916.95","1945.86"
"03/04/2025 00:00:00 - 03/04/2025 01:00:00","Belgium (BE)","1914.50","1945.60","1945.60","1933.40"
"03/04/2025 01:00:00 - 03/04/2025 02:00:00","Belgium (BE)","1879.85","1937.83","1937.83","1909.39"
"03/04/2025 02:00:00 - 03/04/2025 03:00:00","Belgium (BE)","1833.93","1905.83","1905.83","1796.50"
"03/04/2025 03:00:00 - 03/04/2025 04:00:00","Belgium (BE)","1772.33","1825.60","1825.60","1818.86"
"03/04/2025 04:00:00 - 03/04/2025 05:00:00","Belgium (BE)","1740.35","1743.03","1743.03","1623.56"
"03/04/2025 05:00:00 - 03/04/2025 06:00:00","Belgium (BE)","1707.65","1704.00","1704.00","1478.11"
"03/04/2025 06:00:00 - 03/04/2025 07:00:00","Belgium (BE)","1681.40","1615.73","1615.73","1491.20"
"03/04/2025 07:00:00 - 03/04/2025 08:00:00","Belgium (BE)","1621.25","1579.28","1531.08","1464.05"
"03/04/2025 08:00:00 - 03/04/2025 09:00:00","Belgium (BE)","1465.15","1448.25","1417.73","1336.36"
"03/04/2025 09:00:00 - 03/04/2025 10:00:00","Belgium (BE)","1242.05","1236.25","1230.70","1018.86"
"03/04/2025 10:00:00 - 03/04/2025 11:00:00","Belgium (BE)","969.05","972.40","1012.68","782.38"
"03/04/2025 11:00:00 - 03/04/2025 12:00:00","Belgium (BE)","720.10","722.20","714.88","657.62"
"03/04/2025 12:00:00 - 03/04/2025 13:00:00","Belgium (BE)","544.15","533.70","501.35","587.19"
"03/04/2025 13:00:00 - 03/04/2025 14:00:00","Belgium (BE)","432.05","428.28","414.83","492.78"
"03/04/2025 14:00:00 - 03/04/2025 15:00:00","Belgium (BE)","371.13","357.08","379.68","428.42"
"03/04/2025 15:00:00 - 03/04/2025 16:00:00","Belgium (BE)","322.03","303.88","344.13","408.70"
"03/04/2025 16:00:00 - 03/04/2025 17:00:00","Belgium (BE)","293.43","267.43","338.75","426.62"
"03/04/2025 17:00:00 - 03/04/2025 18:00:00","Belgium (BE)","259.65","247.05","340.00","507.71"
"03/04/2025 18:00:00 - 03/04/2025 19:00:00","Belgium (BE)","233.53","226.38","335.73","362.05"
"03/04/2025 19:00:00 - 03/04/2025 20:00:00","Belgium (BE)","236.45","228.20","334.75","365.07"
"03/04/2025 20:00:00 - 03/04/2025 21:00:00","Belgium (BE)","297.90","256.95","287.30","316.47"
"03/04/2025 21:00:00 - 03/04/2025 22:00:00","Belgium (BE)","441.05","372.18","385.23","411.91"
"03/04/2025 22:00:00 - 03/04/2025 23:00:00","Belgium (BE)","590.83","517.53","468.15","503.34"
"03/04/2025 23:00:00 - 04/04/2025 00:00:00","Belgium (BE)","667.98","544.15","512.53","456.18"
"04/04/2025 00:00:00 - 04/04/2025 01:00:00","Belgium (BE)","422.90","490.48","490.48","466.38"
"04/04/2025 01:00:00 - 04/04/2025 02:00:00","Belgium (BE)","316.75","373.45","373.45","407.93"
"04/04/2025 02:00:00 - 04/04/2025 03:00:00","Belgium (BE)","222.48","280.75","280.75","265.20"
"04/04/2025 03:00:00 - 04/04/2025 04:00:00","Belgium (BE)","168.65","191.10","191.10","139.00"
"04/04/2025 04:00:00 - 04/04/2025 05:00:00","Belgium (BE)","143.63","145.80","145.80","73.31"
"04/04/2025 05:00:00 - 04/04/2025 06:00:00","Belgium (BE)","123.15","129.75","129.75","72.78"
"04/04/2025 06:00:00 - 04/04/2025 07:00:00","Belgium (BE)","119.65","125.03","125.03","93.90"
"04/04/2025 07:00:00 - 04/04/2025 08:00:00","Belgium (BE)","131.93","132.78","132.78","113.65"
"04/04/2025 08:00:00 - 04/04/2025 09:00:00","Belgium (BE)","155.10","144.85","144.75","125.19"
"04/04/2025 09:00:00 - 04/04/2025 10:00:00","Belgium (BE)","176.88","160.05","163.88","188.29"
"04/04/2025 10:00:00 - 04/04/2025 11:00:00","Belgium (BE)","194.30","174.05","154.40","170.70"
"04/04/2025 11:00:00 - 04/04/2025 12:00:00","Belgium (BE)","210.30","187.35","186.53","179.32"
"04/04/2025 12:00:00 - 04/04/2025 13:00:00","Belgium (BE)","245.28","203.68","196.78","236.74"
"04/04/2025 13:00:00 - 04/04/2025 14:00:00","Belgium (BE)","307.60","250.18","241.88","231.15"
"04/04/2025 14:00:00 - 04/04/2025 15:00:00","Belgium (BE)","391.25","367.33","319.25","640.75"
"04/04/2025 15:00:00 - 04/04/2025 16:00:00","Belgium (BE)","488.20","519.60","412.28","775.73"
"04/04/2025 16:00:00 - 04/04/2025 17:00:00","Belgium (BE)","669.00","693.68","556.13","786.83"
"04/04/2025 17:00:00 - 04/04/2025 18:00:00","Belgium (BE)","929.00","872.00","926.55","952.21"
"04/04/2025 18:00:00 - 04/04/2025 19:00:00","Belgium (BE)","1087.93","1035.10","1129.50","1124.08"
"04/04/2025 19:00:00 - 04/04/2025 20:00:00","Belgium (BE)","1197.68","1147.58","1283.63","1285.34"
"04/04/2025 20:00:00 - 04/04/2025 21:00:00","Belgium (BE)","1299.53","1244.25","1379.45","1457.52"
"04/04/2025 21:00:00 - 04/04/2025 22:00:00","Belgium (BE)","1383.93","1297.05","1446.90","1500.03"
"04/04/2025 22:00:00 - 04/04/2025 23:00:00","Belgium (BE)","1453.13","1310.85","1449.75","1521.47"
"04/04/2025 23:00:00 - 05/04/2025 00:00:00","Belgium (BE)","1505.05","1314.25","1484.53","1168.87"
"05/04/2025 00:00:00 - 05/04/2025 01:00:00","Belgium (BE)","1406.80","1485.50","1485.50","1344.13"
"05/04/2025 01:00:00 - 05/04/2025 02:00:00","Belgium (BE)","1338.65","1271.70","1271.70","1593.10"
"05/04/2025 02:00:00 - 05/04/2025 03:00:00","Belgium (BE)","1160.08","1149.63","1149.63","1271.70"
"05/04/2025 03:00:00 - 05/04/2025 04:00:00","Belgium (BE)","913.28","896.25","896.25","723.49"
"05/04/2025 04:00:00 - 05/04/2025 05:00:00","Belgium (BE)","792.73","812.95","812.95","547.15"
"05/04/2025 05:00:00 - 05/04/2025 06:00:00","Belgium (BE)","789.70","712.20","712.20","682.45"
"05/04/2025 06:00:00 - 05/04/2025 07:00:00","Belgium (BE)","799.03","775.35","775.35","712.63"
"05/04/2025 07:00:00 - 05/04/2025 08:00:00","Belgium (BE)","753.13","820.20","820.20","536.57"
"05/04/2025 08:00:00 - 05/04/2025 09:00:00","Belgium (BE)","754.35","847.13","847.13","664.23"
"05/04/2025 09:00:00 - 05/04/2025 10:00:00","Belgium (BE)","774.28","919.58","831.08","667.74"
"05/04/2025 10:00:00 - 05/04/2025 11:00:00","Belgium (BE)","770.45","989.38","915.58","711.90"
"05/04/2025 11:00:00 - 05/04/2025 12:00:00","Belgium (BE)","771.63","1037.15","946.95","825.59"
"05/04/2025 12:00:00 - 05/04/2025 13:00:00","Belgium (BE)","837.80","1081.08","1030.23","1061.23"
"05/04/2025 13:00:00 - 05/04/2025 14:00:00","Belgium (BE)","952.50","1160.18","1175.85","1070.82"
"05/04/2025 14:00:00 - 05/04/2025 15:00:00","Belgium (BE)","1173.75","1313.80","1371.18","914.98"
"05/04/2025 15:00:00 - 05/04/2025 16:00:00","Belgium (BE)","1424.43","1446.63","1451.25","1341.08"
"05/04/2025 16:00:00 - 05/04/2025 17:00:00","Belgium (BE)","1652.98","1579.03","1627.23","1599.87"
"05/04/2025 17:00:00 - 05/04/2025 18:00:00","Belgium (BE)","1779.75","1676.95","1724.65","1655.03"
"05/04/2025 18:00:00 - 05/04/2025 19:00:00","Belgium (BE)","1831.98","1741.33","1768.23","1841.93"
"05/04/2025 19:00:00 - 05/04/2025 20:00:00","Belgium (BE)","1848.50","1769.68","1796.78","1974.44"
"05/04/2025 20:00:00 - 05/04/2025 21:00:00","Belgium (BE)","1834.58","1778.30","1818.55","1920.01"
"05/04/2025 21:00:00 - 05/04/2025 22:00:00","Belgium (BE)","1797.35","1759.25","1848.75","1813.80"
"05/04/2025 22:00:00 - 05/04/2025 23:00:00","Belgium (BE)","1716.93","1689.58","1766.15","1847.87"
"05/04/2025 23:00:00 - 06/04/2025 00:00:00","Belgium (BE)","1641.25","1617.10","1697.03","1773.83"
"06/04/2025 00:00:00 - 06/04/2025 01:00:00","Belgium (BE)","1630.35","1595.58","1595.58","1692.15"
"06/04/2025 01:00:00 - 06/04/2025 02:00:00","Belgium (BE)","1573.13","1574.63","1574.63","1514.25"
"06/04/2025 02:00:00 - 06/04/2025 03:00:00","Belgium (BE)","1527.18","1543.38","1543.38","1652.72"
"06/04/2025 03:00:00 - 06/04/2025 04:00:00","Belgium (BE)","1487.98","1552.23","1552.23","1628.58"
"06/04/2025 04:00:00 - 06/04/2025 05:00:00","Belgium (BE)","1485.63","1639.95","1639.95","1592.88"
"06/04/2025 05:00:00 - 06/04/2025 06:00:00","Belgium (BE)","1457.18","1604.05","1604.05","1512.07"
"06/04/2025 06:00:00 - 06/04/2025 07:00:00","Belgium (BE)","1415.58","1531.60","1531.60","1386.88"
"06/04/2025 07:00:00 - 06/04/2025 08:00:00","Belgium (BE)","1363.98","1479.10","1461.68","1224.82"
"06/04/2025 08:00:00 - 06/04/2025 09:00:00","Belgium (BE)","1299.85","1394.23","1378.05","1157.03"
"06/04/2025 09:00:00 - 06/04/2025 10:00:00","Belgium (BE)","1220.35","1283.38","1189.60","1040.82"
"06/04/2025 10:00:00 - 06/04/2025 11:00:00","Belgium (BE)","1114.93","1169.63","1102.95","814.51"
"06/04/2025 11:00:00 - 06/04/2025 12:00:00","Belgium (BE)","1003.03","1055.23","963.70","727.69"
"06/04/2025 12:00:00 - 06/04/2025 13:00:00","Belgium (BE)","894.45","951.53","785.08","765.69"
"06/04/2025 13:00:00 - 06/04/2025 14:00:00","Belgium (BE)","779.20","874.10","698.18","599.78"
"06/04/2025 14:00:00 - 06/04/2025 15:00:00","Belgium (BE)","681.58","824.48","703.15","442.58"
"06/04/2025 15:00:00 - 06/04/2025 16:00:00","Belgium (BE)","655.35","823.13","721.75","531.91"
"06/04/2025 16:00:00 - 06/04/2025 17:00:00","Belgium (BE)","717.35","877.58","763.60","870.69"
"06/04/2025 17:00:00 - 06/04/2025 18:00:00","Belgium (BE)","841.55","962.78","878.25","1173.55"
"06/04/2025 18:00:00 - 06/04/2025 19:00:00","Belgium (BE)","960.70","1026.60","985.40","1015.69"
"06/04/2025 19:00:00 - 06/04/2025 20:00:00","Belgium (BE)","1028.25","1049.58","1042.78","775.88"
"06/04/2025 20:00:00 - 06/04/2025 21:00:00","Belgium (BE)","1044.90","1052.18","951.78","801.09"
"06/04/2025 21:00:00 - 06/04/2025 22:00:00","Belgium (BE)","995.60","985.28","811.90","846.98"
"06/04/2025 22:00:00 - 06/04/2025 23:00:00","Belgium (BE)","862.58","831.08","739.75","664.88"
"06/04/2025 23:00:00 - 07/04/2025 00:00:00","Belgium (BE)","721.23","653.68","641.13","559.13"
"07/04/2025 00:00:00 - 07/04/2025 01:00:00","Belgium (BE)","560.53","522.60","522.60","412.84"
"07/04/2025 01:00:00 - 07/04/2025 02:00:00","Belgium (BE)","543.58","533.78","533.78","321.26"
"07/04/2025 02:00:00 - 07/04/2025 03:00:00","Belgium (BE)","519.68","483.90","483.90","412.57"
"07/04/2025 03:00:00 - 07/04/2025 04:00:00","Belgium (BE)","453.40","459.93","459.93","492.64"
"07/04/2025 04:00:00 - 07/04/2025 05:00:00","Belgium (BE)","388.25","393.70","393.70","446.33"
"07/04/2025 05:00:00 - 07/04/2025 06:00:00","Belgium (BE)","323.43","353.78","353.78","388.23"
"07/04/2025 06:00:00 - 07/04/2025 07:00:00","Belgium (BE)","283.40","360.30","360.30","369.96"
"07/04/2025 07:00:00 - 07/04/2025 08:00:00","Belgium (BE)","252.38","335.40","335.40","305.95"
"07/04/2025 08:00:00 - 07/04/2025 09:00:00","Belgium (BE)","216.28","300.28","300.28","337.38"
"07/04/2025 09:00:00 - 07/04/2025 10:00:00","Belgium (BE)","177.55","253.05","254.50","266.53"
"07/04/2025 10:00:00 - 07/04/2025 11:00:00","Belgium (BE)","138.35","189.35","222.75","131.40"
"07/04/2025 11:00:00 - 07/04/2025 12:00:00","Belgium (BE)","111.83","142.40","168.88","22.73"
"07/04/2025 12:00:00 - 07/04/2025 13:00:00","Belgium (BE)","103.83","122.98","106.38","31.86"
"07/04/2025 13:00:00 - 07/04/2025 14:00:00","Belgium (BE)","114.35","127.40","91.68","45.69"
"07/04/2025 14:00:00 - 07/04/2025 15:00:00","Belgium (BE)","152.20","167.73","158.33","89.06"
"07/04/2025 15:00:00 - 07/04/2025 16:00:00","Belgium (BE)","207.80","242.85","234.13","141.57"
"07/04/2025 16:00:00 - 07/04/2025 17:00:00","Belgium (BE)","283.18","349.23","345.05","360.18"
"07/04/2025 17:00:00 - 07/04/2025 18:00:00","Belgium (BE)","361.35","453.08","487.98","470.45"
"07/04/2025 18:00:00 - 07/04/2025 19:00:00","Belgium (BE)","426.18","524.78","606.53","505.30"
"07/04/2025 19:00:00 - 07/04/2025 20:00:00","Belgium (BE)","478.18","575.35","688.68","564.17"
"07/04/2025 20:00:00 - 07/04/2025 21:00:00","Belgium (BE)","519.68","606.60","680.10","552.01"
"07/04/2025 21:00:00 - 07/04/2025 22:00:00","Belgium (BE)","546.18","602.30","607.53","533.12"
"07/04/2025 22:00:00 - 07/04/2025 23:00:00","Belgium (BE)","525.18","519.05","515.13","507.17"
"07/04/2025 23:00:00 - 08/04/2025 00:00:00","Belgium (BE)","460.45","444.33","442.55","506.19"
"08/04/2025 00:00:00 - 08/04/2025 01:00:00","Belgium (BE)","430.40","344.48","344.48","521.99"
"08/04/2025 01:00:00 - 08/04/2025 02:00:00","Belgium (BE)","376.85","319.43","319.43","346.36"
"08/04/2025 02:00:00 - 08/04/2025 03:00:00","Belgium (BE)","344.48","304.80","304.80","230.55"
"08/04/2025 03:00:00 - 08/04/2025 04:00:00","Belgium (BE)","324.53","254.40","254.40","205.93"
"08/04/2025 04:00:00 - 08/04/2025 05:00:00","Belgium (BE)","291.30","210.85","210.85","191.69"
"08/04/2025 05:00:00 - 08/04/2025 06:00:00","Belgium (BE)","242.43","206.10","206.10","181.29"
"08/04/2025 06:00:00 - 08/04/2025 07:00:00","Belgium (BE)","201.18","196.23","196.23","164.57"
"08/04/2025 07:00:00 - 08/04/2025 08:00:00","Belgium (BE)","171.90","157.48","157.48","144.85"
"08/04/2025 08:00:00 - 08/04/2025 09:00:00","Belgium (BE)","137.68","136.55","127.78","135.65"
"08/04/2025 09:00:00 - 08/04/2025 10:00:00","Belgium (BE)","106.38","98.70","85.90","83.49"
"08/04/2025 10:00:00 - 08/04/2025 11:00:00","Belgium (BE)","98.90","65.33","67.85","24.51"
"08/04/2025 11:00:00 - 08/04/2025 12:00:00","Belgium (BE)","114.73","65.95","71.08","41.17"
"08/04/2025 12:00:00 - 08/04/2025 13:00:00","Belgium (BE)","140.43","98.58","97.18","116.04"
"08/04/2025 13:00:00 - 08/04/2025 14:00:00","Belgium (BE)","171.15","140.53","161.20","176.20"
"08/04/2025 14:00:00 - 08/04/2025 15:00:00","Belgium (BE)","218.23","183.00","220.88","235.79"
"08/04/2025 15:00:00 - 08/04/2025 16:00:00","Belgium (BE)","277.83","229.50","279.58","250.69"
"08/04/2025 16:00:00 - 08/04/2025 17:00:00","Belgium (BE)","356.80","312.68","348.68","224.75"
"08/04/2025 17:00:00 - 08/04/2025 18:00:00","Belgium (BE)","469.58","444.78","430.25","252.51"
"08/04/2025 18:00:00 - 08/04/2025 19:00:00","Belgium (BE)","592.58","566.83","491.05","353.46"
"08/04/2025 19:00:00 - 08/04/2025 20:00:00","Belgium (BE)","693.35","660.35","575.73","531.79"
"08/04/2025 20:00:00 - 08/04/2025 21:00:00","Belgium (BE)","752.95","738.33","685.93","581.15"
"08/04/2025 21:00:00 - 08/04/2025 22:00:00","Belgium (BE)","761.43","761.53","780.58","684.34"
"08/04/2025 22:00:00 - 08/04/2025 23:00:00","Belgium (BE)","724.33","716.25","774.18","700.38"
"08/04/2025 23:00:00 - 09/04/2025 00:00:00","Belgium (BE)","685.63","655.05","724.83","765.98"
"09/04/2025 00:00:00 - 09/04/2025 01:00:00","Belgium (BE)","681.28","675.80","675.80","730.26"
"09/04/2025 01:00:00 - 09/04/2025 02:00:00","Belgium (BE)","622.65","653.40","653.40","687.35"
"09/04/2025 02:00:00 - 09/04/2025 03:00:00","Belgium (BE)","549.43","565.83","565.83","556.41"
"09/04/2025 03:00:00 - 09/04/2025 04:00:00","Belgium (BE)","461.25","460.88","460.88","412.74"
"09/04/2025 04:00:00 - 09/04/2025 05:00:00","Belgium (BE)","402.73","398.88","398.88","371.17"
"09/04/2025 05:00:00 - 09/04/2025 06:00:00","Belgium (BE)","390.70","388.83","388.83","409.63"
"09/04/2025 06:00:00 - 09/04/2025 07:00:00","Belgium (BE)","411.50","427.48","427.48","373.76"
"09/04/2025 07:00:00 - 09/04/2025 08:00:00","Belgium (BE)","441.00","459.00","459.00","456.03"
"09/04/2025 08:00:00 - 09/04/2025 09:00:00","Belgium (BE)","442.83","452.83","427.43","535.51"
"09/04/2025 09:00:00 - 09/04/2025 10:00:00","Belgium (BE)","417.30","439.30","432.50","602.14"
"09/04/2025 10:00:00 - 09/04/2025 11:00:00","Belgium (BE)","386.35","435.58","436.18","488.16"
"09/04/2025 11:00:00 - 09/04/2025 12:00:00","Belgium (BE)","378.83","452.05","489.90","518.58"
"09/04/2025 12:00:00 - 09/04/2025 13:00:00","Belgium (BE)","407.80","488.73","490.80","538.56"
"09/04/2025 13:00:00 - 09/04/2025 14:00:00","Belgium (BE)","460.98","540.48","567.98","618.65"
"09/04/2025 14:00:00 - 09/04/2025 15:00:00","Belgium (BE)","520.68","605.10","633.95","721.79"
"09/04/2025 15:00:00 - 09/04/2025 16:00:00","Belgium (BE)","577.93","663.15","710.30","870.18"
"09/04/2025 16:00:00 - 09/04/2025 17:00:00","Belgium (BE)","624.78","732.98","763.65","888.97"
"09/04/2025 17:00:00 - 09/04/2025 18:00:00","Belgium (BE)","731.90","807.28","916.68","1018.01"
"09/04/2025 18:00:00 - 09/04/2025 19:00:00","Belgium (BE)","879.90","941.90","1021.33","998.88"
"09/04/2025 19:00:00 - 09/04/2025 20:00:00","Belgium (BE)","959.75","1050.38","1083.80","1199.81"
"09/04/2025 20:00:00 - 09/04/2025 21:00:00","Belgium (BE)","877.80","1023.80","1007.93","1297.20"
"09/04/2025 21:00:00 - 09/04/2025 22:00:00","Belgium (BE)","791.55","900.58","924.53","1049.71"
"09/04/2025 22:00:00 - 09/04/2025 23:00:00","Belgium (BE)","749.53","787.95","767.20","942.58"
"09/04/2025 23:00:00 - 10/04/2025 00:00:00","Belgium (BE)","718.50","723.35","683.38","752.89"
"10/04/2025 00:00:00 - 10/04/2025 01:00:00","Belgium (BE)","582.58","639.15","639.15","687.31"
"10/04/2025 01:00:00 - 10/04/2025 02:00:00","Belgium (BE)","470.55","513.38","513.38","628.94"
"10/04/2025 02:00:00 - 10/04/2025 03:00:00","Belgium (BE)","403.35","445.73","445.73","563.08"
"10/04/2025 03:00:00 - 10/04/2025 04:00:00","Belgium (BE)","366.30","385.05","385.05","501.36"
"10/04/2025 04:00:00 - 10/04/2025 05:00:00","Belgium (BE)","326.58","397.93","397.93","420.76"
"10/04/2025 05:00:00 - 10/04/2025 06:00:00","Belgium (BE)","297.83","383.05","383.05","275.77"
"10/04/2025 06:00:00 - 10/04/2025 07:00:00","Belgium (BE)","304.75","360.73","360.73","313.77"
"10/04/2025 07:00:00 - 10/04/2025 08:00:00","Belgium (BE)","302.90","358.50","330.55","301.20"
"10/04/2025 08:00:00 - 10/04/2025 09:00:00","Belgium (BE)","280.08","355.93","339.88","315.70"
"10/04/2025 09:00:00 - 10/04/2025 10:00:00","Belgium (BE)","253.68","331.25","304.23","372.39"
"10/04/2025 10:00:00 - 10/04/2025 11:00:00","Belgium (BE)","213.35","286.93","264.25","324.67"
"10/04/2025 11:00:00 - 10/04/2025 12:00:00","Belgium (BE)","173.25","250.45","255.73","325.05"
"10/04/2025 12:00:00 - 10/04/2025 13:00:00","Belgium (BE)","153.53","227.58","221.63","252.06"
"10/04/2025 13:00:00 - 10/04/2025 14:00:00","Belgium (BE)","143.43","190.88","194.48","174.07"
"10/04/2025 14:00:00 - 10/04/2025 15:00:00","Belgium (BE)","130.60","159.88","160.85","163.51"
"10/04/2025 15:00:00 - 10/04/2025 16:00:00","Belgium (BE)","126.55","137.60","131.53","164.40"
"10/04/2025 16:00:00 - 10/04/2025 17:00:00","Belgium (BE)","110.33","116.33","120.35","117.15"
"10/04/2025 17:00:00 - 10/04/2025 18:00:00","Belgium (BE)","88.40","88.18","99.58","55.90"
"10/04/2025 18:00:00 - 10/04/2025 19:00:00","Belgium (BE)","68.43","57.40","67.28","1.24"
"10/04/2025 19:00:00 - 10/04/2025 20:00:00","Belgium (BE)","45.65","29.60","19.08"," "
"10/04/2025 20:00:00 - 10/04/2025 21:00:00","Belgium (BE)","26.90","13.98","9.90"," "
"10/04/2025 21:00:00 - 10/04/2025 22:00:00","Belgium (BE)","16.90","11.15","11.15"," "
"10/04/2025 22:00:00 - 10/04/2025 23:00:00","Belgium (BE)","11.28","10.93","8.00"," "
"10/04/2025 23:00:00 - 11/04/2025 00:00:00","Belgium (BE)","9.45","10.78","7.65"," "
"11/04/2025 00:00:00 - 11/04/2025 01:00:00","Belgium (BE)","9.45","11.60","11.60"," "
"11/04/2025 01:00:00 - 11/04/2025 02:00:00","Belgium (BE)","11.90","13.20","13.20"," "
"11/04/2025 02:00:00 - 11/04/2025 03:00:00","Belgium (BE)","17.88","18.23","18.23"," "
"11/04/2025 03:00:00 - 11/04/2025 04:00:00","Belgium (BE)","27.88","28.05","28.05"," "
"11/04/2025 04:00:00 - 11/04/2025 05:00:00","Belgium (BE)","41.63","45.33","45.33","15.09"
"11/04/2025 05:00:00 - 11/04/2025 06:00:00","Belgium (BE)","63.33","69.15","69.15","36.80"
"11/04/2025 06:00:00 - 11/04/2025 07:00:00","Belgium (BE)","90.75","101.85","101.85","42.33"
"11/04/2025 07:00:00 - 11/04/2025 08:00:00","Belgium (BE)","117.00","137.33","127.53","164.72"
"11/04/2025 08:00:00 - 11/04/2025 09:00:00","Belgium (BE)","135.08","171.40","150.68","221.89"
"11/04/2025 09:00:00 - 11/04/2025 10:00:00","Belgium (BE)","147.20","194.93","190.78","180.81"
"11/04/2025 10:00:00 - 11/04/2025 11:00:00","Belgium (BE)","137.95","181.43","209.25","230.70"
"11/04/2025 11:00:00 - 11/04/2025 12:00:00","Belgium (BE)","116.78","156.50","163.70","238.22"
"11/04/2025 12:00:00 - 11/04/2025 13:00:00","Belgium (BE)","88.20","122.10","156.53","202.76"
"11/04/2025 13:00:00 - 11/04/2025 14:00:00","Belgium (BE)","64.03","91.13","136.73","125.82"
"11/04/2025 14:00:00 - 11/04/2025 15:00:00","Belgium (BE)","44.13","60.40","89.25","51.49"
"11/04/2025 15:00:00 - 11/04/2025 16:00:00","Belgium (BE)","22.50","34.28","42.03"," "
"11/04/2025 16:00:00 - 11/04/2025 17:00:00","Belgium (BE)","14.13","18.20","23.75"," "
"11/04/2025 17:00:00 - 11/04/2025 18:00:00","Belgium (BE)","12.23","11.45","9.03"," "
"11/04/2025 18:00:00 - 11/04/2025 19:00:00","Belgium (BE)","12.90","9.60","13.75"," "
"11/04/2025 19:00:00 - 11/04/2025 20:00:00","Belgium (BE)","14.25","9.95","13.50"," "
"11/04/2025 20:00:00 - 11/04/2025 21:00:00","Belgium (BE)","14.30","11.30","12.93"," "
"11/04/2025 21:00:00 - 11/04/2025 22:00:00","Belgium (BE)","14.25","13.38","14.98"," "
"11/04/2025 22:00:00 - 11/04/2025 23:00:00","Belgium (BE)","21.23","18.00","13.08","0.33"
"11/04/2025 23:00:00 - 12/04/2025 00:00:00","Belgium (BE)","35.73","25.85","17.25"," "
"12/04/2025 00:00:00 - 12/04/2025 01:00:00","Belgium (BE)","31.78","38.15","38.15","35.63"
"12/04/2025 01:00:00 - 12/04/2025 02:00:00","Belgium (BE)","51.48","51.68","51.68","56.59"
"12/04/2025 02:00:00 - 12/04/2025 03:00:00","Belgium (BE)","73.43","70.20","70.20","88.99"
"12/04/2025 03:00:00 - 12/04/2025 04:00:00","Belgium (BE)","110.08","98.55","98.55","130.47"
"12/04/2025 04:00:00 - 12/04/2025 05:00:00","Belgium (BE)","171.33","152.15","152.15","121.84"
"12/04/2025 05:00:00 - 12/04/2025 06:00:00","Belgium (BE)","253.93","284.28","284.28","147.29"
"12/04/2025 06:00:00 - 12/04/2025 07:00:00","Belgium (BE)","326.33","333.25","333.25","186.33"
"12/04/2025 07:00:00 - 12/04/2025 08:00:00","Belgium (BE)","366.13","400.68","373.38","297.85"
"12/04/2025 08:00:00 - 12/04/2025 09:00:00","Belgium (BE)","378.18","450.18","435.55","381.26"
"12/04/2025 09:00:00 - 12/04/2025 10:00:00","Belgium (BE)","373.43","464.48","430.50","454.62"
"12/04/2025 10:00:00 - 12/04/2025 11:00:00","Belgium (BE)","350.38","440.85","461.65","337.17"
"12/04/2025 11:00:00 - 12/04/2025 12:00:00","Belgium (BE)","325.83","397.63","447.75","228.65"
"12/04/2025 12:00:00 - 12/04/2025 13:00:00","Belgium (BE)","325.15","362.53","420.80","230.85"
"12/04/2025 13:00:00 - 12/04/2025 14:00:00","Belgium (BE)","324.80","358.33","326.40","327.47"
"12/04/2025 14:00:00 - 12/04/2025 15:00:00","Belgium (BE)","352.53","423.90","366.58","392.23"
"12/04/2025 15:00:00 - 12/04/2025 16:00:00","Belgium (BE)","376.33","465.63","444.45","486.89"
"12/04/2025 16:00:00 - 12/04/2025 17:00:00","Belgium (BE)","379.68","443.80","464.58","282.41"
"12/04/2025 17:00:00 - 12/04/2025 18:00:00","Belgium (BE)","380.80","419.20","469.90","328.33"
"12/04/2025 18:00:00 - 12/04/2025 19:00:00","Belgium (BE)","429.83","428.88","466.55","292.47"
"12/04/2025 19:00:00 - 12/04/2025 20:00:00","Belgium (BE)","548.65","453.90","601.95","524.82"
"12/04/2025 20:00:00 - 12/04/2025 21:00:00","Belgium (BE)","657.73","526.98","867.45","1349.48"
"12/04/2025 21:00:00 - 12/04/2025 22:00:00","Belgium (BE)","717.58","733.23","1231.65","1496.18"
"12/04/2025 22:00:00 - 12/04/2025 23:00:00","Belgium (BE)","959.05","1093.33","1467.28","1530.92"
"12/04/2025 23:00:00 - 13/04/2025 00:00:00","Belgium (BE)","1153.38","1207.00","1524.65","1554.19"
"13/04/2025 00:00:00 - 13/04/2025 01:00:00","Belgium (BE)","1478.43","1579.70","1579.70","1623.03"
"13/04/2025 01:00:00 - 13/04/2025 02:00:00","Belgium (BE)","1374.10","1469.10","1469.10","1367.41"
"13/04/2025 02:00:00 - 13/04/2025 03:00:00","Belgium (BE)","1356.13","1474.53","1474.53","1014.89"
"13/04/2025 03:00:00 - 13/04/2025 04:00:00","Belgium (BE)","1289.05","1450.45","1450.45","707.21"
"13/04/2025 04:00:00 - 13/04/2025 05:00:00","Belgium (BE)","1196.65","1302.83","1302.83","1038.41"
"13/04/2025 05:00:00 - 13/04/2025 06:00:00","Belgium (BE)","1137.88","1274.75","1274.75","1315.13"
"13/04/2025 06:00:00 - 13/04/2025 07:00:00","Belgium (BE)","1186.58","1483.23","1483.23","1168.87"
"13/04/2025 07:00:00 - 13/04/2025 08:00:00","Belgium (BE)","1231.33","1579.38","1610.18","1064.22"
"13/04/2025 08:00:00 - 13/04/2025 09:00:00","Belgium (BE)","1282.48","1561.83","1457.20","1534.57"
"13/04/2025 09:00:00 - 13/04/2025 10:00:00","Belgium (BE)","1306.38","1426.08","1230.43","1333.69"
"13/04/2025 10:00:00 - 13/04/2025 11:00:00","Belgium (BE)","1263.45","1208.43","1099.80","1074.39"
"13/04/2025 11:00:00 - 13/04/2025 12:00:00","Belgium (BE)","1148.83","1024.68","955.78","818.92"
"13/04/2025 12:00:00 - 13/04/2025 13:00:00","Belgium (BE)","1168.50","1053.08","963.53","539.73"
"13/04/2025 13:00:00 - 13/04/2025 14:00:00","Belgium (BE)","1363.33","1214.58","1040.63","786.89"
"13/04/2025 14:00:00 - 13/04/2025 15:00:00","Belgium (BE)","1559.90","1443.50","1379.80","1422.09"
"13/04/2025 15:00:00 - 13/04/2025 16:00:00","Belgium (BE)","1654.58","1634.88","1576.70","1575.58"
"13/04/2025 16:00:00 - 13/04/2025 17:00:00","Belgium (BE)","1729.70","1766.13","1818.30","2051.50"
"13/04/2025 17:00:00 - 13/04/2025 18:00:00","Belgium (BE)","1817.83","1848.10","1889.03","2051.14"
"13/04/2025 18:00:00 - 13/04/2025 19:00:00","Belgium (BE)","1845.13","1877.98","2016.70","2060.94"
"13/04/2025 19:00:00 - 13/04/2025 20:00:00","Belgium (BE)","1768.30","1839.43","1921.55","2125.67"
"13/04/2025 20:00:00 - 13/04/2025 21:00:00","Belgium (BE)","1673.50","1761.43","1813.48","1937.71"
"13/04/2025 21:00:00 - 13/04/2025 22:00:00","Belgium (BE)","1586.95","1701.95","1877.60","1753.25"
"13/04/2025 22:00:00 - 13/04/2025 23:00:00","Belgium (BE)","1484.38","1642.45","1793.63","1703.51"
"13/04/2025 23:00:00 - 14/04/2025 00:00:00","Belgium (BE)","1374.70","1532.83","1669.68","1355.58"
"14/04/2025 00:00:00 - 14/04/2025 01:00:00","Belgium (BE)","1408.53","1324.55","1324.55","1494.73"
"14/04/2025 01:00:00 - 14/04/2025 02:00:00","Belgium (BE)","1185.33","1072.15","1072.15","962.29"
"14/04/2025 02:00:00 - 14/04/2025 03:00:00","Belgium (BE)","872.65","884.18","884.18","752.25"
"14/04/2025 03:00:00 - 14/04/2025 04:00:00","Belgium (BE)","613.30","618.25","618.25","539.67"
"14/04/2025 04:00:00 - 14/04/2025 05:00:00","Belgium (BE)","473.85","484.35","484.35","500.86"
"14/04/2025 05:00:00 - 14/04/2025 06:00:00","Belgium (BE)","375.65","391.10","391.10","615.42"
"14/04/2025 06:00:00 - 14/04/2025 07:00:00","Belgium (BE)","279.60","327.40","327.40","401.96"
"14/04/2025 07:00:00 - 14/04/2025 08:00:00","Belgium (BE)","175.78","229.05","287.53","255.47"
"14/04/2025 08:00:00 - 14/04/2025 09:00:00","Belgium (BE)","108.38","178.90","204.88","107.86"
"14/04/2025 09:00:00 - 14/04/2025 10:00:00","Belgium (BE)","73.83","149.28","162.85","131.28"
"14/04/2025 10:00:00 - 14/04/2025 11:00:00","Belgium (BE)","54.58","106.38","105.78","141.37"
"14/04/2025 11:00:00 - 14/04/2025 12:00:00","Belgium (BE)","37.18","72.70","77.05","115.22"
"14/04/2025 12:00:00 - 14/04/2025 13:00:00","Belgium (BE)","30.48","44.83","67.80","62.44"
"14/04/2025 13:00:00 - 14/04/2025 14:00:00","Belgium (BE)","22.20","29.20","40.25","11.96"
"14/04/2025 14:00:00 - 14/04/2025 15:00:00","Belgium (BE)","19.83","27.18","27.35"," "
"14/04/2025 15:00:00 - 14/04/2025 16:00:00","Belgium (BE)","30.08","51.35","41.70"," "
"14/04/2025 16:00:00 - 14/04/2025 17:00:00","Belgium (BE)","67.10","101.15","82.65","21.51"
"14/04/2025 17:00:00 - 14/04/2025 18:00:00","Belgium (BE)","145.83","186.35","142.23","84.77"
"14/04/2025 18:00:00 - 14/04/2025 19:00:00","Belgium (BE)","256.78","244.63","219.48","150.30"
"14/04/2025 19:00:00 - 14/04/2025 20:00:00","Belgium (BE)","384.80","286.23","263.85","179.19"
"14/04/2025 20:00:00 - 14/04/2025 21:00:00","Belgium (BE)","485.85","318.10","312.08","246.78"
"14/04/2025 21:00:00 - 14/04/2025 22:00:00","Belgium (BE)","594.28","352.98","330.18","208.13"
"14/04/2025 22:00:00 - 14/04/2025 23:00:00","Belgium (BE)","683.45","427.33","385.68","166.54"
"14/04/2025 23:00:00 - 15/04/2025 00:00:00","Belgium (BE)","749.85","524.18","480.95","207.08"
"15/04/2025 00:00:00 - 15/04/2025 01:00:00","Belgium (BE)","520.28","659.83","659.83","239.09"
"15/04/2025 01:00:00 - 15/04/2025 02:00:00","Belgium (BE)","542.10","594.68","594.68","289.01"
"15/04/2025 02:00:00 - 15/04/2025 03:00:00","Belgium (BE)","548.85","595.63","595.63","372.36"
"15/04/2025 03:00:00 - 15/04/2025 04:00:00","Belgium (BE)","587.83","771.28","771.28","394.26"
"15/04/2025 04:00:00 - 15/04/2025 05:00:00","Belgium (BE)","703.33","760.20","760.20","460.79"
"15/04/2025 05:00:00 - 15/04/2025 06:00:00","Belgium (BE)","853.18","753.95","753.95","537.63"
"15/04/2025 06:00:00 - 15/04/2025 07:00:00","Belgium (BE)","833.55","659.63","659.63","658.97"
"15/04/2025 07:00:00 - 15/04/2025 08:00:00","Belgium (BE)","824.05","617.68","603.13","628.46"
"15/04/2025 08:00:00 - 15/04/2025 09:00:00","Belgium (BE)","752.38","490.10","522.73","482.65"
"15/04/2025 09:00:00 - 15/04/2025 10:00:00","Belgium (BE)","631.18","377.45","409.45","470.12"
"15/04/2025 10:00:00 - 15/04/2025 11:00:00","Belgium (BE)","468.10","260.53","324.38","607.93"
"15/04/2025 11:00:00 - 15/04/2025 12:00:00","Belgium (BE)","317.80","202.35","255.35","567.68"
"15/04/2025 12:00:00 - 15/04/2025 13:00:00","Belgium (BE)","259.33","122.20","268.03","202.86"
"15/04/2025 13:00:00 - 15/04/2025 14:00:00","Belgium (BE)","178.45","87.18","224.53","260.45"
"15/04/2025 14:00:00 - 15/04/2025 15:00:00","Belgium (BE)","109.25","69.48","133.95","183.59"
"15/04/2025 15:00:00 - 15/04/2025 16:00:00","Belgium (BE)","70.75","55.15","105.78","44.11"
"15/04/2025 16:00:00 - 15/04/2025 17:00:00","Belgium (BE)","92.68","36.73","58.88"," "
"15/04/2025 17:00:00 - 15/04/2025 18:00:00","Belgium (BE)","142.93","30.88","9.50"," "
"15/04/2025 18:00:00 - 15/04/2025 19:00:00","Belgium (BE)","202.43","58.03","14.18"," "
"15/04/2025 19:00:00 - 15/04/2025 20:00:00","Belgium (BE)","281.83","120.35","29.98","3.26"
"15/04/2025 20:00:00 - 15/04/2025 21:00:00","Belgium (BE)","297.93","206.80","76.85"," "
"15/04/2025 21:00:00 - 15/04/2025 22:00:00","Belgium (BE)","516.08","327.18","171.95","12.70"
"15/04/2025 22:00:00 - 15/04/2025 23:00:00","Belgium (BE)","1022.88","551.43","412.65","79.60"
"15/04/2025 23:00:00 - 16/04/2025 00:00:00","Belgium (BE)","1294.50","1089.30","1014.55","761.57"
"16/04/2025 00:00:00 - 16/04/2025 01:00:00","Belgium (BE)","1327.23","1000.13","1000.13","985.68"
"16/04/2025 01:00:00 - 16/04/2025 02:00:00","Belgium (BE)","1409.18","1120.08","1120.08","1104.43"
"16/04/2025 02:00:00 - 16/04/2025 03:00:00","Belgium (BE)","1514.03","1202.85","1202.85","1253.58"
"16/04/2025 03:00:00 - 16/04/2025 04:00:00","Belgium (BE)","1602.15","1370.38","1370.38","1693.51"
"16/04/2025 04:00:00 - 16/04/2025 05:00:00","Belgium (BE)","1646.78","1453.75","1453.75","1734.84"
"16/04/2025 05:00:00 - 16/04/2025 06:00:00","Belgium (BE)","1627.23","1548.33","1548.33","1471.04"
"16/04/2025 06:00:00 - 16/04/2025 07:00:00","Belgium (BE)","1598.85","1502.35","1502.35","1573.39"
"16/04/2025 07:00:00 - 16/04/2025 08:00:00","Belgium (BE)","1580.50","1442.38","1412.18","1557.15"
"16/04/2025 08:00:00 - 16/04/2025 09:00:00","Belgium (BE)","1550.23","1405.08","1391.15","1374.02"
"16/04/2025 09:00:00 - 16/04/2025 10:00:00","Belgium (BE)","1532.30","1398.60","1454.08","1298.41"
"16/04/2025 10:00:00 - 16/04/2025 11:00:00","Belgium (BE)","1485.28","1308.63","1216.60","1504.82"
"16/04/2025 11:00:00 - 16/04/2025 12:00:00","Belgium (BE)","1395.28","1156.75","1111.85","1470.61"
"16/04/2025 12:00:00 - 16/04/2025 13:00:00","Belgium (BE)","1125.63","900.15","903.48","1096.31"
"16/04/2025 13:00:00 - 16/04/2025 14:00:00","Belgium (BE)","882.58","634.70","815.68","836.26"
"16/04/2025 14:00:00 - 16/04/2025 15:00:00","Belgium (BE)","711.83","463.95","586.25","562.16"
"16/04/2025 15:00:00 - 16/04/2025 16:00:00","Belgium (BE)","637.13","415.13","461.20","356.23"
"16/04/2025 16:00:00 - 16/04/2025 17:00:00","Belgium (BE)","688.65","475.25","388.60","397.59"
"16/04/2025 17:00:00 - 16/04/2025 18:00:00","Belgium (BE)","759.85","549.13","356.85","503.61"
"16/04/2025 18:00:00 - 16/04/2025 19:00:00","Belgium (BE)","737.40","542.18","365.85","462.70"
"16/04/2025 19:00:00 - 16/04/2025 20:00:00","Belgium (BE)","666.75","474.83","365.63","427.43"
"16/04/2025 20:00:00 - 16/04/2025 21:00:00","Belgium (BE)","568.65","408.73","287.05","256.91"
"16/04/2025 21:00:00 - 16/04/2025 22:00:00","Belgium (BE)","461.48","338.53","238.30","245.40"
"16/04/2025 22:00:00 - 16/04/2025 23:00:00","Belgium (BE)","339.45","233.90","166.05","219.57"
"16/04/2025 23:00:00 - 17/04/2025 00:00:00","Belgium (BE)","248.85","152.03","96.60","111.43"
"17/04/2025 00:00:00 - 17/04/2025 01:00:00","Belgium (BE)","48.20","53.10","53.10","15.27"
"17/04/2025 01:00:00 - 17/04/2025 02:00:00","Belgium (BE)","28.23","43.70","43.70","1.54"
"17/04/2025 02:00:00 - 17/04/2025 03:00:00","Belgium (BE)","20.13","16.53","16.53"," "
"17/04/2025 03:00:00 - 17/04/2025 04:00:00","Belgium (BE)","18.13","12.23","12.23"," "
"17/04/2025 04:00:00 - 17/04/2025 05:00:00","Belgium (BE)","17.33","14.13","14.13"," "
"17/04/2025 05:00:00 - 17/04/2025 06:00:00","Belgium (BE)","14.45","14.70","14.70"," "
"17/04/2025 06:00:00 - 17/04/2025 07:00:00","Belgium (BE)","13.85","11.63","11.63"," "
"17/04/2025 07:00:00 - 17/04/2025 08:00:00","Belgium (BE)","14.13","9.90","11.08"," "
"17/04/2025 08:00:00 - 17/04/2025 09:00:00","Belgium (BE)","13.98","10.45","10.48"," "
"17/04/2025 09:00:00 - 17/04/2025 10:00:00","Belgium (BE)","16.48","10.85","15.88"," "
"17/04/2025 10:00:00 - 17/04/2025 11:00:00","Belgium (BE)","15.10","11.78","18.73"," "
"17/04/2025 11:00:00 - 17/04/2025 12:00:00","Belgium (BE)","16.48","12.95","16.98"," "
"17/04/2025 12:00:00 - 17/04/2025 13:00:00","Belgium (BE)","23.45","15.45","14.80"," "
"17/04/2025 13:00:00 - 17/04/2025 14:00:00","Belgium (BE)","26.20","18.45","10.80"," "
"17/04/2025 14:00:00 - 17/04/2025 15:00:00","Belgium (BE)","26.58","18.45","10.28"," "
"17/04/2025 15:00:00 - 17/04/2025 16:00:00","Belgium (BE)","25.48","15.78","10.30"," "
"17/04/2025 16:00:00 - 17/04/2025 17:00:00","Belgium (BE)","25.55","13.28","10.30"," "
"17/04/2025 17:00:00 - 17/04/2025 18:00:00","Belgium (BE)","26.58","10.93","11.75"," "
"17/04/2025 18:00:00 - 17/04/2025 19:00:00","Belgium (BE)","26.95","9.75","13.00"," "
"17/04/2025 19:00:00 - 17/04/2025 20:00:00","Belgium (BE)","23.93","10.75","17.43"," "
"17/04/2025 20:00:00 - 17/04/2025 21:00:00","Belgium (BE)","21.68","15.48","20.25"," "
"17/04/2025 21:00:00 - 17/04/2025 22:00:00","Belgium (BE)","23.33","19.98","19.80"," "
"17/04/2025 22:00:00 - 17/04/2025 23:00:00","Belgium (BE)","23.90","22.95","19.58"," "
"17/04/2025 23:00:00 - 18/04/2025 00:00:00","Belgium (BE)","21.55","20.08","19.33"," "
"18/04/2025 00:00:00 - 18/04/2025 01:00:00","Belgium (BE)","14.43","14.60","14.60"," "
"18/04/2025 01:00:00 - 18/04/2025 02:00:00","Belgium (BE)","15.00","16.65","16.65"," "
"18/04/2025 02:00:00 - 18/04/2025 03:00:00","Belgium (BE)","13.95","17.50","17.50"," "
"18/04/2025 03:00:00 - 18/04/2025 04:00:00","Belgium (BE)","12.40","14.05","14.05"," "
"18/04/2025 04:00:00 - 18/04/2025 05:00:00","Belgium (BE)","12.35","10.55","10.55"," "
"18/04/2025 05:00:00 - 18/04/2025 06:00:00","Belgium (BE)","12.58","11.53","11.53"," "
"18/04/2025 06:00:00 - 18/04/2025 07:00:00","Belgium (BE)","12.98","11.30","11.30"," "
"18/04/2025 07:00:00 - 18/04/2025 08:00:00","Belgium (BE)","15.55","20.33","20.33","6.64"
"18/04/2025 08:00:00 - 18/04/2025 09:00:00","Belgium (BE)","24.53","29.95","29.95","1.04"
"18/04/2025 09:00:00 - 18/04/2025 10:00:00","Belgium (BE)","69.15","47.63","46.80","12.33"
"18/04/2025 10:00:00 - 18/04/2025 11:00:00","Belgium (BE)","106.55","66.63","34.78","36.09"
"18/04/2025 11:00:00 - 18/04/2025 12:00:00","Belgium (BE)","114.50","77.03","46.03","73.64"
"18/04/2025 12:00:00 - 18/04/2025 13:00:00","Belgium (BE)","121.50","82.70","80.63","129.98"
"18/04/2025 13:00:00 - 18/04/2025 14:00:00","Belgium (BE)","138.83","94.35","122.95","116.99"
"18/04/2025 14:00:00 - 18/04/2025 15:00:00","Belgium (BE)","160.95","126.23","155.40","77.38"
"18/04/2025 15:00:00 - 18/04/2025 16:00:00","Belgium (BE)","197.78","169.83","151.83","55.21"
"18/04/2025 16:00:00 - 18/04/2025 17:00:00","Belgium (BE)","259.03","255.00","177.85","102.20"
"18/04/2025 17:00:00 - 18/04/2025 18:00:00","Belgium (BE)","353.83","385.93","257.25","181.64"
"18/04/2025 18:00:00 - 18/04/2025 19:00:00","Belgium (BE)","478.73","538.65","374.95","273.91"
"18/04/2025 19:00:00 - 18/04/2025 20:00:00","Belgium (BE)","618.58","657.28","545.18","399.85"
"18/04/2025 20:00:00 - 18/04/2025 21:00:00","Belgium (BE)","694.60","748.90","701.93","509.32"
"18/04/2025 21:00:00 - 18/04/2025 22:00:00","Belgium (BE)","767.13","808.78","774.80","703.04"
"18/04/2025 22:00:00 - 18/04/2025 23:00:00","Belgium (BE)","927.98","836.75","910.65","597.38"
"18/04/2025 23:00:00 - 19/04/2025 00:00:00","Belgium (BE)","1083.38","874.58","1005.45","346.20"
"19/04/2025 00:00:00 - 19/04/2025 01:00:00","Belgium (BE)","988.85","693.80","693.80","316.27"
"19/04/2025 01:00:00 - 19/04/2025 02:00:00","Belgium (BE)","948.23","550.90","550.90","344.80"
"19/04/2025 02:00:00 - 19/04/2025 03:00:00","Belgium (BE)","866.33","459.40","459.40","368.21"
"19/04/2025 03:00:00 - 19/04/2025 04:00:00","Belgium (BE)","708.50","440.25","440.25","293.92"
"19/04/2025 04:00:00 - 19/04/2025 05:00:00","Belgium (BE)","558.73","374.50","374.50","272.07"
"19/04/2025 05:00:00 - 19/04/2025 06:00:00","Belgium (BE)","531.03","370.43","370.43","257.77"
"19/04/2025 06:00:00 - 19/04/2025 07:00:00","Belgium (BE)","532.70","403.65","403.65","211.81"
"19/04/2025 07:00:00 - 19/04/2025 08:00:00","Belgium (BE)","582.23","407.48","407.48","275.91"
"19/04/2025 08:00:00 - 19/04/2025 09:00:00","Belgium (BE)","654.58","487.13","443.20","361.51"
"19/04/2025 09:00:00 - 19/04/2025 10:00:00","Belgium (BE)","645.03","550.10","490.48","286.71"
"19/04/2025 10:00:00 - 19/04/2025 11:00:00","Belgium (BE)","601.18","536.25","439.80","251.13"
"19/04/2025 11:00:00 - 19/04/2025 12:00:00","Belgium (BE)","622.83","504.08","402.78","328.74"
"19/04/2025 12:00:00 - 19/04/2025 13:00:00","Belgium (BE)","719.03","557.80","507.88","475.02"
"19/04/2025 13:00:00 - 19/04/2025 14:00:00","Belgium (BE)","878.10","778.30","708.65","659.99"
"19/04/2025 14:00:00 - 19/04/2025 15:00:00","Belgium (BE)","1060.35","1082.68","968.40","867.03"
"19/04/2025 15:00:00 - 19/04/2025 16:00:00","Belgium (BE)","1261.33","1321.53","1198.13","968.62"
"19/04/2025 16:00:00 - 19/04/2025 17:00:00","Belgium (BE)","1419.43","1477.13","1363.58","1335.31"
"19/04/2025 17:00:00 - 19/04/2025 18:00:00","Belgium (BE)","1509.20","1585.18","1447.75","1281.96"
"19/04/2025 18:00:00 - 19/04/2025 19:00:00","Belgium (BE)","1549.60","1622.95","1603.33","1361.44"
"19/04/2025 19:00:00 - 19/04/2025 20:00:00","Belgium (BE)","1574.68","1612.43","1582.70","1260.54"
"19/04/2025 20:00:00 - 19/04/2025 21:00:00","Belgium (BE)","1593.45","1595.75","1587.95","1105.08"
"19/04/2025 21:00:00 - 19/04/2025 22:00:00","Belgium (BE)","1583.78","1527.10","1493.00","1081.80"
"19/04/2025 22:00:00 - 19/04/2025 23:00:00","Belgium (BE)","1584.33","1469.70","1471.90","1088.07"
"19/04/2025 23:00:00 - 20/04/2025 00:00:00","Belgium (BE)","1596.18","1439.30","1426.33","1085.79"
"20/04/2025 00:00:00 - 20/04/2025 01:00:00","Belgium (BE)","1294.50","1174.55","1174.55","1017.49"
"20/04/2025 01:00:00 - 20/04/2025 02:00:00","Belgium (BE)","1174.15","1069.65","1069.65","1010.57"
"20/04/2025 02:00:00 - 20/04/2025 03:00:00","Belgium (BE)","1038.83","947.80","947.80","930.91"
"20/04/2025 03:00:00 - 20/04/2025 04:00:00","Belgium (BE)","916.28","831.80","831.80","903.93"
"20/04/2025 04:00:00 - 20/04/2025 05:00:00","Belgium (BE)","803.60","766.03","766.03","809.86"
"20/04/2025 05:00:00 - 20/04/2025 06:00:00","Belgium (BE)","737.15","735.88","735.88","730.99"
"20/04/2025 06:00:00 - 20/04/2025 07:00:00","Belgium (BE)","678.23","693.55","693.55","725.19"
"20/04/2025 07:00:00 - 20/04/2025 08:00:00","Belgium (BE)","621.03","604.28","598.45","559.57"
"20/04/2025 08:00:00 - 20/04/2025 09:00:00","Belgium (BE)","527.35","515.33","508.73","538.77"
"20/04/2025 09:00:00 - 20/04/2025 10:00:00","Belgium (BE)","423.23","443.40","404.65","494.82"
"20/04/2025 10:00:00 - 20/04/2025 11:00:00","Belgium (BE)","369.33","354.75","390.48","331.72"
"20/04/2025 11:00:00 - 20/04/2025 12:00:00","Belgium (BE)","328.95","282.70","323.80","174.43"
"20/04/2025 12:00:00 - 20/04/2025 13:00:00","Belgium (BE)","319.70","255.80","298.05","247.85"
"20/04/2025 13:00:00 - 20/04/2025 14:00:00","Belgium (BE)","310.53","256.40","230.08","249.17"
"20/04/2025 14:00:00 - 20/04/2025 15:00:00","Belgium (BE)","287.20","263.28","257.85","309.59"
"20/04/2025 15:00:00 - 20/04/2025 16:00:00","Belgium (BE)","260.08","259.40","282.73","190.01"
"20/04/2025 16:00:00 - 20/04/2025 17:00:00","Belgium (BE)","276.43","275.85","320.48","193.69"
"20/04/2025 17:00:00 - 20/04/2025 18:00:00","Belgium (BE)","320.80","331.50","318.48","251.96"
"20/04/2025 18:00:00 - 20/04/2025 19:00:00","Belgium (BE)","336.00","367.20","327.43","177.26"
"20/04/2025 19:00:00 - 20/04/2025 20:00:00","Belgium (BE)","313.00","347.50","339.58","117.60"
"20/04/2025 20:00:00 - 20/04/2025 21:00:00","Belgium (BE)","265.08","285.73","275.83","88.49"
"20/04/2025 21:00:00 - 20/04/2025 22:00:00","Belgium (BE)","212.18","241.73","206.15","63.19"
"20/04/2025 22:00:00 - 20/04/2025 23:00:00","Belgium (BE)","165.38","171.30","190.00","15.74"
"20/04/2025 23:00:00 - 21/04/2025 00:00:00","Belgium (BE)","125.65","101.13","121.23","8.61"
"21/04/2025 00:00:00 - 21/04/2025 01:00:00","Belgium (BE)","100.95","43.73","43.73","81.98"
"21/04/2025 01:00:00 - 21/04/2025 02:00:00","Belgium (BE)","57.98","34.63","34.63","63.97"
"21/04/2025 02:00:00 - 21/04/2025 03:00:00","Belgium (BE)","36.00","38.40","38.40","9.13"
"21/04/2025 03:00:00 - 21/04/2025 04:00:00","Belgium (BE)","25.28","21.33","21.33"," "
"21/04/2025 04:00:00 - 21/04/2025 05:00:00","Belgium (BE)","19.43","13.00","13.00"," "
"21/04/2025 05:00:00 - 21/04/2025 06:00:00","Belgium (BE)","18.33","15.95","15.95","11.28"
"21/04/2025 06:00:00 - 21/04/2025 07:00:00","Belgium (BE)","18.43","17.30","17.30"," "
"21/04/2025 07:00:00 - 21/04/2025 08:00:00","Belgium (BE)","18.63","18.80","21.88"," "
"21/04/2025 08:00:00 - 21/04/2025 09:00:00","Belgium (BE)","19.30","17.45","17.50"," "
"21/04/2025 09:00:00 - 21/04/2025 10:00:00","Belgium (BE)","21.88","14.48","13.50"," "
"21/04/2025 10:00:00 - 21/04/2025 11:00:00","Belgium (BE)","21.85","15.00","13.08"," "
"21/04/2025 11:00:00 - 21/04/2025 12:00:00","Belgium (BE)","19.33","14.43","15.40"," "
"21/04/2025 12:00:00 - 21/04/2025 13:00:00","Belgium (BE)","17.40","13.38","15.58"," "
"21/04/2025 13:00:00 - 21/04/2025 14:00:00","Belgium (BE)","15.48","17.23","15.83"," "
"21/04/2025 14:00:00 - 21/04/2025 15:00:00","Belgium (BE)","15.08","18.63","15.73"," "
"21/04/2025 15:00:00 - 21/04/2025 16:00:00","Belgium (BE)","16.28","19.38","18.05","28.48"
"21/04/2025 16:00:00 - 21/04/2025 17:00:00","Belgium (BE)","19.50","17.28","14.63","23.20"
"21/04/2025 17:00:00 - 21/04/2025 18:00:00","Belgium (BE)","21.00","16.15","16.63","29.29"
"21/04/2025 18:00:00 - 21/04/2025 19:00:00","Belgium (BE)","18.73","17.90","28.18","64.22"
"21/04/2025 19:00:00 - 21/04/2025 20:00:00","Belgium (BE)","19.05","26.25","45.65","149.86"
"21/04/2025 20:00:00 - 21/04/2025 21:00:00","Belgium (BE)","20.30","37.75","102.03","153.62"
"21/04/2025 21:00:00 - 21/04/2025 22:00:00","Belgium (BE)","22.33","63.65","209.68","365.50"
"21/04/2025 22:00:00 - 21/04/2025 23:00:00","Belgium (BE)","25.90","97.98","304.35","853.93"
"21/04/2025 23:00:00 - 22/04/2025 00:00:00","Belgium (BE)","26.43","162.03","416.03","866.43"
"22/04/2025 00:00:00 - 22/04/2025 01:00:00","Belgium (BE)","469.43","588.90","588.90","713.83"
"22/04/2025 01:00:00 - 22/04/2025 02:00:00","Belgium (BE)","495.90","562.93","562.93","519.38"
"22/04/2025 02:00:00 - 22/04/2025 03:00:00","Belgium (BE)","491.35","488.48","488.48","379.76"
"22/04/2025 03:00:00 - 22/04/2025 04:00:00","Belgium (BE)","448.98","420.85","420.85","368.20"
"22/04/2025 04:00:00 - 22/04/2025 05:00:00","Belgium (BE)","373.45","327.50","327.50","385.95"
"22/04/2025 05:00:00 - 22/04/2025 06:00:00","Belgium (BE)","288.38","277.35","277.35","290.96"
"22/04/2025 06:00:00 - 22/04/2025 07:00:00","Belgium (BE)","214.28","244.25","244.25","306.72"
"22/04/2025 07:00:00 - 22/04/2025 08:00:00","Belgium (BE)","162.48","199.30","191.55","168.49"
"22/04/2025 08:00:00 - 22/04/2025 09:00:00","Belgium (BE)","131.48","165.98","182.43","149.28"
"22/04/2025 09:00:00 - 22/04/2025 10:00:00","Belgium (BE)","110.75","139.25","122.13","103.27"
"22/04/2025 10:00:00 - 22/04/2025 11:00:00","Belgium (BE)","108.80","124.15","102.38","113.13"
"22/04/2025 11:00:00 - 22/04/2025 12:00:00","Belgium (BE)","108.43","124.73","94.73","128.26"
"22/04/2025 12:00:00 - 22/04/2025 13:00:00","Belgium (BE)","114.73","131.70","100.38","94.55"
"22/04/2025 13:00:00 - 22/04/2025 14:00:00","Belgium (BE)","118.10","124.45","101.83","41.75"
"22/04/2025 14:00:00 - 22/04/2025 15:00:00","Belgium (BE)","128.68","113.00","75.63","2.32"
"22/04/2025 15:00:00 - 22/04/2025 16:00:00","Belgium (BE)","130.08","112.33","57.53","8.95"
"22/04/2025 16:00:00 - 22/04/2025 17:00:00","Belgium (BE)","139.13","131.25","66.08","17.74"
"22/04/2025 17:00:00 - 22/04/2025 18:00:00","Belgium (BE)","172.35","170.95","88.10","20.78"
"22/04/2025 18:00:00 - 22/04/2025 19:00:00","Belgium (BE)","248.38","240.93","137.15","108.25"
"22/04/2025 19:00:00 - 22/04/2025 20:00:00","Belgium (BE)","365.08","361.85","193.38","243.82"
"22/04/2025 20:00:00 - 22/04/2025 21:00:00","Belgium (BE)","526.98","481.68","266.48","362.84"
"22/04/2025 21:00:00 - 22/04/2025 22:00:00","Belgium (BE)","642.65","517.03","344.68","344.95"
"22/04/2025 22:00:00 - 22/04/2025 23:00:00","Belgium (BE)","645.53","497.35","372.45","534.72"
"22/04/2025 23:00:00 - 23/04/2025 00:00:00","Belgium (BE)","581.25","459.88","327.85","612.52"
"23/04/2025 00:00:00 - 23/04/2025 01:00:00","Belgium (BE)","258.83","271.60","271.60","627.63"
"23/04/2025 01:00:00 - 23/04/2025 02:00:00","Belgium (BE)","200.13","217.75","217.75","400.13"
"23/04/2025 02:00:00 - 23/04/2025 03:00:00","Belgium (BE)","152.68","167.98","167.98","148.31"
"23/04/2025 03:00:00 - 23/04/2025 04:00:00","Belgium (BE)","119.58","136.70","136.70","45.45"
"23/04/2025 04:00:00 - 23/04/2025 05:00:00","Belgium (BE)","113.13","125.93","125.93","17.55"
"23/04/2025 05:00:00 - 23/04/2025 06:00:00","Belgium (BE)","115.33","145.30","145.30","48.17"
"23/04/2025 06:00:00 - 23/04/2025 07:00:00","Belgium (BE)","120.05","173.75","173.75","266.65"
"23/04/2025 07:00:00 - 23/04/2025 08:00:00","Belgium (BE)","131.20","204.30","204.30","83.42"
"23/04/2025 08:00:00 - 23/04/2025 09:00:00","Belgium (BE)","132.65","226.85","226.85","93.19"
"23/04/2025 09:00:00 - 23/04/2025 10:00:00","Belgium (BE)","128.95","184.30","141.98","93.00"
"23/04/2025 10:00:00 - 23/04/2025 11:00:00","Belgium (BE)","87.15","111.90","77.28","207.69"
"23/04/2025 11:00:00 - 23/04/2025 12:00:00","Belgium (BE)","48.80","53.13","39.05","7.81"
"23/04/2025 12:00:00 - 23/04/2025 13:00:00","Belgium (BE)","23.63","24.20","56.05"," "
"23/04/2025 13:00:00 - 23/04/2025 14:00:00","Belgium (BE)","15.93","14.50","20.88"," "
"23/04/2025 14:00:00 - 23/04/2025 15:00:00","Belgium (BE)","16.70","15.03","18.00","43.90"
"23/04/2025 15:00:00 - 23/04/2025 16:00:00","Belgium (BE)","25.60","22.50","28.80","115.07"
"23/04/2025 16:00:00 - 23/04/2025 17:00:00","Belgium (BE)","42.58","37.80","54.30","77.88"
"23/04/2025 17:00:00 - 23/04/2025 18:00:00","Belgium (BE)","59.63","57.30","104.10","49.72"
"23/04/2025 18:00:00 - 23/04/2025 19:00:00","Belgium (BE)","80.35","72.13","126.68","71.75"
"23/04/2025 19:00:00 - 23/04/2025 20:00:00","Belgium (BE)","106.73","85.60","105.20","32.29"
"23/04/2025 20:00:00 - 23/04/2025 21:00:00","Belgium (BE)","133.93","97.85","128.35","52.12"
"23/04/2025 21:00:00 - 23/04/2025 22:00:00","Belgium (BE)","187.93","118.85","143.25","53.59"
"23/04/2025 22:00:00 - 23/04/2025 23:00:00","Belgium (BE)","257.38","168.70","208.05","41.45"
"23/04/2025 23:00:00 - 24/04/2025 00:00:00","Belgium (BE)","329.38","258.93","293.13","86.44"
"24/04/2025 00:00:00 - 24/04/2025 01:00:00","Belgium (BE)","390.80","255.00","255.00","206.35"
"24/04/2025 01:00:00 - 24/04/2025 02:00:00","Belgium (BE)","465.48","323.23","323.23","348.79"
"24/04/2025 02:00:00 - 24/04/2025 03:00:00","Belgium (BE)","522.08","457.90","457.90","465.34"
"24/04/2025 03:00:00 - 24/04/2025 04:00:00","Belgium (BE)","570.63","623.93","623.93","791.12"
"24/04/2025 04:00:00 - 24/04/2025 05:00:00","Belgium (BE)","631.78","767.03","767.03","994.30"
"24/04/2025 05:00:00 - 24/04/2025 06:00:00","Belgium (BE)","688.48","922.88","922.88","1140.31"
"24/04/2025 06:00:00 - 24/04/2025 07:00:00","Belgium (BE)","788.85","1108.35","1108.35","1220.80"
"24/04/2025 07:00:00 - 24/04/2025 08:00:00","Belgium (BE)","921.90","1154.05","1175.30","1236.53"
"24/04/2025 08:00:00 - 24/04/2025 09:00:00","Belgium (BE)","1028.10","1179.63","1189.33","1228.82"
"24/04/2025 09:00:00 - 24/04/2025 10:00:00","Belgium (BE)","1104.83","1220.35","1226.70","1147.98"
"24/04/2025 10:00:00 - 24/04/2025 11:00:00","Belgium (BE)","1190.23","1291.83","1262.73","1144.05"
"24/04/2025 11:00:00 - 24/04/2025 12:00:00","Belgium (BE)","1279.28","1341.58","1250.50","1242.36"
"24/04/2025 12:00:00 - 24/04/2025 13:00:00","Belgium (BE)","1352.28","1350.83","1219.68","1124.97"
"24/04/2025 13:00:00 - 24/04/2025 14:00:00","Belgium (BE)","1360.18","1344.75","1236.48","1068.56"
"24/04/2025 14:00:00 - 24/04/2025 15:00:00","Belgium (BE)","1325.95","1316.30","1168.50","1166.55"
"24/04/2025 15:00:00 - 24/04/2025 16:00:00","Belgium (BE)","1298.35","1315.40","1208.95","1159.87"
"24/04/2025 16:00:00 - 24/04/2025 17:00:00","Belgium (BE)","1285.20","1326.50","1235.80","1194.22"
"24/04/2025 17:00:00 - 24/04/2025 18:00:00","Belgium (BE)","1232.05","1319.10","1202.93","1257.23"
"24/04/2025 18:00:00 - 24/04/2025 19:00:00","Belgium (BE)","1136.30","1259.30","1180.40","1183.71"
"24/04/2025 19:00:00 - 24/04/2025 20:00:00","Belgium (BE)","1022.40","1204.20","1094.33","1039.37"
"24/04/2025 20:00:00 - 24/04/2025 21:00:00","Belgium (BE)","905.45","1105.30","992.48","914.69"
"24/04/2025 21:00:00 - 24/04/2025 22:00:00","Belgium (BE)","794.83","989.53","889.18","925.55"
"24/04/2025 22:00:00 - 24/04/2025 23:00:00","Belgium (BE)","684.50","860.63","768.43","826.50"
"24/04/2025 23:00:00 - 25/04/2025 00:00:00","Belgium (BE)","598.10","754.43","639.40","546.38"
"25/04/2025 00:00:00 - 25/04/2025 01:00:00","Belgium (BE)","514.75","552.63","552.63","397.84"
"25/04/2025 01:00:00 - 25/04/2025 02:00:00","Belgium (BE)","444.38","466.88","466.88","298.85"
"25/04/2025 02:00:00 - 25/04/2025 03:00:00","Belgium (BE)","411.50","420.20","420.20","255.71"
"25/04/2025 03:00:00 - 25/04/2025 04:00:00","Belgium (BE)","386.30","432.28","432.28","240.98"
"25/04/2025 04:00:00 - 25/04/2025 05:00:00","Belgium (BE)","353.88","359.40","359.40","188.08"
"25/04/2025 05:00:00 - 25/04/2025 06:00:00","Belgium (BE)","339.35","343.90","343.90","239.13"
"25/04/2025 06:00:00 - 25/04/2025 07:00:00","Belgium (BE)","356.13","375.78","375.78","322.19"
"25/04/2025 07:00:00 - 25/04/2025 08:00:00","Belgium (BE)","364.08","339.80","339.80","464.25"
"25/04/2025 08:00:00 - 25/04/2025 09:00:00","Belgium (BE)","344.25","359.05","359.05","572.04"
"25/04/2025 09:00:00 - 25/04/2025 10:00:00","Belgium (BE)","311.73","338.55","398.30","581.45"
"25/04/2025 10:00:00 - 25/04/2025 11:00:00","Belgium (BE)","272.90","307.88","400.63","328.09"
"25/04/2025 11:00:00 - 25/04/2025 12:00:00","Belgium (BE)","223.15","273.03","367.83","311.30"
"25/04/2025 12:00:00 - 25/04/2025 13:00:00","Belgium (BE)","184.45","241.58","270.15","292.08"
"25/04/2025 13:00:00 - 25/04/2025 14:00:00","Belgium (BE)","167.35","230.50","263.15","317.95"
"25/04/2025 14:00:00 - 25/04/2025 15:00:00","Belgium (BE)","176.50","243.93","269.10","246.77"
"25/04/2025 15:00:00 - 25/04/2025 16:00:00","Belgium (BE)","196.98","270.68","302.53","288.27"
"25/04/2025 16:00:00 - 25/04/2025 17:00:00","Belgium (BE)","223.85","307.45","307.45","317.71"
"25/04/2025 17:00:00 - 25/04/2025 18:00:00","Belgium (BE)","241.88","339.85","343.18","314.73"
"25/04/2025 18:00:00 - 25/04/2025 19:00:00","Belgium (BE)","242.68","350.23","373.55","288.45"
"25/04/2025 19:00:00 - 25/04/2025 20:00:00","Belgium (BE)","250.13","341.98","394.50","331.86"
"25/04/2025 20:00:00 - 25/04/2025 21:00:00","Belgium (BE)","257.85","319.03","374.80","353.40"
"25/04/2025 21:00:00 - 25/04/2025 22:00:00","Belgium (BE)","267.63","300.75","394.35","414.73"
"25/04/2025 22:00:00 - 25/04/2025 23:00:00","Belgium (BE)","272.40","288.80","392.98","483.44"
"25/04/2025 23:00:00 - 26/04/2025 00:00:00","Belgium (BE)","275.58","283.65","360.58","459.62"
"26/04/2025 00:00:00 - 26/04/2025 01:00:00","Belgium (BE)","286.18","376.10","376.10","316.55"
"26/04/2025 01:00:00 - 26/04/2025 02:00:00","Belgium (BE)","217.60","311.03","311.03","173.32"
"26/04/2025 02:00:00 - 26/04/2025 03:00:00","Belgium (BE)","195.38","230.13","230.13","95.90"
"26/04/2025 03:00:00 - 26/04/2025 04:00:00","Belgium (BE)","179.30","196.18","196.18","86.51"
"26/04/2025 04:00:00 - 26/04/2025 05:00:00","Belgium (BE)","168.48","123.43","123.43","194.90"
"26/04/2025 05:00:00 - 26/04/2025 06:00:00","Belgium (BE)","156.63","120.75","120.75","251.24"
"26/04/2025 06:00:00 - 26/04/2025 07:00:00","Belgium (BE)","135.78","132.60","132.60","134.79"
"26/04/2025 07:00:00 - 26/04/2025 08:00:00","Belgium (BE)","109.73","174.65","174.65","91.83"
"26/04/2025 08:00:00 - 26/04/2025 09:00:00","Belgium (BE)","82.53","136.70","136.70","89.84"
"26/04/2025 09:00:00 - 26/04/2025 10:00:00","Belgium (BE)","68.40","110.88","87.20","119.07"
"26/04/2025 10:00:00 - 26/04/2025 11:00:00","Belgium (BE)","65.48","101.90","104.88","88.04"
"26/04/2025 11:00:00 - 26/04/2025 12:00:00","Belgium (BE)","74.43","111.53","145.68","129.74"
"26/04/2025 12:00:00 - 26/04/2025 13:00:00","Belgium (BE)","111.50","148.83","189.25","206.48"
"26/04/2025 13:00:00 - 26/04/2025 14:00:00","Belgium (BE)","164.30","212.23","257.13","161.12"
"26/04/2025 14:00:00 - 26/04/2025 15:00:00","Belgium (BE)","239.65","317.43","316.15","165.02"
"26/04/2025 15:00:00 - 26/04/2025 16:00:00","Belgium (BE)","340.20","468.60","338.05","275.58"
"26/04/2025 16:00:00 - 26/04/2025 17:00:00","Belgium (BE)","435.30","565.60","413.38","257.10"
"26/04/2025 17:00:00 - 26/04/2025 18:00:00","Belgium (BE)","515.33","596.78","468.05","295.89"
"26/04/2025 18:00:00 - 26/04/2025 19:00:00","Belgium (BE)","604.58","600.55","479.88","364.35"
"26/04/2025 19:00:00 - 26/04/2025 20:00:00","Belgium (BE)","655.10","592.85","517.03","361.93"
"26/04/2025 20:00:00 - 26/04/2025 21:00:00","Belgium (BE)","621.65","574.55","531.15","327.70"
"26/04/2025 21:00:00 - 26/04/2025 22:00:00","Belgium (BE)","566.53","548.60","504.75","315.14"
"26/04/2025 22:00:00 - 26/04/2025 23:00:00","Belgium (BE)","511.18","490.73","466.80","276.47"
"26/04/2025 23:00:00 - 27/04/2025 00:00:00","Belgium (BE)","432.05","412.95","393.45","219.02"
"27/04/2025 00:00:00 - 27/04/2025 01:00:00","Belgium (BE)","353.33","300.50","300.50","168.15"
"27/04/2025 01:00:00 - 27/04/2025 02:00:00","Belgium (BE)","297.45","255.85","255.85","144.47"
"27/04/2025 02:00:00 - 27/04/2025 03:00:00","Belgium (BE)","233.65","179.90","179.90","89.90"
"27/04/2025 03:00:00 - 27/04/2025 04:00:00","Belgium (BE)","154.88","130.85","130.85","76.95"
"27/04/2025 04:00:00 - 27/04/2025 05:00:00","Belgium (BE)","90.73","69.28","69.28","54.40"
"27/04/2025 05:00:00 - 27/04/2025 06:00:00","Belgium (BE)","59.28","43.23","43.23","42.61"
"27/04/2025 06:00:00 - 27/04/2025 07:00:00","Belgium (BE)","37.75","25.18","25.18","32.23"
"27/04/2025 07:00:00 - 27/04/2025 08:00:00","Belgium (BE)","25.93","20.13","20.13","54.46"
"27/04/2025 08:00:00 - 27/04/2025 09:00:00","Belgium (BE)","22.60","28.13","33.15","57.37"
"27/04/2025 09:00:00 - 27/04/2025 10:00:00","Belgium (BE)","20.23","37.85","51.35","62.04"
"27/04/2025 10:00:00 - 27/04/2025 11:00:00","Belgium (BE)","18.40","39.93","72.20","67.18"
"27/04/2025 11:00:00 - 27/04/2025 12:00:00","Belgium (BE)","17.20","50.83","80.45","75.96"
"27/04/2025 12:00:00 - 27/04/2025 13:00:00","Belgium (BE)","19.30","65.65","97.68","92.76"
"27/04/2025 13:00:00 - 27/04/2025 14:00:00","Belgium (BE)","24.05","78.90","105.60","78.49"
"27/04/2025 14:00:00 - 27/04/2025 15:00:00","Belgium (BE)","32.88","82.20","95.38","56.12"
"27/04/2025 15:00:00 - 27/04/2025 16:00:00","Belgium (BE)","44.90","75.45","72.05","40.48"
"27/04/2025 16:00:00 - 27/04/2025 17:00:00","Belgium (BE)","66.30","63.05","64.30","37.52"
"27/04/2025 17:00:00 - 27/04/2025 18:00:00","Belgium (BE)","83.98","61.70","78.50","60.93"
"27/04/2025 18:00:00 - 27/04/2025 19:00:00","Belgium (BE)","83.80","65.10","77.85","39.55"
"27/04/2025 19:00:00 - 27/04/2025 20:00:00","Belgium (BE)","87.83","65.85","74.20","14.70"
"27/04/2025 20:00:00 - 27/04/2025 21:00:00","Belgium (BE)","102.43","61.33","68.48","3.64"
"27/04/2025 21:00:00 - 27/04/2025 22:00:00","Belgium (BE)","114.80","55.25","36.68"," "
"27/04/2025 22:00:00 - 27/04/2025 23:00:00","Belgium (BE)","108.85","46.05","33.08"," "
"27/04/2025 23:00:00 - 28/04/2025 00:00:00","Belgium (BE)","104.33","39.73","28.58"," "
"28/04/2025 00:00:00 - 28/04/2025 01:00:00","Belgium (BE)","41.20","18.85","18.85"," "
"28/04/2025 01:00:00 - 28/04/2025 02:00:00","Belgium (BE)","33.80","17.50","17.50"," "
"28/04/2025 02:00:00 - 28/04/2025 03:00:00","Belgium (BE)","25.18","15.60","15.60"," "
"28/04/2025 03:00:00 - 28/04/2025 04:00:00","Belgium (BE)","16.18","12.33","12.33"," "
"28/04/2025 04:00:00 - 28/04/2025 05:00:00","Belgium (BE)","11.00","12.50","12.50"," "
"28/04/2025 05:00:00 - 28/04/2025 06:00:00","Belgium (BE)","9.45","10.10","10.10"," "
"28/04/2025 06:00:00 - 28/04/2025 07:00:00","Belgium (BE)","9.75","12.50","12.50"," "
"28/04/2025 07:00:00 - 28/04/2025 08:00:00","Belgium (BE)","10.58","12.33","12.33"," "
"28/04/2025 08:00:00 - 28/04/2025 09:00:00","Belgium (BE)","11.05","9.90","9.90"," "
"28/04/2025 09:00:00 - 28/04/2025 10:00:00","Belgium (BE)","10.80","8.80","11.88"," "
"28/04/2025 10:00:00 - 28/04/2025 11:00:00","Belgium (BE)","9.65","8.03","10.88"," "
"28/04/2025 11:00:00 - 28/04/2025 12:00:00","Belgium (BE)","8.15","7.20","10.90"," "
"28/04/2025 12:00:00 - 28/04/2025 13:00:00","Belgium (BE)","6.73","6.45","10.58"," "
"28/04/2025 13:00:00 - 28/04/2025 14:00:00","Belgium (BE)","5.98","6.10","11.63"," "
"28/04/2025 14:00:00 - 28/04/2025 15:00:00","Belgium (BE)","8.38","7.18","9.03"," "
"28/04/2025 15:00:00 - 28/04/2025 16:00:00","Belgium (BE)","8.40","6.78","8.20"," "
"28/04/2025 16:00:00 - 28/04/2025 17:00:00","Belgium (BE)","9.55","9.18","12.45"," "
"28/04/2025 17:00:00 - 28/04/2025 18:00:00","Belgium (BE)","17.55","21.38","26.45"," "
"28/04/2025 18:00:00 - 28/04/2025 19:00:00","Belgium (BE)","36.73","50.93","61.95","1.97"
"28/04/2025 19:00:00 - 28/04/2025 20:00:00","Belgium (BE)","64.35","84.88","86.45","21.28"
"28/04/2025 20:00:00 - 28/04/2025 21:00:00","Belgium (BE)","95.25","112.93","101.15","20.69"
"28/04/2025 21:00:00 - 28/04/2025 22:00:00","Belgium (BE)","126.43","130.20","132.03","52.52"
"28/04/2025 22:00:00 - 28/04/2025 23:00:00","Belgium (BE)","145.60","151.18","185.35","80.66"
"28/04/2025 23:00:00 - 29/04/2025 00:00:00","Belgium (BE)","163.28","178.95","259.33","103.37"
"29/04/2025 00:00:00 - 29/04/2025 01:00:00","Belgium (BE)","227.93","231.80","231.80","121.48"
"29/04/2025 01:00:00 - 29/04/2025 02:00:00","Belgium (BE)","232.85","244.43","244.43","152.19"
"29/04/2025 02:00:00 - 29/04/2025 03:00:00","Belgium (BE)","213.98","210.00","210.00","153.19"
"29/04/2025 03:00:00 - 29/04/2025 04:00:00","Belgium (BE)","192.73","197.40","197.40","103.62"
"29/04/2025 04:00:00 - 29/04/2025 05:00:00","Belgium (BE)","170.78","175.58","175.58","120.25"
"29/04/2025 05:00:00 - 29/04/2025 06:00:00","Belgium (BE)","162.13","165.58","165.58","106.10"
"29/04/2025 06:00:00 - 29/04/2025 07:00:00","Belgium (BE)","164.28","158.85","158.85","109.19"
"29/04/2025 07:00:00 - 29/04/2025 08:00:00","Belgium (BE)","160.48","151.13","151.13","112.36"
"29/04/2025 08:00:00 - 29/04/2025 09:00:00","Belgium (BE)","142.68","137.00","137.00","72.15"
"29/04/2025 09:00:00 - 29/04/2025 10:00:00","Belgium (BE)","118.93","114.65","99.90","70.59"
"29/04/2025 10:00:00 - 29/04/2025 11:00:00","Belgium (BE)","97.60","96.83","63.28","80.99"
"29/04/2025 11:00:00 - 29/04/2025 12:00:00","Belgium (BE)","80.33","82.08","61.45","85.38"
"29/04/2025 12:00:00 - 29/04/2025 13:00:00","Belgium (BE)","79.15","87.83","69.35","134.13"
"29/04/2025 13:00:00 - 29/04/2025 14:00:00","Belgium (BE)","102.83","120.68","97.13","101.20"
"29/04/2025 14:00:00 - 29/04/2025 15:00:00","Belgium (BE)","157.85","168.15","137.00","70.31"
"29/04/2025 15:00:00 - 29/04/2025 16:00:00","Belgium (BE)","242.23","226.65","180.10","77.12"
"29/04/2025 16:00:00 - 29/04/2025 17:00:00","Belgium (BE)","361.28","306.03","245.75","143.18"
"29/04/2025 17:00:00 - 29/04/2025 18:00:00","Belgium (BE)","481.68","401.33","330.05","237.90"
"29/04/2025 18:00:00 - 29/04/2025 19:00:00","Belgium (BE)","562.80","507.08","420.78","289.39"
"29/04/2025 19:00:00 - 29/04/2025 20:00:00","Belgium (BE)","645.15","594.98","503.68","334.90"
"29/04/2025 20:00:00 - 29/04/2025 21:00:00","Belgium (BE)","710.33","651.80","576.48","394.35"
"29/04/2025 21:00:00 - 29/04/2025 22:00:00","Belgium (BE)","728.00","693.80","632.63","410.61"
"29/04/2025 22:00:00 - 29/04/2025 23:00:00","Belgium (BE)","666.33","646.95","654.30","446.83"
"29/04/2025 23:00:00 - 30/04/2025 00:00:00","Belgium (BE)","598.75","560.38","590.18","429.03"
"30/04/2025 00:00:00 - 30/04/2025 01:00:00","Belgium (BE)","454.70","510.88","510.88","337.08"
"30/04/2025 01:00:00 - 30/04/2025 02:00:00","Belgium (BE)","371.95","442.55","442.55","296.29"
"30/04/2025 02:00:00 - 30/04/2025 03:00:00","Belgium (BE)","295.18","365.53","365.53","284.31"
"30/04/2025 03:00:00 - 30/04/2025 04:00:00","Belgium (BE)","231.95","280.70","280.70","255.80"
"30/04/2025 04:00:00 - 30/04/2025 05:00:00","Belgium (BE)","188.63","231.10","231.10","180.85"
"30/04/2025 05:00:00 - 30/04/2025 06:00:00","Belgium (BE)","154.78","189.38","189.38","154.11"
"30/04/2025 06:00:00 - 30/04/2025 07:00:00","Belgium (BE)","123.95","153.63","153.63","84.24"
"30/04/2025 07:00:00 - 30/04/2025 08:00:00","Belgium (BE)","96.35","116.20","116.20","33.61"
"30/04/2025 08:00:00 - 30/04/2025 09:00:00","Belgium (BE)","70.48","78.85","78.85","17.31"
"30/04/2025 09:00:00 - 30/04/2025 10:00:00","Belgium (BE)","47.18","46.53","46.53","14.35"
"30/04/2025 10:00:00 - 30/04/2025 11:00:00","Belgium (BE)","28.95","25.05","28.25","3.88"
"30/04/2025 11:00:00 - 30/04/2025 12:00:00","Belgium (BE)","20.63","16.28","18.20","8.12"
"30/04/2025 12:00:00 - 30/04/2025 13:00:00","Belgium (BE)","19.85","12.25","13.25","26.85"
"30/04/2025 13:00:00 - 30/04/2025 14:00:00","Belgium (BE)","27.75","20.03","17.68","17.47"
"30/04/2025 14:00:00 - 30/04/2025 15:00:00","Belgium (BE)","45.13","45.30","34.30","28.64"
"30/04/2025 15:00:00 - 30/04/2025 16:00:00","Belgium (BE)","75.73","89.85","63.40","67.55"
"30/04/2025 16:00:00 - 30/04/2025 17:00:00","Belgium (BE)","114.15","143.55","107.70","149.70"
"30/04/2025 17:00:00 - 30/04/2025 18:00:00","Belgium (BE)","145.40","180.75","134.10","201.08"
"30/04/2025 18:00:00 - 30/04/2025 19:00:00","Belgium (BE)","174.25","198.80","152.45","181.72"
"30/04/2025 19:00:00 - 30/04/2025 20:00:00","Belgium (BE)","189.43","220.93","173.30","219.79"
"30/04/2025 20:00:00 - 30/04/2025 21:00:00","Belgium (BE)","187.23","225.93","176.33","223.94"
"30/04/2025 21:00:00 - 30/04/2025 22:00:00","Belgium (BE)","181.75","198.80","189.73","222.51"
"30/04/2025 22:00:00 - 30/04/2025 23:00:00","Belgium (BE)","153.98","165.55","160.68","236.81"
"30/04/2025 23:00:00 - 01/05/2025 00:00:00","Belgium (BE)","126.85","144.65","131.53","226.45"
"01/05/2025 00:00:00 - 01/05/2025 01:00:00","Belgium (BE)","112.58","147.13","147.13","192.25"
"01/05/2025 01:00:00 - 01/05/2025 02:00:00","Belgium (BE)","101.88","139.30","139.30","132.46"
"01/05/2025 02:00:00 - 01/05/2025 03:00:00","Belgium (BE)","82.88","101.88","101.88","111.65"
"01/05/2025 03:00:00 - 01/05/2025 04:00:00","Belgium (BE)","63.75","66.50","66.50","69.77"
"01/05/2025 04:00:00 - 01/05/2025 05:00:00","Belgium (BE)","49.78","55.08","55.08","68.81"
"01/05/2025 05:00:00 - 01/05/2025 06:00:00","Belgium (BE)","40.85","44.33","44.33","49.08"
"01/05/2025 06:00:00 - 01/05/2025 07:00:00","Belgium (BE)","30.00","36.10","36.10","21.07"
"01/05/2025 07:00:00 - 01/05/2025 08:00:00","Belgium (BE)","28.38","25.68","25.68","1.70"
"01/05/2025 08:00:00 - 01/05/2025 09:00:00","Belgium (BE)","22.73","20.98","20.98"," "
"01/05/2025 09:00:00 - 01/05/2025 10:00:00","Belgium (BE)","20.63","16.53","14.20"," "
"01/05/2025 10:00:00 - 01/05/2025 11:00:00","Belgium (BE)","18.05","12.63","9.90"," "
"01/05/2025 11:00:00 - 01/05/2025 12:00:00","Belgium (BE)","15.95","10.65","9.13"," "
"01/05/2025 12:00:00 - 01/05/2025 13:00:00","Belgium (BE)","13.98","9.98","11.43"," "
"01/05/2025 13:00:00 - 01/05/2025 14:00:00","Belgium (BE)","12.73","9.88","12.40"," "
"01/05/2025 14:00:00 - 01/05/2025 15:00:00","Belgium (BE)","12.98","9.08","12.63"," "
"01/05/2025 15:00:00 - 01/05/2025 16:00:00","Belgium (BE)","13.05","8.33","12.00"," "
"01/05/2025 16:00:00 - 01/05/2025 17:00:00","Belgium (BE)","11.93","10.00","12.63"," "
"01/05/2025 17:00:00 - 01/05/2025 18:00:00","Belgium (BE)","10.03","13.20","11.00"," "
"01/05/2025 18:00:00 - 01/05/2025 19:00:00","Belgium (BE)","10.20","16.98","13.58"," "
"01/05/2025 19:00:00 - 01/05/2025 20:00:00","Belgium (BE)","12.00","17.93","13.28"," "
"01/05/2025 20:00:00 - 01/05/2025 21:00:00","Belgium (BE)","15.60","17.53","13.98"," "
"01/05/2025 21:00:00 - 01/05/2025 22:00:00","Belgium (BE)","18.93","16.75","13.90"," "
"01/05/2025 22:00:00 - 01/05/2025 23:00:00","Belgium (BE)","19.83","16.70","15.80"," "
"01/05/2025 23:00:00 - 02/05/2025 00:00:00","Belgium (BE)","21.28","23.63","23.50"," "
"02/05/2025 00:00:00 - 02/05/2025 01:00:00","Belgium (BE)","61.95","23.95","23.95"," "
"02/05/2025 01:00:00 - 02/05/2025 02:00:00","Belgium (BE)","106.43","38.43","38.43"," "
"02/05/2025 02:00:00 - 02/05/2025 03:00:00","Belgium (BE)","174.95","55.03","55.03","15.38"
"02/05/2025 03:00:00 - 02/05/2025 04:00:00","Belgium (BE)","241.80","81.23","81.23","53.17"
"02/05/2025 04:00:00 - 02/05/2025 05:00:00","Belgium (BE)","244.43","121.38","121.38","44.49"
"02/05/2025 05:00:00 - 02/05/2025 06:00:00","Belgium (BE)","200.98","157.73","157.73","103.59"
"02/05/2025 06:00:00 - 02/05/2025 07:00:00","Belgium (BE)","227.50","144.45","144.45","83.17"
"02/05/2025 07:00:00 - 02/05/2025 08:00:00","Belgium (BE)","201.68","106.35","106.35","65.91"
"02/05/2025 08:00:00 - 02/05/2025 09:00:00","Belgium (BE)","162.40","119.80","84.28","42.40"
"02/05/2025 09:00:00 - 02/05/2025 10:00:00","Belgium (BE)","166.50","173.15","103.43"," "
"02/05/2025 10:00:00 - 02/05/2025 11:00:00","Belgium (BE)","179.65","238.38","83.20","14.84"
"02/05/2025 11:00:00 - 02/05/2025 12:00:00","Belgium (BE)","174.60","223.28","92.68","90.87"
"02/05/2025 12:00:00 - 02/05/2025 13:00:00","Belgium (BE)","167.63","179.65","109.23","97.71"
"02/05/2025 13:00:00 - 02/05/2025 14:00:00","Belgium (BE)","141.80","133.30","63.30","47.23"
"02/05/2025 14:00:00 - 02/05/2025 15:00:00","Belgium (BE)","125.18","104.43","46.95","109.73"
"02/05/2025 15:00:00 - 02/05/2025 16:00:00","Belgium (BE)","119.95","100.70","87.75","175.00"
"02/05/2025 16:00:00 - 02/05/2025 17:00:00","Belgium (BE)","117.98","123.03","137.18","202.29"
"02/05/2025 17:00:00 - 02/05/2025 18:00:00","Belgium (BE)","140.40","161.20","177.70","85.72"
"02/05/2025 18:00:00 - 02/05/2025 19:00:00","Belgium (BE)","169.68","216.43","173.43","61.13"
"02/05/2025 19:00:00 - 02/05/2025 20:00:00","Belgium (BE)","226.30","262.53","161.85","132.83"
"02/05/2025 20:00:00 - 02/05/2025 21:00:00","Belgium (BE)","322.33","317.90","204.85","208.77"
"02/05/2025 21:00:00 - 02/05/2025 22:00:00","Belgium (BE)","416.73","379.20","275.28","231.93"
"02/05/2025 22:00:00 - 02/05/2025 23:00:00","Belgium (BE)","476.58","407.10","346.80","247.72"
"02/05/2025 23:00:00 - 03/05/2025 00:00:00","Belgium (BE)","512.65","414.28","374.48","249.79"
"03/05/2025 00:00:00 - 03/05/2025 01:00:00","Belgium (BE)","366.15","311.35","311.35","189.72"
"03/05/2025 01:00:00 - 03/05/2025 02:00:00","Belgium (BE)","337.38","298.93","298.93","131.50"
"03/05/2025 02:00:00 - 03/05/2025 03:00:00","Belgium (BE)","290.05","255.48","255.48","203.42"
"03/05/2025 03:00:00 - 03/05/2025 04:00:00","Belgium (BE)","234.58","235.85","235.85","216.24"
"03/05/2025 04:00:00 - 03/05/2025 05:00:00","Belgium (BE)","184.43","138.88","138.88","205.51"
"03/05/2025 05:00:00 - 03/05/2025 06:00:00","Belgium (BE)","126.33","131.03","131.03","138.50"
"03/05/2025 06:00:00 - 03/05/2025 07:00:00","Belgium (BE)","84.63","110.93","110.93","33.15"
"03/05/2025 07:00:00 - 03/05/2025 08:00:00","Belgium (BE)","60.98","83.68","77.13","30.04"
"03/05/2025 08:00:00 - 03/05/2025 09:00:00","Belgium (BE)","42.88","59.78","57.58","47.18"
"03/05/2025 09:00:00 - 03/05/2025 10:00:00","Belgium (BE)","32.90","39.33","19.90","19.24"
"03/05/2025 10:00:00 - 03/05/2025 11:00:00","Belgium (BE)","31.53","24.33","17.13"," "
"03/05/2025 11:00:00 - 03/05/2025 12:00:00","Belgium (BE)","51.80","17.15","17.70"," "
"03/05/2025 12:00:00 - 03/05/2025 13:00:00","Belgium (BE)","71.18","18.93","21.98"," "
"03/05/2025 13:00:00 - 03/05/2025 14:00:00","Belgium (BE)","102.50","46.63","52.98","22.06"
"03/05/2025 14:00:00 - 03/05/2025 15:00:00","Belgium (BE)","158.03","117.80","107.33","15.53"
"03/05/2025 15:00:00 - 03/05/2025 16:00:00","Belgium (BE)","227.08","251.73","197.45"," "
"03/05/2025 16:00:00 - 03/05/2025 17:00:00","Belgium (BE)","356.73","489.80","302.08"," "
"03/05/2025 17:00:00 - 03/05/2025 18:00:00","Belgium (BE)","626.73","929.30","704.10","596.28"
"03/05/2025 18:00:00 - 03/05/2025 19:00:00","Belgium (BE)","873.43","1174.90","1047.15","1160.49"
"03/05/2025 19:00:00 - 03/05/2025 20:00:00","Belgium (BE)","990.63","1191.25","1392.10","1203.10"
"03/05/2025 20:00:00 - 03/05/2025 21:00:00","Belgium (BE)","1024.23","1123.48","1382.10","1595.64"
"03/05/2025 21:00:00 - 03/05/2025 22:00:00","Belgium (BE)","1121.70","1058.15","1251.88","1342.35"
"03/05/2025 22:00:00 - 03/05/2025 23:00:00","Belgium (BE)","1148.15","1083.93","1202.53","1431.80"
"03/05/2025 23:00:00 - 04/05/2025 00:00:00","Belgium (BE)","1101.85","1027.60","1132.88","1302.47"
"04/05/2025 00:00:00 - 04/05/2025 01:00:00","Belgium (BE)","1008.68","962.53","962.53","960.75"
"04/05/2025 01:00:00 - 04/05/2025 02:00:00","Belgium (BE)","884.60","915.70","915.70","789.44"
"04/05/2025 02:00:00 - 04/05/2025 03:00:00","Belgium (BE)","817.90","782.13","782.13","769.55"
"04/05/2025 03:00:00 - 04/05/2025 04:00:00","Belgium (BE)","787.35","766.20","766.20","779.50"
"04/05/2025 04:00:00 - 04/05/2025 05:00:00","Belgium (BE)","791.33","747.00","747.00","718.64"
"04/05/2025 05:00:00 - 04/05/2025 06:00:00","Belgium (BE)","799.10","775.40","775.40","888.58"
"04/05/2025 06:00:00 - 04/05/2025 07:00:00","Belgium (BE)","826.20","776.90","776.90","922.15"
"04/05/2025 07:00:00 - 04/05/2025 08:00:00","Belgium (BE)","816.80","817.18","817.18","528.07"
"04/05/2025 08:00:00 - 04/05/2025 09:00:00","Belgium (BE)","813.85","769.00","769.00","555.31"
"04/05/2025 09:00:00 - 04/05/2025 10:00:00","Belgium (BE)","777.58","765.78","655.13","697.30"
"04/05/2025 10:00:00 - 04/05/2025 11:00:00","Belgium (BE)","740.98","744.85","641.53","879.00"
"04/05/2025 11:00:00 - 04/05/2025 12:00:00","Belgium (BE)","733.35","749.83","714.03","698.09"
"04/05/2025 12:00:00 - 04/05/2025 13:00:00","Belgium (BE)","773.30","802.33","761.93","790.15"
"04/05/2025 13:00:00 - 04/05/2025 14:00:00","Belgium (BE)","810.30","840.58","785.53","992.44"
"04/05/2025 14:00:00 - 04/05/2025 15:00:00","Belgium (BE)","852.10","891.08","870.30","917.29"
"04/05/2025 15:00:00 - 04/05/2025 16:00:00","Belgium (BE)","918.15","995.73","1055.70","1057.93"
"04/05/2025 16:00:00 - 04/05/2025 17:00:00","Belgium (BE)","990.00","1118.48","1117.60","1036.92"
"04/05/2025 17:00:00 - 04/05/2025 18:00:00","Belgium (BE)","1096.70","1222.93","1206.83","1123.96"
"04/05/2025 18:00:00 - 04/05/2025 19:00:00","Belgium (BE)","1218.33","1313.40","1248.73","1101.54"
"04/05/2025 19:00:00 - 04/05/2025 20:00:00","Belgium (BE)","1268.50","1395.38","1316.03","1252.51"
"04/05/2025 20:00:00 - 04/05/2025 21:00:00","Belgium (BE)","1248.35","1390.93","1259.55","1368.20"
"04/05/2025 21:00:00 - 04/05/2025 22:00:00","Belgium (BE)","1249.43","1326.35","1225.38","1277.79"
"04/05/2025 22:00:00 - 04/05/2025 23:00:00","Belgium (BE)","1241.55","1217.78","1129.18","1259.05"
"04/05/2025 23:00:00 - 05/05/2025 00:00:00","Belgium (BE)","1172.63","1099.18","988.28","992.63"
"05/05/2025 00:00:00 - 05/05/2025 01:00:00","Belgium (BE)","880.05","916.83","916.83","891.74"
"05/05/2025 01:00:00 - 05/05/2025 02:00:00","Belgium (BE)","769.13","778.68","778.68","894.95"
"05/05/2025 02:00:00 - 05/05/2025 03:00:00","Belgium (BE)","650.15","657.70","657.70","743.37"
"05/05/2025 03:00:00 - 05/05/2025 04:00:00","Belgium (BE)","507.60","537.38","537.38","804.46"
"05/05/2025 04:00:00 - 05/05/2025 05:00:00","Belgium (BE)","427.33","373.90","373.90","642.38"
"05/05/2025 05:00:00 - 05/05/2025 06:00:00","Belgium (BE)","336.40","326.95","326.95","485.10"
"05/05/2025 06:00:00 - 05/05/2025 07:00:00","Belgium (BE)","280.08","236.18","236.18","198.54"
"05/05/2025 07:00:00 - 05/05/2025 08:00:00","Belgium (BE)","260.53","277.13","277.13","77.30"
"05/05/2025 08:00:00 - 05/05/2025 09:00:00","Belgium (BE)","320.05","294.48","246.50","63.39"
"05/05/2025 09:00:00 - 05/05/2025 10:00:00","Belgium (BE)","446.68","358.40","272.38","179.54"
"05/05/2025 10:00:00 - 05/05/2025 11:00:00","Belgium (BE)","626.45","458.15","289.35","278.31"
"05/05/2025 11:00:00 - 05/05/2025 12:00:00","Belgium (BE)","930.18","631.63","451.35","500.10"
"05/05/2025 12:00:00 - 05/05/2025 13:00:00","Belgium (BE)","1227.75","890.60","595.73","533.41"
"05/05/2025 13:00:00 - 05/05/2025 14:00:00","Belgium (BE)","1459.25","1151.38","852.98","626.42"
"05/05/2025 14:00:00 - 05/05/2025 15:00:00","Belgium (BE)","1734.80","1448.78","1136.38","933.76"
"05/05/2025 15:00:00 - 05/05/2025 16:00:00","Belgium (BE)","1936.08","1734.25","1517.48","1832.40"
"05/05/2025 16:00:00 - 05/05/2025 17:00:00","Belgium (BE)","2016.20","1907.65","1809.30","2112.29"
"05/05/2025 17:00:00 - 05/05/2025 18:00:00","Belgium (BE)","2042.05","1992.15","2028.50","2150.74"
"05/05/2025 18:00:00 - 05/05/2025 19:00:00","Belgium (BE)","2051.75","2032.25","2050.78","2165.37"
"05/05/2025 19:00:00 - 05/05/2025 20:00:00","Belgium (BE)","2051.10","2047.03","2108.90","2166.45"
"05/05/2025 20:00:00 - 05/05/2025 21:00:00","Belgium (BE)","2046.13","2031.00","2110.43","2163.39"
"05/05/2025 21:00:00 - 05/05/2025 22:00:00","Belgium (BE)","2008.55","1972.53","2083.28","2145.65"
"05/05/2025 22:00:00 - 05/05/2025 23:00:00","Belgium (BE)","1935.23","1865.53","1992.75","2047.89"
"05/05/2025 23:00:00 - 06/05/2025 00:00:00","Belgium (BE)","1834.80","1718.68","1839.08","1834.53"
"06/05/2025 00:00:00 - 06/05/2025 01:00:00","Belgium (BE)","1594.83","1544.88","1544.88","1548.79"
"06/05/2025 01:00:00 - 06/05/2025 02:00:00","Belgium (BE)","1380.40","1388.40","1388.40","1337.73"
"06/05/2025 02:00:00 - 06/05/2025 03:00:00","Belgium (BE)","1189.68","1219.23","1219.23","1258.88"
"06/05/2025 03:00:00 - 06/05/2025 04:00:00","Belgium (BE)","1060.90","1094.28","1094.28","1028.15"
"06/05/2025 04:00:00 - 06/05/2025 05:00:00","Belgium (BE)","975.00","1007.98","1007.98","1030.05"
"06/05/2025 05:00:00 - 06/05/2025 06:00:00","Belgium (BE)","911.10","917.05","917.05","974.53"
"06/05/2025 06:00:00 - 06/05/2025 07:00:00","Belgium (BE)","817.70","879.55","879.55","993.50"
"06/05/2025 07:00:00 - 06/05/2025 08:00:00","Belgium (BE)","734.93","797.50","814.18","722.57"
"06/05/2025 08:00:00 - 06/05/2025 09:00:00","Belgium (BE)","655.45","713.88","763.03","698.79"
"06/05/2025 09:00:00 - 06/05/2025 10:00:00","Belgium (BE)","590.60","652.33","641.63","693.80"
"06/05/2025 10:00:00 - 06/05/2025 11:00:00","Belgium (BE)","534.25","598.43","600.48","705.97"
"06/05/2025 11:00:00 - 06/05/2025 12:00:00","Belgium (BE)","531.60","559.98","605.88","784.88"
"06/05/2025 12:00:00 - 06/05/2025 13:00:00","Belgium (BE)","550.05","571.38","609.43","696.69"
"06/05/2025 13:00:00 - 06/05/2025 14:00:00","Belgium (BE)","550.33","582.33","700.65","497.15"
"06/05/2025 14:00:00 - 06/05/2025 15:00:00","Belgium (BE)","585.83","614.63","657.08","435.09"
"06/05/2025 15:00:00 - 06/05/2025 16:00:00","Belgium (BE)","737.60","764.45","664.63","360.37"
"06/05/2025 16:00:00 - 06/05/2025 17:00:00","Belgium (BE)","946.25","980.93","794.38","349.46"
"06/05/2025 17:00:00 - 06/05/2025 18:00:00","Belgium (BE)","1163.38","1187.18","919.50","654.93"
"06/05/2025 18:00:00 - 06/05/2025 19:00:00","Belgium (BE)","1328.43","1332.60","1101.80","989.99"
"06/05/2025 19:00:00 - 06/05/2025 20:00:00","Belgium (BE)","1350.68","1329.65","1113.68","1190.08"
"06/05/2025 20:00:00 - 06/05/2025 21:00:00","Belgium (BE)","1205.25","1260.50","1180.53","976.68"
"06/05/2025 21:00:00 - 06/05/2025 22:00:00","Belgium (BE)","1128.33","1186.90","1164.40","821.51"
"06/05/2025 22:00:00 - 06/05/2025 23:00:00","Belgium (BE)","1079.05","1055.28","1022.18","788.05"
"06/05/2025 23:00:00 - 07/05/2025 00:00:00","Belgium (BE)","1005.40","920.30","882.23","746.25"
"07/05/2025 00:00:00 - 07/05/2025 01:00:00","Belgium (BE)","786.18","689.38","689.38","676.54"
"07/05/2025 01:00:00 - 07/05/2025 02:00:00","Belgium (BE)","695.73","640.35","640.35","638.18"
"07/05/2025 02:00:00 - 07/05/2025 03:00:00","Belgium (BE)","611.83","588.78","588.78","489.16"
"07/05/2025 03:00:00 - 07/05/2025 04:00:00","Belgium (BE)","555.80","528.70","528.70","365.97"
"07/05/2025 04:00:00 - 07/05/2025 05:00:00","Belgium (BE)","527.50","490.10","490.10","410.63"
"07/05/2025 05:00:00 - 07/05/2025 06:00:00","Belgium (BE)","528.53","506.05","506.05","379.04"
"07/05/2025 06:00:00 - 07/05/2025 07:00:00","Belgium (BE)","531.08","548.45","548.45","498.51"
"07/05/2025 07:00:00 - 07/05/2025 08:00:00","Belgium (BE)","526.93","615.78","587.05","624.02"
"07/05/2025 08:00:00 - 07/05/2025 09:00:00","Belgium (BE)","512.25","674.60","642.38","503.88"
"07/05/2025 09:00:00 - 07/05/2025 10:00:00","Belgium (BE)","507.20","680.43","679.78","703.40"
"07/05/2025 10:00:00 - 07/05/2025 11:00:00","Belgium (BE)","537.48","618.98","573.15","731.22"
"07/05/2025 11:00:00 - 07/05/2025 12:00:00","Belgium (BE)","589.13","560.18","565.85","593.58"
"07/05/2025 12:00:00 - 07/05/2025 13:00:00","Belgium (BE)","663.58","547.18","561.03","455.37"
"07/05/2025 13:00:00 - 07/05/2025 14:00:00","Belgium (BE)","706.58","569.78","532.95","533.78"
"07/05/2025 14:00:00 - 07/05/2025 15:00:00","Belgium (BE)","766.00","630.50","563.45","597.00"
"07/05/2025 15:00:00 - 07/05/2025 16:00:00","Belgium (BE)","847.18","753.48","701.15","624.91"
"07/05/2025 16:00:00 - 07/05/2025 17:00:00","Belgium (BE)","958.88","917.85","855.18","704.21"
"07/05/2025 17:00:00 - 07/05/2025 18:00:00","Belgium (BE)","1075.70","1083.38","945.38","810.87"
"07/05/2025 18:00:00 - 07/05/2025 19:00:00","Belgium (BE)","1181.10","1215.85","1050.18","917.08"
"07/05/2025 19:00:00 - 07/05/2025 20:00:00","Belgium (BE)","1279.30","1311.03","1061.25","971.87"
"07/05/2025 20:00:00 - 07/05/2025 21:00:00","Belgium (BE)","1335.08","1366.60","1150.73","812.39"
"07/05/2025 21:00:00 - 07/05/2025 22:00:00","Belgium (BE)","1351.83","1355.60","1159.35","894.77"
"07/05/2025 22:00:00 - 07/05/2025 23:00:00","Belgium (BE)","1342.28","1257.25","1148.68","1064.91"
"07/05/2025 23:00:00 - 08/05/2025 00:00:00","Belgium (BE)","1300.30","1165.65","1099.03","1173.87"
"08/05/2025 00:00:00 - 08/05/2025 01:00:00","Belgium (BE)","1077.13","958.58","958.58","1156.05"
"08/05/2025 01:00:00 - 08/05/2025 02:00:00","Belgium (BE)","1011.40","992.00","992.00","1124.92"
"08/05/2025 02:00:00 - 08/05/2025 03:00:00","Belgium (BE)","999.38","978.98","978.98","919.80"
"08/05/2025 03:00:00 - 08/05/2025 04:00:00","Belgium (BE)","988.43","979.20","979.20","1128.37"
"08/05/2025 04:00:00 - 08/05/2025 05:00:00","Belgium (BE)","952.90","887.55","887.55","961.09"
"08/05/2025 05:00:00 - 08/05/2025 06:00:00","Belgium (BE)","883.78","821.18","821.18","826.49"
"08/05/2025 06:00:00 - 08/05/2025 07:00:00","Belgium (BE)","797.08","791.25","791.25","834.72"
"08/05/2025 07:00:00 - 08/05/2025 08:00:00","Belgium (BE)","687.53","708.03","708.03","786.10"
"08/05/2025 08:00:00 - 08/05/2025 09:00:00","Belgium (BE)","589.15","668.78","716.53","794.47"
"08/05/2025 09:00:00 - 08/05/2025 10:00:00","Belgium (BE)","534.85","661.10","702.85","767.58"
"08/05/2025 10:00:00 - 08/05/2025 11:00:00","Belgium (BE)","522.73","666.78","761.55","724.03"
"08/05/2025 11:00:00 - 08/05/2025 12:00:00","Belgium (BE)","527.28","661.38","739.98","640.40"
"08/05/2025 12:00:00 - 08/05/2025 13:00:00","Belgium (BE)","532.28","655.55","716.28","814.01"
"08/05/2025 13:00:00 - 08/05/2025 14:00:00","Belgium (BE)","534.60","644.48","679.13","764.48"
"08/05/2025 14:00:00 - 08/05/2025 15:00:00","Belgium (BE)","568.63","654.53","763.78","686.73"
"08/05/2025 15:00:00 - 08/05/2025 16:00:00","Belgium (BE)","645.08","689.73","776.08","813.95"
"08/05/2025 16:00:00 - 08/05/2025 17:00:00","Belgium (BE)","742.28","756.08","758.63","784.61"
"08/05/2025 17:00:00 - 08/05/2025 18:00:00","Belgium (BE)","799.88","817.18","762.18","784.62"
"08/05/2025 18:00:00 - 08/05/2025 19:00:00","Belgium (BE)","856.73","822.70","766.55","857.87"
"08/05/2025 19:00:00 - 08/05/2025 20:00:00","Belgium (BE)","949.43","814.55","766.18","850.80"
"08/05/2025 20:00:00 - 08/05/2025 21:00:00","Belgium (BE)","1079.00","824.15","780.80","700.90"
"08/05/2025 21:00:00 - 08/05/2025 22:00:00","Belgium (BE)","1125.15","861.40","771.83","503.68"
"08/05/2025 22:00:00 - 08/05/2025 23:00:00","Belgium (BE)","1098.15","879.15","749.20","457.21"
"08/05/2025 23:00:00 - 09/05/2025 00:00:00","Belgium (BE)","1099.70","840.15","720.20","447.96"
"09/05/2025 00:00:00 - 09/05/2025 01:00:00","Belgium (BE)","635.98","594.83","594.83","374.58"
"09/05/2025 01:00:00 - 09/05/2025 02:00:00","Belgium (BE)","561.50","497.95","497.95","329.42"
"09/05/2025 02:00:00 - 09/05/2025 03:00:00","Belgium (BE)","509.50","412.28","412.28","298.64"
"09/05/2025 03:00:00 - 09/05/2025 04:00:00","Belgium (BE)","436.53","372.70","372.70","458.16"
"09/05/2025 04:00:00 - 09/05/2025 05:00:00","Belgium (BE)","376.90","351.70","351.70","501.97"
"09/05/2025 05:00:00 - 09/05/2025 06:00:00","Belgium (BE)","322.00","366.70","366.70","473.55"
"09/05/2025 06:00:00 - 09/05/2025 07:00:00","Belgium (BE)","297.68","384.63","384.63","366.10"
"09/05/2025 07:00:00 - 09/05/2025 08:00:00","Belgium (BE)","299.25","384.93","405.68","270.67"
"09/05/2025 08:00:00 - 09/05/2025 09:00:00","Belgium (BE)","302.60","400.20","397.45","274.42"
"09/05/2025 09:00:00 - 09/05/2025 10:00:00","Belgium (BE)","305.63","412.50","382.08","380.30"
"09/05/2025 10:00:00 - 09/05/2025 11:00:00","Belgium (BE)","311.23","400.85","393.83","491.51"
"09/05/2025 11:00:00 - 09/05/2025 12:00:00","Belgium (BE)","312.73","372.08","419.28","472.22"
"09/05/2025 12:00:00 - 09/05/2025 13:00:00","Belgium (BE)","333.43","344.58","444.98","354.09"
"09/05/2025 13:00:00 - 09/05/2025 14:00:00","Belgium (BE)","383.93","360.15","443.43","404.00"
"09/05/2025 14:00:00 - 09/05/2025 15:00:00","Belgium (BE)","482.18","419.83","510.10","686.06"
"09/05/2025 15:00:00 - 09/05/2025 16:00:00","Belgium (BE)","704.75","573.18","626.18","704.27"
"09/05/2025 16:00:00 - 09/05/2025 17:00:00","Belgium (BE)","1010.10","812.35","908.15","1060.46"
"09/05/2025 17:00:00 - 09/05/2025 18:00:00","Belgium (BE)","1232.00","1002.38","1006.58","1086.00"
"09/05/2025 18:00:00 - 09/05/2025 19:00:00","Belgium (BE)","1294.90","1076.85","1101.40","1054.77"
"09/05/2025 19:00:00 - 09/05/2025 20:00:00","Belgium (BE)","1285.05","1059.65","1092.98","1114.82"
"09/05/2025 20:00:00 - 09/05/2025 21:00:00","Belgium (BE)","1222.65","992.78","1007.23","966.24"
"09/05/2025 21:00:00 - 09/05/2025 22:00:00","Belgium (BE)","1103.15","895.40","889.65","736.01"
"09/05/2025 22:00:00 - 09/05/2025 23:00:00","Belgium (BE)","986.53","785.98","741.23","551.18"
"09/05/2025 23:00:00 - 10/05/2025 00:00:00","Belgium (BE)","917.78","699.43","697.68","618.60"
"10/05/2025 00:00:00 - 10/05/2025 01:00:00","Belgium (BE)","712.60","782.83","782.83","780.92"
"10/05/2025 01:00:00 - 10/05/2025 02:00:00","Belgium (BE)","730.78","800.70","800.70","639.91"
"10/05/2025 02:00:00 - 10/05/2025 03:00:00","Belgium (BE)","665.20","799.75","799.75","517.15"
"10/05/2025 03:00:00 - 10/05/2025 04:00:00","Belgium (BE)","563.08","688.60","688.60","482.14"
"10/05/2025 04:00:00 - 10/05/2025 05:00:00","Belgium (BE)","482.78","564.50","564.50","360.22"
"10/05/2025 05:00:00 - 10/05/2025 06:00:00","Belgium (BE)","433.13","446.00","446.00","310.60"
"10/05/2025 06:00:00 - 10/05/2025 07:00:00","Belgium (BE)","391.08","346.08","346.08","249.29"
"10/05/2025 07:00:00 - 10/05/2025 08:00:00","Belgium (BE)","354.70","301.68","285.28","132.63"
"10/05/2025 08:00:00 - 10/05/2025 09:00:00","Belgium (BE)","335.40","273.03","271.30","68.82"
"10/05/2025 09:00:00 - 10/05/2025 10:00:00","Belgium (BE)","300.95","252.95","187.55","51.90"
"10/05/2025 10:00:00 - 10/05/2025 11:00:00","Belgium (BE)","236.40","207.98","127.25","63.40"
"10/05/2025 11:00:00 - 10/05/2025 12:00:00","Belgium (BE)","177.38","152.00","93.78","66.73"
"10/05/2025 12:00:00 - 10/05/2025 13:00:00","Belgium (BE)","170.80","136.95","112.03","84.05"
"10/05/2025 13:00:00 - 10/05/2025 14:00:00","Belgium (BE)","194.83","155.53","122.03","171.80"
"10/05/2025 14:00:00 - 10/05/2025 15:00:00","Belgium (BE)","239.00","198.30","166.00","223.48"
"10/05/2025 15:00:00 - 10/05/2025 16:00:00","Belgium (BE)","321.13","268.60","250.63","241.64"
"10/05/2025 16:00:00 - 10/05/2025 17:00:00","Belgium (BE)","440.00","370.35","326.70","334.03"
"10/05/2025 17:00:00 - 10/05/2025 18:00:00","Belgium (BE)","530.03","453.38","402.05","396.45"
"10/05/2025 18:00:00 - 10/05/2025 19:00:00","Belgium (BE)","610.88","497.48","461.28","400.16"
"10/05/2025 19:00:00 - 10/05/2025 20:00:00","Belgium (BE)","682.23","524.28","538.08","323.69"
"10/05/2025 20:00:00 - 10/05/2025 21:00:00","Belgium (BE)","725.85","543.88","583.80","228.17"
"10/05/2025 21:00:00 - 10/05/2025 22:00:00","Belgium (BE)","724.53","537.68","504.23","176.11"
"10/05/2025 22:00:00 - 10/05/2025 23:00:00","Belgium (BE)","693.80","510.40","506.45","143.88"
"10/05/2025 23:00:00 - 11/05/2025 00:00:00","Belgium (BE)","689.83","502.13","503.63","218.15"
"11/05/2025 00:00:00 - 11/05/2025 01:00:00","Belgium (BE)","584.13","403.08","403.08","226.74"
"11/05/2025 01:00:00 - 11/05/2025 02:00:00","Belgium (BE)","598.90","499.15","499.15","474.07"
"11/05/2025 02:00:00 - 11/05/2025 03:00:00","Belgium (BE)","563.15","497.70","497.70","679.04"
"11/05/2025 03:00:00 - 11/05/2025 04:00:00","Belgium (BE)","508.40","509.10","509.10","471.08"
"11/05/2025 04:00:00 - 11/05/2025 05:00:00","Belgium (BE)","460.08","518.88","518.88","322.92"
"11/05/2025 05:00:00 - 11/05/2025 06:00:00","Belgium (BE)","437.30","452.00","452.00","253.14"
"11/05/2025 06:00:00 - 11/05/2025 07:00:00","Belgium (BE)","437.10","363.78","363.78","310.83"
"11/05/2025 07:00:00 - 11/05/2025 08:00:00","Belgium (BE)","446.83","342.68","342.68","310.48"
"11/05/2025 08:00:00 - 11/05/2025 09:00:00","Belgium (BE)","447.13","351.23","351.23","300.96"
"11/05/2025 09:00:00 - 11/05/2025 10:00:00","Belgium (BE)","429.03","322.98","313.50","356.87"
"11/05/2025 10:00:00 - 11/05/2025 11:00:00","Belgium (BE)","379.40","288.75","265.00","331.37"
"11/05/2025 11:00:00 - 11/05/2025 12:00:00","Belgium (BE)","324.90","253.53","245.85","268.95"
"11/05/2025 12:00:00 - 11/05/2025 13:00:00","Belgium (BE)","289.30","198.48","198.70","285.66"
"11/05/2025 13:00:00 - 11/05/2025 14:00:00","Belgium (BE)","268.20","154.63","165.55","301.63"
"11/05/2025 14:00:00 - 11/05/2025 15:00:00","Belgium (BE)","271.73","133.85","181.73","263.48"
"11/05/2025 15:00:00 - 11/05/2025 16:00:00","Belgium (BE)","268.05","115.60","156.40","269.79"
"11/05/2025 16:00:00 - 11/05/2025 17:00:00","Belgium (BE)","256.83","99.30","175.30","343.67"
"11/05/2025 17:00:00 - 11/05/2025 18:00:00","Belgium (BE)","247.08","103.23","177.33","568.76"
"11/05/2025 18:00:00 - 11/05/2025 19:00:00","Belgium (BE)","237.30","121.33","265.65","701.41"
"11/05/2025 19:00:00 - 11/05/2025 20:00:00","Belgium (BE)","220.95","151.10","359.80","665.80"
"11/05/2025 20:00:00 - 11/05/2025 21:00:00","Belgium (BE)","224.90","198.93","327.35","574.31"
"11/05/2025 21:00:00 - 11/05/2025 22:00:00","Belgium (BE)","299.80","309.68","483.20","531.98"
"11/05/2025 22:00:00 - 11/05/2025 23:00:00","Belgium (BE)","451.23","419.53","527.08","742.89"
"11/05/2025 23:00:00 - 12/05/2025 00:00:00","Belgium (BE)","569.55","526.20","636.50","1021.41"
"12/05/2025 00:00:00 - 12/05/2025 01:00:00","Belgium (BE)","612.95","548.45","548.45","1006.70"
"12/05/2025 01:00:00 - 12/05/2025 02:00:00","Belgium (BE)","582.45","698.30","698.30","858.34"
"12/05/2025 02:00:00 - 12/05/2025 03:00:00","Belgium (BE)","512.70","658.13","658.13","599.19"
"12/05/2025 03:00:00 - 12/05/2025 04:00:00","Belgium (BE)","454.75","578.55","578.55","284.82"
"12/05/2025 04:00:00 - 12/05/2025 05:00:00","Belgium (BE)","396.45","490.28","490.28","68.16"
"12/05/2025 05:00:00 - 12/05/2025 06:00:00","Belgium (BE)","382.23","392.80","392.80","60.86"
"12/05/2025 06:00:00 - 12/05/2025 07:00:00","Belgium (BE)","417.95","294.30","294.30","231.36"
"12/05/2025 07:00:00 - 12/05/2025 08:00:00","Belgium (BE)","455.03","300.53","243.98","248.00"
"12/05/2025 08:00:00 - 12/05/2025 09:00:00","Belgium (BE)","453.85","295.28","266.10","244.12"
"12/05/2025 09:00:00 - 12/05/2025 10:00:00","Belgium (BE)","384.65","260.58","209.78","194.67"
"12/05/2025 10:00:00 - 12/05/2025 11:00:00","Belgium (BE)","302.68","189.00","151.20","71.56"
"12/05/2025 11:00:00 - 12/05/2025 12:00:00","Belgium (BE)","231.00","114.65","116.93","104.41"
"12/05/2025 12:00:00 - 12/05/2025 13:00:00","Belgium (BE)","191.35","77.35","102.73","128.18"
"12/05/2025 13:00:00 - 12/05/2025 14:00:00","Belgium (BE)","175.23","61.73","83.25","241.82"
"12/05/2025 14:00:00 - 12/05/2025 15:00:00","Belgium (BE)","206.20","74.20","94.33","384.10"
"12/05/2025 15:00:00 - 12/05/2025 16:00:00","Belgium (BE)","287.25","134.98","186.20","375.10"
"12/05/2025 16:00:00 - 12/05/2025 17:00:00","Belgium (BE)","444.60","232.03","270.83","182.11"
"12/05/2025 17:00:00 - 12/05/2025 18:00:00","Belgium (BE)","701.28","353.35","208.05","193.54"
"12/05/2025 18:00:00 - 12/05/2025 19:00:00","Belgium (BE)","970.90","354.20","175.75","198.11"
"12/05/2025 19:00:00 - 12/05/2025 20:00:00","Belgium (BE)","1138.28","175.63","138.05","143.80"
"12/05/2025 20:00:00 - 12/05/2025 21:00:00","Belgium (BE)","1204.90","103.90","101.35","71.69"
"12/05/2025 21:00:00 - 12/05/2025 22:00:00","Belgium (BE)","1229.40","152.83","138.55","4.32"
"12/05/2025 22:00:00 - 12/05/2025 23:00:00","Belgium (BE)","1147.75","362.25","229.33","21.81"
"12/05/2025 23:00:00 - 13/05/2025 00:00:00","Belgium (BE)","1040.88","580.73","378.85","320.40"
"13/05/2025 00:00:00 - 13/05/2025 01:00:00","Belgium (BE)","397.83","303.53","303.53","568.53"
"13/05/2025 01:00:00 - 13/05/2025 02:00:00","Belgium (BE)","393.33","362.60","362.60","204.86"
"13/05/2025 02:00:00 - 13/05/2025 03:00:00","Belgium (BE)","376.68","294.95","294.95","3.06"
"13/05/2025 03:00:00 - 13/05/2025 04:00:00","Belgium (BE)","361.90","253.88","253.88","64.83"
"13/05/2025 04:00:00 - 13/05/2025 05:00:00","Belgium (BE)","364.63","254.25","254.25","160.55"
"13/05/2025 05:00:00 - 13/05/2025 06:00:00","Belgium (BE)","362.30","288.28","288.28","180.91"
"13/05/2025 06:00:00 - 13/05/2025 07:00:00","Belgium (BE)","359.38","249.00","249.00","272.27"
"13/05/2025 07:00:00 - 13/05/2025 08:00:00","Belgium (BE)","343.60","230.33","230.33","232.08"
"13/05/2025 08:00:00 - 13/05/2025 09:00:00","Belgium (BE)","298.43","209.50","225.28","125.05"
"13/05/2025 09:00:00 - 13/05/2025 10:00:00","Belgium (BE)","235.85","172.75","175.43","185.95"
"13/05/2025 10:00:00 - 13/05/2025 11:00:00","Belgium (BE)","191.23","159.75","120.60","251.57"
"13/05/2025 11:00:00 - 13/05/2025 12:00:00","Belgium (BE)","196.63","174.60","164.13","328.26"
"13/05/2025 12:00:00 - 13/05/2025 13:00:00","Belgium (BE)","252.30","235.53","222.80","366.91"
"13/05/2025 13:00:00 - 13/05/2025 14:00:00","Belgium (BE)","342.10","360.55","318.15","469.97"
"13/05/2025 14:00:00 - 13/05/2025 15:00:00","Belgium (BE)","482.00","508.30","440.53","509.46"
"13/05/2025 15:00:00 - 13/05/2025 16:00:00","Belgium (BE)","642.83","662.05","678.10","543.00"
"13/05/2025 16:00:00 - 13/05/2025 17:00:00","Belgium (BE)","808.08","827.28","867.68","721.68"
"13/05/2025 17:00:00 - 13/05/2025 18:00:00","Belgium (BE)","964.10","961.70","954.60","850.84"
"13/05/2025 18:00:00 - 13/05/2025 19:00:00","Belgium (BE)","1099.80","1062.30","1063.53","697.22"
"13/05/2025 19:00:00 - 13/05/2025 20:00:00","Belgium (BE)","1213.50","1138.68","1123.00","752.69"
"13/05/2025 20:00:00 - 13/05/2025 21:00:00","Belgium (BE)","1256.23","1140.48","1135.33","935.75"
"13/05/2025 21:00:00 - 13/05/2025 22:00:00","Belgium (BE)","1259.73","1107.15","980.75","980.31"
"13/05/2025 22:00:00 - 13/05/2025 23:00:00","Belgium (BE)","1207.13","1020.60","929.70","725.24"
"13/05/2025 23:00:00 - 14/05/2025 00:00:00","Belgium (BE)","1154.30","953.55","895.80","652.73"
"14/05/2025 00:00:00 - 14/05/2025 01:00:00","Belgium (BE)","833.93","765.33","765.33","711.35"
"14/05/2025 01:00:00 - 14/05/2025 02:00:00","Belgium (BE)","708.00","626.05","626.05","369.76"
"14/05/2025 02:00:00 - 14/05/2025 03:00:00","Belgium (BE)","567.33","550.00","550.00","245.96"
"14/05/2025 03:00:00 - 14/05/2025 04:00:00","Belgium (BE)","420.00","324.70","324.70","155.59"
"14/05/2025 04:00:00 - 14/05/2025 05:00:00","Belgium (BE)","315.75","220.80","220.80","91.93"
"14/05/2025 05:00:00 - 14/05/2025 06:00:00","Belgium (BE)","260.00","205.28","205.28","101.93"
"14/05/2025 06:00:00 - 14/05/2025 07:00:00","Belgium (BE)","245.55","166.00","166.00","88.20"
"14/05/2025 07:00:00 - 14/05/2025 08:00:00","Belgium (BE)","267.90","175.43","175.43","99.16"
"14/05/2025 08:00:00 - 14/05/2025 09:00:00","Belgium (BE)","294.98","211.45","187.48","157.70"
"14/05/2025 09:00:00 - 14/05/2025 10:00:00","Belgium (BE)","319.28","248.78","206.85","191.17"
"14/05/2025 10:00:00 - 14/05/2025 11:00:00","Belgium (BE)","366.48","313.15","274.73","236.30"
"14/05/2025 11:00:00 - 14/05/2025 12:00:00","Belgium (BE)","487.28","433.98","402.03","353.78"
"14/05/2025 12:00:00 - 14/05/2025 13:00:00","Belgium (BE)","647.80","608.45","572.40","530.85"
"14/05/2025 13:00:00 - 14/05/2025 14:00:00","Belgium (BE)","786.35","762.00","709.65","675.97"
"14/05/2025 14:00:00 - 14/05/2025 15:00:00","Belgium (BE)","883.55","844.38","812.00","703.00"
"14/05/2025 15:00:00 - 14/05/2025 16:00:00","Belgium (BE)","894.58","863.98","836.78","644.36"
"14/05/2025 16:00:00 - 14/05/2025 17:00:00","Belgium (BE)","862.80","868.30","829.33","593.35"
"14/05/2025 17:00:00 - 14/05/2025 18:00:00","Belgium (BE)","937.30","917.73","864.55","664.77"
"14/05/2025 18:00:00 - 14/05/2025 19:00:00","Belgium (BE)","1011.70","972.60","942.15","1055.09"
"14/05/2025 19:00:00 - 14/05/2025 20:00:00","Belgium (BE)","1023.48","975.08","871.08","857.64"
"14/05/2025 20:00:00 - 14/05/2025 21:00:00","Belgium (BE)","962.78","942.10","838.90","1100.25"
"14/05/2025 21:00:00 - 14/05/2025 22:00:00","Belgium (BE)","853.70","826.98","799.55","1009.20"
"14/05/2025 22:00:00 - 14/05/2025 23:00:00","Belgium (BE)","778.08","769.93","768.53","1129.10"
"14/05/2025 23:00:00 - 15/05/2025 00:00:00","Belgium (BE)","761.93","754.85","769.95","1245.42"
"15/05/2025 00:00:00 - 15/05/2025 01:00:00","Belgium (BE)","747.38","884.23","884.23","1157.24"
"15/05/2025 01:00:00 - 15/05/2025 02:00:00","Belgium (BE)","743.93","923.23","923.23","1050.32"
"15/05/2025 02:00:00 - 15/05/2025 03:00:00","Belgium (BE)","782.65","924.28","924.28","1019.26"
"15/05/2025 03:00:00 - 15/05/2025 04:00:00","Belgium (BE)","811.23","901.90","901.90","952.43"
"15/05/2025 04:00:00 - 15/05/2025 05:00:00","Belgium (BE)","847.75","898.80","898.80","1048.23"
"15/05/2025 05:00:00 - 15/05/2025 06:00:00","Belgium (BE)","847.35","863.23","863.23","1057.48"
"15/05/2025 06:00:00 - 15/05/2025 07:00:00","Belgium (BE)","862.75","925.43","925.43","997.50"
"15/05/2025 07:00:00 - 15/05/2025 08:00:00","Belgium (BE)","861.95","919.35","951.85","1036.70"
"15/05/2025 08:00:00 - 15/05/2025 09:00:00","Belgium (BE)","820.35","887.38","900.83","985.87"
"15/05/2025 09:00:00 - 15/05/2025 10:00:00","Belgium (BE)","780.10","836.18","849.65","872.11"
"15/05/2025 10:00:00 - 15/05/2025 11:00:00","Belgium (BE)","718.03","765.20","828.10","759.81"
"15/05/2025 11:00:00 - 15/05/2025 12:00:00","Belgium (BE)","671.00","713.00","773.43","664.92"
"15/05/2025 12:00:00 - 15/05/2025 13:00:00","Belgium (BE)","623.50","683.63","708.70","745.36"
"15/05/2025 13:00:00 - 15/05/2025 14:00:00","Belgium (BE)","563.25","648.50","655.75","858.88"
"15/05/2025 14:00:00 - 15/05/2025 15:00:00","Belgium (BE)","565.15","663.65","720.98","943.40"
"15/05/2025 15:00:00 - 15/05/2025 16:00:00","Belgium (BE)","711.63","783.58","927.63","987.67"
"15/05/2025 16:00:00 - 15/05/2025 17:00:00","Belgium (BE)","885.45","979.73","1118.28","1166.35"
"15/05/2025 17:00:00 - 15/05/2025 18:00:00","Belgium (BE)","1087.03","1171.90","1294.98","813.39"
"15/05/2025 18:00:00 - 15/05/2025 19:00:00","Belgium (BE)","1396.85","1350.10","1510.00","1111.06"
"15/05/2025 19:00:00 - 15/05/2025 20:00:00","Belgium (BE)","1645.13","1528.88","1544.83","1398.73"
"15/05/2025 20:00:00 - 15/05/2025 21:00:00","Belgium (BE)","1739.50","1635.43","1619.58","1626.09"
"15/05/2025 21:00:00 - 15/05/2025 22:00:00","Belgium (BE)","1726.73","1641.43","1586.53","1617.22"
"15/05/2025 22:00:00 - 15/05/2025 23:00:00","Belgium (BE)","1618.23","1576.90","1532.35","1747.99"
"15/05/2025 23:00:00 - 16/05/2025 00:00:00","Belgium (BE)","1499.28","1454.38","1420.60","1693.77"
"16/05/2025 00:00:00 - 16/05/2025 01:00:00","Belgium (BE)","1270.08","1301.43","1301.43","1585.85"
"16/05/2025 01:00:00 - 16/05/2025 02:00:00","Belgium (BE)","1056.45","1170.90","1170.90","1267.50"
"16/05/2025 02:00:00 - 16/05/2025 03:00:00","Belgium (BE)","845.43","1017.58","1017.58","808.70"
"16/05/2025 03:00:00 - 16/05/2025 04:00:00","Belgium (BE)","644.13","816.73","816.73","687.66"
"16/05/2025 04:00:00 - 16/05/2025 05:00:00","Belgium (BE)","497.60","562.73","562.73","579.10"
"16/05/2025 05:00:00 - 16/05/2025 06:00:00","Belgium (BE)","406.13","437.55","437.55","472.77"
"16/05/2025 06:00:00 - 16/05/2025 07:00:00","Belgium (BE)","352.75","367.18","367.18","327.73"
"16/05/2025 07:00:00 - 16/05/2025 08:00:00","Belgium (BE)","318.13","356.78","356.78","290.82"
"16/05/2025 08:00:00 - 16/05/2025 09:00:00","Belgium (BE)","291.93","337.40","337.40","327.16"
"16/05/2025 09:00:00 - 16/05/2025 10:00:00","Belgium (BE)","304.23","354.55","336.95","491.36"
"16/05/2025 10:00:00 - 16/05/2025 11:00:00","Belgium (BE)","343.55","423.00","423.25","615.03"
"16/05/2025 11:00:00 - 16/05/2025 12:00:00","Belgium (BE)","421.40","478.75","497.25","588.47"
"16/05/2025 12:00:00 - 16/05/2025 13:00:00","Belgium (BE)","500.48","537.68","558.38","580.69"
"16/05/2025 13:00:00 - 16/05/2025 14:00:00","Belgium (BE)","588.10","608.68","582.48","645.78"
"16/05/2025 14:00:00 - 16/05/2025 15:00:00","Belgium (BE)","671.65","664.95","630.95","702.25"
"16/05/2025 15:00:00 - 16/05/2025 16:00:00","Belgium (BE)","753.40","710.50","673.35","852.14"
"16/05/2025 16:00:00 - 16/05/2025 17:00:00","Belgium (BE)","838.90","783.50","737.55","898.49"
"16/05/2025 17:00:00 - 16/05/2025 18:00:00","Belgium (BE)","913.93","904.95","938.38","999.83"
"16/05/2025 18:00:00 - 16/05/2025 19:00:00","Belgium (BE)","993.90","1048.20","1073.28","1159.77"
"16/05/2025 19:00:00 - 16/05/2025 20:00:00","Belgium (BE)","1080.18","1147.48","1190.10","1239.12"
"16/05/2025 20:00:00 - 16/05/2025 21:00:00","Belgium (BE)","1093.95","1171.08","1210.63","1351.53"
"16/05/2025 21:00:00 - 16/05/2025 22:00:00","Belgium (BE)","1028.58","1096.68","1190.23","1206.69"
"16/05/2025 22:00:00 - 16/05/2025 23:00:00","Belgium (BE)","910.35","982.65","1099.45","1058.00"
"16/05/2025 23:00:00 - 17/05/2025 00:00:00","Belgium (BE)","795.13","779.95","974.50","1103.26"
"17/05/2025 00:00:00 - 17/05/2025 01:00:00","Belgium (BE)","758.25","840.25","840.25","832.16"
"17/05/2025 01:00:00 - 17/05/2025 02:00:00","Belgium (BE)","591.35","800.03","800.03","766.56"
"17/05/2025 02:00:00 - 17/05/2025 03:00:00","Belgium (BE)","500.98","698.03","698.03","672.21"
"17/05/2025 03:00:00 - 17/05/2025 04:00:00","Belgium (BE)","476.93","648.60","648.60","591.06"
"17/05/2025 04:00:00 - 17/05/2025 05:00:00","Belgium (BE)","490.10","600.43","600.43","451.76"
"17/05/2025 05:00:00 - 17/05/2025 06:00:00","Belgium (BE)","499.53","588.33","588.33","453.57"
"17/05/2025 06:00:00 - 17/05/2025 07:00:00","Belgium (BE)","491.98","529.28","529.28","475.51"
"17/05/2025 07:00:00 - 17/05/2025 08:00:00","Belgium (BE)","457.70","516.80","516.80","456.22"
"17/05/2025 08:00:00 - 17/05/2025 09:00:00","Belgium (BE)","417.08","507.73","507.73","541.27"
"17/05/2025 09:00:00 - 17/05/2025 10:00:00","Belgium (BE)","376.28","481.20","452.65","532.62"
"17/05/2025 10:00:00 - 17/05/2025 11:00:00","Belgium (BE)","338.90","455.40","420.15","493.21"
"17/05/2025 11:00:00 - 17/05/2025 12:00:00","Belgium (BE)","326.15","438.03","411.83","381.62"
"17/05/2025 12:00:00 - 17/05/2025 13:00:00","Belgium (BE)","327.78","427.68","398.78","439.56"
"17/05/2025 13:00:00 - 17/05/2025 14:00:00","Belgium (BE)","332.93","409.33","378.65","401.53"
"17/05/2025 14:00:00 - 17/05/2025 15:00:00","Belgium (BE)","345.68","401.30","370.58","350.23"
"17/05/2025 15:00:00 - 17/05/2025 16:00:00","Belgium (BE)","348.63","381.98","343.55","293.26"
"17/05/2025 16:00:00 - 17/05/2025 17:00:00","Belgium (BE)","347.93","366.93","320.23","328.80"
"17/05/2025 17:00:00 - 17/05/2025 18:00:00","Belgium (BE)","336.28","344.80","287.43","236.72"
"17/05/2025 18:00:00 - 17/05/2025 19:00:00","Belgium (BE)","319.23","326.25","308.68","175.03"
"17/05/2025 19:00:00 - 17/05/2025 20:00:00","Belgium (BE)","304.50","337.38","342.40","210.26"
"17/05/2025 20:00:00 - 17/05/2025 21:00:00","Belgium (BE)","324.58","408.55","455.25","344.14"
"17/05/2025 21:00:00 - 17/05/2025 22:00:00","Belgium (BE)","379.33","536.18","577.98","486.15"
"17/05/2025 22:00:00 - 17/05/2025 23:00:00","Belgium (BE)","475.25","656.63","659.00","594.74"
"17/05/2025 23:00:00 - 18/05/2025 00:00:00","Belgium (BE)","581.98","696.98","644.65","711.83"
"18/05/2025 00:00:00 - 18/05/2025 01:00:00","Belgium (BE)","628.48","506.58","506.58","683.72"
"18/05/2025 01:00:00 - 18/05/2025 02:00:00","Belgium (BE)","551.90","508.25","508.25","488.82"
"18/05/2025 02:00:00 - 18/05/2025 03:00:00","Belgium (BE)","493.80","486.35","486.35","414.58"
"18/05/2025 03:00:00 - 18/05/2025 04:00:00","Belgium (BE)","459.90","410.90","410.90","353.63"
"18/05/2025 04:00:00 - 18/05/2025 05:00:00","Belgium (BE)","419.30","379.80","379.80","378.75"
"18/05/2025 05:00:00 - 18/05/2025 06:00:00","Belgium (BE)","346.75","308.03","308.03","337.45"
"18/05/2025 06:00:00 - 18/05/2025 07:00:00","Belgium (BE)","282.13","279.58","279.58","406.93"
"18/05/2025 07:00:00 - 18/05/2025 08:00:00","Belgium (BE)","214.90","229.00","229.00","309.51"
"18/05/2025 08:00:00 - 18/05/2025 09:00:00","Belgium (BE)","155.88","188.73","188.73","157.49"
"18/05/2025 09:00:00 - 18/05/2025 10:00:00","Belgium (BE)","106.65","164.60","175.68","78.77"
"18/05/2025 10:00:00 - 18/05/2025 11:00:00","Belgium (BE)","76.48","137.85","134.45","159.66"
"18/05/2025 11:00:00 - 18/05/2025 12:00:00","Belgium (BE)","63.90","120.93","108.55","261.46"
"18/05/2025 12:00:00 - 18/05/2025 13:00:00","Belgium (BE)","59.68","107.63","105.58","164.33"
"18/05/2025 13:00:00 - 18/05/2025 14:00:00","Belgium (BE)","58.63","102.05","142.23","89.36"
"18/05/2025 14:00:00 - 18/05/2025 15:00:00","Belgium (BE)","61.18","112.18","120.48","109.44"
"18/05/2025 15:00:00 - 18/05/2025 16:00:00","Belgium (BE)","69.50","136.03","119.78","168.15"
"18/05/2025 16:00:00 - 18/05/2025 17:00:00","Belgium (BE)","88.13","185.93","166.05","256.50"
"18/05/2025 17:00:00 - 18/05/2025 18:00:00","Belgium (BE)","115.90","250.98","233.33","185.10"
"18/05/2025 18:00:00 - 18/05/2025 19:00:00","Belgium (BE)","131.55","294.33","267.83","177.23"
"18/05/2025 19:00:00 - 18/05/2025 20:00:00","Belgium (BE)","138.35","300.23","241.68","191.43"
"18/05/2025 20:00:00 - 18/05/2025 21:00:00","Belgium (BE)","131.28","287.90","213.28","213.62"
"18/05/2025 21:00:00 - 18/05/2025 22:00:00","Belgium (BE)","142.30","298.35","202.38","128.14"
"18/05/2025 22:00:00 - 18/05/2025 23:00:00","Belgium (BE)","160.68","339.35","205.15","137.99"
"18/05/2025 23:00:00 - 19/05/2025 00:00:00","Belgium (BE)","208.78","379.90","201.43","193.84"
"19/05/2025 00:00:00 - 19/05/2025 01:00:00","Belgium (BE)","246.28","133.68","133.68","241.59"
"19/05/2025 01:00:00 - 19/05/2025 02:00:00","Belgium (BE)","246.20","136.78","136.78","162.39"
"19/05/2025 02:00:00 - 19/05/2025 03:00:00","Belgium (BE)","240.85","177.73","177.73","217.56"
"19/05/2025 03:00:00 - 19/05/2025 04:00:00","Belgium (BE)","219.65","200.53","200.53","278.87"
"19/05/2025 04:00:00 - 19/05/2025 05:00:00","Belgium (BE)","211.33","240.75","240.75","352.90"
"19/05/2025 05:00:00 - 19/05/2025 06:00:00","Belgium (BE)","207.88","292.15","292.15","358.03"
"19/05/2025 06:00:00 - 19/05/2025 07:00:00","Belgium (BE)","206.28","325.18","325.18","348.44"
"19/05/2025 07:00:00 - 19/05/2025 08:00:00","Belgium (BE)","202.08","320.03","320.03","335.52"
"19/05/2025 08:00:00 - 19/05/2025 09:00:00","Belgium (BE)","194.48","296.25","296.25","242.97"
"19/05/2025 09:00:00 - 19/05/2025 10:00:00","Belgium (BE)","190.83","266.38","270.83","206.75"
"19/05/2025 10:00:00 - 19/05/2025 11:00:00","Belgium (BE)","196.35","238.53","202.90","135.45"
"19/05/2025 11:00:00 - 19/05/2025 12:00:00","Belgium (BE)","222.40","252.73","220.30","104.33"
"19/05/2025 12:00:00 - 19/05/2025 13:00:00","Belgium (BE)","279.35","307.30","245.55","220.70"
"19/05/2025 13:00:00 - 19/05/2025 14:00:00","Belgium (BE)","351.33","383.60","316.00","266.53"
"19/05/2025 14:00:00 - 19/05/2025 15:00:00","Belgium (BE)","446.55","531.30","466.90","281.08"
"19/05/2025 15:00:00 - 19/05/2025 16:00:00","Belgium (BE)","556.65","695.58","658.98","354.37"
"19/05/2025 16:00:00 - 19/05/2025 17:00:00","Belgium (BE)","672.60","823.20","800.58","524.68"
"19/05/2025 17:00:00 - 19/05/2025 18:00:00","Belgium (BE)","807.23","922.65","978.68","577.57"
"19/05/2025 18:00:00 - 19/05/2025 19:00:00","Belgium (BE)","905.28","1005.50","1006.50","575.92"
"19/05/2025 19:00:00 - 19/05/2025 20:00:00","Belgium (BE)","992.75","1075.18","1051.18","578.99"
"19/05/2025 20:00:00 - 19/05/2025 21:00:00","Belgium (BE)","1054.70","1097.63","1098.28","600.51"
"19/05/2025 21:00:00 - 19/05/2025 22:00:00","Belgium (BE)","1097.93","1063.05","1150.30","598.59"
"19/05/2025 22:00:00 - 19/05/2025 23:00:00","Belgium (BE)","1073.08","982.33","1113.63","597.07"
"19/05/2025 23:00:00 - 20/05/2025 00:00:00","Belgium (BE)","1046.63","905.65","1047.73","585.46"
"20/05/2025 00:00:00 - 20/05/2025 01:00:00","Belgium (BE)","952.08","781.95","781.95","481.82"
"20/05/2025 01:00:00 - 20/05/2025 02:00:00","Belgium (BE)","811.30","661.95","661.95","354.62"
"20/05/2025 02:00:00 - 20/05/2025 03:00:00","Belgium (BE)","704.28","540.68","540.68","313.44"
"20/05/2025 03:00:00 - 20/05/2025 04:00:00","Belgium (BE)","617.25","436.68","436.68","279.83"
"20/05/2025 04:00:00 - 20/05/2025 05:00:00","Belgium (BE)","559.55","409.53","409.53","273.17"
"20/05/2025 05:00:00 - 20/05/2025 06:00:00","Belgium (BE)","508.23","403.33","403.33","269.89"
"20/05/2025 06:00:00 - 20/05/2025 07:00:00","Belgium (BE)","448.10","330.28","330.28","211.72"
"20/05/2025 07:00:00 - 20/05/2025 08:00:00","Belgium (BE)","368.60","313.68","295.18","176.51"
"20/05/2025 08:00:00 - 20/05/2025 09:00:00","Belgium (BE)","296.28","297.13","264.15","139.97"
"20/05/2025 09:00:00 - 20/05/2025 10:00:00","Belgium (BE)","253.65","293.13","229.80","147.17"
"20/05/2025 10:00:00 - 20/05/2025 11:00:00","Belgium (BE)","232.15","291.88","214.33","154.01"
"20/05/2025 11:00:00 - 20/05/2025 12:00:00","Belgium (BE)","244.85","306.63","247.53","199.40"
"20/05/2025 12:00:00 - 20/05/2025 13:00:00","Belgium (BE)","277.85","337.03","290.85","253.88"
"20/05/2025 13:00:00 - 20/05/2025 14:00:00","Belgium (BE)","300.45","362.80","338.85","336.94"
"20/05/2025 14:00:00 - 20/05/2025 15:00:00","Belgium (BE)","314.48","361.25","364.00","362.93"
"20/05/2025 15:00:00 - 20/05/2025 16:00:00","Belgium (BE)","316.68","332.20","355.33","321.44"
"20/05/2025 16:00:00 - 20/05/2025 17:00:00","Belgium (BE)","290.93","297.45","323.55","326.08"
"20/05/2025 17:00:00 - 20/05/2025 18:00:00","Belgium (BE)","277.28","272.95","294.63","320.56"
"20/05/2025 18:00:00 - 20/05/2025 19:00:00","Belgium (BE)","268.10","242.78","271.30","296.05"
"20/05/2025 19:00:00 - 20/05/2025 20:00:00","Belgium (BE)","254.83","210.28","255.70","245.91"
"20/05/2025 20:00:00 - 20/05/2025 21:00:00","Belgium (BE)","211.03","181.08","236.95","150.03"
"20/05/2025 21:00:00 - 20/05/2025 22:00:00","Belgium (BE)","150.90","141.88","197.35","88.27"
"20/05/2025 22:00:00 - 20/05/2025 23:00:00","Belgium (BE)","87.08","96.85","151.13","53.30"
"20/05/2025 23:00:00 - 21/05/2025 00:00:00","Belgium (BE)","44.40","60.08","110.60","4.95"
"21/05/2025 00:00:00 - 21/05/2025 01:00:00","Belgium (BE)","70.10","28.25","28.25"," "
"21/05/2025 01:00:00 - 21/05/2025 02:00:00","Belgium (BE)","44.20","9.05","9.05"," "
"21/05/2025 02:00:00 - 21/05/2025 03:00:00","Belgium (BE)","26.88","9.98","9.98"," "
"21/05/2025 03:00:00 - 21/05/2025 04:00:00","Belgium (BE)","20.80","9.60","9.60"," "
"21/05/2025 04:00:00 - 21/05/2025 05:00:00","Belgium (BE)","35.03","36.38","36.38","1.97"
"21/05/2025 05:00:00 - 21/05/2025 06:00:00","Belgium (BE)","45.95","47.03","47.03","10.15"
"21/05/2025 06:00:00 - 21/05/2025 07:00:00","Belgium (BE)","49.75","40.68","40.68","8.30"
"21/05/2025 07:00:00 - 21/05/2025 08:00:00","Belgium (BE)","49.35","44.55","38.23","1.36"
"21/05/2025 08:00:00 - 21/05/2025 09:00:00","Belgium (BE)","45.60","51.75","40.58","1.24"
"21/05/2025 09:00:00 - 21/05/2025 10:00:00","Belgium (BE)","48.48","64.13","58.08","0.65"
"21/05/2025 10:00:00 - 21/05/2025 11:00:00","Belgium (BE)","62.20","77.83","77.75","17.50"
"21/05/2025 11:00:00 - 21/05/2025 12:00:00","Belgium (BE)","84.85","83.43","100.55","87.90"
"21/05/2025 12:00:00 - 21/05/2025 13:00:00","Belgium (BE)","111.70","106.35","151.38","145.49"
"21/05/2025 13:00:00 - 21/05/2025 14:00:00","Belgium (BE)","138.60","144.00","193.85","283.73"
"21/05/2025 14:00:00 - 21/05/2025 15:00:00","Belgium (BE)","175.93","205.58","257.50","246.34"
"21/05/2025 15:00:00 - 21/05/2025 16:00:00","Belgium (BE)","228.85","294.03","346.60","462.52"
"21/05/2025 16:00:00 - 21/05/2025 17:00:00","Belgium (BE)","312.93","425.03","394.55","738.20"
"21/05/2025 17:00:00 - 21/05/2025 18:00:00","Belgium (BE)","436.00","530.68","560.08","870.63"
"21/05/2025 18:00:00 - 21/05/2025 19:00:00","Belgium (BE)","553.55","622.60","645.10","777.95"
"21/05/2025 19:00:00 - 21/05/2025 20:00:00","Belgium (BE)","618.23","691.38","810.03","811.36"
"21/05/2025 20:00:00 - 21/05/2025 21:00:00","Belgium (BE)","621.68","689.85","727.13","841.10"
"21/05/2025 21:00:00 - 21/05/2025 22:00:00","Belgium (BE)","590.23","659.10","691.90","753.29"
"21/05/2025 22:00:00 - 21/05/2025 23:00:00","Belgium (BE)","557.08","630.08","674.83","729.14"
"21/05/2025 23:00:00 - 22/05/2025 00:00:00","Belgium (BE)","529.13","606.88","667.50","682.19"
"22/05/2025 00:00:00 - 22/05/2025 01:00:00","Belgium (BE)","674.48","662.88","662.88","657.42"
"22/05/2025 01:00:00 - 22/05/2025 02:00:00","Belgium (BE)","680.08","620.70","620.70","566.77"
"22/05/2025 02:00:00 - 22/05/2025 03:00:00","Belgium (BE)","689.00","596.50","596.50","596.03"
"22/05/2025 03:00:00 - 22/05/2025 04:00:00","Belgium (BE)","685.65","571.70","571.70","460.16"
"22/05/2025 04:00:00 - 22/05/2025 05:00:00","Belgium (BE)","679.75","538.18","538.18","318.55"
"22/05/2025 05:00:00 - 22/05/2025 06:00:00","Belgium (BE)","676.55","492.43","492.43","340.42"
"22/05/2025 06:00:00 - 22/05/2025 07:00:00","Belgium (BE)","629.35","433.75","433.75","403.79"
"22/05/2025 07:00:00 - 22/05/2025 08:00:00","Belgium (BE)","592.65","461.05","443.80","344.90"
"22/05/2025 08:00:00 - 22/05/2025 09:00:00","Belgium (BE)","526.65","468.98","450.63","430.69"
"22/05/2025 09:00:00 - 22/05/2025 10:00:00","Belgium (BE)","474.15","468.05","416.55","363.64"
"22/05/2025 10:00:00 - 22/05/2025 11:00:00","Belgium (BE)","430.93","434.88","388.40","462.95"
"22/05/2025 11:00:00 - 22/05/2025 12:00:00","Belgium (BE)","404.83","408.25","336.85","264.60"
"22/05/2025 12:00:00 - 22/05/2025 13:00:00","Belgium (BE)","369.78","361.33","337.70","300.82"
"22/05/2025 13:00:00 - 22/05/2025 14:00:00","Belgium (BE)","348.15","348.80","270.73","333.14"
"22/05/2025 14:00:00 - 22/05/2025 15:00:00","Belgium (BE)","354.18","369.68","284.10","289.96"
"22/05/2025 15:00:00 - 22/05/2025 16:00:00","Belgium (BE)","376.05","398.68","310.83","288.62"
"22/05/2025 16:00:00 - 22/05/2025 17:00:00","Belgium (BE)","371.40","443.23","341.43","279.75"
"22/05/2025 17:00:00 - 22/05/2025 18:00:00","Belgium (BE)","387.35","459.73","368.28","265.68"
"22/05/2025 18:00:00 - 22/05/2025 19:00:00","Belgium (BE)","418.45","486.60","390.30","328.76"
"22/05/2025 19:00:00 - 22/05/2025 20:00:00","Belgium (BE)","443.83","518.98","424.35","340.26"
"22/05/2025 20:00:00 - 22/05/2025 21:00:00","Belgium (BE)","462.80","528.78","475.65","363.55"
"22/05/2025 21:00:00 - 22/05/2025 22:00:00","Belgium (BE)","494.70","555.73","511.98","304.45"
"22/05/2025 22:00:00 - 22/05/2025 23:00:00","Belgium (BE)","484.93","573.58","541.95","399.45"
"22/05/2025 23:00:00 - 23/05/2025 00:00:00","Belgium (BE)","478.65","544.58","536.00","400.83"
"23/05/2025 00:00:00 - 23/05/2025 01:00:00","Belgium (BE)","533.48","476.30","476.30","445.36"
"23/05/2025 01:00:00 - 23/05/2025 02:00:00","Belgium (BE)","537.90","486.08","486.08","473.54"
"23/05/2025 02:00:00 - 23/05/2025 03:00:00","Belgium (BE)","565.15","523.88","523.88","528.15"
"23/05/2025 03:00:00 - 23/05/2025 04:00:00","Belgium (BE)","601.78","525.25","525.25","562.12"
"23/05/2025 04:00:00 - 23/05/2025 05:00:00","Belgium (BE)","685.98","576.48","576.48","738.88"
"23/05/2025 05:00:00 - 23/05/2025 06:00:00","Belgium (BE)","745.85","649.15","649.15","865.91"
"23/05/2025 06:00:00 - 23/05/2025 07:00:00","Belgium (BE)","810.88","732.63","732.63","845.06"
"23/05/2025 07:00:00 - 23/05/2025 08:00:00","Belgium (BE)","817.43","716.20","761.60","931.30"
"23/05/2025 08:00:00 - 23/05/2025 09:00:00","Belgium (BE)","803.58","691.65","732.73","771.57"
"23/05/2025 09:00:00 - 23/05/2025 10:00:00","Belgium (BE)","744.23","622.08","680.68","654.87"
"23/05/2025 10:00:00 - 23/05/2025 11:00:00","Belgium (BE)","674.43","502.55","502.30","433.98"
"23/05/2025 11:00:00 - 23/05/2025 12:00:00","Belgium (BE)","602.28","413.18","398.18","347.01"
"23/05/2025 12:00:00 - 23/05/2025 13:00:00","Belgium (BE)","544.65","342.58","308.33","280.31"
"23/05/2025 13:00:00 - 23/05/2025 14:00:00","Belgium (BE)","452.85","251.08","253.53","225.70"
"23/05/2025 14:00:00 - 23/05/2025 15:00:00","Belgium (BE)","298.73","164.25","185.65","138.76"
"23/05/2025 15:00:00 - 23/05/2025 16:00:00","Belgium (BE)","167.35","111.33","148.23","88.20"
"23/05/2025 16:00:00 - 23/05/2025 17:00:00","Belgium (BE)","101.18","80.38","111.55","47.90"
"23/05/2025 17:00:00 - 23/05/2025 18:00:00","Belgium (BE)","81.58","98.75","151.13","43.57"
"23/05/2025 18:00:00 - 23/05/2025 19:00:00","Belgium (BE)","93.13","122.48","160.43","30.59"
"23/05/2025 19:00:00 - 23/05/2025 20:00:00","Belgium (BE)","121.43","191.13","238.10","6.97"
"23/05/2025 20:00:00 - 23/05/2025 21:00:00","Belgium (BE)","212.85","409.45","442.60","135.42"
"23/05/2025 21:00:00 - 23/05/2025 22:00:00","Belgium (BE)","487.50","748.63","708.40","1104.47"
"23/05/2025 22:00:00 - 23/05/2025 23:00:00","Belgium (BE)","858.50","972.63","1008.63","1587.47"
"23/05/2025 23:00:00 - 24/05/2025 00:00:00","Belgium (BE)","1093.35","1090.18","1156.53","1444.50"
"24/05/2025 00:00:00 - 24/05/2025 01:00:00","Belgium (BE)","1306.30","1434.48","1434.48","1333.92"
"24/05/2025 01:00:00 - 24/05/2025 02:00:00","Belgium (BE)","1370.58","1445.78","1445.78","1321.92"
"24/05/2025 02:00:00 - 24/05/2025 03:00:00","Belgium (BE)","1394.95","1433.05","1433.05","1429.00"
"24/05/2025 03:00:00 - 24/05/2025 04:00:00","Belgium (BE)","1385.55","1510.53","1510.53","1550.96"
"24/05/2025 04:00:00 - 24/05/2025 05:00:00","Belgium (BE)","1427.90","1563.53","1563.53","1709.39"
"24/05/2025 05:00:00 - 24/05/2025 06:00:00","Belgium (BE)","1443.68","1552.65","1552.65","1840.75"
"24/05/2025 06:00:00 - 24/05/2025 07:00:00","Belgium (BE)","1412.25","1525.38","1525.38","1753.43"
"24/05/2025 07:00:00 - 24/05/2025 08:00:00","Belgium (BE)","1299.88","1398.55","1475.88","1560.48"
"24/05/2025 08:00:00 - 24/05/2025 09:00:00","Belgium (BE)","1167.65","1312.13","1357.40","1494.94"
"24/05/2025 09:00:00 - 24/05/2025 10:00:00","Belgium (BE)","1083.40","1328.43","1419.08","1320.12"
"24/05/2025 10:00:00 - 24/05/2025 11:00:00","Belgium (BE)","1041.63","1387.18","1563.08","1412.98"
"24/05/2025 11:00:00 - 24/05/2025 12:00:00","Belgium (BE)","1109.08","1492.73","1608.05","1754.63"
"24/05/2025 12:00:00 - 24/05/2025 13:00:00","Belgium (BE)","1199.53","1510.23","1660.65","2014.73"
"24/05/2025 13:00:00 - 24/05/2025 14:00:00","Belgium (BE)","1268.73","1492.63","1820.03","1939.83"
"24/05/2025 14:00:00 - 24/05/2025 15:00:00","Belgium (BE)","1323.40","1506.53","1888.70","1875.16"
"24/05/2025 15:00:00 - 24/05/2025 16:00:00","Belgium (BE)","1477.53","1565.93","1865.20","1849.27"
"24/05/2025 16:00:00 - 24/05/2025 17:00:00","Belgium (BE)","1632.18","1677.08","1886.48","1987.91"
"24/05/2025 17:00:00 - 24/05/2025 18:00:00","Belgium (BE)","1779.95","1818.78","1928.73","1996.49"
"24/05/2025 18:00:00 - 24/05/2025 19:00:00","Belgium (BE)","1892.53","1936.18","1989.20","1959.79"
"24/05/2025 19:00:00 - 24/05/2025 20:00:00","Belgium (BE)","1967.10","1993.20","2060.75","1999.49"
"24/05/2025 20:00:00 - 24/05/2025 21:00:00","Belgium (BE)","2017.43","2018.78","2035.28","1985.12"
"24/05/2025 21:00:00 - 24/05/2025 22:00:00","Belgium (BE)","2037.73","2029.90","2037.70","2104.07"
"24/05/2025 22:00:00 - 24/05/2025 23:00:00","Belgium (BE)","2030.40","2036.33","2034.48","2110.99"
"24/05/2025 23:00:00 - 25/05/2025 00:00:00","Belgium (BE)","2022.73","2046.73","2034.08","2137.36"
"25/05/2025 00:00:00 - 25/05/2025 01:00:00","Belgium (BE)","2046.95","2062.58","2062.58","2133.95"
"25/05/2025 01:00:00 - 25/05/2025 02:00:00","Belgium (BE)","2053.33","2078.18","2078.18","2153.64"
"25/05/2025 02:00:00 - 25/05/2025 03:00:00","Belgium (BE)","2069.80","2086.70","2086.70","2137.46"
"25/05/2025 03:00:00 - 25/05/2025 04:00:00","Belgium (BE)","2077.78","2156.90","2156.90","2150.23"
"25/05/2025 04:00:00 - 25/05/2025 05:00:00","Belgium (BE)","2085.48","2157.83","2157.83","2159.50"
"25/05/2025 05:00:00 - 25/05/2025 06:00:00","Belgium (BE)","2087.63","2166.00","2166.00","2159.93"
"25/05/2025 06:00:00 - 25/05/2025 07:00:00","Belgium (BE)","2085.98","2164.73","2164.73","2162.90"
"25/05/2025 07:00:00 - 25/05/2025 08:00:00","Belgium (BE)","2088.90","2159.75","2163.90","2150.62"
"25/05/2025 08:00:00 - 25/05/2025 09:00:00","Belgium (BE)","2088.93","2146.48","2154.35","2160.00"
"25/05/2025 09:00:00 - 25/05/2025 10:00:00","Belgium (BE)","2086.60","2135.05","2134.83","2151.12"
"25/05/2025 10:00:00 - 25/05/2025 11:00:00","Belgium (BE)","2078.38","2124.13","2139.43","1961.03"
"25/05/2025 11:00:00 - 25/05/2025 12:00:00","Belgium (BE)","2064.85","2101.33","2112.88","1940.11"
"25/05/2025 12:00:00 - 25/05/2025 13:00:00","Belgium (BE)","2036.45","2054.48","2031.13","1910.90"
"25/05/2025 13:00:00 - 25/05/2025 14:00:00","Belgium (BE)","1979.48","1932.98","1988.38","1922.28"
"25/05/2025 14:00:00 - 25/05/2025 15:00:00","Belgium (BE)","1866.90","1690.43","1870.53","2037.23"
"25/05/2025 15:00:00 - 25/05/2025 16:00:00","Belgium (BE)","1691.08","1304.70","1789.03","1767.70"
"25/05/2025 16:00:00 - 25/05/2025 17:00:00","Belgium (BE)","1497.93","1094.40","1632.43","647.73"
"25/05/2025 17:00:00 - 25/05/2025 18:00:00","Belgium (BE)","1300.98","987.85","1307.20","232.06"
"25/05/2025 18:00:00 - 25/05/2025 19:00:00","Belgium (BE)","1133.23","1034.95","809.33","519.76"
"25/05/2025 19:00:00 - 25/05/2025 20:00:00","Belgium (BE)","1241.63","1183.25","771.20","769.02"
"25/05/2025 20:00:00 - 25/05/2025 21:00:00","Belgium (BE)","1302.70","1267.15","922.33","983.94"
"25/05/2025 21:00:00 - 25/05/2025 22:00:00","Belgium (BE)","1420.85","1290.30","1229.23","1078.33"
"25/05/2025 22:00:00 - 25/05/2025 23:00:00","Belgium (BE)","1417.50","1435.38","1375.30","1360.77"
"25/05/2025 23:00:00 - 26/05/2025 00:00:00","Belgium (BE)","1473.40","1433.63","1535.55","1679.81"
"26/05/2025 00:00:00 - 26/05/2025 01:00:00","Belgium (BE)","1543.28","1550.10","1550.10","1908.49"
"26/05/2025 01:00:00 - 26/05/2025 02:00:00","Belgium (BE)","1528.68","1659.30","1659.30","1871.11"
"26/05/2025 02:00:00 - 26/05/2025 03:00:00","Belgium (BE)","1479.98","1740.35","1740.35","1745.36"
"26/05/2025 03:00:00 - 26/05/2025 04:00:00","Belgium (BE)","1420.93","1643.53","1643.53","1492.00"
"26/05/2025 04:00:00 - 26/05/2025 05:00:00","Belgium (BE)","1344.30","1530.95","1530.95","1277.62"
"26/05/2025 05:00:00 - 26/05/2025 06:00:00","Belgium (BE)","1260.45","1333.93","1333.93","1158.64"
"26/05/2025 06:00:00 - 26/05/2025 07:00:00","Belgium (BE)","1196.13","1205.25","1205.25","1093.32"
"26/05/2025 07:00:00 - 26/05/2025 08:00:00","Belgium (BE)","1129.98","1107.15","1086.73","918.95"
"26/05/2025 08:00:00 - 26/05/2025 09:00:00","Belgium (BE)","1065.50","1012.70","996.18","766.61"
"26/05/2025 09:00:00 - 26/05/2025 10:00:00","Belgium (BE)","1037.80","971.25","918.73","583.74"
"26/05/2025 10:00:00 - 26/05/2025 11:00:00","Belgium (BE)","1040.50","932.55","867.30","503.39"
"26/05/2025 11:00:00 - 26/05/2025 12:00:00","Belgium (BE)","1062.13","855.08","796.38","708.21"
"26/05/2025 12:00:00 - 26/05/2025 13:00:00","Belgium (BE)","1195.40","913.00","937.25","971.54"
"26/05/2025 13:00:00 - 26/05/2025 14:00:00","Belgium (BE)","1433.98","1186.63","1343.85","1574.90"
"26/05/2025 14:00:00 - 26/05/2025 15:00:00","Belgium (BE)","1723.80","1571.33","1669.80","1894.10"
"26/05/2025 15:00:00 - 26/05/2025 16:00:00","Belgium (BE)","1880.18","1841.45","1898.75","2030.91"
"26/05/2025 16:00:00 - 26/05/2025 17:00:00","Belgium (BE)","1963.83","1961.68","2003.80","1956.45"
"26/05/2025 17:00:00 - 26/05/2025 18:00:00","Belgium (BE)","2019.38","2006.70","2062.10","2031.72"
"26/05/2025 18:00:00 - 26/05/2025 19:00:00","Belgium (BE)","2047.35","2041.73","2074.15","2173.88"
"26/05/2025 19:00:00 - 26/05/2025 20:00:00","Belgium (BE)","2044.73","2052.83","2105.30","2162.29"
"26/05/2025 20:00:00 - 26/05/2025 21:00:00","Belgium (BE)","2049.35","2060.48","2167.60","2165.02"
"26/05/2025 21:00:00 - 26/05/2025 22:00:00","Belgium (BE)","2049.43","2074.58","2163.75","2154.24"
"26/05/2025 22:00:00 - 26/05/2025 23:00:00","Belgium (BE)","2065.70","2100.08","2156.50","2164.45"
"26/05/2025 23:00:00 - 27/05/2025 00:00:00","Belgium (BE)","2082.93","2127.83","2153.65","2163.52"
"27/05/2025 00:00:00 - 27/05/2025 01:00:00","Belgium (BE)","2147.90","2151.85","2151.85","2155.37"
"27/05/2025 01:00:00 - 27/05/2025 02:00:00","Belgium (BE)","2151.75","2156.68","2156.68","2156.74"
"27/05/2025 02:00:00 - 27/05/2025 03:00:00","Belgium (BE)","2154.75","2170.30","2170.30","2160.27"
"27/05/2025 03:00:00 - 27/05/2025 04:00:00","Belgium (BE)","2150.08","2182.85","2182.85","2160.41"
"27/05/2025 04:00:00 - 27/05/2025 05:00:00","Belgium (BE)","2143.23","2180.05","2180.05","2157.93"
"27/05/2025 05:00:00 - 27/05/2025 06:00:00","Belgium (BE)","2141.70","2183.18","2183.18","2162.00"
"27/05/2025 06:00:00 - 27/05/2025 07:00:00","Belgium (BE)","2136.45","2181.80","2181.80","2168.30"
"27/05/2025 07:00:00 - 27/05/2025 08:00:00","Belgium (BE)","2126.23","2170.20","2170.20","2164.20"
"27/05/2025 08:00:00 - 27/05/2025 09:00:00","Belgium (BE)","2096.65","2126.50","2119.93","2167.93"
"27/05/2025 09:00:00 - 27/05/2025 10:00:00","Belgium (BE)","2030.83","2027.98","2036.25","2112.92"
"27/05/2025 10:00:00 - 27/05/2025 11:00:00","Belgium (BE)","1951.60","1893.65","1912.95","1756.44"
"27/05/2025 11:00:00 - 27/05/2025 12:00:00","Belgium (BE)","1891.75","1796.43","1973.63","1809.13"
"27/05/2025 12:00:00 - 27/05/2025 13:00:00","Belgium (BE)","1908.45","1836.05","1892.18","1630.22"
"27/05/2025 13:00:00 - 27/05/2025 14:00:00","Belgium (BE)","1943.33","1915.40","1947.00","1571.81"
"27/05/2025 14:00:00 - 27/05/2025 15:00:00","Belgium (BE)","1997.43","1991.38","1941.38","2112.65"
"27/05/2025 15:00:00 - 27/05/2025 16:00:00","Belgium (BE)","2039.58","2042.73","1972.55","1760.60"
"27/05/2025 16:00:00 - 27/05/2025 17:00:00","Belgium (BE)","2053.35","2045.08","2130.28","2050.65"
"27/05/2025 17:00:00 - 27/05/2025 18:00:00","Belgium (BE)","2098.38","2084.20","2053.33","2162.69"
"27/05/2025 18:00:00 - 27/05/2025 19:00:00","Belgium (BE)","2137.25","2131.43","2144.85","2161.17"
"27/05/2025 19:00:00 - 27/05/2025 20:00:00","Belgium (BE)","2146.63","2147.73","2189.38","2157.91"
"27/05/2025 20:00:00 - 27/05/2025 21:00:00","Belgium (BE)","2149.80","2152.25","2186.63","2156.43"
"27/05/2025 21:00:00 - 27/05/2025 22:00:00","Belgium (BE)","2154.88","2157.75","2187.13","2158.16"
"27/05/2025 22:00:00 - 27/05/2025 23:00:00","Belgium (BE)","2156.53","2160.08","2183.83","2158.69"
"27/05/2025 23:00:00 - 28/05/2025 00:00:00","Belgium (BE)","2160.45","2164.48","2183.73","2157.31"
"28/05/2025 00:00:00 - 28/05/2025 01:00:00","Belgium (BE)","2162.23","2176.73","2176.73","2158.07"
"28/05/2025 01:00:00 - 28/05/2025 02:00:00","Belgium (BE)","2157.50","2173.73","2173.73","2158.78"
"28/05/2025 02:00:00 - 28/05/2025 03:00:00","Belgium (BE)","2148.23","2168.80","2168.80","2156.37"
"28/05/2025 03:00:00 - 28/05/2025 04:00:00","Belgium (BE)","2127.75","2146.68","2146.68","2149.68"
"28/05/2025 04:00:00 - 28/05/2025 05:00:00","Belgium (BE)","2104.78","2111.35","2111.35","2145.66"
"28/05/2025 05:00:00 - 28/05/2025 06:00:00","Belgium (BE)","2082.78","2050.83","2050.83","2119.75"
"28/05/2025 06:00:00 - 28/05/2025 07:00:00","Belgium (BE)","2040.63","1983.83","1983.83","2096.04"
"28/05/2025 07:00:00 - 28/05/2025 08:00:00","Belgium (BE)","1959.25","1914.43","1942.18","2106.75"
"28/05/2025 08:00:00 - 28/05/2025 09:00:00","Belgium (BE)","1793.30","1883.95","1930.33","2060.26"
"28/05/2025 09:00:00 - 28/05/2025 10:00:00","Belgium (BE)","1488.65","1815.85","1891.00","1972.57"
"28/05/2025 10:00:00 - 28/05/2025 11:00:00","Belgium (BE)","1094.15","1713.58","1840.55","1806.97"
"28/05/2025 11:00:00 - 28/05/2025 12:00:00","Belgium (BE)","717.25","1549.13","1677.93","1674.92"
"28/05/2025 12:00:00 - 28/05/2025 13:00:00","Belgium (BE)","454.08","1344.75","1497.50","1626.08"
"28/05/2025 13:00:00 - 28/05/2025 14:00:00","Belgium (BE)","296.43","1081.15","1245.80","1104.58"
"28/05/2025 14:00:00 - 28/05/2025 15:00:00","Belgium (BE)","177.05","859.45","1032.45","406.22"
"28/05/2025 15:00:00 - 28/05/2025 16:00:00","Belgium (BE)","101.13","558.43","605.03","485.72"
"28/05/2025 16:00:00 - 28/05/2025 17:00:00","Belgium (BE)","61.95","326.30","148.78","218.77"
"28/05/2025 17:00:00 - 28/05/2025 18:00:00","Belgium (BE)","53.80","172.03","101.70","62.56"
"28/05/2025 18:00:00 - 28/05/2025 19:00:00","Belgium (BE)","57.43","76.03","52.20"," "
"28/05/2025 19:00:00 - 28/05/2025 20:00:00","Belgium (BE)","67.43","27.78","16.48"," "
"28/05/2025 20:00:00 - 28/05/2025 21:00:00","Belgium (BE)","72.60","12.05","8.80"," "
"28/05/2025 21:00:00 - 28/05/2025 22:00:00","Belgium (BE)","71.33","7.58","6.93"," "
"28/05/2025 22:00:00 - 28/05/2025 23:00:00","Belgium (BE)","51.00","10.75","7.38"," "
"28/05/2025 23:00:00 - 29/05/2025 00:00:00","Belgium (BE)","38.98","21.95","11.98"," "
"29/05/2025 00:00:00 - 29/05/2025 01:00:00","Belgium (BE)","10.25","26.35","26.35"," "
"29/05/2025 01:00:00 - 29/05/2025 02:00:00","Belgium (BE)","19.50","46.38","46.38","25.81"
"29/05/2025 02:00:00 - 29/05/2025 03:00:00","Belgium (BE)","54.00","72.43","72.43","87.13"
"29/05/2025 03:00:00 - 29/05/2025 04:00:00","Belgium (BE)","93.83","115.15","115.15","92.50"
"29/05/2025 04:00:00 - 29/05/2025 05:00:00","Belgium (BE)","143.23","187.45","187.45","174.05"
"29/05/2025 05:00:00 - 29/05/2025 06:00:00","Belgium (BE)","228.28","271.20","271.20","252.84"
"29/05/2025 06:00:00 - 29/05/2025 07:00:00","Belgium (BE)","382.65","435.88","435.88","535.69"
"29/05/2025 07:00:00 - 29/05/2025 08:00:00","Belgium (BE)","530.15","598.88","598.88","484.28"
"29/05/2025 08:00:00 - 29/05/2025 09:00:00","Belgium (BE)","698.85","845.20","845.20","1057.57"
"29/05/2025 09:00:00 - 29/05/2025 10:00:00","Belgium (BE)","1004.43","1190.65","1184.83","1623.08"
"29/05/2025 10:00:00 - 29/05/2025 11:00:00","Belgium (BE)","1323.43","1507.60","1599.20","1512.20"
"29/05/2025 11:00:00 - 29/05/2025 12:00:00","Belgium (BE)","1629.88","1785.35","1960.08","1763.30"
"29/05/2025 12:00:00 - 29/05/2025 13:00:00","Belgium (BE)","1866.18","1968.28","2076.55","2100.27"
"29/05/2025 13:00:00 - 29/05/2025 14:00:00","Belgium (BE)","2006.40","2074.73","2088.33","2134.40"
"29/05/2025 14:00:00 - 29/05/2025 15:00:00","Belgium (BE)","2077.80","2120.50","2170.38","2167.68"
"29/05/2025 15:00:00 - 29/05/2025 16:00:00","Belgium (BE)","2109.78","2143.53","2178.08","2186.57"
"29/05/2025 16:00:00 - 29/05/2025 17:00:00","Belgium (BE)","2125.58","2155.95","2193.48","2187.76"
"29/05/2025 17:00:00 - 29/05/2025 18:00:00","Belgium (BE)","2140.33","2169.50","2198.98","2185.93"
"29/05/2025 18:00:00 - 29/05/2025 19:00:00","Belgium (BE)","2147.45","2173.60","2201.55","2186.15"
"29/05/2025 19:00:00 - 29/05/2025 20:00:00","Belgium (BE)","2139.83","2161.10","2184.50","2184.06"
"29/05/2025 20:00:00 - 29/05/2025 21:00:00","Belgium (BE)","2116.10","2133.35","2167.08","2183.04"
"29/05/2025 21:00:00 - 29/05/2025 22:00:00","Belgium (BE)","2072.88","2084.10","2114.33","2182.54"
"29/05/2025 22:00:00 - 29/05/2025 23:00:00","Belgium (BE)","2016.75","2000.13","2053.28","2167.29"
"29/05/2025 23:00:00 - 30/05/2025 00:00:00","Belgium (BE)","1970.10","1895.58","1962.08","2126.80"
"30/05/2025 00:00:00 - 30/05/2025 01:00:00","Belgium (BE)","1791.45","1841.15","1841.15","1986.94"
"30/05/2025 01:00:00 - 30/05/2025 02:00:00","Belgium (BE)","1649.03","1745.70","1745.70","1709.47"
"30/05/2025 02:00:00 - 30/05/2025 03:00:00","Belgium (BE)","1488.03","1629.35","1629.35","1645.81"
"30/05/2025 03:00:00 - 30/05/2025 04:00:00","Belgium (BE)","1310.28","1469.43","1469.43","1592.04"
"30/05/2025 04:00:00 - 30/05/2025 05:00:00","Belgium (BE)","1196.58","1316.25","1316.25","1399.22"
"30/05/2025 05:00:00 - 30/05/2025 06:00:00","Belgium (BE)","1149.53","1321.25","1321.25","1429.37"
"30/05/2025 06:00:00 - 30/05/2025 07:00:00","Belgium (BE)","1176.58","1269.73","1269.73","1320.75"
"30/05/2025 07:00:00 - 30/05/2025 08:00:00","Belgium (BE)","1260.25","1287.28","1287.28","1333.93"
"30/05/2025 08:00:00 - 30/05/2025 09:00:00","Belgium (BE)","1285.80","1229.35","1257.80","1218.69"
"30/05/2025 09:00:00 - 30/05/2025 10:00:00","Belgium (BE)","1314.95","1198.35","1316.18","1095.65"
"30/05/2025 10:00:00 - 30/05/2025 11:00:00","Belgium (BE)","1355.25","1189.10","1340.53","939.95"
"30/05/2025 11:00:00 - 30/05/2025 12:00:00","Belgium (BE)","1384.03","1167.15","1211.78","889.18"
"30/05/2025 12:00:00 - 30/05/2025 13:00:00","Belgium (BE)","1406.68","1097.25","1164.63","982.03"
"30/05/2025 13:00:00 - 30/05/2025 14:00:00","Belgium (BE)","1399.78","1084.90","1139.80","820.88"
"30/05/2025 14:00:00 - 30/05/2025 15:00:00","Belgium (BE)","1424.25","1165.03","1169.15","859.10"
"30/05/2025 15:00:00 - 30/05/2025 16:00:00","Belgium (BE)","1390.78","1311.23","1069.40","671.52"
"30/05/2025 16:00:00 - 30/05/2025 17:00:00","Belgium (BE)","1323.78","1360.78","995.08","1067.38"
"30/05/2025 17:00:00 - 30/05/2025 18:00:00","Belgium (BE)","1208.88","1286.60","813.08","1125.90"
"30/05/2025 18:00:00 - 30/05/2025 19:00:00","Belgium (BE)","1024.28","1018.40","629.90","1021.93"
"30/05/2025 19:00:00 - 30/05/2025 20:00:00","Belgium (BE)","847.28","697.10","582.70","673.32"
"30/05/2025 20:00:00 - 30/05/2025 21:00:00","Belgium (BE)","672.95","483.03","431.13","456.38"
"30/05/2025 21:00:00 - 30/05/2025 22:00:00","Belgium (BE)","551.23","366.05","403.78","434.51"
"30/05/2025 22:00:00 - 30/05/2025 23:00:00","Belgium (BE)","471.93","326.33","369.55","373.00"
"30/05/2025 23:00:00 - 31/05/2025 00:00:00","Belgium (BE)","410.78","315.75","335.45","201.03"
"31/05/2025 00:00:00 - 31/05/2025 01:00:00","Belgium (BE)","270.25","254.00","254.00","103.12"
"31/05/2025 01:00:00 - 31/05/2025 02:00:00","Belgium (BE)","209.70","179.55","179.55","88.61"
"31/05/2025 02:00:00 - 31/05/2025 03:00:00","Belgium (BE)","156.25","109.13","109.13","54.02"
"31/05/2025 03:00:00 - 31/05/2025 04:00:00","Belgium (BE)","115.43","94.45","94.45","32.38"
"31/05/2025 04:00:00 - 31/05/2025 05:00:00","Belgium (BE)","94.88","67.63","67.63","6.17"
"31/05/2025 05:00:00 - 31/05/2025 06:00:00","Belgium (BE)","87.90","54.15","54.15","1.20"
"31/05/2025 06:00:00 - 31/05/2025 07:00:00","Belgium (BE)","74.35","34.18","34.18","41.78"
"31/05/2025 07:00:00 - 31/05/2025 08:00:00","Belgium (BE)","66.53","40.80","34.00","6.59"
"31/05/2025 08:00:00 - 31/05/2025 09:00:00","Belgium (BE)","55.55","33.05","29.93","19.21"
"31/05/2025 09:00:00 - 31/05/2025 10:00:00","Belgium (BE)","50.50","22.83","29.50","26.34"
"31/05/2025 10:00:00 - 31/05/2025 11:00:00","Belgium (BE)","39.70","23.00","22.88"," "
"31/05/2025 11:00:00 - 31/05/2025 12:00:00","Belgium (BE)","34.83","27.40","18.65"," "
"31/05/2025 12:00:00 - 31/05/2025 13:00:00","Belgium (BE)","34.83","36.28","30.70"," "
"31/05/2025 13:00:00 - 31/05/2025 14:00:00","Belgium (BE)","37.20","40.83","43.23"," "
"31/05/2025 14:00:00 - 31/05/2025 15:00:00","Belgium (BE)","35.80","42.88","51.53"," "
"31/05/2025 15:00:00 - 31/05/2025 16:00:00","Belgium (BE)","33.28","40.78","49.80"," "
"31/05/2025 16:00:00 - 31/05/2025 17:00:00","Belgium (BE)","34.95","42.20","60.33","3.52"
"31/05/2025 17:00:00 - 31/05/2025 18:00:00","Belgium (BE)","50.83","61.53","66.10","6.61"
"31/05/2025 18:00:00 - 31/05/2025 19:00:00","Belgium (BE)","97.25","117.03","90.40","2.22"
"31/05/2025 19:00:00 - 31/05/2025 20:00:00","Belgium (BE)","182.63","254.53","162.45","154.84"
"31/05/2025 20:00:00 - 31/05/2025 21:00:00","Belgium (BE)","338.13","530.28","333.43","548.34"
"31/05/2025 21:00:00 - 31/05/2025 22:00:00","Belgium (BE)","613.70","989.15","706.95","635.12"
"31/05/2025 22:00:00 - 31/05/2025 23:00:00","Belgium (BE)","897.05","1278.03","935.15","1111.24"
"31/05/2025 23:00:00 - 01/06/2025 00:00:00","Belgium (BE)","1016.35","1505.55","1096.83","1282.27"
"01/06/2025 00:00:00 - 01/06/2025 01:00:00","Belgium (BE)","1265.25","1415.78","1415.78","1476.10"
"01/06/2025 01:00:00 - 01/06/2025 02:00:00","Belgium (BE)","1315.73","1443.90","1443.90","1611.61"
"01/06/2025 02:00:00 - 01/06/2025 03:00:00","Belgium (BE)","1250.78","1425.53","1425.53","1403.85"
"01/06/2025 03:00:00 - 01/06/2025 04:00:00","Belgium (BE)","1138.20","1316.38","1316.38","1699.61"
"01/06/2025 04:00:00 - 01/06/2025 05:00:00","Belgium (BE)","1004.03","1179.50","1179.50","1459.79"
"01/06/2025 05:00:00 - 01/06/2025 06:00:00","Belgium (BE)","891.10","1135.70","1135.70","1181.83"
"01/06/2025 06:00:00 - 01/06/2025 07:00:00","Belgium (BE)","775.45","948.18","948.18","692.96"
"01/06/2025 07:00:00 - 01/06/2025 08:00:00","Belgium (BE)","657.53","879.00","879.00","670.29"
"01/06/2025 08:00:00 - 01/06/2025 09:00:00","Belgium (BE)","636.63","815.38","815.38","830.94"
"01/06/2025 09:00:00 - 01/06/2025 10:00:00","Belgium (BE)","669.30","763.75","731.63","623.73"
"01/06/2025 10:00:00 - 01/06/2025 11:00:00","Belgium (BE)","733.20","726.68","727.15","678.75"
"01/06/2025 11:00:00 - 01/06/2025 12:00:00","Belgium (BE)","804.15","773.75","780.33","417.49"
"01/06/2025 12:00:00 - 01/06/2025 13:00:00","Belgium (BE)","924.93","893.90","912.25","607.32"
"01/06/2025 13:00:00 - 01/06/2025 14:00:00","Belgium (BE)","1204.28","1150.20","1087.95","944.95"
"01/06/2025 14:00:00 - 01/06/2025 15:00:00","Belgium (BE)","1504.05","1500.78","1532.33","1364.66"
"01/06/2025 15:00:00 - 01/06/2025 16:00:00","Belgium (BE)","1792.63","1778.75","1758.60","1328.86"
"01/06/2025 16:00:00 - 01/06/2025 17:00:00","Belgium (BE)","1898.68","1919.68","1848.15","1468.32"
"01/06/2025 17:00:00 - 01/06/2025 18:00:00","Belgium (BE)","1913.73","1994.95","1827.23","1617.63"
"01/06/2025 18:00:00 - 01/06/2025 19:00:00","Belgium (BE)","1940.28","2026.53","1908.28","1873.09"
"01/06/2025 19:00:00 - 01/06/2025 20:00:00","Belgium (BE)","1963.35","2036.98","1944.18","1941.19"
"01/06/2025 20:00:00 - 01/06/2025 21:00:00","Belgium (BE)","1951.85","2020.83","1980.28","2054.59"
"01/06/2025 21:00:00 - 01/06/2025 22:00:00","Belgium (BE)","1888.50","1955.95","1960.90","1928.52"
"01/06/2025 22:00:00 - 01/06/2025 23:00:00","Belgium (BE)","1805.13","1838.80","1895.18","1807.40"
"01/06/2025 23:00:00 - 02/06/2025 00:00:00","Belgium (BE)","1730.65","1660.00","1772.25","1572.53"
"02/06/2025 00:00:00 - 02/06/2025 01:00:00","Belgium (BE)","1606.20","1429.58","1429.58","1358.75"
"02/06/2025 01:00:00 - 02/06/2025 02:00:00","Belgium (BE)","1389.00","1267.23","1267.23","1008.06"
"02/06/2025 02:00:00 - 02/06/2025 03:00:00","Belgium (BE)","1203.70","1109.95","1109.95","708.34"
"02/06/2025 03:00:00 - 02/06/2025 04:00:00","Belgium (BE)","1023.60","969.35","969.35","512.98"
"02/06/2025 04:00:00 - 02/06/2025 05:00:00","Belgium (BE)","888.05","741.55","741.55","379.62"
"02/06/2025 05:00:00 - 02/06/2025 06:00:00","Belgium (BE)","740.18","588.28","588.28","320.27"
"02/06/2025 06:00:00 - 02/06/2025 07:00:00","Belgium (BE)","553.58","382.48","382.48","235.74"
"02/06/2025 07:00:00 - 02/06/2025 08:00:00","Belgium (BE)","373.50","293.50","293.50","196.52"
"02/06/2025 08:00:00 - 02/06/2025 09:00:00","Belgium (BE)","290.78","247.50","247.50","142.70"
"02/06/2025 09:00:00 - 02/06/2025 10:00:00","Belgium (BE)","226.63","202.55","172.58","121.86"
"02/06/2025 10:00:00 - 02/06/2025 11:00:00","Belgium (BE)","170.58","156.33","124.43","59.21"
"02/06/2025 11:00:00 - 02/06/2025 12:00:00","Belgium (BE)","131.10","129.08","99.55","56.01"
"02/06/2025 12:00:00 - 02/06/2025 13:00:00","Belgium (BE)","111.20","108.95","72.40","22.94"
"02/06/2025 13:00:00 - 02/06/2025 14:00:00","Belgium (BE)","96.50","90.70","70.38","53.96"
"02/06/2025 14:00:00 - 02/06/2025 15:00:00","Belgium (BE)","84.43","86.95","79.30","75.47"
"02/06/2025 15:00:00 - 02/06/2025 16:00:00","Belgium (BE)","74.40","92.35","81.68","38.10"
"02/06/2025 16:00:00 - 02/06/2025 17:00:00","Belgium (BE)","60.55","79.68","69.83","6.34"
"02/06/2025 17:00:00 - 02/06/2025 18:00:00","Belgium (BE)","58.35","85.15","71.65","15.20"
"02/06/2025 18:00:00 - 02/06/2025 19:00:00","Belgium (BE)","61.05","118.68","105.95","71.42"
"02/06/2025 19:00:00 - 02/06/2025 20:00:00","Belgium (BE)","75.70","157.75","150.38","120.76"
"02/06/2025 20:00:00 - 02/06/2025 21:00:00","Belgium (BE)","103.33","208.48","189.13","191.32"
"02/06/2025 21:00:00 - 02/06/2025 22:00:00","Belgium (BE)","143.95","254.33","223.05","338.42"
"02/06/2025 22:00:00 - 02/06/2025 23:00:00","Belgium (BE)","190.33","312.45","246.65","555.68"
"02/06/2025 23:00:00 - 03/06/2025 00:00:00","Belgium (BE)","251.03","390.43","323.58","838.65"
"03/06/2025 00:00:00 - 03/06/2025 01:00:00","Belgium (BE)","473.45","593.15","593.15","826.89"
"03/06/2025 01:00:00 - 03/06/2025 02:00:00","Belgium (BE)","571.78","736.75","736.75","732.40"
"03/06/2025 02:00:00 - 03/06/2025 03:00:00","Belgium (BE)","600.85","687.88","687.88","580.30"
"03/06/2025 03:00:00 - 03/06/2025 04:00:00","Belgium (BE)","577.45","677.23","677.23","622.07"
"03/06/2025 04:00:00 - 03/06/2025 05:00:00","Belgium (BE)","618.98","691.10","691.10","668.77"
"03/06/2025 05:00:00 - 03/06/2025 06:00:00","Belgium (BE)","747.85","726.85","726.85","808.86"
"03/06/2025 06:00:00 - 03/06/2025 07:00:00","Belgium (BE)","936.78","768.15","768.15","929.00"
"03/06/2025 07:00:00 - 03/06/2025 08:00:00","Belgium (BE)","1120.10","889.45","889.45","1004.77"
"03/06/2025 08:00:00 - 03/06/2025 09:00:00","Belgium (BE)","1166.00","985.93","1041.45","806.91"
"03/06/2025 09:00:00 - 03/06/2025 10:00:00","Belgium (BE)","1207.45","1090.23","1127.83","785.03"
"03/06/2025 10:00:00 - 03/06/2025 11:00:00","Belgium (BE)","1319.53","1213.98","1207.68","1022.12"
"03/06/2025 11:00:00 - 03/06/2025 12:00:00","Belgium (BE)","1471.45","1357.63","1328.28","1003.69"
"03/06/2025 12:00:00 - 03/06/2025 13:00:00","Belgium (BE)","1716.03","1622.05","1608.68","1079.24"
"03/06/2025 13:00:00 - 03/06/2025 14:00:00","Belgium (BE)","1888.40","1853.30","1762.18","1199.64"
"03/06/2025 14:00:00 - 03/06/2025 15:00:00","Belgium (BE)","1991.05","1976.25","1937.38","1699.89"
"03/06/2025 15:00:00 - 03/06/2025 16:00:00","Belgium (BE)","2035.50","2030.93","1916.18","1949.24"
"03/06/2025 16:00:00 - 03/06/2025 17:00:00","Belgium (BE)","2061.13","2046.68","2009.53","2088.76"
"03/06/2025 17:00:00 - 03/06/2025 18:00:00","Belgium (BE)","2081.53","2055.20","2089.28","2112.31"
"03/06/2025 18:00:00 - 03/06/2025 19:00:00","Belgium (BE)","2094.78","2060.68","2137.83","2142.31"
"03/06/2025 19:00:00 - 03/06/2025 20:00:00","Belgium (BE)","2095.30","2053.90","2149.50","2177.24"
"03/06/2025 20:00:00 - 03/06/2025 21:00:00","Belgium (BE)","2091.48","2038.03","2136.13","2170.04"
"03/06/2025 21:00:00 - 03/06/2025 22:00:00","Belgium (BE)","2080.93","2006.60","2114.80","2086.63"
"03/06/2025 22:00:00 - 03/06/2025 23:00:00","Belgium (BE)","2041.63","1939.95","2039.53","1878.61"
"03/06/2025 23:00:00 - 04/06/2025 00:00:00","Belgium (BE)","1992.55","1830.68","1934.90","1768.34"
"04/06/2025 00:00:00 - 04/06/2025 01:00:00","Belgium (BE)","1710.85","1769.50","1769.50","1689.09"
"04/06/2025 01:00:00 - 04/06/2025 02:00:00","Belgium (BE)","1584.73","1643.75","1643.75","1268.24"
"04/06/2025 02:00:00 - 04/06/2025 03:00:00","Belgium (BE)","1510.25","1529.70","1529.70","1315.72"
"04/06/2025 03:00:00 - 04/06/2025 04:00:00","Belgium (BE)","1323.08","1331.80","1331.80","1265.15"
"04/06/2025 04:00:00 - 04/06/2025 05:00:00","Belgium (BE)","1228.10","1181.50","1181.50","1217.61"
"04/06/2025 05:00:00 - 04/06/2025 06:00:00","Belgium (BE)","1124.40","1033.73","1033.73","1239.44"
"04/06/2025 06:00:00 - 04/06/2025 07:00:00","Belgium (BE)","916.98","920.73","920.73","1047.09"
"04/06/2025 07:00:00 - 04/06/2025 08:00:00","Belgium (BE)","728.40","833.08","833.08","642.36"
"04/06/2025 08:00:00 - 04/06/2025 09:00:00","Belgium (BE)","627.10","690.93","723.00","432.81"
"04/06/2025 09:00:00 - 04/06/2025 10:00:00","Belgium (BE)","613.63","641.73","628.18","574.35"
"04/06/2025 10:00:00 - 04/06/2025 11:00:00","Belgium (BE)","640.20","671.85","705.78","714.79"
"04/06/2025 11:00:00 - 04/06/2025 12:00:00","Belgium (BE)","710.50","750.05","814.98","852.51"
"04/06/2025 12:00:00 - 04/06/2025 13:00:00","Belgium (BE)","863.33","932.43","1036.63","756.05"
"04/06/2025 13:00:00 - 04/06/2025 14:00:00","Belgium (BE)","1097.83","1162.73","1222.03","891.33"
"04/06/2025 14:00:00 - 04/06/2025 15:00:00","Belgium (BE)","1407.83","1391.60","1356.45","1261.94"
"04/06/2025 15:00:00 - 04/06/2025 16:00:00","Belgium (BE)","1597.70","1543.48","1418.50","1449.75"
"04/06/2025 16:00:00 - 04/06/2025 17:00:00","Belgium (BE)","1693.18","1667.20","1493.40","1661.57"
"04/06/2025 17:00:00 - 04/06/2025 18:00:00","Belgium (BE)","1757.58","1723.25","1554.03","1822.29"
"04/06/2025 18:00:00 - 04/06/2025 19:00:00","Belgium (BE)","1772.55","1733.83","1526.78","1866.64"
"04/06/2025 19:00:00 - 04/06/2025 20:00:00","Belgium (BE)","1762.60","1746.98","1616.65","1833.74"
"04/06/2025 20:00:00 - 04/06/2025 21:00:00","Belgium (BE)","1735.38","1732.35","1632.93","1892.32"
"04/06/2025 21:00:00 - 04/06/2025 22:00:00","Belgium (BE)","1725.48","1687.53","1646.55","1864.02"
"04/06/2025 22:00:00 - 04/06/2025 23:00:00","Belgium (BE)","1719.95","1613.15","1544.15","1824.05"
"04/06/2025 23:00:00 - 05/06/2025 00:00:00","Belgium (BE)","1724.83","1619.98","1506.38","1637.49"
"05/06/2025 00:00:00 - 05/06/2025 01:00:00","Belgium (BE)","1512.08","1479.93","1479.93","1695.23"
"05/06/2025 01:00:00 - 05/06/2025 02:00:00","Belgium (BE)","1469.53","1470.23","1470.23","1790.95"
"05/06/2025 02:00:00 - 05/06/2025 03:00:00","Belgium (BE)","1399.05","1555.83","1555.83","1637.89"
"05/06/2025 03:00:00 - 05/06/2025 04:00:00","Belgium (BE)","1342.10","1471.98","1471.98","1666.25"
"05/06/2025 04:00:00 - 05/06/2025 05:00:00","Belgium (BE)","1315.78","1525.98","1525.98","1648.82"
"05/06/2025 05:00:00 - 05/06/2025 06:00:00","Belgium (BE)","1282.78","1498.40","1498.40","1468.87"
"05/06/2025 06:00:00 - 05/06/2025 07:00:00","Belgium (BE)","1277.43","1432.23","1432.23","1173.42"
"05/06/2025 07:00:00 - 05/06/2025 08:00:00","Belgium (BE)","1291.93","1304.33","1304.33","979.89"
"05/06/2025 08:00:00 - 05/06/2025 09:00:00","Belgium (BE)","1321.58","1332.85","1332.85","978.68"
"05/06/2025 09:00:00 - 05/06/2025 10:00:00","Belgium (BE)","1388.73","1473.23","1391.23","959.04"
"05/06/2025 10:00:00 - 05/06/2025 11:00:00","Belgium (BE)","1513.43","1658.45","1544.58","1476.35"
"05/06/2025 11:00:00 - 05/06/2025 12:00:00","Belgium (BE)","1634.35","1738.25","1583.38","1777.46"
"05/06/2025 12:00:00 - 05/06/2025 13:00:00","Belgium (BE)","1762.70","1784.93","1668.53","1681.51"
"05/06/2025 13:00:00 - 05/06/2025 14:00:00","Belgium (BE)","1841.55","1741.85","1651.45","1453.17"
"05/06/2025 14:00:00 - 05/06/2025 15:00:00","Belgium (BE)","1888.85","1718.78","1481.20","1172.47"
"05/06/2025 15:00:00 - 05/06/2025 16:00:00","Belgium (BE)","1937.13","1662.83","1257.88","1211.89"
"05/06/2025 16:00:00 - 05/06/2025 17:00:00","Belgium (BE)","1985.25","1518.23","1159.20","921.37"
"05/06/2025 17:00:00 - 05/06/2025 18:00:00","Belgium (BE)","1999.78","1410.73","1108.05","797.62"
"05/06/2025 18:00:00 - 05/06/2025 19:00:00","Belgium (BE)","1962.18","1407.75","1015.03","1339.94"
"05/06/2025 19:00:00 - 05/06/2025 20:00:00","Belgium (BE)","1875.90","1461.05","1216.98","1357.31"
"05/06/2025 20:00:00 - 05/06/2025 21:00:00","Belgium (BE)","1719.83","1443.25","1439.83","1763.23"
"05/06/2025 21:00:00 - 05/06/2025 22:00:00","Belgium (BE)","1445.30","1408.70","1613.73","1783.94"
"05/06/2025 22:00:00 - 05/06/2025 23:00:00","Belgium (BE)","1201.93","1487.00","1654.90","1951.25"
"05/06/2025 23:00:00 - 06/06/2025 00:00:00","Belgium (BE)","943.55","1636.13","1733.43","1464.09"
"06/06/2025 00:00:00 - 06/06/2025 01:00:00","Belgium (BE)","1672.55","1759.30","1759.30","1526.75"
"06/06/2025 01:00:00 - 06/06/2025 02:00:00","Belgium (BE)","1670.70","1674.78","1674.78","1935.06"
"06/06/2025 02:00:00 - 06/06/2025 03:00:00","Belgium (BE)","1711.90","1637.70","1637.70","1469.89"
"06/06/2025 03:00:00 - 06/06/2025 04:00:00","Belgium (BE)","1750.30","1705.40","1705.40","1805.73"
"06/06/2025 04:00:00 - 06/06/2025 05:00:00","Belgium (BE)","1774.90","1748.53","1748.53","1932.54"
"06/06/2025 05:00:00 - 06/06/2025 06:00:00","Belgium (BE)","1751.73","1877.95","1877.95","1829.77"
"06/06/2025 06:00:00 - 06/06/2025 07:00:00","Belgium (BE)","1730.30","1904.60","1904.60","1697.70"
"06/06/2025 07:00:00 - 06/06/2025 08:00:00","Belgium (BE)","1713.33","1874.83","1874.83","1695.00"
"06/06/2025 08:00:00 - 06/06/2025 09:00:00","Belgium (BE)","1750.43","1876.48","1835.35","1921.85"
"06/06/2025 09:00:00 - 06/06/2025 10:00:00","Belgium (BE)","1831.53","1911.65","1863.90","1910.78"
"06/06/2025 10:00:00 - 06/06/2025 11:00:00","Belgium (BE)","1868.10","1978.58","1948.15","1760.60"
"06/06/2025 11:00:00 - 06/06/2025 12:00:00","Belgium (BE)","1900.80","1998.60","1967.08","1816.25"
"06/06/2025 12:00:00 - 06/06/2025 13:00:00","Belgium (BE)","1919.28","2007.50","1969.30","1783.86"
"06/06/2025 13:00:00 - 06/06/2025 14:00:00","Belgium (BE)","1945.73","2017.40","2016.75","1793.17"
"06/06/2025 14:00:00 - 06/06/2025 15:00:00","Belgium (BE)","1966.78","2025.38","2016.45","1834.02"
"06/06/2025 15:00:00 - 06/06/2025 16:00:00","Belgium (BE)","1985.28","1998.43","1988.30","1805.04"
"06/06/2025 16:00:00 - 06/06/2025 17:00:00","Belgium (BE)","1964.25","1936.10","1977.95","1816.84"
"06/06/2025 17:00:00 - 06/06/2025 18:00:00","Belgium (BE)","1955.63","1889.48","1932.48","1979.11"
"06/06/2025 18:00:00 - 06/06/2025 19:00:00","Belgium (BE)","1865.48","1837.48","1904.58","1940.43"
"06/06/2025 19:00:00 - 06/06/2025 20:00:00","Belgium (BE)","1804.00","1833.00","1903.00","1930.27"
"06/06/2025 20:00:00 - 06/06/2025 21:00:00","Belgium (BE)","1768.85","1832.73","1856.78","2039.77"
"06/06/2025 21:00:00 - 06/06/2025 22:00:00","Belgium (BE)","1727.88","1790.78","1853.90","2045.81"
"06/06/2025 22:00:00 - 06/06/2025 23:00:00","Belgium (BE)","1662.30","1748.38","1791.03","2044.25"
"06/06/2025 23:00:00 - 07/06/2025 00:00:00","Belgium (BE)","1623.68","1720.40","1733.58","2041.68"
"07/06/2025 00:00:00 - 07/06/2025 01:00:00","Belgium (BE)","1672.88","1710.30","1710.30","1946.47"
"07/06/2025 01:00:00 - 07/06/2025 02:00:00","Belgium (BE)","1573.95","1664.03","1664.03","1802.14"
"07/06/2025 02:00:00 - 07/06/2025 03:00:00","Belgium (BE)","1429.55","1559.18","1559.18","1602.75"
"07/06/2025 03:00:00 - 07/06/2025 04:00:00","Belgium (BE)","1123.78","1267.98","1267.98","1569.29"
"07/06/2025 04:00:00 - 07/06/2025 05:00:00","Belgium (BE)","857.08","914.43","914.43","1140.07"
"07/06/2025 05:00:00 - 07/06/2025 06:00:00","Belgium (BE)","751.03","776.10","776.10","674.72"
"07/06/2025 06:00:00 - 07/06/2025 07:00:00","Belgium (BE)","1001.28","789.95","789.95","160.78"
"07/06/2025 07:00:00 - 07/06/2025 08:00:00","Belgium (BE)","1278.03","1104.43","1104.43","91.60"
"07/06/2025 08:00:00 - 07/06/2025 09:00:00","Belgium (BE)","1480.70","1304.38","1157.28","139.76"
"07/06/2025 09:00:00 - 07/06/2025 10:00:00","Belgium (BE)","1619.48","1375.05","1117.50","580.52"
"07/06/2025 10:00:00 - 07/06/2025 11:00:00","Belgium (BE)","1642.43","1457.60","1211.45","896.21"
"07/06/2025 11:00:00 - 07/06/2025 12:00:00","Belgium (BE)","1632.93","1615.68","1410.75","994.12"
"07/06/2025 12:00:00 - 07/06/2025 13:00:00","Belgium (BE)","1573.98","1698.03","1522.43","1619.50"
"07/06/2025 13:00:00 - 07/06/2025 14:00:00","Belgium (BE)","1643.98","1707.80","1566.28","1687.75"
"07/06/2025 14:00:00 - 07/06/2025 15:00:00","Belgium (BE)","1647.25","1690.50","1689.10","1811.48"
"07/06/2025 15:00:00 - 07/06/2025 16:00:00","Belgium (BE)","1660.80","1682.48","1656.55","2002.04"
"07/06/2025 16:00:00 - 07/06/2025 17:00:00","Belgium (BE)","1743.45","1693.60","1660.45","2121.80"
"07/06/2025 17:00:00 - 07/06/2025 18:00:00","Belgium (BE)","1768.23","1608.03","1738.75","1930.01"
"07/06/2025 18:00:00 - 07/06/2025 19:00:00","Belgium (BE)","1746.25","1559.18","1764.43","1392.14"
"07/06/2025 19:00:00 - 07/06/2025 20:00:00","Belgium (BE)","1686.40","1586.18","1705.55","1601.87"
"07/06/2025 20:00:00 - 07/06/2025 21:00:00","Belgium (BE)","1628.33","1549.55","1488.13","1638.42"
"07/06/2025 21:00:00 - 07/06/2025 22:00:00","Belgium (BE)","1472.70","1495.10","1369.28","1468.48"
"07/06/2025 22:00:00 - 07/06/2025 23:00:00","Belgium (BE)","1311.38","1343.45","1076.65","1414.57"
"07/06/2025 23:00:00 - 08/06/2025 00:00:00","Belgium (BE)","1183.53","1139.90","767.13","1207.61"
"08/06/2025 00:00:00 - 08/06/2025 01:00:00","Belgium (BE)","618.33","800.25","800.25","608.63"
"08/06/2025 01:00:00 - 08/06/2025 02:00:00","Belgium (BE)","676.25","920.68","920.68","971.89"
"08/06/2025 02:00:00 - 08/06/2025 03:00:00","Belgium (BE)","892.38","1009.13","1009.13","1395.02"
"08/06/2025 03:00:00 - 08/06/2025 04:00:00","Belgium (BE)","1168.78","1300.68","1300.68","1842.90"
"08/06/2025 04:00:00 - 08/06/2025 05:00:00","Belgium (BE)","1386.65","1700.88","1700.88","1780.21"
"08/06/2025 05:00:00 - 08/06/2025 06:00:00","Belgium (BE)","1497.40","1822.78","1822.78","1709.88"
"08/06/2025 06:00:00 - 08/06/2025 07:00:00","Belgium (BE)","1560.63","1773.60","1773.60","1735.31"
"08/06/2025 07:00:00 - 08/06/2025 08:00:00","Belgium (BE)","1612.68","1770.65","1770.65","1731.34"
"08/06/2025 08:00:00 - 08/06/2025 09:00:00","Belgium (BE)","1689.78","1806.60","1813.48","1904.32"
"08/06/2025 09:00:00 - 08/06/2025 10:00:00","Belgium (BE)","1760.95","1819.48","1813.73","1739.23"
"08/06/2025 10:00:00 - 08/06/2025 11:00:00","Belgium (BE)","1779.18","1801.93","1873.58","1736.14"
"08/06/2025 11:00:00 - 08/06/2025 12:00:00","Belgium (BE)","1732.53","1757.00","1759.50","1692.11"
"08/06/2025 12:00:00 - 08/06/2025 13:00:00","Belgium (BE)","1697.33","1727.78","1746.63","1707.63"
"08/06/2025 13:00:00 - 08/06/2025 14:00:00","Belgium (BE)","1550.70","1672.10","1667.10","1684.05"
"08/06/2025 14:00:00 - 08/06/2025 15:00:00","Belgium (BE)","1397.45","1574.48","1569.13","1352.17"
"08/06/2025 15:00:00 - 08/06/2025 16:00:00","Belgium (BE)","1129.63","1356.75","1412.05","989.67"
"08/06/2025 16:00:00 - 08/06/2025 17:00:00","Belgium (BE)","881.90","1071.80","1074.00","840.69"
"08/06/2025 17:00:00 - 08/06/2025 18:00:00","Belgium (BE)","755.90","822.25","821.35","776.48"
"08/06/2025 18:00:00 - 08/06/2025 19:00:00","Belgium (BE)","810.75","661.33","714.13","883.93"
"08/06/2025 19:00:00 - 08/06/2025 20:00:00","Belgium (BE)","1149.80","745.08","730.95","731.93"
"08/06/2025 20:00:00 - 08/06/2025 21:00:00","Belgium (BE)","1318.18","919.20","887.65","1129.60"
"08/06/2025 21:00:00 - 08/06/2025 22:00:00","Belgium (BE)","1328.63","1028.03","829.95","1378.89"
"08/06/2025 22:00:00 - 08/06/2025 23:00:00","Belgium (BE)","1235.63","1000.80","761.80","1595.88"
"08/06/2025 23:00:00 - 09/06/2025 00:00:00","Belgium (BE)","1076.40","971.65","634.20","1587.06"
"09/06/2025 00:00:00 - 09/06/2025 01:00:00","Belgium (BE)","442.63","883.95","883.95","1332.23"
"09/06/2025 01:00:00 - 09/06/2025 02:00:00","Belgium (BE)","432.90","742.75","742.75","1078.68"
"09/06/2025 02:00:00 - 09/06/2025 03:00:00","Belgium (BE)","449.35","694.40","694.40","671.66"
"09/06/2025 03:00:00 - 09/06/2025 04:00:00","Belgium (BE)","498.95","562.85","562.85","537.84"
"09/06/2025 04:00:00 - 09/06/2025 05:00:00","Belgium (BE)","544.10","509.23","509.23","396.87"
"09/06/2025 05:00:00 - 09/06/2025 06:00:00","Belgium (BE)","536.50","435.43","435.43","307.72"
"09/06/2025 06:00:00 - 09/06/2025 07:00:00","Belgium (BE)","494.88","358.85","358.85","243.20"
"09/06/2025 07:00:00 - 09/06/2025 08:00:00","Belgium (BE)","440.45","332.43","332.43","154.51"
"09/06/2025 08:00:00 - 09/06/2025 09:00:00","Belgium (BE)","370.90","355.25","332.73","208.61"
"09/06/2025 09:00:00 - 09/06/2025 10:00:00","Belgium (BE)","305.38","356.20","301.58","342.20"
"09/06/2025 10:00:00 - 09/06/2025 11:00:00","Belgium (BE)","281.70","365.28","293.93","361.17"
"09/06/2025 11:00:00 - 09/06/2025 12:00:00","Belgium (BE)","280.73","378.05","334.33","274.31"
"09/06/2025 12:00:00 - 09/06/2025 13:00:00","Belgium (BE)","323.20","407.98","308.63","266.02"
"09/06/2025 13:00:00 - 09/06/2025 14:00:00","Belgium (BE)","381.90","431.28","320.13","272.24"
"09/06/2025 14:00:00 - 09/06/2025 15:00:00","Belgium (BE)","510.25","523.63","407.78","265.32"
"09/06/2025 15:00:00 - 09/06/2025 16:00:00","Belgium (BE)","761.73","731.95","609.00","507.75"
"09/06/2025 16:00:00 - 09/06/2025 17:00:00","Belgium (BE)","1121.10","1006.45","886.88","854.10"
"09/06/2025 17:00:00 - 09/06/2025 18:00:00","Belgium (BE)","1401.10","1200.95","1127.10","1329.53"
"09/06/2025 18:00:00 - 09/06/2025 19:00:00","Belgium (BE)","1543.08","1251.63","1319.68","1554.70"
"09/06/2025 19:00:00 - 09/06/2025 20:00:00","Belgium (BE)","1563.93","1315.28","1477.15","1469.82"
"09/06/2025 20:00:00 - 09/06/2025 21:00:00","Belgium (BE)","1472.88","1360.13","1547.03","1508.06"
"09/06/2025 21:00:00 - 09/06/2025 22:00:00","Belgium (BE)","1380.35","1303.08","1502.90","1525.25"
"09/06/2025 22:00:00 - 09/06/2025 23:00:00","Belgium (BE)","1304.35","1232.55","1438.13","1487.62"
"09/06/2025 23:00:00 - 10/06/2025 00:00:00","Belgium (BE)","1250.08","1239.00","1434.20","1484.58"
"10/06/2025 00:00:00 - 10/06/2025 01:00:00","Belgium (BE)","1514.63","1481.53","1481.53","1424.08"
"10/06/2025 01:00:00 - 10/06/2025 02:00:00","Belgium (BE)","1610.38","1593.85","1593.85","1622.24"
"10/06/2025 02:00:00 - 10/06/2025 03:00:00","Belgium (BE)","1707.88","1713.15","1713.15","1875.59"
"10/06/2025 03:00:00 - 10/06/2025 04:00:00","Belgium (BE)","1799.95","1839.28","1839.28","1946.18"
"10/06/2025 04:00:00 - 10/06/2025 05:00:00","Belgium (BE)","1868.50","1981.78","1981.78","2062.58"
"10/06/2025 05:00:00 - 10/06/2025 06:00:00","Belgium (BE)","1903.18","2026.08","2026.08","2089.14"
"10/06/2025 06:00:00 - 10/06/2025 07:00:00","Belgium (BE)","1929.20","2083.75","2083.75","2106.18"
"10/06/2025 07:00:00 - 10/06/2025 08:00:00","Belgium (BE)","1939.13","2099.35","2099.35","2088.22"
"10/06/2025 08:00:00 - 10/06/2025 09:00:00","Belgium (BE)","1931.45","2087.03","2087.03","2123.29"
"10/06/2025 09:00:00 - 10/06/2025 10:00:00","Belgium (BE)","1915.83","2065.25","2062.23","2091.83"
"10/06/2025 10:00:00 - 10/06/2025 11:00:00","Belgium (BE)","1882.50","2024.83","2036.70","2004.01"
"10/06/2025 11:00:00 - 10/06/2025 12:00:00","Belgium (BE)","1824.75","1946.20","1948.13","1829.95"
"10/06/2025 12:00:00 - 10/06/2025 13:00:00","Belgium (BE)","1755.68","1857.28","1859.80","1835.62"
"10/06/2025 13:00:00 - 10/06/2025 14:00:00","Belgium (BE)","1678.88","1745.55","1684.68","2028.08"
"10/06/2025 14:00:00 - 10/06/2025 15:00:00","Belgium (BE)","1605.40","1597.00","1535.08","1980.66"
"10/06/2025 15:00:00 - 10/06/2025 16:00:00","Belgium (BE)","1481.30","1310.80","1431.18","1829.96"
"10/06/2025 16:00:00 - 10/06/2025 17:00:00","Belgium (BE)","1294.88","962.55","948.40","1392.36"
"10/06/2025 17:00:00 - 10/06/2025 18:00:00","Belgium (BE)","988.00","528.10","637.45","277.36"
"10/06/2025 18:00:00 - 10/06/2025 19:00:00","Belgium (BE)","608.53","198.53","345.40","14.02"
"10/06/2025 19:00:00 - 10/06/2025 20:00:00","Belgium (BE)","282.65","82.25","71.28","40.68"
"10/06/2025 20:00:00 - 10/06/2025 21:00:00","Belgium (BE)","98.33","39.83","8.83","1.00"
"10/06/2025 21:00:00 - 10/06/2025 22:00:00","Belgium (BE)","57.05","24.13","5.55"," "
"10/06/2025 22:00:00 - 10/06/2025 23:00:00","Belgium (BE)","39.95","14.65","4.63"," "
"10/06/2025 23:00:00 - 11/06/2025 00:00:00","Belgium (BE)","33.03","11.65","5.33"," "
"11/06/2025 00:00:00 - 11/06/2025 01:00:00","Belgium (BE)","8.93","6.20","6.20"," "
"11/06/2025 01:00:00 - 11/06/2025 02:00:00","Belgium (BE)","9.15","7.00","7.00"," "
"11/06/2025 02:00:00 - 11/06/2025 03:00:00","Belgium (BE)","8.20","7.40","7.40"," "
"11/06/2025 03:00:00 - 11/06/2025 04:00:00","Belgium (BE)","7.18","5.25","5.25"," "
"11/06/2025 04:00:00 - 11/06/2025 05:00:00","Belgium (BE)","7.05","11.83","11.83"," "
"11/06/2025 05:00:00 - 11/06/2025 06:00:00","Belgium (BE)","10.40","12.85","12.85"," "
"11/06/2025 06:00:00 - 11/06/2025 07:00:00","Belgium (BE)","13.83","15.00","15.00"," "
"11/06/2025 07:00:00 - 11/06/2025 08:00:00","Belgium (BE)","21.65","25.28","25.28"," "
"11/06/2025 08:00:00 - 11/06/2025 09:00:00","Belgium (BE)","29.40","31.60","31.60","14.65"
"11/06/2025 09:00:00 - 11/06/2025 10:00:00","Belgium (BE)","37.90","38.40","37.88","45.31"
"11/06/2025 10:00:00 - 11/06/2025 11:00:00","Belgium (BE)","47.85","40.98","45.00","145.11"
"11/06/2025 11:00:00 - 11/06/2025 12:00:00","Belgium (BE)","56.20","45.18","57.28","116.57"
"11/06/2025 12:00:00 - 11/06/2025 13:00:00","Belgium (BE)","81.93","63.93","94.30","34.63"
"11/06/2025 13:00:00 - 11/06/2025 14:00:00","Belgium (BE)","117.28","100.13","101.05","11.22"
"11/06/2025 14:00:00 - 11/06/2025 15:00:00","Belgium (BE)","174.98","162.90","119.98","47.12"
"11/06/2025 15:00:00 - 11/06/2025 16:00:00","Belgium (BE)","247.20","242.05","194.50","131.25"
"11/06/2025 16:00:00 - 11/06/2025 17:00:00","Belgium (BE)","341.90","332.10","309.73","206.68"
"11/06/2025 17:00:00 - 11/06/2025 18:00:00","Belgium (BE)","483.33","433.38","429.30","256.91"
"11/06/2025 18:00:00 - 11/06/2025 19:00:00","Belgium (BE)","629.60","574.53","517.80","367.21"
"11/06/2025 19:00:00 - 11/06/2025 20:00:00","Belgium (BE)","753.13","703.85","608.73","402.35"
"11/06/2025 20:00:00 - 11/06/2025 21:00:00","Belgium (BE)","851.10","819.55","713.73","348.54"
"11/06/2025 21:00:00 - 11/06/2025 22:00:00","Belgium (BE)","932.18","901.35","794.18","386.94"
"11/06/2025 22:00:00 - 11/06/2025 23:00:00","Belgium (BE)","986.08","1007.50","944.98","672.20"
"11/06/2025 23:00:00 - 12/06/2025 00:00:00","Belgium (BE)","1083.60","1110.48","1023.75","1017.95"
"12/06/2025 00:00:00 - 12/06/2025 01:00:00","Belgium (BE)","1078.53","995.23","995.23","1131.76"
"12/06/2025 01:00:00 - 12/06/2025 02:00:00","Belgium (BE)","1121.03","1074.83","1074.83","1203.07"
"12/06/2025 02:00:00 - 12/06/2025 03:00:00","Belgium (BE)","1141.23","1104.33","1104.33","1210.81"
"12/06/2025 03:00:00 - 12/06/2025 04:00:00","Belgium (BE)","1072.75","1093.45","1093.45","1129.69"
"12/06/2025 04:00:00 - 12/06/2025 05:00:00","Belgium (BE)","1064.60","1087.03","1087.03","902.07"
"12/06/2025 05:00:00 - 12/06/2025 06:00:00","Belgium (BE)","1120.73","1070.05","1070.05","766.25"
"12/06/2025 06:00:00 - 12/06/2025 07:00:00","Belgium (BE)","1134.83","998.83","998.83","905.67"
"12/06/2025 07:00:00 - 12/06/2025 08:00:00","Belgium (BE)","1100.70","955.05","955.05","910.72"
"12/06/2025 08:00:00 - 12/06/2025 09:00:00","Belgium (BE)","1064.20","962.75","962.75","836.41"
"12/06/2025 09:00:00 - 12/06/2025 10:00:00","Belgium (BE)","1053.63","967.00","976.33","544.13"
"12/06/2025 10:00:00 - 12/06/2025 11:00:00","Belgium (BE)","910.50","890.05","854.33","661.58"
"12/06/2025 11:00:00 - 12/06/2025 12:00:00","Belgium (BE)","738.40","787.90","786.93","661.81"
"12/06/2025 12:00:00 - 12/06/2025 13:00:00","Belgium (BE)","626.05","711.33","718.73","451.16"
"12/06/2025 13:00:00 - 12/06/2025 14:00:00","Belgium (BE)","583.75","638.63","642.25","401.96"
"12/06/2025 14:00:00 - 12/06/2025 15:00:00","Belgium (BE)","591.65","611.53","572.13","333.89"
"12/06/2025 15:00:00 - 12/06/2025 16:00:00","Belgium (BE)","534.90","592.55","500.00","525.64"
"12/06/2025 16:00:00 - 12/06/2025 17:00:00","Belgium (BE)","520.80","531.78","423.40","373.49"
"12/06/2025 17:00:00 - 12/06/2025 18:00:00","Belgium (BE)","438.93","438.25","322.35","206.05"
"12/06/2025 18:00:00 - 12/06/2025 19:00:00","Belgium (BE)","394.18","360.35","231.85","38.88"
"12/06/2025 19:00:00 - 12/06/2025 20:00:00","Belgium (BE)","405.20","545.45","336.08","210.87"
"12/06/2025 20:00:00 - 12/06/2025 21:00:00","Belgium (BE)","420.95","539.30","276.93","443.90"
"12/06/2025 21:00:00 - 12/06/2025 22:00:00","Belgium (BE)","378.30","466.08","204.88","165.11"
"12/06/2025 22:00:00 - 12/06/2025 23:00:00","Belgium (BE)","290.05","421.95","218.25","80.90"
"12/06/2025 23:00:00 - 13/06/2025 00:00:00","Belgium (BE)","235.00","332.63","206.08","35.00"
"13/06/2025 00:00:00 - 13/06/2025 01:00:00","Belgium (BE)","160.98","160.98","160.98","1.23"
"13/06/2025 01:00:00 - 13/06/2025 02:00:00","Belgium (BE)","115.05","115.05","115.05","1.27"
"13/06/2025 02:00:00 - 13/06/2025 03:00:00","Belgium (BE)","69.25","69.25","69.25"," "
"13/06/2025 03:00:00 - 13/06/2025 04:00:00","Belgium (BE)","57.45","57.45","57.45"," "
"13/06/2025 04:00:00 - 13/06/2025 05:00:00","Belgium (BE)","52.33","52.33","52.33"," "
"13/06/2025 05:00:00 - 13/06/2025 06:00:00","Belgium (BE)","43.85","43.85","43.85"," "
"13/06/2025 06:00:00 - 13/06/2025 07:00:00","Belgium (BE)","36.30","36.30","36.30"," "
"13/06/2025 07:00:00 - 13/06/2025 08:00:00","Belgium (BE)","28.25","28.25","28.25"," "
"13/06/2025 08:00:00 - 13/06/2025 09:00:00","Belgium (BE)","24.95","24.95","24.95","7.15"
"13/06/2025 09:00:00 - 13/06/2025 10:00:00","Belgium (BE)","23.45","23.45","23.45","28.02"
"13/06/2025 10:00:00 - 13/06/2025 11:00:00","Belgium (BE)","26.98","26.98","26.98","25.95"
"13/06/2025 11:00:00 - 13/06/2025 12:00:00","Belgium (BE)","34.43","34.43","34.43","21.16"
"13/06/2025 12:00:00 - 13/06/2025 13:00:00","Belgium (BE)","50.20","50.20","50.20","28.33"
"13/06/2025 13:00:00 - 13/06/2025 14:00:00","Belgium (BE)","67.05","67.05","67.05","24.26"
"13/06/2025 14:00:00 - 13/06/2025 15:00:00","Belgium (BE)","83.35","83.35","83.35","35.86"
"13/06/2025 15:00:00 - 13/06/2025 16:00:00","Belgium (BE)","110.65","110.65","110.65","64.08"
"13/06/2025 16:00:00 - 13/06/2025 17:00:00","Belgium (BE)","161.45","161.45","161.45","121.06"
"13/06/2025 17:00:00 - 13/06/2025 18:00:00","Belgium (BE)","229.05","229.05","229.05","139.66"
"13/06/2025 18:00:00 - 13/06/2025 19:00:00","Belgium (BE)","310.40","310.40","310.40","246.81"
"13/06/2025 19:00:00 - 13/06/2025 20:00:00","Belgium (BE)","412.55","412.55","412.55","341.13"
"13/06/2025 20:00:00 - 13/06/2025 21:00:00","Belgium (BE)","507.63","507.63","507.63","340.16"
"13/06/2025 21:00:00 - 13/06/2025 22:00:00","Belgium (BE)","515.63","515.63","515.63","361.64"
"13/06/2025 22:00:00 - 13/06/2025 23:00:00","Belgium (BE)","540.95","540.95","540.95","434.79"
"13/06/2025 23:00:00 - 14/06/2025 00:00:00","Belgium (BE)","533.35","533.35","533.35","437.74"
"14/06/2025 00:00:00 - 14/06/2025 01:00:00","Belgium (BE)","684.65","684.65","684.65","835.03"
"14/06/2025 01:00:00 - 14/06/2025 02:00:00","Belgium (BE)","610.23","610.23","610.23","1097.00"
"14/06/2025 02:00:00 - 14/06/2025 03:00:00","Belgium (BE)","349.20","349.20","349.20","375.53"
"14/06/2025 03:00:00 - 14/06/2025 04:00:00","Belgium (BE)","147.48","147.48","147.48","105.26"
"14/06/2025 04:00:00 - 14/06/2025 05:00:00","Belgium (BE)","86.35","86.35","86.35","8.07"
"14/06/2025 05:00:00 - 14/06/2025 06:00:00","Belgium (BE)","109.18","109.18","109.18"," "
"14/06/2025 06:00:00 - 14/06/2025 07:00:00","Belgium (BE)","173.40","173.40","173.40"," "
"14/06/2025 07:00:00 - 14/06/2025 08:00:00","Belgium (BE)","253.03","253.03","253.03","11.62"
"14/06/2025 08:00:00 - 14/06/2025 09:00:00","Belgium (BE)","290.48","290.48","290.48","86.48"
"14/06/2025 09:00:00 - 14/06/2025 10:00:00","Belgium (BE)","270.80","270.80","270.80","284.05"
"14/06/2025 10:00:00 - 14/06/2025 11:00:00","Belgium (BE)","249.00","249.00","249.00","338.96"
"14/06/2025 11:00:00 - 14/06/2025 12:00:00","Belgium (BE)","284.83","284.83","284.83","318.88"
"14/06/2025 12:00:00 - 14/06/2025 13:00:00","Belgium (BE)","347.03","347.03","347.03","610.28"
"14/06/2025 13:00:00 - 14/06/2025 14:00:00","Belgium (BE)","420.43","420.43","420.43","812.83"
"14/06/2025 14:00:00 - 14/06/2025 15:00:00","Belgium (BE)","607.48","607.48","607.48","1432.19"
"14/06/2025 15:00:00 - 14/06/2025 16:00:00","Belgium (BE)","925.90","925.90","925.90","1337.94"
"14/06/2025 16:00:00 - 14/06/2025 17:00:00","Belgium (BE)","1212.45","1212.45","1212.45","1903.73"
"14/06/2025 17:00:00 - 14/06/2025 18:00:00","Belgium (BE)","1571.48","1571.48","1571.48","1942.73"
"14/06/2025 18:00:00 - 14/06/2025 19:00:00","Belgium (BE)","1728.80","1728.80","1728.80","2064.39"
"14/06/2025 19:00:00 - 14/06/2025 20:00:00","Belgium (BE)","1741.73","1741.73","1741.73","2107.22"
"14/06/2025 20:00:00 - 14/06/2025 21:00:00","Belgium (BE)","1694.63","1694.63","1694.63","2103.56"
"14/06/2025 21:00:00 - 14/06/2025 22:00:00","Belgium (BE)","1640.25","1640.25","1640.25","1797.84"
"14/06/2025 22:00:00 - 14/06/2025 23:00:00","Belgium (BE)","1545.23","1545.23","1545.23","1430.09"
"14/06/2025 23:00:00 - 15/06/2025 00:00:00","Belgium (BE)","1400.63","1400.63","1400.63","868.91"
"15/06/2025 00:00:00 - 15/06/2025 01:00:00","Belgium (BE)","1201.68","1201.68","1201.68","793.71"
"15/06/2025 01:00:00 - 15/06/2025 02:00:00","Belgium (BE)","988.13","988.13","988.13","850.60"
"15/06/2025 02:00:00 - 15/06/2025 03:00:00","Belgium (BE)","768.90","768.90","768.90","691.09"
"15/06/2025 03:00:00 - 15/06/2025 04:00:00","Belgium (BE)","625.15","625.15","625.15","766.14"
"15/06/2025 04:00:00 - 15/06/2025 05:00:00","Belgium (BE)","549.28","549.28","549.28","645.06"
"15/06/2025 05:00:00 - 15/06/2025 06:00:00","Belgium (BE)","519.58","519.58","519.58","635.72"
"15/06/2025 06:00:00 - 15/06/2025 07:00:00","Belgium (BE)","482.90","482.90","482.90","660.98"
"15/06/2025 07:00:00 - 15/06/2025 08:00:00","Belgium (BE)","436.50","436.50","436.50","306.51"
"15/06/2025 08:00:00 - 15/06/2025 09:00:00","Belgium (BE)","407.18","407.18","407.18","164.22"
"15/06/2025 09:00:00 - 15/06/2025 10:00:00","Belgium (BE)","395.55","395.55","395.55","117.98"
"15/06/2025 10:00:00 - 15/06/2025 11:00:00","Belgium (BE)","372.73","372.73","372.73","145.58"
"15/06/2025 11:00:00 - 15/06/2025 12:00:00","Belgium (BE)","331.95","331.95","331.95","141.31"
"15/06/2025 12:00:00 - 15/06/2025 13:00:00","Belgium (BE)","301.75","301.75","301.75","191.25"
"15/06/2025 13:00:00 - 15/06/2025 14:00:00","Belgium (BE)","276.48","276.48","276.48","195.38"
"15/06/2025 14:00:00 - 15/06/2025 15:00:00","Belgium (BE)","312.30","312.30","312.30","235.25"
"15/06/2025 15:00:00 - 15/06/2025 16:00:00","Belgium (BE)","370.15","370.15","370.15","236.93"
"15/06/2025 16:00:00 - 15/06/2025 17:00:00","Belgium (BE)","411.13","411.13","411.13","437.13"
"15/06/2025 17:00:00 - 15/06/2025 18:00:00","Belgium (BE)","417.65","417.65","417.65","753.27"
"15/06/2025 18:00:00 - 15/06/2025 19:00:00","Belgium (BE)","384.80","384.80","384.80","1049.54"
"15/06/2025 19:00:00 - 15/06/2025 20:00:00","Belgium (BE)","197.48","197.48","197.48","909.76"
"15/06/2025 20:00:00 - 15/06/2025 21:00:00","Belgium (BE)","169.43","169.43","169.43","908.26"
"15/06/2025 21:00:00 - 15/06/2025 22:00:00","Belgium (BE)","142.80","142.80","142.80","567.72"
"15/06/2025 22:00:00 - 15/06/2025 23:00:00","Belgium (BE)","118.23","118.23","118.23","464.45"
"15/06/2025 23:00:00 - 16/06/2025 00:00:00","Belgium (BE)","104.13","104.13","104.13","453.81"
"16/06/2025 00:00:00 - 16/06/2025 01:00:00","Belgium (BE)","95.03","95.03","95.03","477.13"
"16/06/2025 01:00:00 - 16/06/2025 02:00:00","Belgium (BE)","90.05","90.05","90.05","394.87"
"16/06/2025 02:00:00 - 16/06/2025 03:00:00","Belgium (BE)","81.85","81.85","81.85","207.45"
"16/06/2025 03:00:00 - 16/06/2025 04:00:00","Belgium (BE)","70.85","70.85","70.85","79.40"
"16/06/2025 04:00:00 - 16/06/2025 05:00:00","Belgium (BE)","63.98","63.98","63.98","147.69"
"16/06/2025 05:00:00 - 16/06/2025 06:00:00","Belgium (BE)","60.15","60.15","60.15","140.54"
"16/06/2025 06:00:00 - 16/06/2025 07:00:00","Belgium (BE)","57.35","57.35","57.35","132.55"
"16/06/2025 07:00:00 - 16/06/2025 08:00:00","Belgium (BE)","57.33","57.33","57.33","47.79"
"16/06/2025 08:00:00 - 16/06/2025 09:00:00","Belgium (BE)","49.90","49.90","49.90","20.58"
"16/06/2025 09:00:00 - 16/06/2025 10:00:00","Belgium (BE)","38.13","38.13","38.13","38.91"
"16/06/2025 10:00:00 - 16/06/2025 11:00:00","Belgium (BE)","27.23","27.23","27.23","15.24"
"16/06/2025 11:00:00 - 16/06/2025 12:00:00","Belgium (BE)","22.30","22.30","22.30"," "
"16/06/2025 12:00:00 - 16/06/2025 13:00:00","Belgium (BE)","21.93","21.93","21.93"," "
"16/06/2025 13:00:00 - 16/06/2025 14:00:00","Belgium (BE)","23.08","23.08","23.08"," "
"16/06/2025 14:00:00 - 16/06/2025 15:00:00","Belgium (BE)","22.70","22.70","22.70"," "
"16/06/2025 15:00:00 - 16/06/2025 16:00:00","Belgium (BE)","23.28","23.28","23.28"," "
"16/06/2025 16:00:00 - 16/06/2025 17:00:00","Belgium (BE)","24.10","24.10","24.10"," "
"16/06/2025 17:00:00 - 16/06/2025 18:00:00","Belgium (BE)","24.88","24.88","10.30"," "
"16/06/2025 18:00:00 - 16/06/2025 19:00:00","Belgium (BE)","25.05","25.05","8.43"," "
"16/06/2025 19:00:00 - 16/06/2025 20:00:00","Belgium (BE)","24.58","24.58","10.40"," "
"16/06/2025 20:00:00 - 16/06/2025 21:00:00","Belgium (BE)","23.65","23.65","10.78"," "
"16/06/2025 21:00:00 - 16/06/2025 22:00:00","Belgium (BE)","23.20","23.20","11.68"," "
"16/06/2025 22:00:00 - 16/06/2025 23:00:00","Belgium (BE)","23.40","23.40","12.63"," "
"16/06/2025 23:00:00 - 17/06/2025 00:00:00","Belgium (BE)","24.20","24.20","14.00","5.79"
"17/06/2025 00:00:00 - 17/06/2025 01:00:00","Belgium (BE)","25.03","17.85","17.85","1.53"
"17/06/2025 01:00:00 - 17/06/2025 02:00:00","Belgium (BE)","25.75","20.83","20.58","9.41"
"17/06/2025 02:00:00 - 17/06/2025 03:00:00","Belgium (BE)","26.25","29.93","26.63","23.18"
"17/06/2025 03:00:00 - 17/06/2025 04:00:00","Belgium (BE)","25.98","41.53","39.30","25.82"
"17/06/2025 04:00:00 - 17/06/2025 05:00:00","Belgium (BE)","23.75","55.35","53.40","28.43"
"17/06/2025 05:00:00 - 17/06/2025 06:00:00","Belgium (BE)","20.05","63.25","70.25","73.54"
"17/06/2025 06:00:00 - 17/06/2025 07:00:00","Belgium (BE)","18.58","77.85","87.43","95.70"
"17/06/2025 07:00:00 - 17/06/2025 08:00:00","Belgium (BE)","20.55","105.83","107.85","148.47"
"17/06/2025 08:00:00 - 17/06/2025 09:00:00","Belgium (BE)","24.33","121.03","123.95","243.63"
"17/06/2025 09:00:00 - 17/06/2025 10:00:00","Belgium (BE)","27.15","119.23","131.55","247.53"
"17/06/2025 10:00:00 - 17/06/2025 11:00:00","Belgium (BE)","28.70","113.15","129.85","198.51"
"17/06/2025 11:00:00 - 17/06/2025 12:00:00","Belgium (BE)","28.63","101.50","116.58","129.73"
"17/06/2025 12:00:00 - 17/06/2025 13:00:00","Belgium (BE)","28.53","98.55","106.78","89.90"
"17/06/2025 13:00:00 - 17/06/2025 14:00:00","Belgium (BE)","29.30","105.75","99.85","103.94"
"17/06/2025 14:00:00 - 17/06/2025 15:00:00","Belgium (BE)","28.05","107.30","154.48","129.35"
"17/06/2025 15:00:00 - 17/06/2025 16:00:00","Belgium (BE)","25.33","86.15","127.13","162.75"
"17/06/2025 16:00:00 - 17/06/2025 17:00:00","Belgium (BE)","22.53","69.25","120.20","179.91"
"17/06/2025 17:00:00 - 17/06/2025 18:00:00","Belgium (BE)","20.78","64.65","132.35","154.88"
"17/06/2025 18:00:00 - 17/06/2025 19:00:00","Belgium (BE)","20.43","90.63","164.90","254.20"
"17/06/2025 19:00:00 - 17/06/2025 20:00:00","Belgium (BE)","20.35","148.90","229.23","254.36"
"17/06/2025 20:00:00 - 17/06/2025 21:00:00","Belgium (BE)","21.30","216.13","304.70","326.20"
"17/06/2025 21:00:00 - 17/06/2025 22:00:00","Belgium (BE)","26.23","265.20","346.53","418.78"
"17/06/2025 22:00:00 - 17/06/2025 23:00:00","Belgium (BE)","33.75","308.60","363.28","407.97"
"17/06/2025 23:00:00 - 18/06/2025 00:00:00","Belgium (BE)","53.50","364.88","348.33","396.18"
"18/06/2025 00:00:00 - 18/06/2025 01:00:00","Belgium (BE)","343.05","318.88","318.88","409.60"
"18/06/2025 01:00:00 - 18/06/2025 02:00:00","Belgium (BE)","325.08","309.63","309.63","335.82"
"18/06/2025 02:00:00 - 18/06/2025 03:00:00","Belgium (BE)","296.18","312.38","312.38","237.90"
"18/06/2025 03:00:00 - 18/06/2025 04:00:00","Belgium (BE)","226.48","252.23","252.23","262.69"
"18/06/2025 04:00:00 - 18/06/2025 05:00:00","Belgium (BE)","157.40","184.05","184.05","203.06"
"18/06/2025 05:00:00 - 18/06/2025 06:00:00","Belgium (BE)","114.28","120.50","120.50","108.56"
"18/06/2025 06:00:00 - 18/06/2025 07:00:00","Belgium (BE)","96.88","73.00","73.00","10.87"
"18/06/2025 07:00:00 - 18/06/2025 08:00:00","Belgium (BE)","108.30","46.85","46.85","44.28"
"18/06/2025 08:00:00 - 18/06/2025 09:00:00","Belgium (BE)","101.38","68.33","68.70","212.61"
"18/06/2025 09:00:00 - 18/06/2025 10:00:00","Belgium (BE)","76.53","85.53","91.08","194.29"
"18/06/2025 10:00:00 - 18/06/2025 11:00:00","Belgium (BE)","67.68","85.73","135.60","157.93"
"18/06/2025 11:00:00 - 18/06/2025 12:00:00","Belgium (BE)","56.40","68.13","102.53","112.54"
"18/06/2025 12:00:00 - 18/06/2025 13:00:00","Belgium (BE)","48.98","51.83","73.43","19.04"
"18/06/2025 13:00:00 - 18/06/2025 14:00:00","Belgium (BE)","42.75","39.68","50.23","1.38"
"18/06/2025 14:00:00 - 18/06/2025 15:00:00","Belgium (BE)","39.18","27.65","41.68","10.98"
"18/06/2025 15:00:00 - 18/06/2025 16:00:00","Belgium (BE)","33.95","15.50","15.78","0.85"
"18/06/2025 16:00:00 - 18/06/2025 17:00:00","Belgium (BE)","45.50","12.43","8.85"," "
"18/06/2025 17:00:00 - 18/06/2025 18:00:00","Belgium (BE)","66.38","15.48","5.43"," "
"18/06/2025 18:00:00 - 18/06/2025 19:00:00","Belgium (BE)","84.18","23.53","4.13"," "
"18/06/2025 19:00:00 - 18/06/2025 20:00:00","Belgium (BE)","99.00","30.23","15.43"," "
"18/06/2025 20:00:00 - 18/06/2025 21:00:00","Belgium (BE)","102.23","38.35","18.63"," "
"18/06/2025 21:00:00 - 18/06/2025 22:00:00","Belgium (BE)","104.43","52.25","22.73"," "
"18/06/2025 22:00:00 - 18/06/2025 23:00:00","Belgium (BE)","92.88","63.78","21.30"," "
"18/06/2025 23:00:00 - 19/06/2025 00:00:00","Belgium (BE)","79.90","66.95","19.85"," "
"19/06/2025 00:00:00 - 19/06/2025 01:00:00","Belgium (BE)","25.23","9.58","9.58"," "
"19/06/2025 01:00:00 - 19/06/2025 02:00:00","Belgium (BE)","22.63","7.88","7.88"," "
"19/06/2025 02:00:00 - 19/06/2025 03:00:00","Belgium (BE)","18.55","9.05","9.05"," "
"19/06/2025 03:00:00 - 19/06/2025 04:00:00","Belgium (BE)","19.30","10.95","10.95"," "
"19/06/2025 04:00:00 - 19/06/2025 05:00:00","Belgium (BE)","28.75","15.63","15.63"," "
"19/06/2025 05:00:00 - 19/06/2025 06:00:00","Belgium (BE)","39.05","26.45","26.45"," "
"19/06/2025 06:00:00 - 19/06/2025 07:00:00","Belgium (BE)","47.23","34.55","34.55"," "
"19/06/2025 07:00:00 - 19/06/2025 08:00:00","Belgium (BE)","54.45","47.13","45.70","13.28"
"19/06/2025 08:00:00 - 19/06/2025 09:00:00","Belgium (BE)","60.63","60.58","55.33","26.51"
"19/06/2025 09:00:00 - 19/06/2025 10:00:00","Belgium (BE)","61.40","65.58","53.33","25.30"
"19/06/2025 10:00:00 - 19/06/2025 11:00:00","Belgium (BE)","54.38","56.20","37.90","1.95"
"19/06/2025 11:00:00 - 19/06/2025 12:00:00","Belgium (BE)","49.43","42.20","25.63"," "
"19/06/2025 12:00:00 - 19/06/2025 13:00:00","Belgium (BE)","58.10","45.20","17.00"," "
"19/06/2025 13:00:00 - 19/06/2025 14:00:00","Belgium (BE)","74.43","55.40","27.93","4.44"
"19/06/2025 14:00:00 - 19/06/2025 15:00:00","Belgium (BE)","97.20","72.68","44.93","19.77"
"19/06/2025 15:00:00 - 19/06/2025 16:00:00","Belgium (BE)","136.03","100.48","68.75","88.22"
"19/06/2025 16:00:00 - 19/06/2025 17:00:00","Belgium (BE)","193.43","151.33","105.95","158.63"
"19/06/2025 17:00:00 - 19/06/2025 18:00:00","Belgium (BE)","248.43","218.00","177.38","116.45"
"19/06/2025 18:00:00 - 19/06/2025 19:00:00","Belgium (BE)","314.08","299.60","254.40","168.24"
"19/06/2025 19:00:00 - 19/06/2025 20:00:00","Belgium (BE)","402.65","398.70","351.53","187.76"
"19/06/2025 20:00:00 - 19/06/2025 21:00:00","Belgium (BE)","483.88","484.98","419.88","223.87"
"19/06/2025 21:00:00 - 19/06/2025 22:00:00","Belgium (BE)","580.93","534.80","488.78","264.24"
"19/06/2025 22:00:00 - 19/06/2025 23:00:00","Belgium (BE)","589.03","550.58","502.50","329.68"
"19/06/2025 23:00:00 - 20/06/2025 00:00:00","Belgium (BE)","538.18","492.18","457.10","310.08"
"20/06/2025 00:00:00 - 20/06/2025 01:00:00","Belgium (BE)","423.75","330.48","330.48","282.28"
"20/06/2025 01:00:00 - 20/06/2025 02:00:00","Belgium (BE)","376.90","300.30","300.30","238.41"
"20/06/2025 02:00:00 - 20/06/2025 03:00:00","Belgium (BE)","341.83","289.98","289.98","282.37"
"20/06/2025 03:00:00 - 20/06/2025 04:00:00","Belgium (BE)","301.40","230.35","230.35","272.47"
"20/06/2025 04:00:00 - 20/06/2025 05:00:00","Belgium (BE)","273.20","237.80","237.80","220.81"
"20/06/2025 05:00:00 - 20/06/2025 06:00:00","Belgium (BE)","254.63","217.65","217.65","203.46"
"20/06/2025 06:00:00 - 20/06/2025 07:00:00","Belgium (BE)","240.80","178.58","178.58","156.59"
"20/06/2025 07:00:00 - 20/06/2025 08:00:00","Belgium (BE)","212.75","151.30","151.30","92.35"
"20/06/2025 08:00:00 - 20/06/2025 09:00:00","Belgium (BE)","183.48","133.45","126.48","66.22"
"20/06/2025 09:00:00 - 20/06/2025 10:00:00","Belgium (BE)","150.93","107.58","89.08","29.52"
"20/06/2025 10:00:00 - 20/06/2025 11:00:00","Belgium (BE)","129.13","80.95","58.35","0.34"
"20/06/2025 11:00:00 - 20/06/2025 12:00:00","Belgium (BE)","124.78","73.83","51.80","3.58"
"20/06/2025 12:00:00 - 20/06/2025 13:00:00","Belgium (BE)","156.38","95.15","75.50","20.61"
"20/06/2025 13:00:00 - 20/06/2025 14:00:00","Belgium (BE)","216.45","149.68","104.93","75.37"
"20/06/2025 14:00:00 - 20/06/2025 15:00:00","Belgium (BE)","301.28","227.73","195.00","203.25"
"20/06/2025 15:00:00 - 20/06/2025 16:00:00","Belgium (BE)","328.80","295.93","303.75","336.99"
"20/06/2025 16:00:00 - 20/06/2025 17:00:00","Belgium (BE)","340.45","337.45","386.10","325.81"
"20/06/2025 17:00:00 - 20/06/2025 18:00:00","Belgium (BE)","379.33","373.25","446.18","339.50"
"20/06/2025 18:00:00 - 20/06/2025 19:00:00","Belgium (BE)","432.63","432.93","416.00","322.98"
"20/06/2025 19:00:00 - 20/06/2025 20:00:00","Belgium (BE)","479.68","485.43","391.15","290.60"
"20/06/2025 20:00:00 - 20/06/2025 21:00:00","Belgium (BE)","499.13","486.23","439.10","345.75"
"20/06/2025 21:00:00 - 20/06/2025 22:00:00","Belgium (BE)","525.58","481.13","454.10","263.84"
"20/06/2025 22:00:00 - 20/06/2025 23:00:00","Belgium (BE)","515.00","482.73","446.30","292.96"
"20/06/2025 23:00:00 - 21/06/2025 00:00:00","Belgium (BE)","513.80","477.55","427.10","291.24"
"21/06/2025 00:00:00 - 21/06/2025 01:00:00","Belgium (BE)","442.08","353.80","353.80","359.25"
"21/06/2025 01:00:00 - 21/06/2025 02:00:00","Belgium (BE)","401.93","328.98","328.98","379.79"
"21/06/2025 02:00:00 - 21/06/2025 03:00:00","Belgium (BE)","361.98","337.55","337.55","403.65"
"21/06/2025 03:00:00 - 21/06/2025 04:00:00","Belgium (BE)","319.33","315.35","315.35","330.93"
"21/06/2025 04:00:00 - 21/06/2025 05:00:00","Belgium (BE)","283.10","285.75","285.75","364.20"
"21/06/2025 05:00:00 - 21/06/2025 06:00:00","Belgium (BE)","255.38","261.48","261.48","258.20"
"21/06/2025 06:00:00 - 21/06/2025 07:00:00","Belgium (BE)","229.70","247.83","247.83","264.55"
"21/06/2025 07:00:00 - 21/06/2025 08:00:00","Belgium (BE)","184.48","189.25","189.25","198.74"
"21/06/2025 08:00:00 - 21/06/2025 09:00:00","Belgium (BE)","147.18","158.80","158.80","95.57"
"21/06/2025 09:00:00 - 21/06/2025 10:00:00","Belgium (BE)","114.65","118.93","124.33","76.75"
"21/06/2025 10:00:00 - 21/06/2025 11:00:00","Belgium (BE)","90.00","84.13","61.95","24.63"
"21/06/2025 11:00:00 - 21/06/2025 12:00:00","Belgium (BE)","61.25","57.30","29.75","2.22"
"21/06/2025 12:00:00 - 21/06/2025 13:00:00","Belgium (BE)","34.75","35.00","20.85"," "
"21/06/2025 13:00:00 - 21/06/2025 14:00:00","Belgium (BE)","19.58","23.18","5.13"," "
"21/06/2025 14:00:00 - 21/06/2025 15:00:00","Belgium (BE)","9.88","15.73","7.18"," "
"21/06/2025 15:00:00 - 21/06/2025 16:00:00","Belgium (BE)","5.40","11.43","9.53"," "
"21/06/2025 16:00:00 - 21/06/2025 17:00:00","Belgium (BE)","5.95","12.70","10.05"," "
"21/06/2025 17:00:00 - 21/06/2025 18:00:00","Belgium (BE)","10.30","17.45","9.40"," "
"21/06/2025 18:00:00 - 21/06/2025 19:00:00","Belgium (BE)","20.38","27.13","14.10","0.62"
"21/06/2025 19:00:00 - 21/06/2025 20:00:00","Belgium (BE)","42.83","46.98","25.28","34.67"
"21/06/2025 20:00:00 - 21/06/2025 21:00:00","Belgium (BE)","77.85","83.93","47.03","235.26"
"21/06/2025 21:00:00 - 21/06/2025 22:00:00","Belgium (BE)","126.33","139.88","101.43","335.64"
"21/06/2025 22:00:00 - 21/06/2025 23:00:00","Belgium (BE)","196.15","194.75","176.80","293.08"
"21/06/2025 23:00:00 - 22/06/2025 00:00:00","Belgium (BE)","319.05","265.70","291.73","218.36"
"22/06/2025 00:00:00 - 22/06/2025 01:00:00","Belgium (BE)","419.45","416.63","416.63","192.65"
"22/06/2025 01:00:00 - 22/06/2025 02:00:00","Belgium (BE)","494.80","502.43","502.43","412.13"
"22/06/2025 02:00:00 - 22/06/2025 03:00:00","Belgium (BE)","628.65","574.35","574.35","853.59"
"22/06/2025 03:00:00 - 22/06/2025 04:00:00","Belgium (BE)","812.88","797.60","797.60","1318.27"
"22/06/2025 04:00:00 - 22/06/2025 05:00:00","Belgium (BE)","988.25","1176.25","1176.25","1635.17"
"22/06/2025 05:00:00 - 22/06/2025 06:00:00","Belgium (BE)","1151.88","1396.88","1396.88","1790.85"
"22/06/2025 06:00:00 - 22/06/2025 07:00:00","Belgium (BE)","1166.03","1397.00","1397.00","1859.65"
"22/06/2025 07:00:00 - 22/06/2025 08:00:00","Belgium (BE)","1063.38","1399.90","1399.90","1480.16"
"22/06/2025 08:00:00 - 22/06/2025 09:00:00","Belgium (BE)","943.70","1226.65","1279.90","1354.07"
"22/06/2025 09:00:00 - 22/06/2025 10:00:00","Belgium (BE)","881.58","1037.80","1071.48","898.99"
"22/06/2025 10:00:00 - 22/06/2025 11:00:00","Belgium (BE)","857.43","979.50","998.50","476.40"
"22/06/2025 11:00:00 - 22/06/2025 12:00:00","Belgium (BE)","945.73","988.15","852.58","558.91"
"22/06/2025 12:00:00 - 22/06/2025 13:00:00","Belgium (BE)","1014.33","1124.23","970.10","586.64"
"22/06/2025 13:00:00 - 22/06/2025 14:00:00","Belgium (BE)","1153.45","1260.63","1001.53","789.46"
"22/06/2025 14:00:00 - 22/06/2025 15:00:00","Belgium (BE)","1442.58","1504.33","1359.23","951.34"
"22/06/2025 15:00:00 - 22/06/2025 16:00:00","Belgium (BE)","1700.85","1733.58","1664.25","1387.36"
"22/06/2025 16:00:00 - 22/06/2025 17:00:00","Belgium (BE)","1885.18","1884.90","1905.25","1631.25"
"22/06/2025 17:00:00 - 22/06/2025 18:00:00","Belgium (BE)","2013.08","2014.25","1986.05","2053.46"
"22/06/2025 18:00:00 - 22/06/2025 19:00:00","Belgium (BE)","2084.73","2088.78","2043.60","2129.11"
"22/06/2025 19:00:00 - 22/06/2025 20:00:00","Belgium (BE)","2121.08","2121.68","2116.48","2142.51"
"22/06/2025 20:00:00 - 22/06/2025 21:00:00","Belgium (BE)","2134.30","2131.48","2125.65","2137.42"
"22/06/2025 21:00:00 - 22/06/2025 22:00:00","Belgium (BE)","2131.83","2121.70","2122.08","2130.71"
"22/06/2025 22:00:00 - 22/06/2025 23:00:00","Belgium (BE)","2118.58","2101.53","2109.18","2120.40"
"22/06/2025 23:00:00 - 23/06/2025 00:00:00","Belgium (BE)","2106.15","2089.63","2098.23","2121.81"
"23/06/2025 00:00:00 - 23/06/2025 01:00:00","Belgium (BE)","2075.30","2113.38","2113.38","2132.06"
"23/06/2025 01:00:00 - 23/06/2025 02:00:00","Belgium (BE)","2068.30","2115.40","2115.40","2132.67"
"23/06/2025 02:00:00 - 23/06/2025 03:00:00","Belgium (BE)","2066.75","2114.43","2114.43","2131.78"
"23/06/2025 03:00:00 - 23/06/2025 04:00:00","Belgium (BE)","2061.38","2111.53","2111.53","2115.68"
"23/06/2025 04:00:00 - 23/06/2025 05:00:00","Belgium (BE)","2067.40","2162.83","2162.83","2122.57"
"23/06/2025 05:00:00 - 23/06/2025 06:00:00","Belgium (BE)","2081.25","2153.70","2153.70","2117.87"
"23/06/2025 06:00:00 - 23/06/2025 07:00:00","Belgium (BE)","2087.30","2149.05","2149.05","2116.35"
"23/06/2025 07:00:00 - 23/06/2025 08:00:00","Belgium (BE)","2065.45","2103.83","2103.83","2107.17"
"23/06/2025 08:00:00 - 23/06/2025 09:00:00","Belgium (BE)","2011.03","2032.85","2039.18","2071.79"
"23/06/2025 09:00:00 - 23/06/2025 10:00:00","Belgium (BE)","1879.75","1928.60","1963.85","1945.38"
"23/06/2025 10:00:00 - 23/06/2025 11:00:00","Belgium (BE)","1744.53","1783.30","1868.85","1342.08"
"23/06/2025 11:00:00 - 23/06/2025 12:00:00","Belgium (BE)","1508.58","1558.65","1667.30","1260.86"
"23/06/2025 12:00:00 - 23/06/2025 13:00:00","Belgium (BE)","1246.63","1325.28","1321.25","870.04"
"23/06/2025 13:00:00 - 23/06/2025 14:00:00","Belgium (BE)","991.50","1134.30","1118.13","1050.34"
"23/06/2025 14:00:00 - 23/06/2025 15:00:00","Belgium (BE)","832.53","974.33","783.25","957.08"
"23/06/2025 15:00:00 - 23/06/2025 16:00:00","Belgium (BE)","946.13","1059.78","832.75","759.59"
"23/06/2025 16:00:00 - 23/06/2025 17:00:00","Belgium (BE)","1332.33","1510.93","1142.13","709.63"
"23/06/2025 17:00:00 - 23/06/2025 18:00:00","Belgium (BE)","1599.98","1776.68","1446.75","766.52"
"23/06/2025 18:00:00 - 23/06/2025 19:00:00","Belgium (BE)","1779.53","1907.83","1567.03","1389.25"
"23/06/2025 19:00:00 - 23/06/2025 20:00:00","Belgium (BE)","1840.05","1938.00","1629.75","1589.31"
"23/06/2025 20:00:00 - 23/06/2025 21:00:00","Belgium (BE)","1816.10","1899.48","1746.30","1778.98"
"23/06/2025 21:00:00 - 23/06/2025 22:00:00","Belgium (BE)","1752.48","1836.33","1701.55","1783.13"
"23/06/2025 22:00:00 - 23/06/2025 23:00:00","Belgium (BE)","1634.88","1725.93","1604.33","1599.32"
"23/06/2025 23:00:00 - 24/06/2025 00:00:00","Belgium (BE)","1444.95","1509.53","1470.48","1568.25"
"24/06/2025 00:00:00 - 24/06/2025 01:00:00","Belgium (BE)","1263.70","1060.60","1060.60","1619.35"
"24/06/2025 01:00:00 - 24/06/2025 02:00:00","Belgium (BE)","1037.83","1070.30","1070.30","1543.44"
"24/06/2025 02:00:00 - 24/06/2025 03:00:00","Belgium (BE)","867.03","1153.90","1153.90","1463.78"
"24/06/2025 03:00:00 - 24/06/2025 04:00:00","Belgium (BE)","779.60","1164.60","1164.60","1174.32"
"24/06/2025 04:00:00 - 24/06/2025 05:00:00","Belgium (BE)","716.00","1057.20","1057.20","874.25"
"24/06/2025 05:00:00 - 24/06/2025 06:00:00","Belgium (BE)","653.38","947.70","947.70","977.26"
"24/06/2025 06:00:00 - 24/06/2025 07:00:00","Belgium (BE)","660.28","894.83","894.83","790.40"
"24/06/2025 07:00:00 - 24/06/2025 08:00:00","Belgium (BE)","808.83","1005.55","1005.55","978.85"
"24/06/2025 08:00:00 - 24/06/2025 09:00:00","Belgium (BE)","1102.95","1193.35","1118.88","860.34"
"24/06/2025 09:00:00 - 24/06/2025 10:00:00","Belgium (BE)","1446.03","1486.03","1448.65","1217.67"
"24/06/2025 10:00:00 - 24/06/2025 11:00:00","Belgium (BE)","1755.98","1783.60","1662.03","1697.34"
"24/06/2025 11:00:00 - 24/06/2025 12:00:00","Belgium (BE)","1941.45","1990.00","1935.05","2088.89"
"24/06/2025 12:00:00 - 24/06/2025 13:00:00","Belgium (BE)","2025.03","2077.00","2070.75","2153.23"
"24/06/2025 13:00:00 - 24/06/2025 14:00:00","Belgium (BE)","2063.23","2111.83","2147.65","2154.09"
"24/06/2025 14:00:00 - 24/06/2025 15:00:00","Belgium (BE)","2090.05","2129.20","2158.65","2148.66"
"24/06/2025 15:00:00 - 24/06/2025 16:00:00","Belgium (BE)","2097.63","2141.15","2158.68","2149.61"
"24/06/2025 16:00:00 - 24/06/2025 17:00:00","Belgium (BE)","2099.93","2140.70","2147.23","1957.62"
"24/06/2025 17:00:00 - 24/06/2025 18:00:00","Belgium (BE)","2112.10","2130.40","2136.75","1769.93"
"24/06/2025 18:00:00 - 24/06/2025 19:00:00","Belgium (BE)","2118.00","2116.98","2066.43","1922.72"
"24/06/2025 19:00:00 - 24/06/2025 20:00:00","Belgium (BE)","2105.45","2109.88","2057.38","1998.38"
"24/06/2025 20:00:00 - 24/06/2025 21:00:00","Belgium (BE)","2091.50","2111.98","2096.23","2140.22"
"24/06/2025 21:00:00 - 24/06/2025 22:00:00","Belgium (BE)","2076.53","2113.48","2072.40","2141.37"
"24/06/2025 22:00:00 - 24/06/2025 23:00:00","Belgium (BE)","2052.65","2086.28","2046.85","2114.54"
"24/06/2025 23:00:00 - 25/06/2025 00:00:00","Belgium (BE)","2033.03","2030.45","1996.35","2041.74"
"25/06/2025 00:00:00 - 25/06/2025 01:00:00","Belgium (BE)","1935.68","1809.40","1809.40","1820.85"
"25/06/2025 01:00:00 - 25/06/2025 02:00:00","Belgium (BE)","1767.25","1610.88","1610.88","1449.96"
"25/06/2025 02:00:00 - 25/06/2025 03:00:00","Belgium (BE)","1512.28","1316.05","1316.05","1568.24"
"25/06/2025 03:00:00 - 25/06/2025 04:00:00","Belgium (BE)","1136.30","1041.68","1041.68","1474.48"
"25/06/2025 04:00:00 - 25/06/2025 05:00:00","Belgium (BE)","788.30","883.20","883.20","939.52"
"25/06/2025 05:00:00 - 25/06/2025 06:00:00","Belgium (BE)","519.60","635.90","635.90","501.98"
"25/06/2025 06:00:00 - 25/06/2025 07:00:00","Belgium (BE)","342.90","504.28","504.28","468.76"
"25/06/2025 07:00:00 - 25/06/2025 08:00:00","Belgium (BE)","221.35","361.28","326.25","458.11"
"25/06/2025 08:00:00 - 25/06/2025 09:00:00","Belgium (BE)","163.33","243.05","261.50","283.18"
"25/06/2025 09:00:00 - 25/06/2025 10:00:00","Belgium (BE)","137.93","164.98","213.83","290.89"
"25/06/2025 10:00:00 - 25/06/2025 11:00:00","Belgium (BE)","138.68","131.58","149.28","300.57"
"25/06/2025 11:00:00 - 25/06/2025 12:00:00","Belgium (BE)","127.98","117.65","158.20","186.21"
"25/06/2025 12:00:00 - 25/06/2025 13:00:00","Belgium (BE)","107.85","112.50","122.53","129.06"
"25/06/2025 13:00:00 - 25/06/2025 14:00:00","Belgium (BE)","75.15","65.20","72.20","30.01"
"25/06/2025 14:00:00 - 25/06/2025 15:00:00","Belgium (BE)","44.08","31.90","35.40"," "
"25/06/2025 15:00:00 - 25/06/2025 16:00:00","Belgium (BE)","22.80","14.33","8.95"," "
"25/06/2025 16:00:00 - 25/06/2025 17:00:00","Belgium (BE)","11.38","8.73","8.35"," "
"25/06/2025 17:00:00 - 25/06/2025 18:00:00","Belgium (BE)","8.65","12.63","11.43"," "
"25/06/2025 18:00:00 - 25/06/2025 19:00:00","Belgium (BE)","6.00","9.48","9.53"," "
"25/06/2025 19:00:00 - 25/06/2025 20:00:00","Belgium (BE)","5.68","5.25","11.90"," "
"25/06/2025 20:00:00 - 25/06/2025 21:00:00","Belgium (BE)","11.03","7.30","13.25"," "
"25/06/2025 21:00:00 - 25/06/2025 22:00:00","Belgium (BE)","34.18","14.30","12.28","0.22"
"25/06/2025 22:00:00 - 25/06/2025 23:00:00","Belgium (BE)","57.95","29.13","16.05","21.97"
"25/06/2025 23:00:00 - 26/06/2025 00:00:00","Belgium (BE)","65.90","74.13","25.70","68.04"
"26/06/2025 00:00:00 - 26/06/2025 01:00:00","Belgium (BE)","38.65","58.23","58.23","91.57"
"26/06/2025 01:00:00 - 26/06/2025 02:00:00","Belgium (BE)","63.23","106.95","106.95","355.47"
"26/06/2025 02:00:00 - 26/06/2025 03:00:00","Belgium (BE)","66.08","136.45","136.45","405.51"
"26/06/2025 03:00:00 - 26/06/2025 04:00:00","Belgium (BE)","47.18","203.88","203.88","46.13"
"26/06/2025 04:00:00 - 26/06/2025 05:00:00","Belgium (BE)","28.90","239.80","239.80","249.87"
"26/06/2025 05:00:00 - 26/06/2025 06:00:00","Belgium (BE)","64.30","237.05","237.05","941.02"
"26/06/2025 06:00:00 - 26/06/2025 07:00:00","Belgium (BE)","123.45","366.98","366.98","1310.67"
"26/06/2025 07:00:00 - 26/06/2025 08:00:00","Belgium (BE)","256.23","838.40","838.40","796.94"
"26/06/2025 08:00:00 - 26/06/2025 09:00:00","Belgium (BE)","550.80","898.08","1083.70","886.44"
"26/06/2025 09:00:00 - 26/06/2025 10:00:00","Belgium (BE)","881.43","1140.40","1145.73","1250.30"
"26/06/2025 10:00:00 - 26/06/2025 11:00:00","Belgium (BE)","1177.13","1431.05","1457.55","1433.65"
"26/06/2025 11:00:00 - 26/06/2025 12:00:00","Belgium (BE)","1355.38","1740.30","1717.18","1624.91"
"26/06/2025 12:00:00 - 26/06/2025 13:00:00","Belgium (BE)","1591.10","1904.88","1830.60","1952.91"
"26/06/2025 13:00:00 - 26/06/2025 14:00:00","Belgium (BE)","1785.35","2008.38","1967.15","2121.60"
"26/06/2025 14:00:00 - 26/06/2025 15:00:00","Belgium (BE)","1914.78","2064.90","2111.00","2176.29"
"26/06/2025 15:00:00 - 26/06/2025 16:00:00","Belgium (BE)","1994.40","2105.85","2159.28","2173.58"
"26/06/2025 16:00:00 - 26/06/2025 17:00:00","Belgium (BE)","2061.70","2134.53","2175.03","2171.52"
"26/06/2025 17:00:00 - 26/06/2025 18:00:00","Belgium (BE)","2115.00","2151.28","2179.13","2153.78"
"26/06/2025 18:00:00 - 26/06/2025 19:00:00","Belgium (BE)","2136.08","2156.48","2179.20","2166.53"
"26/06/2025 19:00:00 - 26/06/2025 20:00:00","Belgium (BE)","2145.35","2155.78","2165.40","2173.49"
"26/06/2025 20:00:00 - 26/06/2025 21:00:00","Belgium (BE)","2142.60","2134.03","2152.88","2166.10"
"26/06/2025 21:00:00 - 26/06/2025 22:00:00","Belgium (BE)","2112.55","2042.43","2091.18","2075.77"
"26/06/2025 22:00:00 - 26/06/2025 23:00:00","Belgium (BE)","2051.35","1829.50","1951.43","1721.65"
"26/06/2025 23:00:00 - 27/06/2025 00:00:00","Belgium (BE)","1926.85","1439.53","1734.68","1440.09"
"27/06/2025 00:00:00 - 27/06/2025 01:00:00","Belgium (BE)","1442.28","1222.63","1222.63","1129.25"
"27/06/2025 01:00:00 - 27/06/2025 02:00:00","Belgium (BE)","1044.00","1013.75","1013.75","1081.84"
"27/06/2025 02:00:00 - 27/06/2025 03:00:00","Belgium (BE)","723.13","885.48","885.48","1117.23"
"27/06/2025 03:00:00 - 27/06/2025 04:00:00","Belgium (BE)","561.50","875.65","875.65","1103.36"
"27/06/2025 04:00:00 - 27/06/2025 05:00:00","Belgium (BE)","521.33","729.15","729.15","1373.32"
"27/06/2025 05:00:00 - 27/06/2025 06:00:00","Belgium (BE)","438.55","637.93","637.93","1008.88"
"27/06/2025 06:00:00 - 27/06/2025 07:00:00","Belgium (BE)","284.20","596.90","596.90","477.19"
"27/06/2025 07:00:00 - 27/06/2025 08:00:00","Belgium (BE)","250.60","461.60","461.60","111.02"
"27/06/2025 08:00:00 - 27/06/2025 09:00:00","Belgium (BE)","252.38","381.90","320.28","224.81"
"27/06/2025 09:00:00 - 27/06/2025 10:00:00","Belgium (BE)","266.78","351.48","180.63","246.44"
"27/06/2025 10:00:00 - 27/06/2025 11:00:00","Belgium (BE)","305.45","358.23","232.38","162.91"
"27/06/2025 11:00:00 - 27/06/2025 12:00:00","Belgium (BE)","384.88","385.23","297.43","220.40"
"27/06/2025 12:00:00 - 27/06/2025 13:00:00","Belgium (BE)","405.23","424.43","351.95","328.09"
"27/06/2025 13:00:00 - 27/06/2025 14:00:00","Belgium (BE)","433.53","455.88","411.58","351.80"
"27/06/2025 14:00:00 - 27/06/2025 15:00:00","Belgium (BE)","523.90","605.00","546.78","294.96"
"27/06/2025 15:00:00 - 27/06/2025 16:00:00","Belgium (BE)","707.30","780.58","791.13","467.05"
"27/06/2025 16:00:00 - 27/06/2025 17:00:00","Belgium (BE)","983.73","1065.35","1072.45","817.76"
"27/06/2025 17:00:00 - 27/06/2025 18:00:00","Belgium (BE)","1259.85","1413.03","1443.85","1366.17"
"27/06/2025 18:00:00 - 27/06/2025 19:00:00","Belgium (BE)","1466.48","1708.78","1661.53","2050.66"
"27/06/2025 19:00:00 - 27/06/2025 20:00:00","Belgium (BE)","1636.88","1831.60","1878.18","2139.44"
"27/06/2025 20:00:00 - 27/06/2025 21:00:00","Belgium (BE)","1671.88","1901.83","1962.30","2132.28"
"27/06/2025 21:00:00 - 27/06/2025 22:00:00","Belgium (BE)","1710.78","1950.30","2143.83","2134.86"
"27/06/2025 22:00:00 - 27/06/2025 23:00:00","Belgium (BE)","1744.00","1962.78","2129.40","2134.00"
"27/06/2025 23:00:00 - 28/06/2025 00:00:00","Belgium (BE)","1791.58","1965.15","2113.40","2071.65"
"28/06/2025 00:00:00 - 28/06/2025 01:00:00","Belgium (BE)","2040.80","2026.03","2026.03","2074.75"
"28/06/2025 01:00:00 - 28/06/2025 02:00:00","Belgium (BE)","1979.28","1959.65","1959.65","2108.52"
"28/06/2025 02:00:00 - 28/06/2025 03:00:00","Belgium (BE)","1880.35","1897.45","1897.45","1959.81"
"28/06/2025 03:00:00 - 28/06/2025 04:00:00","Belgium (BE)","1754.78","1846.10","1846.10","1872.31"
"28/06/2025 04:00:00 - 28/06/2025 05:00:00","Belgium (BE)","1652.93","1658.18","1658.18","1694.33"
"28/06/2025 05:00:00 - 28/06/2025 06:00:00","Belgium (BE)","1519.38","1464.05","1464.05","1349.40"
"28/06/2025 06:00:00 - 28/06/2025 07:00:00","Belgium (BE)","1406.20","1310.25","1310.25","984.08"
"28/06/2025 07:00:00 - 28/06/2025 08:00:00","Belgium (BE)","1350.73","1156.73","1156.73","1084.70"
"28/06/2025 08:00:00 - 28/06/2025 09:00:00","Belgium (BE)","1338.40","1160.70","1094.90","1134.31"
"28/06/2025 09:00:00 - 28/06/2025 10:00:00","Belgium (BE)","1341.78","1212.60","1173.93","1188.23"
"28/06/2025 10:00:00 - 28/06/2025 11:00:00","Belgium (BE)","1303.98","1271.80","1287.45","1183.13"
"28/06/2025 11:00:00 - 28/06/2025 12:00:00","Belgium (BE)","1273.20","1322.70","1361.95","1224.01"
"28/06/2025 12:00:00 - 28/06/2025 13:00:00","Belgium (BE)","1254.18","1356.85","1443.78","1063.85"
"28/06/2025 13:00:00 - 28/06/2025 14:00:00","Belgium (BE)","1256.38","1469.83","1523.20","1030.54"
"28/06/2025 14:00:00 - 28/06/2025 15:00:00","Belgium (BE)","1320.25","1590.20","1626.43","877.22"
"28/06/2025 15:00:00 - 28/06/2025 16:00:00","Belgium (BE)","1366.68","1681.80","1588.80","1128.51"
"28/06/2025 16:00:00 - 28/06/2025 17:00:00","Belgium (BE)","1445.95","1772.38","1620.28","1418.87"
"28/06/2025 17:00:00 - 28/06/2025 18:00:00","Belgium (BE)","1540.95","1871.63","1785.65","1694.34"
"28/06/2025 18:00:00 - 28/06/2025 19:00:00","Belgium (BE)","1617.58","1934.95","1841.48","1952.24"
"28/06/2025 19:00:00 - 28/06/2025 20:00:00","Belgium (BE)","1631.68","1962.53","1909.90","2028.63"
"28/06/2025 20:00:00 - 28/06/2025 21:00:00","Belgium (BE)","1611.50","1940.15","1951.93","1961.31"
"28/06/2025 21:00:00 - 28/06/2025 22:00:00","Belgium (BE)","1547.45","1865.75","1877.03","1827.67"
"28/06/2025 22:00:00 - 28/06/2025 23:00:00","Belgium (BE)","1475.08","1743.78","1761.63","1765.41"
"28/06/2025 23:00:00 - 29/06/2025 00:00:00","Belgium (BE)","1404.80","1578.10","1574.45","1717.85"
"29/06/2025 00:00:00 - 29/06/2025 01:00:00","Belgium (BE)","1235.20","1362.15","1362.15","1299.07"
"29/06/2025 01:00:00 - 29/06/2025 02:00:00","Belgium (BE)","864.23","1122.38","1122.38","638.19"
"29/06/2025 02:00:00 - 29/06/2025 03:00:00","Belgium (BE)","549.58","739.15","739.15","327.91"
"29/06/2025 03:00:00 - 29/06/2025 04:00:00","Belgium (BE)","362.03","418.40","418.40","221.08"
"29/06/2025 04:00:00 - 29/06/2025 05:00:00","Belgium (BE)","269.45","278.90","278.90","129.86"
"29/06/2025 05:00:00 - 29/06/2025 06:00:00","Belgium (BE)","211.50","140.73","140.73","61.53"
"29/06/2025 06:00:00 - 29/06/2025 07:00:00","Belgium (BE)","160.05","100.05","100.05","55.55"
"29/06/2025 07:00:00 - 29/06/2025 08:00:00","Belgium (BE)","116.68","84.40","69.83","26.83"
"29/06/2025 08:00:00 - 29/06/2025 09:00:00","Belgium (BE)","79.78","59.65","55.00","2.87"
"29/06/2025 09:00:00 - 29/06/2025 10:00:00","Belgium (BE)","56.00","42.20","33.98","18.27"
"29/06/2025 10:00:00 - 29/06/2025 11:00:00","Belgium (BE)","39.85","31.83","24.98","0.07"
"29/06/2025 11:00:00 - 29/06/2025 12:00:00","Belgium (BE)","24.88","26.35","15.55","1.91"
"29/06/2025 12:00:00 - 29/06/2025 13:00:00","Belgium (BE)","16.28","24.20","13.90"," "
"29/06/2025 13:00:00 - 29/06/2025 14:00:00","Belgium (BE)","12.98","22.40","9.08"," "
"29/06/2025 14:00:00 - 29/06/2025 15:00:00","Belgium (BE)","12.20","21.10","10.43"," "
"29/06/2025 15:00:00 - 29/06/2025 16:00:00","Belgium (BE)","11.93","16.68","12.03","1.28"
"29/06/2025 16:00:00 - 29/06/2025 17:00:00","Belgium (BE)","10.30","12.55","12.90","1.50"
"29/06/2025 17:00:00 - 29/06/2025 18:00:00","Belgium (BE)","10.38","14.25","15.23"," "
"29/06/2025 18:00:00 - 29/06/2025 19:00:00","Belgium (BE)","25.40","30.20","26.75"," "
"29/06/2025 19:00:00 - 29/06/2025 20:00:00","Belgium (BE)","64.80","73.83","63.65","5.47"
"29/06/2025 20:00:00 - 29/06/2025 21:00:00","Belgium (BE)","125.00","131.25","98.28","32.58"
"29/06/2025 21:00:00 - 29/06/2025 22:00:00","Belgium (BE)","204.33","192.10","139.53","31.94"
"29/06/2025 22:00:00 - 29/06/2025 23:00:00","Belgium (BE)","244.85","232.93","181.95","50.00"
"29/06/2025 23:00:00 - 30/06/2025 00:00:00","Belgium (BE)","259.18","255.50","213.60","51.72"
"30/06/2025 00:00:00 - 30/06/2025 01:00:00","Belgium (BE)","232.08","148.30","148.30","55.74"
"30/06/2025 01:00:00 - 30/06/2025 02:00:00","Belgium (BE)","216.75","139.90","139.90","130.75"
"30/06/2025 02:00:00 - 30/06/2025 03:00:00","Belgium (BE)","180.60","114.45","114.45","103.98"
"30/06/2025 03:00:00 - 30/06/2025 04:00:00","Belgium (BE)","140.83","112.60","112.60","97.92"
"30/06/2025 04:00:00 - 30/06/2025 05:00:00","Belgium (BE)","127.95","107.83","107.83","75.95"
"30/06/2025 05:00:00 - 30/06/2025 06:00:00","Belgium (BE)","119.85","95.78","95.78","72.35"
"30/06/2025 06:00:00 - 30/06/2025 07:00:00","Belgium (BE)","116.95","88.50","88.50","61.35"
"30/06/2025 07:00:00 - 30/06/2025 08:00:00","Belgium (BE)","116.23","94.85","87.50","98.88"
"30/06/2025 08:00:00 - 30/06/2025 09:00:00","Belgium (BE)","110.15","93.58","91.03","109.43"
"30/06/2025 09:00:00 - 30/06/2025 10:00:00","Belgium (BE)","97.08","80.33","77.15","92.00"
"30/06/2025 10:00:00 - 30/06/2025 11:00:00","Belgium (BE)","79.13","61.45","67.28","38.31"
"30/06/2025 11:00:00 - 30/06/2025 12:00:00","Belgium (BE)","76.58","51.43","51.35","40.23"
"30/06/2025 12:00:00 - 30/06/2025 13:00:00","Belgium (BE)","85.90","54.25","35.88","57.34"
"30/06/2025 13:00:00 - 30/06/2025 14:00:00","Belgium (BE)","92.48","63.13","45.03","66.90"
"30/06/2025 14:00:00 - 30/06/2025 15:00:00","Belgium (BE)","95.18","74.25","60.70","78.88"
"30/06/2025 15:00:00 - 30/06/2025 16:00:00","Belgium (BE)","102.48","87.13","76.38","75.31"
"30/06/2025 16:00:00 - 30/06/2025 17:00:00","Belgium (BE)","117.93","107.60","95.45","65.99"
"30/06/2025 17:00:00 - 30/06/2025 18:00:00","Belgium (BE)","123.03","120.38","102.85","54.51"
"30/06/2025 18:00:00 - 30/06/2025 19:00:00","Belgium (BE)","113.65","119.98","107.45","81.96"
"30/06/2025 19:00:00 - 30/06/2025 20:00:00","Belgium (BE)","101.28","113.10","96.75","88.91"
"30/06/2025 20:00:00 - 30/06/2025 21:00:00","Belgium (BE)","94.85","105.83","99.63","113.52"
"30/06/2025 21:00:00 - 30/06/2025 22:00:00","Belgium (BE)","99.18","113.65","95.88","106.99"
"30/06/2025 22:00:00 - 30/06/2025 23:00:00","Belgium (BE)","93.13","133.18","113.85","129.12"
"30/06/2025 23:00:00 - 01/07/2025 00:00:00","Belgium (BE)","89.50","158.83","128.13","154.86"
"01/07/2025 00:00:00 - 01/07/2025 01:00:00","Belgium (BE)","172.88","160.13","160.13","201.22"
"01/07/2025 01:00:00 - 01/07/2025 02:00:00","Belgium (BE)","182.48","226.23","226.23","186.73"
"01/07/2025 02:00:00 - 01/07/2025 03:00:00","Belgium (BE)","170.55","168.33","168.33","181.81"
"01/07/2025 03:00:00 - 01/07/2025 04:00:00","Belgium (BE)","113.73","155.33","155.33","265.49"
"01/07/2025 04:00:00 - 01/07/2025 05:00:00","Belgium (BE)","76.08","148.13","148.13","198.86"
"01/07/2025 05:00:00 - 01/07/2025 06:00:00","Belgium (BE)","69.80","177.45","177.45","119.42"
"01/07/2025 06:00:00 - 01/07/2025 07:00:00","Belgium (BE)","65.93","145.65","145.65","63.71"
"01/07/2025 07:00:00 - 01/07/2025 08:00:00","Belgium (BE)","58.33","120.15","101.65","19.69"
"01/07/2025 08:00:00 - 01/07/2025 09:00:00","Belgium (BE)","50.35","87.38","71.25","20.89"
"01/07/2025 09:00:00 - 01/07/2025 10:00:00","Belgium (BE)","47.03","66.43","56.35","0.16"
"01/07/2025 10:00:00 - 01/07/2025 11:00:00","Belgium (BE)","50.55","52.08","60.65"," "
"01/07/2025 11:00:00 - 01/07/2025 12:00:00","Belgium (BE)","57.58","39.10","65.93"," "
"01/07/2025 12:00:00 - 01/07/2025 13:00:00","Belgium (BE)","51.78","25.13","48.35"," "
"01/07/2025 13:00:00 - 01/07/2025 14:00:00","Belgium (BE)","60.43","19.85","14.68","3.91"
"01/07/2025 14:00:00 - 01/07/2025 15:00:00","Belgium (BE)","112.70","40.25","38.53","13.81"
"01/07/2025 15:00:00 - 01/07/2025 16:00:00","Belgium (BE)","175.50","131.85","166.48","28.72"
"01/07/2025 16:00:00 - 01/07/2025 17:00:00","Belgium (BE)","274.35","325.50","307.90","184.26"
"01/07/2025 17:00:00 - 01/07/2025 18:00:00","Belgium (BE)","327.73","561.50","463.58","403.64"
"01/07/2025 18:00:00 - 01/07/2025 19:00:00","Belgium (BE)","373.90","771.45","705.48","593.70"
"01/07/2025 19:00:00 - 01/07/2025 20:00:00","Belgium (BE)","394.10","901.40","934.03","633.11"
"01/07/2025 20:00:00 - 01/07/2025 21:00:00","Belgium (BE)","396.75","1006.25","1000.10","746.77"
"01/07/2025 21:00:00 - 01/07/2025 22:00:00","Belgium (BE)","371.83","1033.23","849.70","946.98"
"01/07/2025 22:00:00 - 01/07/2025 23:00:00","Belgium (BE)","284.55","979.35","786.53","619.13"
"01/07/2025 23:00:00 - 02/07/2025 00:00:00","Belgium (BE)","148.28","885.35","612.35","38.38"
"02/07/2025 00:00:00 - 02/07/2025 01:00:00","Belgium (BE)","495.30","111.78","111.78"," "
"02/07/2025 01:00:00 - 02/07/2025 02:00:00","Belgium (BE)","353.70","51.28","51.28"," "
"02/07/2025 02:00:00 - 02/07/2025 03:00:00","Belgium (BE)","263.15","84.78","84.78","12.18"
"02/07/2025 03:00:00 - 02/07/2025 04:00:00","Belgium (BE)","185.75","74.78","74.78","50.51"
"02/07/2025 04:00:00 - 02/07/2025 05:00:00","Belgium (BE)","129.30","90.18","90.18","0.57"
"02/07/2025 05:00:00 - 02/07/2025 06:00:00","Belgium (BE)","80.70","80.68","80.68","0.86"
"02/07/2025 06:00:00 - 02/07/2025 07:00:00","Belgium (BE)","76.95","22.18","22.18","3.71"
"02/07/2025 07:00:00 - 02/07/2025 08:00:00","Belgium (BE)","69.80","12.68","10.58","4.61"
"02/07/2025 08:00:00 - 02/07/2025 09:00:00","Belgium (BE)","61.45","12.78","12.23"," "
"02/07/2025 09:00:00 - 02/07/2025 10:00:00","Belgium (BE)","56.58","19.83","17.38","1.25"
"02/07/2025 10:00:00 - 02/07/2025 11:00:00","Belgium (BE)","59.23","40.35","36.75","60.36"
"02/07/2025 11:00:00 - 02/07/2025 12:00:00","Belgium (BE)","67.58","100.53","84.88"," "
"02/07/2025 12:00:00 - 02/07/2025 13:00:00","Belgium (BE)","81.75","186.33","173.43","124.43"
"02/07/2025 13:00:00 - 02/07/2025 14:00:00","Belgium (BE)","128.63","254.30","177.63","489.61"
"02/07/2025 14:00:00 - 02/07/2025 15:00:00","Belgium (BE)","89.43","211.48","206.10","89.73"
"02/07/2025 15:00:00 - 02/07/2025 16:00:00","Belgium (BE)","89.43","162.30","248.03","47.34"
"02/07/2025 16:00:00 - 02/07/2025 17:00:00","Belgium (BE)","76.23","160.33","229.18","120.78"
"02/07/2025 17:00:00 - 02/07/2025 18:00:00","Belgium (BE)","89.70","146.65","213.40","134.03"
"02/07/2025 18:00:00 - 02/07/2025 19:00:00","Belgium (BE)","128.23","171.50","197.58","453.50"
"02/07/2025 19:00:00 - 02/07/2025 20:00:00","Belgium (BE)","242.98","193.68","164.08","640.20"
"02/07/2025 20:00:00 - 02/07/2025 21:00:00","Belgium (BE)","394.85","191.35","123.85","415.68"
"02/07/2025 21:00:00 - 02/07/2025 22:00:00","Belgium (BE)","487.15","202.28","251.65","96.96"
"02/07/2025 22:00:00 - 02/07/2025 23:00:00","Belgium (BE)","546.73","236.00","193.73"," "
"02/07/2025 23:00:00 - 03/07/2025 00:00:00","Belgium (BE)","608.95","349.98","282.63","11.24"
"03/07/2025 00:00:00 - 03/07/2025 01:00:00","Belgium (BE)","430.18","482.93","482.93","316.87"
"03/07/2025 01:00:00 - 03/07/2025 02:00:00","Belgium (BE)","707.85","629.58","629.58","715.83"
"03/07/2025 02:00:00 - 03/07/2025 03:00:00","Belgium (BE)","754.38","729.00","729.00","409.17"
"03/07/2025 03:00:00 - 03/07/2025 04:00:00","Belgium (BE)","641.58","698.85","698.85","441.63"
"03/07/2025 04:00:00 - 03/07/2025 05:00:00","Belgium (BE)","501.08","536.40","536.40","405.26"
"03/07/2025 05:00:00 - 03/07/2025 06:00:00","Belgium (BE)","395.98","499.23","499.23","540.02"
"03/07/2025 06:00:00 - 03/07/2025 07:00:00","Belgium (BE)","329.20","463.50","463.50","583.00"
"03/07/2025 07:00:00 - 03/07/2025 08:00:00","Belgium (BE)","268.50","380.85","380.85","508.66"
"03/07/2025 08:00:00 - 03/07/2025 09:00:00","Belgium (BE)","210.28","259.50","293.93","286.17"
"03/07/2025 09:00:00 - 03/07/2025 10:00:00","Belgium (BE)","155.25","165.55","180.23","121.65"
"03/07/2025 10:00:00 - 03/07/2025 11:00:00","Belgium (BE)","100.20","91.53","126.35","55.27"
"03/07/2025 11:00:00 - 03/07/2025 12:00:00","Belgium (BE)","52.88","45.13","53.20","9.22"
"03/07/2025 12:00:00 - 03/07/2025 13:00:00","Belgium (BE)","26.90","20.43","25.23"," "
"03/07/2025 13:00:00 - 03/07/2025 14:00:00","Belgium (BE)","15.65","11.98","12.58"," "
"03/07/2025 14:00:00 - 03/07/2025 15:00:00","Belgium (BE)","11.18","8.90","12.00"," "
"03/07/2025 15:00:00 - 03/07/2025 16:00:00","Belgium (BE)","9.18","8.63","11.43"," "
"03/07/2025 16:00:00 - 03/07/2025 17:00:00","Belgium (BE)","10.05","7.28","10.68"," "
"03/07/2025 17:00:00 - 03/07/2025 18:00:00","Belgium (BE)","10.43","6.88","8.55"," "
"03/07/2025 18:00:00 - 03/07/2025 19:00:00","Belgium (BE)","11.20","7.40","9.88"," "
"03/07/2025 19:00:00 - 03/07/2025 20:00:00","Belgium (BE)","10.13","8.78","10.55"," "
"03/07/2025 20:00:00 - 03/07/2025 21:00:00","Belgium (BE)","10.15","11.28","9.25"," "
"03/07/2025 21:00:00 - 03/07/2025 22:00:00","Belgium (BE)","14.50","15.00","14.05"," "
"03/07/2025 22:00:00 - 03/07/2025 23:00:00","Belgium (BE)","19.60","21.18","14.60"," "
"03/07/2025 23:00:00 - 04/07/2025 00:00:00","Belgium (BE)","26.93","27.10","19.65"," "
"04/07/2025 00:00:00 - 04/07/2025 01:00:00","Belgium (BE)","26.08","37.38","37.38","2.82"
"04/07/2025 01:00:00 - 04/07/2025 02:00:00","Belgium (BE)","55.15","59.75","59.75","45.47"
"04/07/2025 02:00:00 - 04/07/2025 03:00:00","Belgium (BE)","88.33","80.38","80.38","85.96"
"04/07/2025 03:00:00 - 04/07/2025 04:00:00","Belgium (BE)","125.00","112.38","112.38","127.92"
"04/07/2025 04:00:00 - 04/07/2025 05:00:00","Belgium (BE)","161.98","147.50","147.50","199.44"
"04/07/2025 05:00:00 - 04/07/2025 06:00:00","Belgium (BE)","189.30","167.80","167.80","198.19"
"04/07/2025 06:00:00 - 04/07/2025 07:00:00","Belgium (BE)","218.20","203.88","203.88","241.28"
"04/07/2025 07:00:00 - 04/07/2025 08:00:00","Belgium (BE)","211.98","202.70","202.70","196.97"
"04/07/2025 08:00:00 - 04/07/2025 09:00:00","Belgium (BE)","148.00","163.30","163.30","132.77"
"04/07/2025 09:00:00 - 04/07/2025 10:00:00","Belgium (BE)","79.43","96.65","92.40","40.91"
"04/07/2025 10:00:00 - 04/07/2025 11:00:00","Belgium (BE)","40.30","48.95","61.03","1.82"
"04/07/2025 11:00:00 - 04/07/2025 12:00:00","Belgium (BE)","26.58","29.88","27.63","2.37"
"04/07/2025 12:00:00 - 04/07/2025 13:00:00","Belgium (BE)","26.60","32.65","36.08"," "
"04/07/2025 13:00:00 - 04/07/2025 14:00:00","Belgium (BE)","33.33","45.58","53.00","7.35"
"04/07/2025 14:00:00 - 04/07/2025 15:00:00","Belgium (BE)","52.13","70.98","83.98","5.65"
"04/07/2025 15:00:00 - 04/07/2025 16:00:00","Belgium (BE)","85.55","117.90","145.55","29.19"
"04/07/2025 16:00:00 - 04/07/2025 17:00:00","Belgium (BE)","163.60","228.08","291.38","217.83"
"04/07/2025 17:00:00 - 04/07/2025 18:00:00","Belgium (BE)","343.95","465.13","578.93","640.12"
"04/07/2025 18:00:00 - 04/07/2025 19:00:00","Belgium (BE)","641.15","776.53","1170.63","1008.54"
"04/07/2025 19:00:00 - 04/07/2025 20:00:00","Belgium (BE)","982.70","1043.05","1519.70","1549.08"
"04/07/2025 20:00:00 - 04/07/2025 21:00:00","Belgium (BE)","1249.95","1361.80","1667.78","1792.93"
"04/07/2025 21:00:00 - 04/07/2025 22:00:00","Belgium (BE)","1376.95","1530.95","1798.10","1899.75"
"04/07/2025 22:00:00 - 04/07/2025 23:00:00","Belgium (BE)","1406.85","1579.03","1732.83","1935.15"
"04/07/2025 23:00:00 - 05/07/2025 00:00:00","Belgium (BE)","1450.60","1633.45","1684.05","1920.92"
"05/07/2025 00:00:00 - 05/07/2025 01:00:00","Belgium (BE)","1587.63","1649.08","1649.08","1746.70"
"05/07/2025 01:00:00 - 05/07/2025 02:00:00","Belgium (BE)","1527.03","1614.98","1614.98","1322.07"
"05/07/2025 02:00:00 - 05/07/2025 03:00:00","Belgium (BE)","1419.55","1517.83","1517.83","1238.47"
"05/07/2025 03:00:00 - 05/07/2025 04:00:00","Belgium (BE)","1296.83","1424.28","1424.28","1127.40"
"05/07/2025 04:00:00 - 05/07/2025 05:00:00","Belgium (BE)","1262.53","1338.58","1338.58","986.90"
"05/07/2025 05:00:00 - 05/07/2025 06:00:00","Belgium (BE)","1308.65","1304.53","1304.53","1136.90"
"05/07/2025 06:00:00 - 05/07/2025 07:00:00","Belgium (BE)","1365.65","1310.20","1310.20","1473.59"
"05/07/2025 07:00:00 - 05/07/2025 08:00:00","Belgium (BE)","1430.00","1403.95","1403.95","1770.03"
"05/07/2025 08:00:00 - 05/07/2025 09:00:00","Belgium (BE)","1499.53","1479.75","1624.40","1696.06"
"05/07/2025 09:00:00 - 05/07/2025 10:00:00","Belgium (BE)","1569.98","1594.70","1827.03","1683.75"
"05/07/2025 10:00:00 - 05/07/2025 11:00:00","Belgium (BE)","1631.40","1720.93","1842.58","1504.55"
"05/07/2025 11:00:00 - 05/07/2025 12:00:00","Belgium (BE)","1681.15","1856.23","1899.63","1215.88"
"05/07/2025 12:00:00 - 05/07/2025 13:00:00","Belgium (BE)","1715.85","1946.18","1957.78","1457.39"
"05/07/2025 13:00:00 - 05/07/2025 14:00:00","Belgium (BE)","1790.55","1993.08","1865.78","1518.69"
"05/07/2025 14:00:00 - 05/07/2025 15:00:00","Belgium (BE)","1901.40","2030.15","1980.68","1511.49"
"05/07/2025 15:00:00 - 05/07/2025 16:00:00","Belgium (BE)","2000.00","2064.40","1976.28","1633.42"
"05/07/2025 16:00:00 - 05/07/2025 17:00:00","Belgium (BE)","2068.60","2088.68","2054.63","1772.24"
"05/07/2025 17:00:00 - 05/07/2025 18:00:00","Belgium (BE)","2117.55","2105.90","2045.68","2148.79"
"05/07/2025 18:00:00 - 05/07/2025 19:00:00","Belgium (BE)","2141.28","2118.10","2066.88","2156.23"
"05/07/2025 19:00:00 - 05/07/2025 20:00:00","Belgium (BE)","2146.63","2131.68","2161.70","2144.98"
"05/07/2025 20:00:00 - 05/07/2025 21:00:00","Belgium (BE)","2140.43","2136.48","2158.15","2155.81"
"05/07/2025 21:00:00 - 05/07/2025 22:00:00","Belgium (BE)","2124.23","2138.75","2159.60","2154.71"
"05/07/2025 22:00:00 - 05/07/2025 23:00:00","Belgium (BE)","2105.60","2133.68","2149.30","2162.18"
"05/07/2025 23:00:00 - 06/07/2025 00:00:00","Belgium (BE)","2089.68","2120.80","2136.03","2160.16"
"06/07/2025 00:00:00 - 06/07/2025 01:00:00","Belgium (BE)","2101.95","2101.33","2101.33","2156.52"
"06/07/2025 01:00:00 - 06/07/2025 02:00:00","Belgium (BE)","2066.30","2074.73","2074.73","2115.37"
"06/07/2025 02:00:00 - 06/07/2025 03:00:00","Belgium (BE)","1991.75","2028.38","2028.38","2080.08"
"06/07/2025 03:00:00 - 06/07/2025 04:00:00","Belgium (BE)","1844.30","1915.05","1915.05","1922.89"
"06/07/2025 04:00:00 - 06/07/2025 05:00:00","Belgium (BE)","1616.58","1689.30","1689.30","1728.42"
"06/07/2025 05:00:00 - 06/07/2025 06:00:00","Belgium (BE)","1327.30","1336.58","1336.58","1179.68"
"06/07/2025 06:00:00 - 06/07/2025 07:00:00","Belgium (BE)","1040.95","987.25","987.25","747.81"
"06/07/2025 07:00:00 - 06/07/2025 08:00:00","Belgium (BE)","814.38","645.48","645.48","642.70"
"06/07/2025 08:00:00 - 06/07/2025 09:00:00","Belgium (BE)","648.68","398.70","398.70","238.56"
"06/07/2025 09:00:00 - 06/07/2025 10:00:00","Belgium (BE)","504.68","248.25","246.80","148.07"
"06/07/2025 10:00:00 - 06/07/2025 11:00:00","Belgium (BE)","395.65","126.75","74.60","78.16"
"06/07/2025 11:00:00 - 06/07/2025 12:00:00","Belgium (BE)","347.48","64.88","50.98","227.23"
"06/07/2025 12:00:00 - 06/07/2025 13:00:00","Belgium (BE)","332.68","43.08","38.05","108.30"
"06/07/2025 13:00:00 - 06/07/2025 14:00:00","Belgium (BE)","292.88","39.53","85.25","1.43"
"06/07/2025 14:00:00 - 06/07/2025 15:00:00","Belgium (BE)","331.80","51.03","34.98","13.90"
"06/07/2025 15:00:00 - 06/07/2025 16:00:00","Belgium (BE)","407.45","91.10","11.08","94.82"
"06/07/2025 16:00:00 - 06/07/2025 17:00:00","Belgium (BE)","487.65","183.85","12.30","118.91"
"06/07/2025 17:00:00 - 06/07/2025 18:00:00","Belgium (BE)","622.73","263.98","59.33","53.73"
"06/07/2025 18:00:00 - 06/07/2025 19:00:00","Belgium (BE)","645.70","190.68","87.73","208.27"
"06/07/2025 19:00:00 - 06/07/2025 20:00:00","Belgium (BE)","532.03","129.75","62.93","244.42"
"06/07/2025 20:00:00 - 06/07/2025 21:00:00","Belgium (BE)","493.58","110.28","34.65","48.64"
"06/07/2025 21:00:00 - 06/07/2025 22:00:00","Belgium (BE)","539.23","82.25","92.53","81.44"
"06/07/2025 22:00:00 - 06/07/2025 23:00:00","Belgium (BE)","600.65","79.10","62.10","67.86"
"06/07/2025 23:00:00 - 07/07/2025 00:00:00","Belgium (BE)","644.05","110.55","50.98","138.16"
"07/07/2025 00:00:00 - 07/07/2025 01:00:00","Belgium (BE)","71.55","88.70","88.70","191.18"
"07/07/2025 01:00:00 - 07/07/2025 02:00:00","Belgium (BE)","116.58","125.03","125.03","82.06"
"07/07/2025 02:00:00 - 07/07/2025 03:00:00","Belgium (BE)","223.55","165.35","165.35","63.40"
"07/07/2025 03:00:00 - 07/07/2025 04:00:00","Belgium (BE)","358.40","228.63","228.63","95.84"
"07/07/2025 04:00:00 - 07/07/2025 05:00:00","Belgium (BE)","514.90","273.80","273.80","220.92"
"07/07/2025 05:00:00 - 07/07/2025 06:00:00","Belgium (BE)","673.20","429.45","429.45","593.36"
"07/07/2025 06:00:00 - 07/07/2025 07:00:00","Belgium (BE)","853.20","639.13","639.13","722.39"
"07/07/2025 07:00:00 - 07/07/2025 08:00:00","Belgium (BE)","1072.45","915.18","915.18","895.52"
"07/07/2025 08:00:00 - 07/07/2025 09:00:00","Belgium (BE)","1217.13","1077.43","1039.50","1216.59"
"07/07/2025 09:00:00 - 07/07/2025 10:00:00","Belgium (BE)","1398.50","1246.85","1202.75","1425.68"
"07/07/2025 10:00:00 - 07/07/2025 11:00:00","Belgium (BE)","1528.50","1429.65","1429.48","1542.75"
"07/07/2025 11:00:00 - 07/07/2025 12:00:00","Belgium (BE)","1587.13","1523.98","1527.63","1723.57"
"07/07/2025 12:00:00 - 07/07/2025 13:00:00","Belgium (BE)","1593.28","1538.63","1493.15","1464.68"
"07/07/2025 13:00:00 - 07/07/2025 14:00:00","Belgium (BE)","1566.55","1587.98","1556.25","1328.37"
"07/07/2025 14:00:00 - 07/07/2025 15:00:00","Belgium (BE)","1586.35","1577.98","1508.13","698.69"
"07/07/2025 15:00:00 - 07/07/2025 16:00:00","Belgium (BE)","1562.20","1523.53","1452.10","446.04"
"07/07/2025 16:00:00 - 07/07/2025 17:00:00","Belgium (BE)","1551.03","1442.93","1245.50","1129.45"
"07/07/2025 17:00:00 - 07/07/2025 18:00:00","Belgium (BE)","1538.60","1318.95","1221.10","1344.71"
"07/07/2025 18:00:00 - 07/07/2025 19:00:00","Belgium (BE)","1468.58","1147.30","1006.88","1229.26"
"07/07/2025 19:00:00 - 07/07/2025 20:00:00","Belgium (BE)","1308.90","865.88","810.28","874.36"
"07/07/2025 20:00:00 - 07/07/2025 21:00:00","Belgium (BE)","957.63","522.98","492.63","420.09"
"07/07/2025 21:00:00 - 07/07/2025 22:00:00","Belgium (BE)","608.95","315.28","307.15","109.11"
"07/07/2025 22:00:00 - 07/07/2025 23:00:00","Belgium (BE)","375.20","210.40","185.33","5.78"
"07/07/2025 23:00:00 - 08/07/2025 00:00:00","Belgium (BE)","302.55","215.18","190.28","43.61"
"08/07/2025 00:00:00 - 08/07/2025 01:00:00","Belgium (BE)","274.48","359.08","359.08","461.49"
"08/07/2025 01:00:00 - 08/07/2025 02:00:00","Belgium (BE)","561.68","524.58","524.58","1062.66"
"08/07/2025 02:00:00 - 08/07/2025 03:00:00","Belgium (BE)","778.53","830.10","830.10","1765.90"
"08/07/2025 03:00:00 - 08/07/2025 04:00:00","Belgium (BE)","987.98","1179.20","1179.20","773.82"
"08/07/2025 04:00:00 - 08/07/2025 05:00:00","Belgium (BE)","1102.68","1346.88","1346.88","204.75"
"08/07/2025 05:00:00 - 08/07/2025 06:00:00","Belgium (BE)","1265.58","1136.88","1136.88","455.75"
"08/07/2025 06:00:00 - 08/07/2025 07:00:00","Belgium (BE)","1106.03","660.03","660.03","634.14"
"08/07/2025 07:00:00 - 08/07/2025 08:00:00","Belgium (BE)","1077.20","797.68","797.68","825.62"
"08/07/2025 08:00:00 - 08/07/2025 09:00:00","Belgium (BE)","946.28","828.88","828.88","623.14"
"08/07/2025 09:00:00 - 08/07/2025 10:00:00","Belgium (BE)","917.05","857.68","905.85","632.65"
"08/07/2025 10:00:00 - 08/07/2025 11:00:00","Belgium (BE)","997.28","929.10","827.70","1060.67"
"08/07/2025 11:00:00 - 08/07/2025 12:00:00","Belgium (BE)","1009.65","909.13","841.48","1198.23"
"08/07/2025 12:00:00 - 08/07/2025 13:00:00","Belgium (BE)","948.90","766.70","906.78","414.08"
"08/07/2025 13:00:00 - 08/07/2025 14:00:00","Belgium (BE)","862.53","672.08","799.45","575.37"
"08/07/2025 14:00:00 - 08/07/2025 15:00:00","Belgium (BE)","801.70","602.63","455.85","580.16"
"08/07/2025 15:00:00 - 08/07/2025 16:00:00","Belgium (BE)","749.45","526.53","405.38","290.35"
"08/07/2025 16:00:00 - 08/07/2025 17:00:00","Belgium (BE)","657.45","457.03","310.45","148.37"
"08/07/2025 17:00:00 - 08/07/2025 18:00:00","Belgium (BE)","537.13","324.28","221.35","117.74"
"08/07/2025 18:00:00 - 08/07/2025 19:00:00","Belgium (BE)","402.00","195.10","73.40","40.74"
"08/07/2025 19:00:00 - 08/07/2025 20:00:00","Belgium (BE)","296.20","100.03","28.58","4.00"
"08/07/2025 20:00:00 - 08/07/2025 21:00:00","Belgium (BE)","228.15","52.65","20.88"," "
"08/07/2025 21:00:00 - 08/07/2025 22:00:00","Belgium (BE)","194.63","34.93","17.35"," "
"08/07/2025 22:00:00 - 08/07/2025 23:00:00","Belgium (BE)","170.95","40.00","33.23","15.13"
"08/07/2025 23:00:00 - 09/07/2025 00:00:00","Belgium (BE)","149.03","49.23","53.28","155.02"
"09/07/2025 00:00:00 - 09/07/2025 01:00:00","Belgium (BE)","55.70","56.45","56.45","298.63"
"09/07/2025 01:00:00 - 09/07/2025 02:00:00","Belgium (BE)","52.23","81.43","81.43","263.86"
"09/07/2025 02:00:00 - 09/07/2025 03:00:00","Belgium (BE)","42.15","116.73","116.73","130.27"
"09/07/2025 03:00:00 - 09/07/2025 04:00:00","Belgium (BE)","32.75","63.48","63.48","58.56"
"09/07/2025 04:00:00 - 09/07/2025 05:00:00","Belgium (BE)","28.90","38.58","38.58","0.39"
"09/07/2025 05:00:00 - 09/07/2025 06:00:00","Belgium (BE)","26.83","23.35","23.35"," "
"09/07/2025 06:00:00 - 09/07/2025 07:00:00","Belgium (BE)","21.70","11.43","11.43","2.17"
"09/07/2025 07:00:00 - 09/07/2025 08:00:00","Belgium (BE)","15.35","10.93","10.93"," "
"09/07/2025 08:00:00 - 09/07/2025 09:00:00","Belgium (BE)","11.85","9.88","9.88"," "
"09/07/2025 09:00:00 - 09/07/2025 10:00:00","Belgium (BE)","11.83","9.25","10.55"," "
"09/07/2025 10:00:00 - 09/07/2025 11:00:00","Belgium (BE)","11.43","9.58","13.28"," "
"09/07/2025 11:00:00 - 09/07/2025 12:00:00","Belgium (BE)","10.30","10.55","12.48"," "
"09/07/2025 12:00:00 - 09/07/2025 13:00:00","Belgium (BE)","9.28","12.00","12.80","8.38"
"09/07/2025 13:00:00 - 09/07/2025 14:00:00","Belgium (BE)","9.20","14.88","14.35","41.90"
"09/07/2025 14:00:00 - 09/07/2025 15:00:00","Belgium (BE)","9.88","13.03","19.13","52.43"
"09/07/2025 15:00:00 - 09/07/2025 16:00:00","Belgium (BE)","10.75","12.80","28.00","8.57"
"09/07/2025 16:00:00 - 09/07/2025 17:00:00","Belgium (BE)","11.90","12.28","25.25"," "
"09/07/2025 17:00:00 - 09/07/2025 18:00:00","Belgium (BE)","12.80","13.10","21.15","0.88"
"09/07/2025 18:00:00 - 09/07/2025 19:00:00","Belgium (BE)","13.18","15.05","24.70"," "
"09/07/2025 19:00:00 - 09/07/2025 20:00:00","Belgium (BE)","13.45","15.20","24.30"," "
"09/07/2025 20:00:00 - 09/07/2025 21:00:00","Belgium (BE)","13.43","14.98","23.10"," "
"09/07/2025 21:00:00 - 09/07/2025 22:00:00","Belgium (BE)","14.40","16.05","14.70"," "
"09/07/2025 22:00:00 - 09/07/2025 23:00:00","Belgium (BE)","15.90","16.43","12.40"," "
"09/07/2025 23:00:00 - 10/07/2025 00:00:00","Belgium (BE)","17.40","16.63","11.18"," "
"10/07/2025 00:00:00 - 10/07/2025 01:00:00","Belgium (BE)","13.58","11.30","11.30"," "
"10/07/2025 01:00:00 - 10/07/2025 02:00:00","Belgium (BE)","14.75","12.90","12.90"," "
"10/07/2025 02:00:00 - 10/07/2025 03:00:00","Belgium (BE)","19.23","14.70","14.70","1.73"
"10/07/2025 03:00:00 - 10/07/2025 04:00:00","Belgium (BE)","22.70","12.75","12.75","1.58"
"10/07/2025 04:00:00 - 10/07/2025 05:00:00","Belgium (BE)","22.90","13.30","13.30"," "
"10/07/2025 05:00:00 - 10/07/2025 06:00:00","Belgium (BE)","18.08","12.53","12.53"," "
"10/07/2025 06:00:00 - 10/07/2025 07:00:00","Belgium (BE)","13.05","13.78","13.78"," "
"10/07/2025 07:00:00 - 10/07/2025 08:00:00","Belgium (BE)","10.80","13.68","13.68"," "
"10/07/2025 08:00:00 - 10/07/2025 09:00:00","Belgium (BE)","14.50","11.13","14.28"," "
"10/07/2025 09:00:00 - 10/07/2025 10:00:00","Belgium (BE)","16.08","9.18","11.93"," "
"10/07/2025 10:00:00 - 10/07/2025 11:00:00","Belgium (BE)","15.33","6.95","10.43"," "
"10/07/2025 11:00:00 - 10/07/2025 12:00:00","Belgium (BE)","14.73","5.38","10.78"," "
"10/07/2025 12:00:00 - 10/07/2025 13:00:00","Belgium (BE)","13.40","4.28","10.80"," "
"10/07/2025 13:00:00 - 10/07/2025 14:00:00","Belgium (BE)","11.75","3.23","10.55"," "
"10/07/2025 14:00:00 - 10/07/2025 15:00:00","Belgium (BE)","10.10","2.93","10.83","8.55"
"10/07/2025 15:00:00 - 10/07/2025 16:00:00","Belgium (BE)","7.10","2.98","17.38","29.37"
"10/07/2025 16:00:00 - 10/07/2025 17:00:00","Belgium (BE)","5.30","4.00","34.55","36.84"
"10/07/2025 17:00:00 - 10/07/2025 18:00:00","Belgium (BE)","6.03","10.95","50.28","55.68"
"10/07/2025 18:00:00 - 10/07/2025 19:00:00","Belgium (BE)","9.75","20.50","59.48","54.34"
"10/07/2025 19:00:00 - 10/07/2025 20:00:00","Belgium (BE)","17.00","29.68","67.85","57.07"
"10/07/2025 20:00:00 - 10/07/2025 21:00:00","Belgium (BE)","26.00","40.13","73.70","102.44"
"10/07/2025 21:00:00 - 10/07/2025 22:00:00","Belgium (BE)","33.70","53.18","73.65","118.03"
"10/07/2025 22:00:00 - 10/07/2025 23:00:00","Belgium (BE)","34.68","54.20","73.10","135.01"
"10/07/2025 23:00:00 - 11/07/2025 00:00:00","Belgium (BE)","34.68","49.75","66.93","125.35"
"11/07/2025 00:00:00 - 11/07/2025 01:00:00","Belgium (BE)","54.10","62.65","62.65","64.92"
"11/07/2025 01:00:00 - 11/07/2025 02:00:00","Belgium (BE)","37.33","54.90","54.90","41.54"
"11/07/2025 02:00:00 - 11/07/2025 03:00:00","Belgium (BE)","26.83","34.50","34.50","2.12"
"11/07/2025 03:00:00 - 11/07/2025 04:00:00","Belgium (BE)","22.53","24.90","24.90"," "
"11/07/2025 04:00:00 - 11/07/2025 05:00:00","Belgium (BE)","20.85","19.93","19.93"," "
"11/07/2025 05:00:00 - 11/07/2025 06:00:00","Belgium (BE)","20.18","9.73","9.73"," "
"11/07/2025 06:00:00 - 11/07/2025 07:00:00","Belgium (BE)","19.13","11.38","11.38"," "
"11/07/2025 07:00:00 - 11/07/2025 08:00:00","Belgium (BE)","17.73","10.23","13.70"," "
"11/07/2025 08:00:00 - 11/07/2025 09:00:00","Belgium (BE)","14.85","9.58","14.03"," "
"11/07/2025 09:00:00 - 11/07/2025 10:00:00","Belgium (BE)","12.00","9.25","15.43"," "
"11/07/2025 10:00:00 - 11/07/2025 11:00:00","Belgium (BE)","8.10","8.30","13.08"," "
"11/07/2025 11:00:00 - 11/07/2025 12:00:00","Belgium (BE)","5.40","6.93","11.93"," "
"11/07/2025 12:00:00 - 11/07/2025 13:00:00","Belgium (BE)","4.48","6.25","10.53"," "
"11/07/2025 13:00:00 - 11/07/2025 14:00:00","Belgium (BE)","4.15","5.68","9.88"," "
"11/07/2025 14:00:00 - 11/07/2025 15:00:00","Belgium (BE)","5.28","5.63","9.43"," "
"11/07/2025 15:00:00 - 11/07/2025 16:00:00","Belgium (BE)","10.00","8.20","11.40"," "
"11/07/2025 16:00:00 - 11/07/2025 17:00:00","Belgium (BE)","23.13","18.78","13.48"," "
"11/07/2025 17:00:00 - 11/07/2025 18:00:00","Belgium (BE)","40.90","32.25","19.10"," "
"11/07/2025 18:00:00 - 11/07/2025 19:00:00","Belgium (BE)","51.78","40.58","24.70"," "
"11/07/2025 19:00:00 - 11/07/2025 20:00:00","Belgium (BE)","60.30","47.68","25.38"," "
"11/07/2025 20:00:00 - 11/07/2025 21:00:00","Belgium (BE)","72.83","56.88","32.85","6.26"
"11/07/2025 21:00:00 - 11/07/2025 22:00:00","Belgium (BE)","87.20","71.68","47.13"," "
"11/07/2025 22:00:00 - 11/07/2025 23:00:00","Belgium (BE)","97.20","81.65","53.23"," "
"11/07/2025 23:00:00 - 12/07/2025 00:00:00","Belgium (BE)","105.20","79.18","59.15","45.88"
"12/07/2025 00:00:00 - 12/07/2025 01:00:00","Belgium (BE)","75.88","69.50","69.50","96.27"
"12/07/2025 01:00:00 - 12/07/2025 02:00:00","Belgium (BE)","84.83","78.60","78.60","83.08"
"12/07/2025 02:00:00 - 12/07/2025 03:00:00","Belgium (BE)","87.03","87.53","87.53","80.16"
"12/07/2025 03:00:00 - 12/07/2025 04:00:00","Belgium (BE)","85.40","83.75","83.75","94.04"
"12/07/2025 04:00:00 - 12/07/2025 05:00:00","Belgium (BE)","84.65","86.30","86.30","114.26"
"12/07/2025 05:00:00 - 12/07/2025 06:00:00","Belgium (BE)","83.40","86.60","86.60","86.89"
"12/07/2025 06:00:00 - 12/07/2025 07:00:00","Belgium (BE)","83.60","89.00","89.00","135.40"
"12/07/2025 07:00:00 - 12/07/2025 08:00:00","Belgium (BE)","82.80","84.33","84.33","171.19"
"12/07/2025 08:00:00 - 12/07/2025 09:00:00","Belgium (BE)","85.18","96.18","96.18","190.02"
"12/07/2025 09:00:00 - 12/07/2025 10:00:00","Belgium (BE)","79.18","99.65","125.63","165.73"
"12/07/2025 10:00:00 - 12/07/2025 11:00:00","Belgium (BE)","68.73","89.68","117.98","192.10"
"12/07/2025 11:00:00 - 12/07/2025 12:00:00","Belgium (BE)","59.88","82.05","102.53","181.88"
"12/07/2025 12:00:00 - 12/07/2025 13:00:00","Belgium (BE)","65.80","83.90","116.95","201.91"
"12/07/2025 13:00:00 - 12/07/2025 14:00:00","Belgium (BE)","87.55","99.05","132.63","189.76"
"12/07/2025 14:00:00 - 12/07/2025 15:00:00","Belgium (BE)","124.48","134.75","151.08","234.43"
"12/07/2025 15:00:00 - 12/07/2025 16:00:00","Belgium (BE)","168.88","174.33","202.10","354.36"
"12/07/2025 16:00:00 - 12/07/2025 17:00:00","Belgium (BE)","209.43","208.60","225.58","340.19"
"12/07/2025 17:00:00 - 12/07/2025 18:00:00","Belgium (BE)","220.28","220.23","255.65","254.89"
"12/07/2025 18:00:00 - 12/07/2025 19:00:00","Belgium (BE)","221.73","216.83","224.60","224.55"
"12/07/2025 19:00:00 - 12/07/2025 20:00:00","Belgium (BE)","203.48","200.00","200.03","243.01"
"12/07/2025 20:00:00 - 12/07/2025 21:00:00","Belgium (BE)","192.15","165.93","171.68","185.18"
"12/07/2025 21:00:00 - 12/07/2025 22:00:00","Belgium (BE)","181.98","149.20","152.20","148.78"
"12/07/2025 22:00:00 - 12/07/2025 23:00:00","Belgium (BE)","187.55","146.23","137.88","104.59"
"12/07/2025 23:00:00 - 13/07/2025 00:00:00","Belgium (BE)","205.80","171.23","150.75","211.84"
"13/07/2025 00:00:00 - 13/07/2025 01:00:00","Belgium (BE)","187.08","138.68","138.68","184.69"
"13/07/2025 01:00:00 - 13/07/2025 02:00:00","Belgium (BE)","200.35","182.23","182.23","203.87"
"13/07/2025 02:00:00 - 13/07/2025 03:00:00","Belgium (BE)","191.33","183.08","183.08","256.55"
"13/07/2025 03:00:00 - 13/07/2025 04:00:00","Belgium (BE)","187.95","185.40","185.40","218.45"
"13/07/2025 04:00:00 - 13/07/2025 05:00:00","Belgium (BE)","170.48","163.95","163.95","116.49"
"13/07/2025 05:00:00 - 13/07/2025 06:00:00","Belgium (BE)","149.00","150.55","150.55","64.31"
"13/07/2025 06:00:00 - 13/07/2025 07:00:00","Belgium (BE)","116.03","119.65","119.65","59.71"
"13/07/2025 07:00:00 - 13/07/2025 08:00:00","Belgium (BE)","80.00","60.18","60.18","8.40"
"13/07/2025 08:00:00 - 13/07/2025 09:00:00","Belgium (BE)","44.75","39.95","32.40","4.82"
"13/07/2025 09:00:00 - 13/07/2025 10:00:00","Belgium (BE)","24.45","18.00","14.78"," "
"13/07/2025 10:00:00 - 13/07/2025 11:00:00","Belgium (BE)","18.75","11.88","9.23"," "
"13/07/2025 11:00:00 - 13/07/2025 12:00:00","Belgium (BE)","16.00","10.98","11.98"," "
"13/07/2025 12:00:00 - 13/07/2025 13:00:00","Belgium (BE)","16.73","12.33","12.63"," "
"13/07/2025 13:00:00 - 13/07/2025 14:00:00","Belgium (BE)","20.35","18.15","14.38"," "
"13/07/2025 14:00:00 - 13/07/2025 15:00:00","Belgium (BE)","16.38","29.08","26.43"," "
"13/07/2025 15:00:00 - 13/07/2025 16:00:00","Belgium (BE)","11.95","34.85","26.00"," "
"13/07/2025 16:00:00 - 13/07/2025 17:00:00","Belgium (BE)","9.85","32.58","15.88"," "
"13/07/2025 17:00:00 - 13/07/2025 18:00:00","Belgium (BE)","9.65","22.60","11.98"," "
"13/07/2025 18:00:00 - 13/07/2025 19:00:00","Belgium (BE)","10.18","16.33","10.38"," "
"13/07/2025 19:00:00 - 13/07/2025 20:00:00","Belgium (BE)","8.53","16.43","12.85"," "
"13/07/2025 20:00:00 - 13/07/2025 21:00:00","Belgium (BE)","6.20","16.80","10.08"," "
"13/07/2025 21:00:00 - 13/07/2025 22:00:00","Belgium (BE)","6.25","11.53","11.13"," "
"13/07/2025 22:00:00 - 13/07/2025 23:00:00","Belgium (BE)","7.08","11.48","8.55"," "
"13/07/2025 23:00:00 - 14/07/2025 00:00:00","Belgium (BE)","8.38","13.60","8.73"," "
"14/07/2025 00:00:00 - 14/07/2025 01:00:00","Belgium (BE)","9.33","12.50","12.50"," "
"14/07/2025 01:00:00 - 14/07/2025 02:00:00","Belgium (BE)","11.75","12.70","12.70"," "
"14/07/2025 02:00:00 - 14/07/2025 03:00:00","Belgium (BE)","13.48","14.85","14.85"," "
"14/07/2025 03:00:00 - 14/07/2025 04:00:00","Belgium (BE)","14.43","16.38","16.38"," "
"14/07/2025 04:00:00 - 14/07/2025 05:00:00","Belgium (BE)","14.85","16.85","16.85"," "
"14/07/2025 05:00:00 - 14/07/2025 06:00:00","Belgium (BE)","15.00","15.73","15.73"," "
"14/07/2025 06:00:00 - 14/07/2025 07:00:00","Belgium (BE)","15.88","19.58","19.58"," "
"14/07/2025 07:00:00 - 14/07/2025 08:00:00","Belgium (BE)","21.30","24.23","26.53"," "
"14/07/2025 08:00:00 - 14/07/2025 09:00:00","Belgium (BE)","43.20","58.40","70.83","5.86"
"14/07/2025 09:00:00 - 14/07/2025 10:00:00","Belgium (BE)","120.20","189.28","217.25","289.88"
"14/07/2025 10:00:00 - 14/07/2025 11:00:00","Belgium (BE)","325.05","483.33","653.58","730.19"
"14/07/2025 11:00:00 - 14/07/2025 12:00:00","Belgium (BE)","709.18","890.90","1010.33","928.28"
"14/07/2025 12:00:00 - 14/07/2025 13:00:00","Belgium (BE)","1074.73","1239.25","1319.13","1147.22"
"14/07/2025 13:00:00 - 14/07/2025 14:00:00","Belgium (BE)","1386.95","1586.15","1623.48","1197.95"
"14/07/2025 14:00:00 - 14/07/2025 15:00:00","Belgium (BE)","1680.08","1831.30","1858.08","1947.45"
"14/07/2025 15:00:00 - 14/07/2025 16:00:00","Belgium (BE)","1892.68","1972.68","1920.40","1888.50"
"14/07/2025 16:00:00 - 14/07/2025 17:00:00","Belgium (BE)","1989.08","2048.08","2104.60","1899.50"
"14/07/2025 17:00:00 - 14/07/2025 18:00:00","Belgium (BE)","2054.50","2085.33","2070.20","1401.17"
"14/07/2025 18:00:00 - 14/07/2025 19:00:00","Belgium (BE)","2095.20","2097.20","2077.55","1997.51"
"14/07/2025 19:00:00 - 14/07/2025 20:00:00","Belgium (BE)","2099.93","2101.10","1926.85","2028.97"
"14/07/2025 20:00:00 - 14/07/2025 21:00:00","Belgium (BE)","2076.68","2091.00","1967.85","2074.25"
"14/07/2025 21:00:00 - 14/07/2025 22:00:00","Belgium (BE)","2044.75","2064.00","2032.13","2121.43"
"14/07/2025 22:00:00 - 14/07/2025 23:00:00","Belgium (BE)","2027.75","2043.83","2032.40","2135.33"
"14/07/2025 23:00:00 - 15/07/2025 00:00:00","Belgium (BE)","2023.98","2015.53","2009.08","2107.22"
"15/07/2025 00:00:00 - 15/07/2025 01:00:00","Belgium (BE)","2045.65","1939.35","1939.35","2057.15"
"15/07/2025 01:00:00 - 15/07/2025 02:00:00","Belgium (BE)","1996.40","1875.43","1875.43","1906.93"
"15/07/2025 02:00:00 - 15/07/2025 03:00:00","Belgium (BE)","1902.88","1774.05","1774.05","1849.31"
"15/07/2025 03:00:00 - 15/07/2025 04:00:00","Belgium (BE)","1776.15","1661.53","1661.53","1618.48"
"15/07/2025 04:00:00 - 15/07/2025 05:00:00","Belgium (BE)","1649.75","1516.53","1516.53","1258.17"
"15/07/2025 05:00:00 - 15/07/2025 06:00:00","Belgium (BE)","1514.18","1381.03","1381.03","1015.38"
"15/07/2025 06:00:00 - 15/07/2025 07:00:00","Belgium (BE)","1347.33","1231.83","1231.83","815.35"
"15/07/2025 07:00:00 - 15/07/2025 08:00:00","Belgium (BE)","1261.98","1010.80","1010.80","941.71"
"15/07/2025 08:00:00 - 15/07/2025 09:00:00","Belgium (BE)","1192.95","997.30","954.23","1129.07"
"15/07/2025 09:00:00 - 15/07/2025 10:00:00","Belgium (BE)","1162.98","1042.43","1017.73","911.61"
"15/07/2025 10:00:00 - 15/07/2025 11:00:00","Belgium (BE)","1241.68","1124.68","1170.20","1019.36"
"15/07/2025 11:00:00 - 15/07/2025 12:00:00","Belgium (BE)","1401.58","1259.45","1214.73","1224.29"
"15/07/2025 12:00:00 - 15/07/2025 13:00:00","Belgium (BE)","1591.80","1453.75","1382.20","1316.32"
"15/07/2025 13:00:00 - 15/07/2025 14:00:00","Belgium (BE)","1771.38","1654.90","1544.05","1846.73"
"15/07/2025 14:00:00 - 15/07/2025 15:00:00","Belgium (BE)","1897.40","1810.13","1703.75","1910.86"
"15/07/2025 15:00:00 - 15/07/2025 16:00:00","Belgium (BE)","1973.73","1917.28","1963.05","2014.63"
"15/07/2025 16:00:00 - 15/07/2025 17:00:00","Belgium (BE)","2027.60","2010.40","2055.75","2076.20"
"15/07/2025 17:00:00 - 15/07/2025 18:00:00","Belgium (BE)","2066.70","2074.23","2095.75","2125.82"
"15/07/2025 18:00:00 - 15/07/2025 19:00:00","Belgium (BE)","2087.38","2113.83","2133.78","2138.43"
"15/07/2025 19:00:00 - 15/07/2025 20:00:00","Belgium (BE)","2102.15","2132.20","2141.68","2130.71"
"15/07/2025 20:00:00 - 15/07/2025 21:00:00","Belgium (BE)","2108.58","2135.98","2150.95","2127.11"
"15/07/2025 21:00:00 - 15/07/2025 22:00:00","Belgium (BE)","2112.58","2133.45","2149.33","2127.15"
"15/07/2025 22:00:00 - 15/07/2025 23:00:00","Belgium (BE)","2114.28","2116.88","2145.95","2130.12"
"15/07/2025 23:00:00 - 16/07/2025 00:00:00","Belgium (BE)","2116.80","2088.35","2134.50","2125.83"
"16/07/2025 00:00:00 - 16/07/2025 01:00:00","Belgium (BE)","2115.48","2068.83","2068.83","2127.88"
"16/07/2025 01:00:00 - 16/07/2025 02:00:00","Belgium (BE)","2075.48","2020.75","2020.75","2114.81"
"16/07/2025 02:00:00 - 16/07/2025 03:00:00","Belgium (BE)","2012.45","2030.88","2030.88","1900.32"
"16/07/2025 03:00:00 - 16/07/2025 04:00:00","Belgium (BE)","1955.08","2014.28","2014.28","1391.11"
"16/07/2025 04:00:00 - 16/07/2025 05:00:00","Belgium (BE)","1945.13","1932.43","1932.43","1702.45"
"16/07/2025 05:00:00 - 16/07/2025 06:00:00","Belgium (BE)","1935.68","1928.85","1928.85","1893.67"
"16/07/2025 06:00:00 - 16/07/2025 07:00:00","Belgium (BE)","1881.68","1803.83","1803.83","1860.29"
"16/07/2025 07:00:00 - 16/07/2025 08:00:00","Belgium (BE)","1791.95","1732.88","1772.48","1719.14"
"16/07/2025 08:00:00 - 16/07/2025 09:00:00","Belgium (BE)","1665.85","1617.30","1659.53","1701.16"
"16/07/2025 09:00:00 - 16/07/2025 10:00:00","Belgium (BE)","1525.03","1446.53","1444.55","1531.92"
"16/07/2025 10:00:00 - 16/07/2025 11:00:00","Belgium (BE)","1366.30","1253.93","1228.25","1152.89"
"16/07/2025 11:00:00 - 16/07/2025 12:00:00","Belgium (BE)","1197.35","1107.38","1051.85","987.45"
"16/07/2025 12:00:00 - 16/07/2025 13:00:00","Belgium (BE)","1024.80","930.48","809.50","942.81"
"16/07/2025 13:00:00 - 16/07/2025 14:00:00","Belgium (BE)","821.08","747.85","672.85","782.75"
"16/07/2025 14:00:00 - 16/07/2025 15:00:00","Belgium (BE)","614.88","600.70","558.28","478.77"
"16/07/2025 15:00:00 - 16/07/2025 16:00:00","Belgium (BE)","446.65","422.83","373.83","264.72"
"16/07/2025 16:00:00 - 16/07/2025 17:00:00","Belgium (BE)","337.13","266.20","214.78","153.71"
"16/07/2025 17:00:00 - 16/07/2025 18:00:00","Belgium (BE)","193.15","159.00","134.68","93.38"
"16/07/2025 18:00:00 - 16/07/2025 19:00:00","Belgium (BE)","78.98","102.40","82.90","24.41"
"16/07/2025 19:00:00 - 16/07/2025 20:00:00","Belgium (BE)","28.10","65.58","72.58"," "
"16/07/2025 20:00:00 - 16/07/2025 21:00:00","Belgium (BE)","12.35","43.45","61.95"," "
"16/07/2025 21:00:00 - 16/07/2025 22:00:00","Belgium (BE)","10.95","38.68","61.70","8.19"
"16/07/2025 22:00:00 - 16/07/2025 23:00:00","Belgium (BE)","11.83","26.38","49.40","60.31"
"16/07/2025 23:00:00 - 17/07/2025 00:00:00","Belgium (BE)","12.63","16.63","29.95","24.89"
"17/07/2025 00:00:00 - 17/07/2025 01:00:00","Belgium (BE)","25.75","15.93","15.93"," "
"17/07/2025 01:00:00 - 17/07/2025 02:00:00","Belgium (BE)","15.33","11.23","11.23"," "
"17/07/2025 02:00:00 - 17/07/2025 03:00:00","Belgium (BE)","11.85","10.35","10.35"," "
"17/07/2025 03:00:00 - 17/07/2025 04:00:00","Belgium (BE)","8.23","11.48","11.48"," "
"17/07/2025 04:00:00 - 17/07/2025 05:00:00","Belgium (BE)","5.63","12.03","12.03"," "
"17/07/2025 05:00:00 - 17/07/2025 06:00:00","Belgium (BE)","4.83","13.60","13.60"," "
"17/07/2025 06:00:00 - 17/07/2025 07:00:00","Belgium (BE)","5.03","13.78","13.78"," "
"17/07/2025 07:00:00 - 17/07/2025 08:00:00","Belgium (BE)","5.78","11.08","14.88"," "
"17/07/2025 08:00:00 - 17/07/2025 09:00:00","Belgium (BE)","6.50","10.68","15.03"," "
"17/07/2025 09:00:00 - 17/07/2025 10:00:00","Belgium (BE)","7.85","11.23","14.83"," "
"17/07/2025 10:00:00 - 17/07/2025 11:00:00","Belgium (BE)","8.90","11.50","16.38"," "
"17/07/2025 11:00:00 - 17/07/2025 12:00:00","Belgium (BE)","9.90","11.83","15.85"," "
"17/07/2025 12:00:00 - 17/07/2025 13:00:00","Belgium (BE)","10.25","11.60","14.28"," "
"17/07/2025 13:00:00 - 17/07/2025 14:00:00","Belgium (BE)","9.65","9.98","13.35"," "
"17/07/2025 14:00:00 - 17/07/2025 15:00:00","Belgium (BE)","9.05","6.75","12.08"," "
"17/07/2025 15:00:00 - 17/07/2025 16:00:00","Belgium (BE)","8.28","4.20","10.73"," "
"17/07/2025 16:00:00 - 17/07/2025 17:00:00","Belgium (BE)","7.40","4.08","11.68"," "
"17/07/2025 17:00:00 - 17/07/2025 18:00:00","Belgium (BE)","6.40","5.65","8.58"," "
"17/07/2025 18:00:00 - 17/07/2025 19:00:00","Belgium (BE)","5.88","13.15","11.85","0.34"
"17/07/2025 19:00:00 - 17/07/2025 20:00:00","Belgium (BE)","6.40","15.78","10.88","3.78"
"17/07/2025 20:00:00 - 17/07/2025 21:00:00","Belgium (BE)","8.25","13.38","10.55"," "
"17/07/2025 21:00:00 - 17/07/2025 22:00:00","Belgium (BE)","9.65","12.88","9.23"," "
"17/07/2025 22:00:00 - 17/07/2025 23:00:00","Belgium (BE)","10.55","12.55","10.98"," "
"17/07/2025 23:00:00 - 18/07/2025 00:00:00","Belgium (BE)","12.05","13.38","14.35","0.38"
"18/07/2025 00:00:00 - 18/07/2025 01:00:00","Belgium (BE)","19.65","27.60","27.60","0.08"
"18/07/2025 01:00:00 - 18/07/2025 02:00:00","Belgium (BE)","25.05","32.35","32.35"," "
"18/07/2025 02:00:00 - 18/07/2025 03:00:00","Belgium (BE)","29.63","31.90","31.90"," "
"18/07/2025 03:00:00 - 18/07/2025 04:00:00","Belgium (BE)","36.30","24.85","24.85","3.99"
"18/07/2025 04:00:00 - 18/07/2025 05:00:00","Belgium (BE)","49.63","35.25","35.25","12.92"
"18/07/2025 05:00:00 - 18/07/2025 06:00:00","Belgium (BE)","59.25","37.45","37.45","52.96"
"18/07/2025 06:00:00 - 18/07/2025 07:00:00","Belgium (BE)","68.60","42.60","42.60","62.35"
"18/07/2025 07:00:00 - 18/07/2025 08:00:00","Belgium (BE)","71.38","37.75","37.75","68.10"
"18/07/2025 08:00:00 - 18/07/2025 09:00:00","Belgium (BE)","65.43","29.03","35.18","0.57"
"18/07/2025 09:00:00 - 18/07/2025 10:00:00","Belgium (BE)","62.08","24.98","33.78"," "
"18/07/2025 10:00:00 - 18/07/2025 11:00:00","Belgium (BE)","64.43","21.93","19.45","13.37"
"18/07/2025 11:00:00 - 18/07/2025 12:00:00","Belgium (BE)","57.15","19.38","16.93","0.32"
"18/07/2025 12:00:00 - 18/07/2025 13:00:00","Belgium (BE)","44.45","17.73","16.30"," "
"18/07/2025 13:00:00 - 18/07/2025 14:00:00","Belgium (BE)","36.83","14.30","12.88"," "
"18/07/2025 14:00:00 - 18/07/2025 15:00:00","Belgium (BE)","28.63","10.93","11.65"," "
"18/07/2025 15:00:00 - 18/07/2025 16:00:00","Belgium (BE)","20.30","8.08","12.50"," "
"18/07/2025 16:00:00 - 18/07/2025 17:00:00","Belgium (BE)","15.15","6.43","11.85"," "
"18/07/2025 17:00:00 - 18/07/2025 18:00:00","Belgium (BE)","12.85","7.48","9.80"," "
"18/07/2025 18:00:00 - 18/07/2025 19:00:00","Belgium (BE)","11.68","12.45","19.38"," "
"18/07/2025 19:00:00 - 18/07/2025 20:00:00","Belgium (BE)","14.98","27.68","32.08","6.30"
"18/07/2025 20:00:00 - 18/07/2025 21:00:00","Belgium (BE)","25.70","43.70","50.35","37.04"
"18/07/2025 21:00:00 - 18/07/2025 22:00:00","Belgium (BE)","48.45","80.13","77.53","76.68"
"18/07/2025 22:00:00 - 18/07/2025 23:00:00","Belgium (BE)","86.23","136.40","108.40","101.16"
"18/07/2025 23:00:00 - 19/07/2025 00:00:00","Belgium (BE)","128.78","220.18","163.68","219.26"
"19/07/2025 00:00:00 - 19/07/2025 01:00:00","Belgium (BE)","235.10","326.90","326.90","446.82"
"19/07/2025 01:00:00 - 19/07/2025 02:00:00","Belgium (BE)","303.60","422.25","422.25","595.70"
"19/07/2025 02:00:00 - 19/07/2025 03:00:00","Belgium (BE)","330.58","546.63","546.63","508.03"
"19/07/2025 03:00:00 - 19/07/2025 04:00:00","Belgium (BE)","353.10","548.15","548.15","527.22"
"19/07/2025 04:00:00 - 19/07/2025 05:00:00","Belgium (BE)","363.20","475.85","475.85","539.63"
"19/07/2025 05:00:00 - 19/07/2025 06:00:00","Belgium (BE)","346.60","444.50","444.50","116.44"
"19/07/2025 06:00:00 - 19/07/2025 07:00:00","Belgium (BE)","352.33","444.93","444.93","62.34"
"19/07/2025 07:00:00 - 19/07/2025 08:00:00","Belgium (BE)","381.63","345.70","345.70","97.79"
"19/07/2025 08:00:00 - 19/07/2025 09:00:00","Belgium (BE)","400.70","410.23","410.23","16.02"
"19/07/2025 09:00:00 - 19/07/2025 10:00:00","Belgium (BE)","381.43","411.38","290.35","50.95"
"19/07/2025 10:00:00 - 19/07/2025 11:00:00","Belgium (BE)","315.08","332.48","165.20","121.74"
"19/07/2025 11:00:00 - 19/07/2025 12:00:00","Belgium (BE)","213.90","221.33","148.65","226.36"
"19/07/2025 12:00:00 - 19/07/2025 13:00:00","Belgium (BE)","126.60","124.63","130.55","263.27"
"19/07/2025 13:00:00 - 19/07/2025 14:00:00","Belgium (BE)","50.95","85.93","171.08","265.43"
"19/07/2025 14:00:00 - 19/07/2025 15:00:00","Belgium (BE)","33.90","62.85","202.33","439.61"
"19/07/2025 15:00:00 - 19/07/2025 16:00:00","Belgium (BE)","21.90","55.35","191.88","413.30"
"19/07/2025 16:00:00 - 19/07/2025 17:00:00","Belgium (BE)","30.48","73.08","281.73","413.05"
"19/07/2025 17:00:00 - 19/07/2025 18:00:00","Belgium (BE)","81.68","206.55","397.33","917.78"
"19/07/2025 18:00:00 - 19/07/2025 19:00:00","Belgium (BE)","188.60","436.50","724.78","1266.77"
"19/07/2025 19:00:00 - 19/07/2025 20:00:00","Belgium (BE)","393.60","718.80","983.93","941.48"
"19/07/2025 20:00:00 - 19/07/2025 21:00:00","Belgium (BE)","504.18","989.78","947.73","1049.03"
"19/07/2025 21:00:00 - 19/07/2025 22:00:00","Belgium (BE)","441.18","1106.45","898.05","1156.07"
"19/07/2025 22:00:00 - 19/07/2025 23:00:00","Belgium (BE)","478.33","1089.15","937.28","1010.85"
"19/07/2025 23:00:00 - 20/07/2025 00:00:00","Belgium (BE)","534.68","941.05","893.30","606.38"
"20/07/2025 00:00:00 - 20/07/2025 01:00:00","Belgium (BE)","857.38","537.98","537.98","504.15"
"20/07/2025 01:00:00 - 20/07/2025 02:00:00","Belgium (BE)","715.85","365.53","365.53","404.68"
"20/07/2025 02:00:00 - 20/07/2025 03:00:00","Belgium (BE)","552.55","264.23","264.23","181.50"
"20/07/2025 03:00:00 - 20/07/2025 04:00:00","Belgium (BE)","349.63","173.95","173.95","54.55"
"20/07/2025 04:00:00 - 20/07/2025 05:00:00","Belgium (BE)","228.10","91.10","91.10","45.33"
"20/07/2025 05:00:00 - 20/07/2025 06:00:00","Belgium (BE)","172.85","59.90","59.90","41.18"
"20/07/2025 06:00:00 - 20/07/2025 07:00:00","Belgium (BE)","135.90","23.43","23.43","4.00"
"20/07/2025 07:00:00 - 20/07/2025 08:00:00","Belgium (BE)","137.03","55.03","55.03"," "
"20/07/2025 08:00:00 - 20/07/2025 09:00:00","Belgium (BE)","167.80","82.70","82.70","30.37"
"20/07/2025 09:00:00 - 20/07/2025 10:00:00","Belgium (BE)","192.95","97.35","80.45","72.46"
"20/07/2025 10:00:00 - 20/07/2025 11:00:00","Belgium (BE)","231.43","105.90","98.13","157.08"
"20/07/2025 11:00:00 - 20/07/2025 12:00:00","Belgium (BE)","268.00","148.50","155.70","152.70"
"20/07/2025 12:00:00 - 20/07/2025 13:00:00","Belgium (BE)","392.28","292.55","319.43","463.57"
"20/07/2025 13:00:00 - 20/07/2025 14:00:00","Belgium (BE)","460.65","375.73","327.68","653.20"
"20/07/2025 14:00:00 - 20/07/2025 15:00:00","Belgium (BE)","456.95","429.20","350.18","640.44"
"20/07/2025 15:00:00 - 20/07/2025 16:00:00","Belgium (BE)","404.15","463.15","474.85","470.96"
"20/07/2025 16:00:00 - 20/07/2025 17:00:00","Belgium (BE)","424.00","466.63","383.38","429.96"
"20/07/2025 17:00:00 - 20/07/2025 18:00:00","Belgium (BE)","339.53","424.33","303.30","352.74"
"20/07/2025 18:00:00 - 20/07/2025 19:00:00","Belgium (BE)","275.08","364.83","309.55","219.69"
"20/07/2025 19:00:00 - 20/07/2025 20:00:00","Belgium (BE)","253.88","282.15","212.28","82.30"
"20/07/2025 20:00:00 - 20/07/2025 21:00:00","Belgium (BE)","218.78","215.43","177.95","205.71"
"20/07/2025 21:00:00 - 20/07/2025 22:00:00","Belgium (BE)","207.23","217.93","120.88","25.40"
"20/07/2025 22:00:00 - 20/07/2025 23:00:00","Belgium (BE)","210.08","211.40","156.88","30.47"
"20/07/2025 23:00:00 - 21/07/2025 00:00:00","Belgium (BE)","243.25","219.00","212.40","178.30"
"21/07/2025 00:00:00 - 21/07/2025 01:00:00","Belgium (BE)","275.18","294.80","294.80","299.32"
"21/07/2025 01:00:00 - 21/07/2025 02:00:00","Belgium (BE)","373.43","352.25","352.25","273.70"
"21/07/2025 02:00:00 - 21/07/2025 03:00:00","Belgium (BE)","384.50","386.98","386.98","226.44"
"21/07/2025 03:00:00 - 21/07/2025 04:00:00","Belgium (BE)","417.90","414.28","414.28","497.43"
"21/07/2025 04:00:00 - 21/07/2025 05:00:00","Belgium (BE)","482.50","481.68","481.68","838.12"
"21/07/2025 05:00:00 - 21/07/2025 06:00:00","Belgium (BE)","581.15","619.25","619.25","888.89"
"21/07/2025 06:00:00 - 21/07/2025 07:00:00","Belgium (BE)","706.68","880.15","880.15","896.24"
"21/07/2025 07:00:00 - 21/07/2025 08:00:00","Belgium (BE)","874.95","1009.08","1009.08","1061.15"
"21/07/2025 08:00:00 - 21/07/2025 09:00:00","Belgium (BE)","933.60","1079.35","1079.35","1279.34"
"21/07/2025 09:00:00 - 21/07/2025 10:00:00","Belgium (BE)","980.40","1093.28","1173.55","1341.52"
"21/07/2025 10:00:00 - 21/07/2025 11:00:00","Belgium (BE)","868.50","1024.40","1307.60","1426.86"
"21/07/2025 11:00:00 - 21/07/2025 12:00:00","Belgium (BE)","662.30","845.28","1058.95","1068.70"
"21/07/2025 12:00:00 - 21/07/2025 13:00:00","Belgium (BE)","427.60","713.60","826.93","904.31"
"21/07/2025 13:00:00 - 21/07/2025 14:00:00","Belgium (BE)","252.55","536.18","523.60","547.97"
"21/07/2025 14:00:00 - 21/07/2025 15:00:00","Belgium (BE)","148.33","359.78","348.88","474.22"
"21/07/2025 15:00:00 - 21/07/2025 16:00:00","Belgium (BE)","121.40","237.75","239.90","304.39"
"21/07/2025 16:00:00 - 21/07/2025 17:00:00","Belgium (BE)","152.05","209.05","233.35","356.53"
"21/07/2025 17:00:00 - 21/07/2025 18:00:00","Belgium (BE)","196.10","272.45","261.40","260.10"
"21/07/2025 18:00:00 - 21/07/2025 19:00:00","Belgium (BE)","280.85","415.00","311.50","460.19"
"21/07/2025 19:00:00 - 21/07/2025 20:00:00","Belgium (BE)","441.05","607.73","509.70","657.56"
"21/07/2025 20:00:00 - 21/07/2025 21:00:00","Belgium (BE)","644.95","762.00","727.25","804.42"
"21/07/2025 21:00:00 - 21/07/2025 22:00:00","Belgium (BE)","813.13","904.23","805.80","750.23"
"21/07/2025 22:00:00 - 21/07/2025 23:00:00","Belgium (BE)","878.85","929.35","808.40","839.16"
"21/07/2025 23:00:00 - 22/07/2025 00:00:00","Belgium (BE)","1032.00","1044.45","925.03","934.50"
"22/07/2025 00:00:00 - 22/07/2025 01:00:00","Belgium (BE)","976.73","953.65","953.65","1029.85"
"22/07/2025 01:00:00 - 22/07/2025 02:00:00","Belgium (BE)","1015.75","1015.90","1015.90","1248.76"
"22/07/2025 02:00:00 - 22/07/2025 03:00:00","Belgium (BE)","985.65","1047.58","1047.58","1164.76"
"22/07/2025 03:00:00 - 22/07/2025 04:00:00","Belgium (BE)","858.95","1038.50","1038.50","1119.18"
"22/07/2025 04:00:00 - 22/07/2025 05:00:00","Belgium (BE)","718.15","865.35","865.35","838.68"
"22/07/2025 05:00:00 - 22/07/2025 06:00:00","Belgium (BE)","645.43","640.80","640.80","769.53"
"22/07/2025 06:00:00 - 22/07/2025 07:00:00","Belgium (BE)","599.93","550.58","550.58","548.91"
"22/07/2025 07:00:00 - 22/07/2025 08:00:00","Belgium (BE)","568.03","502.90","502.90","504.31"
"22/07/2025 08:00:00 - 22/07/2025 09:00:00","Belgium (BE)","566.90","436.85","432.53","408.45"
"22/07/2025 09:00:00 - 22/07/2025 10:00:00","Belgium (BE)","555.43","466.35","494.20","400.88"
"22/07/2025 10:00:00 - 22/07/2025 11:00:00","Belgium (BE)","572.33","567.43","511.80","577.39"
"22/07/2025 11:00:00 - 22/07/2025 12:00:00","Belgium (BE)","554.03","624.05","567.08","500.70"
"22/07/2025 12:00:00 - 22/07/2025 13:00:00","Belgium (BE)","541.50","623.85","600.50","576.34"
"22/07/2025 13:00:00 - 22/07/2025 14:00:00","Belgium (BE)","532.45","591.95","541.43","549.82"
"22/07/2025 14:00:00 - 22/07/2025 15:00:00","Belgium (BE)","550.05","582.98","575.15","428.93"
"22/07/2025 15:00:00 - 22/07/2025 16:00:00","Belgium (BE)","656.98","650.73","619.90","679.08"
"22/07/2025 16:00:00 - 22/07/2025 17:00:00","Belgium (BE)","722.85","800.25","748.45","1071.08"
"22/07/2025 17:00:00 - 22/07/2025 18:00:00","Belgium (BE)","942.83","951.83","899.60","1090.59"
"22/07/2025 18:00:00 - 22/07/2025 19:00:00","Belgium (BE)","1102.23","940.65","1103.85","1246.16"
"22/07/2025 19:00:00 - 22/07/2025 20:00:00","Belgium (BE)","1208.05","857.48","1028.10","1350.99"
"22/07/2025 20:00:00 - 22/07/2025 21:00:00","Belgium (BE)","1218.60","860.13","1009.50","1296.07"
"22/07/2025 21:00:00 - 22/07/2025 22:00:00","Belgium (BE)","1141.00","796.78","994.38","1591.54"
"22/07/2025 22:00:00 - 22/07/2025 23:00:00","Belgium (BE)","1013.30","689.88","801.20","1289.80"
"22/07/2025 23:00:00 - 23/07/2025 00:00:00","Belgium (BE)","878.68","598.95","670.58","915.89"
"23/07/2025 00:00:00 - 23/07/2025 01:00:00","Belgium (BE)","499.05","671.33","671.33","909.02"
"23/07/2025 01:00:00 - 23/07/2025 02:00:00","Belgium (BE)","373.83","536.70","536.70","551.79"
"23/07/2025 02:00:00 - 23/07/2025 03:00:00","Belgium (BE)","270.83","466.83","466.83","640.97"
"23/07/2025 03:00:00 - 23/07/2025 04:00:00","Belgium (BE)","211.90","320.33","320.33","319.53"
"23/07/2025 04:00:00 - 23/07/2025 05:00:00","Belgium (BE)","170.10","245.03","245.03","267.59"
"23/07/2025 05:00:00 - 23/07/2025 06:00:00","Belgium (BE)","137.85","206.30","206.30","173.08"
"23/07/2025 06:00:00 - 23/07/2025 07:00:00","Belgium (BE)","114.65","120.08","120.08","62.34"
"23/07/2025 07:00:00 - 23/07/2025 08:00:00","Belgium (BE)","100.98","75.50","75.50","0.86"
"23/07/2025 08:00:00 - 23/07/2025 09:00:00","Belgium (BE)","94.33","71.40","71.40","1.65"
"23/07/2025 09:00:00 - 23/07/2025 10:00:00","Belgium (BE)","101.38","83.15","62.43","43.55"
"23/07/2025 10:00:00 - 23/07/2025 11:00:00","Belgium (BE)","110.78","85.35","50.63","146.18"
"23/07/2025 11:00:00 - 23/07/2025 12:00:00","Belgium (BE)","91.38","85.25","58.35","107.14"
"23/07/2025 12:00:00 - 23/07/2025 13:00:00","Belgium (BE)","71.88","78.23","53.15","76.97"
"23/07/2025 13:00:00 - 23/07/2025 14:00:00","Belgium (BE)","63.68","63.83","56.85","32.11"
"23/07/2025 14:00:00 - 23/07/2025 15:00:00","Belgium (BE)","47.80","52.55","43.60","18.00"
"23/07/2025 15:00:00 - 23/07/2025 16:00:00","Belgium (BE)","29.88","39.00","36.48","11.19"
"23/07/2025 16:00:00 - 23/07/2025 17:00:00","Belgium (BE)","23.40","36.65","35.20","5.23"
"23/07/2025 17:00:00 - 23/07/2025 18:00:00","Belgium (BE)","25.00","35.78","29.20","21.34"
"23/07/2025 18:00:00 - 23/07/2025 19:00:00","Belgium (BE)","29.50","35.80","30.85","13.86"
"23/07/2025 19:00:00 - 23/07/2025 20:00:00","Belgium (BE)","43.83","33.90","33.48","27.44"
"23/07/2025 20:00:00 - 23/07/2025 21:00:00","Belgium (BE)","52.05","29.25","35.63","24.09"
"23/07/2025 21:00:00 - 23/07/2025 22:00:00","Belgium (BE)","57.48","26.30","40.68","10.99"
"23/07/2025 22:00:00 - 23/07/2025 23:00:00","Belgium (BE)","56.98","32.33","45.40","53.39"
"23/07/2025 23:00:00 - 24/07/2025 00:00:00","Belgium (BE)","54.73","41.53","60.73","45.36"
"24/07/2025 00:00:00 - 24/07/2025 01:00:00","Belgium (BE)","73.60","66.95","66.95","32.75"
"24/07/2025 01:00:00 - 24/07/2025 02:00:00","Belgium (BE)","87.95","58.55","58.55","0.78"
"24/07/2025 02:00:00 - 24/07/2025 03:00:00","Belgium (BE)","109.78","71.58","71.58","74.17"
"24/07/2025 03:00:00 - 24/07/2025 04:00:00","Belgium (BE)","127.10","108.35","108.35","152.62"
"24/07/2025 04:00:00 - 24/07/2025 05:00:00","Belgium (BE)","156.63","142.73","142.73","78.40"
"24/07/2025 05:00:00 - 24/07/2025 06:00:00","Belgium (BE)","177.60","170.00","170.00","56.50"
"24/07/2025 06:00:00 - 24/07/2025 07:00:00","Belgium (BE)","189.73","155.55","155.55","89.81"
"24/07/2025 07:00:00 - 24/07/2025 08:00:00","Belgium (BE)","201.20","115.38","115.38","110.91"
"24/07/2025 08:00:00 - 24/07/2025 09:00:00","Belgium (BE)","210.35","140.63","139.35","179.02"
"24/07/2025 09:00:00 - 24/07/2025 10:00:00","Belgium (BE)","205.10","160.28","157.95","117.78"
"24/07/2025 10:00:00 - 24/07/2025 11:00:00","Belgium (BE)","218.00","178.83","166.35","47.84"
"24/07/2025 11:00:00 - 24/07/2025 12:00:00","Belgium (BE)","254.40","210.40","166.58","33.14"
"24/07/2025 12:00:00 - 24/07/2025 13:00:00","Belgium (BE)","339.60","263.85","208.25","73.45"
"24/07/2025 13:00:00 - 24/07/2025 14:00:00","Belgium (BE)","471.05","318.48","189.65","191.96"
"24/07/2025 14:00:00 - 24/07/2025 15:00:00","Belgium (BE)","591.45","386.88","256.50","457.74"
"24/07/2025 15:00:00 - 24/07/2025 16:00:00","Belgium (BE)","662.40","434.78","290.93","518.19"
"24/07/2025 16:00:00 - 24/07/2025 17:00:00","Belgium (BE)","804.75","492.53","297.28","486.74"
"24/07/2025 17:00:00 - 24/07/2025 18:00:00","Belgium (BE)","980.00","728.38","439.38","113.16"
"24/07/2025 18:00:00 - 24/07/2025 19:00:00","Belgium (BE)","1144.98","1056.85","518.38"," "
"24/07/2025 19:00:00 - 24/07/2025 20:00:00","Belgium (BE)","1199.80","1266.60","460.30"," "
"24/07/2025 20:00:00 - 24/07/2025 21:00:00","Belgium (BE)","1118.13","1347.48","579.30","88.89"
"24/07/2025 21:00:00 - 24/07/2025 22:00:00","Belgium (BE)","1031.65","1346.73","436.05","217.73"
"24/07/2025 22:00:00 - 24/07/2025 23:00:00","Belgium (BE)","953.53","1252.95","474.85","198.02"
"24/07/2025 23:00:00 - 25/07/2025 00:00:00","Belgium (BE)","907.98","1076.58","468.48","138.44"
"25/07/2025 00:00:00 - 25/07/2025 01:00:00","Belgium (BE)","590.10","118.35","118.35","83.15"
"25/07/2025 01:00:00 - 25/07/2025 02:00:00","Belgium (BE)","562.03","131.58","131.58","125.12"
"25/07/2025 02:00:00 - 25/07/2025 03:00:00","Belgium (BE)","525.28","153.98","153.98","233.65"
"25/07/2025 03:00:00 - 25/07/2025 04:00:00","Belgium (BE)","513.18","208.05","208.05","203.01"
"25/07/2025 04:00:00 - 25/07/2025 05:00:00","Belgium (BE)","492.58","273.50","273.50","307.25"
"25/07/2025 05:00:00 - 25/07/2025 06:00:00","Belgium (BE)","443.93","247.15","247.15","288.63"
"25/07/2025 06:00:00 - 25/07/2025 07:00:00","Belgium (BE)","381.73","241.43","241.43","228.90"
"25/07/2025 07:00:00 - 25/07/2025 08:00:00","Belgium (BE)","334.40","232.03","232.03","168.54"
"25/07/2025 08:00:00 - 25/07/2025 09:00:00","Belgium (BE)","306.20","216.13","202.00","201.12"
"25/07/2025 09:00:00 - 25/07/2025 10:00:00","Belgium (BE)","261.28","163.05","128.85","116.42"
"25/07/2025 10:00:00 - 25/07/2025 11:00:00","Belgium (BE)","197.13","127.38","120.93","92.21"
"25/07/2025 11:00:00 - 25/07/2025 12:00:00","Belgium (BE)","157.53","107.08","94.33","133.60"
"25/07/2025 12:00:00 - 25/07/2025 13:00:00","Belgium (BE)","129.03","93.80","81.10","115.89"
"25/07/2025 13:00:00 - 25/07/2025 14:00:00","Belgium (BE)","102.63","74.53","68.33","61.31"
"25/07/2025 14:00:00 - 25/07/2025 15:00:00","Belgium (BE)","79.68","47.40","56.75","1.60"
"25/07/2025 15:00:00 - 25/07/2025 16:00:00","Belgium (BE)","56.90","30.48","29.65"," "
"25/07/2025 16:00:00 - 25/07/2025 17:00:00","Belgium (BE)","40.05","18.95","19.30"," "
"25/07/2025 17:00:00 - 25/07/2025 18:00:00","Belgium (BE)","20.95","10.05","10.00"," "
"25/07/2025 18:00:00 - 25/07/2025 19:00:00","Belgium (BE)","9.15","7.95","10.40"," "
"25/07/2025 19:00:00 - 25/07/2025 20:00:00","Belgium (BE)","7.28","8.85","13.98"," "
"25/07/2025 20:00:00 - 25/07/2025 21:00:00","Belgium (BE)","7.75","11.40","15.40"," "
"25/07/2025 21:00:00 - 25/07/2025 22:00:00","Belgium (BE)","9.25","15.88","27.60"," "
"25/07/2025 22:00:00 - 25/07/2025 23:00:00","Belgium (BE)","14.25","27.18","54.05","26.89"
"25/07/2025 23:00:00 - 26/07/2025 00:00:00","Belgium (BE)","21.38","53.35","114.95","72.32"
"26/07/2025 00:00:00 - 26/07/2025 01:00:00","Belgium (BE)","184.03","221.43","221.43","120.05"
"26/07/2025 01:00:00 - 26/07/2025 02:00:00","Belgium (BE)","231.98","242.38","242.38","192.69"
"26/07/2025 02:00:00 - 26/07/2025 03:00:00","Belgium (BE)","262.08","276.95","276.95","246.51"
"26/07/2025 03:00:00 - 26/07/2025 04:00:00","Belgium (BE)","290.35","306.20","306.20","292.95"
"26/07/2025 04:00:00 - 26/07/2025 05:00:00","Belgium (BE)","309.08","335.88","335.88","269.99"
"26/07/2025 05:00:00 - 26/07/2025 06:00:00","Belgium (BE)","306.58","322.23","322.23","265.84"
"26/07/2025 06:00:00 - 26/07/2025 07:00:00","Belgium (BE)","293.70","302.55","302.55","302.68"
"26/07/2025 07:00:00 - 26/07/2025 08:00:00","Belgium (BE)","306.75","323.13","323.13","360.09"
"26/07/2025 08:00:00 - 26/07/2025 09:00:00","Belgium (BE)","331.33","374.73","374.73","476.23"
"26/07/2025 09:00:00 - 26/07/2025 10:00:00","Belgium (BE)","341.75","443.63","459.20","604.66"
"26/07/2025 10:00:00 - 26/07/2025 11:00:00","Belgium (BE)","346.45","498.68","552.58","472.59"
"26/07/2025 11:00:00 - 26/07/2025 12:00:00","Belgium (BE)","358.18","544.68","591.68","469.52"
"26/07/2025 12:00:00 - 26/07/2025 13:00:00","Belgium (BE)","382.40","567.80","590.83","587.65"
"26/07/2025 13:00:00 - 26/07/2025 14:00:00","Belgium (BE)","401.45","526.38","509.28","582.97"
"26/07/2025 14:00:00 - 26/07/2025 15:00:00","Belgium (BE)","380.45","465.40","467.40","570.61"
"26/07/2025 15:00:00 - 26/07/2025 16:00:00","Belgium (BE)","381.18","465.98","454.58","573.93"
"26/07/2025 16:00:00 - 26/07/2025 17:00:00","Belgium (BE)","334.63","489.10","487.73","505.23"
"26/07/2025 17:00:00 - 26/07/2025 18:00:00","Belgium (BE)","250.98","468.48","495.28","612.64"
"26/07/2025 18:00:00 - 26/07/2025 19:00:00","Belgium (BE)","193.65","427.88","453.63","512.32"
"26/07/2025 19:00:00 - 26/07/2025 20:00:00","Belgium (BE)","127.30","343.00","383.95","260.76"
"26/07/2025 20:00:00 - 26/07/2025 21:00:00","Belgium (BE)","78.05","309.83","260.95","200.42"
"26/07/2025 21:00:00 - 26/07/2025 22:00:00","Belgium (BE)","55.38","227.15","139.95","106.78"
"26/07/2025 22:00:00 - 26/07/2025 23:00:00","Belgium (BE)","48.90","150.48","120.63","54.81"
"26/07/2025 23:00:00 - 27/07/2025 00:00:00","Belgium (BE)","45.18","122.65","120.00","2.24"
"27/07/2025 00:00:00 - 27/07/2025 01:00:00","Belgium (BE)","90.78","45.10","45.10"," "
"27/07/2025 01:00:00 - 27/07/2025 02:00:00","Belgium (BE)","87.93","48.08","48.08","2.57"
"27/07/2025 02:00:00 - 27/07/2025 03:00:00","Belgium (BE)","98.25","43.05","43.05","62.11"
"27/07/2025 03:00:00 - 27/07/2025 04:00:00","Belgium (BE)","111.55","63.08","63.08","118.06"
"27/07/2025 04:00:00 - 27/07/2025 05:00:00","Belgium (BE)","124.45","107.28","107.28","360.01"
"27/07/2025 05:00:00 - 27/07/2025 06:00:00","Belgium (BE)","141.53","149.35","149.35","218.91"
"27/07/2025 06:00:00 - 27/07/2025 07:00:00","Belgium (BE)","150.55","227.40","227.40","205.75"
"27/07/2025 07:00:00 - 27/07/2025 08:00:00","Belgium (BE)","141.80","151.48","151.48","104.28"
"27/07/2025 08:00:00 - 27/07/2025 09:00:00","Belgium (BE)","109.65","113.23","113.23","57.71"
"27/07/2025 09:00:00 - 27/07/2025 10:00:00","Belgium (BE)","82.23","101.43","87.98","60.40"
"27/07/2025 10:00:00 - 27/07/2025 11:00:00","Belgium (BE)","65.85","99.63","65.73","47.98"
"27/07/2025 11:00:00 - 27/07/2025 12:00:00","Belgium (BE)","71.80","114.58","77.70","44.76"
"27/07/2025 12:00:00 - 27/07/2025 13:00:00","Belgium (BE)","84.38","110.25","67.33","27.75"
"27/07/2025 13:00:00 - 27/07/2025 14:00:00","Belgium (BE)","113.05","122.38","66.80","33.03"
"27/07/2025 14:00:00 - 27/07/2025 15:00:00","Belgium (BE)","176.75","164.43","92.45","4.55"
"27/07/2025 15:00:00 - 27/07/2025 16:00:00","Belgium (BE)","247.65","234.93","146.25"," "
"27/07/2025 16:00:00 - 27/07/2025 17:00:00","Belgium (BE)","337.75","322.98","228.20","46.31"
"27/07/2025 17:00:00 - 27/07/2025 18:00:00","Belgium (BE)","433.65","399.38","295.03","312.59"
"27/07/2025 18:00:00 - 27/07/2025 19:00:00","Belgium (BE)","492.13","438.25","335.70","383.24"
"27/07/2025 19:00:00 - 27/07/2025 20:00:00","Belgium (BE)","478.93","437.00","396.28","384.72"
"27/07/2025 20:00:00 - 27/07/2025 21:00:00","Belgium (BE)","418.95","381.48","370.78","283.21"
"27/07/2025 21:00:00 - 27/07/2025 22:00:00","Belgium (BE)","342.68","323.75","344.15","299.18"
"27/07/2025 22:00:00 - 27/07/2025 23:00:00","Belgium (BE)","289.03","271.80","315.68","279.36"
"27/07/2025 23:00:00 - 28/07/2025 00:00:00","Belgium (BE)","283.48","244.15","306.98","294.33"
"28/07/2025 00:00:00 - 28/07/2025 01:00:00","Belgium (BE)","283.70","279.08","279.08","245.13"
"28/07/2025 01:00:00 - 28/07/2025 02:00:00","Belgium (BE)","294.88","300.05","300.05","263.66"
"28/07/2025 02:00:00 - 28/07/2025 03:00:00","Belgium (BE)","298.28","319.43","319.43","374.43"
"28/07/2025 03:00:00 - 28/07/2025 04:00:00","Belgium (BE)","286.45","341.38","341.38","343.13"
"28/07/2025 04:00:00 - 28/07/2025 05:00:00","Belgium (BE)","301.20","377.38","377.38","453.25"
"28/07/2025 05:00:00 - 28/07/2025 06:00:00","Belgium (BE)","326.35","359.20","359.20","473.11"
"28/07/2025 06:00:00 - 28/07/2025 07:00:00","Belgium (BE)","334.25","370.83","370.83","306.15"
"28/07/2025 07:00:00 - 28/07/2025 08:00:00","Belgium (BE)","328.65","352.03","367.68","440.92"
"28/07/2025 08:00:00 - 28/07/2025 09:00:00","Belgium (BE)","318.08","325.95","333.70","299.71"
"28/07/2025 09:00:00 - 28/07/2025 10:00:00","Belgium (BE)","294.95","303.08","329.20","270.65"
"28/07/2025 10:00:00 - 28/07/2025 11:00:00","Belgium (BE)","264.75","289.18","274.65","286.09"
"28/07/2025 11:00:00 - 28/07/2025 12:00:00","Belgium (BE)","240.73","281.00","261.13","260.03"
"28/07/2025 12:00:00 - 28/07/2025 13:00:00","Belgium (BE)","225.88","281.73","250.93","316.27"
"28/07/2025 13:00:00 - 28/07/2025 14:00:00","Belgium (BE)","210.25","270.13","239.30","323.68"
"28/07/2025 14:00:00 - 28/07/2025 15:00:00","Belgium (BE)","178.93","238.05","226.15","233.43"
"28/07/2025 15:00:00 - 28/07/2025 16:00:00","Belgium (BE)","135.90","187.28","183.75","163.68"
"28/07/2025 16:00:00 - 28/07/2025 17:00:00","Belgium (BE)","108.58","139.73","128.73","87.00"
"28/07/2025 17:00:00 - 28/07/2025 18:00:00","Belgium (BE)","90.45","99.45","89.33","107.54"
"28/07/2025 18:00:00 - 28/07/2025 19:00:00","Belgium (BE)","79.75","69.70","75.80","90.22"
"28/07/2025 19:00:00 - 28/07/2025 20:00:00","Belgium (BE)","84.15","53.25","56.65","97.09"
"28/07/2025 20:00:00 - 28/07/2025 21:00:00","Belgium (BE)","94.55","45.58","55.48","100.69"
"28/07/2025 21:00:00 - 28/07/2025 22:00:00","Belgium (BE)","88.48","41.15","69.10","54.06"
"28/07/2025 22:00:00 - 28/07/2025 23:00:00","Belgium (BE)","55.08","33.80","94.93","2.90"
"28/07/2025 23:00:00 - 29/07/2025 00:00:00","Belgium (BE)","30.85","27.13","115.63","14.16"
"29/07/2025 00:00:00 - 29/07/2025 01:00:00","Belgium (BE)","137.93","100.28","100.28","56.70"
"29/07/2025 01:00:00 - 29/07/2025 02:00:00","Belgium (BE)","146.38","81.08","81.08","90.16"
"29/07/2025 02:00:00 - 29/07/2025 03:00:00","Belgium (BE)","125.95","66.13","66.13","153.26"
"29/07/2025 03:00:00 - 29/07/2025 04:00:00","Belgium (BE)","110.63","51.00","51.00","213.96"
"29/07/2025 04:00:00 - 29/07/2025 05:00:00","Belgium (BE)","100.05","27.03","27.03","98.29"
"29/07/2025 05:00:00 - 29/07/2025 06:00:00","Belgium (BE)","85.85","64.50","64.50","18.34"
"29/07/2025 06:00:00 - 29/07/2025 07:00:00","Belgium (BE)","73.38","29.80","29.80"," "
"29/07/2025 07:00:00 - 29/07/2025 08:00:00","Belgium (BE)","77.48","14.55","14.55"," "
"29/07/2025 08:00:00 - 29/07/2025 09:00:00","Belgium (BE)","85.20","18.10","18.10"," "
"29/07/2025 09:00:00 - 29/07/2025 10:00:00","Belgium (BE)","80.23","29.20","35.55"," "
"29/07/2025 10:00:00 - 29/07/2025 11:00:00","Belgium (BE)","61.65","49.13","49.65"," "
"29/07/2025 11:00:00 - 29/07/2025 12:00:00","Belgium (BE)","47.28","71.08","73.20"," "
"29/07/2025 12:00:00 - 29/07/2025 13:00:00","Belgium (BE)","41.18","123.85","144.60","90.64"
"29/07/2025 13:00:00 - 29/07/2025 14:00:00","Belgium (BE)","47.70","183.33","206.15","254.36"
"29/07/2025 14:00:00 - 29/07/2025 15:00:00","Belgium (BE)","64.93","209.43","247.95","220.39"
"29/07/2025 15:00:00 - 29/07/2025 16:00:00","Belgium (BE)","70.05","190.80","275.15","310.27"
"29/07/2025 16:00:00 - 29/07/2025 17:00:00","Belgium (BE)","56.35","159.68","237.45","300.70"
"29/07/2025 17:00:00 - 29/07/2025 18:00:00","Belgium (BE)","40.98","112.65","180.53","223.74"
"29/07/2025 18:00:00 - 29/07/2025 19:00:00","Belgium (BE)","30.90","56.78","131.93","134.23"
"29/07/2025 19:00:00 - 29/07/2025 20:00:00","Belgium (BE)","19.43","24.88","70.15","30.25"
"29/07/2025 20:00:00 - 29/07/2025 21:00:00","Belgium (BE)","15.48","13.85","39.93","16.21"
"29/07/2025 21:00:00 - 29/07/2025 22:00:00","Belgium (BE)","14.38","13.03","17.35"," "
"29/07/2025 22:00:00 - 29/07/2025 23:00:00","Belgium (BE)","15.18","14.20","20.25","0.88"
"29/07/2025 23:00:00 - 30/07/2025 00:00:00","Belgium (BE)","18.85","16.63","24.50"," "
"30/07/2025 00:00:00 - 30/07/2025 01:00:00","Belgium (BE)","20.68","11.28","11.28"," "
"30/07/2025 01:00:00 - 30/07/2025 02:00:00","Belgium (BE)","21.95","10.83","10.83","165.04"
"30/07/2025 02:00:00 - 30/07/2025 03:00:00","Belgium (BE)","29.60","11.60","11.60","314.26"
"30/07/2025 03:00:00 - 30/07/2025 04:00:00","Belgium (BE)","40.78","11.20","11.20","222.85"
"30/07/2025 04:00:00 - 30/07/2025 05:00:00","Belgium (BE)","61.78","111.13","111.13","131.20"
"30/07/2025 05:00:00 - 30/07/2025 06:00:00","Belgium (BE)","47.73","79.43","79.43","105.65"
"30/07/2025 06:00:00 - 30/07/2025 07:00:00","Belgium (BE)","34.05","54.53","54.53","78.52"
"30/07/2025 07:00:00 - 30/07/2025 08:00:00","Belgium (BE)","34.70","50.03","53.60","43.40"
"30/07/2025 08:00:00 - 30/07/2025 09:00:00","Belgium (BE)","43.40","44.53","48.98","85.45"
"30/07/2025 09:00:00 - 30/07/2025 10:00:00","Belgium (BE)","58.03","50.35","55.23","116.05"
"30/07/2025 10:00:00 - 30/07/2025 11:00:00","Belgium (BE)","70.05","61.18","68.20","107.26"
"30/07/2025 11:00:00 - 30/07/2025 12:00:00","Belgium (BE)","81.08","69.90","79.25","131.11"
"30/07/2025 12:00:00 - 30/07/2025 13:00:00","Belgium (BE)","97.70","76.38","66.13","106.66"
"30/07/2025 13:00:00 - 30/07/2025 14:00:00","Belgium (BE)","102.78","69.78","70.23","96.17"
"30/07/2025 14:00:00 - 30/07/2025 15:00:00","Belgium (BE)","84.93","45.65","49.25","99.27"
"30/07/2025 15:00:00 - 30/07/2025 16:00:00","Belgium (BE)","51.53","18.40","29.60","11.83"
"30/07/2025 16:00:00 - 30/07/2025 17:00:00","Belgium (BE)","26.55","10.25","28.58"," "
"30/07/2025 17:00:00 - 30/07/2025 18:00:00","Belgium (BE)","16.05","13.90","20.30"," "
"30/07/2025 18:00:00 - 30/07/2025 19:00:00","Belgium (BE)","17.28","28.30","32.45","29.70"
"30/07/2025 19:00:00 - 30/07/2025 20:00:00","Belgium (BE)","25.65","64.48","83.55","79.05"
"30/07/2025 20:00:00 - 30/07/2025 21:00:00","Belgium (BE)","54.75","131.03","176.83","294.51"
"30/07/2025 21:00:00 - 30/07/2025 22:00:00","Belgium (BE)","119.13","193.85","285.58","463.92"
"30/07/2025 22:00:00 - 30/07/2025 23:00:00","Belgium (BE)","211.93","261.03","433.98","700.60"
"30/07/2025 23:00:00 - 31/07/2025 00:00:00","Belgium (BE)","326.50","352.75","555.55","945.72"
"31/07/2025 00:00:00 - 31/07/2025 01:00:00","Belgium (BE)","569.68","698.98","698.98","1004.62"
"31/07/2025 01:00:00 - 31/07/2025 02:00:00","Belgium (BE)","533.98","668.90","668.90","848.25"
"31/07/2025 02:00:00 - 31/07/2025 03:00:00","Belgium (BE)","460.83","566.10","566.10","629.42"
"31/07/2025 03:00:00 - 31/07/2025 04:00:00","Belgium (BE)","376.98","475.08","475.08","368.67"
"31/07/2025 04:00:00 - 31/07/2025 05:00:00","Belgium (BE)","345.35","455.43","455.43","261.56"
"31/07/2025 05:00:00 - 31/07/2025 06:00:00","Belgium (BE)","324.78","436.20","436.20","225.00"
"31/07/2025 06:00:00 - 31/07/2025 07:00:00","Belgium (BE)","317.05","357.68","357.68","219.19"
"31/07/2025 07:00:00 - 31/07/2025 08:00:00","Belgium (BE)","314.98","367.93","318.23","224.79"
"31/07/2025 08:00:00 - 31/07/2025 09:00:00","Belgium (BE)","287.50","316.25","283.85","229.21"
"31/07/2025 09:00:00 - 31/07/2025 10:00:00","Belgium (BE)","276.60","297.10","239.45","107.92"
"31/07/2025 10:00:00 - 31/07/2025 11:00:00","Belgium (BE)","260.05","285.10","199.38","145.72"
"31/07/2025 11:00:00 - 31/07/2025 12:00:00","Belgium (BE)","260.83","265.50","184.98","243.94"
"31/07/2025 12:00:00 - 31/07/2025 13:00:00","Belgium (BE)","295.40","280.50","249.05","383.74"
"31/07/2025 13:00:00 - 31/07/2025 14:00:00","Belgium (BE)","361.35","354.35","372.40","187.13"
"31/07/2025 14:00:00 - 31/07/2025 15:00:00","Belgium (BE)","450.10","421.03","463.03","113.74"
"31/07/2025 15:00:00 - 31/07/2025 16:00:00","Belgium (BE)","544.68","460.63","501.70","282.18"
"31/07/2025 16:00:00 - 31/07/2025 17:00:00","Belgium (BE)","579.00","514.45","455.73","617.88"
"31/07/2025 17:00:00 - 31/07/2025 18:00:00","Belgium (BE)","565.53","471.60","382.00","743.17"
"31/07/2025 18:00:00 - 31/07/2025 19:00:00","Belgium (BE)","516.58","426.58","315.28","719.28"
"31/07/2025 19:00:00 - 31/07/2025 20:00:00","Belgium (BE)","358.68","319.20","363.08","476.10"
"31/07/2025 20:00:00 - 31/07/2025 21:00:00","Belgium (BE)","171.35","182.78","264.45","170.94"
"31/07/2025 21:00:00 - 31/07/2025 22:00:00","Belgium (BE)","93.20","82.53","135.25","1.85"
"31/07/2025 22:00:00 - 31/07/2025 23:00:00","Belgium (BE)","45.80","40.60","69.18"," "
"31/07/2025 23:00:00 - 01/08/2025 00:00:00","Belgium (BE)","31.30","28.05","38.73"," "
"01/08/2025 00:00:00 - 01/08/2025 01:00:00","Belgium (BE)","26.25","25.78","25.78","0.00"
"01/08/2025 01:00:00 - 01/08/2025 02:00:00","Belgium (BE)","50.95","46.03","46.03","0.00"
"01/08/2025 02:00:00 - 01/08/2025 03:00:00","Belgium (BE)","130.93","91.55","91.55","0.00"
"01/08/2025 03:00:00 - 01/08/2025 04:00:00","Belgium (BE)","267.73","142.85","142.85","13.43"
"01/08/2025 04:00:00 - 01/08/2025 05:00:00","Belgium (BE)","406.88","240.78","240.78","114.03"
"01/08/2025 05:00:00 - 01/08/2025 06:00:00","Belgium (BE)","521.53","315.95","315.95","102.07"
"01/08/2025 06:00:00 - 01/08/2025 07:00:00","Belgium (BE)","634.50","431.78","431.78","254.89"
"01/08/2025 07:00:00 - 01/08/2025 08:00:00","Belgium (BE)","684.03","415.98","415.98","284.70"
"01/08/2025 08:00:00 - 01/08/2025 09:00:00","Belgium (BE)","705.78","513.45","496.73","275.24"
"01/08/2025 09:00:00 - 01/08/2025 10:00:00","Belgium (BE)","739.65","573.75","552.55","343.98"
"01/08/2025 10:00:00 - 01/08/2025 11:00:00","Belgium (BE)","783.58","633.80","537.78","388.69"
"01/08/2025 11:00:00 - 01/08/2025 12:00:00","Belgium (BE)","790.23","679.20","565.53","473.35"
"01/08/2025 12:00:00 - 01/08/2025 13:00:00","Belgium (BE)","852.68","734.75","639.38","444.85"
"01/08/2025 13:00:00 - 01/08/2025 14:00:00","Belgium (BE)","908.13","837.53","622.68","273.03"
"01/08/2025 14:00:00 - 01/08/2025 15:00:00","Belgium (BE)","993.60","1004.58","681.15","337.79"
"01/08/2025 15:00:00 - 01/08/2025 16:00:00","Belgium (BE)","1056.63","1031.73","580.28","621.92"
"01/08/2025 16:00:00 - 01/08/2025 17:00:00","Belgium (BE)","1052.05","1010.95","608.40","838.63"
"01/08/2025 17:00:00 - 01/08/2025 18:00:00","Belgium (BE)","1018.65","971.80","703.90","1051.78"
"01/08/2025 18:00:00 - 01/08/2025 19:00:00","Belgium (BE)","1017.50","964.70","810.00","981.40"
"01/08/2025 19:00:00 - 01/08/2025 20:00:00","Belgium (BE)","1044.45","963.98","914.80","1252.10"
"01/08/2025 20:00:00 - 01/08/2025 21:00:00","Belgium (BE)","1087.05","994.90","902.63","1357.02"
"01/08/2025 21:00:00 - 01/08/2025 22:00:00","Belgium (BE)","1077.00","1027.55","1028.75","1098.88"
"01/08/2025 22:00:00 - 01/08/2025 23:00:00","Belgium (BE)","1045.13","1019.95","986.90","1109.81"
"01/08/2025 23:00:00 - 02/08/2025 00:00:00","Belgium (BE)","1049.65","1081.13","1003.88","1339.54"
"02/08/2025 00:00:00 - 02/08/2025 01:00:00","Belgium (BE)","1058.78","1276.18","1276.18","1046.35"
"02/08/2025 01:00:00 - 02/08/2025 02:00:00","Belgium (BE)","1238.63","1451.65","1451.65","1173.78"
"02/08/2025 02:00:00 - 02/08/2025 03:00:00","Belgium (BE)","1444.30","1527.03","1527.03","1528.43"
"02/08/2025 03:00:00 - 02/08/2025 04:00:00","Belgium (BE)","1646.88","1605.08","1605.08","1817.10"
"02/08/2025 04:00:00 - 02/08/2025 05:00:00","Belgium (BE)","1722.43","1600.33","1600.33","1988.75"
"02/08/2025 05:00:00 - 02/08/2025 06:00:00","Belgium (BE)","1695.45","1567.63","1567.63","1919.55"
"02/08/2025 06:00:00 - 02/08/2025 07:00:00","Belgium (BE)","1563.88","1463.40","1463.40","1958.14"
"02/08/2025 07:00:00 - 02/08/2025 08:00:00","Belgium (BE)","1454.53","1487.55","1487.55","1718.32"
"02/08/2025 08:00:00 - 02/08/2025 09:00:00","Belgium (BE)","1368.98","1406.05","1406.05","1680.73"
"02/08/2025 09:00:00 - 02/08/2025 10:00:00","Belgium (BE)","1332.63","1333.80","1393.63","1469.38"
"02/08/2025 10:00:00 - 02/08/2025 11:00:00","Belgium (BE)","1167.60","1227.38","1267.80","1394.16"
"02/08/2025 11:00:00 - 02/08/2025 12:00:00","Belgium (BE)","1056.60","1083.15","1054.10","1325.70"
"02/08/2025 12:00:00 - 02/08/2025 13:00:00","Belgium (BE)","957.28","897.55","895.93","1138.66"
"02/08/2025 13:00:00 - 02/08/2025 14:00:00","Belgium (BE)","840.20","749.28","838.23","1179.68"
"02/08/2025 14:00:00 - 02/08/2025 15:00:00","Belgium (BE)","749.83","653.78","768.95","929.17"
"02/08/2025 15:00:00 - 02/08/2025 16:00:00","Belgium (BE)","672.50","571.15","735.15","776.24"
"02/08/2025 16:00:00 - 02/08/2025 17:00:00","Belgium (BE)","595.88","487.33","607.58","784.87"
"02/08/2025 17:00:00 - 02/08/2025 18:00:00","Belgium (BE)","474.30","392.93","506.58","550.51"
"02/08/2025 18:00:00 - 02/08/2025 19:00:00","Belgium (BE)","348.10","300.10","444.15","493.52"
"02/08/2025 19:00:00 - 02/08/2025 20:00:00","Belgium (BE)","221.05","215.35","292.08","225.95"
"02/08/2025 20:00:00 - 02/08/2025 21:00:00","Belgium (BE)","101.70","123.50","186.98","80.82"
"02/08/2025 21:00:00 - 02/08/2025 22:00:00","Belgium (BE)","40.15","66.80","97.58","0.15"
"02/08/2025 22:00:00 - 02/08/2025 23:00:00","Belgium (BE)","25.83","41.95","57.65","0.00"
"02/08/2025 23:00:00 - 03/08/2025 00:00:00","Belgium (BE)","25.23","44.68","52.05","27.29"
"03/08/2025 00:00:00 - 03/08/2025 01:00:00","Belgium (BE)","92.80","217.13","217.13","328.22"
"03/08/2025 01:00:00 - 03/08/2025 02:00:00","Belgium (BE)","219.78","391.30","391.30","709.87"
"03/08/2025 02:00:00 - 03/08/2025 03:00:00","Belgium (BE)","413.58","751.70","751.70","952.98"
"03/08/2025 03:00:00 - 03/08/2025 04:00:00","Belgium (BE)","575.03","868.93","868.93","1234.51"
"03/08/2025 04:00:00 - 03/08/2025 05:00:00","Belgium (BE)","645.20","1044.38","1044.38","1306.78"
"03/08/2025 05:00:00 - 03/08/2025 06:00:00","Belgium (BE)","633.98","953.28","953.28","1218.42"
"03/08/2025 06:00:00 - 03/08/2025 07:00:00","Belgium (BE)","510.93","704.88","704.88","548.99"
"03/08/2025 07:00:00 - 03/08/2025 08:00:00","Belgium (BE)","391.58","510.40","510.40","191.37"
"03/08/2025 08:00:00 - 03/08/2025 09:00:00","Belgium (BE)","308.73","389.95","389.95","108.89"
"03/08/2025 09:00:00 - 03/08/2025 10:00:00","Belgium (BE)","270.03","333.13","214.68","218.71"
"03/08/2025 10:00:00 - 03/08/2025 11:00:00","Belgium (BE)","282.95","346.80","300.10","407.37"
"03/08/2025 11:00:00 - 03/08/2025 12:00:00","Belgium (BE)","350.80","436.35","484.78","760.31"
"03/08/2025 12:00:00 - 03/08/2025 13:00:00","Belgium (BE)","488.90","615.55","742.75","1014.71"
"03/08/2025 13:00:00 - 03/08/2025 14:00:00","Belgium (BE)","666.20","861.63","1163.05","1126.71"
"03/08/2025 14:00:00 - 03/08/2025 15:00:00","Belgium (BE)","870.78","1125.88","1456.40","1293.51"
"03/08/2025 15:00:00 - 03/08/2025 16:00:00","Belgium (BE)","1159.45","1399.58","1574.25","1296.54"
"03/08/2025 16:00:00 - 03/08/2025 17:00:00","Belgium (BE)","1391.60","1589.35","1668.43","1605.11"
"03/08/2025 17:00:00 - 03/08/2025 18:00:00","Belgium (BE)","1558.40","1743.83","1869.93","1988.07"
"03/08/2025 18:00:00 - 03/08/2025 19:00:00","Belgium (BE)","1756.83","1829.28","1892.73","1831.92"
"03/08/2025 19:00:00 - 03/08/2025 20:00:00","Belgium (BE)","1816.48","1789.50","1920.50","2059.77"
"03/08/2025 20:00:00 - 03/08/2025 21:00:00","Belgium (BE)","1797.13","1650.10","1772.03","2030.88"
"03/08/2025 21:00:00 - 03/08/2025 22:00:00","Belgium (BE)","1669.33","1397.65","1573.78","1867.52"
"03/08/2025 22:00:00 - 03/08/2025 23:00:00","Belgium (BE)","1497.45","1092.23","1346.93","1610.70"
"03/08/2025 23:00:00 - 04/08/2025 00:00:00","Belgium (BE)","1244.50","818.95","991.70","581.46"
"04/08/2025 00:00:00 - 04/08/2025 01:00:00","Belgium (BE)","679.60","602.20","602.20","572.64"
"04/08/2025 01:00:00 - 04/08/2025 02:00:00","Belgium (BE)","407.25","313.10","313.10","557.56"
"04/08/2025 02:00:00 - 04/08/2025 03:00:00","Belgium (BE)","252.48","280.70","280.70","431.42"
"04/08/2025 03:00:00 - 04/08/2025 04:00:00","Belgium (BE)","167.85","184.48","184.48","181.18"
"04/08/2025 04:00:00 - 04/08/2025 05:00:00","Belgium (BE)","120.95","167.78","167.78","61.19"
"04/08/2025 05:00:00 - 04/08/2025 06:00:00","Belgium (BE)","95.78","82.30","82.30","152.21"
"04/08/2025 06:00:00 - 04/08/2025 07:00:00","Belgium (BE)","60.05","36.90","36.90","166.15"
"04/08/2025 07:00:00 - 04/08/2025 08:00:00","Belgium (BE)","67.50","75.33","75.33","36.26"
"04/08/2025 08:00:00 - 04/08/2025 09:00:00","Belgium (BE)","121.25","118.35","146.80","36.70"
"04/08/2025 09:00:00 - 04/08/2025 10:00:00","Belgium (BE)","276.73","297.60","278.45","267.86"
"04/08/2025 10:00:00 - 04/08/2025 11:00:00","Belgium (BE)","563.05","734.65","854.68","1054.81"
"04/08/2025 11:00:00 - 04/08/2025 12:00:00","Belgium (BE)","1023.43","1379.45","1470.70","1564.31"
"04/08/2025 12:00:00 - 04/08/2025 13:00:00","Belgium (BE)","1539.20","1783.18","1936.40","1571.59"
"04/08/2025 13:00:00 - 04/08/2025 14:00:00","Belgium (BE)","1913.63","1972.33","2074.85","1604.96"
"04/08/2025 14:00:00 - 04/08/2025 15:00:00","Belgium (BE)","2059.93","2085.28","2036.53","1664.55"
"04/08/2025 15:00:00 - 04/08/2025 16:00:00","Belgium (BE)","2119.80","2129.73","2019.10","1785.40"
"04/08/2025 16:00:00 - 04/08/2025 17:00:00","Belgium (BE)","2132.95","2151.58","2028.08","2148.00"
"04/08/2025 17:00:00 - 04/08/2025 18:00:00","Belgium (BE)","2146.93","2170.15","2096.93","2155.23"
"04/08/2025 18:00:00 - 04/08/2025 19:00:00","Belgium (BE)","2154.40","2180.83","2170.55","2155.12"
"04/08/2025 19:00:00 - 04/08/2025 20:00:00","Belgium (BE)","2152.85","2180.13","2170.15","2157.73"
"04/08/2025 20:00:00 - 04/08/2025 21:00:00","Belgium (BE)","2145.63","2166.68","2154.33","2156.09"
"04/08/2025 21:00:00 - 04/08/2025 22:00:00","Belgium (BE)","2095.53","2082.98","2081.20","2155.63"
"04/08/2025 22:00:00 - 04/08/2025 23:00:00","Belgium (BE)","1978.03","1831.25","1885.80","2103.64"
"04/08/2025 23:00:00 - 05/08/2025 00:00:00","Belgium (BE)","1691.50","1243.33","1420.43","1832.72"
"05/08/2025 00:00:00 - 05/08/2025 01:00:00","Belgium (BE)","1056.85","660.88","660.88","1366.70"
"05/08/2025 01:00:00 - 05/08/2025 02:00:00","Belgium (BE)","805.38","540.70","540.70","624.05"
"05/08/2025 02:00:00 - 05/08/2025 03:00:00","Belgium (BE)","693.13","601.93","601.93","492.65"
"05/08/2025 03:00:00 - 05/08/2025 04:00:00","Belgium (BE)","673.43","743.73","743.73","663.24"
"05/08/2025 04:00:00 - 05/08/2025 05:00:00","Belgium (BE)","684.20","867.18","867.18","741.88"
"05/08/2025 05:00:00 - 05/08/2025 06:00:00","Belgium (BE)","732.80","923.48","923.48","587.45"
"05/08/2025 06:00:00 - 05/08/2025 07:00:00","Belgium (BE)","822.70","965.73","965.73","818.06"
"05/08/2025 07:00:00 - 05/08/2025 08:00:00","Belgium (BE)","920.05","953.40","953.40","970.40"
"05/08/2025 08:00:00 - 05/08/2025 09:00:00","Belgium (BE)","999.28","1092.50","1104.65","1140.84"
"05/08/2025 09:00:00 - 05/08/2025 10:00:00","Belgium (BE)","1104.13","1218.00","1225.98","1219.04"
"05/08/2025 10:00:00 - 05/08/2025 11:00:00","Belgium (BE)","1180.28","1308.93","1292.75","1309.88"
"05/08/2025 11:00:00 - 05/08/2025 12:00:00","Belgium (BE)","1262.18","1348.98","1354.43","1176.68"
"05/08/2025 12:00:00 - 05/08/2025 13:00:00","Belgium (BE)","1398.98","1431.88","1455.75","1225.69"
"05/08/2025 13:00:00 - 05/08/2025 14:00:00","Belgium (BE)","1490.18","1484.45","1432.63","1352.99"
"05/08/2025 14:00:00 - 05/08/2025 15:00:00","Belgium (BE)","1505.85","1449.13","1407.13","1286.88"
"05/08/2025 15:00:00 - 05/08/2025 16:00:00","Belgium (BE)","1414.50","1364.70","1386.28","1345.65"
"05/08/2025 16:00:00 - 05/08/2025 17:00:00","Belgium (BE)","1307.00","1316.43","1269.30","1109.27"
"05/08/2025 17:00:00 - 05/08/2025 18:00:00","Belgium (BE)","1232.73","1262.08","1237.53","996.59"
"05/08/2025 18:00:00 - 05/08/2025 19:00:00","Belgium (BE)","1069.23","1177.58","1181.03","646.85"
"05/08/2025 19:00:00 - 05/08/2025 20:00:00","Belgium (BE)","782.88","977.23","1048.80","441.62"
"05/08/2025 20:00:00 - 05/08/2025 21:00:00","Belgium (BE)","608.58","818.20","951.08","488.91"
"05/08/2025 21:00:00 - 05/08/2025 22:00:00","Belgium (BE)","546.55","692.68","633.60","352.92"
"05/08/2025 22:00:00 - 05/08/2025 23:00:00","Belgium (BE)","460.23","682.15","663.73","306.47"
"05/08/2025 23:00:00 - 06/08/2025 00:00:00","Belgium (BE)","432.00","735.10","780.65","415.70"
"06/08/2025 00:00:00 - 06/08/2025 01:00:00","Belgium (BE)","884.03","510.93","510.93","611.75"
"06/08/2025 01:00:00 - 06/08/2025 02:00:00","Belgium (BE)","807.85","477.05","477.05","399.81"
"06/08/2025 02:00:00 - 06/08/2025 03:00:00","Belgium (BE)","662.58","488.88","488.88","351.00"
"06/08/2025 03:00:00 - 06/08/2025 04:00:00","Belgium (BE)","533.95","399.93","399.93","389.47"
"06/08/2025 04:00:00 - 06/08/2025 05:00:00","Belgium (BE)","409.90","262.70","262.70","361.66"
"06/08/2025 05:00:00 - 06/08/2025 06:00:00","Belgium (BE)","308.48","206.10","206.10","185.11"
"06/08/2025 06:00:00 - 06/08/2025 07:00:00","Belgium (BE)","221.18","169.13","169.13","62.22"
"06/08/2025 07:00:00 - 06/08/2025 08:00:00","Belgium (BE)","158.55","122.38","97.83","67.08"
"06/08/2025 08:00:00 - 06/08/2025 09:00:00","Belgium (BE)","110.25","94.38","77.83","38.19"
"06/08/2025 09:00:00 - 06/08/2025 10:00:00","Belgium (BE)","85.40","75.83","47.70","23.27"
"06/08/2025 10:00:00 - 06/08/2025 11:00:00","Belgium (BE)","71.88","58.15","27.28","13.98"
"06/08/2025 11:00:00 - 06/08/2025 12:00:00","Belgium (BE)","61.68","47.38","23.55","26.79"
"06/08/2025 12:00:00 - 06/08/2025 13:00:00","Belgium (BE)","51.58","45.40","30.60","20.84"
"06/08/2025 13:00:00 - 06/08/2025 14:00:00","Belgium (BE)","41.73","36.68","22.65","23.11"
"06/08/2025 14:00:00 - 06/08/2025 15:00:00","Belgium (BE)","37.25","26.33","14.45","2.87"
"06/08/2025 15:00:00 - 06/08/2025 16:00:00","Belgium (BE)","26.53","13.35","9.88","7.33"
"06/08/2025 16:00:00 - 06/08/2025 17:00:00","Belgium (BE)","18.40","11.50","10.40","0.00"
"06/08/2025 17:00:00 - 06/08/2025 18:00:00","Belgium (BE)","18.23","12.50","10.78","0.00"
"06/08/2025 18:00:00 - 06/08/2025 19:00:00","Belgium (BE)","17.88","13.83","13.93","0.00"
"06/08/2025 19:00:00 - 06/08/2025 20:00:00","Belgium (BE)","18.43","14.23","14.30","0.00"
"06/08/2025 20:00:00 - 06/08/2025 21:00:00","Belgium (BE)","19.20","14.45","14.25","0.00"
"06/08/2025 21:00:00 - 06/08/2025 22:00:00","Belgium (BE)","22.83","15.05","13.68","0.00"
"06/08/2025 22:00:00 - 06/08/2025 23:00:00","Belgium (BE)","29.70","19.68","20.18","9.55"
"06/08/2025 23:00:00 - 07/08/2025 00:00:00","Belgium (BE)","47.53","36.95","40.80","75.38"
"07/08/2025 00:00:00 - 07/08/2025 01:00:00","Belgium (BE)","80.30","91.20","91.20","133.59"
"07/08/2025 01:00:00 - 07/08/2025 02:00:00","Belgium (BE)","125.25","131.03","131.03","189.69"
"07/08/2025 02:00:00 - 07/08/2025 03:00:00","Belgium (BE)","159.40","155.35","155.35","210.10"
"07/08/2025 03:00:00 - 07/08/2025 04:00:00","Belgium (BE)","159.78","138.58","138.58","211.31"
"07/08/2025 04:00:00 - 07/08/2025 05:00:00","Belgium (BE)","158.38","164.03","164.03","151.38"
"07/08/2025 05:00:00 - 07/08/2025 06:00:00","Belgium (BE)","163.45","187.18","187.18","183.85"
"07/08/2025 06:00:00 - 07/08/2025 07:00:00","Belgium (BE)","194.48","213.78","213.78","202.51"
"07/08/2025 07:00:00 - 07/08/2025 08:00:00","Belgium (BE)","232.65","248.63","248.63","194.77"
"07/08/2025 08:00:00 - 07/08/2025 09:00:00","Belgium (BE)","247.25","296.13","296.13","209.22"
"07/08/2025 09:00:00 - 07/08/2025 10:00:00","Belgium (BE)","289.15","323.43","292.43","161.31"
"07/08/2025 10:00:00 - 07/08/2025 11:00:00","Belgium (BE)","369.13","378.95","338.18","236.90"
"07/08/2025 11:00:00 - 07/08/2025 12:00:00","Belgium (BE)","434.83","459.70","406.73","257.25"
"07/08/2025 12:00:00 - 07/08/2025 13:00:00","Belgium (BE)","543.93","573.30","532.35","369.25"
"07/08/2025 13:00:00 - 07/08/2025 14:00:00","Belgium (BE)","703.65","746.40","707.88","441.37"
"07/08/2025 14:00:00 - 07/08/2025 15:00:00","Belgium (BE)","888.08","967.33","905.33","481.53"
"07/08/2025 15:00:00 - 07/08/2025 16:00:00","Belgium (BE)","1199.43","1228.10","1094.85","893.98"
"07/08/2025 16:00:00 - 07/08/2025 17:00:00","Belgium (BE)","1464.05","1462.35","1308.60","1489.34"
"07/08/2025 17:00:00 - 07/08/2025 18:00:00","Belgium (BE)","1606.75","1641.80","1413.58","1760.50"
"07/08/2025 18:00:00 - 07/08/2025 19:00:00","Belgium (BE)","1701.38","1799.28","1673.68","1498.98"
"07/08/2025 19:00:00 - 07/08/2025 20:00:00","Belgium (BE)","1662.20","1788.40","1533.03","1423.48"
"07/08/2025 20:00:00 - 07/08/2025 21:00:00","Belgium (BE)","1605.90","1634.55","1262.18","1774.58"
"07/08/2025 21:00:00 - 07/08/2025 22:00:00","Belgium (BE)","1594.75","1538.45","1291.83","1815.44"
"07/08/2025 22:00:00 - 07/08/2025 23:00:00","Belgium (BE)","1537.18","1522.33","1588.53","1828.16"
"07/08/2025 23:00:00 - 08/08/2025 00:00:00","Belgium (BE)","1414.95","1484.93","1576.80","1767.39"
"08/08/2025 00:00:00 - 08/08/2025 01:00:00","Belgium (BE)","1355.90","1427.50","1427.50","1829.49"
"08/08/2025 01:00:00 - 08/08/2025 02:00:00","Belgium (BE)","1299.10","1411.18","1411.18","1657.00"
"08/08/2025 02:00:00 - 08/08/2025 03:00:00","Belgium (BE)","1271.98","1493.83","1493.83","1450.68"
"08/08/2025 03:00:00 - 08/08/2025 04:00:00","Belgium (BE)","1086.95","1361.85","1361.85","1154.12"
"08/08/2025 04:00:00 - 08/08/2025 05:00:00","Belgium (BE)","862.93","1116.25","1116.25","915.20"
"08/08/2025 05:00:00 - 08/08/2025 06:00:00","Belgium (BE)","696.25","802.78","802.78","789.20"
"08/08/2025 06:00:00 - 08/08/2025 07:00:00","Belgium (BE)","554.03","668.70","668.70","506.26"
"08/08/2025 07:00:00 - 08/08/2025 08:00:00","Belgium (BE)","444.65","536.78","536.78","469.25"
"08/08/2025 08:00:00 - 08/08/2025 09:00:00","Belgium (BE)","352.70","414.43","414.43","426.62"
"08/08/2025 09:00:00 - 08/08/2025 10:00:00","Belgium (BE)","282.68","329.40","321.28","272.10"
"08/08/2025 10:00:00 - 08/08/2025 11:00:00","Belgium (BE)","207.78","244.45","246.45","181.81"
"08/08/2025 11:00:00 - 08/08/2025 12:00:00","Belgium (BE)","136.35","150.35","132.78","109.59"
"08/08/2025 12:00:00 - 08/08/2025 13:00:00","Belgium (BE)","97.80","95.08","87.08","95.39"
"08/08/2025 13:00:00 - 08/08/2025 14:00:00","Belgium (BE)","88.83","71.38","58.95","107.30"
"08/08/2025 14:00:00 - 08/08/2025 15:00:00","Belgium (BE)","85.60","62.93","55.73","109.06"
"08/08/2025 15:00:00 - 08/08/2025 16:00:00","Belgium (BE)","78.65","61.20","69.28","130.59"
"08/08/2025 16:00:00 - 08/08/2025 17:00:00","Belgium (BE)","94.35","69.53","79.20","156.02"
"08/08/2025 17:00:00 - 08/08/2025 18:00:00","Belgium (BE)","111.65","89.33","119.15","166.06"
"08/08/2025 18:00:00 - 08/08/2025 19:00:00","Belgium (BE)","128.10","110.50","147.03","148.82"
"08/08/2025 19:00:00 - 08/08/2025 20:00:00","Belgium (BE)","155.48","139.60","197.43","115.49"
"08/08/2025 20:00:00 - 08/08/2025 21:00:00","Belgium (BE)","174.38","168.70","228.45","158.00"
"08/08/2025 21:00:00 - 08/08/2025 22:00:00","Belgium (BE)","184.40","192.93","199.28","120.86"
"08/08/2025 22:00:00 - 08/08/2025 23:00:00","Belgium (BE)","179.38","216.08","213.83","87.75"
"08/08/2025 23:00:00 - 09/08/2025 00:00:00","Belgium (BE)","170.30","227.28","204.95","101.60"
"09/08/2025 00:00:00 - 09/08/2025 01:00:00","Belgium (BE)","240.48","150.63","150.63","165.15"
"09/08/2025 01:00:00 - 09/08/2025 02:00:00","Belgium (BE)","204.10","132.10","132.10","140.56"
"09/08/2025 02:00:00 - 09/08/2025 03:00:00","Belgium (BE)","159.40","136.08","136.08","130.99"
"09/08/2025 03:00:00 - 09/08/2025 04:00:00","Belgium (BE)","124.20","112.23","112.23","83.11"
"09/08/2025 04:00:00 - 09/08/2025 05:00:00","Belgium (BE)","107.05","83.75","83.75","46.55"
"09/08/2025 05:00:00 - 09/08/2025 06:00:00","Belgium (BE)","113.30","73.10","73.10","65.43"
"09/08/2025 06:00:00 - 09/08/2025 07:00:00","Belgium (BE)","120.73","92.90","92.90","96.78"
"09/08/2025 07:00:00 - 09/08/2025 08:00:00","Belgium (BE)","122.38","117.80","117.80","140.75"
"09/08/2025 08:00:00 - 09/08/2025 09:00:00","Belgium (BE)","112.95","128.85","128.85","72.55"
"09/08/2025 09:00:00 - 09/08/2025 10:00:00","Belgium (BE)","113.40","146.85","160.50","103.02"
"09/08/2025 10:00:00 - 09/08/2025 11:00:00","Belgium (BE)","117.23","167.78","163.53","147.96"
"09/08/2025 11:00:00 - 09/08/2025 12:00:00","Belgium (BE)","118.98","189.33","188.88","121.65"
"09/08/2025 12:00:00 - 09/08/2025 13:00:00","Belgium (BE)","130.38","219.48","234.90","125.95"
"09/08/2025 13:00:00 - 09/08/2025 14:00:00","Belgium (BE)","142.28","270.55","271.68","251.89"
"09/08/2025 14:00:00 - 09/08/2025 15:00:00","Belgium (BE)","151.70","271.78","294.65","334.63"
"09/08/2025 15:00:00 - 09/08/2025 16:00:00","Belgium (BE)","171.33","257.28","343.78","324.40"
"09/08/2025 16:00:00 - 09/08/2025 17:00:00","Belgium (BE)","237.10","283.70","453.30","522.94"
"09/08/2025 17:00:00 - 09/08/2025 18:00:00","Belgium (BE)","356.68","392.55","585.13","633.62"
"09/08/2025 18:00:00 - 09/08/2025 19:00:00","Belgium (BE)","519.53","556.10","789.28","843.49"
"09/08/2025 19:00:00 - 09/08/2025 20:00:00","Belgium (BE)","764.18","801.73","970.65","1118.56"
"09/08/2025 20:00:00 - 09/08/2025 21:00:00","Belgium (BE)","1038.20","1103.15","1228.40","1258.14"
"09/08/2025 21:00:00 - 09/08/2025 22:00:00","Belgium (BE)","1212.75","1332.45","1391.40","1258.42"
"09/08/2025 22:00:00 - 09/08/2025 23:00:00","Belgium (BE)","1233.90","1368.93","1361.30","1180.22"
"09/08/2025 23:00:00 - 10/08/2025 00:00:00","Belgium (BE)","1112.13","1223.48","1162.50","933.78"
"10/08/2025 00:00:00 - 10/08/2025 01:00:00","Belgium (BE)","1009.85","854.05","854.05","626.05"
"10/08/2025 01:00:00 - 10/08/2025 02:00:00","Belgium (BE)","653.88","631.33","631.33","439.44"
"10/08/2025 02:00:00 - 10/08/2025 03:00:00","Belgium (BE)","329.78","307.23","307.23","297.21"
"10/08/2025 03:00:00 - 10/08/2025 04:00:00","Belgium (BE)","175.63","188.13","188.13","353.43"
"10/08/2025 04:00:00 - 10/08/2025 05:00:00","Belgium (BE)","156.85","190.98","190.98","280.50"
"10/08/2025 05:00:00 - 10/08/2025 06:00:00","Belgium (BE)","150.48","208.45","208.45","255.33"
"10/08/2025 06:00:00 - 10/08/2025 07:00:00","Belgium (BE)","138.90","163.75","163.75","184.39"
"10/08/2025 07:00:00 - 10/08/2025 08:00:00","Belgium (BE)","119.08","132.18","132.18","104.84"
"10/08/2025 08:00:00 - 10/08/2025 09:00:00","Belgium (BE)","77.45","88.43","86.18","72.18"
"10/08/2025 09:00:00 - 10/08/2025 10:00:00","Belgium (BE)","41.83","47.43","35.33","12.95"
"10/08/2025 10:00:00 - 10/08/2025 11:00:00","Belgium (BE)","22.10","23.45","18.18","0.00"
"10/08/2025 11:00:00 - 10/08/2025 12:00:00","Belgium (BE)","13.85","13.58","8.23","0.00"
"10/08/2025 12:00:00 - 10/08/2025 13:00:00","Belgium (BE)","10.90","10.35","6.65","0.00"
"10/08/2025 13:00:00 - 10/08/2025 14:00:00","Belgium (BE)","10.53","8.93","9.50","0.00"
"10/08/2025 14:00:00 - 10/08/2025 15:00:00","Belgium (BE)","14.80","9.90","13.15","0.00"
"10/08/2025 15:00:00 - 10/08/2025 16:00:00","Belgium (BE)","26.23","15.80","21.38","3.90"
"10/08/2025 16:00:00 - 10/08/2025 17:00:00","Belgium (BE)","49.85","32.50","34.58","20.97"
"10/08/2025 17:00:00 - 10/08/2025 18:00:00","Belgium (BE)","99.93","72.03","62.53","45.11"
"10/08/2025 18:00:00 - 10/08/2025 19:00:00","Belgium (BE)","151.90","106.30","83.13","48.71"
"10/08/2025 19:00:00 - 10/08/2025 20:00:00","Belgium (BE)","177.43","134.55","109.43","86.46"
"10/08/2025 20:00:00 - 10/08/2025 21:00:00","Belgium (BE)","173.83","143.93","132.98","95.23"
"10/08/2025 21:00:00 - 10/08/2025 22:00:00","Belgium (BE)","159.70","147.08","142.48","90.85"
"10/08/2025 22:00:00 - 10/08/2025 23:00:00","Belgium (BE)","137.50","141.58","152.13","151.13"
"10/08/2025 23:00:00 - 11/08/2025 00:00:00","Belgium (BE)","127.43","131.85","148.13","147.62"
"11/08/2025 00:00:00 - 11/08/2025 01:00:00","Belgium (BE)","132.80","108.10","108.10","99.69"
"11/08/2025 01:00:00 - 11/08/2025 02:00:00","Belgium (BE)","117.25","100.18","100.18","110.63"
"11/08/2025 02:00:00 - 11/08/2025 03:00:00","Belgium (BE)","103.63","80.65","80.65","159.82"
"11/08/2025 03:00:00 - 11/08/2025 04:00:00","Belgium (BE)","91.85","78.28","78.28","101.62"
"11/08/2025 04:00:00 - 11/08/2025 05:00:00","Belgium (BE)","81.15","99.45","99.45","98.30"
"11/08/2025 05:00:00 - 11/08/2025 06:00:00","Belgium (BE)","67.38","72.80","72.80","82.57"
"11/08/2025 06:00:00 - 11/08/2025 07:00:00","Belgium (BE)","49.45","59.83","59.83","96.79"
"11/08/2025 07:00:00 - 11/08/2025 08:00:00","Belgium (BE)","28.08","33.75","33.75","28.53"
"11/08/2025 08:00:00 - 11/08/2025 09:00:00","Belgium (BE)","15.60","15.95","24.10","0.00"
"11/08/2025 09:00:00 - 11/08/2025 10:00:00","Belgium (BE)","11.88","9.13","6.85","0.00"
"11/08/2025 10:00:00 - 11/08/2025 11:00:00","Belgium (BE)","10.58","6.20","8.55","0.00"
"11/08/2025 11:00:00 - 11/08/2025 12:00:00","Belgium (BE)","8.80","6.05","11.13","0.00"
"11/08/2025 12:00:00 - 11/08/2025 13:00:00","Belgium (BE)","8.63","8.28","16.30","0.00"
"11/08/2025 13:00:00 - 11/08/2025 14:00:00","Belgium (BE)","14.75","16.65","28.38","0.00"
"11/08/2025 14:00:00 - 11/08/2025 15:00:00","Belgium (BE)","30.75","38.65","46.98","3.47"
"11/08/2025 15:00:00 - 11/08/2025 16:00:00","Belgium (BE)","68.20","91.65","94.73","55.86"
"11/08/2025 16:00:00 - 11/08/2025 17:00:00","Belgium (BE)","121.45","174.75","160.65","118.74"
"11/08/2025 17:00:00 - 11/08/2025 18:00:00","Belgium (BE)","197.25","264.08","235.35","166.83"
"11/08/2025 18:00:00 - 11/08/2025 19:00:00","Belgium (BE)","285.10","370.78","362.40","266.13"
"11/08/2025 19:00:00 - 11/08/2025 20:00:00","Belgium (BE)","378.08","498.83","510.40","363.45"
"11/08/2025 20:00:00 - 11/08/2025 21:00:00","Belgium (BE)","504.90","599.58","648.70","432.12"
"11/08/2025 21:00:00 - 11/08/2025 22:00:00","Belgium (BE)","580.08","668.70","610.05","531.66"
"11/08/2025 22:00:00 - 11/08/2025 23:00:00","Belgium (BE)","583.63","645.40","579.88","456.01"
"11/08/2025 23:00:00 - 12/08/2025 00:00:00","Belgium (BE)","609.13","590.38","526.88","497.16"
"12/08/2025 00:00:00 - 12/08/2025 01:00:00","Belgium (BE)","562.48","506.73","506.73","637.92"
"12/08/2025 01:00:00 - 12/08/2025 02:00:00","Belgium (BE)","524.80","535.13","535.13","634.89"
"12/08/2025 02:00:00 - 12/08/2025 03:00:00","Belgium (BE)","486.80","494.13","494.13","654.23"
"12/08/2025 03:00:00 - 12/08/2025 04:00:00","Belgium (BE)","371.90","436.65","436.65","357.90"
"12/08/2025 04:00:00 - 12/08/2025 05:00:00","Belgium (BE)","318.05","408.18","408.18","265.46"
"12/08/2025 05:00:00 - 12/08/2025 06:00:00","Belgium (BE)","299.38","294.80","294.80","398.16"
"12/08/2025 06:00:00 - 12/08/2025 07:00:00","Belgium (BE)","260.93","246.88","246.88","144.56"
"12/08/2025 07:00:00 - 12/08/2025 08:00:00","Belgium (BE)","235.48","284.78","284.78","50.32"
"12/08/2025 08:00:00 - 12/08/2025 09:00:00","Belgium (BE)","199.90","212.73","212.73","16.07"
"12/08/2025 09:00:00 - 12/08/2025 10:00:00","Belgium (BE)","128.25","155.30","92.18","3.15"
"12/08/2025 10:00:00 - 12/08/2025 11:00:00","Belgium (BE)","75.95","106.60","87.73","22.59"
"12/08/2025 11:00:00 - 12/08/2025 12:00:00","Belgium (BE)","51.88","79.63","63.40","100.81"
"12/08/2025 12:00:00 - 12/08/2025 13:00:00","Belgium (BE)","57.40","91.13","78.13","66.37"
"12/08/2025 13:00:00 - 12/08/2025 14:00:00","Belgium (BE)","85.45","103.33","106.40","79.89"
"12/08/2025 14:00:00 - 12/08/2025 15:00:00","Belgium (BE)","112.83","100.03","115.13","74.86"
"12/08/2025 15:00:00 - 12/08/2025 16:00:00","Belgium (BE)","134.03","103.93","102.83","123.22"
"12/08/2025 16:00:00 - 12/08/2025 17:00:00","Belgium (BE)","139.60","111.00","111.38","110.84"
"12/08/2025 17:00:00 - 12/08/2025 18:00:00","Belgium (BE)","122.05","130.23","141.68","89.02"
"12/08/2025 18:00:00 - 12/08/2025 19:00:00","Belgium (BE)","119.83","169.35","160.78","82.66"
"12/08/2025 19:00:00 - 12/08/2025 20:00:00","Belgium (BE)","136.20","219.13","140.40","123.91"
"12/08/2025 20:00:00 - 12/08/2025 21:00:00","Belgium (BE)","161.10","234.43","107.23","160.99"
"12/08/2025 21:00:00 - 12/08/2025 22:00:00","Belgium (BE)","185.35","230.25","96.73","95.39"
"12/08/2025 22:00:00 - 12/08/2025 23:00:00","Belgium (BE)","186.45","165.55","59.03","37.33"
"12/08/2025 23:00:00 - 13/08/2025 00:00:00","Belgium (BE)","144.38","125.95","35.15","12.47"
"13/08/2025 00:00:00 - 13/08/2025 01:00:00","Belgium (BE)","51.45","28.33","28.33","10.18"
"13/08/2025 01:00:00 - 13/08/2025 02:00:00","Belgium (BE)","92.73","28.43","28.43","18.74"
"13/08/2025 02:00:00 - 13/08/2025 03:00:00","Belgium (BE)","113.93","31.78","31.78","28.73"
"13/08/2025 03:00:00 - 13/08/2025 04:00:00","Belgium (BE)","133.28","56.43","56.43","14.09"
"13/08/2025 04:00:00 - 13/08/2025 05:00:00","Belgium (BE)","143.03","84.35","84.35","105.09"
"13/08/2025 05:00:00 - 13/08/2025 06:00:00","Belgium (BE)","128.08","70.03","70.03","191.47"
"13/08/2025 06:00:00 - 13/08/2025 07:00:00","Belgium (BE)","106.95","95.38","95.38","136.17"
"13/08/2025 07:00:00 - 13/08/2025 08:00:00","Belgium (BE)","84.45","97.88","97.88","334.03"
"13/08/2025 08:00:00 - 13/08/2025 09:00:00","Belgium (BE)","70.50","61.70","67.53","94.05"
"13/08/2025 09:00:00 - 13/08/2025 10:00:00","Belgium (BE)","68.08","58.65","121.30","206.06"
"13/08/2025 10:00:00 - 13/08/2025 11:00:00","Belgium (BE)","47.50","53.13","49.23","149.98"
"13/08/2025 11:00:00 - 13/08/2025 12:00:00","Belgium (BE)","62.65","59.88","115.10","49.46"
"13/08/2025 12:00:00 - 13/08/2025 13:00:00","Belgium (BE)","94.18","69.08","77.73","33.18"
"13/08/2025 13:00:00 - 13/08/2025 14:00:00","Belgium (BE)","64.80","94.23","75.03","34.48"
"13/08/2025 14:00:00 - 13/08/2025 15:00:00","Belgium (BE)","44.28","117.50","64.73","66.90"
"13/08/2025 15:00:00 - 13/08/2025 16:00:00","Belgium (BE)","57.35","113.63","62.83","9.63"
"13/08/2025 16:00:00 - 13/08/2025 17:00:00","Belgium (BE)","78.70","109.13","42.90","61.80"
"13/08/2025 17:00:00 - 13/08/2025 18:00:00","Belgium (BE)","90.75","107.00","55.43","82.43"
"13/08/2025 18:00:00 - 13/08/2025 19:00:00","Belgium (BE)","114.03","63.43","83.00","98.66"
"13/08/2025 19:00:00 - 13/08/2025 20:00:00","Belgium (BE)","156.80","37.63","121.23","192.85"
"13/08/2025 20:00:00 - 13/08/2025 21:00:00","Belgium (BE)","224.38","53.25","136.20","5.23"
"13/08/2025 21:00:00 - 13/08/2025 22:00:00","Belgium (BE)","257.03","68.88","185.95","0.00"
"13/08/2025 22:00:00 - 13/08/2025 23:00:00","Belgium (BE)","204.08","131.05","155.65","0.00"
"13/08/2025 23:00:00 - 14/08/2025 00:00:00","Belgium (BE)","203.03","269.23","107.75","51.15"
"14/08/2025 00:00:00 - 14/08/2025 01:00:00","Belgium (BE)","64.78","69.38","69.38","46.41"
"14/08/2025 01:00:00 - 14/08/2025 02:00:00","Belgium (BE)","47.15","91.83","91.83","33.08"
"14/08/2025 02:00:00 - 14/08/2025 03:00:00","Belgium (BE)","48.50","117.18","117.18","188.64"
"14/08/2025 03:00:00 - 14/08/2025 04:00:00","Belgium (BE)","35.00","76.23","76.23","358.02"
"14/08/2025 04:00:00 - 14/08/2025 05:00:00","Belgium (BE)","24.63","89.60","89.60","205.17"
"14/08/2025 05:00:00 - 14/08/2025 06:00:00","Belgium (BE)","18.80","135.98","135.98","149.27"
"14/08/2025 06:00:00 - 14/08/2025 07:00:00","Belgium (BE)","15.83","80.73","80.73","67.32"
"14/08/2025 07:00:00 - 14/08/2025 08:00:00","Belgium (BE)","17.00","88.85","88.85","118.98"
"14/08/2025 08:00:00 - 14/08/2025 09:00:00","Belgium (BE)","21.23","78.98","78.98","295.68"
"14/08/2025 09:00:00 - 14/08/2025 10:00:00","Belgium (BE)","27.80","70.20","99.75","477.74"
"14/08/2025 10:00:00 - 14/08/2025 11:00:00","Belgium (BE)","43.00","80.85","242.15","687.43"
"14/08/2025 11:00:00 - 14/08/2025 12:00:00","Belgium (BE)","49.28","90.35","280.55","533.61"
"14/08/2025 12:00:00 - 14/08/2025 13:00:00","Belgium (BE)","65.88","97.18","220.95","187.41"
"14/08/2025 13:00:00 - 14/08/2025 14:00:00","Belgium (BE)","83.50","96.53","283.28","122.13"
"14/08/2025 14:00:00 - 14/08/2025 15:00:00","Belgium (BE)","86.83","93.60","228.93","189.86"
"14/08/2025 15:00:00 - 14/08/2025 16:00:00","Belgium (BE)","87.65","98.58","180.68","277.86"
"14/08/2025 16:00:00 - 14/08/2025 17:00:00","Belgium (BE)","101.10","116.63","242.33","314.28"
"14/08/2025 17:00:00 - 14/08/2025 18:00:00","Belgium (BE)","134.45","145.30","279.10","308.98"
"14/08/2025 18:00:00 - 14/08/2025 19:00:00","Belgium (BE)","187.90","196.23","358.95","361.80"
"14/08/2025 19:00:00 - 14/08/2025 20:00:00","Belgium (BE)","248.08","269.60","381.20","350.59"
"14/08/2025 20:00:00 - 14/08/2025 21:00:00","Belgium (BE)","321.65","345.60","418.43","251.69"
"14/08/2025 21:00:00 - 14/08/2025 22:00:00","Belgium (BE)","399.70","410.55","401.70","124.97"
"14/08/2025 22:00:00 - 14/08/2025 23:00:00","Belgium (BE)","457.60","441.88","412.35","52.34"
"14/08/2025 23:00:00 - 15/08/2025 00:00:00","Belgium (BE)","452.63","424.03","385.25","52.34"
"15/08/2025 00:00:00 - 15/08/2025 01:00:00","Belgium (BE)","392.33","139.33","139.33","28.23"
"15/08/2025 01:00:00 - 15/08/2025 02:00:00","Belgium (BE)","353.23","104.13","104.13","23.41"
"15/08/2025 02:00:00 - 15/08/2025 03:00:00","Belgium (BE)","302.10","65.08","65.08","23.30"
"15/08/2025 03:00:00 - 15/08/2025 04:00:00","Belgium (BE)","213.90","43.70","43.70","14.57"
"15/08/2025 04:00:00 - 15/08/2025 05:00:00","Belgium (BE)","140.93","23.85","23.85","5.96"
"15/08/2025 05:00:00 - 15/08/2025 06:00:00","Belgium (BE)","90.60","16.75","16.75","0.00"
"15/08/2025 06:00:00 - 15/08/2025 07:00:00","Belgium (BE)","54.53","9.40","9.40","0.00"
"15/08/2025 07:00:00 - 15/08/2025 08:00:00","Belgium (BE)","33.60","10.25","10.25","0.00"
"15/08/2025 08:00:00 - 15/08/2025 09:00:00","Belgium (BE)","20.00","8.95","8.95","0.00"
"15/08/2025 09:00:00 - 15/08/2025 10:00:00","Belgium (BE)","14.48","7.45","11.08","0.00"
"15/08/2025 10:00:00 - 15/08/2025 11:00:00","Belgium (BE)","14.33","6.83","12.03","0.00"
"15/08/2025 11:00:00 - 15/08/2025 12:00:00","Belgium (BE)","17.30","10.70","15.48","3.86"
"15/08/2025 12:00:00 - 15/08/2025 13:00:00","Belgium (BE)","26.03","22.15","19.40","0.00"
"15/08/2025 13:00:00 - 15/08/2025 14:00:00","Belgium (BE)","42.90","41.40","44.33","17.86"
"15/08/2025 14:00:00 - 15/08/2025 15:00:00","Belgium (BE)","66.35","70.13","63.65","34.20"
"15/08/2025 15:00:00 - 15/08/2025 16:00:00","Belgium (BE)","107.63","121.60","97.70","67.90"
"15/08/2025 16:00:00 - 15/08/2025 17:00:00","Belgium (BE)","189.10","183.85","152.15","118.53"
"15/08/2025 17:00:00 - 15/08/2025 18:00:00","Belgium (BE)","291.88","276.28","230.48","230.24"
"15/08/2025 18:00:00 - 15/08/2025 19:00:00","Belgium (BE)","380.70","330.05","302.53","390.93"
"15/08/2025 19:00:00 - 15/08/2025 20:00:00","Belgium (BE)","443.93","370.73","379.98","590.26"
"15/08/2025 20:00:00 - 15/08/2025 21:00:00","Belgium (BE)","448.03","384.45","391.43","460.16"
"15/08/2025 21:00:00 - 15/08/2025 22:00:00","Belgium (BE)","436.18","345.00","399.08","224.08"
"15/08/2025 22:00:00 - 15/08/2025 23:00:00","Belgium (BE)","438.60","336.28","342.80","263.34"
"15/08/2025 23:00:00 - 16/08/2025 00:00:00","Belgium (BE)","459.13","354.35","370.73","411.86"
"16/08/2025 00:00:00 - 16/08/2025 01:00:00","Belgium (BE)","414.05","445.20","445.20","539.18"
"16/08/2025 01:00:00 - 16/08/2025 02:00:00","Belgium (BE)","495.65","504.95","504.95","604.08"
"16/08/2025 02:00:00 - 16/08/2025 03:00:00","Belgium (BE)","573.98","606.78","606.78","637.49"
"16/08/2025 03:00:00 - 16/08/2025 04:00:00","Belgium (BE)","611.80","664.60","664.60","696.43"
"16/08/2025 04:00:00 - 16/08/2025 05:00:00","Belgium (BE)","672.18","689.33","689.33","759.81"
"16/08/2025 05:00:00 - 16/08/2025 06:00:00","Belgium (BE)","719.75","702.20","702.20","716.32"
"16/08/2025 06:00:00 - 16/08/2025 07:00:00","Belgium (BE)","744.58","659.70","659.70","710.64"
"16/08/2025 07:00:00 - 16/08/2025 08:00:00","Belgium (BE)","756.70","647.55","647.55","747.03"
"16/08/2025 08:00:00 - 16/08/2025 09:00:00","Belgium (BE)","737.85","680.13","683.45","705.83"
"16/08/2025 09:00:00 - 16/08/2025 10:00:00","Belgium (BE)","678.98","723.13","755.73","745.01"
"16/08/2025 10:00:00 - 16/08/2025 11:00:00","Belgium (BE)","622.95","719.13","706.13","899.79"
"16/08/2025 11:00:00 - 16/08/2025 12:00:00","Belgium (BE)","536.43","714.90","709.55","926.97"
"16/08/2025 12:00:00 - 16/08/2025 13:00:00","Belgium (BE)","469.30","637.70","698.78","816.05"
"16/08/2025 13:00:00 - 16/08/2025 14:00:00","Belgium (BE)","460.88","562.83","663.33","716.49"
"16/08/2025 14:00:00 - 16/08/2025 15:00:00","Belgium (BE)","495.63","536.90","621.20","533.29"
"16/08/2025 15:00:00 - 16/08/2025 16:00:00","Belgium (BE)","535.38","541.30","622.73","546.88"
"16/08/2025 16:00:00 - 16/08/2025 17:00:00","Belgium (BE)","603.13","579.18","592.85","571.24"
"16/08/2025 17:00:00 - 16/08/2025 18:00:00","Belgium (BE)","703.25","649.40","658.05","596.09"
"16/08/2025 18:00:00 - 16/08/2025 19:00:00","Belgium (BE)","794.33","744.70","739.13","723.01"
"16/08/2025 19:00:00 - 16/08/2025 20:00:00","Belgium (BE)","856.15","814.30","790.50","752.23"
"16/08/2025 20:00:00 - 16/08/2025 21:00:00","Belgium (BE)","915.88","857.40","829.55","760.26"
"16/08/2025 21:00:00 - 16/08/2025 22:00:00","Belgium (BE)","967.95","882.18","804.10","806.31"
"16/08/2025 22:00:00 - 16/08/2025 23:00:00","Belgium (BE)","958.13","844.18","794.45","916.23"
"16/08/2025 23:00:00 - 17/08/2025 00:00:00","Belgium (BE)","897.25","762.35","736.10","618.39"
"17/08/2025 00:00:00 - 17/08/2025 01:00:00","Belgium (BE)","651.98","558.95","558.95","515.97"
"17/08/2025 01:00:00 - 17/08/2025 02:00:00","Belgium (BE)","539.25","445.83","445.83","537.09"
"17/08/2025 02:00:00 - 17/08/2025 03:00:00","Belgium (BE)","470.55","399.98","399.98","486.17"
"17/08/2025 03:00:00 - 17/08/2025 04:00:00","Belgium (BE)","413.93","357.58","357.58","397.48"
"17/08/2025 04:00:00 - 17/08/2025 05:00:00","Belgium (BE)","366.48","355.23","355.23","424.09"
"17/08/2025 05:00:00 - 17/08/2025 06:00:00","Belgium (BE)","330.15","283.73","283.73","371.34"
"17/08/2025 06:00:00 - 17/08/2025 07:00:00","Belgium (BE)","298.15","257.33","257.33","314.23"
"17/08/2025 07:00:00 - 17/08/2025 08:00:00","Belgium (BE)","251.95","211.33","211.33","273.76"
"17/08/2025 08:00:00 - 17/08/2025 09:00:00","Belgium (BE)","210.05","173.78","183.88","181.55"
"17/08/2025 09:00:00 - 17/08/2025 10:00:00","Belgium (BE)","177.75","153.28","167.83","163.08"
"17/08/2025 10:00:00 - 17/08/2025 11:00:00","Belgium (BE)","154.78","139.15","130.93","170.49"
"17/08/2025 11:00:00 - 17/08/2025 12:00:00","Belgium (BE)","145.40","137.48","128.75","164.59"
"17/08/2025 12:00:00 - 17/08/2025 13:00:00","Belgium (BE)","140.08","141.25","123.70","129.63"
"17/08/2025 13:00:00 - 17/08/2025 14:00:00","Belgium (BE)","133.50","150.10","121.93","111.15"
"17/08/2025 14:00:00 - 17/08/2025 15:00:00","Belgium (BE)","147.95","170.63","127.75","99.74"
"17/08/2025 15:00:00 - 17/08/2025 16:00:00","Belgium (BE)","180.50","200.13","149.55","90.91"
"17/08/2025 16:00:00 - 17/08/2025 17:00:00","Belgium (BE)","241.90","245.18","205.88","166.79"
"17/08/2025 17:00:00 - 17/08/2025 18:00:00","Belgium (BE)","317.58","288.60","265.13","215.10"
"17/08/2025 18:00:00 - 17/08/2025 19:00:00","Belgium (BE)","384.70","337.00","321.78","317.17"
"17/08/2025 19:00:00 - 17/08/2025 20:00:00","Belgium (BE)","434.68","389.83","377.98","433.85"
"17/08/2025 20:00:00 - 17/08/2025 21:00:00","Belgium (BE)","452.40","413.63","419.10","446.14"
"17/08/2025 21:00:00 - 17/08/2025 22:00:00","Belgium (BE)","455.18","422.23","458.65","376.58"
"17/08/2025 22:00:00 - 17/08/2025 23:00:00","Belgium (BE)","426.10","411.85","433.38","242.25"
"17/08/2025 23:00:00 - 18/08/2025 00:00:00","Belgium (BE)","392.15","372.98","406.20","297.39"
"18/08/2025 00:00:00 - 18/08/2025 01:00:00","Belgium (BE)","370.93","307.33","307.33","405.19"
"18/08/2025 01:00:00 - 18/08/2025 02:00:00","Belgium (BE)","318.65","272.23","272.23","381.41"
"18/08/2025 02:00:00 - 18/08/2025 03:00:00","Belgium (BE)","264.85","256.58","256.58","236.02"
"18/08/2025 03:00:00 - 18/08/2025 04:00:00","Belgium (BE)","219.80","197.18","197.18","158.65"
"18/08/2025 04:00:00 - 18/08/2025 05:00:00","Belgium (BE)","178.90","151.63","151.63","104.54"
"18/08/2025 05:00:00 - 18/08/2025 06:00:00","Belgium (BE)","138.53","117.80","117.80","47.83"
"18/08/2025 06:00:00 - 18/08/2025 07:00:00","Belgium (BE)","111.10","89.83","89.83","23.91"
"18/08/2025 07:00:00 - 18/08/2025 08:00:00","Belgium (BE)","94.68","63.88","63.88","26.00"
"18/08/2025 08:00:00 - 18/08/2025 09:00:00","Belgium (BE)","78.63","65.70","65.70","55.17"
"18/08/2025 09:00:00 - 18/08/2025 10:00:00","Belgium (BE)","67.75","69.83","69.75","42.91"
"18/08/2025 10:00:00 - 18/08/2025 11:00:00","Belgium (BE)","64.45","77.88","66.28","92.18"
"18/08/2025 11:00:00 - 18/08/2025 12:00:00","Belgium (BE)","73.63","90.63","72.85","97.93"
"18/08/2025 12:00:00 - 18/08/2025 13:00:00","Belgium (BE)","100.90","117.98","101.18","105.02"
"18/08/2025 13:00:00 - 18/08/2025 14:00:00","Belgium (BE)","147.80","153.98","145.43","146.52"
"18/08/2025 14:00:00 - 18/08/2025 15:00:00","Belgium (BE)","206.98","202.28","201.33","187.90"
"18/08/2025 15:00:00 - 18/08/2025 16:00:00","Belgium (BE)","252.28","268.13","278.00","233.86"
"18/08/2025 16:00:00 - 18/08/2025 17:00:00","Belgium (BE)","308.73","341.00","369.78","329.56"
"18/08/2025 17:00:00 - 18/08/2025 18:00:00","Belgium (BE)","397.93","408.75","464.18","351.16"
"18/08/2025 18:00:00 - 18/08/2025 19:00:00","Belgium (BE)","491.85","494.03","556.35","498.66"
"18/08/2025 19:00:00 - 18/08/2025 20:00:00","Belgium (BE)","595.18","587.70","660.48","588.91"
"18/08/2025 20:00:00 - 18/08/2025 21:00:00","Belgium (BE)","692.83","665.00","750.20","641.83"
"18/08/2025 21:00:00 - 18/08/2025 22:00:00","Belgium (BE)","773.28","715.60","765.30","646.30"
"18/08/2025 22:00:00 - 18/08/2025 23:00:00","Belgium (BE)","827.83","746.73","789.08","677.27"
"18/08/2025 23:00:00 - 19/08/2025 00:00:00","Belgium (BE)","829.05","769.10","772.63","669.85"
"19/08/2025 00:00:00 - 19/08/2025 01:00:00","Belgium (BE)","661.98","689.58","689.58","560.02"
"19/08/2025 01:00:00 - 19/08/2025 02:00:00","Belgium (BE)","563.85","608.35","608.35","439.90"
"19/08/2025 02:00:00 - 19/08/2025 03:00:00","Belgium (BE)","482.68","497.85","497.85","322.46"
"19/08/2025 03:00:00 - 19/08/2025 04:00:00","Belgium (BE)","406.83","426.35","426.35","230.83"
"19/08/2025 04:00:00 - 19/08/2025 05:00:00","Belgium (BE)","350.58","324.25","324.25","224.55"
"19/08/2025 05:00:00 - 19/08/2025 06:00:00","Belgium (BE)","296.68","262.13","262.13","232.64"
"19/08/2025 06:00:00 - 19/08/2025 07:00:00","Belgium (BE)","265.40","266.23","266.23","186.53"
"19/08/2025 07:00:00 - 19/08/2025 08:00:00","Belgium (BE)","251.30","271.68","271.68","211.99"
"19/08/2025 08:00:00 - 19/08/2025 09:00:00","Belgium (BE)","260.45","296.90","276.45","251.94"
"19/08/2025 09:00:00 - 19/08/2025 10:00:00","Belgium (BE)","265.45","300.83","268.38","299.29"
"19/08/2025 10:00:00 - 19/08/2025 11:00:00","Belgium (BE)","261.13","293.73","269.03","306.61"
"19/08/2025 11:00:00 - 19/08/2025 12:00:00","Belgium (BE)","278.90","334.85","315.68","206.70"
"19/08/2025 12:00:00 - 19/08/2025 13:00:00","Belgium (BE)","354.58","435.85","385.73","250.16"
"19/08/2025 13:00:00 - 19/08/2025 14:00:00","Belgium (BE)","514.00","606.18","492.15","498.54"
"19/08/2025 14:00:00 - 19/08/2025 15:00:00","Belgium (BE)","735.10","811.38","668.75","791.15"
"19/08/2025 15:00:00 - 19/08/2025 16:00:00","Belgium (BE)","961.13","1028.28","874.53","944.17"
"19/08/2025 16:00:00 - 19/08/2025 17:00:00","Belgium (BE)","1159.55","1216.10","1078.08","1089.58"
"19/08/2025 17:00:00 - 19/08/2025 18:00:00","Belgium (BE)","1351.65","1391.88","1278.78","1279.24"
"19/08/2025 18:00:00 - 19/08/2025 19:00:00","Belgium (BE)","1499.05","1558.25","1404.15","1503.43"
"19/08/2025 19:00:00 - 19/08/2025 20:00:00","Belgium (BE)","1605.40","1646.03","1510.05","1682.23"
"19/08/2025 20:00:00 - 19/08/2025 21:00:00","Belgium (BE)","1654.05","1673.15","1616.65","1787.41"
"19/08/2025 21:00:00 - 19/08/2025 22:00:00","Belgium (BE)","1587.00","1629.30","1653.78","1757.16"
"19/08/2025 22:00:00 - 19/08/2025 23:00:00","Belgium (BE)","1491.73","1552.90","1581.08","1685.39"
"19/08/2025 23:00:00 - 20/08/2025 00:00:00","Belgium (BE)","1405.10","1480.40","1515.90","1470.76"
"20/08/2025 00:00:00 - 20/08/2025 01:00:00","Belgium (BE)","1356.48","1339.73","1339.73","1292.25"
"20/08/2025 01:00:00 - 20/08/2025 02:00:00","Belgium (BE)","1188.18","1136.98","1136.98","1068.16"
"20/08/2025 02:00:00 - 20/08/2025 03:00:00","Belgium (BE)","1015.10","923.85","923.85","858.53"
"20/08/2025 03:00:00 - 20/08/2025 04:00:00","Belgium (BE)","844.23","815.73","815.73","795.88"
"20/08/2025 04:00:00 - 20/08/2025 05:00:00","Belgium (BE)","748.18","705.20","705.20","581.86"
"20/08/2025 05:00:00 - 20/08/2025 06:00:00","Belgium (BE)","713.25","642.98","642.98","514.27"
"20/08/2025 06:00:00 - 20/08/2025 07:00:00","Belgium (BE)","727.35","609.40","609.40","825.27"
"20/08/2025 07:00:00 - 20/08/2025 08:00:00","Belgium (BE)","717.88","647.60","647.60","1274.94"
"20/08/2025 08:00:00 - 20/08/2025 09:00:00","Belgium (BE)","726.10","681.98","751.13","1326.65"
"20/08/2025 09:00:00 - 20/08/2025 10:00:00","Belgium (BE)","754.03","733.50","930.18","1030.35"
"20/08/2025 10:00:00 - 20/08/2025 11:00:00","Belgium (BE)","746.65","738.13","914.93","744.66"
"20/08/2025 11:00:00 - 20/08/2025 12:00:00","Belgium (BE)","708.13","728.23","784.25","762.56"
"20/08/2025 12:00:00 - 20/08/2025 13:00:00","Belgium (BE)","685.10","701.88","660.38","725.27"
"20/08/2025 13:00:00 - 20/08/2025 14:00:00","Belgium (BE)","675.43","680.13","679.90","819.15"
"20/08/2025 14:00:00 - 20/08/2025 15:00:00","Belgium (BE)","648.60","691.88","680.85","942.75"
"20/08/2025 15:00:00 - 20/08/2025 16:00:00","Belgium (BE)","639.68","684.73","743.20","768.26"
"20/08/2025 16:00:00 - 20/08/2025 17:00:00","Belgium (BE)","686.33","691.28","786.85","857.41"
"20/08/2025 17:00:00 - 20/08/2025 18:00:00","Belgium (BE)","784.10","750.25","831.80","985.20"
"20/08/2025 18:00:00 - 20/08/2025 19:00:00","Belgium (BE)","874.08","836.73","843.30","959.02"
"20/08/2025 19:00:00 - 20/08/2025 20:00:00","Belgium (BE)","987.50","925.35","988.53","918.98"
"20/08/2025 20:00:00 - 20/08/2025 21:00:00","Belgium (BE)","1133.30","1060.88","1172.55","1300.38"
"20/08/2025 21:00:00 - 20/08/2025 22:00:00","Belgium (BE)","1275.50","1168.88","1274.78","1568.34"
"20/08/2025 22:00:00 - 20/08/2025 23:00:00","Belgium (BE)","1342.50","1220.95","1367.28","1687.22"
"20/08/2025 23:00:00 - 21/08/2025 00:00:00","Belgium (BE)","1338.23","1222.15","1350.30","1513.32"
"21/08/2025 00:00:00 - 21/08/2025 01:00:00","Belgium (BE)","1254.75","1210.53","1210.53","1325.03"
"21/08/2025 01:00:00 - 21/08/2025 02:00:00","Belgium (BE)","1137.45","1115.93","1115.93","1090.90"
"21/08/2025 02:00:00 - 21/08/2025 03:00:00","Belgium (BE)","1023.53","1011.40","1011.40","957.29"
"21/08/2025 03:00:00 - 21/08/2025 04:00:00","Belgium (BE)","947.38","922.25","922.25","850.22"
"21/08/2025 04:00:00 - 21/08/2025 05:00:00","Belgium (BE)","907.53","874.75","874.75","775.25"
"21/08/2025 05:00:00 - 21/08/2025 06:00:00","Belgium (BE)","895.70","880.13","880.13","789.58"
"21/08/2025 06:00:00 - 21/08/2025 07:00:00","Belgium (BE)","896.05","933.28","933.28","885.49"
"21/08/2025 07:00:00 - 21/08/2025 08:00:00","Belgium (BE)","880.28","964.70","964.70","993.33"
"21/08/2025 08:00:00 - 21/08/2025 09:00:00","Belgium (BE)","852.20","929.75","929.75","945.80"
"21/08/2025 09:00:00 - 21/08/2025 10:00:00","Belgium (BE)","798.45","877.65","855.78","981.97"
"21/08/2025 10:00:00 - 21/08/2025 11:00:00","Belgium (BE)","772.30","823.25","806.40","970.80"
"21/08/2025 11:00:00 - 21/08/2025 12:00:00","Belgium (BE)","744.65","775.00","795.80","826.21"
"21/08/2025 12:00:00 - 21/08/2025 13:00:00","Belgium (BE)","779.18","773.85","825.55","1081.01"
"21/08/2025 13:00:00 - 21/08/2025 14:00:00","Belgium (BE)","882.95","919.40","932.93","1588.70"
"21/08/2025 14:00:00 - 21/08/2025 15:00:00","Belgium (BE)","921.58","1011.73","1056.95","1738.39"
"21/08/2025 15:00:00 - 21/08/2025 16:00:00","Belgium (BE)","924.40","999.90","1208.83","1511.60"
"21/08/2025 16:00:00 - 21/08/2025 17:00:00","Belgium (BE)","924.43","951.00","1153.50","1194.58"
"21/08/2025 17:00:00 - 21/08/2025 18:00:00","Belgium (BE)","903.08","909.98","1063.45","953.52"
"21/08/2025 18:00:00 - 21/08/2025 19:00:00","Belgium (BE)","855.95","845.23","938.40","1061.20"
"21/08/2025 19:00:00 - 21/08/2025 20:00:00","Belgium (BE)","824.90","853.00","846.48","1310.30"
"21/08/2025 20:00:00 - 21/08/2025 21:00:00","Belgium (BE)","770.90","808.55","814.68","1091.95"
"21/08/2025 21:00:00 - 21/08/2025 22:00:00","Belgium (BE)","684.55","733.38","831.80","643.53"
"21/08/2025 22:00:00 - 21/08/2025 23:00:00","Belgium (BE)","598.43","630.10","654.13","709.98"
"21/08/2025 23:00:00 - 22/08/2025 00:00:00","Belgium (BE)","523.78","560.60","501.43","556.12"
"22/08/2025 00:00:00 - 22/08/2025 01:00:00","Belgium (BE)","360.88","423.70","423.70","606.75"
"22/08/2025 01:00:00 - 22/08/2025 02:00:00","Belgium (BE)","267.98","387.38","387.38","537.00"
"22/08/2025 02:00:00 - 22/08/2025 03:00:00","Belgium (BE)","207.00","342.45","342.45","396.44"
"22/08/2025 03:00:00 - 22/08/2025 04:00:00","Belgium (BE)","190.28","234.13","234.13","310.21"
"22/08/2025 04:00:00 - 22/08/2025 05:00:00","Belgium (BE)","202.70","211.25","211.25","389.05"
"22/08/2025 05:00:00 - 22/08/2025 06:00:00","Belgium (BE)","218.43","189.23","189.23","353.24"
"22/08/2025 06:00:00 - 22/08/2025 07:00:00","Belgium (BE)","228.25","221.28","221.28","293.87"
"22/08/2025 07:00:00 - 22/08/2025 08:00:00","Belgium (BE)","223.38","217.25","217.25","302.03"
"22/08/2025 08:00:00 - 22/08/2025 09:00:00","Belgium (BE)","214.08","179.03","185.70","387.34"
"22/08/2025 09:00:00 - 22/08/2025 10:00:00","Belgium (BE)","193.30","163.63","189.15","406.39"
"22/08/2025 10:00:00 - 22/08/2025 11:00:00","Belgium (BE)","164.90","160.50","193.68","325.56"
"22/08/2025 11:00:00 - 22/08/2025 12:00:00","Belgium (BE)","159.33","181.85","229.25","199.65"
"22/08/2025 12:00:00 - 22/08/2025 13:00:00","Belgium (BE)","164.90","195.48","201.43","148.65"
"22/08/2025 13:00:00 - 22/08/2025 14:00:00","Belgium (BE)","160.53","178.45","165.20","169.31"
"22/08/2025 14:00:00 - 22/08/2025 15:00:00","Belgium (BE)","149.40","147.80","136.93","114.18"
"22/08/2025 15:00:00 - 22/08/2025 16:00:00","Belgium (BE)","113.35","118.13","122.75","71.11"
"22/08/2025 16:00:00 - 22/08/2025 17:00:00","Belgium (BE)","81.95","98.98","88.05","91.03"
"22/08/2025 17:00:00 - 22/08/2025 18:00:00","Belgium (BE)","56.68","58.33","36.28","58.61"
"22/08/2025 18:00:00 - 22/08/2025 19:00:00","Belgium (BE)","28.70","31.43","17.15","3.49"
"22/08/2025 19:00:00 - 22/08/2025 20:00:00","Belgium (BE)","12.75","19.68","17.88","0.00"
"22/08/2025 20:00:00 - 22/08/2025 21:00:00","Belgium (BE)","11.90","17.60","14.83","0.00"
"22/08/2025 21:00:00 - 22/08/2025 22:00:00","Belgium (BE)","17.45","21.03","22.20","0.00"
"22/08/2025 22:00:00 - 22/08/2025 23:00:00","Belgium (BE)","23.85","30.78","41.55","14.25"
"22/08/2025 23:00:00 - 23/08/2025 00:00:00","Belgium (BE)","50.95","69.38","117.60","55.39"
"23/08/2025 00:00:00 - 23/08/2025 01:00:00","Belgium (BE)","219.73","245.55","245.55","149.77"
"23/08/2025 01:00:00 - 23/08/2025 02:00:00","Belgium (BE)","368.43","418.03","418.03","442.82"
"23/08/2025 02:00:00 - 23/08/2025 03:00:00","Belgium (BE)","442.78","534.70","534.70","897.85"
"23/08/2025 03:00:00 - 23/08/2025 04:00:00","Belgium (BE)","470.83","569.45","569.45","612.93"
"23/08/2025 04:00:00 - 23/08/2025 05:00:00","Belgium (BE)","443.65","558.68","558.68","223.01"
"23/08/2025 05:00:00 - 23/08/2025 06:00:00","Belgium (BE)","399.48","448.50","448.50","169.42"
"23/08/2025 06:00:00 - 23/08/2025 07:00:00","Belgium (BE)","428.85","490.10","490.10","278.11"
"23/08/2025 07:00:00 - 23/08/2025 08:00:00","Belgium (BE)","476.15","398.83","398.83","486.68"
"23/08/2025 08:00:00 - 23/08/2025 09:00:00","Belgium (BE)","481.58","430.90","430.90","488.27"
"23/08/2025 09:00:00 - 23/08/2025 10:00:00","Belgium (BE)","434.50","441.70","461.23","615.87"
"23/08/2025 10:00:00 - 23/08/2025 11:00:00","Belgium (BE)","356.93","424.23","406.13","653.59"
"23/08/2025 11:00:00 - 23/08/2025 12:00:00","Belgium (BE)","284.40","372.65","366.80","472.92"
"23/08/2025 12:00:00 - 23/08/2025 13:00:00","Belgium (BE)","238.18","334.90","307.15","235.84"
"23/08/2025 13:00:00 - 23/08/2025 14:00:00","Belgium (BE)","196.28","287.23","247.40","143.50"
"23/08/2025 14:00:00 - 23/08/2025 15:00:00","Belgium (BE)","172.60","252.35","204.93","136.42"
"23/08/2025 15:00:00 - 23/08/2025 16:00:00","Belgium (BE)","156.75","228.25","146.00","109.60"
"23/08/2025 16:00:00 - 23/08/2025 17:00:00","Belgium (BE)","141.48","216.45","140.35","109.34"
"23/08/2025 17:00:00 - 23/08/2025 18:00:00","Belgium (BE)","135.25","218.90","119.73","111.44"
"23/08/2025 18:00:00 - 23/08/2025 19:00:00","Belgium (BE)","124.13","172.65","108.73","98.51"
"23/08/2025 19:00:00 - 23/08/2025 20:00:00","Belgium (BE)","109.78","128.78","101.58","113.52"
"23/08/2025 20:00:00 - 23/08/2025 21:00:00","Belgium (BE)","92.30","90.25","78.23","107.02"
"23/08/2025 21:00:00 - 23/08/2025 22:00:00","Belgium (BE)","76.15","63.05","63.20","83.15"
"23/08/2025 22:00:00 - 23/08/2025 23:00:00","Belgium (BE)","55.80","41.05","36.63","111.11"
"23/08/2025 23:00:00 - 24/08/2025 00:00:00","Belgium (BE)","42.48","25.90","21.48","48.98"
"24/08/2025 00:00:00 - 24/08/2025 01:00:00","Belgium (BE)","18.73","24.98","24.98","15.68"
"24/08/2025 01:00:00 - 24/08/2025 02:00:00","Belgium (BE)","15.15","15.95","15.95","0.00"
"24/08/2025 02:00:00 - 24/08/2025 03:00:00","Belgium (BE)","13.83","11.48","11.48","0.00"
"24/08/2025 03:00:00 - 24/08/2025 04:00:00","Belgium (BE)","12.55","9.88","9.88","0.00"
"24/08/2025 04:00:00 - 24/08/2025 05:00:00","Belgium (BE)","11.93","9.68","9.68","0.00"
"24/08/2025 05:00:00 - 24/08/2025 06:00:00","Belgium (BE)","11.63","11.73","11.73","0.00"
"24/08/2025 06:00:00 - 24/08/2025 07:00:00","Belgium (BE)","11.48","12.25","12.25","0.00"
"24/08/2025 07:00:00 - 24/08/2025 08:00:00","Belgium (BE)","11.93","12.23","12.23","0.00"
"24/08/2025 08:00:00 - 24/08/2025 09:00:00","Belgium (BE)","11.75","11.08","11.08","0.00"
"24/08/2025 09:00:00 - 24/08/2025 10:00:00","Belgium (BE)","11.80","11.03","12.90","0.00"
"24/08/2025 10:00:00 - 24/08/2025 11:00:00","Belgium (BE)","11.83","11.10","13.95","0.00"
"24/08/2025 11:00:00 - 24/08/2025 12:00:00","Belgium (BE)","11.25","11.90","12.35","0.00"
"24/08/2025 12:00:00 - 24/08/2025 13:00:00","Belgium (BE)","9.90","12.70","10.43","0.00"
"24/08/2025 13:00:00 - 24/08/2025 14:00:00","Belgium (BE)","8.48","12.45","13.03","0.00"
"24/08/2025 14:00:00 - 24/08/2025 15:00:00","Belgium (BE)","7.95","10.98","11.43","0.00"
"24/08/2025 15:00:00 - 24/08/2025 16:00:00","Belgium (BE)","7.03","9.45","12.33","0.00"
"24/08/2025 16:00:00 - 24/08/2025 17:00:00","Belgium (BE)","6.43","8.85","12.20","0.00"
"24/08/2025 17:00:00 - 24/08/2025 18:00:00","Belgium (BE)","7.98","8.90","12.13","0.00"
"24/08/2025 18:00:00 - 24/08/2025 19:00:00","Belgium (BE)","10.03","9.65","12.58","0.00"
"24/08/2025 19:00:00 - 24/08/2025 20:00:00","Belgium (BE)","12.55","11.98","13.90","0.00"
"24/08/2025 20:00:00 - 24/08/2025 21:00:00","Belgium (BE)","14.53","14.78","16.20","0.00"
"24/08/2025 21:00:00 - 24/08/2025 22:00:00","Belgium (BE)","15.60","16.18","16.15","0.00"
"24/08/2025 22:00:00 - 24/08/2025 23:00:00","Belgium (BE)","18.35","16.73","16.60","0.00"
"24/08/2025 23:00:00 - 25/08/2025 00:00:00","Belgium (BE)","23.10","15.98","22.50","0.00"
"25/08/2025 00:00:00 - 25/08/2025 01:00:00","Belgium (BE)","24.80","58.15","58.15","5.84"
"25/08/2025 01:00:00 - 25/08/2025 02:00:00","Belgium (BE)","30.43","63.95","63.95","29.08"
"25/08/2025 02:00:00 - 25/08/2025 03:00:00","Belgium (BE)","37.28","61.53","61.53","43.59"
"25/08/2025 03:00:00 - 25/08/2025 04:00:00","Belgium (BE)","40.55","71.15","71.15","63.78"
"25/08/2025 04:00:00 - 25/08/2025 05:00:00","Belgium (BE)","46.95","79.95","79.95","87.77"
"25/08/2025 05:00:00 - 25/08/2025 06:00:00","Belgium (BE)","49.75","86.08","86.08","90.66"
"25/08/2025 06:00:00 - 25/08/2025 07:00:00","Belgium (BE)","48.28","80.35","80.35","110.28"
"25/08/2025 07:00:00 - 25/08/2025 08:00:00","Belgium (BE)","41.48","70.85","68.65","122.57"
"25/08/2025 08:00:00 - 25/08/2025 09:00:00","Belgium (BE)","32.98","57.85","64.73","108.69"
"25/08/2025 09:00:00 - 25/08/2025 10:00:00","Belgium (BE)","23.60","41.98","59.08","60.29"
"25/08/2025 10:00:00 - 25/08/2025 11:00:00","Belgium (BE)","16.98","27.73","44.43","17.80"
"25/08/2025 11:00:00 - 25/08/2025 12:00:00","Belgium (BE)","10.98","16.60","20.15","0.75"
"25/08/2025 12:00:00 - 25/08/2025 13:00:00","Belgium (BE)","9.45","12.20","14.88","0.00"
"25/08/2025 13:00:00 - 25/08/2025 14:00:00","Belgium (BE)","9.28","11.10","13.83","0.00"
"25/08/2025 14:00:00 - 25/08/2025 15:00:00","Belgium (BE)","9.98","15.28","18.73","0.00"
"25/08/2025 15:00:00 - 25/08/2025 16:00:00","Belgium (BE)","13.93","21.85","22.80","0.00"
"25/08/2025 16:00:00 - 25/08/2025 17:00:00","Belgium (BE)","31.20","48.45","37.25","12.36"
"25/08/2025 17:00:00 - 25/08/2025 18:00:00","Belgium (BE)","57.58","76.98","58.13","10.61"
"25/08/2025 18:00:00 - 25/08/2025 19:00:00","Belgium (BE)","86.38","107.45","77.78","42.77"
"25/08/2025 19:00:00 - 25/08/2025 20:00:00","Belgium (BE)","120.13","131.83","89.60","45.50"
"25/08/2025 20:00:00 - 25/08/2025 21:00:00","Belgium (BE)","170.00","158.80","116.30","61.81"
"25/08/2025 21:00:00 - 25/08/2025 22:00:00","Belgium (BE)","204.13","197.25","150.13","122.79"
"25/08/2025 22:00:00 - 25/08/2025 23:00:00","Belgium (BE)","225.10","238.25","221.80","175.88"
"25/08/2025 23:00:00 - 26/08/2025 00:00:00","Belgium (BE)","256.68","294.00","303.60","288.64"
"26/08/2025 00:00:00 - 26/08/2025 01:00:00","Belgium (BE)","401.58","417.85","417.85","258.08"
"26/08/2025 01:00:00 - 26/08/2025 02:00:00","Belgium (BE)","486.35","524.58","524.58","304.02"
"26/08/2025 02:00:00 - 26/08/2025 03:00:00","Belgium (BE)","542.80","554.28","554.28","455.22"
"26/08/2025 03:00:00 - 26/08/2025 04:00:00","Belgium (BE)","567.80","558.55","558.55","522.01"
"26/08/2025 04:00:00 - 26/08/2025 05:00:00","Belgium (BE)","590.55","591.95","591.95","399.69"
"26/08/2025 05:00:00 - 26/08/2025 06:00:00","Belgium (BE)","611.88","627.78","627.78","390.45"
"26/08/2025 06:00:00 - 26/08/2025 07:00:00","Belgium (BE)","641.63","694.53","694.53","465.71"
"26/08/2025 07:00:00 - 26/08/2025 08:00:00","Belgium (BE)","692.70","655.20","655.20","662.15"
"26/08/2025 08:00:00 - 26/08/2025 09:00:00","Belgium (BE)","743.30","734.75","696.88","832.71"
"26/08/2025 09:00:00 - 26/08/2025 10:00:00","Belgium (BE)","781.18","798.50","767.65","989.77"
"26/08/2025 10:00:00 - 26/08/2025 11:00:00","Belgium (BE)","751.13","773.78","785.45","869.33"
"26/08/2025 11:00:00 - 26/08/2025 12:00:00","Belgium (BE)","679.23","743.75","803.40","732.75"
"26/08/2025 12:00:00 - 26/08/2025 13:00:00","Belgium (BE)","689.30","716.10","764.68","615.06"
"26/08/2025 13:00:00 - 26/08/2025 14:00:00","Belgium (BE)","691.43","693.30","729.40","822.38"
"26/08/2025 14:00:00 - 26/08/2025 15:00:00","Belgium (BE)","750.45","825.50","877.80","773.36"
"26/08/2025 15:00:00 - 26/08/2025 16:00:00","Belgium (BE)","979.05","1064.70","1291.48","1488.85"
"26/08/2025 16:00:00 - 26/08/2025 17:00:00","Belgium (BE)","1330.40","1340.15","1534.88","1885.73"
"26/08/2025 17:00:00 - 26/08/2025 18:00:00","Belgium (BE)","1504.48","1538.68","1725.80","2048.39"
"26/08/2025 18:00:00 - 26/08/2025 19:00:00","Belgium (BE)","1555.93","1601.33","1764.73","1699.88"
"26/08/2025 19:00:00 - 26/08/2025 20:00:00","Belgium (BE)","1665.83","1654.78","1889.90","1968.87"
"26/08/2025 20:00:00 - 26/08/2025 21:00:00","Belgium (BE)","1742.48","1726.20","1768.85","1936.79"
"26/08/2025 21:00:00 - 26/08/2025 22:00:00","Belgium (BE)","1769.20","1742.45","1824.40","1932.94"
"26/08/2025 22:00:00 - 26/08/2025 23:00:00","Belgium (BE)","1756.13","1702.65","1711.15","1821.69"
"26/08/2025 23:00:00 - 27/08/2025 00:00:00","Belgium (BE)","1714.63","1646.80","1585.20","1653.21"
"27/08/2025 00:00:00 - 27/08/2025 01:00:00","Belgium (BE)","1392.10","1394.05","1394.05","1377.74"
"27/08/2025 01:00:00 - 27/08/2025 02:00:00","Belgium (BE)","1261.08","1292.15","1292.15","1202.50"
"27/08/2025 02:00:00 - 27/08/2025 03:00:00","Belgium (BE)","1135.55","1140.83","1140.83","1282.29"
"27/08/2025 03:00:00 - 27/08/2025 04:00:00","Belgium (BE)","998.13","983.43","983.43","1260.16"
"27/08/2025 04:00:00 - 27/08/2025 05:00:00","Belgium (BE)","889.93","903.20","903.20","1021.92"
"27/08/2025 05:00:00 - 27/08/2025 06:00:00","Belgium (BE)","788.65","775.73","775.73","698.57"
"27/08/2025 06:00:00 - 27/08/2025 07:00:00","Belgium (BE)","663.13","638.75","638.75","507.52"
"27/08/2025 07:00:00 - 27/08/2025 08:00:00","Belgium (BE)","539.13","479.00","479.00","464.58"
"27/08/2025 08:00:00 - 27/08/2025 09:00:00","Belgium (BE)","438.48","407.05","393.60","336.71"
"27/08/2025 09:00:00 - 27/08/2025 10:00:00","Belgium (BE)","378.65","357.35","371.85","396.89"
"27/08/2025 10:00:00 - 27/08/2025 11:00:00","Belgium (BE)","329.18","319.93","315.25","371.53"
"27/08/2025 11:00:00 - 27/08/2025 12:00:00","Belgium (BE)","274.03","295.25","332.65","286.42"
"27/08/2025 12:00:00 - 27/08/2025 13:00:00","Belgium (BE)","259.80","299.45","349.85","181.44"
"27/08/2025 13:00:00 - 27/08/2025 14:00:00","Belgium (BE)","240.53","273.23","291.10","91.69"
"27/08/2025 14:00:00 - 27/08/2025 15:00:00","Belgium (BE)","217.58","209.63","201.25","11.58"
"27/08/2025 15:00:00 - 27/08/2025 16:00:00","Belgium (BE)","215.83","185.43","132.30","14.60"
"27/08/2025 16:00:00 - 27/08/2025 17:00:00","Belgium (BE)","246.15","233.50","166.58","247.36"
"27/08/2025 17:00:00 - 27/08/2025 18:00:00","Belgium (BE)","267.78","237.43","209.70","593.83"
"27/08/2025 18:00:00 - 27/08/2025 19:00:00","Belgium (BE)","221.58","236.73","252.45","794.34"
"27/08/2025 19:00:00 - 27/08/2025 20:00:00","Belgium (BE)","174.70","216.10","381.53","399.75"
"27/08/2025 20:00:00 - 27/08/2025 21:00:00","Belgium (BE)","148.25","204.13","471.95","198.62"
"27/08/2025 21:00:00 - 27/08/2025 22:00:00","Belgium (BE)","105.35","221.28","464.18","176.62"
"27/08/2025 22:00:00 - 27/08/2025 23:00:00","Belgium (BE)","93.73","391.53","447.60","210.84"
"27/08/2025 23:00:00 - 28/08/2025 00:00:00","Belgium (BE)","116.18","377.20","351.48","262.33"
"28/08/2025 00:00:00 - 28/08/2025 01:00:00","Belgium (BE)","265.93","216.85","216.85","80.25"
"28/08/2025 01:00:00 - 28/08/2025 02:00:00","Belgium (BE)","234.48","225.90","225.90","82.85"
"28/08/2025 02:00:00 - 28/08/2025 03:00:00","Belgium (BE)","220.60","164.38","164.38","193.08"
"28/08/2025 03:00:00 - 28/08/2025 04:00:00","Belgium (BE)","232.78","193.33","193.33","156.58"
"28/08/2025 04:00:00 - 28/08/2025 05:00:00","Belgium (BE)","247.78","225.88","225.88","140.02"
"28/08/2025 05:00:00 - 28/08/2025 06:00:00","Belgium (BE)","290.50","295.93","295.93","13.92"
"28/08/2025 06:00:00 - 28/08/2025 07:00:00","Belgium (BE)","316.05","309.05","309.05","0.00"
"28/08/2025 07:00:00 - 28/08/2025 08:00:00","Belgium (BE)","272.45","331.53","331.53","0.84"
"28/08/2025 08:00:00 - 28/08/2025 09:00:00","Belgium (BE)","244.10","391.88","333.33","19.16"
"28/08/2025 09:00:00 - 28/08/2025 10:00:00","Belgium (BE)","267.78","402.15","301.68","254.66"
"28/08/2025 10:00:00 - 28/08/2025 11:00:00","Belgium (BE)","312.33","362.98","275.10","315.24"
"28/08/2025 11:00:00 - 28/08/2025 12:00:00","Belgium (BE)","384.43","401.80","320.53","205.72"
"28/08/2025 12:00:00 - 28/08/2025 13:00:00","Belgium (BE)","468.23","436.38","348.08","374.83"
"28/08/2025 13:00:00 - 28/08/2025 14:00:00","Belgium (BE)","664.03","499.80","383.23","510.84"
"28/08/2025 14:00:00 - 28/08/2025 15:00:00","Belgium (BE)","910.33","686.48","534.40","566.36"
"28/08/2025 15:00:00 - 28/08/2025 16:00:00","Belgium (BE)","1167.53","1015.53","789.30","597.33"
"28/08/2025 16:00:00 - 28/08/2025 17:00:00","Belgium (BE)","1434.75","1329.33","1137.45","1175.26"
"28/08/2025 17:00:00 - 28/08/2025 18:00:00","Belgium (BE)","1629.70","1543.65","1351.93","1520.50"
"28/08/2025 18:00:00 - 28/08/2025 19:00:00","Belgium (BE)","1772.45","1717.73","1588.20","1842.11"
"28/08/2025 19:00:00 - 28/08/2025 20:00:00","Belgium (BE)","1875.55","1817.90","1746.78","1931.00"
"28/08/2025 20:00:00 - 28/08/2025 21:00:00","Belgium (BE)","1940.08","1849.85","1810.33","2008.93"
"28/08/2025 21:00:00 - 28/08/2025 22:00:00","Belgium (BE)","1971.60","1859.95","1871.63","2010.41"
"28/08/2025 22:00:00 - 28/08/2025 23:00:00","Belgium (BE)","1962.13","1824.68","1787.65","1986.46"
"28/08/2025 23:00:00 - 29/08/2025 00:00:00","Belgium (BE)","1926.03","1733.03","1688.40","1875.62"
"29/08/2025 00:00:00 - 29/08/2025 01:00:00","Belgium (BE)","1605.38","1491.23","1491.23","1389.71"
"29/08/2025 01:00:00 - 29/08/2025 02:00:00","Belgium (BE)","1502.58","1439.98","1439.98","1305.77"
"29/08/2025 02:00:00 - 29/08/2025 03:00:00","Belgium (BE)","1510.60","1319.95","1319.95","1090.48"
"29/08/2025 03:00:00 - 29/08/2025 04:00:00","Belgium (BE)","1420.43","1295.08","1295.08","969.36"
"29/08/2025 04:00:00 - 29/08/2025 05:00:00","Belgium (BE)","1343.25","1215.13","1215.13","1030.18"
"29/08/2025 05:00:00 - 29/08/2025 06:00:00","Belgium (BE)","1261.78","1090.93","1090.93","1059.09"
"29/08/2025 06:00:00 - 29/08/2025 07:00:00","Belgium (BE)","1196.38","1207.95","1207.95","918.23"
"29/08/2025 07:00:00 - 29/08/2025 08:00:00","Belgium (BE)","1169.35","1331.60","1331.60","1269.84"
"29/08/2025 08:00:00 - 29/08/2025 09:00:00","Belgium (BE)","1138.20","1433.00","1433.00","1234.18"
"29/08/2025 09:00:00 - 29/08/2025 10:00:00","Belgium (BE)","1167.10","1550.05","1514.78","1287.04"
"29/08/2025 10:00:00 - 29/08/2025 11:00:00","Belgium (BE)","1215.38","1706.25","1527.05","1335.35"
"29/08/2025 11:00:00 - 29/08/2025 12:00:00","Belgium (BE)","1161.00","1778.23","1522.55","1540.97"
"29/08/2025 12:00:00 - 29/08/2025 13:00:00","Belgium (BE)","1214.33","1804.58","1514.45","1685.29"
"29/08/2025 13:00:00 - 29/08/2025 14:00:00","Belgium (BE)","1276.73","1815.65","1399.00","1633.47"
"29/08/2025 14:00:00 - 29/08/2025 15:00:00","Belgium (BE)","1301.08","1774.63","1440.33","1688.02"
"29/08/2025 15:00:00 - 29/08/2025 16:00:00","Belgium (BE)","1220.50","1628.98","1631.30","1114.47"
"29/08/2025 16:00:00 - 29/08/2025 17:00:00","Belgium (BE)","1057.58","1572.30","1357.33","747.24"
"29/08/2025 17:00:00 - 29/08/2025 18:00:00","Belgium (BE)","979.63","1656.03","942.25","554.64"
"29/08/2025 18:00:00 - 29/08/2025 19:00:00","Belgium (BE)","1037.98","1588.83","871.73","387.00"
"29/08/2025 19:00:00 - 29/08/2025 20:00:00","Belgium (BE)","1282.23","1572.88","929.88","888.64"
"29/08/2025 20:00:00 - 29/08/2025 21:00:00","Belgium (BE)","1531.78","1420.90","877.38","862.50"
"29/08/2025 21:00:00 - 29/08/2025 22:00:00","Belgium (BE)","1394.28","1284.98","920.50","591.51"
"29/08/2025 22:00:00 - 29/08/2025 23:00:00","Belgium (BE)","1212.43","1248.30","888.38","402.87"
"29/08/2025 23:00:00 - 30/08/2025 00:00:00","Belgium (BE)","1082.13","1209.38","764.53","444.39"
"30/08/2025 00:00:00 - 30/08/2025 01:00:00","Belgium (BE)","917.80","706.70","706.70","601.01"
"30/08/2025 01:00:00 - 30/08/2025 02:00:00","Belgium (BE)","927.08","651.58","651.58","625.11"
"30/08/2025 02:00:00 - 30/08/2025 03:00:00","Belgium (BE)","926.70","575.50","575.50","710.88"
"30/08/2025 03:00:00 - 30/08/2025 04:00:00","Belgium (BE)","797.93","550.90","550.90","686.17"
"30/08/2025 04:00:00 - 30/08/2025 05:00:00","Belgium (BE)","704.73","532.63","532.63","641.43"
"30/08/2025 05:00:00 - 30/08/2025 06:00:00","Belgium (BE)","639.43","576.40","576.40","535.95"
"30/08/2025 06:00:00 - 30/08/2025 07:00:00","Belgium (BE)","605.23","547.03","547.03","461.26"
"30/08/2025 07:00:00 - 30/08/2025 08:00:00","Belgium (BE)","578.73","503.88","503.88","404.71"
"30/08/2025 08:00:00 - 30/08/2025 09:00:00","Belgium (BE)","591.65","531.85","531.85","374.14"
"30/08/2025 09:00:00 - 30/08/2025 10:00:00","Belgium (BE)","603.65","584.65","529.88","398.74"
"30/08/2025 10:00:00 - 30/08/2025 11:00:00","Belgium (BE)","609.93","663.05","631.75","616.49"
"30/08/2025 11:00:00 - 30/08/2025 12:00:00","Belgium (BE)","705.05","758.38","711.65","904.15"
"30/08/2025 12:00:00 - 30/08/2025 13:00:00","Belgium (BE)","808.23","812.23","781.98","892.07"
"30/08/2025 13:00:00 - 30/08/2025 14:00:00","Belgium (BE)","933.55","954.85","1007.70","793.30"
"30/08/2025 14:00:00 - 30/08/2025 15:00:00","Belgium (BE)","1144.40","1120.55","1160.10","811.03"
"30/08/2025 15:00:00 - 30/08/2025 16:00:00","Belgium (BE)","1400.15","1294.85","1279.00","1134.29"
"30/08/2025 16:00:00 - 30/08/2025 17:00:00","Belgium (BE)","1556.65","1472.58","1462.00","1425.11"
"30/08/2025 17:00:00 - 30/08/2025 18:00:00","Belgium (BE)","1591.10","1508.40","1504.78","1155.65"
"30/08/2025 18:00:00 - 30/08/2025 19:00:00","Belgium (BE)","1541.00","1457.28","1405.60","793.01"
"30/08/2025 19:00:00 - 30/08/2025 20:00:00","Belgium (BE)","1341.08","1274.55","1127.88","715.16"
"30/08/2025 20:00:00 - 30/08/2025 21:00:00","Belgium (BE)","1222.13","1191.20","1069.70","1286.54"
"30/08/2025 21:00:00 - 30/08/2025 22:00:00","Belgium (BE)","1175.45","1242.25","1381.25","1457.20"
"30/08/2025 22:00:00 - 30/08/2025 23:00:00","Belgium (BE)","1220.05","1408.48","1578.40","1887.79"
"30/08/2025 23:00:00 - 31/08/2025 00:00:00","Belgium (BE)","1382.80","1608.25","1792.95","2039.12"
"31/08/2025 00:00:00 - 31/08/2025 01:00:00","Belgium (BE)","1937.78","2001.90","2001.90","2174.42"
"31/08/2025 01:00:00 - 31/08/2025 02:00:00","Belgium (BE)","1997.68","2063.90","2063.90","2162.33"
"31/08/2025 02:00:00 - 31/08/2025 03:00:00","Belgium (BE)","2004.33","2071.63","2071.63","2127.51"
"31/08/2025 03:00:00 - 31/08/2025 04:00:00","Belgium (BE)","1961.78","2001.45","2001.45","2071.68"
"31/08/2025 04:00:00 - 31/08/2025 05:00:00","Belgium (BE)","1888.03","1884.40","1884.40","2033.41"
"31/08/2025 05:00:00 - 31/08/2025 06:00:00","Belgium (BE)","1647.25","1576.78","1576.78","1795.12"
"31/08/2025 06:00:00 - 31/08/2025 07:00:00","Belgium (BE)","1254.70","1254.60","1254.60","1491.07"
"31/08/2025 07:00:00 - 31/08/2025 08:00:00","Belgium (BE)","851.50","1004.50","1004.50","1167.44"
"31/08/2025 08:00:00 - 31/08/2025 09:00:00","Belgium (BE)","600.65","775.43","823.43","675.93"
"31/08/2025 09:00:00 - 31/08/2025 10:00:00","Belgium (BE)","443.38","634.55","686.45","633.41"
"31/08/2025 10:00:00 - 31/08/2025 11:00:00","Belgium (BE)","353.03","488.58","449.45","447.50"
"31/08/2025 11:00:00 - 31/08/2025 12:00:00","Belgium (BE)","305.70","392.30","362.75","452.95"
"31/08/2025 12:00:00 - 31/08/2025 13:00:00","Belgium (BE)","289.53","342.53","306.13","483.66"
"31/08/2025 13:00:00 - 31/08/2025 14:00:00","Belgium (BE)","280.15","278.05","261.55","402.82"
"31/08/2025 14:00:00 - 31/08/2025 15:00:00","Belgium (BE)","306.95","231.75","278.08","340.29"
"31/08/2025 15:00:00 - 31/08/2025 16:00:00","Belgium (BE)","359.35","184.45","310.13","305.34"
"31/08/2025 16:00:00 - 31/08/2025 17:00:00","Belgium (BE)","405.30","188.00","271.88","210.74"
"31/08/2025 17:00:00 - 31/08/2025 18:00:00","Belgium (BE)","472.40","196.88","303.00","516.26"
"31/08/2025 18:00:00 - 31/08/2025 19:00:00","Belgium (BE)","492.68","226.48","298.80","774.45"
"31/08/2025 19:00:00 - 31/08/2025 20:00:00","Belgium (BE)","485.80","265.53","401.13","401.83"
"31/08/2025 20:00:00 - 31/08/2025 21:00:00","Belgium (BE)","454.15","323.15","390.53","371.80"
"31/08/2025 21:00:00 - 31/08/2025 22:00:00","Belgium (BE)","439.05","362.70","259.68","246.68"
"31/08/2025 22:00:00 - 31/08/2025 23:00:00","Belgium (BE)","505.65","341.48","199.95","179.40"
"31/08/2025 23:00:00 - 01/09/2025 00:00:00","Belgium (BE)","602.73","330.35","191.30","172.55"
"01/09/2025 00:00:00 - 01/09/2025 01:00:00","Belgium (BE)","193.13","359.80","359.80","321.59"
"01/09/2025 01:00:00 - 01/09/2025 02:00:00","Belgium (BE)","278.43","374.98","374.98","340.02"
"01/09/2025 02:00:00 - 01/09/2025 03:00:00","Belgium (BE)","384.00","457.88","457.88","414.65"
"01/09/2025 03:00:00 - 01/09/2025 04:00:00","Belgium (BE)","385.80","482.88","482.88","499.82"
"01/09/2025 04:00:00 - 01/09/2025 05:00:00","Belgium (BE)","420.58","545.63","545.63","479.06"
"01/09/2025 05:00:00 - 01/09/2025 06:00:00","Belgium (BE)","504.20","586.90","586.90","467.66"
"01/09/2025 06:00:00 - 01/09/2025 07:00:00","Belgium (BE)","572.78","672.08","672.08","615.53"
"01/09/2025 07:00:00 - 01/09/2025 08:00:00","Belgium (BE)","652.53","740.55","740.55","716.73"
"01/09/2025 08:00:00 - 01/09/2025 09:00:00","Belgium (BE)","732.13","829.88","831.68","833.46"
"01/09/2025 09:00:00 - 01/09/2025 10:00:00","Belgium (BE)","809.00","916.03","890.58","1002.77"
"01/09/2025 10:00:00 - 01/09/2025 11:00:00","Belgium (BE)","852.23","982.48","955.15","1074.26"
"01/09/2025 11:00:00 - 01/09/2025 12:00:00","Belgium (BE)","899.60","1054.08","1038.65","1060.72"
"01/09/2025 12:00:00 - 01/09/2025 13:00:00","Belgium (BE)","1028.38","1259.43","1207.83","1199.88"
"01/09/2025 13:00:00 - 01/09/2025 14:00:00","Belgium (BE)","1095.93","1384.63","1287.43","1452.51"
"01/09/2025 14:00:00 - 01/09/2025 15:00:00","Belgium (BE)","1093.85","1428.53","1356.55","1357.02"
"01/09/2025 15:00:00 - 01/09/2025 16:00:00","Belgium (BE)","1040.80","1411.35","1369.65","1289.29"
"01/09/2025 16:00:00 - 01/09/2025 17:00:00","Belgium (BE)","1015.25","1435.58","1408.43","1113.86"
"01/09/2025 17:00:00 - 01/09/2025 18:00:00","Belgium (BE)","1012.33","1411.28","1398.68","1146.64"
"01/09/2025 18:00:00 - 01/09/2025 19:00:00","Belgium (BE)","1037.15","1356.13","1279.98","902.43"
"01/09/2025 19:00:00 - 01/09/2025 20:00:00","Belgium (BE)","1100.28","1398.93","1230.65","1016.43"
"01/09/2025 20:00:00 - 01/09/2025 21:00:00","Belgium (BE)","1148.18","1422.45","1172.43","1219.42"
"01/09/2025 21:00:00 - 01/09/2025 22:00:00","Belgium (BE)","1173.98","1437.00","1251.40","1124.08"
"01/09/2025 22:00:00 - 01/09/2025 23:00:00","Belgium (BE)","1168.95","1422.73","1326.38","1089.19"
"01/09/2025 23:00:00 - 02/09/2025 00:00:00","Belgium (BE)","1154.53","1390.78","1325.33","1207.59"
"02/09/2025 00:00:00 - 02/09/2025 01:00:00","Belgium (BE)","1323.65","1307.20","1307.20","1276.04"
"02/09/2025 01:00:00 - 02/09/2025 02:00:00","Belgium (BE)","1269.33","1294.45","1294.45","1445.55"
"02/09/2025 02:00:00 - 02/09/2025 03:00:00","Belgium (BE)","1180.75","1403.05","1403.05","1208.66"
"02/09/2025 03:00:00 - 02/09/2025 04:00:00","Belgium (BE)","1102.13","1464.53","1464.53","1196.99"
"02/09/2025 04:00:00 - 02/09/2025 05:00:00","Belgium (BE)","1171.90","1483.03","1483.03","953.52"
"02/09/2025 05:00:00 - 02/09/2025 06:00:00","Belgium (BE)","1211.80","1374.23","1374.23","1207.07"
"02/09/2025 06:00:00 - 02/09/2025 07:00:00","Belgium (BE)","1310.53","1315.18","1315.18","1217.96"
"02/09/2025 07:00:00 - 02/09/2025 08:00:00","Belgium (BE)","1296.88","1328.15","1328.15","1144.43"
"02/09/2025 08:00:00 - 02/09/2025 09:00:00","Belgium (BE)","1233.28","1304.38","1304.38","1256.80"
"02/09/2025 09:00:00 - 02/09/2025 10:00:00","Belgium (BE)","1246.25","1307.65","1244.35","1172.84"
"02/09/2025 10:00:00 - 02/09/2025 11:00:00","Belgium (BE)","1090.30","1255.40","1164.23","1048.46"
"02/09/2025 11:00:00 - 02/09/2025 12:00:00","Belgium (BE)","1079.53","1206.35","1100.05","1092.75"
"02/09/2025 12:00:00 - 02/09/2025 13:00:00","Belgium (BE)","1047.70","1068.58","962.38","1220.04"
"02/09/2025 13:00:00 - 02/09/2025 14:00:00","Belgium (BE)","942.98","939.98","939.38","1131.67"
"02/09/2025 14:00:00 - 02/09/2025 15:00:00","Belgium (BE)","943.13","941.40","1036.90","944.25"
"02/09/2025 15:00:00 - 02/09/2025 16:00:00","Belgium (BE)","1027.30","1016.35","1062.00","1324.53"
"02/09/2025 16:00:00 - 02/09/2025 17:00:00","Belgium (BE)","1157.53","1164.68","1085.03","1651.71"
"02/09/2025 17:00:00 - 02/09/2025 18:00:00","Belgium (BE)","1435.68","1321.38","1158.40","1500.87"
"02/09/2025 18:00:00 - 02/09/2025 19:00:00","Belgium (BE)","1690.48","1539.80","1528.60","1611.49"
"02/09/2025 19:00:00 - 02/09/2025 20:00:00","Belgium (BE)","1746.73","1635.05","1728.98","1636.92"
"02/09/2025 20:00:00 - 02/09/2025 21:00:00","Belgium (BE)","1709.55","1604.50","1788.40","1270.08"
"02/09/2025 21:00:00 - 02/09/2025 22:00:00","Belgium (BE)","1621.30","1620.88","1680.55","1655.35"
"02/09/2025 22:00:00 - 02/09/2025 23:00:00","Belgium (BE)","1578.65","1560.60","1625.10","1981.64"
"02/09/2025 23:00:00 - 03/09/2025 00:00:00","Belgium (BE)","1619.58","1588.50","1688.88","1872.12"
"03/09/2025 00:00:00 - 03/09/2025 01:00:00","Belgium (BE)","1728.53","1862.05","1862.05","1857.13"
"03/09/2025 01:00:00 - 03/09/2025 02:00:00","Belgium (BE)","1906.50","1945.08","1945.08","1857.03"
"03/09/2025 02:00:00 - 03/09/2025 03:00:00","Belgium (BE)","2010.45","2016.60","2016.60","2049.20"
"03/09/2025 03:00:00 - 03/09/2025 04:00:00","Belgium (BE)","2075.83","2039.45","2039.45","2110.62"
"03/09/2025 04:00:00 - 03/09/2025 05:00:00","Belgium (BE)","2096.63","2071.30","2071.30","2115.44"
"03/09/2025 05:00:00 - 03/09/2025 06:00:00","Belgium (BE)","2080.70","2090.38","2090.38","2056.85"
"03/09/2025 06:00:00 - 03/09/2025 07:00:00","Belgium (BE)","2092.35","2119.30","2119.30","2175.35"
"03/09/2025 07:00:00 - 03/09/2025 08:00:00","Belgium (BE)","2116.75","2114.80","2114.80","2177.88"
"03/09/2025 08:00:00 - 03/09/2025 09:00:00","Belgium (BE)","2125.80","2121.35","2162.03","2190.79"
"03/09/2025 09:00:00 - 03/09/2025 10:00:00","Belgium (BE)","2119.53","2116.15","2163.90","2189.60"
"03/09/2025 10:00:00 - 03/09/2025 11:00:00","Belgium (BE)","2105.43","2107.85","2166.93","2184.06"
"03/09/2025 11:00:00 - 03/09/2025 12:00:00","Belgium (BE)","2097.78","2097.50","2150.15","2176.15"
"03/09/2025 12:00:00 - 03/09/2025 13:00:00","Belgium (BE)","2092.93","2089.13","2144.55","2179.28"
"03/09/2025 13:00:00 - 03/09/2025 14:00:00","Belgium (BE)","2088.98","2080.58","2166.05","2173.85"
"03/09/2025 14:00:00 - 03/09/2025 15:00:00","Belgium (BE)","2092.65","2080.38","2156.48","2172.02"
"03/09/2025 15:00:00 - 03/09/2025 16:00:00","Belgium (BE)","2102.75","2091.05","2156.70","1981.54"
"03/09/2025 16:00:00 - 03/09/2025 17:00:00","Belgium (BE)","2115.38","2105.35","2148.65","2074.19"
"03/09/2025 17:00:00 - 03/09/2025 18:00:00","Belgium (BE)","2132.00","2118.45","2084.83","2167.53"
"03/09/2025 18:00:00 - 03/09/2025 19:00:00","Belgium (BE)","2138.63","2124.70","2123.28","2160.35"
"03/09/2025 19:00:00 - 03/09/2025 20:00:00","Belgium (BE)","2141.10","2126.85","2124.93","2140.41"
"03/09/2025 20:00:00 - 03/09/2025 21:00:00","Belgium (BE)","2146.33","2129.80","2157.35","2154.09"
"03/09/2025 21:00:00 - 03/09/2025 22:00:00","Belgium (BE)","2157.78","2141.10","2155.00","2143.73"
"03/09/2025 22:00:00 - 03/09/2025 23:00:00","Belgium (BE)","2158.55","2150.63","2150.90","2155.91"
"03/09/2025 23:00:00 - 04/09/2025 00:00:00","Belgium (BE)","2146.50","2147.85","2150.70","2123.81"
"04/09/2025 00:00:00 - 04/09/2025 01:00:00","Belgium (BE)","2136.65","2153.75","2153.75","2150.53"
"04/09/2025 01:00:00 - 04/09/2025 02:00:00","Belgium (BE)","2119.60","2116.35","2116.35","2148.98"
"04/09/2025 02:00:00 - 04/09/2025 03:00:00","Belgium (BE)","2096.08","2130.13","2130.13","2134.59"
"04/09/2025 03:00:00 - 04/09/2025 04:00:00","Belgium (BE)","2059.60","2106.40","2106.40","2107.07"
"04/09/2025 04:00:00 - 04/09/2025 05:00:00","Belgium (BE)","2013.28","2088.13","2088.13","2107.61"
"04/09/2025 05:00:00 - 04/09/2025 06:00:00","Belgium (BE)","1958.55","2021.50","2021.50","2024.03"
"04/09/2025 06:00:00 - 04/09/2025 07:00:00","Belgium (BE)","1844.33","1938.63","1938.63","1919.94"
"04/09/2025 07:00:00 - 04/09/2025 08:00:00","Belgium (BE)","1719.75","1842.35","1842.35","1887.51"
"04/09/2025 08:00:00 - 04/09/2025 09:00:00","Belgium (BE)","1623.83","1749.85","1758.95","1742.25"
"04/09/2025 09:00:00 - 04/09/2025 10:00:00","Belgium (BE)","1536.43","1665.48","1716.90","1809.03"
"04/09/2025 10:00:00 - 04/09/2025 11:00:00","Belgium (BE)","1492.30","1643.88","1695.65","1574.50"
"04/09/2025 11:00:00 - 04/09/2025 12:00:00","Belgium (BE)","1561.38","1690.88","1787.40","1814.50"
"04/09/2025 12:00:00 - 04/09/2025 13:00:00","Belgium (BE)","1623.70","1623.05","1666.23","2033.17"
"04/09/2025 13:00:00 - 04/09/2025 14:00:00","Belgium (BE)","1620.08","1523.65","1614.60","1997.59"
"04/09/2025 14:00:00 - 04/09/2025 15:00:00","Belgium (BE)","1681.65","1446.93","1722.73","1524.56"
"04/09/2025 15:00:00 - 04/09/2025 16:00:00","Belgium (BE)","1657.80","1471.93","1711.90","1930.94"
"04/09/2025 16:00:00 - 04/09/2025 17:00:00","Belgium (BE)","1654.90","1486.63","1799.38","2001.09"
"04/09/2025 17:00:00 - 04/09/2025 18:00:00","Belgium (BE)","1694.10","1621.80","2039.30","2132.10"
"04/09/2025 18:00:00 - 04/09/2025 19:00:00","Belgium (BE)","1730.03","1726.68","2074.83","2126.78"
"04/09/2025 19:00:00 - 04/09/2025 20:00:00","Belgium (BE)","1718.13","1740.98","2035.78","2013.76"
"04/09/2025 20:00:00 - 04/09/2025 21:00:00","Belgium (BE)","1654.25","1600.65","1850.70","1881.98"
"04/09/2025 21:00:00 - 04/09/2025 22:00:00","Belgium (BE)","1520.85","1506.35","1696.15","1641.45"
"04/09/2025 22:00:00 - 04/09/2025 23:00:00","Belgium (BE)","1331.43","1386.20","1551.93","1505.63"
"04/09/2025 23:00:00 - 05/09/2025 00:00:00","Belgium (BE)","1177.60","1201.10","1302.98","1541.19"
"05/09/2025 00:00:00 - 05/09/2025 01:00:00","Belgium (BE)","1012.53","838.45","838.45","1163.38"
"05/09/2025 01:00:00 - 05/09/2025 02:00:00","Belgium (BE)","722.38","740.00","740.00","739.93"
"05/09/2025 02:00:00 - 05/09/2025 03:00:00","Belgium (BE)","511.28","562.50","562.50","443.14"
"05/09/2025 03:00:00 - 05/09/2025 04:00:00","Belgium (BE)","390.35","412.30","412.30","350.48"
"05/09/2025 04:00:00 - 05/09/2025 05:00:00","Belgium (BE)","337.55","327.63","327.63","327.24"
"05/09/2025 05:00:00 - 05/09/2025 06:00:00","Belgium (BE)","288.03","279.58","279.58","241.06"
"05/09/2025 06:00:00 - 05/09/2025 07:00:00","Belgium (BE)","254.33","270.08","270.08","235.32"
"05/09/2025 07:00:00 - 05/09/2025 08:00:00","Belgium (BE)","247.50","256.13","256.13","273.88"
"05/09/2025 08:00:00 - 05/09/2025 09:00:00","Belgium (BE)","259.70","284.70","283.18","274.29"
"05/09/2025 09:00:00 - 05/09/2025 10:00:00","Belgium (BE)","278.40","301.28","317.70","365.88"
"05/09/2025 10:00:00 - 05/09/2025 11:00:00","Belgium (BE)","280.28","296.85","332.68","304.02"
"05/09/2025 11:00:00 - 05/09/2025 12:00:00","Belgium (BE)","248.18","261.53","325.58","319.84"
"05/09/2025 12:00:00 - 05/09/2025 13:00:00","Belgium (BE)","208.48","219.98","285.95","242.64"
"05/09/2025 13:00:00 - 05/09/2025 14:00:00","Belgium (BE)","160.85","181.78","265.75","211.89"
"05/09/2025 14:00:00 - 05/09/2025 15:00:00","Belgium (BE)","125.35","163.53","232.30","238.41"
"05/09/2025 15:00:00 - 05/09/2025 16:00:00","Belgium (BE)","100.00","141.60","200.83","250.91"
"05/09/2025 16:00:00 - 05/09/2025 17:00:00","Belgium (BE)","83.83","107.60","159.23","188.27"
"05/09/2025 17:00:00 - 05/09/2025 18:00:00","Belgium (BE)","55.60","72.05","139.50","68.67"
"05/09/2025 18:00:00 - 05/09/2025 19:00:00","Belgium (BE)","46.58","55.10","105.43","31.71"
"05/09/2025 19:00:00 - 05/09/2025 20:00:00","Belgium (BE)","46.48","55.10","75.70","57.92"
"05/09/2025 20:00:00 - 05/09/2025 21:00:00","Belgium (BE)","49.15","51.70","91.60","23.32"
"05/09/2025 21:00:00 - 05/09/2025 22:00:00","Belgium (BE)","62.68","59.65","107.25","8.27"
"05/09/2025 22:00:00 - 05/09/2025 23:00:00","Belgium (BE)","81.45","85.90","131.30","11.66"
"05/09/2025 23:00:00 - 06/09/2025 00:00:00","Belgium (BE)","116.18","118.15","156.95","36.15"
"06/09/2025 00:00:00 - 06/09/2025 01:00:00","Belgium (BE)","170.78","117.13","117.13","94.78"
"06/09/2025 01:00:00 - 06/09/2025 02:00:00","Belgium (BE)","169.55","107.50","107.50","162.22"
"06/09/2025 02:00:00 - 06/09/2025 03:00:00","Belgium (BE)","146.13","95.95","95.95","142.56"
"06/09/2025 03:00:00 - 06/09/2025 04:00:00","Belgium (BE)","100.58","75.85","75.85","159.94"
"06/09/2025 04:00:00 - 06/09/2025 05:00:00","Belgium (BE)","61.18","79.65","79.65","115.07"
"06/09/2025 05:00:00 - 06/09/2025 06:00:00","Belgium (BE)","47.48","90.28","90.28","73.31"
"06/09/2025 06:00:00 - 06/09/2025 07:00:00","Belgium (BE)","40.68","82.28","82.28","92.73"
"06/09/2025 07:00:00 - 06/09/2025 08:00:00","Belgium (BE)","50.35","86.28","86.28","136.91"
"06/09/2025 08:00:00 - 06/09/2025 09:00:00","Belgium (BE)","59.93","87.73","87.73","216.02"
"06/09/2025 09:00:00 - 06/09/2025 10:00:00","Belgium (BE)","61.65","87.65","105.58","178.16"
"06/09/2025 10:00:00 - 06/09/2025 11:00:00","Belgium (BE)","64.28","83.93","121.90","59.48"
"06/09/2025 11:00:00 - 06/09/2025 12:00:00","Belgium (BE)","60.65","74.78","88.43","3.77"
"06/09/2025 12:00:00 - 06/09/2025 13:00:00","Belgium (BE)","52.90","74.58","54.18","1.89"
"06/09/2025 13:00:00 - 06/09/2025 14:00:00","Belgium (BE)","61.58","97.68","61.35","37.73"
"06/09/2025 14:00:00 - 06/09/2025 15:00:00","Belgium (BE)","92.23","132.23","99.00","49.52"
"06/09/2025 15:00:00 - 06/09/2025 16:00:00","Belgium (BE)","134.33","146.70","161.18","166.18"
"06/09/2025 16:00:00 - 06/09/2025 17:00:00","Belgium (BE)","210.20","187.33","244.23","275.87"
"06/09/2025 17:00:00 - 06/09/2025 18:00:00","Belgium (BE)","327.18","291.18","393.33","312.65"
"06/09/2025 18:00:00 - 06/09/2025 19:00:00","Belgium (BE)","498.98","491.23","590.85","464.71"
"06/09/2025 19:00:00 - 06/09/2025 20:00:00","Belgium (BE)","683.70","751.58","748.18","876.15"
"06/09/2025 20:00:00 - 06/09/2025 21:00:00","Belgium (BE)","852.53","957.23","890.25","1077.82"
"06/09/2025 21:00:00 - 06/09/2025 22:00:00","Belgium (BE)","953.35","1088.50","1083.73","1053.99"
"06/09/2025 22:00:00 - 06/09/2025 23:00:00","Belgium (BE)","1083.60","1092.33","1145.20","897.92"
"06/09/2025 23:00:00 - 07/09/2025 00:00:00","Belgium (BE)","1133.30","1068.18","1212.10","907.60"
"07/09/2025 00:00:00 - 07/09/2025 01:00:00","Belgium (BE)","1117.75","1044.60","1044.60","877.28"
"07/09/2025 01:00:00 - 07/09/2025 02:00:00","Belgium (BE)","1085.28","1087.38","1087.38","908.26"
"07/09/2025 02:00:00 - 07/09/2025 03:00:00","Belgium (BE)","1051.58","1121.73","1121.73","847.37"
"07/09/2025 03:00:00 - 07/09/2025 04:00:00","Belgium (BE)","1018.68","1025.95","1025.95","867.47"
"07/09/2025 04:00:00 - 07/09/2025 05:00:00","Belgium (BE)","977.55","916.73","916.73","822.81"
"07/09/2025 05:00:00 - 07/09/2025 06:00:00","Belgium (BE)","1023.45","945.95","945.95","858.67"
"07/09/2025 06:00:00 - 07/09/2025 07:00:00","Belgium (BE)","1056.05","1005.80","1005.80","896.77"
"07/09/2025 07:00:00 - 07/09/2025 08:00:00","Belgium (BE)","1094.05","1051.25","1051.25","966.81"
"07/09/2025 08:00:00 - 07/09/2025 09:00:00","Belgium (BE)","1127.48","1002.30","1002.30","718.44"
"07/09/2025 09:00:00 - 07/09/2025 10:00:00","Belgium (BE)","1065.13","932.95","919.08","596.60"
"07/09/2025 10:00:00 - 07/09/2025 11:00:00","Belgium (BE)","965.65","856.00","739.23","560.25"
"07/09/2025 11:00:00 - 07/09/2025 12:00:00","Belgium (BE)","916.18","825.85","717.15","564.04"
"07/09/2025 12:00:00 - 07/09/2025 13:00:00","Belgium (BE)","840.58","794.33","729.85","536.14"
"07/09/2025 13:00:00 - 07/09/2025 14:00:00","Belgium (BE)","745.18","775.73","702.10","622.67"
"07/09/2025 14:00:00 - 07/09/2025 15:00:00","Belgium (BE)","628.23","739.20","718.03","596.06"
"07/09/2025 15:00:00 - 07/09/2025 16:00:00","Belgium (BE)","530.55","692.63","718.10","506.26"
"07/09/2025 16:00:00 - 07/09/2025 17:00:00","Belgium (BE)","437.98","628.10","628.23","648.30"
"07/09/2025 17:00:00 - 07/09/2025 18:00:00","Belgium (BE)","347.23","530.98","518.13","651.53"
"07/09/2025 18:00:00 - 07/09/2025 19:00:00","Belgium (BE)","277.90","424.95","471.83","657.94"
"07/09/2025 19:00:00 - 07/09/2025 20:00:00","Belgium (BE)","208.93","347.28","408.15","352.99"
"07/09/2025 20:00:00 - 07/09/2025 21:00:00","Belgium (BE)","175.60","277.73","391.43","974.04"
"07/09/2025 21:00:00 - 07/09/2025 22:00:00","Belgium (BE)","196.30","242.28","334.60","1023.90"
"07/09/2025 22:00:00 - 07/09/2025 23:00:00","Belgium (BE)","275.48","198.78","315.80","395.93"
"07/09/2025 23:00:00 - 08/09/2025 00:00:00","Belgium (BE)","273.58","217.00","378.28","206.27"
"08/09/2025 00:00:00 - 08/09/2025 01:00:00","Belgium (BE)","387.98","364.00","364.00","305.93"
"08/09/2025 01:00:00 - 08/09/2025 02:00:00","Belgium (BE)","368.73","343.35","343.35","307.50"
"08/09/2025 02:00:00 - 08/09/2025 03:00:00","Belgium (BE)","349.33","343.20","343.20","427.63"
"08/09/2025 03:00:00 - 08/09/2025 04:00:00","Belgium (BE)","362.30","370.80","370.80","486.78"
"08/09/2025 04:00:00 - 08/09/2025 05:00:00","Belgium (BE)","355.13","470.33","470.33","429.30"
"08/09/2025 05:00:00 - 08/09/2025 06:00:00","Belgium (BE)","351.18","461.03","461.03","383.22"
"08/09/2025 06:00:00 - 08/09/2025 07:00:00","Belgium (BE)","310.25","350.08","350.08","166.81"
"08/09/2025 07:00:00 - 08/09/2025 08:00:00","Belgium (BE)","303.50","312.43","312.43","222.29"
"08/09/2025 08:00:00 - 08/09/2025 09:00:00","Belgium (BE)","346.55","299.78","248.40","275.74"
"08/09/2025 09:00:00 - 08/09/2025 10:00:00","Belgium (BE)","402.83","308.15","291.48","157.66"
"08/09/2025 10:00:00 - 08/09/2025 11:00:00","Belgium (BE)","428.68","351.15","326.55","150.00"
"08/09/2025 11:00:00 - 08/09/2025 12:00:00","Belgium (BE)","427.68","356.23","289.83","176.39"
"08/09/2025 12:00:00 - 08/09/2025 13:00:00","Belgium (BE)","413.15","333.38","295.78","196.45"
"08/09/2025 13:00:00 - 08/09/2025 14:00:00","Belgium (BE)","373.88","305.70","219.55","185.23"
"08/09/2025 14:00:00 - 08/09/2025 15:00:00","Belgium (BE)","307.10","270.80","191.68","95.36"
"08/09/2025 15:00:00 - 08/09/2025 16:00:00","Belgium (BE)","258.85","213.33","136.93","67.18"
"08/09/2025 16:00:00 - 08/09/2025 17:00:00","Belgium (BE)","197.73","170.80","100.18","12.83"
"08/09/2025 17:00:00 - 08/09/2025 18:00:00","Belgium (BE)","171.53","163.05","95.13","0.00"
"08/09/2025 18:00:00 - 08/09/2025 19:00:00","Belgium (BE)","167.83","162.58","100.18","32.18"
"08/09/2025 19:00:00 - 08/09/2025 20:00:00","Belgium (BE)","178.05","175.20","122.38","78.65"
"08/09/2025 20:00:00 - 08/09/2025 21:00:00","Belgium (BE)","192.63","204.78","147.33","137.72"
"08/09/2025 21:00:00 - 08/09/2025 22:00:00","Belgium (BE)","213.95","260.10","166.78","125.86"
"08/09/2025 22:00:00 - 08/09/2025 23:00:00","Belgium (BE)","226.00","295.53","180.75","172.53"
"08/09/2025 23:00:00 - 09/09/2025 00:00:00","Belgium (BE)","212.25","294.73","164.10","159.42"
"09/09/2025 00:00:00 - 09/09/2025 01:00:00","Belgium (BE)","178.88","120.00","120.00","108.14"
"09/09/2025 01:00:00 - 09/09/2025 02:00:00","Belgium (BE)","149.85","127.35","127.35","118.76"
"09/09/2025 02:00:00 - 09/09/2025 03:00:00","Belgium (BE)","115.88","92.65","92.65","91.40"
"09/09/2025 03:00:00 - 09/09/2025 04:00:00","Belgium (BE)","104.03","57.55","57.55","18.66"
"09/09/2025 04:00:00 - 09/09/2025 05:00:00","Belgium (BE)","72.55","40.90","40.90","0.00"
"09/09/2025 05:00:00 - 09/09/2025 06:00:00","Belgium (BE)","43.85","13.85","13.85","0.00"
"09/09/2025 06:00:00 - 09/09/2025 07:00:00","Belgium (BE)","30.68","10.78","10.78","0.00"
"09/09/2025 07:00:00 - 09/09/2025 08:00:00","Belgium (BE)","27.93","14.68","14.68","0.00"
"09/09/2025 08:00:00 - 09/09/2025 09:00:00","Belgium (BE)","23.10","16.25","18.90","14.08"
"09/09/2025 09:00:00 - 09/09/2025 10:00:00","Belgium (BE)","21.73","13.25","13.75","0.43"
"09/09/2025 10:00:00 - 09/09/2025 11:00:00","Belgium (BE)","15.33","9.83","11.90","32.02"
"09/09/2025 11:00:00 - 09/09/2025 12:00:00","Belgium (BE)","9.53","7.85","7.20","45.20"
"09/09/2025 12:00:00 - 09/09/2025 13:00:00","Belgium (BE)","7.63","7.33","12.03","0.00"
"09/09/2025 13:00:00 - 09/09/2025 14:00:00","Belgium (BE)","7.45","6.68","15.50","0.00"
"09/09/2025 14:00:00 - 09/09/2025 15:00:00","Belgium (BE)","7.50","6.40","8.78","0.00"
"09/09/2025 15:00:00 - 09/09/2025 16:00:00","Belgium (BE)","7.80","6.90","8.98","0.00"
"09/09/2025 16:00:00 - 09/09/2025 17:00:00","Belgium (BE)","8.05","8.48","10.80","3.04"
"09/09/2025 17:00:00 - 09/09/2025 18:00:00","Belgium (BE)","9.13","9.65","12.45","12.47"
"09/09/2025 18:00:00 - 09/09/2025 19:00:00","Belgium (BE)","9.83","9.43","10.63","0.00"
"09/09/2025 19:00:00 - 09/09/2025 20:00:00","Belgium (BE)","9.60","8.58","9.50","0.00"
"09/09/2025 20:00:00 - 09/09/2025 21:00:00","Belgium (BE)","8.85","9.68","9.00","0.00"
"09/09/2025 21:00:00 - 09/09/2025 22:00:00","Belgium (BE)","7.83","14.85","18.85","0.00"
"09/09/2025 22:00:00 - 09/09/2025 23:00:00","Belgium (BE)","10.03","32.73","26.75","20.46"
"09/09/2025 23:00:00 - 10/09/2025 00:00:00","Belgium (BE)","15.73","94.83","72.80","144.10"
"10/09/2025 00:00:00 - 10/09/2025 01:00:00","Belgium (BE)","140.68","219.13","219.13","181.97"
"10/09/2025 01:00:00 - 10/09/2025 02:00:00","Belgium (BE)","217.08","270.83","270.83","217.36"
"10/09/2025 02:00:00 - 10/09/2025 03:00:00","Belgium (BE)","238.35","276.98","276.98","270.49"
"10/09/2025 03:00:00 - 10/09/2025 04:00:00","Belgium (BE)","243.75","278.75","278.75","202.03"
"10/09/2025 04:00:00 - 10/09/2025 05:00:00","Belgium (BE)","278.33","297.73","297.73","177.36"
"10/09/2025 05:00:00 - 10/09/2025 06:00:00","Belgium (BE)","321.20","300.58","300.58","166.98"
"10/09/2025 06:00:00 - 10/09/2025 07:00:00","Belgium (BE)","378.45","317.10","317.10","195.38"
"10/09/2025 07:00:00 - 10/09/2025 08:00:00","Belgium (BE)","439.83","379.08","354.68","252.77"
"10/09/2025 08:00:00 - 10/09/2025 09:00:00","Belgium (BE)","490.60","460.90","425.15","372.97"
"10/09/2025 09:00:00 - 10/09/2025 10:00:00","Belgium (BE)","529.95","502.78","477.23","482.62"
"10/09/2025 10:00:00 - 10/09/2025 11:00:00","Belgium (BE)","522.70","519.28","571.83","472.78"
"10/09/2025 11:00:00 - 10/09/2025 12:00:00","Belgium (BE)","443.95","424.50","523.85","463.05"
"10/09/2025 12:00:00 - 10/09/2025 13:00:00","Belgium (BE)","440.95","398.23","509.08","582.97"
"10/09/2025 13:00:00 - 10/09/2025 14:00:00","Belgium (BE)","518.78","450.73","542.75","327.93"
"10/09/2025 14:00:00 - 10/09/2025 15:00:00","Belgium (BE)","891.45","631.05","701.88","289.33"
"10/09/2025 15:00:00 - 10/09/2025 16:00:00","Belgium (BE)","1035.38","829.63","835.15","790.78"
"10/09/2025 16:00:00 - 10/09/2025 17:00:00","Belgium (BE)","1232.88","1047.13","1024.85","1593.32"
"10/09/2025 17:00:00 - 10/09/2025 18:00:00","Belgium (BE)","1175.68","1190.93","1149.53","745.75"
"10/09/2025 18:00:00 - 10/09/2025 19:00:00","Belgium (BE)","1092.73","1124.88","1164.40","703.06"
"10/09/2025 19:00:00 - 10/09/2025 20:00:00","Belgium (BE)","1025.95","1171.90","951.08","1163.62"
"10/09/2025 20:00:00 - 10/09/2025 21:00:00","Belgium (BE)","1079.93","1295.93","1034.23","1035.32"
"10/09/2025 21:00:00 - 10/09/2025 22:00:00","Belgium (BE)","1137.80","1513.48","1217.33","1273.67"
"10/09/2025 22:00:00 - 10/09/2025 23:00:00","Belgium (BE)","1263.15","1676.15","1439.23","1273.26"
"10/09/2025 23:00:00 - 11/09/2025 00:00:00","Belgium (BE)","1359.08","1835.70","1720.75","1832.20"
"11/09/2025 00:00:00 - 11/09/2025 01:00:00","Belgium (BE)","1845.15","1944.40","1944.40","2006.58"
"11/09/2025 01:00:00 - 11/09/2025 02:00:00","Belgium (BE)","1938.60","1985.60","1985.60","2109.83"
"11/09/2025 02:00:00 - 11/09/2025 03:00:00","Belgium (BE)","1935.98","1983.83","1983.83","2126.15"
"11/09/2025 03:00:00 - 11/09/2025 04:00:00","Belgium (BE)","1954.10","1980.88","1980.88","2108.43"
"11/09/2025 04:00:00 - 11/09/2025 05:00:00","Belgium (BE)","1891.35","1933.48","1933.48","2098.56"
"11/09/2025 05:00:00 - 11/09/2025 06:00:00","Belgium (BE)","1749.35","1822.50","1822.50","1941.39"
"11/09/2025 06:00:00 - 11/09/2025 07:00:00","Belgium (BE)","1607.20","1726.43","1726.43","1747.34"
"11/09/2025 07:00:00 - 11/09/2025 08:00:00","Belgium (BE)","1468.98","1650.43","1650.43","1462.09"
"11/09/2025 08:00:00 - 11/09/2025 09:00:00","Belgium (BE)","1461.38","1597.25","1597.25","1426.47"
"11/09/2025 09:00:00 - 11/09/2025 10:00:00","Belgium (BE)","1533.70","1719.73","1663.00","1597.55"
"11/09/2025 10:00:00 - 11/09/2025 11:00:00","Belgium (BE)","1687.68","1800.13","1761.10","1787.03"
"11/09/2025 11:00:00 - 11/09/2025 12:00:00","Belgium (BE)","1810.18","1831.65","1814.70","1659.73"
"11/09/2025 12:00:00 - 11/09/2025 13:00:00","Belgium (BE)","1807.65","1937.33","1940.53","1703.94"
"11/09/2025 13:00:00 - 11/09/2025 14:00:00","Belgium (BE)","1923.08","1999.48","1947.75","1427.83"
"11/09/2025 14:00:00 - 11/09/2025 15:00:00","Belgium (BE)","1998.95","2028.83","1977.10","1543.45"
"11/09/2025 15:00:00 - 11/09/2025 16:00:00","Belgium (BE)","2038.63","2056.43","1898.48","1795.04"
"11/09/2025 16:00:00 - 11/09/2025 17:00:00","Belgium (BE)","2065.88","2083.30","1960.30","2003.64"
"11/09/2025 17:00:00 - 11/09/2025 18:00:00","Belgium (BE)","2094.20","2109.25","2029.85","2156.80"
"11/09/2025 18:00:00 - 11/09/2025 19:00:00","Belgium (BE)","2115.65","2126.93","2075.58","2173.14"
"11/09/2025 19:00:00 - 11/09/2025 20:00:00","Belgium (BE)","2129.63","2131.50","2132.88","1655.12"
"11/09/2025 20:00:00 - 11/09/2025 21:00:00","Belgium (BE)","2132.95","2126.43","2138.18","1962.44"
"11/09/2025 21:00:00 - 11/09/2025 22:00:00","Belgium (BE)","2129.18","2120.53","1982.95","2178.58"
"11/09/2025 22:00:00 - 11/09/2025 23:00:00","Belgium (BE)","2115.20","2113.48","2034.80","2137.98"
"11/09/2025 23:00:00 - 12/09/2025 00:00:00","Belgium (BE)","2099.38","2107.30","2065.43","2045.55"
"12/09/2025 00:00:00 - 12/09/2025 01:00:00","Belgium (BE)","2105.60","2102.40","2102.40","1932.96"
"12/09/2025 01:00:00 - 12/09/2025 02:00:00","Belgium (BE)","2100.03","2061.53","2061.53","1918.79"
"12/09/2025 02:00:00 - 12/09/2025 03:00:00","Belgium (BE)","2096.25","2017.88","2017.88","1915.82"
"12/09/2025 03:00:00 - 12/09/2025 04:00:00","Belgium (BE)","2080.98","2043.18","2043.18","1845.06"
"12/09/2025 04:00:00 - 12/09/2025 05:00:00","Belgium (BE)","2075.40","2034.58","2034.58","1829.29"
"12/09/2025 05:00:00 - 12/09/2025 06:00:00","Belgium (BE)","2076.45","2024.15","2024.15","1846.24"
"12/09/2025 06:00:00 - 12/09/2025 07:00:00","Belgium (BE)","2072.48","2021.28","2021.28","1873.12"
"12/09/2025 07:00:00 - 12/09/2025 08:00:00","Belgium (BE)","2061.58","2021.00","2021.00","1751.08"
"12/09/2025 08:00:00 - 12/09/2025 09:00:00","Belgium (BE)","2032.38","2031.35","2031.35","1691.89"
"12/09/2025 09:00:00 - 12/09/2025 10:00:00","Belgium (BE)","2004.15","2009.65","1920.65","1742.07"
"12/09/2025 10:00:00 - 12/09/2025 11:00:00","Belgium (BE)","1967.38","1974.63","1826.10","1731.11"
"12/09/2025 11:00:00 - 12/09/2025 12:00:00","Belgium (BE)","1964.93","1941.10","1833.35","1671.76"
"12/09/2025 12:00:00 - 12/09/2025 13:00:00","Belgium (BE)","1971.78","1941.90","1835.28","1672.03"
"12/09/2025 13:00:00 - 12/09/2025 14:00:00","Belgium (BE)","1994.33","1957.33","1878.08","1837.40"
"12/09/2025 14:00:00 - 12/09/2025 15:00:00","Belgium (BE)","2025.55","2009.75","1965.68","2025.54"
"12/09/2025 15:00:00 - 12/09/2025 16:00:00","Belgium (BE)","2049.60","2054.38","2053.05","1966.43"
"12/09/2025 16:00:00 - 12/09/2025 17:00:00","Belgium (BE)","2079.03","2084.98","2113.70","2041.94"
"12/09/2025 17:00:00 - 12/09/2025 18:00:00","Belgium (BE)","2103.80","2113.35","2129.18","2036.14"
"12/09/2025 18:00:00 - 12/09/2025 19:00:00","Belgium (BE)","2111.40","2127.73","2110.83","2066.16"
"12/09/2025 19:00:00 - 12/09/2025 20:00:00","Belgium (BE)","2098.50","2118.75","2095.93","2070.95"
"12/09/2025 20:00:00 - 12/09/2025 21:00:00","Belgium (BE)","2073.73","2103.20","2090.08","2059.23"
"12/09/2025 21:00:00 - 12/09/2025 22:00:00","Belgium (BE)","2056.33","2068.48","2082.75","2003.15"
"12/09/2025 22:00:00 - 12/09/2025 23:00:00","Belgium (BE)","2023.80","1994.68","2051.00","1870.79"
"12/09/2025 23:00:00 - 13/09/2025 00:00:00","Belgium (BE)","1983.95","1981.40","2015.40","1521.00"
"13/09/2025 00:00:00 - 13/09/2025 01:00:00","Belgium (BE)","1948.08","1896.10","1896.10","1616.17"
"13/09/2025 01:00:00 - 13/09/2025 02:00:00","Belgium (BE)","1880.15","1794.98","1794.98","1772.03"
"13/09/2025 02:00:00 - 13/09/2025 03:00:00","Belgium (BE)","1861.93","1838.13","1838.13","1662.56"
"13/09/2025 03:00:00 - 13/09/2025 04:00:00","Belgium (BE)","1836.53","1927.48","1927.48","1637.00"
"13/09/2025 04:00:00 - 13/09/2025 05:00:00","Belgium (BE)","1858.73","1973.03","1973.03","1585.34"
"13/09/2025 05:00:00 - 13/09/2025 06:00:00","Belgium (BE)","1906.40","1934.65","1934.65","1468.93"
"13/09/2025 06:00:00 - 13/09/2025 07:00:00","Belgium (BE)","1945.35","1937.55","1937.55","1668.53"
"13/09/2025 07:00:00 - 13/09/2025 08:00:00","Belgium (BE)","2014.98","1921.03","1921.03","1723.42"
"13/09/2025 08:00:00 - 13/09/2025 09:00:00","Belgium (BE)","2049.63","1990.73","1990.73","1725.76"
"13/09/2025 09:00:00 - 13/09/2025 10:00:00","Belgium (BE)","2066.73","2030.18","1987.98","1473.64"
"13/09/2025 10:00:00 - 13/09/2025 11:00:00","Belgium (BE)","2061.85","2057.30","1978.33","1417.06"
"13/09/2025 11:00:00 - 13/09/2025 12:00:00","Belgium (BE)","2055.40","2058.95","1913.05","1325.94"
"13/09/2025 12:00:00 - 13/09/2025 13:00:00","Belgium (BE)","2055.05","2062.28","1981.23","1535.83"
"13/09/2025 13:00:00 - 13/09/2025 14:00:00","Belgium (BE)","2052.63","2063.63","1904.30","1793.13"
"13/09/2025 14:00:00 - 13/09/2025 15:00:00","Belgium (BE)","2050.90","2072.90","1926.93","1512.30"
"13/09/2025 15:00:00 - 13/09/2025 16:00:00","Belgium (BE)","2051.98","2075.10","1976.48","1764.08"
"13/09/2025 16:00:00 - 13/09/2025 17:00:00","Belgium (BE)","2061.38","2074.35","2012.78","1989.32"
"13/09/2025 17:00:00 - 13/09/2025 18:00:00","Belgium (BE)","2075.30","2081.70","1991.30","1852.40"
"13/09/2025 18:00:00 - 13/09/2025 19:00:00","Belgium (BE)","2052.33","2075.55","2048.93","1850.47"
"13/09/2025 19:00:00 - 13/09/2025 20:00:00","Belgium (BE)","1977.38","2031.25","1944.38","1749.85"
"13/09/2025 20:00:00 - 13/09/2025 21:00:00","Belgium (BE)","1845.15","1900.35","1876.30","1778.93"
"13/09/2025 21:00:00 - 13/09/2025 22:00:00","Belgium (BE)","1656.65","1721.85","1694.48","1085.02"
"13/09/2025 22:00:00 - 13/09/2025 23:00:00","Belgium (BE)","1464.63","1455.53","1465.23","267.56"
"13/09/2025 23:00:00 - 14/09/2025 00:00:00","Belgium (BE)","1287.90","1226.50","1254.78","548.32"
"14/09/2025 00:00:00 - 14/09/2025 01:00:00","Belgium (BE)","1089.00","638.10","638.10","552.48"
"14/09/2025 01:00:00 - 14/09/2025 02:00:00","Belgium (BE)","1025.78","683.43","683.43","578.51"
"14/09/2025 02:00:00 - 14/09/2025 03:00:00","Belgium (BE)","941.35","700.63","700.63","691.16"
"14/09/2025 03:00:00 - 14/09/2025 04:00:00","Belgium (BE)","774.20","627.05","627.05","690.40"
"14/09/2025 04:00:00 - 14/09/2025 05:00:00","Belgium (BE)","666.98","633.20","633.20","739.20"
"14/09/2025 05:00:00 - 14/09/2025 06:00:00","Belgium (BE)","598.68","590.40","590.40","581.22"
"14/09/2025 06:00:00 - 14/09/2025 07:00:00","Belgium (BE)","499.68","509.65","509.65","385.85"
"14/09/2025 07:00:00 - 14/09/2025 08:00:00","Belgium (BE)","424.65","438.60","438.60","295.10"
"14/09/2025 08:00:00 - 14/09/2025 09:00:00","Belgium (BE)","395.43","404.73","404.73","302.28"
"14/09/2025 09:00:00 - 14/09/2025 10:00:00","Belgium (BE)","357.75","363.85","334.18","297.79"
"14/09/2025 10:00:00 - 14/09/2025 11:00:00","Belgium (BE)","355.28","390.90","369.35","535.03"
"14/09/2025 11:00:00 - 14/09/2025 12:00:00","Belgium (BE)","382.18","408.38","387.88","571.01"
"14/09/2025 12:00:00 - 14/09/2025 13:00:00","Belgium (BE)","412.75","426.03","405.50","515.29"
"14/09/2025 13:00:00 - 14/09/2025 14:00:00","Belgium (BE)","502.20","464.95","544.68","501.46"
"14/09/2025 14:00:00 - 14/09/2025 15:00:00","Belgium (BE)","660.83","524.15","601.08","538.60"
"14/09/2025 15:00:00 - 14/09/2025 16:00:00","Belgium (BE)","915.33","642.45","670.65","734.34"
"14/09/2025 16:00:00 - 14/09/2025 17:00:00","Belgium (BE)","1190.48","871.20","912.30","958.55"
"14/09/2025 17:00:00 - 14/09/2025 18:00:00","Belgium (BE)","1421.10","1150.03","1047.63","887.52"
"14/09/2025 18:00:00 - 14/09/2025 19:00:00","Belgium (BE)","1629.50","1448.00","1493.40","1218.06"
"14/09/2025 19:00:00 - 14/09/2025 20:00:00","Belgium (BE)","1804.28","1818.78","1729.08","1528.21"
"14/09/2025 20:00:00 - 14/09/2025 21:00:00","Belgium (BE)","2004.43","2023.55","1948.53","2027.89"
"14/09/2025 21:00:00 - 14/09/2025 22:00:00","Belgium (BE)","2100.13","2107.13","2008.98","2109.53"
"14/09/2025 22:00:00 - 14/09/2025 23:00:00","Belgium (BE)","2132.75","2137.55","2072.38","2122.79"
"14/09/2025 23:00:00 - 15/09/2025 00:00:00","Belgium (BE)","2147.25","2151.73","2107.48","2108.98"
"15/09/2025 00:00:00 - 15/09/2025 01:00:00","Belgium (BE)","2140.05","2166.35","2166.35","2111.18"
"15/09/2025 01:00:00 - 15/09/2025 02:00:00","Belgium (BE)","2147.98","2166.83","2166.83","2100.53"
"15/09/2025 02:00:00 - 15/09/2025 03:00:00","Belgium (BE)","2150.40","2152.05","2152.05","2084.04"
"15/09/2025 03:00:00 - 15/09/2025 04:00:00","Belgium (BE)","2148.33","2142.45","2142.45","2065.34"
"15/09/2025 04:00:00 - 15/09/2025 05:00:00","Belgium (BE)","2148.38","2150.95","2150.95","1966.24"
"15/09/2025 05:00:00 - 15/09/2025 06:00:00","Belgium (BE)","2147.68","2122.55","2122.55","1956.16"
"15/09/2025 06:00:00 - 15/09/2025 07:00:00","Belgium (BE)","2146.18","2081.10","2081.10","2101.27"
"15/09/2025 07:00:00 - 15/09/2025 08:00:00","Belgium (BE)","2143.10","2087.25","2087.25","2118.03"
"15/09/2025 08:00:00 - 15/09/2025 09:00:00","Belgium (BE)","2131.13","2106.95","2106.95","2121.16"
"15/09/2025 09:00:00 - 15/09/2025 10:00:00","Belgium (BE)","2117.05","2119.63","2135.63","2119.24"
"15/09/2025 10:00:00 - 15/09/2025 11:00:00","Belgium (BE)","2101.40","2129.75","2133.90","2118.55"
"15/09/2025 11:00:00 - 15/09/2025 12:00:00","Belgium (BE)","2084.95","2129.95","2127.18","2128.71"
"15/09/2025 12:00:00 - 15/09/2025 13:00:00","Belgium (BE)","2072.83","2121.95","2118.45","2124.53"
"15/09/2025 13:00:00 - 15/09/2025 14:00:00","Belgium (BE)","2065.38","2109.50","2125.83","2110.71"
"15/09/2025 14:00:00 - 15/09/2025 15:00:00","Belgium (BE)","2065.35","2098.08","2123.23","1427.51"
"15/09/2025 15:00:00 - 15/09/2025 16:00:00","Belgium (BE)","2067.78","2087.70","2092.40","2099.09"
"15/09/2025 16:00:00 - 15/09/2025 17:00:00","Belgium (BE)","2058.73","2073.23","1822.68","2121.49"
"15/09/2025 17:00:00 - 15/09/2025 18:00:00","Belgium (BE)","2043.28","2067.75","1914.40","1906.08"
"15/09/2025 18:00:00 - 15/09/2025 19:00:00","Belgium (BE)","2032.85","2075.58","2133.13","2100.37"
"15/09/2025 19:00:00 - 15/09/2025 20:00:00","Belgium (BE)","2036.23","2095.50","2049.33","2116.94"
"15/09/2025 20:00:00 - 15/09/2025 21:00:00","Belgium (BE)","2061.13","2121.40","2094.48","2118.01"
"15/09/2025 21:00:00 - 15/09/2025 22:00:00","Belgium (BE)","2098.73","2141.50","2151.83","2120.69"
"15/09/2025 22:00:00 - 15/09/2025 23:00:00","Belgium (BE)","2122.83","2150.05","2158.35","2117.86"
"15/09/2025 23:00:00 - 16/09/2025 00:00:00","Belgium (BE)","2139.15","2160.45","2168.83","2120.27"
"16/09/2025 00:00:00 - 16/09/2025 01:00:00","Belgium (BE)","2188.40","2129.30","2129.30","2018.21"
"16/09/2025 01:00:00 - 16/09/2025 02:00:00","Belgium (BE)","2187.40","2133.30","2133.30","2013.50"
"16/09/2025 02:00:00 - 16/09/2025 03:00:00","Belgium (BE)","2185.45","2141.23","2141.23","1995.67"
"16/09/2025 03:00:00 - 16/09/2025 04:00:00","Belgium (BE)","2178.38","2086.75","2086.75","2044.49"
"16/09/2025 04:00:00 - 16/09/2025 05:00:00","Belgium (BE)","2171.10","2111.48","2111.48","2019.27"
"16/09/2025 05:00:00 - 16/09/2025 06:00:00","Belgium (BE)","2165.33","2120.55","2120.55","2074.74"
"16/09/2025 06:00:00 - 16/09/2025 07:00:00","Belgium (BE)","2161.15","2102.93","2102.93","2110.21"
"16/09/2025 07:00:00 - 16/09/2025 08:00:00","Belgium (BE)","2158.23","2121.80","2123.18","2110.36"
"16/09/2025 08:00:00 - 16/09/2025 09:00:00","Belgium (BE)","2148.03","2130.33","2133.65","2111.26"
"16/09/2025 09:00:00 - 16/09/2025 10:00:00","Belgium (BE)","2133.50","2130.28","2122.43","2109.89"
"16/09/2025 10:00:00 - 16/09/2025 11:00:00","Belgium (BE)","2116.05","2115.58","2112.05","2101.60"
"16/09/2025 11:00:00 - 16/09/2025 12:00:00","Belgium (BE)","2099.18","2092.45","2107.20","2108.11"
"16/09/2025 12:00:00 - 16/09/2025 13:00:00","Belgium (BE)","2089.83","2077.63","2103.15","2115.56"
"16/09/2025 13:00:00 - 16/09/2025 14:00:00","Belgium (BE)","2078.55","2071.00","2086.53","2101.06"
"16/09/2025 14:00:00 - 16/09/2025 15:00:00","Belgium (BE)","2053.55","2062.18","2065.08","2085.52"
"16/09/2025 15:00:00 - 16/09/2025 16:00:00","Belgium (BE)","2009.48","2020.98","2019.45","1927.76"
"16/09/2025 16:00:00 - 16/09/2025 17:00:00","Belgium (BE)","1949.90","1943.28","1935.93","1930.68"
"16/09/2025 17:00:00 - 16/09/2025 18:00:00","Belgium (BE)","1839.25","1853.48","1812.18","1610.84"
"16/09/2025 18:00:00 - 16/09/2025 19:00:00","Belgium (BE)","1776.38","1740.98","1772.93","1344.32"
"16/09/2025 19:00:00 - 16/09/2025 20:00:00","Belgium (BE)","1705.38","1598.58","1628.93","1400.60"
"16/09/2025 20:00:00 - 16/09/2025 21:00:00","Belgium (BE)","1607.13","1478.10","1496.65","1421.46"
"16/09/2025 21:00:00 - 16/09/2025 22:00:00","Belgium (BE)","1548.13","1402.70","1474.25","1369.27"
"16/09/2025 22:00:00 - 16/09/2025 23:00:00","Belgium (BE)","1509.28","1403.00","1436.43","1806.56"
"16/09/2025 23:00:00 - 17/09/2025 00:00:00","Belgium (BE)","1488.45","1393.48","1333.73","1756.23"
"17/09/2025 00:00:00 - 17/09/2025 01:00:00","Belgium (BE)","1226.73","1196.28","1196.28","1432.29"
"17/09/2025 01:00:00 - 17/09/2025 02:00:00","Belgium (BE)","1087.88","1093.38","1093.38","1010.97"
"17/09/2025 02:00:00 - 17/09/2025 03:00:00","Belgium (BE)","936.38","953.78","953.78","854.65"
"17/09/2025 03:00:00 - 17/09/2025 04:00:00","Belgium (BE)","763.13","819.08","819.08","927.03"
"17/09/2025 04:00:00 - 17/09/2025 05:00:00","Belgium (BE)","638.43","733.53","733.53","763.18"
"17/09/2025 05:00:00 - 17/09/2025 06:00:00","Belgium (BE)","550.70","646.48","646.48","647.60"
"17/09/2025 06:00:00 - 17/09/2025 07:00:00","Belgium (BE)","546.08","541.58","541.58","440.03"
"17/09/2025 07:00:00 - 17/09/2025 08:00:00","Belgium (BE)","550.75","566.50","566.50","424.00"
"17/09/2025 08:00:00 - 17/09/2025 09:00:00","Belgium (BE)","609.08","649.58","632.03","432.70"
"17/09/2025 09:00:00 - 17/09/2025 10:00:00","Belgium (BE)","700.43","877.68","823.55","401.32"
"17/09/2025 10:00:00 - 17/09/2025 11:00:00","Belgium (BE)","864.35","1123.23","938.53","537.98"
"17/09/2025 11:00:00 - 17/09/2025 12:00:00","Belgium (BE)","1102.55","1387.83","1293.13","1279.45"
"17/09/2025 12:00:00 - 17/09/2025 13:00:00","Belgium (BE)","1485.05","1637.55","1659.43","1690.76"
"17/09/2025 13:00:00 - 17/09/2025 14:00:00","Belgium (BE)","1757.80","1873.48","1918.55","1946.38"
"17/09/2025 14:00:00 - 17/09/2025 15:00:00","Belgium (BE)","1936.88","1982.28","2008.33","2081.28"
"17/09/2025 15:00:00 - 17/09/2025 16:00:00","Belgium (BE)","2045.50","2023.68","2076.40","2091.53"
"17/09/2025 16:00:00 - 17/09/2025 17:00:00","Belgium (BE)","2083.90","2039.85","2090.95","2103.50"
"17/09/2025 17:00:00 - 17/09/2025 18:00:00","Belgium (BE)","2109.73","2061.18","2119.40","2033.55"
"17/09/2025 18:00:00 - 17/09/2025 19:00:00","Belgium (BE)","2123.10","2084.08","2120.10","2094.30"
"17/09/2025 19:00:00 - 17/09/2025 20:00:00","Belgium (BE)","2126.53","2098.48","2079.93","2091.22"
"17/09/2025 20:00:00 - 17/09/2025 21:00:00","Belgium (BE)","2125.60","2102.30","2091.90","2091.81"
"17/09/2025 21:00:00 - 17/09/2025 22:00:00","Belgium (BE)","2126.33","2100.45","2107.65","2099.51"
"17/09/2025 22:00:00 - 17/09/2025 23:00:00","Belgium (BE)","2116.73","2096.23","2105.40","2098.61"
"17/09/2025 23:00:00 - 18/09/2025 00:00:00","Belgium (BE)","2110.15","2093.68","2104.55","2094.01"
"18/09/2025 00:00:00 - 18/09/2025 01:00:00","Belgium (BE)","2077.23","2097.83","2097.83","2091.08"
"18/09/2025 01:00:00 - 18/09/2025 02:00:00","Belgium (BE)","2058.50","2093.30","2093.30","2084.48"
"18/09/2025 02:00:00 - 18/09/2025 03:00:00","Belgium (BE)","2041.05","2087.55","2087.55","2042.68"
"18/09/2025 03:00:00 - 18/09/2025 04:00:00","Belgium (BE)","2008.20","2072.48","2072.48","2052.83"
"18/09/2025 04:00:00 - 18/09/2025 05:00:00","Belgium (BE)","1957.85","2055.33","2055.33","2086.55"
"18/09/2025 05:00:00 - 18/09/2025 06:00:00","Belgium (BE)","1953.50","2032.05","2032.05","2045.65"
"18/09/2025 06:00:00 - 18/09/2025 07:00:00","Belgium (BE)","1974.55","2037.48","2037.48","2043.91"
"18/09/2025 07:00:00 - 18/09/2025 08:00:00","Belgium (BE)","1966.78","2016.90","2017.00","2022.73"
"18/09/2025 08:00:00 - 18/09/2025 09:00:00","Belgium (BE)","1951.65","2000.03","2015.10","2053.20"
"18/09/2025 09:00:00 - 18/09/2025 10:00:00","Belgium (BE)","1917.40","1968.10","2004.65","2015.57"
"18/09/2025 10:00:00 - 18/09/2025 11:00:00","Belgium (BE)","1888.60","1929.38","2003.78","2029.38"
"18/09/2025 11:00:00 - 18/09/2025 12:00:00","Belgium (BE)","1899.65","1928.05","1997.98","2054.74"
"18/09/2025 12:00:00 - 18/09/2025 13:00:00","Belgium (BE)","1890.38","1949.73","2022.78","2072.53"
"18/09/2025 13:00:00 - 18/09/2025 14:00:00","Belgium (BE)","1912.43","1973.78","2040.78","2045.19"
"18/09/2025 14:00:00 - 18/09/2025 15:00:00","Belgium (BE)","1935.05","1984.13","2060.43","2075.78"
"18/09/2025 15:00:00 - 18/09/2025 16:00:00","Belgium (BE)","1955.68","1989.40","2049.25","2072.70"
"18/09/2025 16:00:00 - 18/09/2025 17:00:00","Belgium (BE)","1975.53","1995.98","2044.73","2062.58"
"18/09/2025 17:00:00 - 18/09/2025 18:00:00","Belgium (BE)","1978.85","2016.15","2029.95","2056.43"
"18/09/2025 18:00:00 - 18/09/2025 19:00:00","Belgium (BE)","1960.70","2029.75","1998.53","2041.60"
"18/09/2025 19:00:00 - 18/09/2025 20:00:00","Belgium (BE)","1900.40","1999.80","1912.78","1994.84"
"18/09/2025 20:00:00 - 18/09/2025 21:00:00","Belgium (BE)","1765.80","1925.20","1798.03","1859.27"
"18/09/2025 21:00:00 - 18/09/2025 22:00:00","Belgium (BE)","1583.63","1806.25","1625.15","1621.68"
"18/09/2025 22:00:00 - 18/09/2025 23:00:00","Belgium (BE)","1368.58","1612.13","1383.48","1561.88"
"18/09/2025 23:00:00 - 19/09/2025 00:00:00","Belgium (BE)","1125.45","1394.65","1126.68","1426.86"
"19/09/2025 00:00:00 - 19/09/2025 01:00:00","Belgium (BE)","879.80","996.45","996.45","1401.99"
"19/09/2025 01:00:00 - 19/09/2025 02:00:00","Belgium (BE)","655.00","822.10","822.10","1076.27"
"19/09/2025 02:00:00 - 19/09/2025 03:00:00","Belgium (BE)","468.98","730.40","730.40","883.34"
"19/09/2025 03:00:00 - 19/09/2025 04:00:00","Belgium (BE)","344.45","585.53","585.53","725.21"
"19/09/2025 04:00:00 - 19/09/2025 05:00:00","Belgium (BE)","252.35","442.55","442.55","574.45"
"19/09/2025 05:00:00 - 19/09/2025 06:00:00","Belgium (BE)","171.53","323.18","323.18","365.06"
"19/09/2025 06:00:00 - 19/09/2025 07:00:00","Belgium (BE)","125.05","233.40","233.40","164.44"
"19/09/2025 07:00:00 - 19/09/2025 08:00:00","Belgium (BE)","134.98","171.53","172.30","143.35"
"19/09/2025 08:00:00 - 19/09/2025 09:00:00","Belgium (BE)","173.65","152.83","158.50","195.21"
"19/09/2025 09:00:00 - 19/09/2025 10:00:00","Belgium (BE)","219.68","187.70","187.78","238.08"
"19/09/2025 10:00:00 - 19/09/2025 11:00:00","Belgium (BE)","284.68","221.73","229.95","342.88"
"19/09/2025 11:00:00 - 19/09/2025 12:00:00","Belgium (BE)","310.90","229.50","231.60","322.19"
"19/09/2025 12:00:00 - 19/09/2025 13:00:00","Belgium (BE)","264.00","215.85","272.60","355.86"
"19/09/2025 13:00:00 - 19/09/2025 14:00:00","Belgium (BE)","190.55","176.43","264.63","368.75"
"19/09/2025 14:00:00 - 19/09/2025 15:00:00","Belgium (BE)","140.70","150.85","306.08","362.07"
"19/09/2025 15:00:00 - 19/09/2025 16:00:00","Belgium (BE)","98.00","156.85","303.60","335.67"
"19/09/2025 16:00:00 - 19/09/2025 17:00:00","Belgium (BE)","90.28","215.35","317.13","305.14"
"19/09/2025 17:00:00 - 19/09/2025 18:00:00","Belgium (BE)","108.60","282.75","355.55","361.14"
"19/09/2025 18:00:00 - 19/09/2025 19:00:00","Belgium (BE)","143.28","376.40","411.13","443.85"
"19/09/2025 19:00:00 - 19/09/2025 20:00:00","Belgium (BE)","188.95","472.13","512.80","586.00"
"19/09/2025 20:00:00 - 19/09/2025 21:00:00","Belgium (BE)","258.78","592.98","672.38","880.11"
"19/09/2025 21:00:00 - 19/09/2025 22:00:00","Belgium (BE)","345.95","791.25","878.90","1103.27"
"19/09/2025 22:00:00 - 19/09/2025 23:00:00","Belgium (BE)","440.80","940.13","989.65","1274.71"
"19/09/2025 23:00:00 - 20/09/2025 00:00:00","Belgium (BE)","533.40","974.30","955.03","1609.11"
"20/09/2025 00:00:00 - 20/09/2025 01:00:00","Belgium (BE)","725.93","691.45","691.45","1117.23"
"20/09/2025 01:00:00 - 20/09/2025 02:00:00","Belgium (BE)","495.68","807.50","807.50","310.72"
"20/09/2025 02:00:00 - 20/09/2025 03:00:00","Belgium (BE)","412.88","511.90","511.90","168.13"
"20/09/2025 03:00:00 - 20/09/2025 04:00:00","Belgium (BE)","282.15","301.33","301.33","452.77"
"20/09/2025 04:00:00 - 20/09/2025 05:00:00","Belgium (BE)","221.48","184.60","184.60","302.30"
"20/09/2025 05:00:00 - 20/09/2025 06:00:00","Belgium (BE)","198.23","257.53","257.53","350.71"
"20/09/2025 06:00:00 - 20/09/2025 07:00:00","Belgium (BE)","211.90","191.35","191.35","134.20"
"20/09/2025 07:00:00 - 20/09/2025 08:00:00","Belgium (BE)","293.68","218.28","260.23","260.92"
"20/09/2025 08:00:00 - 20/09/2025 09:00:00","Belgium (BE)","385.80","264.58","296.95","254.29"
"20/09/2025 09:00:00 - 20/09/2025 10:00:00","Belgium (BE)","450.78","358.90","427.83","70.64"
"20/09/2025 10:00:00 - 20/09/2025 11:00:00","Belgium (BE)","521.95","594.38","549.60","605.14"
"20/09/2025 11:00:00 - 20/09/2025 12:00:00","Belgium (BE)","634.88","837.20","570.18","986.91"
"20/09/2025 12:00:00 - 20/09/2025 13:00:00","Belgium (BE)","628.93","1080.45","715.75","318.86"
"20/09/2025 13:00:00 - 20/09/2025 14:00:00","Belgium (BE)","542.35","1060.90","887.05","527.35"
"20/09/2025 14:00:00 - 20/09/2025 15:00:00","Belgium (BE)","586.60","1114.95","980.88","1276.82"
"20/09/2025 15:00:00 - 20/09/2025 16:00:00","Belgium (BE)","673.90","1257.10","1075.88","1213.72"
"20/09/2025 16:00:00 - 20/09/2025 17:00:00","Belgium (BE)","738.68","1411.08","1356.68","1126.57"
"20/09/2025 17:00:00 - 20/09/2025 18:00:00","Belgium (BE)","904.18","1564.38","1355.00","1101.36"
"20/09/2025 18:00:00 - 20/09/2025 19:00:00","Belgium (BE)","1037.43","1673.70","1226.03","1463.15"
"20/09/2025 19:00:00 - 20/09/2025 20:00:00","Belgium (BE)","1093.43","1774.55","1279.90","1802.10"
"20/09/2025 20:00:00 - 20/09/2025 21:00:00","Belgium (BE)","1381.18","1962.08","1636.88","2116.67"
"20/09/2025 21:00:00 - 20/09/2025 22:00:00","Belgium (BE)","1638.38","2042.10","1920.65","2109.16"
"20/09/2025 22:00:00 - 20/09/2025 23:00:00","Belgium (BE)","1840.78","2072.83","2031.38","2153.90"
"20/09/2025 23:00:00 - 21/09/2025 00:00:00","Belgium (BE)","1938.23","2084.28","2090.90","2155.81"
"21/09/2025 00:00:00 - 21/09/2025 01:00:00","Belgium (BE)","2114.15","2155.95","2155.95","2161.17"
"21/09/2025 01:00:00 - 21/09/2025 02:00:00","Belgium (BE)","2116.80","2148.03","2148.03","2160.26"
"21/09/2025 02:00:00 - 21/09/2025 03:00:00","Belgium (BE)","2116.13","2142.13","2142.13","2164.59"
"21/09/2025 03:00:00 - 21/09/2025 04:00:00","Belgium (BE)","2108.30","2161.00","2161.00","2164.49"
"21/09/2025 04:00:00 - 21/09/2025 05:00:00","Belgium (BE)","2087.95","2156.43","2156.43","2164.22"
"21/09/2025 05:00:00 - 21/09/2025 06:00:00","Belgium (BE)","2009.08","2141.68","2141.68","2159.40"
"21/09/2025 06:00:00 - 21/09/2025 07:00:00","Belgium (BE)","1846.55","2110.03","2110.03","2138.28"
"21/09/2025 07:00:00 - 21/09/2025 08:00:00","Belgium (BE)","1539.90","2017.33","2017.33","1759.08"
"21/09/2025 08:00:00 - 21/09/2025 09:00:00","Belgium (BE)","1158.38","1781.43","1781.43","1228.26"
"21/09/2025 09:00:00 - 21/09/2025 10:00:00","Belgium (BE)","969.93","1430.25","1266.30","1087.69"
"21/09/2025 10:00:00 - 21/09/2025 11:00:00","Belgium (BE)","773.00","1123.98","928.13","1006.93"
"21/09/2025 11:00:00 - 21/09/2025 12:00:00","Belgium (BE)","716.68","932.88","843.23","946.38"
"21/09/2025 12:00:00 - 21/09/2025 13:00:00","Belgium (BE)","689.38","761.20","743.53","852.39"
"21/09/2025 13:00:00 - 21/09/2025 14:00:00","Belgium (BE)","625.88","630.03","685.13","642.55"
"21/09/2025 14:00:00 - 21/09/2025 15:00:00","Belgium (BE)","619.00","608.70","701.65","630.14"
"21/09/2025 15:00:00 - 21/09/2025 16:00:00","Belgium (BE)","649.58","662.25","713.75","669.79"
"21/09/2025 16:00:00 - 21/09/2025 17:00:00","Belgium (BE)","727.05","754.05","847.50","907.80"
"21/09/2025 17:00:00 - 21/09/2025 18:00:00","Belgium (BE)","894.33","874.23","953.65","1102.87"
"21/09/2025 18:00:00 - 21/09/2025 19:00:00","Belgium (BE)","1063.10","945.28","1074.55","1338.11"
"21/09/2025 19:00:00 - 21/09/2025 20:00:00","Belgium (BE)","1186.95","1062.43","1161.03","1354.61"
"21/09/2025 20:00:00 - 21/09/2025 21:00:00","Belgium (BE)","1137.98","1103.53","1149.28","1036.54"
"21/09/2025 21:00:00 - 21/09/2025 22:00:00","Belgium (BE)","1101.83","1064.90","1195.05","890.96"
"21/09/2025 22:00:00 - 21/09/2025 23:00:00","Belgium (BE)","1035.15","985.18","1111.45","827.57"
"21/09/2025 23:00:00 - 22/09/2025 00:00:00","Belgium (BE)","960.00","854.18","1050.30","1150.41"
"22/09/2025 00:00:00 - 22/09/2025 01:00:00","Belgium (BE)","968.40","1056.55","1056.55","1397.69"
"22/09/2025 01:00:00 - 22/09/2025 02:00:00","Belgium (BE)","942.65","1061.15","1061.15","1457.63"
"22/09/2025 02:00:00 - 22/09/2025 03:00:00","Belgium (BE)","983.03","1141.83","1141.83","1371.38"
"22/09/2025 03:00:00 - 22/09/2025 04:00:00","Belgium (BE)","959.50","1227.65","1227.65","1211.93"
"22/09/2025 04:00:00 - 22/09/2025 05:00:00","Belgium (BE)","999.78","1241.78","1241.78","1113.06"
"22/09/2025 05:00:00 - 22/09/2025 06:00:00","Belgium (BE)","988.93","1220.08","1220.08","1216.85"
"22/09/2025 06:00:00 - 22/09/2025 07:00:00","Belgium (BE)","1022.80","1133.50","1133.50","1363.83"
"22/09/2025 07:00:00 - 22/09/2025 08:00:00","Belgium (BE)","1020.60","1138.23","1148.30","1259.75"
"22/09/2025 08:00:00 - 22/09/2025 09:00:00","Belgium (BE)","1067.23","1182.43","1255.73","1227.80"
"22/09/2025 09:00:00 - 22/09/2025 10:00:00","Belgium (BE)","1095.40","1273.55","1279.70","1353.27"
"22/09/2025 10:00:00 - 22/09/2025 11:00:00","Belgium (BE)","1161.08","1366.88","1306.65","1400.13"
"22/09/2025 11:00:00 - 22/09/2025 12:00:00","Belgium (BE)","1251.23","1432.75","1395.48","1410.33"
"22/09/2025 12:00:00 - 22/09/2025 13:00:00","Belgium (BE)","1297.18","1452.95","1462.18","1698.78"
"22/09/2025 13:00:00 - 22/09/2025 14:00:00","Belgium (BE)","1343.70","1422.08","1435.05","1678.67"
"22/09/2025 14:00:00 - 22/09/2025 15:00:00","Belgium (BE)","1386.55","1412.90","1506.55","1699.76"
"22/09/2025 15:00:00 - 22/09/2025 16:00:00","Belgium (BE)","1450.58","1490.23","1524.08","1739.35"
"22/09/2025 16:00:00 - 22/09/2025 17:00:00","Belgium (BE)","1476.70","1590.30","1582.80","1676.27"
"22/09/2025 17:00:00 - 22/09/2025 18:00:00","Belgium (BE)","1448.03","1599.78","1617.88","1609.06"
"22/09/2025 18:00:00 - 22/09/2025 19:00:00","Belgium (BE)","1407.25","1606.43","1594.70","1131.59"
"22/09/2025 19:00:00 - 22/09/2025 20:00:00","Belgium (BE)","1384.33","1572.75","1499.33","1314.67"
"22/09/2025 20:00:00 - 22/09/2025 21:00:00","Belgium (BE)","1301.80","1462.55","1333.08","1540.24"
"22/09/2025 21:00:00 - 22/09/2025 22:00:00","Belgium (BE)","1182.85","1304.48","1294.25","1456.63"
"22/09/2025 22:00:00 - 22/09/2025 23:00:00","Belgium (BE)","1079.30","1147.10","1152.08","1343.15"
"22/09/2025 23:00:00 - 23/09/2025 00:00:00","Belgium (BE)","980.23","1031.20","942.93","896.12"
"23/09/2025 00:00:00 - 23/09/2025 01:00:00","Belgium (BE)","705.33","645.45","645.45","800.85"
"23/09/2025 01:00:00 - 23/09/2025 02:00:00","Belgium (BE)","513.43","471.93","471.93","478.26"
"23/09/2025 02:00:00 - 23/09/2025 03:00:00","Belgium (BE)","384.95","403.40","403.40","478.12"
"23/09/2025 03:00:00 - 23/09/2025 04:00:00","Belgium (BE)","262.88","335.43","335.43","323.35"
"23/09/2025 04:00:00 - 23/09/2025 05:00:00","Belgium (BE)","203.85","282.18","282.18","338.60"
"23/09/2025 05:00:00 - 23/09/2025 06:00:00","Belgium (BE)","163.95","233.05","233.05","199.39"
"23/09/2025 06:00:00 - 23/09/2025 07:00:00","Belgium (BE)","149.30","291.43","291.43","244.33"
"23/09/2025 07:00:00 - 23/09/2025 08:00:00","Belgium (BE)","204.68","320.35","320.35","412.24"
"23/09/2025 08:00:00 - 23/09/2025 09:00:00","Belgium (BE)","233.63","411.65","418.58","275.90"
"23/09/2025 09:00:00 - 23/09/2025 10:00:00","Belgium (BE)","241.68","428.95","485.35","196.64"
"23/09/2025 10:00:00 - 23/09/2025 11:00:00","Belgium (BE)","265.63","435.90","372.80","325.63"
"23/09/2025 11:00:00 - 23/09/2025 12:00:00","Belgium (BE)","298.55","444.38","360.83","347.03"
"23/09/2025 12:00:00 - 23/09/2025 13:00:00","Belgium (BE)","352.43","443.73","436.40","506.56"
"23/09/2025 13:00:00 - 23/09/2025 14:00:00","Belgium (BE)","380.58","501.70","489.28","328.15"
"23/09/2025 14:00:00 - 23/09/2025 15:00:00","Belgium (BE)","455.43","599.95","664.43","367.06"
"23/09/2025 15:00:00 - 23/09/2025 16:00:00","Belgium (BE)","595.80","731.40","708.83","542.48"
"23/09/2025 16:00:00 - 23/09/2025 17:00:00","Belgium (BE)","764.20","860.93","774.25","793.40"
"23/09/2025 17:00:00 - 23/09/2025 18:00:00","Belgium (BE)","945.98","1029.75","912.35","878.20"
"23/09/2025 18:00:00 - 23/09/2025 19:00:00","Belgium (BE)","1092.83","1190.33","1085.73","1078.28"
"23/09/2025 19:00:00 - 23/09/2025 20:00:00","Belgium (BE)","1332.55","1340.15","1221.28","1161.78"
"23/09/2025 20:00:00 - 23/09/2025 21:00:00","Belgium (BE)","1421.45","1416.38","1348.13","1414.27"
"23/09/2025 21:00:00 - 23/09/2025 22:00:00","Belgium (BE)","1518.88","1440.98","1455.20","1627.94"
"23/09/2025 22:00:00 - 23/09/2025 23:00:00","Belgium (BE)","1533.10","1458.55","1518.63","1824.75"
"23/09/2025 23:00:00 - 24/09/2025 00:00:00","Belgium (BE)","1490.13","1451.43","1488.53","1850.35"
"24/09/2025 00:00:00 - 24/09/2025 01:00:00","Belgium (BE)","1450.40","1433.25","1433.25","1618.29"
"24/09/2025 01:00:00 - 24/09/2025 02:00:00","Belgium (BE)","1341.40","1435.43","1435.43","1263.78"
"24/09/2025 02:00:00 - 24/09/2025 03:00:00","Belgium (BE)","1263.78","1334.00","1334.00","1407.60"
"24/09/2025 03:00:00 - 24/09/2025 04:00:00","Belgium (BE)","1157.15","1236.13","1236.13","1287.96"
"24/09/2025 04:00:00 - 24/09/2025 05:00:00","Belgium (BE)","1169.58","1255.48","1255.48","1294.03"
"24/09/2025 05:00:00 - 24/09/2025 06:00:00","Belgium (BE)","1250.60","1327.75","1327.75","1265.82"
"24/09/2025 06:00:00 - 24/09/2025 07:00:00","Belgium (BE)","1323.30","1350.28","1350.28","1238.34"
"24/09/2025 07:00:00 - 24/09/2025 08:00:00","Belgium (BE)","1362.75","1367.58","1367.58","1428.30"
"24/09/2025 08:00:00 - 24/09/2025 09:00:00","Belgium (BE)","1429.73","1437.60","1405.40","1540.86"
"24/09/2025 09:00:00 - 24/09/2025 10:00:00","Belgium (BE)","1484.45","1474.15","1496.13","1776.16"
"24/09/2025 10:00:00 - 24/09/2025 11:00:00","Belgium (BE)","1541.68","1488.18","1542.35","1733.21"
"24/09/2025 11:00:00 - 24/09/2025 12:00:00","Belgium (BE)","1579.10","1450.40","1568.48","1804.94"
"24/09/2025 12:00:00 - 24/09/2025 13:00:00","Belgium (BE)","1571.38","1458.00","1523.78","1830.11"
"24/09/2025 13:00:00 - 24/09/2025 14:00:00","Belgium (BE)","1498.30","1469.10","1560.98","1782.46"
"24/09/2025 14:00:00 - 24/09/2025 15:00:00","Belgium (BE)","1486.08","1492.85","1676.60","1893.13"
"24/09/2025 15:00:00 - 24/09/2025 16:00:00","Belgium (BE)","1520.83","1546.88","1783.68","1796.68"
"24/09/2025 16:00:00 - 24/09/2025 17:00:00","Belgium (BE)","1598.28","1657.78","1889.70","1823.57"
"24/09/2025 17:00:00 - 24/09/2025 18:00:00","Belgium (BE)","1694.93","1741.88","1886.73","1718.15"
"24/09/2025 18:00:00 - 24/09/2025 19:00:00","Belgium (BE)","1757.53","1733.70","1795.65","1498.02"
"24/09/2025 19:00:00 - 24/09/2025 20:00:00","Belgium (BE)","1816.88","1696.53","1712.00","1359.81"
"24/09/2025 20:00:00 - 24/09/2025 21:00:00","Belgium (BE)","1813.68","1659.68","1595.38","1479.22"
"24/09/2025 21:00:00 - 24/09/2025 22:00:00","Belgium (BE)","1835.40","1657.10","1592.28","1551.15"
"24/09/2025 22:00:00 - 24/09/2025 23:00:00","Belgium (BE)","1883.10","1679.10","1571.48","1615.48"
"24/09/2025 23:00:00 - 25/09/2025 00:00:00","Belgium (BE)","1892.18","1667.10","1552.70","1458.92"
"25/09/2025 00:00:00 - 25/09/2025 01:00:00","Belgium (BE)","1448.98","1484.88","1484.88","1445.82"
"25/09/2025 01:00:00 - 25/09/2025 02:00:00","Belgium (BE)","1341.15","1322.98","1322.98","1388.58"
"25/09/2025 02:00:00 - 25/09/2025 03:00:00","Belgium (BE)","1209.13","1233.30","1233.30","1400.90"
"25/09/2025 03:00:00 - 25/09/2025 04:00:00","Belgium (BE)","1117.93","1214.40","1214.40","1287.29"
"25/09/2025 04:00:00 - 25/09/2025 05:00:00","Belgium (BE)","1116.03","1190.13","1190.13","1243.21"
"25/09/2025 05:00:00 - 25/09/2025 06:00:00","Belgium (BE)","1207.38","1232.08","1232.08","1088.33"
"25/09/2025 06:00:00 - 25/09/2025 07:00:00","Belgium (BE)","1373.78","1287.58","1287.58","1181.94"
"25/09/2025 07:00:00 - 25/09/2025 08:00:00","Belgium (BE)","1550.40","1330.38","1330.38","1382.90"
"25/09/2025 08:00:00 - 25/09/2025 09:00:00","Belgium (BE)","1632.45","1444.18","1452.48","1624.23"
"25/09/2025 09:00:00 - 25/09/2025 10:00:00","Belgium (BE)","1632.73","1485.48","1537.98","1937.73"
"25/09/2025 10:00:00 - 25/09/2025 11:00:00","Belgium (BE)","1558.80","1479.10","1620.25","2026.92"
"25/09/2025 11:00:00 - 25/09/2025 12:00:00","Belgium (BE)","1464.53","1394.08","1618.40","2016.42"
"25/09/2025 12:00:00 - 25/09/2025 13:00:00","Belgium (BE)","1366.45","1267.58","1528.10","2053.88"
"25/09/2025 13:00:00 - 25/09/2025 14:00:00","Belgium (BE)","1271.65","1142.55","1371.20","1827.02"
"25/09/2025 14:00:00 - 25/09/2025 15:00:00","Belgium (BE)","1223.48","999.55","1274.18","1564.15"
"25/09/2025 15:00:00 - 25/09/2025 16:00:00","Belgium (BE)","1225.18","940.45","1180.23","1268.83"
"25/09/2025 16:00:00 - 25/09/2025 17:00:00","Belgium (BE)","1282.68","945.15","1111.40","1072.80"
"25/09/2025 17:00:00 - 25/09/2025 18:00:00","Belgium (BE)","1335.93","943.08","1007.50","621.76"
"25/09/2025 18:00:00 - 25/09/2025 19:00:00","Belgium (BE)","1381.05","911.78","1003.58","512.25"
"25/09/2025 19:00:00 - 25/09/2025 20:00:00","Belgium (BE)","1442.23","913.60","866.55","1649.27"
"25/09/2025 20:00:00 - 25/09/2025 21:00:00","Belgium (BE)","1502.00","973.08","768.15","842.58"
"25/09/2025 21:00:00 - 25/09/2025 22:00:00","Belgium (BE)","1462.23","1040.48","905.80","396.51"
"25/09/2025 22:00:00 - 25/09/2025 23:00:00","Belgium (BE)","1233.65","1076.90","911.83","723.38"
"25/09/2025 23:00:00 - 26/09/2025 00:00:00","Belgium (BE)","1109.95","1106.98","1052.60","1536.96"
"26/09/2025 00:00:00 - 26/09/2025 01:00:00","Belgium (BE)","1083.28","1341.43","1341.43","1523.31"
"26/09/2025 01:00:00 - 26/09/2025 02:00:00","Belgium (BE)","1051.25","1418.48","1418.48","993.78"
"26/09/2025 02:00:00 - 26/09/2025 03:00:00","Belgium (BE)","901.10","1206.35","1206.35","857.37"
"26/09/2025 03:00:00 - 26/09/2025 04:00:00","Belgium (BE)","745.60","857.48","857.48","908.92"
"26/09/2025 04:00:00 - 26/09/2025 05:00:00","Belgium (BE)","638.58","710.75","710.75","749.97"
"26/09/2025 05:00:00 - 26/09/2025 06:00:00","Belgium (BE)","563.73","593.85","593.85","504.77"
"26/09/2025 06:00:00 - 26/09/2025 07:00:00","Belgium (BE)","495.68","457.50","457.50","492.98"
"26/09/2025 07:00:00 - 26/09/2025 08:00:00","Belgium (BE)","419.98","370.48","341.20","461.15"
"26/09/2025 08:00:00 - 26/09/2025 09:00:00","Belgium (BE)","345.10","286.18","271.30","238.92"
"26/09/2025 09:00:00 - 26/09/2025 10:00:00","Belgium (BE)","247.38","210.75","232.95","148.36"
"26/09/2025 10:00:00 - 26/09/2025 11:00:00","Belgium (BE)","176.15","162.20","140.50","149.08"
"26/09/2025 11:00:00 - 26/09/2025 12:00:00","Belgium (BE)","124.68","128.90","108.25","206.50"
"26/09/2025 12:00:00 - 26/09/2025 13:00:00","Belgium (BE)","105.80","111.35","107.28","152.96"
"26/09/2025 13:00:00 - 26/09/2025 14:00:00","Belgium (BE)","81.10","91.95","116.90","145.83"
"26/09/2025 14:00:00 - 26/09/2025 15:00:00","Belgium (BE)","58.20","71.28","87.13","130.61"
"26/09/2025 15:00:00 - 26/09/2025 16:00:00","Belgium (BE)","43.23","51.58","68.28","124.26"
"26/09/2025 16:00:00 - 26/09/2025 17:00:00","Belgium (BE)","28.85","39.38","59.05","58.80"
"26/09/2025 17:00:00 - 26/09/2025 18:00:00","Belgium (BE)","24.10","29.50","53.38","46.09"
"26/09/2025 18:00:00 - 26/09/2025 19:00:00","Belgium (BE)","19.73","20.40","42.35","28.73"
"26/09/2025 19:00:00 - 26/09/2025 20:00:00","Belgium (BE)","16.63","13.93","31.23","73.50"
"26/09/2025 20:00:00 - 26/09/2025 21:00:00","Belgium (BE)","15.40","14.23","21.85","62.53"
"26/09/2025 21:00:00 - 26/09/2025 22:00:00","Belgium (BE)","15.28","15.85","31.53","7.72"
"26/09/2025 22:00:00 - 26/09/2025 23:00:00","Belgium (BE)","14.03","16.90","22.58","2.49"
"26/09/2025 23:00:00 - 27/09/2025 00:00:00","Belgium (BE)","14.10","19.13","23.78","0.00"
"27/09/2025 00:00:00 - 27/09/2025 01:00:00","Belgium (BE)","26.98","35.95","35.95","37.38"
"27/09/2025 01:00:00 - 27/09/2025 02:00:00","Belgium (BE)","25.95","57.18","57.18","175.31"
"27/09/2025 02:00:00 - 27/09/2025 03:00:00","Belgium (BE)","17.83","37.18","37.18","21.10"
"27/09/2025 03:00:00 - 27/09/2025 04:00:00","Belgium (BE)","11.03","58.93","58.93","0.00"
"27/09/2025 04:00:00 - 27/09/2025 05:00:00","Belgium (BE)","8.13","32.58","32.58","0.00"
"27/09/2025 05:00:00 - 27/09/2025 06:00:00","Belgium (BE)","6.93","10.00","10.00","0.00"
"27/09/2025 06:00:00 - 27/09/2025 07:00:00","Belgium (BE)","5.75","11.18","11.18","0.00"
"27/09/2025 07:00:00 - 27/09/2025 08:00:00","Belgium (BE)","5.03","8.70","11.90","0.00"
"27/09/2025 08:00:00 - 27/09/2025 09:00:00","Belgium (BE)","5.08","7.53","12.18","0.00"
"27/09/2025 09:00:00 - 27/09/2025 10:00:00","Belgium (BE)","6.05","6.98","12.00","0.00"
"27/09/2025 10:00:00 - 27/09/2025 11:00:00","Belgium (BE)","8.18","7.40","12.60","0.00"
"27/09/2025 11:00:00 - 27/09/2025 12:00:00","Belgium (BE)","10.28","8.20","15.23","0.00"
"27/09/2025 12:00:00 - 27/09/2025 13:00:00","Belgium (BE)","11.20","8.70","13.13","9.25"
"27/09/2025 13:00:00 - 27/09/2025 14:00:00","Belgium (BE)","11.35","8.28","12.98","3.70"
"27/09/2025 14:00:00 - 27/09/2025 15:00:00","Belgium (BE)","10.55","8.20","11.58","0.00"
"27/09/2025 15:00:00 - 27/09/2025 16:00:00","Belgium (BE)","9.20","7.68","11.40","0.00"
"27/09/2025 16:00:00 - 27/09/2025 17:00:00","Belgium (BE)","7.88","7.53","9.88","0.00"
"27/09/2025 17:00:00 - 27/09/2025 18:00:00","Belgium (BE)","7.48","9.43","15.08","0.00"
"27/09/2025 18:00:00 - 27/09/2025 19:00:00","Belgium (BE)","10.13","24.68","24.00","7.18"
"27/09/2025 19:00:00 - 27/09/2025 20:00:00","Belgium (BE)","19.65","58.18","40.28","10.44"
"27/09/2025 20:00:00 - 27/09/2025 21:00:00","Belgium (BE)","47.18","90.38","62.45","9.45"
"27/09/2025 21:00:00 - 27/09/2025 22:00:00","Belgium (BE)","78.93","120.55","79.70","73.21"
"27/09/2025 22:00:00 - 27/09/2025 23:00:00","Belgium (BE)","119.88","153.03","112.05","43.39"
"27/09/2025 23:00:00 - 28/09/2025 00:00:00","Belgium (BE)","161.05","184.65","141.30","72.01"
"28/09/2025 00:00:00 - 28/09/2025 01:00:00","Belgium (BE)","196.30","156.55","156.55","187.30"
"28/09/2025 01:00:00 - 28/09/2025 02:00:00","Belgium (BE)","191.58","142.80","142.80","181.42"
"28/09/2025 02:00:00 - 28/09/2025 03:00:00","Belgium (BE)","154.60","132.78","132.78","147.20"
"28/09/2025 03:00:00 - 28/09/2025 04:00:00","Belgium (BE)","123.78","126.15","126.15","113.10"
"28/09/2025 04:00:00 - 28/09/2025 05:00:00","Belgium (BE)","130.15","129.85","129.85","116.23"
"28/09/2025 05:00:00 - 28/09/2025 06:00:00","Belgium (BE)","148.78","134.08","134.08","165.19"
"28/09/2025 06:00:00 - 28/09/2025 07:00:00","Belgium (BE)","157.48","141.83","141.83","224.18"
"28/09/2025 07:00:00 - 28/09/2025 08:00:00","Belgium (BE)","160.90","139.50","149.83","197.37"
"28/09/2025 08:00:00 - 28/09/2025 09:00:00","Belgium (BE)","160.65","122.45","152.55","122.34"
"28/09/2025 09:00:00 - 28/09/2025 10:00:00","Belgium (BE)","153.65","102.60","125.38","113.10"
"28/09/2025 10:00:00 - 28/09/2025 11:00:00","Belgium (BE)","135.93","84.18","89.83","87.94"
"28/09/2025 11:00:00 - 28/09/2025 12:00:00","Belgium (BE)","104.10","61.48","65.98","35.76"
"28/09/2025 12:00:00 - 28/09/2025 13:00:00","Belgium (BE)","73.55","46.40","49.15","1.66"
"28/09/2025 13:00:00 - 28/09/2025 14:00:00","Belgium (BE)","44.18","27.03","28.23","0.00"
"28/09/2025 14:00:00 - 28/09/2025 15:00:00","Belgium (BE)","25.63","16.90","10.10","0.00"
"28/09/2025 15:00:00 - 28/09/2025 16:00:00","Belgium (BE)","15.78","14.83","9.80","0.00"
"28/09/2025 16:00:00 - 28/09/2025 17:00:00","Belgium (BE)","14.38","13.10","9.25","0.00"
"28/09/2025 17:00:00 - 28/09/2025 18:00:00","Belgium (BE)","13.35","11.78","13.13","0.00"
"28/09/2025 18:00:00 - 28/09/2025 19:00:00","Belgium (BE)","12.20","11.20","11.83","0.00"
"28/09/2025 19:00:00 - 28/09/2025 20:00:00","Belgium (BE)","11.73","10.85","13.55","0.00"
"28/09/2025 20:00:00 - 28/09/2025 21:00:00","Belgium (BE)","11.93","10.80","12.03","0.00"
"28/09/2025 21:00:00 - 28/09/2025 22:00:00","Belgium (BE)","12.58","11.08","13.08","0.00"
"28/09/2025 22:00:00 - 28/09/2025 23:00:00","Belgium (BE)","13.00","11.10","12.25","0.00"
"28/09/2025 23:00:00 - 29/09/2025 00:00:00","Belgium (BE)","12.78","11.35","12.95","0.00"
"29/09/2025 00:00:00 - 29/09/2025 01:00:00","Belgium (BE)","12.15","13.23","13.23","0.00"
"29/09/2025 01:00:00 - 29/09/2025 02:00:00","Belgium (BE)","12.95","12.60","12.60","0.00"
"29/09/2025 02:00:00 - 29/09/2025 03:00:00","Belgium (BE)","12.40","13.83","13.83","0.00"
"29/09/2025 03:00:00 - 29/09/2025 04:00:00","Belgium (BE)","11.58","15.23","15.23","0.00"
"29/09/2025 04:00:00 - 29/09/2025 05:00:00","Belgium (BE)","10.98","15.38","15.38","0.00"
"29/09/2025 05:00:00 - 29/09/2025 06:00:00","Belgium (BE)","10.33","17.55","17.55","0.60"
"29/09/2025 06:00:00 - 29/09/2025 07:00:00","Belgium (BE)","9.35","14.93","14.93","21.89"
"29/09/2025 07:00:00 - 29/09/2025 08:00:00","Belgium (BE)","9.58","18.70","18.70","64.61"
"29/09/2025 08:00:00 - 29/09/2025 09:00:00","Belgium (BE)","10.88","18.78","24.13","85.51"
"29/09/2025 09:00:00 - 29/09/2025 10:00:00","Belgium (BE)","12.50","20.15","29.05","113.71"
"29/09/2025 10:00:00 - 29/09/2025 11:00:00","Belgium (BE)","17.08","36.03","37.50","159.81"
"29/09/2025 11:00:00 - 29/09/2025 12:00:00","Belgium (BE)","21.45","33.93","54.48","159.84"
"29/09/2025 12:00:00 - 29/09/2025 13:00:00","Belgium (BE)","28.88","48.53","94.20","144.17"
"29/09/2025 13:00:00 - 29/09/2025 14:00:00","Belgium (BE)","43.93","86.30","127.80","131.21"
"29/09/2025 14:00:00 - 29/09/2025 15:00:00","Belgium (BE)","65.35","134.30","157.53","143.09"
"29/09/2025 15:00:00 - 29/09/2025 16:00:00","Belgium (BE)","95.75","174.78","176.03","216.39"
"29/09/2025 16:00:00 - 29/09/2025 17:00:00","Belgium (BE)","138.83","200.90","190.80","235.93"
"29/09/2025 17:00:00 - 29/09/2025 18:00:00","Belgium (BE)","180.55","215.70","214.58","331.01"
"29/09/2025 18:00:00 - 29/09/2025 19:00:00","Belgium (BE)","197.48","214.08","225.88","295.75"
"29/09/2025 19:00:00 - 29/09/2025 20:00:00","Belgium (BE)","194.78","194.15","239.05","254.27"
"29/09/2025 20:00:00 - 29/09/2025 21:00:00","Belgium (BE)","171.10","161.05","197.90","213.88"
"29/09/2025 21:00:00 - 29/09/2025 22:00:00","Belgium (BE)","132.80","123.73","152.65","167.46"
"29/09/2025 22:00:00 - 29/09/2025 23:00:00","Belgium (BE)","93.73","84.23","109.28","153.67"
"29/09/2025 23:00:00 - 30/09/2025 00:00:00","Belgium (BE)","66.00","53.13","81.05","107.12"
"30/09/2025 00:00:00 - 30/09/2025 01:00:00","Belgium (BE)","49.08","77.55","77.55","97.97"
"30/09/2025 01:00:00 - 30/09/2025 02:00:00","Belgium (BE)","45.85","64.20","64.20","97.45"
"30/09/2025 02:00:00 - 30/09/2025 03:00:00","Belgium (BE)","52.90","76.45","76.45","95.70"
"30/09/2025 03:00:00 - 30/09/2025 04:00:00","Belgium (BE)","64.28","99.63","99.63","132.39"
"30/09/2025 04:00:00 - 30/09/2025 05:00:00","Belgium (BE)","89.73","116.13","116.13","175.24"
"30/09/2025 05:00:00 - 30/09/2025 06:00:00","Belgium (BE)","115.18","138.35","138.35","175.93"
"30/09/2025 06:00:00 - 30/09/2025 07:00:00","Belgium (BE)","131.98","157.28","157.28","182.85"
"30/09/2025 07:00:00 - 30/09/2025 08:00:00","Belgium (BE)","125.73","153.13","153.88","220.88"
"30/09/2025 08:00:00 - 30/09/2025 09:00:00","Belgium (BE)","109.05","129.68","131.35","149.85"
"30/09/2025 09:00:00 - 30/09/2025 10:00:00","Belgium (BE)","77.73","99.85","119.83","141.46"
"30/09/2025 10:00:00 - 30/09/2025 11:00:00","Belgium (BE)","55.40","77.73","83.10","124.70"
"30/09/2025 11:00:00 - 30/09/2025 12:00:00","Belgium (BE)","40.75","55.73","60.13","63.43"
"30/09/2025 12:00:00 - 30/09/2025 13:00:00","Belgium (BE)","34.10","45.20","49.70","39.84"
"30/09/2025 13:00:00 - 30/09/2025 14:00:00","Belgium (BE)","28.90","38.58","29.03","18.84"
"30/09/2025 14:00:00 - 30/09/2025 15:00:00","Belgium (BE)","24.88","32.65","21.13","9.30"
"30/09/2025 15:00:00 - 30/09/2025 16:00:00","Belgium (BE)","23.03","30.48","14.60","13.91"
"30/09/2025 16:00:00 - 30/09/2025 17:00:00","Belgium (BE)","24.45","28.93","12.93","0.55"
"30/09/2025 17:00:00 - 30/09/2025 18:00:00","Belgium (BE)","24.23","23.95","18.50","0.00"
"30/09/2025 18:00:00 - 30/09/2025 19:00:00","Belgium (BE)","22.13","23.15","17.80","0.00"
"30/09/2025 19:00:00 - 30/09/2025 20:00:00","Belgium (BE)","20.18","18.13","15.65","0.00"
"30/09/2025 20:00:00 - 30/09/2025 21:00:00","Belgium (BE)","18.45","14.88","15.38","1.71"
"30/09/2025 21:00:00 - 30/09/2025 22:00:00","Belgium (BE)","16.98","14.83","16.75","0.00"
"30/09/2025 22:00:00 - 30/09/2025 23:00:00","Belgium (BE)","15.85","15.38","14.58","3.09"
"30/09/2025 23:00:00 - 01/10/2025 00:00:00","Belgium (BE)","14.80","15.63","12.95","0.00"
"01/10/2025 00:00:00 - 01/10/2025 01:00:00","Belgium (BE)","15.13","7.98","7.98","0.00"
"01/10/2025 01:00:00 - 01/10/2025 02:00:00","Belgium (BE)","15.18","12.55","12.55","0.00"
"01/10/2025 02:00:00 - 01/10/2025 03:00:00","Belgium (BE)","13.90","12.78","12.78","0.00"
"01/10/2025 03:00:00 - 01/10/2025 04:00:00","Belgium (BE)","12.13","14.38","14.38","0.00"
"01/10/2025 04:00:00 - 01/10/2025 05:00:00","Belgium (BE)","10.40","12.30","12.30","0.00"
"01/10/2025 05:00:00 - 01/10/2025 06:00:00","Belgium (BE)","8.95","15.90","15.90","0.00"
"01/10/2025 06:00:00 - 01/10/2025 07:00:00","Belgium (BE)","7.73","16.48","16.48","0.00"
"01/10/2025 07:00:00 - 01/10/2025 08:00:00","Belgium (BE)","7.13","13.65","17.83","0.00"
"01/10/2025 08:00:00 - 01/10/2025 09:00:00","Belgium (BE)","6.75","11.38","17.28","0.00"
"01/10/2025 09:00:00 - 01/10/2025 10:00:00","Belgium (BE)","6.80","9.75","16.95","0.00"
"01/10/2025 10:00:00 - 01/10/2025 11:00:00","Belgium (BE)","6.85","8.98","16.83","0.00"
"01/10/2025 11:00:00 - 01/10/2025 12:00:00","Belgium (BE)","7.15","8.93","14.93","0.00"
"01/10/2025 12:00:00 - 01/10/2025 13:00:00","Belgium (BE)","7.63","8.35","13.90","0.00"
"01/10/2025 13:00:00 - 01/10/2025 14:00:00","Belgium (BE)","8.50","7.75","12.68","0.00"
"01/10/2025 14:00:00 - 01/10/2025 15:00:00","Belgium (BE)","9.73","7.45","10.40","0.00"
"01/10/2025 15:00:00 - 01/10/2025 16:00:00","Belgium (BE)","9.70","7.40","8.85","0.00"
"01/10/2025 16:00:00 - 01/10/2025 17:00:00","Belgium (BE)","8.78","7.70","10.60","0.00"
"01/10/2025 17:00:00 - 01/10/2025 18:00:00","Belgium (BE)","7.98","8.90","10.40","0.00"
"01/10/2025 18:00:00 - 01/10/2025 19:00:00","Belgium (BE)","8.25","10.50","15.85","0.00"
"01/10/2025 19:00:00 - 01/10/2025 20:00:00","Belgium (BE)","10.18","11.68","16.28","0.00"
"01/10/2025 20:00:00 - 01/10/2025 21:00:00","Belgium (BE)","13.15","12.23","14.58","2.54"
"01/10/2025 21:00:00 - 01/10/2025 22:00:00","Belgium (BE)","20.65","13.85","14.50","30.66"
"01/10/2025 22:00:00 - 01/10/2025 23:00:00","Belgium (BE)","32.85","17.28","14.80","32.33"
"01/10/2025 23:00:00 - 02/10/2025 00:00:00","Belgium (BE)","50.03","30.23","21.90","58.67"
"02/10/2025 00:00:00 - 02/10/2025 01:00:00","Belgium (BE)","33.75","102.53","102.53","125.37"
"02/10/2025 01:00:00 - 02/10/2025 02:00:00","Belgium (BE)","77.05","132.93","132.93","229.31"
"02/10/2025 02:00:00 - 02/10/2025 03:00:00","Belgium (BE)","107.63","155.70","155.70","172.89"
"02/10/2025 03:00:00 - 02/10/2025 04:00:00","Belgium (BE)","110.95","167.65","167.65","90.62"
"02/10/2025 04:00:00 - 02/10/2025 05:00:00","Belgium (BE)","104.58","137.93","137.93","66.47"
"02/10/2025 05:00:00 - 02/10/2025 06:00:00","Belgium (BE)","88.50","108.48","108.48","66.68"
"02/10/2025 06:00:00 - 02/10/2025 07:00:00","Belgium (BE)","86.68","117.75","117.75","44.16"
"02/10/2025 07:00:00 - 02/10/2025 08:00:00","Belgium (BE)","92.55","126.73","126.73","75.94"
"02/10/2025 08:00:00 - 02/10/2025 09:00:00","Belgium (BE)","103.43","154.28","137.23","63.81"
"02/10/2025 09:00:00 - 02/10/2025 10:00:00","Belgium (BE)","121.75","189.20","174.98","159.97"
"02/10/2025 10:00:00 - 02/10/2025 11:00:00","Belgium (BE)","141.58","223.15","211.03","220.62"
"02/10/2025 11:00:00 - 02/10/2025 12:00:00","Belgium (BE)","156.98","258.93","260.35","281.70"
"02/10/2025 12:00:00 - 02/10/2025 13:00:00","Belgium (BE)","200.68","303.63","299.73","326.97"
"02/10/2025 13:00:00 - 02/10/2025 14:00:00","Belgium (BE)","231.65","342.70","326.23","407.54"
"02/10/2025 14:00:00 - 02/10/2025 15:00:00","Belgium (BE)","276.15","373.80","374.00","453.73"
"02/10/2025 15:00:00 - 02/10/2025 16:00:00","Belgium (BE)","314.45","412.98","442.53","428.71"
"02/10/2025 16:00:00 - 02/10/2025 17:00:00","Belgium (BE)","350.60","469.53","511.80","399.91"
"02/10/2025 17:00:00 - 02/10/2025 18:00:00","Belgium (BE)","420.33","557.00","619.40","465.91"
"02/10/2025 18:00:00 - 02/10/2025 19:00:00","Belgium (BE)","542.15","714.88","719.60","791.88"
"02/10/2025 19:00:00 - 02/10/2025 20:00:00","Belgium (BE)","699.18","900.90","866.05","1095.79"
"02/10/2025 20:00:00 - 02/10/2025 21:00:00","Belgium (BE)","911.98","1057.35","1087.85","1321.06"
"02/10/2025 21:00:00 - 02/10/2025 22:00:00","Belgium (BE)","1171.45","1169.25","1380.23","1457.37"
"02/10/2025 22:00:00 - 02/10/2025 23:00:00","Belgium (BE)","1311.23","1273.95","1455.90","1517.97"
"02/10/2025 23:00:00 - 03/10/2025 00:00:00","Belgium (BE)","1381.48","1358.90","1489.23","1661.88"
"03/10/2025 00:00:00 - 03/10/2025 01:00:00","Belgium (BE)","1475.18","1510.68","1510.68","1782.30"
"03/10/2025 01:00:00 - 03/10/2025 02:00:00","Belgium (BE)","1486.43","1575.38","1575.38","1678.13"
"03/10/2025 02:00:00 - 03/10/2025 03:00:00","Belgium (BE)","1489.23","1662.13","1662.13","1854.16"
"03/10/2025 03:00:00 - 03/10/2025 04:00:00","Belgium (BE)","1482.73","1657.68","1657.68","1857.44"
"03/10/2025 04:00:00 - 03/10/2025 05:00:00","Belgium (BE)","1466.20","1773.63","1773.63","1774.36"
"03/10/2025 05:00:00 - 03/10/2025 06:00:00","Belgium (BE)","1476.13","1785.13","1785.13","1929.25"
"03/10/2025 06:00:00 - 03/10/2025 07:00:00","Belgium (BE)","1580.63","1731.95","1731.95","2021.24"
"03/10/2025 07:00:00 - 03/10/2025 08:00:00","Belgium (BE)","1630.78","1718.75","1771.40","1846.56"
"03/10/2025 08:00:00 - 03/10/2025 09:00:00","Belgium (BE)","1604.03","1682.98","1829.83","1680.06"
"03/10/2025 09:00:00 - 03/10/2025 10:00:00","Belgium (BE)","1571.93","1701.28","1830.43","1535.18"
"03/10/2025 10:00:00 - 03/10/2025 11:00:00","Belgium (BE)","1613.80","1751.85","1782.18","1609.60"
"03/10/2025 11:00:00 - 03/10/2025 12:00:00","Belgium (BE)","1688.15","1797.50","1766.03","1700.22"
"03/10/2025 12:00:00 - 03/10/2025 13:00:00","Belgium (BE)","1756.60","1824.98","1796.80","1729.38"
"03/10/2025 13:00:00 - 03/10/2025 14:00:00","Belgium (BE)","1813.60","1860.95","1800.60","1709.35"
"03/10/2025 14:00:00 - 03/10/2025 15:00:00","Belgium (BE)","1896.15","1893.45","1837.63","1864.16"
"03/10/2025 15:00:00 - 03/10/2025 16:00:00","Belgium (BE)","1932.25","1923.70","1863.93","1984.21"
"03/10/2025 16:00:00 - 03/10/2025 17:00:00","Belgium (BE)","1959.88","1977.13","1997.85","2136.19"
"03/10/2025 17:00:00 - 03/10/2025 18:00:00","Belgium (BE)","1987.75","2020.35","2037.23","2196.30"
"03/10/2025 18:00:00 - 03/10/2025 19:00:00","Belgium (BE)","2014.55","2052.55","2124.50","2195.42"
"03/10/2025 19:00:00 - 03/10/2025 20:00:00","Belgium (BE)","2036.70","2067.53","2136.50","2196.75"
"03/10/2025 20:00:00 - 03/10/2025 21:00:00","Belgium (BE)","2053.15","2074.58","2130.68","2194.43"
"03/10/2025 21:00:00 - 03/10/2025 22:00:00","Belgium (BE)","2074.00","2084.50","2144.88","2194.07"
"03/10/2025 22:00:00 - 03/10/2025 23:00:00","Belgium (BE)","2086.00","2087.48","2132.65","2183.14"
"03/10/2025 23:00:00 - 04/10/2025 00:00:00","Belgium (BE)","2094.83","2086.03","2122.73","2163.68"
"04/10/2025 00:00:00 - 04/10/2025 01:00:00","Belgium (BE)","2086.23","2087.63","2087.63","2179.80"
"04/10/2025 01:00:00 - 04/10/2025 02:00:00","Belgium (BE)","2076.43","2088.13","2088.13","2139.22"
"04/10/2025 02:00:00 - 04/10/2025 03:00:00","Belgium (BE)","2078.90","2097.75","2097.75","2042.33"
"04/10/2025 03:00:00 - 04/10/2025 04:00:00","Belgium (BE)","2084.08","2084.80","2084.80","1996.38"
"04/10/2025 04:00:00 - 04/10/2025 05:00:00","Belgium (BE)","2084.40","2083.38","2083.38","1984.15"
"04/10/2025 05:00:00 - 04/10/2025 06:00:00","Belgium (BE)","2079.75","2060.95","2060.95","1994.40"
"04/10/2025 06:00:00 - 04/10/2025 07:00:00","Belgium (BE)","2075.78","2059.70","2059.70","1999.95"
"04/10/2025 07:00:00 - 04/10/2025 08:00:00","Belgium (BE)","2077.58","2072.53","2072.53","2058.58"
"04/10/2025 08:00:00 - 04/10/2025 09:00:00","Belgium (BE)","2076.58","2088.03","2088.03","2164.25"
"04/10/2025 09:00:00 - 04/10/2025 10:00:00","Belgium (BE)","2070.83","2089.85","2089.40","2166.09"
"04/10/2025 10:00:00 - 04/10/2025 11:00:00","Belgium (BE)","2055.03","2085.00","2125.20","2173.78"
"04/10/2025 11:00:00 - 04/10/2025 12:00:00","Belgium (BE)","2042.38","2076.85","2097.23","2116.89"
"04/10/2025 12:00:00 - 04/10/2025 13:00:00","Belgium (BE)","2034.93","2072.75","2115.98","2026.64"
"04/10/2025 13:00:00 - 04/10/2025 14:00:00","Belgium (BE)","2029.88","2072.65","2077.70","1919.29"
"04/10/2025 14:00:00 - 04/10/2025 15:00:00","Belgium (BE)","2024.50","2071.93","2079.88","1988.88"
"04/10/2025 15:00:00 - 04/10/2025 16:00:00","Belgium (BE)","2030.45","2078.20","1972.85","2136.37"
"04/10/2025 16:00:00 - 04/10/2025 17:00:00","Belgium (BE)","2037.48","2091.48","2011.30","1914.04"
"04/10/2025 17:00:00 - 04/10/2025 18:00:00","Belgium (BE)","2054.05","2113.93","2108.43","2080.44"
"04/10/2025 18:00:00 - 04/10/2025 19:00:00","Belgium (BE)","2072.30","2127.68","1999.10","2180.20"
"04/10/2025 19:00:00 - 04/10/2025 20:00:00","Belgium (BE)","2078.88","2125.93","2109.05","2182.68"
"04/10/2025 20:00:00 - 04/10/2025 21:00:00","Belgium (BE)","2082.38","2123.60","2119.30","2180.01"
"04/10/2025 21:00:00 - 04/10/2025 22:00:00","Belgium (BE)","2083.40","2130.58","2166.30","2178.52"
"04/10/2025 22:00:00 - 04/10/2025 23:00:00","Belgium (BE)","2080.40","2136.13","2158.05","2179.72"
"04/10/2025 23:00:00 - 05/10/2025 00:00:00","Belgium (BE)","2082.38","2140.45","2155.93","2169.64"
"05/10/2025 00:00:00 - 05/10/2025 01:00:00","Belgium (BE)","2144.50","2151.78","2151.78","2169.91"
"05/10/2025 01:00:00 - 05/10/2025 02:00:00","Belgium (BE)","2140.55","2148.55","2148.55","2169.89"
"05/10/2025 02:00:00 - 05/10/2025 03:00:00","Belgium (BE)","2138.13","2154.03","2154.03","2031.14"
"05/10/2025 03:00:00 - 05/10/2025 04:00:00","Belgium (BE)","2135.10","2142.53","2142.53","2170.79"
"05/10/2025 04:00:00 - 05/10/2025 05:00:00","Belgium (BE)","2131.70","2068.73","2068.73","2169.05"
"05/10/2025 05:00:00 - 05/10/2025 06:00:00","Belgium (BE)","2131.08","2083.18","2083.18","2165.13"
"05/10/2025 06:00:00 - 05/10/2025 07:00:00","Belgium (BE)","2133.55","2137.33","2137.33","2162.79"
"05/10/2025 07:00:00 - 05/10/2025 08:00:00","Belgium (BE)","2134.30","2138.38","2138.38","2161.81"
"05/10/2025 08:00:00 - 05/10/2025 09:00:00","Belgium (BE)","2131.43","2129.25","2129.25","2162.96"
"05/10/2025 09:00:00 - 05/10/2025 10:00:00","Belgium (BE)","2125.78","2120.80","2123.25","2167.96"
"05/10/2025 10:00:00 - 05/10/2025 11:00:00","Belgium (BE)","2118.43","2106.83","2109.95","2164.74"
"05/10/2025 11:00:00 - 05/10/2025 12:00:00","Belgium (BE)","2105.33","2086.45","2104.00","2168.68"
"05/10/2025 12:00:00 - 05/10/2025 13:00:00","Belgium (BE)","2088.90","2059.20","2074.90","2172.22"
"05/10/2025 13:00:00 - 05/10/2025 14:00:00","Belgium (BE)","2064.40","2021.30","2076.85","2163.92"
"05/10/2025 14:00:00 - 05/10/2025 15:00:00","Belgium (BE)","2037.50","1979.60","2020.38","2122.02"
"05/10/2025 15:00:00 - 05/10/2025 16:00:00","Belgium (BE)","2008.80","1935.08","2018.25","2053.92"
"05/10/2025 16:00:00 - 05/10/2025 17:00:00","Belgium (BE)","1977.28","1882.70","1954.88","2012.10"
"05/10/2025 17:00:00 - 05/10/2025 18:00:00","Belgium (BE)","1965.15","1836.05","1931.03","2045.48"
"05/10/2025 18:00:00 - 05/10/2025 19:00:00","Belgium (BE)","1965.30","1768.48","1857.48","2017.66"
"05/10/2025 19:00:00 - 05/10/2025 20:00:00","Belgium (BE)","1950.23","1648.15","1834.20","1706.44"
"05/10/2025 20:00:00 - 05/10/2025 21:00:00","Belgium (BE)","1970.30","1669.95","1729.03","2002.61"
"05/10/2025 21:00:00 - 05/10/2025 22:00:00","Belgium (BE)","1970.80","1718.00","1666.78","1947.34"
"05/10/2025 22:00:00 - 05/10/2025 23:00:00","Belgium (BE)","1917.93","1725.53","1671.83","1818.19"
"05/10/2025 23:00:00 - 06/10/2025 00:00:00","Belgium (BE)","1858.40","1687.85","1665.15","1647.50"
"06/10/2025 00:00:00 - 06/10/2025 01:00:00","Belgium (BE)","1500.38","1507.25","1507.25","1434.44"
"06/10/2025 01:00:00 - 06/10/2025 02:00:00","Belgium (BE)","1393.13","1409.23","1409.23","1194.23"
"06/10/2025 02:00:00 - 06/10/2025 03:00:00","Belgium (BE)","1305.55","1291.30","1291.30","1173.97"
"06/10/2025 03:00:00 - 06/10/2025 04:00:00","Belgium (BE)","1188.83","1182.38","1182.38","1263.24"
"06/10/2025 04:00:00 - 06/10/2025 05:00:00","Belgium (BE)","1049.28","1101.98","1101.98","1079.41"
"06/10/2025 05:00:00 - 06/10/2025 06:00:00","Belgium (BE)","935.15","1099.38","1099.38","934.59"
"06/10/2025 06:00:00 - 06/10/2025 07:00:00","Belgium (BE)","866.93","1069.95","1069.95","1006.87"
"06/10/2025 07:00:00 - 06/10/2025 08:00:00","Belgium (BE)","792.45","952.93","952.93","1014.93"
"06/10/2025 08:00:00 - 06/10/2025 09:00:00","Belgium (BE)","750.45","914.55","934.95","1120.60"
"06/10/2025 09:00:00 - 06/10/2025 10:00:00","Belgium (BE)","750.55","885.00","924.75","1136.87"
"06/10/2025 10:00:00 - 06/10/2025 11:00:00","Belgium (BE)","763.78","872.30","893.40","916.14"
"06/10/2025 11:00:00 - 06/10/2025 12:00:00","Belgium (BE)","769.85","845.75","857.73","643.38"
"06/10/2025 12:00:00 - 06/10/2025 13:00:00","Belgium (BE)","775.03","806.90","740.45","465.64"
"06/10/2025 13:00:00 - 06/10/2025 14:00:00","Belgium (BE)","750.08","693.43","599.68","518.98"
"06/10/2025 14:00:00 - 06/10/2025 15:00:00","Belgium (BE)","739.28","625.48","519.20","648.44"
"06/10/2025 15:00:00 - 06/10/2025 16:00:00","Belgium (BE)","710.80","599.43","554.65","858.33"
"06/10/2025 16:00:00 - 06/10/2025 17:00:00","Belgium (BE)","664.35","600.33","623.08","1075.82"
"06/10/2025 17:00:00 - 06/10/2025 18:00:00","Belgium (BE)","573.50","572.18","584.78","880.62"
"06/10/2025 18:00:00 - 06/10/2025 19:00:00","Belgium (BE)","501.35","549.18","633.83","792.22"
"06/10/2025 19:00:00 - 06/10/2025 20:00:00","Belgium (BE)","442.98","527.58","492.23","710.93"
"06/10/2025 20:00:00 - 06/10/2025 21:00:00","Belgium (BE)","394.30","480.05","388.60","457.82"
"06/10/2025 21:00:00 - 06/10/2025 22:00:00","Belgium (BE)","358.73","447.63","399.35","307.20"
"06/10/2025 22:00:00 - 06/10/2025 23:00:00","Belgium (BE)","344.03","410.98","337.13","262.15"
"06/10/2025 23:00:00 - 07/10/2025 00:00:00","Belgium (BE)","357.35","400.95","304.83","174.92"
"07/10/2025 00:00:00 - 07/10/2025 01:00:00","Belgium (BE)","224.85","271.93","271.93","236.07"
"07/10/2025 01:00:00 - 07/10/2025 02:00:00","Belgium (BE)","249.33","244.75","244.75","332.82"
"07/10/2025 02:00:00 - 07/10/2025 03:00:00","Belgium (BE)","277.63","273.23","273.23","319.79"
"07/10/2025 03:00:00 - 07/10/2025 04:00:00","Belgium (BE)","263.23","311.35","311.35","247.64"
"07/10/2025 04:00:00 - 07/10/2025 05:00:00","Belgium (BE)","239.48","287.85","287.85","361.40"
"07/10/2025 05:00:00 - 07/10/2025 06:00:00","Belgium (BE)","230.88","250.28","250.28","303.16"
"07/10/2025 06:00:00 - 07/10/2025 07:00:00","Belgium (BE)","222.15","238.50","238.50","280.23"
"07/10/2025 07:00:00 - 07/10/2025 08:00:00","Belgium (BE)","202.83","252.18","252.18","333.63"
"07/10/2025 08:00:00 - 07/10/2025 09:00:00","Belgium (BE)","190.58","246.78","246.78","530.84"
"07/10/2025 09:00:00 - 07/10/2025 10:00:00","Belgium (BE)","179.80","245.13","284.00","557.36"
"07/10/2025 10:00:00 - 07/10/2025 11:00:00","Belgium (BE)","170.75","236.18","349.70","602.29"
"07/10/2025 11:00:00 - 07/10/2025 12:00:00","Belgium (BE)","184.95","221.63","338.93","445.07"
"07/10/2025 12:00:00 - 07/10/2025 13:00:00","Belgium (BE)","196.50","221.88","367.28","388.80"
"07/10/2025 13:00:00 - 07/10/2025 14:00:00","Belgium (BE)","194.80","194.78","307.68","303.03"
"07/10/2025 14:00:00 - 07/10/2025 15:00:00","Belgium (BE)","177.90","180.25","277.95","253.66"
"07/10/2025 15:00:00 - 07/10/2025 16:00:00","Belgium (BE)","166.08","192.28","241.15","250.47"
"07/10/2025 16:00:00 - 07/10/2025 17:00:00","Belgium (BE)","176.65","237.20","257.20","322.34"
"07/10/2025 17:00:00 - 07/10/2025 18:00:00","Belgium (BE)","208.98","274.58","304.33","341.54"
"07/10/2025 18:00:00 - 07/10/2025 19:00:00","Belgium (BE)","234.15","324.45","329.95","504.90"
"07/10/2025 19:00:00 - 07/10/2025 20:00:00","Belgium (BE)","280.30","401.63","319.35","571.19"
"07/10/2025 20:00:00 - 07/10/2025 21:00:00","Belgium (BE)","329.73","424.48","374.70","471.74"
"07/10/2025 21:00:00 - 07/10/2025 22:00:00","Belgium (BE)","343.18","376.80","416.20","323.07"
"07/10/2025 22:00:00 - 07/10/2025 23:00:00","Belgium (BE)","302.93","293.70","390.63","193.38"
"07/10/2025 23:00:00 - 08/10/2025 00:00:00","Belgium (BE)","242.93","236.20","351.55","141.58"
"08/10/2025 00:00:00 - 08/10/2025 01:00:00","Belgium (BE)","287.30","203.85","203.85","117.43"
"08/10/2025 01:00:00 - 08/10/2025 02:00:00","Belgium (BE)","228.90","156.65","156.65","179.06"
"08/10/2025 02:00:00 - 08/10/2025 03:00:00","Belgium (BE)","180.30","133.48","133.48","163.96"
"08/10/2025 03:00:00 - 08/10/2025 04:00:00","Belgium (BE)","149.90","110.53","110.53","130.40"
"08/10/2025 04:00:00 - 08/10/2025 05:00:00","Belgium (BE)","123.40","100.80","100.80","80.03"
"08/10/2025 05:00:00 - 08/10/2025 06:00:00","Belgium (BE)","101.95","88.75","88.75","78.50"
"08/10/2025 06:00:00 - 08/10/2025 07:00:00","Belgium (BE)","90.65","75.08","75.08","99.69"
"08/10/2025 07:00:00 - 08/10/2025 08:00:00","Belgium (BE)","87.00","77.28","77.28","81.58"
"08/10/2025 08:00:00 - 08/10/2025 09:00:00","Belgium (BE)","86.88","82.93","93.18","52.40"
"08/10/2025 09:00:00 - 08/10/2025 10:00:00","Belgium (BE)","81.53","87.08","97.45","36.36"
"08/10/2025 10:00:00 - 08/10/2025 11:00:00","Belgium (BE)","69.88","78.78","85.45","2.94"
"08/10/2025 11:00:00 - 08/10/2025 12:00:00","Belgium (BE)","65.08","74.35","77.83","0.00"
"08/10/2025 12:00:00 - 08/10/2025 13:00:00","Belgium (BE)","66.20","77.50","43.15","0.00"
"08/10/2025 13:00:00 - 08/10/2025 14:00:00","Belgium (BE)","56.00","78.98","53.78","0.00"
"08/10/2025 14:00:00 - 08/10/2025 15:00:00","Belgium (BE)","55.68","76.95","52.35","8.93"
"08/10/2025 15:00:00 - 08/10/2025 16:00:00","Belgium (BE)","66.30","66.13","45.98","27.90"
"08/10/2025 16:00:00 - 08/10/2025 17:00:00","Belgium (BE)","78.85","66.23","33.65","23.04"
"08/10/2025 17:00:00 - 08/10/2025 18:00:00","Belgium (BE)","91.45","75.85","44.70","3.66"
"08/10/2025 18:00:00 - 08/10/2025 19:00:00","Belgium (BE)","81.45","71.25","64.40","4.72"
"08/10/2025 19:00:00 - 08/10/2025 20:00:00","Belgium (BE)","81.50","81.75","88.85","148.24"
"08/10/2025 20:00:00 - 08/10/2025 21:00:00","Belgium (BE)","75.68","79.78","116.60","413.92"
"08/10/2025 21:00:00 - 08/10/2025 22:00:00","Belgium (BE)","53.53","63.43","173.50","292.15"
"08/10/2025 22:00:00 - 08/10/2025 23:00:00","Belgium (BE)","34.45","54.75","130.83","172.33"
"08/10/2025 23:00:00 - 09/10/2025 00:00:00","Belgium (BE)","27.18","47.35","85.95","19.85"
"09/10/2025 00:00:00 - 09/10/2025 01:00:00","Belgium (BE)","55.40","76.25","76.25","19.47"
"09/10/2025 01:00:00 - 09/10/2025 02:00:00","Belgium (BE)","41.25","42.43","42.43","20.78"
"09/10/2025 02:00:00 - 09/10/2025 03:00:00","Belgium (BE)","32.18","37.63","37.63","17.24"
"09/10/2025 03:00:00 - 09/10/2025 04:00:00","Belgium (BE)","34.58","54.63","54.63","58.89"
"09/10/2025 04:00:00 - 09/10/2025 05:00:00","Belgium (BE)","39.23","71.10","71.10","106.30"
"09/10/2025 05:00:00 - 09/10/2025 06:00:00","Belgium (BE)","39.38","81.75","81.75","170.91"
"09/10/2025 06:00:00 - 09/10/2025 07:00:00","Belgium (BE)","42.28","85.83","85.83","86.71"
"09/10/2025 07:00:00 - 09/10/2025 08:00:00","Belgium (BE)","48.18","98.43","98.43","63.44"
"09/10/2025 08:00:00 - 09/10/2025 09:00:00","Belgium (BE)","51.55","72.88","59.93","60.63"
"09/10/2025 09:00:00 - 09/10/2025 10:00:00","Belgium (BE)","55.48","57.30","65.43","69.63"
"09/10/2025 10:00:00 - 09/10/2025 11:00:00","Belgium (BE)","64.20","56.53","78.65","64.85"
"09/10/2025 11:00:00 - 09/10/2025 12:00:00","Belgium (BE)","73.15","61.25","87.40","124.11"
"09/10/2025 12:00:00 - 09/10/2025 13:00:00","Belgium (BE)","88.38","63.88","99.15","160.49"
"09/10/2025 13:00:00 - 09/10/2025 14:00:00","Belgium (BE)","112.38","71.75","121.65","119.56"
"09/10/2025 14:00:00 - 09/10/2025 15:00:00","Belgium (BE)","128.83","82.33","145.33","225.36"
"09/10/2025 15:00:00 - 09/10/2025 16:00:00","Belgium (BE)","141.35","83.98","128.28","91.15"
"09/10/2025 16:00:00 - 09/10/2025 17:00:00","Belgium (BE)","161.03","80.10","127.25","78.19"
"09/10/2025 17:00:00 - 09/10/2025 18:00:00","Belgium (BE)","163.03","74.05","96.63","90.17"
"09/10/2025 18:00:00 - 09/10/2025 19:00:00","Belgium (BE)","137.85","74.25","71.08","165.31"
"09/10/2025 19:00:00 - 09/10/2025 20:00:00","Belgium (BE)","115.50","75.68","76.15","86.64"
"09/10/2025 20:00:00 - 09/10/2025 21:00:00","Belgium (BE)","106.48","74.53","89.98","35.55"
"09/10/2025 21:00:00 - 09/10/2025 22:00:00","Belgium (BE)","85.48","69.45","55.55","45.86"
"09/10/2025 22:00:00 - 09/10/2025 23:00:00","Belgium (BE)","72.88","64.20","49.33","13.94"
"09/10/2025 23:00:00 - 10/10/2025 00:00:00","Belgium (BE)","78.25","66.35","50.75","45.54"
"10/10/2025 00:00:00 - 10/10/2025 01:00:00","Belgium (BE)","21.00","39.43","39.43","25.57"
"10/10/2025 01:00:00 - 10/10/2025 02:00:00","Belgium (BE)","35.70","35.73","35.73","26.20"
"10/10/2025 02:00:00 - 10/10/2025 03:00:00","Belgium (BE)","55.58","32.10","32.10","6.97"
"10/10/2025 03:00:00 - 10/10/2025 04:00:00","Belgium (BE)","63.60","36.35","36.35","0.68"
"10/10/2025 04:00:00 - 10/10/2025 05:00:00","Belgium (BE)","60.00","26.73","26.73","0.00"
"10/10/2025 05:00:00 - 10/10/2025 06:00:00","Belgium (BE)","54.68","28.70","28.70","0.00"
"10/10/2025 06:00:00 - 10/10/2025 07:00:00","Belgium (BE)","50.28","31.63","31.63","0.00"
"10/10/2025 07:00:00 - 10/10/2025 08:00:00","Belgium (BE)","45.93","32.73","32.73","0.00"
"10/10/2025 08:00:00 - 10/10/2025 09:00:00","Belgium (BE)","39.85","39.70","37.85","1.06"
"10/10/2025 09:00:00 - 10/10/2025 10:00:00","Belgium (BE)","35.08","40.00","42.35","0.00"
"10/10/2025 10:00:00 - 10/10/2025 11:00:00","Belgium (BE)","37.33","32.15","34.68","0.08"
"10/10/2025 11:00:00 - 10/10/2025 12:00:00","Belgium (BE)","36.55","26.38","33.80","2.22"
"10/10/2025 12:00:00 - 10/10/2025 13:00:00","Belgium (BE)","31.03","16.73","26.23","2.11"
"10/10/2025 13:00:00 - 10/10/2025 14:00:00","Belgium (BE)","28.35","10.73","22.80","3.84"
"10/10/2025 14:00:00 - 10/10/2025 15:00:00","Belgium (BE)","28.33","12.05","35.95","31.78"
"10/10/2025 15:00:00 - 10/10/2025 16:00:00","Belgium (BE)","35.00","25.60","92.15","54.01"
"10/10/2025 16:00:00 - 10/10/2025 17:00:00","Belgium (BE)","49.50","49.10","96.45","79.12"
"10/10/2025 17:00:00 - 10/10/2025 18:00:00","Belgium (BE)","48.68","54.98","75.85","74.93"
"10/10/2025 18:00:00 - 10/10/2025 19:00:00","Belgium (BE)","33.18","50.45","72.08","54.16"
"10/10/2025 19:00:00 - 10/10/2025 20:00:00","Belgium (BE)","26.70","45.80","59.98","76.04"
"10/10/2025 20:00:00 - 10/10/2025 21:00:00","Belgium (BE)","24.65","41.38","42.90","77.69"
"10/10/2025 21:00:00 - 10/10/2025 22:00:00","Belgium (BE)","25.13","38.48","40.40","44.86"
"10/10/2025 22:00:00 - 10/10/2025 23:00:00","Belgium (BE)","24.90","31.03","34.60","24.49"
"10/10/2025 23:00:00 - 11/10/2025 00:00:00","Belgium (BE)","18.38","27.88","37.40","25.18"
"11/10/2025 00:00:00 - 11/10/2025 01:00:00","Belgium (BE)","40.25","42.98","42.98","58.71"
"11/10/2025 01:00:00 - 11/10/2025 02:00:00","Belgium (BE)","43.13","43.25","43.25","42.36"
"11/10/2025 02:00:00 - 11/10/2025 03:00:00","Belgium (BE)","42.13","49.30","49.30","27.76"
"11/10/2025 03:00:00 - 11/10/2025 04:00:00","Belgium (BE)","40.83","42.33","42.33","8.11"
"11/10/2025 04:00:00 - 11/10/2025 05:00:00","Belgium (BE)","39.50","39.73","39.73","9.42"
"11/10/2025 05:00:00 - 11/10/2025 06:00:00","Belgium (BE)","37.80","33.05","33.05","10.71"
"11/10/2025 06:00:00 - 11/10/2025 07:00:00","Belgium (BE)","35.30","23.43","23.43","18.41"
"11/10/2025 07:00:00 - 11/10/2025 08:00:00","Belgium (BE)","29.58","22.05","22.05","25.31"
"11/10/2025 08:00:00 - 11/10/2025 09:00:00","Belgium (BE)","26.83","20.45","22.23","7.61"
"11/10/2025 09:00:00 - 11/10/2025 10:00:00","Belgium (BE)","25.13","19.25","21.98","0.38"
"11/10/2025 10:00:00 - 11/10/2025 11:00:00","Belgium (BE)","18.53","18.25","20.10","0.00"
"11/10/2025 11:00:00 - 11/10/2025 12:00:00","Belgium (BE)","17.08","14.95","14.93","0.00"
"11/10/2025 12:00:00 - 11/10/2025 13:00:00","Belgium (BE)","15.50","12.18","21.75","1.91"
"11/10/2025 13:00:00 - 11/10/2025 14:00:00","Belgium (BE)","14.00","12.65","14.18","34.62"
"11/10/2025 14:00:00 - 11/10/2025 15:00:00","Belgium (BE)","13.13","13.40","15.68","67.32"
"11/10/2025 15:00:00 - 11/10/2025 16:00:00","Belgium (BE)","15.48","14.75","26.18","53.32"
"11/10/2025 16:00:00 - 11/10/2025 17:00:00","Belgium (BE)","21.98","13.38","40.83","20.64"
"11/10/2025 17:00:00 - 11/10/2025 18:00:00","Belgium (BE)","26.33","14.38","34.03","0.00"
"11/10/2025 18:00:00 - 11/10/2025 19:00:00","Belgium (BE)","25.68","15.08","26.23","0.00"
"11/10/2025 19:00:00 - 11/10/2025 20:00:00","Belgium (BE)","19.23","14.08","20.78","0.00"
"11/10/2025 20:00:00 - 11/10/2025 21:00:00","Belgium (BE)","14.23","12.80","17.98","0.00"
"11/10/2025 21:00:00 - 11/10/2025 22:00:00","Belgium (BE)","16.83","12.50","17.13","0.00"
"11/10/2025 22:00:00 - 11/10/2025 23:00:00","Belgium (BE)","28.30","13.35","15.90","0.00"
"11/10/2025 23:00:00 - 12/10/2025 00:00:00","Belgium (BE)","31.63","14.65","15.08","0.00"
"12/10/2025 00:00:00 - 12/10/2025 01:00:00","Belgium (BE)","13.23","14.03","14.03","0.00"
"12/10/2025 01:00:00 - 12/10/2025 02:00:00","Belgium (BE)","13.93","15.33","15.33","0.00"
"12/10/2025 02:00:00 - 12/10/2025 03:00:00","Belgium (BE)","14.28","16.05","16.05","0.00"
"12/10/2025 03:00:00 - 12/10/2025 04:00:00","Belgium (BE)","14.00","16.38","16.38","0.00"
"12/10/2025 04:00:00 - 12/10/2025 05:00:00","Belgium (BE)","13.88","17.10","17.10","0.00"
"12/10/2025 05:00:00 - 12/10/2025 06:00:00","Belgium (BE)","13.90","16.38","16.38","0.00"
"12/10/2025 06:00:00 - 12/10/2025 07:00:00","Belgium (BE)","13.68","17.68","17.68","0.00"
"12/10/2025 07:00:00 - 12/10/2025 08:00:00","Belgium (BE)","17.10","16.15","16.15","0.00"
"12/10/2025 08:00:00 - 12/10/2025 09:00:00","Belgium (BE)","24.63","15.15","17.28","0.00"
"12/10/2025 09:00:00 - 12/10/2025 10:00:00","Belgium (BE)","24.08","15.63","16.93","0.00"
"12/10/2025 10:00:00 - 12/10/2025 11:00:00","Belgium (BE)","34.73","16.50","17.63","14.26"
"12/10/2025 11:00:00 - 12/10/2025 12:00:00","Belgium (BE)","49.53","18.58","20.05","15.09"
"12/10/2025 12:00:00 - 12/10/2025 13:00:00","Belgium (BE)","58.05","28.93","29.83","46.39"
"12/10/2025 13:00:00 - 12/10/2025 14:00:00","Belgium (BE)","68.05","41.83","43.43","85.59"
"12/10/2025 14:00:00 - 12/10/2025 15:00:00","Belgium (BE)","76.90","56.03","62.88","74.10"
"12/10/2025 15:00:00 - 12/10/2025 16:00:00","Belgium (BE)","82.38","76.73","89.40","69.73"
"12/10/2025 16:00:00 - 12/10/2025 17:00:00","Belgium (BE)","93.48","111.58","117.23","145.94"
"12/10/2025 17:00:00 - 12/10/2025 18:00:00","Belgium (BE)","116.90","141.45","130.68","153.15"
"12/10/2025 18:00:00 - 12/10/2025 19:00:00","Belgium (BE)","152.60","152.90","160.10","125.13"
"12/10/2025 19:00:00 - 12/10/2025 20:00:00","Belgium (BE)","193.85","162.80","196.18","108.75"
"12/10/2025 20:00:00 - 12/10/2025 21:00:00","Belgium (BE)","214.80","148.18","187.73","221.68"
"12/10/2025 21:00:00 - 12/10/2025 22:00:00","Belgium (BE)","201.98","146.75","142.05","168.84"
"12/10/2025 22:00:00 - 12/10/2025 23:00:00","Belgium (BE)","218.20","159.43","179.73","178.99"
"12/10/2025 23:00:00 - 13/10/2025 00:00:00","Belgium (BE)","240.73","162.03","172.20","234.41"
"13/10/2025 00:00:00 - 13/10/2025 01:00:00","Belgium (BE)","191.95","186.83","186.83","345.47"
"13/10/2025 01:00:00 - 13/10/2025 02:00:00","Belgium (BE)","220.83","180.48","180.48","389.80"
"13/10/2025 02:00:00 - 13/10/2025 03:00:00","Belgium (BE)","294.25","225.25","225.25","521.97"
"13/10/2025 03:00:00 - 13/10/2025 04:00:00","Belgium (BE)","322.73","306.55","306.55","620.14"
"13/10/2025 04:00:00 - 13/10/2025 05:00:00","Belgium (BE)","323.70","375.33","375.33","501.24"
"13/10/2025 05:00:00 - 13/10/2025 06:00:00","Belgium (BE)","310.18","396.38","396.38","299.65"
"13/10/2025 06:00:00 - 13/10/2025 07:00:00","Belgium (BE)","278.28","347.28","347.28","185.21"
"13/10/2025 07:00:00 - 13/10/2025 08:00:00","Belgium (BE)","268.25","310.85","310.85","211.67"
"13/10/2025 08:00:00 - 13/10/2025 09:00:00","Belgium (BE)","275.15","354.63","318.73","263.94"
"13/10/2025 09:00:00 - 13/10/2025 10:00:00","Belgium (BE)","266.95","319.98","253.85","198.35"
"13/10/2025 10:00:00 - 13/10/2025 11:00:00","Belgium (BE)","239.60","278.10","256.58","159.10"
"13/10/2025 11:00:00 - 13/10/2025 12:00:00","Belgium (BE)","209.43","228.68","245.33","221.39"
"13/10/2025 12:00:00 - 13/10/2025 13:00:00","Belgium (BE)","204.35","199.18","209.53","257.52"
"13/10/2025 13:00:00 - 13/10/2025 14:00:00","Belgium (BE)","236.85","218.65","226.63","234.26"
"13/10/2025 14:00:00 - 13/10/2025 15:00:00","Belgium (BE)","267.48","238.83","200.08","163.70"
"13/10/2025 15:00:00 - 13/10/2025 16:00:00","Belgium (BE)","290.13","257.13","183.78","177.54"
"13/10/2025 16:00:00 - 13/10/2025 17:00:00","Belgium (BE)","303.30","310.95","211.75","204.91"
"13/10/2025 17:00:00 - 13/10/2025 18:00:00","Belgium (BE)","320.33","400.20","265.85","197.62"
"13/10/2025 18:00:00 - 13/10/2025 19:00:00","Belgium (BE)","363.93","469.88","321.53","252.75"
"13/10/2025 19:00:00 - 13/10/2025 20:00:00","Belgium (BE)","386.48","491.40","354.03","301.41"
"13/10/2025 20:00:00 - 13/10/2025 21:00:00","Belgium (BE)","418.80","477.25","382.20","305.90"
"13/10/2025 21:00:00 - 13/10/2025 22:00:00","Belgium (BE)","429.83","442.70","332.08","273.80"
"13/10/2025 22:00:00 - 13/10/2025 23:00:00","Belgium (BE)","376.60","387.25","277.53","261.87"
"13/10/2025 23:00:00 - 14/10/2025 00:00:00","Belgium (BE)","311.55","321.90","250.23","157.28"
"14/10/2025 00:00:00 - 14/10/2025 01:00:00","Belgium (BE)","236.20","224.90","224.90","181.84"
"14/10/2025 01:00:00 - 14/10/2025 02:00:00","Belgium (BE)","220.80","179.93","179.93","202.96"
"14/10/2025 02:00:00 - 14/10/2025 03:00:00","Belgium (BE)","200.60","179.28","179.28","127.66"
"14/10/2025 03:00:00 - 14/10/2025 04:00:00","Belgium (BE)","162.25","163.15","163.15","203.52"
"14/10/2025 04:00:00 - 14/10/2025 05:00:00","Belgium (BE)","141.80","100.80","100.80","138.54"
"14/10/2025 05:00:00 - 14/10/2025 06:00:00","Belgium (BE)","155.40","105.40","105.40","64.84"
"14/10/2025 06:00:00 - 14/10/2025 07:00:00","Belgium (BE)","208.23","106.58","106.58","37.10"
"14/10/2025 07:00:00 - 14/10/2025 08:00:00","Belgium (BE)","217.00","132.43","132.43","37.63"
"14/10/2025 08:00:00 - 14/10/2025 09:00:00","Belgium (BE)","140.38","198.03","172.45","119.63"
"14/10/2025 09:00:00 - 14/10/2025 10:00:00","Belgium (BE)","92.20","258.63","172.05","105.37"
"14/10/2025 10:00:00 - 14/10/2025 11:00:00","Belgium (BE)","100.65","298.85","296.88","107.99"
"14/10/2025 11:00:00 - 14/10/2025 12:00:00","Belgium (BE)","179.30","311.73","282.33","99.18"
"14/10/2025 12:00:00 - 14/10/2025 13:00:00","Belgium (BE)","307.18","333.20","237.65","105.56"
"14/10/2025 13:00:00 - 14/10/2025 14:00:00","Belgium (BE)","381.18","370.73","286.33","125.38"
"14/10/2025 14:00:00 - 14/10/2025 15:00:00","Belgium (BE)","405.90","404.95","351.55","101.46"
"14/10/2025 15:00:00 - 14/10/2025 16:00:00","Belgium (BE)","419.00","416.50","362.18","137.07"
"14/10/2025 16:00:00 - 14/10/2025 17:00:00","Belgium (BE)","457.68","458.90","417.63","179.30"
"14/10/2025 17:00:00 - 14/10/2025 18:00:00","Belgium (BE)","468.25","512.65","393.28","285.34"
"14/10/2025 18:00:00 - 14/10/2025 19:00:00","Belgium (BE)","435.55","506.45","330.95","394.26"
"14/10/2025 19:00:00 - 14/10/2025 20:00:00","Belgium (BE)","420.18","457.63","353.68","571.33"
"14/10/2025 20:00:00 - 14/10/2025 21:00:00","Belgium (BE)","418.45","397.15","366.55","544.10"
"14/10/2025 21:00:00 - 14/10/2025 22:00:00","Belgium (BE)","400.43","341.80","354.65","334.12"
"14/10/2025 22:00:00 - 14/10/2025 23:00:00","Belgium (BE)","353.63","324.63","327.58","293.72"
"14/10/2025 23:00:00 - 15/10/2025 00:00:00","Belgium (BE)","324.63","324.38","325.23","455.88"
"15/10/2025 00:00:00 - 15/10/2025 01:00:00","Belgium (BE)","251.23","221.33","221.33","233.84"
"15/10/2025 01:00:00 - 15/10/2025 02:00:00","Belgium (BE)","244.75","286.68","286.68","230.69"
"15/10/2025 02:00:00 - 15/10/2025 03:00:00","Belgium (BE)","264.80","212.03","212.03","125.19"
"15/10/2025 03:00:00 - 15/10/2025 04:00:00","Belgium (BE)","263.13","192.38","192.38","114.90"
"15/10/2025 04:00:00 - 15/10/2025 05:00:00","Belgium (BE)","263.08","209.10","209.10","137.39"
"15/10/2025 05:00:00 - 15/10/2025 06:00:00","Belgium (BE)","261.95","250.75","250.75","136.45"
"15/10/2025 06:00:00 - 15/10/2025 07:00:00","Belgium (BE)","243.75","227.35","227.35","161.37"
"15/10/2025 07:00:00 - 15/10/2025 08:00:00","Belgium (BE)","214.53","196.45","196.45","185.05"
"15/10/2025 08:00:00 - 15/10/2025 09:00:00","Belgium (BE)","231.08","164.93","159.58","185.63"
"15/10/2025 09:00:00 - 15/10/2025 10:00:00","Belgium (BE)","327.15","155.30","170.08","223.44"
"15/10/2025 10:00:00 - 15/10/2025 11:00:00","Belgium (BE)","342.45","165.00","162.88","212.80"
"15/10/2025 11:00:00 - 15/10/2025 12:00:00","Belgium (BE)","287.73","176.43","176.78","180.40"
"15/10/2025 12:00:00 - 15/10/2025 13:00:00","Belgium (BE)","270.73","230.25","184.95","154.73"
"15/10/2025 13:00:00 - 15/10/2025 14:00:00","Belgium (BE)","312.13","372.88","240.08","172.93"
"15/10/2025 14:00:00 - 15/10/2025 15:00:00","Belgium (BE)","368.40","456.25","365.00","188.92"
"15/10/2025 15:00:00 - 15/10/2025 16:00:00","Belgium (BE)","379.58","545.43","457.53","241.80"
"15/10/2025 16:00:00 - 15/10/2025 17:00:00","Belgium (BE)","383.33","526.25","537.58","282.06"
"15/10/2025 17:00:00 - 15/10/2025 18:00:00","Belgium (BE)","385.25","498.33","510.80","392.45"
"15/10/2025 18:00:00 - 15/10/2025 19:00:00","Belgium (BE)","379.85","423.28","449.90","465.47"
"15/10/2025 19:00:00 - 15/10/2025 20:00:00","Belgium (BE)","370.15","335.90","417.10","423.34"
"15/10/2025 20:00:00 - 15/10/2025 21:00:00","Belgium (BE)","377.43","280.68","370.93","365.30"
"15/10/2025 21:00:00 - 15/10/2025 22:00:00","Belgium (BE)","321.80","246.60","232.80","315.99"
"15/10/2025 22:00:00 - 15/10/2025 23:00:00","Belgium (BE)","282.75","240.70","209.80","196.50"
"15/10/2025 23:00:00 - 16/10/2025 00:00:00","Belgium (BE)","289.25","257.68","196.33","256.70"
"16/10/2025 00:00:00 - 16/10/2025 01:00:00","Belgium (BE)","185.23","118.93","118.93","172.63"
"16/10/2025 01:00:00 - 16/10/2025 02:00:00","Belgium (BE)","159.55","135.98","135.98","113.11"
"16/10/2025 02:00:00 - 16/10/2025 03:00:00","Belgium (BE)","136.50","150.68","150.68","68.61"
"16/10/2025 03:00:00 - 16/10/2025 04:00:00","Belgium (BE)","127.15","143.58","143.58","90.32"
"16/10/2025 04:00:00 - 16/10/2025 05:00:00","Belgium (BE)","129.30","100.83","100.83","12.85"
"16/10/2025 05:00:00 - 16/10/2025 06:00:00","Belgium (BE)","139.13","77.08","77.08"," "
"16/10/2025 06:00:00 - 16/10/2025 07:00:00","Belgium (BE)","163.53","47.70","47.70","138.93"
"16/10/2025 07:00:00 - 16/10/2025 08:00:00","Belgium (BE)","197.65","54.40","54.40","14.57"
"16/10/2025 08:00:00 - 16/10/2025 09:00:00","Belgium (BE)","260.60","108.03","126.90","149.52"
"16/10/2025 09:00:00 - 16/10/2025 10:00:00","Belgium (BE)","282.45","222.18","121.78","38.82"
"16/10/2025 10:00:00 - 16/10/2025 11:00:00","Belgium (BE)","224.53","247.88","240.35","70.85"
"16/10/2025 11:00:00 - 16/10/2025 12:00:00","Belgium (BE)","213.35","236.73","173.73","99.86"
"16/10/2025 12:00:00 - 16/10/2025 13:00:00","Belgium (BE)","228.90","213.08","202.65","158.76"
"16/10/2025 13:00:00 - 16/10/2025 14:00:00","Belgium (BE)","238.50","187.60","217.70","201.76"
"16/10/2025 14:00:00 - 16/10/2025 15:00:00","Belgium (BE)","254.80","181.98","200.90","251.41"
"16/10/2025 15:00:00 - 16/10/2025 16:00:00","Belgium (BE)","260.78","204.73","190.93","176.92"
"16/10/2025 16:00:00 - 16/10/2025 17:00:00","Belgium (BE)","231.43","247.60","225.35","60.87"
"16/10/2025 17:00:00 - 16/10/2025 18:00:00","Belgium (BE)","195.08","245.58","183.10","177.37"
"16/10/2025 18:00:00 - 16/10/2025 19:00:00","Belgium (BE)","179.50","206.43","145.75","52.98"
"16/10/2025 19:00:00 - 16/10/2025 20:00:00","Belgium (BE)","175.58","183.55","181.03","184.57"
"16/10/2025 20:00:00 - 16/10/2025 21:00:00","Belgium (BE)","159.88","168.38","141.28","284.16"
"16/10/2025 21:00:00 - 16/10/2025 22:00:00","Belgium (BE)","132.13","161.78","140.00","189.98"
"16/10/2025 22:00:00 - 16/10/2025 23:00:00","Belgium (BE)","136.15","137.88","172.93","151.44"
"16/10/2025 23:00:00 - 17/10/2025 00:00:00","Belgium (BE)","144.95","112.70","124.23","212.55"
"17/10/2025 00:00:00 - 17/10/2025 01:00:00","Belgium (BE)","123.68","91.00","91.00","102.00"
"17/10/2025 01:00:00 - 17/10/2025 02:00:00","Belgium (BE)","91.80","108.55","108.55","175.72"
"17/10/2025 02:00:00 - 17/10/2025 03:00:00","Belgium (BE)","75.68","83.08","83.08","104.16"
"17/10/2025 03:00:00 - 17/10/2025 04:00:00","Belgium (BE)","66.85","105.25","105.25","52.08"
"17/10/2025 04:00:00 - 17/10/2025 05:00:00","Belgium (BE)","58.83","109.25","109.25","85.06"
"17/10/2025 05:00:00 - 17/10/2025 06:00:00","Belgium (BE)","54.28","78.28","78.28","59.82"
"17/10/2025 06:00:00 - 17/10/2025 07:00:00","Belgium (BE)","62.48","57.53","57.53","45.49"
"17/10/2025 07:00:00 - 17/10/2025 08:00:00","Belgium (BE)","75.00","33.13","33.13","75.69"
"17/10/2025 08:00:00 - 17/10/2025 09:00:00","Belgium (BE)","97.70","15.53","24.23","68.34"
"17/10/2025 09:00:00 - 17/10/2025 10:00:00","Belgium (BE)","128.00","15.15","90.28","59.92"
"17/10/2025 10:00:00 - 17/10/2025 11:00:00","Belgium (BE)","127.08","15.95","128.43","118.84"
"17/10/2025 11:00:00 - 17/10/2025 12:00:00","Belgium (BE)","129.80","32.83","132.78","105.55"
"17/10/2025 12:00:00 - 17/10/2025 13:00:00","Belgium (BE)","134.50","54.13","129.75","75.99"
"17/10/2025 13:00:00 - 17/10/2025 14:00:00","Belgium (BE)","113.25","55.30","101.30","63.06"
"17/10/2025 14:00:00 - 17/10/2025 15:00:00","Belgium (BE)","88.63","51.60","73.18","28.86"
"17/10/2025 15:00:00 - 17/10/2025 16:00:00","Belgium (BE)","70.13","49.43","68.33","36.64"
"17/10/2025 16:00:00 - 17/10/2025 17:00:00","Belgium (BE)","56.35","52.90","66.98","72.35"
"17/10/2025 17:00:00 - 17/10/2025 18:00:00","Belgium (BE)","49.05","60.83","80.15","109.38"
"17/10/2025 18:00:00 - 17/10/2025 19:00:00","Belgium (BE)","59.23","68.10","75.95","60.15"
"17/10/2025 19:00:00 - 17/10/2025 20:00:00","Belgium (BE)","66.25","65.45","61.70","52.81"
"17/10/2025 20:00:00 - 17/10/2025 21:00:00","Belgium (BE)","53.50","51.50","27.00","82.27"
"17/10/2025 21:00:00 - 17/10/2025 22:00:00","Belgium (BE)","45.55","35.45","23.15","31.42"
"17/10/2025 22:00:00 - 17/10/2025 23:00:00","Belgium (BE)","46.28","28.60","15.95","30.58"
"17/10/2025 23:00:00 - 18/10/2025 00:00:00","Belgium (BE)","41.50","24.75","15.93","15.74"
"18/10/2025 00:00:00 - 18/10/2025 01:00:00","Belgium (BE)","15.90","14.68","14.68","0.00"
"18/10/2025 01:00:00 - 18/10/2025 02:00:00","Belgium (BE)","14.45","12.13","12.13","0.00"
"18/10/2025 02:00:00 - 18/10/2025 03:00:00","Belgium (BE)","13.48","14.28","14.28","0.00"
"18/10/2025 03:00:00 - 18/10/2025 04:00:00","Belgium (BE)","12.35","14.30","14.30","0.00"
"18/10/2025 04:00:00 - 18/10/2025 05:00:00","Belgium (BE)","12.75","14.65","14.65","0.00"
"18/10/2025 05:00:00 - 18/10/2025 06:00:00","Belgium (BE)","15.35","15.95","15.95","8.14"
"18/10/2025 06:00:00 - 18/10/2025 07:00:00","Belgium (BE)","26.23","18.50","18.50","39.72"
"18/10/2025 07:00:00 - 18/10/2025 08:00:00","Belgium (BE)","41.83","26.75","26.75","64.77"
"18/10/2025 08:00:00 - 18/10/2025 09:00:00","Belgium (BE)","61.23","43.98","50.30","118.83"
"18/10/2025 09:00:00 - 18/10/2025 10:00:00","Belgium (BE)","92.38","77.90","102.65","131.82"
"18/10/2025 10:00:00 - 18/10/2025 11:00:00","Belgium (BE)","142.88","124.43","171.33","167.50"
"18/10/2025 11:00:00 - 18/10/2025 12:00:00","Belgium (BE)","173.08","151.08","200.23","246.24"
"18/10/2025 12:00:00 - 18/10/2025 13:00:00","Belgium (BE)","178.18","169.60","209.38","178.94"
"18/10/2025 13:00:00 - 18/10/2025 14:00:00","Belgium (BE)","194.05","196.90","246.95","139.65"
"18/10/2025 14:00:00 - 18/10/2025 15:00:00","Belgium (BE)","210.10","221.78","252.38","164.69"
"18/10/2025 15:00:00 - 18/10/2025 16:00:00","Belgium (BE)","227.48","287.60","244.93","229.49"
"18/10/2025 16:00:00 - 18/10/2025 17:00:00","Belgium (BE)","250.78","339.58","278.23","381.22"
"18/10/2025 17:00:00 - 18/10/2025 18:00:00","Belgium (BE)","301.73","379.15","336.65","442.47"
"18/10/2025 18:00:00 - 18/10/2025 19:00:00","Belgium (BE)","348.75","449.75","400.95","505.61"
"18/10/2025 19:00:00 - 18/10/2025 20:00:00","Belgium (BE)","380.95","478.60","434.05","544.47"
"18/10/2025 20:00:00 - 18/10/2025 21:00:00","Belgium (BE)","455.43","492.38","484.78","646.60"
"18/10/2025 21:00:00 - 18/10/2025 22:00:00","Belgium (BE)","524.18","527.50","550.00","615.47"
"18/10/2025 22:00:00 - 18/10/2025 23:00:00","Belgium (BE)","580.45","618.13","606.20","749.63"
"18/10/2025 23:00:00 - 19/10/2025 00:00:00","Belgium (BE)","610.08","688.15","677.20","689.83"
"19/10/2025 00:00:00 - 19/10/2025 01:00:00","Belgium (BE)","657.83","691.33","691.33","464.65"
"19/10/2025 01:00:00 - 19/10/2025 02:00:00","Belgium (BE)","589.73","617.88","617.88","309.58"
"19/10/2025 02:00:00 - 19/10/2025 03:00:00","Belgium (BE)","584.75","561.50","561.50","336.62"
"19/10/2025 03:00:00 - 19/10/2025 04:00:00","Belgium (BE)","609.43","571.05","571.05","612.60"
"19/10/2025 04:00:00 - 19/10/2025 05:00:00","Belgium (BE)","615.23","551.63","551.63","565.33"
"19/10/2025 05:00:00 - 19/10/2025 06:00:00","Belgium (BE)","658.10","627.53","627.53","586.35"
"19/10/2025 06:00:00 - 19/10/2025 07:00:00","Belgium (BE)","743.93","695.13","695.13","509.74"
"19/10/2025 07:00:00 - 19/10/2025 08:00:00","Belgium (BE)","828.90","716.35","716.35","511.59"
"19/10/2025 08:00:00 - 19/10/2025 09:00:00","Belgium (BE)","854.58","732.08","693.23","622.52"
"19/10/2025 09:00:00 - 19/10/2025 10:00:00","Belgium (BE)","888.55","792.83","774.90","560.29"
"19/10/2025 10:00:00 - 19/10/2025 11:00:00","Belgium (BE)","881.78","804.35","780.10","617.05"
"19/10/2025 11:00:00 - 19/10/2025 12:00:00","Belgium (BE)","866.28","781.85","710.80","582.85"
"19/10/2025 12:00:00 - 19/10/2025 13:00:00","Belgium (BE)","885.95","753.78","672.50","501.63"
"19/10/2025 13:00:00 - 19/10/2025 14:00:00","Belgium (BE)","900.40","734.15","673.65","528.58"
"19/10/2025 14:00:00 - 19/10/2025 15:00:00","Belgium (BE)","924.73","752.65","696.33","730.66"
"19/10/2025 15:00:00 - 19/10/2025 16:00:00","Belgium (BE)","962.18","863.05","787.13","984.04"
"19/10/2025 16:00:00 - 19/10/2025 17:00:00","Belgium (BE)","1009.75","1028.43","1052.33","1493.32"
"19/10/2025 17:00:00 - 19/10/2025 18:00:00","Belgium (BE)","1159.15","1174.63","1383.60","1564.46"
"19/10/2025 18:00:00 - 19/10/2025 19:00:00","Belgium (BE)","1368.18","1328.38","1580.35","1488.52"
"19/10/2025 19:00:00 - 19/10/2025 20:00:00","Belgium (BE)","1563.40","1590.88","1702.68","1744.15"
"19/10/2025 20:00:00 - 19/10/2025 21:00:00","Belgium (BE)","1779.48","1819.80","1864.60","2057.44"
"19/10/2025 21:00:00 - 19/10/2025 22:00:00","Belgium (BE)","1899.95","1921.33","1962.75","2160.82"
"19/10/2025 22:00:00 - 19/10/2025 23:00:00","Belgium (BE)","1935.35","1946.65","2006.18","2118.80"
"19/10/2025 23:00:00 - 20/10/2025 00:00:00","Belgium (BE)","1929.93","1943.85","2021.95","2161.75"
"20/10/2025 00:00:00 - 20/10/2025 01:00:00","Belgium (BE)","1981.78","2078.90","2078.90","2179.41"
"20/10/2025 01:00:00 - 20/10/2025 02:00:00","Belgium (BE)","1947.08","2033.23","2033.23","2184.34"
"20/10/2025 02:00:00 - 20/10/2025 03:00:00","Belgium (BE)","1850.55","1964.78","1964.78","2178.49"
"20/10/2025 03:00:00 - 20/10/2025 04:00:00","Belgium (BE)","1685.45","1903.45","1903.45","2106.79"
"20/10/2025 04:00:00 - 20/10/2025 05:00:00","Belgium (BE)","1490.00","1755.55","1755.55","1678.91"
"20/10/2025 05:00:00 - 20/10/2025 06:00:00","Belgium (BE)","1290.00","1637.95","1637.95","961.54"
"20/10/2025 06:00:00 - 20/10/2025 07:00:00","Belgium (BE)","1205.65","1442.03","1442.03","929.99"
"20/10/2025 07:00:00 - 20/10/2025 08:00:00","Belgium (BE)","1328.95","1258.15","1258.15","1078.36"
"20/10/2025 08:00:00 - 20/10/2025 09:00:00","Belgium (BE)","1548.65","1369.50","1330.58","1135.22"
"20/10/2025 09:00:00 - 20/10/2025 10:00:00","Belgium (BE)","1715.53","1523.88","1437.00","1545.63"
"20/10/2025 10:00:00 - 20/10/2025 11:00:00","Belgium (BE)","1841.30","1674.95","1583.43","1781.87"
"20/10/2025 11:00:00 - 20/10/2025 12:00:00","Belgium (BE)","1859.63","1753.80","1770.23","1797.46"
"20/10/2025 12:00:00 - 20/10/2025 13:00:00","Belgium (BE)","1799.55","1748.50","1818.38","1943.33"
"20/10/2025 13:00:00 - 20/10/2025 14:00:00","Belgium (BE)","1762.00","1684.60","1790.33","1970.19"
"20/10/2025 14:00:00 - 20/10/2025 15:00:00","Belgium (BE)","1775.30","1643.03","1807.38","1903.07"
"20/10/2025 15:00:00 - 20/10/2025 16:00:00","Belgium (BE)","1819.43","1666.43","1827.15","2004.46"
"20/10/2025 16:00:00 - 20/10/2025 17:00:00","Belgium (BE)","1892.20","1748.75","1836.93","1962.75"
"20/10/2025 17:00:00 - 20/10/2025 18:00:00","Belgium (BE)","1974.58","1837.65","1985.05","1980.47"
"20/10/2025 18:00:00 - 20/10/2025 19:00:00","Belgium (BE)","2030.45","1930.73","2060.38","1938.34"
"20/10/2025 19:00:00 - 20/10/2025 20:00:00","Belgium (BE)","2069.50","2016.83","2072.03","2079.83"
"20/10/2025 20:00:00 - 20/10/2025 21:00:00","Belgium (BE)","2099.45","2086.08","2077.75","2156.20"
"20/10/2025 21:00:00 - 20/10/2025 22:00:00","Belgium (BE)","2113.90","2114.33","2112.90","2155.07"
"20/10/2025 22:00:00 - 20/10/2025 23:00:00","Belgium (BE)","2125.95","2108.60","2110.53","2079.84"
"20/10/2025 23:00:00 - 21/10/2025 00:00:00","Belgium (BE)","2126.75","2112.18","2109.88","2149.29"
"21/10/2025 00:00:00 - 21/10/2025 01:00:00","Belgium (BE)","2097.50","2048.28","2048.28","2203.45"
"21/10/2025 01:00:00 - 21/10/2025 02:00:00","Belgium (BE)","2059.05","2023.95","2023.95","2119.62"
"21/10/2025 02:00:00 - 21/10/2025 03:00:00","Belgium (BE)","2040.13","2050.90","2050.90","2153.14"
"21/10/2025 03:00:00 - 21/10/2025 04:00:00","Belgium (BE)","2010.80","1940.28","1940.28","2143.49"
"21/10/2025 04:00:00 - 21/10/2025 05:00:00","Belgium (BE)","2004.40","2028.38","2028.38","2177.16"
"21/10/2025 05:00:00 - 21/10/2025 06:00:00","Belgium (BE)","2023.60","2045.38","2045.38","2194.15"
"21/10/2025 06:00:00 - 21/10/2025 07:00:00","Belgium (BE)","2008.50","1952.20","1952.20","2147.66"
"21/10/2025 07:00:00 - 21/10/2025 08:00:00","Belgium (BE)","1960.40","1852.50","1852.50","2098.60"
"21/10/2025 08:00:00 - 21/10/2025 09:00:00","Belgium (BE)","1925.08","1720.93","1746.45","1896.40"
"21/10/2025 09:00:00 - 21/10/2025 10:00:00","Belgium (BE)","1841.88","1588.48","1644.33","1707.54"
"21/10/2025 10:00:00 - 21/10/2025 11:00:00","Belgium (BE)","1693.05","1501.03","1539.13","1500.57"
"21/10/2025 11:00:00 - 21/10/2025 12:00:00","Belgium (BE)","1633.85","1424.53","1432.68","1033.43"
"21/10/2025 12:00:00 - 21/10/2025 13:00:00","Belgium (BE)","1667.38","1450.60","1440.70","1251.34"
"21/10/2025 13:00:00 - 21/10/2025 14:00:00","Belgium (BE)","1716.63","1580.65","1544.55","1204.39"
"21/10/2025 14:00:00 - 21/10/2025 15:00:00","Belgium (BE)","1736.45","1702.98","1545.15","1718.35"
"21/10/2025 15:00:00 - 21/10/2025 16:00:00","Belgium (BE)","1691.05","1796.08","1669.68","1962.62"
"21/10/2025 16:00:00 - 21/10/2025 17:00:00","Belgium (BE)","1662.80","1877.30","1880.53","1963.41"
"21/10/2025 17:00:00 - 21/10/2025 18:00:00","Belgium (BE)","1711.70","1917.13","1953.20","2035.26"
"21/10/2025 18:00:00 - 21/10/2025 19:00:00","Belgium (BE)","1749.08","1860.98","1906.08","1883.06"
"21/10/2025 19:00:00 - 21/10/2025 20:00:00","Belgium (BE)","1740.03","1761.05","1863.95","1810.36"
"21/10/2025 20:00:00 - 21/10/2025 21:00:00","Belgium (BE)","1732.53","1702.53","1747.33","1696.96"
"21/10/2025 21:00:00 - 21/10/2025 22:00:00","Belgium (BE)","1728.55","1659.23","1607.30","1716.92"
"21/10/2025 22:00:00 - 21/10/2025 23:00:00","Belgium (BE)","1671.78","1621.25","1487.03","1519.78"
"21/10/2025 23:00:00 - 22/10/2025 00:00:00","Belgium (BE)","1538.95","1482.05","1348.88","1176.47"
"22/10/2025 00:00:00 - 22/10/2025 01:00:00","Belgium (BE)","1286.23","1101.88","984.83","1039.58"
"22/10/2025 01:00:00 - 22/10/2025 02:00:00","Belgium (BE)","1101.00","920.23","832.63","981.35"
"22/10/2025 02:00:00 - 22/10/2025 03:00:00","Belgium (BE)","943.58","761.08","685.18","915.76"
"22/10/2025 03:00:00 - 22/10/2025 04:00:00","Belgium (BE)","795.10","603.53","535.78","753.75"
"22/10/2025 04:00:00 - 22/10/2025 05:00:00","Belgium (BE)","640.08","471.88","418.48","546.64"
"22/10/2025 05:00:00 - 22/10/2025 06:00:00","Belgium (BE)","474.15","362.03","320.33","377.14"
"22/10/2025 06:00:00 - 22/10/2025 07:00:00","Belgium (BE)","328.90","271.68","241.40","281.01"
"22/10/2025 07:00:00 - 22/10/2025 08:00:00","Belgium (BE)","229.20","193.75","173.55","208.66"
"22/10/2025 08:00:00 - 22/10/2025 09:00:00","Belgium (BE)","161.25","147.40","128.25","126.51"
"22/10/2025 09:00:00 - 22/10/2025 10:00:00","Belgium (BE)","118.83","124.25","113.25","51.13"
"22/10/2025 10:00:00 - 22/10/2025 11:00:00","Belgium (BE)","100.58","109.68","107.68","53.64"
"22/10/2025 11:00:00 - 22/10/2025 12:00:00","Belgium (BE)","96.88","100.30","106.78","75.16"
"22/10/2025 12:00:00 - 22/10/2025 13:00:00","Belgium (BE)","96.95","109.58","121.20","216.64"
"22/10/2025 13:00:00 - 22/10/2025 14:00:00","Belgium (BE)","98.78","118.70","124.18","285.81"
"22/10/2025 14:00:00 - 22/10/2025 15:00:00","Belgium (BE)","101.38","114.65","116.05","189.07"
"22/10/2025 15:00:00 - 22/10/2025 16:00:00","Belgium (BE)","99.63","122.40","113.28","178.64"
"22/10/2025 16:00:00 - 22/10/2025 17:00:00","Belgium (BE)","85.63","141.35","106.93","156.21"
"22/10/2025 17:00:00 - 22/10/2025 18:00:00","Belgium (BE)","66.13","144.53","101.18","100.54"
"22/10/2025 18:00:00 - 22/10/2025 19:00:00","Belgium (BE)","51.25","141.73","114.05","193.84"
"22/10/2025 19:00:00 - 22/10/2025 20:00:00","Belgium (BE)","58.73","153.65","128.88","225.09"
"22/10/2025 20:00:00 - 22/10/2025 21:00:00","Belgium (BE)","116.63","202.18","206.80","203.24"
"22/10/2025 21:00:00 - 22/10/2025 22:00:00","Belgium (BE)","235.38","343.18","305.60","280.28"
"22/10/2025 22:00:00 - 22/10/2025 23:00:00","Belgium (BE)","389.28","583.30","456.08","458.68"
"22/10/2025 23:00:00 - 23/10/2025 00:00:00","Belgium (BE)","554.00","883.35","738.65","611.37"
"23/10/2025 00:00:00 - 23/10/2025 01:00:00","Belgium (BE)","988.85","1776.98","1776.98","1238.94"
"23/10/2025 01:00:00 - 23/10/2025 02:00:00","Belgium (BE)","1430.90","2008.70","2008.70","1988.25"
"23/10/2025 02:00:00 - 23/10/2025 03:00:00","Belgium (BE)","1796.08","2078.48","2078.48","2019.51"
"23/10/2025 03:00:00 - 23/10/2025 04:00:00","Belgium (BE)","1896.23","2101.80","2101.80","1449.61"
"23/10/2025 04:00:00 - 23/10/2025 05:00:00","Belgium (BE)","1830.08","2118.15","2118.15","2093.49"
"23/10/2025 05:00:00 - 23/10/2025 06:00:00","Belgium (BE)","1946.68","2114.33","2114.33","2114.20"
"23/10/2025 06:00:00 - 23/10/2025 07:00:00","Belgium (BE)","2078.25","2156.73","2156.73","2186.31"
"23/10/2025 07:00:00 - 23/10/2025 08:00:00","Belgium (BE)","2143.00","2162.88","2162.88","2190.55"
"23/10/2025 08:00:00 - 23/10/2025 09:00:00","Belgium (BE)","2170.55","2171.13","2180.18","2188.70"
"23/10/2025 09:00:00 - 23/10/2025 10:00:00","Belgium (BE)","2175.38","2133.05","2129.03","2174.45"
"23/10/2025 10:00:00 - 23/10/2025 11:00:00","Belgium (BE)","2159.40","2027.05","1969.68","2144.77"
"23/10/2025 11:00:00 - 23/10/2025 12:00:00","Belgium (BE)","2130.13","1817.38","896.93","1143.26"
"23/10/2025 12:00:00 - 23/10/2025 13:00:00","Belgium (BE)","2035.35","1164.93","596.73","141.22"
"23/10/2025 13:00:00 - 23/10/2025 14:00:00","Belgium (BE)","1982.50","1134.65","1470.80","1026.39"
"23/10/2025 14:00:00 - 23/10/2025 15:00:00","Belgium (BE)","1520.58","1361.48","1859.28","2040.82"
"23/10/2025 15:00:00 - 23/10/2025 16:00:00","Belgium (BE)","1349.20","2167.58","1822.83","2110.21"
"23/10/2025 16:00:00 - 23/10/2025 17:00:00","Belgium (BE)","1189.43","1753.95","1970.25","2112.49"
"23/10/2025 17:00:00 - 23/10/2025 18:00:00","Belgium (BE)","1530.40","1590.23","2077.95","2094.27"
"23/10/2025 18:00:00 - 23/10/2025 19:00:00","Belgium (BE)","1347.55","1943.45","2109.80","2136.42"
"23/10/2025 19:00:00 - 23/10/2025 20:00:00","Belgium (BE)","1448.30","2077.35","2125.05","2140.29"
"23/10/2025 20:00:00 - 23/10/2025 21:00:00","Belgium (BE)","1622.10","2124.73","2141.15","2170.23"
"23/10/2025 21:00:00 - 23/10/2025 22:00:00","Belgium (BE)","1731.18","2154.58","2142.13","2177.14"
"23/10/2025 22:00:00 - 23/10/2025 23:00:00","Belgium (BE)","1812.30","2170.63","2148.43","2160.07"
"23/10/2025 23:00:00 - 24/10/2025 00:00:00","Belgium (BE)","1875.63","2173.95","2159.15","2173.95"
"24/10/2025 00:00:00 - 24/10/2025 01:00:00","Belgium (BE)","2169.83","2169.60","2169.60","2184.23"
"24/10/2025 01:00:00 - 24/10/2025 02:00:00","Belgium (BE)","2171.23","2171.70","2171.70","2184.86"
"24/10/2025 02:00:00 - 24/10/2025 03:00:00","Belgium (BE)","2170.45","2174.70","2174.70","2186.43"
"24/10/2025 03:00:00 - 24/10/2025 04:00:00","Belgium (BE)","2169.73","2174.98","2174.98","2185.94"
"24/10/2025 04:00:00 - 24/10/2025 05:00:00","Belgium (BE)","2169.53","2169.15","2169.15","2144.82"
"24/10/2025 05:00:00 - 24/10/2025 06:00:00","Belgium (BE)","2167.73","2168.45","2168.45","2141.38"
"24/10/2025 06:00:00 - 24/10/2025 07:00:00","Belgium (BE)","2164.20","2159.75","2159.75","2172.51"
"24/10/2025 07:00:00 - 24/10/2025 08:00:00","Belgium (BE)","2158.88","2156.15","2156.15","2177.51"
"24/10/2025 08:00:00 - 24/10/2025 09:00:00","Belgium (BE)","2151.58","2149.48","2153.95","2168.69"
"24/10/2025 09:00:00 - 24/10/2025 10:00:00","Belgium (BE)","2146.35","2140.98","2148.70","2168.17"
"24/10/2025 10:00:00 - 24/10/2025 11:00:00","Belgium (BE)","2142.98","2134.58","2138.03","2167.34"
"24/10/2025 11:00:00 - 24/10/2025 12:00:00","Belgium (BE)","2139.53","2129.05","2122.98","2167.28"
"24/10/2025 12:00:00 - 24/10/2025 13:00:00","Belgium (BE)","2134.55","2127.70","2113.18","2164.25"
"24/10/2025 13:00:00 - 24/10/2025 14:00:00","Belgium (BE)","2128.48","2125.53","2114.30","2136.06"
"24/10/2025 14:00:00 - 24/10/2025 15:00:00","Belgium (BE)","2126.63","2120.05","2114.63","2105.63"
"24/10/2025 15:00:00 - 24/10/2025 16:00:00","Belgium (BE)","2134.43","2121.28","2105.23","2101.73"
"24/10/2025 16:00:00 - 24/10/2025 17:00:00","Belgium (BE)","2136.48","2121.70","2085.53","2154.25"
"24/10/2025 17:00:00 - 24/10/2025 18:00:00","Belgium (BE)","2135.75","2114.48","2083.95","2146.94"
"24/10/2025 18:00:00 - 24/10/2025 19:00:00","Belgium (BE)","2138.85","2105.48","2105.38","2148.61"
"24/10/2025 19:00:00 - 24/10/2025 20:00:00","Belgium (BE)","2149.05","2114.93","2129.90","2149.19"
"24/10/2025 20:00:00 - 24/10/2025 21:00:00","Belgium (BE)","2157.58","2128.93","2132.65","2155.38"
"24/10/2025 21:00:00 - 24/10/2025 22:00:00","Belgium (BE)","2156.05","2131.45","2140.03","2158.75"
"24/10/2025 22:00:00 - 24/10/2025 23:00:00","Belgium (BE)","2148.90","2128.38","2132.98","2171.52"
"24/10/2025 23:00:00 - 25/10/2025 00:00:00","Belgium (BE)","2139.50","2127.23","2121.78","2171.55"
"25/10/2025 00:00:00 - 25/10/2025 01:00:00","Belgium (BE)","2140.35","2112.50","2112.50","2168.42"
"25/10/2025 01:00:00 - 25/10/2025 02:00:00","Belgium (BE)","2130.43","2112.33","2112.33","2164.54"
"25/10/2025 02:00:00 - 25/10/2025 03:00:00","Belgium (BE)","2101.75","2076.28","2076.28","2148.48"
"25/10/2025 03:00:00 - 25/10/2025 04:00:00","Belgium (BE)","2047.78","1968.90","1968.90","2062.93"
"25/10/2025 04:00:00 - 25/10/2025 05:00:00","Belgium (BE)","1963.98","1766.13","1766.13","1816.64"
"25/10/2025 05:00:00 - 25/10/2025 06:00:00","Belgium (BE)","1874.05","1738.60","1738.60","1803.92"
"25/10/2025 06:00:00 - 25/10/2025 07:00:00","Belgium (BE)","1944.15","1913.48","1913.48","1970.82"
"25/10/2025 07:00:00 - 25/10/2025 08:00:00","Belgium (BE)","2019.75","2059.80","2059.80","2116.00"
"25/10/2025 08:00:00 - 25/10/2025 09:00:00","Belgium (BE)","2118.75","2135.95","2138.63","2168.25"
"25/10/2025 09:00:00 - 25/10/2025 10:00:00","Belgium (BE)","2151.18","2153.58","2156.75","2173.60"
"25/10/2025 10:00:00 - 25/10/2025 11:00:00","Belgium (BE)","2150.20","2151.35","2149.20","2163.58"
"25/10/2025 11:00:00 - 25/10/2025 12:00:00","Belgium (BE)","2132.98","2139.95","2132.03","2159.80"
"25/10/2025 12:00:00 - 25/10/2025 13:00:00","Belgium (BE)","2083.43","2106.60","2078.03","2104.73"
"25/10/2025 13:00:00 - 25/10/2025 14:00:00","Belgium (BE)","2004.95","2031.43","1966.18","1951.57"
"25/10/2025 14:00:00 - 25/10/2025 15:00:00","Belgium (BE)","1917.78","1909.83","1813.68","1782.35"
"25/10/2025 15:00:00 - 25/10/2025 16:00:00","Belgium (BE)","1841.58","1792.25","1634.33","1729.29"
"25/10/2025 16:00:00 - 25/10/2025 17:00:00","Belgium (BE)","1807.00","1755.55","1485.55","1822.99"
"25/10/2025 17:00:00 - 25/10/2025 18:00:00","Belgium (BE)","1801.68","1748.20","1379.10","1590.63"
"25/10/2025 18:00:00 - 25/10/2025 19:00:00","Belgium (BE)","1771.78","1683.35","1335.98","1481.17"
"25/10/2025 19:00:00 - 25/10/2025 20:00:00","Belgium (BE)","1749.68","1616.83","1378.15","1450.05"
"25/10/2025 20:00:00 - 25/10/2025 21:00:00","Belgium (BE)","1823.33","1635.35","1563.58","1319.69"
"25/10/2025 21:00:00 - 25/10/2025 22:00:00","Belgium (BE)","1934.88","1732.05","1690.15","1584.51"
"25/10/2025 22:00:00 - 25/10/2025 23:00:00","Belgium (BE)","2002.63","1864.43","1808.00","1909.52"
"25/10/2025 23:00:00 - 26/10/2025 00:00:00","Belgium (BE)","2017.38","1950.65","1876.50","2007.68"
"26/10/2025 00:00:00 - 26/10/2025 01:00:00","Belgium (BE)","1935.33","1931.48","1931.48","2028.52"
"26/10/2025 01:00:00 - 26/10/2025 02:00:00 (CEST)","Belgium (BE)","1936.03","1930.80","1930.80","2059.13"
"26/10/2025 02:00:00 (CEST) - 26/10/2025 02:00:00 (CET)","Belgium (BE)","1965.28","1960.75","1960.75","2123.47"
"26/10/2025 02:00:00 (CET) - 26/10/2025 03:00:00","Belgium (BE)","1991.30","1988.00","1988.00","2050.45"
"26/10/2025 03:00:00 - 26/10/2025 04:00:00","Belgium (BE)","2023.68","2035.33","2035.33","2139.95"
"26/10/2025 04:00:00 - 26/10/2025 05:00:00","Belgium (BE)","2080.95","2089.38","2089.38","2157.02"
"26/10/2025 05:00:00 - 26/10/2025 06:00:00","Belgium (BE)","2107.93","2112.08","2112.08","2151.22"
"26/10/2025 06:00:00 - 26/10/2025 07:00:00","Belgium (BE)","2107.78","2118.53","2118.53","2133.40"
"26/10/2025 07:00:00 - 26/10/2025 08:00:00","Belgium (BE)","2099.50","2099.88","2099.88","2125.30"
"26/10/2025 08:00:00 - 26/10/2025 09:00:00","Belgium (BE)","2088.58","2082.08","2071.28","2020.93"
"26/10/2025 09:00:00 - 26/10/2025 10:00:00","Belgium (BE)","2085.73","2069.08","2042.38","2079.55"
"26/10/2025 10:00:00 - 26/10/2025 11:00:00","Belgium (BE)","2074.05","2060.60","2008.25","2042.72"
"26/10/2025 11:00:00 - 26/10/2025 12:00:00","Belgium (BE)","2047.25","2044.58","2000.25","1897.22"
"26/10/2025 12:00:00 - 26/10/2025 13:00:00","Belgium (BE)","2050.83","2030.15","1995.38","1905.95"
"26/10/2025 13:00:00 - 26/10/2025 14:00:00","Belgium (BE)","2079.50","2029.30","1988.93","2116.63"
"26/10/2025 14:00:00 - 26/10/2025 15:00:00","Belgium (BE)","2102.75","2045.43","2010.53","2116.95"
"26/10/2025 15:00:00 - 26/10/2025 16:00:00","Belgium (BE)","2124.30","2085.23","2049.90","2114.68"
"26/10/2025 16:00:00 - 26/10/2025 17:00:00","Belgium (BE)","2143.93","2124.90","2092.73","2149.55"
"26/10/2025 17:00:00 - 26/10/2025 18:00:00","Belgium (BE)","2146.25","2146.03","2100.65","2149.57"
"26/10/2025 18:00:00 - 26/10/2025 19:00:00","Belgium (BE)","2152.25","2149.65","2128.95","2087.93"
"26/10/2025 19:00:00 - 26/10/2025 20:00:00","Belgium (BE)","2158.93","2154.60","2153.25","2145.95"
"26/10/2025 20:00:00 - 26/10/2025 21:00:00","Belgium (BE)","2156.80","2159.00","2150.43","2161.53"
"26/10/2025 21:00:00 - 26/10/2025 22:00:00","Belgium (BE)","2158.78","2170.58","2177.23","2132.89"
"26/10/2025 22:00:00 - 26/10/2025 23:00:00","Belgium (BE)","2167.23","2177.48","2180.50","2148.65"
"26/10/2025 23:00:00 - 27/10/2025 00:00:00","Belgium (BE)","2173.05","2177.20","2178.38","2032.71"
"27/10/2025 00:00:00 - 27/10/2025 01:00:00","Belgium (BE)","2171.55","2172.70","2172.70","2153.73"
"27/10/2025 01:00:00 - 27/10/2025 02:00:00","Belgium (BE)","2171.40","2166.65","2166.65","2160.62"
"27/10/2025 02:00:00 - 27/10/2025 03:00:00","Belgium (BE)","2172.95","2169.98","2169.98","2159.22"
"27/10/2025 03:00:00 - 27/10/2025 04:00:00","Belgium (BE)","2175.40","2174.30","2174.30","2160.32"
"27/10/2025 04:00:00 - 27/10/2025 05:00:00","Belgium (BE)","2177.13","2177.13","2177.13","2162.85"
"27/10/2025 05:00:00 - 27/10/2025 06:00:00","Belgium (BE)","2178.65","2180.05","2180.05","2121.34"
"27/10/2025 06:00:00 - 27/10/2025 07:00:00","Belgium (BE)","2180.08","2181.73","2181.73","2139.37"
"27/10/2025 07:00:00 - 27/10/2025 08:00:00","Belgium (BE)","2180.55","2174.53","2174.53","2160.07"
"27/10/2025 08:00:00 - 27/10/2025 09:00:00","Belgium (BE)","2179.23","2175.65","2176.03","2161.09"
"27/10/2025 09:00:00 - 27/10/2025 10:00:00","Belgium (BE)","2176.28","2174.90","2177.75","2161.12"
"27/10/2025 10:00:00 - 27/10/2025 11:00:00","Belgium (BE)","2170.93","2170.33","2178.60","2155.68"
"27/10/2025 11:00:00 - 27/10/2025 12:00:00","Belgium (BE)","2162.68","2162.10","2167.15","2053.37"
"27/10/2025 12:00:00 - 27/10/2025 13:00:00","Belgium (BE)","2150.85","2146.58","2149.80","2148.82"
"27/10/2025 13:00:00 - 27/10/2025 14:00:00","Belgium (BE)","2128.88","2109.58","2108.28","2080.89"
"27/10/2025 14:00:00 - 27/10/2025 15:00:00","Belgium (BE)","2071.53","2031.55","2033.13","2011.49"
"27/10/2025 15:00:00 - 27/10/2025 16:00:00","Belgium (BE)","1972.68","1892.43","1882.33","1774.42"
"27/10/2025 16:00:00 - 27/10/2025 17:00:00","Belgium (BE)","1853.93","1686.15","1663.10","1371.64"
"27/10/2025 17:00:00 - 27/10/2025 18:00:00","Belgium (BE)","1728.98","1487.05","1429.88","1131.71"
"27/10/2025 18:00:00 - 27/10/2025 19:00:00","Belgium (BE)","1621.75","1372.95","1322.25","1429.69"
"27/10/2025 19:00:00 - 27/10/2025 20:00:00","Belgium (BE)","1535.80","1328.28","1283.80","1666.07"
"27/10/2025 20:00:00 - 27/10/2025 21:00:00","Belgium (BE)","1494.70","1240.60","1261.13","1541.36"
"27/10/2025 21:00:00 - 27/10/2025 22:00:00","Belgium (BE)","1518.75","1145.88","1476.78","1554.06"
"27/10/2025 22:00:00 - 27/10/2025 23:00:00","Belgium (BE)","1551.23","1161.18","1461.60","1603.86"
"27/10/2025 23:00:00 - 28/10/2025 00:00:00","Belgium (BE)","1636.90","1273.98","1507.33","1507.90"
"28/10/2025 00:00:00 - 28/10/2025 01:00:00","Belgium (BE)","1496.15","1518.85","1518.85","1584.44"
"28/10/2025 01:00:00 - 28/10/2025 02:00:00","Belgium (BE)","1664.83","1602.03","1602.03","1801.76"
"28/10/2025 02:00:00 - 28/10/2025 03:00:00","Belgium (BE)","1907.83","1879.15","1879.15","2072.05"
"28/10/2025 03:00:00 - 28/10/2025 04:00:00","Belgium (BE)","2082.58","2053.38","2053.38","2145.08"
"28/10/2025 04:00:00 - 28/10/2025 05:00:00","Belgium (BE)","2134.98","2131.15","2131.15","2147.50"
"28/10/2025 05:00:00 - 28/10/2025 06:00:00","Belgium (BE)","2147.70","2158.65","2158.65","2142.02"
"28/10/2025 06:00:00 - 28/10/2025 07:00:00","Belgium (BE)","2160.03","2167.53","2167.53","2102.07"
"28/10/2025 07:00:00 - 28/10/2025 08:00:00","Belgium (BE)","2166.58","2172.65","2172.65","2148.51"
"28/10/2025 08:00:00 - 28/10/2025 09:00:00","Belgium (BE)","2168.08","2172.38","2165.58","2137.14"
"28/10/2025 09:00:00 - 28/10/2025 10:00:00","Belgium (BE)","2164.90","2167.78","2171.10","2136.29"
"28/10/2025 10:00:00 - 28/10/2025 11:00:00","Belgium (BE)","2159.50","2159.63","2163.20","2094.64"
"28/10/2025 11:00:00 - 28/10/2025 12:00:00","Belgium (BE)","2151.98","2140.73","2142.90","2138.36"
"28/10/2025 12:00:00 - 28/10/2025 13:00:00","Belgium (BE)","2130.25","2103.18","2105.98","2054.17"
"28/10/2025 13:00:00 - 28/10/2025 14:00:00","Belgium (BE)","2084.28","2051.80","2066.43","2014.32"
"28/10/2025 14:00:00 - 28/10/2025 15:00:00","Belgium (BE)","2021.05","1991.33","2025.48","2083.05"
"28/10/2025 15:00:00 - 28/10/2025 16:00:00","Belgium (BE)","1958.58","1939.00","2015.70","2110.94"
"28/10/2025 16:00:00 - 28/10/2025 17:00:00","Belgium (BE)","1924.55","1914.73","2005.45","2049.46"
"28/10/2025 17:00:00 - 28/10/2025 18:00:00","Belgium (BE)","1915.70","1875.43","1989.78","1976.20"
"28/10/2025 18:00:00 - 28/10/2025 19:00:00","Belgium (BE)","1855.73","1728.78","1950.55","1646.56"
"28/10/2025 19:00:00 - 28/10/2025 20:00:00","Belgium (BE)","1808.43","1768.83","1934.05","1769.71"
"28/10/2025 20:00:00 - 28/10/2025 21:00:00","Belgium (BE)","1812.93","1943.38","1919.35","2046.69"
"28/10/2025 21:00:00 - 28/10/2025 22:00:00","Belgium (BE)","1765.18","1911.73","1900.75","2027.54"
"28/10/2025 22:00:00 - 28/10/2025 23:00:00","Belgium (BE)","1713.30","1743.50","1832.38","1747.48"
"28/10/2025 23:00:00 - 29/10/2025 00:00:00","Belgium (BE)","1624.13","1553.43","1608.40","1481.94"
"29/10/2025 00:00:00 - 29/10/2025 01:00:00","Belgium (BE)","1491.25","1433.10","1433.10","1460.19"
"29/10/2025 01:00:00 - 29/10/2025 02:00:00","Belgium (BE)","1562.95","1428.65","1428.65","1492.80"
"29/10/2025 02:00:00 - 29/10/2025 03:00:00","Belgium (BE)","1473.20","1469.00","1469.00","1358.61"
"29/10/2025 03:00:00 - 29/10/2025 04:00:00","Belgium (BE)","1464.65","1590.90","1590.90","1818.91"
"29/10/2025 04:00:00 - 29/10/2025 05:00:00","Belgium (BE)","1653.25","1793.58","1793.58","1788.79"
"29/10/2025 05:00:00 - 29/10/2025 06:00:00","Belgium (BE)","1761.43","1834.15","1834.15","1977.12"
"29/10/2025 06:00:00 - 29/10/2025 07:00:00","Belgium (BE)","1754.95","1848.25","1848.25","1987.40"
"29/10/2025 07:00:00 - 29/10/2025 08:00:00","Belgium (BE)","1743.63","1891.78","1891.78","1927.07"
"29/10/2025 08:00:00 - 29/10/2025 09:00:00","Belgium (BE)","1786.50","1889.75","1906.80","1924.68"
"29/10/2025 09:00:00 - 29/10/2025 10:00:00","Belgium (BE)","1771.40","1858.10","1863.23","1904.92"
"29/10/2025 10:00:00 - 29/10/2025 11:00:00","Belgium (BE)","1665.58","1750.48","1716.15","1998.33"
"29/10/2025 11:00:00 - 29/10/2025 12:00:00","Belgium (BE)","1523.80","1590.38","1551.38","1761.75"
"29/10/2025 12:00:00 - 29/10/2025 13:00:00","Belgium (BE)","1444.73","1509.00","1452.20","1477.71"
"29/10/2025 13:00:00 - 29/10/2025 14:00:00","Belgium (BE)","1397.05","1480.98","1367.88","1059.45"
"29/10/2025 14:00:00 - 29/10/2025 15:00:00","Belgium (BE)","1350.88","1390.88","1272.20","953.57"
"29/10/2025 15:00:00 - 29/10/2025 16:00:00","Belgium (BE)","1310.40","1263.45","1261.03","649.36"
"29/10/2025 16:00:00 - 29/10/2025 17:00:00","Belgium (BE)","1328.25","1159.68","1162.85","555.32"
"29/10/2025 17:00:00 - 29/10/2025 18:00:00","Belgium (BE)","1330.20","1152.95","1046.78","502.03"
"29/10/2025 18:00:00 - 29/10/2025 19:00:00","Belgium (BE)","1330.53","1195.03","1072.85","313.27"
"29/10/2025 19:00:00 - 29/10/2025 20:00:00","Belgium (BE)","1210.95","1255.23","1178.48","436.82"
"29/10/2025 20:00:00 - 29/10/2025 21:00:00","Belgium (BE)","896.05","1312.98","1108.88","867.78"
"29/10/2025 21:00:00 - 29/10/2025 22:00:00","Belgium (BE)","797.58","1205.20","1189.88","1214.39"
"29/10/2025 22:00:00 - 29/10/2025 23:00:00","Belgium (BE)","1003.40","1255.53","1475.23","1188.11"
"29/10/2025 23:00:00 - 30/10/2025 00:00:00","Belgium (BE)","1246.28","1579.50","1661.65","1278.99"
"30/10/2025 00:00:00 - 30/10/2025 01:00:00","Belgium (BE)","1863.08","1856.55","1856.55","1657.27"
"30/10/2025 01:00:00 - 30/10/2025 02:00:00","Belgium (BE)","1976.53","1916.98","1916.98","1856.32"
"30/10/2025 02:00:00 - 30/10/2025 03:00:00","Belgium (BE)","2031.68","1893.30","1893.30","1983.95"
"30/10/2025 03:00:00 - 30/10/2025 04:00:00","Belgium (BE)","2049.45","1934.38","1934.38","2001.88"
"30/10/2025 04:00:00 - 30/10/2025 05:00:00","Belgium (BE)","2043.00","1932.13","1932.13","2028.64"
"30/10/2025 05:00:00 - 30/10/2025 06:00:00","Belgium (BE)","2009.30","1855.33","1855.33","1973.07"
"30/10/2025 06:00:00 - 30/10/2025 07:00:00","Belgium (BE)","1960.88","1779.53","1779.53","1906.61"
"30/10/2025 07:00:00 - 30/10/2025 08:00:00","Belgium (BE)","1834.23","1673.93","1673.93","1801.27"
"30/10/2025 08:00:00 - 30/10/2025 09:00:00","Belgium (BE)","1530.98","1486.30","1473.65","1731.80"
"30/10/2025 09:00:00 - 30/10/2025 10:00:00","Belgium (BE)","1164.58","1211.20","1146.90","1177.01"
"30/10/2025 10:00:00 - 30/10/2025 11:00:00","Belgium (BE)","828.45","865.10","770.75","796.76"
"30/10/2025 11:00:00 - 30/10/2025 12:00:00","Belgium (BE)","544.93","571.05","509.88","517.68"
"30/10/2025 12:00:00 - 30/10/2025 13:00:00","Belgium (BE)","357.48","380.10","353.55","364.01"
"30/10/2025 13:00:00 - 30/10/2025 14:00:00","Belgium (BE)","241.45","248.45","226.20","359.01"
"30/10/2025 14:00:00 - 30/10/2025 15:00:00","Belgium (BE)","165.78","165.30","180.30","257.44"
"30/10/2025 15:00:00 - 30/10/2025 16:00:00","Belgium (BE)","131.83","119.70","141.35","135.35"
"30/10/2025 16:00:00 - 30/10/2025 17:00:00","Belgium (BE)","172.83","143.30","189.33","313.20"
"30/10/2025 17:00:00 - 30/10/2025 18:00:00","Belgium (BE)","321.60","265.60","326.75","834.14"
"30/10/2025 18:00:00 - 30/10/2025 19:00:00","Belgium (BE)","640.65","504.63","581.98","805.03"
"30/10/2025 19:00:00 - 30/10/2025 20:00:00","Belgium (BE)","990.40","1001.65","990.23","1412.26"
"30/10/2025 20:00:00 - 30/10/2025 21:00:00","Belgium (BE)","1197.43","1362.43","1138.15","1249.35"
"30/10/2025 21:00:00 - 30/10/2025 22:00:00","Belgium (BE)","1357.53","1447.33","1266.60","1534.07"
"30/10/2025 22:00:00 - 30/10/2025 23:00:00","Belgium (BE)","1519.40","1551.03","1433.23","1684.28"
"30/10/2025 23:00:00 - 31/10/2025 00:00:00","Belgium (BE)","1657.48","1685.33","1628.95","1800.83"
"31/10/2025 00:00:00 - 31/10/2025 01:00:00","Belgium (BE)","1764.60","1803.68","1803.68","2014.38"
"31/10/2025 01:00:00 - 31/10/2025 02:00:00","Belgium (BE)","1807.40","1853.85","1853.85","2120.92"
"31/10/2025 02:00:00 - 31/10/2025 03:00:00","Belgium (BE)","1795.45","1864.03","1864.03","2052.49"
"31/10/2025 03:00:00 - 31/10/2025 04:00:00","Belgium (BE)","1793.58","1856.75","1856.75","1982.30"
"31/10/2025 04:00:00 - 31/10/2025 05:00:00","Belgium (BE)","1832.93","1880.60","1880.60","1953.49"
"31/10/2025 05:00:00 - 31/10/2025 06:00:00","Belgium (BE)","1856.33","1881.55","1881.55","1894.10"
"31/10/2025 06:00:00 - 31/10/2025 07:00:00","Belgium (BE)","1799.50","1845.78","1845.78","1781.97"
"31/10/2025 07:00:00 - 31/10/2025 08:00:00","Belgium (BE)","1632.68","1801.50","1801.50","1665.21"
"31/10/2025 08:00:00 - 31/10/2025 09:00:00","Belgium (BE)","1480.13","1781.43","1839.55","1645.14"
"31/10/2025 09:00:00 - 31/10/2025 10:00:00","Belgium (BE)","1474.58","1807.90","1788.05","1615.96"
"31/10/2025 10:00:00 - 31/10/2025 11:00:00","Belgium (BE)","1525.98","1808.63","1785.78","1516.49"
"31/10/2025 11:00:00 - 31/10/2025 12:00:00","Belgium (BE)","1490.35","1715.60","1688.55","1690.52"
"31/10/2025 12:00:00 - 31/10/2025 13:00:00","Belgium (BE)","1345.05","1757.05","1614.00","1561.62"
"31/10/2025 13:00:00 - 31/10/2025 14:00:00","Belgium (BE)","1411.88","1869.23","1640.50","1587.27"
"31/10/2025 14:00:00 - 31/10/2025 15:00:00","Belgium (BE)","1584.98","1891.45","1670.55","1621.41"
"31/10/2025 15:00:00 - 31/10/2025 16:00:00","Belgium (BE)","1676.85","1853.15","1719.20","1467.34"
"31/10/2025 16:00:00 - 31/10/2025 17:00:00","Belgium (BE)","1803.33","1847.10","1846.65","1774.67"
"31/10/2025 17:00:00 - 31/10/2025 18:00:00","Belgium (BE)","1904.70","1922.95","1962.15","1941.84"
"31/10/2025 18:00:00 - 31/10/2025 19:00:00","Belgium (BE)","1968.93","2013.88","2011.45","2068.43"
"31/10/2025 19:00:00 - 31/10/2025 20:00:00","Belgium (BE)","2002.45","2070.43","2044.80","2166.40"
"31/10/2025 20:00:00 - 31/10/2025 21:00:00","Belgium (BE)","2039.65","2095.00","2078.08","2167.08"
"31/10/2025 21:00:00 - 31/10/2025 22:00:00","Belgium (BE)","2075.55","2102.20","2108.13","2170.88"
"31/10/2025 22:00:00 - 31/10/2025 23:00:00","Belgium (BE)","2091.08","2104.20","2122.68","2174.09"
"31/10/2025 23:00:00 - 01/11/2025 00:00:00","Belgium (BE)","2098.43","2101.00","2138.83","2177.19"
"01/11/2025 00:00:00 - 01/11/2025 01:00:00","Belgium (BE)","2124.33","2142.88","2142.88","2175.72"
"01/11/2025 01:00:00 - 01/11/2025 02:00:00","Belgium (BE)","2120.10","2137.38","2137.38","2179.70"
"01/11/2025 02:00:00 - 01/11/2025 03:00:00","Belgium (BE)","2116.83","2124.95","2124.95","2176.47"
"01/11/2025 03:00:00 - 01/11/2025 04:00:00","Belgium (BE)","2108.00","2106.58","2106.58","2173.72"
"01/11/2025 04:00:00 - 01/11/2025 05:00:00","Belgium (BE)","2095.28","2084.55","2084.55","2033.31"
"01/11/2025 05:00:00 - 01/11/2025 06:00:00","Belgium (BE)","2084.43","2075.50","2075.50","1843.16"
"01/11/2025 06:00:00 - 01/11/2025 07:00:00","Belgium (BE)","2084.65","2092.73","2092.73","1780.79"
"01/11/2025 07:00:00 - 01/11/2025 08:00:00","Belgium (BE)","2097.43","2092.03","2092.03","2046.00"
"01/11/2025 08:00:00 - 01/11/2025 09:00:00","Belgium (BE)","2102.18","2064.73","2062.28","1976.90"
"01/11/2025 09:00:00 - 01/11/2025 10:00:00","Belgium (BE)","2087.45","2023.48","1982.48","1697.43"
"01/11/2025 10:00:00 - 01/11/2025 11:00:00","Belgium (BE)","2058.40","1978.45","1985.05","1438.87"
"01/11/2025 11:00:00 - 01/11/2025 12:00:00","Belgium (BE)","2024.70","1995.95","2010.78","1788.98"
"01/11/2025 12:00:00 - 01/11/2025 13:00:00","Belgium (BE)","1998.18","2038.25","2063.83","2023.81"
"01/11/2025 13:00:00 - 01/11/2025 14:00:00","Belgium (BE)","2030.78","2081.75","2103.63","1906.97"
"01/11/2025 14:00:00 - 01/11/2025 15:00:00","Belgium (BE)","2056.78","2111.03","2134.48","1743.49"
"01/11/2025 15:00:00 - 01/11/2025 16:00:00","Belgium (BE)","2065.65","2130.48","2143.55","1824.10"
"01/11/2025 16:00:00 - 01/11/2025 17:00:00","Belgium (BE)","2058.73","2131.18","2135.55","1973.30"
"01/11/2025 17:00:00 - 01/11/2025 18:00:00","Belgium (BE)","2006.58","2103.90","2115.15","2047.45"
"01/11/2025 18:00:00 - 01/11/2025 19:00:00","Belgium (BE)","1974.48","2062.63","2078.90","1931.13"
"01/11/2025 19:00:00 - 01/11/2025 20:00:00","Belgium (BE)","1929.45","2003.50","2036.70","1817.39"
"01/11/2025 20:00:00 - 01/11/2025 21:00:00","Belgium (BE)","1890.90","1948.95","1897.90","1786.24"
"01/11/2025 21:00:00 - 01/11/2025 22:00:00","Belgium (BE)","1942.88","1974.13","1914.48","1652.93"
"01/11/2025 22:00:00 - 01/11/2025 23:00:00","Belgium (BE)","2032.03","1980.85","2048.90","1470.71"
"01/11/2025 23:00:00 - 02/11/2025 00:00:00","Belgium (BE)","2043.10","1920.95","2084.35","1757.05"
"02/11/2025 00:00:00 - 02/11/2025 01:00:00","Belgium (BE)","2049.90","1980.73","1980.73","1741.30"
"02/11/2025 01:00:00 - 02/11/2025 02:00:00","Belgium (BE)","1920.83","1831.48","1831.48","1300.96"
"02/11/2025 02:00:00 - 02/11/2025 03:00:00","Belgium (BE)","1843.95","1889.68","1889.68","1358.60"
"02/11/2025 03:00:00 - 02/11/2025 04:00:00","Belgium (BE)","1784.95","1811.45","1811.45","1129.23"
"02/11/2025 04:00:00 - 02/11/2025 05:00:00","Belgium (BE)","1690.00","1701.50","1701.50","841.93"
"02/11/2025 05:00:00 - 02/11/2025 06:00:00","Belgium (BE)","1526.70","1565.50","1565.50","777.48"
"02/11/2025 06:00:00 - 02/11/2025 07:00:00","Belgium (BE)","1417.53","1454.70","1454.70","925.16"
"02/11/2025 07:00:00 - 02/11/2025 08:00:00","Belgium (BE)","1494.53","1478.78","1478.78","1025.48"
"02/11/2025 08:00:00 - 02/11/2025 09:00:00","Belgium (BE)","1624.80","1568.35","1627.28","1453.69"
"02/11/2025 09:00:00 - 02/11/2025 10:00:00","Belgium (BE)","1730.48","1662.55","1638.13","1530.31"
"02/11/2025 10:00:00 - 02/11/2025 11:00:00","Belgium (BE)","1869.23","1801.25","1806.35","1617.25"
"02/11/2025 11:00:00 - 02/11/2025 12:00:00","Belgium (BE)","1963.73","1933.70","1925.00","1944.77"
"02/11/2025 12:00:00 - 02/11/2025 13:00:00","Belgium (BE)","2013.75","1964.30","1922.33","1247.62"
"02/11/2025 13:00:00 - 02/11/2025 14:00:00","Belgium (BE)","1967.73","1927.98","1804.15","1704.21"
"02/11/2025 14:00:00 - 02/11/2025 15:00:00","Belgium (BE)","1826.53","1786.40","1711.95","1716.03"
"02/11/2025 15:00:00 - 02/11/2025 16:00:00","Belgium (BE)","1597.50","1577.90","1627.08","1808.26"
"02/11/2025 16:00:00 - 02/11/2025 17:00:00","Belgium (BE)","1475.30","1531.93","1645.55","1656.54"
"02/11/2025 17:00:00 - 02/11/2025 18:00:00","Belgium (BE)","1537.98","1562.80","1655.35","1593.03"
"02/11/2025 18:00:00 - 02/11/2025 19:00:00","Belgium (BE)","1632.70","1546.30","1553.93","1575.64"
"02/11/2025 19:00:00 - 02/11/2025 20:00:00","Belgium (BE)","1668.95","1439.25","1366.90","1338.94"
"02/11/2025 20:00:00 - 02/11/2025 21:00:00","Belgium (BE)","1507.18","1268.18","1066.60","990.41"
"02/11/2025 21:00:00 - 02/11/2025 22:00:00","Belgium (BE)","1287.73","1085.38","810.88","696.44"
"02/11/2025 22:00:00 - 02/11/2025 23:00:00","Belgium (BE)","1126.68","966.60","738.55","798.55"
"02/11/2025 23:00:00 - 03/11/2025 00:00:00","Belgium (BE)","1017.08","969.40","734.40","1008.92"
"03/11/2025 00:00:00 - 03/11/2025 01:00:00","Belgium (BE)","866.55","721.45","721.45","693.02"
"03/11/2025 01:00:00 - 03/11/2025 02:00:00","Belgium (BE)","891.83","775.80","775.80","618.80"
"03/11/2025 02:00:00 - 03/11/2025 03:00:00","Belgium (BE)","959.93","876.00","876.00","1013.78"
"03/11/2025 03:00:00 - 03/11/2025 04:00:00","Belgium (BE)","1081.48","1050.90","1050.90","1094.66"
"03/11/2025 04:00:00 - 03/11/2025 05:00:00","Belgium (BE)","1340.95","1267.60","1267.60","1594.74"
"03/11/2025 05:00:00 - 03/11/2025 06:00:00","Belgium (BE)","1565.33","1488.43","1488.43","1441.62"
"03/11/2025 06:00:00 - 03/11/2025 07:00:00","Belgium (BE)","1756.50","1668.45","1668.45","1495.51"
"03/11/2025 07:00:00 - 03/11/2025 08:00:00","Belgium (BE)","1971.98","1824.33","1824.33","1777.97"
"03/11/2025 08:00:00 - 03/11/2025 09:00:00","Belgium (BE)","2070.53","2001.38","2026.18","2059.20"
"03/11/2025 09:00:00 - 03/11/2025 10:00:00","Belgium (BE)","2109.93","2083.68","2100.48","2124.95"
"03/11/2025 10:00:00 - 03/11/2025 11:00:00","Belgium (BE)","2129.88","2113.25","2110.75","2155.19"
"03/11/2025 11:00:00 - 03/11/2025 12:00:00","Belgium (BE)","2141.70","2127.28","2107.63","2182.32"
"03/11/2025 12:00:00 - 03/11/2025 13:00:00","Belgium (BE)","2147.25","2140.10","2124.50","2179.25"
"03/11/2025 13:00:00 - 03/11/2025 14:00:00","Belgium (BE)","2148.15","2145.05","2137.58","2182.55"
"03/11/2025 14:00:00 - 03/11/2025 15:00:00","Belgium (BE)","2153.90","2149.90","2145.23","2182.32"
"03/11/2025 15:00:00 - 03/11/2025 16:00:00","Belgium (BE)","2157.43","2151.68","2145.93","2166.35"
"03/11/2025 16:00:00 - 03/11/2025 17:00:00","Belgium (BE)","2151.33","2146.33","2143.05","2158.32"
"03/11/2025 17:00:00 - 03/11/2025 18:00:00","Belgium (BE)","2136.80","2132.20","2136.35","2150.42"
"03/11/2025 18:00:00 - 03/11/2025 19:00:00","Belgium (BE)","2120.70","2121.10","2120.15","2150.86"
"03/11/2025 19:00:00 - 03/11/2025 20:00:00","Belgium (BE)","2104.78","2111.85","2109.45","2103.57"
"03/11/2025 20:00:00 - 03/11/2025 21:00:00","Belgium (BE)","2098.88","2099.48","2111.43","2095.26"
"03/11/2025 21:00:00 - 03/11/2025 22:00:00","Belgium (BE)","2107.03","2095.73","2146.23","2085.45"
"03/11/2025 22:00:00 - 03/11/2025 23:00:00","Belgium (BE)","2111.10","2106.58","2146.98","2081.71"
"03/11/2025 23:00:00 - 04/11/2025 00:00:00","Belgium (BE)","2110.93","2112.03","2147.13","2130.41"
"04/11/2025 00:00:00 - 04/11/2025 01:00:00","Belgium (BE)","2111.10","2132.43","2132.43","2123.17"
"04/11/2025 01:00:00 - 04/11/2025 02:00:00","Belgium (BE)","2093.23","2122.70","2122.70","2145.64"
"04/11/2025 02:00:00 - 04/11/2025 03:00:00","Belgium (BE)","2070.60","2087.60","2087.60","2108.95"
"04/11/2025 03:00:00 - 04/11/2025 04:00:00","Belgium (BE)","2030.80","2045.23","2045.23","2112.29"
"04/11/2025 04:00:00 - 04/11/2025 05:00:00","Belgium (BE)","1981.98","2018.75","2018.75","2105.50"
"04/11/2025 05:00:00 - 04/11/2025 06:00:00","Belgium (BE)","1930.80","1986.70","1986.70","2050.34"
"04/11/2025 06:00:00 - 04/11/2025 07:00:00","Belgium (BE)","1882.43","1909.58","1909.58","1988.14"
"04/11/2025 07:00:00 - 04/11/2025 08:00:00","Belgium (BE)","1835.10","1793.85","1793.85","1820.57"
"04/11/2025 08:00:00 - 04/11/2025 09:00:00","Belgium (BE)","1743.50","1698.85","1810.68","1786.46"
"04/11/2025 09:00:00 - 04/11/2025 10:00:00","Belgium (BE)","1633.18","1668.10","1765.85","1862.77"
"04/11/2025 10:00:00 - 04/11/2025 11:00:00","Belgium (BE)","1542.95","1688.68","1725.30","1812.54"
"04/11/2025 11:00:00 - 04/11/2025 12:00:00","Belgium (BE)","1568.38","1725.25","1712.03","1344.61"
"04/11/2025 12:00:00 - 04/11/2025 13:00:00","Belgium (BE)","1679.83","1752.15","1726.38","1121.87"
"04/11/2025 13:00:00 - 04/11/2025 14:00:00","Belgium (BE)","1724.05","1769.00","1759.50","1601.78"
"04/11/2025 14:00:00 - 04/11/2025 15:00:00","Belgium (BE)","1747.58","1806.25","1805.43","1610.16"
"04/11/2025 15:00:00 - 04/11/2025 16:00:00","Belgium (BE)","1797.40","1839.93","1843.75","1719.60"
"04/11/2025 16:00:00 - 04/11/2025 17:00:00","Belgium (BE)","1889.93","1835.83","1806.35","1965.21"
"04/11/2025 17:00:00 - 04/11/2025 18:00:00","Belgium (BE)","1954.00","1823.55","1743.50","1962.50"
"04/11/2025 18:00:00 - 04/11/2025 19:00:00","Belgium (BE)","1972.25","1838.33","1754.90","1750.29"
"04/11/2025 19:00:00 - 04/11/2025 20:00:00","Belgium (BE)","1953.75","1892.35","1847.43","1927.64"
"04/11/2025 20:00:00 - 04/11/2025 21:00:00","Belgium (BE)","1934.75","1939.10","1968.13","2154.15"
"04/11/2025 21:00:00 - 04/11/2025 22:00:00","Belgium (BE)","1917.48","1940.08","1986.43","2119.55"
"04/11/2025 22:00:00 - 04/11/2025 23:00:00","Belgium (BE)","1913.60","1914.98","1965.10","2061.36"
"04/11/2025 23:00:00 - 05/11/2025 00:00:00","Belgium (BE)","1942.00","1882.48","1925.88","1889.92"
"05/11/2025 00:00:00 - 05/11/2025 01:00:00","Belgium (BE)","1978.55","1845.23","1845.23","2044.47"
"05/11/2025 01:00:00 - 05/11/2025 02:00:00","Belgium (BE)","1910.18","1819.45","1819.45","1907.91"
"05/11/2025 02:00:00 - 05/11/2025 03:00:00","Belgium (BE)","1801.88","1810.65","1810.65","1885.61"
"05/11/2025 03:00:00 - 05/11/2025 04:00:00","Belgium (BE)","1678.00","1669.80","1669.80","1815.93"
"05/11/2025 04:00:00 - 05/11/2025 05:00:00","Belgium (BE)","1544.13","1488.68","1488.68","1736.81"
"05/11/2025 05:00:00 - 05/11/2025 06:00:00","Belgium (BE)","1449.85","1401.15","1401.15","1243.47"
"05/11/2025 06:00:00 - 05/11/2025 07:00:00","Belgium (BE)","1433.30","1431.15","1431.15","1075.01"
"05/11/2025 07:00:00 - 05/11/2025 08:00:00","Belgium (BE)","1445.78","1508.35","1508.35","1136.19"
"05/11/2025 08:00:00 - 05/11/2025 09:00:00","Belgium (BE)","1436.93","1598.28","1515.73","1047.02"
"05/11/2025 09:00:00 - 05/11/2025 10:00:00","Belgium (BE)","1371.93","1677.20","1563.83","1055.95"
"05/11/2025 10:00:00 - 05/11/2025 11:00:00","Belgium (BE)","1416.13","1712.40","1621.88","1076.81"
"05/11/2025 11:00:00 - 05/11/2025 12:00:00","Belgium (BE)","1472.70","1731.43","1597.93","1136.15"
"05/11/2025 12:00:00 - 05/11/2025 13:00:00","Belgium (BE)","1473.13","1784.18","1553.35","1158.48"
"05/11/2025 13:00:00 - 05/11/2025 14:00:00","Belgium (BE)","1535.25","1762.38","1557.35","1123.13"
"05/11/2025 14:00:00 - 05/11/2025 15:00:00","Belgium (BE)","1500.73","1600.15","1546.40","1400.05"
"05/11/2025 15:00:00 - 05/11/2025 16:00:00","Belgium (BE)","1382.63","1402.65","1328.13","1543.53"
"05/11/2025 16:00:00 - 05/11/2025 17:00:00","Belgium (BE)","1228.53","1213.65","1014.28","1617.87"
"05/11/2025 17:00:00 - 05/11/2025 18:00:00","Belgium (BE)","1075.23","1066.83","844.05","1627.98"
"05/11/2025 18:00:00 - 05/11/2025 19:00:00","Belgium (BE)","1008.25","938.70","921.38","1644.57"
"05/11/2025 19:00:00 - 05/11/2025 20:00:00","Belgium (BE)","1050.35","809.23","1151.60","1725.23"
"05/11/2025 20:00:00 - 05/11/2025 21:00:00","Belgium (BE)","1142.90","735.00","1228.48","1729.70"
"05/11/2025 21:00:00 - 05/11/2025 22:00:00","Belgium (BE)","1217.45","790.85","1342.00","1603.41"
"05/11/2025 22:00:00 - 05/11/2025 23:00:00","Belgium (BE)","1186.63","921.30","1230.45","1544.49"
"05/11/2025 23:00:00 - 06/11/2025 00:00:00","Belgium (BE)","1083.05","1097.23","1039.18","1132.83"
"06/11/2025 00:00:00 - 06/11/2025 01:00:00","Belgium (BE)","942.25","779.75","779.75","940.59"
"06/11/2025 01:00:00 - 06/11/2025 02:00:00","Belgium (BE)","664.90","749.53","749.53","1109.96"
"06/11/2025 02:00:00 - 06/11/2025 03:00:00","Belgium (BE)","473.43","699.58","699.58","879.46"
"06/11/2025 03:00:00 - 06/11/2025 04:00:00","Belgium (BE)","418.70","608.85","608.85","777.27"
"06/11/2025 04:00:00 - 06/11/2025 05:00:00","Belgium (BE)","437.50","543.88","543.88","696.89"
"06/11/2025 05:00:00 - 06/11/2025 06:00:00","Belgium (BE)","391.28","495.90","495.90","371.13"
"06/11/2025 06:00:00 - 06/11/2025 07:00:00","Belgium (BE)","304.25","379.38","379.38","202.16"
"06/11/2025 07:00:00 - 06/11/2025 08:00:00","Belgium (BE)","239.33","234.05","234.05","142.52"
"06/11/2025 08:00:00 - 06/11/2025 09:00:00","Belgium (BE)","191.83","152.05","151.93","60.97"
"06/11/2025 09:00:00 - 06/11/2025 10:00:00","Belgium (BE)","152.45","108.73","94.18","12.50"
"06/11/2025 10:00:00 - 06/11/2025 11:00:00","Belgium (BE)","112.25","71.33","61.58","41.13"
"06/11/2025 11:00:00 - 06/11/2025 12:00:00","Belgium (BE)","84.23","32.70","28.13"," "
"06/11/2025 12:00:00 - 06/11/2025 13:00:00","Belgium (BE)","60.73","29.05","27.95"," "
"06/11/2025 13:00:00 - 06/11/2025 14:00:00","Belgium (BE)","74.70","31.48","32.05"," "
"06/11/2025 14:00:00 - 06/11/2025 15:00:00","Belgium (BE)","96.95","38.08","35.38","5.67"
"06/11/2025 15:00:00 - 06/11/2025 16:00:00","Belgium (BE)","88.45","77.20","39.78","44.81"
"06/11/2025 16:00:00 - 06/11/2025 17:00:00","Belgium (BE)","97.33","82.45","56.95","98.40"
"06/11/2025 17:00:00 - 06/11/2025 18:00:00","Belgium (BE)","117.05","68.78","87.85","120.06"
"06/11/2025 18:00:00 - 06/11/2025 19:00:00","Belgium (BE)","162.65","70.53","121.70","149.91"
"06/11/2025 19:00:00 - 06/11/2025 20:00:00","Belgium (BE)","207.40","73.55","156.83","291.73"
"06/11/2025 20:00:00 - 06/11/2025 21:00:00","Belgium (BE)","215.53","76.68","165.68","276.55"
"06/11/2025 21:00:00 - 06/11/2025 22:00:00","Belgium (BE)","225.33","99.05","188.13","156.56"
"06/11/2025 22:00:00 - 06/11/2025 23:00:00","Belgium (BE)","274.48","143.20","200.28","137.33"
"06/11/2025 23:00:00 - 07/11/2025 00:00:00","Belgium (BE)","303.08","232.05","246.18","191.69"
"07/11/2025 00:00:00 - 07/11/2025 01:00:00","Belgium (BE)","238.03","255.23","255.23","99.37"
"07/11/2025 01:00:00 - 07/11/2025 02:00:00","Belgium (BE)","227.05","199.95","199.95","133.41"
"07/11/2025 02:00:00 - 07/11/2025 03:00:00","Belgium (BE)","223.88","218.30","218.30","302.48"
"07/11/2025 03:00:00 - 07/11/2025 04:00:00","Belgium (BE)","251.23","296.78","296.78","206.64"
"07/11/2025 04:00:00 - 07/11/2025 05:00:00","Belgium (BE)","236.68","366.80","366.80","236.27"
"07/11/2025 05:00:00 - 07/11/2025 06:00:00","Belgium (BE)","225.03","402.63","402.63","211.25"
"07/11/2025 06:00:00 - 07/11/2025 07:00:00","Belgium (BE)","249.18","393.40","393.40","137.06"
"07/11/2025 07:00:00 - 07/11/2025 08:00:00","Belgium (BE)","348.28","401.70","401.70","43.02"
"07/11/2025 08:00:00 - 07/11/2025 09:00:00","Belgium (BE)","553.20","426.65","239.83","56.97"
"07/11/2025 09:00:00 - 07/11/2025 10:00:00","Belgium (BE)","668.35","403.00","208.35","85.97"
"07/11/2025 10:00:00 - 07/11/2025 11:00:00","Belgium (BE)","746.95","377.95","184.18","149.30"
"07/11/2025 11:00:00 - 07/11/2025 12:00:00","Belgium (BE)","787.30","396.95","184.20","76.11"
"07/11/2025 12:00:00 - 07/11/2025 13:00:00","Belgium (BE)","754.23","400.43","205.40","50.53"
"07/11/2025 13:00:00 - 07/11/2025 14:00:00","Belgium (BE)","713.95","380.73","254.93","194.04"
"07/11/2025 14:00:00 - 07/11/2025 15:00:00","Belgium (BE)","604.23","482.10","504.75","331.54"
"07/11/2025 15:00:00 - 07/11/2025 16:00:00","Belgium (BE)","557.78","582.13","562.08","547.08"
"07/11/2025 16:00:00 - 07/11/2025 17:00:00","Belgium (BE)","630.78","541.45","546.43","856.98"
"07/11/2025 17:00:00 - 07/11/2025 18:00:00","Belgium (BE)","701.35","509.65","537.93","682.81"
"07/11/2025 18:00:00 - 07/11/2025 19:00:00","Belgium (BE)","662.45","525.90","560.55","496.58"
"07/11/2025 19:00:00 - 07/11/2025 20:00:00","Belgium (BE)","615.63","575.85","527.40","543.95"
"07/11/2025 20:00:00 - 07/11/2025 21:00:00","Belgium (BE)","661.95","611.40","584.98","566.03"
"07/11/2025 21:00:00 - 07/11/2025 22:00:00","Belgium (BE)","698.45","597.83","568.73","581.53"
"07/11/2025 22:00:00 - 07/11/2025 23:00:00","Belgium (BE)","658.05","519.78","527.63","619.43"
"07/11/2025 23:00:00 - 08/11/2025 00:00:00","Belgium (BE)","575.25","403.75","492.25","635.02"
"08/11/2025 00:00:00 - 08/11/2025 01:00:00","Belgium (BE)","396.58","416.88","416.88","474.39"
"08/11/2025 01:00:00 - 08/11/2025 02:00:00","Belgium (BE)","314.83","348.50","348.50","373.38"
"08/11/2025 02:00:00 - 08/11/2025 03:00:00","Belgium (BE)","251.68","267.15","267.15","273.58"
"08/11/2025 03:00:00 - 08/11/2025 04:00:00","Belgium (BE)","214.48","218.78","218.78","247.78"
"08/11/2025 04:00:00 - 08/11/2025 05:00:00","Belgium (BE)","198.00","178.25","178.25","114.92"
"08/11/2025 05:00:00 - 08/11/2025 06:00:00","Belgium (BE)","178.65","178.10","178.10","113.83"
"08/11/2025 06:00:00 - 08/11/2025 07:00:00","Belgium (BE)","160.63","205.53","205.53","119.77"
"08/11/2025 07:00:00 - 08/11/2025 08:00:00","Belgium (BE)","153.10","217.08","217.08","33.37"
"08/11/2025 08:00:00 - 08/11/2025 09:00:00","Belgium (BE)","140.70","189.95","164.98","52.65"
"08/11/2025 09:00:00 - 08/11/2025 10:00:00","Belgium (BE)","130.45","158.75","132.43","83.48"
"08/11/2025 10:00:00 - 08/11/2025 11:00:00","Belgium (BE)","120.15","148.53","96.73","36.37"
"08/11/2025 11:00:00 - 08/11/2025 12:00:00","Belgium (BE)","103.65","151.58","81.48","38.82"
"08/11/2025 12:00:00 - 08/11/2025 13:00:00","Belgium (BE)","85.50","154.70","80.88","13.86"
"08/11/2025 13:00:00 - 08/11/2025 14:00:00","Belgium (BE)","75.18","142.58","87.03","37.59"
"08/11/2025 14:00:00 - 08/11/2025 15:00:00","Belgium (BE)","71.20","141.10","104.23","16.50"
"08/11/2025 15:00:00 - 08/11/2025 16:00:00","Belgium (BE)","78.73","169.25","117.25","34.92"
"08/11/2025 16:00:00 - 08/11/2025 17:00:00","Belgium (BE)","110.03","203.65","149.93","183.64"
"08/11/2025 17:00:00 - 08/11/2025 18:00:00","Belgium (BE)","162.98","204.85","180.75","215.99"
"08/11/2025 18:00:00 - 08/11/2025 19:00:00","Belgium (BE)","193.15","179.80","177.05","111.71"
"08/11/2025 19:00:00 - 08/11/2025 20:00:00","Belgium (BE)","189.20","147.80","158.00","42.31"
"08/11/2025 20:00:00 - 08/11/2025 21:00:00","Belgium (BE)","175.05","125.00","167.60","58.05"
"08/11/2025 21:00:00 - 08/11/2025 22:00:00","Belgium (BE)","164.28","114.85","181.30","128.14"
"08/11/2025 22:00:00 - 08/11/2025 23:00:00","Belgium (BE)","166.90","118.50","192.05","120.79"
"08/11/2025 23:00:00 - 09/11/2025 00:00:00","Belgium (BE)","169.68","126.10","190.23","142.31"
"09/11/2025 00:00:00 - 09/11/2025 01:00:00","Belgium (BE)","153.05","195.13","195.13","196.75"
"09/11/2025 01:00:00 - 09/11/2025 02:00:00","Belgium (BE)","162.60","212.93","212.93","162.64"
"09/11/2025 02:00:00 - 09/11/2025 03:00:00","Belgium (BE)","157.25","208.33","208.33","178.59"
"09/11/2025 03:00:00 - 09/11/2025 04:00:00","Belgium (BE)","156.93","187.88","187.88","185.16"
"09/11/2025 04:00:00 - 09/11/2025 05:00:00","Belgium (BE)","149.10","164.23","164.23","139.30"
"09/11/2025 05:00:00 - 09/11/2025 06:00:00","Belgium (BE)","135.50","147.48","147.48","106.38"
"09/11/2025 06:00:00 - 09/11/2025 07:00:00","Belgium (BE)","119.65","119.30","119.30","34.82"
"09/11/2025 07:00:00 - 09/11/2025 08:00:00","Belgium (BE)","104.58","100.20","100.20"," "
"09/11/2025 08:00:00 - 09/11/2025 09:00:00","Belgium (BE)","102.23","100.75","103.70","26.23"
"09/11/2025 09:00:00 - 09/11/2025 10:00:00","Belgium (BE)","107.03","117.03","116.08","108.87"
"09/11/2025 10:00:00 - 09/11/2025 11:00:00","Belgium (BE)","111.50","152.25","140.20","106.46"
"09/11/2025 11:00:00 - 09/11/2025 12:00:00","Belgium (BE)","135.83","174.90","154.15","103.42"
"09/11/2025 12:00:00 - 09/11/2025 13:00:00","Belgium (BE)","181.60","192.03","143.90","154.34"
"09/11/2025 13:00:00 - 09/11/2025 14:00:00","Belgium (BE)","215.83","232.10","157.38","236.64"
"09/11/2025 14:00:00 - 09/11/2025 15:00:00","Belgium (BE)","248.08","275.15","241.15","253.77"
"09/11/2025 15:00:00 - 09/11/2025 16:00:00","Belgium (BE)","292.08","332.05","308.75","321.81"
"09/11/2025 16:00:00 - 09/11/2025 17:00:00","Belgium (BE)","361.88","393.73","463.03","512.43"
"09/11/2025 17:00:00 - 09/11/2025 18:00:00","Belgium (BE)","419.40","385.60","510.88","429.12"
"09/11/2025 18:00:00 - 09/11/2025 19:00:00","Belgium (BE)","466.00","405.13","513.20","514.03"
"09/11/2025 19:00:00 - 09/11/2025 20:00:00","Belgium (BE)","569.85","525.58","587.98","755.00"
"09/11/2025 20:00:00 - 09/11/2025 21:00:00","Belgium (BE)","706.48","671.55","799.23","1006.37"
"09/11/2025 21:00:00 - 09/11/2025 22:00:00","Belgium (BE)","804.53","810.60","1005.85","1114.35"
"09/11/2025 22:00:00 - 09/11/2025 23:00:00","Belgium (BE)","841.15","889.08","1124.15","1143.30"
"09/11/2025 23:00:00 - 10/11/2025 00:00:00","Belgium (BE)","847.25","949.90","1190.65","1403.10"
"10/11/2025 00:00:00 - 10/11/2025 01:00:00","Belgium (BE)","1192.68","1366.55","1366.55","1410.91"
"10/11/2025 01:00:00 - 10/11/2025 02:00:00","Belgium (BE)","1261.45","1461.13","1461.13","1445.22"
"10/11/2025 02:00:00 - 10/11/2025 03:00:00","Belgium (BE)","1311.38","1618.58","1618.58","1742.48"
"10/11/2025 03:00:00 - 10/11/2025 04:00:00","Belgium (BE)","1350.60","1601.30","1601.30","1946.05"
"10/11/2025 04:00:00 - 10/11/2025 05:00:00","Belgium (BE)","1334.83","1531.20","1531.20","1868.35"
"10/11/2025 05:00:00 - 10/11/2025 06:00:00","Belgium (BE)","1348.40","1498.38","1498.38","1896.44"
"10/11/2025 06:00:00 - 10/11/2025 07:00:00","Belgium (BE)","1421.83","1570.83","1570.83","1974.36"
"10/11/2025 07:00:00 - 10/11/2025 08:00:00","Belgium (BE)","1540.45","1661.10","1661.10","1922.19"
"10/11/2025 08:00:00 - 10/11/2025 09:00:00","Belgium (BE)","1648.83","1733.48","1777.78","1848.06"
"10/11/2025 09:00:00 - 10/11/2025 10:00:00","Belgium (BE)","1740.80","1763.15","1785.43","1847.73"
"10/11/2025 10:00:00 - 10/11/2025 11:00:00","Belgium (BE)","1801.13","1767.35","1822.80","1704.13"
"10/11/2025 11:00:00 - 10/11/2025 12:00:00","Belgium (BE)","1810.43","1779.08","1816.43","1702.01"
"10/11/2025 12:00:00 - 10/11/2025 13:00:00","Belgium (BE)","1809.58","1746.55","1797.18","1815.77"
"10/11/2025 13:00:00 - 10/11/2025 14:00:00","Belgium (BE)","1804.15","1710.15","1791.80","1788.17"
"10/11/2025 14:00:00 - 10/11/2025 15:00:00","Belgium (BE)","1830.15","1775.50","1832.45","1798.19"
"10/11/2025 15:00:00 - 10/11/2025 16:00:00","Belgium (BE)","1902.48","1896.78","1914.18","1891.62"
"10/11/2025 16:00:00 - 10/11/2025 17:00:00","Belgium (BE)","1967.58","1993.13","1984.28","1900.29"
"10/11/2025 17:00:00 - 10/11/2025 18:00:00","Belgium (BE)","2013.15","2048.23","2011.23","2048.84"
"10/11/2025 18:00:00 - 10/11/2025 19:00:00","Belgium (BE)","2055.28","2088.60","2041.65","2066.85"
"10/11/2025 19:00:00 - 10/11/2025 20:00:00","Belgium (BE)","2084.53","2114.60","2066.23","2110.85"
"10/11/2025 20:00:00 - 10/11/2025 21:00:00","Belgium (BE)","2090.05","2112.65","2079.50","2128.90"
"10/11/2025 21:00:00 - 10/11/2025 22:00:00","Belgium (BE)","2082.10","2094.28","2076.48","2040.85"
"10/11/2025 22:00:00 - 10/11/2025 23:00:00","Belgium (BE)","2069.53","2080.95","2076.25","2054.40"
"10/11/2025 23:00:00 - 11/11/2025 00:00:00","Belgium (BE)","2056.45","2061.45","2060.23","1791.36"
"11/11/2025 00:00:00 - 11/11/2025 01:00:00","Belgium (BE)","2036.93","1975.40","1975.40","1590.04"
"11/11/2025 01:00:00 - 11/11/2025 02:00:00","Belgium (BE)","1953.45","1906.08","1906.08","1761.01"
"11/11/2025 02:00:00 - 11/11/2025 03:00:00","Belgium (BE)","1796.28","1771.03","1771.03","1751.18"
"11/11/2025 03:00:00 - 11/11/2025 04:00:00","Belgium (BE)","1615.50","1679.18","1679.18","1556.38"
"11/11/2025 04:00:00 - 11/11/2025 05:00:00","Belgium (BE)","1472.48","1616.30","1616.30","1390.68"
"11/11/2025 05:00:00 - 11/11/2025 06:00:00","Belgium (BE)","1372.50","1521.30","1521.30","1172.89"
"11/11/2025 06:00:00 - 11/11/2025 07:00:00","Belgium (BE)","1301.15","1493.50","1493.50","1187.83"
"11/11/2025 07:00:00 - 11/11/2025 08:00:00","Belgium (BE)","1317.53","1477.20","1477.20","1193.65"
"11/11/2025 08:00:00 - 11/11/2025 09:00:00","Belgium (BE)","1391.08","1408.58","1296.10","1136.76"
"11/11/2025 09:00:00 - 11/11/2025 10:00:00","Belgium (BE)","1369.70","1335.15","1247.05","1468.64"
"11/11/2025 10:00:00 - 11/11/2025 11:00:00","Belgium (BE)","1341.40","1296.25","1326.28","1476.94"
"11/11/2025 11:00:00 - 11/11/2025 12:00:00","Belgium (BE)","1301.55","1260.90","1414.65","1383.83"
"11/11/2025 12:00:00 - 11/11/2025 13:00:00","Belgium (BE)","1258.78","1240.85","1546.25","1856.47"
"11/11/2025 13:00:00 - 11/11/2025 14:00:00","Belgium (BE)","1366.48","1380.73","1699.13","1989.44"
"11/11/2025 14:00:00 - 11/11/2025 15:00:00","Belgium (BE)","1558.23","1564.48","1816.13","1787.09"
"11/11/2025 15:00:00 - 11/11/2025 16:00:00","Belgium (BE)","1699.45","1626.85","1839.73","1692.53"
"11/11/2025 16:00:00 - 11/11/2025 17:00:00","Belgium (BE)","1807.38","1659.53","1841.13","1901.62"
"11/11/2025 17:00:00 - 11/11/2025 18:00:00","Belgium (BE)","1877.53","1745.50","1849.25","2104.35"
"11/11/2025 18:00:00 - 11/11/2025 19:00:00","Belgium (BE)","1957.23","1867.88","1868.28","2121.03"
"11/11/2025 19:00:00 - 11/11/2025 20:00:00","Belgium (BE)","2018.35","1959.35","1951.78","2079.28"
"11/11/2025 20:00:00 - 11/11/2025 21:00:00","Belgium (BE)","2032.90","2023.75","2029.25","2115.62"
"11/11/2025 21:00:00 - 11/11/2025 22:00:00","Belgium (BE)","2058.85","2078.03","2066.93","2124.51"
"11/11/2025 22:00:00 - 11/11/2025 23:00:00","Belgium (BE)","2094.83","2107.65","2078.40","2153.55"
"11/11/2025 23:00:00 - 12/11/2025 00:00:00","Belgium (BE)","2110.48","2115.38","2084.28","2167.62"
"12/11/2025 00:00:00 - 12/11/2025 01:00:00","Belgium (BE)","2090.98","2082.05","2082.05","2169.87"
"12/11/2025 01:00:00 - 12/11/2025 02:00:00","Belgium (BE)","2082.90","2074.05","2074.05","2141.20"
"12/11/2025 02:00:00 - 12/11/2025 03:00:00","Belgium (BE)","2057.80","2032.75","2032.75","2062.91"
"12/11/2025 03:00:00 - 12/11/2025 04:00:00","Belgium (BE)","2007.93","1982.53","1982.53","2047.18"
"12/11/2025 04:00:00 - 12/11/2025 05:00:00","Belgium (BE)","1945.38","1931.90","1931.90","1986.43"
"12/11/2025 05:00:00 - 12/11/2025 06:00:00","Belgium (BE)","1877.53","1883.80","1883.80","1990.14"
"12/11/2025 06:00:00 - 12/11/2025 07:00:00","Belgium (BE)","1781.43","1811.90","1811.90","1845.34"
"12/11/2025 07:00:00 - 12/11/2025 08:00:00","Belgium (BE)","1690.38","1748.98","1748.98","1757.10"
"12/11/2025 08:00:00 - 12/11/2025 09:00:00","Belgium (BE)","1642.55","1702.88","1777.35","1783.52"
"12/11/2025 09:00:00 - 12/11/2025 10:00:00","Belgium (BE)","1594.75","1651.83","1699.30","1773.68"
"12/11/2025 10:00:00 - 12/11/2025 11:00:00","Belgium (BE)","1560.58","1625.00","1697.78","1439.83"
"12/11/2025 11:00:00 - 12/11/2025 12:00:00","Belgium (BE)","1544.03","1633.35","1731.73","1594.73"
"12/11/2025 12:00:00 - 12/11/2025 13:00:00","Belgium (BE)","1591.00","1684.73","1717.43","1670.00"
"12/11/2025 13:00:00 - 12/11/2025 14:00:00","Belgium (BE)","1660.25","1703.78","1777.80","1701.81"
"12/11/2025 14:00:00 - 12/11/2025 15:00:00","Belgium (BE)","1639.35","1657.15","1730.18","1758.08"
"12/11/2025 15:00:00 - 12/11/2025 16:00:00","Belgium (BE)","1591.03","1614.58","1644.58","1710.81"
"12/11/2025 16:00:00 - 12/11/2025 17:00:00","Belgium (BE)","1587.90","1637.98","1577.43","1456.55"
"12/11/2025 17:00:00 - 12/11/2025 18:00:00","Belgium (BE)","1597.38","1644.75","1595.20","1549.22"
"12/11/2025 18:00:00 - 12/11/2025 19:00:00","Belgium (BE)","1577.55","1616.60","1490.20","1498.42"
"12/11/2025 19:00:00 - 12/11/2025 20:00:00","Belgium (BE)","1602.05","1639.43","1561.88","1439.11"
"12/11/2025 20:00:00 - 12/11/2025 21:00:00","Belgium (BE)","1648.30","1660.00","1481.93","1632.97"
"12/11/2025 21:00:00 - 12/11/2025 22:00:00","Belgium (BE)","1669.63","1661.13","1528.20","1490.14"
"12/11/2025 22:00:00 - 12/11/2025 23:00:00","Belgium (BE)","1707.68","1680.35","1620.43","1124.53"
"12/11/2025 23:00:00 - 13/11/2025 00:00:00","Belgium (BE)","1764.93","1745.10","1710.40","1426.50"
"13/11/2025 00:00:00 - 13/11/2025 01:00:00","Belgium (BE)","1847.58","1740.28","1740.28","1798.81"
"13/11/2025 01:00:00 - 13/11/2025 02:00:00","Belgium (BE)","1882.13","1875.75","1875.75","1771.50"
"13/11/2025 02:00:00 - 13/11/2025 03:00:00","Belgium (BE)","1870.43","2002.28","2002.28","2032.84"
"13/11/2025 03:00:00 - 13/11/2025 04:00:00","Belgium (BE)","1870.10","1963.75","1963.75","2014.09"
"13/11/2025 04:00:00 - 13/11/2025 05:00:00","Belgium (BE)","1857.05","2038.33","2038.33","1934.98"
"13/11/2025 05:00:00 - 13/11/2025 06:00:00","Belgium (BE)","1808.53","2010.90","2010.90","2000.66"
"13/11/2025 06:00:00 - 13/11/2025 07:00:00","Belgium (BE)","1727.68","1929.45","1929.45","1966.55"
"13/11/2025 07:00:00 - 13/11/2025 08:00:00","Belgium (BE)","1615.50","1874.83","1874.83","1928.80"
"13/11/2025 08:00:00 - 13/11/2025 09:00:00","Belgium (BE)","1453.63","1732.55","1817.00","1747.19"
"13/11/2025 09:00:00 - 13/11/2025 10:00:00","Belgium (BE)","1281.83","1571.98","1724.95","1382.53"
"13/11/2025 10:00:00 - 13/11/2025 11:00:00","Belgium (BE)","1133.58","1390.80","1512.45","1256.44"
"13/11/2025 11:00:00 - 13/11/2025 12:00:00","Belgium (BE)","1005.03","1219.83","1149.83","1118.06"
"13/11/2025 12:00:00 - 13/11/2025 13:00:00","Belgium (BE)","902.73","1076.90","919.03","950.34"
"13/11/2025 13:00:00 - 13/11/2025 14:00:00","Belgium (BE)","746.50","942.33","779.73","590.58"
"13/11/2025 14:00:00 - 13/11/2025 15:00:00","Belgium (BE)","589.25","803.03","636.63","415.93"
"13/11/2025 15:00:00 - 13/11/2025 16:00:00","Belgium (BE)","457.43","533.83","348.95","359.80"
"13/11/2025 16:00:00 - 13/11/2025 17:00:00","Belgium (BE)","314.90","274.00","213.33","219.00"
"13/11/2025 17:00:00 - 13/11/2025 18:00:00","Belgium (BE)","205.90","201.23","160.68","137.92"
"13/11/2025 18:00:00 - 13/11/2025 19:00:00","Belgium (BE)","163.55","245.95","173.98","277.20"
"13/11/2025 19:00:00 - 13/11/2025 20:00:00","Belgium (BE)","134.30","253.80","240.25","95.68"
"13/11/2025 20:00:00 - 13/11/2025 21:00:00","Belgium (BE)","116.35","136.95","152.70","77.08"
"13/11/2025 21:00:00 - 13/11/2025 22:00:00","Belgium (BE)","77.78","60.45","140.15","141.03"
"13/11/2025 22:00:00 - 13/11/2025 23:00:00","Belgium (BE)","25.43","39.88","115.23","21.69"
"13/11/2025 23:00:00 - 14/11/2025 00:00:00","Belgium (BE)","21.28","60.08","92.18","22.25"
"14/11/2025 00:00:00 - 14/11/2025 01:00:00","Belgium (BE)","113.78","85.88","85.88","50.15"
"14/11/2025 01:00:00 - 14/11/2025 02:00:00","Belgium (BE)","141.45","87.13","87.13","101.16"
"14/11/2025 02:00:00 - 14/11/2025 03:00:00","Belgium (BE)","142.78","196.08","196.08","98.50"
"14/11/2025 03:00:00 - 14/11/2025 04:00:00","Belgium (BE)","172.65","248.10","248.10","87.52"
"14/11/2025 04:00:00 - 14/11/2025 05:00:00","Belgium (BE)","226.35","267.05","267.05","122.20"
"14/11/2025 05:00:00 - 14/11/2025 06:00:00","Belgium (BE)","232.08","223.80","223.80","134.83"
"14/11/2025 06:00:00 - 14/11/2025 07:00:00","Belgium (BE)","265.25","206.03","206.03","111.50"
"14/11/2025 07:00:00 - 14/11/2025 08:00:00","Belgium (BE)","356.43","186.33","186.33","16.07"
"14/11/2025 08:00:00 - 14/11/2025 09:00:00","Belgium (BE)","326.58","165.18","196.10","13.66"
"14/11/2025 09:00:00 - 14/11/2025 10:00:00","Belgium (BE)","308.00","154.70","215.60","47.87"
"14/11/2025 10:00:00 - 14/11/2025 11:00:00","Belgium (BE)","244.05","150.33","244.68","119.97"
"14/11/2025 11:00:00 - 14/11/2025 12:00:00","Belgium (BE)","165.85","133.20","226.70","92.02"
"14/11/2025 12:00:00 - 14/11/2025 13:00:00","Belgium (BE)","157.03","83.43","172.68","83.21"
"14/11/2025 13:00:00 - 14/11/2025 14:00:00","Belgium (BE)","160.83","109.70","157.40","6.56"
"14/11/2025 14:00:00 - 14/11/2025 15:00:00","Belgium (BE)","239.75","181.18","103.55","70.29"
"14/11/2025 15:00:00 - 14/11/2025 16:00:00","Belgium (BE)","423.80","307.15","150.60","130.04"
"14/11/2025 16:00:00 - 14/11/2025 17:00:00","Belgium (BE)","556.73","459.23","245.43","207.60"
"14/11/2025 17:00:00 - 14/11/2025 18:00:00","Belgium (BE)","665.95","530.88","381.63","424.46"
"14/11/2025 18:00:00 - 14/11/2025 19:00:00","Belgium (BE)","730.40","529.98","386.75","289.93"
"14/11/2025 19:00:00 - 14/11/2025 20:00:00","Belgium (BE)","794.63","548.80","362.98","181.41"
"14/11/2025 20:00:00 - 14/11/2025 21:00:00","Belgium (BE)","817.25","575.65","320.23","154.93"
"14/11/2025 21:00:00 - 14/11/2025 22:00:00","Belgium (BE)","765.65","611.33","306.08","102.89"
"14/11/2025 22:00:00 - 14/11/2025 23:00:00","Belgium (BE)","695.70","611.95","385.73","150.55"
"14/11/2025 23:00:00 - 15/11/2025 00:00:00","Belgium (BE)","521.65","572.30","523.23","147.52"
"15/11/2025 00:00:00 - 15/11/2025 01:00:00","Belgium (BE)","350.05","463.85","463.85","100.14"
"15/11/2025 01:00:00 - 15/11/2025 02:00:00","Belgium (BE)","196.88","238.55","238.55","76.51"
"15/11/2025 02:00:00 - 15/11/2025 03:00:00","Belgium (BE)","147.70","46.80","46.80","8.12"
"15/11/2025 03:00:00 - 15/11/2025 04:00:00","Belgium (BE)","107.63","38.80","38.80","4.65"
"15/11/2025 04:00:00 - 15/11/2025 05:00:00","Belgium (BE)","73.03","23.95","23.95","2.53"
"15/11/2025 05:00:00 - 15/11/2025 06:00:00","Belgium (BE)","67.73","17.55","17.55"," "
"15/11/2025 06:00:00 - 15/11/2025 07:00:00","Belgium (BE)","90.25","15.93","15.93"," "
"15/11/2025 07:00:00 - 15/11/2025 08:00:00","Belgium (BE)","106.98","14.68","14.68"," "
"15/11/2025 08:00:00 - 15/11/2025 09:00:00","Belgium (BE)","108.50","24.90","30.53"," "
"15/11/2025 09:00:00 - 15/11/2025 10:00:00","Belgium (BE)","111.35","48.55","56.43"," "
"15/11/2025 10:00:00 - 15/11/2025 11:00:00","Belgium (BE)","97.13","101.08","90.98","1.45"
"15/11/2025 11:00:00 - 15/11/2025 12:00:00","Belgium (BE)","83.30","122.53","150.38","7.37"
"15/11/2025 12:00:00 - 15/11/2025 13:00:00","Belgium (BE)","75.38","104.28","157.48","0.98"
"15/11/2025 13:00:00 - 15/11/2025 14:00:00","Belgium (BE)","65.63","89.70","126.78"," "
"15/11/2025 14:00:00 - 15/11/2025 15:00:00","Belgium (BE)","68.13","85.58","99.15"," "
"15/11/2025 15:00:00 - 15/11/2025 16:00:00","Belgium (BE)","69.98","95.70","120.83","3.89"
"15/11/2025 16:00:00 - 15/11/2025 17:00:00","Belgium (BE)","54.85","116.93","154.35"," "
"15/11/2025 17:00:00 - 15/11/2025 18:00:00","Belgium (BE)","51.50","117.75","157.58","5.82"
"15/11/2025 18:00:00 - 15/11/2025 19:00:00","Belgium (BE)","54.98","117.75","140.45","20.11"
"15/11/2025 19:00:00 - 15/11/2025 20:00:00","Belgium (BE)","59.85","130.58","124.20"," "
"15/11/2025 20:00:00 - 15/11/2025 21:00:00","Belgium (BE)","73.03","129.30","92.65","6.58"
"15/11/2025 21:00:00 - 15/11/2025 22:00:00","Belgium (BE)","91.25","131.93","139.78","111.25"
"15/11/2025 22:00:00 - 15/11/2025 23:00:00","Belgium (BE)","105.78","162.65","198.85","276.52"
"15/11/2025 23:00:00 - 16/11/2025 00:00:00","Belgium (BE)","120.23","197.95","265.85","208.58"
"16/11/2025 00:00:00 - 16/11/2025 01:00:00","Belgium (BE)","319.93","297.60","297.60","215.73"
"16/11/2025 01:00:00 - 16/11/2025 02:00:00","Belgium (BE)","295.68","264.00","264.00","281.19"
"16/11/2025 02:00:00 - 16/11/2025 03:00:00","Belgium (BE)","269.80","171.75","171.75","253.70"
"16/11/2025 03:00:00 - 16/11/2025 04:00:00","Belgium (BE)","300.80","185.58","185.58","315.85"
"16/11/2025 04:00:00 - 16/11/2025 05:00:00","Belgium (BE)","362.60","215.03","215.03","613.75"
"16/11/2025 05:00:00 - 16/11/2025 06:00:00","Belgium (BE)","405.75","278.25","278.25","718.53"
"16/11/2025 06:00:00 - 16/11/2025 07:00:00","Belgium (BE)","466.70","372.18","372.18","752.75"
"16/11/2025 07:00:00 - 16/11/2025 08:00:00","Belgium (BE)","622.10","497.90","497.90","1121.69"
"16/11/2025 08:00:00 - 16/11/2025 09:00:00","Belgium (BE)","843.83","652.43","732.20","1331.69"
"16/11/2025 09:00:00 - 16/11/2025 10:00:00","Belgium (BE)","1033.90","755.90","836.65","785.91"
"16/11/2025 10:00:00 - 16/11/2025 11:00:00","Belgium (BE)","1118.80","733.25","767.08","604.67"
"16/11/2025 11:00:00 - 16/11/2025 12:00:00","Belgium (BE)","1128.90","636.90","623.78","716.28"
"16/11/2025 12:00:00 - 16/11/2025 13:00:00","Belgium (BE)","1083.85","573.93","548.05","717.37"
"16/11/2025 13:00:00 - 16/11/2025 14:00:00","Belgium (BE)","1031.85","586.60","564.83","515.59"
"16/11/2025 14:00:00 - 16/11/2025 15:00:00","Belgium (BE)","1043.50","764.10","579.18","549.36"
"16/11/2025 15:00:00 - 16/11/2025 16:00:00","Belgium (BE)","1116.90","1025.65","717.88","1100.80"
"16/11/2025 16:00:00 - 16/11/2025 17:00:00","Belgium (BE)","1156.60","1184.50","864.48","1226.39"
"16/11/2025 17:00:00 - 16/11/2025 18:00:00","Belgium (BE)","1138.00","1196.78","944.85","895.74"
"16/11/2025 18:00:00 - 16/11/2025 19:00:00","Belgium (BE)","1098.95","1040.98","939.03","881.05"
"16/11/2025 19:00:00 - 16/11/2025 20:00:00","Belgium (BE)","1009.65","904.68","948.23","816.85"
"16/11/2025 20:00:00 - 16/11/2025 21:00:00","Belgium (BE)","926.10","784.73","744.23","815.27"
"16/11/2025 21:00:00 - 16/11/2025 22:00:00","Belgium (BE)","780.28","703.95","783.43","822.08"
"16/11/2025 22:00:00 - 16/11/2025 23:00:00","Belgium (BE)","589.08","603.00","741.80","906.84"
"16/11/2025 23:00:00 - 17/11/2025 00:00:00","Belgium (BE)","525.90","504.18","632.75","834.89"
"17/11/2025 00:00:00 - 17/11/2025 01:00:00","Belgium (BE)","728.00","755.15","755.15","655.75"
"17/11/2025 01:00:00 - 17/11/2025 02:00:00","Belgium (BE)","1197.73","1080.85","1080.85","832.75"
"17/11/2025 02:00:00 - 17/11/2025 03:00:00","Belgium (BE)","1613.40","1471.50","1471.50","1246.64"
"17/11/2025 03:00:00 - 17/11/2025 04:00:00","Belgium (BE)","1899.03","1794.48","1794.48","1563.54"
"17/11/2025 04:00:00 - 17/11/2025 05:00:00","Belgium (BE)","2042.60","1988.03","1988.03","2099.35"
"17/11/2025 05:00:00 - 17/11/2025 06:00:00","Belgium (BE)","2092.10","2090.85","2090.85","2175.26"
"17/11/2025 06:00:00 - 17/11/2025 07:00:00","Belgium (BE)","2127.80","2131.80","2131.80","2158.37"
"17/11/2025 07:00:00 - 17/11/2025 08:00:00","Belgium (BE)","2147.43","2151.58","2151.58","2144.23"
"17/11/2025 08:00:00 - 17/11/2025 09:00:00","Belgium (BE)","2149.00","2165.00","2165.53","2165.34"
"17/11/2025 09:00:00 - 17/11/2025 10:00:00","Belgium (BE)","2136.60","2160.53","2165.18","2170.68"
"17/11/2025 10:00:00 - 17/11/2025 11:00:00","Belgium (BE)","2111.63","2143.03","2152.33","2172.39"
"17/11/2025 11:00:00 - 17/11/2025 12:00:00","Belgium (BE)","2079.35","2113.65","2122.30","2091.90"
"17/11/2025 12:00:00 - 17/11/2025 13:00:00","Belgium (BE)","2024.63","2077.48","2085.83","2083.78"
"17/11/2025 13:00:00 - 17/11/2025 14:00:00","Belgium (BE)","1950.13","2012.10","2042.70","2085.08"
"17/11/2025 14:00:00 - 17/11/2025 15:00:00","Belgium (BE)","1850.58","1931.15","2010.48","1758.02"
"17/11/2025 15:00:00 - 17/11/2025 16:00:00","Belgium (BE)","1712.53","1803.98","1875.48","1781.46"
"17/11/2025 16:00:00 - 17/11/2025 17:00:00","Belgium (BE)","1564.15","1560.58","1689.73","1616.48"
"17/11/2025 17:00:00 - 17/11/2025 18:00:00","Belgium (BE)","1432.10","1217.55","1295.95","1225.31"
"17/11/2025 18:00:00 - 17/11/2025 19:00:00","Belgium (BE)","1294.40","924.93","827.93","757.25"
"17/11/2025 19:00:00 - 17/11/2025 20:00:00","Belgium (BE)","1060.38","721.08","525.55","436.27"
"17/11/2025 20:00:00 - 17/11/2025 21:00:00","Belgium (BE)","857.28","553.80","358.33","511.22"
"17/11/2025 21:00:00 - 17/11/2025 22:00:00","Belgium (BE)","813.20","425.78","230.08","424.47"
"17/11/2025 22:00:00 - 17/11/2025 23:00:00","Belgium (BE)","837.73","343.10","177.43","193.16"
"17/11/2025 23:00:00 - 18/11/2025 00:00:00","Belgium (BE)","844.15","327.73","179.03","35.21"
"18/11/2025 00:00:00 - 18/11/2025 01:00:00","Belgium (BE)","292.63","198.50","198.50","124.38"
"18/11/2025 01:00:00 - 18/11/2025 02:00:00","Belgium (BE)","354.03","223.88","223.88","261.04"
"18/11/2025 02:00:00 - 18/11/2025 03:00:00","Belgium (BE)","407.60","333.13","333.13","336.87"
"18/11/2025 03:00:00 - 18/11/2025 04:00:00","Belgium (BE)","428.90","433.18","433.18","485.16"
"18/11/2025 04:00:00 - 18/11/2025 05:00:00","Belgium (BE)","467.60","548.10","548.10","632.36"
"18/11/2025 05:00:00 - 18/11/2025 06:00:00","Belgium (BE)","565.48","714.80","714.80","843.52"
"18/11/2025 06:00:00 - 18/11/2025 07:00:00","Belgium (BE)","710.03","878.05","878.05","907.37"
"18/11/2025 07:00:00 - 18/11/2025 08:00:00","Belgium (BE)","840.78","960.98","960.98","1080.80"
"18/11/2025 08:00:00 - 18/11/2025 09:00:00","Belgium (BE)","918.28","998.60","1063.90","1062.10"
"18/11/2025 09:00:00 - 18/11/2025 10:00:00","Belgium (BE)","889.55","978.03","1002.18","874.58"
"18/11/2025 10:00:00 - 18/11/2025 11:00:00","Belgium (BE)","813.38","873.63","871.38","691.57"
"18/11/2025 11:00:00 - 18/11/2025 12:00:00","Belgium (BE)","779.93","764.48","783.70","684.98"
"18/11/2025 12:00:00 - 18/11/2025 13:00:00","Belgium (BE)","819.28","770.50","774.45","920.83"
"18/11/2025 13:00:00 - 18/11/2025 14:00:00","Belgium (BE)","905.88","860.30","784.55","1115.96"
"18/11/2025 14:00:00 - 18/11/2025 15:00:00","Belgium (BE)","951.05","909.50","1059.85","1596.65"
"18/11/2025 15:00:00 - 18/11/2025 16:00:00","Belgium (BE)","883.68","973.55","1070.73","1687.33"
"18/11/2025 16:00:00 - 18/11/2025 17:00:00","Belgium (BE)","845.75","1077.10","1050.33","1854.83"
"18/11/2025 17:00:00 - 18/11/2025 18:00:00","Belgium (BE)","915.38","1188.78","1013.73","1458.47"
"18/11/2025 18:00:00 - 18/11/2025 19:00:00","Belgium (BE)","1029.40","1292.03","1137.20","1292.74"
"18/11/2025 19:00:00 - 18/11/2025 20:00:00","Belgium (BE)","1192.58","1427.63","1322.43","1666.97"
"18/11/2025 20:00:00 - 18/11/2025 21:00:00","Belgium (BE)","1392.88","1556.08","1339.28","1573.10"
"18/11/2025 21:00:00 - 18/11/2025 22:00:00","Belgium (BE)","1490.78","1555.90","1222.08","1205.38"
"18/11/2025 22:00:00 - 18/11/2025 23:00:00","Belgium (BE)","1479.45","1494.33","1019.98","978.29"
"18/11/2025 23:00:00 - 19/11/2025 00:00:00","Belgium (BE)","1468.23","1391.25","959.70","944.89"
"19/11/2025 00:00:00 - 19/11/2025 01:00:00","Belgium (BE)","982.75","995.48","995.48","1241.14"
"19/11/2025 01:00:00 - 19/11/2025 02:00:00","Belgium (BE)","1064.38","1061.05","1061.05","1285.37"
"19/11/2025 02:00:00 - 19/11/2025 03:00:00","Belgium (BE)","1058.55","1132.50","1132.50","1249.21"
"19/11/2025 03:00:00 - 19/11/2025 04:00:00","Belgium (BE)","960.83","945.83","945.83","1051.23"
"19/11/2025 04:00:00 - 19/11/2025 05:00:00","Belgium (BE)","785.40","704.75","704.75","925.89"
"19/11/2025 05:00:00 - 19/11/2025 06:00:00","Belgium (BE)","611.15","537.50","537.50","981.45"
"19/11/2025 06:00:00 - 19/11/2025 07:00:00","Belgium (BE)","497.00","432.93","432.93","629.71"
"19/11/2025 07:00:00 - 19/11/2025 08:00:00","Belgium (BE)","448.10","347.90","347.90","630.14"
"19/11/2025 08:00:00 - 19/11/2025 09:00:00","Belgium (BE)","482.23","342.98","322.80","360.89"
"19/11/2025 09:00:00 - 19/11/2025 10:00:00","Belgium (BE)","469.33","390.80","320.80","215.01"
"19/11/2025 10:00:00 - 19/11/2025 11:00:00","Belgium (BE)","554.75","587.18","385.80","88.70"
"19/11/2025 11:00:00 - 19/11/2025 12:00:00","Belgium (BE)","960.83","1128.33","551.40","3.49"
"19/11/2025 12:00:00 - 19/11/2025 13:00:00","Belgium (BE)","1517.78","1718.08","991.08","467.33"
"19/11/2025 13:00:00 - 19/11/2025 14:00:00","Belgium (BE)","2017.95","2018.90","1704.90","1795.56"
"19/11/2025 14:00:00 - 19/11/2025 15:00:00","Belgium (BE)","2108.80","2112.20","2070.98","2154.13"
"19/11/2025 15:00:00 - 19/11/2025 16:00:00","Belgium (BE)","2139.78","2136.30","2121.75","2145.96"
"19/11/2025 16:00:00 - 19/11/2025 17:00:00","Belgium (BE)","2141.95","2124.10","2120.33","2152.33"
"19/11/2025 17:00:00 - 19/11/2025 18:00:00","Belgium (BE)","2119.75","2091.68","2104.40","2162.91"
"19/11/2025 18:00:00 - 19/11/2025 19:00:00","Belgium (BE)","2063.63","2033.88","2070.30","2148.91"
"19/11/2025 19:00:00 - 19/11/2025 20:00:00","Belgium (BE)","1979.25","1929.35","2010.15","2078.45"
"19/11/2025 20:00:00 - 19/11/2025 21:00:00","Belgium (BE)","1880.03","1847.00","1987.55","2000.56"
"19/11/2025 21:00:00 - 19/11/2025 22:00:00","Belgium (BE)","1761.03","1744.08","1841.63","2006.11"
"19/11/2025 22:00:00 - 19/11/2025 23:00:00","Belgium (BE)","1638.40","1572.68","1748.15","1955.47"
"19/11/2025 23:00:00 - 20/11/2025 00:00:00","Belgium (BE)","1447.43","1335.63","1555.40","2066.45"
"20/11/2025 00:00:00 - 20/11/2025 01:00:00","Belgium (BE)","1210.20","1200.08","1200.08","1298.98"
"20/11/2025 01:00:00 - 20/11/2025 02:00:00","Belgium (BE)","975.20","939.78","939.78","704.75"
"20/11/2025 02:00:00 - 20/11/2025 03:00:00","Belgium (BE)","902.45","1175.48","1175.48","496.60"
"20/11/2025 03:00:00 - 20/11/2025 04:00:00","Belgium (BE)","989.70","999.80","999.80","843.40"
"20/11/2025 04:00:00 - 20/11/2025 05:00:00","Belgium (BE)","1067.65","968.45","968.45","957.96"
"20/11/2025 05:00:00 - 20/11/2025 06:00:00","Belgium (BE)","1239.18","1042.15","1042.15","954.35"
"20/11/2025 06:00:00 - 20/11/2025 07:00:00","Belgium (BE)","1401.35","1132.98","1132.98","1336.61"
"20/11/2025 07:00:00 - 20/11/2025 08:00:00","Belgium (BE)","1486.60","1285.35","1285.35","1376.58"
"20/11/2025 08:00:00 - 20/11/2025 09:00:00","Belgium (BE)","1455.45","1294.43","1045.88","1651.93"
"20/11/2025 09:00:00 - 20/11/2025 10:00:00","Belgium (BE)","1221.30","1294.83","1068.70","1575.32"
"20/11/2025 10:00:00 - 20/11/2025 11:00:00","Belgium (BE)","1014.53","1245.40","1168.00","1200.33"
"20/11/2025 11:00:00 - 20/11/2025 12:00:00","Belgium (BE)","929.35","1104.60","1089.58","1040.36"
"20/11/2025 12:00:00 - 20/11/2025 13:00:00","Belgium (BE)","912.53","1019.13","970.55","995.42"
"20/11/2025 13:00:00 - 20/11/2025 14:00:00","Belgium (BE)","802.00","968.60","885.03","749.55"
"20/11/2025 14:00:00 - 20/11/2025 15:00:00","Belgium (BE)","688.20","942.15","849.00","620.26"
"20/11/2025 15:00:00 - 20/11/2025 16:00:00","Belgium (BE)","674.98","975.38","877.25","781.15"
"20/11/2025 16:00:00 - 20/11/2025 17:00:00","Belgium (BE)","761.18","959.90","991.93","1291.28"
"20/11/2025 17:00:00 - 20/11/2025 18:00:00","Belgium (BE)","806.45","871.55","1160.13","1510.00"
"20/11/2025 18:00:00 - 20/11/2025 19:00:00","Belgium (BE)","772.03","802.93","1254.00","1185.17"
"20/11/2025 19:00:00 - 20/11/2025 20:00:00","Belgium (BE)","748.55","708.08","1223.28","1060.80"
"20/11/2025 20:00:00 - 20/11/2025 21:00:00","Belgium (BE)","702.70","549.33","1082.60","687.69"
"20/11/2025 21:00:00 - 20/11/2025 22:00:00","Belgium (BE)","605.15","473.23","823.03","853.05"
"20/11/2025 22:00:00 - 20/11/2025 23:00:00","Belgium (BE)","403.63","401.88","578.60","1104.58"
"20/11/2025 23:00:00 - 21/11/2025 00:00:00","Belgium (BE)","337.70","288.13","473.23","104.14"
"21/11/2025 00:00:00 - 21/11/2025 01:00:00","Belgium (BE)","208.83","483.80","483.80","339.38"
"21/11/2025 01:00:00 - 21/11/2025 02:00:00","Belgium (BE)","199.20","426.35","426.35","357.20"
"21/11/2025 02:00:00 - 21/11/2025 03:00:00","Belgium (BE)","256.88","429.00","429.00","305.34"
"21/11/2025 03:00:00 - 21/11/2025 04:00:00","Belgium (BE)","409.90","438.18","438.18","259.01"
"21/11/2025 04:00:00 - 21/11/2025 05:00:00","Belgium (BE)","659.45","583.93","583.93","513.03"
"21/11/2025 05:00:00 - 21/11/2025 06:00:00","Belgium (BE)","844.55","830.80","830.80","1292.10"
"21/11/2025 06:00:00 - 21/11/2025 07:00:00","Belgium (BE)","916.38","920.70","920.70","1115.26"
"21/11/2025 07:00:00 - 21/11/2025 08:00:00","Belgium (BE)","898.80","885.38","885.38","879.22"
"21/11/2025 08:00:00 - 21/11/2025 09:00:00","Belgium (BE)","756.60","751.80","748.78","656.19"
"21/11/2025 09:00:00 - 21/11/2025 10:00:00","Belgium (BE)","533.18","554.03","541.43","675.08"
"21/11/2025 10:00:00 - 21/11/2025 11:00:00","Belgium (BE)","323.23","337.13","324.03","418.76"
"21/11/2025 11:00:00 - 21/11/2025 12:00:00","Belgium (BE)","167.70","163.50","179.35","254.85"
"21/11/2025 12:00:00 - 21/11/2025 13:00:00","Belgium (BE)","74.85","67.33","77.55","99.08"
"21/11/2025 13:00:00 - 21/11/2025 14:00:00","Belgium (BE)","19.35","17.53","22.13","0.98"
"21/11/2025 14:00:00 - 21/11/2025 15:00:00","Belgium (BE)","9.35","10.63","11.90"," "
"21/11/2025 15:00:00 - 21/11/2025 16:00:00","Belgium (BE)","11.78","13.83","14.78"," "
"21/11/2025 16:00:00 - 21/11/2025 17:00:00","Belgium (BE)","17.28","18.60","23.30"," "
"21/11/2025 17:00:00 - 21/11/2025 18:00:00","Belgium (BE)","22.43","22.25","33.68"," "
"21/11/2025 18:00:00 - 21/11/2025 19:00:00","Belgium (BE)","26.93","26.18","41.60","2.17"
"21/11/2025 19:00:00 - 21/11/2025 20:00:00","Belgium (BE)","34.50","41.18","63.03","85.60"
"21/11/2025 20:00:00 - 21/11/2025 21:00:00","Belgium (BE)","62.68","72.33","66.40","88.11"
"21/11/2025 21:00:00 - 21/11/2025 22:00:00","Belgium (BE)","103.50","134.80","148.55","175.61"
"21/11/2025 22:00:00 - 21/11/2025 23:00:00","Belgium (BE)","157.40","224.80","243.05","338.86"
"21/11/2025 23:00:00 - 22/11/2025 00:00:00","Belgium (BE)","229.75","344.13","365.50","601.33"
"22/11/2025 00:00:00 - 22/11/2025 01:00:00","Belgium (BE)","482.33","524.43","524.43","397.13"
"22/11/2025 01:00:00 - 22/11/2025 02:00:00","Belgium (BE)","652.30","667.18","667.18","729.53"
"22/11/2025 02:00:00 - 22/11/2025 03:00:00","Belgium (BE)","861.00","925.53","925.53","1074.03"
"22/11/2025 03:00:00 - 22/11/2025 04:00:00","Belgium (BE)","1117.38","1119.53","1119.53","1135.47"
"22/11/2025 04:00:00 - 22/11/2025 05:00:00","Belgium (BE)","1269.90","1248.78","1248.78","1321.99"
"22/11/2025 05:00:00 - 22/11/2025 06:00:00","Belgium (BE)","1332.28","1314.60","1314.60","1625.18"
"22/11/2025 06:00:00 - 22/11/2025 07:00:00","Belgium (BE)","1411.18","1443.50","1443.50","1680.09"
"22/11/2025 07:00:00 - 22/11/2025 08:00:00","Belgium (BE)","1553.45","1647.20","1647.20","1595.84"
"22/11/2025 08:00:00 - 22/11/2025 09:00:00","Belgium (BE)","1722.53","1801.13","1830.78","1648.68"
"22/11/2025 09:00:00 - 22/11/2025 10:00:00","Belgium (BE)","1830.70","1919.33","1943.30","1938.24"
"22/11/2025 10:00:00 - 22/11/2025 11:00:00","Belgium (BE)","1903.18","1983.58","2005.83","1902.05"
"22/11/2025 11:00:00 - 22/11/2025 12:00:00","Belgium (BE)","1970.95","2011.40","2055.55","1921.12"
"22/11/2025 12:00:00 - 22/11/2025 13:00:00","Belgium (BE)","2018.35","2018.33","2071.65","2073.96"
"22/11/2025 13:00:00 - 22/11/2025 14:00:00","Belgium (BE)","2040.28","2028.73","2061.15","2132.45"
"22/11/2025 14:00:00 - 22/11/2025 15:00:00","Belgium (BE)","2063.73","2057.03","2090.43","2156.27"
"22/11/2025 15:00:00 - 22/11/2025 16:00:00","Belgium (BE)","2098.75","2082.73","2107.58","2174.55"
"22/11/2025 16:00:00 - 22/11/2025 17:00:00","Belgium (BE)","2127.58","2106.88","2123.78","2177.84"
"22/11/2025 17:00:00 - 22/11/2025 18:00:00","Belgium (BE)","2148.18","2127.35","2143.25","2182.36"
"22/11/2025 18:00:00 - 22/11/2025 19:00:00","Belgium (BE)","2163.33","2140.95","2154.73","2187.51"
"22/11/2025 19:00:00 - 22/11/2025 20:00:00","Belgium (BE)","2171.58","2149.55","2159.10","2183.29"
"22/11/2025 20:00:00 - 22/11/2025 21:00:00","Belgium (BE)","2177.05","2156.10","2156.70","2182.83"
"22/11/2025 21:00:00 - 22/11/2025 22:00:00","Belgium (BE)","2180.65","2155.43","2164.03","2159.45"
"22/11/2025 22:00:00 - 22/11/2025 23:00:00","Belgium (BE)","2183.35","2154.23","2164.20","2178.70"
"22/11/2025 23:00:00 - 23/11/2025 00:00:00","Belgium (BE)","2184.75","2158.48","2167.18","2169.23"
"23/11/2025 00:00:00 - 23/11/2025 01:00:00","Belgium (BE)","2162.03","2171.20","2171.20","2167.74"
"23/11/2025 01:00:00 - 23/11/2025 02:00:00","Belgium (BE)","2171.05","2176.20","2176.20","2172.48"
"23/11/2025 02:00:00 - 23/11/2025 03:00:00","Belgium (BE)","2177.93","2183.13","2183.13","2171.66"
"23/11/2025 03:00:00 - 23/11/2025 04:00:00","Belgium (BE)","2181.85","2185.43","2185.43","2174.22"
"23/11/2025 04:00:00 - 23/11/2025 05:00:00","Belgium (BE)","2183.18","2188.28","2188.28","2173.82"
"23/11/2025 05:00:00 - 23/11/2025 06:00:00","Belgium (BE)","2182.20","2189.00","2189.00","2172.12"
"23/11/2025 06:00:00 - 23/11/2025 07:00:00","Belgium (BE)","2178.00","2187.60","2187.60","2174.72"
"23/11/2025 07:00:00 - 23/11/2025 08:00:00","Belgium (BE)","2171.13","2183.15","2183.15","2177.64"
"23/11/2025 08:00:00 - 23/11/2025 09:00:00","Belgium (BE)","2164.18","2177.30","2176.75","2176.06"
"23/11/2025 09:00:00 - 23/11/2025 10:00:00","Belgium (BE)","2163.00","2172.95","2174.15","2175.00"
"23/11/2025 10:00:00 - 23/11/2025 11:00:00","Belgium (BE)","2167.63","2168.10","2171.73","2175.60"
"23/11/2025 11:00:00 - 23/11/2025 12:00:00","Belgium (BE)","2166.60","2166.63","2173.15","2175.59"
"23/11/2025 12:00:00 - 23/11/2025 13:00:00","Belgium (BE)","2156.85","2165.50","2168.98","2174.36"
"23/11/2025 13:00:00 - 23/11/2025 14:00:00","Belgium (BE)","2142.88","2152.20","2143.13","2173.28"
"23/11/2025 14:00:00 - 23/11/2025 15:00:00","Belgium (BE)","2111.23","2122.03","2129.48","2173.63"
"23/11/2025 15:00:00 - 23/11/2025 16:00:00","Belgium (BE)","2023.00","2062.40","2049.45","2091.45"
"23/11/2025 16:00:00 - 23/11/2025 17:00:00","Belgium (BE)","2025.98","2057.28","1977.73","2064.99"
"23/11/2025 17:00:00 - 23/11/2025 18:00:00","Belgium (BE)","2052.05","2058.28","2003.90","2129.04"
"23/11/2025 18:00:00 - 23/11/2025 19:00:00","Belgium (BE)","2053.08","2041.33","2006.48","2121.96"
"23/11/2025 19:00:00 - 23/11/2025 20:00:00","Belgium (BE)","2053.70","2032.50","2017.98","2090.49"
"23/11/2025 20:00:00 - 23/11/2025 21:00:00","Belgium (BE)","2048.95","2030.23","2020.30","2046.94"
"23/11/2025 21:00:00 - 23/11/2025 22:00:00","Belgium (BE)","2035.48","2008.45","1967.53","2054.17"
"23/11/2025 22:00:00 - 23/11/2025 23:00:00","Belgium (BE)","2012.95","1964.70","1901.43","1899.92"
"23/11/2025 23:00:00 - 24/11/2025 00:00:00","Belgium (BE)","1971.88","1909.50","1829.95","1629.17"
"24/11/2025 00:00:00 - 24/11/2025 01:00:00","Belgium (BE)","1831.50","1685.45","1685.45","1346.66"
"24/11/2025 01:00:00 - 24/11/2025 02:00:00","Belgium (BE)","1738.88","1595.43","1595.43","1230.64"
"24/11/2025 02:00:00 - 24/11/2025 03:00:00","Belgium (BE)","1634.28","1414.18","1414.18","1470.90"
"24/11/2025 03:00:00 - 24/11/2025 04:00:00","Belgium (BE)","1545.75","1293.53","1293.53","1473.56"
"24/11/2025 04:00:00 - 24/11/2025 05:00:00","Belgium (BE)","1480.95","1204.20","1204.20","1386.48"
"24/11/2025 05:00:00 - 24/11/2025 06:00:00","Belgium (BE)","1443.05","1166.55","1166.55","1138.67"
"24/11/2025 06:00:00 - 24/11/2025 07:00:00","Belgium (BE)","1389.55","1122.60","1122.60","968.61"
"24/11/2025 07:00:00 - 24/11/2025 08:00:00","Belgium (BE)","1321.20","1053.00","1053.00","1386.06"
"24/11/2025 08:00:00 - 24/11/2025 09:00:00","Belgium (BE)","1298.73","961.18","869.90","1742.92"
"24/11/2025 09:00:00 - 24/11/2025 10:00:00","Belgium (BE)","1265.65","833.78","894.30","1800.65"
"24/11/2025 10:00:00 - 24/11/2025 11:00:00","Belgium (BE)","1216.45","692.30","853.63","1493.57"
"24/11/2025 11:00:00 - 24/11/2025 12:00:00","Belgium (BE)","1270.88","660.25","769.13","1082.39"
"24/11/2025 12:00:00 - 24/11/2025 13:00:00","Belgium (BE)","1327.93","724.38","748.73","1627.00"
"24/11/2025 13:00:00 - 24/11/2025 14:00:00","Belgium (BE)","1222.10","599.13","567.28","994.98"
"24/11/2025 14:00:00 - 24/11/2025 15:00:00","Belgium (BE)","965.15","383.73","430.85","303.71"
"24/11/2025 15:00:00 - 24/11/2025 16:00:00","Belgium (BE)","652.65","266.70","262.28","192.58"
"24/11/2025 16:00:00 - 24/11/2025 17:00:00","Belgium (BE)","297.50","192.18","197.50","189.52"
"24/11/2025 17:00:00 - 24/11/2025 18:00:00","Belgium (BE)","164.80","179.70","199.73","130.57"
"24/11/2025 18:00:00 - 24/11/2025 19:00:00","Belgium (BE)","230.43","206.58","248.33","52.20"
"24/11/2025 19:00:00 - 24/11/2025 20:00:00","Belgium (BE)","394.63","206.35","281.05","145.69"
"24/11/2025 20:00:00 - 24/11/2025 21:00:00","Belgium (BE)","529.65","185.70","262.18","279.70"
"24/11/2025 21:00:00 - 24/11/2025 22:00:00","Belgium (BE)","488.53","205.63","209.38","429.85"
"24/11/2025 22:00:00 - 24/11/2025 23:00:00","Belgium (BE)","387.05","251.23","245.80","726.39"
"24/11/2025 23:00:00 - 25/11/2025 00:00:00","Belgium (BE)","343.70","276.23","289.78","637.32"
"25/11/2025 00:00:00 - 25/11/2025 01:00:00","Belgium (BE)","402.23","299.88","299.88","473.45"
"25/11/2025 01:00:00 - 25/11/2025 02:00:00","Belgium (BE)","521.58","332.60","332.60","620.60"
"25/11/2025 02:00:00 - 25/11/2025 03:00:00","Belgium (BE)","706.70","389.38","389.38","612.22"
"25/11/2025 03:00:00 - 25/11/2025 04:00:00","Belgium (BE)","1203.85","804.88","804.88","639.25"
"25/11/2025 04:00:00 - 25/11/2025 05:00:00","Belgium (BE)","1691.63","1461.08","1461.08","1601.25"
"25/11/2025 05:00:00 - 25/11/2025 06:00:00","Belgium (BE)","1931.33","1909.10","1909.10","2125.46"
"25/11/2025 06:00:00 - 25/11/2025 07:00:00","Belgium (BE)","2086.03","2081.70","2081.70","2163.16"
"25/11/2025 07:00:00 - 25/11/2025 08:00:00","Belgium (BE)","2139.48","2135.55","2135.55","2185.32"
"25/11/2025 08:00:00 - 25/11/2025 09:00:00","Belgium (BE)","2148.45","2143.95","2101.68","2185.70"
"25/11/2025 09:00:00 - 25/11/2025 10:00:00","Belgium (BE)","2132.08","2129.75","2068.40","2179.74"
"25/11/2025 10:00:00 - 25/11/2025 11:00:00","Belgium (BE)","2095.03","2106.50","2018.05","2157.16"
"25/11/2025 11:00:00 - 25/11/2025 12:00:00","Belgium (BE)","2050.48","2072.53","1985.33","2161.31"
"25/11/2025 12:00:00 - 25/11/2025 13:00:00","Belgium (BE)","2006.20","2031.20","1970.25","2127.37"
"25/11/2025 13:00:00 - 25/11/2025 14:00:00","Belgium (BE)","1975.15","1973.78","1962.93","2111.08"
"25/11/2025 14:00:00 - 25/11/2025 15:00:00","Belgium (BE)","1959.88","1917.83","1965.35","2057.07"
"25/11/2025 15:00:00 - 25/11/2025 16:00:00","Belgium (BE)","1953.70","1903.38","1920.98","1991.00"
"25/11/2025 16:00:00 - 25/11/2025 17:00:00","Belgium (BE)","1962.10","1909.00","1864.03","2022.34"
"25/11/2025 17:00:00 - 25/11/2025 18:00:00","Belgium (BE)","1954.53","1917.10","1821.43","1990.86"
"25/11/2025 18:00:00 - 25/11/2025 19:00:00","Belgium (BE)","1927.20","1902.70","1798.18","1967.33"
"25/11/2025 19:00:00 - 25/11/2025 20:00:00","Belgium (BE)","1882.70","1853.25","1785.55","1852.26"
"25/11/2025 20:00:00 - 25/11/2025 21:00:00","Belgium (BE)","1851.05","1810.58","1738.08","1669.73"
"25/11/2025 21:00:00 - 25/11/2025 22:00:00","Belgium (BE)","1824.18","1763.00","1646.63","1656.06"
"25/11/2025 22:00:00 - 25/11/2025 23:00:00","Belgium (BE)","1742.63","1711.10","1580.38","1585.20"
"25/11/2025 23:00:00 - 26/11/2025 00:00:00","Belgium (BE)","1534.13","1657.25","1590.40","1540.60"
"26/11/2025 00:00:00 - 26/11/2025 01:00:00","Belgium (BE)","1660.70","1567.10","1567.10","1581.28"
"26/11/2025 01:00:00 - 26/11/2025 02:00:00","Belgium (BE)","1599.28","1524.73","1529.55","1425.00"
"26/11/2025 02:00:00 - 26/11/2025 03:00:00","Belgium (BE)","1516.10","1476.28","1496.75","1441.06"
"26/11/2025 03:00:00 - 26/11/2025 04:00:00","Belgium (BE)","1375.08","1405.68","1431.43","1330.79"
"26/11/2025 04:00:00 - 26/11/2025 05:00:00","Belgium (BE)","1145.45","1282.08","1294.33","1239.21"
"26/11/2025 05:00:00 - 26/11/2025 06:00:00","Belgium (BE)","886.18","1043.48","1066.45","1057.62"
"26/11/2025 06:00:00 - 26/11/2025 07:00:00","Belgium (BE)","670.25","798.58","846.53","1005.16"
"26/11/2025 07:00:00 - 26/11/2025 08:00:00","Belgium (BE)","476.00","597.05","619.18","824.78"
"26/11/2025 08:00:00 - 26/11/2025 09:00:00","Belgium (BE)","316.58","422.30","399.85","590.94"
"26/11/2025 09:00:00 - 26/11/2025 10:00:00","Belgium (BE)","201.98","276.55","227.75","410.69"
"26/11/2025 10:00:00 - 26/11/2025 11:00:00","Belgium (BE)","118.83","145.75","121.63","288.33"
"26/11/2025 11:00:00 - 26/11/2025 12:00:00","Belgium (BE)","73.53","69.50","86.65","168.28"
"26/11/2025 12:00:00 - 26/11/2025 13:00:00","Belgium (BE)","46.55","34.63","41.80","42.14"
"26/11/2025 13:00:00 - 26/11/2025 14:00:00","Belgium (BE)","32.08","24.05","24.43","2.69"
"26/11/2025 14:00:00 - 26/11/2025 15:00:00","Belgium (BE)","35.60","30.95","40.75"," "
"26/11/2025 15:00:00 - 26/11/2025 16:00:00","Belgium (BE)","49.20","45.20","47.95","5.54"
"26/11/2025 16:00:00 - 26/11/2025 17:00:00","Belgium (BE)","69.75","60.68","66.78","37.06"
"26/11/2025 17:00:00 - 26/11/2025 18:00:00","Belgium (BE)","107.38","83.58","100.00","80.13"
"26/11/2025 18:00:00 - 26/11/2025 19:00:00","Belgium (BE)","149.08","126.50","147.03","163.33"
"26/11/2025 19:00:00 - 26/11/2025 20:00:00","Belgium (BE)","183.60","194.65","200.88","213.98"
"26/11/2025 20:00:00 - 26/11/2025 21:00:00","Belgium (BE)","235.38","282.63","280.30","342.36"
"26/11/2025 21:00:00 - 26/11/2025 22:00:00","Belgium (BE)","317.45","404.35","523.70","547.72"
"26/11/2025 22:00:00 - 26/11/2025 23:00:00","Belgium (BE)","430.55","611.53","759.00","858.82"
"26/11/2025 23:00:00 - 27/11/2025 00:00:00","Belgium (BE)","582.70","879.68","1044.28","933.23"
"27/11/2025 00:00:00 - 27/11/2025 01:00:00","Belgium (BE)","1145.90","1465.95","1465.95","1339.00"
"27/11/2025 01:00:00 - 27/11/2025 02:00:00","Belgium (BE)","1602.63","1762.05","1762.05","1848.83"
"27/11/2025 02:00:00 - 27/11/2025 03:00:00","Belgium (BE)","1883.68","2003.60","2003.60","1983.28"
"27/11/2025 03:00:00 - 27/11/2025 04:00:00","Belgium (BE)","2009.05","2086.30","2086.30","2104.82"
"27/11/2025 04:00:00 - 27/11/2025 05:00:00","Belgium (BE)","2061.93","2116.43","2116.43","2171.70"
"27/11/2025 05:00:00 - 27/11/2025 06:00:00","Belgium (BE)","2072.55","2122.10","2122.10","2144.36"
"27/11/2025 06:00:00 - 27/11/2025 07:00:00","Belgium (BE)","2070.08","2107.05","2107.05","2148.46"
"27/11/2025 07:00:00 - 27/11/2025 08:00:00","Belgium (BE)","2061.85","2083.05","2083.05","2131.92"
"27/11/2025 08:00:00 - 27/11/2025 09:00:00","Belgium (BE)","2053.33","2075.75","2092.65","2136.70"
"27/11/2025 09:00:00 - 27/11/2025 10:00:00","Belgium (BE)","2049.13","2078.60","2069.73","2152.82"
"27/11/2025 10:00:00 - 27/11/2025 11:00:00","Belgium (BE)","2020.85","2075.45","2031.38","2098.19"
"27/11/2025 11:00:00 - 27/11/2025 12:00:00","Belgium (BE)","1983.33","2062.85","1981.85","1909.10"
"27/11/2025 12:00:00 - 27/11/2025 13:00:00","Belgium (BE)","1969.68","2060.90","1985.88","1797.29"
"27/11/2025 13:00:00 - 27/11/2025 14:00:00","Belgium (BE)","1974.53","2075.73","2031.30","1801.70"
"27/11/2025 14:00:00 - 27/11/2025 15:00:00","Belgium (BE)","1995.45","2090.48","2084.93","1973.38"
"27/11/2025 15:00:00 - 27/11/2025 16:00:00","Belgium (BE)","2017.58","2099.40","2116.45","2088.37"
"27/11/2025 16:00:00 - 27/11/2025 17:00:00","Belgium (BE)","2047.48","2109.20","2129.23","2086.83"
"27/11/2025 17:00:00 - 27/11/2025 18:00:00","Belgium (BE)","2075.98","2124.03","2133.70","2119.71"
"27/11/2025 18:00:00 - 27/11/2025 19:00:00","Belgium (BE)","2096.25","2133.60","2133.50","2134.61"
"27/11/2025 19:00:00 - 27/11/2025 20:00:00","Belgium (BE)","2112.73","2138.85","2137.00","2149.28"
"27/11/2025 20:00:00 - 27/11/2025 21:00:00","Belgium (BE)","2121.55","2143.08","2135.50","2135.31"
"27/11/2025 21:00:00 - 27/11/2025 22:00:00","Belgium (BE)","2116.03","2144.63","2140.90","2137.16"
"27/11/2025 22:00:00 - 27/11/2025 23:00:00","Belgium (BE)","2103.83","2143.60","2139.60","2128.34"
"27/11/2025 23:00:00 - 28/11/2025 00:00:00","Belgium (BE)","2093.85","2137.15","2127.08","2054.95"
"28/11/2025 00:00:00 - 28/11/2025 01:00:00","Belgium (BE)","2106.48","2088.20","2088.20","2022.17"
"28/11/2025 01:00:00 - 28/11/2025 02:00:00","Belgium (BE)","2083.78","2072.85","2072.85","2032.06"
"28/11/2025 02:00:00 - 28/11/2025 03:00:00","Belgium (BE)","2050.13","2030.38","2030.38","2014.78"
"28/11/2025 03:00:00 - 28/11/2025 04:00:00","Belgium (BE)","1985.48","1946.60","1946.60","1962.26"
"28/11/2025 04:00:00 - 28/11/2025 05:00:00","Belgium (BE)","1859.98","1781.85","1781.85","1949.25"
"28/11/2025 05:00:00 - 28/11/2025 06:00:00","Belgium (BE)","1624.10","1544.73","1544.73","1916.94"
"28/11/2025 06:00:00 - 28/11/2025 07:00:00","Belgium (BE)","1212.68","1234.50","1234.50","1466.92"
"28/11/2025 07:00:00 - 28/11/2025 08:00:00","Belgium (BE)","822.23","929.20","929.20","926.55"
"28/11/2025 08:00:00 - 28/11/2025 09:00:00","Belgium (BE)","628.45","846.93","889.53","736.88"
"28/11/2025 09:00:00 - 28/11/2025 10:00:00","Belgium (BE)","616.50","839.88","909.18","653.19"
"28/11/2025 10:00:00 - 28/11/2025 11:00:00","Belgium (BE)","741.83","879.33","918.78","740.48"
"28/11/2025 11:00:00 - 28/11/2025 12:00:00","Belgium (BE)","922.30","1004.03","980.60","857.17"
"28/11/2025 12:00:00 - 28/11/2025 13:00:00","Belgium (BE)","1074.13","1115.73","1116.28","891.70"
"28/11/2025 13:00:00 - 28/11/2025 14:00:00","Belgium (BE)","1242.10","1201.50","1323.65","1002.63"
"28/11/2025 14:00:00 - 28/11/2025 15:00:00","Belgium (BE)","1495.55","1364.95","1437.30","1399.99"
"28/11/2025 15:00:00 - 28/11/2025 16:00:00","Belgium (BE)","1733.35","1560.15","1537.90","1646.93"
"28/11/2025 16:00:00 - 28/11/2025 17:00:00","Belgium (BE)","1876.93","1756.58","1692.93","1822.87"
"28/11/2025 17:00:00 - 28/11/2025 18:00:00","Belgium (BE)","1990.58","1928.95","1851.63","1923.12"
"28/11/2025 18:00:00 - 28/11/2025 19:00:00","Belgium (BE)","2055.45","2029.40","1951.80","1904.64"
"28/11/2025 19:00:00 - 28/11/2025 20:00:00","Belgium (BE)","2070.10","2061.50","1976.83","1888.44"
"28/11/2025 20:00:00 - 28/11/2025 21:00:00","Belgium (BE)","2044.65","2027.53","1992.88","1874.96"
"28/11/2025 21:00:00 - 28/11/2025 22:00:00","Belgium (BE)","1959.38","1921.85","1910.18","1779.32"
"28/11/2025 22:00:00 - 28/11/2025 23:00:00","Belgium (BE)","1819.58","1759.58","1782.23","1874.85"
"28/11/2025 23:00:00 - 29/11/2025 00:00:00","Belgium (BE)","1606.38","1534.18","1597.75","1544.63"
"29/11/2025 00:00:00 - 29/11/2025 01:00:00","Belgium (BE)","1498.88","1362.60","1362.60","1240.78"
"29/11/2025 01:00:00 - 29/11/2025 02:00:00","Belgium (BE)","1411.40","1324.60","1324.60","841.31"
"29/11/2025 02:00:00 - 29/11/2025 03:00:00","Belgium (BE)","1434.78","1336.60","1336.60","995.84"
"29/11/2025 03:00:00 - 29/11/2025 04:00:00","Belgium (BE)","1574.78","1506.60","1506.60","1179.18"
"29/11/2025 04:00:00 - 29/11/2025 05:00:00","Belgium (BE)","1712.70","1587.08","1587.08","1298.21"
"29/11/2025 05:00:00 - 29/11/2025 06:00:00","Belgium (BE)","1835.83","1722.05","1722.05","1478.92"
"29/11/2025 06:00:00 - 29/11/2025 07:00:00","Belgium (BE)","1928.88","1848.55","1848.55","1669.29"
"29/11/2025 07:00:00 - 29/11/2025 08:00:00","Belgium (BE)","1961.43","1913.33","1913.33","1807.40"
"29/11/2025 08:00:00 - 29/11/2025 09:00:00","Belgium (BE)","1989.38","1946.23","1983.08","2030.19"
"29/11/2025 09:00:00 - 29/11/2025 10:00:00","Belgium (BE)","2014.33","1965.83","2013.63","1983.78"
"29/11/2025 10:00:00 - 29/11/2025 11:00:00","Belgium (BE)","2033.78","1945.13","2012.48","2064.87"
"29/11/2025 11:00:00 - 29/11/2025 12:00:00","Belgium (BE)","2052.88","1928.85","2025.28","2105.90"
"29/11/2025 12:00:00 - 29/11/2025 13:00:00","Belgium (BE)","2051.20","1967.68","2047.25","2133.92"
"29/11/2025 13:00:00 - 29/11/2025 14:00:00","Belgium (BE)","2034.98","1990.53","2063.70","2102.33"
"29/11/2025 14:00:00 - 29/11/2025 15:00:00","Belgium (BE)","2040.88","1991.68","2085.58","2145.70"
"29/11/2025 15:00:00 - 29/11/2025 16:00:00","Belgium (BE)","2042.90","2007.40","2091.88","2161.08"
"29/11/2025 16:00:00 - 29/11/2025 17:00:00","Belgium (BE)","2033.08","2024.10","2091.05","2178.09"
"29/11/2025 17:00:00 - 29/11/2025 18:00:00","Belgium (BE)","2024.43","2006.50","2075.05","2152.31"
"29/11/2025 18:00:00 - 29/11/2025 19:00:00","Belgium (BE)","1986.63","1915.50","1997.80","1982.23"
"29/11/2025 19:00:00 - 29/11/2025 20:00:00","Belgium (BE)","1861.48","1691.50","1787.93","1886.18"
"29/11/2025 20:00:00 - 29/11/2025 21:00:00","Belgium (BE)","1666.58","1361.98","1448.83","1813.04"
"29/11/2025 21:00:00 - 29/11/2025 22:00:00","Belgium (BE)","1438.35","1138.83","1337.50","1429.83"
"29/11/2025 22:00:00 - 29/11/2025 23:00:00","Belgium (BE)","1399.63","1050.25","1374.78","1352.20"
"29/11/2025 23:00:00 - 30/11/2025 00:00:00","Belgium (BE)","1484.53","1084.23","1433.00","1762.40"
"30/11/2025 00:00:00 - 30/11/2025 01:00:00","Belgium (BE)","1425.95","1526.00","1526.00","2038.01"
"30/11/2025 01:00:00 - 30/11/2025 02:00:00","Belgium (BE)","1511.68","1567.38","1567.38","2103.59"
"30/11/2025 02:00:00 - 30/11/2025 03:00:00","Belgium (BE)","1468.30","1670.03","1670.03","1880.91"
"30/11/2025 03:00:00 - 30/11/2025 04:00:00","Belgium (BE)","1296.28","1396.90","1396.90","1245.49"
"30/11/2025 04:00:00 - 30/11/2025 05:00:00","Belgium (BE)","1076.83","1170.60","1170.60","1318.55"
"30/11/2025 05:00:00 - 30/11/2025 06:00:00","Belgium (BE)","971.38","1071.33","1071.33","1121.82"
"30/11/2025 06:00:00 - 30/11/2025 07:00:00","Belgium (BE)","914.10","1122.10","1122.10","1256.06"
"30/11/2025 07:00:00 - 30/11/2025 08:00:00","Belgium (BE)","987.70","1273.25","1273.25","1593.45"
"30/11/2025 08:00:00 - 30/11/2025 09:00:00","Belgium (BE)","1142.10","1361.68","1470.50","1566.19"
"30/11/2025 09:00:00 - 30/11/2025 10:00:00","Belgium (BE)","1125.53","1383.78","1483.00","1654.21"
"30/11/2025 10:00:00 - 30/11/2025 11:00:00","Belgium (BE)","1114.23","1400.18","1554.68","1420.36"
"30/11/2025 11:00:00 - 30/11/2025 12:00:00","Belgium (BE)","1268.70","1532.15","1672.60","1735.55"
"30/11/2025 12:00:00 - 30/11/2025 13:00:00","Belgium (BE)","1363.83","1606.88","1695.98","1693.06"
"30/11/2025 13:00:00 - 30/11/2025 14:00:00","Belgium (BE)","1285.45","1557.63","1593.78","1433.51"
"30/11/2025 14:00:00 - 30/11/2025 15:00:00","Belgium (BE)","1084.35","1428.85","1635.33","1446.13"
"30/11/2025 15:00:00 - 30/11/2025 16:00:00","Belgium (BE)","910.30","1224.80","1510.48","1349.11"
"30/11/2025 16:00:00 - 30/11/2025 17:00:00","Belgium (BE)","818.53","1031.88","1302.15","1185.08"
"30/11/2025 17:00:00 - 30/11/2025 18:00:00","Belgium (BE)","741.40","912.93","1094.60","791.11"
"30/11/2025 18:00:00 - 30/11/2025 19:00:00","Belgium (BE)","692.70","827.23","982.43","925.34"
"30/11/2025 19:00:00 - 30/11/2025 20:00:00","Belgium (BE)","682.45","750.13","827.68","951.32"
"30/11/2025 20:00:00 - 30/11/2025 21:00:00","Belgium (BE)","648.75","648.03","677.45","650.93"
"30/11/2025 21:00:00 - 30/11/2025 22:00:00","Belgium (BE)","664.20","577.63","655.85","751.51"
"30/11/2025 22:00:00 - 30/11/2025 23:00:00","Belgium (BE)","803.68","603.60","661.20","736.63"
"30/11/2025 23:00:00 - 01/12/2025 00:00:00","Belgium (BE)","932.33","688.40","786.23","755.66"
"01/12/2025 00:00:00 - 01/12/2025 01:00:00","Belgium (BE)","996.48","1165.10","1165.10","912.32"
"01/12/2025 01:00:00 - 01/12/2025 02:00:00","Belgium (BE)","1460.18","1582.43","1582.43","1538.64"
"01/12/2025 02:00:00 - 01/12/2025 03:00:00","Belgium (BE)","1776.43","1874.70","1874.70","1788.19"
"01/12/2025 03:00:00 - 01/12/2025 04:00:00","Belgium (BE)","1940.20","2011.95","2011.95","2046.80"
"01/12/2025 04:00:00 - 01/12/2025 05:00:00","Belgium (BE)","2037.68","2071.80","2071.80","2147.24"
"01/12/2025 05:00:00 - 01/12/2025 06:00:00","Belgium (BE)","2098.18","2103.60","2103.60","2164.85"
"01/12/2025 06:00:00 - 01/12/2025 07:00:00","Belgium (BE)","2139.48","2131.83","2131.83","2186.30"
"01/12/2025 07:00:00 - 01/12/2025 08:00:00","Belgium (BE)","2158.23","2156.58","2156.58","2186.81"
"01/12/2025 08:00:00 - 01/12/2025 09:00:00","Belgium (BE)","2165.35","2167.50","2171.50","2185.57"
"01/12/2025 09:00:00 - 01/12/2025 10:00:00","Belgium (BE)","2170.05","2171.30","2172.53","2182.54"
"01/12/2025 10:00:00 - 01/12/2025 11:00:00","Belgium (BE)","2172.78","2174.13","2175.20","2175.78"
"01/12/2025 11:00:00 - 01/12/2025 12:00:00","Belgium (BE)","2176.53","2176.78","2177.58","2175.92"
"01/12/2025 12:00:00 - 01/12/2025 13:00:00","Belgium (BE)","2180.00","2178.95","2177.88","2180.73"
"01/12/2025 13:00:00 - 01/12/2025 14:00:00","Belgium (BE)","2182.15","2180.00","2176.85","2177.84"
"01/12/2025 14:00:00 - 01/12/2025 15:00:00","Belgium (BE)","2182.98","2181.20","2177.73","2182.16"
"01/12/2025 15:00:00 - 01/12/2025 16:00:00","Belgium (BE)","2183.48","2184.50","2180.98","2176.32"
"01/12/2025 16:00:00 - 01/12/2025 17:00:00","Belgium (BE)","2186.93","2188.63","2186.00","2183.27"
"01/12/2025 17:00:00 - 01/12/2025 18:00:00","Belgium (BE)","2190.00","2190.65","2190.10","2186.94"
"01/12/2025 18:00:00 - 01/12/2025 19:00:00","Belgium (BE)","2189.68","2190.95","2191.13","2187.98"
"01/12/2025 19:00:00 - 01/12/2025 20:00:00","Belgium (BE)","2186.40","2189.23","2189.60","2185.78"
"01/12/2025 20:00:00 - 01/12/2025 21:00:00","Belgium (BE)","2181.55","2185.80","2186.58","2188.27"
"01/12/2025 21:00:00 - 01/12/2025 22:00:00","Belgium (BE)","2178.25","2181.90","2183.70","2188.73"
"01/12/2025 22:00:00 - 01/12/2025 23:00:00","Belgium (BE)","2176.35","2178.13","2179.15","2187.01"
"01/12/2025 23:00:00 - 02/12/2025 00:00:00","Belgium (BE)","2174.08","2172.65","2173.63","2188.39"
"02/12/2025 00:00:00 - 02/12/2025 01:00:00","Belgium (BE)","2168.95","2165.00","2165.00","2187.19"
"02/12/2025 01:00:00 - 02/12/2025 02:00:00","Belgium (BE)","2163.65","2164.23","2164.23","2188.31"
"02/12/2025 02:00:00 - 02/12/2025 03:00:00","Belgium (BE)","2154.50","2162.03","2162.03","2188.17"
"02/12/2025 03:00:00 - 02/12/2025 04:00:00","Belgium (BE)","2141.50","2153.50","2153.50","2186.61"
"02/12/2025 04:00:00 - 02/12/2025 05:00:00","Belgium (BE)","2129.18","2140.45","2140.45","2182.47"
"02/12/2025 05:00:00 - 02/12/2025 06:00:00","Belgium (BE)","2111.58","2115.40","2115.40","2185.37"
"02/12/2025 06:00:00 - 02/12/2025 07:00:00","Belgium (BE)","2072.25","2069.73","2069.73","2164.91"
"02/12/2025 07:00:00 - 02/12/2025 08:00:00","Belgium (BE)","1995.33","2007.00","2007.00","2079.20"
"02/12/2025 08:00:00 - 02/12/2025 09:00:00","Belgium (BE)","1880.55","1933.03","2017.35","1898.33"
"02/12/2025 09:00:00 - 02/12/2025 10:00:00","Belgium (BE)","1766.78","1847.05","1974.35","1827.53"
"02/12/2025 10:00:00 - 02/12/2025 11:00:00","Belgium (BE)","1683.45","1771.23","1889.80","1806.37"
"02/12/2025 11:00:00 - 02/12/2025 12:00:00","Belgium (BE)","1607.30","1716.30","1742.65","1682.32"
"02/12/2025 12:00:00 - 02/12/2025 13:00:00","Belgium (BE)","1497.85","1605.25","1524.40","1492.47"
"02/12/2025 13:00:00 - 02/12/2025 14:00:00","Belgium (BE)","1372.75","1437.98","1265.75","1230.29"
"02/12/2025 14:00:00 - 02/12/2025 15:00:00","Belgium (BE)","1272.18","1286.73","1105.03","851.37"
"02/12/2025 15:00:00 - 02/12/2025 16:00:00","Belgium (BE)","1224.40","1155.58","938.85","792.27"
"02/12/2025 16:00:00 - 02/12/2025 17:00:00","Belgium (BE)","1174.10","1026.38","896.15","794.96"
"02/12/2025 17:00:00 - 02/12/2025 18:00:00","Belgium (BE)","1117.80","994.38","876.75","891.28"
"02/12/2025 18:00:00 - 02/12/2025 19:00:00","Belgium (BE)","1153.68","1058.00","850.18","808.42"
"02/12/2025 19:00:00 - 02/12/2025 20:00:00","Belgium (BE)","1209.98","1110.85","841.60","769.99"
"02/12/2025 20:00:00 - 02/12/2025 21:00:00","Belgium (BE)","1214.98","1131.63","1143.18","798.91"
"02/12/2025 21:00:00 - 02/12/2025 22:00:00","Belgium (BE)","1138.50","1119.00","1122.53","736.19"
"02/12/2025 22:00:00 - 02/12/2025 23:00:00","Belgium (BE)","1045.83","1075.90","1122.75","712.69"
"02/12/2025 23:00:00 - 03/12/2025 00:00:00","Belgium (BE)","1045.08","1041.43","1100.23","616.38"
"03/12/2025 00:00:00 - 03/12/2025 01:00:00","Belgium (BE)","983.93","981.08","981.08","652.63"
"03/12/2025 01:00:00 - 03/12/2025 02:00:00","Belgium (BE)","901.03","900.70","900.70","647.04"
"03/12/2025 02:00:00 - 03/12/2025 03:00:00","Belgium (BE)","778.78","814.95","814.95","607.84"
"03/12/2025 03:00:00 - 03/12/2025 04:00:00","Belgium (BE)","652.35","724.30","724.30","585.66"
"03/12/2025 04:00:00 - 03/12/2025 05:00:00","Belgium (BE)","542.18","659.08","659.08","498.33"
"03/12/2025 05:00:00 - 03/12/2025 06:00:00","Belgium (BE)","491.65","566.80","566.80","417.82"
"03/12/2025 06:00:00 - 03/12/2025 07:00:00","Belgium (BE)","469.75","513.05","513.05","314.03"
"03/12/2025 07:00:00 - 03/12/2025 08:00:00","Belgium (BE)","442.05","545.13","545.13","390.95"
"03/12/2025 08:00:00 - 03/12/2025 09:00:00","Belgium (BE)","405.08","602.18","715.88","410.41"
"03/12/2025 09:00:00 - 03/12/2025 10:00:00","Belgium (BE)","391.65","608.48","701.98","559.24"
"03/12/2025 10:00:00 - 03/12/2025 11:00:00","Belgium (BE)","406.58","541.40","677.03","567.98"
"03/12/2025 11:00:00 - 03/12/2025 12:00:00","Belgium (BE)","404.73","465.08","646.63","492.91"
"03/12/2025 12:00:00 - 03/12/2025 13:00:00","Belgium (BE)","366.85","422.55","574.78","455.47"
"03/12/2025 13:00:00 - 03/12/2025 14:00:00","Belgium (BE)","320.48","367.95","486.88","321.47"
"03/12/2025 14:00:00 - 03/12/2025 15:00:00","Belgium (BE)","310.60","324.80","449.25","407.26"
"03/12/2025 15:00:00 - 03/12/2025 16:00:00","Belgium (BE)","335.85","300.65","410.98","514.09"
"03/12/2025 16:00:00 - 03/12/2025 17:00:00","Belgium (BE)","356.25","298.90","390.70","539.54"
"03/12/2025 17:00:00 - 03/12/2025 18:00:00","Belgium (BE)","395.50","341.40","402.23","472.68"
"03/12/2025 18:00:00 - 03/12/2025 19:00:00","Belgium (BE)","474.85","433.90","461.83","468.21"
"03/12/2025 19:00:00 - 03/12/2025 20:00:00","Belgium (BE)","579.78","537.58","542.60","539.91"
"03/12/2025 20:00:00 - 03/12/2025 21:00:00","Belgium (BE)","749.83","621.43","669.73","545.08"
"03/12/2025 21:00:00 - 03/12/2025 22:00:00","Belgium (BE)","954.18","713.85","868.60","489.36"
"03/12/2025 22:00:00 - 03/12/2025 23:00:00","Belgium (BE)","1073.73","830.55","953.85","660.36"
"03/12/2025 23:00:00 - 04/12/2025 00:00:00","Belgium (BE)","1098.58","948.15","953.63","1029.22"
"04/12/2025 00:00:00 - 04/12/2025 01:00:00","Belgium (BE)","1059.88","856.05","856.05","1040.69"
"04/12/2025 01:00:00 - 04/12/2025 02:00:00","Belgium (BE)","1067.15","859.78","859.78","993.70"
"04/12/2025 02:00:00 - 04/12/2025 03:00:00","Belgium (BE)","1116.48","1098.23","1098.23","977.01"
"04/12/2025 03:00:00 - 04/12/2025 04:00:00","Belgium (BE)","1236.35","1217.10","1217.10","1105.39"
"04/12/2025 04:00:00 - 04/12/2025 05:00:00","Belgium (BE)","1363.80","1365.98","1365.98","1241.35"
"04/12/2025 05:00:00 - 04/12/2025 06:00:00","Belgium (BE)","1465.43","1510.38","1510.38","1536.62"
"04/12/2025 06:00:00 - 04/12/2025 07:00:00","Belgium (BE)","1579.68","1651.10","1651.10","1665.78"
"04/12/2025 07:00:00 - 04/12/2025 08:00:00","Belgium (BE)","1731.20","1759.85","1759.85","1449.05"
"04/12/2025 08:00:00 - 04/12/2025 09:00:00","Belgium (BE)","1872.13","1862.10","1869.90","1594.43"
"04/12/2025 09:00:00 - 04/12/2025 10:00:00","Belgium (BE)","1962.83","1971.30","1949.93","1885.37"
"04/12/2025 10:00:00 - 04/12/2025 11:00:00","Belgium (BE)","2023.95","2034.80","1983.53","1853.43"
"04/12/2025 11:00:00 - 04/12/2025 12:00:00","Belgium (BE)","2041.10","2044.53","1974.90","1847.75"
"04/12/2025 12:00:00 - 04/12/2025 13:00:00","Belgium (BE)","2001.05","2036.00","1998.03","1815.61"
"04/12/2025 13:00:00 - 04/12/2025 14:00:00","Belgium (BE)","1936.98","2015.08","2042.28","1812.88"
"04/12/2025 14:00:00 - 04/12/2025 15:00:00","Belgium (BE)","1832.50","1929.40","2080.68","2106.33"
"04/12/2025 15:00:00 - 04/12/2025 16:00:00","Belgium (BE)","1629.83","1701.50","2078.73","2161.37"
"04/12/2025 16:00:00 - 04/12/2025 17:00:00","Belgium (BE)","1319.30","1375.60","2027.65","2176.76"
"04/12/2025 17:00:00 - 04/12/2025 18:00:00","Belgium (BE)","1012.43","1146.90","1876.13","2137.60"
"04/12/2025 18:00:00 - 04/12/2025 19:00:00","Belgium (BE)","890.13","1047.18","1628.80","1889.19"
"04/12/2025 19:00:00 - 04/12/2025 20:00:00","Belgium (BE)","800.18","921.03","1368.95","1581.09"
"04/12/2025 20:00:00 - 04/12/2025 21:00:00","Belgium (BE)","689.83","771.95","1351.03","1377.31"
"04/12/2025 21:00:00 - 04/12/2025 22:00:00","Belgium (BE)","596.60","643.25","986.05","935.21"
"04/12/2025 22:00:00 - 04/12/2025 23:00:00","Belgium (BE)","476.03","503.68","702.83","792.05"
"04/12/2025 23:00:00 - 05/12/2025 00:00:00","Belgium (BE)","404.25","396.55","460.30","604.40"
"05/12/2025 00:00:00 - 05/12/2025 01:00:00","Belgium (BE)","276.55","244.03","244.03","424.73"
"05/12/2025 01:00:00 - 05/12/2025 02:00:00","Belgium (BE)","191.90","193.33","193.33","185.54"
"05/12/2025 02:00:00 - 05/12/2025 03:00:00","Belgium (BE)","155.43","204.65","204.65","105.87"
"05/12/2025 03:00:00 - 05/12/2025 04:00:00","Belgium (BE)","137.90","191.10","191.10","180.86"
"05/12/2025 04:00:00 - 05/12/2025 05:00:00","Belgium (BE)","130.18","183.45","183.45","153.06"
"05/12/2025 05:00:00 - 05/12/2025 06:00:00","Belgium (BE)","121.03","167.13","167.13","219.24"
"05/12/2025 06:00:00 - 05/12/2025 07:00:00","Belgium (BE)","113.45","154.38","154.38","198.56"
"05/12/2025 07:00:00 - 05/12/2025 08:00:00","Belgium (BE)","132.85","165.08","165.08","150.92"
"05/12/2025 08:00:00 - 05/12/2025 09:00:00","Belgium (BE)","175.23","191.00","234.68","165.02"
"05/12/2025 09:00:00 - 05/12/2025 10:00:00","Belgium (BE)","225.60","229.78","290.38","171.81"
"05/12/2025 10:00:00 - 05/12/2025 11:00:00","Belgium (BE)","298.08","284.08","365.30","207.49"
"05/12/2025 11:00:00 - 05/12/2025 12:00:00","Belgium (BE)","363.40","344.85","417.18","315.23"
"05/12/2025 12:00:00 - 05/12/2025 13:00:00","Belgium (BE)","425.98","400.73","445.83","308.42"
"05/12/2025 13:00:00 - 05/12/2025 14:00:00","Belgium (BE)","531.25","490.33","498.33","355.17"
"05/12/2025 14:00:00 - 05/12/2025 15:00:00","Belgium (BE)","711.40","689.15","827.25","521.76"
"05/12/2025 15:00:00 - 05/12/2025 16:00:00","Belgium (BE)","1048.28","972.95","1146.20","843.15"
"05/12/2025 16:00:00 - 05/12/2025 17:00:00","Belgium (BE)","1480.33","1353.90","1534.45","1318.46"
"05/12/2025 17:00:00 - 05/12/2025 18:00:00","Belgium (BE)","1806.95","1720.15","1854.50","1672.86"
"05/12/2025 18:00:00 - 05/12/2025 19:00:00","Belgium (BE)","1996.15","1973.95","2031.03","1992.75"
"05/12/2025 19:00:00 - 05/12/2025 20:00:00","Belgium (BE)","2095.80","2098.68","2116.10","2144.04"
"05/12/2025 20:00:00 - 05/12/2025 21:00:00","Belgium (BE)","2142.25","2144.48","2159.93","2179.45"
"05/12/2025 21:00:00 - 05/12/2025 22:00:00","Belgium (BE)","2162.03","2160.28","2167.23","2183.44"
"05/12/2025 22:00:00 - 05/12/2025 23:00:00","Belgium (BE)","2167.33","2167.68","2170.50","2188.25"
"05/12/2025 23:00:00 - 06/12/2025 00:00:00","Belgium (BE)","2171.10","2173.30","2173.50","2190.20"
"06/12/2025 00:00:00 - 06/12/2025 01:00:00","Belgium (BE)","2171.85","2169.65","2169.65","2188.87"
"06/12/2025 01:00:00 - 06/12/2025 02:00:00","Belgium (BE)","2174.93","2170.18","2170.18","2190.24"
"06/12/2025 02:00:00 - 06/12/2025 03:00:00","Belgium (BE)","2173.60","2167.23","2167.23","2190.41"
"06/12/2025 03:00:00 - 06/12/2025 04:00:00","Belgium (BE)","2168.90","2161.33","2161.33","2188.23"
"06/12/2025 04:00:00 - 06/12/2025 05:00:00","Belgium (BE)","2164.43","2147.28","2147.28","2185.47"
"06/12/2025 05:00:00 - 06/12/2025 06:00:00","Belgium (BE)","2159.28","2132.58","2132.58","2185.38"
"06/12/2025 06:00:00 - 06/12/2025 07:00:00","Belgium (BE)","2147.78","2123.18","2123.18","2185.32"
"06/12/2025 07:00:00 - 06/12/2025 08:00:00","Belgium (BE)","2140.55","2123.43","2123.43","2186.95"
"06/12/2025 08:00:00 - 06/12/2025 09:00:00","Belgium (BE)","2140.55","2134.23","2126.38","2175.51"
"06/12/2025 09:00:00 - 06/12/2025 10:00:00","Belgium (BE)","2139.28","2137.78","2118.80","2155.62"
"06/12/2025 10:00:00 - 06/12/2025 11:00:00","Belgium (BE)","2136.65","2135.25","2111.03","2168.33"
"06/12/2025 11:00:00 - 06/12/2025 12:00:00","Belgium (BE)","2136.05","2131.55","2103.85","2177.28"
"06/12/2025 12:00:00 - 06/12/2025 13:00:00","Belgium (BE)","2134.25","2128.83","2106.68","2174.99"
"06/12/2025 13:00:00 - 06/12/2025 14:00:00","Belgium (BE)","2136.83","2134.80","2122.23","2178.73"
"06/12/2025 14:00:00 - 06/12/2025 15:00:00","Belgium (BE)","2141.65","2138.00","2123.73","2167.63"
"06/12/2025 15:00:00 - 06/12/2025 16:00:00","Belgium (BE)","2143.38","2139.95","2113.00","2156.81"
"06/12/2025 16:00:00 - 06/12/2025 17:00:00","Belgium (BE)","2144.35","2141.60","2113.00","2122.94"
"06/12/2025 17:00:00 - 06/12/2025 18:00:00","Belgium (BE)","2145.73","2141.68","2124.93","2163.74"
"06/12/2025 18:00:00 - 06/12/2025 19:00:00","Belgium (BE)","2145.90","2144.15","2136.55","2183.32"
"06/12/2025 19:00:00 - 06/12/2025 20:00:00","Belgium (BE)","2147.43","2147.80","2140.05","2182.95"
"06/12/2025 20:00:00 - 06/12/2025 21:00:00","Belgium (BE)","2151.93","2151.03","2118.23","2177.78"
"06/12/2025 21:00:00 - 06/12/2025 22:00:00","Belgium (BE)","2154.73","2153.58","2113.95","2140.03"
"06/12/2025 22:00:00 - 06/12/2025 23:00:00","Belgium (BE)","2157.38","2152.10","2091.88","2103.34"
"06/12/2025 23:00:00 - 07/12/2025 00:00:00","Belgium (BE)","2156.35","2141.30","2058.03","2123.01"
"07/12/2025 00:00:00 - 07/12/2025 01:00:00","Belgium (BE)","2069.45","1993.45","1993.45","2112.50"
"07/12/2025 01:00:00 - 07/12/2025 02:00:00","Belgium (BE)","1993.48","1939.95","1939.95","2127.79"
"07/12/2025 02:00:00 - 07/12/2025 03:00:00","Belgium (BE)","1880.65","1781.80","1781.80","1947.49"
"07/12/2025 03:00:00 - 07/12/2025 04:00:00","Belgium (BE)","1719.00","1524.60","1524.60","1601.77"
"07/12/2025 04:00:00 - 07/12/2025 05:00:00","Belgium (BE)","1459.08","1171.00","1171.00","1165.57"
"07/12/2025 05:00:00 - 07/12/2025 06:00:00","Belgium (BE)","1236.13","967.48","967.48","779.07"
"07/12/2025 06:00:00 - 07/12/2025 07:00:00","Belgium (BE)","1174.68","1061.73","1061.73","800.32"
"07/12/2025 07:00:00 - 07/12/2025 08:00:00","Belgium (BE)","1171.20","1223.98","1223.98","895.85"
"07/12/2025 08:00:00 - 07/12/2025 09:00:00","Belgium (BE)","1103.85","1198.83","1096.78","928.60"
"07/12/2025 09:00:00 - 07/12/2025 10:00:00","Belgium (BE)","986.88","1070.85","958.53","995.77"
"07/12/2025 10:00:00 - 07/12/2025 11:00:00","Belgium (BE)","961.25","1034.05","976.83","978.56"
"07/12/2025 11:00:00 - 07/12/2025 12:00:00","Belgium (BE)","990.30","1089.23","1166.25","1098.62"
"07/12/2025 12:00:00 - 07/12/2025 13:00:00","Belgium (BE)","1074.83","1164.00","1308.55","1328.40"
"07/12/2025 13:00:00 - 07/12/2025 14:00:00","Belgium (BE)","1295.33","1306.83","1462.25","1619.71"
"07/12/2025 14:00:00 - 07/12/2025 15:00:00","Belgium (BE)","1530.30","1532.25","1786.15","1851.71"
"07/12/2025 15:00:00 - 07/12/2025 16:00:00","Belgium (BE)","1727.03","1710.83","1909.98","2084.36"
"07/12/2025 16:00:00 - 07/12/2025 17:00:00","Belgium (BE)","1903.43","1861.40","2026.03","2174.93"
"07/12/2025 17:00:00 - 07/12/2025 18:00:00","Belgium (BE)","2020.98","2007.75","2095.85","2197.22"
"07/12/2025 18:00:00 - 07/12/2025 19:00:00","Belgium (BE)","2090.70","2089.80","2138.83","2197.40"
"07/12/2025 19:00:00 - 07/12/2025 20:00:00","Belgium (BE)","2136.08","2138.58","2162.03","2195.18"
"07/12/2025 20:00:00 - 07/12/2025 21:00:00","Belgium (BE)","2162.98","2165.58","2176.63","2196.63"
"07/12/2025 21:00:00 - 07/12/2025 22:00:00","Belgium (BE)","2178.85","2177.23","2176.13","2198.26"
"07/12/2025 22:00:00 - 07/12/2025 23:00:00","Belgium (BE)","2184.58","2177.73","2164.55","2196.05"
"07/12/2025 23:00:00 - 08/12/2025 00:00:00","Belgium (BE)","2184.20","2167.68","2143.78","2142.63"
"08/12/2025 00:00:00 - 08/12/2025 01:00:00","Belgium (BE)","2134.58","2112.28","2112.28","2016.63"
"08/12/2025 01:00:00 - 08/12/2025 02:00:00","Belgium (BE)","2089.93","2079.63","2079.63","2083.06"
"08/12/2025 02:00:00 - 08/12/2025 03:00:00","Belgium (BE)","2037.10","1933.10","1933.10","1876.80"
"08/12/2025 03:00:00 - 08/12/2025 04:00:00","Belgium (BE)","1997.05","1803.73","1803.73","1738.45"
"08/12/2025 04:00:00 - 08/12/2025 05:00:00","Belgium (BE)","1951.98","1683.40","1683.40","1673.34"
"08/12/2025 05:00:00 - 08/12/2025 06:00:00","Belgium (BE)","1923.58","1651.20","1651.20","1723.32"
"08/12/2025 06:00:00 - 08/12/2025 07:00:00","Belgium (BE)","1923.10","1718.25","1718.25","1611.53"
"08/12/2025 07:00:00 - 08/12/2025 08:00:00","Belgium (BE)","1933.70","1838.48","1838.48","1394.85"
"08/12/2025 08:00:00 - 08/12/2025 09:00:00","Belgium (BE)","1963.73","1964.83","1861.58","1830.07"
"08/12/2025 09:00:00 - 08/12/2025 10:00:00","Belgium (BE)","1991.30","2044.00","1841.75","1792.08"
"08/12/2025 10:00:00 - 08/12/2025 11:00:00","Belgium (BE)","2000.25","2065.28","1805.18","2056.70"
"08/12/2025 11:00:00 - 08/12/2025 12:00:00","Belgium (BE)","1978.83","2057.93","1853.90","2079.31"
"08/12/2025 12:00:00 - 08/12/2025 13:00:00","Belgium (BE)","1950.35","2053.45","1923.58","2116.14"
"08/12/2025 13:00:00 - 08/12/2025 14:00:00","Belgium (BE)","1906.85","2058.93","1973.28","2123.07"
"08/12/2025 14:00:00 - 08/12/2025 15:00:00","Belgium (BE)","1875.43","2056.63","1809.43","2078.02"
"08/12/2025 15:00:00 - 08/12/2025 16:00:00","Belgium (BE)","1881.05","2041.33","1843.30","2076.82"
"08/12/2025 16:00:00 - 08/12/2025 17:00:00","Belgium (BE)","1847.98","2016.53","1914.53","2090.47"
"08/12/2025 17:00:00 - 08/12/2025 18:00:00","Belgium (BE)","1825.60","1973.70","1963.95","2171.54"
"08/12/2025 18:00:00 - 08/12/2025 19:00:00","Belgium (BE)","1816.90","1905.30","1966.00","2153.24"
"08/12/2025 19:00:00 - 08/12/2025 20:00:00","Belgium (BE)","1812.78","1753.08","1983.08","2147.76"
"08/12/2025 20:00:00 - 08/12/2025 21:00:00","Belgium (BE)","1806.55","1676.28","1808.60","2021.24"
"08/12/2025 21:00:00 - 08/12/2025 22:00:00","Belgium (BE)","1803.30","1684.85","1690.18","1868.55"
"08/12/2025 22:00:00 - 08/12/2025 23:00:00","Belgium (BE)","1795.23","1705.03","1499.13","1120.30"
"08/12/2025 23:00:00 - 09/12/2025 00:00:00","Belgium (BE)","1773.30","1823.50","1316.35","798.21"
"09/12/2025 00:00:00 - 09/12/2025 01:00:00","Belgium (BE)","1564.85","1393.38","1393.38","925.64"
"09/12/2025 01:00:00 - 09/12/2025 02:00:00","Belgium (BE)","1652.08","1518.73","1518.73","1054.63"
"09/12/2025 02:00:00 - 09/12/2025 03:00:00","Belgium (BE)","1705.48","1455.15","1455.15","1211.22"
"09/12/2025 03:00:00 - 09/12/2025 04:00:00","Belgium (BE)","1777.68","1616.98","1616.98","1530.04"
"09/12/2025 04:00:00 - 09/12/2025 05:00:00","Belgium (BE)","1858.05","1724.55","1724.55","1922.78"
"09/12/2025 05:00:00 - 09/12/2025 06:00:00","Belgium (BE)","1910.53","1814.35","1814.35","1865.96"
"09/12/2025 06:00:00 - 09/12/2025 07:00:00","Belgium (BE)","1951.38","1886.68","1886.68","1880.75"
"09/12/2025 07:00:00 - 09/12/2025 08:00:00","Belgium (BE)","1966.25","1918.75","1918.75","1984.94"
"09/12/2025 08:00:00 - 09/12/2025 09:00:00","Belgium (BE)","1969.68","1917.33","1862.88","2060.24"
"09/12/2025 09:00:00 - 09/12/2025 10:00:00","Belgium (BE)","1997.85","1965.23","1860.90","1886.61"
"09/12/2025 10:00:00 - 09/12/2025 11:00:00","Belgium (BE)","2030.15","2022.95","1873.13","1659.17"
"09/12/2025 11:00:00 - 09/12/2025 12:00:00","Belgium (BE)","2050.18","2052.53","1931.63","1888.79"
"09/12/2025 12:00:00 - 09/12/2025 13:00:00","Belgium (BE)","2065.08","2068.18","1987.00","2062.69"
"09/12/2025 13:00:00 - 09/12/2025 14:00:00","Belgium (BE)","2074.75","2082.15","2032.68","2105.52"
"09/12/2025 14:00:00 - 09/12/2025 15:00:00","Belgium (BE)","2085.53","2088.48","2044.55","2116.96"
"09/12/2025 15:00:00 - 09/12/2025 16:00:00","Belgium (BE)","2091.00","2087.30","2047.38","2141.90"
"09/12/2025 16:00:00 - 09/12/2025 17:00:00","Belgium (BE)","2094.98","2090.30","2062.70","2166.74"
"09/12/2025 17:00:00 - 09/12/2025 18:00:00","Belgium (BE)","2099.10","2103.48","2109.13","2175.95"
"09/12/2025 18:00:00 - 09/12/2025 19:00:00","Belgium (BE)","2107.95","2128.05","2139.73","2175.77"
"09/12/2025 19:00:00 - 09/12/2025 20:00:00","Belgium (BE)","2130.53","2145.55","2147.43","2183.12"
"09/12/2025 20:00:00 - 09/12/2025 21:00:00","Belgium (BE)","2146.88","2149.83","2133.03","2184.40"
"09/12/2025 21:00:00 - 09/12/2025 22:00:00","Belgium (BE)","2147.68","2144.08","2122.98","2181.62"
"09/12/2025 22:00:00 - 09/12/2025 23:00:00","Belgium (BE)","2139.80","2129.45","2101.25","2173.42"
"09/12/2025 23:00:00 - 10/12/2025 00:00:00","Belgium (BE)","2129.75","2104.95","2073.50","2141.37"
"10/12/2025 00:00:00 - 10/12/2025 01:00:00","Belgium (BE)","2092.78","2020.55","2020.55","2081.48"
"10/12/2025 01:00:00 - 10/12/2025 02:00:00","Belgium (BE)","2045.25","2001.63","2001.63","2027.30"
"10/12/2025 02:00:00 - 10/12/2025 03:00:00","Belgium (BE)","1976.48","1826.05","1826.05","1937.04"
"10/12/2025 03:00:00 - 10/12/2025 04:00:00","Belgium (BE)","1903.03","1737.45","1737.45","1838.90"
"10/12/2025 04:00:00 - 10/12/2025 05:00:00","Belgium (BE)","1848.33","1685.65","1685.65","1572.02"
"10/12/2025 05:00:00 - 10/12/2025 06:00:00","Belgium (BE)","1846.50","1719.60","1719.60","1782.02"
"10/12/2025 06:00:00 - 10/12/2025 07:00:00","Belgium (BE)","1876.10","1810.98","1810.98","1920.79"
"10/12/2025 07:00:00 - 10/12/2025 08:00:00","Belgium (BE)","1903.55","1905.00","1905.00","1772.17"
"10/12/2025 08:00:00 - 10/12/2025 09:00:00","Belgium (BE)","1921.50","1948.98","1819.85","1546.77"
"10/12/2025 09:00:00 - 10/12/2025 10:00:00","Belgium (BE)","1924.05","1953.00","1808.03","1549.69"
"10/12/2025 10:00:00 - 10/12/2025 11:00:00","Belgium (BE)","1937.98","1941.03","1800.33","1586.36"
"10/12/2025 11:00:00 - 10/12/2025 12:00:00","Belgium (BE)","1952.48","1940.50","1844.35","1581.47"
"10/12/2025 12:00:00 - 10/12/2025 13:00:00","Belgium (BE)","1969.08","1948.65","1895.73","1873.64"
"10/12/2025 13:00:00 - 10/12/2025 14:00:00","Belgium (BE)","1977.35","1960.38","1956.48","1987.64"
"10/12/2025 14:00:00 - 10/12/2025 15:00:00","Belgium (BE)","1961.48","1976.60","1961.83","1957.12"
"10/12/2025 15:00:00 - 10/12/2025 16:00:00","Belgium (BE)","1931.60","1982.95","1966.55","2068.01"
"10/12/2025 16:00:00 - 10/12/2025 17:00:00","Belgium (BE)","1908.40","1979.18","1911.28","2086.16"
"10/12/2025 17:00:00 - 10/12/2025 18:00:00","Belgium (BE)","1856.40","1922.23","1819.33","2132.29"
"10/12/2025 18:00:00 - 10/12/2025 19:00:00","Belgium (BE)","1746.60","1777.78","1692.68","2047.62"
"10/12/2025 19:00:00 - 10/12/2025 20:00:00","Belgium (BE)","1566.75","1537.78","1536.38","1667.77"
"10/12/2025 20:00:00 - 10/12/2025 21:00:00","Belgium (BE)","1336.45","1296.70","1335.70","1526.31"
"10/12/2025 21:00:00 - 10/12/2025 22:00:00","Belgium (BE)","1175.35","1155.10","1325.73","1523.25"
"10/12/2025 22:00:00 - 10/12/2025 23:00:00","Belgium (BE)","1074.78","1089.83","1310.40","1360.19"
"10/12/2025 23:00:00 - 11/12/2025 00:00:00","Belgium (BE)","941.03","1056.08","1321.40","1227.43"
"11/12/2025 00:00:00 - 11/12/2025 01:00:00","Belgium (BE)","1395.45","1323.35","1323.35","1042.25"
"11/12/2025 01:00:00 - 11/12/2025 02:00:00","Belgium (BE)","1273.08","1257.10","1257.10","973.07"
"11/12/2025 02:00:00 - 11/12/2025 03:00:00","Belgium (BE)","1115.20","1009.65","1009.65","946.30"
"11/12/2025 03:00:00 - 11/12/2025 04:00:00","Belgium (BE)","1067.43","928.38","928.38","890.87"
"11/12/2025 04:00:00 - 11/12/2025 05:00:00","Belgium (BE)","1101.93","886.13","886.13","890.93"
"11/12/2025 05:00:00 - 11/12/2025 06:00:00","Belgium (BE)","1088.93","850.70","850.70","899.95"
"11/12/2025 06:00:00 - 11/12/2025 07:00:00","Belgium (BE)","1056.05","837.50","837.50","1026.16"
"11/12/2025 07:00:00 - 11/12/2025 08:00:00","Belgium (BE)","1060.60","946.60","946.60","1208.40"
"11/12/2025 08:00:00 - 11/12/2025 09:00:00","Belgium (BE)","1010.13","1061.20","1208.13","1373.12"
"11/12/2025 09:00:00 - 11/12/2025 10:00:00","Belgium (BE)","820.73","961.65","1117.05","1227.45"
"11/12/2025 10:00:00 - 11/12/2025 11:00:00","Belgium (BE)","680.43","866.60","989.20","750.96"
"11/12/2025 11:00:00 - 11/12/2025 12:00:00","Belgium (BE)","694.20","904.43","963.43","588.24"
"11/12/2025 12:00:00 - 11/12/2025 13:00:00","Belgium (BE)","747.05","1040.60","1021.03","753.40"
"11/12/2025 13:00:00 - 11/12/2025 14:00:00","Belgium (BE)","837.20","1139.68","1005.55","1041.28"
"11/12/2025 14:00:00 - 11/12/2025 15:00:00","Belgium (BE)","924.78","1096.18","1113.98","1088.31"
"11/12/2025 15:00:00 - 11/12/2025 16:00:00","Belgium (BE)","941.78","1012.73","1074.65","1012.17"
"11/12/2025 16:00:00 - 11/12/2025 17:00:00","Belgium (BE)","910.10","1038.88","1098.40","1164.11"
"11/12/2025 17:00:00 - 11/12/2025 18:00:00","Belgium (BE)","869.23","1120.03","1156.85","1231.97"
"11/12/2025 18:00:00 - 11/12/2025 19:00:00","Belgium (BE)","855.95","1132.20","1148.40","1383.98"
"11/12/2025 19:00:00 - 11/12/2025 20:00:00","Belgium (BE)","849.65","1097.65","1094.83","1416.34"
"11/12/2025 20:00:00 - 11/12/2025 21:00:00","Belgium (BE)","811.28","1042.53","1108.65","1276.71"
"11/12/2025 21:00:00 - 11/12/2025 22:00:00","Belgium (BE)","729.65","978.08","949.98","1011.37"
"11/12/2025 22:00:00 - 11/12/2025 23:00:00","Belgium (BE)","664.58","881.05","729.75","768.62"
"11/12/2025 23:00:00 - 12/12/2025 00:00:00","Belgium (BE)","634.38","677.08","533.05","485.62"
"12/12/2025 00:00:00 - 12/12/2025 01:00:00","Belgium (BE)","494.10","343.18","343.18","523.25"
"12/12/2025 01:00:00 - 12/12/2025 02:00:00","Belgium (BE)","390.58","296.23","296.23","547.87"
"12/12/2025 02:00:00 - 12/12/2025 03:00:00","Belgium (BE)","346.25","430.43","430.43","448.84"
"12/12/2025 03:00:00 - 12/12/2025 04:00:00","Belgium (BE)","376.10","435.38","435.38","542.20"
"12/12/2025 04:00:00 - 12/12/2025 05:00:00","Belgium (BE)","442.93","438.85","438.85","703.30"
"12/12/2025 05:00:00 - 12/12/2025 06:00:00","Belgium (BE)","448.15","395.60","395.60","525.55"
"12/12/2025 06:00:00 - 12/12/2025 07:00:00","Belgium (BE)","421.10","351.30","351.30","367.81"
"12/12/2025 07:00:00 - 12/12/2025 08:00:00","Belgium (BE)","450.03","335.33","335.33","424.09"
"12/12/2025 08:00:00 - 12/12/2025 09:00:00","Belgium (BE)","439.93","340.75","409.33","419.53"
"12/12/2025 09:00:00 - 12/12/2025 10:00:00","Belgium (BE)","464.05","397.63","467.48","433.14"
"12/12/2025 10:00:00 - 12/12/2025 11:00:00","Belgium (BE)","526.68","554.73","648.33","572.23"
"12/12/2025 11:00:00 - 12/12/2025 12:00:00","Belgium (BE)","512.68","573.28","720.23","517.88"
"12/12/2025 12:00:00 - 12/12/2025 13:00:00","Belgium (BE)","416.15","442.90","587.03","626.89"
"12/12/2025 13:00:00 - 12/12/2025 14:00:00","Belgium (BE)","397.08","381.28","546.30","515.27"
"12/12/2025 14:00:00 - 12/12/2025 15:00:00","Belgium (BE)","461.68","397.50","623.15","586.67"
"12/12/2025 15:00:00 - 12/12/2025 16:00:00","Belgium (BE)","446.03","456.95","675.70","608.52"
"12/12/2025 16:00:00 - 12/12/2025 17:00:00","Belgium (BE)","453.43","480.45","726.10","771.88"
"12/12/2025 17:00:00 - 12/12/2025 18:00:00","Belgium (BE)","508.05","509.83","939.60","1135.30"
"12/12/2025 18:00:00 - 12/12/2025 19:00:00","Belgium (BE)","591.90","687.65","1204.45","1505.66"
"12/12/2025 19:00:00 - 12/12/2025 20:00:00","Belgium (BE)","707.50","906.35","1389.80","1694.76"
"12/12/2025 20:00:00 - 12/12/2025 21:00:00","Belgium (BE)","865.73","1058.88","1615.30","1767.51"
"12/12/2025 21:00:00 - 12/12/2025 22:00:00","Belgium (BE)","866.90","1130.70","1511.40","1738.12"
"12/12/2025 22:00:00 - 12/12/2025 23:00:00","Belgium (BE)","838.05","1113.15","1287.28","1447.26"
"12/12/2025 23:00:00 - 13/12/2025 00:00:00","Belgium (BE)","845.03","911.78","904.00","1010.84"
"13/12/2025 00:00:00 - 13/12/2025 01:00:00","Belgium (BE)","478.00","472.60","472.60","892.26"
"13/12/2025 01:00:00 - 13/12/2025 02:00:00","Belgium (BE)","305.70","320.68","320.68","529.97"
"13/12/2025 02:00:00 - 13/12/2025 03:00:00","Belgium (BE)","219.65","253.68","253.68","265.85"
"13/12/2025 03:00:00 - 13/12/2025 04:00:00","Belgium (BE)","168.45","184.90","184.90","171.30"
"13/12/2025 04:00:00 - 13/12/2025 05:00:00","Belgium (BE)","109.10","140.70","140.70","42.27"
"13/12/2025 05:00:00 - 13/12/2025 06:00:00","Belgium (BE)","65.88","94.33","94.33","4.44"
"13/12/2025 06:00:00 - 13/12/2025 07:00:00","Belgium (BE)","44.73","60.38","60.38","3.12"
"13/12/2025 07:00:00 - 13/12/2025 08:00:00","Belgium (BE)","38.48","47.05","47.05","1.13"
"13/12/2025 08:00:00 - 13/12/2025 09:00:00","Belgium (BE)","29.53","30.08","32.53"," "
"13/12/2025 09:00:00 - 13/12/2025 10:00:00","Belgium (BE)","30.05","21.58","23.50"," "
"13/12/2025 10:00:00 - 13/12/2025 11:00:00","Belgium (BE)","46.53","32.15","28.18"," "
"13/12/2025 11:00:00 - 13/12/2025 12:00:00","Belgium (BE)","54.75","44.63","34.98","10.89"
"13/12/2025 12:00:00 - 13/12/2025 13:00:00","Belgium (BE)","50.25","42.93","37.28","3.48"
"13/12/2025 13:00:00 - 13/12/2025 14:00:00","Belgium (BE)","64.50","50.35","54.88","3.23"
"13/12/2025 14:00:00 - 13/12/2025 15:00:00","Belgium (BE)","89.93","64.73","102.40","23.24"
"13/12/2025 15:00:00 - 13/12/2025 16:00:00","Belgium (BE)","111.40","80.08","114.53","34.10"
"13/12/2025 16:00:00 - 13/12/2025 17:00:00","Belgium (BE)","136.13","96.23","127.33","74.09"
"13/12/2025 17:00:00 - 13/12/2025 18:00:00","Belgium (BE)","174.08","119.28","151.03","145.80"
"13/12/2025 18:00:00 - 13/12/2025 19:00:00","Belgium (BE)","226.68","154.13","192.68","177.98"
"13/12/2025 19:00:00 - 13/12/2025 20:00:00","Belgium (BE)","282.68","200.10","241.30","215.47"
"13/12/2025 20:00:00 - 13/12/2025 21:00:00","Belgium (BE)","332.90","249.75","307.63","303.10"
"13/12/2025 21:00:00 - 13/12/2025 22:00:00","Belgium (BE)","377.98","297.40","377.33","430.66"
"13/12/2025 22:00:00 - 13/12/2025 23:00:00","Belgium (BE)","417.05","340.00","440.95","497.09"
"13/12/2025 23:00:00 - 14/12/2025 00:00:00","Belgium (BE)","481.03","378.93","475.08","443.12"
"14/12/2025 00:00:00 - 14/12/2025 01:00:00","Belgium (BE)","523.55","487.33","487.33","438.49"
"14/12/2025 01:00:00 - 14/12/2025 02:00:00","Belgium (BE)","594.53","527.18","527.18","521.87"
"14/12/2025 02:00:00 - 14/12/2025 03:00:00","Belgium (BE)","660.93","612.38","612.38","559.62"
"14/12/2025 03:00:00 - 14/12/2025 04:00:00","Belgium (BE)","722.33","725.33","725.33","608.77"
"14/12/2025 04:00:00 - 14/12/2025 05:00:00","Belgium (BE)","817.70","867.33","867.33","563.78"
"14/12/2025 05:00:00 - 14/12/2025 06:00:00","Belgium (BE)","906.90","982.18","982.18","764.59"
"14/12/2025 06:00:00 - 14/12/2025 07:00:00","Belgium (BE)","964.58","1092.20","1092.20","938.51"
"14/12/2025 07:00:00 - 14/12/2025 08:00:00","Belgium (BE)","1038.53","1197.43","1197.43","1049.61"
"14/12/2025 08:00:00 - 14/12/2025 09:00:00","Belgium (BE)","1176.23","1281.83","1448.55","1200.10"
"14/12/2025 09:00:00 - 14/12/2025 10:00:00","Belgium (BE)","1339.93","1422.40","1550.90","1317.41"
"14/12/2025 10:00:00 - 14/12/2025 11:00:00","Belgium (BE)","1489.73","1540.60","1618.00","1402.10"
"14/12/2025 11:00:00 - 14/12/2025 12:00:00","Belgium (BE)","1625.20","1624.63","1657.88","1647.26"
"14/12/2025 12:00:00 - 14/12/2025 13:00:00","Belgium (BE)","1702.48","1678.48","1677.73","1555.69"
"14/12/2025 13:00:00 - 14/12/2025 14:00:00","Belgium (BE)","1672.40","1668.30","1703.00","1580.97"
"14/12/2025 14:00:00 - 14/12/2025 15:00:00","Belgium (BE)","1630.53","1661.08","1753.70","1757.61"
"14/12/2025 15:00:00 - 14/12/2025 16:00:00","Belgium (BE)","1634.23","1669.63","1773.45","1479.69"
"14/12/2025 16:00:00 - 14/12/2025 17:00:00","Belgium (BE)","1600.80","1678.73","1766.70","1466.59"
"14/12/2025 17:00:00 - 14/12/2025 18:00:00","Belgium (BE)","1588.68","1709.00","1771.85","1746.09"
"14/12/2025 18:00:00 - 14/12/2025 19:00:00","Belgium (BE)","1670.18","1779.45","1804.35","1808.23"
"14/12/2025 19:00:00 - 14/12/2025 20:00:00","Belgium (BE)","1793.10","1845.95","1874.40","1814.19"
"14/12/2025 20:00:00 - 14/12/2025 21:00:00","Belgium (BE)","1898.23","1892.53","2020.60","1868.24"
"14/12/2025 21:00:00 - 14/12/2025 22:00:00","Belgium (BE)","1967.55","1943.95","2043.18","1925.23"
"14/12/2025 22:00:00 - 14/12/2025 23:00:00","Belgium (BE)","2007.95","1962.88","2024.40","2017.48"
"14/12/2025 23:00:00 - 15/12/2025 00:00:00","Belgium (BE)","2014.03","1952.60","1982.40","2036.67"
"15/12/2025 00:00:00 - 15/12/2025 01:00:00","Belgium (BE)","1962.75","1971.88","1971.88","2055.22"
"15/12/2025 01:00:00 - 15/12/2025 02:00:00","Belgium (BE)","1937.38","1968.35","1968.35","2078.65"
"15/12/2025 02:00:00 - 15/12/2025 03:00:00","Belgium (BE)","1876.93","1950.53","1950.53","1968.11"
"15/12/2025 03:00:00 - 15/12/2025 04:00:00","Belgium (BE)","1812.03","2013.05","2013.05","1981.85"
"15/12/2025 04:00:00 - 15/12/2025 05:00:00","Belgium (BE)","1787.90","2002.88","2002.88","2055.78"
"15/12/2025 05:00:00 - 15/12/2025 06:00:00","Belgium (BE)","1844.55","2009.33","2009.33","2147.61"
"15/12/2025 06:00:00 - 15/12/2025 07:00:00","Belgium (BE)","1902.20","2006.30","2006.30","2100.35"
"15/12/2025 07:00:00 - 15/12/2025 08:00:00","Belgium (BE)","1908.45","1981.63","1981.63","2025.27"
"15/12/2025 08:00:00 - 15/12/2025 09:00:00","Belgium (BE)","1901.50","1939.53","1985.70","2074.44"
"15/12/2025 09:00:00 - 15/12/2025 10:00:00","Belgium (BE)","1883.45","1893.00","1958.15","2109.23"
"15/12/2025 10:00:00 - 15/12/2025 11:00:00","Belgium (BE)","1824.25","1806.83","1888.68","2074.59"
"15/12/2025 11:00:00 - 15/12/2025 12:00:00","Belgium (BE)","1723.10","1709.08","1764.08","2027.47"
"15/12/2025 12:00:00 - 15/12/2025 13:00:00","Belgium (BE)","1613.68","1639.38","1651.30","2077.69"
"15/12/2025 13:00:00 - 15/12/2025 14:00:00","Belgium (BE)","1516.38","1555.30","1548.70","2053.72"
"15/12/2025 14:00:00 - 15/12/2025 15:00:00","Belgium (BE)","1457.63","1451.18","1546.35","1972.96"
"15/12/2025 15:00:00 - 15/12/2025 16:00:00","Belgium (BE)","1471.33","1404.95","1476.85","2037.21"
"15/12/2025 16:00:00 - 15/12/2025 17:00:00","Belgium (BE)","1492.75","1404.15","1499.43","1945.53"
"15/12/2025 17:00:00 - 15/12/2025 18:00:00","Belgium (BE)","1473.70","1366.63","1477.60","1523.48"
"15/12/2025 18:00:00 - 15/12/2025 19:00:00","Belgium (BE)","1477.23","1335.68","1408.35","1598.99"
"15/12/2025 19:00:00 - 15/12/2025 20:00:00","Belgium (BE)","1502.38","1317.55","1335.18","1721.63"
"15/12/2025 20:00:00 - 15/12/2025 21:00:00","Belgium (BE)","1457.50","1260.00","1149.53","1475.05"
"15/12/2025 21:00:00 - 15/12/2025 22:00:00","Belgium (BE)","1434.53","1269.85","1260.85","1440.03"
"15/12/2025 22:00:00 - 15/12/2025 23:00:00","Belgium (BE)","1485.10","1381.55","1396.18","1585.41"
"15/12/2025 23:00:00 - 16/12/2025 00:00:00","Belgium (BE)","1527.13","1518.10","1510.70","1340.61"
"16/12/2025 00:00:00 - 16/12/2025 01:00:00","Belgium (BE)","1649.73","1523.85","1523.85","1277.86"
"16/12/2025 01:00:00 - 16/12/2025 02:00:00","Belgium (BE)","1599.73","1447.68","1447.68","1266.50"
"16/12/2025 02:00:00 - 16/12/2025 03:00:00","Belgium (BE)","1499.35","1394.53","1394.53","982.38"
"16/12/2025 03:00:00 - 16/12/2025 04:00:00","Belgium (BE)","1372.13","1315.10","1315.10","1018.24"
"16/12/2025 04:00:00 - 16/12/2025 05:00:00","Belgium (BE)","1230.20","1274.25","1274.25","1069.01"
"16/12/2025 05:00:00 - 16/12/2025 06:00:00","Belgium (BE)","1109.53","1162.85","1162.85","956.35"
"16/12/2025 06:00:00 - 16/12/2025 07:00:00","Belgium (BE)","1003.80","1008.75","1008.75","927.06"
"16/12/2025 07:00:00 - 16/12/2025 08:00:00","Belgium (BE)","866.40","856.00","856.00","677.90"
"16/12/2025 08:00:00 - 16/12/2025 09:00:00","Belgium (BE)","728.65","778.90","803.98","647.64"
"16/12/2025 09:00:00 - 16/12/2025 10:00:00","Belgium (BE)","619.13","785.53","799.70","801.50"
"16/12/2025 10:00:00 - 16/12/2025 11:00:00","Belgium (BE)","534.18","828.90","838.88","712.06"
"16/12/2025 11:00:00 - 16/12/2025 12:00:00","Belgium (BE)","470.90","801.85","876.38","617.58"
"16/12/2025 12:00:00 - 16/12/2025 13:00:00","Belgium (BE)","423.98","727.28","854.38","621.67"
"16/12/2025 13:00:00 - 16/12/2025 14:00:00","Belgium (BE)","353.78","670.93","779.05","628.59"
"16/12/2025 14:00:00 - 16/12/2025 15:00:00","Belgium (BE)","290.55","563.93","582.78","493.37"
"16/12/2025 15:00:00 - 16/12/2025 16:00:00","Belgium (BE)","230.63","403.65","469.65","324.37"
"16/12/2025 16:00:00 - 16/12/2025 17:00:00","Belgium (BE)","157.13","284.20","380.78","238.22"
"16/12/2025 17:00:00 - 16/12/2025 18:00:00","Belgium (BE)","101.70","236.30","348.80","226.52"
"16/12/2025 18:00:00 - 16/12/2025 19:00:00","Belgium (BE)","90.23","233.10","318.85","314.55"
"16/12/2025 19:00:00 - 16/12/2025 20:00:00","Belgium (BE)","105.45","258.95","278.13","172.91"
"16/12/2025 20:00:00 - 16/12/2025 21:00:00","Belgium (BE)","131.55","252.80","199.20","115.40"
"16/12/2025 21:00:00 - 16/12/2025 22:00:00","Belgium (BE)","158.63","223.68","199.93","96.74"
"16/12/2025 22:00:00 - 16/12/2025 23:00:00","Belgium (BE)","182.48","173.43","230.48","76.58"
"16/12/2025 23:00:00 - 17/12/2025 00:00:00","Belgium (BE)","214.05","162.85","269.40","88.07"
"17/12/2025 00:00:00 - 17/12/2025 01:00:00","Belgium (BE)","228.55","231.43","231.43","235.38"
"17/12/2025 01:00:00 - 17/12/2025 02:00:00","Belgium (BE)","186.63","186.55","186.55","187.60"
"17/12/2025 02:00:00 - 17/12/2025 03:00:00","Belgium (BE)","157.30","154.00","154.00","82.89"
"17/12/2025 03:00:00 - 17/12/2025 04:00:00","Belgium (BE)","93.83","127.33","127.33","60.59"
"17/12/2025 04:00:00 - 17/12/2025 05:00:00","Belgium (BE)","73.45","116.70","116.70","108.76"
"17/12/2025 05:00:00 - 17/12/2025 06:00:00","Belgium (BE)","90.80","95.78","95.78","76.68"
"17/12/2025 06:00:00 - 17/12/2025 07:00:00","Belgium (BE)","92.65","73.43","73.43","43.22"
"17/12/2025 07:00:00 - 17/12/2025 08:00:00","Belgium (BE)","80.73","81.60","81.60","1.24"
"17/12/2025 08:00:00 - 17/12/2025 09:00:00","Belgium (BE)","68.15","92.60","92.75","8.04"
"17/12/2025 09:00:00 - 17/12/2025 10:00:00","Belgium (BE)","77.33","119.95","149.63","40.78"
"17/12/2025 10:00:00 - 17/12/2025 11:00:00","Belgium (BE)","131.43","182.23","230.53","67.98"
"17/12/2025 11:00:00 - 17/12/2025 12:00:00","Belgium (BE)","225.98","288.53","333.08","208.47"
"17/12/2025 12:00:00 - 17/12/2025 13:00:00","Belgium (BE)","373.65","455.00","444.30","281.97"
"17/12/2025 13:00:00 - 17/12/2025 14:00:00","Belgium (BE)","555.45","676.55","548.65","634.08"
"17/12/2025 14:00:00 - 17/12/2025 15:00:00","Belgium (BE)","787.15","858.80","791.45","975.45"
"17/12/2025 15:00:00 - 17/12/2025 16:00:00","Belgium (BE)","1125.13","1129.18","970.60","1089.10"
"17/12/2025 16:00:00 - 17/12/2025 17:00:00","Belgium (BE)","1437.68","1472.25","1211.05","1162.32"
"17/12/2025 17:00:00 - 17/12/2025 18:00:00","Belgium (BE)","1699.18","1719.95","1500.80","1446.40"
"17/12/2025 18:00:00 - 17/12/2025 19:00:00","Belgium (BE)","1910.93","1879.95","1747.93","1755.87"
"17/12/2025 19:00:00 - 17/12/2025 20:00:00","Belgium (BE)","2007.53","1973.98","1886.40","1978.72"
"17/12/2025 20:00:00 - 17/12/2025 21:00:00","Belgium (BE)","2040.63","2029.48","1981.58","2060.94"
"17/12/2025 21:00:00 - 17/12/2025 22:00:00","Belgium (BE)","2062.10","2067.58","2018.93","2005.83"
"17/12/2025 22:00:00 - 17/12/2025 23:00:00","Belgium (BE)","2086.33","2096.75","2068.75","2113.80"
"17/12/2025 23:00:00 - 18/12/2025 00:00:00","Belgium (BE)","2110.28","2120.55","2113.78","2161.34"
"18/12/2025 00:00:00 - 18/12/2025 01:00:00","Belgium (BE)","2156.83","2158.03","2158.03","2171.94"
"18/12/2025 01:00:00 - 18/12/2025 02:00:00","Belgium (BE)","2171.50","2170.25","2170.25","2177.37"
"18/12/2025 02:00:00 - 18/12/2025 03:00:00","Belgium (BE)","2175.50","2179.55","2179.55","2173.81"
"18/12/2025 03:00:00 - 18/12/2025 04:00:00","Belgium (BE)","2174.70","2179.48","2179.48","2168.96"
"18/12/2025 04:00:00 - 18/12/2025 05:00:00","Belgium (BE)","2172.93","2174.88","2174.88","2178.81"
"18/12/2025 05:00:00 - 18/12/2025 06:00:00","Belgium (BE)","2171.60","2162.38","2162.38","2178.91"
"18/12/2025 06:00:00 - 18/12/2025 07:00:00","Belgium (BE)","2167.95","2148.68","2148.68","2170.21"
"18/12/2025 07:00:00 - 18/12/2025 08:00:00","Belgium (BE)","2158.48","2140.03","2140.03","2157.11"
"18/12/2025 08:00:00 - 18/12/2025 09:00:00","Belgium (BE)","2137.45","2124.00","2121.33","2149.88"
"18/12/2025 09:00:00 - 18/12/2025 10:00:00","Belgium (BE)","2096.50","2098.00","2094.28","2143.86"
"18/12/2025 10:00:00 - 18/12/2025 11:00:00","Belgium (BE)","2041.65","2071.63","2069.85","2131.24"
"18/12/2025 11:00:00 - 18/12/2025 12:00:00","Belgium (BE)","2021.05","2052.55","2054.68","2129.45"
"18/12/2025 12:00:00 - 18/12/2025 13:00:00","Belgium (BE)","2015.15","2049.05","2062.88","2103.78"
"18/12/2025 13:00:00 - 18/12/2025 14:00:00","Belgium (BE)","2056.65","2090.85","2104.60","2104.56"
"18/12/2025 14:00:00 - 18/12/2025 15:00:00","Belgium (BE)","2137.13","2144.08","2141.88","2150.82"
"18/12/2025 15:00:00 - 18/12/2025 16:00:00","Belgium (BE)","2169.85","2169.10","2166.33","2164.33"
"18/12/2025 16:00:00 - 18/12/2025 17:00:00","Belgium (BE)","2185.05","2180.38","2177.00","2172.59"
"18/12/2025 17:00:00 - 18/12/2025 18:00:00","Belgium (BE)","2191.15","2182.70","2181.25","2166.79"
"18/12/2025 18:00:00 - 18/12/2025 19:00:00","Belgium (BE)","2191.03","2181.73","2185.05","2163.88"
"18/12/2025 19:00:00 - 18/12/2025 20:00:00","Belgium (BE)","2187.93","2179.00","2188.45","2169.56"
"18/12/2025 20:00:00 - 18/12/2025 21:00:00","Belgium (BE)","2182.75","2175.80","2188.58","2173.98"
"18/12/2025 21:00:00 - 18/12/2025 22:00:00","Belgium (BE)","2177.05","2173.23","2185.95","2156.32"
"18/12/2025 22:00:00 - 18/12/2025 23:00:00","Belgium (BE)","2172.20","2170.68","2179.43","2150.77"
"18/12/2025 23:00:00 - 19/12/2025 00:00:00","Belgium (BE)","2166.35","2166.75","2163.55","2143.19"
"19/12/2025 00:00:00 - 19/12/2025 01:00:00","Belgium (BE)","2136.40","2114.78","2114.78","2086.44"
"19/12/2025 01:00:00 - 19/12/2025 02:00:00","Belgium (BE)","2091.08","2075.23","2075.23","1976.12"
"19/12/2025 02:00:00 - 19/12/2025 03:00:00","Belgium (BE)","2045.30","1887.98","1887.98","1772.23"
"19/12/2025 03:00:00 - 19/12/2025 04:00:00","Belgium (BE)","1986.40","1786.58","1786.58","1629.66"
"19/12/2025 04:00:00 - 19/12/2025 05:00:00","Belgium (BE)","1752.28","1603.83","1603.83","1281.24"
"19/12/2025 05:00:00 - 19/12/2025 06:00:00","Belgium (BE)","1320.48","1387.88","1387.88","855.79"
"19/12/2025 06:00:00 - 19/12/2025 07:00:00","Belgium (BE)","1019.53","1051.30","1051.30","971.76"
"19/12/2025 07:00:00 - 19/12/2025 08:00:00","Belgium (BE)","797.78","752.65","752.65","703.45"
"19/12/2025 08:00:00 - 19/12/2025 09:00:00","Belgium (BE)","661.55","609.05","738.88","706.49"
"19/12/2025 09:00:00 - 19/12/2025 10:00:00","Belgium (BE)","632.75","590.38","710.40","605.70"
"19/12/2025 10:00:00 - 19/12/2025 11:00:00","Belgium (BE)","694.10","743.20","813.18","812.41"
"19/12/2025 11:00:00 - 19/12/2025 12:00:00","Belgium (BE)","820.78","929.43","1016.53","1072.19"
"19/12/2025 12:00:00 - 19/12/2025 13:00:00","Belgium (BE)","992.15","1062.35","1223.10","1179.42"
"19/12/2025 13:00:00 - 19/12/2025 14:00:00","Belgium (BE)","1127.65","1184.95","1375.20","1369.70"
"19/12/2025 14:00:00 - 19/12/2025 15:00:00","Belgium (BE)","1258.38","1309.15","1325.30","1263.08"
"19/12/2025 15:00:00 - 19/12/2025 16:00:00","Belgium (BE)","1324.95","1403.70","1303.93","1233.02"
"19/12/2025 16:00:00 - 19/12/2025 17:00:00","Belgium (BE)","1237.38","1395.13","1174.85","1086.02"
"19/12/2025 17:00:00 - 19/12/2025 18:00:00","Belgium (BE)","1070.00","1328.70","1061.25","833.79"
"19/12/2025 18:00:00 - 19/12/2025 19:00:00","Belgium (BE)","927.38","1227.95","1017.88","870.19"
"19/12/2025 19:00:00 - 19/12/2025 20:00:00","Belgium (BE)","816.38","1068.48","1053.48","906.22"
"19/12/2025 20:00:00 - 19/12/2025 21:00:00","Belgium (BE)","694.53","938.98","926.25","811.01"
"19/12/2025 21:00:00 - 19/12/2025 22:00:00","Belgium (BE)","537.33","854.73","801.98","745.26"
"19/12/2025 22:00:00 - 19/12/2025 23:00:00","Belgium (BE)","402.45","769.53","641.95","737.10"
"19/12/2025 23:00:00 - 20/12/2025 00:00:00","Belgium (BE)","321.10","702.73","502.50","534.57"
"20/12/2025 00:00:00 - 20/12/2025 01:00:00","Belgium (BE)","629.40","362.25","362.25","402.52"
"20/12/2025 01:00:00 - 20/12/2025 02:00:00","Belgium (BE)","541.03","334.28","334.28","363.93"
"20/12/2025 02:00:00 - 20/12/2025 03:00:00","Belgium (BE)","492.70","369.28","369.28","331.49"
"20/12/2025 03:00:00 - 20/12/2025 04:00:00","Belgium (BE)","415.48","320.30","320.30","229.36"
"20/12/2025 04:00:00 - 20/12/2025 05:00:00","Belgium (BE)","292.48","235.60","235.60","98.56"
"20/12/2025 05:00:00 - 20/12/2025 06:00:00","Belgium (BE)","206.00","167.35","167.35","43.77"
"20/12/2025 06:00:00 - 20/12/2025 07:00:00","Belgium (BE)","184.93","148.05","148.05","37.89"
"20/12/2025 07:00:00 - 20/12/2025 08:00:00","Belgium (BE)","184.25","153.60","153.60","30.00"
"20/12/2025 08:00:00 - 20/12/2025 09:00:00","Belgium (BE)","175.30","156.13","131.88","57.25"
"20/12/2025 09:00:00 - 20/12/2025 10:00:00","Belgium (BE)","173.18","167.43","129.15","69.50"
"20/12/2025 10:00:00 - 20/12/2025 11:00:00","Belgium (BE)","172.93","185.50","140.75","54.95"
"20/12/2025 11:00:00 - 20/12/2025 12:00:00","Belgium (BE)","189.35","206.88","161.08","67.84"
"20/12/2025 12:00:00 - 20/12/2025 13:00:00","Belgium (BE)","212.38","223.88","199.85","63.99"
"20/12/2025 13:00:00 - 20/12/2025 14:00:00","Belgium (BE)","239.53","239.28","267.00","120.78"
"20/12/2025 14:00:00 - 20/12/2025 15:00:00","Belgium (BE)","289.48","269.75","347.20","234.16"
"20/12/2025 15:00:00 - 20/12/2025 16:00:00","Belgium (BE)","324.25","319.88","416.75","358.02"
"20/12/2025 16:00:00 - 20/12/2025 17:00:00","Belgium (BE)","342.58","387.83","482.53","485.14"
"20/12/2025 17:00:00 - 20/12/2025 18:00:00","Belgium (BE)","379.43","423.28","506.55","430.20"
"20/12/2025 18:00:00 - 20/12/2025 19:00:00","Belgium (BE)","440.75","445.33","489.15","423.04"
"20/12/2025 19:00:00 - 20/12/2025 20:00:00","Belgium (BE)","468.00","461.28","475.35","465.29"
"20/12/2025 20:00:00 - 20/12/2025 21:00:00","Belgium (BE)","452.68","453.58","728.98","391.76"
"20/12/2025 21:00:00 - 20/12/2025 22:00:00","Belgium (BE)","414.68","462.80","739.35","404.39"
"20/12/2025 22:00:00 - 20/12/2025 23:00:00","Belgium (BE)","389.70","447.20","690.30","325.70"
"20/12/2025 23:00:00 - 21/12/2025 00:00:00","Belgium (BE)","397.58","410.35","591.50","297.89"
"21/12/2025 00:00:00 - 21/12/2025 01:00:00","Belgium (BE)","467.78","414.58","414.58","250.24"
"21/12/2025 01:00:00 - 21/12/2025 02:00:00","Belgium (BE)","421.55","350.35","350.35","190.92"
"21/12/2025 02:00:00 - 21/12/2025 03:00:00","Belgium (BE)","367.53","324.73","324.73","175.36"
"21/12/2025 03:00:00 - 21/12/2025 04:00:00","Belgium (BE)","293.88","288.75","288.75","207.60"
"21/12/2025 04:00:00 - 21/12/2025 05:00:00","Belgium (BE)","230.03","258.35","258.35","138.79"
"21/12/2025 05:00:00 - 21/12/2025 06:00:00","Belgium (BE)","181.40","229.98","229.98","86.56"
"21/12/2025 06:00:00 - 21/12/2025 07:00:00","Belgium (BE)","139.95","213.25","213.25","90.24"
"21/12/2025 07:00:00 - 21/12/2025 08:00:00","Belgium (BE)","121.13","214.45","214.45","149.13"
"21/12/2025 08:00:00 - 21/12/2025 09:00:00","Belgium (BE)","128.50","227.35","227.38","164.78"
"21/12/2025 09:00:00 - 21/12/2025 10:00:00","Belgium (BE)","145.75","224.43","239.38","210.08"
"21/12/2025 10:00:00 - 21/12/2025 11:00:00","Belgium (BE)","149.93","200.33","224.23","238.66"
"21/12/2025 11:00:00 - 21/12/2025 12:00:00","Belgium (BE)","165.78","186.38","195.40","172.86"
"21/12/2025 12:00:00 - 21/12/2025 13:00:00","Belgium (BE)","190.23","193.13","176.85","123.46"
"21/12/2025 13:00:00 - 21/12/2025 14:00:00","Belgium (BE)","225.80","241.00","213.55","184.11"
"21/12/2025 14:00:00 - 21/12/2025 15:00:00","Belgium (BE)","309.65","343.58","399.45","238.90"
"21/12/2025 15:00:00 - 21/12/2025 16:00:00","Belgium (BE)","439.63","418.68","504.28","329.22"
"21/12/2025 16:00:00 - 21/12/2025 17:00:00","Belgium (BE)","602.70","546.65","596.13","495.22"
"21/12/2025 17:00:00 - 21/12/2025 18:00:00","Belgium (BE)","701.93","791.75","768.13","748.10"
"21/12/2025 18:00:00 - 21/12/2025 19:00:00","Belgium (BE)","764.43","1134.30","1022.98","763.44"
"21/12/2025 19:00:00 - 21/12/2025 20:00:00","Belgium (BE)","1076.60","1381.30","1227.35","715.09"
"21/12/2025 20:00:00 - 21/12/2025 21:00:00","Belgium (BE)","1473.03","1429.58","1390.10","1141.08"
"21/12/2025 21:00:00 - 21/12/2025 22:00:00","Belgium (BE)","1565.28","1399.00","1386.73","906.16"
"21/12/2025 22:00:00 - 21/12/2025 23:00:00","Belgium (BE)","1447.43","1311.63","1229.35","899.05"
"21/12/2025 23:00:00 - 22/12/2025 00:00:00","Belgium (BE)","1215.45","1092.63","1079.80","463.51"
"22/12/2025 00:00:00 - 22/12/2025 01:00:00","Belgium (BE)","900.78","940.15","940.15","481.31"
"22/12/2025 01:00:00 - 22/12/2025 02:00:00","Belgium (BE)","776.53","732.25","732.25","429.35"
"22/12/2025 02:00:00 - 22/12/2025 03:00:00","Belgium (BE)","677.75","685.58","685.58","244.72"
"22/12/2025 03:00:00 - 22/12/2025 04:00:00","Belgium (BE)","614.95","682.18","682.18","378.60"
"22/12/2025 04:00:00 - 22/12/2025 05:00:00","Belgium (BE)","630.40","663.13","663.13","336.84"
"22/12/2025 05:00:00 - 22/12/2025 06:00:00","Belgium (BE)","660.38","593.98","593.98","281.19"
"22/12/2025 06:00:00 - 22/12/2025 07:00:00","Belgium (BE)","635.45","455.68","455.68","289.54"
"22/12/2025 07:00:00 - 22/12/2025 08:00:00","Belgium (BE)","557.45","318.70","318.70","250.45"
"22/12/2025 08:00:00 - 22/12/2025 09:00:00","Belgium (BE)","390.73","218.73","261.63","123.96"
"22/12/2025 09:00:00 - 22/12/2025 10:00:00","Belgium (BE)","250.30","153.50","179.33","90.71"
"22/12/2025 10:00:00 - 22/12/2025 11:00:00","Belgium (BE)","172.75","136.60","142.53","118.98"
"22/12/2025 11:00:00 - 22/12/2025 12:00:00","Belgium (BE)","122.93","151.58","142.28","160.08"
"22/12/2025 12:00:00 - 22/12/2025 13:00:00","Belgium (BE)","87.93","160.63","161.38","186.01"
"22/12/2025 13:00:00 - 22/12/2025 14:00:00","Belgium (BE)","78.50","147.05","170.00","132.93"
"22/12/2025 14:00:00 - 22/12/2025 15:00:00","Belgium (BE)","93.25","129.48","160.25","80.96"
"22/12/2025 15:00:00 - 22/12/2025 16:00:00","Belgium (BE)","117.03","132.68","163.00","76.72"
"22/12/2025 16:00:00 - 22/12/2025 17:00:00","Belgium (BE)","158.68","159.25","196.73","120.43"
"22/12/2025 17:00:00 - 22/12/2025 18:00:00","Belgium (BE)","248.28","225.58","252.18","456.77"
"22/12/2025 18:00:00 - 22/12/2025 19:00:00","Belgium (BE)","375.45","330.13","306.00","581.07"
"22/12/2025 19:00:00 - 22/12/2025 20:00:00","Belgium (BE)","440.50","413.73","381.83","592.53"
"22/12/2025 20:00:00 - 22/12/2025 21:00:00","Belgium (BE)","413.18","485.40","507.68","652.10"
"22/12/2025 21:00:00 - 22/12/2025 22:00:00","Belgium (BE)","420.35","571.58","594.55","877.40"
"22/12/2025 22:00:00 - 22/12/2025 23:00:00","Belgium (BE)","460.35","624.40","670.85","987.92"
"22/12/2025 23:00:00 - 23/12/2025 00:00:00","Belgium (BE)","460.95","664.55","752.18","1037.66"
"23/12/2025 00:00:00 - 23/12/2025 01:00:00","Belgium (BE)","710.48","756.73","756.73","1064.29"
"23/12/2025 01:00:00 - 23/12/2025 02:00:00","Belgium (BE)","678.23","718.85","718.85","822.91"
"23/12/2025 02:00:00 - 23/12/2025 03:00:00","Belgium (BE)","646.63","634.98","634.98","1144.05"
"23/12/2025 03:00:00 - 23/12/2025 04:00:00","Belgium (BE)","646.83","711.88","711.88","1295.81"
"23/12/2025 04:00:00 - 23/12/2025 05:00:00","Belgium (BE)","686.75","814.05","814.05","1273.93"
"23/12/2025 05:00:00 - 23/12/2025 06:00:00","Belgium (BE)","742.40","920.88","920.88","1109.40"
"23/12/2025 06:00:00 - 23/12/2025 07:00:00","Belgium (BE)","848.43","1041.35","1041.35","1218.32"
"23/12/2025 07:00:00 - 23/12/2025 08:00:00","Belgium (BE)","1042.98","1213.90","1213.90","1239.57"
"23/12/2025 08:00:00 - 23/12/2025 09:00:00","Belgium (BE)","1303.95","1417.00","1547.43","1391.39"
"23/12/2025 09:00:00 - 23/12/2025 10:00:00","Belgium (BE)","1553.30","1600.58","1692.48","1459.06"
"23/12/2025 10:00:00 - 23/12/2025 11:00:00","Belgium (BE)","1730.08","1701.53","1715.38","1489.42"
"23/12/2025 11:00:00 - 23/12/2025 12:00:00","Belgium (BE)","1798.75","1709.65","1667.73","1541.93"
"23/12/2025 12:00:00 - 23/12/2025 13:00:00","Belgium (BE)","1784.33","1665.90","1635.90","1594.67"
"23/12/2025 13:00:00 - 23/12/2025 14:00:00","Belgium (BE)","1760.83","1634.58","1652.35","1585.97"
"23/12/2025 14:00:00 - 23/12/2025 15:00:00","Belgium (BE)","1763.58","1673.28","1725.48","1607.42"
"23/12/2025 15:00:00 - 23/12/2025 16:00:00","Belgium (BE)","1804.55","1765.63","1799.58","1712.86"
"23/12/2025 16:00:00 - 23/12/2025 17:00:00","Belgium (BE)","1871.20","1878.58","1881.60","2006.51"
"23/12/2025 17:00:00 - 23/12/2025 18:00:00","Belgium (BE)","1965.28","1978.83","1980.43","2108.91"
"23/12/2025 18:00:00 - 23/12/2025 19:00:00","Belgium (BE)","2053.00","2047.63","2048.78","2125.96"
"23/12/2025 19:00:00 - 23/12/2025 20:00:00","Belgium (BE)","2088.70","2078.88","2082.85","2145.95"
"23/12/2025 20:00:00 - 23/12/2025 21:00:00","Belgium (BE)","2099.70","2087.98","2098.93","2154.65"
"23/12/2025 21:00:00 - 23/12/2025 22:00:00","Belgium (BE)","2113.83","2094.80","2105.68","2173.89"
"23/12/2025 22:00:00 - 23/12/2025 23:00:00","Belgium (BE)","2114.00","2098.35","2100.33","2169.13"
"23/12/2025 23:00:00 - 24/12/2025 00:00:00","Belgium (BE)","2112.10","2105.45","2103.10","2178.46"
"24/12/2025 00:00:00 - 24/12/2025 01:00:00","Belgium (BE)","2128.38","2122.50","2122.50","2179.85"
"24/12/2025 01:00:00 - 24/12/2025 02:00:00","Belgium (BE)","2144.95","2136.15","2136.15","2185.94"
"24/12/2025 02:00:00 - 24/12/2025 03:00:00","Belgium (BE)","2149.83","2142.28","2142.28","2181.74"
"24/12/2025 03:00:00 - 24/12/2025 04:00:00","Belgium (BE)","2144.95","2134.88","2134.88","2066.52"
"24/12/2025 04:00:00 - 24/12/2025 05:00:00","Belgium (BE)","2139.98","2128.03","2128.03","1993.00"
"24/12/2025 05:00:00 - 24/12/2025 06:00:00","Belgium (BE)","2148.28","2144.28","2144.28","2108.95"
"24/12/2025 06:00:00 - 24/12/2025 07:00:00","Belgium (BE)","2164.58","2169.50","2169.50","2184.62"
"24/12/2025 07:00:00 - 24/12/2025 08:00:00","Belgium (BE)","2178.78","2184.38","2184.38","2157.59"
"24/12/2025 08:00:00 - 24/12/2025 09:00:00","Belgium (BE)","2184.93","2190.43","2188.50","2185.63"
"24/12/2025 09:00:00 - 24/12/2025 10:00:00","Belgium (BE)","2187.43","2188.13","2191.10","2179.84"
"24/12/2025 10:00:00 - 24/12/2025 11:00:00","Belgium (BE)","2179.03","2178.98","2190.55","2188.20"
"24/12/2025 11:00:00 - 24/12/2025 12:00:00","Belgium (BE)","2158.05","2165.98","2182.60","2133.02"
"24/12/2025 12:00:00 - 24/12/2025 13:00:00","Belgium (BE)","2141.60","2151.15","2164.48","2187.59"
"24/12/2025 13:00:00 - 24/12/2025 14:00:00","Belgium (BE)","2134.08","2145.75","2148.48","2172.72"
"24/12/2025 14:00:00 - 24/12/2025 15:00:00","Belgium (BE)","2142.65","2147.00","2160.90","2158.96"
"24/12/2025 15:00:00 - 24/12/2025 16:00:00","Belgium (BE)","2164.45","2157.98","2165.63","2179.73"
"24/12/2025 16:00:00 - 24/12/2025 17:00:00","Belgium (BE)","2188.63","2183.58","2180.10","2185.94"
"24/12/2025 17:00:00 - 24/12/2025 18:00:00","Belgium (BE)","2202.73","2199.93","2193.53","2186.74"
"24/12/2025 18:00:00 - 24/12/2025 19:00:00","Belgium (BE)","2207.40","2206.60","2202.78","2157.47"
"24/12/2025 19:00:00 - 24/12/2025 20:00:00","Belgium (BE)","2208.30","2208.35","2206.65","2120.34"
"24/12/2025 20:00:00 - 24/12/2025 21:00:00","Belgium (BE)","2207.28","2208.18","2203.25","2121.50"
"24/12/2025 21:00:00 - 24/12/2025 22:00:00","Belgium (BE)","2206.85","2208.18","2200.55","2189.18"
"24/12/2025 22:00:00 - 24/12/2025 23:00:00","Belgium (BE)","2206.83","2207.43","2198.63","2183.93"
"24/12/2025 23:00:00 - 25/12/2025 00:00:00","Belgium (BE)","2206.53","2205.73","2203.25","2186.52"
"25/12/2025 00:00:00 - 25/12/2025 01:00:00","Belgium (BE)","2204.05","2199.90","2199.90","2187.29"
"25/12/2025 01:00:00 - 25/12/2025 02:00:00","Belgium (BE)","2204.48","2199.80","2199.80","2187.23"
"25/12/2025 02:00:00 - 25/12/2025 03:00:00","Belgium (BE)","2205.55","2201.48","2201.48","2187.22"
"25/12/2025 03:00:00 - 25/12/2025 04:00:00","Belgium (BE)","2204.43","2199.45","2199.45","2187.32"
"25/12/2025 04:00:00 - 25/12/2025 05:00:00","Belgium (BE)","2200.20","2196.45","2196.45","2187.33"
"25/12/2025 05:00:00 - 25/12/2025 06:00:00","Belgium (BE)","2194.10","2193.35","2193.35","2182.28"
"25/12/2025 06:00:00 - 25/12/2025 07:00:00","Belgium (BE)","2188.10","2189.68","2189.68","2181.83"
"25/12/2025 07:00:00 - 25/12/2025 08:00:00","Belgium (BE)","2183.50","2184.58","2184.58","2175.14"
"25/12/2025 08:00:00 - 25/12/2025 09:00:00","Belgium (BE)","2180.05","2179.15","2175.93","2178.00"
"25/12/2025 09:00:00 - 25/12/2025 10:00:00","Belgium (BE)","2174.90","2171.33","2163.35","2176.90"
"25/12/2025 10:00:00 - 25/12/2025 11:00:00","Belgium (BE)","2165.98","2158.85","2149.88","2172.70"
"25/12/2025 11:00:00 - 25/12/2025 12:00:00","Belgium (BE)","2153.55","2142.50","2132.50","2168.87"
"25/12/2025 12:00:00 - 25/12/2025 13:00:00","Belgium (BE)","2134.78","2113.45","2099.60","2166.82"
"25/12/2025 13:00:00 - 25/12/2025 14:00:00","Belgium (BE)","2113.40","2064.68","2046.93","2049.90"
"25/12/2025 14:00:00 - 25/12/2025 15:00:00","Belgium (BE)","2092.60","2030.53","1953.20","1873.05"
"25/12/2025 15:00:00 - 25/12/2025 16:00:00","Belgium (BE)","2082.15","2019.43","1940.23","1998.98"
"25/12/2025 16:00:00 - 25/12/2025 17:00:00","Belgium (BE)","2088.63","2020.83","1979.65","2002.31"
"25/12/2025 17:00:00 - 25/12/2025 18:00:00","Belgium (BE)","2083.80","2010.38","1996.30","1992.30"
"25/12/2025 18:00:00 - 25/12/2025 19:00:00","Belgium (BE)","2052.53","1988.40","1953.35","1869.94"
"25/12/2025 19:00:00 - 25/12/2025 20:00:00","Belgium (BE)","2007.83","1941.33","1848.80","1594.50"
"25/12/2025 20:00:00 - 25/12/2025 21:00:00","Belgium (BE)","1948.03","1852.40","1740.70","1390.81"
"25/12/2025 21:00:00 - 25/12/2025 22:00:00","Belgium (BE)","1855.90","1712.88","1613.93","1358.36"
"25/12/2025 22:00:00 - 25/12/2025 23:00:00","Belgium (BE)","1748.83","1529.03","1503.88","1198.06"
"25/12/2025 23:00:00 - 26/12/2025 00:00:00","Belgium (BE)","1642.00","1394.35","1387.70","811.18"
"26/12/2025 00:00:00 - 26/12/2025 01:00:00","Belgium (BE)","1143.58","1187.68","1187.68","802.86"
"26/12/2025 01:00:00 - 26/12/2025 02:00:00","Belgium (BE)","1039.08","1075.00","1075.00","778.30"
"26/12/2025 02:00:00 - 26/12/2025 03:00:00","Belgium (BE)","1066.00","1117.85","1117.85","911.91"
"26/12/2025 03:00:00 - 26/12/2025 04:00:00","Belgium (BE)","1128.70","1102.40","1102.40","797.36"
"26/12/2025 04:00:00 - 26/12/2025 05:00:00","Belgium (BE)","1128.35","1067.00","1067.00","758.92"
"26/12/2025 05:00:00 - 26/12/2025 06:00:00","Belgium (BE)","1105.05","1053.33","1053.33","750.45"
"26/12/2025 06:00:00 - 26/12/2025 07:00:00","Belgium (BE)","1155.63","1069.28","1069.28","679.33"
"26/12/2025 07:00:00 - 26/12/2025 08:00:00","Belgium (BE)","1223.55","1075.68","1075.68","854.13"
"26/12/2025 08:00:00 - 26/12/2025 09:00:00","Belgium (BE)","1198.25","1035.28","1092.75","909.65"
"26/12/2025 09:00:00 - 26/12/2025 10:00:00","Belgium (BE)","1077.20","927.08","1004.95","885.09"
"26/12/2025 10:00:00 - 26/12/2025 11:00:00","Belgium (BE)","945.33","839.63","947.13","875.83"
"26/12/2025 11:00:00 - 26/12/2025 12:00:00","Belgium (BE)","876.85","896.33","940.65","937.48"
"26/12/2025 12:00:00 - 26/12/2025 13:00:00","Belgium (BE)","814.98","947.88","965.55","877.78"
"26/12/2025 13:00:00 - 26/12/2025 14:00:00","Belgium (BE)","760.55","885.03","964.60","821.16"
"26/12/2025 14:00:00 - 26/12/2025 15:00:00","Belgium (BE)","745.38","828.85","1084.30","1065.71"
"26/12/2025 15:00:00 - 26/12/2025 16:00:00","Belgium (BE)","771.85","862.25","1077.73","1248.10"
"26/12/2025 16:00:00 - 26/12/2025 17:00:00","Belgium (BE)","833.30","940.98","1007.68","1076.20"
"26/12/2025 17:00:00 - 26/12/2025 18:00:00","Belgium (BE)","921.53","950.08","945.95","1009.15"
"26/12/2025 18:00:00 - 26/12/2025 19:00:00","Belgium (BE)","997.75","911.38","926.63","1035.85"
"26/12/2025 19:00:00 - 26/12/2025 20:00:00","Belgium (BE)","1030.98","873.20","891.23","1084.29"
"26/12/2025 20:00:00 - 26/12/2025 21:00:00","Belgium (BE)","994.20","806.33","1005.20","826.00"
"26/12/2025 21:00:00 - 26/12/2025 22:00:00","Belgium (BE)","871.40","692.73","877.30","549.75"
"26/12/2025 22:00:00 - 26/12/2025 23:00:00","Belgium (BE)","787.83","624.98","810.33","598.54"
"26/12/2025 23:00:00 - 27/12/2025 00:00:00","Belgium (BE)","774.85","636.25","772.70","726.02"
"27/12/2025 00:00:00 - 27/12/2025 01:00:00","Belgium (BE)","672.63","668.40","668.40","580.63"
"27/12/2025 01:00:00 - 27/12/2025 02:00:00","Belgium (BE)","717.50","666.18","666.18","598.91"
"27/12/2025 02:00:00 - 27/12/2025 03:00:00","Belgium (BE)","840.40","901.23","901.23","867.47"
"27/12/2025 03:00:00 - 27/12/2025 04:00:00","Belgium (BE)","932.78","974.15","974.15","792.47"
"27/12/2025 04:00:00 - 27/12/2025 05:00:00","Belgium (BE)","926.10","967.93","967.93","863.79"
"27/12/2025 05:00:00 - 27/12/2025 06:00:00","Belgium (BE)","922.15","920.78","920.78","785.43"
"27/12/2025 06:00:00 - 27/12/2025 07:00:00","Belgium (BE)","1066.13","941.70","941.70","1002.81"
"27/12/2025 07:00:00 - 27/12/2025 08:00:00","Belgium (BE)","1281.35","1089.55","1089.55","1130.45"
"27/12/2025 08:00:00 - 27/12/2025 09:00:00","Belgium (BE)","1507.60","1388.98","1725.25","1405.93"
"27/12/2025 09:00:00 - 27/12/2025 10:00:00","Belgium (BE)","1766.38","1733.88","1932.08","1930.04"
"27/12/2025 10:00:00 - 27/12/2025 11:00:00","Belgium (BE)","1922.70","1926.10","2014.25","2086.07"
"27/12/2025 11:00:00 - 27/12/2025 12:00:00","Belgium (BE)","1940.43","1966.13","2007.18","2056.52"
"27/12/2025 12:00:00 - 27/12/2025 13:00:00","Belgium (BE)","1833.40","1880.63","1875.98","1984.36"
"27/12/2025 13:00:00 - 27/12/2025 14:00:00","Belgium (BE)","1591.05","1665.23","1551.38","1880.63"
"27/12/2025 14:00:00 - 27/12/2025 15:00:00","Belgium (BE)","1223.20","1306.43","1671.25","1740.19"
"27/12/2025 15:00:00 - 27/12/2025 16:00:00","Belgium (BE)","1046.90","1079.23","1521.13","1471.94"
"27/12/2025 16:00:00 - 27/12/2025 17:00:00","Belgium (BE)","1091.25","1136.88","1470.88","1664.84"
"27/12/2025 17:00:00 - 27/12/2025 18:00:00","Belgium (BE)","1170.25","1171.38","1322.50","1781.39"
"27/12/2025 18:00:00 - 27/12/2025 19:00:00","Belgium (BE)","1238.15","962.20","1071.70","1439.78"
"27/12/2025 19:00:00 - 27/12/2025 20:00:00","Belgium (BE)","1237.20","836.95","939.13","1081.29"
"27/12/2025 20:00:00 - 27/12/2025 21:00:00","Belgium (BE)","1104.75","872.58","999.13","885.21"
"27/12/2025 21:00:00 - 27/12/2025 22:00:00","Belgium (BE)","1089.83","880.43","974.40","891.60"
"27/12/2025 22:00:00 - 27/12/2025 23:00:00","Belgium (BE)","1070.88","916.80","916.15","696.73"
"27/12/2025 23:00:00 - 28/12/2025 00:00:00","Belgium (BE)","937.23","903.40","948.08","746.29"
"28/12/2025 00:00:00 - 28/12/2025 01:00:00","Belgium (BE)","726.18","914.53","914.53","821.98"
"28/12/2025 01:00:00 - 28/12/2025 02:00:00","Belgium (BE)","697.45","776.38","776.38","696.82"
"28/12/2025 02:00:00 - 28/12/2025 03:00:00","Belgium (BE)","722.70","725.93","725.93","720.80"
"28/12/2025 03:00:00 - 28/12/2025 04:00:00","Belgium (BE)","720.68","685.03","685.03","789.30"
"28/12/2025 04:00:00 - 28/12/2025 05:00:00","Belgium (BE)","626.33","626.08","626.08","798.03"
"28/12/2025 05:00:00 - 28/12/2025 06:00:00","Belgium (BE)","477.13","555.33","555.33","577.88"
"28/12/2025 06:00:00 - 28/12/2025 07:00:00","Belgium (BE)","379.58","494.35","494.35","394.34"
"28/12/2025 07:00:00 - 28/12/2025 08:00:00","Belgium (BE)","337.65","414.80","414.80","410.21"
"28/12/2025 08:00:00 - 28/12/2025 09:00:00","Belgium (BE)","329.93","372.53","291.73","418.14"
"28/12/2025 09:00:00 - 28/12/2025 10:00:00","Belgium (BE)","331.00","354.48","285.43","428.99"
"28/12/2025 10:00:00 - 28/12/2025 11:00:00","Belgium (BE)","292.68","324.80","285.38","459.15"
"28/12/2025 11:00:00 - 28/12/2025 12:00:00","Belgium (BE)","255.05","311.68","312.08","520.99"
"28/12/2025 12:00:00 - 28/12/2025 13:00:00","Belgium (BE)","237.70","305.40","348.18","570.05"
"28/12/2025 13:00:00 - 28/12/2025 14:00:00","Belgium (BE)","246.23","311.90","378.78","699.15"
"28/12/2025 14:00:00 - 28/12/2025 15:00:00","Belgium (BE)","297.40","317.33","584.93","807.44"
"28/12/2025 15:00:00 - 28/12/2025 16:00:00","Belgium (BE)","360.43","307.50","600.43","1003.17"
"28/12/2025 16:00:00 - 28/12/2025 17:00:00","Belgium (BE)","347.68","304.98","509.88","756.07"
"28/12/2025 17:00:00 - 28/12/2025 18:00:00","Belgium (BE)","318.80","301.68","363.25","615.19"
"28/12/2025 18:00:00 - 28/12/2025 19:00:00","Belgium (BE)","306.65","274.40","272.68","446.43"
"28/12/2025 19:00:00 - 28/12/2025 20:00:00","Belgium (BE)","256.78","247.13","221.43","339.66"
"28/12/2025 20:00:00 - 28/12/2025 21:00:00","Belgium (BE)","186.80","218.88","247.88","153.19"
"28/12/2025 21:00:00 - 28/12/2025 22:00:00","Belgium (BE)","143.60","181.05","211.18","161.91"
"28/12/2025 22:00:00 - 28/12/2025 23:00:00","Belgium (BE)","134.15","149.68","182.35","226.29"
"28/12/2025 23:00:00 - 29/12/2025 00:00:00","Belgium (BE)","138.73","135.50","176.58","375.92"
"29/12/2025 00:00:00 - 29/12/2025 01:00:00","Belgium (BE)","219.63","196.80","196.80","381.42"
"29/12/2025 01:00:00 - 29/12/2025 02:00:00","Belgium (BE)","242.15","229.93","229.93","463.53"
"29/12/2025 02:00:00 - 29/12/2025 03:00:00","Belgium (BE)","255.00","279.28","279.28","513.05"
"29/12/2025 03:00:00 - 29/12/2025 04:00:00","Belgium (BE)","239.30","264.58","264.58","426.76"
"29/12/2025 04:00:00 - 29/12/2025 05:00:00","Belgium (BE)","216.85","251.45","251.45","362.78"
"29/12/2025 05:00:00 - 29/12/2025 06:00:00","Belgium (BE)","196.58","251.60","251.60","424.97"
"29/12/2025 06:00:00 - 29/12/2025 07:00:00","Belgium (BE)","175.75","250.58","250.58","507.75"
"29/12/2025 07:00:00 - 29/12/2025 08:00:00","Belgium (BE)","150.25","225.15","225.15","530.19"
"29/12/2025 08:00:00 - 29/12/2025 09:00:00","Belgium (BE)","134.28","195.18","185.85","461.56"
"29/12/2025 09:00:00 - 29/12/2025 10:00:00","Belgium (BE)","121.33","170.38","150.88","345.07"
"29/12/2025 10:00:00 - 29/12/2025 11:00:00","Belgium (BE)","108.18","157.50","145.25","280.95"
"29/12/2025 11:00:00 - 29/12/2025 12:00:00","Belgium (BE)","104.70","162.48","164.53","195.71"
"29/12/2025 12:00:00 - 29/12/2025 13:00:00","Belgium (BE)","123.03","180.08","196.63","203.76"
"29/12/2025 13:00:00 - 29/12/2025 14:00:00","Belgium (BE)","168.40","223.68","251.70","303.40"
"29/12/2025 14:00:00 - 29/12/2025 15:00:00","Belgium (BE)","233.45","306.10","314.60","402.87"
"29/12/2025 15:00:00 - 29/12/2025 16:00:00","Belgium (BE)","327.70","444.20","419.50","495.63"
"29/12/2025 16:00:00 - 29/12/2025 17:00:00","Belgium (BE)","478.83","588.78","529.90","570.79"
"29/12/2025 17:00:00 - 29/12/2025 18:00:00","Belgium (BE)","605.15","634.55","631.30","545.90"
"29/12/2025 18:00:00 - 29/12/2025 19:00:00","Belgium (BE)","745.40","811.03","652.48","470.35"
"29/12/2025 19:00:00 - 29/12/2025 20:00:00","Belgium (BE)","956.70","1086.43","720.45","428.87"
"29/12/2025 20:00:00 - 29/12/2025 21:00:00","Belgium (BE)","1146.20","1210.28","953.10","789.26"
"29/12/2025 21:00:00 - 29/12/2025 22:00:00","Belgium (BE)","1278.60","1272.60","1119.60","1109.78"
"29/12/2025 22:00:00 - 29/12/2025 23:00:00","Belgium (BE)","1312.28","1375.48","1218.65","910.64"
"29/12/2025 23:00:00 - 30/12/2025 00:00:00","Belgium (BE)","1435.05","1494.43","1278.75","1264.48"
"30/12/2025 00:00:00 - 30/12/2025 01:00:00","Belgium (BE)","1299.20","1287.23","1287.23","1204.64"
"30/12/2025 01:00:00 - 30/12/2025 02:00:00","Belgium (BE)","1304.93","1293.60","1293.60","1260.22"
"30/12/2025 02:00:00 - 30/12/2025 03:00:00","Belgium (BE)","1308.90","1225.60","1225.60","1065.29"
"30/12/2025 03:00:00 - 30/12/2025 04:00:00","Belgium (BE)","1328.10","1232.20","1232.20","1003.91"
"30/12/2025 04:00:00 - 30/12/2025 05:00:00","Belgium (BE)","1438.68","1283.95","1283.95","1127.27"
"30/12/2025 05:00:00 - 30/12/2025 06:00:00","Belgium (BE)","1522.60","1390.60","1390.60","1185.08"
"30/12/2025 06:00:00 - 30/12/2025 07:00:00","Belgium (BE)","1468.25","1453.40","1453.40","998.70"
"30/12/2025 07:00:00 - 30/12/2025 08:00:00","Belgium (BE)","1356.85","1415.55","1415.55","1011.70"
"30/12/2025 08:00:00 - 30/12/2025 09:00:00","Belgium (BE)","1296.98","1296.03","1238.18","843.31"
"30/12/2025 09:00:00 - 30/12/2025 10:00:00","Belgium (BE)","1228.60","1161.90","1128.98","838.22"
"30/12/2025 10:00:00 - 30/12/2025 11:00:00","Belgium (BE)","1107.15","1034.93","970.85","662.08"
"30/12/2025 11:00:00 - 30/12/2025 12:00:00","Belgium (BE)","999.43","873.93","790.65","609.81"
"30/12/2025 12:00:00 - 30/12/2025 13:00:00","Belgium (BE)","895.23","733.73","634.23","436.75"
"30/12/2025 13:00:00 - 30/12/2025 14:00:00","Belgium (BE)","804.65","651.05","514.20","487.92"
"30/12/2025 14:00:00 - 30/12/2025 15:00:00","Belgium (BE)","750.68","617.68","480.70","387.16"
"30/12/2025 15:00:00 - 30/12/2025 16:00:00","Belgium (BE)","755.48","616.05","575.03","362.98"
"30/12/2025 16:00:00 - 30/12/2025 17:00:00","Belgium (BE)","764.23","641.03","650.53","367.21"
"30/12/2025 17:00:00 - 30/12/2025 18:00:00","Belgium (BE)","775.00","709.65","707.90","326.54"
"30/12/2025 18:00:00 - 30/12/2025 19:00:00","Belgium (BE)","831.30","767.18","698.65","423.28"
"30/12/2025 19:00:00 - 30/12/2025 20:00:00","Belgium (BE)","845.38","773.88","643.35","357.81"
"30/12/2025 20:00:00 - 30/12/2025 21:00:00","Belgium (BE)","753.48","726.75","629.00","467.12"
"30/12/2025 21:00:00 - 30/12/2025 22:00:00","Belgium (BE)","605.50","624.13","531.20","356.38"
"30/12/2025 22:00:00 - 30/12/2025 23:00:00","Belgium (BE)","538.38","565.33","423.83","186.87"
"30/12/2025 23:00:00 - 31/12/2025 00:00:00","Belgium (BE)","476.08","488.43","367.60","293.50"
"31/12/2025 00:00:00 - 31/12/2025 01:00:00","Belgium (BE)","297.00","325.15","325.15","205.55"
"31/12/2025 01:00:00 - 31/12/2025 02:00:00","Belgium (BE)","285.73","345.25","345.25","216.15"
"31/12/2025 02:00:00 - 31/12/2025 03:00:00","Belgium (BE)","331.25","394.20","394.20","252.85"
"31/12/2025 03:00:00 - 31/12/2025 04:00:00","Belgium (BE)","365.68","424.08","424.08","255.80"
"31/12/2025 04:00:00 - 31/12/2025 05:00:00","Belgium (BE)","391.35","418.68","418.68","384.49"
"31/12/2025 05:00:00 - 31/12/2025 06:00:00","Belgium (BE)","410.63","456.20","456.20","454.39"
"31/12/2025 06:00:00 - 31/12/2025 07:00:00","Belgium (BE)","376.18","527.63","527.63","438.29"
"31/12/2025 07:00:00 - 31/12/2025 08:00:00","Belgium (BE)","357.70","607.38","607.38","544.65"
"31/12/2025 08:00:00 - 31/12/2025 09:00:00","Belgium (BE)","394.03","721.75","934.50","683.59"
"31/12/2025 09:00:00 - 31/12/2025 10:00:00","Belgium (BE)","484.58","857.80","1018.20","681.24"
"31/12/2025 10:00:00 - 31/12/2025 11:00:00","Belgium (BE)","603.40","963.83","1017.58","638.49"
"31/12/2025 11:00:00 - 31/12/2025 12:00:00","Belgium (BE)","663.70","960.38","977.95","547.31"
"31/12/2025 12:00:00 - 31/12/2025 13:00:00","Belgium (BE)","633.53","878.83","890.73","669.72"
"31/12/2025 13:00:00 - 31/12/2025 14:00:00","Belgium (BE)","615.88","846.65","819.45","772.66"
"31/12/2025 14:00:00 - 31/12/2025 15:00:00","Belgium (BE)","595.20","866.23","1082.60","962.22"
"31/12/2025 15:00:00 - 31/12/2025 16:00:00","Belgium (BE)","602.10","841.58","1199.23","1179.98"
"31/12/2025 16:00:00 - 31/12/2025 17:00:00","Belgium (BE)","715.50","816.38","1266.60","1097.73"
"31/12/2025 17:00:00 - 31/12/2025 18:00:00","Belgium (BE)","868.10","856.53","1279.40","1002.46"
"31/12/2025 18:00:00 - 31/12/2025 19:00:00","Belgium (BE)","1010.53","1001.05","1329.80","1307.45"
"31/12/2025 19:00:00 - 31/12/2025 20:00:00","Belgium (BE)","1173.85","1188.98","1348.65","1503.37"
"31/12/2025 20:00:00 - 31/12/2025 21:00:00","Belgium (BE)","1244.53","1327.88","1463.43","1243.75"
"31/12/2025 21:00:00 - 31/12/2025 22:00:00","Belgium (BE)","1266.30","1414.58","1489.13","1009.03"
"31/12/2025 22:00:00 - 31/12/2025 23:00:00","Belgium (BE)","1359.23","1524.73","1571.40","1368.89"
"31/12/2025 23:00:00 - 01/01/2026 00:00:00","Belgium (BE)","1486.20","1638.45","1742.28","1677.73"
