"MTU (CET/CEST)","Area","Day-ahead (MW)","Intraday (MW)","Current (MW)","Actual (MW)"
"01/01/2024 00:00:00 - 01/01/2024 01:00:00","Belgium (BE)","2182.73","2126.03","2126.03","2091.34"
"01/01/2024 01:00:00 - 01/01/2024 02:00:00","Belgium (BE)","2182.13","2127.85","2127.85","2092.24"
"01/01/2024 02:00:00 - 01/01/2024 03:00:00","Belgium (BE)","2181.00","2121.85","2121.85","2099.94"
"01/01/2024 03:00:00 - 01/01/2024 04:00:00","Belgium (BE)","2181.38","2123.18","2123.18","2094.65"
"01/01/2024 04:00:00 - 01/01/2024 05:00:00","Belgium (BE)","2182.50","2121.18","2121.18","2095.72"
"01/01/2024 05:00:00 - 01/01/2024 06:00:00","Belgium (BE)","2179.90","2119.30","2119.30","2097.64"
"01/01/2024 06:00:00 - 01/01/2024 07:00:00","Belgium (BE)","2176.53","2118.78","2118.78","2098.17"
"01/01/2024 07:00:00 - 01/01/2024 08:00:00","Belgium (BE)","2173.93","2121.35","2121.35","2100.18"
"01/01/2024 08:00:00 - 01/01/2024 09:00:00","Belgium (BE)","2170.58","2130.50","2124.95","2079.32"
"01/01/2024 09:00:00 - 01/01/2024 10:00:00","Belgium (BE)","2161.58","2137.55","2109.93","2096.30"
"01/01/2024 10:00:00 - 01/01/2024 11:00:00","Belgium (BE)","2139.88","2139.10","2092.15","2094.66"
"01/01/2024 11:00:00 - 01/01/2024 12:00:00","Belgium (BE)","2116.00","2127.80","2075.43","2068.77"
"01/01/2024 12:00:00 - 01/01/2024 13:00:00","Belgium (BE)","2094.70","2099.23","2089.30","2094.28"
"01/01/2024 13:00:00 - 01/01/2024 14:00:00","Belgium (BE)","2073.23","2075.35","2089.63","2094.39"
"01/01/2024 14:00:00 - 01/01/2024 15:00:00","Belgium (BE)","2028.63","2028.98","2021.90","2051.54"
"01/01/2024 15:00:00 - 01/01/2024 16:00:00","Belgium (BE)","1891.78","1905.45","1850.80","1689.49"
"01/01/2024 16:00:00 - 01/01/2024 17:00:00","Belgium (BE)","1683.25","1734.88","1798.70","1237.45"
"01/01/2024 17:00:00 - 01/01/2024 18:00:00","Belgium (BE)","1422.90","1706.58","1750.23","1297.38"
"01/01/2024 18:00:00 - 01/01/2024 19:00:00","Belgium (BE)","1514.08","1786.50","1489.68","1908.98"
"01/01/2024 19:00:00 - 01/01/2024 20:00:00","Belgium (BE)","1492.63","1711.68","1492.38","1739.49"
"01/01/2024 20:00:00 - 01/01/2024 21:00:00","Belgium (BE)","1372.70","1737.53","2097.60","1371.76"
"01/01/2024 21:00:00 - 01/01/2024 22:00:00","Belgium (BE)","1524.40","1866.68","2095.48","1992.03"
"01/01/2024 22:00:00 - 01/01/2024 23:00:00","Belgium (BE)","1679.35","1924.23","2131.63","2003.55"
"01/01/2024 23:00:00 - 02/01/2024 00:00:00","Belgium (BE)","1902.33","2027.03","2155.03","2040.04"
"02/01/2024 00:00:00 - 02/01/2024 01:00:00","Belgium (BE)","2151.30","2165.65","2165.65","2036.64"
"02/01/2024 01:00:00 - 02/01/2024 02:00:00","Belgium (BE)","2166.58","2161.15","2161.15","1926.97"
"02/01/2024 02:00:00 - 02/01/2024 03:00:00","Belgium (BE)","2168.48","2148.68","2148.68","1893.63"
"02/01/2024 03:00:00 - 02/01/2024 04:00:00","Belgium (BE)","2178.45","2135.98","2135.98","1964.00"
"02/01/2024 04:00:00 - 02/01/2024 05:00:00","Belgium (BE)","2183.58","2131.38","2131.38","1971.72"
"02/01/2024 05:00:00 - 02/01/2024 06:00:00","Belgium (BE)","2176.45","2117.98","2117.98","2076.42"
"02/01/2024 06:00:00 - 02/01/2024 07:00:00","Belgium (BE)","2153.70","2098.40","2098.40","2024.87"
"02/01/2024 07:00:00 - 02/01/2024 08:00:00","Belgium (BE)","2139.25","2062.23","2062.23","2055.47"
"02/01/2024 08:00:00 - 02/01/2024 09:00:00","Belgium (BE)","2123.33","2044.90","2033.55","2049.81"
"02/01/2024 09:00:00 - 02/01/2024 10:00:00","Belgium (BE)","2084.33","2042.05","1976.23","2002.81"
"02/01/2024 10:00:00 - 02/01/2024 11:00:00","Belgium (BE)","2077.90","2024.33","1988.20","1599.37"
"02/01/2024 11:00:00 - 02/01/2024 12:00:00","Belgium (BE)","2052.93","1884.83","1838.95","1702.37"
"02/01/2024 12:00:00 - 02/01/2024 13:00:00","Belgium (BE)","2053.53","1814.15","1702.05","1981.57"
"02/01/2024 13:00:00 - 02/01/2024 14:00:00","Belgium (BE)","2154.75","2115.85","2065.20","2068.87"
"02/01/2024 14:00:00 - 02/01/2024 15:00:00","Belgium (BE)","2176.43","2172.83","2160.80","2079.41"
"02/01/2024 15:00:00 - 02/01/2024 16:00:00","Belgium (BE)","2175.98","2180.30","2107.58","2094.06"
"02/01/2024 16:00:00 - 02/01/2024 17:00:00","Belgium (BE)","2185.35","2186.83","2126.43","2039.42"
"02/01/2024 17:00:00 - 02/01/2024 18:00:00","Belgium (BE)","2185.83","2188.33","2122.65","1350.33"
"02/01/2024 18:00:00 - 02/01/2024 19:00:00","Belgium (BE)","2189.48","2188.73","1942.30","1188.38"
"02/01/2024 19:00:00 - 02/01/2024 20:00:00","Belgium (BE)","2189.30","2188.70","1611.48","1207.31"
"02/01/2024 20:00:00 - 02/01/2024 21:00:00","Belgium (BE)","2188.90","2188.75","1719.75","1366.56"
"02/01/2024 21:00:00 - 02/01/2024 22:00:00","Belgium (BE)","2188.85","2188.40","1894.15","1479.37"
"02/01/2024 22:00:00 - 02/01/2024 23:00:00","Belgium (BE)","2188.73","2188.23","1991.78","1508.64"
"02/01/2024 23:00:00 - 03/01/2024 00:00:00","Belgium (BE)","2187.78","2187.75","2089.78","1667.01"
"03/01/2024 00:00:00 - 03/01/2024 01:00:00","Belgium (BE)","2186.50","1935.33","1935.33","2011.95"
"03/01/2024 01:00:00 - 03/01/2024 02:00:00","Belgium (BE)","2183.15","2032.73","2032.73","2056.64"
"03/01/2024 02:00:00 - 03/01/2024 03:00:00","Belgium (BE)","2177.63","2098.10","2098.10","2063.84"
"03/01/2024 03:00:00 - 03/01/2024 04:00:00","Belgium (BE)","2172.48","2091.05","2091.05","2049.53"
"03/01/2024 04:00:00 - 03/01/2024 05:00:00","Belgium (BE)","2170.90","2099.70","2099.70","2038.08"
"03/01/2024 05:00:00 - 03/01/2024 06:00:00","Belgium (BE)","2172.63","2093.55","2093.55","2025.67"
"03/01/2024 06:00:00 - 03/01/2024 07:00:00","Belgium (BE)","2173.40","2062.73","2062.73","2063.16"
"03/01/2024 07:00:00 - 03/01/2024 08:00:00","Belgium (BE)","2174.95","2043.75","2043.75","2046.49"
"03/01/2024 08:00:00 - 03/01/2024 09:00:00","Belgium (BE)","2176.25","2072.98","2093.00","2065.50"
"03/01/2024 09:00:00 - 03/01/2024 10:00:00","Belgium (BE)","2174.10","2106.65","2090.43","2066.75"
"03/01/2024 10:00:00 - 03/01/2024 11:00:00","Belgium (BE)","2173.33","2132.30","2110.05","2039.17"
"03/01/2024 11:00:00 - 03/01/2024 12:00:00","Belgium (BE)","2169.03","2148.85","2118.35","2012.65"
"03/01/2024 12:00:00 - 03/01/2024 13:00:00","Belgium (BE)","2162.55","2133.35","2074.10","2051.41"
"03/01/2024 13:00:00 - 03/01/2024 14:00:00","Belgium (BE)","2152.70","2119.65","2034.38","1984.02"
"03/01/2024 14:00:00 - 03/01/2024 15:00:00","Belgium (BE)","2130.08","2105.93","2061.78","2026.95"
"03/01/2024 15:00:00 - 03/01/2024 16:00:00","Belgium (BE)","2106.90","2075.68","1941.08","2005.85"
"03/01/2024 16:00:00 - 03/01/2024 17:00:00","Belgium (BE)","2076.23","1948.05","1960.30","2041.79"
"03/01/2024 17:00:00 - 03/01/2024 18:00:00","Belgium (BE)","1996.28","1802.50","2000.83","1881.38"
"03/01/2024 18:00:00 - 03/01/2024 19:00:00","Belgium (BE)","1988.38","1898.10","2130.13","1992.61"
"03/01/2024 19:00:00 - 03/01/2024 20:00:00","Belgium (BE)","1990.85","1921.90","1988.80","2040.72"
"03/01/2024 20:00:00 - 03/01/2024 21:00:00","Belgium (BE)","2023.85","1917.15","1987.15","2061.24"
"03/01/2024 21:00:00 - 03/01/2024 22:00:00","Belgium (BE)","1983.20","1860.60","1995.25","2026.15"
"03/01/2024 22:00:00 - 03/01/2024 23:00:00","Belgium (BE)","1899.00","1781.50","1962.63","2030.36"
"03/01/2024 23:00:00 - 04/01/2024 00:00:00","Belgium (BE)","1884.43","1740.40","1817.00","1773.08"
"04/01/2024 00:00:00 - 04/01/2024 01:00:00","Belgium (BE)","1699.00","1815.75","1815.75","1465.09"
"04/01/2024 01:00:00 - 04/01/2024 02:00:00","Belgium (BE)","1779.30","1712.43","1712.43","1611.14"
"04/01/2024 02:00:00 - 04/01/2024 03:00:00","Belgium (BE)","1841.45","1550.33","1550.33","1585.55"
"04/01/2024 03:00:00 - 04/01/2024 04:00:00","Belgium (BE)","1783.88","1647.03","1647.03","1861.75"
"04/01/2024 04:00:00 - 04/01/2024 05:00:00","Belgium (BE)","1726.33","1518.33","1518.33","1754.83"
"04/01/2024 05:00:00 - 04/01/2024 06:00:00","Belgium (BE)","1739.10","1699.95","1699.95","1674.43"
"04/01/2024 06:00:00 - 04/01/2024 07:00:00","Belgium (BE)","1780.05","1682.13","1682.13","1650.42"
"04/01/2024 07:00:00 - 04/01/2024 08:00:00","Belgium (BE)","1827.80","1720.80","1720.80","1909.51"
"04/01/2024 08:00:00 - 04/01/2024 09:00:00","Belgium (BE)","1777.80","1736.08","1673.25","1870.95"
"04/01/2024 09:00:00 - 04/01/2024 10:00:00","Belgium (BE)","1711.25","1723.83","1810.48","1572.36"
"04/01/2024 10:00:00 - 04/01/2024 11:00:00","Belgium (BE)","1692.45","1575.23","1676.18","1464.90"
"04/01/2024 11:00:00 - 04/01/2024 12:00:00","Belgium (BE)","1448.98","1210.93","1337.75","1086.05"
"04/01/2024 12:00:00 - 04/01/2024 13:00:00","Belgium (BE)","1049.95","870.45","840.38","780.98"
"04/01/2024 13:00:00 - 04/01/2024 14:00:00","Belgium (BE)","731.68","621.20","453.85","480.31"
"04/01/2024 14:00:00 - 04/01/2024 15:00:00","Belgium (BE)","404.30","361.70","295.93","337.49"
"04/01/2024 15:00:00 - 04/01/2024 16:00:00","Belgium (BE)","201.88","225.20","197.63","234.66"
"04/01/2024 16:00:00 - 04/01/2024 17:00:00","Belgium (BE)","278.93","292.65","160.05","160.16"
"04/01/2024 17:00:00 - 04/01/2024 18:00:00","Belgium (BE)","539.45","544.75","385.10","353.63"
"04/01/2024 18:00:00 - 04/01/2024 19:00:00","Belgium (BE)","561.55","777.98","745.98","463.61"
"04/01/2024 19:00:00 - 04/01/2024 20:00:00","Belgium (BE)","595.65","860.95","915.53","637.57"
"04/01/2024 20:00:00 - 04/01/2024 21:00:00","Belgium (BE)","970.40","1225.83","945.28","1110.22"
"04/01/2024 21:00:00 - 04/01/2024 22:00:00","Belgium (BE)","1423.93","1774.78","1539.78","1567.67"
"04/01/2024 22:00:00 - 04/01/2024 23:00:00","Belgium (BE)","1669.35","1950.28","1864.98","1873.04"
"04/01/2024 23:00:00 - 05/01/2024 00:00:00","Belgium (BE)","1716.95","1983.93","1881.88","1876.77"
"05/01/2024 00:00:00 - 05/01/2024 01:00:00","Belgium (BE)","1869.00","1809.83","1809.83","1913.15"
"05/01/2024 01:00:00 - 05/01/2024 02:00:00","Belgium (BE)","1867.98","1779.73","1779.73","1967.70"
"05/01/2024 02:00:00 - 05/01/2024 03:00:00","Belgium (BE)","1858.75","1931.85","1931.85","1930.77"
"05/01/2024 03:00:00 - 05/01/2024 04:00:00","Belgium (BE)","1857.40","2038.48","2038.48","2012.88"
"05/01/2024 04:00:00 - 05/01/2024 05:00:00","Belgium (BE)","1839.15","1929.55","1929.55","2056.48"
"05/01/2024 05:00:00 - 05/01/2024 06:00:00","Belgium (BE)","1535.33","1828.25","1828.25","2044.82"
"05/01/2024 06:00:00 - 05/01/2024 07:00:00","Belgium (BE)","1233.23","1076.60","1076.60","1723.22"
"05/01/2024 07:00:00 - 05/01/2024 08:00:00","Belgium (BE)","1106.65","689.83","689.83","1860.29"
"05/01/2024 08:00:00 - 05/01/2024 09:00:00","Belgium (BE)","1201.10","825.65","1144.35","1376.47"
"05/01/2024 09:00:00 - 05/01/2024 10:00:00","Belgium (BE)","1411.65","678.18","1610.98","1435.85"
"05/01/2024 10:00:00 - 05/01/2024 11:00:00","Belgium (BE)","1403.08","577.08","1232.10","1260.41"
"05/01/2024 11:00:00 - 05/01/2024 12:00:00","Belgium (BE)","1344.63","556.88","1191.08","1262.17"
"05/01/2024 12:00:00 - 05/01/2024 13:00:00","Belgium (BE)","1326.45","621.00","1078.28","1339.72"
"05/01/2024 13:00:00 - 05/01/2024 14:00:00","Belgium (BE)","1528.85","971.00","1295.00","1314.19"
"05/01/2024 14:00:00 - 05/01/2024 15:00:00","Belgium (BE)","1905.15","1379.90","1690.35","1771.66"
"05/01/2024 15:00:00 - 05/01/2024 16:00:00","Belgium (BE)","2073.05","1569.50","1511.05","1867.62"
"05/01/2024 16:00:00 - 05/01/2024 17:00:00","Belgium (BE)","2055.25","1644.63","1762.23","1855.22"
"05/01/2024 17:00:00 - 05/01/2024 18:00:00","Belgium (BE)","1996.15","1829.23","1734.90","1955.63"
"05/01/2024 18:00:00 - 05/01/2024 19:00:00","Belgium (BE)","1926.45","1893.73","1894.10","1965.51"
"05/01/2024 19:00:00 - 05/01/2024 20:00:00","Belgium (BE)","1845.78","1840.83","1905.58","1977.92"
"05/01/2024 20:00:00 - 05/01/2024 21:00:00","Belgium (BE)","1735.58","1793.98","1885.98","1782.38"
"05/01/2024 21:00:00 - 05/01/2024 22:00:00","Belgium (BE)","1577.08","1805.65","1826.33","1718.90"
"05/01/2024 22:00:00 - 05/01/2024 23:00:00","Belgium (BE)","1466.63","1787.88","1771.38","1684.01"
"05/01/2024 23:00:00 - 06/01/2024 00:00:00","Belgium (BE)","1400.50","1716.38","1690.80","1668.95"
"06/01/2024 00:00:00 - 06/01/2024 01:00:00","Belgium (BE)","1564.23","1653.25","1653.25","1477.36"
"06/01/2024 01:00:00 - 06/01/2024 02:00:00","Belgium (BE)","1449.63","1508.18","1508.18","1380.33"
"06/01/2024 02:00:00 - 06/01/2024 03:00:00","Belgium (BE)","1353.50","1258.80","1258.80","1425.13"
"06/01/2024 03:00:00 - 06/01/2024 04:00:00","Belgium (BE)","1288.83","1253.88","1253.88","1339.42"
"06/01/2024 04:00:00 - 06/01/2024 05:00:00","Belgium (BE)","1336.45","1362.45","1362.45","1307.17"
"06/01/2024 05:00:00 - 06/01/2024 06:00:00","Belgium (BE)","1360.75","1403.38","1403.38","1214.14"
"06/01/2024 06:00:00 - 06/01/2024 07:00:00","Belgium (BE)","1437.23","1378.80","1378.80","1362.88"
"06/01/2024 07:00:00 - 06/01/2024 08:00:00","Belgium (BE)","1559.88","1301.88","1301.88","1430.83"
"06/01/2024 08:00:00 - 06/01/2024 09:00:00","Belgium (BE)","1552.85","1285.70","1359.70","1252.02"
"06/01/2024 09:00:00 - 06/01/2024 10:00:00","Belgium (BE)","1466.28","1189.60","1318.28","1067.59"
"06/01/2024 10:00:00 - 06/01/2024 11:00:00","Belgium (BE)","1360.65","1083.65","1050.28","885.28"
"06/01/2024 11:00:00 - 06/01/2024 12:00:00","Belgium (BE)","1333.15","1048.80","1048.55","829.98"
"06/01/2024 12:00:00 - 06/01/2024 13:00:00","Belgium (BE)","1366.85","1127.13","1076.08","890.78"
"06/01/2024 13:00:00 - 06/01/2024 14:00:00","Belgium (BE)","1398.03","1230.95","1123.08","1110.08"
"06/01/2024 14:00:00 - 06/01/2024 15:00:00","Belgium (BE)","1452.90","1289.90","1155.38","1304.08"
"06/01/2024 15:00:00 - 06/01/2024 16:00:00","Belgium (BE)","1541.30","1365.50","1282.70","1457.85"
"06/01/2024 16:00:00 - 06/01/2024 17:00:00","Belgium (BE)","1626.58","1457.40","1494.18","1582.80"
"06/01/2024 17:00:00 - 06/01/2024 18:00:00","Belgium (BE)","1708.38","1495.43","1623.90","1448.76"
"06/01/2024 18:00:00 - 06/01/2024 19:00:00","Belgium (BE)","1721.50","1478.83","1559.35","1442.16"
"06/01/2024 19:00:00 - 06/01/2024 20:00:00","Belgium (BE)","1716.15","1421.95","1345.78","1387.50"
"06/01/2024 20:00:00 - 06/01/2024 21:00:00","Belgium (BE)","1712.25","1425.20","1425.28","1277.77"
"06/01/2024 21:00:00 - 06/01/2024 22:00:00","Belgium (BE)","1674.05","1516.10","1414.90","1159.77"
"06/01/2024 22:00:00 - 06/01/2024 23:00:00","Belgium (BE)","1644.03","1606.08","1320.70","1062.89"
"06/01/2024 23:00:00 - 07/01/2024 00:00:00","Belgium (BE)","1648.78","1686.63","1375.20","1216.03"
"07/01/2024 00:00:00 - 07/01/2024 01:00:00","Belgium (BE)","1519.13","1302.88","1302.88","1107.42"
"07/01/2024 01:00:00 - 07/01/2024 02:00:00","Belgium (BE)","1663.45","1452.93","1452.93","1054.44"
"07/01/2024 02:00:00 - 07/01/2024 03:00:00","Belgium (BE)","1832.53","1440.60","1440.60","1610.97"
"07/01/2024 03:00:00 - 07/01/2024 04:00:00","Belgium (BE)","1922.80","1670.20","1670.20","1895.83"
"07/01/2024 04:00:00 - 07/01/2024 05:00:00","Belgium (BE)","1941.75","2109.15","2109.15","1964.31"
"07/01/2024 05:00:00 - 07/01/2024 06:00:00","Belgium (BE)","1930.63","2089.63","2089.63","2067.60"
"07/01/2024 06:00:00 - 07/01/2024 07:00:00","Belgium (BE)","1904.93","1984.25","1984.25","2055.39"
"07/01/2024 07:00:00 - 07/01/2024 08:00:00","Belgium (BE)","1854.35","1930.35","1930.35","2062.85"
"07/01/2024 08:00:00 - 07/01/2024 09:00:00","Belgium (BE)","1758.23","1729.58","1767.53","2007.34"
"07/01/2024 09:00:00 - 07/01/2024 10:00:00","Belgium (BE)","1649.33","1602.98","1559.23","1791.81"
"07/01/2024 10:00:00 - 07/01/2024 11:00:00","Belgium (BE)","1647.75","1581.68","1448.88","1643.21"
"07/01/2024 11:00:00 - 07/01/2024 12:00:00","Belgium (BE)","1681.85","1594.05","1387.10","1610.78"
"07/01/2024 12:00:00 - 07/01/2024 13:00:00","Belgium (BE)","1659.38","1598.13","1550.70","1608.79"
"07/01/2024 13:00:00 - 07/01/2024 14:00:00","Belgium (BE)","1631.95","1540.23","1651.95","1534.69"
"07/01/2024 14:00:00 - 07/01/2024 15:00:00","Belgium (BE)","1622.95","1515.90","1690.98","1552.03"
"07/01/2024 15:00:00 - 07/01/2024 16:00:00","Belgium (BE)","1691.53","1633.35","1640.83","1665.28"
"07/01/2024 16:00:00 - 07/01/2024 17:00:00","Belgium (BE)","1813.33","1759.63","1728.33","1842.16"
"07/01/2024 17:00:00 - 07/01/2024 18:00:00","Belgium (BE)","1840.95","1787.05","1824.05","1910.89"
"07/01/2024 18:00:00 - 07/01/2024 19:00:00","Belgium (BE)","1800.83","1777.50","1846.83","1936.72"
"07/01/2024 19:00:00 - 07/01/2024 20:00:00","Belgium (BE)","1753.60","1754.03","1839.53","1995.51"
"07/01/2024 20:00:00 - 07/01/2024 21:00:00","Belgium (BE)","1665.50","1703.60","1918.75","1958.82"
"07/01/2024 21:00:00 - 07/01/2024 22:00:00","Belgium (BE)","1565.03","1651.93","1826.03","1964.54"
"07/01/2024 22:00:00 - 07/01/2024 23:00:00","Belgium (BE)","1507.75","1587.68","1700.93","1916.84"
"07/01/2024 23:00:00 - 08/01/2024 00:00:00","Belgium (BE)","1565.75","1559.80","1731.28","1887.85"
"08/01/2024 00:00:00 - 08/01/2024 01:00:00","Belgium (BE)","1818.95","2068.60","2068.60","1989.89"
"08/01/2024 01:00:00 - 08/01/2024 02:00:00","Belgium (BE)","1825.18","1958.63","1958.63","2011.08"
"08/01/2024 02:00:00 - 08/01/2024 03:00:00","Belgium (BE)","1775.80","1989.75","1989.75","2012.36"
"08/01/2024 03:00:00 - 08/01/2024 04:00:00","Belgium (BE)","1753.20","2010.23","2010.23","2033.95"
"08/01/2024 04:00:00 - 08/01/2024 05:00:00","Belgium (BE)","1720.15","1991.58","1991.58","2031.83"
"08/01/2024 05:00:00 - 08/01/2024 06:00:00","Belgium (BE)","1730.03","2054.98","2054.98","2027.81"
"08/01/2024 06:00:00 - 08/01/2024 07:00:00","Belgium (BE)","1827.18","2105.98","2105.98","2038.18"
"08/01/2024 07:00:00 - 08/01/2024 08:00:00","Belgium (BE)","1844.38","1983.40","1983.40","1819.38"
"08/01/2024 08:00:00 - 08/01/2024 09:00:00","Belgium (BE)","1761.18","1753.95","1687.15","1637.86"
"08/01/2024 09:00:00 - 08/01/2024 10:00:00","Belgium (BE)","1679.25","1728.13","1652.73","1827.40"
"08/01/2024 10:00:00 - 08/01/2024 11:00:00","Belgium (BE)","1651.78","1781.65","1735.20","1888.81"
"08/01/2024 11:00:00 - 08/01/2024 12:00:00","Belgium (BE)","1714.85","1800.38","1825.15","1869.13"
"08/01/2024 12:00:00 - 08/01/2024 13:00:00","Belgium (BE)","1790.45","1877.48","2045.15","2062.48"
"08/01/2024 13:00:00 - 08/01/2024 14:00:00","Belgium (BE)","1870.98","1923.33","2037.58","2029.33"
"08/01/2024 14:00:00 - 08/01/2024 15:00:00","Belgium (BE)","1964.95","1917.23","2033.63","1971.99"
"08/01/2024 15:00:00 - 08/01/2024 16:00:00","Belgium (BE)","1986.40","1888.40","1979.15","1986.00"
"08/01/2024 16:00:00 - 08/01/2024 17:00:00","Belgium (BE)","1968.80","1867.60","1969.78","1912.43"
"08/01/2024 17:00:00 - 08/01/2024 18:00:00","Belgium (BE)","1984.10","1928.48","2101.38","2039.85"
"08/01/2024 18:00:00 - 08/01/2024 19:00:00","Belgium (BE)","2005.15","1992.58","2076.45","2068.40"
"08/01/2024 19:00:00 - 08/01/2024 20:00:00","Belgium (BE)","2019.50","2020.63","2077.63","2072.86"
"08/01/2024 20:00:00 - 08/01/2024 21:00:00","Belgium (BE)","2027.25","2032.03","2089.38","2084.36"
"08/01/2024 21:00:00 - 08/01/2024 22:00:00","Belgium (BE)","2023.78","2033.08","2058.65","2080.49"
"08/01/2024 22:00:00 - 08/01/2024 23:00:00","Belgium (BE)","2015.85","2025.50","2016.08","2069.86"
"08/01/2024 23:00:00 - 09/01/2024 00:00:00","Belgium (BE)","2021.05","2019.20","1984.40","2051.11"
"09/01/2024 00:00:00 - 09/01/2024 01:00:00","Belgium (BE)","1979.05","2055.23","2055.23","2035.17"
"09/01/2024 01:00:00 - 09/01/2024 02:00:00","Belgium (BE)","1960.75","2039.43","2039.43","2041.53"
"09/01/2024 02:00:00 - 09/01/2024 03:00:00","Belgium (BE)","1912.00","1988.98","1988.98","2059.34"
"09/01/2024 03:00:00 - 09/01/2024 04:00:00","Belgium (BE)","1837.98","1956.38","1956.38","2042.87"
"09/01/2024 04:00:00 - 09/01/2024 05:00:00","Belgium (BE)","1752.80","1919.65","1919.65","1913.22"
"09/01/2024 05:00:00 - 09/01/2024 06:00:00","Belgium (BE)","1697.43","1898.33","1898.33","1832.20"
"09/01/2024 06:00:00 - 09/01/2024 07:00:00","Belgium (BE)","1666.50","1883.60","1883.60","1778.37"
"09/01/2024 07:00:00 - 09/01/2024 08:00:00","Belgium (BE)","1641.35","1832.50","1832.50","1590.48"
"09/01/2024 08:00:00 - 09/01/2024 09:00:00","Belgium (BE)","1623.10","1783.88","1769.40","1526.66"
"09/01/2024 09:00:00 - 09/01/2024 10:00:00","Belgium (BE)","1639.20","1765.58","1645.65","1572.41"
"09/01/2024 10:00:00 - 09/01/2024 11:00:00","Belgium (BE)","1685.90","1808.80","1625.73","1746.87"
"09/01/2024 11:00:00 - 09/01/2024 12:00:00","Belgium (BE)","1704.05","1838.33","1672.65","1598.39"
"09/01/2024 12:00:00 - 09/01/2024 13:00:00","Belgium (BE)","1641.15","1783.78","1752.43","1533.48"
"09/01/2024 13:00:00 - 09/01/2024 14:00:00","Belgium (BE)","1507.10","1681.58","1590.05","1395.46"
"09/01/2024 14:00:00 - 09/01/2024 15:00:00","Belgium (BE)","1437.30","1672.45","1646.80","1558.46"
"09/01/2024 15:00:00 - 09/01/2024 16:00:00","Belgium (BE)","1498.38","1740.00","1663.73","1844.81"
"09/01/2024 16:00:00 - 09/01/2024 17:00:00","Belgium (BE)","1655.05","1848.03","1850.68","1981.71"
"09/01/2024 17:00:00 - 09/01/2024 18:00:00","Belgium (BE)","1804.15","1970.60","2018.75","2068.31"
"09/01/2024 18:00:00 - 09/01/2024 19:00:00","Belgium (BE)","1879.48","2033.05","2088.23","2078.52"
"09/01/2024 19:00:00 - 09/01/2024 20:00:00","Belgium (BE)","1903.70","2037.30","2085.38","1623.24"
"09/01/2024 20:00:00 - 09/01/2024 21:00:00","Belgium (BE)","1882.75","2003.15","2034.13","1862.83"
"09/01/2024 21:00:00 - 09/01/2024 22:00:00","Belgium (BE)","1847.23","1948.03","1934.78","1848.05"
"09/01/2024 22:00:00 - 09/01/2024 23:00:00","Belgium (BE)","1819.73","1888.43","1822.93","1741.83"
"09/01/2024 23:00:00 - 10/01/2024 00:00:00","Belgium (BE)","1776.48","1793.68","1724.70","1500.10"
"10/01/2024 00:00:00 - 10/01/2024 01:00:00","Belgium (BE)","1588.48","1501.15","1501.15","1256.11"
"10/01/2024 01:00:00 - 10/01/2024 02:00:00","Belgium (BE)","1407.75","1211.70","1211.70","1071.84"
"10/01/2024 02:00:00 - 10/01/2024 03:00:00","Belgium (BE)","1270.95","945.35","945.35","1011.82"
"10/01/2024 03:00:00 - 10/01/2024 04:00:00","Belgium (BE)","1213.18","885.28","885.28","922.47"
"10/01/2024 04:00:00 - 10/01/2024 05:00:00","Belgium (BE)","1178.03","873.33","873.33","990.18"
"10/01/2024 05:00:00 - 10/01/2024 06:00:00","Belgium (BE)","1159.48","832.65","832.65","869.91"
"10/01/2024 06:00:00 - 10/01/2024 07:00:00","Belgium (BE)","1196.18","981.70","981.70","861.23"
"10/01/2024 07:00:00 - 10/01/2024 08:00:00","Belgium (BE)","1212.18","974.63","974.63","852.30"
"10/01/2024 08:00:00 - 10/01/2024 09:00:00","Belgium (BE)","1169.75","989.13","941.25","887.40"
"10/01/2024 09:00:00 - 10/01/2024 10:00:00","Belgium (BE)","1095.63","932.95","852.98","936.38"
"10/01/2024 10:00:00 - 10/01/2024 11:00:00","Belgium (BE)","962.50","861.50","869.05","1211.33"
"10/01/2024 11:00:00 - 10/01/2024 12:00:00","Belgium (BE)","770.95","759.65","831.33","917.80"
"10/01/2024 12:00:00 - 10/01/2024 13:00:00","Belgium (BE)","577.20","594.03","862.28","552.56"
"10/01/2024 13:00:00 - 10/01/2024 14:00:00","Belgium (BE)","470.43","506.83","544.23","416.79"
"10/01/2024 14:00:00 - 10/01/2024 15:00:00","Belgium (BE)","465.63","535.88","441.73","483.34"
"10/01/2024 15:00:00 - 10/01/2024 16:00:00","Belgium (BE)","508.93","604.80","484.80","634.71"
"10/01/2024 16:00:00 - 10/01/2024 17:00:00","Belgium (BE)","560.13","676.65","609.83","774.53"
"10/01/2024 17:00:00 - 10/01/2024 18:00:00","Belgium (BE)","628.05","711.85","728.45","937.65"
"10/01/2024 18:00:00 - 10/01/2024 19:00:00","Belgium (BE)","668.85","712.18","850.35","993.91"
"10/01/2024 19:00:00 - 10/01/2024 20:00:00","Belgium (BE)","626.43","639.28","899.55","927.62"
"10/01/2024 20:00:00 - 10/01/2024 21:00:00","Belgium (BE)","528.80","510.70","767.48","806.22"
"10/01/2024 21:00:00 - 10/01/2024 22:00:00","Belgium (BE)","440.50","393.83","585.00","749.41"
"10/01/2024 22:00:00 - 10/01/2024 23:00:00","Belgium (BE)","371.08","301.73","457.50","568.38"
"10/01/2024 23:00:00 - 11/01/2024 00:00:00","Belgium (BE)","287.28","255.28","379.73","482.68"
"11/01/2024 00:00:00 - 11/01/2024 01:00:00","Belgium (BE)","293.70","478.13","478.13","375.42"
"11/01/2024 01:00:00 - 11/01/2024 02:00:00","Belgium (BE)","236.08","373.53","373.53","251.54"
"11/01/2024 02:00:00 - 11/01/2024 03:00:00","Belgium (BE)","199.28","244.28","244.28","217.47"
"11/01/2024 03:00:00 - 11/01/2024 04:00:00","Belgium (BE)","180.43","167.48","167.48","224.26"
"11/01/2024 04:00:00 - 11/01/2024 05:00:00","Belgium (BE)","180.65","165.63","165.63","224.31"
"11/01/2024 05:00:00 - 11/01/2024 06:00:00","Belgium (BE)","226.73","251.33","251.33","332.89"
"11/01/2024 06:00:00 - 11/01/2024 07:00:00","Belgium (BE)","336.68","444.23","444.23","568.07"
"11/01/2024 07:00:00 - 11/01/2024 08:00:00","Belgium (BE)","466.48","639.05","639.05","571.21"
"11/01/2024 08:00:00 - 11/01/2024 09:00:00","Belgium (BE)","482.98","554.23","609.10","541.01"
"11/01/2024 09:00:00 - 11/01/2024 10:00:00","Belgium (BE)","455.38","465.05","462.23","677.02"
"11/01/2024 10:00:00 - 11/01/2024 11:00:00","Belgium (BE)","515.55","517.35","502.68","646.51"
"11/01/2024 11:00:00 - 11/01/2024 12:00:00","Belgium (BE)","515.90","503.38","445.15","621.70"
"11/01/2024 12:00:00 - 11/01/2024 13:00:00","Belgium (BE)","475.20","382.25","497.25","541.89"
"11/01/2024 13:00:00 - 11/01/2024 14:00:00","Belgium (BE)","425.93","341.60","510.10","625.73"
"11/01/2024 14:00:00 - 11/01/2024 15:00:00","Belgium (BE)","394.80","472.30","558.38","699.79"
"11/01/2024 15:00:00 - 11/01/2024 16:00:00","Belgium (BE)","428.18","614.18","682.88","654.14"
"11/01/2024 16:00:00 - 11/01/2024 17:00:00","Belgium (BE)","485.58","666.85","748.23","630.79"
"11/01/2024 17:00:00 - 11/01/2024 18:00:00","Belgium (BE)","586.68","849.10","790.08","910.87"
"11/01/2024 18:00:00 - 11/01/2024 19:00:00","Belgium (BE)","638.78","957.48","911.20","802.91"
"11/01/2024 19:00:00 - 11/01/2024 20:00:00","Belgium (BE)","645.25","968.90","1106.18","952.59"
"11/01/2024 20:00:00 - 11/01/2024 21:00:00","Belgium (BE)","694.23","1037.65","1043.90","1003.82"
"11/01/2024 21:00:00 - 11/01/2024 22:00:00","Belgium (BE)","746.28","1047.75","1027.73","1003.67"
"11/01/2024 22:00:00 - 11/01/2024 23:00:00","Belgium (BE)","745.20","944.63","926.35","969.88"
"11/01/2024 23:00:00 - 12/01/2024 00:00:00","Belgium (BE)","720.33","889.65","840.63","902.59"
"12/01/2024 00:00:00 - 12/01/2024 01:00:00","Belgium (BE)","806.45","831.38","831.38","866.46"
"12/01/2024 01:00:00 - 12/01/2024 02:00:00","Belgium (BE)","843.85","858.90","858.90","979.33"
"12/01/2024 02:00:00 - 12/01/2024 03:00:00","Belgium (BE)","910.30","1018.83","1018.83","1017.26"
"12/01/2024 03:00:00 - 12/01/2024 04:00:00","Belgium (BE)","895.80","1057.25","1057.25","1032.15"
"12/01/2024 04:00:00 - 12/01/2024 05:00:00","Belgium (BE)","803.23","910.95","910.95","921.38"
"12/01/2024 05:00:00 - 12/01/2024 06:00:00","Belgium (BE)","744.38","754.58","754.58","844.52"
"12/01/2024 06:00:00 - 12/01/2024 07:00:00","Belgium (BE)","680.00","535.23","535.23","786.36"
"12/01/2024 07:00:00 - 12/01/2024 08:00:00","Belgium (BE)","657.68","478.00","478.00","857.20"
"12/01/2024 08:00:00 - 12/01/2024 09:00:00","Belgium (BE)","679.20","447.33","551.75","984.97"
"12/01/2024 09:00:00 - 12/01/2024 10:00:00","Belgium (BE)","692.23","397.60","797.38","903.03"
"12/01/2024 10:00:00 - 12/01/2024 11:00:00","Belgium (BE)","639.25","429.53","611.13","724.51"
"12/01/2024 11:00:00 - 12/01/2024 12:00:00","Belgium (BE)","509.35","413.10","471.40","601.28"
"12/01/2024 12:00:00 - 12/01/2024 13:00:00","Belgium (BE)","400.15","354.83","530.33","437.60"
"12/01/2024 13:00:00 - 12/01/2024 14:00:00","Belgium (BE)","339.33","412.45","501.15","381.70"
"12/01/2024 14:00:00 - 12/01/2024 15:00:00","Belgium (BE)","337.85","384.08","341.00","316.10"
"12/01/2024 15:00:00 - 12/01/2024 16:00:00","Belgium (BE)","364.83","313.03","284.35","193.16"
"12/01/2024 16:00:00 - 12/01/2024 17:00:00","Belgium (BE)","309.95","285.38","202.58","187.72"
"12/01/2024 17:00:00 - 12/01/2024 18:00:00","Belgium (BE)","211.78","231.50","109.73","123.78"
"12/01/2024 18:00:00 - 12/01/2024 19:00:00","Belgium (BE)","163.90","170.10","108.10","135.91"
"12/01/2024 19:00:00 - 12/01/2024 20:00:00","Belgium (BE)","134.80","116.63","93.83","86.00"
"12/01/2024 20:00:00 - 12/01/2024 21:00:00","Belgium (BE)","93.38","91.05","67.68","33.36"
"12/01/2024 21:00:00 - 12/01/2024 22:00:00","Belgium (BE)","39.25","66.05","46.45","2.71"
"12/01/2024 22:00:00 - 12/01/2024 23:00:00","Belgium (BE)","10.03","26.28","31.78"," "
"12/01/2024 23:00:00 - 13/01/2024 00:00:00","Belgium (BE)","9.93","15.03","36.50"," "
"13/01/2024 00:00:00 - 13/01/2024 01:00:00","Belgium (BE)","36.65","21.10","21.10"," "
"13/01/2024 01:00:00 - 13/01/2024 02:00:00","Belgium (BE)","57.08","30.75","30.75","35.01"
"13/01/2024 02:00:00 - 13/01/2024 03:00:00","Belgium (BE)","91.33","58.23","58.23","122.13"
"13/01/2024 03:00:00 - 13/01/2024 04:00:00","Belgium (BE)","166.13","159.58","159.58","208.91"
"13/01/2024 04:00:00 - 13/01/2024 05:00:00","Belgium (BE)","323.55","324.03","324.03","325.28"
"13/01/2024 05:00:00 - 13/01/2024 06:00:00","Belgium (BE)","498.28","505.45","505.45","504.96"
"13/01/2024 06:00:00 - 13/01/2024 07:00:00","Belgium (BE)","592.33","685.20","685.20","839.87"
"13/01/2024 07:00:00 - 13/01/2024 08:00:00","Belgium (BE)","633.55","761.68","761.68","852.43"
"13/01/2024 08:00:00 - 13/01/2024 09:00:00","Belgium (BE)","747.73","805.00","819.88","949.75"
"13/01/2024 09:00:00 - 13/01/2024 10:00:00","Belgium (BE)","927.98","953.80","952.30","903.39"
"13/01/2024 10:00:00 - 13/01/2024 11:00:00","Belgium (BE)","946.90","902.33","991.38","645.75"
"13/01/2024 11:00:00 - 13/01/2024 12:00:00","Belgium (BE)","821.28","703.63","811.28","499.37"
"13/01/2024 12:00:00 - 13/01/2024 13:00:00","Belgium (BE)","627.75","513.28","454.85","383.09"
"13/01/2024 13:00:00 - 13/01/2024 14:00:00","Belgium (BE)","452.70","382.70","336.63","251.87"
"13/01/2024 14:00:00 - 13/01/2024 15:00:00","Belgium (BE)","327.63","271.08","198.38","209.66"
"13/01/2024 15:00:00 - 13/01/2024 16:00:00","Belgium (BE)","256.98","204.65","108.55","149.78"
"13/01/2024 16:00:00 - 13/01/2024 17:00:00","Belgium (BE)","240.48","204.30","131.88","174.39"
"13/01/2024 17:00:00 - 13/01/2024 18:00:00","Belgium (BE)","241.58","227.30","144.70","192.19"
"13/01/2024 18:00:00 - 13/01/2024 19:00:00","Belgium (BE)","267.98","288.63","155.85","256.62"
"13/01/2024 19:00:00 - 13/01/2024 20:00:00","Belgium (BE)","347.75","353.08","230.45","260.57"
"13/01/2024 20:00:00 - 13/01/2024 21:00:00","Belgium (BE)","447.23","372.40","365.18","269.17"
"13/01/2024 21:00:00 - 13/01/2024 22:00:00","Belgium (BE)","502.88","365.75","357.48","242.76"
"13/01/2024 22:00:00 - 13/01/2024 23:00:00","Belgium (BE)","460.83","376.03","304.43","352.99"
"13/01/2024 23:00:00 - 14/01/2024 00:00:00","Belgium (BE)","437.03","457.33","350.70","623.83"
"14/01/2024 00:00:00 - 14/01/2024 01:00:00","Belgium (BE)","503.93","568.00","568.00","623.65"
"14/01/2024 01:00:00 - 14/01/2024 02:00:00","Belgium (BE)","612.10","711.23","711.23","553.81"
"14/01/2024 02:00:00 - 14/01/2024 03:00:00","Belgium (BE)","558.90","500.55","500.55","614.92"
"14/01/2024 03:00:00 - 14/01/2024 04:00:00","Belgium (BE)","414.33","505.98","505.98","906.00"
"14/01/2024 04:00:00 - 14/01/2024 05:00:00","Belgium (BE)","345.15","446.90","446.90","1142.07"
"14/01/2024 05:00:00 - 14/01/2024 06:00:00","Belgium (BE)","409.05","535.85","535.85","1052.36"
"14/01/2024 06:00:00 - 14/01/2024 07:00:00","Belgium (BE)","443.10","803.83","803.83","1004.31"
"14/01/2024 07:00:00 - 14/01/2024 08:00:00","Belgium (BE)","393.63","879.38","879.38","931.16"
"14/01/2024 08:00:00 - 14/01/2024 09:00:00","Belgium (BE)","359.05","767.28","824.08","793.02"
"14/01/2024 09:00:00 - 14/01/2024 10:00:00","Belgium (BE)","340.25","630.80","677.43","857.28"
"14/01/2024 10:00:00 - 14/01/2024 11:00:00","Belgium (BE)","336.75","615.83","671.58","984.18"
"14/01/2024 11:00:00 - 14/01/2024 12:00:00","Belgium (BE)","336.15","551.15","673.28","986.84"
"14/01/2024 12:00:00 - 14/01/2024 13:00:00","Belgium (BE)","355.65","475.73","875.48","1083.22"
"14/01/2024 13:00:00 - 14/01/2024 14:00:00","Belgium (BE)","426.55","415.88","788.45","960.85"
"14/01/2024 14:00:00 - 14/01/2024 15:00:00","Belgium (BE)","515.20","472.20","833.58","664.07"
"14/01/2024 15:00:00 - 14/01/2024 16:00:00","Belgium (BE)","564.70","613.53","893.60","618.26"
"14/01/2024 16:00:00 - 14/01/2024 17:00:00","Belgium (BE)","621.88","780.98","852.20","584.57"
"14/01/2024 17:00:00 - 14/01/2024 18:00:00","Belgium (BE)","807.05","994.63","1066.33","927.08"
"14/01/2024 18:00:00 - 14/01/2024 19:00:00","Belgium (BE)","1050.18","1240.93","1210.18","1476.50"
"14/01/2024 19:00:00 - 14/01/2024 20:00:00","Belgium (BE)","1320.95","1477.18","1444.50","1646.51"
"14/01/2024 20:00:00 - 14/01/2024 21:00:00","Belgium (BE)","1541.15","1660.45","1803.10","1707.04"
"14/01/2024 21:00:00 - 14/01/2024 22:00:00","Belgium (BE)","1609.18","1772.75","1868.98","1671.34"
"14/01/2024 22:00:00 - 14/01/2024 23:00:00","Belgium (BE)","1612.33","1780.03","1875.68","1477.80"
"14/01/2024 23:00:00 - 15/01/2024 00:00:00","Belgium (BE)","1631.93","1742.95","1803.25","1735.87"
"15/01/2024 00:00:00 - 15/01/2024 01:00:00","Belgium (BE)","1729.55","1469.83","1469.83","1539.63"
"15/01/2024 01:00:00 - 15/01/2024 02:00:00","Belgium (BE)","1743.15","1807.98","1783.13","1356.03"
"15/01/2024 02:00:00 - 15/01/2024 03:00:00","Belgium (BE)","1772.38","1593.60","1593.60","1147.59"
"15/01/2024 03:00:00 - 15/01/2024 04:00:00","Belgium (BE)","1798.90","1474.40","1474.40","1369.86"
"15/01/2024 04:00:00 - 15/01/2024 05:00:00","Belgium (BE)","1834.58","1347.68","1347.68","1366.41"
"15/01/2024 05:00:00 - 15/01/2024 06:00:00","Belgium (BE)","1894.63","1623.73","1623.73","1525.43"
"15/01/2024 06:00:00 - 15/01/2024 07:00:00","Belgium (BE)","1945.03","1659.50","1659.50","1560.15"
"15/01/2024 07:00:00 - 15/01/2024 08:00:00","Belgium (BE)","1986.25","1754.18","1753.90","1674.71"
"15/01/2024 08:00:00 - 15/01/2024 09:00:00","Belgium (BE)","2015.55","1862.58","1783.60","1795.37"
"15/01/2024 09:00:00 - 15/01/2024 10:00:00","Belgium (BE)","2037.05","1942.05","1819.03","1745.67"
"15/01/2024 10:00:00 - 15/01/2024 11:00:00","Belgium (BE)","2055.90","1999.30","1868.00","1765.09"
"15/01/2024 11:00:00 - 15/01/2024 12:00:00","Belgium (BE)","2067.20","2058.83","1900.03","1860.18"
"15/01/2024 12:00:00 - 15/01/2024 13:00:00","Belgium (BE)","2069.58","2069.90","1890.65","1901.98"
"15/01/2024 13:00:00 - 15/01/2024 14:00:00","Belgium (BE)","2067.68","2066.33","1923.08","1909.22"
"15/01/2024 14:00:00 - 15/01/2024 15:00:00","Belgium (BE)","2064.70","2060.35","1932.58","1869.84"
"15/01/2024 15:00:00 - 15/01/2024 16:00:00","Belgium (BE)","2062.83","2048.08","1925.20","1822.84"
"15/01/2024 16:00:00 - 15/01/2024 17:00:00","Belgium (BE)","2061.58","2033.25","1895.33","1791.36"
"15/01/2024 17:00:00 - 15/01/2024 18:00:00","Belgium (BE)","2057.10","2024.90","1876.03","1795.91"
"15/01/2024 18:00:00 - 15/01/2024 19:00:00","Belgium (BE)","2054.35","2021.35","1844.53","1766.43"
"15/01/2024 19:00:00 - 15/01/2024 20:00:00","Belgium (BE)","2042.08","1992.18","1810.80","1669.05"
"15/01/2024 20:00:00 - 15/01/2024 21:00:00","Belgium (BE)","1994.60","1885.38","1666.75","1537.33"
"15/01/2024 21:00:00 - 15/01/2024 22:00:00","Belgium (BE)","1883.05","1679.68","1527.18","1232.31"
"15/01/2024 22:00:00 - 15/01/2024 23:00:00","Belgium (BE)","1739.93","1503.93","1353.63","910.05"
"15/01/2024 23:00:00 - 16/01/2024 00:00:00","Belgium (BE)","1631.08","1356.20","1163.43","815.67"
"16/01/2024 00:00:00 - 16/01/2024 01:00:00","Belgium (BE)","957.25","635.70","635.70","584.66"
"16/01/2024 01:00:00 - 16/01/2024 02:00:00","Belgium (BE)","714.85","493.05","493.05","467.66"
"16/01/2024 02:00:00 - 16/01/2024 03:00:00","Belgium (BE)","501.43","213.48","213.48","345.74"
"16/01/2024 03:00:00 - 16/01/2024 04:00:00","Belgium (BE)","360.20","327.43","327.43","360.58"
"16/01/2024 04:00:00 - 16/01/2024 05:00:00","Belgium (BE)","307.23","321.78","321.78","282.64"
"16/01/2024 05:00:00 - 16/01/2024 06:00:00","Belgium (BE)","299.65","358.15","358.15","358.73"
"16/01/2024 06:00:00 - 16/01/2024 07:00:00","Belgium (BE)","326.08","368.23","368.23","522.52"
"16/01/2024 07:00:00 - 16/01/2024 08:00:00","Belgium (BE)","381.05","488.80","488.80","647.96"
"16/01/2024 08:00:00 - 16/01/2024 09:00:00","Belgium (BE)","466.05","568.23","662.68","701.12"
"16/01/2024 09:00:00 - 16/01/2024 10:00:00","Belgium (BE)","500.58","598.20","616.80","623.10"
"16/01/2024 10:00:00 - 16/01/2024 11:00:00","Belgium (BE)","472.30","582.25","560.53","543.73"
"16/01/2024 11:00:00 - 16/01/2024 12:00:00","Belgium (BE)","482.20","565.38","476.60","557.17"
"16/01/2024 12:00:00 - 16/01/2024 13:00:00","Belgium (BE)","472.90","478.20","428.30","532.59"
"16/01/2024 13:00:00 - 16/01/2024 14:00:00","Belgium (BE)","397.28","407.85","461.38","502.67"
"16/01/2024 14:00:00 - 16/01/2024 15:00:00","Belgium (BE)","326.43","397.15","441.23","384.29"
"16/01/2024 15:00:00 - 16/01/2024 16:00:00","Belgium (BE)","319.00","397.03","412.50","401.54"
"16/01/2024 16:00:00 - 16/01/2024 17:00:00","Belgium (BE)","315.45","414.25","376.93","581.34"
"16/01/2024 17:00:00 - 16/01/2024 18:00:00","Belgium (BE)","322.60","419.00","453.93","727.38"
"16/01/2024 18:00:00 - 16/01/2024 19:00:00","Belgium (BE)","392.73","413.70","612.30","908.52"
"16/01/2024 19:00:00 - 16/01/2024 20:00:00","Belgium (BE)","492.70","507.43","881.30","1154.17"
"16/01/2024 20:00:00 - 16/01/2024 21:00:00","Belgium (BE)","635.40","832.98","1241.08","1586.97"
"16/01/2024 21:00:00 - 16/01/2024 22:00:00","Belgium (BE)","825.58","1185.00","1405.68","1697.29"
"16/01/2024 22:00:00 - 16/01/2024 23:00:00","Belgium (BE)","865.35","1300.68","1451.60","1403.01"
"16/01/2024 23:00:00 - 17/01/2024 00:00:00","Belgium (BE)","887.15","1282.78","1254.65","1573.79"
"17/01/2024 00:00:00 - 17/01/2024 01:00:00","Belgium (BE)","1051.48","1206.15","1206.15","1460.00"
"17/01/2024 01:00:00 - 17/01/2024 02:00:00","Belgium (BE)","946.25","1319.75","1319.75","1129.82"
"17/01/2024 02:00:00 - 17/01/2024 03:00:00","Belgium (BE)","706.05","1131.83","1131.83","1017.42"
"17/01/2024 03:00:00 - 17/01/2024 04:00:00","Belgium (BE)","444.65","596.50","596.50","649.99"
"17/01/2024 04:00:00 - 17/01/2024 05:00:00","Belgium (BE)","286.25","456.53","456.53","366.91"
"17/01/2024 05:00:00 - 17/01/2024 06:00:00","Belgium (BE)","173.78","285.78","285.78","231.22"
"17/01/2024 06:00:00 - 17/01/2024 07:00:00","Belgium (BE)","110.08","182.68","182.68","195.29"
"17/01/2024 07:00:00 - 17/01/2024 08:00:00","Belgium (BE)","104.60","185.38","185.38","106.50"
"17/01/2024 08:00:00 - 17/01/2024 09:00:00","Belgium (BE)","99.95","130.63","119.85","91.64"
"17/01/2024 09:00:00 - 17/01/2024 10:00:00","Belgium (BE)","56.28","79.73","49.28","24.10"
"17/01/2024 10:00:00 - 17/01/2024 11:00:00","Belgium (BE)","6.15","19.05","30.33"," "
"17/01/2024 11:00:00 - 17/01/2024 12:00:00","Belgium (BE)","0.00","0.00","12.13"," "
"17/01/2024 12:00:00 - 17/01/2024 13:00:00","Belgium (BE)","0.00","0.00","2.00"," "
"17/01/2024 13:00:00 - 17/01/2024 14:00:00","Belgium (BE)","0.00","0.00","4.55"," "
"17/01/2024 14:00:00 - 17/01/2024 15:00:00","Belgium (BE)","0.00","0.00","17.33"," "
"17/01/2024 15:00:00 - 17/01/2024 16:00:00","Belgium (BE)","0.00","0.00","33.20"," "
"17/01/2024 16:00:00 - 17/01/2024 17:00:00","Belgium (BE)","37.40","24.53","29.20"," "
"17/01/2024 17:00:00 - 17/01/2024 18:00:00","Belgium (BE)","272.58","29.50","29.98"," "
"17/01/2024 18:00:00 - 17/01/2024 19:00:00","Belgium (BE)","510.70","54.43","39.00","67.55"
"17/01/2024 19:00:00 - 17/01/2024 20:00:00","Belgium (BE)","1045.50","335.90","69.38","677.09"
"17/01/2024 20:00:00 - 17/01/2024 21:00:00","Belgium (BE)","981.93","776.20","246.03","930.07"
"17/01/2024 21:00:00 - 17/01/2024 22:00:00","Belgium (BE)","818.90","782.08","570.13","793.77"
"17/01/2024 22:00:00 - 17/01/2024 23:00:00","Belgium (BE)","730.85","617.78","638.60","856.96"
"17/01/2024 23:00:00 - 18/01/2024 00:00:00","Belgium (BE)","557.33","552.38","525.05","787.09"
"18/01/2024 00:00:00 - 18/01/2024 01:00:00","Belgium (BE)","494.73","654.70","654.70","667.55"
"18/01/2024 01:00:00 - 18/01/2024 02:00:00","Belgium (BE)","513.30","703.55","703.55","593.40"
"18/01/2024 02:00:00 - 18/01/2024 03:00:00","Belgium (BE)","482.95","437.10","437.10","565.34"
"18/01/2024 03:00:00 - 18/01/2024 04:00:00","Belgium (BE)","476.90","426.78","426.78","764.94"
"18/01/2024 04:00:00 - 18/01/2024 05:00:00","Belgium (BE)","436.38","607.25","607.25","603.68"
"18/01/2024 05:00:00 - 18/01/2024 06:00:00","Belgium (BE)","440.75","867.45","867.45","630.99"
"18/01/2024 06:00:00 - 18/01/2024 07:00:00","Belgium (BE)","606.80","636.68","636.68","952.58"
"18/01/2024 07:00:00 - 18/01/2024 08:00:00","Belgium (BE)","659.73","701.20","701.20","956.46"
"18/01/2024 08:00:00 - 18/01/2024 09:00:00","Belgium (BE)","600.00","874.78","1031.28","613.40"
"18/01/2024 09:00:00 - 18/01/2024 10:00:00","Belgium (BE)","618.25","962.35","1107.05","703.05"
"18/01/2024 10:00:00 - 18/01/2024 11:00:00","Belgium (BE)","797.25","941.98","872.00","977.11"
"18/01/2024 11:00:00 - 18/01/2024 12:00:00","Belgium (BE)","864.40","944.40","933.95","812.41"
"18/01/2024 12:00:00 - 18/01/2024 13:00:00","Belgium (BE)","824.75","953.58","1039.55","768.22"
"18/01/2024 13:00:00 - 18/01/2024 14:00:00","Belgium (BE)","882.50","928.68","831.30","689.85"
"18/01/2024 14:00:00 - 18/01/2024 15:00:00","Belgium (BE)","863.70","824.68","732.60","339.66"
"18/01/2024 15:00:00 - 18/01/2024 16:00:00","Belgium (BE)","877.58","689.55","544.85","468.41"
"18/01/2024 16:00:00 - 18/01/2024 17:00:00","Belgium (BE)","899.25","576.00","196.63","152.41"
"18/01/2024 17:00:00 - 18/01/2024 18:00:00","Belgium (BE)","862.55","513.73","258.68","263.85"
"18/01/2024 18:00:00 - 18/01/2024 19:00:00","Belgium (BE)","732.88","454.48","107.48","417.33"
"18/01/2024 19:00:00 - 18/01/2024 20:00:00","Belgium (BE)","589.25","500.05","207.50","769.68"
"18/01/2024 20:00:00 - 18/01/2024 21:00:00","Belgium (BE)","625.58","605.88","401.33","616.80"
"18/01/2024 21:00:00 - 18/01/2024 22:00:00","Belgium (BE)","760.75","673.60","480.48","521.78"
"18/01/2024 22:00:00 - 18/01/2024 23:00:00","Belgium (BE)","913.48","759.33","575.73","620.86"
"18/01/2024 23:00:00 - 19/01/2024 00:00:00","Belgium (BE)","1114.55","942.70","803.28","804.93"
"19/01/2024 00:00:00 - 19/01/2024 01:00:00","Belgium (BE)","920.25","883.23","883.23","861.62"
"19/01/2024 01:00:00 - 19/01/2024 02:00:00","Belgium (BE)","936.85","817.73","817.73","737.31"
"19/01/2024 02:00:00 - 19/01/2024 03:00:00","Belgium (BE)","1061.08","965.35","965.35","900.15"
"19/01/2024 03:00:00 - 19/01/2024 04:00:00","Belgium (BE)","1186.35","930.80","930.80","801.04"
"19/01/2024 04:00:00 - 19/01/2024 05:00:00","Belgium (BE)","1175.50","958.50","958.50","881.54"
"19/01/2024 05:00:00 - 19/01/2024 06:00:00","Belgium (BE)","1001.90","724.78","724.78","742.82"
"19/01/2024 06:00:00 - 19/01/2024 07:00:00","Belgium (BE)","752.18","603.75","603.75","511.55"
"19/01/2024 07:00:00 - 19/01/2024 08:00:00","Belgium (BE)","511.55","359.40","359.40","372.50"
"19/01/2024 08:00:00 - 19/01/2024 09:00:00","Belgium (BE)","372.80","243.63","156.40","247.51"
"19/01/2024 09:00:00 - 19/01/2024 10:00:00","Belgium (BE)","339.18","218.60","180.95","204.67"
"19/01/2024 10:00:00 - 19/01/2024 11:00:00","Belgium (BE)","308.08","250.98","224.23","304.90"
"19/01/2024 11:00:00 - 19/01/2024 12:00:00","Belgium (BE)","305.98","357.90","336.50","374.39"
"19/01/2024 12:00:00 - 19/01/2024 13:00:00","Belgium (BE)","378.48","495.28","523.93","587.43"
"19/01/2024 13:00:00 - 19/01/2024 14:00:00","Belgium (BE)","481.13","543.13","566.93","698.80"
"19/01/2024 14:00:00 - 19/01/2024 15:00:00","Belgium (BE)","556.80","517.93","696.53","714.36"
"19/01/2024 15:00:00 - 19/01/2024 16:00:00","Belgium (BE)","615.08","588.68","849.08","805.52"
"19/01/2024 16:00:00 - 19/01/2024 17:00:00","Belgium (BE)","691.20","708.18","875.25","808.37"
"19/01/2024 17:00:00 - 19/01/2024 18:00:00","Belgium (BE)","757.50","766.13","878.78","873.52"
"19/01/2024 18:00:00 - 19/01/2024 19:00:00","Belgium (BE)","789.55","814.90","903.65","906.03"
"19/01/2024 19:00:00 - 19/01/2024 20:00:00","Belgium (BE)","851.45","879.08","1028.00","986.84"
"19/01/2024 20:00:00 - 19/01/2024 21:00:00","Belgium (BE)","945.25","932.28","1029.73","1117.33"
"19/01/2024 21:00:00 - 19/01/2024 22:00:00","Belgium (BE)","1018.63","971.18","1039.48","1122.60"
"19/01/2024 22:00:00 - 19/01/2024 23:00:00","Belgium (BE)","1050.18","991.60","1121.55","1477.97"
"19/01/2024 23:00:00 - 20/01/2024 00:00:00","Belgium (BE)","1064.60","996.15","1192.78","1530.22"
"20/01/2024 00:00:00 - 20/01/2024 01:00:00","Belgium (BE)","1297.35","1596.33","1596.33","1677.90"
"20/01/2024 01:00:00 - 20/01/2024 02:00:00","Belgium (BE)","1508.88","1671.55","1671.55","1593.70"
"20/01/2024 02:00:00 - 20/01/2024 03:00:00","Belgium (BE)","1601.70","1582.53","1582.53","1323.49"
"20/01/2024 03:00:00 - 20/01/2024 04:00:00","Belgium (BE)","1456.20","1628.33","1628.33","1233.28"
"20/01/2024 04:00:00 - 20/01/2024 05:00:00","Belgium (BE)","1244.15","1341.25","1341.25","1281.41"
"20/01/2024 05:00:00 - 20/01/2024 06:00:00","Belgium (BE)","1226.85","1383.60","1383.60","1482.18"
"20/01/2024 06:00:00 - 20/01/2024 07:00:00","Belgium (BE)","1383.00","1448.23","1448.23","1585.81"
"20/01/2024 07:00:00 - 20/01/2024 08:00:00","Belgium (BE)","1485.90","1574.88","1574.88","1769.95"
"20/01/2024 08:00:00 - 20/01/2024 09:00:00","Belgium (BE)","1590.85","1713.75","1708.68","1845.48"
"20/01/2024 09:00:00 - 20/01/2024 10:00:00","Belgium (BE)","1734.95","1797.23","1823.40","1885.67"
"20/01/2024 10:00:00 - 20/01/2024 11:00:00","Belgium (BE)","1742.18","1757.63","1781.63","1879.72"
"20/01/2024 11:00:00 - 20/01/2024 12:00:00","Belgium (BE)","1662.35","1681.75","1710.88","1752.28"
"20/01/2024 12:00:00 - 20/01/2024 13:00:00","Belgium (BE)","1631.88","1647.28","1738.73","1661.41"
"20/01/2024 13:00:00 - 20/01/2024 14:00:00","Belgium (BE)","1607.53","1605.95","1687.90","1734.93"
"20/01/2024 14:00:00 - 20/01/2024 15:00:00","Belgium (BE)","1540.60","1531.38","1628.40","1797.80"
"20/01/2024 15:00:00 - 20/01/2024 16:00:00","Belgium (BE)","1461.68","1513.00","1683.08","1635.66"
"20/01/2024 16:00:00 - 20/01/2024 17:00:00","Belgium (BE)","1472.20","1526.98","1696.55","1626.51"
"20/01/2024 17:00:00 - 20/01/2024 18:00:00","Belgium (BE)","1532.38","1558.73","1592.43","1757.07"
"20/01/2024 18:00:00 - 20/01/2024 19:00:00","Belgium (BE)","1577.48","1629.08","1587.18","1833.04"
"20/01/2024 19:00:00 - 20/01/2024 20:00:00","Belgium (BE)","1626.10","1722.35","1805.23","1910.29"
"20/01/2024 20:00:00 - 20/01/2024 21:00:00","Belgium (BE)","1659.03","1782.98","1899.33","1935.01"
"20/01/2024 21:00:00 - 20/01/2024 22:00:00","Belgium (BE)","1739.28","1819.98","1900.05","1990.67"
"20/01/2024 22:00:00 - 20/01/2024 23:00:00","Belgium (BE)","1812.40","1833.75","1898.33","1976.12"
"20/01/2024 23:00:00 - 21/01/2024 00:00:00","Belgium (BE)","1853.13","1847.78","1922.93","1940.51"
"21/01/2024 00:00:00 - 21/01/2024 01:00:00","Belgium (BE)","1936.08","2014.73","2014.73","1952.70"
"21/01/2024 01:00:00 - 21/01/2024 02:00:00","Belgium (BE)","1944.23","1994.93","1994.93","1958.40"
"21/01/2024 02:00:00 - 21/01/2024 03:00:00","Belgium (BE)","1946.90","1990.50","1990.50","1972.64"
"21/01/2024 03:00:00 - 21/01/2024 04:00:00","Belgium (BE)","1950.18","1986.13","1986.13","1975.10"
"21/01/2024 04:00:00 - 21/01/2024 05:00:00","Belgium (BE)","1940.95","1980.70","1980.70","1969.62"
"21/01/2024 05:00:00 - 21/01/2024 06:00:00","Belgium (BE)","1945.28","1982.30","1982.30","1966.00"
"21/01/2024 06:00:00 - 21/01/2024 07:00:00","Belgium (BE)","1966.35","2000.60","2000.60","1971.34"
"21/01/2024 07:00:00 - 21/01/2024 08:00:00","Belgium (BE)","1982.90","2013.23","2013.23","1967.26"
"21/01/2024 08:00:00 - 21/01/2024 09:00:00","Belgium (BE)","1992.30","2016.23","2011.88","1955.34"
"21/01/2024 09:00:00 - 21/01/2024 10:00:00","Belgium (BE)","1995.80","2011.58","2006.88","1968.84"
"21/01/2024 10:00:00 - 21/01/2024 11:00:00","Belgium (BE)","1995.38","2000.80","1997.45","1963.96"
"21/01/2024 11:00:00 - 21/01/2024 12:00:00","Belgium (BE)","1994.53","1989.43","1992.43","1962.34"
"21/01/2024 12:00:00 - 21/01/2024 13:00:00","Belgium (BE)","1994.40","1988.48","1994.05","1950.26"
"21/01/2024 13:00:00 - 21/01/2024 14:00:00","Belgium (BE)","1994.18","1984.88","1997.48","1921.50"
"21/01/2024 14:00:00 - 21/01/2024 15:00:00","Belgium (BE)","1993.85","1981.20","1998.85","1956.60"
"21/01/2024 15:00:00 - 21/01/2024 16:00:00","Belgium (BE)","1987.70","1984.28","1994.83","1964.66"
"21/01/2024 16:00:00 - 21/01/2024 17:00:00","Belgium (BE)","1978.45","1988.63","1998.20","1935.11"
"21/01/2024 17:00:00 - 21/01/2024 18:00:00","Belgium (BE)","1984.50","1992.35","2001.78","1958.68"
"21/01/2024 18:00:00 - 21/01/2024 19:00:00","Belgium (BE)","1991.33","1993.98","2001.98","1970.36"
"21/01/2024 19:00:00 - 21/01/2024 20:00:00","Belgium (BE)","1995.53","1995.35","2001.08","1966.60"
"21/01/2024 20:00:00 - 21/01/2024 21:00:00","Belgium (BE)","1997.08","1997.15","2002.43","1972.46"
"21/01/2024 21:00:00 - 21/01/2024 22:00:00","Belgium (BE)","1997.85","1998.00","2001.75","1970.35"
"21/01/2024 22:00:00 - 21/01/2024 23:00:00","Belgium (BE)","1998.75","1999.00","2001.18","1952.27"
"21/01/2024 23:00:00 - 22/01/2024 00:00:00","Belgium (BE)","1999.30","1998.60","1970.83","1885.22"
"22/01/2024 00:00:00 - 22/01/2024 01:00:00","Belgium (BE)","1911.93","1823.98","1823.98","1794.17"
"22/01/2024 01:00:00 - 22/01/2024 02:00:00","Belgium (BE)","1719.60","1807.80","1807.80","1824.78"
"22/01/2024 02:00:00 - 22/01/2024 03:00:00","Belgium (BE)","1648.75","1589.98","1589.98","1787.70"
"22/01/2024 03:00:00 - 22/01/2024 04:00:00","Belgium (BE)","1583.28","1941.80","1941.80","1717.13"
"22/01/2024 04:00:00 - 22/01/2024 05:00:00","Belgium (BE)","1784.30","1940.08","1940.08","1644.93"
"22/01/2024 05:00:00 - 22/01/2024 06:00:00","Belgium (BE)","1906.53","1771.78","1771.78","1533.26"
"22/01/2024 06:00:00 - 22/01/2024 07:00:00","Belgium (BE)","1998.38","1991.40","1991.40","1564.63"
"22/01/2024 07:00:00 - 22/01/2024 08:00:00","Belgium (BE)","1996.20","1947.70","1947.70","1574.37"
"22/01/2024 08:00:00 - 22/01/2024 09:00:00","Belgium (BE)","1986.30","1954.28","1984.45","1942.64"
"22/01/2024 09:00:00 - 22/01/2024 10:00:00","Belgium (BE)","1973.08","1957.18","1944.50","1907.92"
"22/01/2024 10:00:00 - 22/01/2024 11:00:00","Belgium (BE)","1973.15","1967.60","1976.53","1946.23"
"22/01/2024 11:00:00 - 22/01/2024 12:00:00","Belgium (BE)","1977.30","1976.88","1976.40","1944.27"
"22/01/2024 12:00:00 - 22/01/2024 13:00:00","Belgium (BE)","1978.65","1973.38","1966.03","1853.50"
"22/01/2024 13:00:00 - 22/01/2024 14:00:00","Belgium (BE)","1978.13","1972.45","1982.28","1870.27"
"22/01/2024 14:00:00 - 22/01/2024 15:00:00","Belgium (BE)","1976.28","1974.23","1951.58","1993.59"
"22/01/2024 15:00:00 - 22/01/2024 16:00:00","Belgium (BE)","1974.68","1972.93","1970.48","1955.52"
"22/01/2024 16:00:00 - 22/01/2024 17:00:00","Belgium (BE)","1977.93","1974.18","1969.03","1943.08"
"22/01/2024 17:00:00 - 22/01/2024 18:00:00","Belgium (BE)","1982.58","1979.68","1985.03","1911.89"
"22/01/2024 18:00:00 - 22/01/2024 19:00:00","Belgium (BE)","1985.90","1984.18","1983.20","1938.39"
"22/01/2024 19:00:00 - 22/01/2024 20:00:00","Belgium (BE)","1989.55","1989.53","1981.85","1955.25"
"22/01/2024 20:00:00 - 22/01/2024 21:00:00","Belgium (BE)","1991.73","1992.45","1975.93","1954.79"
"22/01/2024 21:00:00 - 22/01/2024 22:00:00","Belgium (BE)","1992.43","1992.30","1977.43","1951.79"
"22/01/2024 22:00:00 - 22/01/2024 23:00:00","Belgium (BE)","1992.15","1992.38","1985.48","1939.39"
"22/01/2024 23:00:00 - 23/01/2024 00:00:00","Belgium (BE)","1992.63","1993.35","1984.28","1929.35"
"23/01/2024 00:00:00 - 23/01/2024 01:00:00","Belgium (BE)","1993.05","1986.15","1986.15","1936.35"
"23/01/2024 01:00:00 - 23/01/2024 02:00:00","Belgium (BE)","1990.65","1983.10","1983.10","1935.88"
"23/01/2024 02:00:00 - 23/01/2024 03:00:00","Belgium (BE)","1985.53","1980.95","1980.95","1957.36"
"23/01/2024 03:00:00 - 23/01/2024 04:00:00","Belgium (BE)","1976.33","1975.78","1975.78","1953.66"
"23/01/2024 04:00:00 - 23/01/2024 05:00:00","Belgium (BE)","1963.95","1971.23","1971.23","1941.42"
"23/01/2024 05:00:00 - 23/01/2024 06:00:00","Belgium (BE)","1937.45","1955.18","1955.18","1949.80"
"23/01/2024 06:00:00 - 23/01/2024 07:00:00","Belgium (BE)","1890.40","1924.13","1924.13","1877.57"
"23/01/2024 07:00:00 - 23/01/2024 08:00:00","Belgium (BE)","1825.50","1854.20","1854.20","1341.57"
"23/01/2024 08:00:00 - 23/01/2024 09:00:00","Belgium (BE)","1730.50","1711.58","1706.30","1231.62"
"23/01/2024 09:00:00 - 23/01/2024 10:00:00","Belgium (BE)","1681.35","1596.93","1197.23","1236.82"
"23/01/2024 10:00:00 - 23/01/2024 11:00:00","Belgium (BE)","1610.53","1425.88","916.20","1124.64"
"23/01/2024 11:00:00 - 23/01/2024 12:00:00","Belgium (BE)","1707.68","1454.63","1178.25","1417.62"
"23/01/2024 12:00:00 - 23/01/2024 13:00:00","Belgium (BE)","1864.75","1780.70","1787.43","1800.75"
"23/01/2024 13:00:00 - 23/01/2024 14:00:00","Belgium (BE)","1916.33","1900.35","1887.83","1987.89"
"23/01/2024 14:00:00 - 23/01/2024 15:00:00","Belgium (BE)","1940.15","1945.73","2001.18","2006.38"
"23/01/2024 15:00:00 - 23/01/2024 16:00:00","Belgium (BE)","1969.40","1977.03","2019.08","1968.08"
"23/01/2024 16:00:00 - 23/01/2024 17:00:00","Belgium (BE)","1984.65","1989.28","2004.73","1958.23"
"23/01/2024 17:00:00 - 23/01/2024 18:00:00","Belgium (BE)","1992.48","1993.08","1996.90","1975.39"
"23/01/2024 18:00:00 - 23/01/2024 19:00:00","Belgium (BE)","1995.58","1995.83","1997.93","1962.16"
"23/01/2024 19:00:00 - 23/01/2024 20:00:00","Belgium (BE)","1997.45","1997.85","1997.50","1961.91"
"23/01/2024 20:00:00 - 23/01/2024 21:00:00","Belgium (BE)","1998.35","1998.65","1993.73","1966.16"
"23/01/2024 21:00:00 - 23/01/2024 22:00:00","Belgium (BE)","1998.83","1999.03","1995.25","1950.00"
"23/01/2024 22:00:00 - 23/01/2024 23:00:00","Belgium (BE)","1999.13","1999.15","1996.68","1920.62"
"23/01/2024 23:00:00 - 24/01/2024 00:00:00","Belgium (BE)","1999.43","1999.13","1998.03","1903.84"
"24/01/2024 00:00:00 - 24/01/2024 01:00:00","Belgium (BE)","1999.20","1997.13","1997.13","1872.96"
"24/01/2024 01:00:00 - 24/01/2024 02:00:00","Belgium (BE)","1999.20","1993.70","1993.70","1855.78"
"24/01/2024 02:00:00 - 24/01/2024 03:00:00","Belgium (BE)","1998.95","1994.83","1994.83","1866.53"
"24/01/2024 03:00:00 - 24/01/2024 04:00:00","Belgium (BE)","1997.85","1993.65","1993.65","1930.69"
"24/01/2024 04:00:00 - 24/01/2024 05:00:00","Belgium (BE)","1997.08","1993.80","1993.80","1962.94"
"24/01/2024 05:00:00 - 24/01/2024 06:00:00","Belgium (BE)","1997.08","1994.88","1994.88","1996.88"
"24/01/2024 06:00:00 - 24/01/2024 07:00:00","Belgium (BE)","1997.63","1995.65","1995.65","1974.60"
"24/01/2024 07:00:00 - 24/01/2024 08:00:00","Belgium (BE)","1997.55","1997.03","1997.03","1948.29"
"24/01/2024 08:00:00 - 24/01/2024 09:00:00","Belgium (BE)","1996.68","1996.58","1997.50","1958.71"
"24/01/2024 09:00:00 - 24/01/2024 10:00:00","Belgium (BE)","1995.18","1995.45","1995.60","1969.91"
"24/01/2024 10:00:00 - 24/01/2024 11:00:00","Belgium (BE)","1992.75","1993.18","1993.88","1954.29"
"24/01/2024 11:00:00 - 24/01/2024 12:00:00","Belgium (BE)","1987.68","1987.95","1991.03","1948.23"
"24/01/2024 12:00:00 - 24/01/2024 13:00:00","Belgium (BE)","1978.15","1977.03","1984.33","1791.60"
"24/01/2024 13:00:00 - 24/01/2024 14:00:00","Belgium (BE)","1960.80","1962.23","1976.48","1956.07"
"24/01/2024 14:00:00 - 24/01/2024 15:00:00","Belgium (BE)","1940.80","1941.20","1960.58","1948.98"
"24/01/2024 15:00:00 - 24/01/2024 16:00:00","Belgium (BE)","1914.88","1916.68","1971.40","1914.86"
"24/01/2024 16:00:00 - 24/01/2024 17:00:00","Belgium (BE)","1856.28","1893.10","1947.28","1817.25"
"24/01/2024 17:00:00 - 24/01/2024 18:00:00","Belgium (BE)","1803.30","1839.58","1903.45","1636.45"
"24/01/2024 18:00:00 - 24/01/2024 19:00:00","Belgium (BE)","1770.08","1779.63","1705.90","1269.61"
"24/01/2024 19:00:00 - 24/01/2024 20:00:00","Belgium (BE)","1770.75","1768.43","1586.85","1452.87"
"24/01/2024 20:00:00 - 24/01/2024 21:00:00","Belgium (BE)","1797.33","1802.15","1453.25","1283.72"
"24/01/2024 21:00:00 - 24/01/2024 22:00:00","Belgium (BE)","1832.90","1819.95","1596.13","1279.75"
"24/01/2024 22:00:00 - 24/01/2024 23:00:00","Belgium (BE)","1827.80","1799.00","1665.28","1477.78"
"24/01/2024 23:00:00 - 25/01/2024 00:00:00","Belgium (BE)","1763.23","1704.08","1684.98","1492.59"
"25/01/2024 00:00:00 - 25/01/2024 01:00:00","Belgium (BE)","1624.75","1426.48","1426.48","939.77"
"25/01/2024 01:00:00 - 25/01/2024 02:00:00","Belgium (BE)","1328.90","1115.78","1115.78","587.36"
"25/01/2024 02:00:00 - 25/01/2024 03:00:00","Belgium (BE)","908.58","417.18","417.18","415.21"
"25/01/2024 03:00:00 - 25/01/2024 04:00:00","Belgium (BE)","618.75","83.75","83.75","232.69"
"25/01/2024 04:00:00 - 25/01/2024 05:00:00","Belgium (BE)","388.38","8.60","8.60","20.73"
"25/01/2024 05:00:00 - 25/01/2024 06:00:00","Belgium (BE)","167.68","0.00","0.00","0.16"
"25/01/2024 06:00:00 - 25/01/2024 07:00:00","Belgium (BE)","75.65","0.00","0.00"," "
"25/01/2024 07:00:00 - 25/01/2024 08:00:00","Belgium (BE)","133.43","15.88","15.88","9.21"
"25/01/2024 08:00:00 - 25/01/2024 09:00:00","Belgium (BE)","291.03","38.68","65.15","97.96"
"25/01/2024 09:00:00 - 25/01/2024 10:00:00","Belgium (BE)","322.25","133.93","257.80","157.58"
"25/01/2024 10:00:00 - 25/01/2024 11:00:00","Belgium (BE)","463.63","412.60","438.73","255.19"
"25/01/2024 11:00:00 - 25/01/2024 12:00:00","Belgium (BE)","880.75","767.08","839.25","469.80"
"25/01/2024 12:00:00 - 25/01/2024 13:00:00","Belgium (BE)","1178.93","1078.35","1141.45","693.82"
"25/01/2024 13:00:00 - 25/01/2024 14:00:00","Belgium (BE)","1281.70","1240.88","1185.03","831.15"
"25/01/2024 14:00:00 - 25/01/2024 15:00:00","Belgium (BE)","1505.70","1310.55","1174.43","1182.48"
"25/01/2024 15:00:00 - 25/01/2024 16:00:00","Belgium (BE)","1665.73","1471.95","1139.13","1512.56"
"25/01/2024 16:00:00 - 25/01/2024 17:00:00","Belgium (BE)","1773.28","1576.28","1395.65","1678.43"
"25/01/2024 17:00:00 - 25/01/2024 18:00:00","Belgium (BE)","1839.10","1661.35","1632.48","1897.90"
"25/01/2024 18:00:00 - 25/01/2024 19:00:00","Belgium (BE)","1822.53","1763.15","1770.65","1862.22"
"25/01/2024 19:00:00 - 25/01/2024 20:00:00","Belgium (BE)","1796.80","1835.25","1911.18","1729.17"
"25/01/2024 20:00:00 - 25/01/2024 21:00:00","Belgium (BE)","1841.45","1866.45","1914.38","1503.63"
"25/01/2024 21:00:00 - 25/01/2024 22:00:00","Belgium (BE)","1880.88","1887.80","1944.05","1609.01"
"25/01/2024 22:00:00 - 25/01/2024 23:00:00","Belgium (BE)","1910.88","1909.15","1956.70","1764.68"
"25/01/2024 23:00:00 - 26/01/2024 00:00:00","Belgium (BE)","1921.23","1936.08","1968.55","1879.74"
"26/01/2024 00:00:00 - 26/01/2024 01:00:00","Belgium (BE)","1966.15","1786.68","1786.68","1904.18"
"26/01/2024 01:00:00 - 26/01/2024 02:00:00","Belgium (BE)","1969.38","1903.18","1903.18","1985.26"
"26/01/2024 02:00:00 - 26/01/2024 03:00:00","Belgium (BE)","1976.15","1937.95","1937.95","1993.40"
"26/01/2024 03:00:00 - 26/01/2024 04:00:00","Belgium (BE)","1984.15","1998.55","1998.55","1994.42"
"26/01/2024 04:00:00 - 26/01/2024 05:00:00","Belgium (BE)","1987.85","2003.10","2003.10","1992.51"
"26/01/2024 05:00:00 - 26/01/2024 06:00:00","Belgium (BE)","1991.13","2006.98","2006.98","1978.79"
"26/01/2024 06:00:00 - 26/01/2024 07:00:00","Belgium (BE)","1994.75","2007.80","2007.80","1976.68"
"26/01/2024 07:00:00 - 26/01/2024 08:00:00","Belgium (BE)","1995.23","2003.40","2003.40","1964.14"
"26/01/2024 08:00:00 - 26/01/2024 09:00:00","Belgium (BE)","1992.30","1999.85","1998.35","1951.58"
"26/01/2024 09:00:00 - 26/01/2024 10:00:00","Belgium (BE)","1987.48","1990.68","1994.00","1963.56"
"26/01/2024 10:00:00 - 26/01/2024 11:00:00","Belgium (BE)","1984.65","1975.58","1990.88","1957.07"
"26/01/2024 11:00:00 - 26/01/2024 12:00:00","Belgium (BE)","1975.83","1973.75","1985.73","1874.53"
"26/01/2024 12:00:00 - 26/01/2024 13:00:00","Belgium (BE)","1957.38","1955.65","1980.70","1814.20"
"26/01/2024 13:00:00 - 26/01/2024 14:00:00","Belgium (BE)","1919.33","1916.93","1949.23","1509.64"
"26/01/2024 14:00:00 - 26/01/2024 15:00:00","Belgium (BE)","1811.53","1829.73","1888.35","1694.22"
"26/01/2024 15:00:00 - 26/01/2024 16:00:00","Belgium (BE)","1620.23","1640.05","1615.88","1251.16"
"26/01/2024 16:00:00 - 26/01/2024 17:00:00","Belgium (BE)","1405.65","1384.53","1412.05","945.37"
"26/01/2024 17:00:00 - 26/01/2024 18:00:00","Belgium (BE)","1254.90","1262.00","1093.38","671.24"
"26/01/2024 18:00:00 - 26/01/2024 19:00:00","Belgium (BE)","1120.23","1209.50","838.75","694.52"
"26/01/2024 19:00:00 - 26/01/2024 20:00:00","Belgium (BE)","959.78","1071.85","659.38","545.64"
"26/01/2024 20:00:00 - 26/01/2024 21:00:00","Belgium (BE)","794.20","919.83","550.13","387.59"
"26/01/2024 21:00:00 - 26/01/2024 22:00:00","Belgium (BE)","694.90","858.85","560.83","187.33"
"26/01/2024 22:00:00 - 26/01/2024 23:00:00","Belgium (BE)","641.90","858.33","604.90","243.13"
"26/01/2024 23:00:00 - 27/01/2024 00:00:00","Belgium (BE)","537.65","725.53","636.60","252.20"
"27/01/2024 00:00:00 - 27/01/2024 01:00:00","Belgium (BE)","632.28","290.50","290.50","211.32"
"27/01/2024 01:00:00 - 27/01/2024 02:00:00","Belgium (BE)","506.20","234.13","234.13","239.55"
"27/01/2024 02:00:00 - 27/01/2024 03:00:00","Belgium (BE)","377.23","112.48","112.48","153.62"
"27/01/2024 03:00:00 - 27/01/2024 04:00:00","Belgium (BE)","316.10","134.73","134.73","69.03"
"27/01/2024 04:00:00 - 27/01/2024 05:00:00","Belgium (BE)","318.65","183.00","183.00","110.98"
"27/01/2024 05:00:00 - 27/01/2024 06:00:00","Belgium (BE)","331.03","173.43","173.43","86.02"
"27/01/2024 06:00:00 - 27/01/2024 07:00:00","Belgium (BE)","283.23","92.13","92.13","192.37"
"27/01/2024 07:00:00 - 27/01/2024 08:00:00","Belgium (BE)","243.95","84.40","84.40","123.47"
"27/01/2024 08:00:00 - 27/01/2024 09:00:00","Belgium (BE)","285.90","219.88","315.85","152.65"
"27/01/2024 09:00:00 - 27/01/2024 10:00:00","Belgium (BE)","388.18","524.83","562.40","238.35"
"27/01/2024 10:00:00 - 27/01/2024 11:00:00","Belgium (BE)","461.30","809.33","892.38","311.24"
"27/01/2024 11:00:00 - 27/01/2024 12:00:00","Belgium (BE)","509.43","880.58","974.20","233.77"
"27/01/2024 12:00:00 - 27/01/2024 13:00:00","Belgium (BE)","552.65","780.85","400.60","159.83"
"27/01/2024 13:00:00 - 27/01/2024 14:00:00","Belgium (BE)","530.40","610.23","128.15","245.18"
"27/01/2024 14:00:00 - 27/01/2024 15:00:00","Belgium (BE)","373.20","440.95","71.93","265.31"
"27/01/2024 15:00:00 - 27/01/2024 16:00:00","Belgium (BE)","199.43","312.98","66.43","228.60"
"27/01/2024 16:00:00 - 27/01/2024 17:00:00","Belgium (BE)","151.10","214.18","129.73","261.06"
"27/01/2024 17:00:00 - 27/01/2024 18:00:00","Belgium (BE)","196.60","181.90","177.03","278.16"
"27/01/2024 18:00:00 - 27/01/2024 19:00:00","Belgium (BE)","334.15","247.58","314.88","309.52"
"27/01/2024 19:00:00 - 27/01/2024 20:00:00","Belgium (BE)","610.33","466.30","430.68","383.26"
"27/01/2024 20:00:00 - 27/01/2024 21:00:00","Belgium (BE)","932.55","740.63","538.70","470.39"
"27/01/2024 21:00:00 - 27/01/2024 22:00:00","Belgium (BE)","1104.60","931.13","752.58","593.64"
"27/01/2024 22:00:00 - 27/01/2024 23:00:00","Belgium (BE)","1052.38","1035.68","959.05","637.08"
"27/01/2024 23:00:00 - 28/01/2024 00:00:00","Belgium (BE)","921.55","1029.85","1051.80","605.48"
"28/01/2024 00:00:00 - 28/01/2024 01:00:00","Belgium (BE)","1110.58","696.00","696.00","561.59"
"28/01/2024 01:00:00 - 28/01/2024 02:00:00","Belgium (BE)","1194.18","683.58","683.58","515.51"
"28/01/2024 02:00:00 - 28/01/2024 03:00:00","Belgium (BE)","1278.35","617.68","617.68","521.13"
"28/01/2024 03:00:00 - 28/01/2024 04:00:00","Belgium (BE)","1270.75","593.78","593.78","666.95"
"28/01/2024 04:00:00 - 28/01/2024 05:00:00","Belgium (BE)","1227.70","677.68","677.68","683.16"
"28/01/2024 05:00:00 - 28/01/2024 06:00:00","Belgium (BE)","1275.55","862.83","862.83","850.12"
"28/01/2024 06:00:00 - 28/01/2024 07:00:00","Belgium (BE)","1378.28","888.55","888.55","824.77"
"28/01/2024 07:00:00 - 28/01/2024 08:00:00","Belgium (BE)","1431.70","937.38","937.38","779.02"
"28/01/2024 08:00:00 - 28/01/2024 09:00:00","Belgium (BE)","1475.75","1093.93","1052.03","826.58"
"28/01/2024 09:00:00 - 28/01/2024 10:00:00","Belgium (BE)","1448.55","1225.60","1086.73","854.46"
"28/01/2024 10:00:00 - 28/01/2024 11:00:00","Belgium (BE)","1385.23","1345.50","1118.05","802.47"
"28/01/2024 11:00:00 - 28/01/2024 12:00:00","Belgium (BE)","1366.20","1546.13","1104.73","687.27"
"28/01/2024 12:00:00 - 28/01/2024 13:00:00","Belgium (BE)","1376.65","1646.90","1210.05","475.45"
"28/01/2024 13:00:00 - 28/01/2024 14:00:00","Belgium (BE)","1468.45","1618.55","955.15","524.86"
"28/01/2024 14:00:00 - 28/01/2024 15:00:00","Belgium (BE)","1517.80","1462.05","729.55","707.86"
"28/01/2024 15:00:00 - 28/01/2024 16:00:00","Belgium (BE)","1426.15","1311.75","696.10","827.67"
"28/01/2024 16:00:00 - 28/01/2024 17:00:00","Belgium (BE)","1365.80","1298.18","823.33","937.36"
"28/01/2024 17:00:00 - 28/01/2024 18:00:00","Belgium (BE)","1450.75","1388.13","1038.33","1002.17"
"28/01/2024 18:00:00 - 28/01/2024 19:00:00","Belgium (BE)","1627.93","1553.40","1243.18","1174.85"
"28/01/2024 19:00:00 - 28/01/2024 20:00:00","Belgium (BE)","1771.95","1661.55","1327.18","1314.20"
"28/01/2024 20:00:00 - 28/01/2024 21:00:00","Belgium (BE)","1842.30","1722.75","1503.83","1235.25"
"28/01/2024 21:00:00 - 28/01/2024 22:00:00","Belgium (BE)","1872.95","1780.63","1673.13","1244.05"
"28/01/2024 22:00:00 - 28/01/2024 23:00:00","Belgium (BE)","1872.45","1797.70","1724.35","1028.25"
"28/01/2024 23:00:00 - 29/01/2024 00:00:00","Belgium (BE)","1849.18","1723.10","1664.45","818.45"
"29/01/2024 00:00:00 - 29/01/2024 01:00:00","Belgium (BE)","1544.03","1039.83","1039.83","912.87"
"29/01/2024 01:00:00 - 29/01/2024 02:00:00","Belgium (BE)","1391.03","812.00","812.00","859.49"
"29/01/2024 02:00:00 - 29/01/2024 03:00:00","Belgium (BE)","1274.23","775.43","775.43","675.60"
"29/01/2024 03:00:00 - 29/01/2024 04:00:00","Belgium (BE)","1117.88","693.53","693.53","469.90"
"29/01/2024 04:00:00 - 29/01/2024 05:00:00","Belgium (BE)","990.33","516.70","516.70","412.02"
"29/01/2024 05:00:00 - 29/01/2024 06:00:00","Belgium (BE)","904.83","409.98","409.98","321.34"
"29/01/2024 06:00:00 - 29/01/2024 07:00:00","Belgium (BE)","859.18","373.20","373.20","230.21"
"29/01/2024 07:00:00 - 29/01/2024 08:00:00","Belgium (BE)","866.93","383.15","383.15","299.69"
"29/01/2024 08:00:00 - 29/01/2024 09:00:00","Belgium (BE)","895.40","573.58","488.75","381.42"
"29/01/2024 09:00:00 - 29/01/2024 10:00:00","Belgium (BE)","899.80","739.80","554.90","383.02"
"29/01/2024 10:00:00 - 29/01/2024 11:00:00","Belgium (BE)","898.35","743.18","472.23","362.49"
"29/01/2024 11:00:00 - 29/01/2024 12:00:00","Belgium (BE)","834.93","639.75","510.10","373.04"
"29/01/2024 12:00:00 - 29/01/2024 13:00:00","Belgium (BE)","702.65","573.40","471.88","265.71"
"29/01/2024 13:00:00 - 29/01/2024 14:00:00","Belgium (BE)","537.23","607.63","469.88","211.15"
"29/01/2024 14:00:00 - 29/01/2024 15:00:00","Belgium (BE)","371.60","620.33","387.48","163.95"
"29/01/2024 15:00:00 - 29/01/2024 16:00:00","Belgium (BE)","253.33","706.13","365.48","156.95"
"29/01/2024 16:00:00 - 29/01/2024 17:00:00","Belgium (BE)","234.63","844.70","437.03","245.01"
"29/01/2024 17:00:00 - 29/01/2024 18:00:00","Belgium (BE)","305.18","961.95","715.10","458.75"
"29/01/2024 18:00:00 - 29/01/2024 19:00:00","Belgium (BE)","406.80","1144.93","1047.75","699.96"
"29/01/2024 19:00:00 - 29/01/2024 20:00:00","Belgium (BE)","538.25","1349.85","1157.88","1000.48"
"29/01/2024 20:00:00 - 29/01/2024 21:00:00","Belgium (BE)","649.25","1433.65","1108.75","1276.32"
"29/01/2024 21:00:00 - 29/01/2024 22:00:00","Belgium (BE)","721.20","1434.45","1201.48","1612.69"
"29/01/2024 22:00:00 - 29/01/2024 23:00:00","Belgium (BE)","778.25","1507.45","1372.93","1771.02"
"29/01/2024 23:00:00 - 30/01/2024 00:00:00","Belgium (BE)","858.45","1618.38","1631.28","1854.10"
"30/01/2024 00:00:00 - 30/01/2024 01:00:00","Belgium (BE)","1782.53","1811.18","1811.18","1827.54"
"30/01/2024 01:00:00 - 30/01/2024 02:00:00","Belgium (BE)","1779.28","1842.88","1842.88","1542.13"
"30/01/2024 02:00:00 - 30/01/2024 03:00:00","Belgium (BE)","1766.50","1831.60","1831.60","1529.43"
"30/01/2024 03:00:00 - 30/01/2024 04:00:00","Belgium (BE)","1814.85","1707.28","1707.28","1725.62"
"30/01/2024 04:00:00 - 30/01/2024 05:00:00","Belgium (BE)","1876.80","1789.78","1789.78","1976.59"
"30/01/2024 05:00:00 - 30/01/2024 06:00:00","Belgium (BE)","1903.25","1836.43","1836.43","1906.42"
"30/01/2024 06:00:00 - 30/01/2024 07:00:00","Belgium (BE)","1922.35","1980.83","1980.83","1885.03"
"30/01/2024 07:00:00 - 30/01/2024 08:00:00","Belgium (BE)","1935.88","1953.48","1953.48","1946.13"
"30/01/2024 08:00:00 - 30/01/2024 09:00:00","Belgium (BE)","1941.05","1971.08","1940.08","1960.04"
"30/01/2024 09:00:00 - 30/01/2024 10:00:00","Belgium (BE)","1944.20","1978.38","1999.98","1955.30"
"30/01/2024 10:00:00 - 30/01/2024 11:00:00","Belgium (BE)","1936.20","1973.70","1991.00","1955.68"
"30/01/2024 11:00:00 - 30/01/2024 12:00:00","Belgium (BE)","1913.85","1956.70","1969.50","1837.79"
"30/01/2024 12:00:00 - 30/01/2024 13:00:00","Belgium (BE)","1877.35","1919.00","1938.50","1686.52"
"30/01/2024 13:00:00 - 30/01/2024 14:00:00","Belgium (BE)","1812.93","1851.98","1839.05","1730.09"
"30/01/2024 14:00:00 - 30/01/2024 15:00:00","Belgium (BE)","1695.80","1726.08","1547.35","1422.72"
"30/01/2024 15:00:00 - 30/01/2024 16:00:00","Belgium (BE)","1473.70","1442.08","1270.90","1024.34"
"30/01/2024 16:00:00 - 30/01/2024 17:00:00","Belgium (BE)","1116.00","1022.78","1010.80","747.06"
"30/01/2024 17:00:00 - 30/01/2024 18:00:00","Belgium (BE)","772.20","551.95","419.80","377.28"
"30/01/2024 18:00:00 - 30/01/2024 19:00:00","Belgium (BE)","601.83","319.50","59.65","155.97"
"30/01/2024 19:00:00 - 30/01/2024 20:00:00","Belgium (BE)","463.30","261.25","111.73","35.50"
"30/01/2024 20:00:00 - 30/01/2024 21:00:00","Belgium (BE)","345.40","214.75","125.33","57.01"
"30/01/2024 21:00:00 - 30/01/2024 22:00:00","Belgium (BE)","250.18","125.48","94.88","20.48"
"30/01/2024 22:00:00 - 30/01/2024 23:00:00","Belgium (BE)","205.33","70.03","60.13"," "
"30/01/2024 23:00:00 - 31/01/2024 00:00:00","Belgium (BE)","138.53","26.40","35.60"," "
"31/01/2024 00:00:00 - 31/01/2024 01:00:00","Belgium (BE)","31.15","8.40","8.40"," "
"31/01/2024 01:00:00 - 31/01/2024 02:00:00","Belgium (BE)","9.28","4.50","4.50"," "
"31/01/2024 02:00:00 - 31/01/2024 03:00:00","Belgium (BE)","0.00","3.75","3.75"," "
"31/01/2024 03:00:00 - 31/01/2024 04:00:00","Belgium (BE)","0.00","4.13","4.13"," "
"31/01/2024 04:00:00 - 31/01/2024 05:00:00","Belgium (BE)","0.00","61.05","61.05"," "
"31/01/2024 05:00:00 - 31/01/2024 06:00:00","Belgium (BE)","59.98","164.33","164.33","88.83"
"31/01/2024 06:00:00 - 31/01/2024 07:00:00","Belgium (BE)","207.75","315.03","315.03","348.33"
"31/01/2024 07:00:00 - 31/01/2024 08:00:00","Belgium (BE)","363.88","406.60","406.60","379.30"
"31/01/2024 08:00:00 - 31/01/2024 09:00:00","Belgium (BE)","419.63","313.48","370.15","432.69"
"31/01/2024 09:00:00 - 31/01/2024 10:00:00","Belgium (BE)","531.93","350.85","616.23","726.49"
"31/01/2024 10:00:00 - 31/01/2024 11:00:00","Belgium (BE)","591.45","555.73","893.63","973.35"
"31/01/2024 11:00:00 - 31/01/2024 12:00:00","Belgium (BE)","827.40","926.80","988.73","1088.70"
"31/01/2024 12:00:00 - 31/01/2024 13:00:00","Belgium (BE)","1280.40","1240.58","1264.58","1271.54"
"31/01/2024 13:00:00 - 31/01/2024 14:00:00","Belgium (BE)","1523.93","1422.00","1525.18","1603.44"
"31/01/2024 14:00:00 - 31/01/2024 15:00:00","Belgium (BE)","1687.58","1691.90","1749.03","1740.77"
"31/01/2024 15:00:00 - 31/01/2024 16:00:00","Belgium (BE)","1814.98","1843.60","1906.75","1846.29"
"31/01/2024 16:00:00 - 31/01/2024 17:00:00","Belgium (BE)","1880.40","1896.73","1914.88","1934.08"
"31/01/2024 17:00:00 - 31/01/2024 18:00:00","Belgium (BE)","1919.40","1925.00","1963.68","1932.53"
"31/01/2024 18:00:00 - 31/01/2024 19:00:00","Belgium (BE)","1945.45","1939.50","1999.30","1955.74"
"31/01/2024 19:00:00 - 31/01/2024 20:00:00","Belgium (BE)","1959.65","1953.63","1976.20","1960.32"
"31/01/2024 20:00:00 - 31/01/2024 21:00:00","Belgium (BE)","1969.95","1971.58","1984.45","1933.90"
"31/01/2024 21:00:00 - 31/01/2024 22:00:00","Belgium (BE)","1975.60","1979.88","1993.80","1945.08"
"31/01/2024 22:00:00 - 31/01/2024 23:00:00","Belgium (BE)","1973.30","1980.05","1993.38","1965.99"
"31/01/2024 23:00:00 - 01/02/2024 00:00:00","Belgium (BE)","1960.78","1967.65","1976.63","1968.40"
"01/02/2024 00:00:00 - 01/02/2024 01:00:00","Belgium (BE)","1944.38","1966.88","1966.88","1972.33"
"01/02/2024 01:00:00 - 01/02/2024 02:00:00","Belgium (BE)","1908.08","1936.18","1936.18","1919.06"
"01/02/2024 02:00:00 - 01/02/2024 03:00:00","Belgium (BE)","1867.10","1872.55","1872.55","1791.60"
"01/02/2024 03:00:00 - 01/02/2024 04:00:00","Belgium (BE)","1706.90","1633.60","1633.60","1170.62"
"01/02/2024 04:00:00 - 01/02/2024 05:00:00","Belgium (BE)","1321.90","1301.70","1301.70","736.28"
"01/02/2024 05:00:00 - 01/02/2024 06:00:00","Belgium (BE)","1072.58","718.65","718.65","486.32"
"01/02/2024 06:00:00 - 01/02/2024 07:00:00","Belgium (BE)","1007.28","496.20","496.20","391.27"
"01/02/2024 07:00:00 - 01/02/2024 08:00:00","Belgium (BE)","944.73","495.53","495.53","392.44"
"01/02/2024 08:00:00 - 01/02/2024 09:00:00","Belgium (BE)","871.40","521.23","494.85","330.07"
"01/02/2024 09:00:00 - 01/02/2024 10:00:00","Belgium (BE)","822.13","507.95","383.03","263.65"
"01/02/2024 10:00:00 - 01/02/2024 11:00:00","Belgium (BE)","751.73","542.68","236.80","180.36"
"01/02/2024 11:00:00 - 01/02/2024 12:00:00","Belgium (BE)","676.43","543.85","196.83","70.32"
"01/02/2024 12:00:00 - 01/02/2024 13:00:00","Belgium (BE)","594.25","371.33","73.48","29.23"
"01/02/2024 13:00:00 - 01/02/2024 14:00:00","Belgium (BE)","491.05","225.23","17.90","50.47"
"01/02/2024 14:00:00 - 01/02/2024 15:00:00","Belgium (BE)","376.48","169.05","41.55","59.06"
"01/02/2024 15:00:00 - 01/02/2024 16:00:00","Belgium (BE)","296.00","163.48","129.30","122.95"
"01/02/2024 16:00:00 - 01/02/2024 17:00:00","Belgium (BE)","251.20","160.28","171.05","84.73"
"01/02/2024 17:00:00 - 01/02/2024 18:00:00","Belgium (BE)","204.15","177.28","193.15","97.53"
"01/02/2024 18:00:00 - 01/02/2024 19:00:00","Belgium (BE)","175.50","223.15","190.43","193.42"
"01/02/2024 19:00:00 - 01/02/2024 20:00:00","Belgium (BE)","176.70","293.93","286.38","236.61"
"01/02/2024 20:00:00 - 01/02/2024 21:00:00","Belgium (BE)","248.10","393.28","408.05","267.55"
"01/02/2024 21:00:00 - 01/02/2024 22:00:00","Belgium (BE)","378.25","554.73","531.55","346.97"
"01/02/2024 22:00:00 - 01/02/2024 23:00:00","Belgium (BE)","466.53","775.43","703.20","633.75"
"01/02/2024 23:00:00 - 02/02/2024 00:00:00","Belgium (BE)","559.93","968.68","895.48","932.82"
"02/02/2024 00:00:00 - 02/02/2024 01:00:00","Belgium (BE)","1088.78","1201.65","1201.65","1276.77"
"02/02/2024 01:00:00 - 02/02/2024 02:00:00","Belgium (BE)","1312.88","1511.03","1511.03","1703.06"
"02/02/2024 02:00:00 - 02/02/2024 03:00:00","Belgium (BE)","1555.05","1725.13","1725.13","1918.30"
"02/02/2024 03:00:00 - 02/02/2024 04:00:00","Belgium (BE)","1706.98","1834.95","1834.95","1912.08"
"02/02/2024 04:00:00 - 02/02/2024 05:00:00","Belgium (BE)","1768.80","1931.85","1931.85","1963.67"
"02/02/2024 05:00:00 - 02/02/2024 06:00:00","Belgium (BE)","1787.05","1960.70","1960.70","1920.05"
"02/02/2024 06:00:00 - 02/02/2024 07:00:00","Belgium (BE)","1810.53","1969.08","1969.08","1853.24"
"02/02/2024 07:00:00 - 02/02/2024 08:00:00","Belgium (BE)","1827.08","1940.10","1940.10","1849.76"
"02/02/2024 08:00:00 - 02/02/2024 09:00:00","Belgium (BE)","1852.45","1925.63","1865.80","1891.38"
"02/02/2024 09:00:00 - 02/02/2024 10:00:00","Belgium (BE)","1898.70","1911.45","1914.15","1899.00"
"02/02/2024 10:00:00 - 02/02/2024 11:00:00","Belgium (BE)","1921.20","1916.55","1938.63","1928.78"
"02/02/2024 11:00:00 - 02/02/2024 12:00:00","Belgium (BE)","1922.98","1907.30","1938.48","1939.79"
"02/02/2024 12:00:00 - 02/02/2024 13:00:00","Belgium (BE)","1912.78","1900.50","1938.88","1973.00"
"02/02/2024 13:00:00 - 02/02/2024 14:00:00","Belgium (BE)","1903.05","1889.58","1926.05","1967.81"
"02/02/2024 14:00:00 - 02/02/2024 15:00:00","Belgium (BE)","1897.58","1879.33","1921.70","1941.53"
"02/02/2024 15:00:00 - 02/02/2024 16:00:00","Belgium (BE)","1884.60","1864.03","1901.78","1960.64"
"02/02/2024 16:00:00 - 02/02/2024 17:00:00","Belgium (BE)","1869.23","1841.30","1919.33","1963.05"
"02/02/2024 17:00:00 - 02/02/2024 18:00:00","Belgium (BE)","1879.78","1860.23","1940.30","1994.82"
"02/02/2024 18:00:00 - 02/02/2024 19:00:00","Belgium (BE)","1884.18","1885.30","1912.88","1996.46"
"02/02/2024 19:00:00 - 02/02/2024 20:00:00","Belgium (BE)","1890.58","1887.20","1918.48","1973.66"
"02/02/2024 20:00:00 - 02/02/2024 21:00:00","Belgium (BE)","1894.95","1889.00","1934.80","1965.44"
"02/02/2024 21:00:00 - 02/02/2024 22:00:00","Belgium (BE)","1900.48","1883.00","1884.38","1895.93"
"02/02/2024 22:00:00 - 02/02/2024 23:00:00","Belgium (BE)","1908.53","1898.38","1900.73","1745.37"
"02/02/2024 23:00:00 - 03/02/2024 00:00:00","Belgium (BE)","1903.65","1909.10","1905.95","1766.69"
"03/02/2024 00:00:00 - 03/02/2024 01:00:00","Belgium (BE)","1898.45","1773.63","1773.63","1904.88"
"03/02/2024 01:00:00 - 03/02/2024 02:00:00","Belgium (BE)","1901.55","1771.33","1771.33","1931.00"
"03/02/2024 02:00:00 - 03/02/2024 03:00:00","Belgium (BE)","1884.05","1913.38","1913.38","1911.97"
"03/02/2024 03:00:00 - 03/02/2024 04:00:00","Belgium (BE)","1871.03","1931.03","1931.03","1888.36"
"03/02/2024 04:00:00 - 03/02/2024 05:00:00","Belgium (BE)","1870.73","1891.55","1891.55","1873.91"
"03/02/2024 05:00:00 - 03/02/2024 06:00:00","Belgium (BE)","1850.83","1842.10","1842.10","1876.68"
"03/02/2024 06:00:00 - 03/02/2024 07:00:00","Belgium (BE)","1830.68","1862.43","1862.43","1883.14"
"03/02/2024 07:00:00 - 03/02/2024 08:00:00","Belgium (BE)","1822.95","1872.95","1872.95","1840.36"
"03/02/2024 08:00:00 - 03/02/2024 09:00:00","Belgium (BE)","1806.33","1873.73","1872.53","1790.74"
"03/02/2024 09:00:00 - 03/02/2024 10:00:00","Belgium (BE)","1758.88","1857.00","1802.98","1625.94"
"03/02/2024 10:00:00 - 03/02/2024 11:00:00","Belgium (BE)","1715.53","1840.30","1775.05","1475.62"
"03/02/2024 11:00:00 - 03/02/2024 12:00:00","Belgium (BE)","1757.88","1810.20","1781.25","1602.42"
"03/02/2024 12:00:00 - 03/02/2024 13:00:00","Belgium (BE)","1750.78","1785.60","1623.55","1860.89"
"03/02/2024 13:00:00 - 03/02/2024 14:00:00","Belgium (BE)","1640.88","1814.88","1694.20","1927.70"
"03/02/2024 14:00:00 - 03/02/2024 15:00:00","Belgium (BE)","1588.40","1830.13","1862.88","1845.50"
"03/02/2024 15:00:00 - 03/02/2024 16:00:00","Belgium (BE)","1623.45","1805.68","1857.58","1888.66"
"03/02/2024 16:00:00 - 03/02/2024 17:00:00","Belgium (BE)","1658.65","1798.15","1778.35","1945.19"
"03/02/2024 17:00:00 - 03/02/2024 18:00:00","Belgium (BE)","1697.75","1828.95","1856.18","1925.41"
"03/02/2024 18:00:00 - 03/02/2024 19:00:00","Belgium (BE)","1800.95","1821.05","1948.70","1910.48"
"03/02/2024 19:00:00 - 03/02/2024 20:00:00","Belgium (BE)","1865.58","1790.68","1957.60","1951.07"
"03/02/2024 20:00:00 - 03/02/2024 21:00:00","Belgium (BE)","1889.20","1849.10","1941.65","1954.59"
"03/02/2024 21:00:00 - 03/02/2024 22:00:00","Belgium (BE)","1882.05","1896.65","1885.08","1977.02"
"03/02/2024 22:00:00 - 03/02/2024 23:00:00","Belgium (BE)","1818.40","1886.15","1714.93","1949.56"
"03/02/2024 23:00:00 - 04/02/2024 00:00:00","Belgium (BE)","1719.40","1847.25","1648.00","1936.17"
"04/02/2024 00:00:00 - 04/02/2024 01:00:00","Belgium (BE)","1655.50","1859.60","1859.60","1874.86"
"04/02/2024 01:00:00 - 04/02/2024 02:00:00","Belgium (BE)","1618.38","1821.53","1821.53","1753.67"
"04/02/2024 02:00:00 - 04/02/2024 03:00:00","Belgium (BE)","1622.95","1845.83","1845.83","1859.82"
"04/02/2024 03:00:00 - 04/02/2024 04:00:00","Belgium (BE)","1746.55","1697.93","1697.93","1892.47"
"04/02/2024 04:00:00 - 04/02/2024 05:00:00","Belgium (BE)","1754.95","1702.85","1702.85","1877.88"
"04/02/2024 05:00:00 - 04/02/2024 06:00:00","Belgium (BE)","1783.03","1826.53","1826.53","1870.56"
"04/02/2024 06:00:00 - 04/02/2024 07:00:00","Belgium (BE)","1794.85","1922.10","1922.10","1737.70"
"04/02/2024 07:00:00 - 04/02/2024 08:00:00","Belgium (BE)","1842.40","1938.35","1938.35","1880.06"
"04/02/2024 08:00:00 - 04/02/2024 09:00:00","Belgium (BE)","1887.80","1909.98","1854.70","1924.48"
"04/02/2024 09:00:00 - 04/02/2024 10:00:00","Belgium (BE)","1919.75","1923.50","1992.70","1926.60"
"04/02/2024 10:00:00 - 04/02/2024 11:00:00","Belgium (BE)","1956.33","1964.58","1945.18","1948.27"
"04/02/2024 11:00:00 - 04/02/2024 12:00:00","Belgium (BE)","1974.78","1939.15","1972.33","1992.35"
"04/02/2024 12:00:00 - 04/02/2024 13:00:00","Belgium (BE)","1979.30","1932.85","1975.00","1976.65"
"04/02/2024 13:00:00 - 04/02/2024 14:00:00","Belgium (BE)","1981.98","1950.70","1965.25","1947.76"
"04/02/2024 14:00:00 - 04/02/2024 15:00:00","Belgium (BE)","1986.68","1960.33","1965.95","1975.66"
"04/02/2024 15:00:00 - 04/02/2024 16:00:00","Belgium (BE)","1988.60","1973.13","1974.65","1966.14"
"04/02/2024 16:00:00 - 04/02/2024 17:00:00","Belgium (BE)","1989.63","1979.70","1988.63","1979.33"
"04/02/2024 17:00:00 - 04/02/2024 18:00:00","Belgium (BE)","1990.65","1979.48","1992.60","1963.63"
"04/02/2024 18:00:00 - 04/02/2024 19:00:00","Belgium (BE)","1989.38","1979.53","1996.48","1965.09"
"04/02/2024 19:00:00 - 04/02/2024 20:00:00","Belgium (BE)","1982.63","1976.75","1996.38","1979.55"
"04/02/2024 20:00:00 - 04/02/2024 21:00:00","Belgium (BE)","1975.05","1973.05","1995.03","1893.82"
"04/02/2024 21:00:00 - 04/02/2024 22:00:00","Belgium (BE)","1971.98","1968.65","1986.23","1819.47"
"04/02/2024 22:00:00 - 04/02/2024 23:00:00","Belgium (BE)","1969.73","1966.45","1980.43","1911.72"
"04/02/2024 23:00:00 - 05/02/2024 00:00:00","Belgium (BE)","1966.00","1962.80","1972.23","1915.23"
"05/02/2024 00:00:00 - 05/02/2024 01:00:00","Belgium (BE)","1959.05","1931.70","1931.70","1895.58"
"05/02/2024 01:00:00 - 05/02/2024 02:00:00","Belgium (BE)","1955.15","1945.88","1945.88","1816.97"
"05/02/2024 02:00:00 - 05/02/2024 03:00:00","Belgium (BE)","1947.70","1943.48","1943.48","1878.59"
"05/02/2024 03:00:00 - 05/02/2024 04:00:00","Belgium (BE)","1930.73","1918.35","1918.35","1907.43"
"05/02/2024 04:00:00 - 05/02/2024 05:00:00","Belgium (BE)","1927.48","1908.30","1908.30","1857.53"
"05/02/2024 05:00:00 - 05/02/2024 06:00:00","Belgium (BE)","1936.53","1925.60","1925.60","1770.51"
"05/02/2024 06:00:00 - 05/02/2024 07:00:00","Belgium (BE)","1939.45","1875.48","1875.48","1855.36"
"05/02/2024 07:00:00 - 05/02/2024 08:00:00","Belgium (BE)","1936.95","1790.60","1790.60","1889.90"
"05/02/2024 08:00:00 - 05/02/2024 09:00:00","Belgium (BE)","1936.40","1841.30","1889.13","1892.91"
"05/02/2024 09:00:00 - 05/02/2024 10:00:00","Belgium (BE)","1945.08","1889.45","1900.05","1926.04"
"05/02/2024 10:00:00 - 05/02/2024 11:00:00","Belgium (BE)","1958.43","1934.33","1938.40","1943.60"
"05/02/2024 11:00:00 - 05/02/2024 12:00:00","Belgium (BE)","1971.58","1970.13","1953.33","1948.90"
"05/02/2024 12:00:00 - 05/02/2024 13:00:00","Belgium (BE)","1984.58","1978.18","1977.93","1942.66"
"05/02/2024 13:00:00 - 05/02/2024 14:00:00","Belgium (BE)","1992.40","1988.93","1980.08","1945.86"
"05/02/2024 14:00:00 - 05/02/2024 15:00:00","Belgium (BE)","1995.70","1992.45","1976.45","1943.04"
"05/02/2024 15:00:00 - 05/02/2024 16:00:00","Belgium (BE)","1997.20","1991.20","1981.75","1931.55"
"05/02/2024 16:00:00 - 05/02/2024 17:00:00","Belgium (BE)","1998.15","1991.93","1978.60","1932.84"
"05/02/2024 17:00:00 - 05/02/2024 18:00:00","Belgium (BE)","1998.20","1992.60","1971.60","1929.37"
"05/02/2024 18:00:00 - 05/02/2024 19:00:00","Belgium (BE)","1996.65","1992.88","1966.88","1926.43"
"05/02/2024 19:00:00 - 05/02/2024 20:00:00","Belgium (BE)","1993.68","1992.38","1964.93","1935.20"
"05/02/2024 20:00:00 - 05/02/2024 21:00:00","Belgium (BE)","1990.65","1989.60","1966.18","1933.39"
"05/02/2024 21:00:00 - 05/02/2024 22:00:00","Belgium (BE)","1988.60","1988.48","1972.28","1938.32"
"05/02/2024 22:00:00 - 05/02/2024 23:00:00","Belgium (BE)","1988.55","1989.95","1976.38","1931.84"
"05/02/2024 23:00:00 - 06/02/2024 00:00:00","Belgium (BE)","1987.35","1989.25","1981.83","1929.31"
"06/02/2024 00:00:00 - 06/02/2024 01:00:00","Belgium (BE)","1989.03","1975.63","1975.63","1922.10"
"06/02/2024 01:00:00 - 06/02/2024 02:00:00","Belgium (BE)","1991.18","1973.33","1973.33","1922.36"
"06/02/2024 02:00:00 - 06/02/2024 03:00:00","Belgium (BE)","1994.48","1975.03","1975.03","1929.56"
"06/02/2024 03:00:00 - 06/02/2024 04:00:00","Belgium (BE)","1997.13","1973.58","1973.58","1923.61"
"06/02/2024 04:00:00 - 06/02/2024 05:00:00","Belgium (BE)","1998.35","1972.03","1972.03","1926.06"
"06/02/2024 05:00:00 - 06/02/2024 06:00:00","Belgium (BE)","1996.45","1973.28","1973.28","1916.90"
"06/02/2024 06:00:00 - 06/02/2024 07:00:00","Belgium (BE)","1994.23","1975.73","1975.73","1931.73"
"06/02/2024 07:00:00 - 06/02/2024 08:00:00","Belgium (BE)","1996.50","1970.30","1970.30","1933.14"
"06/02/2024 08:00:00 - 06/02/2024 09:00:00","Belgium (BE)","1998.38","1976.35","1969.15","1935.51"
"06/02/2024 09:00:00 - 06/02/2024 10:00:00","Belgium (BE)","1998.50","1984.68","1972.75","1927.44"
"06/02/2024 10:00:00 - 06/02/2024 11:00:00","Belgium (BE)","1998.75","1992.05","1974.23","1923.32"
"06/02/2024 11:00:00 - 06/02/2024 12:00:00","Belgium (BE)","2000.85","1999.95","1982.25","1918.03"
"06/02/2024 12:00:00 - 06/02/2024 13:00:00","Belgium (BE)","2001.85","2001.15","1971.88","1905.75"
"06/02/2024 13:00:00 - 06/02/2024 14:00:00","Belgium (BE)","2002.15","2001.53","1969.38","1922.82"
"06/02/2024 14:00:00 - 06/02/2024 15:00:00","Belgium (BE)","2002.18","2001.55","1967.78","1904.79"
"06/02/2024 15:00:00 - 06/02/2024 16:00:00","Belgium (BE)","2001.70","2001.70","1969.28","1898.51"
"06/02/2024 16:00:00 - 06/02/2024 17:00:00","Belgium (BE)","2001.45","2001.93","1965.98","1921.01"
"06/02/2024 17:00:00 - 06/02/2024 18:00:00","Belgium (BE)","2001.28","2002.15","1968.45","1924.20"
"06/02/2024 18:00:00 - 06/02/2024 19:00:00","Belgium (BE)","2000.93","2002.05","1966.75","1909.78"
"06/02/2024 19:00:00 - 06/02/2024 20:00:00","Belgium (BE)","2000.90","2002.20","1967.05","1920.99"
"06/02/2024 20:00:00 - 06/02/2024 21:00:00","Belgium (BE)","2001.35","2002.25","1966.93","1921.91"
"06/02/2024 21:00:00 - 06/02/2024 22:00:00","Belgium (BE)","2001.38","2002.08","1976.23","1898.70"
"06/02/2024 22:00:00 - 06/02/2024 23:00:00","Belgium (BE)","2001.85","2002.10","1985.00","1920.95"
"06/02/2024 23:00:00 - 07/02/2024 00:00:00","Belgium (BE)","2002.40","1998.08","1992.60","1925.46"
"07/02/2024 00:00:00 - 07/02/2024 01:00:00","Belgium (BE)","1949.20","1931.05","1931.05","1681.52"
"07/02/2024 01:00:00 - 07/02/2024 02:00:00","Belgium (BE)","1006.95","1403.55","1403.55","862.64"
"07/02/2024 02:00:00 - 07/02/2024 03:00:00","Belgium (BE)","522.28","387.00","387.00","471.02"
"07/02/2024 03:00:00 - 07/02/2024 04:00:00","Belgium (BE)","492.93","54.70","54.70","555.57"
"07/02/2024 04:00:00 - 07/02/2024 05:00:00","Belgium (BE)","276.48","445.50","445.50","442.52"
"07/02/2024 05:00:00 - 07/02/2024 06:00:00","Belgium (BE)","107.88","363.88","363.88","191.54"
"07/02/2024 06:00:00 - 07/02/2024 07:00:00","Belgium (BE)","63.90","254.53","254.53","19.77"
"07/02/2024 07:00:00 - 07/02/2024 08:00:00","Belgium (BE)","45.38","70.88","70.88"," "
"07/02/2024 08:00:00 - 07/02/2024 09:00:00","Belgium (BE)","23.83","63.05","25.08"," "
"07/02/2024 09:00:00 - 07/02/2024 10:00:00","Belgium (BE)","0.00","58.43","1.93","5.05"
"07/02/2024 10:00:00 - 07/02/2024 11:00:00","Belgium (BE)","0.00","59.33","24.98","25.38"
"07/02/2024 11:00:00 - 07/02/2024 12:00:00","Belgium (BE)","0.00","75.45","38.63","50.09"
"07/02/2024 12:00:00 - 07/02/2024 13:00:00","Belgium (BE)","0.00","71.25","44.83","68.35"
"07/02/2024 13:00:00 - 07/02/2024 14:00:00","Belgium (BE)","0.75","48.00","58.93","59.69"
"07/02/2024 14:00:00 - 07/02/2024 15:00:00","Belgium (BE)","0.43","32.98","56.95","67.85"
"07/02/2024 15:00:00 - 07/02/2024 16:00:00","Belgium (BE)","0.00","16.23","58.65","54.52"
"07/02/2024 16:00:00 - 07/02/2024 17:00:00","Belgium (BE)","0.00","9.98","88.08","50.82"
"07/02/2024 17:00:00 - 07/02/2024 18:00:00","Belgium (BE)","6.05","17.75","82.25","25.56"
"07/02/2024 18:00:00 - 07/02/2024 19:00:00","Belgium (BE)","23.78","20.10","70.03","11.86"
"07/02/2024 19:00:00 - 07/02/2024 20:00:00","Belgium (BE)","27.00","21.40","30.58","15.80"
"07/02/2024 20:00:00 - 07/02/2024 21:00:00","Belgium (BE)","18.65","15.03","16.75","11.79"
"07/02/2024 21:00:00 - 07/02/2024 22:00:00","Belgium (BE)","6.60","4.25","16.30","0.13"
"07/02/2024 22:00:00 - 07/02/2024 23:00:00","Belgium (BE)","0.15","2.20","14.93","2.99"
"07/02/2024 23:00:00 - 08/02/2024 00:00:00","Belgium (BE)","0.00","0.00","23.68"," "
"08/02/2024 00:00:00 - 08/02/2024 01:00:00","Belgium (BE)","32.80","21.85","21.85","3.44"
"08/02/2024 01:00:00 - 08/02/2024 02:00:00","Belgium (BE)","37.30","35.95","35.95"," "
"08/02/2024 02:00:00 - 08/02/2024 03:00:00","Belgium (BE)","43.05","64.25","64.25","5.54"
"08/02/2024 03:00:00 - 08/02/2024 04:00:00","Belgium (BE)","57.70","89.48","89.48","36.65"
"08/02/2024 04:00:00 - 08/02/2024 05:00:00","Belgium (BE)","97.55","122.18","122.18","149.15"
"08/02/2024 05:00:00 - 08/02/2024 06:00:00","Belgium (BE)","170.93","238.10","238.10","238.46"
"08/02/2024 06:00:00 - 08/02/2024 07:00:00","Belgium (BE)","321.20","450.45","450.45","285.80"
"08/02/2024 07:00:00 - 08/02/2024 08:00:00","Belgium (BE)","493.33","665.80","665.80","593.16"
"08/02/2024 08:00:00 - 08/02/2024 09:00:00","Belgium (BE)","699.05","960.35","789.53","927.18"
"08/02/2024 09:00:00 - 08/02/2024 10:00:00","Belgium (BE)","1013.10","1136.88","1190.18","960.54"
"08/02/2024 10:00:00 - 08/02/2024 11:00:00","Belgium (BE)","1097.00","1198.50","1295.63","783.18"
"08/02/2024 11:00:00 - 08/02/2024 12:00:00","Belgium (BE)","1105.50","1278.98","1382.18","956.90"
"08/02/2024 12:00:00 - 08/02/2024 13:00:00","Belgium (BE)","1220.63","1287.85","1216.85","986.08"
"08/02/2024 13:00:00 - 08/02/2024 14:00:00","Belgium (BE)","1220.60","1179.83","1174.65","1097.59"
"08/02/2024 14:00:00 - 08/02/2024 15:00:00","Belgium (BE)","1128.58","912.70","955.98","710.25"
"08/02/2024 15:00:00 - 08/02/2024 16:00:00","Belgium (BE)","1001.43","1252.78","529.95","455.50"
"08/02/2024 16:00:00 - 08/02/2024 17:00:00","Belgium (BE)","995.85","1860.85","900.93","1385.96"
"08/02/2024 17:00:00 - 08/02/2024 18:00:00","Belgium (BE)","1250.05","1914.50","1678.58","1660.23"
"08/02/2024 18:00:00 - 08/02/2024 19:00:00","Belgium (BE)","1550.15","1821.48","1966.20","1817.57"
"08/02/2024 19:00:00 - 08/02/2024 20:00:00","Belgium (BE)","1594.10","1804.45","1905.90","1774.46"
"08/02/2024 20:00:00 - 08/02/2024 21:00:00","Belgium (BE)","1700.23","1863.13","1719.30","1762.88"
"08/02/2024 21:00:00 - 08/02/2024 22:00:00","Belgium (BE)","1694.15","1831.20","1682.05","1788.93"
"08/02/2024 22:00:00 - 08/02/2024 23:00:00","Belgium (BE)","1668.25","1761.35","1566.38","1794.77"
"08/02/2024 23:00:00 - 09/02/2024 00:00:00","Belgium (BE)","1724.50","1656.53","1573.60","1732.69"
"09/02/2024 00:00:00 - 09/02/2024 01:00:00","Belgium (BE)","1763.03","1874.35","1874.35","1765.24"
"09/02/2024 01:00:00 - 09/02/2024 02:00:00","Belgium (BE)","1860.08","1842.83","1842.83","1805.38"
"09/02/2024 02:00:00 - 09/02/2024 03:00:00","Belgium (BE)","1900.93","1856.35","1856.35","1901.37"
"09/02/2024 03:00:00 - 09/02/2024 04:00:00","Belgium (BE)","1925.65","1900.40","1900.40","1939.64"
"09/02/2024 04:00:00 - 09/02/2024 05:00:00","Belgium (BE)","1943.73","1959.03","1959.03","1932.96"
"09/02/2024 05:00:00 - 09/02/2024 06:00:00","Belgium (BE)","1942.95","1992.43","1992.43","1908.19"
"09/02/2024 06:00:00 - 09/02/2024 07:00:00","Belgium (BE)","1937.48","1994.18","1994.18","1941.71"
"09/02/2024 07:00:00 - 09/02/2024 08:00:00","Belgium (BE)","1924.25","1962.30","1962.30","1912.50"
"09/02/2024 08:00:00 - 09/02/2024 09:00:00","Belgium (BE)","1935.63","1959.75","1974.35","1891.33"
"09/02/2024 09:00:00 - 09/02/2024 10:00:00","Belgium (BE)","1940.43","1962.60","1973.38","1886.64"
"09/02/2024 10:00:00 - 09/02/2024 11:00:00","Belgium (BE)","1917.10","1963.10","1961.03","1907.35"
"09/02/2024 11:00:00 - 09/02/2024 12:00:00","Belgium (BE)","1914.85","1953.70","1954.85","1912.54"
"09/02/2024 12:00:00 - 09/02/2024 13:00:00","Belgium (BE)","1910.65","1932.48","1934.85","1913.06"
"09/02/2024 13:00:00 - 09/02/2024 14:00:00","Belgium (BE)","1856.13","1906.05","1941.28","1881.18"
"09/02/2024 14:00:00 - 09/02/2024 15:00:00","Belgium (BE)","1696.58","1816.78","1910.08","1882.15"
"09/02/2024 15:00:00 - 09/02/2024 16:00:00","Belgium (BE)","1450.23","1619.05","1742.28","1717.22"
"09/02/2024 16:00:00 - 09/02/2024 17:00:00","Belgium (BE)","1421.95","1436.98","1616.65","1665.37"
"09/02/2024 17:00:00 - 09/02/2024 18:00:00","Belgium (BE)","1605.80","1436.85","1443.85","1499.61"
"09/02/2024 18:00:00 - 09/02/2024 19:00:00","Belgium (BE)","1782.93","1622.55","1508.18","1551.81"
"09/02/2024 19:00:00 - 09/02/2024 20:00:00","Belgium (BE)","1823.53","1819.08","1714.18","1577.31"
"09/02/2024 20:00:00 - 09/02/2024 21:00:00","Belgium (BE)","1812.35","1890.85","1856.40","1603.07"
"09/02/2024 21:00:00 - 09/02/2024 22:00:00","Belgium (BE)","1764.08","1884.93","1871.35","1819.32"
"09/02/2024 22:00:00 - 09/02/2024 23:00:00","Belgium (BE)","1647.63","1840.53","1852.05","1730.03"
"09/02/2024 23:00:00 - 10/02/2024 00:00:00","Belgium (BE)","1575.93","1778.35","1821.45","1753.92"
"10/02/2024 00:00:00 - 10/02/2024 01:00:00","Belgium (BE)","1788.70","1673.80","1673.80","1745.99"
"10/02/2024 01:00:00 - 10/02/2024 02:00:00","Belgium (BE)","1712.20","1760.43","1760.43","1736.05"
"10/02/2024 02:00:00 - 10/02/2024 03:00:00","Belgium (BE)","1604.95","1762.18","1762.18","1673.87"
"10/02/2024 03:00:00 - 10/02/2024 04:00:00","Belgium (BE)","1453.40","1637.90","1637.90","1560.43"
"10/02/2024 04:00:00 - 10/02/2024 05:00:00","Belgium (BE)","1189.73","1341.78","1341.78","1244.71"
"10/02/2024 05:00:00 - 10/02/2024 06:00:00","Belgium (BE)","807.03","1124.35","1124.35","842.78"
"10/02/2024 06:00:00 - 10/02/2024 07:00:00","Belgium (BE)","612.20","923.98","923.98","551.12"
"10/02/2024 07:00:00 - 10/02/2024 08:00:00","Belgium (BE)","556.18","578.38","578.38","497.39"
"10/02/2024 08:00:00 - 10/02/2024 09:00:00","Belgium (BE)","429.85","350.55","268.98","321.41"
"10/02/2024 09:00:00 - 10/02/2024 10:00:00","Belgium (BE)","326.13","262.38","232.30","51.41"
"10/02/2024 10:00:00 - 10/02/2024 11:00:00","Belgium (BE)","232.70","140.50","177.23","114.34"
"10/02/2024 11:00:00 - 10/02/2024 12:00:00","Belgium (BE)","178.10","121.73","160.08","49.13"
"10/02/2024 12:00:00 - 10/02/2024 13:00:00","Belgium (BE)","121.28","117.45","96.53","1.18"
"10/02/2024 13:00:00 - 10/02/2024 14:00:00","Belgium (BE)","80.93","66.05","52.48"," "
"10/02/2024 14:00:00 - 10/02/2024 15:00:00","Belgium (BE)","52.43","17.85","22.13"," "
"10/02/2024 15:00:00 - 10/02/2024 16:00:00","Belgium (BE)","40.50","2.35","38.75","7.26"
"10/02/2024 16:00:00 - 10/02/2024 17:00:00","Belgium (BE)","36.05","21.45","76.33","18.45"
"10/02/2024 17:00:00 - 10/02/2024 18:00:00","Belgium (BE)","16.95","101.95","114.33","84.57"
"10/02/2024 18:00:00 - 10/02/2024 19:00:00","Belgium (BE)","31.90","305.38","200.58","188.25"
"10/02/2024 19:00:00 - 10/02/2024 20:00:00","Belgium (BE)","53.88","526.70","404.80","271.14"
"10/02/2024 20:00:00 - 10/02/2024 21:00:00","Belgium (BE)","58.68","632.33","541.70","390.94"
"10/02/2024 21:00:00 - 10/02/2024 22:00:00","Belgium (BE)","62.70","694.00","593.98","491.37"
"10/02/2024 22:00:00 - 10/02/2024 23:00:00","Belgium (BE)","53.50","626.40","524.03","397.28"
"10/02/2024 23:00:00 - 11/02/2024 00:00:00","Belgium (BE)","60.55","590.73","415.63","339.32"
"11/02/2024 00:00:00 - 11/02/2024 01:00:00","Belgium (BE)","335.90","336.03","336.03","463.81"
"11/02/2024 01:00:00 - 11/02/2024 02:00:00","Belgium (BE)","267.00","229.43","229.43","377.05"
"11/02/2024 02:00:00 - 11/02/2024 03:00:00","Belgium (BE)","524.63","717.30","717.30","997.05"
"11/02/2024 03:00:00 - 11/02/2024 04:00:00","Belgium (BE)","806.70","312.15","312.15","844.41"
"11/02/2024 04:00:00 - 11/02/2024 05:00:00","Belgium (BE)","416.95","559.95","559.95","792.48"
"11/02/2024 05:00:00 - 11/02/2024 06:00:00","Belgium (BE)","211.85","505.13","505.13","338.09"
"11/02/2024 06:00:00 - 11/02/2024 07:00:00","Belgium (BE)","190.25","676.28","676.28","127.36"
"11/02/2024 07:00:00 - 11/02/2024 08:00:00","Belgium (BE)","298.85","544.98","544.98","84.79"
"11/02/2024 08:00:00 - 11/02/2024 09:00:00","Belgium (BE)","375.90","475.15","259.20","155.45"
"11/02/2024 09:00:00 - 11/02/2024 10:00:00","Belgium (BE)","391.23","446.53","273.20","199.81"
"11/02/2024 10:00:00 - 11/02/2024 11:00:00","Belgium (BE)","383.10","402.80","316.10","123.20"
"11/02/2024 11:00:00 - 11/02/2024 12:00:00","Belgium (BE)","321.98","289.33","296.73","126.96"
"11/02/2024 12:00:00 - 11/02/2024 13:00:00","Belgium (BE)","251.13","241.93","168.28","150.00"
"11/02/2024 13:00:00 - 11/02/2024 14:00:00","Belgium (BE)","217.83","221.73","129.25","147.76"
"11/02/2024 14:00:00 - 11/02/2024 15:00:00","Belgium (BE)","198.93","202.48","156.90","95.46"
"11/02/2024 15:00:00 - 11/02/2024 16:00:00","Belgium (BE)","170.90","192.73","190.43","75.16"
"11/02/2024 16:00:00 - 11/02/2024 17:00:00","Belgium (BE)","202.90","214.75","173.90","113.28"
"11/02/2024 17:00:00 - 11/02/2024 18:00:00","Belgium (BE)","328.95","266.98","130.10","112.26"
"11/02/2024 18:00:00 - 11/02/2024 19:00:00","Belgium (BE)","504.20","423.93","226.05","140.62"
"11/02/2024 19:00:00 - 11/02/2024 20:00:00","Belgium (BE)","696.58","675.98","362.35","393.03"
"11/02/2024 20:00:00 - 11/02/2024 21:00:00","Belgium (BE)","864.65","901.15","484.00","274.52"
"11/02/2024 21:00:00 - 11/02/2024 22:00:00","Belgium (BE)","811.83","949.35","521.85","167.17"
"11/02/2024 22:00:00 - 11/02/2024 23:00:00","Belgium (BE)","688.13","770.00","431.45","218.56"
"11/02/2024 23:00:00 - 12/02/2024 00:00:00","Belgium (BE)","717.33","742.00","428.63","182.52"
"12/02/2024 00:00:00 - 12/02/2024 01:00:00","Belgium (BE)","508.58","289.80","289.80","178.23"
"12/02/2024 01:00:00 - 12/02/2024 02:00:00","Belgium (BE)","556.10","367.23","367.23","415.42"
"12/02/2024 02:00:00 - 12/02/2024 03:00:00","Belgium (BE)","564.18","398.73","398.73","339.96"
"12/02/2024 03:00:00 - 12/02/2024 04:00:00","Belgium (BE)","542.90","447.73","447.73","447.96"
"12/02/2024 04:00:00 - 12/02/2024 05:00:00","Belgium (BE)","484.35","317.58","317.58","367.72"
"12/02/2024 05:00:00 - 12/02/2024 06:00:00","Belgium (BE)","372.70","320.95","320.95","256.74"
"12/02/2024 06:00:00 - 12/02/2024 07:00:00","Belgium (BE)","328.73","237.65","237.65","162.13"
"12/02/2024 07:00:00 - 12/02/2024 08:00:00","Belgium (BE)","364.15","228.10","228.10","214.26"
"12/02/2024 08:00:00 - 12/02/2024 09:00:00","Belgium (BE)","394.35","234.28","265.53","179.72"
"12/02/2024 09:00:00 - 12/02/2024 10:00:00","Belgium (BE)","375.38","250.90","269.00","285.15"
"12/02/2024 10:00:00 - 12/02/2024 11:00:00","Belgium (BE)","366.13","288.13","238.03","186.23"
"12/02/2024 11:00:00 - 12/02/2024 12:00:00","Belgium (BE)","412.60","309.08","314.68","244.62"
"12/02/2024 12:00:00 - 12/02/2024 13:00:00","Belgium (BE)","475.65","364.58","364.73","388.54"
"12/02/2024 13:00:00 - 12/02/2024 14:00:00","Belgium (BE)","429.58","394.93","358.65","280.48"
"12/02/2024 14:00:00 - 12/02/2024 15:00:00","Belgium (BE)","354.13","334.75","388.43","351.92"
"12/02/2024 15:00:00 - 12/02/2024 16:00:00","Belgium (BE)","368.40","343.80","361.28","390.19"
"12/02/2024 16:00:00 - 12/02/2024 17:00:00","Belgium (BE)","409.08","441.43","438.03","377.42"
"12/02/2024 17:00:00 - 12/02/2024 18:00:00","Belgium (BE)","482.85","511.05","511.45","376.79"
"12/02/2024 18:00:00 - 12/02/2024 19:00:00","Belgium (BE)","577.58","599.35","558.10","336.05"
"12/02/2024 19:00:00 - 12/02/2024 20:00:00","Belgium (BE)","662.45","745.20","616.35","263.88"
"12/02/2024 20:00:00 - 12/02/2024 21:00:00","Belgium (BE)","847.80","851.88","682.40","284.71"
"12/02/2024 21:00:00 - 12/02/2024 22:00:00","Belgium (BE)","988.75","876.75","718.23","357.67"
"12/02/2024 22:00:00 - 12/02/2024 23:00:00","Belgium (BE)","1057.95","858.53","794.23","355.59"
"12/02/2024 23:00:00 - 13/02/2024 00:00:00","Belgium (BE)","1272.05","918.38","935.43","534.15"
"13/02/2024 00:00:00 - 13/02/2024 01:00:00","Belgium (BE)","1122.00","982.00","982.00","746.24"
"13/02/2024 01:00:00 - 13/02/2024 02:00:00","Belgium (BE)","1322.90","1103.50","1103.50","1257.02"
"13/02/2024 02:00:00 - 13/02/2024 03:00:00","Belgium (BE)","1468.58","1169.28","1169.28","1162.79"
"13/02/2024 03:00:00 - 13/02/2024 04:00:00","Belgium (BE)","1553.20","1319.13","1319.13","1446.05"
"13/02/2024 04:00:00 - 13/02/2024 05:00:00","Belgium (BE)","1577.35","1293.03","1293.03","1423.88"
"13/02/2024 05:00:00 - 13/02/2024 06:00:00","Belgium (BE)","1558.03","1371.50","1371.50","1353.54"
"13/02/2024 06:00:00 - 13/02/2024 07:00:00","Belgium (BE)","1530.68","1393.28","1393.28","1259.74"
"13/02/2024 07:00:00 - 13/02/2024 08:00:00","Belgium (BE)","1535.90","1456.55","1433.15","1385.01"
"13/02/2024 08:00:00 - 13/02/2024 09:00:00","Belgium (BE)","1542.78","1461.63","1433.30","1653.98"
"13/02/2024 09:00:00 - 13/02/2024 10:00:00","Belgium (BE)","1532.63","1546.80","1598.70","1663.84"
"13/02/2024 10:00:00 - 13/02/2024 11:00:00","Belgium (BE)","1532.90","1595.40","1634.18","1549.06"
"13/02/2024 11:00:00 - 13/02/2024 12:00:00","Belgium (BE)","1483.00","1534.88","1582.03","1420.42"
"13/02/2024 12:00:00 - 13/02/2024 13:00:00","Belgium (BE)","1375.83","1351.73","1413.83","1051.03"
"13/02/2024 13:00:00 - 13/02/2024 14:00:00","Belgium (BE)","1305.00","1164.55","1229.83","1025.36"
"13/02/2024 14:00:00 - 13/02/2024 15:00:00","Belgium (BE)","1136.38","1024.53","1069.85","1062.04"
"13/02/2024 15:00:00 - 13/02/2024 16:00:00","Belgium (BE)","968.93","984.90","1046.45","1049.65"
"13/02/2024 16:00:00 - 13/02/2024 17:00:00","Belgium (BE)","929.75","1018.25","1194.13","1285.67"
"13/02/2024 17:00:00 - 13/02/2024 18:00:00","Belgium (BE)","998.83","1114.88","1394.60","1354.42"
"13/02/2024 18:00:00 - 13/02/2024 19:00:00","Belgium (BE)","1292.40","1334.78","1664.68","1739.23"
"13/02/2024 19:00:00 - 13/02/2024 20:00:00","Belgium (BE)","1611.35","1630.75","1846.38","2015.04"
"13/02/2024 20:00:00 - 13/02/2024 21:00:00","Belgium (BE)","1810.60","1828.03","1921.53","1980.15"
"13/02/2024 21:00:00 - 13/02/2024 22:00:00","Belgium (BE)","1921.58","1904.08","1954.90","1978.42"
"13/02/2024 22:00:00 - 13/02/2024 23:00:00","Belgium (BE)","1949.95","1936.50","1966.83","1978.98"
"13/02/2024 23:00:00 - 14/02/2024 00:00:00","Belgium (BE)","1955.58","1948.33","1968.65","1968.97"
"14/02/2024 00:00:00 - 14/02/2024 01:00:00","Belgium (BE)","1964.93","1977.50","1977.50","1963.96"
"14/02/2024 01:00:00 - 14/02/2024 02:00:00","Belgium (BE)","1960.23","1968.53","1968.53","1968.92"
"14/02/2024 02:00:00 - 14/02/2024 03:00:00","Belgium (BE)","1956.83","1962.95","1962.95","1971.82"
"14/02/2024 03:00:00 - 14/02/2024 04:00:00","Belgium (BE)","1947.23","1945.93","1945.93","1965.57"
"14/02/2024 04:00:00 - 14/02/2024 05:00:00","Belgium (BE)","1932.38","1937.55","1937.55","1960.22"
"14/02/2024 05:00:00 - 14/02/2024 06:00:00","Belgium (BE)","1909.38","1925.20","1925.20","1960.16"
"14/02/2024 06:00:00 - 14/02/2024 07:00:00","Belgium (BE)","1844.35","1912.30","1912.30","1940.09"
"14/02/2024 07:00:00 - 14/02/2024 08:00:00","Belgium (BE)","1834.53","1899.28","1920.63","1916.68"
"14/02/2024 08:00:00 - 14/02/2024 09:00:00","Belgium (BE)","1865.08","1898.95","1920.73","1896.83"
"14/02/2024 09:00:00 - 14/02/2024 10:00:00","Belgium (BE)","1868.98","1900.38","1892.03","1789.85"
"14/02/2024 10:00:00 - 14/02/2024 11:00:00","Belgium (BE)","1898.20","1873.30","1872.93","1848.71"
"14/02/2024 11:00:00 - 14/02/2024 12:00:00","Belgium (BE)","1902.80","1906.95","1902.98","1966.18"
"14/02/2024 12:00:00 - 14/02/2024 13:00:00","Belgium (BE)","1914.60","1910.53","1918.30","1972.42"
"14/02/2024 13:00:00 - 14/02/2024 14:00:00","Belgium (BE)","1927.88","1923.50","1937.58","1952.88"
"14/02/2024 14:00:00 - 14/02/2024 15:00:00","Belgium (BE)","1940.50","1932.10","1955.08","1967.53"
"14/02/2024 15:00:00 - 14/02/2024 16:00:00","Belgium (BE)","1948.13","1939.45","1949.00","1950.69"
"14/02/2024 16:00:00 - 14/02/2024 17:00:00","Belgium (BE)","1944.40","1938.70","1950.85","1967.12"
"14/02/2024 17:00:00 - 14/02/2024 18:00:00","Belgium (BE)","1927.28","1935.40","1939.45","1966.07"
"14/02/2024 18:00:00 - 14/02/2024 19:00:00","Belgium (BE)","1897.23","1927.55","1943.30","1916.04"
"14/02/2024 19:00:00 - 14/02/2024 20:00:00","Belgium (BE)","1870.55","1907.90","1931.20","1939.53"
"14/02/2024 20:00:00 - 14/02/2024 21:00:00","Belgium (BE)","1836.40","1888.98","1897.88","1944.55"
"14/02/2024 21:00:00 - 14/02/2024 22:00:00","Belgium (BE)","1788.08","1846.03","1826.50","1841.97"
"14/02/2024 22:00:00 - 14/02/2024 23:00:00","Belgium (BE)","1723.68","1747.80","1719.98","1469.42"
"14/02/2024 23:00:00 - 15/02/2024 00:00:00","Belgium (BE)","1655.75","1659.73","1575.65","1166.78"
"15/02/2024 00:00:00 - 15/02/2024 01:00:00","Belgium (BE)","1477.03","1442.73","1442.73","1164.65"
"15/02/2024 01:00:00 - 15/02/2024 02:00:00","Belgium (BE)","1441.45","1455.30","1455.30","1409.13"
"15/02/2024 02:00:00 - 15/02/2024 03:00:00","Belgium (BE)","1459.10","1468.63","1468.63","1557.60"
"15/02/2024 03:00:00 - 15/02/2024 04:00:00","Belgium (BE)","1523.38","1496.63","1496.63","1235.64"
"15/02/2024 04:00:00 - 15/02/2024 05:00:00","Belgium (BE)","1516.53","1477.48","1477.48","1181.84"
"15/02/2024 05:00:00 - 15/02/2024 06:00:00","Belgium (BE)","1488.70","1262.45","1262.45","1326.91"
"15/02/2024 06:00:00 - 15/02/2024 07:00:00","Belgium (BE)","1424.50","1224.33","1224.33","1252.63"
"15/02/2024 07:00:00 - 15/02/2024 08:00:00","Belgium (BE)","1358.35","1247.55","1274.40","1454.10"
"15/02/2024 08:00:00 - 15/02/2024 09:00:00","Belgium (BE)","1290.83","1149.60","1165.00","1372.48"
"15/02/2024 09:00:00 - 15/02/2024 10:00:00","Belgium (BE)","1227.13","1067.48","1223.65","1393.36"
"15/02/2024 10:00:00 - 15/02/2024 11:00:00","Belgium (BE)","1163.10","1055.03","1129.68","1506.74"
"15/02/2024 11:00:00 - 15/02/2024 12:00:00","Belgium (BE)","1075.40","1040.28","1067.53","1252.58"
"15/02/2024 12:00:00 - 15/02/2024 13:00:00","Belgium (BE)","985.75","1022.53","1019.15","1170.20"
"15/02/2024 13:00:00 - 15/02/2024 14:00:00","Belgium (BE)","935.58","900.03","916.43","1004.97"
"15/02/2024 14:00:00 - 15/02/2024 15:00:00","Belgium (BE)","840.25","851.93","800.25","748.51"
"15/02/2024 15:00:00 - 15/02/2024 16:00:00","Belgium (BE)","774.43","897.93","792.83","737.94"
"15/02/2024 16:00:00 - 15/02/2024 17:00:00","Belgium (BE)","814.28","1055.88","813.60","747.50"
"15/02/2024 17:00:00 - 15/02/2024 18:00:00","Belgium (BE)","922.68","1240.13","926.63","996.79"
"15/02/2024 18:00:00 - 15/02/2024 19:00:00","Belgium (BE)","1068.05","1385.83","1104.95","1358.33"
"15/02/2024 19:00:00 - 15/02/2024 20:00:00","Belgium (BE)","1258.13","1449.68","1232.30","1620.11"
"15/02/2024 20:00:00 - 15/02/2024 21:00:00","Belgium (BE)","1444.80","1446.88","1275.95","1680.21"
"15/02/2024 21:00:00 - 15/02/2024 22:00:00","Belgium (BE)","1538.50","1373.88","1226.78","1813.22"
"15/02/2024 22:00:00 - 15/02/2024 23:00:00","Belgium (BE)","1526.88","1287.43","1163.18","1861.17"
"15/02/2024 23:00:00 - 16/02/2024 00:00:00","Belgium (BE)","1466.70","1123.98","1113.25","1769.38"
"16/02/2024 00:00:00 - 16/02/2024 01:00:00","Belgium (BE)","1084.63","1123.73","1123.73","1515.11"
"16/02/2024 01:00:00 - 16/02/2024 02:00:00","Belgium (BE)","952.08","990.80","990.80","1016.98"
"16/02/2024 02:00:00 - 16/02/2024 03:00:00","Belgium (BE)","862.73","949.08","949.08","1135.35"
"16/02/2024 03:00:00 - 16/02/2024 04:00:00","Belgium (BE)","894.03","1024.95","1024.95","1271.21"
"16/02/2024 04:00:00 - 16/02/2024 05:00:00","Belgium (BE)","953.55","1031.98","1031.98","1452.84"
"16/02/2024 05:00:00 - 16/02/2024 06:00:00","Belgium (BE)","1034.00","1073.28","1073.28","1497.47"
"16/02/2024 06:00:00 - 16/02/2024 07:00:00","Belgium (BE)","1119.60","1125.55","1125.55","1558.26"
"16/02/2024 07:00:00 - 16/02/2024 08:00:00","Belgium (BE)","1161.55","1098.40","1088.53","1223.12"
"16/02/2024 08:00:00 - 16/02/2024 09:00:00","Belgium (BE)","1151.50","1069.78","1032.75","874.48"
"16/02/2024 09:00:00 - 16/02/2024 10:00:00","Belgium (BE)","1064.03","910.13","767.45","262.32"
"16/02/2024 10:00:00 - 16/02/2024 11:00:00","Belgium (BE)","930.00","721.98","634.58","468.00"
"16/02/2024 11:00:00 - 16/02/2024 12:00:00","Belgium (BE)","833.03","676.93","471.83","223.14"
"16/02/2024 12:00:00 - 16/02/2024 13:00:00","Belgium (BE)","823.13","715.50","526.78","624.88"
"16/02/2024 13:00:00 - 16/02/2024 14:00:00","Belgium (BE)","821.55","705.60","553.38","670.53"
"16/02/2024 14:00:00 - 16/02/2024 15:00:00","Belgium (BE)","813.88","709.90","668.20","564.99"
"16/02/2024 15:00:00 - 16/02/2024 16:00:00","Belgium (BE)","826.50","741.08","739.00","721.51"
"16/02/2024 16:00:00 - 16/02/2024 17:00:00","Belgium (BE)","816.23","788.80","679.18","975.11"
"16/02/2024 17:00:00 - 16/02/2024 18:00:00","Belgium (BE)","823.95","837.25","722.80","996.30"
"16/02/2024 18:00:00 - 16/02/2024 19:00:00","Belgium (BE)","920.23","813.50","725.85","810.44"
"16/02/2024 19:00:00 - 16/02/2024 20:00:00","Belgium (BE)","906.65","697.70","660.80","594.57"
"16/02/2024 20:00:00 - 16/02/2024 21:00:00","Belgium (BE)","823.53","591.03","592.23","781.64"
"16/02/2024 21:00:00 - 16/02/2024 22:00:00","Belgium (BE)","772.73","554.88","561.30","1053.92"
"16/02/2024 22:00:00 - 16/02/2024 23:00:00","Belgium (BE)","732.80","556.03","565.43","1036.41"
"16/02/2024 23:00:00 - 17/02/2024 00:00:00","Belgium (BE)","703.35","541.53","576.38","848.92"
"17/02/2024 00:00:00 - 17/02/2024 01:00:00","Belgium (BE)","541.65","588.05","588.05","590.09"
"17/02/2024 01:00:00 - 17/02/2024 02:00:00","Belgium (BE)","474.58","491.95","491.95","414.47"
"17/02/2024 02:00:00 - 17/02/2024 03:00:00","Belgium (BE)","404.90","408.63","408.63","261.31"
"17/02/2024 03:00:00 - 17/02/2024 04:00:00","Belgium (BE)","329.23","318.45","318.45","192.86"
"17/02/2024 04:00:00 - 17/02/2024 05:00:00","Belgium (BE)","231.03","358.08","358.08","171.17"
"17/02/2024 05:00:00 - 17/02/2024 06:00:00","Belgium (BE)","152.28","125.23","125.23","86.50"
"17/02/2024 06:00:00 - 17/02/2024 07:00:00","Belgium (BE)","115.48","108.18","108.18","30.21"
"17/02/2024 07:00:00 - 17/02/2024 08:00:00","Belgium (BE)","81.63","89.93","80.73","29.55"
"17/02/2024 08:00:00 - 17/02/2024 09:00:00","Belgium (BE)","64.68","87.40","80.40","33.32"
"17/02/2024 09:00:00 - 17/02/2024 10:00:00","Belgium (BE)","64.68","108.50","125.65","141.38"
"17/02/2024 10:00:00 - 17/02/2024 11:00:00","Belgium (BE)","85.58","143.30","172.75","338.76"
"17/02/2024 11:00:00 - 17/02/2024 12:00:00","Belgium (BE)","117.08","174.85","254.35","385.94"
"17/02/2024 12:00:00 - 17/02/2024 13:00:00","Belgium (BE)","153.40","214.73","359.33","446.68"
"17/02/2024 13:00:00 - 17/02/2024 14:00:00","Belgium (BE)","201.15","274.10","423.05","492.78"
"17/02/2024 14:00:00 - 17/02/2024 15:00:00","Belgium (BE)","281.28","355.45","514.65","475.86"
"17/02/2024 15:00:00 - 17/02/2024 16:00:00","Belgium (BE)","367.05","434.90","643.33","540.44"
"17/02/2024 16:00:00 - 17/02/2024 17:00:00","Belgium (BE)","464.93","508.18","704.73","765.08"
"17/02/2024 17:00:00 - 17/02/2024 18:00:00","Belgium (BE)","527.45","602.93","841.45","861.04"
"17/02/2024 18:00:00 - 17/02/2024 19:00:00","Belgium (BE)","546.50","697.43","1131.53","941.42"
"17/02/2024 19:00:00 - 17/02/2024 20:00:00","Belgium (BE)","596.90","813.43","1283.25","946.76"
"17/02/2024 20:00:00 - 17/02/2024 21:00:00","Belgium (BE)","683.48","951.25","1417.28","944.07"
"17/02/2024 21:00:00 - 17/02/2024 22:00:00","Belgium (BE)","790.90","1117.28","1569.25","1005.65"
"17/02/2024 22:00:00 - 17/02/2024 23:00:00","Belgium (BE)","911.43","1270.33","1680.38","1352.70"
"17/02/2024 23:00:00 - 18/02/2024 00:00:00","Belgium (BE)","1031.58","1413.40","1778.20","1460.46"
"18/02/2024 00:00:00 - 18/02/2024 01:00:00","Belgium (BE)","1840.05","1768.58","1768.58","1780.49"
"18/02/2024 01:00:00 - 18/02/2024 02:00:00","Belgium (BE)","1859.53","1777.70","1777.70","1785.88"
"18/02/2024 02:00:00 - 18/02/2024 03:00:00","Belgium (BE)","1886.53","1830.05","1830.05","1964.51"
"18/02/2024 03:00:00 - 18/02/2024 04:00:00","Belgium (BE)","1905.75","1831.90","1831.90","1989.63"
"18/02/2024 04:00:00 - 18/02/2024 05:00:00","Belgium (BE)","1922.13","1869.33","1869.33","2010.36"
"18/02/2024 05:00:00 - 18/02/2024 06:00:00","Belgium (BE)","1930.05","1932.25","1932.25","1930.13"
"18/02/2024 06:00:00 - 18/02/2024 07:00:00","Belgium (BE)","1921.13","1933.78","1933.78","1920.18"
"18/02/2024 07:00:00 - 18/02/2024 08:00:00","Belgium (BE)","1895.08","1929.03","1930.95","1890.89"
"18/02/2024 08:00:00 - 18/02/2024 09:00:00","Belgium (BE)","1875.60","1920.63","1917.53","1914.43"
"18/02/2024 09:00:00 - 18/02/2024 10:00:00","Belgium (BE)","1852.20","1907.23","1904.50","1945.69"
"18/02/2024 10:00:00 - 18/02/2024 11:00:00","Belgium (BE)","1798.05","1881.45","1907.30","1904.05"
"18/02/2024 11:00:00 - 18/02/2024 12:00:00","Belgium (BE)","1691.60","1855.23","1915.10","1927.73"
"18/02/2024 12:00:00 - 18/02/2024 13:00:00","Belgium (BE)","1514.55","1786.13","1885.68","1997.35"
"18/02/2024 13:00:00 - 18/02/2024 14:00:00","Belgium (BE)","1333.90","1632.18","1850.43","1991.54"
"18/02/2024 14:00:00 - 18/02/2024 15:00:00","Belgium (BE)","1136.60","1551.45","1785.35","1976.42"
"18/02/2024 15:00:00 - 18/02/2024 16:00:00","Belgium (BE)","992.90","1374.20","1580.73","1868.16"
"18/02/2024 16:00:00 - 18/02/2024 17:00:00","Belgium (BE)","896.83","1254.70","1295.85","1206.91"
"18/02/2024 17:00:00 - 18/02/2024 18:00:00","Belgium (BE)","823.20","1129.80","1134.28","945.90"
"18/02/2024 18:00:00 - 18/02/2024 19:00:00","Belgium (BE)","793.28","957.55","841.80","682.04"
"18/02/2024 19:00:00 - 18/02/2024 20:00:00","Belgium (BE)","715.08","861.08","649.88","178.64"
"18/02/2024 20:00:00 - 18/02/2024 21:00:00","Belgium (BE)","687.60","814.78","495.63","199.03"
"18/02/2024 21:00:00 - 18/02/2024 22:00:00","Belgium (BE)","643.13","781.93","406.58","198.29"
"18/02/2024 22:00:00 - 18/02/2024 23:00:00","Belgium (BE)","608.13","769.98","387.18","229.42"
"18/02/2024 23:00:00 - 19/02/2024 00:00:00","Belgium (BE)","569.00","693.43","393.38","272.42"
"19/02/2024 00:00:00 - 19/02/2024 01:00:00","Belgium (BE)","394.68","406.45","406.45","140.72"
"19/02/2024 01:00:00 - 19/02/2024 02:00:00","Belgium (BE)","425.25","367.90","367.90","120.26"
"19/02/2024 02:00:00 - 19/02/2024 03:00:00","Belgium (BE)","441.55","330.83","330.83","305.38"
"19/02/2024 03:00:00 - 19/02/2024 04:00:00","Belgium (BE)","464.73","306.85","306.85","368.83"
"19/02/2024 04:00:00 - 19/02/2024 05:00:00","Belgium (BE)","396.70","278.73","278.73","254.82"
"19/02/2024 05:00:00 - 19/02/2024 06:00:00","Belgium (BE)","330.90","270.15","270.15","262.05"
"19/02/2024 06:00:00 - 19/02/2024 07:00:00","Belgium (BE)","367.20","305.60","305.60","538.02"
"19/02/2024 07:00:00 - 19/02/2024 08:00:00","Belgium (BE)","507.05","480.30","491.58","662.82"
"19/02/2024 08:00:00 - 19/02/2024 09:00:00","Belgium (BE)","730.60","762.18","767.78","1132.19"
"19/02/2024 09:00:00 - 19/02/2024 10:00:00","Belgium (BE)","959.43","980.70","1012.65","1089.56"
"19/02/2024 10:00:00 - 19/02/2024 11:00:00","Belgium (BE)","1186.78","1277.95","1354.08","1308.98"
"19/02/2024 11:00:00 - 19/02/2024 12:00:00","Belgium (BE)","1348.48","1426.75","1515.03","982.72"
"19/02/2024 12:00:00 - 19/02/2024 13:00:00","Belgium (BE)","1337.73","1469.95","1467.33","1336.32"
"19/02/2024 13:00:00 - 19/02/2024 14:00:00","Belgium (BE)","1290.63","1454.00","1339.83","1338.02"
"19/02/2024 14:00:00 - 19/02/2024 15:00:00","Belgium (BE)","1202.03","1297.08","1192.20","1223.01"
"19/02/2024 15:00:00 - 19/02/2024 16:00:00","Belgium (BE)","1062.28","1068.75","964.90","1177.13"
"19/02/2024 16:00:00 - 19/02/2024 17:00:00","Belgium (BE)","831.53","824.95","669.33","731.32"
"19/02/2024 17:00:00 - 19/02/2024 18:00:00","Belgium (BE)","569.65","578.83","476.73","486.77"
"19/02/2024 18:00:00 - 19/02/2024 19:00:00","Belgium (BE)","409.80","396.90","324.08","323.77"
"19/02/2024 19:00:00 - 19/02/2024 20:00:00","Belgium (BE)","345.73","312.03","282.95","298.24"
"19/02/2024 20:00:00 - 19/02/2024 21:00:00","Belgium (BE)","339.20","331.95","319.23","393.76"
"19/02/2024 21:00:00 - 19/02/2024 22:00:00","Belgium (BE)","375.40","415.43","384.28","313.42"
"19/02/2024 22:00:00 - 19/02/2024 23:00:00","Belgium (BE)","431.60","500.13","423.38","336.64"
"19/02/2024 23:00:00 - 20/02/2024 00:00:00","Belgium (BE)","461.43","507.43","457.83","422.38"
"20/02/2024 00:00:00 - 20/02/2024 01:00:00","Belgium (BE)","405.15","360.05","360.05","465.38"
"20/02/2024 01:00:00 - 20/02/2024 02:00:00","Belgium (BE)","339.50","295.50","295.50","279.71"
"20/02/2024 02:00:00 - 20/02/2024 03:00:00","Belgium (BE)","277.15","229.58","229.58","268.21"
"20/02/2024 03:00:00 - 20/02/2024 04:00:00","Belgium (BE)","228.23","161.63","161.63","133.03"
"20/02/2024 04:00:00 - 20/02/2024 05:00:00","Belgium (BE)","210.13","174.38","174.38","31.89"
"20/02/2024 05:00:00 - 20/02/2024 06:00:00","Belgium (BE)","248.23","191.75","191.75","72.14"
"20/02/2024 06:00:00 - 20/02/2024 07:00:00","Belgium (BE)","332.90","264.70","264.70","370.53"
"20/02/2024 07:00:00 - 20/02/2024 08:00:00","Belgium (BE)","466.15","402.60","388.93","352.34"
"20/02/2024 08:00:00 - 20/02/2024 09:00:00","Belgium (BE)","672.73","615.65","561.60","461.15"
"20/02/2024 09:00:00 - 20/02/2024 10:00:00","Belgium (BE)","983.13","942.90","741.45","619.13"
"20/02/2024 10:00:00 - 20/02/2024 11:00:00","Belgium (BE)","1289.63","1304.28","1047.40","1031.26"
"20/02/2024 11:00:00 - 20/02/2024 12:00:00","Belgium (BE)","1600.20","1604.50","1359.03","1410.21"
"20/02/2024 12:00:00 - 20/02/2024 13:00:00","Belgium (BE)","1714.35","1817.08","1686.48","1843.76"
"20/02/2024 13:00:00 - 20/02/2024 14:00:00","Belgium (BE)","1808.18","1906.15","1864.95","1997.74"
"20/02/2024 14:00:00 - 20/02/2024 15:00:00","Belgium (BE)","1871.00","1936.20","1927.28","1972.99"
"20/02/2024 15:00:00 - 20/02/2024 16:00:00","Belgium (BE)","1906.60","1947.75","1937.95","1966.69"
"20/02/2024 16:00:00 - 20/02/2024 17:00:00","Belgium (BE)","1932.58","1953.83","1956.95","1951.30"
"20/02/2024 17:00:00 - 20/02/2024 18:00:00","Belgium (BE)","1945.10","1952.50","1961.45","1966.61"
"20/02/2024 18:00:00 - 20/02/2024 19:00:00","Belgium (BE)","1952.88","1952.60","1959.65","1970.59"
"20/02/2024 19:00:00 - 20/02/2024 20:00:00","Belgium (BE)","1956.20","1953.78","1953.98","1965.82"
"20/02/2024 20:00:00 - 20/02/2024 21:00:00","Belgium (BE)","1955.58","1954.83","1949.88","1956.03"
"20/02/2024 21:00:00 - 20/02/2024 22:00:00","Belgium (BE)","1949.70","1950.90","1939.10","1928.54"
"20/02/2024 22:00:00 - 20/02/2024 23:00:00","Belgium (BE)","1943.78","1938.60","1922.80","1887.58"
"20/02/2024 23:00:00 - 21/02/2024 00:00:00","Belgium (BE)","1924.83","1907.40","1900.55","1904.49"
"21/02/2024 00:00:00 - 21/02/2024 01:00:00","Belgium (BE)","1858.58","1855.40","1855.40","1935.57"
"21/02/2024 01:00:00 - 21/02/2024 02:00:00","Belgium (BE)","1764.60","1784.45","1784.45","1891.59"
"21/02/2024 02:00:00 - 21/02/2024 03:00:00","Belgium (BE)","1630.95","1698.30","1698.30","1667.02"
"21/02/2024 03:00:00 - 21/02/2024 04:00:00","Belgium (BE)","1469.93","1587.48","1587.48","1422.78"
"21/02/2024 04:00:00 - 21/02/2024 05:00:00","Belgium (BE)","1398.28","1452.35","1452.35","1180.70"
"21/02/2024 05:00:00 - 21/02/2024 06:00:00","Belgium (BE)","1380.65","1324.60","1324.60","1131.10"
"21/02/2024 06:00:00 - 21/02/2024 07:00:00","Belgium (BE)","1442.98","1319.88","1319.88","1273.22"
"21/02/2024 07:00:00 - 21/02/2024 08:00:00","Belgium (BE)","1570.10","1364.88","1323.18","1283.73"
"21/02/2024 08:00:00 - 21/02/2024 09:00:00","Belgium (BE)","1709.88","1543.95","1515.65","1557.74"
"21/02/2024 09:00:00 - 21/02/2024 10:00:00","Belgium (BE)","1810.00","1723.33","1690.65","1755.92"
"21/02/2024 10:00:00 - 21/02/2024 11:00:00","Belgium (BE)","1875.55","1844.23","1806.43","1863.09"
"21/02/2024 11:00:00 - 21/02/2024 12:00:00","Belgium (BE)","1914.38","1898.90","1872.00","1956.16"
"21/02/2024 12:00:00 - 21/02/2024 13:00:00","Belgium (BE)","1932.48","1924.13","1947.25","1977.31"
"21/02/2024 13:00:00 - 21/02/2024 14:00:00","Belgium (BE)","1945.45","1940.45","1960.13","1969.81"
"21/02/2024 14:00:00 - 21/02/2024 15:00:00","Belgium (BE)","1947.38","1945.75","1965.98","1977.60"
"21/02/2024 15:00:00 - 21/02/2024 16:00:00","Belgium (BE)","1947.13","1953.35","1970.55","1974.32"
"21/02/2024 16:00:00 - 21/02/2024 17:00:00","Belgium (BE)","1948.53","1964.33","1972.05","1978.28"
"21/02/2024 17:00:00 - 21/02/2024 18:00:00","Belgium (BE)","1947.43","1964.65","1968.68","1977.02"
"21/02/2024 18:00:00 - 21/02/2024 19:00:00","Belgium (BE)","1947.10","1961.08","1970.25","1982.94"
"21/02/2024 19:00:00 - 21/02/2024 20:00:00","Belgium (BE)","1948.00","1957.63","1965.28","1964.48"
"21/02/2024 20:00:00 - 21/02/2024 21:00:00","Belgium (BE)","1946.20","1953.10","1963.30","1948.60"
"21/02/2024 21:00:00 - 21/02/2024 22:00:00","Belgium (BE)","1931.85","1940.05","1952.08","1958.72"
"21/02/2024 22:00:00 - 21/02/2024 23:00:00","Belgium (BE)","1913.80","1911.95","1923.15","1956.25"
"21/02/2024 23:00:00 - 22/02/2024 00:00:00","Belgium (BE)","1874.90","1861.50","1857.13","1849.32"
"22/02/2024 00:00:00 - 22/02/2024 01:00:00","Belgium (BE)","1762.80","1797.85","1797.85","1832.89"
"22/02/2024 01:00:00 - 22/02/2024 02:00:00","Belgium (BE)","1619.05","1632.63","1632.63","1705.03"
"22/02/2024 02:00:00 - 22/02/2024 03:00:00","Belgium (BE)","1452.65","1505.28","1505.28","1845.00"
"22/02/2024 03:00:00 - 22/02/2024 04:00:00","Belgium (BE)","1342.63","1334.55","1334.55","1768.85"
"22/02/2024 04:00:00 - 22/02/2024 05:00:00","Belgium (BE)","1235.00","1273.63","1273.63","1700.02"
"22/02/2024 05:00:00 - 22/02/2024 06:00:00","Belgium (BE)","1220.23","1277.08","1277.08","1599.13"
"22/02/2024 06:00:00 - 22/02/2024 07:00:00","Belgium (BE)","1223.75","1239.10","1239.10","1492.78"
"22/02/2024 07:00:00 - 22/02/2024 08:00:00","Belgium (BE)","1221.28","1178.15","1178.15","1428.74"
"22/02/2024 08:00:00 - 22/02/2024 09:00:00","Belgium (BE)","1279.35","1183.20","1184.20","975.79"
"22/02/2024 09:00:00 - 22/02/2024 10:00:00","Belgium (BE)","1397.95","1288.38","1277.58","1218.40"
"22/02/2024 10:00:00 - 22/02/2024 11:00:00","Belgium (BE)","1513.75","1417.10","1333.98","1487.21"
"22/02/2024 11:00:00 - 22/02/2024 12:00:00","Belgium (BE)","1628.18","1574.20","1547.38","1781.09"
"22/02/2024 12:00:00 - 22/02/2024 13:00:00","Belgium (BE)","1769.53","1726.68","1658.93","1853.88"
"22/02/2024 13:00:00 - 22/02/2024 14:00:00","Belgium (BE)","1854.83","1820.18","1796.23","1814.03"
"22/02/2024 14:00:00 - 22/02/2024 15:00:00","Belgium (BE)","1907.60","1890.13","1885.25","1836.54"
"22/02/2024 15:00:00 - 22/02/2024 16:00:00","Belgium (BE)","1918.30","1914.78","1895.88","1762.61"
"22/02/2024 16:00:00 - 22/02/2024 17:00:00","Belgium (BE)","1929.98","1930.03","1888.95","1870.28"
"22/02/2024 17:00:00 - 22/02/2024 18:00:00","Belgium (BE)","1912.60","1932.33","1867.40","1531.09"
"22/02/2024 18:00:00 - 22/02/2024 19:00:00","Belgium (BE)","1848.98","1880.03","1878.58","1761.10"
"22/02/2024 19:00:00 - 22/02/2024 20:00:00","Belgium (BE)","1869.90","1893.43","1775.20","1843.28"
"22/02/2024 20:00:00 - 22/02/2024 21:00:00","Belgium (BE)","1893.28","1888.25","1760.98","1975.49"
"22/02/2024 21:00:00 - 22/02/2024 22:00:00","Belgium (BE)","1921.98","1895.85","1816.13","1891.99"
"22/02/2024 22:00:00 - 22/02/2024 23:00:00","Belgium (BE)","1939.18","1917.75","1880.28","1987.61"
"22/02/2024 23:00:00 - 23/02/2024 00:00:00","Belgium (BE)","1942.70","1937.10","1927.85","2010.29"
"23/02/2024 00:00:00 - 23/02/2024 01:00:00","Belgium (BE)","1946.80","1958.95","1958.95","1972.29"
"23/02/2024 01:00:00 - 23/02/2024 02:00:00","Belgium (BE)","1945.80","1958.40","1958.40","1954.97"
"23/02/2024 02:00:00 - 23/02/2024 03:00:00","Belgium (BE)","1941.78","1955.83","1955.83","1942.87"
"23/02/2024 03:00:00 - 23/02/2024 04:00:00","Belgium (BE)","1938.23","1947.80","1947.80","1922.19"
"23/02/2024 04:00:00 - 23/02/2024 05:00:00","Belgium (BE)","1939.35","1944.58","1944.58","1936.95"
"23/02/2024 05:00:00 - 23/02/2024 06:00:00","Belgium (BE)","1939.48","1942.05","1942.05","1947.82"
"23/02/2024 06:00:00 - 23/02/2024 07:00:00","Belgium (BE)","1939.55","1955.58","1955.58","1954.80"
"23/02/2024 07:00:00 - 23/02/2024 08:00:00","Belgium (BE)","1939.25","1951.55","1958.00","1952.01"
"23/02/2024 08:00:00 - 23/02/2024 09:00:00","Belgium (BE)","1935.28","1945.83","1954.98","1958.01"
"23/02/2024 09:00:00 - 23/02/2024 10:00:00","Belgium (BE)","1925.18","1938.08","1944.00","1938.52"
"23/02/2024 10:00:00 - 23/02/2024 11:00:00","Belgium (BE)","1904.58","1926.18","1934.53","1939.53"
"23/02/2024 11:00:00 - 23/02/2024 12:00:00","Belgium (BE)","1893.20","1897.05","1907.35","1931.16"
"23/02/2024 12:00:00 - 23/02/2024 13:00:00","Belgium (BE)","1888.88","1879.33","1893.53","1932.20"
"23/02/2024 13:00:00 - 23/02/2024 14:00:00","Belgium (BE)","1900.80","1889.60","1913.88","1969.76"
"23/02/2024 14:00:00 - 23/02/2024 15:00:00","Belgium (BE)","1885.60","1878.70","1906.95","1905.90"
"23/02/2024 15:00:00 - 23/02/2024 16:00:00","Belgium (BE)","1844.43","1846.10","1891.05","1803.66"
"23/02/2024 16:00:00 - 23/02/2024 17:00:00","Belgium (BE)","1824.38","1773.38","1822.08","1175.82"
"23/02/2024 17:00:00 - 23/02/2024 18:00:00","Belgium (BE)","1752.35","1699.70","1761.43","944.52"
"23/02/2024 18:00:00 - 23/02/2024 19:00:00","Belgium (BE)","1683.08","1584.08","1510.93","1535.60"
"23/02/2024 19:00:00 - 23/02/2024 20:00:00","Belgium (BE)","1622.75","1522.33","1447.03","1450.19"
"23/02/2024 20:00:00 - 23/02/2024 21:00:00","Belgium (BE)","1506.95","1497.08","1575.88","1291.62"
"23/02/2024 21:00:00 - 23/02/2024 22:00:00","Belgium (BE)","1418.98","1428.70","1500.43","1211.28"
"23/02/2024 22:00:00 - 23/02/2024 23:00:00","Belgium (BE)","1348.50","1321.55","1378.58","1300.17"
"23/02/2024 23:00:00 - 24/02/2024 00:00:00","Belgium (BE)","1297.03","1208.88","1262.50","1245.88"
"24/02/2024 00:00:00 - 24/02/2024 01:00:00","Belgium (BE)","1181.03","1133.78","1133.78","938.87"
"24/02/2024 01:00:00 - 24/02/2024 02:00:00","Belgium (BE)","1140.95","1090.25","1090.25","1158.34"
"24/02/2024 02:00:00 - 24/02/2024 03:00:00","Belgium (BE)","1112.13","939.38","939.38","1129.41"
"24/02/2024 03:00:00 - 24/02/2024 04:00:00","Belgium (BE)","1097.13","949.00","949.00","601.61"
"24/02/2024 04:00:00 - 24/02/2024 05:00:00","Belgium (BE)","1080.78","910.63","910.63","633.68"
"24/02/2024 05:00:00 - 24/02/2024 06:00:00","Belgium (BE)","1086.50","796.15","796.15","759.01"
"24/02/2024 06:00:00 - 24/02/2024 07:00:00","Belgium (BE)","1110.73","843.68","843.68","632.03"
"24/02/2024 07:00:00 - 24/02/2024 08:00:00","Belgium (BE)","1086.53","837.73","840.70","692.60"
"24/02/2024 08:00:00 - 24/02/2024 09:00:00","Belgium (BE)","1067.13","817.25","775.05","777.80"
"24/02/2024 09:00:00 - 24/02/2024 10:00:00","Belgium (BE)","1094.58","837.88","868.90","1243.60"
"24/02/2024 10:00:00 - 24/02/2024 11:00:00","Belgium (BE)","1092.53","814.40","847.03","1334.85"
"24/02/2024 11:00:00 - 24/02/2024 12:00:00","Belgium (BE)","1024.90","791.95","915.20","1462.48"
"24/02/2024 12:00:00 - 24/02/2024 13:00:00","Belgium (BE)","941.10","769.80","835.40","1200.93"
"24/02/2024 13:00:00 - 24/02/2024 14:00:00","Belgium (BE)","861.55","733.60","891.25","1264.69"
"24/02/2024 14:00:00 - 24/02/2024 15:00:00","Belgium (BE)","829.88","670.18","773.48","1306.08"
"24/02/2024 15:00:00 - 24/02/2024 16:00:00","Belgium (BE)","808.65","555.70","728.95","1284.47"
"24/02/2024 16:00:00 - 24/02/2024 17:00:00","Belgium (BE)","709.05","462.70","607.30","803.61"
"24/02/2024 17:00:00 - 24/02/2024 18:00:00","Belgium (BE)","595.55","434.63","707.63","591.14"
"24/02/2024 18:00:00 - 24/02/2024 19:00:00","Belgium (BE)","458.38","508.93","658.48","439.23"
"24/02/2024 19:00:00 - 24/02/2024 20:00:00","Belgium (BE)","361.38","592.93","588.98","466.77"
"24/02/2024 20:00:00 - 24/02/2024 21:00:00","Belgium (BE)","299.90","732.25","568.63","516.98"
"24/02/2024 21:00:00 - 24/02/2024 22:00:00","Belgium (BE)","224.40","727.30","531.63","590.00"
"24/02/2024 22:00:00 - 24/02/2024 23:00:00","Belgium (BE)","158.35","637.88","474.53","984.61"
"24/02/2024 23:00:00 - 25/02/2024 00:00:00","Belgium (BE)","118.75","649.78","437.28","950.86"
"25/02/2024 00:00:00 - 25/02/2024 01:00:00","Belgium (BE)","355.05","696.25","696.25","736.10"
"25/02/2024 01:00:00 - 25/02/2024 02:00:00","Belgium (BE)","270.45","495.33","495.33","605.00"
"25/02/2024 02:00:00 - 25/02/2024 03:00:00","Belgium (BE)","210.70","362.45","362.45","423.35"
"25/02/2024 03:00:00 - 25/02/2024 04:00:00","Belgium (BE)","154.40","289.25","289.25","286.33"
"25/02/2024 04:00:00 - 25/02/2024 05:00:00","Belgium (BE)","105.65","218.33","218.33","232.41"
"25/02/2024 05:00:00 - 25/02/2024 06:00:00","Belgium (BE)","80.28","149.43","149.43","80.77"
"25/02/2024 06:00:00 - 25/02/2024 07:00:00","Belgium (BE)","73.48","121.53","121.53","37.13"
"25/02/2024 07:00:00 - 25/02/2024 08:00:00","Belgium (BE)","94.28","139.33","125.55","44.54"
"25/02/2024 08:00:00 - 25/02/2024 09:00:00","Belgium (BE)","143.65","178.10","168.03","57.51"
"25/02/2024 09:00:00 - 25/02/2024 10:00:00","Belgium (BE)","220.75","237.45","249.58","84.27"
"25/02/2024 10:00:00 - 25/02/2024 11:00:00","Belgium (BE)","270.85","274.83","284.25","93.91"
"25/02/2024 11:00:00 - 25/02/2024 12:00:00","Belgium (BE)","300.98","279.88","293.60","145.86"
"25/02/2024 12:00:00 - 25/02/2024 13:00:00","Belgium (BE)","314.85","262.80","263.58","245.34"
"25/02/2024 13:00:00 - 25/02/2024 14:00:00","Belgium (BE)","330.73","247.25","283.00","354.45"
"25/02/2024 14:00:00 - 25/02/2024 15:00:00","Belgium (BE)","345.50","246.85","298.80","244.96"
"25/02/2024 15:00:00 - 25/02/2024 16:00:00","Belgium (BE)","384.03","281.65","363.18","127.11"
"25/02/2024 16:00:00 - 25/02/2024 17:00:00","Belgium (BE)","491.10","383.20","431.68","165.67"
"25/02/2024 17:00:00 - 25/02/2024 18:00:00","Belgium (BE)","678.48","558.80","496.28","439.32"
"25/02/2024 18:00:00 - 25/02/2024 19:00:00","Belgium (BE)","936.05","806.55","704.23","807.56"
"25/02/2024 19:00:00 - 25/02/2024 20:00:00","Belgium (BE)","1221.65","1090.10","1055.50","1377.99"
"25/02/2024 20:00:00 - 25/02/2024 21:00:00","Belgium (BE)","1483.10","1378.53","1475.93","1706.10"
"25/02/2024 21:00:00 - 25/02/2024 22:00:00","Belgium (BE)","1703.73","1645.70","1762.73","1879.74"
"25/02/2024 22:00:00 - 25/02/2024 23:00:00","Belgium (BE)","1811.55","1780.45","1872.08","1973.91"
"25/02/2024 23:00:00 - 26/02/2024 00:00:00","Belgium (BE)","1870.28","1855.20","1918.03","1957.96"
"26/02/2024 00:00:00 - 26/02/2024 01:00:00","Belgium (BE)","1931.63","1935.80","1935.80","1950.82"
"26/02/2024 01:00:00 - 26/02/2024 02:00:00","Belgium (BE)","1942.98","1945.40","1945.40","1962.54"
"26/02/2024 02:00:00 - 26/02/2024 03:00:00","Belgium (BE)","1950.28","1956.48","1956.48","1978.28"
"26/02/2024 03:00:00 - 26/02/2024 04:00:00","Belgium (BE)","1951.50","1952.28","1952.28","1977.91"
"26/02/2024 04:00:00 - 26/02/2024 05:00:00","Belgium (BE)","1955.28","1954.03","1954.03","1975.19"
"26/02/2024 05:00:00 - 26/02/2024 06:00:00","Belgium (BE)","1960.55","1960.70","1960.70","1961.58"
"26/02/2024 06:00:00 - 26/02/2024 07:00:00","Belgium (BE)","1961.93","1962.90","1962.90","1959.67"
"26/02/2024 07:00:00 - 26/02/2024 08:00:00","Belgium (BE)","1962.00","1961.75","1970.48","1976.71"
"26/02/2024 08:00:00 - 26/02/2024 09:00:00","Belgium (BE)","1961.93","1960.28","1972.00","1977.28"
"26/02/2024 09:00:00 - 26/02/2024 10:00:00","Belgium (BE)","1962.20","1957.68","1974.25","1987.41"
"26/02/2024 10:00:00 - 26/02/2024 11:00:00","Belgium (BE)","1962.75","1955.78","1971.05","1986.35"
"26/02/2024 11:00:00 - 26/02/2024 12:00:00","Belgium (BE)","1958.03","1951.15","1966.18","1991.00"
"26/02/2024 12:00:00 - 26/02/2024 13:00:00","Belgium (BE)","1954.08","1948.33","1967.28","1993.25"
"26/02/2024 13:00:00 - 26/02/2024 14:00:00","Belgium (BE)","1952.43","1947.55","1967.48","1989.31"
"26/02/2024 14:00:00 - 26/02/2024 15:00:00","Belgium (BE)","1951.73","1946.08","1964.28","1992.05"
"26/02/2024 15:00:00 - 26/02/2024 16:00:00","Belgium (BE)","1952.85","1946.50","1964.48","1992.34"
"26/02/2024 16:00:00 - 26/02/2024 17:00:00","Belgium (BE)","1956.88","1949.83","1964.33","1998.34"
"26/02/2024 17:00:00 - 26/02/2024 18:00:00","Belgium (BE)","1957.63","1952.58","1965.73","2000.43"
"26/02/2024 18:00:00 - 26/02/2024 19:00:00","Belgium (BE)","1958.38","1955.25","1964.25","2004.85"
"26/02/2024 19:00:00 - 26/02/2024 20:00:00","Belgium (BE)","1958.15","1955.53","1969.00","2006.40"
"26/02/2024 20:00:00 - 26/02/2024 21:00:00","Belgium (BE)","1953.75","1953.68","1964.80","2001.56"
"26/02/2024 21:00:00 - 26/02/2024 22:00:00","Belgium (BE)","1942.88","1947.10","1959.73","2000.18"
"26/02/2024 22:00:00 - 26/02/2024 23:00:00","Belgium (BE)","1918.80","1924.30","1939.83","1980.58"
"26/02/2024 23:00:00 - 27/02/2024 00:00:00","Belgium (BE)","1862.85","1860.40","1886.20","1976.78"
"27/02/2024 00:00:00 - 27/02/2024 01:00:00","Belgium (BE)","1785.95","1802.33","1802.33","1931.40"
"27/02/2024 01:00:00 - 27/02/2024 02:00:00","Belgium (BE)","1640.63","1655.88","1655.88","1769.63"
"27/02/2024 02:00:00 - 27/02/2024 03:00:00","Belgium (BE)","1443.70","1489.20","1489.20","1615.61"
"27/02/2024 03:00:00 - 27/02/2024 04:00:00","Belgium (BE)","1222.75","1359.95","1359.95","1403.71"
"27/02/2024 04:00:00 - 27/02/2024 05:00:00","Belgium (BE)","1013.00","1143.63","1143.63","1242.06"
"27/02/2024 05:00:00 - 27/02/2024 06:00:00","Belgium (BE)","825.08","923.50","923.50","1131.17"
"27/02/2024 06:00:00 - 27/02/2024 07:00:00","Belgium (BE)","644.68","741.85","741.85","866.12"
"27/02/2024 07:00:00 - 27/02/2024 08:00:00","Belgium (BE)","487.35","543.58","567.78","736.31"
"27/02/2024 08:00:00 - 27/02/2024 09:00:00","Belgium (BE)","342.23","376.38","395.40","543.12"
"27/02/2024 09:00:00 - 27/02/2024 10:00:00","Belgium (BE)","217.88","238.25","298.65","338.35"
"27/02/2024 10:00:00 - 27/02/2024 11:00:00","Belgium (BE)","128.50","130.65","187.50","142.22"
"27/02/2024 11:00:00 - 27/02/2024 12:00:00","Belgium (BE)","76.43","60.60","112.98","15.45"
"27/02/2024 12:00:00 - 27/02/2024 13:00:00","Belgium (BE)","53.93","35.23","59.58"," "
"27/02/2024 13:00:00 - 27/02/2024 14:00:00","Belgium (BE)","41.33","29.45","41.58"," "
"27/02/2024 14:00:00 - 27/02/2024 15:00:00","Belgium (BE)","36.08","28.33","37.78"," "
"27/02/2024 15:00:00 - 27/02/2024 16:00:00","Belgium (BE)","41.10","37.65","42.93","9.28"
"27/02/2024 16:00:00 - 27/02/2024 17:00:00","Belgium (BE)","52.70","48.73","43.18","13.97"
"27/02/2024 17:00:00 - 27/02/2024 18:00:00","Belgium (BE)","64.28","44.53","46.15"," "
"27/02/2024 18:00:00 - 27/02/2024 19:00:00","Belgium (BE)","65.20","40.65","50.70"," "
"27/02/2024 19:00:00 - 27/02/2024 20:00:00","Belgium (BE)","72.63","48.15","64.85","20.99"
"27/02/2024 20:00:00 - 27/02/2024 21:00:00","Belgium (BE)","96.45","70.15","95.85","130.75"
"27/02/2024 21:00:00 - 27/02/2024 22:00:00","Belgium (BE)","146.53","117.70","151.88","112.43"
"27/02/2024 22:00:00 - 27/02/2024 23:00:00","Belgium (BE)","208.03","188.23","221.70","226.82"
"27/02/2024 23:00:00 - 28/02/2024 00:00:00","Belgium (BE)","265.48","274.28","299.98","306.80"
"28/02/2024 00:00:00 - 28/02/2024 01:00:00","Belgium (BE)","351.88","329.28","329.28","320.02"
"28/02/2024 01:00:00 - 28/02/2024 02:00:00","Belgium (BE)","345.10","323.85","323.85","327.60"
"28/02/2024 02:00:00 - 28/02/2024 03:00:00","Belgium (BE)","319.83","305.18","305.18","281.34"
"28/02/2024 03:00:00 - 28/02/2024 04:00:00","Belgium (BE)","258.93","295.90","295.90","197.78"
"28/02/2024 04:00:00 - 28/02/2024 05:00:00","Belgium (BE)","176.63","264.28","264.28","165.35"
"28/02/2024 05:00:00 - 28/02/2024 06:00:00","Belgium (BE)","120.88","192.48","192.48","147.48"
"28/02/2024 06:00:00 - 28/02/2024 07:00:00","Belgium (BE)","71.28","131.88","131.88","65.44"
"28/02/2024 07:00:00 - 28/02/2024 08:00:00","Belgium (BE)","55.58","100.88","104.40","75.79"
"28/02/2024 08:00:00 - 28/02/2024 09:00:00","Belgium (BE)","78.63","126.88","127.83","49.88"
"28/02/2024 09:00:00 - 28/02/2024 10:00:00","Belgium (BE)","162.90","230.88","168.00","116.64"
"28/02/2024 10:00:00 - 28/02/2024 11:00:00","Belgium (BE)","282.08","375.15","298.20","243.13"
"28/02/2024 11:00:00 - 28/02/2024 12:00:00","Belgium (BE)","369.08","537.40","448.30","334.71"
"28/02/2024 12:00:00 - 28/02/2024 13:00:00","Belgium (BE)","470.83","657.60","658.88","560.53"
"28/02/2024 13:00:00 - 28/02/2024 14:00:00","Belgium (BE)","597.13","813.93","859.60","760.82"
"28/02/2024 14:00:00 - 28/02/2024 15:00:00","Belgium (BE)","724.28","996.83","1038.55","967.37"
"28/02/2024 15:00:00 - 28/02/2024 16:00:00","Belgium (BE)","893.60","1207.95","1232.10","1264.46"
"28/02/2024 16:00:00 - 28/02/2024 17:00:00","Belgium (BE)","1051.28","1300.33","1322.65","1592.46"
"28/02/2024 17:00:00 - 28/02/2024 18:00:00","Belgium (BE)","1205.78","1340.40","1392.45","1605.36"
"28/02/2024 18:00:00 - 28/02/2024 19:00:00","Belgium (BE)","1334.70","1394.28","1484.65","1739.22"
"28/02/2024 19:00:00 - 28/02/2024 20:00:00","Belgium (BE)","1537.05","1557.93","1618.40","1803.79"
"28/02/2024 20:00:00 - 28/02/2024 21:00:00","Belgium (BE)","1669.85","1703.33","1778.15","1932.50"
"28/02/2024 21:00:00 - 28/02/2024 22:00:00","Belgium (BE)","1751.63","1809.25","1846.45","1984.51"
"28/02/2024 22:00:00 - 28/02/2024 23:00:00","Belgium (BE)","1803.55","1864.75","1877.90","1985.78"
"28/02/2024 23:00:00 - 29/02/2024 00:00:00","Belgium (BE)","1843.80","1895.38","1894.00","1997.41"
"29/02/2024 00:00:00 - 29/02/2024 01:00:00","Belgium (BE)","1905.80","1939.73","1939.73","1951.37"
"29/02/2024 01:00:00 - 29/02/2024 02:00:00","Belgium (BE)","1916.13","1939.05","1939.05","1964.91"
"29/02/2024 02:00:00 - 29/02/2024 03:00:00","Belgium (BE)","1918.00","1916.68","1916.68","1967.16"
"29/02/2024 03:00:00 - 29/02/2024 04:00:00","Belgium (BE)","1910.53","1916.80","1916.80","1970.18"
"29/02/2024 04:00:00 - 29/02/2024 05:00:00","Belgium (BE)","1893.60","1906.95","1906.95","2001.23"
"29/02/2024 05:00:00 - 29/02/2024 06:00:00","Belgium (BE)","1869.80","1895.05","1895.05","2001.46"
"29/02/2024 06:00:00 - 29/02/2024 07:00:00","Belgium (BE)","1836.88","1871.38","1871.38","1957.70"
"29/02/2024 07:00:00 - 29/02/2024 08:00:00","Belgium (BE)","1794.38","1815.13","1827.08","1932.76"
"29/02/2024 08:00:00 - 29/02/2024 09:00:00","Belgium (BE)","1738.90","1723.83","1742.93","1907.61"
"29/02/2024 09:00:00 - 29/02/2024 10:00:00","Belgium (BE)","1684.30","1612.93","1642.50","1731.59"
"29/02/2024 10:00:00 - 29/02/2024 11:00:00","Belgium (BE)","1610.35","1465.03","1559.45","1592.46"
"29/02/2024 11:00:00 - 29/02/2024 12:00:00","Belgium (BE)","1525.40","1313.83","1453.65","1682.16"
"29/02/2024 12:00:00 - 29/02/2024 13:00:00","Belgium (BE)","1446.38","1159.83","1391.70","1666.27"
"29/02/2024 13:00:00 - 29/02/2024 14:00:00","Belgium (BE)","1397.53","1034.80","1397.33","1635.94"
"29/02/2024 14:00:00 - 29/02/2024 15:00:00","Belgium (BE)","1377.70","965.08","1333.63","1579.34"
"29/02/2024 15:00:00 - 29/02/2024 16:00:00","Belgium (BE)","1378.35","940.33","1442.48","1677.34"
"29/02/2024 16:00:00 - 29/02/2024 17:00:00","Belgium (BE)","1293.88","999.88","1478.55","1814.67"
"29/02/2024 17:00:00 - 29/02/2024 18:00:00","Belgium (BE)","1234.90","1015.00","1522.13","1650.69"
"29/02/2024 18:00:00 - 29/02/2024 19:00:00","Belgium (BE)","1243.63","1141.05","1606.93","1474.79"
"29/02/2024 19:00:00 - 29/02/2024 20:00:00","Belgium (BE)","1267.80","1222.33","1633.50","1736.11"
"29/02/2024 20:00:00 - 29/02/2024 21:00:00","Belgium (BE)","1275.93","1146.00","1554.18","1825.06"
"29/02/2024 21:00:00 - 29/02/2024 22:00:00","Belgium (BE)","1316.18","1325.30","1431.10","1729.49"
"29/02/2024 22:00:00 - 29/02/2024 23:00:00","Belgium (BE)","1238.73","1056.40","1260.78","1450.25"
"29/02/2024 23:00:00 - 01/03/2024 00:00:00","Belgium (BE)","1100.05","760.48","1137.25","960.52"
"01/03/2024 00:00:00 - 01/03/2024 01:00:00","Belgium (BE)","932.20","1184.28","1184.28","1346.00"
"01/03/2024 01:00:00 - 01/03/2024 02:00:00","Belgium (BE)","803.55","1102.05","1102.05","881.48"
"01/03/2024 02:00:00 - 01/03/2024 03:00:00","Belgium (BE)","675.68","905.45","905.45","566.13"
"01/03/2024 03:00:00 - 01/03/2024 04:00:00","Belgium (BE)","656.78","706.58","706.58","140.95"
"01/03/2024 04:00:00 - 01/03/2024 05:00:00","Belgium (BE)","819.18","851.20","851.20","218.06"
"01/03/2024 05:00:00 - 01/03/2024 06:00:00","Belgium (BE)","1065.18","971.45","971.45","664.89"
"01/03/2024 06:00:00 - 01/03/2024 07:00:00","Belgium (BE)","1345.23","1251.65","1251.65","1367.37"
"01/03/2024 07:00:00 - 01/03/2024 08:00:00","Belgium (BE)","1607.18","1601.18","1573.98","1728.96"
"01/03/2024 08:00:00 - 01/03/2024 09:00:00","Belgium (BE)","1770.15","1822.80","1857.88","2012.77"
"01/03/2024 09:00:00 - 01/03/2024 10:00:00","Belgium (BE)","1888.75","1927.58","1941.38","1988.13"
"01/03/2024 10:00:00 - 01/03/2024 11:00:00","Belgium (BE)","1937.63","1971.10","1989.15","1952.46"
"01/03/2024 11:00:00 - 01/03/2024 12:00:00","Belgium (BE)","1960.78","1979.18","1997.35","1998.59"
"01/03/2024 12:00:00 - 01/03/2024 13:00:00","Belgium (BE)","1968.88","1976.75","1995.70","2000.94"
"01/03/2024 13:00:00 - 01/03/2024 14:00:00","Belgium (BE)","1963.10","1962.13","1985.98","1967.55"
"01/03/2024 14:00:00 - 01/03/2024 15:00:00","Belgium (BE)","1923.15","1910.00","1952.65","1977.12"
"01/03/2024 15:00:00 - 01/03/2024 16:00:00","Belgium (BE)","1808.25","1774.80","1859.90","1924.11"
"01/03/2024 16:00:00 - 01/03/2024 17:00:00","Belgium (BE)","1534.85","1557.55","1618.15","1683.41"
"01/03/2024 17:00:00 - 01/03/2024 18:00:00","Belgium (BE)","1210.30","1299.60","1295.65","1028.70"
"01/03/2024 18:00:00 - 01/03/2024 19:00:00","Belgium (BE)","984.25","1132.88","1059.13","490.66"
"01/03/2024 19:00:00 - 01/03/2024 20:00:00","Belgium (BE)","961.78","1132.00","771.35","422.45"
"01/03/2024 20:00:00 - 01/03/2024 21:00:00","Belgium (BE)","1096.93","1332.78","842.03","464.70"
"01/03/2024 21:00:00 - 01/03/2024 22:00:00","Belgium (BE)","1247.00","1523.50","936.10","680.03"
"01/03/2024 22:00:00 - 01/03/2024 23:00:00","Belgium (BE)","1379.53","1604.40","1035.95","823.80"
"01/03/2024 23:00:00 - 02/03/2024 00:00:00","Belgium (BE)","1402.85","1575.23","1215.10","895.08"
"02/03/2024 00:00:00 - 02/03/2024 01:00:00","Belgium (BE)","1336.20","1569.48","1569.48","1873.02"
"02/03/2024 01:00:00 - 02/03/2024 02:00:00","Belgium (BE)","1448.20","1708.73","1708.73","1770.52"
"02/03/2024 02:00:00 - 02/03/2024 03:00:00","Belgium (BE)","1579.23","1806.08","1806.08","1716.63"
"02/03/2024 03:00:00 - 02/03/2024 04:00:00","Belgium (BE)","1693.30","1773.50","1773.50","1912.08"
"02/03/2024 04:00:00 - 02/03/2024 05:00:00","Belgium (BE)","1742.08","1725.50","1725.50","1903.33"
"02/03/2024 05:00:00 - 02/03/2024 06:00:00","Belgium (BE)","1747.68","1787.53","1787.53","1867.51"
"02/03/2024 06:00:00 - 02/03/2024 07:00:00","Belgium (BE)","1747.73","1804.15","1804.15","1878.13"
"02/03/2024 07:00:00 - 02/03/2024 08:00:00","Belgium (BE)","1762.28","1803.43","1811.25","1915.82"
"02/03/2024 08:00:00 - 02/03/2024 09:00:00","Belgium (BE)","1788.08","1799.88","1810.38","1945.17"
"02/03/2024 09:00:00 - 02/03/2024 10:00:00","Belgium (BE)","1817.23","1802.30","1839.90","1917.82"
"02/03/2024 10:00:00 - 02/03/2024 11:00:00","Belgium (BE)","1862.20","1807.15","1796.78","1740.21"
"02/03/2024 11:00:00 - 02/03/2024 12:00:00","Belgium (BE)","1816.78","1774.88","1790.75","1489.96"
"02/03/2024 12:00:00 - 02/03/2024 13:00:00","Belgium (BE)","1764.88","1715.13","1721.25","1495.54"
"02/03/2024 13:00:00 - 02/03/2024 14:00:00","Belgium (BE)","1634.43","1583.58","1607.10","1442.49"
"02/03/2024 14:00:00 - 02/03/2024 15:00:00","Belgium (BE)","1400.00","1435.13","1392.83","1481.69"
"02/03/2024 15:00:00 - 02/03/2024 16:00:00","Belgium (BE)","1112.83","1278.43","1278.78","996.10"
"02/03/2024 16:00:00 - 02/03/2024 17:00:00","Belgium (BE)","846.18","1090.78","1098.03","353.27"
"02/03/2024 17:00:00 - 02/03/2024 18:00:00","Belgium (BE)","675.18","878.60","751.35","210.74"
"02/03/2024 18:00:00 - 02/03/2024 19:00:00","Belgium (BE)","582.65","667.70","400.08","85.07"
"02/03/2024 19:00:00 - 02/03/2024 20:00:00","Belgium (BE)","518.75","501.30","237.13","51.87"
"02/03/2024 20:00:00 - 02/03/2024 21:00:00","Belgium (BE)","414.48","374.58","181.33","15.01"
"02/03/2024 21:00:00 - 02/03/2024 22:00:00","Belgium (BE)","334.68","246.85","128.58","10.57"
"02/03/2024 22:00:00 - 02/03/2024 23:00:00","Belgium (BE)","274.03","155.55","81.63"," "
"02/03/2024 23:00:00 - 03/03/2024 00:00:00","Belgium (BE)","218.95","104.93","77.23"," "
"03/03/2024 00:00:00 - 03/03/2024 01:00:00","Belgium (BE)","87.60","77.48","77.48"," "
"03/03/2024 01:00:00 - 03/03/2024 02:00:00","Belgium (BE)","77.13","72.45","72.45"," "
"03/03/2024 02:00:00 - 03/03/2024 03:00:00","Belgium (BE)","70.93","41.28","41.28"," "
"03/03/2024 03:00:00 - 03/03/2024 04:00:00","Belgium (BE)","83.50","30.83","30.83"," "
"03/03/2024 04:00:00 - 03/03/2024 05:00:00","Belgium (BE)","96.48","30.20","30.20"," "
"03/03/2024 05:00:00 - 03/03/2024 06:00:00","Belgium (BE)","91.98","25.90","25.90"," "
"03/03/2024 06:00:00 - 03/03/2024 07:00:00","Belgium (BE)","72.13","22.23","22.23"," "
"03/03/2024 07:00:00 - 03/03/2024 08:00:00","Belgium (BE)","54.65","23.08","24.18"," "
"03/03/2024 08:00:00 - 03/03/2024 09:00:00","Belgium (BE)","53.60","37.28","34.88"," "
"03/03/2024 09:00:00 - 03/03/2024 10:00:00","Belgium (BE)","49.88","41.73","27.55"," "
"03/03/2024 10:00:00 - 03/03/2024 11:00:00","Belgium (BE)","68.55","54.88","32.15"," "
"03/03/2024 11:00:00 - 03/03/2024 12:00:00","Belgium (BE)","105.50","72.53","40.25"," "
"03/03/2024 12:00:00 - 03/03/2024 13:00:00","Belgium (BE)","142.10","95.53","52.08","1.94"
"03/03/2024 13:00:00 - 03/03/2024 14:00:00","Belgium (BE)","142.63","130.85","81.38","41.37"
"03/03/2024 14:00:00 - 03/03/2024 15:00:00","Belgium (BE)","135.43","155.50","93.03","346.86"
"03/03/2024 15:00:00 - 03/03/2024 16:00:00","Belgium (BE)","121.15","186.93","101.10","297.11"
"03/03/2024 16:00:00 - 03/03/2024 17:00:00","Belgium (BE)","91.88","195.15","192.55","378.03"
"03/03/2024 17:00:00 - 03/03/2024 18:00:00","Belgium (BE)","76.95","167.50","166.55","386.88"
"03/03/2024 18:00:00 - 03/03/2024 19:00:00","Belgium (BE)","67.75","130.50","173.70","264.97"
"03/03/2024 19:00:00 - 03/03/2024 20:00:00","Belgium (BE)","63.23","110.88","180.25","97.24"
"03/03/2024 20:00:00 - 03/03/2024 21:00:00","Belgium (BE)","64.48","105.20","144.98","36.74"
"03/03/2024 21:00:00 - 03/03/2024 22:00:00","Belgium (BE)","62.03","96.30","119.20","4.69"
"03/03/2024 22:00:00 - 03/03/2024 23:00:00","Belgium (BE)","55.50","84.58","100.18","45.27"
"03/03/2024 23:00:00 - 04/03/2024 00:00:00","Belgium (BE)","59.40","81.28","80.48","74.87"
"04/03/2024 00:00:00 - 04/03/2024 01:00:00","Belgium (BE)","71.95","64.58","64.58","87.00"
"04/03/2024 01:00:00 - 04/03/2024 02:00:00","Belgium (BE)","78.88","73.38","73.38","65.90"
"04/03/2024 02:00:00 - 04/03/2024 03:00:00","Belgium (BE)","91.53","78.83","78.83","118.02"
"04/03/2024 03:00:00 - 04/03/2024 04:00:00","Belgium (BE)","92.73","65.40","65.40","21.21"
"04/03/2024 04:00:00 - 04/03/2024 05:00:00","Belgium (BE)","63.75","62.00","62.00","34.54"
"04/03/2024 05:00:00 - 04/03/2024 06:00:00","Belgium (BE)","42.85","24.40","24.40"," "
"04/03/2024 06:00:00 - 04/03/2024 07:00:00","Belgium (BE)","34.00","22.58","22.58"," "
"04/03/2024 07:00:00 - 04/03/2024 08:00:00","Belgium (BE)","30.55","21.38","20.25"," "
"04/03/2024 08:00:00 - 04/03/2024 09:00:00","Belgium (BE)","28.45","19.80","18.53"," "
"04/03/2024 09:00:00 - 04/03/2024 10:00:00","Belgium (BE)","32.65","21.68","26.23"," "
"04/03/2024 10:00:00 - 04/03/2024 11:00:00","Belgium (BE)","52.35","35.48","39.98"," "
"04/03/2024 11:00:00 - 04/03/2024 12:00:00","Belgium (BE)","73.28","55.85","58.30","29.67"
"04/03/2024 12:00:00 - 04/03/2024 13:00:00","Belgium (BE)","74.15","60.55","54.10","61.59"
"04/03/2024 13:00:00 - 04/03/2024 14:00:00","Belgium (BE)","60.45","50.20","43.08","21.63"
"04/03/2024 14:00:00 - 04/03/2024 15:00:00","Belgium (BE)","44.05","37.83","35.88","5.79"
"04/03/2024 15:00:00 - 04/03/2024 16:00:00","Belgium (BE)","38.18","33.53","26.80","6.69"
"04/03/2024 16:00:00 - 04/03/2024 17:00:00","Belgium (BE)","53.28","41.83","31.45","1.10"
"04/03/2024 17:00:00 - 04/03/2024 18:00:00","Belgium (BE)","90.73","78.00","56.18","21.47"
"04/03/2024 18:00:00 - 04/03/2024 19:00:00","Belgium (BE)","153.23","146.60","94.05","60.90"
"04/03/2024 19:00:00 - 04/03/2024 20:00:00","Belgium (BE)","241.70","249.48","151.53","113.83"
"04/03/2024 20:00:00 - 04/03/2024 21:00:00","Belgium (BE)","342.28","356.43","277.48","135.70"
"04/03/2024 21:00:00 - 04/03/2024 22:00:00","Belgium (BE)","401.90","410.83","369.00","164.01"
"04/03/2024 22:00:00 - 04/03/2024 23:00:00","Belgium (BE)","385.63","389.83","362.18","145.50"
"04/03/2024 23:00:00 - 05/03/2024 00:00:00","Belgium (BE)","347.28","352.00","359.68","138.13"
"05/03/2024 00:00:00 - 05/03/2024 01:00:00","Belgium (BE)","363.35","213.15","213.15","134.44"
"05/03/2024 01:00:00 - 05/03/2024 02:00:00","Belgium (BE)","359.28","219.55","219.55","136.22"
"05/03/2024 02:00:00 - 05/03/2024 03:00:00","Belgium (BE)","328.68","154.15","154.15","146.36"
"05/03/2024 03:00:00 - 05/03/2024 04:00:00","Belgium (BE)","288.50","141.13","141.13","146.36"
"05/03/2024 04:00:00 - 05/03/2024 05:00:00","Belgium (BE)","268.75","95.10","95.10","93.18"
"05/03/2024 05:00:00 - 05/03/2024 06:00:00","Belgium (BE)","262.55","95.68","95.68","6.12"
"05/03/2024 06:00:00 - 05/03/2024 07:00:00","Belgium (BE)","260.30","111.88","111.88"," "
"05/03/2024 07:00:00 - 05/03/2024 08:00:00","Belgium (BE)","245.73","130.83","107.43","12.76"
"05/03/2024 08:00:00 - 05/03/2024 09:00:00","Belgium (BE)","218.00","148.65","118.35","88.40"
"05/03/2024 09:00:00 - 05/03/2024 10:00:00","Belgium (BE)","186.30","159.60","94.88","86.65"
"05/03/2024 10:00:00 - 05/03/2024 11:00:00","Belgium (BE)","159.80","152.38","107.90","52.39"
"05/03/2024 11:00:00 - 05/03/2024 12:00:00","Belgium (BE)","148.25","123.05","85.85","36.95"
"05/03/2024 12:00:00 - 05/03/2024 13:00:00","Belgium (BE)","147.95","90.78","48.73","9.49"
"05/03/2024 13:00:00 - 05/03/2024 14:00:00","Belgium (BE)","152.18","69.08","42.95"," "
"05/03/2024 14:00:00 - 05/03/2024 15:00:00","Belgium (BE)","157.58","53.58","32.43"," "
"05/03/2024 15:00:00 - 05/03/2024 16:00:00","Belgium (BE)","150.90","43.78","29.15"," "
"05/03/2024 16:00:00 - 05/03/2024 17:00:00","Belgium (BE)","139.70","39.48","29.30"," "
"05/03/2024 17:00:00 - 05/03/2024 18:00:00","Belgium (BE)","121.98","35.55","30.28"," "
"05/03/2024 18:00:00 - 05/03/2024 19:00:00","Belgium (BE)","98.30","33.80","28.83"," "
"05/03/2024 19:00:00 - 05/03/2024 20:00:00","Belgium (BE)","76.78","33.45","30.63"," "
"05/03/2024 20:00:00 - 05/03/2024 21:00:00","Belgium (BE)","61.23","32.68","31.88"," "
"05/03/2024 21:00:00 - 05/03/2024 22:00:00","Belgium (BE)","50.63","33.85","32.15"," "
"05/03/2024 22:00:00 - 05/03/2024 23:00:00","Belgium (BE)","41.78","35.13","30.45"," "
"05/03/2024 23:00:00 - 06/03/2024 00:00:00","Belgium (BE)","33.83","36.93","30.83"," "
"06/03/2024 00:00:00 - 06/03/2024 01:00:00","Belgium (BE)","26.93","25.80","25.80"," "
"06/03/2024 01:00:00 - 06/03/2024 02:00:00","Belgium (BE)","24.15","24.93","24.93"," "
"06/03/2024 02:00:00 - 06/03/2024 03:00:00","Belgium (BE)","25.90","22.18","22.18"," "
"06/03/2024 03:00:00 - 06/03/2024 04:00:00","Belgium (BE)","29.15","22.45","22.45"," "
"06/03/2024 04:00:00 - 06/03/2024 05:00:00","Belgium (BE)","33.38","24.10","24.10"," "
"06/03/2024 05:00:00 - 06/03/2024 06:00:00","Belgium (BE)","39.18","25.68","25.68"," "
"06/03/2024 06:00:00 - 06/03/2024 07:00:00","Belgium (BE)","49.40","28.88","28.88"," "
"06/03/2024 07:00:00 - 06/03/2024 08:00:00","Belgium (BE)","61.13","31.45","29.40"," "
"06/03/2024 08:00:00 - 06/03/2024 09:00:00","Belgium (BE)","70.90","32.58","30.25"," "
"06/03/2024 09:00:00 - 06/03/2024 10:00:00","Belgium (BE)","79.58","38.30","33.03"," "
"06/03/2024 10:00:00 - 06/03/2024 11:00:00","Belgium (BE)","84.48","48.28","37.40"," "
"06/03/2024 11:00:00 - 06/03/2024 12:00:00","Belgium (BE)","90.73","53.28","35.90"," "
"06/03/2024 12:00:00 - 06/03/2024 13:00:00","Belgium (BE)","101.73","51.45","35.63"," "
"06/03/2024 13:00:00 - 06/03/2024 14:00:00","Belgium (BE)","118.70","47.98","35.90"," "
"06/03/2024 14:00:00 - 06/03/2024 15:00:00","Belgium (BE)","138.95","44.43","33.15"," "
"06/03/2024 15:00:00 - 06/03/2024 16:00:00","Belgium (BE)","158.23","45.75","33.35"," "
"06/03/2024 16:00:00 - 06/03/2024 17:00:00","Belgium (BE)","170.25","47.10","34.85"," "
"06/03/2024 17:00:00 - 06/03/2024 18:00:00","Belgium (BE)","165.95","47.03","34.70"," "
"06/03/2024 18:00:00 - 06/03/2024 19:00:00","Belgium (BE)","145.48","50.18","42.23"," "
"06/03/2024 19:00:00 - 06/03/2024 20:00:00","Belgium (BE)","133.95","57.38","58.48","10.50"
"06/03/2024 20:00:00 - 06/03/2024 21:00:00","Belgium (BE)","137.60","57.05","63.70","21.33"
"06/03/2024 21:00:00 - 06/03/2024 22:00:00","Belgium (BE)","153.58","55.13","65.30","34.29"
"06/03/2024 22:00:00 - 06/03/2024 23:00:00","Belgium (BE)","165.80","65.48","74.33","54.01"
"06/03/2024 23:00:00 - 07/03/2024 00:00:00","Belgium (BE)","167.80","89.50","93.00","49.20"
"07/03/2024 00:00:00 - 07/03/2024 01:00:00","Belgium (BE)","120.40","123.08","123.08","128.27"
"07/03/2024 01:00:00 - 07/03/2024 02:00:00","Belgium (BE)","173.55","181.75","181.75","341.88"
"07/03/2024 02:00:00 - 07/03/2024 03:00:00","Belgium (BE)","239.40","231.08","231.08","316.93"
"07/03/2024 03:00:00 - 07/03/2024 04:00:00","Belgium (BE)","292.63","351.93","351.93","269.30"
"07/03/2024 04:00:00 - 07/03/2024 05:00:00","Belgium (BE)","316.00","318.53","318.53","180.42"
"07/03/2024 05:00:00 - 07/03/2024 06:00:00","Belgium (BE)","309.95","288.65","288.65","203.26"
"07/03/2024 06:00:00 - 07/03/2024 07:00:00","Belgium (BE)","331.95","297.20","297.20","282.22"
"07/03/2024 07:00:00 - 07/03/2024 08:00:00","Belgium (BE)","374.85","378.98","369.33","460.48"
"07/03/2024 08:00:00 - 07/03/2024 09:00:00","Belgium (BE)","420.38","451.73","440.30","401.00"
"07/03/2024 09:00:00 - 07/03/2024 10:00:00","Belgium (BE)","468.53","530.73","534.90","334.70"
"07/03/2024 10:00:00 - 07/03/2024 11:00:00","Belgium (BE)","486.15","571.48","523.48","342.23"
"07/03/2024 11:00:00 - 07/03/2024 12:00:00","Belgium (BE)","479.50","574.73","485.75","383.51"
"07/03/2024 12:00:00 - 07/03/2024 13:00:00","Belgium (BE)","491.28","600.73","498.18","507.82"
"07/03/2024 13:00:00 - 07/03/2024 14:00:00","Belgium (BE)","545.80","640.35","555.93","619.04"
"07/03/2024 14:00:00 - 07/03/2024 15:00:00","Belgium (BE)","609.58","676.98","619.53","533.76"
"07/03/2024 15:00:00 - 07/03/2024 16:00:00","Belgium (BE)","658.75","708.38","709.08","639.27"
"07/03/2024 16:00:00 - 07/03/2024 17:00:00","Belgium (BE)","702.75","731.78","643.88","867.07"
"07/03/2024 17:00:00 - 07/03/2024 18:00:00","Belgium (BE)","777.63","790.58","739.00","834.19"
"07/03/2024 18:00:00 - 07/03/2024 19:00:00","Belgium (BE)","874.53","898.48","972.15","897.82"
"07/03/2024 19:00:00 - 07/03/2024 20:00:00","Belgium (BE)","929.43","989.98","1089.88","1273.02"
"07/03/2024 20:00:00 - 07/03/2024 21:00:00","Belgium (BE)","1084.30","1102.55","1202.60","1520.37"
"07/03/2024 21:00:00 - 07/03/2024 22:00:00","Belgium (BE)","1258.90","1233.65","1351.63","1521.02"
"07/03/2024 22:00:00 - 07/03/2024 23:00:00","Belgium (BE)","1331.35","1331.80","1426.33","1585.22"
"07/03/2024 23:00:00 - 08/03/2024 00:00:00","Belgium (BE)","1328.68","1318.75","1411.10","1624.93"
"08/03/2024 00:00:00 - 08/03/2024 01:00:00","Belgium (BE)","1402.05","1529.80","1529.80","1619.42"
"08/03/2024 01:00:00 - 08/03/2024 02:00:00","Belgium (BE)","1400.10","1492.98","1492.98","1537.15"
"08/03/2024 02:00:00 - 08/03/2024 03:00:00","Belgium (BE)","1372.00","1536.83","1536.83","1360.42"
"08/03/2024 03:00:00 - 08/03/2024 04:00:00","Belgium (BE)","1347.40","1498.50","1498.50","1232.35"
"08/03/2024 04:00:00 - 08/03/2024 05:00:00","Belgium (BE)","1333.78","1463.00","1463.00","1200.03"
"08/03/2024 05:00:00 - 08/03/2024 06:00:00","Belgium (BE)","1367.88","1445.83","1445.83","1115.06"
"08/03/2024 06:00:00 - 08/03/2024 07:00:00","Belgium (BE)","1435.10","1476.33","1476.33","1129.62"
"08/03/2024 07:00:00 - 08/03/2024 08:00:00","Belgium (BE)","1508.60","1459.90","1459.90","1113.58"
"08/03/2024 08:00:00 - 08/03/2024 09:00:00","Belgium (BE)","1572.73","1541.48","1541.48","1211.70"
"08/03/2024 09:00:00 - 08/03/2024 10:00:00","Belgium (BE)","1592.73","1568.55","1441.50","1334.01"
"08/03/2024 10:00:00 - 08/03/2024 11:00:00","Belgium (BE)","1540.45","1536.05","1445.75","1380.27"
"08/03/2024 11:00:00 - 08/03/2024 12:00:00","Belgium (BE)","1472.70","1484.58","1381.68","1336.99"
"08/03/2024 12:00:00 - 08/03/2024 13:00:00","Belgium (BE)","1422.18","1457.60","1376.13","1246.64"
"08/03/2024 13:00:00 - 08/03/2024 14:00:00","Belgium (BE)","1386.63","1448.30","1375.15","1327.02"
"08/03/2024 14:00:00 - 08/03/2024 15:00:00","Belgium (BE)","1395.75","1444.55","1343.90","1226.25"
"08/03/2024 15:00:00 - 08/03/2024 16:00:00","Belgium (BE)","1485.53","1500.75","1433.78","1158.65"
"08/03/2024 16:00:00 - 08/03/2024 17:00:00","Belgium (BE)","1579.80","1597.85","1427.90","1171.22"
"08/03/2024 17:00:00 - 08/03/2024 18:00:00","Belgium (BE)","1645.28","1697.55","1419.68","1185.43"
"08/03/2024 18:00:00 - 08/03/2024 19:00:00","Belgium (BE)","1712.50","1781.18","1516.15","1258.55"
"08/03/2024 19:00:00 - 08/03/2024 20:00:00","Belgium (BE)","1777.73","1826.20","1618.65","1627.66"
"08/03/2024 20:00:00 - 08/03/2024 21:00:00","Belgium (BE)","1792.63","1826.85","1633.75","1746.20"
"08/03/2024 21:00:00 - 08/03/2024 22:00:00","Belgium (BE)","1748.68","1759.23","1638.48","1847.45"
"08/03/2024 22:00:00 - 08/03/2024 23:00:00","Belgium (BE)","1660.85","1609.05","1552.05","1855.69"
"08/03/2024 23:00:00 - 09/03/2024 00:00:00","Belgium (BE)","1573.75","1423.45","1413.35","1746.79"
"09/03/2024 00:00:00 - 09/03/2024 01:00:00","Belgium (BE)","1295.93","1535.40","1535.40","1553.56"
"09/03/2024 01:00:00 - 09/03/2024 02:00:00","Belgium (BE)","1216.48","1552.95","1552.95","1307.90"
"09/03/2024 02:00:00 - 09/03/2024 03:00:00","Belgium (BE)","1189.10","1456.43","1456.43","1243.73"
"09/03/2024 03:00:00 - 09/03/2024 04:00:00","Belgium (BE)","1165.50","1343.58","1343.58","1036.57"
"09/03/2024 04:00:00 - 09/03/2024 05:00:00","Belgium (BE)","1154.43","1232.15","1232.15","808.15"
"09/03/2024 05:00:00 - 09/03/2024 06:00:00","Belgium (BE)","1121.10","1010.60","1010.60","650.42"
"09/03/2024 06:00:00 - 09/03/2024 07:00:00","Belgium (BE)","1038.85","803.35","803.35","508.12"
"09/03/2024 07:00:00 - 09/03/2024 08:00:00","Belgium (BE)","936.35","662.10","662.10","530.31"
"09/03/2024 08:00:00 - 09/03/2024 09:00:00","Belgium (BE)","823.80","619.30","539.60","550.00"
"09/03/2024 09:00:00 - 09/03/2024 10:00:00","Belgium (BE)","738.95","614.48","585.30","517.10"
"09/03/2024 10:00:00 - 09/03/2024 11:00:00","Belgium (BE)","656.05","607.40","574.15","550.88"
"09/03/2024 11:00:00 - 09/03/2024 12:00:00","Belgium (BE)","554.83","606.40","528.13","513.26"
"09/03/2024 12:00:00 - 09/03/2024 13:00:00","Belgium (BE)","491.65","580.68","516.70","603.49"
"09/03/2024 13:00:00 - 09/03/2024 14:00:00","Belgium (BE)","479.28","565.45","563.78","757.13"
"09/03/2024 14:00:00 - 09/03/2024 15:00:00","Belgium (BE)","522.60","618.35","711.20","642.19"
"09/03/2024 15:00:00 - 09/03/2024 16:00:00","Belgium (BE)","628.98","739.75","887.83","821.25"
"09/03/2024 16:00:00 - 09/03/2024 17:00:00","Belgium (BE)","750.43","910.40","1027.63","932.57"
"09/03/2024 17:00:00 - 09/03/2024 18:00:00","Belgium (BE)","971.28","1140.55","1198.15","763.64"
"09/03/2024 18:00:00 - 09/03/2024 19:00:00","Belgium (BE)","1262.88","1294.25","1253.03","1159.30"
"09/03/2024 19:00:00 - 09/03/2024 20:00:00","Belgium (BE)","1473.73","1431.70","1162.25","1480.00"
"09/03/2024 20:00:00 - 09/03/2024 21:00:00","Belgium (BE)","1509.83","1391.45","1330.28","1293.90"
"09/03/2024 21:00:00 - 09/03/2024 22:00:00","Belgium (BE)","1415.50","1262.80","1314.00","1033.52"
"09/03/2024 22:00:00 - 09/03/2024 23:00:00","Belgium (BE)","1260.48","1143.73","1182.90","872.54"
"09/03/2024 23:00:00 - 10/03/2024 00:00:00","Belgium (BE)","1063.93","893.15","960.90","749.99"
"10/03/2024 00:00:00 - 10/03/2024 01:00:00","Belgium (BE)","759.70","680.63","575.88","462.54"
"10/03/2024 01:00:00 - 10/03/2024 02:00:00","Belgium (BE)","663.75","539.83","541.28","501.26"
"10/03/2024 02:00:00 - 10/03/2024 03:00:00","Belgium (BE)","686.10","456.33","523.35","274.35"
"10/03/2024 03:00:00 - 10/03/2024 04:00:00","Belgium (BE)","754.40","562.23","619.50","475.04"
"10/03/2024 04:00:00 - 10/03/2024 05:00:00","Belgium (BE)","723.85","643.48","688.93","484.31"
"10/03/2024 05:00:00 - 10/03/2024 06:00:00","Belgium (BE)","644.18","610.60","690.90","406.93"
"10/03/2024 06:00:00 - 10/03/2024 07:00:00","Belgium (BE)","529.75","525.25","644.73","364.82"
"10/03/2024 07:00:00 - 10/03/2024 08:00:00","Belgium (BE)","353.40","345.63","482.88","325.82"
"10/03/2024 08:00:00 - 10/03/2024 09:00:00","Belgium (BE)","245.03","277.03","366.43","341.05"
"10/03/2024 09:00:00 - 10/03/2024 10:00:00","Belgium (BE)","228.55","226.90","326.38","211.54"
"10/03/2024 10:00:00 - 10/03/2024 11:00:00","Belgium (BE)","171.80","175.30","230.88","68.15"
"10/03/2024 11:00:00 - 10/03/2024 12:00:00","Belgium (BE)","146.23","112.80","181.45","50.45"
"10/03/2024 12:00:00 - 10/03/2024 13:00:00","Belgium (BE)","99.53","75.75","129.75","40.27"
"10/03/2024 13:00:00 - 10/03/2024 14:00:00","Belgium (BE)","64.08","68.18","106.38"," "
"10/03/2024 14:00:00 - 10/03/2024 15:00:00","Belgium (BE)","77.55","66.53","56.80","83.58"
"10/03/2024 15:00:00 - 10/03/2024 16:00:00","Belgium (BE)","115.78","46.05","76.55","261.80"
"10/03/2024 16:00:00 - 10/03/2024 17:00:00","Belgium (BE)","95.90","41.90","102.23","30.78"
"10/03/2024 17:00:00 - 10/03/2024 18:00:00","Belgium (BE)","70.98","47.63","114.53"," "
"10/03/2024 18:00:00 - 10/03/2024 19:00:00","Belgium (BE)","53.65","26.45","14.73"," "
"10/03/2024 19:00:00 - 10/03/2024 20:00:00","Belgium (BE)","47.28","15.55","14.75"," "
"10/03/2024 20:00:00 - 10/03/2024 21:00:00","Belgium (BE)","51.68","14.03","20.05"," "
"10/03/2024 21:00:00 - 10/03/2024 22:00:00","Belgium (BE)","56.40","19.23","32.90","1.75"
"10/03/2024 22:00:00 - 10/03/2024 23:00:00","Belgium (BE)","56.40","39.05","51.88"," "
"10/03/2024 23:00:00 - 11/03/2024 00:00:00","Belgium (BE)","54.63","72.55","76.08","0.44"
"11/03/2024 00:00:00 - 11/03/2024 01:00:00","Belgium (BE)","91.65","30.55","30.55","78.95"
"11/03/2024 01:00:00 - 11/03/2024 02:00:00","Belgium (BE)","85.15","25.48","25.48","108.59"
"11/03/2024 02:00:00 - 11/03/2024 03:00:00","Belgium (BE)","84.73","44.70","44.70","86.45"
"11/03/2024 03:00:00 - 11/03/2024 04:00:00","Belgium (BE)","106.85","52.55","52.55","35.36"
"11/03/2024 04:00:00 - 11/03/2024 05:00:00","Belgium (BE)","161.65","48.08","48.08","50.78"
"11/03/2024 05:00:00 - 11/03/2024 06:00:00","Belgium (BE)","227.30","63.38","63.38","79.16"
"11/03/2024 06:00:00 - 11/03/2024 07:00:00","Belgium (BE)","269.35","80.45","80.45","32.63"
"11/03/2024 07:00:00 - 11/03/2024 08:00:00","Belgium (BE)","289.35","77.65","77.65","12.70"
"11/03/2024 08:00:00 - 11/03/2024 09:00:00","Belgium (BE)","273.03","53.73","41.73","1.98"
"11/03/2024 09:00:00 - 11/03/2024 10:00:00","Belgium (BE)","232.53","50.88","47.80","68.48"
"11/03/2024 10:00:00 - 11/03/2024 11:00:00","Belgium (BE)","190.18","72.98","64.10","185.80"
"11/03/2024 11:00:00 - 11/03/2024 12:00:00","Belgium (BE)","152.70","100.95","89.85","180.08"
"11/03/2024 12:00:00 - 11/03/2024 13:00:00","Belgium (BE)","134.95","123.93","99.43","146.32"
"11/03/2024 13:00:00 - 11/03/2024 14:00:00","Belgium (BE)","136.43","164.90","173.90","114.53"
"11/03/2024 14:00:00 - 11/03/2024 15:00:00","Belgium (BE)","187.40","234.15","187.93","157.72"
"11/03/2024 15:00:00 - 11/03/2024 16:00:00","Belgium (BE)","258.43","345.40","240.25","205.70"
"11/03/2024 16:00:00 - 11/03/2024 17:00:00","Belgium (BE)","364.40","488.50","336.23","298.44"
"11/03/2024 17:00:00 - 11/03/2024 18:00:00","Belgium (BE)","485.90","653.15","456.30","464.86"
"11/03/2024 18:00:00 - 11/03/2024 19:00:00","Belgium (BE)","596.65","798.90","542.00","638.60"
"11/03/2024 19:00:00 - 11/03/2024 20:00:00","Belgium (BE)","702.43","878.28","594.58","719.32"
"11/03/2024 20:00:00 - 11/03/2024 21:00:00","Belgium (BE)","785.63","896.73","637.68","681.44"
"11/03/2024 21:00:00 - 11/03/2024 22:00:00","Belgium (BE)","807.33","866.13","621.88","546.12"
"11/03/2024 22:00:00 - 11/03/2024 23:00:00","Belgium (BE)","795.28","862.23","604.75","627.93"
"11/03/2024 23:00:00 - 12/03/2024 00:00:00","Belgium (BE)","803.25","890.45","603.93","579.59"
"12/03/2024 00:00:00 - 12/03/2024 01:00:00","Belgium (BE)","576.90","491.45","491.45","443.60"
"12/03/2024 01:00:00 - 12/03/2024 02:00:00","Belgium (BE)","571.18","469.35","469.35","590.86"
"12/03/2024 02:00:00 - 12/03/2024 03:00:00","Belgium (BE)","596.78","467.33","467.33","685.28"
"12/03/2024 03:00:00 - 12/03/2024 04:00:00","Belgium (BE)","611.70","496.18","496.18","529.70"
"12/03/2024 04:00:00 - 12/03/2024 05:00:00","Belgium (BE)","625.35","485.43","485.43","293.43"
"12/03/2024 05:00:00 - 12/03/2024 06:00:00","Belgium (BE)","604.90","383.08","383.08","282.93"
"12/03/2024 06:00:00 - 12/03/2024 07:00:00","Belgium (BE)","514.20","235.40","235.40","152.03"
"12/03/2024 07:00:00 - 12/03/2024 08:00:00","Belgium (BE)","364.85","190.08","190.08","156.86"
"12/03/2024 08:00:00 - 12/03/2024 09:00:00","Belgium (BE)","236.03","179.98","154.40","95.28"
"12/03/2024 09:00:00 - 12/03/2024 10:00:00","Belgium (BE)","182.20","220.93","297.58","266.00"
"12/03/2024 10:00:00 - 12/03/2024 11:00:00","Belgium (BE)","201.18","337.20","466.98","368.62"
"12/03/2024 11:00:00 - 12/03/2024 12:00:00","Belgium (BE)","285.00","480.08","629.50","708.74"
"12/03/2024 12:00:00 - 12/03/2024 13:00:00","Belgium (BE)","418.28","618.45","796.73","679.69"
"12/03/2024 13:00:00 - 12/03/2024 14:00:00","Belgium (BE)","540.88","776.15","1002.25","755.98"
"12/03/2024 14:00:00 - 12/03/2024 15:00:00","Belgium (BE)","649.48","1038.33","1149.28","1269.25"
"12/03/2024 15:00:00 - 12/03/2024 16:00:00","Belgium (BE)","739.65","1264.00","1133.23","1387.71"
"12/03/2024 16:00:00 - 12/03/2024 17:00:00","Belgium (BE)","791.80","1285.20","1178.68","1277.48"
"12/03/2024 17:00:00 - 12/03/2024 18:00:00","Belgium (BE)","756.35","1216.65","1248.68","1492.42"
"12/03/2024 18:00:00 - 12/03/2024 19:00:00","Belgium (BE)","666.20","1227.20","1363.43","1843.43"
"12/03/2024 19:00:00 - 12/03/2024 20:00:00","Belgium (BE)","591.23","1299.00","1575.68","1812.75"
"12/03/2024 20:00:00 - 12/03/2024 21:00:00","Belgium (BE)","581.30","1355.53","1659.53","1702.13"
"12/03/2024 21:00:00 - 12/03/2024 22:00:00","Belgium (BE)","662.20","1446.70","1643.88","1638.21"
"12/03/2024 22:00:00 - 12/03/2024 23:00:00","Belgium (BE)","762.43","1531.88","1625.35","1593.89"
"12/03/2024 23:00:00 - 13/03/2024 00:00:00","Belgium (BE)","856.28","1567.43","1628.03","1650.12"
"13/03/2024 00:00:00 - 13/03/2024 01:00:00","Belgium (BE)","1634.48","1596.40","1596.40","1706.31"
"13/03/2024 01:00:00 - 13/03/2024 02:00:00","Belgium (BE)","1652.63","1648.50","1648.50","1556.55"
"13/03/2024 02:00:00 - 13/03/2024 03:00:00","Belgium (BE)","1635.23","1642.60","1642.60","1775.17"
"13/03/2024 03:00:00 - 13/03/2024 04:00:00","Belgium (BE)","1562.25","1551.55","1551.55","1788.23"
"13/03/2024 04:00:00 - 13/03/2024 05:00:00","Belgium (BE)","1457.63","1665.30","1665.30","1447.83"
"13/03/2024 05:00:00 - 13/03/2024 06:00:00","Belgium (BE)","1385.90","1668.83","1668.83","1284.63"
"13/03/2024 06:00:00 - 13/03/2024 07:00:00","Belgium (BE)","1426.28","1535.98","1535.98","1478.71"
"13/03/2024 07:00:00 - 13/03/2024 08:00:00","Belgium (BE)","1492.33","1537.78","1537.78","1492.95"
"13/03/2024 08:00:00 - 13/03/2024 09:00:00","Belgium (BE)","1570.28","1680.38","1693.10","1593.39"
"13/03/2024 09:00:00 - 13/03/2024 10:00:00","Belgium (BE)","1672.45","1799.48","1777.85","1603.86"
"13/03/2024 10:00:00 - 13/03/2024 11:00:00","Belgium (BE)","1772.25","1846.28","1798.80","1492.30"
"13/03/2024 11:00:00 - 13/03/2024 12:00:00","Belgium (BE)","1844.93","1884.73","1839.83","1463.56"
"13/03/2024 12:00:00 - 13/03/2024 13:00:00","Belgium (BE)","1897.73","1909.88","1725.33","1357.54"
"13/03/2024 13:00:00 - 13/03/2024 14:00:00","Belgium (BE)","1926.15","1913.05","1732.15","1672.53"
"13/03/2024 14:00:00 - 13/03/2024 15:00:00","Belgium (BE)","1934.58","1897.65","1715.95","1947.46"
"13/03/2024 15:00:00 - 13/03/2024 16:00:00","Belgium (BE)","1937.65","1870.98","1825.48","1934.04"
"13/03/2024 16:00:00 - 13/03/2024 17:00:00","Belgium (BE)","1932.13","1838.40","1897.70","1931.79"
"13/03/2024 17:00:00 - 13/03/2024 18:00:00","Belgium (BE)","1901.55","1818.10","1928.65","1915.43"
"13/03/2024 18:00:00 - 13/03/2024 19:00:00","Belgium (BE)","1853.68","1794.88","1918.73","1896.27"
"13/03/2024 19:00:00 - 13/03/2024 20:00:00","Belgium (BE)","1774.95","1792.85","1860.05","1855.69"
"13/03/2024 20:00:00 - 13/03/2024 21:00:00","Belgium (BE)","1593.23","1731.95","1761.88","1892.23"
"13/03/2024 21:00:00 - 13/03/2024 22:00:00","Belgium (BE)","1376.53","1577.95","1620.45","1847.53"
"13/03/2024 22:00:00 - 13/03/2024 23:00:00","Belgium (BE)","1242.20","1487.78","1533.60","1334.88"
"13/03/2024 23:00:00 - 14/03/2024 00:00:00","Belgium (BE)","1230.08","1498.38","1549.73","1586.20"
"14/03/2024 00:00:00 - 14/03/2024 01:00:00","Belgium (BE)","1622.58","1488.95","1488.95","1628.23"
"14/03/2024 01:00:00 - 14/03/2024 02:00:00","Belgium (BE)","1644.93","1627.30","1627.30","1787.98"
"14/03/2024 02:00:00 - 14/03/2024 03:00:00","Belgium (BE)","1598.15","1588.03","1588.03","1553.88"
"14/03/2024 03:00:00 - 14/03/2024 04:00:00","Belgium (BE)","1474.45","1564.03","1564.03","1432.24"
"14/03/2024 04:00:00 - 14/03/2024 05:00:00","Belgium (BE)","1319.43","1452.28","1452.28","1238.99"
"14/03/2024 05:00:00 - 14/03/2024 06:00:00","Belgium (BE)","1213.68","1438.45","1438.45","1095.42"
"14/03/2024 06:00:00 - 14/03/2024 07:00:00","Belgium (BE)","1178.63","1363.68","1363.68","1043.40"
"14/03/2024 07:00:00 - 14/03/2024 08:00:00","Belgium (BE)","1190.30","1322.03","1322.03","1163.73"
"14/03/2024 08:00:00 - 14/03/2024 09:00:00","Belgium (BE)","1219.40","1318.53","1232.70","1377.62"
"14/03/2024 09:00:00 - 14/03/2024 10:00:00","Belgium (BE)","1219.98","1297.78","1142.50","1221.83"
"14/03/2024 10:00:00 - 14/03/2024 11:00:00","Belgium (BE)","1172.88","1229.83","1134.88","869.65"
"14/03/2024 11:00:00 - 14/03/2024 12:00:00","Belgium (BE)","1108.23","1109.50","944.83","676.33"
"14/03/2024 12:00:00 - 14/03/2024 13:00:00","Belgium (BE)","1000.55","975.98","836.65","474.06"
"14/03/2024 13:00:00 - 14/03/2024 14:00:00","Belgium (BE)","891.28","887.15","743.85","766.84"
"14/03/2024 14:00:00 - 14/03/2024 15:00:00","Belgium (BE)","818.53","825.18","711.65","698.36"
"14/03/2024 15:00:00 - 14/03/2024 16:00:00","Belgium (BE)","801.08","848.45","859.53","647.95"
"14/03/2024 16:00:00 - 14/03/2024 17:00:00","Belgium (BE)","827.80","970.13","888.65","782.10"
"14/03/2024 17:00:00 - 14/03/2024 18:00:00","Belgium (BE)","926.45","1094.43","883.68","1098.00"
"14/03/2024 18:00:00 - 14/03/2024 19:00:00","Belgium (BE)","1090.68","1196.55","1022.88","1340.44"
"14/03/2024 19:00:00 - 14/03/2024 20:00:00","Belgium (BE)","1288.38","1288.55","1241.18","1500.04"
"14/03/2024 20:00:00 - 14/03/2024 21:00:00","Belgium (BE)","1468.55","1408.23","1542.83","1555.65"
"14/03/2024 21:00:00 - 14/03/2024 22:00:00","Belgium (BE)","1584.00","1460.45","1651.65","1652.50"
"14/03/2024 22:00:00 - 14/03/2024 23:00:00","Belgium (BE)","1654.83","1485.23","1748.23","1829.47"
"14/03/2024 23:00:00 - 15/03/2024 00:00:00","Belgium (BE)","1714.95","1630.63","1810.33","1896.05"
"15/03/2024 00:00:00 - 15/03/2024 01:00:00","Belgium (BE)","1844.63","1859.55","1859.55","1721.93"
"15/03/2024 01:00:00 - 15/03/2024 02:00:00","Belgium (BE)","1870.40","1879.05","1879.05","1773.61"
"15/03/2024 02:00:00 - 15/03/2024 03:00:00","Belgium (BE)","1900.58","1852.23","1852.23","1884.33"
"15/03/2024 03:00:00 - 15/03/2024 04:00:00","Belgium (BE)","1928.70","1880.58","1880.58","1911.30"
"15/03/2024 04:00:00 - 15/03/2024 05:00:00","Belgium (BE)","1935.13","1939.90","1939.90","1950.22"
"15/03/2024 05:00:00 - 15/03/2024 06:00:00","Belgium (BE)","1925.68","1930.23","1930.23","1933.03"
"15/03/2024 06:00:00 - 15/03/2024 07:00:00","Belgium (BE)","1931.78","1955.93","1955.93","1917.59"
"15/03/2024 07:00:00 - 15/03/2024 08:00:00","Belgium (BE)","1944.33","1962.93","1962.93","1947.73"
"15/03/2024 08:00:00 - 15/03/2024 09:00:00","Belgium (BE)","1951.15","1960.75","1968.15","1921.35"
"15/03/2024 09:00:00 - 15/03/2024 10:00:00","Belgium (BE)","1954.98","1959.35","1971.30","1865.24"
"15/03/2024 10:00:00 - 15/03/2024 11:00:00","Belgium (BE)","1954.03","1952.33","1970.08","1942.65"
"15/03/2024 11:00:00 - 15/03/2024 12:00:00","Belgium (BE)","1958.35","1942.23","1968.28","1979.58"
"15/03/2024 12:00:00 - 15/03/2024 13:00:00","Belgium (BE)","1966.48","1948.50","1986.05","1958.48"
"15/03/2024 13:00:00 - 15/03/2024 14:00:00","Belgium (BE)","1971.05","1964.75","1988.35","1975.52"
"15/03/2024 14:00:00 - 15/03/2024 15:00:00","Belgium (BE)","1973.10","1975.20","1988.08","1982.52"
"15/03/2024 15:00:00 - 15/03/2024 16:00:00","Belgium (BE)","1975.45","1976.70","1993.73","1985.25"
"15/03/2024 16:00:00 - 15/03/2024 17:00:00","Belgium (BE)","1975.88","1978.35","2001.88","1959.05"
"15/03/2024 17:00:00 - 15/03/2024 18:00:00","Belgium (BE)","1975.85","1979.35","2000.08","1913.21"
"15/03/2024 18:00:00 - 15/03/2024 19:00:00","Belgium (BE)","1973.30","1973.60","1991.08","1962.01"
"15/03/2024 19:00:00 - 15/03/2024 20:00:00","Belgium (BE)","1963.85","1962.85","1973.73","1976.35"
"15/03/2024 20:00:00 - 15/03/2024 21:00:00","Belgium (BE)","1944.43","1935.78","1932.68","1948.16"
"15/03/2024 21:00:00 - 15/03/2024 22:00:00","Belgium (BE)","1900.55","1873.40","1849.75","1940.59"
"15/03/2024 22:00:00 - 15/03/2024 23:00:00","Belgium (BE)","1831.70","1740.45","1699.88","1901.87"
"15/03/2024 23:00:00 - 16/03/2024 00:00:00","Belgium (BE)","1702.68","1535.10","1498.85","1859.08"
"16/03/2024 00:00:00 - 16/03/2024 01:00:00","Belgium (BE)","1314.40","1231.23","1231.23","1458.19"
"16/03/2024 01:00:00 - 16/03/2024 02:00:00","Belgium (BE)","1075.30","1120.68","1120.68","517.03"
"16/03/2024 02:00:00 - 16/03/2024 03:00:00","Belgium (BE)","923.35","947.53","947.53","737.43"
"16/03/2024 03:00:00 - 16/03/2024 04:00:00","Belgium (BE)","820.53","626.83","626.83","715.35"
"16/03/2024 04:00:00 - 16/03/2024 05:00:00","Belgium (BE)","667.63","570.18","570.18","616.64"
"16/03/2024 05:00:00 - 16/03/2024 06:00:00","Belgium (BE)","545.55","566.00","566.00","609.51"
"16/03/2024 06:00:00 - 16/03/2024 07:00:00","Belgium (BE)","458.30","434.20","434.20","423.58"
"16/03/2024 07:00:00 - 16/03/2024 08:00:00","Belgium (BE)","342.98","372.78","372.78","254.07"
"16/03/2024 08:00:00 - 16/03/2024 09:00:00","Belgium (BE)","221.60","246.45","231.65","103.84"
"16/03/2024 09:00:00 - 16/03/2024 10:00:00","Belgium (BE)","125.75","153.80","133.08","96.65"
"16/03/2024 10:00:00 - 16/03/2024 11:00:00","Belgium (BE)","67.35","86.05","47.35","91.04"
"16/03/2024 11:00:00 - 16/03/2024 12:00:00","Belgium (BE)","34.53","40.53","44.93","32.92"
"16/03/2024 12:00:00 - 16/03/2024 13:00:00","Belgium (BE)","20.23","19.75","37.58","0.01"
"16/03/2024 13:00:00 - 16/03/2024 14:00:00","Belgium (BE)","13.40","12.03","24.45"," "
"16/03/2024 14:00:00 - 16/03/2024 15:00:00","Belgium (BE)","11.70","12.53","18.13"," "
"16/03/2024 15:00:00 - 16/03/2024 16:00:00","Belgium (BE)","12.58","13.98","16.25"," "
"16/03/2024 16:00:00 - 16/03/2024 17:00:00","Belgium (BE)","13.38","14.78","12.18"," "
"16/03/2024 17:00:00 - 16/03/2024 18:00:00","Belgium (BE)","12.85","14.38","13.50"," "
"16/03/2024 18:00:00 - 16/03/2024 19:00:00","Belgium (BE)","12.00","15.28","15.58"," "
"16/03/2024 19:00:00 - 16/03/2024 20:00:00","Belgium (BE)","18.30","23.75","23.85","9.83"
"16/03/2024 20:00:00 - 16/03/2024 21:00:00","Belgium (BE)","40.25","52.75","46.93","36.43"
"16/03/2024 21:00:00 - 16/03/2024 22:00:00","Belgium (BE)","79.85","99.23","93.08","122.26"
"16/03/2024 22:00:00 - 16/03/2024 23:00:00","Belgium (BE)","143.75","178.15","176.43","246.88"
"16/03/2024 23:00:00 - 17/03/2024 00:00:00","Belgium (BE)","269.13","292.20","292.48","380.71"
"17/03/2024 00:00:00 - 17/03/2024 01:00:00","Belgium (BE)","364.53","407.00","407.00","771.20"
"17/03/2024 01:00:00 - 17/03/2024 02:00:00","Belgium (BE)","402.70","444.80","444.80","745.98"
"17/03/2024 02:00:00 - 17/03/2024 03:00:00","Belgium (BE)","474.70","659.20","659.20","651.31"
"17/03/2024 03:00:00 - 17/03/2024 04:00:00","Belgium (BE)","544.35","663.63","663.63","604.16"
"17/03/2024 04:00:00 - 17/03/2024 05:00:00","Belgium (BE)","561.60","694.50","694.50","747.06"
"17/03/2024 05:00:00 - 17/03/2024 06:00:00","Belgium (BE)","563.05","715.78","715.78","729.04"
"17/03/2024 06:00:00 - 17/03/2024 07:00:00","Belgium (BE)","583.95","753.58","753.58","653.90"
"17/03/2024 07:00:00 - 17/03/2024 08:00:00","Belgium (BE)","581.25","744.93","744.93","775.08"
"17/03/2024 08:00:00 - 17/03/2024 09:00:00","Belgium (BE)","575.13","778.50","736.58","684.17"
"17/03/2024 09:00:00 - 17/03/2024 10:00:00","Belgium (BE)","637.10","758.08","693.98","802.50"
"17/03/2024 10:00:00 - 17/03/2024 11:00:00","Belgium (BE)","752.03","780.43","725.70","602.65"
"17/03/2024 11:00:00 - 17/03/2024 12:00:00","Belgium (BE)","867.98","856.80","828.70","484.46"
"17/03/2024 12:00:00 - 17/03/2024 13:00:00","Belgium (BE)","940.60","1004.23","878.48","353.63"
"17/03/2024 13:00:00 - 17/03/2024 14:00:00","Belgium (BE)","977.83","1127.00","987.93","305.55"
"17/03/2024 14:00:00 - 17/03/2024 15:00:00","Belgium (BE)","1010.10","1240.00","1043.10","723.26"
"17/03/2024 15:00:00 - 17/03/2024 16:00:00","Belgium (BE)","1076.63","1305.48","1058.65","1223.30"
"17/03/2024 16:00:00 - 17/03/2024 17:00:00","Belgium (BE)","1134.75","1282.10","1136.65","1426.90"
"17/03/2024 17:00:00 - 17/03/2024 18:00:00","Belgium (BE)","1120.88","1299.35","1251.63","1392.53"
"17/03/2024 18:00:00 - 17/03/2024 19:00:00","Belgium (BE)","1108.95","1365.88","1391.03","814.12"
"17/03/2024 19:00:00 - 17/03/2024 20:00:00","Belgium (BE)","1140.23","1324.98","1393.78","997.64"
"17/03/2024 20:00:00 - 17/03/2024 21:00:00","Belgium (BE)","1160.80","1279.10","1127.80","1249.79"
"17/03/2024 21:00:00 - 17/03/2024 22:00:00","Belgium (BE)","1158.48","1280.28","1173.63","1273.38"
"17/03/2024 22:00:00 - 17/03/2024 23:00:00","Belgium (BE)","1126.38","1227.55","1171.70","764.54"
"17/03/2024 23:00:00 - 18/03/2024 00:00:00","Belgium (BE)","1111.60","1144.35","1105.10","787.20"
"18/03/2024 00:00:00 - 18/03/2024 01:00:00","Belgium (BE)","999.63","752.93","752.93","827.44"
"18/03/2024 01:00:00 - 18/03/2024 02:00:00","Belgium (BE)","812.25","665.13","665.13","727.60"
"18/03/2024 02:00:00 - 18/03/2024 03:00:00","Belgium (BE)","611.45","597.25","597.25","559.04"
"18/03/2024 03:00:00 - 18/03/2024 04:00:00","Belgium (BE)","485.70","520.75","520.75","518.66"
"18/03/2024 04:00:00 - 18/03/2024 05:00:00","Belgium (BE)","388.53","424.03","424.03","586.98"
"18/03/2024 05:00:00 - 18/03/2024 06:00:00","Belgium (BE)","307.18","315.95","315.95","245.96"
"18/03/2024 06:00:00 - 18/03/2024 07:00:00","Belgium (BE)","256.60","289.25","289.25","185.50"
"18/03/2024 07:00:00 - 18/03/2024 08:00:00","Belgium (BE)","215.15","172.35","172.35","170.18"
"18/03/2024 08:00:00 - 18/03/2024 09:00:00","Belgium (BE)","195.70","165.25","162.95","126.68"
"18/03/2024 09:00:00 - 18/03/2024 10:00:00","Belgium (BE)","187.03","183.75","117.50","189.60"
"18/03/2024 10:00:00 - 18/03/2024 11:00:00","Belgium (BE)","199.50","207.88","121.48","72.25"
"18/03/2024 11:00:00 - 18/03/2024 12:00:00","Belgium (BE)","216.80","224.25","151.23","130.34"
"18/03/2024 12:00:00 - 18/03/2024 13:00:00","Belgium (BE)","219.40","229.13","105.88","79.53"
"18/03/2024 13:00:00 - 18/03/2024 14:00:00","Belgium (BE)","222.25","231.58","119.13","66.02"
"18/03/2024 14:00:00 - 18/03/2024 15:00:00","Belgium (BE)","235.05","220.18","115.85","74.04"
"18/03/2024 15:00:00 - 18/03/2024 16:00:00","Belgium (BE)","291.73","204.35","155.83","157.88"
"18/03/2024 16:00:00 - 18/03/2024 17:00:00","Belgium (BE)","428.50","243.60","271.73","304.05"
"18/03/2024 17:00:00 - 18/03/2024 18:00:00","Belgium (BE)","626.80","388.93","534.98","1041.02"
"18/03/2024 18:00:00 - 18/03/2024 19:00:00","Belgium (BE)","804.65","622.53","734.88","1362.43"
"18/03/2024 19:00:00 - 18/03/2024 20:00:00","Belgium (BE)","889.30","790.95","1089.93","1620.06"
"18/03/2024 20:00:00 - 18/03/2024 21:00:00","Belgium (BE)","819.88","804.53","1104.95","1264.39"
"18/03/2024 21:00:00 - 18/03/2024 22:00:00","Belgium (BE)","686.33","742.18","924.48","982.48"
"18/03/2024 22:00:00 - 18/03/2024 23:00:00","Belgium (BE)","594.45","663.50","774.68","989.10"
"18/03/2024 23:00:00 - 19/03/2024 00:00:00","Belgium (BE)","561.18","593.73","698.70","1311.21"
"19/03/2024 00:00:00 - 19/03/2024 01:00:00","Belgium (BE)","650.10","785.13","785.13","1229.71"
"19/03/2024 01:00:00 - 19/03/2024 02:00:00","Belgium (BE)","598.33","894.85","894.85","699.18"
"19/03/2024 02:00:00 - 19/03/2024 03:00:00","Belgium (BE)","554.75","859.45","859.45","744.80"
"19/03/2024 03:00:00 - 19/03/2024 04:00:00","Belgium (BE)","571.03","713.15","713.15","910.42"
"19/03/2024 04:00:00 - 19/03/2024 05:00:00","Belgium (BE)","619.13","702.25","702.25","922.35"
"19/03/2024 05:00:00 - 19/03/2024 06:00:00","Belgium (BE)","676.88","779.80","779.80","848.13"
"19/03/2024 06:00:00 - 19/03/2024 07:00:00","Belgium (BE)","747.00","815.70","815.70","717.80"
"19/03/2024 07:00:00 - 19/03/2024 08:00:00","Belgium (BE)","786.28","804.60","804.60","941.00"
"19/03/2024 08:00:00 - 19/03/2024 09:00:00","Belgium (BE)","790.98","758.68","763.68","987.71"
"19/03/2024 09:00:00 - 19/03/2024 10:00:00","Belgium (BE)","786.13","704.43","702.20","783.01"
"19/03/2024 10:00:00 - 19/03/2024 11:00:00","Belgium (BE)","793.65","677.88","660.80","525.80"
"19/03/2024 11:00:00 - 19/03/2024 12:00:00","Belgium (BE)","815.83","717.30","615.80","348.78"
"19/03/2024 12:00:00 - 19/03/2024 13:00:00","Belgium (BE)","859.75","763.58","587.35","834.53"
"19/03/2024 13:00:00 - 19/03/2024 14:00:00","Belgium (BE)","926.58","817.68","525.63","919.18"
"19/03/2024 14:00:00 - 19/03/2024 15:00:00","Belgium (BE)","963.53","875.15","785.83","1010.84"
"19/03/2024 15:00:00 - 19/03/2024 16:00:00","Belgium (BE)","947.63","922.73","890.83","1121.04"
"19/03/2024 16:00:00 - 19/03/2024 17:00:00","Belgium (BE)","891.83","904.55","954.78","1195.21"
"19/03/2024 17:00:00 - 19/03/2024 18:00:00","Belgium (BE)","825.70","797.08","960.70","1139.50"
"19/03/2024 18:00:00 - 19/03/2024 19:00:00","Belgium (BE)","763.28","653.85","907.40","968.40"
"19/03/2024 19:00:00 - 19/03/2024 20:00:00","Belgium (BE)","686.95","525.85","726.38","983.30"
"19/03/2024 20:00:00 - 19/03/2024 21:00:00","Belgium (BE)","588.50","424.10","567.28","727.85"
"19/03/2024 21:00:00 - 19/03/2024 22:00:00","Belgium (BE)","480.53","344.05","404.40","438.39"
"19/03/2024 22:00:00 - 19/03/2024 23:00:00","Belgium (BE)","388.73","287.05","285.48","378.82"
"19/03/2024 23:00:00 - 20/03/2024 00:00:00","Belgium (BE)","316.48","237.43","192.60","240.13"
"20/03/2024 00:00:00 - 20/03/2024 01:00:00","Belgium (BE)","114.68","143.88","143.88","119.76"
"20/03/2024 01:00:00 - 20/03/2024 02:00:00","Belgium (BE)","81.35","120.38","120.38","62.95"
"20/03/2024 02:00:00 - 20/03/2024 03:00:00","Belgium (BE)","65.05","82.25","82.25","66.62"
"20/03/2024 03:00:00 - 20/03/2024 04:00:00","Belgium (BE)","52.70","59.83","59.83","78.85"
"20/03/2024 04:00:00 - 20/03/2024 05:00:00","Belgium (BE)","43.10","55.25","55.25","84.86"
"20/03/2024 05:00:00 - 20/03/2024 06:00:00","Belgium (BE)","41.75","54.18","54.18","27.58"
"20/03/2024 06:00:00 - 20/03/2024 07:00:00","Belgium (BE)","44.23","45.68","45.68"," "
"20/03/2024 07:00:00 - 20/03/2024 08:00:00","Belgium (BE)","44.50","28.08","28.08"," "
"20/03/2024 08:00:00 - 20/03/2024 09:00:00","Belgium (BE)","44.78","35.55","27.35","8.78"
"20/03/2024 09:00:00 - 20/03/2024 10:00:00","Belgium (BE)","46.53","47.58","15.58","1.26"
"20/03/2024 10:00:00 - 20/03/2024 11:00:00","Belgium (BE)","47.60","50.48","14.38"," "
"20/03/2024 11:00:00 - 20/03/2024 12:00:00","Belgium (BE)","47.13","46.35","13.20"," "
"20/03/2024 12:00:00 - 20/03/2024 13:00:00","Belgium (BE)","42.63","35.30","12.73"," "
"20/03/2024 13:00:00 - 20/03/2024 14:00:00","Belgium (BE)","36.23","27.83","12.20"," "
"20/03/2024 14:00:00 - 20/03/2024 15:00:00","Belgium (BE)","29.28","24.75","13.33"," "
"20/03/2024 15:00:00 - 20/03/2024 16:00:00","Belgium (BE)","22.18","22.15","12.45"," "
"20/03/2024 16:00:00 - 20/03/2024 17:00:00","Belgium (BE)","17.18","17.65","12.93"," "
"20/03/2024 17:00:00 - 20/03/2024 18:00:00","Belgium (BE)","15.93","15.08","12.85"," "
"20/03/2024 18:00:00 - 20/03/2024 19:00:00","Belgium (BE)","15.50","15.08","13.68"," "
"20/03/2024 19:00:00 - 20/03/2024 20:00:00","Belgium (BE)","14.95","15.73","16.50"," "
"20/03/2024 20:00:00 - 20/03/2024 21:00:00","Belgium (BE)","15.08","15.65","13.38"," "
"20/03/2024 21:00:00 - 20/03/2024 22:00:00","Belgium (BE)","13.35","18.78","15.08"," "
"20/03/2024 22:00:00 - 20/03/2024 23:00:00","Belgium (BE)","13.00","28.00","24.10"," "
"20/03/2024 23:00:00 - 21/03/2024 00:00:00","Belgium (BE)","14.38","54.33","49.93","2.08"
"21/03/2024 00:00:00 - 21/03/2024 01:00:00","Belgium (BE)","122.83","171.88","171.88","119.44"
"21/03/2024 01:00:00 - 21/03/2024 02:00:00","Belgium (BE)","202.88","246.88","246.88","236.07"
"21/03/2024 02:00:00 - 21/03/2024 03:00:00","Belgium (BE)","251.25","295.80","295.80","410.95"
"21/03/2024 03:00:00 - 21/03/2024 04:00:00","Belgium (BE)","346.25","364.20","364.20","637.73"
"21/03/2024 04:00:00 - 21/03/2024 05:00:00","Belgium (BE)","421.05","378.00","378.00","591.42"
"21/03/2024 05:00:00 - 21/03/2024 06:00:00","Belgium (BE)","389.50","434.80","434.80","473.41"
"21/03/2024 06:00:00 - 21/03/2024 07:00:00","Belgium (BE)","306.23","325.88","325.88","278.44"
"21/03/2024 07:00:00 - 21/03/2024 08:00:00","Belgium (BE)","206.48","239.40","239.40","86.15"
"21/03/2024 08:00:00 - 21/03/2024 09:00:00","Belgium (BE)","123.20","128.65","131.25","0.63"
"21/03/2024 09:00:00 - 21/03/2024 10:00:00","Belgium (BE)","63.70","63.98","59.10"," "
"21/03/2024 10:00:00 - 21/03/2024 11:00:00","Belgium (BE)","34.35","37.48","23.58"," "
"21/03/2024 11:00:00 - 21/03/2024 12:00:00","Belgium (BE)","25.10","24.18","22.63"," "
"21/03/2024 12:00:00 - 21/03/2024 13:00:00","Belgium (BE)","22.60","28.60","19.08","8.07"
"21/03/2024 13:00:00 - 21/03/2024 14:00:00","Belgium (BE)","27.58","51.65","29.48","47.48"
"21/03/2024 14:00:00 - 21/03/2024 15:00:00","Belgium (BE)","44.80","98.33","58.58","120.43"
"21/03/2024 15:00:00 - 21/03/2024 16:00:00","Belgium (BE)","73.63","153.65","103.90","200.43"
"21/03/2024 16:00:00 - 21/03/2024 17:00:00","Belgium (BE)","112.48","223.35","194.33","318.33"
"21/03/2024 17:00:00 - 21/03/2024 18:00:00","Belgium (BE)","179.08","315.65","359.10","444.61"
"21/03/2024 18:00:00 - 21/03/2024 19:00:00","Belgium (BE)","319.70","470.33","579.88","609.44"
"21/03/2024 19:00:00 - 21/03/2024 20:00:00","Belgium (BE)","586.18","689.38","795.25","622.28"
"21/03/2024 20:00:00 - 21/03/2024 21:00:00","Belgium (BE)","922.83","929.43","1021.33","880.25"
"21/03/2024 21:00:00 - 21/03/2024 22:00:00","Belgium (BE)","1181.78","1095.03","1203.50","1203.90"
"21/03/2024 22:00:00 - 21/03/2024 23:00:00","Belgium (BE)","1328.20","1235.50","1360.38","1512.13"
"21/03/2024 23:00:00 - 22/03/2024 00:00:00","Belgium (BE)","1405.75","1368.75","1465.23","1819.30"
"22/03/2024 00:00:00 - 22/03/2024 01:00:00","Belgium (BE)","1527.23","1673.23","1673.23","1902.48"
"22/03/2024 01:00:00 - 22/03/2024 02:00:00","Belgium (BE)","1538.93","1775.35","1775.35","1837.01"
"22/03/2024 02:00:00 - 22/03/2024 03:00:00","Belgium (BE)","1541.43","1819.03","1819.03","1778.40"
"22/03/2024 03:00:00 - 22/03/2024 04:00:00","Belgium (BE)","1586.00","1882.80","1882.80","1809.19"
"22/03/2024 04:00:00 - 22/03/2024 05:00:00","Belgium (BE)","1659.48","1855.70","1855.70","1898.99"
"22/03/2024 05:00:00 - 22/03/2024 06:00:00","Belgium (BE)","1711.63","1848.78","1848.78","1785.40"
"22/03/2024 06:00:00 - 22/03/2024 07:00:00","Belgium (BE)","1737.98","1884.45","1884.45","1863.06"
"22/03/2024 07:00:00 - 22/03/2024 08:00:00","Belgium (BE)","1691.13","1823.48","1823.48","1838.86"
"22/03/2024 08:00:00 - 22/03/2024 09:00:00","Belgium (BE)","1562.98","1606.93","1639.48","1784.30"
"22/03/2024 09:00:00 - 22/03/2024 10:00:00","Belgium (BE)","1393.03","1344.55","1435.88","1510.09"
"22/03/2024 10:00:00 - 22/03/2024 11:00:00","Belgium (BE)","1192.40","1097.15","1245.18","1082.24"
"22/03/2024 11:00:00 - 22/03/2024 12:00:00","Belgium (BE)","959.10","891.35","967.93","772.92"
"22/03/2024 12:00:00 - 22/03/2024 13:00:00","Belgium (BE)","720.28","670.03","668.75","520.90"
"22/03/2024 13:00:00 - 22/03/2024 14:00:00","Belgium (BE)","463.68","430.38","364.73","348.36"
"22/03/2024 14:00:00 - 22/03/2024 15:00:00","Belgium (BE)","282.38","251.08","236.53","271.73"
"22/03/2024 15:00:00 - 22/03/2024 16:00:00","Belgium (BE)","177.68","135.53","122.20","124.25"
"22/03/2024 16:00:00 - 22/03/2024 17:00:00","Belgium (BE)","115.10","59.33","79.33"," "
"22/03/2024 17:00:00 - 22/03/2024 18:00:00","Belgium (BE)","77.05","37.98","33.40"," "
"22/03/2024 18:00:00 - 22/03/2024 19:00:00","Belgium (BE)","56.68","58.08","31.05","2.04"
"22/03/2024 19:00:00 - 22/03/2024 20:00:00","Belgium (BE)","62.45","103.65","86.10","18.08"
"22/03/2024 20:00:00 - 22/03/2024 21:00:00","Belgium (BE)","90.25","202.98","173.20","48.26"
"22/03/2024 21:00:00 - 22/03/2024 22:00:00","Belgium (BE)","145.10","372.28","349.15","70.48"
"22/03/2024 22:00:00 - 22/03/2024 23:00:00","Belgium (BE)","257.65","562.95","598.85","313.00"
"22/03/2024 23:00:00 - 23/03/2024 00:00:00","Belgium (BE)","368.40","630.15","694.65","564.51"
"23/03/2024 00:00:00 - 23/03/2024 01:00:00","Belgium (BE)","687.23","704.83","704.83","535.39"
"23/03/2024 01:00:00 - 23/03/2024 02:00:00","Belgium (BE)","765.63","777.55","777.55","510.87"
"23/03/2024 02:00:00 - 23/03/2024 03:00:00","Belgium (BE)","936.88","829.93","829.93","848.99"
"23/03/2024 03:00:00 - 23/03/2024 04:00:00","Belgium (BE)","1169.18","1049.85","1049.85","1172.72"
"23/03/2024 04:00:00 - 23/03/2024 05:00:00","Belgium (BE)","1406.28","1363.73","1363.73","1598.08"
"23/03/2024 05:00:00 - 23/03/2024 06:00:00","Belgium (BE)","1567.13","1551.03","1551.03","1768.87"
"23/03/2024 06:00:00 - 23/03/2024 07:00:00","Belgium (BE)","1667.10","1762.00","1762.00","1777.18"
"23/03/2024 07:00:00 - 23/03/2024 08:00:00","Belgium (BE)","1750.73","1815.03","1815.03","1895.06"
"23/03/2024 08:00:00 - 23/03/2024 09:00:00","Belgium (BE)","1822.10","1827.10","1844.08","1855.29"
"23/03/2024 09:00:00 - 23/03/2024 10:00:00","Belgium (BE)","1873.95","1843.18","1881.80","1810.51"
"23/03/2024 10:00:00 - 23/03/2024 11:00:00","Belgium (BE)","1905.20","1863.60","1903.80","1811.06"
"23/03/2024 11:00:00 - 23/03/2024 12:00:00","Belgium (BE)","1908.90","1855.78","1891.00","1592.73"
"23/03/2024 12:00:00 - 23/03/2024 13:00:00","Belgium (BE)","1893.48","1862.30","1874.20","1866.89"
"23/03/2024 13:00:00 - 23/03/2024 14:00:00","Belgium (BE)","1877.80","1832.68","1850.35","1956.65"
"23/03/2024 14:00:00 - 23/03/2024 15:00:00","Belgium (BE)","1840.18","1788.88","1817.98","1885.52"
"23/03/2024 15:00:00 - 23/03/2024 16:00:00","Belgium (BE)","1770.40","1739.28","1819.90","1625.60"
"23/03/2024 16:00:00 - 23/03/2024 17:00:00","Belgium (BE)","1755.43","1698.33","1799.15","1370.35"
"23/03/2024 17:00:00 - 23/03/2024 18:00:00","Belgium (BE)","1724.68","1615.18","1681.65","811.97"
"23/03/2024 18:00:00 - 23/03/2024 19:00:00","Belgium (BE)","1664.80","1573.75","1585.88","1118.34"
"23/03/2024 19:00:00 - 23/03/2024 20:00:00","Belgium (BE)","1704.33","1608.08","1386.65","1483.04"
"23/03/2024 20:00:00 - 23/03/2024 21:00:00","Belgium (BE)","1778.95","1728.50","1634.95","1183.01"
"23/03/2024 21:00:00 - 23/03/2024 22:00:00","Belgium (BE)","1877.98","1839.15","1807.15","1597.74"
"23/03/2024 22:00:00 - 23/03/2024 23:00:00","Belgium (BE)","1940.48","1930.08","1912.63","1826.90"
"23/03/2024 23:00:00 - 24/03/2024 00:00:00","Belgium (BE)","1963.68","1968.83","1955.90","1872.53"
"24/03/2024 00:00:00 - 24/03/2024 01:00:00","Belgium (BE)","1986.78","1954.03","1954.03","1894.31"
"24/03/2024 01:00:00 - 24/03/2024 02:00:00","Belgium (BE)","1991.03","1993.20","1993.20","1986.88"
"24/03/2024 02:00:00 - 24/03/2024 03:00:00","Belgium (BE)","1990.55","1990.85","1990.85","1989.56"
"24/03/2024 03:00:00 - 24/03/2024 04:00:00","Belgium (BE)","1985.13","1984.68","1984.68","1962.13"
"24/03/2024 04:00:00 - 24/03/2024 05:00:00","Belgium (BE)","1981.30","1979.48","1979.48","1960.41"
"24/03/2024 05:00:00 - 24/03/2024 06:00:00","Belgium (BE)","1978.55","1970.68","1970.68","1959.58"
"24/03/2024 06:00:00 - 24/03/2024 07:00:00","Belgium (BE)","1975.73","1967.45","1967.45","1940.18"
"24/03/2024 07:00:00 - 24/03/2024 08:00:00","Belgium (BE)","1969.40","1960.43","1960.43","1959.25"
"24/03/2024 08:00:00 - 24/03/2024 09:00:00","Belgium (BE)","1961.65","1949.93","1959.48","1877.30"
"24/03/2024 09:00:00 - 24/03/2024 10:00:00","Belgium (BE)","1946.98","1931.75","1954.83","1773.49"
"24/03/2024 10:00:00 - 24/03/2024 11:00:00","Belgium (BE)","1913.25","1877.13","1929.48","1847.00"
"24/03/2024 11:00:00 - 24/03/2024 12:00:00","Belgium (BE)","1855.10","1779.38","1846.75","1703.30"
"24/03/2024 12:00:00 - 24/03/2024 13:00:00","Belgium (BE)","1781.60","1645.38","1734.55","1467.51"
"24/03/2024 13:00:00 - 24/03/2024 14:00:00","Belgium (BE)","1670.18","1508.48","1508.70","1143.98"
"24/03/2024 14:00:00 - 24/03/2024 15:00:00","Belgium (BE)","1526.68","1403.58","1287.73","1062.98"
"24/03/2024 15:00:00 - 24/03/2024 16:00:00","Belgium (BE)","1423.25","1268.75","1040.35","895.17"
"24/03/2024 16:00:00 - 24/03/2024 17:00:00","Belgium (BE)","1276.15","1101.58","886.30","690.01"
"24/03/2024 17:00:00 - 24/03/2024 18:00:00","Belgium (BE)","1117.95","921.93","657.18","479.45"
"24/03/2024 18:00:00 - 24/03/2024 19:00:00","Belgium (BE)","989.83","715.68","462.93","423.85"
"24/03/2024 19:00:00 - 24/03/2024 20:00:00","Belgium (BE)","814.28","540.98","323.68","198.43"
"24/03/2024 20:00:00 - 24/03/2024 21:00:00","Belgium (BE)","626.88","389.25","236.95","77.84"
"24/03/2024 21:00:00 - 24/03/2024 22:00:00","Belgium (BE)","449.75","253.20","140.75","15.34"
"24/03/2024 22:00:00 - 24/03/2024 23:00:00","Belgium (BE)","315.58","149.55","79.25"," "
"24/03/2024 23:00:00 - 25/03/2024 00:00:00","Belgium (BE)","231.03","81.88","44.13"," "
"25/03/2024 00:00:00 - 25/03/2024 01:00:00","Belgium (BE)","31.58","16.15","16.15"," "
"25/03/2024 01:00:00 - 25/03/2024 02:00:00","Belgium (BE)","28.00","15.33","15.33"," "
"25/03/2024 02:00:00 - 25/03/2024 03:00:00","Belgium (BE)","30.88","16.93","16.93","0.00"
"25/03/2024 03:00:00 - 25/03/2024 04:00:00","Belgium (BE)","39.05","28.48","28.48","3.47"
"25/03/2024 04:00:00 - 25/03/2024 05:00:00","Belgium (BE)","46.38","45.48","45.48","26.32"
"25/03/2024 05:00:00 - 25/03/2024 06:00:00","Belgium (BE)","62.98","77.43","77.43","79.03"
"25/03/2024 06:00:00 - 25/03/2024 07:00:00","Belgium (BE)","94.20","113.60","113.60","91.60"
"25/03/2024 07:00:00 - 25/03/2024 08:00:00","Belgium (BE)","129.20","139.70","139.70","86.48"
"25/03/2024 08:00:00 - 25/03/2024 09:00:00","Belgium (BE)","157.25","171.73","163.60","187.60"
"25/03/2024 09:00:00 - 25/03/2024 10:00:00","Belgium (BE)","189.70","199.53","196.05","178.68"
"25/03/2024 10:00:00 - 25/03/2024 11:00:00","Belgium (BE)","205.43","210.15","217.88","188.45"
"25/03/2024 11:00:00 - 25/03/2024 12:00:00","Belgium (BE)","201.38","202.15","207.03","318.67"
"25/03/2024 12:00:00 - 25/03/2024 13:00:00","Belgium (BE)","187.40","168.45","164.00","282.01"
"25/03/2024 13:00:00 - 25/03/2024 14:00:00","Belgium (BE)","168.68","140.98","154.98","280.61"
"25/03/2024 14:00:00 - 25/03/2024 15:00:00","Belgium (BE)","149.83","126.03","146.10","132.03"
"25/03/2024 15:00:00 - 25/03/2024 16:00:00","Belgium (BE)","158.68","140.20","170.63","63.21"
"25/03/2024 16:00:00 - 25/03/2024 17:00:00","Belgium (BE)","207.58","191.23","173.98","98.36"
"25/03/2024 17:00:00 - 25/03/2024 18:00:00","Belgium (BE)","289.18","276.90","233.33","135.70"
"25/03/2024 18:00:00 - 25/03/2024 19:00:00","Belgium (BE)","407.93","398.53","323.23","205.92"
"25/03/2024 19:00:00 - 25/03/2024 20:00:00","Belgium (BE)","576.45","587.33","416.88","332.60"
"25/03/2024 20:00:00 - 25/03/2024 21:00:00","Belgium (BE)","773.93","783.28","571.58","701.57"
"25/03/2024 21:00:00 - 25/03/2024 22:00:00","Belgium (BE)","978.98","939.03","765.78","814.23"
"25/03/2024 22:00:00 - 25/03/2024 23:00:00","Belgium (BE)","1075.63","1014.28","880.28","901.27"
"25/03/2024 23:00:00 - 26/03/2024 00:00:00","Belgium (BE)","1086.35","1002.40","899.03","916.56"
"26/03/2024 00:00:00 - 26/03/2024 01:00:00","Belgium (BE)","925.20","950.15","950.15","739.65"
"26/03/2024 01:00:00 - 26/03/2024 02:00:00","Belgium (BE)","938.78","901.93","901.93","707.05"
"26/03/2024 02:00:00 - 26/03/2024 03:00:00","Belgium (BE)","929.63","815.15","815.15","746.30"
"26/03/2024 03:00:00 - 26/03/2024 04:00:00","Belgium (BE)","871.05","726.68","726.68","674.11"
"26/03/2024 04:00:00 - 26/03/2024 05:00:00","Belgium (BE)","785.45","632.48","632.48","484.68"
"26/03/2024 05:00:00 - 26/03/2024 06:00:00","Belgium (BE)","693.95","501.00","501.00","438.51"
"26/03/2024 06:00:00 - 26/03/2024 07:00:00","Belgium (BE)","599.25","360.58","360.58","322.54"
"26/03/2024 07:00:00 - 26/03/2024 08:00:00","Belgium (BE)","496.95","285.85","285.85","190.45"
"26/03/2024 08:00:00 - 26/03/2024 09:00:00","Belgium (BE)","382.73","218.60","200.45","161.81"
"26/03/2024 09:00:00 - 26/03/2024 10:00:00","Belgium (BE)","293.58","163.13","118.45","63.19"
"26/03/2024 10:00:00 - 26/03/2024 11:00:00","Belgium (BE)","231.88","122.18","89.68","37.52"
"26/03/2024 11:00:00 - 26/03/2024 12:00:00","Belgium (BE)","178.80","92.08","32.88","22.72"
"26/03/2024 12:00:00 - 26/03/2024 13:00:00","Belgium (BE)","137.75","62.25","20.03"," "
"26/03/2024 13:00:00 - 26/03/2024 14:00:00","Belgium (BE)","105.70","41.83","7.75"," "
"26/03/2024 14:00:00 - 26/03/2024 15:00:00","Belgium (BE)","100.00","28.08","6.45"," "
"26/03/2024 15:00:00 - 26/03/2024 16:00:00","Belgium (BE)","129.38","23.45","8.50"," "
"26/03/2024 16:00:00 - 26/03/2024 17:00:00","Belgium (BE)","180.20","37.00","11.08"," "
"26/03/2024 17:00:00 - 26/03/2024 18:00:00","Belgium (BE)","212.40","66.60","14.78"," "
"26/03/2024 18:00:00 - 26/03/2024 19:00:00","Belgium (BE)","256.43","106.68","33.50","64.22"
"26/03/2024 19:00:00 - 26/03/2024 20:00:00","Belgium (BE)","350.70","162.68","108.68","282.66"
"26/03/2024 20:00:00 - 26/03/2024 21:00:00","Belgium (BE)","479.05","264.30","254.95","452.19"
"26/03/2024 21:00:00 - 26/03/2024 22:00:00","Belgium (BE)","599.60","430.30","482.10","391.26"
"26/03/2024 22:00:00 - 26/03/2024 23:00:00","Belgium (BE)","673.10","520.73","638.10","803.32"
"26/03/2024 23:00:00 - 27/03/2024 00:00:00","Belgium (BE)","724.80","520.50","724.45","1155.21"
"27/03/2024 00:00:00 - 27/03/2024 01:00:00","Belgium (BE)","890.03","1212.80","1212.80","1284.66"
"27/03/2024 01:00:00 - 27/03/2024 02:00:00","Belgium (BE)","1069.03","1450.15","1450.15","1428.30"
"27/03/2024 02:00:00 - 27/03/2024 03:00:00","Belgium (BE)","1118.60","1460.80","1460.80","1786.49"
"27/03/2024 03:00:00 - 27/03/2024 04:00:00","Belgium (BE)","1013.30","1415.73","1415.73","1667.39"
"27/03/2024 04:00:00 - 27/03/2024 05:00:00","Belgium (BE)","914.83","1529.75","1529.75","1590.79"
"27/03/2024 05:00:00 - 27/03/2024 06:00:00","Belgium (BE)","969.38","1569.45","1569.45","1472.43"
"27/03/2024 06:00:00 - 27/03/2024 07:00:00","Belgium (BE)","1103.83","1441.43","1441.43","1070.59"
"27/03/2024 07:00:00 - 27/03/2024 08:00:00","Belgium (BE)","1181.58","1369.13","1369.13","1211.17"
"27/03/2024 08:00:00 - 27/03/2024 09:00:00","Belgium (BE)","1241.53","1298.88","1190.33","1539.23"
"27/03/2024 09:00:00 - 27/03/2024 10:00:00","Belgium (BE)","1325.53","1265.15","1164.88","1391.23"
"27/03/2024 10:00:00 - 27/03/2024 11:00:00","Belgium (BE)","1368.05","1252.85","1290.73","1130.44"
"27/03/2024 11:00:00 - 27/03/2024 12:00:00","Belgium (BE)","1428.10","1256.75","1206.60","1354.58"
"27/03/2024 12:00:00 - 27/03/2024 13:00:00","Belgium (BE)","1433.95","1186.53","1075.90","1113.08"
"27/03/2024 13:00:00 - 27/03/2024 14:00:00","Belgium (BE)","1373.33","1032.08","1049.13","891.63"
"27/03/2024 14:00:00 - 27/03/2024 15:00:00","Belgium (BE)","1367.68","911.93","1083.55","1083.96"
"27/03/2024 15:00:00 - 27/03/2024 16:00:00","Belgium (BE)","1453.33","869.25","1129.78","1222.89"
"27/03/2024 16:00:00 - 27/03/2024 17:00:00","Belgium (BE)","1606.40","849.28","1106.28","1000.26"
"27/03/2024 17:00:00 - 27/03/2024 18:00:00","Belgium (BE)","1547.38","766.70","1062.70","982.55"
"27/03/2024 18:00:00 - 27/03/2024 19:00:00","Belgium (BE)","1307.00","738.80","1090.10","1591.15"
"27/03/2024 19:00:00 - 27/03/2024 20:00:00","Belgium (BE)","1166.15","735.93","1140.98","1449.90"
"27/03/2024 20:00:00 - 27/03/2024 21:00:00","Belgium (BE)","1097.30","670.13","1219.65","1370.91"
"27/03/2024 21:00:00 - 27/03/2024 22:00:00","Belgium (BE)","1074.65","586.48","1025.63","1276.46"
"27/03/2024 22:00:00 - 27/03/2024 23:00:00","Belgium (BE)","1060.00","629.18","1004.73","1203.76"
"27/03/2024 23:00:00 - 28/03/2024 00:00:00","Belgium (BE)","1091.98","793.23","1122.88","1332.04"
"28/03/2024 00:00:00 - 28/03/2024 01:00:00","Belgium (BE)","1206.65","1358.90","1358.90","1264.74"
"28/03/2024 01:00:00 - 28/03/2024 02:00:00","Belgium (BE)","1330.23","1536.20","1536.20","1426.80"
"28/03/2024 02:00:00 - 28/03/2024 03:00:00","Belgium (BE)","1489.88","1636.10","1636.10","1473.59"
"28/03/2024 03:00:00 - 28/03/2024 04:00:00","Belgium (BE)","1588.93","1675.85","1675.85","1646.91"
"28/03/2024 04:00:00 - 28/03/2024 05:00:00","Belgium (BE)","1732.18","1669.23","1669.23","1703.95"
"28/03/2024 05:00:00 - 28/03/2024 06:00:00","Belgium (BE)","1848.70","1742.68","1742.68","1975.56"
"28/03/2024 06:00:00 - 28/03/2024 07:00:00","Belgium (BE)","1877.20","1830.13","1830.13","1978.00"
"28/03/2024 07:00:00 - 28/03/2024 08:00:00","Belgium (BE)","1891.80","1892.88","1892.88","1940.28"
"28/03/2024 08:00:00 - 28/03/2024 09:00:00","Belgium (BE)","1934.73","1914.83","1897.88","1670.36"
"28/03/2024 09:00:00 - 28/03/2024 10:00:00","Belgium (BE)","1949.55","1933.60","1888.05","1750.46"
"28/03/2024 10:00:00 - 28/03/2024 11:00:00","Belgium (BE)","1948.60","1935.08","1795.20","1604.49"
"28/03/2024 11:00:00 - 28/03/2024 12:00:00","Belgium (BE)","1953.33","1930.65","1889.10","1764.14"
"28/03/2024 12:00:00 - 28/03/2024 13:00:00","Belgium (BE)","1952.45","1910.10","1834.98","1711.99"
"28/03/2024 13:00:00 - 28/03/2024 14:00:00","Belgium (BE)","1945.55","1889.65","1794.08","1783.65"
"28/03/2024 14:00:00 - 28/03/2024 15:00:00","Belgium (BE)","1927.90","1891.13","1830.55","1882.74"
"28/03/2024 15:00:00 - 28/03/2024 16:00:00","Belgium (BE)","1896.90","1909.10","1907.18","1653.24"
"28/03/2024 16:00:00 - 28/03/2024 17:00:00","Belgium (BE)","1920.80","1924.35","1942.08","1887.17"
"28/03/2024 17:00:00 - 28/03/2024 18:00:00","Belgium (BE)","1947.55","1947.75","1876.98","1834.61"
"28/03/2024 18:00:00 - 28/03/2024 19:00:00","Belgium (BE)","1964.88","1966.60","1988.38","1996.20"
"28/03/2024 19:00:00 - 28/03/2024 20:00:00","Belgium (BE)","1977.80","1978.60","1990.08","2029.28"
"28/03/2024 20:00:00 - 28/03/2024 21:00:00","Belgium (BE)","1983.00","1983.85","1998.65","1998.69"
"28/03/2024 21:00:00 - 28/03/2024 22:00:00","Belgium (BE)","1986.28","1983.63","1994.75","1981.09"
"28/03/2024 22:00:00 - 28/03/2024 23:00:00","Belgium (BE)","1988.50","1982.93","1990.35","1996.40"
"28/03/2024 23:00:00 - 29/03/2024 00:00:00","Belgium (BE)","1987.63","1980.95","1985.48","1995.05"
"29/03/2024 00:00:00 - 29/03/2024 01:00:00","Belgium (BE)","1989.60","1986.58","1986.58","1996.08"
"29/03/2024 01:00:00 - 29/03/2024 02:00:00","Belgium (BE)","1983.33","1984.33","1984.33","1993.44"
"29/03/2024 02:00:00 - 29/03/2024 03:00:00","Belgium (BE)","1963.25","1971.23","1971.23","1991.43"
"29/03/2024 03:00:00 - 29/03/2024 04:00:00","Belgium (BE)","1932.70","1955.10","1955.10","1969.84"
"29/03/2024 04:00:00 - 29/03/2024 05:00:00","Belgium (BE)","1878.13","1931.53","1931.53","1967.79"
"29/03/2024 05:00:00 - 29/03/2024 06:00:00","Belgium (BE)","1777.20","1908.38","1908.38","1965.34"
"29/03/2024 06:00:00 - 29/03/2024 07:00:00","Belgium (BE)","1630.20","1869.48","1869.48","1891.57"
"29/03/2024 07:00:00 - 29/03/2024 08:00:00","Belgium (BE)","1422.60","1784.63","1784.63","1823.98"
"29/03/2024 08:00:00 - 29/03/2024 09:00:00","Belgium (BE)","1209.30","1628.08","1626.15","1903.08"
"29/03/2024 09:00:00 - 29/03/2024 10:00:00","Belgium (BE)","1079.38","1526.98","1555.90","1641.39"
"29/03/2024 10:00:00 - 29/03/2024 11:00:00","Belgium (BE)","1047.13","1406.30","1530.45","1252.17"
"29/03/2024 11:00:00 - 29/03/2024 12:00:00","Belgium (BE)","1068.25","1350.28","1366.43","1047.04"
"29/03/2024 12:00:00 - 29/03/2024 13:00:00","Belgium (BE)","1071.23","1255.38","1130.15","1221.84"
"29/03/2024 13:00:00 - 29/03/2024 14:00:00","Belgium (BE)","1063.88","1116.95","995.83","1027.77"
"29/03/2024 14:00:00 - 29/03/2024 15:00:00","Belgium (BE)","984.90","1024.08","974.93","1169.71"
"29/03/2024 15:00:00 - 29/03/2024 16:00:00","Belgium (BE)","956.45","929.48","780.78","1051.13"
"29/03/2024 16:00:00 - 29/03/2024 17:00:00","Belgium (BE)","894.33","791.10","729.58","970.75"
"29/03/2024 17:00:00 - 29/03/2024 18:00:00","Belgium (BE)","753.58","664.95","701.55","928.00"
"29/03/2024 18:00:00 - 29/03/2024 19:00:00","Belgium (BE)","679.38","555.88","676.78","740.36"
"29/03/2024 19:00:00 - 29/03/2024 20:00:00","Belgium (BE)","653.98","489.73","618.00","343.24"
"29/03/2024 20:00:00 - 29/03/2024 21:00:00","Belgium (BE)","616.50","478.55","568.30","407.85"
"29/03/2024 21:00:00 - 29/03/2024 22:00:00","Belgium (BE)","579.38","458.33","577.10","631.84"
"29/03/2024 22:00:00 - 29/03/2024 23:00:00","Belgium (BE)","613.83","478.28","662.13","250.58"
"29/03/2024 23:00:00 - 30/03/2024 00:00:00","Belgium (BE)","645.20","539.95","704.38","304.03"
"30/03/2024 00:00:00 - 30/03/2024 01:00:00","Belgium (BE)","650.85","671.93","671.93","804.03"
"30/03/2024 01:00:00 - 30/03/2024 02:00:00","Belgium (BE)","565.68","504.03","504.03","1173.50"
"30/03/2024 02:00:00 - 30/03/2024 03:00:00","Belgium (BE)","427.80","404.93","404.93","677.96"
"30/03/2024 03:00:00 - 30/03/2024 04:00:00","Belgium (BE)","301.20","240.38","240.38","443.95"
"30/03/2024 04:00:00 - 30/03/2024 05:00:00","Belgium (BE)","202.30","164.78","164.78","496.08"
"30/03/2024 05:00:00 - 30/03/2024 06:00:00","Belgium (BE)","138.73","109.95","109.95","359.03"
"30/03/2024 06:00:00 - 30/03/2024 07:00:00","Belgium (BE)","93.25","64.25","64.25","137.95"
"30/03/2024 07:00:00 - 30/03/2024 08:00:00","Belgium (BE)","61.30","39.40","39.40","22.89"
"30/03/2024 08:00:00 - 30/03/2024 09:00:00","Belgium (BE)","35.03","25.28","28.45"," "
"30/03/2024 09:00:00 - 30/03/2024 10:00:00","Belgium (BE)","16.25","16.00","58.28"," "
"30/03/2024 10:00:00 - 30/03/2024 11:00:00","Belgium (BE)","9.70","13.08","44.65"," "
"30/03/2024 11:00:00 - 30/03/2024 12:00:00","Belgium (BE)","13.05","14.50","36.25"," "
"30/03/2024 12:00:00 - 30/03/2024 13:00:00","Belgium (BE)","21.63","18.90","34.08"," "
"30/03/2024 13:00:00 - 30/03/2024 14:00:00","Belgium (BE)","28.25","19.55","37.25","15.10"
"30/03/2024 14:00:00 - 30/03/2024 15:00:00","Belgium (BE)","36.68","18.33","25.73","32.59"
"30/03/2024 15:00:00 - 30/03/2024 16:00:00","Belgium (BE)","47.18","19.48","16.60","2.60"
"30/03/2024 16:00:00 - 30/03/2024 17:00:00","Belgium (BE)","36.45","18.50","12.60","16.81"
"30/03/2024 17:00:00 - 30/03/2024 18:00:00","Belgium (BE)","23.58","16.15","9.15","7.49"
"30/03/2024 18:00:00 - 30/03/2024 19:00:00","Belgium (BE)","15.83","11.75","6.50","6.78"
"30/03/2024 19:00:00 - 30/03/2024 20:00:00","Belgium (BE)","26.53","6.83","5.65"," "
"30/03/2024 20:00:00 - 30/03/2024 21:00:00","Belgium (BE)","33.73","6.00","8.00","4.00"
"30/03/2024 21:00:00 - 30/03/2024 22:00:00","Belgium (BE)","33.20","11.33","22.03","57.60"
"30/03/2024 22:00:00 - 30/03/2024 23:00:00","Belgium (BE)","41.10","20.48","55.88","184.37"
"30/03/2024 23:00:00 - 31/03/2024 00:00:00","Belgium (BE)","55.38","36.33","79.75","289.55"
"31/03/2024 00:00:00 - 31/03/2024 01:00:00 (CET)","Belgium (BE)","115.30","157.53","157.53","281.38"
"31/03/2024 01:00:00 (CET) - 31/03/2024 03:00:00 (CEST)","Belgium (BE)","168.20","187.93","187.93","145.59"
"31/03/2024 03:00:00 (CEST) - 31/03/2024 04:00:00","Belgium (BE)","259.45","277.03","277.03","215.55"
"31/03/2024 04:00:00 - 31/03/2024 05:00:00","Belgium (BE)","304.18","317.75","317.75","417.30"
"31/03/2024 05:00:00 - 31/03/2024 06:00:00","Belgium (BE)","366.13","408.00","408.00","547.27"
"31/03/2024 06:00:00 - 31/03/2024 07:00:00","Belgium (BE)","445.73","554.20","554.20","787.51"
"31/03/2024 07:00:00 - 31/03/2024 08:00:00","Belgium (BE)","555.53","718.23","718.23","1077.13"
"31/03/2024 08:00:00 - 31/03/2024 09:00:00","Belgium (BE)","699.98","886.10","890.25","1096.69"
"31/03/2024 09:00:00 - 31/03/2024 10:00:00","Belgium (BE)","837.23","1041.75","1100.63","1044.99"
"31/03/2024 10:00:00 - 31/03/2024 11:00:00","Belgium (BE)","888.23","1069.00","762.28","779.95"
"31/03/2024 11:00:00 - 31/03/2024 12:00:00","Belgium (BE)","806.58","961.00","630.93","436.36"
"31/03/2024 12:00:00 - 31/03/2024 13:00:00","Belgium (BE)","674.53","780.10","440.80","509.52"
"31/03/2024 13:00:00 - 31/03/2024 14:00:00","Belgium (BE)","566.70","580.83","324.28","372.46"
"31/03/2024 14:00:00 - 31/03/2024 15:00:00","Belgium (BE)","466.10","434.00","249.25","340.01"
"31/03/2024 15:00:00 - 31/03/2024 16:00:00","Belgium (BE)","389.08","354.40","278.70","324.32"
"31/03/2024 16:00:00 - 31/03/2024 17:00:00","Belgium (BE)","362.93","345.88","337.18","907.31"
"31/03/2024 17:00:00 - 31/03/2024 18:00:00","Belgium (BE)","384.90","404.93","322.35","416.56"
"31/03/2024 18:00:00 - 31/03/2024 19:00:00","Belgium (BE)","388.23","525.15","319.40","220.09"
"31/03/2024 19:00:00 - 31/03/2024 20:00:00","Belgium (BE)","422.75","665.13","520.05","330.22"
"31/03/2024 20:00:00 - 31/03/2024 21:00:00","Belgium (BE)","685.50","689.88","519.98","418.12"
"31/03/2024 21:00:00 - 31/03/2024 22:00:00","Belgium (BE)","924.38","650.58","511.95","281.09"
"31/03/2024 22:00:00 - 31/03/2024 23:00:00","Belgium (BE)","900.60","621.33","512.83","726.30"
"31/03/2024 23:00:00 - 01/04/2024 00:00:00","Belgium (BE)","733.48","600.20","562.00","466.17"
"01/04/2024 00:00:00 - 01/04/2024 01:00:00","Belgium (BE)","635.30","713.73","713.73","553.83"
"01/04/2024 01:00:00 - 01/04/2024 02:00:00","Belgium (BE)","726.23","626.35","626.35","281.89"
"01/04/2024 02:00:00 - 01/04/2024 03:00:00","Belgium (BE)","809.40","641.23","641.23","210.54"
"01/04/2024 03:00:00 - 01/04/2024 04:00:00","Belgium (BE)","886.33","549.78","549.78","455.97"
"01/04/2024 04:00:00 - 01/04/2024 05:00:00","Belgium (BE)","946.98","670.48","670.48","515.51"
"01/04/2024 05:00:00 - 01/04/2024 06:00:00","Belgium (BE)","1065.83","745.83","745.83","852.22"
"01/04/2024 06:00:00 - 01/04/2024 07:00:00","Belgium (BE)","1218.95","898.93","898.93","985.82"
"01/04/2024 07:00:00 - 01/04/2024 08:00:00","Belgium (BE)","1352.83","1062.95","1062.95","1123.27"
"01/04/2024 08:00:00 - 01/04/2024 09:00:00","Belgium (BE)","1496.78","968.20","962.60","1310.79"
"01/04/2024 09:00:00 - 01/04/2024 10:00:00","Belgium (BE)","1517.70","869.13","854.73","1147.15"
"01/04/2024 10:00:00 - 01/04/2024 11:00:00","Belgium (BE)","1444.90","823.50","981.35","834.39"
"01/04/2024 11:00:00 - 01/04/2024 12:00:00","Belgium (BE)","1386.45","805.98","971.70","629.77"
"01/04/2024 12:00:00 - 01/04/2024 13:00:00","Belgium (BE)","1391.60","798.73","784.93","622.49"
"01/04/2024 13:00:00 - 01/04/2024 14:00:00","Belgium (BE)","1368.48","717.20","656.40","456.52"
"01/04/2024 14:00:00 - 01/04/2024 15:00:00","Belgium (BE)","1355.13","704.40","644.00","439.26"
"01/04/2024 15:00:00 - 01/04/2024 16:00:00","Belgium (BE)","1365.10","784.03","669.23","381.16"
"01/04/2024 16:00:00 - 01/04/2024 17:00:00","Belgium (BE)","1404.55","913.38","692.70","402.85"
"01/04/2024 17:00:00 - 01/04/2024 18:00:00","Belgium (BE)","1446.63","1028.93","822.03","408.18"
"01/04/2024 18:00:00 - 01/04/2024 19:00:00","Belgium (BE)","1453.10","1100.73","919.23","693.19"
"01/04/2024 19:00:00 - 01/04/2024 20:00:00","Belgium (BE)","1401.30","1142.10","937.48","1137.17"
"01/04/2024 20:00:00 - 01/04/2024 21:00:00","Belgium (BE)","1282.00","1093.53","994.58","1311.55"
"01/04/2024 21:00:00 - 01/04/2024 22:00:00","Belgium (BE)","1106.78","979.05","962.85","1181.98"
"01/04/2024 22:00:00 - 01/04/2024 23:00:00","Belgium (BE)","1024.38","947.60","916.05","843.87"
"01/04/2024 23:00:00 - 02/04/2024 00:00:00","Belgium (BE)","1012.03","1012.63","947.03","931.03"
"02/04/2024 00:00:00 - 02/04/2024 01:00:00","Belgium (BE)","1081.05","1115.65","1115.65","773.11"
"02/04/2024 01:00:00 - 02/04/2024 02:00:00","Belgium (BE)","1233.63","1278.35","1278.35","887.37"
"02/04/2024 02:00:00 - 02/04/2024 03:00:00","Belgium (BE)","1382.28","1308.45","1308.45","996.75"
"02/04/2024 03:00:00 - 02/04/2024 04:00:00","Belgium (BE)","1507.45","1475.25","1475.25","1180.27"
"02/04/2024 04:00:00 - 02/04/2024 05:00:00","Belgium (BE)","1634.50","1599.93","1599.93","1444.83"
"02/04/2024 05:00:00 - 02/04/2024 06:00:00","Belgium (BE)","1712.65","1512.83","1512.83","1477.02"
"02/04/2024 06:00:00 - 02/04/2024 07:00:00","Belgium (BE)","1756.58","1613.65","1613.65","1420.54"
"02/04/2024 07:00:00 - 02/04/2024 08:00:00","Belgium (BE)","1785.40","1679.78","1679.78","1737.36"
"02/04/2024 08:00:00 - 02/04/2024 09:00:00","Belgium (BE)","1827.88","1785.75","1785.75","1727.66"
"02/04/2024 09:00:00 - 02/04/2024 10:00:00","Belgium (BE)","1876.10","1853.25","1860.30","1860.01"
"02/04/2024 10:00:00 - 02/04/2024 11:00:00","Belgium (BE)","1900.35","1878.60","1882.33","1892.86"
"02/04/2024 11:00:00 - 02/04/2024 12:00:00","Belgium (BE)","1879.58","1882.45","1921.50","1833.60"
"02/04/2024 12:00:00 - 02/04/2024 13:00:00","Belgium (BE)","1827.55","1850.30","1901.48","1778.27"
"02/04/2024 13:00:00 - 02/04/2024 14:00:00","Belgium (BE)","1777.35","1775.80","1793.35","1684.10"
"02/04/2024 14:00:00 - 02/04/2024 15:00:00","Belgium (BE)","1741.03","1713.20","1713.30","1654.54"
"02/04/2024 15:00:00 - 02/04/2024 16:00:00","Belgium (BE)","1785.90","1744.13","1821.95","1695.79"
"02/04/2024 16:00:00 - 02/04/2024 17:00:00","Belgium (BE)","1878.78","1795.25","1831.45","1702.31"
"02/04/2024 17:00:00 - 02/04/2024 18:00:00","Belgium (BE)","1913.55","1849.53","1877.38","1718.87"
"02/04/2024 18:00:00 - 02/04/2024 19:00:00","Belgium (BE)","1877.53","1838.75","1792.68","1860.92"
"02/04/2024 19:00:00 - 02/04/2024 20:00:00","Belgium (BE)","1697.30","1684.05","1553.15","1552.74"
"02/04/2024 20:00:00 - 02/04/2024 21:00:00","Belgium (BE)","1315.20","1365.10","1310.90","1024.76"
"02/04/2024 21:00:00 - 02/04/2024 22:00:00","Belgium (BE)","945.80","1026.53","941.65","905.10"
"02/04/2024 22:00:00 - 02/04/2024 23:00:00","Belgium (BE)","782.30","847.73","828.68","650.82"
"02/04/2024 23:00:00 - 03/04/2024 00:00:00","Belgium (BE)","815.25","854.45","894.73","570.08"
"03/04/2024 00:00:00 - 03/04/2024 01:00:00","Belgium (BE)","1052.78","1009.13","1009.13","1190.84"
"03/04/2024 01:00:00 - 03/04/2024 02:00:00","Belgium (BE)","1179.48","1038.03","1038.03","1385.34"
"03/04/2024 02:00:00 - 03/04/2024 03:00:00","Belgium (BE)","1294.90","1351.55","1351.55","1507.46"
"03/04/2024 03:00:00 - 03/04/2024 04:00:00","Belgium (BE)","1377.58","1417.83","1417.83","1761.40"
"03/04/2024 04:00:00 - 03/04/2024 05:00:00","Belgium (BE)","1396.93","1412.43","1412.43","1712.89"
"03/04/2024 05:00:00 - 03/04/2024 06:00:00","Belgium (BE)","1363.78","1539.85","1539.85","1578.28"
"03/04/2024 06:00:00 - 03/04/2024 07:00:00","Belgium (BE)","1303.40","1468.20","1468.20","1581.07"
"03/04/2024 07:00:00 - 03/04/2024 08:00:00","Belgium (BE)","1214.18","1380.33","1380.33","1451.07"
"03/04/2024 08:00:00 - 03/04/2024 09:00:00","Belgium (BE)","1174.20","1338.15","1392.28","1567.11"
"03/04/2024 09:00:00 - 03/04/2024 10:00:00","Belgium (BE)","1187.90","1372.10","1431.00","1532.26"
"03/04/2024 10:00:00 - 03/04/2024 11:00:00","Belgium (BE)","1291.58","1438.10","1456.13","1375.19"
"03/04/2024 11:00:00 - 03/04/2024 12:00:00","Belgium (BE)","1436.90","1539.80","1568.78","1208.15"
"03/04/2024 12:00:00 - 03/04/2024 13:00:00","Belgium (BE)","1580.35","1723.50","1657.40","1311.03"
"03/04/2024 13:00:00 - 03/04/2024 14:00:00","Belgium (BE)","1723.18","1863.10","1727.78","1448.05"
"03/04/2024 14:00:00 - 03/04/2024 15:00:00","Belgium (BE)","1851.45","1940.80","1840.30","1372.97"
"03/04/2024 15:00:00 - 03/04/2024 16:00:00","Belgium (BE)","1925.38","1970.58","1905.23","1729.07"
"03/04/2024 16:00:00 - 03/04/2024 17:00:00","Belgium (BE)","1969.45","1980.00","1942.38","1935.03"
"03/04/2024 17:00:00 - 03/04/2024 18:00:00","Belgium (BE)","1980.98","1983.03","1979.50","1956.62"
"03/04/2024 18:00:00 - 03/04/2024 19:00:00","Belgium (BE)","1984.83","1986.20","1985.58","1957.54"
"03/04/2024 19:00:00 - 03/04/2024 20:00:00","Belgium (BE)","1984.90","1988.23","1978.58","1968.21"
"03/04/2024 20:00:00 - 03/04/2024 21:00:00","Belgium (BE)","1983.73","1988.90","1985.15","1970.67"
"03/04/2024 21:00:00 - 03/04/2024 22:00:00","Belgium (BE)","1981.40","1986.95","1985.18","1969.70"
"03/04/2024 22:00:00 - 03/04/2024 23:00:00","Belgium (BE)","1977.68","1978.78","1980.33","1959.77"
"03/04/2024 23:00:00 - 04/04/2024 00:00:00","Belgium (BE)","1970.85","1940.80","1953.53","1930.96"
"04/04/2024 00:00:00 - 04/04/2024 01:00:00","Belgium (BE)","1869.83","1731.80","1731.80","1780.53"
"04/04/2024 01:00:00 - 04/04/2024 02:00:00","Belgium (BE)","1627.58","1560.35","1560.35","1219.04"
"04/04/2024 02:00:00 - 04/04/2024 03:00:00","Belgium (BE)","1348.28","1366.80","1366.80","974.67"
"04/04/2024 03:00:00 - 04/04/2024 04:00:00","Belgium (BE)","1348.05","1464.80","1464.80","1040.27"
"04/04/2024 04:00:00 - 04/04/2024 05:00:00","Belgium (BE)","1622.70","1754.08","1754.08","1364.22"
"04/04/2024 05:00:00 - 04/04/2024 06:00:00","Belgium (BE)","1810.48","1710.88","1710.88","1627.82"
"04/04/2024 06:00:00 - 04/04/2024 07:00:00","Belgium (BE)","1831.33","1733.83","1733.83","1869.61"
"04/04/2024 07:00:00 - 04/04/2024 08:00:00","Belgium (BE)","1756.43","1742.03","1742.03","1877.90"
"04/04/2024 08:00:00 - 04/04/2024 09:00:00","Belgium (BE)","1614.83","1786.38","1908.45","1954.47"
"04/04/2024 09:00:00 - 04/04/2024 10:00:00","Belgium (BE)","1450.90","1871.03","1929.23","1896.96"
"04/04/2024 10:00:00 - 04/04/2024 11:00:00","Belgium (BE)","1521.18","1930.58","1940.90","1926.64"
"04/04/2024 11:00:00 - 04/04/2024 12:00:00","Belgium (BE)","1778.65","1954.03","1953.73","1902.82"
"04/04/2024 12:00:00 - 04/04/2024 13:00:00","Belgium (BE)","1898.88","1954.38","1947.93","1948.21"
"04/04/2024 13:00:00 - 04/04/2024 14:00:00","Belgium (BE)","1916.70","1963.70","1964.68","1968.22"
"04/04/2024 14:00:00 - 04/04/2024 15:00:00","Belgium (BE)","1893.78","1974.30","1967.88","1945.12"
"04/04/2024 15:00:00 - 04/04/2024 16:00:00","Belgium (BE)","1878.75","1976.98","1969.83","1590.86"
"04/04/2024 16:00:00 - 04/04/2024 17:00:00","Belgium (BE)","1892.83","1977.90","1970.75","1864.13"
"04/04/2024 17:00:00 - 04/04/2024 18:00:00","Belgium (BE)","1923.53","1975.50","1943.80","1891.67"
"04/04/2024 18:00:00 - 04/04/2024 19:00:00","Belgium (BE)","1929.83","1972.55","1960.28","1876.13"
"04/04/2024 19:00:00 - 04/04/2024 20:00:00","Belgium (BE)","1915.45","1960.68","1949.08","1923.68"
"04/04/2024 20:00:00 - 04/04/2024 21:00:00","Belgium (BE)","1878.20","1935.15","1906.50","1960.36"
"04/04/2024 21:00:00 - 04/04/2024 22:00:00","Belgium (BE)","1844.03","1900.83","1855.20","1913.64"
"04/04/2024 22:00:00 - 04/04/2024 23:00:00","Belgium (BE)","1802.93","1820.65","1772.58","1834.70"
"04/04/2024 23:00:00 - 05/04/2024 00:00:00","Belgium (BE)","1747.85","1715.80","1658.75","1775.57"
"05/04/2024 00:00:00 - 05/04/2024 01:00:00","Belgium (BE)","1560.50","1631.30","1631.30","1377.42"
"05/04/2024 01:00:00 - 05/04/2024 02:00:00","Belgium (BE)","1513.45","1631.90","1631.90","1033.14"
"05/04/2024 02:00:00 - 05/04/2024 03:00:00","Belgium (BE)","1543.93","1408.55","1408.55","1548.11"
"05/04/2024 03:00:00 - 05/04/2024 04:00:00","Belgium (BE)","1566.38","1281.65","1281.65","1763.00"
"05/04/2024 04:00:00 - 05/04/2024 05:00:00","Belgium (BE)","1567.98","1333.23","1333.23","1833.42"
"05/04/2024 05:00:00 - 05/04/2024 06:00:00","Belgium (BE)","1627.33","1671.18","1671.18","1510.01"
"05/04/2024 06:00:00 - 05/04/2024 07:00:00","Belgium (BE)","1700.13","1790.28","1790.28","1660.93"
"05/04/2024 07:00:00 - 05/04/2024 08:00:00","Belgium (BE)","1766.63","1724.15","1724.15","1631.12"
"05/04/2024 08:00:00 - 05/04/2024 09:00:00","Belgium (BE)","1890.95","1847.58","1847.58","1904.85"
"05/04/2024 09:00:00 - 05/04/2024 10:00:00","Belgium (BE)","1924.25","1907.08","1871.70","1943.32"
"05/04/2024 10:00:00 - 05/04/2024 11:00:00","Belgium (BE)","1939.83","1926.53","1912.15","1963.39"
"05/04/2024 11:00:00 - 05/04/2024 12:00:00","Belgium (BE)","1952.30","1945.75","1949.85","1964.45"
"05/04/2024 12:00:00 - 05/04/2024 13:00:00","Belgium (BE)","1956.58","1957.30","1957.20","1962.17"
"05/04/2024 13:00:00 - 05/04/2024 14:00:00","Belgium (BE)","1956.25","1960.60","1958.68","1936.44"
"05/04/2024 14:00:00 - 05/04/2024 15:00:00","Belgium (BE)","1957.35","1963.03","1952.83","1951.76"
"05/04/2024 15:00:00 - 05/04/2024 16:00:00","Belgium (BE)","1962.65","1964.73","1952.70","1954.45"
"05/04/2024 16:00:00 - 05/04/2024 17:00:00","Belgium (BE)","1965.33","1962.20","1964.83","1891.27"
"05/04/2024 17:00:00 - 05/04/2024 18:00:00","Belgium (BE)","1946.13","1941.93","1946.10","1881.47"
"05/04/2024 18:00:00 - 05/04/2024 19:00:00","Belgium (BE)","1879.48","1881.33","1902.35","1912.35"
"05/04/2024 19:00:00 - 05/04/2024 20:00:00","Belgium (BE)","1644.43","1706.23","1765.63","1789.81"
"05/04/2024 20:00:00 - 05/04/2024 21:00:00","Belgium (BE)","1259.75","1366.95","1549.88","1272.86"
"05/04/2024 21:00:00 - 05/04/2024 22:00:00","Belgium (BE)","964.40","1082.25","1283.25","1051.94"
"05/04/2024 22:00:00 - 05/04/2024 23:00:00","Belgium (BE)","869.95","991.13","1137.23","950.88"
"05/04/2024 23:00:00 - 06/04/2024 00:00:00","Belgium (BE)","1045.38","1080.90","1131.80","650.47"
"06/04/2024 00:00:00 - 06/04/2024 01:00:00","Belgium (BE)","1143.65","777.98","777.98","840.56"
"06/04/2024 01:00:00 - 06/04/2024 02:00:00","Belgium (BE)","1011.28","695.05","695.05","1090.36"
"06/04/2024 02:00:00 - 06/04/2024 03:00:00","Belgium (BE)","892.95","744.28","744.28","919.10"
"06/04/2024 03:00:00 - 06/04/2024 04:00:00","Belgium (BE)","940.68","967.95","967.95","674.58"
"06/04/2024 04:00:00 - 06/04/2024 05:00:00","Belgium (BE)","1085.63","1131.30","1131.30","1160.27"
"06/04/2024 05:00:00 - 06/04/2024 06:00:00","Belgium (BE)","1255.45","1214.68","1214.68","1626.46"
"06/04/2024 06:00:00 - 06/04/2024 07:00:00","Belgium (BE)","1420.53","1517.65","1517.65","1792.75"
"06/04/2024 07:00:00 - 06/04/2024 08:00:00","Belgium (BE)","1619.78","1820.13","1820.13","1885.18"
"06/04/2024 08:00:00 - 06/04/2024 09:00:00","Belgium (BE)","1804.58","1891.13","1927.15","1833.55"
"06/04/2024 09:00:00 - 06/04/2024 10:00:00","Belgium (BE)","1886.40","1922.70","1963.35","1851.39"
"06/04/2024 10:00:00 - 06/04/2024 11:00:00","Belgium (BE)","1919.80","1935.93","1957.45","1843.17"
"06/04/2024 11:00:00 - 06/04/2024 12:00:00","Belgium (BE)","1931.38","1930.85","1949.83","1847.74"
"06/04/2024 12:00:00 - 06/04/2024 13:00:00","Belgium (BE)","1926.98","1918.48","1937.55","1808.82"
"06/04/2024 13:00:00 - 06/04/2024 14:00:00","Belgium (BE)","1910.93","1911.08","1903.68","1719.24"
"06/04/2024 14:00:00 - 06/04/2024 15:00:00","Belgium (BE)","1886.50","1898.08","1887.03","1703.01"
"06/04/2024 15:00:00 - 06/04/2024 16:00:00","Belgium (BE)","1837.33","1877.60","1884.73","1760.49"
"06/04/2024 16:00:00 - 06/04/2024 17:00:00","Belgium (BE)","1753.25","1828.03","1796.13","1874.79"
"06/04/2024 17:00:00 - 06/04/2024 18:00:00","Belgium (BE)","1664.05","1681.10","1585.23","1883.55"
"06/04/2024 18:00:00 - 06/04/2024 19:00:00","Belgium (BE)","1483.53","1392.90","1280.50","1841.55"
"06/04/2024 19:00:00 - 06/04/2024 20:00:00","Belgium (BE)","1252.13","1117.80","1023.85","1858.80"
"06/04/2024 20:00:00 - 06/04/2024 21:00:00","Belgium (BE)","1056.88","1019.33","1098.65","1765.05"
"06/04/2024 21:00:00 - 06/04/2024 22:00:00","Belgium (BE)","994.43","1158.45","1085.20","1841.44"
"06/04/2024 22:00:00 - 06/04/2024 23:00:00","Belgium (BE)","1084.28","1506.50","1348.20","1759.88"
"06/04/2024 23:00:00 - 07/04/2024 00:00:00","Belgium (BE)","1297.88","1787.83","1694.45","1641.27"
"07/04/2024 00:00:00 - 07/04/2024 01:00:00","Belgium (BE)","1843.90","1914.08","1914.08","1472.77"
"07/04/2024 01:00:00 - 07/04/2024 02:00:00","Belgium (BE)","1906.65","1860.85","1860.85","1783.90"
"07/04/2024 02:00:00 - 07/04/2024 03:00:00","Belgium (BE)","1928.58","1840.05","1840.05","1851.66"
"07/04/2024 03:00:00 - 07/04/2024 04:00:00","Belgium (BE)","1935.50","1932.65","1932.65","1938.68"
"07/04/2024 04:00:00 - 07/04/2024 05:00:00","Belgium (BE)","1927.80","1924.95","1924.95","1884.82"
"07/04/2024 05:00:00 - 07/04/2024 06:00:00","Belgium (BE)","1902.93","1909.75","1909.75","1856.53"
"07/04/2024 06:00:00 - 07/04/2024 07:00:00","Belgium (BE)","1874.98","1917.93","1917.93","1852.52"
"07/04/2024 07:00:00 - 07/04/2024 08:00:00","Belgium (BE)","1831.73","1887.75","1887.75","1757.86"
"07/04/2024 08:00:00 - 07/04/2024 09:00:00","Belgium (BE)","1805.60","1848.80","1867.03","1671.14"
"07/04/2024 09:00:00 - 07/04/2024 10:00:00","Belgium (BE)","1782.98","1818.45","1818.78","1398.52"
"07/04/2024 10:00:00 - 07/04/2024 11:00:00","Belgium (BE)","1755.75","1801.98","1784.75","1117.40"
"07/04/2024 11:00:00 - 07/04/2024 12:00:00","Belgium (BE)","1708.08","1751.30","1712.68","1008.26"
"07/04/2024 12:00:00 - 07/04/2024 13:00:00","Belgium (BE)","1647.70","1669.10","1704.63","360.65"
"07/04/2024 13:00:00 - 07/04/2024 14:00:00","Belgium (BE)","1568.68","1575.60","1564.60","265.81"
"07/04/2024 14:00:00 - 07/04/2024 15:00:00","Belgium (BE)","1495.45","1490.68","1340.75","334.49"
"07/04/2024 15:00:00 - 07/04/2024 16:00:00","Belgium (BE)","1457.03","1441.70","1300.50","814.10"
"07/04/2024 16:00:00 - 07/04/2024 17:00:00","Belgium (BE)","1392.20","1456.45","1340.63","1554.25"
"07/04/2024 17:00:00 - 07/04/2024 18:00:00","Belgium (BE)","1374.28","1535.63","1450.50","1489.88"
"07/04/2024 18:00:00 - 07/04/2024 19:00:00","Belgium (BE)","1361.75","1544.13","1553.30","1597.80"
"07/04/2024 19:00:00 - 07/04/2024 20:00:00","Belgium (BE)","1244.85","1431.33","1273.08","1488.86"
"07/04/2024 20:00:00 - 07/04/2024 21:00:00","Belgium (BE)","1096.83","1195.83","1066.65","1297.26"
"07/04/2024 21:00:00 - 07/04/2024 22:00:00","Belgium (BE)","1010.85","932.73","799.80","955.94"
"07/04/2024 22:00:00 - 07/04/2024 23:00:00","Belgium (BE)","972.98","777.63","614.38","708.72"
"07/04/2024 23:00:00 - 08/04/2024 00:00:00","Belgium (BE)","959.25","752.53","460.00","590.58"
"08/04/2024 00:00:00 - 08/04/2024 01:00:00","Belgium (BE)","386.15","439.88","439.88","566.27"
"08/04/2024 01:00:00 - 08/04/2024 02:00:00","Belgium (BE)","360.23","431.40","431.40","597.56"
"08/04/2024 02:00:00 - 08/04/2024 03:00:00","Belgium (BE)","312.85","339.78","339.78","456.58"
"08/04/2024 03:00:00 - 08/04/2024 04:00:00","Belgium (BE)","260.75","367.00","367.00","332.49"
"08/04/2024 04:00:00 - 08/04/2024 05:00:00","Belgium (BE)","210.43","272.48","272.48","279.40"
"08/04/2024 05:00:00 - 08/04/2024 06:00:00","Belgium (BE)","192.55","202.80","202.80","233.40"
"08/04/2024 06:00:00 - 08/04/2024 07:00:00","Belgium (BE)","183.60","177.38","177.38","237.55"
"08/04/2024 07:00:00 - 08/04/2024 08:00:00","Belgium (BE)","147.28","147.23","168.63","159.34"
"08/04/2024 08:00:00 - 08/04/2024 09:00:00","Belgium (BE)","86.73","91.45","106.00","48.55"
"08/04/2024 09:00:00 - 08/04/2024 10:00:00","Belgium (BE)","46.83","59.88","72.30","4.31"
"08/04/2024 10:00:00 - 08/04/2024 11:00:00","Belgium (BE)","36.13","52.10","38.70","0.33"
"08/04/2024 11:00:00 - 08/04/2024 12:00:00","Belgium (BE)","33.18","54.03","40.33","0.12"
"08/04/2024 12:00:00 - 08/04/2024 13:00:00","Belgium (BE)","47.78","62.43","43.18"," "
"08/04/2024 13:00:00 - 08/04/2024 14:00:00","Belgium (BE)","88.43","82.33","53.68","26.29"
"08/04/2024 14:00:00 - 08/04/2024 15:00:00","Belgium (BE)","141.93","88.43","58.53","103.00"
"08/04/2024 15:00:00 - 08/04/2024 16:00:00","Belgium (BE)","228.43","93.55","80.60","197.73"
"08/04/2024 16:00:00 - 08/04/2024 17:00:00","Belgium (BE)","251.63","146.18","158.90","260.58"
"08/04/2024 17:00:00 - 08/04/2024 18:00:00","Belgium (BE)","253.50","228.55","297.20","256.88"
"08/04/2024 18:00:00 - 08/04/2024 19:00:00","Belgium (BE)","285.28","287.48","411.23","241.42"
"08/04/2024 19:00:00 - 08/04/2024 20:00:00","Belgium (BE)","387.60","359.13","448.25","218.92"
"08/04/2024 20:00:00 - 08/04/2024 21:00:00","Belgium (BE)","451.45","420.38","407.83","209.97"
"08/04/2024 21:00:00 - 08/04/2024 22:00:00","Belgium (BE)","432.13","410.08","410.45","162.43"
"08/04/2024 22:00:00 - 08/04/2024 23:00:00","Belgium (BE)","328.95","363.73","455.80","802.49"
"08/04/2024 23:00:00 - 09/04/2024 00:00:00","Belgium (BE)","336.20","456.70","604.98","733.63"
"09/04/2024 00:00:00 - 09/04/2024 01:00:00","Belgium (BE)","923.00","1176.88","1176.88","1121.76"
"09/04/2024 01:00:00 - 09/04/2024 02:00:00","Belgium (BE)","1306.90","1320.43","1320.43","1269.99"
"09/04/2024 02:00:00 - 09/04/2024 03:00:00","Belgium (BE)","1677.65","1657.95","1657.95","1849.35"
"09/04/2024 03:00:00 - 09/04/2024 04:00:00","Belgium (BE)","1847.30","1797.68","1797.68","1840.37"
"09/04/2024 04:00:00 - 09/04/2024 05:00:00","Belgium (BE)","1923.35","1882.10","1882.10","1851.58"
"09/04/2024 05:00:00 - 09/04/2024 06:00:00","Belgium (BE)","1957.15","1943.20","1943.20","1936.95"
"09/04/2024 06:00:00 - 09/04/2024 07:00:00","Belgium (BE)","1973.40","1958.05","1958.05","1913.05"
"09/04/2024 07:00:00 - 09/04/2024 08:00:00","Belgium (BE)","1980.45","1988.93","1988.93","1972.66"
"09/04/2024 08:00:00 - 09/04/2024 09:00:00","Belgium (BE)","1982.23","1989.33","1987.48","1991.13"
"09/04/2024 09:00:00 - 09/04/2024 10:00:00","Belgium (BE)","1979.03","1983.13","1980.15","1906.43"
"09/04/2024 10:00:00 - 09/04/2024 11:00:00","Belgium (BE)","1976.60","1975.65","1969.08","1909.11"
"09/04/2024 11:00:00 - 09/04/2024 12:00:00","Belgium (BE)","1973.78","1969.38","1976.88","1999.92"
"09/04/2024 12:00:00 - 09/04/2024 13:00:00","Belgium (BE)","1969.58","1968.80","1973.88","2022.85"
"09/04/2024 13:00:00 - 09/04/2024 14:00:00","Belgium (BE)","1961.58","1970.75","1978.95","2001.25"
"09/04/2024 14:00:00 - 09/04/2024 15:00:00","Belgium (BE)","1964.15","1971.28","1980.25","1951.83"
"09/04/2024 15:00:00 - 09/04/2024 16:00:00","Belgium (BE)","1969.98","1970.88","1982.25","1782.84"
"09/04/2024 16:00:00 - 09/04/2024 17:00:00","Belgium (BE)","1969.83","1973.63","1981.65","1743.17"
"09/04/2024 17:00:00 - 09/04/2024 18:00:00","Belgium (BE)","1967.35","1976.68","1975.93","2019.91"
"09/04/2024 18:00:00 - 09/04/2024 19:00:00","Belgium (BE)","1966.95","1980.90","1966.70","2014.32"
"09/04/2024 19:00:00 - 09/04/2024 20:00:00","Belgium (BE)","1964.25","1981.60","1980.20","1965.94"
"09/04/2024 20:00:00 - 09/04/2024 21:00:00","Belgium (BE)","1957.70","1978.95","1975.60","1990.11"
"09/04/2024 21:00:00 - 09/04/2024 22:00:00","Belgium (BE)","1953.78","1971.08","1966.13","1986.75"
"09/04/2024 22:00:00 - 09/04/2024 23:00:00","Belgium (BE)","1952.75","1961.83","1958.55","1976.54"
"09/04/2024 23:00:00 - 10/04/2024 00:00:00","Belgium (BE)","1945.10","1948.98","1945.60","1968.25"
"10/04/2024 00:00:00 - 10/04/2024 01:00:00","Belgium (BE)","1916.60","1945.18","1945.18","1936.19"
"10/04/2024 01:00:00 - 10/04/2024 02:00:00","Belgium (BE)","1847.28","1900.03","1900.03","1878.52"
"10/04/2024 02:00:00 - 10/04/2024 03:00:00","Belgium (BE)","1733.78","1828.13","1828.13","1901.10"
"10/04/2024 03:00:00 - 10/04/2024 04:00:00","Belgium (BE)","1623.98","1654.35","1654.35","1723.93"
"10/04/2024 04:00:00 - 10/04/2024 05:00:00","Belgium (BE)","1413.33","1370.80","1370.80","1413.56"
"10/04/2024 05:00:00 - 10/04/2024 06:00:00","Belgium (BE)","1064.33","1034.33","1034.33","1075.24"
"10/04/2024 06:00:00 - 10/04/2024 07:00:00","Belgium (BE)","718.85","657.63","657.63","881.10"
"10/04/2024 07:00:00 - 10/04/2024 08:00:00","Belgium (BE)","467.03","397.58","397.58","538.45"
"10/04/2024 08:00:00 - 10/04/2024 09:00:00","Belgium (BE)","302.15","253.65","322.48","267.67"
"10/04/2024 09:00:00 - 10/04/2024 10:00:00","Belgium (BE)","204.35","183.45","212.90","130.19"
"10/04/2024 10:00:00 - 10/04/2024 11:00:00","Belgium (BE)","182.35","166.78","182.33","36.25"
"10/04/2024 11:00:00 - 10/04/2024 12:00:00","Belgium (BE)","237.60","211.50","217.30","164.83"
"10/04/2024 12:00:00 - 10/04/2024 13:00:00","Belgium (BE)","348.65","325.90","326.20","391.06"
"10/04/2024 13:00:00 - 10/04/2024 14:00:00","Belgium (BE)","526.55","450.13","422.48","462.13"
"10/04/2024 14:00:00 - 10/04/2024 15:00:00","Belgium (BE)","805.23","613.85","665.40","571.47"
"10/04/2024 15:00:00 - 10/04/2024 16:00:00","Belgium (BE)","1142.70","853.93","882.63","742.44"
"10/04/2024 16:00:00 - 10/04/2024 17:00:00","Belgium (BE)","1417.38","1143.98","1191.55","1022.78"
"10/04/2024 17:00:00 - 10/04/2024 18:00:00","Belgium (BE)","1587.53","1364.38","1371.95","1055.88"
"10/04/2024 18:00:00 - 10/04/2024 19:00:00","Belgium (BE)","1631.50","1499.65","1566.93","1395.96"
"10/04/2024 19:00:00 - 10/04/2024 20:00:00","Belgium (BE)","1688.18","1583.25","1566.85","1445.10"
"10/04/2024 20:00:00 - 10/04/2024 21:00:00","Belgium (BE)","1764.13","1659.38","1682.70","1451.59"
"10/04/2024 21:00:00 - 10/04/2024 22:00:00","Belgium (BE)","1823.15","1762.80","1819.23","1611.43"
"10/04/2024 22:00:00 - 10/04/2024 23:00:00","Belgium (BE)","1878.80","1834.40","1892.23","1740.90"
"10/04/2024 23:00:00 - 11/04/2024 00:00:00","Belgium (BE)","1918.38","1877.95","1924.75","1854.53"
"11/04/2024 00:00:00 - 11/04/2024 01:00:00","Belgium (BE)","1945.38","1912.78","1912.78","1945.55"
"11/04/2024 01:00:00 - 11/04/2024 02:00:00","Belgium (BE)","1948.30","1925.80","1925.80","1945.81"
"11/04/2024 02:00:00 - 11/04/2024 03:00:00","Belgium (BE)","1938.08","1960.50","1960.50","1941.67"
"11/04/2024 03:00:00 - 11/04/2024 04:00:00","Belgium (BE)","1925.98","1962.98","1962.98","1939.50"
"11/04/2024 04:00:00 - 11/04/2024 05:00:00","Belgium (BE)","1921.25","1905.63","1905.63","1962.09"
"11/04/2024 05:00:00 - 11/04/2024 06:00:00","Belgium (BE)","1925.58","1897.03","1897.03","1978.38"
"11/04/2024 06:00:00 - 11/04/2024 07:00:00","Belgium (BE)","1937.05","1887.18","1887.18","1871.48"
"11/04/2024 07:00:00 - 11/04/2024 08:00:00","Belgium (BE)","1935.10","1876.20","1876.20","1897.64"
"11/04/2024 08:00:00 - 11/04/2024 09:00:00","Belgium (BE)","1916.28","1821.65","1831.85","1887.93"
"11/04/2024 09:00:00 - 11/04/2024 10:00:00","Belgium (BE)","1886.30","1803.75","1889.35","1798.36"
"11/04/2024 10:00:00 - 11/04/2024 11:00:00","Belgium (BE)","1819.38","1759.35","1812.43","1557.47"
"11/04/2024 11:00:00 - 11/04/2024 12:00:00","Belgium (BE)","1683.98","1594.85","1378.13","1136.33"
"11/04/2024 12:00:00 - 11/04/2024 13:00:00","Belgium (BE)","1501.80","1397.38","1111.68","759.73"
"11/04/2024 13:00:00 - 11/04/2024 14:00:00","Belgium (BE)","1254.78","1273.83","879.50","615.61"
"11/04/2024 14:00:00 - 11/04/2024 15:00:00","Belgium (BE)","1112.18","1197.40","808.48","620.27"
"11/04/2024 15:00:00 - 11/04/2024 16:00:00","Belgium (BE)","1090.23","1187.05","842.45","747.75"
"11/04/2024 16:00:00 - 11/04/2024 17:00:00","Belgium (BE)","1125.08","1156.80","869.15","565.17"
"11/04/2024 17:00:00 - 11/04/2024 18:00:00","Belgium (BE)","1229.88","1211.43","1018.55","528.15"
"11/04/2024 18:00:00 - 11/04/2024 19:00:00","Belgium (BE)","1359.93","1318.58","1001.63","605.48"
"11/04/2024 19:00:00 - 11/04/2024 20:00:00","Belgium (BE)","1499.80","1359.30","1060.40","998.40"
"11/04/2024 20:00:00 - 11/04/2024 21:00:00","Belgium (BE)","1605.68","1434.75","1164.80","1271.73"
"11/04/2024 21:00:00 - 11/04/2024 22:00:00","Belgium (BE)","1691.75","1598.60","1345.33","1493.57"
"11/04/2024 22:00:00 - 11/04/2024 23:00:00","Belgium (BE)","1730.20","1735.95","1478.68","1590.12"
"11/04/2024 23:00:00 - 12/04/2024 00:00:00","Belgium (BE)","1743.70","1762.85","1566.80","1694.69"
"12/04/2024 00:00:00 - 12/04/2024 01:00:00","Belgium (BE)","1616.30","1620.03","1620.03","1618.02"
"12/04/2024 01:00:00 - 12/04/2024 02:00:00","Belgium (BE)","1561.80","1636.88","1636.88","1435.33"
"12/04/2024 02:00:00 - 12/04/2024 03:00:00","Belgium (BE)","1539.18","1592.13","1592.13","1267.21"
"12/04/2024 03:00:00 - 12/04/2024 04:00:00","Belgium (BE)","1537.18","1477.83","1477.83","1495.72"
"12/04/2024 04:00:00 - 12/04/2024 05:00:00","Belgium (BE)","1543.53","1458.60","1458.60","1628.35"
"12/04/2024 05:00:00 - 12/04/2024 06:00:00","Belgium (BE)","1562.35","1512.83","1512.83","1578.25"
"12/04/2024 06:00:00 - 12/04/2024 07:00:00","Belgium (BE)","1578.35","1687.20","1687.20","1709.15"
"12/04/2024 07:00:00 - 12/04/2024 08:00:00","Belgium (BE)","1572.35","1729.20","1729.20","1850.70"
"12/04/2024 08:00:00 - 12/04/2024 09:00:00","Belgium (BE)","1546.43","1737.00","1737.63","1751.22"
"12/04/2024 09:00:00 - 12/04/2024 10:00:00","Belgium (BE)","1531.25","1739.05","1857.28","1436.91"
"12/04/2024 10:00:00 - 12/04/2024 11:00:00","Belgium (BE)","1573.23","1736.30","1840.60","1468.15"
"12/04/2024 11:00:00 - 12/04/2024 12:00:00","Belgium (BE)","1652.13","1744.03","1640.60","1541.38"
"12/04/2024 12:00:00 - 12/04/2024 13:00:00","Belgium (BE)","1757.68","1798.68","1733.53","1664.24"
"12/04/2024 13:00:00 - 12/04/2024 14:00:00","Belgium (BE)","1815.38","1837.88","1781.93","1854.88"
"12/04/2024 14:00:00 - 12/04/2024 15:00:00","Belgium (BE)","1852.25","1864.73","1855.70","1854.58"
"12/04/2024 15:00:00 - 12/04/2024 16:00:00","Belgium (BE)","1879.23","1892.55","1904.35","1831.68"
"12/04/2024 16:00:00 - 12/04/2024 17:00:00","Belgium (BE)","1893.75","1909.80","1907.58","1872.61"
"12/04/2024 17:00:00 - 12/04/2024 18:00:00","Belgium (BE)","1902.15","1924.10","1924.03","1812.09"
"12/04/2024 18:00:00 - 12/04/2024 19:00:00","Belgium (BE)","1905.93","1924.20","1933.68","1814.08"
"12/04/2024 19:00:00 - 12/04/2024 20:00:00","Belgium (BE)","1904.05","1913.93","1940.35","1886.42"
"12/04/2024 20:00:00 - 12/04/2024 21:00:00","Belgium (BE)","1887.78","1896.55","1905.50","1916.01"
"12/04/2024 21:00:00 - 12/04/2024 22:00:00","Belgium (BE)","1842.75","1860.38","1844.68","1832.95"
"12/04/2024 22:00:00 - 12/04/2024 23:00:00","Belgium (BE)","1803.28","1808.80","1772.50","1711.45"
"12/04/2024 23:00:00 - 13/04/2024 00:00:00","Belgium (BE)","1783.55","1767.28","1699.78","1682.16"
"13/04/2024 00:00:00 - 13/04/2024 01:00:00","Belgium (BE)","1606.98","1418.85","1418.85","1598.52"
"13/04/2024 01:00:00 - 13/04/2024 02:00:00","Belgium (BE)","1437.40","1326.15","1326.15","1386.47"
"13/04/2024 02:00:00 - 13/04/2024 03:00:00","Belgium (BE)","1248.30","1149.90","1149.90","1110.05"
"13/04/2024 03:00:00 - 13/04/2024 04:00:00","Belgium (BE)","1076.03","1000.70","1000.70","984.17"
"13/04/2024 04:00:00 - 13/04/2024 05:00:00","Belgium (BE)","980.38","871.93","871.93","866.20"
"13/04/2024 05:00:00 - 13/04/2024 06:00:00","Belgium (BE)","945.45","878.75","878.75","834.41"
"13/04/2024 06:00:00 - 13/04/2024 07:00:00","Belgium (BE)","944.45","887.13","887.13","714.99"
"13/04/2024 07:00:00 - 13/04/2024 08:00:00","Belgium (BE)","968.40","986.48","986.48","564.37"
"13/04/2024 08:00:00 - 13/04/2024 09:00:00","Belgium (BE)","1013.40","1098.25","1098.25","570.45"
"13/04/2024 09:00:00 - 13/04/2024 10:00:00","Belgium (BE)","1082.78","1199.93","888.88","478.88"
"13/04/2024 10:00:00 - 13/04/2024 11:00:00","Belgium (BE)","1139.60","1225.15","1015.10","499.57"
"13/04/2024 11:00:00 - 13/04/2024 12:00:00","Belgium (BE)","1186.33","1247.40","994.80","830.12"
"13/04/2024 12:00:00 - 13/04/2024 13:00:00","Belgium (BE)","1303.00","1334.00","1062.93","829.81"
"13/04/2024 13:00:00 - 13/04/2024 14:00:00","Belgium (BE)","1484.08","1447.15","1308.25","773.73"
"13/04/2024 14:00:00 - 13/04/2024 15:00:00","Belgium (BE)","1710.05","1673.25","1484.53","1066.60"
"13/04/2024 15:00:00 - 13/04/2024 16:00:00","Belgium (BE)","1861.08","1860.88","1684.43","1445.69"
"13/04/2024 16:00:00 - 13/04/2024 17:00:00","Belgium (BE)","1926.43","1926.70","1867.90","1847.89"
"13/04/2024 17:00:00 - 13/04/2024 18:00:00","Belgium (BE)","1954.73","1959.15","1919.20","1923.43"
"13/04/2024 18:00:00 - 13/04/2024 19:00:00","Belgium (BE)","1966.80","1969.73","1978.35","1872.44"
"13/04/2024 19:00:00 - 13/04/2024 20:00:00","Belgium (BE)","1965.13","1968.10","1974.38","1912.64"
"13/04/2024 20:00:00 - 13/04/2024 21:00:00","Belgium (BE)","1950.55","1956.75","1975.40","1970.15"
"13/04/2024 21:00:00 - 13/04/2024 22:00:00","Belgium (BE)","1923.65","1924.00","1951.00","1951.67"
"13/04/2024 22:00:00 - 13/04/2024 23:00:00","Belgium (BE)","1896.55","1847.95","1910.48","1902.46"
"13/04/2024 23:00:00 - 14/04/2024 00:00:00","Belgium (BE)","1863.68","1700.88","1805.58","1759.89"
"14/04/2024 00:00:00 - 14/04/2024 01:00:00","Belgium (BE)","1565.35","1460.98","1460.98","1603.29"
"14/04/2024 01:00:00 - 14/04/2024 02:00:00","Belgium (BE)","1263.28","1217.23","1217.23","1175.52"
"14/04/2024 02:00:00 - 14/04/2024 03:00:00","Belgium (BE)","942.20","967.68","967.68","746.11"
"14/04/2024 03:00:00 - 14/04/2024 04:00:00","Belgium (BE)","664.78","622.18","622.18","542.34"
"14/04/2024 04:00:00 - 14/04/2024 05:00:00","Belgium (BE)","410.23","405.03","405.03","283.10"
"14/04/2024 05:00:00 - 14/04/2024 06:00:00","Belgium (BE)","242.00","249.13","249.13","136.63"
"14/04/2024 06:00:00 - 14/04/2024 07:00:00","Belgium (BE)","161.73","126.28","126.28","33.54"
"14/04/2024 07:00:00 - 14/04/2024 08:00:00","Belgium (BE)","116.60","67.48","67.48"," "
"14/04/2024 08:00:00 - 14/04/2024 09:00:00","Belgium (BE)","94.00","55.68","56.45","0.50"
"14/04/2024 09:00:00 - 14/04/2024 10:00:00","Belgium (BE)","75.50","47.38","46.33","9.72"
"14/04/2024 10:00:00 - 14/04/2024 11:00:00","Belgium (BE)","53.93","40.70","33.13","4.94"
"14/04/2024 11:00:00 - 14/04/2024 12:00:00","Belgium (BE)","44.10","35.23","21.95","6.30"
"14/04/2024 12:00:00 - 14/04/2024 13:00:00","Belgium (BE)","44.75","30.98","21.70"," "
"14/04/2024 13:00:00 - 14/04/2024 14:00:00","Belgium (BE)","47.50","29.93","21.65"," "
"14/04/2024 14:00:00 - 14/04/2024 15:00:00","Belgium (BE)","48.68","30.58","21.40"," "
"14/04/2024 15:00:00 - 14/04/2024 16:00:00","Belgium (BE)","55.43","36.18","25.48"," "
"14/04/2024 16:00:00 - 14/04/2024 17:00:00","Belgium (BE)","64.33","48.63","32.80"," "
"14/04/2024 17:00:00 - 14/04/2024 18:00:00","Belgium (BE)","80.33","73.50","52.33"," "
"14/04/2024 18:00:00 - 14/04/2024 19:00:00","Belgium (BE)","122.28","154.30","75.58","13.06"
"14/04/2024 19:00:00 - 14/04/2024 20:00:00","Belgium (BE)","217.45","321.60","150.30","68.21"
"14/04/2024 20:00:00 - 14/04/2024 21:00:00","Belgium (BE)","407.08","596.63","297.63","242.39"
"14/04/2024 21:00:00 - 14/04/2024 22:00:00","Belgium (BE)","785.60","927.23","589.05","455.62"
"14/04/2024 22:00:00 - 14/04/2024 23:00:00","Belgium (BE)","1162.70","1188.35","943.50","946.74"
"14/04/2024 23:00:00 - 15/04/2024 00:00:00","Belgium (BE)","1299.98","1311.60","1159.23","1000.14"
"15/04/2024 00:00:00 - 15/04/2024 01:00:00","Belgium (BE)","1221.13","1306.80","1306.80","975.35"
"15/04/2024 01:00:00 - 15/04/2024 02:00:00","Belgium (BE)","1260.48","1219.30","1219.30","945.29"
"15/04/2024 02:00:00 - 15/04/2024 03:00:00","Belgium (BE)","1401.78","1207.70","1207.70","1220.99"
"15/04/2024 03:00:00 - 15/04/2024 04:00:00","Belgium (BE)","1573.15","1368.33","1368.33","1483.10"
"15/04/2024 04:00:00 - 15/04/2024 05:00:00","Belgium (BE)","1646.23","1517.95","1517.95","1475.59"
"15/04/2024 05:00:00 - 15/04/2024 06:00:00","Belgium (BE)","1751.55","1661.83","1661.83","1653.96"
"15/04/2024 06:00:00 - 15/04/2024 07:00:00","Belgium (BE)","1893.90","1785.35","1785.35","1901.03"
"15/04/2024 07:00:00 - 15/04/2024 08:00:00","Belgium (BE)","1962.85","1940.33","1940.33","1942.36"
"15/04/2024 08:00:00 - 15/04/2024 09:00:00","Belgium (BE)","1980.15","1983.93","1985.05","1978.46"
"15/04/2024 09:00:00 - 15/04/2024 10:00:00","Belgium (BE)","1983.58","1994.38","1999.28","1925.92"
"15/04/2024 10:00:00 - 15/04/2024 11:00:00","Belgium (BE)","1980.90","1901.93","1993.70","1937.31"
"15/04/2024 11:00:00 - 15/04/2024 12:00:00","Belgium (BE)","1976.60","1761.60","1983.45","1877.13"
"15/04/2024 12:00:00 - 15/04/2024 13:00:00","Belgium (BE)","1972.95","1746.68","1986.70","1874.92"
"15/04/2024 13:00:00 - 15/04/2024 14:00:00","Belgium (BE)","1971.00","1904.13","1991.90","1834.42"
"15/04/2024 14:00:00 - 15/04/2024 15:00:00","Belgium (BE)","1974.18","1969.00","1960.78","1846.11"
"15/04/2024 15:00:00 - 15/04/2024 16:00:00","Belgium (BE)","1973.88","1978.68","1923.05","1839.01"
"15/04/2024 16:00:00 - 15/04/2024 17:00:00","Belgium (BE)","1976.90","1986.03","1947.98","1902.28"
"15/04/2024 17:00:00 - 15/04/2024 18:00:00","Belgium (BE)","1977.20","1981.55","1941.13","1914.00"
"15/04/2024 18:00:00 - 15/04/2024 19:00:00","Belgium (BE)","1976.25","1977.45","1977.88","1887.50"
"15/04/2024 19:00:00 - 15/04/2024 20:00:00","Belgium (BE)","1976.53","1988.23","1989.18","1926.75"
"15/04/2024 20:00:00 - 15/04/2024 21:00:00","Belgium (BE)","1979.03","1996.00","1970.90","1931.30"
"15/04/2024 21:00:00 - 15/04/2024 22:00:00","Belgium (BE)","1981.78","1995.50","1976.08","1907.99"
"15/04/2024 22:00:00 - 15/04/2024 23:00:00","Belgium (BE)","1983.25","1993.78","1983.18","1910.38"
"15/04/2024 23:00:00 - 16/04/2024 00:00:00","Belgium (BE)","1984.60","1992.40","1990.08","1939.89"
"16/04/2024 00:00:00 - 16/04/2024 01:00:00","Belgium (BE)","1992.70","1998.30","1998.30","1916.33"
"16/04/2024 01:00:00 - 16/04/2024 02:00:00","Belgium (BE)","1994.98","1995.25","1995.25","1935.88"
"16/04/2024 02:00:00 - 16/04/2024 03:00:00","Belgium (BE)","1993.15","1994.90","1994.90","1931.38"
"16/04/2024 03:00:00 - 16/04/2024 04:00:00","Belgium (BE)","1986.45","1985.23","1985.23","1919.25"
"16/04/2024 04:00:00 - 16/04/2024 05:00:00","Belgium (BE)","1979.30","1986.85","1986.85","1928.60"
"16/04/2024 05:00:00 - 16/04/2024 06:00:00","Belgium (BE)","1972.50","1983.78","1983.78","1878.90"
"16/04/2024 06:00:00 - 16/04/2024 07:00:00","Belgium (BE)","1969.38","1981.88","1981.88","1881.96"
"16/04/2024 07:00:00 - 16/04/2024 08:00:00","Belgium (BE)","1966.98","1979.33","1979.33","1888.98"
"16/04/2024 08:00:00 - 16/04/2024 09:00:00","Belgium (BE)","1961.83","1973.45","1977.80","1914.43"
"16/04/2024 09:00:00 - 16/04/2024 10:00:00","Belgium (BE)","1954.00","1969.38","1974.00","1909.33"
"16/04/2024 10:00:00 - 16/04/2024 11:00:00","Belgium (BE)","1947.48","1962.88","1965.60","1901.80"
"16/04/2024 11:00:00 - 16/04/2024 12:00:00","Belgium (BE)","1943.30","1954.48","1957.30","1759.24"
"16/04/2024 12:00:00 - 16/04/2024 13:00:00","Belgium (BE)","1940.03","1940.13","1941.90","1569.85"
"16/04/2024 13:00:00 - 16/04/2024 14:00:00","Belgium (BE)","1939.65","1920.73","1902.88","1839.91"
"16/04/2024 14:00:00 - 16/04/2024 15:00:00","Belgium (BE)","1948.38","1904.45","1867.35","1909.35"
"16/04/2024 15:00:00 - 16/04/2024 16:00:00","Belgium (BE)","1958.40","1900.78","1864.20","1879.63"
"16/04/2024 16:00:00 - 16/04/2024 17:00:00","Belgium (BE)","1962.20","1904.53","1826.90","1794.62"
"16/04/2024 17:00:00 - 16/04/2024 18:00:00","Belgium (BE)","1964.45","1896.38","1801.30","1698.61"
"16/04/2024 18:00:00 - 16/04/2024 19:00:00","Belgium (BE)","1963.43","1858.25","1723.58","1445.80"
"16/04/2024 19:00:00 - 16/04/2024 20:00:00","Belgium (BE)","1944.68","1695.38","1594.80","1343.91"
"16/04/2024 20:00:00 - 16/04/2024 21:00:00","Belgium (BE)","1913.03","1434.95","1305.35","1094.12"
"16/04/2024 21:00:00 - 16/04/2024 22:00:00","Belgium (BE)","1832.00","1299.05","1121.73","1000.83"
"16/04/2024 22:00:00 - 16/04/2024 23:00:00","Belgium (BE)","1705.45","1137.88","982.23","932.87"
"16/04/2024 23:00:00 - 17/04/2024 00:00:00","Belgium (BE)","1605.00","1016.35","870.08","706.21"
"17/04/2024 00:00:00 - 17/04/2024 01:00:00","Belgium (BE)","783.10","767.60","767.60","216.06"
"17/04/2024 01:00:00 - 17/04/2024 02:00:00","Belgium (BE)","744.33","726.23","726.23","307.63"
"17/04/2024 02:00:00 - 17/04/2024 03:00:00","Belgium (BE)","780.58","573.53","573.53","557.95"
"17/04/2024 03:00:00 - 17/04/2024 04:00:00","Belgium (BE)","829.90","611.25","611.25","820.70"
"17/04/2024 04:00:00 - 17/04/2024 05:00:00","Belgium (BE)","813.80","694.20","694.20","717.58"
"17/04/2024 05:00:00 - 17/04/2024 06:00:00","Belgium (BE)","719.05","637.90","637.90","679.32"
"17/04/2024 06:00:00 - 17/04/2024 07:00:00","Belgium (BE)","521.13","568.28","568.28","604.59"
"17/04/2024 07:00:00 - 17/04/2024 08:00:00","Belgium (BE)","341.83","580.30","580.30","355.98"
"17/04/2024 08:00:00 - 17/04/2024 09:00:00","Belgium (BE)","274.78","573.93","611.93","285.17"
"17/04/2024 09:00:00 - 17/04/2024 10:00:00","Belgium (BE)","269.43","563.25","475.08","626.77"
"17/04/2024 10:00:00 - 17/04/2024 11:00:00","Belgium (BE)","294.40","571.80","437.68","286.36"
"17/04/2024 11:00:00 - 17/04/2024 12:00:00","Belgium (BE)","382.55","602.10","662.50","593.89"
"17/04/2024 12:00:00 - 17/04/2024 13:00:00","Belgium (BE)","538.98","663.15","563.98","909.86"
"17/04/2024 13:00:00 - 17/04/2024 14:00:00","Belgium (BE)","765.48","746.60","712.63","696.69"
"17/04/2024 14:00:00 - 17/04/2024 15:00:00","Belgium (BE)","916.83","776.98","832.60","461.32"
"17/04/2024 15:00:00 - 17/04/2024 16:00:00","Belgium (BE)","914.58","808.10","630.83","574.59"
"17/04/2024 16:00:00 - 17/04/2024 17:00:00","Belgium (BE)","738.90","718.23","393.85","518.36"
"17/04/2024 17:00:00 - 17/04/2024 18:00:00","Belgium (BE)","535.83","557.10","380.65","417.06"
"17/04/2024 18:00:00 - 17/04/2024 19:00:00","Belgium (BE)","333.23","445.80","309.03","241.31"
"17/04/2024 19:00:00 - 17/04/2024 20:00:00","Belgium (BE)","202.68","374.33","203.33","170.96"
"17/04/2024 20:00:00 - 17/04/2024 21:00:00","Belgium (BE)","119.05","290.20","117.18","61.86"
"17/04/2024 21:00:00 - 17/04/2024 22:00:00","Belgium (BE)","80.90","223.35","83.85","62.13"
"17/04/2024 22:00:00 - 17/04/2024 23:00:00","Belgium (BE)","72.58","172.63","64.18","122.15"
"17/04/2024 23:00:00 - 18/04/2024 00:00:00","Belgium (BE)","64.80","128.60","62.48","231.78"
"18/04/2024 00:00:00 - 18/04/2024 01:00:00","Belgium (BE)","65.20","161.98","161.98","360.79"
"18/04/2024 01:00:00 - 18/04/2024 02:00:00","Belgium (BE)","97.78","192.40","192.40","133.60"
"18/04/2024 02:00:00 - 18/04/2024 03:00:00","Belgium (BE)","149.55","367.33","367.33","243.18"
"18/04/2024 03:00:00 - 18/04/2024 04:00:00","Belgium (BE)","203.40","211.28","211.28","251.26"
"18/04/2024 04:00:00 - 18/04/2024 05:00:00","Belgium (BE)","225.93","210.78","210.78","213.74"
"18/04/2024 05:00:00 - 18/04/2024 06:00:00","Belgium (BE)","233.68","194.20","194.20","206.44"
"18/04/2024 06:00:00 - 18/04/2024 07:00:00","Belgium (BE)","233.05","177.75","177.75","117.83"
"18/04/2024 07:00:00 - 18/04/2024 08:00:00","Belgium (BE)","215.90","171.83","171.83","40.69"
"18/04/2024 08:00:00 - 18/04/2024 09:00:00","Belgium (BE)","196.15","161.78","135.40","58.46"
"18/04/2024 09:00:00 - 18/04/2024 10:00:00","Belgium (BE)","173.15","153.50","106.65","46.00"
"18/04/2024 10:00:00 - 18/04/2024 11:00:00","Belgium (BE)","153.35","137.45","87.00","92.07"
"18/04/2024 11:00:00 - 18/04/2024 12:00:00","Belgium (BE)","129.43","116.90","71.18","107.30"
"18/04/2024 12:00:00 - 18/04/2024 13:00:00","Belgium (BE)","101.03","99.28","65.00","115.78"
"18/04/2024 13:00:00 - 18/04/2024 14:00:00","Belgium (BE)","75.28","80.48","74.63","38.03"
"18/04/2024 14:00:00 - 18/04/2024 15:00:00","Belgium (BE)","63.80","71.83","95.33","31.48"
"18/04/2024 15:00:00 - 18/04/2024 16:00:00","Belgium (BE)","65.48","77.75","91.40","34.94"
"18/04/2024 16:00:00 - 18/04/2024 17:00:00","Belgium (BE)","79.78","105.25","125.83","77.20"
"18/04/2024 17:00:00 - 18/04/2024 18:00:00","Belgium (BE)","117.98","166.90","216.93","196.65"
"18/04/2024 18:00:00 - 18/04/2024 19:00:00","Belgium (BE)","207.10","302.45","390.53","292.41"
"18/04/2024 19:00:00 - 18/04/2024 20:00:00","Belgium (BE)","366.98","534.08","677.85","376.52"
"18/04/2024 20:00:00 - 18/04/2024 21:00:00","Belgium (BE)","628.25","874.35","1128.23","1097.73"
"18/04/2024 21:00:00 - 18/04/2024 22:00:00","Belgium (BE)","1106.88","1392.75","1597.48","1742.60"
"18/04/2024 22:00:00 - 18/04/2024 23:00:00","Belgium (BE)","1496.73","1725.58","1739.98","1901.44"
"18/04/2024 23:00:00 - 19/04/2024 00:00:00","Belgium (BE)","1650.23","1805.88","1853.98","1867.07"
"19/04/2024 00:00:00 - 19/04/2024 01:00:00","Belgium (BE)","1941.93","2002.48","2002.48","1861.39"
"19/04/2024 01:00:00 - 19/04/2024 02:00:00","Belgium (BE)","1967.83","1989.93","1989.93","1860.48"
"19/04/2024 02:00:00 - 19/04/2024 03:00:00","Belgium (BE)","1978.10","1992.05","1992.05","1889.89"
"19/04/2024 03:00:00 - 19/04/2024 04:00:00","Belgium (BE)","1983.63","1977.95","1977.95","1929.70"
"19/04/2024 04:00:00 - 19/04/2024 05:00:00","Belgium (BE)","1982.70","1980.50","1980.50","1888.25"
"19/04/2024 05:00:00 - 19/04/2024 06:00:00","Belgium (BE)","1974.88","1992.98","1992.98","1927.67"
"19/04/2024 06:00:00 - 19/04/2024 07:00:00","Belgium (BE)","1955.95","1977.78","1977.78","1928.79"
"19/04/2024 07:00:00 - 19/04/2024 08:00:00","Belgium (BE)","1920.30","1961.33","1961.33","1925.68"
"19/04/2024 08:00:00 - 19/04/2024 09:00:00","Belgium (BE)","1881.15","1936.65","1947.03","1927.98"
"19/04/2024 09:00:00 - 19/04/2024 10:00:00","Belgium (BE)","1822.20","1905.85","1938.08","1912.25"
"19/04/2024 10:00:00 - 19/04/2024 11:00:00","Belgium (BE)","1741.65","1866.70","1930.95","1941.50"
"19/04/2024 11:00:00 - 19/04/2024 12:00:00","Belgium (BE)","1681.70","1815.65","1899.43","1753.01"
"19/04/2024 12:00:00 - 19/04/2024 13:00:00","Belgium (BE)","1642.58","1759.58","1859.93","1580.04"
"19/04/2024 13:00:00 - 19/04/2024 14:00:00","Belgium (BE)","1671.95","1784.80","1855.90","1613.69"
"19/04/2024 14:00:00 - 19/04/2024 15:00:00","Belgium (BE)","1687.73","1810.90","1843.63","1578.25"
"19/04/2024 15:00:00 - 19/04/2024 16:00:00","Belgium (BE)","1784.03","1821.65","1844.25","1376.73"
"19/04/2024 16:00:00 - 19/04/2024 17:00:00","Belgium (BE)","1856.38","1857.08","1937.75","1776.01"
"19/04/2024 17:00:00 - 19/04/2024 18:00:00","Belgium (BE)","1898.28","1896.73","1951.45","1998.06"
"19/04/2024 18:00:00 - 19/04/2024 19:00:00","Belgium (BE)","1924.88","1928.05","1960.20","1991.87"
"19/04/2024 19:00:00 - 19/04/2024 20:00:00","Belgium (BE)","1945.10","1942.75","1953.10","1964.99"
"19/04/2024 20:00:00 - 19/04/2024 21:00:00","Belgium (BE)","1959.30","1956.75","1938.73","1926.09"
"19/04/2024 21:00:00 - 19/04/2024 22:00:00","Belgium (BE)","1968.53","1967.50","1940.08","1965.05"
"19/04/2024 22:00:00 - 19/04/2024 23:00:00","Belgium (BE)","1968.93","1969.50","1945.10","1969.62"
"19/04/2024 23:00:00 - 20/04/2024 00:00:00","Belgium (BE)","1968.20","1969.55","1941.15","1929.06"
"20/04/2024 00:00:00 - 20/04/2024 01:00:00","Belgium (BE)","1922.58","1953.30","1953.30","1927.29"
"20/04/2024 01:00:00 - 20/04/2024 02:00:00","Belgium (BE)","1915.53","1948.35","1948.35","1855.11"
"20/04/2024 02:00:00 - 20/04/2024 03:00:00","Belgium (BE)","1907.75","1931.90","1931.90","1600.15"
"20/04/2024 03:00:00 - 20/04/2024 04:00:00","Belgium (BE)","1905.85","1879.80","1879.80","1751.33"
"20/04/2024 04:00:00 - 20/04/2024 05:00:00","Belgium (BE)","1896.70","1862.70","1862.70","1801.77"
"20/04/2024 05:00:00 - 20/04/2024 06:00:00","Belgium (BE)","1855.43","1833.83","1833.83","1802.48"
"20/04/2024 06:00:00 - 20/04/2024 07:00:00","Belgium (BE)","1810.33","1806.43","1806.43","1814.79"
"20/04/2024 07:00:00 - 20/04/2024 08:00:00","Belgium (BE)","1745.53","1737.33","1737.33","1872.40"
"20/04/2024 08:00:00 - 20/04/2024 09:00:00","Belgium (BE)","1656.65","1594.18","1645.00","1764.16"
"20/04/2024 09:00:00 - 20/04/2024 10:00:00","Belgium (BE)","1542.05","1453.00","1598.53","1786.13"
"20/04/2024 10:00:00 - 20/04/2024 11:00:00","Belgium (BE)","1357.55","1364.40","1530.08","1538.92"
"20/04/2024 11:00:00 - 20/04/2024 12:00:00","Belgium (BE)","1252.95","1275.05","1480.15","1585.41"
"20/04/2024 12:00:00 - 20/04/2024 13:00:00","Belgium (BE)","1324.35","1253.43","1337.55","1310.06"
"20/04/2024 13:00:00 - 20/04/2024 14:00:00","Belgium (BE)","1446.48","1294.40","1446.20","1199.42"
"20/04/2024 14:00:00 - 20/04/2024 15:00:00","Belgium (BE)","1562.55","1373.43","1482.85","1272.86"
"20/04/2024 15:00:00 - 20/04/2024 16:00:00","Belgium (BE)","1681.48","1563.05","1635.13","1535.79"
"20/04/2024 16:00:00 - 20/04/2024 17:00:00","Belgium (BE)","1716.38","1772.28","1766.40","1809.37"
"20/04/2024 17:00:00 - 20/04/2024 18:00:00","Belgium (BE)","1692.83","1869.70","1809.43","1927.62"
"20/04/2024 18:00:00 - 20/04/2024 19:00:00","Belgium (BE)","1685.13","1868.25","1843.05","1903.67"
"20/04/2024 19:00:00 - 20/04/2024 20:00:00","Belgium (BE)","1678.78","1802.90","1840.23","1927.02"
"20/04/2024 20:00:00 - 20/04/2024 21:00:00","Belgium (BE)","1597.23","1714.73","1764.18","1787.76"
"20/04/2024 21:00:00 - 20/04/2024 22:00:00","Belgium (BE)","1556.78","1637.85","1668.58","1538.17"
"20/04/2024 22:00:00 - 20/04/2024 23:00:00","Belgium (BE)","1453.98","1533.70","1545.03","1611.21"
"20/04/2024 23:00:00 - 21/04/2024 00:00:00","Belgium (BE)","1291.68","1466.70","1446.70","1377.73"
"21/04/2024 00:00:00 - 21/04/2024 01:00:00","Belgium (BE)","1433.28","1596.03","1596.03","1335.59"
"21/04/2024 01:00:00 - 21/04/2024 02:00:00","Belgium (BE)","1459.43","1625.68","1625.68","1207.73"
"21/04/2024 02:00:00 - 21/04/2024 03:00:00","Belgium (BE)","1513.85","1621.45","1621.45","1471.60"
"21/04/2024 03:00:00 - 21/04/2024 04:00:00","Belgium (BE)","1618.95","1642.20","1642.20","1594.72"
"21/04/2024 04:00:00 - 21/04/2024 05:00:00","Belgium (BE)","1731.70","1793.03","1793.03","1788.77"
"21/04/2024 05:00:00 - 21/04/2024 06:00:00","Belgium (BE)","1809.08","1862.03","1862.03","1832.41"
"21/04/2024 06:00:00 - 21/04/2024 07:00:00","Belgium (BE)","1850.50","1912.85","1912.85","1886.03"
"21/04/2024 07:00:00 - 21/04/2024 08:00:00","Belgium (BE)","1865.38","1944.80","1944.80","1919.95"
"21/04/2024 08:00:00 - 21/04/2024 09:00:00","Belgium (BE)","1852.23","1949.08","1965.83","1892.31"
"21/04/2024 09:00:00 - 21/04/2024 10:00:00","Belgium (BE)","1836.00","1933.55","1959.08","1785.95"
"21/04/2024 10:00:00 - 21/04/2024 11:00:00","Belgium (BE)","1752.38","1839.18","1949.03","1855.31"
"21/04/2024 11:00:00 - 21/04/2024 12:00:00","Belgium (BE)","1635.63","1632.53","1893.80","1771.93"
"21/04/2024 12:00:00 - 21/04/2024 13:00:00","Belgium (BE)","1538.75","1386.70","1743.35","1604.80"
"21/04/2024 13:00:00 - 21/04/2024 14:00:00","Belgium (BE)","1434.33","1219.85","1532.33","1341.71"
"21/04/2024 14:00:00 - 21/04/2024 15:00:00","Belgium (BE)","1345.33","1120.75","1343.73","1234.94"
"21/04/2024 15:00:00 - 21/04/2024 16:00:00","Belgium (BE)","1241.63","1059.63","1179.50","1099.86"
"21/04/2024 16:00:00 - 21/04/2024 17:00:00","Belgium (BE)","1202.53","1072.10","1147.10","1084.84"
"21/04/2024 17:00:00 - 21/04/2024 18:00:00","Belgium (BE)","1218.78","1126.08","1192.85","1174.13"
"21/04/2024 18:00:00 - 21/04/2024 19:00:00","Belgium (BE)","1273.75","1210.38","1260.30","1247.63"
"21/04/2024 19:00:00 - 21/04/2024 20:00:00","Belgium (BE)","1351.90","1308.53","1342.48","1221.15"
"21/04/2024 20:00:00 - 21/04/2024 21:00:00","Belgium (BE)","1438.28","1415.35","1411.70","1275.87"
"21/04/2024 21:00:00 - 21/04/2024 22:00:00","Belgium (BE)","1441.43","1464.85","1431.30","1379.61"
"21/04/2024 22:00:00 - 21/04/2024 23:00:00","Belgium (BE)","1355.28","1425.18","1385.38","1281.33"
"21/04/2024 23:00:00 - 22/04/2024 00:00:00","Belgium (BE)","1242.05","1337.33","1293.80","1316.03"
"22/04/2024 00:00:00 - 22/04/2024 01:00:00","Belgium (BE)","1173.75","1009.68","1009.68","1411.04"
"22/04/2024 01:00:00 - 22/04/2024 02:00:00","Belgium (BE)","1002.35","887.88","887.88","1078.33"
"22/04/2024 02:00:00 - 22/04/2024 03:00:00","Belgium (BE)","783.98","687.70","687.70","679.95"
"22/04/2024 03:00:00 - 22/04/2024 04:00:00","Belgium (BE)","606.30","553.53","553.53","605.59"
"22/04/2024 04:00:00 - 22/04/2024 05:00:00","Belgium (BE)","496.73","513.68","513.68","467.81"
"22/04/2024 05:00:00 - 22/04/2024 06:00:00","Belgium (BE)","457.38","583.15","583.15","530.49"
"22/04/2024 06:00:00 - 22/04/2024 07:00:00","Belgium (BE)","482.88","646.95","646.95","778.61"
"22/04/2024 07:00:00 - 22/04/2024 08:00:00","Belgium (BE)","508.70","689.75","689.75","796.01"
"22/04/2024 08:00:00 - 22/04/2024 09:00:00","Belgium (BE)","564.35","707.23","696.15","801.80"
"22/04/2024 09:00:00 - 22/04/2024 10:00:00","Belgium (BE)","574.35","679.53","669.65","935.17"
"22/04/2024 10:00:00 - 22/04/2024 11:00:00","Belgium (BE)","549.38","591.08","584.75","955.64"
"22/04/2024 11:00:00 - 22/04/2024 12:00:00","Belgium (BE)","505.50","489.25","589.33","856.09"
"22/04/2024 12:00:00 - 22/04/2024 13:00:00","Belgium (BE)","521.38","420.08","625.50","642.43"
"22/04/2024 13:00:00 - 22/04/2024 14:00:00","Belgium (BE)","571.35","402.98","617.85","433.60"
"22/04/2024 14:00:00 - 22/04/2024 15:00:00","Belgium (BE)","600.15","433.28","580.60","376.87"
"22/04/2024 15:00:00 - 22/04/2024 16:00:00","Belgium (BE)","643.30","472.50","557.48","517.22"
"22/04/2024 16:00:00 - 22/04/2024 17:00:00","Belgium (BE)","682.63","544.48","624.83","510.22"
"22/04/2024 17:00:00 - 22/04/2024 18:00:00","Belgium (BE)","696.55","612.60","733.03","605.28"
"22/04/2024 18:00:00 - 22/04/2024 19:00:00","Belgium (BE)","691.63","686.93","735.40","673.25"
"22/04/2024 19:00:00 - 22/04/2024 20:00:00","Belgium (BE)","663.68","730.88","750.68","682.49"
"22/04/2024 20:00:00 - 22/04/2024 21:00:00","Belgium (BE)","595.28","716.70","773.90","654.97"
"22/04/2024 21:00:00 - 22/04/2024 22:00:00","Belgium (BE)","497.20","657.68","741.35","791.08"
"22/04/2024 22:00:00 - 22/04/2024 23:00:00","Belgium (BE)","407.18","581.70","691.85","612.40"
"22/04/2024 23:00:00 - 23/04/2024 00:00:00","Belgium (BE)","333.88","490.45","586.55","501.13"
"23/04/2024 00:00:00 - 23/04/2024 01:00:00","Belgium (BE)","477.80","384.83","384.83","350.80"
"23/04/2024 01:00:00 - 23/04/2024 02:00:00","Belgium (BE)","405.38","310.45","310.45","263.00"
"23/04/2024 02:00:00 - 23/04/2024 03:00:00","Belgium (BE)","372.15","222.00","222.00","200.74"
"23/04/2024 03:00:00 - 23/04/2024 04:00:00","Belgium (BE)","354.95","183.33","183.33","135.79"
"23/04/2024 04:00:00 - 23/04/2024 05:00:00","Belgium (BE)","327.15","149.25","149.25","84.32"
"23/04/2024 05:00:00 - 23/04/2024 06:00:00","Belgium (BE)","287.75","118.95","118.95","27.06"
"23/04/2024 06:00:00 - 23/04/2024 07:00:00","Belgium (BE)","240.10","81.58","81.58","5.70"
"23/04/2024 07:00:00 - 23/04/2024 08:00:00","Belgium (BE)","188.83","44.03","44.03"," "
"23/04/2024 08:00:00 - 23/04/2024 09:00:00","Belgium (BE)","136.95","34.35","26.35"," "
"23/04/2024 09:00:00 - 23/04/2024 10:00:00","Belgium (BE)","92.35","23.80","11.33"," "
"23/04/2024 10:00:00 - 23/04/2024 11:00:00","Belgium (BE)","59.90","17.45","12.50"," "
"23/04/2024 11:00:00 - 23/04/2024 12:00:00","Belgium (BE)","39.05","13.40","14.68"," "
"23/04/2024 12:00:00 - 23/04/2024 13:00:00","Belgium (BE)","31.55","11.23","18.25"," "
"23/04/2024 13:00:00 - 23/04/2024 14:00:00","Belgium (BE)","39.50","14.60","34.13","18.74"
"23/04/2024 14:00:00 - 23/04/2024 15:00:00","Belgium (BE)","78.58","32.18","82.98","86.12"
"23/04/2024 15:00:00 - 23/04/2024 16:00:00","Belgium (BE)","147.78","83.13","186.80","172.35"
"23/04/2024 16:00:00 - 23/04/2024 17:00:00","Belgium (BE)","273.58","185.95","353.73","298.35"
"23/04/2024 17:00:00 - 23/04/2024 18:00:00","Belgium (BE)","448.00","316.93","566.33","373.83"
"23/04/2024 18:00:00 - 23/04/2024 19:00:00","Belgium (BE)","597.95","572.85","952.40","171.71"
"23/04/2024 19:00:00 - 23/04/2024 20:00:00","Belgium (BE)","811.95","1035.88","1253.68","359.12"
"23/04/2024 20:00:00 - 23/04/2024 21:00:00","Belgium (BE)","1262.50","1304.75","1204.18","1489.72"
"23/04/2024 21:00:00 - 23/04/2024 22:00:00","Belgium (BE)","1565.25","1422.40","1347.65","1564.63"
"23/04/2024 22:00:00 - 23/04/2024 23:00:00","Belgium (BE)","1585.85","1445.98","1344.98","1408.73"
"23/04/2024 23:00:00 - 24/04/2024 00:00:00","Belgium (BE)","1567.68","1299.13","1300.63","1277.05"
"24/04/2024 00:00:00 - 24/04/2024 01:00:00","Belgium (BE)","1372.33","1582.70","1582.70","1418.86"
"24/04/2024 01:00:00 - 24/04/2024 02:00:00","Belgium (BE)","1423.23","1496.80","1496.80","1381.87"
"24/04/2024 02:00:00 - 24/04/2024 03:00:00","Belgium (BE)","1430.45","1510.68","1510.68","1442.65"
"24/04/2024 03:00:00 - 24/04/2024 04:00:00","Belgium (BE)","1476.05","1540.20","1540.20","1385.79"
"24/04/2024 04:00:00 - 24/04/2024 05:00:00","Belgium (BE)","1556.18","1586.80","1586.80","1296.85"
"24/04/2024 05:00:00 - 24/04/2024 06:00:00","Belgium (BE)","1626.23","1516.28","1516.28","1309.72"
"24/04/2024 06:00:00 - 24/04/2024 07:00:00","Belgium (BE)","1688.53","1451.50","1451.50","1518.35"
"24/04/2024 07:00:00 - 24/04/2024 08:00:00","Belgium (BE)","1715.00","1460.00","1460.00","1645.57"
"24/04/2024 08:00:00 - 24/04/2024 09:00:00","Belgium (BE)","1748.90","1466.63","1559.90","1151.98"
"24/04/2024 09:00:00 - 24/04/2024 10:00:00","Belgium (BE)","1743.15","1470.78","1617.03","1398.36"
"24/04/2024 10:00:00 - 24/04/2024 11:00:00","Belgium (BE)","1717.58","1477.85","1605.28","1368.50"
"24/04/2024 11:00:00 - 24/04/2024 12:00:00","Belgium (BE)","1673.58","1497.40","1611.78","1660.84"
"24/04/2024 12:00:00 - 24/04/2024 13:00:00","Belgium (BE)","1634.35","1425.73","1580.25","1351.14"
"24/04/2024 13:00:00 - 24/04/2024 14:00:00","Belgium (BE)","1621.08","1313.20","1608.10","1489.04"
"24/04/2024 14:00:00 - 24/04/2024 15:00:00","Belgium (BE)","1599.10","1258.50","1402.15","1379.55"
"24/04/2024 15:00:00 - 24/04/2024 16:00:00","Belgium (BE)","1560.10","1255.60","1493.13","968.35"
"24/04/2024 16:00:00 - 24/04/2024 17:00:00","Belgium (BE)","1539.65","1266.35","1431.48","1040.44"
"24/04/2024 17:00:00 - 24/04/2024 18:00:00","Belgium (BE)","1511.30","1264.78","1185.25","1107.94"
"24/04/2024 18:00:00 - 24/04/2024 19:00:00","Belgium (BE)","1465.28","1226.25","1182.60","859.86"
"24/04/2024 19:00:00 - 24/04/2024 20:00:00","Belgium (BE)","1387.85","1187.90","1098.78","1019.18"
"24/04/2024 20:00:00 - 24/04/2024 21:00:00","Belgium (BE)","1276.73","1118.65","908.98","790.64"
"24/04/2024 21:00:00 - 24/04/2024 22:00:00","Belgium (BE)","1138.65","996.05","874.23","870.27"
"24/04/2024 22:00:00 - 24/04/2024 23:00:00","Belgium (BE)","990.30","828.33","732.35","846.76"
"24/04/2024 23:00:00 - 25/04/2024 00:00:00","Belgium (BE)","847.15","664.55","591.20","656.10"
"25/04/2024 00:00:00 - 25/04/2024 01:00:00","Belgium (BE)","502.25","474.48","474.48","620.81"
"25/04/2024 01:00:00 - 25/04/2024 02:00:00","Belgium (BE)","393.10","389.05","389.05","215.18"
"25/04/2024 02:00:00 - 25/04/2024 03:00:00","Belgium (BE)","317.25","367.50","367.50","319.65"
"25/04/2024 03:00:00 - 25/04/2024 04:00:00","Belgium (BE)","275.28","168.83","168.83","249.96"
"25/04/2024 04:00:00 - 25/04/2024 05:00:00","Belgium (BE)","265.83","175.55","175.55","261.54"
"25/04/2024 05:00:00 - 25/04/2024 06:00:00","Belgium (BE)","257.83","206.43","206.43","258.28"
"25/04/2024 06:00:00 - 25/04/2024 07:00:00","Belgium (BE)","257.55","235.10","235.10","248.32"
"25/04/2024 07:00:00 - 25/04/2024 08:00:00","Belgium (BE)","246.35","231.98","231.98","333.70"
"25/04/2024 08:00:00 - 25/04/2024 09:00:00","Belgium (BE)","235.18","233.13","229.80","248.07"
"25/04/2024 09:00:00 - 25/04/2024 10:00:00","Belgium (BE)","238.75","236.68","295.98","323.56"
"25/04/2024 10:00:00 - 25/04/2024 11:00:00","Belgium (BE)","281.25","256.33","293.38","339.05"
"25/04/2024 11:00:00 - 25/04/2024 12:00:00","Belgium (BE)","387.33","309.68","392.63","178.92"
"25/04/2024 12:00:00 - 25/04/2024 13:00:00","Belgium (BE)","632.80","426.03","569.75","522.42"
"25/04/2024 13:00:00 - 25/04/2024 14:00:00","Belgium (BE)","999.13","650.38","717.58","829.54"
"25/04/2024 14:00:00 - 25/04/2024 15:00:00","Belgium (BE)","1333.10","942.28","1099.90","1133.95"
"25/04/2024 15:00:00 - 25/04/2024 16:00:00","Belgium (BE)","1484.55","1396.53","1400.30","1433.05"
"25/04/2024 16:00:00 - 25/04/2024 17:00:00","Belgium (BE)","1303.65","1560.18","1515.45","1910.58"
"25/04/2024 17:00:00 - 25/04/2024 18:00:00","Belgium (BE)","888.20","1313.58","1361.30","1762.47"
"25/04/2024 18:00:00 - 25/04/2024 19:00:00","Belgium (BE)","590.73","844.48","1317.70","1303.88"
"25/04/2024 19:00:00 - 25/04/2024 20:00:00","Belgium (BE)","389.83","492.15","988.90","713.71"
"25/04/2024 20:00:00 - 25/04/2024 21:00:00","Belgium (BE)","222.38","235.13","647.83","159.29"
"25/04/2024 21:00:00 - 25/04/2024 22:00:00","Belgium (BE)","141.08","89.33","272.98","12.53"
"25/04/2024 22:00:00 - 25/04/2024 23:00:00","Belgium (BE)","80.83","35.18","183.83","55.86"
"25/04/2024 23:00:00 - 26/04/2024 00:00:00","Belgium (BE)","43.85","20.25","123.80","60.21"
"26/04/2024 00:00:00 - 26/04/2024 01:00:00","Belgium (BE)","66.58","69.23","69.23","3.02"
"26/04/2024 01:00:00 - 26/04/2024 02:00:00","Belgium (BE)","38.53","47.28","47.28"," "
"26/04/2024 02:00:00 - 26/04/2024 03:00:00","Belgium (BE)","29.00","26.33","26.33"," "
"26/04/2024 03:00:00 - 26/04/2024 04:00:00","Belgium (BE)","24.48","24.03","24.03","22.86"
"26/04/2024 04:00:00 - 26/04/2024 05:00:00","Belgium (BE)","20.68","30.28","30.28","127.71"
"26/04/2024 05:00:00 - 26/04/2024 06:00:00","Belgium (BE)","17.63","30.80","30.80","148.98"
"26/04/2024 06:00:00 - 26/04/2024 07:00:00","Belgium (BE)","17.35","73.48","73.48","81.31"
"26/04/2024 07:00:00 - 26/04/2024 08:00:00","Belgium (BE)","18.33","78.55","78.55","54.75"
"26/04/2024 08:00:00 - 26/04/2024 09:00:00","Belgium (BE)","20.50","60.25","53.38","53.16"
"26/04/2024 09:00:00 - 26/04/2024 10:00:00","Belgium (BE)","19.38","41.28","34.25","34.44"
"26/04/2024 10:00:00 - 26/04/2024 11:00:00","Belgium (BE)","18.80","26.93","23.55","12.54"
"26/04/2024 11:00:00 - 26/04/2024 12:00:00","Belgium (BE)","14.38","14.83","15.10"," "
"26/04/2024 12:00:00 - 26/04/2024 13:00:00","Belgium (BE)","16.15","14.40","9.70"," "
"26/04/2024 13:00:00 - 26/04/2024 14:00:00","Belgium (BE)","15.73","11.38","11.70"," "
"26/04/2024 14:00:00 - 26/04/2024 15:00:00","Belgium (BE)","14.38","10.03","12.85"," "
"26/04/2024 15:00:00 - 26/04/2024 16:00:00","Belgium (BE)","13.68","11.85","12.35"," "
"26/04/2024 16:00:00 - 26/04/2024 17:00:00","Belgium (BE)","12.08","13.40","13.18"," "
"26/04/2024 17:00:00 - 26/04/2024 18:00:00","Belgium (BE)","11.73","14.08","10.98"," "
"26/04/2024 18:00:00 - 26/04/2024 19:00:00","Belgium (BE)","17.23","18.95","10.78"," "
"26/04/2024 19:00:00 - 26/04/2024 20:00:00","Belgium (BE)","25.78","24.83","14.40"," "
"26/04/2024 20:00:00 - 26/04/2024 21:00:00","Belgium (BE)","40.20","31.55","25.23"," "
"26/04/2024 21:00:00 - 26/04/2024 22:00:00","Belgium (BE)","68.00","47.43","43.23","1.28"
"26/04/2024 22:00:00 - 26/04/2024 23:00:00","Belgium (BE)","93.13","72.25","80.78","50.87"
"26/04/2024 23:00:00 - 27/04/2024 00:00:00","Belgium (BE)","107.08","103.93","122.93","159.57"
"27/04/2024 00:00:00 - 27/04/2024 01:00:00","Belgium (BE)","172.78","181.90","181.90","197.56"
"27/04/2024 01:00:00 - 27/04/2024 02:00:00","Belgium (BE)","213.58","247.83","247.83","248.67"
"27/04/2024 02:00:00 - 27/04/2024 03:00:00","Belgium (BE)","269.63","277.35","277.35","313.29"
"27/04/2024 03:00:00 - 27/04/2024 04:00:00","Belgium (BE)","339.18","351.75","351.75","313.02"
"27/04/2024 04:00:00 - 27/04/2024 05:00:00","Belgium (BE)","356.25","386.10","386.10","316.79"
"27/04/2024 05:00:00 - 27/04/2024 06:00:00","Belgium (BE)","316.28","423.90","423.90","259.47"
"27/04/2024 06:00:00 - 27/04/2024 07:00:00","Belgium (BE)","259.20","333.93","333.93","271.97"
"27/04/2024 07:00:00 - 27/04/2024 08:00:00","Belgium (BE)","215.58","230.75","230.75","110.54"
"27/04/2024 08:00:00 - 27/04/2024 09:00:00","Belgium (BE)","187.90","203.43","187.80","30.35"
"27/04/2024 09:00:00 - 27/04/2024 10:00:00","Belgium (BE)","161.75","169.35","102.68","146.07"
"27/04/2024 10:00:00 - 27/04/2024 11:00:00","Belgium (BE)","138.65","132.53","64.88","151.48"
"27/04/2024 11:00:00 - 27/04/2024 12:00:00","Belgium (BE)","110.53","98.73","119.08","127.55"
"27/04/2024 12:00:00 - 27/04/2024 13:00:00","Belgium (BE)","78.40","63.93","96.98","44.53"
"27/04/2024 13:00:00 - 27/04/2024 14:00:00","Belgium (BE)","51.33","45.65","59.85"," "
"27/04/2024 14:00:00 - 27/04/2024 15:00:00","Belgium (BE)","33.83","49.23","23.25"," "
"27/04/2024 15:00:00 - 27/04/2024 16:00:00","Belgium (BE)","27.35","66.15","19.28"," "
"27/04/2024 16:00:00 - 27/04/2024 17:00:00","Belgium (BE)","27.58","103.05","36.50","1.97"
"27/04/2024 17:00:00 - 27/04/2024 18:00:00","Belgium (BE)","39.15","165.50","70.55","79.41"
"27/04/2024 18:00:00 - 27/04/2024 19:00:00","Belgium (BE)","71.85","250.78","115.98","144.35"
"27/04/2024 19:00:00 - 27/04/2024 20:00:00","Belgium (BE)","129.55","352.95","184.88","73.20"
"27/04/2024 20:00:00 - 27/04/2024 21:00:00","Belgium (BE)","226.33","456.85","232.78","79.34"
"27/04/2024 21:00:00 - 27/04/2024 22:00:00","Belgium (BE)","370.88","546.00","272.25","113.36"
"27/04/2024 22:00:00 - 27/04/2024 23:00:00","Belgium (BE)","526.35","669.58","432.40","327.86"
"27/04/2024 23:00:00 - 28/04/2024 00:00:00","Belgium (BE)","644.00","780.80","582.00","378.87"
"28/04/2024 00:00:00 - 28/04/2024 01:00:00","Belgium (BE)","741.65","736.60","736.60","478.39"
"28/04/2024 01:00:00 - 28/04/2024 02:00:00","Belgium (BE)","907.68","773.80","773.80","350.99"
"28/04/2024 02:00:00 - 28/04/2024 03:00:00","Belgium (BE)","1075.43","934.50","934.50","1146.40"
"28/04/2024 03:00:00 - 28/04/2024 04:00:00","Belgium (BE)","1214.08","899.28","899.28","1451.92"
"28/04/2024 04:00:00 - 28/04/2024 05:00:00","Belgium (BE)","1401.50","1103.95","1103.95","1552.00"
"28/04/2024 05:00:00 - 28/04/2024 06:00:00","Belgium (BE)","1567.30","1636.08","1636.08","1839.31"
"28/04/2024 06:00:00 - 28/04/2024 07:00:00","Belgium (BE)","1613.25","1755.40","1755.40","1813.52"
"28/04/2024 07:00:00 - 28/04/2024 08:00:00","Belgium (BE)","1630.43","1815.45","1815.45","1884.65"
"28/04/2024 08:00:00 - 28/04/2024 09:00:00","Belgium (BE)","1759.05","1865.00","1866.85","1775.34"
"28/04/2024 09:00:00 - 28/04/2024 10:00:00","Belgium (BE)","1883.08","1917.53","1930.85","1916.66"
"28/04/2024 10:00:00 - 28/04/2024 11:00:00","Belgium (BE)","1931.63","1932.13","1889.30","1966.52"
"28/04/2024 11:00:00 - 28/04/2024 12:00:00","Belgium (BE)","1952.50","1959.93","1946.53","1962.01"
"28/04/2024 12:00:00 - 28/04/2024 13:00:00","Belgium (BE)","1961.43","1982.45","1978.85","1909.34"
"28/04/2024 13:00:00 - 28/04/2024 14:00:00","Belgium (BE)","1971.23","1992.85","1968.00","1855.49"
"28/04/2024 14:00:00 - 28/04/2024 15:00:00","Belgium (BE)","1979.73","1995.45","1963.95","1857.32"
"28/04/2024 15:00:00 - 28/04/2024 16:00:00","Belgium (BE)","1977.40","1986.23","1963.50","1895.83"
"28/04/2024 16:00:00 - 28/04/2024 17:00:00","Belgium (BE)","1974.38","1960.53","1954.28","1732.53"
"28/04/2024 17:00:00 - 28/04/2024 18:00:00","Belgium (BE)","1964.93","1900.38","1872.20","1869.01"
"28/04/2024 18:00:00 - 28/04/2024 19:00:00","Belgium (BE)","1928.53","1779.28","1635.28","1876.41"
"28/04/2024 19:00:00 - 28/04/2024 20:00:00","Belgium (BE)","1802.73","1591.48","1573.98","1865.94"
"28/04/2024 20:00:00 - 28/04/2024 21:00:00","Belgium (BE)","1564.68","1403.20","1526.65","1749.52"
"28/04/2024 21:00:00 - 28/04/2024 22:00:00","Belgium (BE)","1267.33","1256.93","1374.33","1554.48"
"28/04/2024 22:00:00 - 28/04/2024 23:00:00","Belgium (BE)","1041.13","1147.90","1107.78","1163.66"
"28/04/2024 23:00:00 - 29/04/2024 00:00:00","Belgium (BE)","866.93","1021.65","903.25","982.45"
"29/04/2024 00:00:00 - 29/04/2024 01:00:00","Belgium (BE)","705.25","818.93","818.93","884.53"
"29/04/2024 01:00:00 - 29/04/2024 02:00:00","Belgium (BE)","593.00","716.28","716.28","713.60"
"29/04/2024 02:00:00 - 29/04/2024 03:00:00","Belgium (BE)","507.90","637.85","637.85","533.17"
"29/04/2024 03:00:00 - 29/04/2024 04:00:00","Belgium (BE)","432.68","522.93","522.93","408.78"
"29/04/2024 04:00:00 - 29/04/2024 05:00:00","Belgium (BE)","354.28","399.43","399.43","362.35"
"29/04/2024 05:00:00 - 29/04/2024 06:00:00","Belgium (BE)","282.50","287.90","287.90","283.28"
"29/04/2024 06:00:00 - 29/04/2024 07:00:00","Belgium (BE)","242.95","254.93","254.93","201.04"
"29/04/2024 07:00:00 - 29/04/2024 08:00:00","Belgium (BE)","213.48","234.40","234.40","180.73"
"29/04/2024 08:00:00 - 29/04/2024 09:00:00","Belgium (BE)","181.73","225.35","206.48","115.82"
"29/04/2024 09:00:00 - 29/04/2024 10:00:00","Belgium (BE)","146.03","201.73","174.45","154.28"
"29/04/2024 10:00:00 - 29/04/2024 11:00:00","Belgium (BE)","116.03","162.05","147.20","156.26"
"29/04/2024 11:00:00 - 29/04/2024 12:00:00","Belgium (BE)","101.63","130.65","121.48","127.51"
"29/04/2024 12:00:00 - 29/04/2024 13:00:00","Belgium (BE)","95.00","118.50","97.90","65.84"
"29/04/2024 13:00:00 - 29/04/2024 14:00:00","Belgium (BE)","67.90","95.30","82.08","28.95"
"29/04/2024 14:00:00 - 29/04/2024 15:00:00","Belgium (BE)","48.28","70.70","80.20","7.59"
"29/04/2024 15:00:00 - 29/04/2024 16:00:00","Belgium (BE)","52.53","55.18","83.13","12.79"
"29/04/2024 16:00:00 - 29/04/2024 17:00:00","Belgium (BE)","72.90","39.73","97.55","138.46"
"29/04/2024 17:00:00 - 29/04/2024 18:00:00","Belgium (BE)","39.83","26.20","28.13","194.24"
"29/04/2024 18:00:00 - 29/04/2024 19:00:00","Belgium (BE)","28.03","18.25","29.05","36.42"
"29/04/2024 19:00:00 - 29/04/2024 20:00:00","Belgium (BE)","26.68","15.63","66.80","0.29"
"29/04/2024 20:00:00 - 29/04/2024 21:00:00","Belgium (BE)","17.95","16.53","27.63"," "
"29/04/2024 21:00:00 - 29/04/2024 22:00:00","Belgium (BE)","13.70","16.23","13.65"," "
"29/04/2024 22:00:00 - 29/04/2024 23:00:00","Belgium (BE)","14.93","14.75","9.03"," "
"29/04/2024 23:00:00 - 30/04/2024 00:00:00","Belgium (BE)","17.13","14.15","8.38"," "
"30/04/2024 00:00:00 - 30/04/2024 01:00:00","Belgium (BE)","13.23","17.75","17.75"," "
"30/04/2024 01:00:00 - 30/04/2024 02:00:00","Belgium (BE)","16.50","25.60","25.60","1.53"
"30/04/2024 02:00:00 - 30/04/2024 03:00:00","Belgium (BE)","29.50","47.15","47.15","43.52"
"30/04/2024 03:00:00 - 30/04/2024 04:00:00","Belgium (BE)","51.83","87.33","87.33","123.12"
"30/04/2024 04:00:00 - 30/04/2024 05:00:00","Belgium (BE)","76.58","149.40","149.40","196.06"
"30/04/2024 05:00:00 - 30/04/2024 06:00:00","Belgium (BE)","90.18","207.38","207.38","246.74"
"30/04/2024 06:00:00 - 30/04/2024 07:00:00","Belgium (BE)","101.85","216.90","216.90","187.32"
"30/04/2024 07:00:00 - 30/04/2024 08:00:00","Belgium (BE)","124.85","208.00","208.00","158.51"
"30/04/2024 08:00:00 - 30/04/2024 09:00:00","Belgium (BE)","147.88","205.55","195.88","161.57"
"30/04/2024 09:00:00 - 30/04/2024 10:00:00","Belgium (BE)","166.40","184.35","152.68","121.99"
"30/04/2024 10:00:00 - 30/04/2024 11:00:00","Belgium (BE)","143.43","154.93","93.98","79.66"
"30/04/2024 11:00:00 - 30/04/2024 12:00:00","Belgium (BE)","118.48","134.83","85.28","51.21"
"30/04/2024 12:00:00 - 30/04/2024 13:00:00","Belgium (BE)","108.05","112.68","70.08","18.24"
"30/04/2024 13:00:00 - 30/04/2024 14:00:00","Belgium (BE)","94.03","87.38","61.45","70.26"
"30/04/2024 14:00:00 - 30/04/2024 15:00:00","Belgium (BE)","92.80","74.10","68.48","104.63"
"30/04/2024 15:00:00 - 30/04/2024 16:00:00","Belgium (BE)","92.60","66.95","49.33","69.24"
"30/04/2024 16:00:00 - 30/04/2024 17:00:00","Belgium (BE)","84.45","56.05","50.08","3.23"
"30/04/2024 17:00:00 - 30/04/2024 18:00:00","Belgium (BE)","66.90","45.95","30.85"," "
"30/04/2024 18:00:00 - 30/04/2024 19:00:00","Belgium (BE)","47.03","38.75","22.80","52.59"
"30/04/2024 19:00:00 - 30/04/2024 20:00:00","Belgium (BE)","40.45","37.15","39.13","403.23"
"30/04/2024 20:00:00 - 30/04/2024 21:00:00","Belgium (BE)","46.38","62.68","93.38","462.54"
"30/04/2024 21:00:00 - 30/04/2024 22:00:00","Belgium (BE)","74.08","102.58","355.18","387.75"
"30/04/2024 22:00:00 - 30/04/2024 23:00:00","Belgium (BE)","144.98","138.20","422.90","219.52"
"30/04/2024 23:00:00 - 01/05/2024 00:00:00","Belgium (BE)","185.45","125.28","398.78","346.55"
"01/05/2024 00:00:00 - 01/05/2024 01:00:00","Belgium (BE)","319.68","163.88","163.88","511.58"
"01/05/2024 01:00:00 - 01/05/2024 02:00:00","Belgium (BE)","272.33","142.80","142.80","339.38"
"01/05/2024 02:00:00 - 01/05/2024 03:00:00","Belgium (BE)","226.38","108.63","108.63","181.82"
"01/05/2024 03:00:00 - 01/05/2024 04:00:00","Belgium (BE)","186.63","173.90","173.90","267.96"
"01/05/2024 04:00:00 - 01/05/2024 05:00:00","Belgium (BE)","152.55","113.50","113.50","397.76"
"01/05/2024 05:00:00 - 01/05/2024 06:00:00","Belgium (BE)","94.93","141.18","141.18","289.57"
"01/05/2024 06:00:00 - 01/05/2024 07:00:00","Belgium (BE)","53.55","201.68","201.68","142.59"
"01/05/2024 07:00:00 - 01/05/2024 08:00:00","Belgium (BE)","36.50","151.08","151.08","10.68"
"01/05/2024 08:00:00 - 01/05/2024 09:00:00","Belgium (BE)","35.60","112.78","96.08","23.69"
"01/05/2024 09:00:00 - 01/05/2024 10:00:00","Belgium (BE)","47.85","81.58","27.83","3.68"
"01/05/2024 10:00:00 - 01/05/2024 11:00:00","Belgium (BE)","74.20","67.98","41.85"," "
"01/05/2024 11:00:00 - 01/05/2024 12:00:00","Belgium (BE)","111.40","49.80","38.58"," "
"01/05/2024 12:00:00 - 01/05/2024 13:00:00","Belgium (BE)","186.63","48.33","61.40","14.03"
"01/05/2024 13:00:00 - 01/05/2024 14:00:00","Belgium (BE)","316.18","89.83","94.80","40.43"
"01/05/2024 14:00:00 - 01/05/2024 15:00:00","Belgium (BE)","491.53","199.88","231.58","246.28"
"01/05/2024 15:00:00 - 01/05/2024 16:00:00","Belgium (BE)","643.38","406.53","362.10","405.64"
"01/05/2024 16:00:00 - 01/05/2024 17:00:00","Belgium (BE)","728.78","552.60","609.43","751.66"
"01/05/2024 17:00:00 - 01/05/2024 18:00:00","Belgium (BE)","670.38","581.08","756.23","877.04"
"01/05/2024 18:00:00 - 01/05/2024 19:00:00","Belgium (BE)","646.63","628.45","935.65","697.54"
"01/05/2024 19:00:00 - 01/05/2024 20:00:00","Belgium (BE)","686.23","715.73","992.48","568.40"
"01/05/2024 20:00:00 - 01/05/2024 21:00:00","Belgium (BE)","705.03","794.80","890.25","661.63"
"01/05/2024 21:00:00 - 01/05/2024 22:00:00","Belgium (BE)","701.93","847.23","767.93","650.38"
"01/05/2024 22:00:00 - 01/05/2024 23:00:00","Belgium (BE)","664.08","840.23","777.40","637.59"
"01/05/2024 23:00:00 - 02/05/2024 00:00:00","Belgium (BE)","657.13","801.60","797.43","628.21"
"02/05/2024 00:00:00 - 02/05/2024 01:00:00","Belgium (BE)","842.10","676.93","676.93","600.67"
"02/05/2024 01:00:00 - 02/05/2024 02:00:00","Belgium (BE)","796.38","634.33","634.33","537.59"
"02/05/2024 02:00:00 - 02/05/2024 03:00:00","Belgium (BE)","626.85","516.88","516.88","357.43"
"02/05/2024 03:00:00 - 02/05/2024 04:00:00","Belgium (BE)","500.58","366.05","366.05","347.62"
"02/05/2024 04:00:00 - 02/05/2024 05:00:00","Belgium (BE)","459.63","290.88","290.88","208.89"
"02/05/2024 05:00:00 - 02/05/2024 06:00:00","Belgium (BE)","399.05","263.50","263.50","46.39"
"02/05/2024 06:00:00 - 02/05/2024 07:00:00","Belgium (BE)","314.20","151.38","151.38"," "
"02/05/2024 07:00:00 - 02/05/2024 08:00:00","Belgium (BE)","226.35","69.28","69.28","2.53"
"02/05/2024 08:00:00 - 02/05/2024 09:00:00","Belgium (BE)","70.95","71.63","54.93"," "
"02/05/2024 09:00:00 - 02/05/2024 10:00:00","Belgium (BE)","31.00","41.38","12.45","115.31"
"02/05/2024 10:00:00 - 02/05/2024 11:00:00","Belgium (BE)","39.15","36.98","121.23","379.02"
"02/05/2024 11:00:00 - 02/05/2024 12:00:00","Belgium (BE)","80.35","53.35","264.13","395.27"
"02/05/2024 12:00:00 - 02/05/2024 13:00:00","Belgium (BE)","167.48","86.85","488.28","585.85"
"02/05/2024 13:00:00 - 02/05/2024 14:00:00","Belgium (BE)","296.00","146.80","581.15","662.65"
"02/05/2024 14:00:00 - 02/05/2024 15:00:00","Belgium (BE)","473.25","248.68","766.85","752.02"
"02/05/2024 15:00:00 - 02/05/2024 16:00:00","Belgium (BE)","721.08","401.23","834.55","831.84"
"02/05/2024 16:00:00 - 02/05/2024 17:00:00","Belgium (BE)","969.40","574.13","1020.83","840.19"
"02/05/2024 17:00:00 - 02/05/2024 18:00:00","Belgium (BE)","1207.20","809.50","1267.03","680.19"
"02/05/2024 18:00:00 - 02/05/2024 19:00:00","Belgium (BE)","1420.35","1009.65","1304.65","764.45"
"02/05/2024 19:00:00 - 02/05/2024 20:00:00","Belgium (BE)","1525.33","1105.93","1224.05","995.26"
"02/05/2024 20:00:00 - 02/05/2024 21:00:00","Belgium (BE)","1568.33","1208.45","1328.18","1029.75"
"02/05/2024 21:00:00 - 02/05/2024 22:00:00","Belgium (BE)","1526.60","1310.33","1478.63","861.26"
"02/05/2024 22:00:00 - 02/05/2024 23:00:00","Belgium (BE)","1494.35","1316.10","1553.00","1179.03"
"02/05/2024 23:00:00 - 03/05/2024 00:00:00","Belgium (BE)","1523.15","1104.75","1478.00","1046.85"
"03/05/2024 00:00:00 - 03/05/2024 01:00:00","Belgium (BE)","1425.30","1294.63","1294.63","1035.68"
"03/05/2024 01:00:00 - 03/05/2024 02:00:00","Belgium (BE)","1367.58","1364.50","1364.50","1144.92"
"03/05/2024 02:00:00 - 03/05/2024 03:00:00","Belgium (BE)","1371.05","1551.25","1551.25","2004.34"
"03/05/2024 03:00:00 - 03/05/2024 04:00:00","Belgium (BE)","1432.75","1601.08","1601.08","1860.63"
"03/05/2024 04:00:00 - 03/05/2024 05:00:00","Belgium (BE)","1608.90","1722.23","1722.23","1469.35"
"03/05/2024 05:00:00 - 03/05/2024 06:00:00","Belgium (BE)","1765.03","1852.05","1852.05","1820.35"
"03/05/2024 06:00:00 - 03/05/2024 07:00:00","Belgium (BE)","1845.35","1726.93","1726.93","1943.96"
"03/05/2024 07:00:00 - 03/05/2024 08:00:00","Belgium (BE)","1898.18","1876.03","1876.03","1784.82"
"03/05/2024 08:00:00 - 03/05/2024 09:00:00","Belgium (BE)","1914.50","1893.75","1905.03","1779.40"
"03/05/2024 09:00:00 - 03/05/2024 10:00:00","Belgium (BE)","1917.03","1923.78","1871.43","1848.19"
"03/05/2024 10:00:00 - 03/05/2024 11:00:00","Belgium (BE)","1930.78","1945.08","1909.80","1914.48"
"03/05/2024 11:00:00 - 03/05/2024 12:00:00","Belgium (BE)","1947.03","1955.73","1924.43","1945.80"
"03/05/2024 12:00:00 - 03/05/2024 13:00:00","Belgium (BE)","1963.23","1961.70","1942.23","1998.04"
"03/05/2024 13:00:00 - 03/05/2024 14:00:00","Belgium (BE)","1973.43","1964.68","1965.13","1915.99"
"03/05/2024 14:00:00 - 03/05/2024 15:00:00","Belgium (BE)","1978.58","1964.78","1972.80","1803.94"
"03/05/2024 15:00:00 - 03/05/2024 16:00:00","Belgium (BE)","1981.03","1962.98","1956.90","1966.23"
"03/05/2024 16:00:00 - 03/05/2024 17:00:00","Belgium (BE)","1980.15","1957.28","1919.95","1961.52"
"03/05/2024 17:00:00 - 03/05/2024 18:00:00","Belgium (BE)","1970.75","1940.63","1933.28","1796.47"
"03/05/2024 18:00:00 - 03/05/2024 19:00:00","Belgium (BE)","1946.28","1896.03","1883.55","1721.80"
"03/05/2024 19:00:00 - 03/05/2024 20:00:00","Belgium (BE)","1898.10","1814.10","1794.15","1535.69"
"03/05/2024 20:00:00 - 03/05/2024 21:00:00","Belgium (BE)","1807.15","1689.33","1622.93","1304.53"
"03/05/2024 21:00:00 - 03/05/2024 22:00:00","Belgium (BE)","1708.33","1507.40","1329.78","1336.63"
"03/05/2024 22:00:00 - 03/05/2024 23:00:00","Belgium (BE)","1602.28","1286.15","1126.35","1237.97"
"03/05/2024 23:00:00 - 04/05/2024 00:00:00","Belgium (BE)","1511.40","1083.28","915.90","1068.07"
"04/05/2024 00:00:00 - 04/05/2024 01:00:00","Belgium (BE)","758.50","728.75","728.75","792.80"
"04/05/2024 01:00:00 - 04/05/2024 02:00:00","Belgium (BE)","572.98","576.40","576.40","572.97"
"04/05/2024 02:00:00 - 04/05/2024 03:00:00","Belgium (BE)","402.48","417.38","417.38","443.49"
"04/05/2024 03:00:00 - 04/05/2024 04:00:00","Belgium (BE)","259.98","297.03","297.03","253.74"
"04/05/2024 04:00:00 - 04/05/2024 05:00:00","Belgium (BE)","150.43","188.93","188.93","134.10"
"04/05/2024 05:00:00 - 04/05/2024 06:00:00","Belgium (BE)","89.25","131.05","131.05","79.23"
"04/05/2024 06:00:00 - 04/05/2024 07:00:00","Belgium (BE)","57.33","89.90","89.90","69.98"
"04/05/2024 07:00:00 - 04/05/2024 08:00:00","Belgium (BE)","39.43","70.95","70.95","58.92"
"04/05/2024 08:00:00 - 04/05/2024 09:00:00","Belgium (BE)","34.40","68.13","70.73","30.45"
"04/05/2024 09:00:00 - 04/05/2024 10:00:00","Belgium (BE)","35.70","68.13","62.70"," "
"04/05/2024 10:00:00 - 04/05/2024 11:00:00","Belgium (BE)","41.83","52.35","36.10"," "
"04/05/2024 11:00:00 - 04/05/2024 12:00:00","Belgium (BE)","46.23","39.63","23.28"," "
"04/05/2024 12:00:00 - 04/05/2024 13:00:00","Belgium (BE)","49.83","33.53","19.35"," "
"04/05/2024 13:00:00 - 04/05/2024 14:00:00","Belgium (BE)","60.08","29.28","18.40","1.94"
"04/05/2024 14:00:00 - 04/05/2024 15:00:00","Belgium (BE)","55.20","35.30","24.60","0.40"
"04/05/2024 15:00:00 - 04/05/2024 16:00:00","Belgium (BE)","52.23","38.58","24.80","58.24"
"04/05/2024 16:00:00 - 04/05/2024 17:00:00","Belgium (BE)","47.80","39.28","16.20","95.67"
"04/05/2024 17:00:00 - 04/05/2024 18:00:00","Belgium (BE)","48.03","46.80","47.60","234.33"
"04/05/2024 18:00:00 - 04/05/2024 19:00:00","Belgium (BE)","63.45","52.98","32.58","51.72"
"04/05/2024 19:00:00 - 04/05/2024 20:00:00","Belgium (BE)","81.40","58.08","97.80"," "
"04/05/2024 20:00:00 - 04/05/2024 21:00:00","Belgium (BE)","90.80","60.63","37.08","47.72"
"04/05/2024 21:00:00 - 04/05/2024 22:00:00","Belgium (BE)","94.58","63.80","19.15","217.53"
"04/05/2024 22:00:00 - 04/05/2024 23:00:00","Belgium (BE)","90.18","70.68","17.45","118.11"
"04/05/2024 23:00:00 - 05/05/2024 00:00:00","Belgium (BE)","68.80","57.53","14.33","10.65"
"05/05/2024 00:00:00 - 05/05/2024 01:00:00","Belgium (BE)","15.50","39.60","39.60"," "
"05/05/2024 01:00:00 - 05/05/2024 02:00:00","Belgium (BE)","13.48","13.93","13.93"," "
"05/05/2024 02:00:00 - 05/05/2024 03:00:00","Belgium (BE)","11.93","13.30","13.30"," "
"05/05/2024 03:00:00 - 05/05/2024 04:00:00","Belgium (BE)","11.65","10.58","10.58"," "
"05/05/2024 04:00:00 - 05/05/2024 05:00:00","Belgium (BE)","12.75","12.38","12.38"," "
"05/05/2024 05:00:00 - 05/05/2024 06:00:00","Belgium (BE)","11.60","11.48","11.48"," "
"05/05/2024 06:00:00 - 05/05/2024 07:00:00","Belgium (BE)","9.80","10.48","10.48"," "
"05/05/2024 07:00:00 - 05/05/2024 08:00:00","Belgium (BE)","11.90","12.23","12.23"," "
"05/05/2024 08:00:00 - 05/05/2024 09:00:00","Belgium (BE)","11.80","14.18","14.90"," "
"05/05/2024 09:00:00 - 05/05/2024 10:00:00","Belgium (BE)","8.90","13.75","11.63"," "
"05/05/2024 10:00:00 - 05/05/2024 11:00:00","Belgium (BE)","11.35","14.60","18.53"," "
"05/05/2024 11:00:00 - 05/05/2024 12:00:00","Belgium (BE)","12.68","10.23","10.85"," "
"05/05/2024 12:00:00 - 05/05/2024 13:00:00","Belgium (BE)","14.50","6.73","6.18","0.25"
"05/05/2024 13:00:00 - 05/05/2024 14:00:00","Belgium (BE)","15.20","5.45","8.15"," "
"05/05/2024 14:00:00 - 05/05/2024 15:00:00","Belgium (BE)","14.18","6.53","10.03"," "
"05/05/2024 15:00:00 - 05/05/2024 16:00:00","Belgium (BE)","14.00","8.50","9.35"," "
"05/05/2024 16:00:00 - 05/05/2024 17:00:00","Belgium (BE)","18.38","11.80","11.78"," "
"05/05/2024 17:00:00 - 05/05/2024 18:00:00","Belgium (BE)","27.15","19.38","16.70"," "
"05/05/2024 18:00:00 - 05/05/2024 19:00:00","Belgium (BE)","44.50","28.63","25.05","11.06"
"05/05/2024 19:00:00 - 05/05/2024 20:00:00","Belgium (BE)","65.55","38.95","31.03","19.49"
"05/05/2024 20:00:00 - 05/05/2024 21:00:00","Belgium (BE)","81.00","45.23","42.88","56.10"
"05/05/2024 21:00:00 - 05/05/2024 22:00:00","Belgium (BE)","93.05","48.58","47.28","62.23"
"05/05/2024 22:00:00 - 05/05/2024 23:00:00","Belgium (BE)","102.38","59.00","51.98","26.57"
"05/05/2024 23:00:00 - 06/05/2024 00:00:00","Belgium (BE)","86.78","66.05","67.40","0.44"
"06/05/2024 00:00:00 - 06/05/2024 01:00:00","Belgium (BE)","87.10","67.95","67.95"," "
"06/05/2024 01:00:00 - 06/05/2024 02:00:00","Belgium (BE)","56.45","32.03","32.03"," "
"06/05/2024 02:00:00 - 06/05/2024 03:00:00","Belgium (BE)","33.03","25.58","25.58"," "
"06/05/2024 03:00:00 - 06/05/2024 04:00:00","Belgium (BE)","19.33","23.78","23.78"," "
"06/05/2024 04:00:00 - 06/05/2024 05:00:00","Belgium (BE)","15.55","29.63","29.63"," "
"06/05/2024 05:00:00 - 06/05/2024 06:00:00","Belgium (BE)","17.15","29.70","29.70"," "
"06/05/2024 06:00:00 - 06/05/2024 07:00:00","Belgium (BE)","27.08","36.68","36.68"," "
"06/05/2024 07:00:00 - 06/05/2024 08:00:00","Belgium (BE)","41.55","45.70","45.70","28.76"
"06/05/2024 08:00:00 - 06/05/2024 09:00:00","Belgium (BE)","62.40","58.03","50.45","114.75"
"06/05/2024 09:00:00 - 06/05/2024 10:00:00","Belgium (BE)","81.15","60.55","51.93","132.82"
"06/05/2024 10:00:00 - 06/05/2024 11:00:00","Belgium (BE)","87.45","57.10","53.20","96.24"
"06/05/2024 11:00:00 - 06/05/2024 12:00:00","Belgium (BE)","82.78","56.15","86.43","64.84"
"06/05/2024 12:00:00 - 06/05/2024 13:00:00","Belgium (BE)","73.68","74.08","78.60","86.94"
"06/05/2024 13:00:00 - 06/05/2024 14:00:00","Belgium (BE)","65.40","87.70","87.58","135.01"
"06/05/2024 14:00:00 - 06/05/2024 15:00:00","Belgium (BE)","59.30","110.58","113.35","189.37"
"06/05/2024 15:00:00 - 06/05/2024 16:00:00","Belgium (BE)","59.58","134.43","105.73","235.03"
"06/05/2024 16:00:00 - 06/05/2024 17:00:00","Belgium (BE)","63.88","167.80","116.75","80.19"
"06/05/2024 17:00:00 - 06/05/2024 18:00:00","Belgium (BE)","64.83","197.70","157.98","48.52"
"06/05/2024 18:00:00 - 06/05/2024 19:00:00","Belgium (BE)","68.65","223.63","63.98","78.22"
"06/05/2024 19:00:00 - 06/05/2024 20:00:00","Belgium (BE)","61.90","243.28","50.13","64.32"
"06/05/2024 20:00:00 - 06/05/2024 21:00:00","Belgium (BE)","64.70","266.53","54.30","43.01"
"06/05/2024 21:00:00 - 06/05/2024 22:00:00","Belgium (BE)","70.38","277.45","46.20","10.77"
"06/05/2024 22:00:00 - 06/05/2024 23:00:00","Belgium (BE)","92.43","280.10","43.45"," "
"06/05/2024 23:00:00 - 07/05/2024 00:00:00","Belgium (BE)","103.58","282.23","38.48"," "
"07/05/2024 00:00:00 - 07/05/2024 01:00:00","Belgium (BE)","34.38","43.13","43.13"," "
"07/05/2024 01:00:00 - 07/05/2024 02:00:00","Belgium (BE)","29.18","28.60","28.60","24.14"
"07/05/2024 02:00:00 - 07/05/2024 03:00:00","Belgium (BE)","27.05","37.95","37.95","42.76"
"07/05/2024 03:00:00 - 07/05/2024 04:00:00","Belgium (BE)","26.60","51.83","51.83","1.01"
"07/05/2024 04:00:00 - 07/05/2024 05:00:00","Belgium (BE)","35.10","56.53","56.53"," "
"07/05/2024 05:00:00 - 07/05/2024 06:00:00","Belgium (BE)","57.03","48.33","48.33","4.01"
"07/05/2024 06:00:00 - 07/05/2024 07:00:00","Belgium (BE)","95.40","57.15","57.15","71.07"
"07/05/2024 07:00:00 - 07/05/2024 08:00:00","Belgium (BE)","161.65","81.83","81.83","150.59"
"07/05/2024 08:00:00 - 07/05/2024 09:00:00","Belgium (BE)","218.48","116.63","121.90","154.08"
"07/05/2024 09:00:00 - 07/05/2024 10:00:00","Belgium (BE)","219.23","155.48","159.40","159.57"
"07/05/2024 10:00:00 - 07/05/2024 11:00:00","Belgium (BE)","198.93","197.63","180.75","244.29"
"07/05/2024 11:00:00 - 07/05/2024 12:00:00","Belgium (BE)","199.73","235.13","199.40","276.27"
"07/05/2024 12:00:00 - 07/05/2024 13:00:00","Belgium (BE)","225.88","263.48","228.63","298.50"
"07/05/2024 13:00:00 - 07/05/2024 14:00:00","Belgium (BE)","272.48","293.53","305.53","306.71"
"07/05/2024 14:00:00 - 07/05/2024 15:00:00","Belgium (BE)","336.93","312.80","313.68","198.01"
"07/05/2024 15:00:00 - 07/05/2024 16:00:00","Belgium (BE)","391.93","312.10","328.15","155.01"
"07/05/2024 16:00:00 - 07/05/2024 17:00:00","Belgium (BE)","386.40","332.23","303.73","282.74"
"07/05/2024 17:00:00 - 07/05/2024 18:00:00","Belgium (BE)","361.93","344.10","313.78","238.61"
"07/05/2024 18:00:00 - 07/05/2024 19:00:00","Belgium (BE)","343.75","348.08","410.50","265.49"
"07/05/2024 19:00:00 - 07/05/2024 20:00:00","Belgium (BE)","372.45","368.90","362.63","338.99"
"07/05/2024 20:00:00 - 07/05/2024 21:00:00","Belgium (BE)","385.75","402.35","388.00","632.26"
"07/05/2024 21:00:00 - 07/05/2024 22:00:00","Belgium (BE)","293.48","431.40","419.95","961.43"
"07/05/2024 22:00:00 - 07/05/2024 23:00:00","Belgium (BE)","237.63","440.10","425.63","938.20"
"07/05/2024 23:00:00 - 08/05/2024 00:00:00","Belgium (BE)","231.43","433.35","418.23","888.94"
"08/05/2024 00:00:00 - 08/05/2024 01:00:00","Belgium (BE)","390.80","553.40","553.40","581.73"
"08/05/2024 01:00:00 - 08/05/2024 02:00:00","Belgium (BE)","338.95","534.83","534.83","341.14"
"08/05/2024 02:00:00 - 08/05/2024 03:00:00","Belgium (BE)","306.15","393.48","393.48","212.86"
"08/05/2024 03:00:00 - 08/05/2024 04:00:00","Belgium (BE)","282.08","318.10","318.10","230.37"
"08/05/2024 04:00:00 - 08/05/2024 05:00:00","Belgium (BE)","265.13","236.18","236.18","281.30"
"08/05/2024 05:00:00 - 08/05/2024 06:00:00","Belgium (BE)","251.00","265.85","265.85","302.18"
"08/05/2024 06:00:00 - 08/05/2024 07:00:00","Belgium (BE)","230.78","297.63","297.63","309.15"
"08/05/2024 07:00:00 - 08/05/2024 08:00:00","Belgium (BE)","212.55","314.25","314.25","237.85"
"08/05/2024 08:00:00 - 08/05/2024 09:00:00","Belgium (BE)","176.20","288.73","298.48","141.59"
"08/05/2024 09:00:00 - 08/05/2024 10:00:00","Belgium (BE)","142.35","242.45","227.93","60.17"
"08/05/2024 10:00:00 - 08/05/2024 11:00:00","Belgium (BE)","112.93","190.08","130.93","144.71"
"08/05/2024 11:00:00 - 08/05/2024 12:00:00","Belgium (BE)","94.48","150.78","97.45","171.50"
"08/05/2024 12:00:00 - 08/05/2024 13:00:00","Belgium (BE)","91.83","143.60","147.70","189.62"
"08/05/2024 13:00:00 - 08/05/2024 14:00:00","Belgium (BE)","96.05","149.60","171.13","225.36"
"08/05/2024 14:00:00 - 08/05/2024 15:00:00","Belgium (BE)","100.15","155.88","177.00","212.00"
"08/05/2024 15:00:00 - 08/05/2024 16:00:00","Belgium (BE)","102.65","149.85","190.43","197.13"
"08/05/2024 16:00:00 - 08/05/2024 17:00:00","Belgium (BE)","100.88","138.25","182.13","135.27"
"08/05/2024 17:00:00 - 08/05/2024 18:00:00","Belgium (BE)","88.98","117.08","161.50","109.43"
"08/05/2024 18:00:00 - 08/05/2024 19:00:00","Belgium (BE)","69.05","93.10","109.83","51.94"
"08/05/2024 19:00:00 - 08/05/2024 20:00:00","Belgium (BE)","50.45","68.43","88.68","18.16"
"08/05/2024 20:00:00 - 08/05/2024 21:00:00","Belgium (BE)","37.70","49.83","43.95","0.76"
"08/05/2024 21:00:00 - 08/05/2024 22:00:00","Belgium (BE)","29.18","39.50","30.40"," "
"08/05/2024 22:00:00 - 08/05/2024 23:00:00","Belgium (BE)","24.70","32.15","25.08"," "
"08/05/2024 23:00:00 - 09/05/2024 00:00:00","Belgium (BE)","22.13","26.28","21.08"," "
"09/05/2024 00:00:00 - 09/05/2024 01:00:00","Belgium (BE)","18.78","7.20","7.20"," "
"09/05/2024 01:00:00 - 09/05/2024 02:00:00","Belgium (BE)","14.25","6.33","6.33"," "
"09/05/2024 02:00:00 - 09/05/2024 03:00:00","Belgium (BE)","9.28","9.20","9.20"," "
"09/05/2024 03:00:00 - 09/05/2024 04:00:00","Belgium (BE)","6.90","9.23","9.23"," "
"09/05/2024 04:00:00 - 09/05/2024 05:00:00","Belgium (BE)","5.50","10.23","10.23"," "
"09/05/2024 05:00:00 - 09/05/2024 06:00:00","Belgium (BE)","5.15","7.85","7.85"," "
"09/05/2024 06:00:00 - 09/05/2024 07:00:00","Belgium (BE)","5.70","7.93","7.93"," "
"09/05/2024 07:00:00 - 09/05/2024 08:00:00","Belgium (BE)","6.93","8.13","8.13"," "
"09/05/2024 08:00:00 - 09/05/2024 09:00:00","Belgium (BE)","8.88","8.20","9.20"," "
"09/05/2024 09:00:00 - 09/05/2024 10:00:00","Belgium (BE)","10.15","8.60","10.33"," "
"09/05/2024 10:00:00 - 09/05/2024 11:00:00","Belgium (BE)","10.50","8.98","10.70"," "
"09/05/2024 11:00:00 - 09/05/2024 12:00:00","Belgium (BE)","10.03","7.85","10.48"," "
"09/05/2024 12:00:00 - 09/05/2024 13:00:00","Belgium (BE)","9.85","6.08","10.63"," "
"09/05/2024 13:00:00 - 09/05/2024 14:00:00","Belgium (BE)","9.80","4.90","8.23"," "
"09/05/2024 14:00:00 - 09/05/2024 15:00:00","Belgium (BE)","9.25","4.78","6.78"," "
"09/05/2024 15:00:00 - 09/05/2024 16:00:00","Belgium (BE)","9.13","5.58","5.80"," "
"09/05/2024 16:00:00 - 09/05/2024 17:00:00","Belgium (BE)","9.65","5.95","6.05"," "
"09/05/2024 17:00:00 - 09/05/2024 18:00:00","Belgium (BE)","10.15","5.58","6.65"," "
"09/05/2024 18:00:00 - 09/05/2024 19:00:00","Belgium (BE)","10.95","6.10","10.38"," "
"09/05/2024 19:00:00 - 09/05/2024 20:00:00","Belgium (BE)","10.85","8.90","10.63"," "
"09/05/2024 20:00:00 - 09/05/2024 21:00:00","Belgium (BE)","11.65","11.53","13.23"," "
"09/05/2024 21:00:00 - 09/05/2024 22:00:00","Belgium (BE)","13.98","13.83","10.65"," "
"09/05/2024 22:00:00 - 09/05/2024 23:00:00","Belgium (BE)","16.78","15.25","13.40"," "
"09/05/2024 23:00:00 - 10/05/2024 00:00:00","Belgium (BE)","20.23","15.55","16.00"," "
"10/05/2024 00:00:00 - 10/05/2024 01:00:00","Belgium (BE)","16.38","13.55","13.55"," "
"10/05/2024 01:00:00 - 10/05/2024 02:00:00","Belgium (BE)","17.45","9.05","9.05"," "
"10/05/2024 02:00:00 - 10/05/2024 03:00:00","Belgium (BE)","18.20","12.48","12.48"," "
"10/05/2024 03:00:00 - 10/05/2024 04:00:00","Belgium (BE)","17.98","9.73","9.73"," "
"10/05/2024 04:00:00 - 10/05/2024 05:00:00","Belgium (BE)","16.98","12.05","12.05"," "
"10/05/2024 05:00:00 - 10/05/2024 06:00:00","Belgium (BE)","16.08","13.33","13.33"," "
"10/05/2024 06:00:00 - 10/05/2024 07:00:00","Belgium (BE)","15.55","12.10","12.10"," "
"10/05/2024 07:00:00 - 10/05/2024 08:00:00","Belgium (BE)","14.98","9.70","9.70"," "
"10/05/2024 08:00:00 - 10/05/2024 09:00:00","Belgium (BE)","14.00","11.48","14.48"," "
"10/05/2024 09:00:00 - 10/05/2024 10:00:00","Belgium (BE)","13.88","13.73","9.98"," "
"10/05/2024 10:00:00 - 10/05/2024 11:00:00","Belgium (BE)","13.53","15.53","11.15"," "
"10/05/2024 11:00:00 - 10/05/2024 12:00:00","Belgium (BE)","13.23","16.30","13.40"," "
"10/05/2024 12:00:00 - 10/05/2024 13:00:00","Belgium (BE)","16.63","17.38","15.98","9.76"
"10/05/2024 13:00:00 - 10/05/2024 14:00:00","Belgium (BE)","21.45","21.33","23.58","50.44"
"10/05/2024 14:00:00 - 10/05/2024 15:00:00","Belgium (BE)","25.90","32.00","40.50","44.42"
"10/05/2024 15:00:00 - 10/05/2024 16:00:00","Belgium (BE)","33.13","52.75","71.25","63.42"
"10/05/2024 16:00:00 - 10/05/2024 17:00:00","Belgium (BE)","46.35","87.53","100.70","95.17"
"10/05/2024 17:00:00 - 10/05/2024 18:00:00","Belgium (BE)","62.20","133.98","137.15","98.17"
"10/05/2024 18:00:00 - 10/05/2024 19:00:00","Belgium (BE)","87.75","184.03","180.98","111.93"
"10/05/2024 19:00:00 - 10/05/2024 20:00:00","Belgium (BE)","115.18","226.78","210.38","143.37"
"10/05/2024 20:00:00 - 10/05/2024 21:00:00","Belgium (BE)","159.98","266.00","239.10","181.39"
"10/05/2024 21:00:00 - 10/05/2024 22:00:00","Belgium (BE)","215.20","309.13","271.30","233.10"
"10/05/2024 22:00:00 - 10/05/2024 23:00:00","Belgium (BE)","268.15","338.88","290.65","274.08"
"10/05/2024 23:00:00 - 11/05/2024 00:00:00","Belgium (BE)","293.70","326.05","301.50","262.67"
"11/05/2024 00:00:00 - 11/05/2024 01:00:00","Belgium (BE)","331.88","315.90","315.90","287.15"
"11/05/2024 01:00:00 - 11/05/2024 02:00:00","Belgium (BE)","346.60","335.70","335.70","339.47"
"11/05/2024 02:00:00 - 11/05/2024 03:00:00","Belgium (BE)","369.83","364.55","364.55","356.66"
"11/05/2024 03:00:00 - 11/05/2024 04:00:00","Belgium (BE)","392.70","375.40","375.40","308.88"
"11/05/2024 04:00:00 - 11/05/2024 05:00:00","Belgium (BE)","395.18","388.98","388.98","299.88"
"11/05/2024 05:00:00 - 11/05/2024 06:00:00","Belgium (BE)","404.43","373.85","373.85","269.04"
"11/05/2024 06:00:00 - 11/05/2024 07:00:00","Belgium (BE)","440.00","357.25","357.25","279.32"
"11/05/2024 07:00:00 - 11/05/2024 08:00:00","Belgium (BE)","466.80","328.40","328.40","268.88"
"11/05/2024 08:00:00 - 11/05/2024 09:00:00","Belgium (BE)","435.68","313.63","313.60","222.97"
"11/05/2024 09:00:00 - 11/05/2024 10:00:00","Belgium (BE)","370.73","276.48","288.23","288.10"
"11/05/2024 10:00:00 - 11/05/2024 11:00:00","Belgium (BE)","313.88","259.93","256.53","311.05"
"11/05/2024 11:00:00 - 11/05/2024 12:00:00","Belgium (BE)","300.60","292.03","301.85","241.27"
"11/05/2024 12:00:00 - 11/05/2024 13:00:00","Belgium (BE)","338.98","334.55","331.50","256.93"
"11/05/2024 13:00:00 - 11/05/2024 14:00:00","Belgium (BE)","397.73","400.90","335.65","219.55"
"11/05/2024 14:00:00 - 11/05/2024 15:00:00","Belgium (BE)","492.00","522.10","422.38","254.73"
"11/05/2024 15:00:00 - 11/05/2024 16:00:00","Belgium (BE)","646.85","663.93","530.55","461.42"
"11/05/2024 16:00:00 - 11/05/2024 17:00:00","Belgium (BE)","826.78","760.00","606.23","424.65"
"11/05/2024 17:00:00 - 11/05/2024 18:00:00","Belgium (BE)","975.45","817.15","719.70","475.24"
"11/05/2024 18:00:00 - 11/05/2024 19:00:00","Belgium (BE)","1055.03","862.40","721.45","463.19"
"11/05/2024 19:00:00 - 11/05/2024 20:00:00","Belgium (BE)","1087.48","910.58","739.48","458.42"
"11/05/2024 20:00:00 - 11/05/2024 21:00:00","Belgium (BE)","1097.48","954.40","711.83","409.18"
"11/05/2024 21:00:00 - 11/05/2024 22:00:00","Belgium (BE)","1094.95","1048.30","673.28","419.24"
"11/05/2024 22:00:00 - 11/05/2024 23:00:00","Belgium (BE)","1093.30","1195.63","774.40","565.81"
"11/05/2024 23:00:00 - 12/05/2024 00:00:00","Belgium (BE)","1102.93","1345.70","928.00","707.20"
"12/05/2024 00:00:00 - 12/05/2024 01:00:00","Belgium (BE)","1134.30","935.33","935.33","775.02"
"12/05/2024 01:00:00 - 12/05/2024 02:00:00","Belgium (BE)","1145.85","943.25","943.25","852.41"
"12/05/2024 02:00:00 - 12/05/2024 03:00:00","Belgium (BE)","1094.18","861.98","861.98","854.78"
"12/05/2024 03:00:00 - 12/05/2024 04:00:00","Belgium (BE)","1000.33","846.73","846.73","851.34"
"12/05/2024 04:00:00 - 12/05/2024 05:00:00","Belgium (BE)","874.43","781.45","781.45","756.31"
"12/05/2024 05:00:00 - 12/05/2024 06:00:00","Belgium (BE)","750.80","727.18","727.18","601.26"
"12/05/2024 06:00:00 - 12/05/2024 07:00:00","Belgium (BE)","658.08","642.93","642.93","502.29"
"12/05/2024 07:00:00 - 12/05/2024 08:00:00","Belgium (BE)","587.60","591.03","591.03","432.02"
"12/05/2024 08:00:00 - 12/05/2024 09:00:00","Belgium (BE)","515.70","536.75","490.20","315.63"
"12/05/2024 09:00:00 - 12/05/2024 10:00:00","Belgium (BE)","428.23","460.28","396.30","217.37"
"12/05/2024 10:00:00 - 12/05/2024 11:00:00","Belgium (BE)","360.05","402.58","344.38","165.59"
"12/05/2024 11:00:00 - 12/05/2024 12:00:00","Belgium (BE)","320.25","354.35","322.75","175.93"
"12/05/2024 12:00:00 - 12/05/2024 13:00:00","Belgium (BE)","293.05","334.60","289.08","187.43"
"12/05/2024 13:00:00 - 12/05/2024 14:00:00","Belgium (BE)","276.90","334.58","308.93","166.62"
"12/05/2024 14:00:00 - 12/05/2024 15:00:00","Belgium (BE)","251.20","307.78","283.25","182.73"
"12/05/2024 15:00:00 - 12/05/2024 16:00:00","Belgium (BE)","201.08","263.30","212.28","250.17"
"12/05/2024 16:00:00 - 12/05/2024 17:00:00","Belgium (BE)","151.23","210.35","201.25","221.41"
"12/05/2024 17:00:00 - 12/05/2024 18:00:00","Belgium (BE)","109.55","167.83","210.00","116.26"
"12/05/2024 18:00:00 - 12/05/2024 19:00:00","Belgium (BE)","86.25","135.05","188.68","70.75"
"12/05/2024 19:00:00 - 12/05/2024 20:00:00","Belgium (BE)","101.95","116.78","114.38","50.26"
"12/05/2024 20:00:00 - 12/05/2024 21:00:00","Belgium (BE)","102.10","91.23","101.58","12.42"
"12/05/2024 21:00:00 - 12/05/2024 22:00:00","Belgium (BE)","108.93","100.53","101.83","73.15"
"12/05/2024 22:00:00 - 12/05/2024 23:00:00","Belgium (BE)","155.65","123.93","133.35","403.00"
"12/05/2024 23:00:00 - 13/05/2024 00:00:00","Belgium (BE)","151.65","164.65","161.00","581.82"
"13/05/2024 00:00:00 - 13/05/2024 01:00:00","Belgium (BE)","279.88","358.93","358.93","756.91"
"13/05/2024 01:00:00 - 13/05/2024 02:00:00","Belgium (BE)","270.70","433.13","433.13","599.68"
"13/05/2024 02:00:00 - 13/05/2024 03:00:00","Belgium (BE)","171.25","469.63","469.63","430.96"
"13/05/2024 03:00:00 - 13/05/2024 04:00:00","Belgium (BE)","190.83","426.23","426.23","433.72"
"13/05/2024 04:00:00 - 13/05/2024 05:00:00","Belgium (BE)","239.00","362.05","362.05","415.74"
"13/05/2024 05:00:00 - 13/05/2024 06:00:00","Belgium (BE)","208.30","431.65","431.65","340.75"
"13/05/2024 06:00:00 - 13/05/2024 07:00:00","Belgium (BE)","166.75","330.88","330.88","309.93"
"13/05/2024 07:00:00 - 13/05/2024 08:00:00","Belgium (BE)","150.63","274.10","274.10","391.09"
"13/05/2024 08:00:00 - 13/05/2024 09:00:00","Belgium (BE)","159.10","223.08","205.28","442.05"
"13/05/2024 09:00:00 - 13/05/2024 10:00:00","Belgium (BE)","148.03","175.75","232.08","277.72"
"13/05/2024 10:00:00 - 13/05/2024 11:00:00","Belgium (BE)","113.13","117.10","159.85","358.31"
"13/05/2024 11:00:00 - 13/05/2024 12:00:00","Belgium (BE)","82.35","67.50","151.48","290.88"
"13/05/2024 12:00:00 - 13/05/2024 13:00:00","Belgium (BE)","53.10","33.45","148.15","73.51"
"13/05/2024 13:00:00 - 13/05/2024 14:00:00","Belgium (BE)","34.33","19.55","125.03"," "
"13/05/2024 14:00:00 - 13/05/2024 15:00:00","Belgium (BE)","25.63","16.15","41.83"," "
"13/05/2024 15:00:00 - 13/05/2024 16:00:00","Belgium (BE)","25.90","19.48","33.88"," "
"13/05/2024 16:00:00 - 13/05/2024 17:00:00","Belgium (BE)","28.50","26.38","41.83","0.22"
"13/05/2024 17:00:00 - 13/05/2024 18:00:00","Belgium (BE)","34.70","31.45","47.90","5.26"
"13/05/2024 18:00:00 - 13/05/2024 19:00:00","Belgium (BE)","45.35","38.43","44.08","0.19"
"13/05/2024 19:00:00 - 13/05/2024 20:00:00","Belgium (BE)","38.88","51.45","47.55","1.45"
"13/05/2024 20:00:00 - 13/05/2024 21:00:00","Belgium (BE)","29.83","76.40","66.93","21.97"
"13/05/2024 21:00:00 - 13/05/2024 22:00:00","Belgium (BE)","43.93","121.68","131.83","30.12"
"13/05/2024 22:00:00 - 13/05/2024 23:00:00","Belgium (BE)","97.68","223.85","232.78","124.40"
"13/05/2024 23:00:00 - 14/05/2024 00:00:00","Belgium (BE)","199.65","281.73","326.50","248.50"
"14/05/2024 00:00:00 - 14/05/2024 01:00:00","Belgium (BE)","369.10","301.05","301.05","179.63"
"14/05/2024 01:00:00 - 14/05/2024 02:00:00","Belgium (BE)","439.58","413.73","413.73","140.14"
"14/05/2024 02:00:00 - 14/05/2024 03:00:00","Belgium (BE)","543.23","480.55","480.55","181.66"
"14/05/2024 03:00:00 - 14/05/2024 04:00:00","Belgium (BE)","616.58","514.75","514.75","333.59"
"14/05/2024 04:00:00 - 14/05/2024 05:00:00","Belgium (BE)","685.58","652.18","652.18","621.27"
"14/05/2024 05:00:00 - 14/05/2024 06:00:00","Belgium (BE)","739.95","661.98","661.98","731.25"
"14/05/2024 06:00:00 - 14/05/2024 07:00:00","Belgium (BE)","800.60","774.90","774.90","763.35"
"14/05/2024 07:00:00 - 14/05/2024 08:00:00","Belgium (BE)","846.85","833.18","833.18","704.95"
"14/05/2024 08:00:00 - 14/05/2024 09:00:00","Belgium (BE)","833.03","753.33","710.85","670.02"
"14/05/2024 09:00:00 - 14/05/2024 10:00:00","Belgium (BE)","760.98","570.78","493.23","360.95"
"14/05/2024 10:00:00 - 14/05/2024 11:00:00","Belgium (BE)","641.98","402.65","329.45","203.55"
"14/05/2024 11:00:00 - 14/05/2024 12:00:00","Belgium (BE)","490.95","268.85","234.35","227.27"
"14/05/2024 12:00:00 - 14/05/2024 13:00:00","Belgium (BE)","395.20","196.50","163.98","299.81"
"14/05/2024 13:00:00 - 14/05/2024 14:00:00","Belgium (BE)","370.48","172.80","122.88","251.02"
"14/05/2024 14:00:00 - 14/05/2024 15:00:00","Belgium (BE)","328.13","122.15","135.85","68.32"
"14/05/2024 15:00:00 - 14/05/2024 16:00:00","Belgium (BE)","302.93","79.70","129.98","153.30"
"14/05/2024 16:00:00 - 14/05/2024 17:00:00","Belgium (BE)","397.90","82.00","56.73","200.72"
"14/05/2024 17:00:00 - 14/05/2024 18:00:00","Belgium (BE)","404.93","166.68","129.40","90.70"
"14/05/2024 18:00:00 - 14/05/2024 19:00:00","Belgium (BE)","277.65","169.53","125.75","12.18"
"14/05/2024 19:00:00 - 14/05/2024 20:00:00","Belgium (BE)","129.75","55.83","53.33"," "
"14/05/2024 20:00:00 - 14/05/2024 21:00:00","Belgium (BE)","66.68","23.10","25.60"," "
"14/05/2024 21:00:00 - 14/05/2024 22:00:00","Belgium (BE)","46.73","13.53","14.30"," "
"14/05/2024 22:00:00 - 14/05/2024 23:00:00","Belgium (BE)","42.18","12.78","15.65"," "
"14/05/2024 23:00:00 - 15/05/2024 00:00:00","Belgium (BE)","42.85","15.90","17.03","2.95"
"15/05/2024 00:00:00 - 15/05/2024 01:00:00","Belgium (BE)","16.80","15.28","15.28","29.92"
"15/05/2024 01:00:00 - 15/05/2024 02:00:00","Belgium (BE)","25.65","18.00","18.00","24.07"
"15/05/2024 02:00:00 - 15/05/2024 03:00:00","Belgium (BE)","29.23","19.53","19.53","23.50"
"15/05/2024 03:00:00 - 15/05/2024 04:00:00","Belgium (BE)","28.38","21.43","21.43"," "
"15/05/2024 04:00:00 - 15/05/2024 05:00:00","Belgium (BE)","27.83","17.03","17.03"," "
"15/05/2024 05:00:00 - 15/05/2024 06:00:00","Belgium (BE)","28.95","10.95","10.95"," "
"15/05/2024 06:00:00 - 15/05/2024 07:00:00","Belgium (BE)","30.38","14.30","14.30"," "
"15/05/2024 07:00:00 - 15/05/2024 08:00:00","Belgium (BE)","28.90","13.78","13.78"," "
"15/05/2024 08:00:00 - 15/05/2024 09:00:00","Belgium (BE)","26.90","19.65","15.28"," "
"15/05/2024 09:00:00 - 15/05/2024 10:00:00","Belgium (BE)","24.25","22.78","17.08"," "
"15/05/2024 10:00:00 - 15/05/2024 11:00:00","Belgium (BE)","22.23","22.35","19.95"," "
"15/05/2024 11:00:00 - 15/05/2024 12:00:00","Belgium (BE)","22.28","20.08","10.43"," "
"15/05/2024 12:00:00 - 15/05/2024 13:00:00","Belgium (BE)","22.55","17.10","10.90"," "
"15/05/2024 13:00:00 - 15/05/2024 14:00:00","Belgium (BE)","22.33","13.35","13.08"," "
"15/05/2024 14:00:00 - 15/05/2024 15:00:00","Belgium (BE)","21.30","9.03","11.48"," "
"15/05/2024 15:00:00 - 15/05/2024 16:00:00","Belgium (BE)","20.63","9.60","12.95"," "
"15/05/2024 16:00:00 - 15/05/2024 17:00:00","Belgium (BE)","21.10","14.95","14.83"," "
"15/05/2024 17:00:00 - 15/05/2024 18:00:00","Belgium (BE)","22.28","22.18","16.58"," "
"15/05/2024 18:00:00 - 15/05/2024 19:00:00","Belgium (BE)","22.78","29.88","22.88"," "
"15/05/2024 19:00:00 - 15/05/2024 20:00:00","Belgium (BE)","23.55","33.35","30.75","0.66"
"15/05/2024 20:00:00 - 15/05/2024 21:00:00","Belgium (BE)","24.13","32.18","34.50","13.15"
"15/05/2024 21:00:00 - 15/05/2024 22:00:00","Belgium (BE)","25.90","30.88","31.45","26.70"
"15/05/2024 22:00:00 - 15/05/2024 23:00:00","Belgium (BE)","27.43","28.50","38.40","1.86"
"15/05/2024 23:00:00 - 16/05/2024 00:00:00","Belgium (BE)","29.53","22.35","42.03","0.43"
"16/05/2024 00:00:00 - 16/05/2024 01:00:00","Belgium (BE)","38.18","25.28","25.28"," "
"16/05/2024 01:00:00 - 16/05/2024 02:00:00","Belgium (BE)","34.03","21.38","21.38"," "
"16/05/2024 02:00:00 - 16/05/2024 03:00:00","Belgium (BE)","33.20","16.55","16.55","2.79"
"16/05/2024 03:00:00 - 16/05/2024 04:00:00","Belgium (BE)","33.63","17.23","17.23","9.66"
"16/05/2024 04:00:00 - 16/05/2024 05:00:00","Belgium (BE)","32.45","22.78","22.78","35.95"
"16/05/2024 05:00:00 - 16/05/2024 06:00:00","Belgium (BE)","37.40","33.05","33.05","1.94"
"16/05/2024 06:00:00 - 16/05/2024 07:00:00","Belgium (BE)","48.85","39.53","39.53"," "
"16/05/2024 07:00:00 - 16/05/2024 08:00:00","Belgium (BE)","77.28","49.48","49.48"," "
"16/05/2024 08:00:00 - 16/05/2024 09:00:00","Belgium (BE)","141.23","55.13","33.35","15.47"
"16/05/2024 09:00:00 - 16/05/2024 10:00:00","Belgium (BE)","239.38","59.23","39.80","82.73"
"16/05/2024 10:00:00 - 16/05/2024 11:00:00","Belgium (BE)","326.03","58.95","54.73","90.73"
"16/05/2024 11:00:00 - 16/05/2024 12:00:00","Belgium (BE)","387.45","49.65","71.65","36.75"
"16/05/2024 12:00:00 - 16/05/2024 13:00:00","Belgium (BE)","429.73","37.80","58.48","33.77"
"16/05/2024 13:00:00 - 16/05/2024 14:00:00","Belgium (BE)","450.10","27.08","47.55","94.79"
"16/05/2024 14:00:00 - 16/05/2024 15:00:00","Belgium (BE)","453.03","18.15","37.75","65.98"
"16/05/2024 15:00:00 - 16/05/2024 16:00:00","Belgium (BE)","426.98","14.13","42.68","14.77"
"16/05/2024 16:00:00 - 16/05/2024 17:00:00","Belgium (BE)","420.20","13.10","26.03","9.87"
"16/05/2024 17:00:00 - 16/05/2024 18:00:00","Belgium (BE)","424.15","10.43","16.95","14.93"
"16/05/2024 18:00:00 - 16/05/2024 19:00:00","Belgium (BE)","436.90","8.43","12.53"," "
"16/05/2024 19:00:00 - 16/05/2024 20:00:00","Belgium (BE)","467.33","9.73","14.10"," "
"16/05/2024 20:00:00 - 16/05/2024 21:00:00","Belgium (BE)","492.90","15.15","10.65"," "
"16/05/2024 21:00:00 - 16/05/2024 22:00:00","Belgium (BE)","488.70","21.63","11.25"," "
"16/05/2024 22:00:00 - 16/05/2024 23:00:00","Belgium (BE)","473.68","24.35","14.88"," "
"16/05/2024 23:00:00 - 17/05/2024 00:00:00","Belgium (BE)","474.23","24.95","18.58"," "
"17/05/2024 00:00:00 - 17/05/2024 01:00:00","Belgium (BE)","13.35","11.40","11.40"," "
"17/05/2024 01:00:00 - 17/05/2024 02:00:00","Belgium (BE)","14.38","11.93","11.93"," "
"17/05/2024 02:00:00 - 17/05/2024 03:00:00","Belgium (BE)","15.60","10.80","10.80"," "
"17/05/2024 03:00:00 - 17/05/2024 04:00:00","Belgium (BE)","18.55","10.30","10.30"," "
"17/05/2024 04:00:00 - 17/05/2024 05:00:00","Belgium (BE)","21.30","12.28","12.28"," "
"17/05/2024 05:00:00 - 17/05/2024 06:00:00","Belgium (BE)","22.33","10.43","10.43"," "
"17/05/2024 06:00:00 - 17/05/2024 07:00:00","Belgium (BE)","21.45","8.88","8.88"," "
"17/05/2024 07:00:00 - 17/05/2024 08:00:00","Belgium (BE)","21.38","9.38","9.38"," "
"17/05/2024 08:00:00 - 17/05/2024 09:00:00","Belgium (BE)","21.38","7.18","6.68"," "
"17/05/2024 09:00:00 - 17/05/2024 10:00:00","Belgium (BE)","24.35","8.00","9.35"," "
"17/05/2024 10:00:00 - 17/05/2024 11:00:00","Belgium (BE)","27.00","11.18","11.05"," "
"17/05/2024 11:00:00 - 17/05/2024 12:00:00","Belgium (BE)","26.13","18.15","10.98"," "
"17/05/2024 12:00:00 - 17/05/2024 13:00:00","Belgium (BE)","27.53","26.33","14.73","4.07"
"17/05/2024 13:00:00 - 17/05/2024 14:00:00","Belgium (BE)","30.45","31.10","17.15","6.03"
"17/05/2024 14:00:00 - 17/05/2024 15:00:00","Belgium (BE)","32.05","32.03","24.98"," "
"17/05/2024 15:00:00 - 17/05/2024 16:00:00","Belgium (BE)","33.73","36.00","32.73","7.05"
"17/05/2024 16:00:00 - 17/05/2024 17:00:00","Belgium (BE)","34.65","43.13","34.13"," "
"17/05/2024 17:00:00 - 17/05/2024 18:00:00","Belgium (BE)","34.53","44.73","35.23","0.68"
"17/05/2024 18:00:00 - 17/05/2024 19:00:00","Belgium (BE)","35.13","46.15","32.88","33.95"
"17/05/2024 19:00:00 - 17/05/2024 20:00:00","Belgium (BE)","39.70","53.10","38.58","71.32"
"17/05/2024 20:00:00 - 17/05/2024 21:00:00","Belgium (BE)","50.03","63.30","66.70","41.95"
"17/05/2024 21:00:00 - 17/05/2024 22:00:00","Belgium (BE)","68.65","71.70","94.05","62.94"
"17/05/2024 22:00:00 - 17/05/2024 23:00:00","Belgium (BE)","87.15","82.43","120.00","69.08"
"17/05/2024 23:00:00 - 18/05/2024 00:00:00","Belgium (BE)","99.98","117.00","161.00","53.80"
"18/05/2024 00:00:00 - 18/05/2024 01:00:00","Belgium (BE)","217.23","180.48","180.48","99.58"
"18/05/2024 01:00:00 - 18/05/2024 02:00:00","Belgium (BE)","266.58","195.30","195.30","160.26"
"18/05/2024 02:00:00 - 18/05/2024 03:00:00","Belgium (BE)","308.83","221.38","221.38","206.39"
"18/05/2024 03:00:00 - 18/05/2024 04:00:00","Belgium (BE)","322.50","245.63","245.63","283.96"
"18/05/2024 04:00:00 - 18/05/2024 05:00:00","Belgium (BE)","297.33","242.38","242.38","285.13"
"18/05/2024 05:00:00 - 18/05/2024 06:00:00","Belgium (BE)","247.75","235.20","235.20","231.23"
"18/05/2024 06:00:00 - 18/05/2024 07:00:00","Belgium (BE)","205.33","208.08","208.08","149.56"
"18/05/2024 07:00:00 - 18/05/2024 08:00:00","Belgium (BE)","165.20","155.70","155.70","14.90"
"18/05/2024 08:00:00 - 18/05/2024 09:00:00","Belgium (BE)","113.48","114.30","107.78","0.03"
"18/05/2024 09:00:00 - 18/05/2024 10:00:00","Belgium (BE)","73.85","80.18","34.18","8.30"
"18/05/2024 10:00:00 - 18/05/2024 11:00:00","Belgium (BE)","48.98","59.88","59.63","9.06"
"18/05/2024 11:00:00 - 18/05/2024 12:00:00","Belgium (BE)","37.08","51.58","56.68","106.78"
"18/05/2024 12:00:00 - 18/05/2024 13:00:00","Belgium (BE)","33.43","50.53","53.45","167.59"
"18/05/2024 13:00:00 - 18/05/2024 14:00:00","Belgium (BE)","33.85","53.23","83.38","649.14"
"18/05/2024 14:00:00 - 18/05/2024 15:00:00","Belgium (BE)","35.20","55.28","96.40","431.54"
"18/05/2024 15:00:00 - 18/05/2024 16:00:00","Belgium (BE)","31.50","60.68","301.78","343.35"
"18/05/2024 16:00:00 - 18/05/2024 17:00:00","Belgium (BE)","29.68","70.33","164.13","277.63"
"18/05/2024 17:00:00 - 18/05/2024 18:00:00","Belgium (BE)","40.43","67.58","161.93","141.28"
"18/05/2024 18:00:00 - 18/05/2024 19:00:00","Belgium (BE)","57.13","64.98","120.88","63.61"
"18/05/2024 19:00:00 - 18/05/2024 20:00:00","Belgium (BE)","53.00","54.75","64.08","88.74"
"18/05/2024 20:00:00 - 18/05/2024 21:00:00","Belgium (BE)","42.38","39.53","42.93","52.11"
"18/05/2024 21:00:00 - 18/05/2024 22:00:00","Belgium (BE)","40.75","37.23","50.10","0.95"
"18/05/2024 22:00:00 - 18/05/2024 23:00:00","Belgium (BE)","38.65","45.48","40.10"," "
"18/05/2024 23:00:00 - 19/05/2024 00:00:00","Belgium (BE)","35.28","61.43","43.88"," "
"19/05/2024 00:00:00 - 19/05/2024 01:00:00","Belgium (BE)","68.88","85.13","85.13","21.76"
"19/05/2024 01:00:00 - 19/05/2024 02:00:00","Belgium (BE)","98.70","99.55","99.55","17.91"
"19/05/2024 02:00:00 - 19/05/2024 03:00:00","Belgium (BE)","132.50","98.20","98.20","33.22"
"19/05/2024 03:00:00 - 19/05/2024 04:00:00","Belgium (BE)","130.73","71.30","71.30","89.76"
"19/05/2024 04:00:00 - 19/05/2024 05:00:00","Belgium (BE)","96.88","56.30","56.30","56.72"
"19/05/2024 05:00:00 - 19/05/2024 06:00:00","Belgium (BE)","72.00","46.68","46.68","11.59"
"19/05/2024 06:00:00 - 19/05/2024 07:00:00","Belgium (BE)","55.58","32.88","32.88"," "
"19/05/2024 07:00:00 - 19/05/2024 08:00:00","Belgium (BE)","52.88","27.63","27.63"," "
"19/05/2024 08:00:00 - 19/05/2024 09:00:00","Belgium (BE)","52.98","23.03","14.80"," "
"19/05/2024 09:00:00 - 19/05/2024 10:00:00","Belgium (BE)","60.60","25.10","13.35"," "
"19/05/2024 10:00:00 - 19/05/2024 11:00:00","Belgium (BE)","77.60","32.68","31.88","5.33"
"19/05/2024 11:00:00 - 19/05/2024 12:00:00","Belgium (BE)","99.03","43.45","44.90","8.58"
"19/05/2024 12:00:00 - 19/05/2024 13:00:00","Belgium (BE)","121.38","64.13","73.43","3.65"
"19/05/2024 13:00:00 - 19/05/2024 14:00:00","Belgium (BE)","155.23","102.35","92.73","43.31"
"19/05/2024 14:00:00 - 19/05/2024 15:00:00","Belgium (BE)","198.78","151.88","120.30","31.26"
"19/05/2024 15:00:00 - 19/05/2024 16:00:00","Belgium (BE)","269.30","208.20","168.63","109.62"
"19/05/2024 16:00:00 - 19/05/2024 17:00:00","Belgium (BE)","366.28","268.00","215.15","165.60"
"19/05/2024 17:00:00 - 19/05/2024 18:00:00","Belgium (BE)","489.90","355.83","306.60","266.90"
"19/05/2024 18:00:00 - 19/05/2024 19:00:00","Belgium (BE)","594.50","445.45","374.00","328.58"
"19/05/2024 19:00:00 - 19/05/2024 20:00:00","Belgium (BE)","652.58","509.55","451.53","409.75"
"19/05/2024 20:00:00 - 19/05/2024 21:00:00","Belgium (BE)","685.48","555.88","511.55","409.32"
"19/05/2024 21:00:00 - 19/05/2024 22:00:00","Belgium (BE)","684.45","569.93","546.28","439.02"
"19/05/2024 22:00:00 - 19/05/2024 23:00:00","Belgium (BE)","651.53","563.48","551.00","395.25"
"19/05/2024 23:00:00 - 20/05/2024 00:00:00","Belgium (BE)","606.75","526.10","507.63","420.19"
"20/05/2024 00:00:00 - 20/05/2024 01:00:00","Belgium (BE)","475.15","429.83","429.83","441.43"
"20/05/2024 01:00:00 - 20/05/2024 02:00:00","Belgium (BE)","487.90","470.13","470.13","340.25"
"20/05/2024 02:00:00 - 20/05/2024 03:00:00","Belgium (BE)","517.20","507.68","507.68","354.04"
"20/05/2024 03:00:00 - 20/05/2024 04:00:00","Belgium (BE)","539.33","492.85","492.85","447.73"
"20/05/2024 04:00:00 - 20/05/2024 05:00:00","Belgium (BE)","553.65","520.78","520.78","537.00"
"20/05/2024 05:00:00 - 20/05/2024 06:00:00","Belgium (BE)","554.88","583.85","583.85","623.61"
"20/05/2024 06:00:00 - 20/05/2024 07:00:00","Belgium (BE)","557.70","619.48","619.48","645.31"
"20/05/2024 07:00:00 - 20/05/2024 08:00:00","Belgium (BE)","572.98","624.95","624.95","646.00"
"20/05/2024 08:00:00 - 20/05/2024 09:00:00","Belgium (BE)","558.65","573.70","641.55","723.91"
"20/05/2024 09:00:00 - 20/05/2024 10:00:00","Belgium (BE)","502.93","492.30","576.53","687.32"
"20/05/2024 10:00:00 - 20/05/2024 11:00:00","Belgium (BE)","429.93","426.45","470.78","449.53"
"20/05/2024 11:00:00 - 20/05/2024 12:00:00","Belgium (BE)","386.03","391.35","499.93","399.35"
"20/05/2024 12:00:00 - 20/05/2024 13:00:00","Belgium (BE)","384.95","385.30","413.75","426.20"
"20/05/2024 13:00:00 - 20/05/2024 14:00:00","Belgium (BE)","404.65","394.93","469.80","486.83"
"20/05/2024 14:00:00 - 20/05/2024 15:00:00","Belgium (BE)","418.08","412.43","501.73","621.67"
"20/05/2024 15:00:00 - 20/05/2024 16:00:00","Belgium (BE)","434.10","436.88","560.50","668.88"
"20/05/2024 16:00:00 - 20/05/2024 17:00:00","Belgium (BE)","449.23","471.10","688.00","492.86"
"20/05/2024 17:00:00 - 20/05/2024 18:00:00","Belgium (BE)","463.20","476.85","665.50","488.41"
"20/05/2024 18:00:00 - 20/05/2024 19:00:00","Belgium (BE)","476.80","461.05","608.20","459.50"
"20/05/2024 19:00:00 - 20/05/2024 20:00:00","Belgium (BE)","469.28","413.58","579.30","450.24"
"20/05/2024 20:00:00 - 20/05/2024 21:00:00","Belgium (BE)","435.90","338.48","490.50","429.51"
"20/05/2024 21:00:00 - 20/05/2024 22:00:00","Belgium (BE)","362.13","270.85","372.08","332.69"
"20/05/2024 22:00:00 - 20/05/2024 23:00:00","Belgium (BE)","284.23","197.93","272.30","209.36"
"20/05/2024 23:00:00 - 21/05/2024 00:00:00","Belgium (BE)","228.00","123.08","175.68","124.12"
"21/05/2024 00:00:00 - 21/05/2024 01:00:00","Belgium (BE)","97.50","84.08","84.08","39.86"
"21/05/2024 01:00:00 - 21/05/2024 02:00:00","Belgium (BE)","53.05","60.95","60.95","21.07"
"21/05/2024 02:00:00 - 21/05/2024 03:00:00","Belgium (BE)","34.55","44.75","44.75"," "
"21/05/2024 03:00:00 - 21/05/2024 04:00:00","Belgium (BE)","27.93","23.45","23.45"," "
"21/05/2024 04:00:00 - 21/05/2024 05:00:00","Belgium (BE)","23.50","19.83","19.83"," "
"21/05/2024 05:00:00 - 21/05/2024 06:00:00","Belgium (BE)","19.80","12.20","12.20"," "
"21/05/2024 06:00:00 - 21/05/2024 07:00:00","Belgium (BE)","16.95","13.50","13.50","4.03"
"21/05/2024 07:00:00 - 21/05/2024 08:00:00","Belgium (BE)","14.10","17.88","17.88","38.42"
"21/05/2024 08:00:00 - 21/05/2024 09:00:00","Belgium (BE)","11.18","30.88","28.05","37.00"
"21/05/2024 09:00:00 - 21/05/2024 10:00:00","Belgium (BE)","8.55","40.55","39.65","23.88"
"21/05/2024 10:00:00 - 21/05/2024 11:00:00","Belgium (BE)","9.75","41.58","37.10"," "
"21/05/2024 11:00:00 - 21/05/2024 12:00:00","Belgium (BE)","15.78","42.88","23.53"," "
"21/05/2024 12:00:00 - 21/05/2024 13:00:00","Belgium (BE)","23.20","47.23","19.45"," "
"21/05/2024 13:00:00 - 21/05/2024 14:00:00","Belgium (BE)","28.25","48.25","14.90"," "
"21/05/2024 14:00:00 - 21/05/2024 15:00:00","Belgium (BE)","27.05","40.08","15.05"," "
"21/05/2024 15:00:00 - 21/05/2024 16:00:00","Belgium (BE)","25.85","28.73","21.73","1.19"
"21/05/2024 16:00:00 - 21/05/2024 17:00:00","Belgium (BE)","33.40","24.83","30.48","73.06"
"21/05/2024 17:00:00 - 21/05/2024 18:00:00","Belgium (BE)","43.73","25.20","38.08","167.20"
"21/05/2024 18:00:00 - 21/05/2024 19:00:00","Belgium (BE)","48.53","34.70","85.20","220.35"
"21/05/2024 19:00:00 - 21/05/2024 20:00:00","Belgium (BE)","49.40","40.63","151.90","76.20"
"21/05/2024 20:00:00 - 21/05/2024 21:00:00","Belgium (BE)","51.35","46.98","155.20","3.50"
"21/05/2024 21:00:00 - 21/05/2024 22:00:00","Belgium (BE)","60.03","67.78","69.93","5.66"
"21/05/2024 22:00:00 - 21/05/2024 23:00:00","Belgium (BE)","73.73","93.63","65.08","96.66"
"21/05/2024 23:00:00 - 22/05/2024 00:00:00","Belgium (BE)","94.40","126.03","75.28","89.72"
"22/05/2024 00:00:00 - 22/05/2024 01:00:00","Belgium (BE)","93.55","119.73","119.73","38.78"
"22/05/2024 01:00:00 - 22/05/2024 02:00:00","Belgium (BE)","134.10","146.58","146.58","67.98"
"22/05/2024 02:00:00 - 22/05/2024 03:00:00","Belgium (BE)","214.40","226.65","226.65","216.05"
"22/05/2024 03:00:00 - 22/05/2024 04:00:00","Belgium (BE)","310.25","303.98","303.98","395.31"
"22/05/2024 04:00:00 - 22/05/2024 05:00:00","Belgium (BE)","375.28","442.95","442.95","603.28"
"22/05/2024 05:00:00 - 22/05/2024 06:00:00","Belgium (BE)","441.43","626.78","626.78","823.38"
"22/05/2024 06:00:00 - 22/05/2024 07:00:00","Belgium (BE)","559.63","847.50","847.50","912.88"
"22/05/2024 07:00:00 - 22/05/2024 08:00:00","Belgium (BE)","773.93","1068.45","1068.45","1367.01"
"22/05/2024 08:00:00 - 22/05/2024 09:00:00","Belgium (BE)","991.30","1282.33","1357.05","1836.17"
"22/05/2024 09:00:00 - 22/05/2024 10:00:00","Belgium (BE)","1139.78","1498.70","1700.33","1935.77"
"22/05/2024 10:00:00 - 22/05/2024 11:00:00","Belgium (BE)","1278.05","1635.25","1769.28","1852.60"
"22/05/2024 11:00:00 - 22/05/2024 12:00:00","Belgium (BE)","1406.05","1657.70","1930.93","1857.02"
"22/05/2024 12:00:00 - 22/05/2024 13:00:00","Belgium (BE)","1503.90","1713.80","1882.88","1909.75"
"22/05/2024 13:00:00 - 22/05/2024 14:00:00","Belgium (BE)","1578.40","1808.40","1930.33","1814.24"
"22/05/2024 14:00:00 - 22/05/2024 15:00:00","Belgium (BE)","1679.05","1896.58","1965.03","1696.89"
"22/05/2024 15:00:00 - 22/05/2024 16:00:00","Belgium (BE)","1806.50","1947.98","1993.65","1985.28"
"22/05/2024 16:00:00 - 22/05/2024 17:00:00","Belgium (BE)","1868.10","1973.38","1949.98","1864.92"
"22/05/2024 17:00:00 - 22/05/2024 18:00:00","Belgium (BE)","1886.45","1981.35","2057.28","1958.46"
"22/05/2024 18:00:00 - 22/05/2024 19:00:00","Belgium (BE)","1911.03","1965.63","1967.18","2021.32"
"22/05/2024 19:00:00 - 22/05/2024 20:00:00","Belgium (BE)","1909.30","1926.70","1947.60","2018.66"
"22/05/2024 20:00:00 - 22/05/2024 21:00:00","Belgium (BE)","1886.88","1881.05","1914.80","1798.48"
"22/05/2024 21:00:00 - 22/05/2024 22:00:00","Belgium (BE)","1854.65","1834.20","1903.13","1800.78"
"22/05/2024 22:00:00 - 22/05/2024 23:00:00","Belgium (BE)","1786.68","1802.63","1848.85","1782.05"
"22/05/2024 23:00:00 - 23/05/2024 00:00:00","Belgium (BE)","1746.93","1776.08","1819.68","1672.83"
"23/05/2024 00:00:00 - 23/05/2024 01:00:00","Belgium (BE)","1798.68","1745.23","1745.23","1885.61"
"23/05/2024 01:00:00 - 23/05/2024 02:00:00","Belgium (BE)","1807.53","1749.28","1749.28","1785.45"
"23/05/2024 02:00:00 - 23/05/2024 03:00:00","Belgium (BE)","1776.10","1807.78","1807.78","1676.22"
"23/05/2024 03:00:00 - 23/05/2024 04:00:00","Belgium (BE)","1673.50","1702.65","1702.65","1730.16"
"23/05/2024 04:00:00 - 23/05/2024 05:00:00","Belgium (BE)","1505.85","1589.83","1589.83","1732.25"
"23/05/2024 05:00:00 - 23/05/2024 06:00:00","Belgium (BE)","1311.43","1444.05","1444.05","1639.24"
"23/05/2024 06:00:00 - 23/05/2024 07:00:00","Belgium (BE)","1139.48","1326.75","1326.75","1348.64"
"23/05/2024 07:00:00 - 23/05/2024 08:00:00","Belgium (BE)","1019.25","1174.58","1174.58","1017.77"
"23/05/2024 08:00:00 - 23/05/2024 09:00:00","Belgium (BE)","910.68","1010.58","1022.30","872.27"
"23/05/2024 09:00:00 - 23/05/2024 10:00:00","Belgium (BE)","832.25","914.08","962.63","818.18"
"23/05/2024 10:00:00 - 23/05/2024 11:00:00","Belgium (BE)","795.58","859.10","910.73","874.95"
"23/05/2024 11:00:00 - 23/05/2024 12:00:00","Belgium (BE)","814.78","816.10","927.75","780.49"
"23/05/2024 12:00:00 - 23/05/2024 13:00:00","Belgium (BE)","841.10","768.60","925.80","611.66"
"23/05/2024 13:00:00 - 23/05/2024 14:00:00","Belgium (BE)","868.05","706.05","869.65","574.24"
"23/05/2024 14:00:00 - 23/05/2024 15:00:00","Belgium (BE)","860.78","660.98","759.33","664.95"
"23/05/2024 15:00:00 - 23/05/2024 16:00:00","Belgium (BE)","820.00","643.23","744.05","796.01"
"23/05/2024 16:00:00 - 23/05/2024 17:00:00","Belgium (BE)","798.45","648.73","715.58","969.75"
"23/05/2024 17:00:00 - 23/05/2024 18:00:00","Belgium (BE)","764.93","598.70","635.80","1058.97"
"23/05/2024 18:00:00 - 23/05/2024 19:00:00","Belgium (BE)","696.35","472.80","644.18","1147.47"
"23/05/2024 19:00:00 - 23/05/2024 20:00:00","Belgium (BE)","609.25","366.30","708.38","875.80"
"23/05/2024 20:00:00 - 23/05/2024 21:00:00","Belgium (BE)","534.58","337.70","723.83","721.91"
"23/05/2024 21:00:00 - 23/05/2024 22:00:00","Belgium (BE)","480.13","362.78","622.28","524.77"
"23/05/2024 22:00:00 - 23/05/2024 23:00:00","Belgium (BE)","434.35","369.28","519.65","404.24"
"23/05/2024 23:00:00 - 24/05/2024 00:00:00","Belgium (BE)","392.40","316.93","436.50","328.43"
"24/05/2024 00:00:00 - 24/05/2024 01:00:00","Belgium (BE)","311.58","302.75","302.75","383.88"
"24/05/2024 01:00:00 - 24/05/2024 02:00:00","Belgium (BE)","230.33","253.10","253.10","320.42"
"24/05/2024 02:00:00 - 24/05/2024 03:00:00","Belgium (BE)","163.58","227.55","227.55","209.26"
"24/05/2024 03:00:00 - 24/05/2024 04:00:00","Belgium (BE)","114.90","169.95","169.95","100.52"
"24/05/2024 04:00:00 - 24/05/2024 05:00:00","Belgium (BE)","68.53","125.68","125.68","58.70"
"24/05/2024 05:00:00 - 24/05/2024 06:00:00","Belgium (BE)","34.33","73.05","73.05","13.13"
"24/05/2024 06:00:00 - 24/05/2024 07:00:00","Belgium (BE)","17.55","51.90","51.90"," "
"24/05/2024 07:00:00 - 24/05/2024 08:00:00","Belgium (BE)","10.68","29.35","29.35","2.26"
"24/05/2024 08:00:00 - 24/05/2024 09:00:00","Belgium (BE)","10.33","21.93","12.50","3.14"
"24/05/2024 09:00:00 - 24/05/2024 10:00:00","Belgium (BE)","11.43","18.40","11.45"," "
"24/05/2024 10:00:00 - 24/05/2024 11:00:00","Belgium (BE)","13.68","17.03","14.15"," "
"24/05/2024 11:00:00 - 24/05/2024 12:00:00","Belgium (BE)","16.25","15.78","16.75"," "
"24/05/2024 12:00:00 - 24/05/2024 13:00:00","Belgium (BE)","21.83","16.78","14.58"," "
"24/05/2024 13:00:00 - 24/05/2024 14:00:00","Belgium (BE)","30.98","25.55","16.98"," "
"24/05/2024 14:00:00 - 24/05/2024 15:00:00","Belgium (BE)","49.38","41.93","19.85"," "
"24/05/2024 15:00:00 - 24/05/2024 16:00:00","Belgium (BE)","73.30","66.20","22.50"," "
"24/05/2024 16:00:00 - 24/05/2024 17:00:00","Belgium (BE)","95.08","87.70","22.53"," "
"24/05/2024 17:00:00 - 24/05/2024 18:00:00","Belgium (BE)","104.35","94.50","23.68"," "
"24/05/2024 18:00:00 - 24/05/2024 19:00:00","Belgium (BE)","100.13","91.65","29.65"," "
"24/05/2024 19:00:00 - 24/05/2024 20:00:00","Belgium (BE)","91.48","80.35","29.90"," "
"24/05/2024 20:00:00 - 24/05/2024 21:00:00","Belgium (BE)","81.70","73.40","33.63"," "
"24/05/2024 21:00:00 - 24/05/2024 22:00:00","Belgium (BE)","68.08","71.13","39.38","12.68"
"24/05/2024 22:00:00 - 24/05/2024 23:00:00","Belgium (BE)","60.08","67.70","45.33","19.43"
"24/05/2024 23:00:00 - 25/05/2024 00:00:00","Belgium (BE)","50.98","72.98","59.20","8.47"
"25/05/2024 00:00:00 - 25/05/2024 01:00:00","Belgium (BE)","84.33","108.60","108.60","18.48"
"25/05/2024 01:00:00 - 25/05/2024 02:00:00","Belgium (BE)","108.90","126.78","126.78","75.69"
"25/05/2024 02:00:00 - 25/05/2024 03:00:00","Belgium (BE)","143.13","146.60","146.60","6.16"
"25/05/2024 03:00:00 - 25/05/2024 04:00:00","Belgium (BE)","199.13","206.08","206.08","21.78"
"25/05/2024 04:00:00 - 25/05/2024 05:00:00","Belgium (BE)","269.30","270.20","270.20","90.05"
"25/05/2024 05:00:00 - 25/05/2024 06:00:00","Belgium (BE)","326.78","269.20","269.20","168.39"
"25/05/2024 06:00:00 - 25/05/2024 07:00:00","Belgium (BE)","347.15","294.80","294.80","188.43"
"25/05/2024 07:00:00 - 25/05/2024 08:00:00","Belgium (BE)","333.95","290.88","290.88","125.60"
"25/05/2024 08:00:00 - 25/05/2024 09:00:00","Belgium (BE)","341.48","297.05","255.45","103.35"
"25/05/2024 09:00:00 - 25/05/2024 10:00:00","Belgium (BE)","372.10","295.15","236.20","102.10"
"25/05/2024 10:00:00 - 25/05/2024 11:00:00","Belgium (BE)","410.13","295.53","231.38","121.63"
"25/05/2024 11:00:00 - 25/05/2024 12:00:00","Belgium (BE)","450.18","312.20","231.45","154.41"
"25/05/2024 12:00:00 - 25/05/2024 13:00:00","Belgium (BE)","455.03","338.15","252.58","257.24"
"25/05/2024 13:00:00 - 25/05/2024 14:00:00","Belgium (BE)","410.10","339.93","254.53","314.28"
"25/05/2024 14:00:00 - 25/05/2024 15:00:00","Belgium (BE)","355.55","298.85","265.00","282.61"
"25/05/2024 15:00:00 - 25/05/2024 16:00:00","Belgium (BE)","289.70","236.63","230.83","179.29"
"25/05/2024 16:00:00 - 25/05/2024 17:00:00","Belgium (BE)","217.88","183.13","176.33","120.61"
"25/05/2024 17:00:00 - 25/05/2024 18:00:00","Belgium (BE)","173.80","136.10","110.50","99.19"
"25/05/2024 18:00:00 - 25/05/2024 19:00:00","Belgium (BE)","146.48","98.00","62.55","25.49"
"25/05/2024 19:00:00 - 25/05/2024 20:00:00","Belgium (BE)","109.60","66.68","52.05","3.96"
"25/05/2024 20:00:00 - 25/05/2024 21:00:00","Belgium (BE)","76.98","46.90","29.10"," "
"25/05/2024 21:00:00 - 25/05/2024 22:00:00","Belgium (BE)","67.35","38.35","24.98","7.31"
"25/05/2024 22:00:00 - 25/05/2024 23:00:00","Belgium (BE)","66.40","44.58","38.25","30.66"
"25/05/2024 23:00:00 - 26/05/2024 00:00:00","Belgium (BE)","86.15","76.33","79.78","59.45"
"26/05/2024 00:00:00 - 26/05/2024 01:00:00","Belgium (BE)","192.28","238.53","238.53","140.47"
"26/05/2024 01:00:00 - 26/05/2024 02:00:00","Belgium (BE)","335.48","322.40","322.40","253.95"
"26/05/2024 02:00:00 - 26/05/2024 03:00:00","Belgium (BE)","438.18","355.03","355.03","332.90"
"26/05/2024 03:00:00 - 26/05/2024 04:00:00","Belgium (BE)","488.10","433.98","433.98","485.71"
"26/05/2024 04:00:00 - 26/05/2024 05:00:00","Belgium (BE)","434.23","429.28","429.28","640.23"
"26/05/2024 05:00:00 - 26/05/2024 06:00:00","Belgium (BE)","242.78","366.90","366.90","735.77"
"26/05/2024 06:00:00 - 26/05/2024 07:00:00","Belgium (BE)","170.15","395.00","395.00","696.55"
"26/05/2024 07:00:00 - 26/05/2024 08:00:00","Belgium (BE)","197.25","550.73","550.73","106.41"
"26/05/2024 08:00:00 - 26/05/2024 09:00:00","Belgium (BE)","261.65","497.23","637.05","127.09"
"26/05/2024 09:00:00 - 26/05/2024 10:00:00","Belgium (BE)","242.63","397.98","293.83","221.06"
"26/05/2024 10:00:00 - 26/05/2024 11:00:00","Belgium (BE)","187.10","322.58","203.90","100.02"
"26/05/2024 11:00:00 - 26/05/2024 12:00:00","Belgium (BE)","178.08","320.18","204.73","48.59"
"26/05/2024 12:00:00 - 26/05/2024 13:00:00","Belgium (BE)","162.58","258.25","187.75","43.52"
"26/05/2024 13:00:00 - 26/05/2024 14:00:00","Belgium (BE)","156.08","242.95","161.00","34.81"
"26/05/2024 14:00:00 - 26/05/2024 15:00:00","Belgium (BE)","163.30","285.45","189.43","18.87"
"26/05/2024 15:00:00 - 26/05/2024 16:00:00","Belgium (BE)","245.68","416.08","347.88","40.01"
"26/05/2024 16:00:00 - 26/05/2024 17:00:00","Belgium (BE)","414.05","659.85","634.53","304.60"
"26/05/2024 17:00:00 - 26/05/2024 18:00:00","Belgium (BE)","631.95","935.80","947.20","1074.27"
"26/05/2024 18:00:00 - 26/05/2024 19:00:00","Belgium (BE)","941.60","1163.20","1180.05","1496.61"
"26/05/2024 19:00:00 - 26/05/2024 20:00:00","Belgium (BE)","1260.88","1354.90","1507.85","1682.53"
"26/05/2024 20:00:00 - 26/05/2024 21:00:00","Belgium (BE)","1451.60","1494.10","1768.85","1972.99"
"26/05/2024 21:00:00 - 26/05/2024 22:00:00","Belgium (BE)","1506.75","1538.98","1810.60","1946.90"
"26/05/2024 22:00:00 - 26/05/2024 23:00:00","Belgium (BE)","1497.33","1496.08","1761.13","1821.39"
"26/05/2024 23:00:00 - 27/05/2024 00:00:00","Belgium (BE)","1492.28","1461.93","1683.90","1702.90"
"27/05/2024 00:00:00 - 27/05/2024 01:00:00","Belgium (BE)","1574.23","1654.23","1654.23","1694.23"
"27/05/2024 01:00:00 - 27/05/2024 02:00:00","Belgium (BE)","1529.70","1618.68","1618.68","1678.52"
"27/05/2024 02:00:00 - 27/05/2024 03:00:00","Belgium (BE)","1485.75","1571.45","1571.45","1638.36"
"27/05/2024 03:00:00 - 27/05/2024 04:00:00","Belgium (BE)","1451.63","1503.65","1503.65","1516.50"
"27/05/2024 04:00:00 - 27/05/2024 05:00:00","Belgium (BE)","1373.03","1416.38","1416.38","1550.69"
"27/05/2024 05:00:00 - 27/05/2024 06:00:00","Belgium (BE)","1250.53","1217.70","1217.70","1389.43"
"27/05/2024 06:00:00 - 27/05/2024 07:00:00","Belgium (BE)","1095.83","1170.55","1170.55","1165.67"
"27/05/2024 07:00:00 - 27/05/2024 08:00:00","Belgium (BE)","986.48","1090.70","1090.70","1315.79"
"27/05/2024 08:00:00 - 27/05/2024 09:00:00","Belgium (BE)","885.30","915.98","932.98","1066.07"
"27/05/2024 09:00:00 - 27/05/2024 10:00:00","Belgium (BE)","742.45","789.13","949.73","1096.34"
"27/05/2024 10:00:00 - 27/05/2024 11:00:00","Belgium (BE)","627.93","704.05","815.38","958.62"
"27/05/2024 11:00:00 - 27/05/2024 12:00:00","Belgium (BE)","584.73","630.70","860.25","628.47"
"27/05/2024 12:00:00 - 27/05/2024 13:00:00","Belgium (BE)","568.53","597.28","796.28","551.34"
"27/05/2024 13:00:00 - 27/05/2024 14:00:00","Belgium (BE)","572.63","597.38","668.55","497.19"
"27/05/2024 14:00:00 - 27/05/2024 15:00:00","Belgium (BE)","621.80","655.20","687.38","497.29"
"27/05/2024 15:00:00 - 27/05/2024 16:00:00","Belgium (BE)","693.85","727.18","739.13","670.79"
"27/05/2024 16:00:00 - 27/05/2024 17:00:00","Belgium (BE)","781.03","825.65","814.63","772.12"
"27/05/2024 17:00:00 - 27/05/2024 18:00:00","Belgium (BE)","882.40","957.65","941.30","825.84"
"27/05/2024 18:00:00 - 27/05/2024 19:00:00","Belgium (BE)","998.73","1056.90","1009.25","1058.87"
"27/05/2024 19:00:00 - 27/05/2024 20:00:00","Belgium (BE)","1089.78","1174.33","1077.38","1568.72"
"27/05/2024 20:00:00 - 27/05/2024 21:00:00","Belgium (BE)","1167.15","1240.35","1176.20","1489.79"
"27/05/2024 21:00:00 - 27/05/2024 22:00:00","Belgium (BE)","1195.15","1212.35","1366.40","1472.42"
"27/05/2024 22:00:00 - 27/05/2024 23:00:00","Belgium (BE)","1166.73","1149.13","1276.70","1446.15"
"27/05/2024 23:00:00 - 28/05/2024 00:00:00","Belgium (BE)","1138.95","1068.73","1202.98","1096.79"
"28/05/2024 00:00:00 - 28/05/2024 01:00:00","Belgium (BE)","1124.25","1160.93","1160.93","995.06"
"28/05/2024 01:00:00 - 28/05/2024 02:00:00","Belgium (BE)","1092.85","1041.75","1041.75","948.10"
"28/05/2024 02:00:00 - 28/05/2024 03:00:00","Belgium (BE)","1047.58","972.73","972.73","990.51"
"28/05/2024 03:00:00 - 28/05/2024 04:00:00","Belgium (BE)","1003.00","905.23","905.23","928.35"
"28/05/2024 04:00:00 - 28/05/2024 05:00:00","Belgium (BE)","946.28","859.78","859.78","756.61"
"28/05/2024 05:00:00 - 28/05/2024 06:00:00","Belgium (BE)","872.25","793.00","793.00","667.54"
"28/05/2024 06:00:00 - 28/05/2024 07:00:00","Belgium (BE)","792.18","711.90","711.90","580.59"
"28/05/2024 07:00:00 - 28/05/2024 08:00:00","Belgium (BE)","725.10","605.75","605.75","468.64"
"28/05/2024 08:00:00 - 28/05/2024 09:00:00","Belgium (BE)","693.70","512.80","497.75","322.56"
"28/05/2024 09:00:00 - 28/05/2024 10:00:00","Belgium (BE)","716.80","400.10","364.10","198.35"
"28/05/2024 10:00:00 - 28/05/2024 11:00:00","Belgium (BE)","788.28","361.95","378.08","265.66"
"28/05/2024 11:00:00 - 28/05/2024 12:00:00","Belgium (BE)","908.78","393.35","426.65","388.65"
"28/05/2024 12:00:00 - 28/05/2024 13:00:00","Belgium (BE)","1012.73","476.68","578.10","367.68"
"28/05/2024 13:00:00 - 28/05/2024 14:00:00","Belgium (BE)","1153.95","601.73","818.35","980.69"
"28/05/2024 14:00:00 - 28/05/2024 15:00:00","Belgium (BE)","1299.00","798.05","1034.95","821.59"
"28/05/2024 15:00:00 - 28/05/2024 16:00:00","Belgium (BE)","1463.50","1096.20","1505.58","1066.62"
"28/05/2024 16:00:00 - 28/05/2024 17:00:00","Belgium (BE)","1628.55","1397.35","1664.48","1516.55"
"28/05/2024 17:00:00 - 28/05/2024 18:00:00","Belgium (BE)","1795.25","1632.23","1655.30","2031.60"
"28/05/2024 18:00:00 - 28/05/2024 19:00:00","Belgium (BE)","1909.73","1843.15","1944.88","2101.21"
"28/05/2024 19:00:00 - 28/05/2024 20:00:00","Belgium (BE)","1962.95","1963.23","2125.95","2113.27"
"28/05/2024 20:00:00 - 28/05/2024 21:00:00","Belgium (BE)","1991.65","2001.33","2130.88","2115.11"
"28/05/2024 21:00:00 - 28/05/2024 22:00:00","Belgium (BE)","2003.73","2009.90","2114.15","2121.44"
"28/05/2024 22:00:00 - 28/05/2024 23:00:00","Belgium (BE)","2010.65","2005.85","2085.43","2110.61"
"28/05/2024 23:00:00 - 29/05/2024 00:00:00","Belgium (BE)","2009.65","1984.33","2028.20","2090.39"
"29/05/2024 00:00:00 - 29/05/2024 01:00:00","Belgium (BE)","1964.83","2027.98","2027.98","2098.87"
"29/05/2024 01:00:00 - 29/05/2024 02:00:00","Belgium (BE)","2001.70","2080.28","2080.28","2100.82"
"29/05/2024 02:00:00 - 29/05/2024 03:00:00","Belgium (BE)","2015.70","2078.55","2078.55","2092.23"
"29/05/2024 03:00:00 - 29/05/2024 04:00:00","Belgium (BE)","2010.80","2079.85","2079.85","2094.57"
"29/05/2024 04:00:00 - 29/05/2024 05:00:00","Belgium (BE)","1983.75","2039.95","2039.95","2078.56"
"29/05/2024 05:00:00 - 29/05/2024 06:00:00","Belgium (BE)","1937.68","1963.93","1963.93","1892.84"
"29/05/2024 06:00:00 - 29/05/2024 07:00:00","Belgium (BE)","1890.48","1785.98","1785.98","1750.80"
"29/05/2024 07:00:00 - 29/05/2024 08:00:00","Belgium (BE)","1804.28","1627.28","1627.28","1636.13"
"29/05/2024 08:00:00 - 29/05/2024 09:00:00","Belgium (BE)","1657.68","1381.28","1354.25","1544.85"
"29/05/2024 09:00:00 - 29/05/2024 10:00:00","Belgium (BE)","1432.78","1177.28","1212.00","1443.46"
"29/05/2024 10:00:00 - 29/05/2024 11:00:00","Belgium (BE)","1176.80","1010.30","1008.23","1159.25"
"29/05/2024 11:00:00 - 29/05/2024 12:00:00","Belgium (BE)","964.15","832.78","977.73","1193.49"
"29/05/2024 12:00:00 - 29/05/2024 13:00:00","Belgium (BE)","790.58","687.30","799.75","1008.79"
"29/05/2024 13:00:00 - 29/05/2024 14:00:00","Belgium (BE)","716.00","626.15","810.78","831.12"
"29/05/2024 14:00:00 - 29/05/2024 15:00:00","Belgium (BE)","761.30","663.78","799.40","727.59"
"29/05/2024 15:00:00 - 29/05/2024 16:00:00","Belgium (BE)","853.30","819.63","778.80","702.81"
"29/05/2024 16:00:00 - 29/05/2024 17:00:00","Belgium (BE)","937.80","1036.78","829.13","707.72"
"29/05/2024 17:00:00 - 29/05/2024 18:00:00","Belgium (BE)","1028.78","1241.45","916.43","852.10"
"29/05/2024 18:00:00 - 29/05/2024 19:00:00","Belgium (BE)","1077.13","1341.70","928.63","1069.47"
"29/05/2024 19:00:00 - 29/05/2024 20:00:00","Belgium (BE)","1042.18","1287.43","901.55","873.89"
"29/05/2024 20:00:00 - 29/05/2024 21:00:00","Belgium (BE)","923.98","1134.10","842.95","801.16"
"29/05/2024 21:00:00 - 29/05/2024 22:00:00","Belgium (BE)","738.50","945.03","602.33","567.42"
"29/05/2024 22:00:00 - 29/05/2024 23:00:00","Belgium (BE)","590.83","762.50","421.10","314.34"
"29/05/2024 23:00:00 - 30/05/2024 00:00:00","Belgium (BE)","465.30","580.43","298.75","20.66"
"30/05/2024 00:00:00 - 30/05/2024 01:00:00","Belgium (BE)","230.23","219.28","219.28","2.61"
"30/05/2024 01:00:00 - 30/05/2024 02:00:00","Belgium (BE)","218.88","181.98","181.98","99.40"
"30/05/2024 02:00:00 - 30/05/2024 03:00:00","Belgium (BE)","259.88","218.60","218.60","258.45"
"30/05/2024 03:00:00 - 30/05/2024 04:00:00","Belgium (BE)","312.10","274.90","274.90","193.57"
"30/05/2024 04:00:00 - 30/05/2024 05:00:00","Belgium (BE)","305.43","327.03","327.03","309.19"
"30/05/2024 05:00:00 - 30/05/2024 06:00:00","Belgium (BE)","316.28","317.03","317.03","289.20"
"30/05/2024 06:00:00 - 30/05/2024 07:00:00","Belgium (BE)","315.55","333.03","333.03","377.75"
"30/05/2024 07:00:00 - 30/05/2024 08:00:00","Belgium (BE)","304.58","344.63","344.63","493.77"
"30/05/2024 08:00:00 - 30/05/2024 09:00:00","Belgium (BE)","306.08","384.88","403.70","353.72"
"30/05/2024 09:00:00 - 30/05/2024 10:00:00","Belgium (BE)","306.88","400.08","440.98","315.25"
"30/05/2024 10:00:00 - 30/05/2024 11:00:00","Belgium (BE)","306.03","396.40","428.63","316.76"
"30/05/2024 11:00:00 - 30/05/2024 12:00:00","Belgium (BE)","289.80","385.63","374.73","220.87"
"30/05/2024 12:00:00 - 30/05/2024 13:00:00","Belgium (BE)","286.93","365.70","373.45","205.01"
"30/05/2024 13:00:00 - 30/05/2024 14:00:00","Belgium (BE)","272.98","334.63","300.43","191.13"
"30/05/2024 14:00:00 - 30/05/2024 15:00:00","Belgium (BE)","242.63","296.68","244.35","153.38"
"30/05/2024 15:00:00 - 30/05/2024 16:00:00","Belgium (BE)","199.53","262.08","200.73","52.30"
"30/05/2024 16:00:00 - 30/05/2024 17:00:00","Belgium (BE)","210.38","223.28","162.98","65.80"
"30/05/2024 17:00:00 - 30/05/2024 18:00:00","Belgium (BE)","265.60","222.68","109.45","57.13"
"30/05/2024 18:00:00 - 30/05/2024 19:00:00","Belgium (BE)","381.05","332.78","126.68","116.60"
"30/05/2024 19:00:00 - 30/05/2024 20:00:00","Belgium (BE)","616.90","530.50","225.95","296.02"
"30/05/2024 20:00:00 - 30/05/2024 21:00:00","Belgium (BE)","860.95","678.20","454.33","384.14"
"30/05/2024 21:00:00 - 30/05/2024 22:00:00","Belgium (BE)","1088.45","890.00","864.88","734.77"
"30/05/2024 22:00:00 - 30/05/2024 23:00:00","Belgium (BE)","1308.15","1151.33","1231.60","1014.61"
"30/05/2024 23:00:00 - 31/05/2024 00:00:00","Belgium (BE)","1460.23","1354.08","1415.75","1184.62"
"31/05/2024 00:00:00 - 31/05/2024 01:00:00","Belgium (BE)","1454.93","1381.65","1381.65","1316.15"
"31/05/2024 01:00:00 - 31/05/2024 02:00:00","Belgium (BE)","1496.68","1416.30","1416.30","1370.39"
"31/05/2024 02:00:00 - 31/05/2024 03:00:00","Belgium (BE)","1539.25","1496.80","1496.80","1430.89"
"31/05/2024 03:00:00 - 31/05/2024 04:00:00","Belgium (BE)","1591.63","1536.50","1536.50","1266.90"
"31/05/2024 04:00:00 - 31/05/2024 05:00:00","Belgium (BE)","1635.23","1633.08","1633.08","1128.25"
"31/05/2024 05:00:00 - 31/05/2024 06:00:00","Belgium (BE)","1613.20","1614.88","1614.88","1398.96"
"31/05/2024 06:00:00 - 31/05/2024 07:00:00","Belgium (BE)","1530.50","1523.85","1523.85","1742.38"
"31/05/2024 07:00:00 - 31/05/2024 08:00:00","Belgium (BE)","1453.08","1494.93","1494.93","1849.61"
"31/05/2024 08:00:00 - 31/05/2024 09:00:00","Belgium (BE)","1285.78","1304.75","1390.18","1906.26"
"31/05/2024 09:00:00 - 31/05/2024 10:00:00","Belgium (BE)","1081.15","963.63","1102.13","1437.44"
"31/05/2024 10:00:00 - 31/05/2024 11:00:00","Belgium (BE)","737.58","713.30","796.70","862.02"
"31/05/2024 11:00:00 - 31/05/2024 12:00:00","Belgium (BE)","633.85","763.53","868.53","667.97"
"31/05/2024 12:00:00 - 31/05/2024 13:00:00","Belgium (BE)","696.15","950.25","973.98","916.98"
"31/05/2024 13:00:00 - 31/05/2024 14:00:00","Belgium (BE)","765.15","1210.95","1178.03","1270.00"
"31/05/2024 14:00:00 - 31/05/2024 15:00:00","Belgium (BE)","909.45","1437.20","1469.43","1578.06"
"31/05/2024 15:00:00 - 31/05/2024 16:00:00","Belgium (BE)","1146.00","1623.35","1699.88","1839.43"
"31/05/2024 16:00:00 - 31/05/2024 17:00:00","Belgium (BE)","1395.10","1786.30","1822.28","1872.59"
"31/05/2024 17:00:00 - 31/05/2024 18:00:00","Belgium (BE)","1649.60","1866.58","2001.65","1877.88"
"31/05/2024 18:00:00 - 31/05/2024 19:00:00","Belgium (BE)","1828.60","1938.03","2034.08","1948.34"
"31/05/2024 19:00:00 - 31/05/2024 20:00:00","Belgium (BE)","1914.88","1972.65","2008.58","1991.28"
"31/05/2024 20:00:00 - 31/05/2024 21:00:00","Belgium (BE)","1927.68","1968.80","2007.30","2037.68"
"31/05/2024 21:00:00 - 31/05/2024 22:00:00","Belgium (BE)","1922.03","1945.13","1965.33","1944.32"
"31/05/2024 22:00:00 - 31/05/2024 23:00:00","Belgium (BE)","1932.10","1910.80","1931.53","1971.52"
"31/05/2024 23:00:00 - 01/06/2024 00:00:00","Belgium (BE)","1937.63","1866.75","1892.28","1944.49"
"01/06/2024 00:00:00 - 01/06/2024 01:00:00","Belgium (BE)","1884.90","1876.10","1876.10","1698.23"
"01/06/2024 01:00:00 - 01/06/2024 02:00:00","Belgium (BE)","1917.70","1915.88","1915.88","1712.90"
"01/06/2024 02:00:00 - 01/06/2024 03:00:00","Belgium (BE)","1938.95","1829.00","1829.00","1884.34"
"01/06/2024 03:00:00 - 01/06/2024 04:00:00","Belgium (BE)","1956.38","1867.25","1867.25","1929.26"
"01/06/2024 04:00:00 - 01/06/2024 05:00:00","Belgium (BE)","1961.03","1900.90","1900.90","1969.46"
"01/06/2024 05:00:00 - 01/06/2024 06:00:00","Belgium (BE)","1963.23","1973.55","1973.55","2014.90"
"01/06/2024 06:00:00 - 01/06/2024 07:00:00","Belgium (BE)","1954.98","1960.28","1960.28","2007.30"
"01/06/2024 07:00:00 - 01/06/2024 08:00:00","Belgium (BE)","1934.78","1960.58","1960.58","1989.68"
"01/06/2024 08:00:00 - 01/06/2024 09:00:00","Belgium (BE)","1919.35","1900.58","1938.00","1961.24"
"01/06/2024 09:00:00 - 01/06/2024 10:00:00","Belgium (BE)","1907.03","1864.53","1918.53","1842.22"
"01/06/2024 10:00:00 - 01/06/2024 11:00:00","Belgium (BE)","1900.40","1841.35","1872.40","1771.95"
"01/06/2024 11:00:00 - 01/06/2024 12:00:00","Belgium (BE)","1919.10","1834.08","1886.38","1918.86"
"01/06/2024 12:00:00 - 01/06/2024 13:00:00","Belgium (BE)","1943.18","1855.48","1874.10","1996.09"
"01/06/2024 13:00:00 - 01/06/2024 14:00:00","Belgium (BE)","1960.45","1885.98","1945.28","2025.70"
"01/06/2024 14:00:00 - 01/06/2024 15:00:00","Belgium (BE)","1965.33","1912.95","1994.38","2067.82"
"01/06/2024 15:00:00 - 01/06/2024 16:00:00","Belgium (BE)","1954.48","1918.55","2024.45","2060.35"
"01/06/2024 16:00:00 - 01/06/2024 17:00:00","Belgium (BE)","1945.10","1908.33","2048.20","2072.14"
"01/06/2024 17:00:00 - 01/06/2024 18:00:00","Belgium (BE)","1946.53","1904.55","2035.60","2054.14"
"01/06/2024 18:00:00 - 01/06/2024 19:00:00","Belgium (BE)","1955.68","1898.33","2042.38","2009.74"
"01/06/2024 19:00:00 - 01/06/2024 20:00:00","Belgium (BE)","1960.30","1897.68","2034.73","1971.78"
"01/06/2024 20:00:00 - 01/06/2024 21:00:00","Belgium (BE)","1956.53","1904.48","2014.93","1976.92"
"01/06/2024 21:00:00 - 01/06/2024 22:00:00","Belgium (BE)","1956.30","1898.20","1979.65","2016.42"
"01/06/2024 22:00:00 - 01/06/2024 23:00:00","Belgium (BE)","1939.90","1876.58","1928.70","1975.45"
"01/06/2024 23:00:00 - 02/06/2024 00:00:00","Belgium (BE)","1914.20","1833.45","1857.98","1884.02"
"02/06/2024 00:00:00 - 02/06/2024 01:00:00","Belgium (BE)","1789.65","1719.15","1719.15","1694.97"
"02/06/2024 01:00:00 - 02/06/2024 02:00:00","Belgium (BE)","1691.60","1627.10","1627.10","1606.58"
"02/06/2024 02:00:00 - 02/06/2024 03:00:00","Belgium (BE)","1617.00","1518.53","1518.53","1580.86"
"02/06/2024 03:00:00 - 02/06/2024 04:00:00","Belgium (BE)","1543.85","1468.70","1468.70","1426.63"
"02/06/2024 04:00:00 - 02/06/2024 05:00:00","Belgium (BE)","1468.25","1442.20","1442.20","1319.33"
"02/06/2024 05:00:00 - 02/06/2024 06:00:00","Belgium (BE)","1374.60","1327.95","1327.95","1342.28"
"02/06/2024 06:00:00 - 02/06/2024 07:00:00","Belgium (BE)","1283.93","1212.73","1212.73","1285.13"
"02/06/2024 07:00:00 - 02/06/2024 08:00:00","Belgium (BE)","1195.08","1104.53","1104.53","1300.35"
"02/06/2024 08:00:00 - 02/06/2024 09:00:00","Belgium (BE)","1055.25","968.53","1053.65","1210.90"
"02/06/2024 09:00:00 - 02/06/2024 10:00:00","Belgium (BE)","909.65","850.58","955.73","841.78"
"02/06/2024 10:00:00 - 02/06/2024 11:00:00","Belgium (BE)","815.45","767.08","813.38","652.75"
"02/06/2024 11:00:00 - 02/06/2024 12:00:00","Belgium (BE)","772.35","720.85","628.90","601.51"
"02/06/2024 12:00:00 - 02/06/2024 13:00:00","Belgium (BE)","711.98","663.73","533.05","610.20"
"02/06/2024 13:00:00 - 02/06/2024 14:00:00","Belgium (BE)","661.03","676.13","544.10","546.25"
"02/06/2024 14:00:00 - 02/06/2024 15:00:00","Belgium (BE)","682.38","746.43","593.35","576.61"
"02/06/2024 15:00:00 - 02/06/2024 16:00:00","Belgium (BE)","739.38","787.95","571.93","441.43"
"02/06/2024 16:00:00 - 02/06/2024 17:00:00","Belgium (BE)","768.03","792.00","600.23","433.22"
"02/06/2024 17:00:00 - 02/06/2024 18:00:00","Belgium (BE)","821.35","841.85","614.33","454.90"
"02/06/2024 18:00:00 - 02/06/2024 19:00:00","Belgium (BE)","821.20","824.60","605.95","448.57"
"02/06/2024 19:00:00 - 02/06/2024 20:00:00","Belgium (BE)","744.53","716.28","519.53","361.51"
"02/06/2024 20:00:00 - 02/06/2024 21:00:00","Belgium (BE)","543.20","505.80","353.18","306.83"
"02/06/2024 21:00:00 - 02/06/2024 22:00:00","Belgium (BE)","328.03","302.85","207.43","158.59"
"02/06/2024 22:00:00 - 02/06/2024 23:00:00","Belgium (BE)","187.78","161.25","132.65","16.48"
"02/06/2024 23:00:00 - 03/06/2024 00:00:00","Belgium (BE)","115.68","75.55","73.53"," "
"03/06/2024 00:00:00 - 03/06/2024 01:00:00","Belgium (BE)","30.10","10.95","10.95"," "
"03/06/2024 01:00:00 - 03/06/2024 02:00:00","Belgium (BE)","11.88","10.23","10.23"," "
"03/06/2024 02:00:00 - 03/06/2024 03:00:00","Belgium (BE)","8.30","11.13","11.13"," "
"03/06/2024 03:00:00 - 03/06/2024 04:00:00","Belgium (BE)","13.83","19.15","19.15","46.60"
"03/06/2024 04:00:00 - 03/06/2024 05:00:00","Belgium (BE)","22.58","25.43","25.43","25.38"
"03/06/2024 05:00:00 - 03/06/2024 06:00:00","Belgium (BE)","24.08","36.63","36.63"," "
"03/06/2024 06:00:00 - 03/06/2024 07:00:00","Belgium (BE)","17.93","17.15","17.15"," "
"03/06/2024 07:00:00 - 03/06/2024 08:00:00","Belgium (BE)","11.73","14.73","14.73"," "
"03/06/2024 08:00:00 - 03/06/2024 09:00:00","Belgium (BE)","12.15","16.20","12.85"," "
"03/06/2024 09:00:00 - 03/06/2024 10:00:00","Belgium (BE)","15.25","18.63","15.05"," "
"03/06/2024 10:00:00 - 03/06/2024 11:00:00","Belgium (BE)","16.03","23.10","17.95"," "
"03/06/2024 11:00:00 - 03/06/2024 12:00:00","Belgium (BE)","17.43","28.10","22.48","17.84"
"03/06/2024 12:00:00 - 03/06/2024 13:00:00","Belgium (BE)","21.28","31.48","29.93","8.64"
"03/06/2024 13:00:00 - 03/06/2024 14:00:00","Belgium (BE)","23.18","32.78","25.00","1.32"
"03/06/2024 14:00:00 - 03/06/2024 15:00:00","Belgium (BE)","19.83","34.08","21.45"," "
"03/06/2024 15:00:00 - 03/06/2024 16:00:00","Belgium (BE)","16.65","33.15","13.58"," "
"03/06/2024 16:00:00 - 03/06/2024 17:00:00","Belgium (BE)","13.90","24.00","10.28"," "
"03/06/2024 17:00:00 - 03/06/2024 18:00:00","Belgium (BE)","12.58","15.25","8.60"," "
"03/06/2024 18:00:00 - 03/06/2024 19:00:00","Belgium (BE)","10.40","10.85","11.13"," "
"03/06/2024 19:00:00 - 03/06/2024 20:00:00","Belgium (BE)","8.90","9.38","10.80"," "
"03/06/2024 20:00:00 - 03/06/2024 21:00:00","Belgium (BE)","10.10","10.53","12.40"," "
"03/06/2024 21:00:00 - 03/06/2024 22:00:00","Belgium (BE)","14.40","13.23","13.85"," "
"03/06/2024 22:00:00 - 03/06/2024 23:00:00","Belgium (BE)","19.70","17.48","17.03"," "
"03/06/2024 23:00:00 - 04/06/2024 00:00:00","Belgium (BE)","23.93","22.40","21.18"," "
"04/06/2024 00:00:00 - 04/06/2024 01:00:00","Belgium (BE)","32.60","28.00","28.00"," "
"04/06/2024 01:00:00 - 04/06/2024 02:00:00","Belgium (BE)","46.80","33.38","33.38","1.57"
"04/06/2024 02:00:00 - 04/06/2024 03:00:00","Belgium (BE)","65.23","40.73","40.73","29.18"
"04/06/2024 03:00:00 - 04/06/2024 04:00:00","Belgium (BE)","91.85","61.13","61.13","44.00"
"04/06/2024 04:00:00 - 04/06/2024 05:00:00","Belgium (BE)","106.70","89.53","89.53","104.05"
"04/06/2024 05:00:00 - 04/06/2024 06:00:00","Belgium (BE)","115.13","87.60","87.60","144.00"
"04/06/2024 06:00:00 - 04/06/2024 07:00:00","Belgium (BE)","120.90","108.08","108.08","175.55"
"04/06/2024 07:00:00 - 04/06/2024 08:00:00","Belgium (BE)","121.33","137.70","137.70","207.55"
"04/06/2024 08:00:00 - 04/06/2024 09:00:00","Belgium (BE)","132.85","146.93","146.93","151.54"
"04/06/2024 09:00:00 - 04/06/2024 10:00:00","Belgium (BE)","158.63","178.98","221.60","183.58"
"04/06/2024 10:00:00 - 04/06/2024 11:00:00","Belgium (BE)","210.88","236.13","229.95","242.22"
"04/06/2024 11:00:00 - 04/06/2024 12:00:00","Belgium (BE)","303.90","312.20","299.38","308.90"
"04/06/2024 12:00:00 - 04/06/2024 13:00:00","Belgium (BE)","448.73","438.45","386.28","335.45"
"04/06/2024 13:00:00 - 04/06/2024 14:00:00","Belgium (BE)","672.43","667.73","546.98","319.73"
"04/06/2024 14:00:00 - 04/06/2024 15:00:00","Belgium (BE)","982.70","1065.35","878.58","632.56"
"04/06/2024 15:00:00 - 04/06/2024 16:00:00","Belgium (BE)","1397.88","1536.35","1273.60","1515.08"
"04/06/2024 16:00:00 - 04/06/2024 17:00:00","Belgium (BE)","1781.28","1855.98","1698.93","1908.39"
"04/06/2024 17:00:00 - 04/06/2024 18:00:00","Belgium (BE)","1930.65","1951.20","1917.65","1982.85"
"04/06/2024 18:00:00 - 04/06/2024 19:00:00","Belgium (BE)","1987.03","1974.30","2041.90","1882.12"
"04/06/2024 19:00:00 - 04/06/2024 20:00:00","Belgium (BE)","1998.55","1997.63","2066.28","1999.88"
"04/06/2024 20:00:00 - 04/06/2024 21:00:00","Belgium (BE)","1986.73","1985.13","1988.75","2040.40"
"04/06/2024 21:00:00 - 04/06/2024 22:00:00","Belgium (BE)","1948.18","1935.03","1997.55","2016.94"
"04/06/2024 22:00:00 - 04/06/2024 23:00:00","Belgium (BE)","1863.78","1851.55","1885.60","1986.36"
"04/06/2024 23:00:00 - 05/06/2024 00:00:00","Belgium (BE)","1753.28","1718.30","1691.30","1913.78"
"05/06/2024 00:00:00 - 05/06/2024 01:00:00","Belgium (BE)","1432.58","1554.10","1554.10","1942.46"
"05/06/2024 01:00:00 - 05/06/2024 02:00:00","Belgium (BE)","1081.38","1313.58","1313.58","1255.04"
"05/06/2024 02:00:00 - 05/06/2024 03:00:00","Belgium (BE)","651.93","965.20","965.20","409.79"
"05/06/2024 03:00:00 - 05/06/2024 04:00:00","Belgium (BE)","478.30","509.78","509.78","394.60"
"05/06/2024 04:00:00 - 05/06/2024 05:00:00","Belgium (BE)","424.73","370.60","370.60","472.60"
"05/06/2024 05:00:00 - 05/06/2024 06:00:00","Belgium (BE)","380.60","277.90","277.90","462.39"
"05/06/2024 06:00:00 - 05/06/2024 07:00:00","Belgium (BE)","318.30","290.18","290.18","317.33"
"05/06/2024 07:00:00 - 05/06/2024 08:00:00","Belgium (BE)","244.10","266.63","266.63","235.99"
"05/06/2024 08:00:00 - 05/06/2024 09:00:00","Belgium (BE)","179.08","200.28","163.68","145.73"
"05/06/2024 09:00:00 - 05/06/2024 10:00:00","Belgium (BE)","126.43","142.55","134.43","137.49"
"05/06/2024 10:00:00 - 05/06/2024 11:00:00","Belgium (BE)","82.25","95.83","100.18","123.24"
"05/06/2024 11:00:00 - 05/06/2024 12:00:00","Belgium (BE)","55.48","63.40","78.38","120.10"
"05/06/2024 12:00:00 - 05/06/2024 13:00:00","Belgium (BE)","43.63","51.25","68.23","68.14"
"05/06/2024 13:00:00 - 05/06/2024 14:00:00","Belgium (BE)","41.95","53.48","84.00","97.77"
"05/06/2024 14:00:00 - 05/06/2024 15:00:00","Belgium (BE)","48.55","65.55","73.83","51.47"
"05/06/2024 15:00:00 - 05/06/2024 16:00:00","Belgium (BE)","45.18","66.90","73.05","57.30"
"05/06/2024 16:00:00 - 05/06/2024 17:00:00","Belgium (BE)","44.73","76.55","75.90","90.11"
"05/06/2024 17:00:00 - 05/06/2024 18:00:00","Belgium (BE)","57.43","109.50","105.55","91.29"
"05/06/2024 18:00:00 - 05/06/2024 19:00:00","Belgium (BE)","73.78","164.58","146.95","101.95"
"05/06/2024 19:00:00 - 05/06/2024 20:00:00","Belgium (BE)","88.80","209.90","162.38","207.90"
"05/06/2024 20:00:00 - 05/06/2024 21:00:00","Belgium (BE)","103.40","209.58","157.23","202.15"
"05/06/2024 21:00:00 - 05/06/2024 22:00:00","Belgium (BE)","101.08","171.10","145.38","126.69"
"05/06/2024 22:00:00 - 05/06/2024 23:00:00","Belgium (BE)","98.70","138.03","92.80","53.18"
"05/06/2024 23:00:00 - 06/06/2024 00:00:00","Belgium (BE)","101.55","114.65","72.90","46.41"
"06/06/2024 00:00:00 - 06/06/2024 01:00:00","Belgium (BE)","75.85","58.33","58.33","99.55"
"06/06/2024 01:00:00 - 06/06/2024 02:00:00","Belgium (BE)","84.78","68.15","68.15","136.82"
"06/06/2024 02:00:00 - 06/06/2024 03:00:00","Belgium (BE)","59.45","55.68","55.68","118.81"
"06/06/2024 03:00:00 - 06/06/2024 04:00:00","Belgium (BE)","41.95","73.63","73.63","39.73"
"06/06/2024 04:00:00 - 06/06/2024 05:00:00","Belgium (BE)","33.80","73.55","73.55","25.07"
"06/06/2024 05:00:00 - 06/06/2024 06:00:00","Belgium (BE)","31.45","48.83","48.83","36.21"
"06/06/2024 06:00:00 - 06/06/2024 07:00:00","Belgium (BE)","34.40","57.70","57.70","3.50"
"06/06/2024 07:00:00 - 06/06/2024 08:00:00","Belgium (BE)","34.68","82.18","82.18"," "
"06/06/2024 08:00:00 - 06/06/2024 09:00:00","Belgium (BE)","34.78","101.40","60.78"," "
"06/06/2024 09:00:00 - 06/06/2024 10:00:00","Belgium (BE)","33.55","118.75","73.93"," "
"06/06/2024 10:00:00 - 06/06/2024 11:00:00","Belgium (BE)","35.75","130.55","104.90","24.58"
"06/06/2024 11:00:00 - 06/06/2024 12:00:00","Belgium (BE)","36.68","129.80","38.08","33.58"
"06/06/2024 12:00:00 - 06/06/2024 13:00:00","Belgium (BE)","39.83","124.43","41.00","5.05"
"06/06/2024 13:00:00 - 06/06/2024 14:00:00","Belgium (BE)","43.20","114.90","38.33","6.76"
"06/06/2024 14:00:00 - 06/06/2024 15:00:00","Belgium (BE)","40.05","100.08","27.35","5.85"
"06/06/2024 15:00:00 - 06/06/2024 16:00:00","Belgium (BE)","30.65","86.25","31.65","13.96"
"06/06/2024 16:00:00 - 06/06/2024 17:00:00","Belgium (BE)","27.85","83.85","33.43","50.95"
"06/06/2024 17:00:00 - 06/06/2024 18:00:00","Belgium (BE)","33.50","101.35","53.48","183.93"
"06/06/2024 18:00:00 - 06/06/2024 19:00:00","Belgium (BE)","45.00","136.88","96.65","333.24"
"06/06/2024 19:00:00 - 06/06/2024 20:00:00","Belgium (BE)","59.13","176.73","189.88","259.07"
"06/06/2024 20:00:00 - 06/06/2024 21:00:00","Belgium (BE)","76.75","204.53","286.05","198.04"
"06/06/2024 21:00:00 - 06/06/2024 22:00:00","Belgium (BE)","99.08","197.45","260.93","230.29"
"06/06/2024 22:00:00 - 06/06/2024 23:00:00","Belgium (BE)","117.33","185.28","281.88","192.90"
"06/06/2024 23:00:00 - 07/06/2024 00:00:00","Belgium (BE)","123.55","185.78","292.53","210.64"
"07/06/2024 00:00:00 - 07/06/2024 01:00:00","Belgium (BE)","264.33","164.38","164.38","125.39"
"07/06/2024 01:00:00 - 07/06/2024 02:00:00","Belgium (BE)","249.33","188.10","188.10","151.93"
"07/06/2024 02:00:00 - 07/06/2024 03:00:00","Belgium (BE)","264.63","193.00","193.00","238.77"
"07/06/2024 03:00:00 - 07/06/2024 04:00:00","Belgium (BE)","282.75","227.48","227.48","304.97"
"07/06/2024 04:00:00 - 07/06/2024 05:00:00","Belgium (BE)","268.73","237.75","237.75","299.04"
"07/06/2024 05:00:00 - 07/06/2024 06:00:00","Belgium (BE)","225.58","248.05","248.05","250.81"
"07/06/2024 06:00:00 - 07/06/2024 07:00:00","Belgium (BE)","178.33","212.35","212.35","156.17"
"07/06/2024 07:00:00 - 07/06/2024 08:00:00","Belgium (BE)","140.43","186.70","186.70","128.75"
"07/06/2024 08:00:00 - 07/06/2024 09:00:00","Belgium (BE)","114.10","171.35","143.20","152.01"
"07/06/2024 09:00:00 - 07/06/2024 10:00:00","Belgium (BE)","92.58","155.85","121.73","101.89"
"07/06/2024 10:00:00 - 07/06/2024 11:00:00","Belgium (BE)","73.45","113.30","129.70","43.73"
"07/06/2024 11:00:00 - 07/06/2024 12:00:00","Belgium (BE)","72.93","87.80","91.15","15.34"
"07/06/2024 12:00:00 - 07/06/2024 13:00:00","Belgium (BE)","86.18","85.70","65.90","7.75"
"07/06/2024 13:00:00 - 07/06/2024 14:00:00","Belgium (BE)","103.00","95.10","87.70","12.30"
"07/06/2024 14:00:00 - 07/06/2024 15:00:00","Belgium (BE)","129.03","122.58","101.23","60.76"
"07/06/2024 15:00:00 - 07/06/2024 16:00:00","Belgium (BE)","170.53","167.23","142.58","126.68"
"07/06/2024 16:00:00 - 07/06/2024 17:00:00","Belgium (BE)","239.10","246.03","231.58","260.08"
"07/06/2024 17:00:00 - 07/06/2024 18:00:00","Belgium (BE)","367.43","395.90","359.00","430.06"
"07/06/2024 18:00:00 - 07/06/2024 19:00:00","Belgium (BE)","541.45","637.73","603.25","493.60"
"07/06/2024 19:00:00 - 07/06/2024 20:00:00","Belgium (BE)","736.28","903.08","840.25","879.54"
"07/06/2024 20:00:00 - 07/06/2024 21:00:00","Belgium (BE)","896.78","1130.65","1032.00","983.79"
"07/06/2024 21:00:00 - 07/06/2024 22:00:00","Belgium (BE)","998.63","1282.13","1288.33","1190.37"
"07/06/2024 22:00:00 - 07/06/2024 23:00:00","Belgium (BE)","1039.65","1306.10","1324.93","1270.71"
"07/06/2024 23:00:00 - 08/06/2024 00:00:00","Belgium (BE)","1006.13","1259.18","1231.83","979.47"
"08/06/2024 00:00:00 - 08/06/2024 01:00:00","Belgium (BE)","1082.03","952.73","952.73","820.38"
"08/06/2024 01:00:00 - 08/06/2024 02:00:00","Belgium (BE)","911.43","844.60","844.60","693.25"
"08/06/2024 02:00:00 - 08/06/2024 03:00:00","Belgium (BE)","783.63","640.98","640.98","557.31"
"08/06/2024 03:00:00 - 08/06/2024 04:00:00","Belgium (BE)","706.13","579.08","579.08","483.99"
"08/06/2024 04:00:00 - 08/06/2024 05:00:00","Belgium (BE)","683.05","543.45","543.45","479.47"
"08/06/2024 05:00:00 - 08/06/2024 06:00:00","Belgium (BE)","637.80","467.10","467.10","463.36"
"08/06/2024 06:00:00 - 08/06/2024 07:00:00","Belgium (BE)","586.65","476.20","476.20","544.47"
"08/06/2024 07:00:00 - 08/06/2024 08:00:00","Belgium (BE)","564.88","496.95","496.95","698.57"
"08/06/2024 08:00:00 - 08/06/2024 09:00:00","Belgium (BE)","602.08","550.40","568.78","589.66"
"08/06/2024 09:00:00 - 08/06/2024 10:00:00","Belgium (BE)","649.75","616.35","694.75","462.93"
"08/06/2024 10:00:00 - 08/06/2024 11:00:00","Belgium (BE)","689.45","675.50","642.23","498.74"
"08/06/2024 11:00:00 - 08/06/2024 12:00:00","Belgium (BE)","685.55","667.63","530.30","447.49"
"08/06/2024 12:00:00 - 08/06/2024 13:00:00","Belgium (BE)","660.18","629.25","522.60","348.78"
"08/06/2024 13:00:00 - 08/06/2024 14:00:00","Belgium (BE)","593.28","561.93","447.95","313.36"
"08/06/2024 14:00:00 - 08/06/2024 15:00:00","Belgium (BE)","513.15","477.10","387.63","357.32"
"08/06/2024 15:00:00 - 08/06/2024 16:00:00","Belgium (BE)","402.85","394.13","349.25","593.14"
"08/06/2024 16:00:00 - 08/06/2024 17:00:00","Belgium (BE)","252.83","266.88","367.78","637.97"
"08/06/2024 17:00:00 - 08/06/2024 18:00:00","Belgium (BE)","142.55","142.53","421.08","709.95"
"08/06/2024 18:00:00 - 08/06/2024 19:00:00","Belgium (BE)","70.63","65.98","348.85","161.82"
"08/06/2024 19:00:00 - 08/06/2024 20:00:00","Belgium (BE)","38.05","32.33","343.48","1.18"
"08/06/2024 20:00:00 - 08/06/2024 21:00:00","Belgium (BE)","22.78","20.28","68.23"," "
"08/06/2024 21:00:00 - 08/06/2024 22:00:00","Belgium (BE)","13.88","18.83","23.00"," "
"08/06/2024 22:00:00 - 08/06/2024 23:00:00","Belgium (BE)","10.03","25.93","19.48"," "
"08/06/2024 23:00:00 - 09/06/2024 00:00:00","Belgium (BE)","9.63","50.75","21.73"," "
"09/06/2024 00:00:00 - 09/06/2024 01:00:00","Belgium (BE)","40.70","46.35","46.35","3.40"
"09/06/2024 01:00:00 - 09/06/2024 02:00:00","Belgium (BE)","107.30","107.48","107.48","75.71"
"09/06/2024 02:00:00 - 09/06/2024 03:00:00","Belgium (BE)","200.35","175.30","175.30","210.46"
"09/06/2024 03:00:00 - 09/06/2024 04:00:00","Belgium (BE)","277.60","251.78","251.78","251.98"
"09/06/2024 04:00:00 - 09/06/2024 05:00:00","Belgium (BE)","338.63","343.33","343.33","265.84"
"09/06/2024 05:00:00 - 09/06/2024 06:00:00","Belgium (BE)","346.48","334.05","334.05","249.32"
"09/06/2024 06:00:00 - 09/06/2024 07:00:00","Belgium (BE)","323.40","322.85","322.85","196.77"
"09/06/2024 07:00:00 - 09/06/2024 08:00:00","Belgium (BE)","283.28","255.05","255.05","185.92"
"09/06/2024 08:00:00 - 09/06/2024 09:00:00","Belgium (BE)","268.83","265.90","233.30","193.21"
"09/06/2024 09:00:00 - 09/06/2024 10:00:00","Belgium (BE)","289.98","297.70","266.28","202.72"
"09/06/2024 10:00:00 - 09/06/2024 11:00:00","Belgium (BE)","341.13","350.08","337.40","393.29"
"09/06/2024 11:00:00 - 09/06/2024 12:00:00","Belgium (BE)","404.75","412.93","355.80","425.32"
"09/06/2024 12:00:00 - 09/06/2024 13:00:00","Belgium (BE)","462.18","487.55","509.35","387.24"
"09/06/2024 13:00:00 - 09/06/2024 14:00:00","Belgium (BE)","483.23","561.43","603.40","348.21"
"09/06/2024 14:00:00 - 09/06/2024 15:00:00","Belgium (BE)","441.05","544.38","549.88","305.78"
"09/06/2024 15:00:00 - 09/06/2024 16:00:00","Belgium (BE)","331.75","464.38","416.80","384.31"
"09/06/2024 16:00:00 - 09/06/2024 17:00:00","Belgium (BE)","233.38","390.83","322.60","357.30"
"09/06/2024 17:00:00 - 09/06/2024 18:00:00","Belgium (BE)","188.25","331.55","320.35","364.95"
"09/06/2024 18:00:00 - 09/06/2024 19:00:00","Belgium (BE)","164.25","294.50","280.10","337.51"
"09/06/2024 19:00:00 - 09/06/2024 20:00:00","Belgium (BE)","150.05","267.85","245.50","291.56"
"09/06/2024 20:00:00 - 09/06/2024 21:00:00","Belgium (BE)","147.08","209.05","217.03","319.12"
"09/06/2024 21:00:00 - 09/06/2024 22:00:00","Belgium (BE)","153.60","159.75","182.05","338.54"
"09/06/2024 22:00:00 - 09/06/2024 23:00:00","Belgium (BE)","135.40","125.83","145.08","267.02"
"09/06/2024 23:00:00 - 10/06/2024 00:00:00","Belgium (BE)","128.90","113.13","137.05","300.38"
"10/06/2024 00:00:00 - 10/06/2024 01:00:00","Belgium (BE)","151.08","196.03","196.03","254.74"
"10/06/2024 01:00:00 - 10/06/2024 02:00:00","Belgium (BE)","175.40","255.38","255.38","256.32"
"10/06/2024 02:00:00 - 10/06/2024 03:00:00","Belgium (BE)","190.43","286.78","286.78","217.64"
"10/06/2024 03:00:00 - 10/06/2024 04:00:00","Belgium (BE)","177.00","313.70","313.70","368.72"
"10/06/2024 04:00:00 - 10/06/2024 05:00:00","Belgium (BE)","163.35","375.10","375.10","504.60"
"10/06/2024 05:00:00 - 10/06/2024 06:00:00","Belgium (BE)","169.53","617.88","617.88","405.51"
"10/06/2024 06:00:00 - 10/06/2024 07:00:00","Belgium (BE)","214.18","962.75","962.75","475.34"
"10/06/2024 07:00:00 - 10/06/2024 08:00:00","Belgium (BE)","355.25","1160.45","1160.45","1435.55"
"10/06/2024 08:00:00 - 10/06/2024 09:00:00","Belgium (BE)","636.78","1445.08","1445.08","1610.73"
"10/06/2024 09:00:00 - 10/06/2024 10:00:00","Belgium (BE)","1039.40","1658.00","1753.48","1450.66"
"10/06/2024 10:00:00 - 10/06/2024 11:00:00","Belgium (BE)","1190.68","1753.03","1809.93","1520.80"
"10/06/2024 11:00:00 - 10/06/2024 12:00:00","Belgium (BE)","1205.30","1782.85","1786.73","1485.12"
"10/06/2024 12:00:00 - 10/06/2024 13:00:00","Belgium (BE)","1312.75","1820.78","1808.28","1358.46"
"10/06/2024 13:00:00 - 10/06/2024 14:00:00","Belgium (BE)","1434.10","1917.00","2093.98","1278.99"
"10/06/2024 14:00:00 - 10/06/2024 15:00:00","Belgium (BE)","1527.00","1986.53","2018.28","1313.26"
"10/06/2024 15:00:00 - 10/06/2024 16:00:00","Belgium (BE)","1595.58","1979.40","1938.55","1477.64"
"10/06/2024 16:00:00 - 10/06/2024 17:00:00","Belgium (BE)","1671.75","1944.60","1936.38","1918.90"
"10/06/2024 17:00:00 - 10/06/2024 18:00:00","Belgium (BE)","1887.28","1921.15","1702.15","1692.52"
"10/06/2024 18:00:00 - 10/06/2024 19:00:00","Belgium (BE)","1884.38","1875.73","1847.35","1661.05"
"10/06/2024 19:00:00 - 10/06/2024 20:00:00","Belgium (BE)","1831.30","1773.48","1675.43","1718.30"
"10/06/2024 20:00:00 - 10/06/2024 21:00:00","Belgium (BE)","1732.73","1586.75","1554.55","1761.73"
"10/06/2024 21:00:00 - 10/06/2024 22:00:00","Belgium (BE)","1560.35","1303.48","1348.93","1496.12"
"10/06/2024 22:00:00 - 10/06/2024 23:00:00","Belgium (BE)","1321.45","977.48","1021.65","1232.22"
"10/06/2024 23:00:00 - 11/06/2024 00:00:00","Belgium (BE)","1138.93","727.10","773.23","832.97"
"11/06/2024 00:00:00 - 11/06/2024 01:00:00","Belgium (BE)","584.63","686.73","686.73","588.86"
"11/06/2024 01:00:00 - 11/06/2024 02:00:00","Belgium (BE)","438.75","511.90","511.90","430.96"
"11/06/2024 02:00:00 - 11/06/2024 03:00:00","Belgium (BE)","326.53","389.78","389.78","320.87"
"11/06/2024 03:00:00 - 11/06/2024 04:00:00","Belgium (BE)","253.78","287.95","287.95","216.88"
"11/06/2024 04:00:00 - 11/06/2024 05:00:00","Belgium (BE)","212.38","257.63","257.63","253.62"
"11/06/2024 05:00:00 - 11/06/2024 06:00:00","Belgium (BE)","201.95","216.28","216.28","270.65"
"11/06/2024 06:00:00 - 11/06/2024 07:00:00","Belgium (BE)","200.08","252.70","252.70","325.76"
"11/06/2024 07:00:00 - 11/06/2024 08:00:00","Belgium (BE)","177.80","261.13","261.13","603.74"
"11/06/2024 08:00:00 - 11/06/2024 09:00:00","Belgium (BE)","143.93","225.73","247.65","552.39"
"11/06/2024 09:00:00 - 11/06/2024 10:00:00","Belgium (BE)","119.20","189.58","339.73","274.94"
"11/06/2024 10:00:00 - 11/06/2024 11:00:00","Belgium (BE)","108.95","162.00","284.48","164.39"
"11/06/2024 11:00:00 - 11/06/2024 12:00:00","Belgium (BE)","113.88","150.58","195.48","265.77"
"11/06/2024 12:00:00 - 11/06/2024 13:00:00","Belgium (BE)","134.93","167.70","202.00","248.93"
"11/06/2024 13:00:00 - 11/06/2024 14:00:00","Belgium (BE)","164.48","207.45","247.30","194.37"
"11/06/2024 14:00:00 - 11/06/2024 15:00:00","Belgium (BE)","198.90","247.83","280.93","160.95"
"11/06/2024 15:00:00 - 11/06/2024 16:00:00","Belgium (BE)","231.38","273.35","266.13","233.08"
"11/06/2024 16:00:00 - 11/06/2024 17:00:00","Belgium (BE)","247.63","276.73","235.93","214.27"
"11/06/2024 17:00:00 - 11/06/2024 18:00:00","Belgium (BE)","252.18","265.88","245.33","182.73"
"11/06/2024 18:00:00 - 11/06/2024 19:00:00","Belgium (BE)","256.03","256.25","242.68","247.55"
"11/06/2024 19:00:00 - 11/06/2024 20:00:00","Belgium (BE)","258.83","252.33","234.20","180.41"
"11/06/2024 20:00:00 - 11/06/2024 21:00:00","Belgium (BE)","266.93","256.38","271.98","213.10"
"11/06/2024 21:00:00 - 11/06/2024 22:00:00","Belgium (BE)","291.98","273.10","241.78","210.76"
"11/06/2024 22:00:00 - 11/06/2024 23:00:00","Belgium (BE)","316.68","302.63","262.55","226.26"
"11/06/2024 23:00:00 - 12/06/2024 00:00:00","Belgium (BE)","324.28","314.75","272.68","269.01"
"12/06/2024 00:00:00 - 12/06/2024 01:00:00","Belgium (BE)","260.98","271.25","271.25","237.92"
"12/06/2024 01:00:00 - 12/06/2024 02:00:00","Belgium (BE)","231.45","268.98","268.98","259.03"
"12/06/2024 02:00:00 - 12/06/2024 03:00:00","Belgium (BE)","202.78","232.70","232.70","271.69"
"12/06/2024 03:00:00 - 12/06/2024 04:00:00","Belgium (BE)","177.75","209.93","209.93","229.39"
"12/06/2024 04:00:00 - 12/06/2024 05:00:00","Belgium (BE)","161.70","217.03","217.03","289.03"
"12/06/2024 05:00:00 - 12/06/2024 06:00:00","Belgium (BE)","158.15","208.48","208.48","289.12"
"12/06/2024 06:00:00 - 12/06/2024 07:00:00","Belgium (BE)","169.83","258.68","258.68","241.44"
"12/06/2024 07:00:00 - 12/06/2024 08:00:00","Belgium (BE)","185.40","272.30","272.30","246.93"
"12/06/2024 08:00:00 - 12/06/2024 09:00:00","Belgium (BE)","192.50","251.50","229.28","176.31"
"12/06/2024 09:00:00 - 12/06/2024 10:00:00","Belgium (BE)","173.60","208.15","216.45","88.27"
"12/06/2024 10:00:00 - 12/06/2024 11:00:00","Belgium (BE)","134.83","141.93","151.93","55.58"
"12/06/2024 11:00:00 - 12/06/2024 12:00:00","Belgium (BE)","93.63","82.35","78.23","33.20"
"12/06/2024 12:00:00 - 12/06/2024 13:00:00","Belgium (BE)","62.58","46.15","38.73"," "
"12/06/2024 13:00:00 - 12/06/2024 14:00:00","Belgium (BE)","43.13","24.38","25.45"," "
"12/06/2024 14:00:00 - 12/06/2024 15:00:00","Belgium (BE)","29.95","12.73","8.65"," "
"12/06/2024 15:00:00 - 12/06/2024 16:00:00","Belgium (BE)","19.18","9.13","7.43"," "
"12/06/2024 16:00:00 - 12/06/2024 17:00:00","Belgium (BE)","11.38","8.45","6.83"," "
"12/06/2024 17:00:00 - 12/06/2024 18:00:00","Belgium (BE)","7.53","8.83","6.88"," "
"12/06/2024 18:00:00 - 12/06/2024 19:00:00","Belgium (BE)","6.50","8.68","7.25"," "
"12/06/2024 19:00:00 - 12/06/2024 20:00:00","Belgium (BE)","5.83","8.40","8.25"," "
"12/06/2024 20:00:00 - 12/06/2024 21:00:00","Belgium (BE)","5.33","9.68","0.00"," "
"12/06/2024 21:00:00 - 12/06/2024 22:00:00","Belgium (BE)","7.95","14.60","0.00"," "
"12/06/2024 22:00:00 - 12/06/2024 23:00:00","Belgium (BE)","13.60","27.90","1.03"," "
"12/06/2024 23:00:00 - 13/06/2024 00:00:00","Belgium (BE)","21.15","50.63","19.38","1.51"
"13/06/2024 00:00:00 - 13/06/2024 01:00:00","Belgium (BE)","75.03","69.78","69.78","21.89"
"13/06/2024 01:00:00 - 13/06/2024 02:00:00","Belgium (BE)","131.68","143.00","143.00","88.59"
"13/06/2024 02:00:00 - 13/06/2024 03:00:00","Belgium (BE)","188.18","209.35","209.35","292.59"
"13/06/2024 03:00:00 - 13/06/2024 04:00:00","Belgium (BE)","233.35","261.15","261.15","468.51"
"13/06/2024 04:00:00 - 13/06/2024 05:00:00","Belgium (BE)","254.55","297.10","297.10","476.01"
"13/06/2024 05:00:00 - 13/06/2024 06:00:00","Belgium (BE)","253.88","393.10","393.10","388.11"
"13/06/2024 06:00:00 - 13/06/2024 07:00:00","Belgium (BE)","251.60","387.08","387.08","285.98"
"13/06/2024 07:00:00 - 13/06/2024 08:00:00","Belgium (BE)","264.08","409.10","409.10","391.82"
"13/06/2024 08:00:00 - 13/06/2024 09:00:00","Belgium (BE)","289.98","439.88","439.88","441.95"
"13/06/2024 09:00:00 - 13/06/2024 10:00:00","Belgium (BE)","322.53","460.25","478.10","447.58"
"13/06/2024 10:00:00 - 13/06/2024 11:00:00","Belgium (BE)","333.50","443.70","454.23","394.17"
"13/06/2024 11:00:00 - 13/06/2024 12:00:00","Belgium (BE)","320.10","402.68","424.18","393.45"
"13/06/2024 12:00:00 - 13/06/2024 13:00:00","Belgium (BE)","298.10","362.25","381.80","338.73"
"13/06/2024 13:00:00 - 13/06/2024 14:00:00","Belgium (BE)","284.63","328.73","351.60","304.65"
"13/06/2024 14:00:00 - 13/06/2024 15:00:00","Belgium (BE)","293.95","316.85","333.50","212.52"
"13/06/2024 15:00:00 - 13/06/2024 16:00:00","Belgium (BE)","360.75","382.65","324.68","167.52"
"13/06/2024 16:00:00 - 13/06/2024 17:00:00","Belgium (BE)","457.40","457.30","305.03","113.63"
"13/06/2024 17:00:00 - 13/06/2024 18:00:00","Belgium (BE)","464.03","409.33","246.25","150.71"
"13/06/2024 18:00:00 - 13/06/2024 19:00:00","Belgium (BE)","393.33","293.15","195.63","248.27"
"13/06/2024 19:00:00 - 13/06/2024 20:00:00","Belgium (BE)","284.13","116.38","59.83","249.11"
"13/06/2024 20:00:00 - 13/06/2024 21:00:00","Belgium (BE)","224.75","116.85","117.10","75.93"
"13/06/2024 21:00:00 - 13/06/2024 22:00:00","Belgium (BE)","260.95","268.13","270.00","30.47"
"13/06/2024 22:00:00 - 13/06/2024 23:00:00","Belgium (BE)","380.68","463.08","509.25","94.81"
"13/06/2024 23:00:00 - 14/06/2024 00:00:00","Belgium (BE)","499.05","645.68","807.00","363.39"
"14/06/2024 00:00:00 - 14/06/2024 01:00:00","Belgium (BE)","1083.65","812.75","812.75","606.52"
"14/06/2024 01:00:00 - 14/06/2024 02:00:00","Belgium (BE)","1360.63","987.73","987.73","617.61"
"14/06/2024 02:00:00 - 14/06/2024 03:00:00","Belgium (BE)","1559.53","936.85","936.85","1037.70"
"14/06/2024 03:00:00 - 14/06/2024 04:00:00","Belgium (BE)","1677.43","1124.83","1124.83","1593.33"
"14/06/2024 04:00:00 - 14/06/2024 05:00:00","Belgium (BE)","1681.05","1325.88","1325.88","1912.46"
"14/06/2024 05:00:00 - 14/06/2024 06:00:00","Belgium (BE)","1652.50","1648.53","1648.53","1956.79"
"14/06/2024 06:00:00 - 14/06/2024 07:00:00","Belgium (BE)","1638.28","1670.08","1670.08","1951.87"
"14/06/2024 07:00:00 - 14/06/2024 08:00:00","Belgium (BE)","1642.68","1833.50","1825.95","1841.81"
"14/06/2024 08:00:00 - 14/06/2024 09:00:00","Belgium (BE)","1611.95","1748.23","1738.33","1770.19"
"14/06/2024 09:00:00 - 14/06/2024 10:00:00","Belgium (BE)","1581.15","1677.98","1732.63","1849.95"
"14/06/2024 10:00:00 - 14/06/2024 11:00:00","Belgium (BE)","1526.73","1603.10","1657.40","1626.29"
"14/06/2024 11:00:00 - 14/06/2024 12:00:00","Belgium (BE)","1433.08","1514.40","1574.78","1569.30"
"14/06/2024 12:00:00 - 14/06/2024 13:00:00","Belgium (BE)","1287.33","1387.28","1474.43","1555.00"
"14/06/2024 13:00:00 - 14/06/2024 14:00:00","Belgium (BE)","1163.03","1239.68","1362.90","1148.40"
"14/06/2024 14:00:00 - 14/06/2024 15:00:00","Belgium (BE)","1071.70","1112.98","1232.40","1142.10"
"14/06/2024 15:00:00 - 14/06/2024 16:00:00","Belgium (BE)","989.65","1027.60","1105.48","993.73"
"14/06/2024 16:00:00 - 14/06/2024 17:00:00","Belgium (BE)","928.10","891.45","886.48","715.93"
"14/06/2024 17:00:00 - 14/06/2024 18:00:00","Belgium (BE)","817.70","749.55","763.90","462.15"
"14/06/2024 18:00:00 - 14/06/2024 19:00:00","Belgium (BE)","695.80","573.38","626.63","356.08"
"14/06/2024 19:00:00 - 14/06/2024 20:00:00","Belgium (BE)","611.33","431.68","414.43","519.19"
"14/06/2024 20:00:00 - 14/06/2024 21:00:00","Belgium (BE)","546.53","348.53","340.25","833.27"
"14/06/2024 21:00:00 - 14/06/2024 22:00:00","Belgium (BE)","470.90","295.35","323.40","429.61"
"14/06/2024 22:00:00 - 14/06/2024 23:00:00","Belgium (BE)","414.10","278.08","311.40","341.83"
"14/06/2024 23:00:00 - 15/06/2024 00:00:00","Belgium (BE)","411.70","354.48","327.13","266.41"
"15/06/2024 00:00:00 - 15/06/2024 01:00:00","Belgium (BE)","408.73","488.48","488.48","364.51"
"15/06/2024 01:00:00 - 15/06/2024 02:00:00","Belgium (BE)","541.78","659.00","659.00","417.64"
"15/06/2024 02:00:00 - 15/06/2024 03:00:00","Belgium (BE)","752.10","985.08","985.08","618.14"
"15/06/2024 03:00:00 - 15/06/2024 04:00:00","Belgium (BE)","1167.05","1392.63","1392.63","1003.31"
"15/06/2024 04:00:00 - 15/06/2024 05:00:00","Belgium (BE)","1578.53","1711.40","1711.40","1416.53"
"15/06/2024 05:00:00 - 15/06/2024 06:00:00","Belgium (BE)","1832.15","1957.70","1957.70","1629.17"
"15/06/2024 06:00:00 - 15/06/2024 07:00:00","Belgium (BE)","1962.18","2044.53","2044.53","1685.34"
"15/06/2024 07:00:00 - 15/06/2024 08:00:00","Belgium (BE)","2018.43","2085.35","2085.35","1864.68"
"15/06/2024 08:00:00 - 15/06/2024 09:00:00","Belgium (BE)","2030.08","2088.00","2071.05","1872.73"
"15/06/2024 09:00:00 - 15/06/2024 10:00:00","Belgium (BE)","2020.13","2043.05","2090.43","1971.04"
"15/06/2024 10:00:00 - 15/06/2024 11:00:00","Belgium (BE)","2020.73","2039.90","2088.75","1997.00"
"15/06/2024 11:00:00 - 15/06/2024 12:00:00","Belgium (BE)","2080.93","2079.73","2107.40","1877.50"
"15/06/2024 12:00:00 - 15/06/2024 13:00:00","Belgium (BE)","2108.25","2098.78","2110.50","1791.19"
"15/06/2024 13:00:00 - 15/06/2024 14:00:00","Belgium (BE)","2073.00","2090.65","2119.03","1475.51"
"15/06/2024 14:00:00 - 15/06/2024 15:00:00","Belgium (BE)","2112.63","2108.98","2123.63","1435.57"
"15/06/2024 15:00:00 - 15/06/2024 16:00:00","Belgium (BE)","2123.80","2122.83","2126.55","1590.58"
"15/06/2024 16:00:00 - 15/06/2024 17:00:00","Belgium (BE)","2119.83","2122.28","2134.30","1915.97"
"15/06/2024 17:00:00 - 15/06/2024 18:00:00","Belgium (BE)","2121.53","2120.38","2135.35","1791.84"
"15/06/2024 18:00:00 - 15/06/2024 19:00:00","Belgium (BE)","2093.60","2094.13","2143.75","1813.46"
"15/06/2024 19:00:00 - 15/06/2024 20:00:00","Belgium (BE)","2050.53","2053.30","2149.55","2060.37"
"15/06/2024 20:00:00 - 15/06/2024 21:00:00","Belgium (BE)","2016.83","2021.80","2148.00","2090.62"
"15/06/2024 21:00:00 - 15/06/2024 22:00:00","Belgium (BE)","2042.48","2027.28","2144.13","2095.40"
"15/06/2024 22:00:00 - 15/06/2024 23:00:00","Belgium (BE)","2043.98","2045.05","2135.75","2090.97"
"15/06/2024 23:00:00 - 16/06/2024 00:00:00","Belgium (BE)","2049.30","2039.65","2064.08","2056.04"
"16/06/2024 00:00:00 - 16/06/2024 01:00:00","Belgium (BE)","2030.28","2071.93","2071.93","2017.08"
"16/06/2024 01:00:00 - 16/06/2024 02:00:00","Belgium (BE)","2012.63","2009.90","2009.90","1979.92"
"16/06/2024 02:00:00 - 16/06/2024 03:00:00","Belgium (BE)","1991.13","1987.65","1987.65","1907.68"
"16/06/2024 03:00:00 - 16/06/2024 04:00:00","Belgium (BE)","1964.28","1972.18","1972.18","1809.44"
"16/06/2024 04:00:00 - 16/06/2024 05:00:00","Belgium (BE)","1941.13","1942.70","1942.70","1897.98"
"16/06/2024 05:00:00 - 16/06/2024 06:00:00","Belgium (BE)","1920.95","1886.98","1886.98","1843.20"
"16/06/2024 06:00:00 - 16/06/2024 07:00:00","Belgium (BE)","1926.70","1916.70","1916.70","1982.28"
"16/06/2024 07:00:00 - 16/06/2024 08:00:00","Belgium (BE)","1962.33","1944.83","1944.83","1938.91"
"16/06/2024 08:00:00 - 16/06/2024 09:00:00","Belgium (BE)","1994.18","1950.63","1950.63","1866.03"
"16/06/2024 09:00:00 - 16/06/2024 10:00:00","Belgium (BE)","2007.33","1951.78","1951.78","1871.75"
"16/06/2024 10:00:00 - 16/06/2024 11:00:00","Belgium (BE)","2003.83","1937.08","1937.08","1716.41"
"16/06/2024 11:00:00 - 16/06/2024 12:00:00","Belgium (BE)","1986.73","1917.10","1836.03","1746.54"
"16/06/2024 12:00:00 - 16/06/2024 13:00:00","Belgium (BE)","1959.08","1906.48","1799.85","1702.92"
"16/06/2024 13:00:00 - 16/06/2024 14:00:00","Belgium (BE)","1929.68","1891.33","1782.38","1310.96"
"16/06/2024 14:00:00 - 16/06/2024 15:00:00","Belgium (BE)","1911.10","1885.93","1801.63","1547.71"
"16/06/2024 15:00:00 - 16/06/2024 16:00:00","Belgium (BE)","1905.63","1885.80","1729.73","1369.67"
"16/06/2024 16:00:00 - 16/06/2024 17:00:00","Belgium (BE)","1906.30","1881.53","1837.98","1481.49"
"16/06/2024 17:00:00 - 16/06/2024 18:00:00","Belgium (BE)","1892.75","1866.30","1848.85","1503.35"
"16/06/2024 18:00:00 - 16/06/2024 19:00:00","Belgium (BE)","1854.00","1840.28","1839.53","1696.94"
"16/06/2024 19:00:00 - 16/06/2024 20:00:00","Belgium (BE)","1783.05","1794.30","1798.80","1639.12"
"16/06/2024 20:00:00 - 16/06/2024 21:00:00","Belgium (BE)","1708.65","1732.30","1723.28","1587.65"
"16/06/2024 21:00:00 - 16/06/2024 22:00:00","Belgium (BE)","1620.75","1644.63","1627.53","1465.43"
"16/06/2024 22:00:00 - 16/06/2024 23:00:00","Belgium (BE)","1530.20","1535.28","1514.00","1505.16"
"16/06/2024 23:00:00 - 17/06/2024 00:00:00","Belgium (BE)","1439.73","1416.35","1387.50","1439.62"
"17/06/2024 00:00:00 - 17/06/2024 01:00:00","Belgium (BE)","1269.20","1279.40","1279.40","1290.70"
"17/06/2024 01:00:00 - 17/06/2024 02:00:00","Belgium (BE)","1070.40","1215.53","1215.53","1206.12"
"17/06/2024 02:00:00 - 17/06/2024 03:00:00","Belgium (BE)","956.00","1142.33","1142.33","1098.36"
"17/06/2024 03:00:00 - 17/06/2024 04:00:00","Belgium (BE)","840.68","1007.73","1007.73","1014.73"
"17/06/2024 04:00:00 - 17/06/2024 05:00:00","Belgium (BE)","748.13","917.75","917.75","880.59"
"17/06/2024 05:00:00 - 17/06/2024 06:00:00","Belgium (BE)","687.45","885.90","885.90","846.14"
"17/06/2024 06:00:00 - 17/06/2024 07:00:00","Belgium (BE)","621.18","830.53","830.53","866.26"
"17/06/2024 07:00:00 - 17/06/2024 08:00:00","Belgium (BE)","549.98","752.75","752.15","697.90"
"17/06/2024 08:00:00 - 17/06/2024 09:00:00","Belgium (BE)","464.95","675.95","721.00","615.37"
"17/06/2024 09:00:00 - 17/06/2024 10:00:00","Belgium (BE)","374.18","602.85","640.20","554.56"
"17/06/2024 10:00:00 - 17/06/2024 11:00:00","Belgium (BE)","301.48","541.25","567.83","519.62"
"17/06/2024 11:00:00 - 17/06/2024 12:00:00","Belgium (BE)","241.80","500.70","453.48","328.06"
"17/06/2024 12:00:00 - 17/06/2024 13:00:00","Belgium (BE)","175.18","439.13","388.90","290.85"
"17/06/2024 13:00:00 - 17/06/2024 14:00:00","Belgium (BE)","106.45","364.85","296.95","240.29"
"17/06/2024 14:00:00 - 17/06/2024 15:00:00","Belgium (BE)","66.05","320.63","298.08","337.05"
"17/06/2024 15:00:00 - 17/06/2024 16:00:00","Belgium (BE)","43.03","289.50","269.55","322.17"
"17/06/2024 16:00:00 - 17/06/2024 17:00:00","Belgium (BE)","28.60","271.80","301.75","300.30"
"17/06/2024 17:00:00 - 17/06/2024 18:00:00","Belgium (BE)","16.68","241.08","315.73","369.28"
"17/06/2024 18:00:00 - 17/06/2024 19:00:00","Belgium (BE)","13.60","212.90","372.95","368.44"
"17/06/2024 19:00:00 - 17/06/2024 20:00:00","Belgium (BE)","15.20","185.33","438.18","265.37"
"17/06/2024 20:00:00 - 17/06/2024 21:00:00","Belgium (BE)","6.80","138.35","367.30","228.42"
"17/06/2024 21:00:00 - 17/06/2024 22:00:00","Belgium (BE)","11.43","242.73","248.95","202.51"
"17/06/2024 22:00:00 - 17/06/2024 23:00:00","Belgium (BE)","20.68","231.50","196.80","179.79"
"17/06/2024 23:00:00 - 18/06/2024 00:00:00","Belgium (BE)","18.35","238.63","141.93","139.11"
"18/06/2024 00:00:00 - 18/06/2024 01:00:00","Belgium (BE)","105.33","102.58","102.58","73.76"
"18/06/2024 01:00:00 - 18/06/2024 02:00:00","Belgium (BE)","74.60","88.50","88.50","12.47"
"18/06/2024 02:00:00 - 18/06/2024 03:00:00","Belgium (BE)","48.83","60.55","60.55"," "
"18/06/2024 03:00:00 - 18/06/2024 04:00:00","Belgium (BE)","35.13","32.53","32.53"," "
"18/06/2024 04:00:00 - 18/06/2024 05:00:00","Belgium (BE)","28.50","28.08","28.08"," "
"18/06/2024 05:00:00 - 18/06/2024 06:00:00","Belgium (BE)","15.38","13.23","13.23"," "
"18/06/2024 06:00:00 - 18/06/2024 07:00:00","Belgium (BE)","7.60","8.20","8.20"," "
"18/06/2024 07:00:00 - 18/06/2024 08:00:00","Belgium (BE)","8.40","7.40","7.40"," "
"18/06/2024 08:00:00 - 18/06/2024 09:00:00","Belgium (BE)","10.48","10.43","6.90"," "
"18/06/2024 09:00:00 - 18/06/2024 10:00:00","Belgium (BE)","12.05","12.85","7.85","0.97"
"18/06/2024 10:00:00 - 18/06/2024 11:00:00","Belgium (BE)","16.08","18.08","15.25","1.74"
"18/06/2024 11:00:00 - 18/06/2024 12:00:00","Belgium (BE)","27.95","30.75","18.75","11.17"
"18/06/2024 12:00:00 - 18/06/2024 13:00:00","Belgium (BE)","34.60","36.30","15.78","43.53"
"18/06/2024 13:00:00 - 18/06/2024 14:00:00","Belgium (BE)","40.48","37.70","15.08","31.11"
"18/06/2024 14:00:00 - 18/06/2024 15:00:00","Belgium (BE)","59.75","46.35","25.53","16.71"
"18/06/2024 15:00:00 - 18/06/2024 16:00:00","Belgium (BE)","90.13","61.10","38.98","6.29"
"18/06/2024 16:00:00 - 18/06/2024 17:00:00","Belgium (BE)","130.05","85.30","56.13","10.76"
"18/06/2024 17:00:00 - 18/06/2024 18:00:00","Belgium (BE)","173.25","120.55","77.25","6.83"
"18/06/2024 18:00:00 - 18/06/2024 19:00:00","Belgium (BE)","231.28","176.83","94.28","26.99"
"18/06/2024 19:00:00 - 18/06/2024 20:00:00","Belgium (BE)","299.63","247.68","101.33","35.49"
"18/06/2024 20:00:00 - 18/06/2024 21:00:00","Belgium (BE)","357.63","315.68","109.93","75.42"
"18/06/2024 21:00:00 - 18/06/2024 22:00:00","Belgium (BE)","395.98","358.63","119.15","139.84"
"18/06/2024 22:00:00 - 18/06/2024 23:00:00","Belgium (BE)","326.10","293.00","159.38","176.46"
"18/06/2024 23:00:00 - 19/06/2024 00:00:00","Belgium (BE)","281.58","266.45","196.08","167.77"
"19/06/2024 00:00:00 - 19/06/2024 01:00:00","Belgium (BE)","282.20","214.65","214.65","168.61"
"19/06/2024 01:00:00 - 19/06/2024 02:00:00","Belgium (BE)","367.05","239.73","239.73","205.96"
"19/06/2024 02:00:00 - 19/06/2024 03:00:00","Belgium (BE)","456.88","277.68","277.68","283.60"
"19/06/2024 03:00:00 - 19/06/2024 04:00:00","Belgium (BE)","535.65","343.85","343.85","288.49"
"19/06/2024 04:00:00 - 19/06/2024 05:00:00","Belgium (BE)","626.38","432.15","432.15","350.20"
"19/06/2024 05:00:00 - 19/06/2024 06:00:00","Belgium (BE)","767.18","542.60","542.60","400.04"
"19/06/2024 06:00:00 - 19/06/2024 07:00:00","Belgium (BE)","881.80","692.85","692.85","674.15"
"19/06/2024 07:00:00 - 19/06/2024 08:00:00","Belgium (BE)","917.68","737.93","737.93","647.22"
"19/06/2024 08:00:00 - 19/06/2024 09:00:00","Belgium (BE)","931.63","792.10","828.40","611.25"
"19/06/2024 09:00:00 - 19/06/2024 10:00:00","Belgium (BE)","923.48","818.03","702.13","689.01"
"19/06/2024 10:00:00 - 19/06/2024 11:00:00","Belgium (BE)","853.78","768.53","676.13","770.95"
"19/06/2024 11:00:00 - 19/06/2024 12:00:00","Belgium (BE)","761.53","674.18","653.55","660.86"
"19/06/2024 12:00:00 - 19/06/2024 13:00:00","Belgium (BE)","680.05","600.93","640.95","588.74"
"19/06/2024 13:00:00 - 19/06/2024 14:00:00","Belgium (BE)","606.85","564.85","637.05","522.86"
"19/06/2024 14:00:00 - 19/06/2024 15:00:00","Belgium (BE)","591.80","586.95","663.60","627.32"
"19/06/2024 15:00:00 - 19/06/2024 16:00:00","Belgium (BE)","619.25","632.93","672.53","633.21"
"19/06/2024 16:00:00 - 19/06/2024 17:00:00","Belgium (BE)","669.93","690.48","752.23","581.93"
"19/06/2024 17:00:00 - 19/06/2024 18:00:00","Belgium (BE)","689.53","701.03","770.70","645.03"
"19/06/2024 18:00:00 - 19/06/2024 19:00:00","Belgium (BE)","638.13","642.58","738.78","617.36"
"19/06/2024 19:00:00 - 19/06/2024 20:00:00","Belgium (BE)","569.78","580.13","776.88","672.31"
"19/06/2024 20:00:00 - 19/06/2024 21:00:00","Belgium (BE)","516.03","537.98","724.38","722.83"
"19/06/2024 21:00:00 - 19/06/2024 22:00:00","Belgium (BE)","495.90","534.73","746.30","608.17"
"19/06/2024 22:00:00 - 19/06/2024 23:00:00","Belgium (BE)","493.88","536.30","678.65","539.69"
"19/06/2024 23:00:00 - 20/06/2024 00:00:00","Belgium (BE)","468.50","489.43","584.05","326.32"
"20/06/2024 00:00:00 - 20/06/2024 01:00:00","Belgium (BE)","502.23","421.90","421.90","355.93"
"20/06/2024 01:00:00 - 20/06/2024 02:00:00","Belgium (BE)","404.95","300.35","300.35","223.95"
"20/06/2024 02:00:00 - 20/06/2024 03:00:00","Belgium (BE)","370.10","289.13","289.13","202.70"
"20/06/2024 03:00:00 - 20/06/2024 04:00:00","Belgium (BE)","335.55","211.43","211.43","201.30"
"20/06/2024 04:00:00 - 20/06/2024 05:00:00","Belgium (BE)","315.33","189.33","189.33","120.19"
"20/06/2024 05:00:00 - 20/06/2024 06:00:00","Belgium (BE)","303.83","184.55","184.55","159.25"
"20/06/2024 06:00:00 - 20/06/2024 07:00:00","Belgium (BE)","302.35","166.33","166.33","274.27"
"20/06/2024 07:00:00 - 20/06/2024 08:00:00","Belgium (BE)","296.13","167.48","167.48","137.27"
"20/06/2024 08:00:00 - 20/06/2024 09:00:00","Belgium (BE)","301.68","177.18","215.38","202.20"
"20/06/2024 09:00:00 - 20/06/2024 10:00:00","Belgium (BE)","309.90","199.05","155.20","223.92"
"20/06/2024 10:00:00 - 20/06/2024 11:00:00","Belgium (BE)","309.68","221.00","158.73","218.94"
"20/06/2024 11:00:00 - 20/06/2024 12:00:00","Belgium (BE)","342.58","270.83","192.38","231.65"
"20/06/2024 12:00:00 - 20/06/2024 13:00:00","Belgium (BE)","404.50","350.10","236.43","160.17"
"20/06/2024 13:00:00 - 20/06/2024 14:00:00","Belgium (BE)","468.33","433.80","291.43","183.28"
"20/06/2024 14:00:00 - 20/06/2024 15:00:00","Belgium (BE)","532.35","506.50","314.53","254.55"
"20/06/2024 15:00:00 - 20/06/2024 16:00:00","Belgium (BE)","559.80","534.73","379.33","226.29"
"20/06/2024 16:00:00 - 20/06/2024 17:00:00","Belgium (BE)","599.88","581.20","450.85","364.38"
"20/06/2024 17:00:00 - 20/06/2024 18:00:00","Belgium (BE)","675.05","668.13","431.05","366.93"
"20/06/2024 18:00:00 - 20/06/2024 19:00:00","Belgium (BE)","741.35","747.30","506.25","194.47"
"20/06/2024 19:00:00 - 20/06/2024 20:00:00","Belgium (BE)","786.50","780.90","514.65","269.40"
"20/06/2024 20:00:00 - 20/06/2024 21:00:00","Belgium (BE)","750.55","729.68","414.05","222.49"
"20/06/2024 21:00:00 - 20/06/2024 22:00:00","Belgium (BE)","686.50","659.78","439.63","190.33"
"20/06/2024 22:00:00 - 20/06/2024 23:00:00","Belgium (BE)","605.35","581.38","421.88","151.89"
"20/06/2024 23:00:00 - 21/06/2024 00:00:00","Belgium (BE)","581.70","547.38","360.15","141.01"
"21/06/2024 00:00:00 - 21/06/2024 01:00:00","Belgium (BE)","290.95","164.20","164.20","47.58"
"21/06/2024 01:00:00 - 21/06/2024 02:00:00","Belgium (BE)","232.05","138.08","138.08","14.11"
"21/06/2024 02:00:00 - 21/06/2024 03:00:00","Belgium (BE)","184.30","71.15","71.15","1.33"
"21/06/2024 03:00:00 - 21/06/2024 04:00:00","Belgium (BE)","143.68","46.53","46.53"," "
"21/06/2024 04:00:00 - 21/06/2024 05:00:00","Belgium (BE)","99.95","36.18","36.18"," "
"21/06/2024 05:00:00 - 21/06/2024 06:00:00","Belgium (BE)","70.10","26.15","26.15"," "
"21/06/2024 06:00:00 - 21/06/2024 07:00:00","Belgium (BE)","64.28","28.25","28.25","3.89"
"21/06/2024 07:00:00 - 21/06/2024 08:00:00","Belgium (BE)","62.13","29.73","29.73","9.23"
"21/06/2024 08:00:00 - 21/06/2024 09:00:00","Belgium (BE)","56.98","28.20","28.20","11.02"
"21/06/2024 09:00:00 - 21/06/2024 10:00:00","Belgium (BE)","54.78","27.70","25.28"," "
"21/06/2024 10:00:00 - 21/06/2024 11:00:00","Belgium (BE)","52.48","28.70","23.53","2.42"
"21/06/2024 11:00:00 - 21/06/2024 12:00:00","Belgium (BE)","44.90","24.93","14.88","21.31"
"21/06/2024 12:00:00 - 21/06/2024 13:00:00","Belgium (BE)","32.85","19.23","13.00","16.85"
"21/06/2024 13:00:00 - 21/06/2024 14:00:00","Belgium (BE)","30.20","17.85","11.05","8.73"
"21/06/2024 14:00:00 - 21/06/2024 15:00:00","Belgium (BE)","34.53","19.43","13.73"," "
"21/06/2024 15:00:00 - 21/06/2024 16:00:00","Belgium (BE)","34.13","23.25","19.48","12.32"
"21/06/2024 16:00:00 - 21/06/2024 17:00:00","Belgium (BE)","33.45","34.25","37.98","17.96"
"21/06/2024 17:00:00 - 21/06/2024 18:00:00","Belgium (BE)","44.90","68.85","93.20","128.12"
"21/06/2024 18:00:00 - 21/06/2024 19:00:00","Belgium (BE)","87.40","162.98","209.68","184.56"
"21/06/2024 19:00:00 - 21/06/2024 20:00:00","Belgium (BE)","229.60","361.53","427.03","404.80"
"21/06/2024 20:00:00 - 21/06/2024 21:00:00","Belgium (BE)","536.70","756.43","731.13","851.91"
"21/06/2024 21:00:00 - 21/06/2024 22:00:00","Belgium (BE)","906.45","1136.15","1137.90","1504.24"
"21/06/2024 22:00:00 - 21/06/2024 23:00:00","Belgium (BE)","1167.90","1349.78","1457.65","1461.23"
"21/06/2024 23:00:00 - 22/06/2024 00:00:00","Belgium (BE)","1436.38","1515.05","1661.48","1461.93"
"22/06/2024 00:00:00 - 22/06/2024 01:00:00","Belgium (BE)","1730.10","1670.43","1670.43","1594.06"
"22/06/2024 01:00:00 - 22/06/2024 02:00:00","Belgium (BE)","1738.38","1615.65","1615.65","1616.02"
"22/06/2024 02:00:00 - 22/06/2024 03:00:00","Belgium (BE)","1678.50","1634.55","1634.55","1863.16"
"22/06/2024 03:00:00 - 22/06/2024 04:00:00","Belgium (BE)","1600.65","1483.93","1483.93","1848.85"
"22/06/2024 04:00:00 - 22/06/2024 05:00:00","Belgium (BE)","1495.30","1306.08","1306.08","1658.00"
"22/06/2024 05:00:00 - 22/06/2024 06:00:00","Belgium (BE)","1330.45","1259.78","1259.78","1507.59"
"22/06/2024 06:00:00 - 22/06/2024 07:00:00","Belgium (BE)","1154.60","933.73","933.73","1112.17"
"22/06/2024 07:00:00 - 22/06/2024 08:00:00","Belgium (BE)","1045.75","789.95","789.95","777.51"
"22/06/2024 08:00:00 - 22/06/2024 09:00:00","Belgium (BE)","957.23","602.25","638.85","490.93"
"22/06/2024 09:00:00 - 22/06/2024 10:00:00","Belgium (BE)","852.53","472.23","534.40","435.09"
"22/06/2024 10:00:00 - 22/06/2024 11:00:00","Belgium (BE)","727.58","367.30","397.58","450.63"
"22/06/2024 11:00:00 - 22/06/2024 12:00:00","Belgium (BE)","579.88","271.33","321.15","366.38"
"22/06/2024 12:00:00 - 22/06/2024 13:00:00","Belgium (BE)","457.85","193.03","245.65","272.01"
"22/06/2024 13:00:00 - 22/06/2024 14:00:00","Belgium (BE)","383.73","133.63","191.83","237.87"
"22/06/2024 14:00:00 - 22/06/2024 15:00:00","Belgium (BE)","338.73","94.95","144.08","149.91"
"22/06/2024 15:00:00 - 22/06/2024 16:00:00","Belgium (BE)","298.70","70.53","119.58","99.88"
"22/06/2024 16:00:00 - 22/06/2024 17:00:00","Belgium (BE)","248.98","59.03","80.53","84.84"
"22/06/2024 17:00:00 - 22/06/2024 18:00:00","Belgium (BE)","196.05","48.58","71.63","142.78"
"22/06/2024 18:00:00 - 22/06/2024 19:00:00","Belgium (BE)","158.30","40.93","76.45","178.96"
"22/06/2024 19:00:00 - 22/06/2024 20:00:00","Belgium (BE)","118.38","38.88","112.55","211.84"
"22/06/2024 20:00:00 - 22/06/2024 21:00:00","Belgium (BE)","69.65","35.45","136.43","189.44"
"22/06/2024 21:00:00 - 22/06/2024 22:00:00","Belgium (BE)","43.60","34.15","136.38","194.43"
"22/06/2024 22:00:00 - 22/06/2024 23:00:00","Belgium (BE)","34.35","33.23","118.13","338.33"
"22/06/2024 23:00:00 - 23/06/2024 00:00:00","Belgium (BE)","31.08","32.85","100.58","348.68"
"23/06/2024 00:00:00 - 23/06/2024 01:00:00","Belgium (BE)","81.73","174.98","174.98","211.63"
"23/06/2024 01:00:00 - 23/06/2024 02:00:00","Belgium (BE)","63.48","176.08","176.08","190.92"
"23/06/2024 02:00:00 - 23/06/2024 03:00:00","Belgium (BE)","46.83","116.95","116.95","192.18"
"23/06/2024 03:00:00 - 23/06/2024 04:00:00","Belgium (BE)","36.65","87.50","87.50","159.15"
"23/06/2024 04:00:00 - 23/06/2024 05:00:00","Belgium (BE)","30.38","60.73","60.73","90.57"
"23/06/2024 05:00:00 - 23/06/2024 06:00:00","Belgium (BE)","23.48","59.80","59.80","18.59"
"23/06/2024 06:00:00 - 23/06/2024 07:00:00","Belgium (BE)","19.53","27.18","27.18","0.84"
"23/06/2024 07:00:00 - 23/06/2024 08:00:00","Belgium (BE)","16.08","21.05","21.05","2.13"
"23/06/2024 08:00:00 - 23/06/2024 09:00:00","Belgium (BE)","13.15","18.65","10.08","24.37"
"23/06/2024 09:00:00 - 23/06/2024 10:00:00","Belgium (BE)","14.13","17.10","16.45"," "
"23/06/2024 10:00:00 - 23/06/2024 11:00:00","Belgium (BE)","16.18","15.05","16.70"," "
"23/06/2024 11:00:00 - 23/06/2024 12:00:00","Belgium (BE)","16.58","14.60","24.70"," "
"23/06/2024 12:00:00 - 23/06/2024 13:00:00","Belgium (BE)","16.83","16.90","37.83","12.50"
"23/06/2024 13:00:00 - 23/06/2024 14:00:00","Belgium (BE)","20.18","19.70","38.85","46.31"
"23/06/2024 14:00:00 - 23/06/2024 15:00:00","Belgium (BE)","19.43","21.00","40.70","52.16"
"23/06/2024 15:00:00 - 23/06/2024 16:00:00","Belgium (BE)","14.85","20.15","39.33","68.12"
"23/06/2024 16:00:00 - 23/06/2024 17:00:00","Belgium (BE)","12.23","15.65","30.63","24.75"
"23/06/2024 17:00:00 - 23/06/2024 18:00:00","Belgium (BE)","11.05","11.18","30.63","45.07"
"23/06/2024 18:00:00 - 23/06/2024 19:00:00","Belgium (BE)","10.35","7.93","15.40","17.77"
"23/06/2024 19:00:00 - 23/06/2024 20:00:00","Belgium (BE)","11.13","6.28","17.35"," "
"23/06/2024 20:00:00 - 23/06/2024 21:00:00","Belgium (BE)","11.10","6.40","15.08"," "
"23/06/2024 21:00:00 - 23/06/2024 22:00:00","Belgium (BE)","10.18","7.43","8.55"," "
"23/06/2024 22:00:00 - 23/06/2024 23:00:00","Belgium (BE)","9.50","8.73","7.48"," "
"23/06/2024 23:00:00 - 24/06/2024 00:00:00","Belgium (BE)","8.48","9.18","8.13"," "
"24/06/2024 00:00:00 - 24/06/2024 01:00:00","Belgium (BE)","11.15","5.63","5.63"," "
"24/06/2024 01:00:00 - 24/06/2024 02:00:00","Belgium (BE)","12.48","6.18","6.18"," "
"24/06/2024 02:00:00 - 24/06/2024 03:00:00","Belgium (BE)","13.48","6.90","6.90"," "
"24/06/2024 03:00:00 - 24/06/2024 04:00:00","Belgium (BE)","13.23","7.73","7.73"," "
"24/06/2024 04:00:00 - 24/06/2024 05:00:00","Belgium (BE)","12.63","8.98","8.98"," "
"24/06/2024 05:00:00 - 24/06/2024 06:00:00","Belgium (BE)","11.28","8.55","8.55"," "
"24/06/2024 06:00:00 - 24/06/2024 07:00:00","Belgium (BE)","9.98","8.68","8.68"," "
"24/06/2024 07:00:00 - 24/06/2024 08:00:00","Belgium (BE)","8.15","10.25","9.55"," "
"24/06/2024 08:00:00 - 24/06/2024 09:00:00","Belgium (BE)","6.58","10.53","10.48"," "
"24/06/2024 09:00:00 - 24/06/2024 10:00:00","Belgium (BE)","5.75","9.65","10.18"," "
"24/06/2024 10:00:00 - 24/06/2024 11:00:00","Belgium (BE)","5.25","9.18","10.53"," "
"24/06/2024 11:00:00 - 24/06/2024 12:00:00","Belgium (BE)","4.80","7.70","8.38"," "
"24/06/2024 12:00:00 - 24/06/2024 13:00:00","Belgium (BE)","4.75","5.70","6.65"," "
"24/06/2024 13:00:00 - 24/06/2024 14:00:00","Belgium (BE)","5.18","3.63","7.30"," "
"24/06/2024 14:00:00 - 24/06/2024 15:00:00","Belgium (BE)","5.25","3.03","7.25"," "
"24/06/2024 15:00:00 - 24/06/2024 16:00:00","Belgium (BE)","4.83","2.28","5.98"," "
"24/06/2024 16:00:00 - 24/06/2024 17:00:00","Belgium (BE)","6.25","4.80","5.60"," "
"24/06/2024 17:00:00 - 24/06/2024 18:00:00","Belgium (BE)","13.58","10.73","11.90"," "
"24/06/2024 18:00:00 - 24/06/2024 19:00:00","Belgium (BE)","23.85","19.03","17.78","0.59"
"24/06/2024 19:00:00 - 24/06/2024 20:00:00","Belgium (BE)","32.45","28.10","21.60","30.63"
"24/06/2024 20:00:00 - 24/06/2024 21:00:00","Belgium (BE)","39.43","39.00","31.53","43.59"
"24/06/2024 21:00:00 - 24/06/2024 22:00:00","Belgium (BE)","46.68","52.38","40.93","45.88"
"24/06/2024 22:00:00 - 24/06/2024 23:00:00","Belgium (BE)","56.90","59.98","48.30","32.17"
"24/06/2024 23:00:00 - 25/06/2024 00:00:00","Belgium (BE)","82.38","54.68","46.23","34.64"
"25/06/2024 00:00:00 - 25/06/2024 01:00:00","Belgium (BE)","59.45","46.05","46.05","25.70"
"25/06/2024 01:00:00 - 25/06/2024 02:00:00","Belgium (BE)","57.90","44.05","44.05","19.15"
"25/06/2024 02:00:00 - 25/06/2024 03:00:00","Belgium (BE)","56.58","34.13","34.13","2.54"
"25/06/2024 03:00:00 - 25/06/2024 04:00:00","Belgium (BE)","62.28","39.45","39.45"," "
"25/06/2024 04:00:00 - 25/06/2024 05:00:00","Belgium (BE)","59.45","44.18","44.18"," "
"25/06/2024 05:00:00 - 25/06/2024 06:00:00","Belgium (BE)","43.03","37.28","37.28","11.42"
"25/06/2024 06:00:00 - 25/06/2024 07:00:00","Belgium (BE)","34.50","30.73","30.73"," "
"25/06/2024 07:00:00 - 25/06/2024 08:00:00","Belgium (BE)","35.70","30.55","30.55"," "
"25/06/2024 08:00:00 - 25/06/2024 09:00:00","Belgium (BE)","30.03","26.58","26.58"," "
"25/06/2024 09:00:00 - 25/06/2024 10:00:00","Belgium (BE)","20.78","14.40","8.20"," "
"25/06/2024 10:00:00 - 25/06/2024 11:00:00","Belgium (BE)","14.93","6.63","12.90"," "
"25/06/2024 11:00:00 - 25/06/2024 12:00:00","Belgium (BE)","20.35","8.90","24.78","1.59"
"25/06/2024 12:00:00 - 25/06/2024 13:00:00","Belgium (BE)","53.93","33.30","59.33","36.95"
"25/06/2024 13:00:00 - 25/06/2024 14:00:00","Belgium (BE)","126.48","86.23","104.85","110.43"
"25/06/2024 14:00:00 - 25/06/2024 15:00:00","Belgium (BE)","257.50","181.80","177.28","174.66"
"25/06/2024 15:00:00 - 25/06/2024 16:00:00","Belgium (BE)","414.08","305.15","276.60","224.92"
"25/06/2024 16:00:00 - 25/06/2024 17:00:00","Belgium (BE)","535.05","430.75","387.15","306.21"
"25/06/2024 17:00:00 - 25/06/2024 18:00:00","Belgium (BE)","604.93","540.75","474.55","331.30"
"25/06/2024 18:00:00 - 25/06/2024 19:00:00","Belgium (BE)","653.50","617.88","607.60","369.14"
"25/06/2024 19:00:00 - 25/06/2024 20:00:00","Belgium (BE)","704.23","681.85","676.85","349.24"
"25/06/2024 20:00:00 - 25/06/2024 21:00:00","Belgium (BE)","735.60","719.28","688.18","325.70"
"25/06/2024 21:00:00 - 25/06/2024 22:00:00","Belgium (BE)","747.08","716.35","652.48","323.08"
"25/06/2024 22:00:00 - 25/06/2024 23:00:00","Belgium (BE)","742.83","684.20","669.00","343.86"
"25/06/2024 23:00:00 - 26/06/2024 00:00:00","Belgium (BE)","729.05","637.43","659.13","342.99"
"26/06/2024 00:00:00 - 26/06/2024 01:00:00","Belgium (BE)","661.73","465.18","465.18","312.28"
"26/06/2024 01:00:00 - 26/06/2024 02:00:00","Belgium (BE)","590.30","403.43","403.43","276.47"
"26/06/2024 02:00:00 - 26/06/2024 03:00:00","Belgium (BE)","497.90","279.20","279.20","229.87"
"26/06/2024 03:00:00 - 26/06/2024 04:00:00","Belgium (BE)","400.50","204.00","204.00","201.02"
"26/06/2024 04:00:00 - 26/06/2024 05:00:00","Belgium (BE)","295.98","153.43","153.43","133.76"
"26/06/2024 05:00:00 - 26/06/2024 06:00:00","Belgium (BE)","204.70","119.08","119.08","87.62"
"26/06/2024 06:00:00 - 26/06/2024 07:00:00","Belgium (BE)","136.13","79.45","79.45","17.88"
"26/06/2024 07:00:00 - 26/06/2024 08:00:00","Belgium (BE)","90.50","50.78","50.78","15.01"
"26/06/2024 08:00:00 - 26/06/2024 09:00:00","Belgium (BE)","69.28","38.80","38.80","38.78"
"26/06/2024 09:00:00 - 26/06/2024 10:00:00","Belgium (BE)","57.68","31.98","21.85","14.38"
"26/06/2024 10:00:00 - 26/06/2024 11:00:00","Belgium (BE)","51.80","29.05","20.83","6.03"
"26/06/2024 11:00:00 - 26/06/2024 12:00:00","Belgium (BE)","46.20","28.28","17.75","3.05"
"26/06/2024 12:00:00 - 26/06/2024 13:00:00","Belgium (BE)","40.68","26.05","18.28","2.78"
"26/06/2024 13:00:00 - 26/06/2024 14:00:00","Belgium (BE)","35.35","26.83","18.15","25.80"
"26/06/2024 14:00:00 - 26/06/2024 15:00:00","Belgium (BE)","33.80","29.48","18.33","0.44"
"26/06/2024 15:00:00 - 26/06/2024 16:00:00","Belgium (BE)","37.75","28.75","21.55","8.45"
"26/06/2024 16:00:00 - 26/06/2024 17:00:00","Belgium (BE)","39.13","26.35","22.10","10.23"
"26/06/2024 17:00:00 - 26/06/2024 18:00:00","Belgium (BE)","33.45","24.18","22.15","8.41"
"26/06/2024 18:00:00 - 26/06/2024 19:00:00","Belgium (BE)","30.68","22.73","16.88","0.02"
"26/06/2024 19:00:00 - 26/06/2024 20:00:00","Belgium (BE)","26.55","18.90","15.00"," "
"26/06/2024 20:00:00 - 26/06/2024 21:00:00","Belgium (BE)","20.88","12.78","5.73"," "
"26/06/2024 21:00:00 - 26/06/2024 22:00:00","Belgium (BE)","16.95","9.33","4.00"," "
"26/06/2024 22:00:00 - 26/06/2024 23:00:00","Belgium (BE)","14.25","7.58","4.95"," "
"26/06/2024 23:00:00 - 27/06/2024 00:00:00","Belgium (BE)","12.80","9.05","9.70"," "
"27/06/2024 00:00:00 - 27/06/2024 01:00:00","Belgium (BE)","14.90","9.88","9.88"," "
"27/06/2024 01:00:00 - 27/06/2024 02:00:00","Belgium (BE)","24.33","13.45","13.45"," "
"27/06/2024 02:00:00 - 27/06/2024 03:00:00","Belgium (BE)","53.98","24.98","24.98","10.52"
"27/06/2024 03:00:00 - 27/06/2024 04:00:00","Belgium (BE)","113.78","42.38","42.38","73.89"
"27/06/2024 04:00:00 - 27/06/2024 05:00:00","Belgium (BE)","214.25","82.63","82.63","171.73"
"27/06/2024 05:00:00 - 27/06/2024 06:00:00","Belgium (BE)","280.03","145.48","145.48","258.24"
"27/06/2024 06:00:00 - 27/06/2024 07:00:00","Belgium (BE)","284.05","189.65","189.65","354.67"
"27/06/2024 07:00:00 - 27/06/2024 08:00:00","Belgium (BE)","295.75","188.20","188.20","302.48"
"27/06/2024 08:00:00 - 27/06/2024 09:00:00","Belgium (BE)","302.03","189.00","244.40","94.03"
"27/06/2024 09:00:00 - 27/06/2024 10:00:00","Belgium (BE)","324.88","212.53","267.70","82.75"
"27/06/2024 10:00:00 - 27/06/2024 11:00:00","Belgium (BE)","403.18","277.68","344.98","89.27"
"27/06/2024 11:00:00 - 27/06/2024 12:00:00","Belgium (BE)","544.85","407.03","518.30","244.80"
"27/06/2024 12:00:00 - 27/06/2024 13:00:00","Belgium (BE)","718.18","587.10","790.35","603.90"
"27/06/2024 13:00:00 - 27/06/2024 14:00:00","Belgium (BE)","875.23","796.60","966.20","589.39"
"27/06/2024 14:00:00 - 27/06/2024 15:00:00","Belgium (BE)","1039.05","1071.80","1285.73","947.07"
"27/06/2024 15:00:00 - 27/06/2024 16:00:00","Belgium (BE)","1251.15","1372.08","1404.58","1182.23"
"27/06/2024 16:00:00 - 27/06/2024 17:00:00","Belgium (BE)","1496.85","1676.68","1638.03","1644.41"
"27/06/2024 17:00:00 - 27/06/2024 18:00:00","Belgium (BE)","1720.65","1884.23","1753.28","1986.77"
"27/06/2024 18:00:00 - 27/06/2024 19:00:00","Belgium (BE)","1869.20","1994.58","1883.25","1902.57"
"27/06/2024 19:00:00 - 27/06/2024 20:00:00","Belgium (BE)","1928.90","2026.95","2087.28","1949.26"
"27/06/2024 20:00:00 - 27/06/2024 21:00:00","Belgium (BE)","1929.40","2004.45","2030.83","2043.25"
"27/06/2024 21:00:00 - 27/06/2024 22:00:00","Belgium (BE)","1861.93","1937.65","2040.43","2035.02"
"27/06/2024 22:00:00 - 27/06/2024 23:00:00","Belgium (BE)","1778.08","1819.53","1915.75","1973.91"
"27/06/2024 23:00:00 - 28/06/2024 00:00:00","Belgium (BE)","1673.95","1602.50","1693.30","1810.09"
"28/06/2024 00:00:00 - 28/06/2024 01:00:00","Belgium (BE)","1371.73","1367.63","1367.63","1576.18"
"28/06/2024 01:00:00 - 28/06/2024 02:00:00","Belgium (BE)","1108.25","1144.68","1144.68","1144.55"
"28/06/2024 02:00:00 - 28/06/2024 03:00:00","Belgium (BE)","1073.68","1104.25","1104.25","819.07"
"28/06/2024 03:00:00 - 28/06/2024 04:00:00","Belgium (BE)","1166.85","1023.80","1023.80","649.25"
"28/06/2024 04:00:00 - 28/06/2024 05:00:00","Belgium (BE)","1141.88","1076.90","1076.90","968.34"
"28/06/2024 05:00:00 - 28/06/2024 06:00:00","Belgium (BE)","1100.28","1036.40","1036.40","1262.28"
"28/06/2024 06:00:00 - 28/06/2024 07:00:00","Belgium (BE)","1055.43","1135.08","1135.08","1248.23"
"28/06/2024 07:00:00 - 28/06/2024 08:00:00","Belgium (BE)","975.33","1179.08","1179.08","1026.57"
"28/06/2024 08:00:00 - 28/06/2024 09:00:00","Belgium (BE)","867.65","1075.60","1075.60","869.94"
"28/06/2024 09:00:00 - 28/06/2024 10:00:00","Belgium (BE)","772.25","990.85","959.18","574.77"
"28/06/2024 10:00:00 - 28/06/2024 11:00:00","Belgium (BE)","733.75","903.75","893.50","755.84"
"28/06/2024 11:00:00 - 28/06/2024 12:00:00","Belgium (BE)","724.25","797.20","571.23","826.89"
"28/06/2024 12:00:00 - 28/06/2024 13:00:00","Belgium (BE)","648.33","645.03","475.63","572.38"
"28/06/2024 13:00:00 - 28/06/2024 14:00:00","Belgium (BE)","530.83","517.50","592.20","515.16"
"28/06/2024 14:00:00 - 28/06/2024 15:00:00","Belgium (BE)","469.45","485.55","539.45","719.21"
"28/06/2024 15:00:00 - 28/06/2024 16:00:00","Belgium (BE)","490.53","562.93","615.13","841.90"
"28/06/2024 16:00:00 - 28/06/2024 17:00:00","Belgium (BE)","543.75","709.90","774.25","546.11"
"28/06/2024 17:00:00 - 28/06/2024 18:00:00","Belgium (BE)","638.88","869.10","947.93","634.86"
"28/06/2024 18:00:00 - 28/06/2024 19:00:00","Belgium (BE)","804.43","1054.43","938.00","792.19"
"28/06/2024 19:00:00 - 28/06/2024 20:00:00","Belgium (BE)","996.35","1215.55","1063.53","859.02"
"28/06/2024 20:00:00 - 28/06/2024 21:00:00","Belgium (BE)","1090.05","1265.98","1092.58","843.75"
"28/06/2024 21:00:00 - 28/06/2024 22:00:00","Belgium (BE)","1080.30","1220.10","993.28","791.05"
"28/06/2024 22:00:00 - 28/06/2024 23:00:00","Belgium (BE)","997.73","1084.05","907.60","743.05"
"28/06/2024 23:00:00 - 29/06/2024 00:00:00","Belgium (BE)","876.50","882.03","744.58","640.91"
"29/06/2024 00:00:00 - 29/06/2024 01:00:00","Belgium (BE)","581.43","474.65","474.65","430.77"
"29/06/2024 01:00:00 - 29/06/2024 02:00:00","Belgium (BE)","403.20","319.23","319.23","275.52"
"29/06/2024 02:00:00 - 29/06/2024 03:00:00","Belgium (BE)","275.83","224.33","224.33","110.92"
"29/06/2024 03:00:00 - 29/06/2024 04:00:00","Belgium (BE)","192.58","133.73","133.73","10.60"
"29/06/2024 04:00:00 - 29/06/2024 05:00:00","Belgium (BE)","140.50","88.65","88.65"," "
"29/06/2024 05:00:00 - 29/06/2024 06:00:00","Belgium (BE)","105.05","29.80","29.80","10.97"
"29/06/2024 06:00:00 - 29/06/2024 07:00:00","Belgium (BE)","77.88","28.45","28.45","75.77"
"29/06/2024 07:00:00 - 29/06/2024 08:00:00","Belgium (BE)","54.33","22.65","22.65","30.89"
"29/06/2024 08:00:00 - 29/06/2024 09:00:00","Belgium (BE)","35.80","19.28","47.30","21.59"
"29/06/2024 09:00:00 - 29/06/2024 10:00:00","Belgium (BE)","23.23","15.75","22.08","8.80"
"29/06/2024 10:00:00 - 29/06/2024 11:00:00","Belgium (BE)","15.58","14.70","17.23"," "
"29/06/2024 11:00:00 - 29/06/2024 12:00:00","Belgium (BE)","12.18","13.10","7.28"," "
"29/06/2024 12:00:00 - 29/06/2024 13:00:00","Belgium (BE)","9.43","10.88","7.00"," "
"29/06/2024 13:00:00 - 29/06/2024 14:00:00","Belgium (BE)","7.05","8.58","6.90"," "
"29/06/2024 14:00:00 - 29/06/2024 15:00:00","Belgium (BE)","6.20","8.08","12.75"," "
"29/06/2024 15:00:00 - 29/06/2024 16:00:00","Belgium (BE)","8.30","15.28","24.05"," "
"29/06/2024 16:00:00 - 29/06/2024 17:00:00","Belgium (BE)","14.55","33.35","38.85","23.91"
"29/06/2024 17:00:00 - 29/06/2024 18:00:00","Belgium (BE)","27.70","66.28","61.58","25.42"
"29/06/2024 18:00:00 - 29/06/2024 19:00:00","Belgium (BE)","48.93","112.60","95.48"," "
"29/06/2024 19:00:00 - 29/06/2024 20:00:00","Belgium (BE)","80.13","163.40","111.50","60.78"
"29/06/2024 20:00:00 - 29/06/2024 21:00:00","Belgium (BE)","125.13","202.30","103.43","150.32"
"29/06/2024 21:00:00 - 29/06/2024 22:00:00","Belgium (BE)","176.35","220.55","113.08","63.23"
"29/06/2024 22:00:00 - 29/06/2024 23:00:00","Belgium (BE)","215.18","243.70","126.98","67.81"
"29/06/2024 23:00:00 - 30/06/2024 00:00:00","Belgium (BE)","231.20","284.83","136.43","18.43"
"30/06/2024 00:00:00 - 30/06/2024 01:00:00","Belgium (BE)","187.13","129.50","129.50","8.61"
"30/06/2024 01:00:00 - 30/06/2024 02:00:00","Belgium (BE)","233.80","117.85","117.85","53.75"
"30/06/2024 02:00:00 - 30/06/2024 03:00:00","Belgium (BE)","275.60","149.95","149.95","147.55"
"30/06/2024 03:00:00 - 30/06/2024 04:00:00","Belgium (BE)","293.75","212.45","212.45","237.44"
"30/06/2024 04:00:00 - 30/06/2024 05:00:00","Belgium (BE)","297.23","261.63","261.63","274.60"
"30/06/2024 05:00:00 - 30/06/2024 06:00:00","Belgium (BE)","279.93","326.18","326.18","278.65"
"30/06/2024 06:00:00 - 30/06/2024 07:00:00","Belgium (BE)","252.18","323.23","323.23","236.66"
"30/06/2024 07:00:00 - 30/06/2024 08:00:00","Belgium (BE)","209.85","262.18","243.48","94.15"
"30/06/2024 08:00:00 - 30/06/2024 09:00:00","Belgium (BE)","161.80","173.13","163.63","53.14"
"30/06/2024 09:00:00 - 30/06/2024 10:00:00","Belgium (BE)","114.20","106.90","68.90","8.16"
"30/06/2024 10:00:00 - 30/06/2024 11:00:00","Belgium (BE)","81.18","74.38","56.30","5.51"
"30/06/2024 11:00:00 - 30/06/2024 12:00:00","Belgium (BE)","51.10","62.38","21.00"," "
"30/06/2024 12:00:00 - 30/06/2024 13:00:00","Belgium (BE)","35.35","61.23","17.63"," "
"30/06/2024 13:00:00 - 30/06/2024 14:00:00","Belgium (BE)","32.93","62.10","14.10"," "
"30/06/2024 14:00:00 - 30/06/2024 15:00:00","Belgium (BE)","40.40","60.65","14.95","0.35"
"30/06/2024 15:00:00 - 30/06/2024 16:00:00","Belgium (BE)","57.63","62.03","16.20"," "
"30/06/2024 16:00:00 - 30/06/2024 17:00:00","Belgium (BE)","78.20","65.10","24.05","50.76"
"30/06/2024 17:00:00 - 30/06/2024 18:00:00","Belgium (BE)","105.60","71.08","43.00","310.18"
"30/06/2024 18:00:00 - 30/06/2024 19:00:00","Belgium (BE)","132.95","76.65","67.00","233.71"
"30/06/2024 19:00:00 - 30/06/2024 20:00:00","Belgium (BE)","136.80","75.63","219.83","122.10"
"30/06/2024 20:00:00 - 30/06/2024 21:00:00","Belgium (BE)","122.98","70.15","178.20","202.59"
"30/06/2024 21:00:00 - 30/06/2024 22:00:00","Belgium (BE)","115.45","62.75","114.08","243.30"
"30/06/2024 22:00:00 - 30/06/2024 23:00:00","Belgium (BE)","92.70","49.00","85.18","180.36"
"30/06/2024 23:00:00 - 01/07/2024 00:00:00","Belgium (BE)","78.55","36.95","54.88","144.64"
"01/07/2024 00:00:00 - 01/07/2024 01:00:00","Belgium (BE)","43.18","94.78","94.78","163.88"
"01/07/2024 01:00:00 - 01/07/2024 02:00:00","Belgium (BE)","40.78","99.63","99.63","315.75"
"01/07/2024 02:00:00 - 01/07/2024 03:00:00","Belgium (BE)","45.60","121.88","121.88","172.05"
"01/07/2024 03:00:00 - 01/07/2024 04:00:00","Belgium (BE)","51.50","183.20","183.20","117.23"
"01/07/2024 04:00:00 - 01/07/2024 05:00:00","Belgium (BE)","59.58","129.43","129.43","71.76"
"01/07/2024 05:00:00 - 01/07/2024 06:00:00","Belgium (BE)","74.05","76.50","76.50","64.67"
"01/07/2024 06:00:00 - 01/07/2024 07:00:00","Belgium (BE)","94.73","62.30","62.30","31.26"
"01/07/2024 07:00:00 - 01/07/2024 08:00:00","Belgium (BE)","118.33","51.90","51.90","27.22"
"01/07/2024 08:00:00 - 01/07/2024 09:00:00","Belgium (BE)","136.78","47.30","30.23","8.97"
"01/07/2024 09:00:00 - 01/07/2024 10:00:00","Belgium (BE)","145.45","46.43","35.75","15.39"
"01/07/2024 10:00:00 - 01/07/2024 11:00:00","Belgium (BE)","151.75","55.15","24.50","41.11"
"01/07/2024 11:00:00 - 01/07/2024 12:00:00","Belgium (BE)","161.75","72.08","33.28","53.00"
"01/07/2024 12:00:00 - 01/07/2024 13:00:00","Belgium (BE)","173.83","90.30","46.75","70.14"
"01/07/2024 13:00:00 - 01/07/2024 14:00:00","Belgium (BE)","189.68","111.10","64.28","74.81"
"01/07/2024 14:00:00 - 01/07/2024 15:00:00","Belgium (BE)","202.55","136.50","92.40","72.48"
"01/07/2024 15:00:00 - 01/07/2024 16:00:00","Belgium (BE)","218.63","171.23","115.65","81.37"
"01/07/2024 16:00:00 - 01/07/2024 17:00:00","Belgium (BE)","265.70","222.63","172.08","115.02"
"01/07/2024 17:00:00 - 01/07/2024 18:00:00","Belgium (BE)","359.25","304.55","246.03","230.66"
"01/07/2024 18:00:00 - 01/07/2024 19:00:00","Belgium (BE)","504.35","424.20","378.73","618.02"
"01/07/2024 19:00:00 - 01/07/2024 20:00:00","Belgium (BE)","628.68","565.23","477.15","846.80"
"01/07/2024 20:00:00 - 01/07/2024 21:00:00","Belgium (BE)","649.83","658.93","705.60","711.22"
"01/07/2024 21:00:00 - 01/07/2024 22:00:00","Belgium (BE)","576.80","576.33","682.70","505.92"
"01/07/2024 22:00:00 - 01/07/2024 23:00:00","Belgium (BE)","445.88","418.83","506.70","339.24"
"01/07/2024 23:00:00 - 02/07/2024 00:00:00","Belgium (BE)","368.88","309.68","367.20","197.10"
"02/07/2024 00:00:00 - 02/07/2024 01:00:00","Belgium (BE)","268.50","288.65","288.65","236.46"
"02/07/2024 01:00:00 - 02/07/2024 02:00:00","Belgium (BE)","259.25","285.48","285.48","348.98"
"02/07/2024 02:00:00 - 02/07/2024 03:00:00","Belgium (BE)","286.50","389.93","389.93","499.98"
"02/07/2024 03:00:00 - 02/07/2024 04:00:00","Belgium (BE)","338.43","503.50","503.50","503.30"
"02/07/2024 04:00:00 - 02/07/2024 05:00:00","Belgium (BE)","377.95","624.30","624.30","407.48"
"02/07/2024 05:00:00 - 02/07/2024 06:00:00","Belgium (BE)","405.53","718.60","718.60","754.21"
"02/07/2024 06:00:00 - 02/07/2024 07:00:00","Belgium (BE)","436.13","719.90","719.90","509.48"
"02/07/2024 07:00:00 - 02/07/2024 08:00:00","Belgium (BE)","445.13","644.68","644.68","535.44"
"02/07/2024 08:00:00 - 02/07/2024 09:00:00","Belgium (BE)","416.73","499.93","499.93","468.13"
"02/07/2024 09:00:00 - 02/07/2024 10:00:00","Belgium (BE)","375.40","351.93","338.75","398.26"
"02/07/2024 10:00:00 - 02/07/2024 11:00:00","Belgium (BE)","361.80","256.90","243.03","135.43"
"02/07/2024 11:00:00 - 02/07/2024 12:00:00","Belgium (BE)","396.15","232.05","270.33","141.22"
"02/07/2024 12:00:00 - 02/07/2024 13:00:00","Belgium (BE)","438.95","243.88","316.18","559.18"
"02/07/2024 13:00:00 - 02/07/2024 14:00:00","Belgium (BE)","447.70","260.65","296.45","602.98"
"02/07/2024 14:00:00 - 02/07/2024 15:00:00","Belgium (BE)","412.58","261.45","579.53","415.10"
"02/07/2024 15:00:00 - 02/07/2024 16:00:00","Belgium (BE)","344.90","234.80","537.13","355.78"
"02/07/2024 16:00:00 - 02/07/2024 17:00:00","Belgium (BE)","258.53","194.90","389.03","257.08"
"02/07/2024 17:00:00 - 02/07/2024 18:00:00","Belgium (BE)","165.15","148.38","213.10","198.13"
"02/07/2024 18:00:00 - 02/07/2024 19:00:00","Belgium (BE)","89.90","101.35","147.83","175.10"
"02/07/2024 19:00:00 - 02/07/2024 20:00:00","Belgium (BE)","45.20","64.93","88.73","83.49"
"02/07/2024 20:00:00 - 02/07/2024 21:00:00","Belgium (BE)","25.18","39.15","71.80","18.34"
"02/07/2024 21:00:00 - 02/07/2024 22:00:00","Belgium (BE)","19.80","28.35","37.08"," "
"02/07/2024 22:00:00 - 02/07/2024 23:00:00","Belgium (BE)","24.85","32.18","32.18"," "
"02/07/2024 23:00:00 - 03/07/2024 00:00:00","Belgium (BE)","34.00","52.40","43.28","12.80"
"03/07/2024 00:00:00 - 03/07/2024 01:00:00","Belgium (BE)","81.43","115.40","115.40","52.71"
"03/07/2024 01:00:00 - 03/07/2024 02:00:00","Belgium (BE)","147.08","204.68","204.68","155.93"
"03/07/2024 02:00:00 - 03/07/2024 03:00:00","Belgium (BE)","236.95","258.30","258.30","317.32"
"03/07/2024 03:00:00 - 03/07/2024 04:00:00","Belgium (BE)","350.33","348.90","348.90","502.48"
"03/07/2024 04:00:00 - 03/07/2024 05:00:00","Belgium (BE)","447.20","413.88","413.88","719.65"
"03/07/2024 05:00:00 - 03/07/2024 06:00:00","Belgium (BE)","494.10","492.98","492.98","782.86"
"03/07/2024 06:00:00 - 03/07/2024 07:00:00","Belgium (BE)","508.83","452.53","452.53","732.16"
"03/07/2024 07:00:00 - 03/07/2024 08:00:00","Belgium (BE)","456.78","461.75","461.75","665.81"
"03/07/2024 08:00:00 - 03/07/2024 09:00:00","Belgium (BE)","337.98","309.05","351.70","364.43"
"03/07/2024 09:00:00 - 03/07/2024 10:00:00","Belgium (BE)","221.70","212.18","295.45","115.45"
"03/07/2024 10:00:00 - 03/07/2024 11:00:00","Belgium (BE)","156.80","169.18","219.90","64.99"
"03/07/2024 11:00:00 - 03/07/2024 12:00:00","Belgium (BE)","166.50","174.80","85.80","36.71"
"03/07/2024 12:00:00 - 03/07/2024 13:00:00","Belgium (BE)","262.73","251.35","118.13","38.15"
"03/07/2024 13:00:00 - 03/07/2024 14:00:00","Belgium (BE)","487.45","410.70","178.73","162.47"
"03/07/2024 14:00:00 - 03/07/2024 15:00:00","Belgium (BE)","829.25","681.03","383.15","376.83"
"03/07/2024 15:00:00 - 03/07/2024 16:00:00","Belgium (BE)","1232.33","1031.58","670.03","502.17"
"03/07/2024 16:00:00 - 03/07/2024 17:00:00","Belgium (BE)","1599.58","1371.60","1052.58","742.32"
"03/07/2024 17:00:00 - 03/07/2024 18:00:00","Belgium (BE)","1837.50","1635.78","1350.95","1806.22"
"03/07/2024 18:00:00 - 03/07/2024 19:00:00","Belgium (BE)","1959.38","1789.18","1379.15","1996.06"
"03/07/2024 19:00:00 - 03/07/2024 20:00:00","Belgium (BE)","2010.80","1849.28","1734.80","1878.16"
"03/07/2024 20:00:00 - 03/07/2024 21:00:00","Belgium (BE)","2027.10","1827.43","1811.80","1892.88"
"03/07/2024 21:00:00 - 03/07/2024 22:00:00","Belgium (BE)","2011.10","1779.35","1832.90","2008.32"
"03/07/2024 22:00:00 - 03/07/2024 23:00:00","Belgium (BE)","1986.38","1740.93","1806.95","2045.69"
"03/07/2024 23:00:00 - 04/07/2024 00:00:00","Belgium (BE)","1954.38","1735.73","1826.65","2032.46"
"04/07/2024 00:00:00 - 04/07/2024 01:00:00","Belgium (BE)","1801.63","2032.28","2032.28","1962.16"
"04/07/2024 01:00:00 - 04/07/2024 02:00:00","Belgium (BE)","1820.48","2020.65","2020.65","1978.84"
"04/07/2024 02:00:00 - 04/07/2024 03:00:00","Belgium (BE)","1710.45","1867.80","1867.80","1936.90"
"04/07/2024 03:00:00 - 04/07/2024 04:00:00","Belgium (BE)","1540.43","1671.48","1671.48","1692.25"
"04/07/2024 04:00:00 - 04/07/2024 05:00:00","Belgium (BE)","1431.58","1563.95","1563.95","1144.67"
"04/07/2024 05:00:00 - 04/07/2024 06:00:00","Belgium (BE)","1371.58","1410.20","1410.20","844.25"
"04/07/2024 06:00:00 - 04/07/2024 07:00:00","Belgium (BE)","1310.18","1224.60","1224.60","1009.83"
"04/07/2024 07:00:00 - 04/07/2024 08:00:00","Belgium (BE)","1209.80","1217.45","1217.45","1015.27"
"04/07/2024 08:00:00 - 04/07/2024 09:00:00","Belgium (BE)","1078.80","1130.68","1080.25","1123.24"
"04/07/2024 09:00:00 - 04/07/2024 10:00:00","Belgium (BE)","956.60","1009.88","953.98","879.67"
"04/07/2024 10:00:00 - 04/07/2024 11:00:00","Belgium (BE)","880.43","911.65","907.15","699.63"
"04/07/2024 11:00:00 - 04/07/2024 12:00:00","Belgium (BE)","849.85","877.63","960.75","441.16"
"04/07/2024 12:00:00 - 04/07/2024 13:00:00","Belgium (BE)","877.63","912.68","945.68","596.37"
"04/07/2024 13:00:00 - 04/07/2024 14:00:00","Belgium (BE)","934.13","964.43","764.83","818.72"
"04/07/2024 14:00:00 - 04/07/2024 15:00:00","Belgium (BE)","970.25","1012.10","873.18","903.79"
"04/07/2024 15:00:00 - 04/07/2024 16:00:00","Belgium (BE)","968.88","1052.28","1016.65","760.94"
"04/07/2024 16:00:00 - 04/07/2024 17:00:00","Belgium (BE)","1073.83","1209.25","1093.70","1164.80"
"04/07/2024 17:00:00 - 04/07/2024 18:00:00","Belgium (BE)","1327.13","1483.20","1270.55","1421.46"
"04/07/2024 18:00:00 - 04/07/2024 19:00:00","Belgium (BE)","1702.78","1726.60","1605.38","1852.19"
"04/07/2024 19:00:00 - 04/07/2024 20:00:00","Belgium (BE)","1944.15","1911.80","2082.33","1910.22"
"04/07/2024 20:00:00 - 04/07/2024 21:00:00","Belgium (BE)","1997.43","2000.03","2119.75","2010.52"
"04/07/2024 21:00:00 - 04/07/2024 22:00:00","Belgium (BE)","2003.88","1983.20","2112.80","2071.13"
"04/07/2024 22:00:00 - 04/07/2024 23:00:00","Belgium (BE)","1962.15","1894.48","2034.88","1997.00"
"04/07/2024 23:00:00 - 05/07/2024 00:00:00","Belgium (BE)","1890.48","1775.50","1926.33","1827.74"
"05/07/2024 00:00:00 - 05/07/2024 01:00:00","Belgium (BE)","1777.93","1875.65","1836.20","1694.12"
"05/07/2024 01:00:00 - 05/07/2024 02:00:00","Belgium (BE)","1735.15","1785.88","1824.93","1810.68"
"05/07/2024 02:00:00 - 05/07/2024 03:00:00","Belgium (BE)","1723.75","1741.23","1804.60","1830.55"
"05/07/2024 03:00:00 - 05/07/2024 04:00:00","Belgium (BE)","1681.98","1753.73","1730.93","1710.71"
"05/07/2024 04:00:00 - 05/07/2024 05:00:00","Belgium (BE)","1614.03","1656.43","1637.75","1818.40"
"05/07/2024 05:00:00 - 05/07/2024 06:00:00","Belgium (BE)","1546.48","1543.25","1559.33","1629.79"
"05/07/2024 06:00:00 - 05/07/2024 07:00:00","Belgium (BE)","1475.20","1436.13","1485.68","1628.05"
"05/07/2024 07:00:00 - 05/07/2024 08:00:00","Belgium (BE)","1413.43","1590.08","1424.98","1507.43"
"05/07/2024 08:00:00 - 05/07/2024 09:00:00","Belgium (BE)","1453.65","1543.58","1456.28","1268.44"
"05/07/2024 09:00:00 - 05/07/2024 10:00:00","Belgium (BE)","1608.33","1616.70","1586.83","1160.50"
"05/07/2024 10:00:00 - 05/07/2024 11:00:00","Belgium (BE)","1735.65","1725.58","1677.35","1303.29"
"05/07/2024 11:00:00 - 05/07/2024 12:00:00","Belgium (BE)","1827.55","1777.18","1732.33","1369.50"
"05/07/2024 12:00:00 - 05/07/2024 13:00:00","Belgium (BE)","1883.53","1805.83","1771.63","1660.48"
"05/07/2024 13:00:00 - 05/07/2024 14:00:00","Belgium (BE)","1887.78","1895.03","1812.65","1817.53"
"05/07/2024 14:00:00 - 05/07/2024 15:00:00","Belgium (BE)","1909.68","1972.33","1883.65","2039.97"
"05/07/2024 15:00:00 - 05/07/2024 16:00:00","Belgium (BE)","1939.95","2017.55","1926.98","2035.92"
"05/07/2024 16:00:00 - 05/07/2024 17:00:00","Belgium (BE)","1951.48","2030.98","1938.55","2056.18"
"05/07/2024 17:00:00 - 05/07/2024 18:00:00","Belgium (BE)","1978.55","2027.73","2050.55","2099.33"
"05/07/2024 18:00:00 - 05/07/2024 19:00:00","Belgium (BE)","1993.58","2005.03","2028.55","2067.10"
"05/07/2024 19:00:00 - 05/07/2024 20:00:00","Belgium (BE)","1977.03","1956.83","1992.63","2031.08"
"05/07/2024 20:00:00 - 05/07/2024 21:00:00","Belgium (BE)","1897.05","1868.38","1869.73","1953.27"
"05/07/2024 21:00:00 - 05/07/2024 22:00:00","Belgium (BE)","1731.53","1727.70","1676.75","1751.42"
"05/07/2024 22:00:00 - 05/07/2024 23:00:00","Belgium (BE)","1519.73","1496.33","1415.95","1447.93"
"05/07/2024 23:00:00 - 06/07/2024 00:00:00","Belgium (BE)","1314.28","1235.60","1200.08","1073.12"
"06/07/2024 00:00:00 - 06/07/2024 01:00:00","Belgium (BE)","1166.00","1313.08","1313.08","974.42"
"06/07/2024 01:00:00 - 06/07/2024 02:00:00","Belgium (BE)","1330.35","1383.18","1383.18","1156.13"
"06/07/2024 02:00:00 - 06/07/2024 03:00:00","Belgium (BE)","1540.33","1384.50","1384.50","1376.11"
"06/07/2024 03:00:00 - 06/07/2024 04:00:00","Belgium (BE)","1686.90","1541.30","1541.30","1480.49"
"06/07/2024 04:00:00 - 06/07/2024 05:00:00","Belgium (BE)","1790.05","1651.13","1651.13","1792.32"
"06/07/2024 05:00:00 - 06/07/2024 06:00:00","Belgium (BE)","1854.93","1754.73","1754.73","1572.31"
"06/07/2024 06:00:00 - 06/07/2024 07:00:00","Belgium (BE)","1906.93","1984.00","1984.00","1419.79"
"06/07/2024 07:00:00 - 06/07/2024 08:00:00","Belgium (BE)","1959.68","1857.83","1857.83","1600.64"
"06/07/2024 08:00:00 - 06/07/2024 09:00:00","Belgium (BE)","1987.08","1950.93","1802.75","1826.08"
"06/07/2024 09:00:00 - 06/07/2024 10:00:00","Belgium (BE)","1994.25","1973.13","1911.90","1973.07"
"06/07/2024 10:00:00 - 06/07/2024 11:00:00","Belgium (BE)","1979.85","1967.45","1952.33","2011.37"
"06/07/2024 11:00:00 - 06/07/2024 12:00:00","Belgium (BE)","1953.05","1956.18","2140.53","2008.14"
"06/07/2024 12:00:00 - 06/07/2024 13:00:00","Belgium (BE)","1940.13","1946.68","2107.43","1815.00"
"06/07/2024 13:00:00 - 06/07/2024 14:00:00","Belgium (BE)","1943.80","1950.50","2079.50","1835.83"
"06/07/2024 14:00:00 - 06/07/2024 15:00:00","Belgium (BE)","1947.08","1957.03","2089.03","1852.54"
"06/07/2024 15:00:00 - 06/07/2024 16:00:00","Belgium (BE)","1950.48","1968.95","2093.83","1595.99"
"06/07/2024 16:00:00 - 06/07/2024 17:00:00","Belgium (BE)","1955.33","1965.85","2078.03","1611.35"
"06/07/2024 17:00:00 - 06/07/2024 18:00:00","Belgium (BE)","1952.33","1932.58","2082.05","1854.50"
"06/07/2024 18:00:00 - 06/07/2024 19:00:00","Belgium (BE)","1943.98","1872.35","2059.88","1901.17"
"06/07/2024 19:00:00 - 06/07/2024 20:00:00","Belgium (BE)","1896.78","1750.23","1958.75","1810.81"
"06/07/2024 20:00:00 - 06/07/2024 21:00:00","Belgium (BE)","1780.38","1627.60","1835.53","1934.36"
"06/07/2024 21:00:00 - 06/07/2024 22:00:00","Belgium (BE)","1610.23","1538.10","1678.90","1716.39"
"06/07/2024 22:00:00 - 06/07/2024 23:00:00","Belgium (BE)","1419.80","1412.38","1509.78","1505.29"
"06/07/2024 23:00:00 - 07/07/2024 00:00:00","Belgium (BE)","1284.23","1363.40","1422.33","1478.08"
"07/07/2024 00:00:00 - 07/07/2024 01:00:00","Belgium (BE)","1416.85","1523.38","1523.38","1308.80"
"07/07/2024 01:00:00 - 07/07/2024 02:00:00","Belgium (BE)","1426.13","1532.55","1532.55","1141.11"
"07/07/2024 02:00:00 - 07/07/2024 03:00:00","Belgium (BE)","1374.08","1322.03","1322.03","1026.86"
"07/07/2024 03:00:00 - 07/07/2024 04:00:00","Belgium (BE)","1236.83","1135.15","1135.15","927.73"
"07/07/2024 04:00:00 - 07/07/2024 05:00:00","Belgium (BE)","1093.85","1090.45","1090.45","781.15"
"07/07/2024 05:00:00 - 07/07/2024 06:00:00","Belgium (BE)","1000.90","1085.30","1085.30","889.07"
"07/07/2024 06:00:00 - 07/07/2024 07:00:00","Belgium (BE)","1011.85","1150.90","1150.90","924.42"
"07/07/2024 07:00:00 - 07/07/2024 08:00:00","Belgium (BE)","1120.33","1266.35","1266.35","882.52"
"07/07/2024 08:00:00 - 07/07/2024 09:00:00","Belgium (BE)","1263.45","1341.80","1213.35","845.43"
"07/07/2024 09:00:00 - 07/07/2024 10:00:00","Belgium (BE)","1352.13","1396.53","1295.03","729.92"
"07/07/2024 10:00:00 - 07/07/2024 11:00:00","Belgium (BE)","1408.53","1458.78","1436.55","854.37"
"07/07/2024 11:00:00 - 07/07/2024 12:00:00","Belgium (BE)","1478.80","1505.28","1391.40","792.44"
"07/07/2024 12:00:00 - 07/07/2024 13:00:00","Belgium (BE)","1521.50","1481.23","1499.40","1170.76"
"07/07/2024 13:00:00 - 07/07/2024 14:00:00","Belgium (BE)","1513.23","1414.25","1415.03","1091.28"
"07/07/2024 14:00:00 - 07/07/2024 15:00:00","Belgium (BE)","1511.28","1359.25","1471.48","1355.13"
"07/07/2024 15:00:00 - 07/07/2024 16:00:00","Belgium (BE)","1543.55","1344.28","1467.25","1549.00"
"07/07/2024 16:00:00 - 07/07/2024 17:00:00","Belgium (BE)","1575.78","1377.08","1637.15","1541.28"
"07/07/2024 17:00:00 - 07/07/2024 18:00:00","Belgium (BE)","1635.15","1467.40","1701.90","1423.07"
"07/07/2024 18:00:00 - 07/07/2024 19:00:00","Belgium (BE)","1664.03","1604.83","1751.55","1718.69"
"07/07/2024 19:00:00 - 07/07/2024 20:00:00","Belgium (BE)","1658.93","1695.13","1694.90","2032.44"
"07/07/2024 20:00:00 - 07/07/2024 21:00:00","Belgium (BE)","1666.45","1717.30","1881.78","1843.92"
"07/07/2024 21:00:00 - 07/07/2024 22:00:00","Belgium (BE)","1667.38","1720.23","1979.20","1775.63"
"07/07/2024 22:00:00 - 07/07/2024 23:00:00","Belgium (BE)","1662.63","1704.98","1874.88","1760.82"
"07/07/2024 23:00:00 - 08/07/2024 00:00:00","Belgium (BE)","1646.48","1661.13","1758.80","1749.80"
"08/07/2024 00:00:00 - 08/07/2024 01:00:00","Belgium (BE)","1559.28","1667.15","1594.75","1530.84"
"08/07/2024 01:00:00 - 08/07/2024 02:00:00","Belgium (BE)","1381.70","1460.75","1452.10","1322.69"
"08/07/2024 02:00:00 - 08/07/2024 03:00:00","Belgium (BE)","1162.15","1171.43","1244.93","1090.85"
"08/07/2024 03:00:00 - 08/07/2024 04:00:00","Belgium (BE)","912.85","888.15","969.03","856.19"
"08/07/2024 04:00:00 - 08/07/2024 05:00:00","Belgium (BE)","674.60","654.28","706.85","605.36"
"08/07/2024 05:00:00 - 08/07/2024 06:00:00","Belgium (BE)","463.15","482.53","493.05","433.24"
"08/07/2024 06:00:00 - 08/07/2024 07:00:00","Belgium (BE)","303.25","338.50","335.00","359.14"
"08/07/2024 07:00:00 - 08/07/2024 08:00:00","Belgium (BE)","202.43","225.58","227.73","205.74"
"08/07/2024 08:00:00 - 08/07/2024 09:00:00","Belgium (BE)","142.83","160.20","150.78","70.46"
"08/07/2024 09:00:00 - 08/07/2024 10:00:00","Belgium (BE)","108.63","115.10","99.95","36.96"
"08/07/2024 10:00:00 - 08/07/2024 11:00:00","Belgium (BE)","84.73","80.30","67.03","56.82"
"08/07/2024 11:00:00 - 08/07/2024 12:00:00","Belgium (BE)","65.28","50.65","46.45","34.92"
"08/07/2024 12:00:00 - 08/07/2024 13:00:00","Belgium (BE)","46.03","30.40","31.18","4.39"
"08/07/2024 13:00:00 - 08/07/2024 14:00:00","Belgium (BE)","28.60","17.63","5.50"," "
"08/07/2024 14:00:00 - 08/07/2024 15:00:00","Belgium (BE)","18.90","11.18","4.35"," "
"08/07/2024 15:00:00 - 08/07/2024 16:00:00","Belgium (BE)","15.30","9.83","2.93"," "
"08/07/2024 16:00:00 - 08/07/2024 17:00:00","Belgium (BE)","12.15","11.00","2.88"," "
"08/07/2024 17:00:00 - 08/07/2024 18:00:00","Belgium (BE)","12.30","12.55","11.55"," "
"08/07/2024 18:00:00 - 08/07/2024 19:00:00","Belgium (BE)","20.58","26.40","25.18"," "
"08/07/2024 19:00:00 - 08/07/2024 20:00:00","Belgium (BE)","33.53","51.90","72.98","21.89"
"08/07/2024 20:00:00 - 08/07/2024 21:00:00","Belgium (BE)","60.28","94.70","131.93","55.19"
"08/07/2024 21:00:00 - 08/07/2024 22:00:00","Belgium (BE)","107.73","154.25","214.08","166.96"
"08/07/2024 22:00:00 - 08/07/2024 23:00:00","Belgium (BE)","163.43","225.98","344.33","239.92"
"08/07/2024 23:00:00 - 09/07/2024 00:00:00","Belgium (BE)","210.75","294.98","455.45","329.02"
"09/07/2024 00:00:00 - 09/07/2024 01:00:00","Belgium (BE)","514.60","541.38","541.38","421.86"
"09/07/2024 01:00:00 - 09/07/2024 02:00:00","Belgium (BE)","555.33","530.40","530.40","465.88"
"09/07/2024 02:00:00 - 09/07/2024 03:00:00","Belgium (BE)","568.43","544.48","544.48","378.26"
"09/07/2024 03:00:00 - 09/07/2024 04:00:00","Belgium (BE)","589.73","542.53","542.53","270.10"
"09/07/2024 04:00:00 - 09/07/2024 05:00:00","Belgium (BE)","605.60","601.18","601.18","310.24"
"09/07/2024 05:00:00 - 09/07/2024 06:00:00","Belgium (BE)","614.70","557.25","557.25","533.23"
"09/07/2024 06:00:00 - 09/07/2024 07:00:00","Belgium (BE)","589.78","625.05","625.05","597.32"
"09/07/2024 07:00:00 - 09/07/2024 08:00:00","Belgium (BE)","542.23","586.65","586.65","380.02"
"09/07/2024 08:00:00 - 09/07/2024 09:00:00","Belgium (BE)","480.23","518.35","518.35","346.31"
"09/07/2024 09:00:00 - 09/07/2024 10:00:00","Belgium (BE)","394.05","396.38","455.33","330.89"
"09/07/2024 10:00:00 - 09/07/2024 11:00:00","Belgium (BE)","289.75","243.53","227.05","293.76"
"09/07/2024 11:00:00 - 09/07/2024 12:00:00","Belgium (BE)","200.08","148.93","170.75","180.88"
"09/07/2024 12:00:00 - 09/07/2024 13:00:00","Belgium (BE)","132.33","99.35","122.80","74.10"
"09/07/2024 13:00:00 - 09/07/2024 14:00:00","Belgium (BE)","89.33","54.95","86.88","76.00"
"09/07/2024 14:00:00 - 09/07/2024 15:00:00","Belgium (BE)","52.25","27.20","51.45","109.36"
"09/07/2024 15:00:00 - 09/07/2024 16:00:00","Belgium (BE)","33.35","14.50","27.00","28.28"
"09/07/2024 16:00:00 - 09/07/2024 17:00:00","Belgium (BE)","43.18","13.45","31.28"," "
"09/07/2024 17:00:00 - 09/07/2024 18:00:00","Belgium (BE)","76.13","19.45","35.20"," "
"09/07/2024 18:00:00 - 09/07/2024 19:00:00","Belgium (BE)","82.83","37.60","55.58"," "
"09/07/2024 19:00:00 - 09/07/2024 20:00:00","Belgium (BE)","72.98","53.93","68.30","14.86"
"09/07/2024 20:00:00 - 09/07/2024 21:00:00","Belgium (BE)","67.88","46.63","65.30","36.94"
"09/07/2024 21:00:00 - 09/07/2024 22:00:00","Belgium (BE)","58.90","40.35","71.60"," "
"09/07/2024 22:00:00 - 09/07/2024 23:00:00","Belgium (BE)","59.13","50.73","121.90","64.35"
"09/07/2024 23:00:00 - 10/07/2024 00:00:00","Belgium (BE)","81.38","78.78","198.25","373.60"
"10/07/2024 00:00:00 - 10/07/2024 01:00:00","Belgium (BE)","275.10","165.70","165.70","509.27"
"10/07/2024 01:00:00 - 10/07/2024 02:00:00","Belgium (BE)","318.85","322.63","322.63","365.64"
"10/07/2024 02:00:00 - 10/07/2024 03:00:00","Belgium (BE)","399.88","471.95","471.95","301.10"
"10/07/2024 03:00:00 - 10/07/2024 04:00:00","Belgium (BE)","493.63","480.55","480.55","345.32"
"10/07/2024 04:00:00 - 10/07/2024 05:00:00","Belgium (BE)","537.80","591.70","591.70","621.47"
"10/07/2024 05:00:00 - 10/07/2024 06:00:00","Belgium (BE)","587.10","621.03","621.03","740.50"
"10/07/2024 06:00:00 - 10/07/2024 07:00:00","Belgium (BE)","704.83","742.45","742.45","886.95"
"10/07/2024 07:00:00 - 10/07/2024 08:00:00","Belgium (BE)","825.45","731.08","731.08","799.16"
"10/07/2024 08:00:00 - 10/07/2024 09:00:00","Belgium (BE)","911.35","755.03","848.00","728.07"
"10/07/2024 09:00:00 - 10/07/2024 10:00:00","Belgium (BE)","976.93","839.43","886.53","988.23"
"10/07/2024 10:00:00 - 10/07/2024 11:00:00","Belgium (BE)","1011.45","966.03","1019.53","908.19"
"10/07/2024 11:00:00 - 10/07/2024 12:00:00","Belgium (BE)","1134.08","1156.18","1218.83","1211.19"
"10/07/2024 12:00:00 - 10/07/2024 13:00:00","Belgium (BE)","1368.88","1396.55","1292.30","1486.36"
"10/07/2024 13:00:00 - 10/07/2024 14:00:00","Belgium (BE)","1608.15","1644.08","1581.65","1190.46"
"10/07/2024 14:00:00 - 10/07/2024 15:00:00","Belgium (BE)","1791.68","1830.58","1769.93","1510.79"
"10/07/2024 15:00:00 - 10/07/2024 16:00:00","Belgium (BE)","1902.00","1920.65","1674.55","1707.28"
"10/07/2024 16:00:00 - 10/07/2024 17:00:00","Belgium (BE)","1956.58","1959.33","1829.30","1832.76"
"10/07/2024 17:00:00 - 10/07/2024 18:00:00","Belgium (BE)","1967.53","1956.48","1912.25","1978.35"
"10/07/2024 18:00:00 - 10/07/2024 19:00:00","Belgium (BE)","1956.20","1918.48","1933.45","1945.37"
"10/07/2024 19:00:00 - 10/07/2024 20:00:00","Belgium (BE)","1924.08","1865.85","1967.33","1874.74"
"10/07/2024 20:00:00 - 10/07/2024 21:00:00","Belgium (BE)","1856.25","1767.20","1890.48","1890.51"
"10/07/2024 21:00:00 - 10/07/2024 22:00:00","Belgium (BE)","1727.83","1625.03","1704.45","1918.18"
"10/07/2024 22:00:00 - 10/07/2024 23:00:00","Belgium (BE)","1578.30","1472.68","1552.15","1752.91"
"10/07/2024 23:00:00 - 11/07/2024 00:00:00","Belgium (BE)","1448.38","1304.93","1405.80","1581.34"
"11/07/2024 00:00:00 - 11/07/2024 01:00:00","Belgium (BE)","1278.48","1317.75","1317.75","1514.50"
"11/07/2024 01:00:00 - 11/07/2024 02:00:00","Belgium (BE)","1181.20","1239.60","1239.60","1397.55"
"11/07/2024 02:00:00 - 11/07/2024 03:00:00","Belgium (BE)","1022.68","1114.53","1114.53","1060.69"
"11/07/2024 03:00:00 - 11/07/2024 04:00:00","Belgium (BE)","806.55","920.08","920.08","733.01"
"11/07/2024 04:00:00 - 11/07/2024 05:00:00","Belgium (BE)","635.13","696.75","696.75","628.27"
"11/07/2024 05:00:00 - 11/07/2024 06:00:00","Belgium (BE)","523.55","499.80","499.80","617.79"
"11/07/2024 06:00:00 - 11/07/2024 07:00:00","Belgium (BE)","442.40","452.18","452.18","412.59"
"11/07/2024 07:00:00 - 11/07/2024 08:00:00","Belgium (BE)","387.28","408.70","408.70","398.94"
"11/07/2024 08:00:00 - 11/07/2024 09:00:00","Belgium (BE)","344.98","373.45","324.50","351.09"
"11/07/2024 09:00:00 - 11/07/2024 10:00:00","Belgium (BE)","303.15","337.18","322.53","299.85"
"11/07/2024 10:00:00 - 11/07/2024 11:00:00","Belgium (BE)","263.23","305.55","300.25","253.33"
"11/07/2024 11:00:00 - 11/07/2024 12:00:00","Belgium (BE)","226.38","272.18","227.98","169.87"
"11/07/2024 12:00:00 - 11/07/2024 13:00:00","Belgium (BE)","185.90","228.68","187.35","95.20"
"11/07/2024 13:00:00 - 11/07/2024 14:00:00","Belgium (BE)","140.33","174.93","117.35","95.62"
"11/07/2024 14:00:00 - 11/07/2024 15:00:00","Belgium (BE)","93.23","117.03","61.55","89.73"
"11/07/2024 15:00:00 - 11/07/2024 16:00:00","Belgium (BE)","56.20","69.75","52.33","26.69"
"11/07/2024 16:00:00 - 11/07/2024 17:00:00","Belgium (BE)","35.75","41.85","43.65","9.96"
"11/07/2024 17:00:00 - 11/07/2024 18:00:00","Belgium (BE)","24.45","27.33","19.78","3.35"
"11/07/2024 18:00:00 - 11/07/2024 19:00:00","Belgium (BE)","19.73","20.30","13.38"," "
"11/07/2024 19:00:00 - 11/07/2024 20:00:00","Belgium (BE)","15.98","16.63","11.20"," "
"11/07/2024 20:00:00 - 11/07/2024 21:00:00","Belgium (BE)","20.25","14.38","10.78"," "
"11/07/2024 21:00:00 - 11/07/2024 22:00:00","Belgium (BE)","43.95","17.83","19.98"," "
"11/07/2024 22:00:00 - 11/07/2024 23:00:00","Belgium (BE)","80.85","28.90","36.95"," "
"11/07/2024 23:00:00 - 12/07/2024 00:00:00","Belgium (BE)","121.53","49.98","80.48","8.25"
"12/07/2024 00:00:00 - 12/07/2024 01:00:00","Belgium (BE)","157.13","121.20","121.20","62.53"
"12/07/2024 01:00:00 - 12/07/2024 02:00:00","Belgium (BE)","228.03","128.90","128.90","104.80"
"12/07/2024 02:00:00 - 12/07/2024 03:00:00","Belgium (BE)","296.10","162.75","162.75","247.11"
"12/07/2024 03:00:00 - 12/07/2024 04:00:00","Belgium (BE)","380.13","231.25","231.25","425.39"
"12/07/2024 04:00:00 - 12/07/2024 05:00:00","Belgium (BE)","508.30","331.05","331.05","617.90"
"12/07/2024 05:00:00 - 12/07/2024 06:00:00","Belgium (BE)","655.68","557.10","557.10","691.17"
"12/07/2024 06:00:00 - 12/07/2024 07:00:00","Belgium (BE)","788.80","575.28","575.28","726.54"
"12/07/2024 07:00:00 - 12/07/2024 08:00:00","Belgium (BE)","862.93","684.28","684.28","784.55"
"12/07/2024 08:00:00 - 12/07/2024 09:00:00","Belgium (BE)","869.23","703.63","708.38","809.19"
"12/07/2024 09:00:00 - 12/07/2024 10:00:00","Belgium (BE)","851.53","761.93","813.18","910.01"
"12/07/2024 10:00:00 - 12/07/2024 11:00:00","Belgium (BE)","793.80","824.58","862.68","945.21"
"12/07/2024 11:00:00 - 12/07/2024 12:00:00","Belgium (BE)","687.50","855.35","1112.65","1082.86"
"12/07/2024 12:00:00 - 12/07/2024 13:00:00","Belgium (BE)","573.00","852.73","1097.30","1154.60"
"12/07/2024 13:00:00 - 12/07/2024 14:00:00","Belgium (BE)","504.95","829.53","1032.30","1043.93"
"12/07/2024 14:00:00 - 12/07/2024 15:00:00","Belgium (BE)","473.80","799.18","1136.05","924.20"
"12/07/2024 15:00:00 - 12/07/2024 16:00:00","Belgium (BE)","470.30","781.58","960.00","685.03"
"12/07/2024 16:00:00 - 12/07/2024 17:00:00","Belgium (BE)","486.80","761.48","812.90","621.67"
"12/07/2024 17:00:00 - 12/07/2024 18:00:00","Belgium (BE)","520.70","735.43","675.98","736.30"
"12/07/2024 18:00:00 - 12/07/2024 19:00:00","Belgium (BE)","560.33","679.15","661.78","846.49"
"12/07/2024 19:00:00 - 12/07/2024 20:00:00","Belgium (BE)","606.53","616.58","748.15","815.37"
"12/07/2024 20:00:00 - 12/07/2024 21:00:00","Belgium (BE)","645.45","583.13","759.08","601.53"
"12/07/2024 21:00:00 - 12/07/2024 22:00:00","Belgium (BE)","670.60","564.88","717.98","586.88"
"12/07/2024 22:00:00 - 12/07/2024 23:00:00","Belgium (BE)","711.50","544.93","765.13","645.51"
"12/07/2024 23:00:00 - 13/07/2024 00:00:00","Belgium (BE)","774.70","504.78","887.80","768.06"
"13/07/2024 00:00:00 - 13/07/2024 01:00:00","Belgium (BE)","1041.43","1074.58","1074.58","846.68"
"13/07/2024 01:00:00 - 13/07/2024 02:00:00","Belgium (BE)","1217.43","1188.40","1188.40","875.61"
"13/07/2024 02:00:00 - 13/07/2024 03:00:00","Belgium (BE)","1340.63","1242.50","1242.50","892.08"
"13/07/2024 03:00:00 - 13/07/2024 04:00:00","Belgium (BE)","1363.15","1265.73","1265.73","1171.51"
"13/07/2024 04:00:00 - 13/07/2024 05:00:00","Belgium (BE)","1265.93","1314.15","1314.15","1227.46"
"13/07/2024 05:00:00 - 13/07/2024 06:00:00","Belgium (BE)","1115.45","1125.75","1125.75","1209.39"
"13/07/2024 06:00:00 - 13/07/2024 07:00:00","Belgium (BE)","965.93","990.80","990.80","994.07"
"13/07/2024 07:00:00 - 13/07/2024 08:00:00","Belgium (BE)","849.15","839.25","839.25","755.78"
"13/07/2024 08:00:00 - 13/07/2024 09:00:00","Belgium (BE)","738.13","695.50","672.28","603.83"
"13/07/2024 09:00:00 - 13/07/2024 10:00:00","Belgium (BE)","629.23","588.50","551.55","529.60"
"13/07/2024 10:00:00 - 13/07/2024 11:00:00","Belgium (BE)","560.58","525.53","494.08","527.89"
"13/07/2024 11:00:00 - 13/07/2024 12:00:00","Belgium (BE)","532.70","496.80","511.70","542.59"
"13/07/2024 12:00:00 - 13/07/2024 13:00:00","Belgium (BE)","538.33","508.43","502.08","612.31"
"13/07/2024 13:00:00 - 13/07/2024 14:00:00","Belgium (BE)","558.20","548.65","569.03","586.02"
"13/07/2024 14:00:00 - 13/07/2024 15:00:00","Belgium (BE)","578.75","593.68","587.48","581.54"
"13/07/2024 15:00:00 - 13/07/2024 16:00:00","Belgium (BE)","584.50","616.65","538.43","530.17"
"13/07/2024 16:00:00 - 13/07/2024 17:00:00","Belgium (BE)","563.90","620.53","530.70","497.14"
"13/07/2024 17:00:00 - 13/07/2024 18:00:00","Belgium (BE)","519.90","621.00","524.75","437.36"
"13/07/2024 18:00:00 - 13/07/2024 19:00:00","Belgium (BE)","492.08","624.13","535.58","241.87"
"13/07/2024 19:00:00 - 13/07/2024 20:00:00","Belgium (BE)","499.15","632.48","555.35","392.59"
"13/07/2024 20:00:00 - 13/07/2024 21:00:00","Belgium (BE)","543.28","638.33","517.50","629.88"
"13/07/2024 21:00:00 - 13/07/2024 22:00:00","Belgium (BE)","603.60","615.90","606.45","817.67"
"13/07/2024 22:00:00 - 13/07/2024 23:00:00","Belgium (BE)","602.70","586.90","626.58","641.91"
"13/07/2024 23:00:00 - 14/07/2024 00:00:00","Belgium (BE)","574.45","583.63","636.35","449.24"
"14/07/2024 00:00:00 - 14/07/2024 01:00:00","Belgium (BE)","670.70","655.90","655.90","445.05"
"14/07/2024 01:00:00 - 14/07/2024 02:00:00","Belgium (BE)","658.80","581.40","581.40","466.96"
"14/07/2024 02:00:00 - 14/07/2024 03:00:00","Belgium (BE)","652.78","538.80","538.80","587.07"
"14/07/2024 03:00:00 - 14/07/2024 04:00:00","Belgium (BE)","657.85","570.48","570.48","574.85"
"14/07/2024 04:00:00 - 14/07/2024 05:00:00","Belgium (BE)","649.40","598.35","598.35","497.56"
"14/07/2024 05:00:00 - 14/07/2024 06:00:00","Belgium (BE)","615.65","612.68","612.68","592.74"
"14/07/2024 06:00:00 - 14/07/2024 07:00:00","Belgium (BE)","586.85","526.65","526.65","713.10"
"14/07/2024 07:00:00 - 14/07/2024 08:00:00","Belgium (BE)","561.28","503.03","503.03","400.44"
"14/07/2024 08:00:00 - 14/07/2024 09:00:00","Belgium (BE)","540.75","515.90","621.13","577.44"
"14/07/2024 09:00:00 - 14/07/2024 10:00:00","Belgium (BE)","537.25","564.88","524.90","560.72"
"14/07/2024 10:00:00 - 14/07/2024 11:00:00","Belgium (BE)","553.83","586.45","550.53","479.81"
"14/07/2024 11:00:00 - 14/07/2024 12:00:00","Belgium (BE)","567.23","587.88","582.00","480.71"
"14/07/2024 12:00:00 - 14/07/2024 13:00:00","Belgium (BE)","564.13","608.15","581.05","496.50"
"14/07/2024 13:00:00 - 14/07/2024 14:00:00","Belgium (BE)","543.15","587.00","579.85","499.82"
"14/07/2024 14:00:00 - 14/07/2024 15:00:00","Belgium (BE)","509.23","519.40","615.65","355.23"
"14/07/2024 15:00:00 - 14/07/2024 16:00:00","Belgium (BE)","479.15","443.03","558.65","315.41"
"14/07/2024 16:00:00 - 14/07/2024 17:00:00","Belgium (BE)","456.75","390.35","501.53","294.03"
"14/07/2024 17:00:00 - 14/07/2024 18:00:00","Belgium (BE)","451.65","397.60","524.88","380.97"
"14/07/2024 18:00:00 - 14/07/2024 19:00:00","Belgium (BE)","489.75","456.25","596.10","475.74"
"14/07/2024 19:00:00 - 14/07/2024 20:00:00","Belgium (BE)","561.00","545.33","647.63","460.94"
"14/07/2024 20:00:00 - 14/07/2024 21:00:00","Belgium (BE)","619.43","626.63","619.28","463.55"
"14/07/2024 21:00:00 - 14/07/2024 22:00:00","Belgium (BE)","639.05","678.90","550.00","487.56"
"14/07/2024 22:00:00 - 14/07/2024 23:00:00","Belgium (BE)","614.50","645.43","473.80","422.22"
"14/07/2024 23:00:00 - 15/07/2024 00:00:00","Belgium (BE)","566.18","500.38","357.73","429.72"
"15/07/2024 00:00:00 - 15/07/2024 01:00:00","Belgium (BE)","259.68","169.90","169.90","305.55"
"15/07/2024 01:00:00 - 15/07/2024 02:00:00","Belgium (BE)","176.08","211.10","211.10","169.83"
"15/07/2024 02:00:00 - 15/07/2024 03:00:00","Belgium (BE)","110.85","141.53","141.53","100.01"
"15/07/2024 03:00:00 - 15/07/2024 04:00:00","Belgium (BE)","70.18","81.33","81.33","46.60"
"15/07/2024 04:00:00 - 15/07/2024 05:00:00","Belgium (BE)","44.58","54.25","54.25","20.45"
"15/07/2024 05:00:00 - 15/07/2024 06:00:00","Belgium (BE)","28.23","38.53","38.53","26.67"
"15/07/2024 06:00:00 - 15/07/2024 07:00:00","Belgium (BE)","22.98","24.43","24.43"," "
"15/07/2024 07:00:00 - 15/07/2024 08:00:00","Belgium (BE)","30.78","25.15","25.15"," "
"15/07/2024 08:00:00 - 15/07/2024 09:00:00","Belgium (BE)","39.60","24.88","24.88","1.88"
"15/07/2024 09:00:00 - 15/07/2024 10:00:00","Belgium (BE)","46.00","22.68","17.13","0.10"
"15/07/2024 10:00:00 - 15/07/2024 11:00:00","Belgium (BE)","44.58","20.10","19.78"," "
"15/07/2024 11:00:00 - 15/07/2024 12:00:00","Belgium (BE)","45.00","21.85","19.55"," "
"15/07/2024 12:00:00 - 15/07/2024 13:00:00","Belgium (BE)","47.95","26.28","23.48"," "
"15/07/2024 13:00:00 - 15/07/2024 14:00:00","Belgium (BE)","49.28","32.90","31.68"," "
"15/07/2024 14:00:00 - 15/07/2024 15:00:00","Belgium (BE)","58.60","60.40","52.95","64.67"
"15/07/2024 15:00:00 - 15/07/2024 16:00:00","Belgium (BE)","76.15","118.43","90.25","87.41"
"15/07/2024 16:00:00 - 15/07/2024 17:00:00","Belgium (BE)","105.65","198.28","159.85","54.35"
"15/07/2024 17:00:00 - 15/07/2024 18:00:00","Belgium (BE)","158.40","313.38","266.70","150.91"
"15/07/2024 18:00:00 - 15/07/2024 19:00:00","Belgium (BE)","174.35","444.80","412.25","33.98"
"15/07/2024 19:00:00 - 15/07/2024 20:00:00","Belgium (BE)","137.05","614.55","623.10","65.81"
"15/07/2024 20:00:00 - 15/07/2024 21:00:00","Belgium (BE)","137.68","655.18","656.18","182.70"
"15/07/2024 21:00:00 - 15/07/2024 22:00:00","Belgium (BE)","172.73","639.58","620.90","180.49"
"15/07/2024 22:00:00 - 15/07/2024 23:00:00","Belgium (BE)","205.85","718.58","694.10","229.19"
"15/07/2024 23:00:00 - 16/07/2024 00:00:00","Belgium (BE)","262.50","934.25","827.15","229.42"
"16/07/2024 00:00:00 - 16/07/2024 01:00:00","Belgium (BE)","1399.50","788.68","788.68","272.95"
"16/07/2024 01:00:00 - 16/07/2024 02:00:00","Belgium (BE)","1781.70","933.60","933.60","982.99"
"16/07/2024 02:00:00 - 16/07/2024 03:00:00","Belgium (BE)","1939.40","1293.20","1293.20","1719.69"
"16/07/2024 03:00:00 - 16/07/2024 04:00:00","Belgium (BE)","1995.63","1690.50","1690.50","1756.02"
"16/07/2024 04:00:00 - 16/07/2024 05:00:00","Belgium (BE)","1983.40","1901.85","1901.85","2101.78"
"16/07/2024 05:00:00 - 16/07/2024 06:00:00","Belgium (BE)","1956.78","1936.88","1936.88","2054.15"
"16/07/2024 06:00:00 - 16/07/2024 07:00:00","Belgium (BE)","1978.48","1865.28","1865.28","1960.58"
"16/07/2024 07:00:00 - 16/07/2024 08:00:00","Belgium (BE)","2003.43","1748.03","1748.03","1576.36"
"16/07/2024 08:00:00 - 16/07/2024 09:00:00","Belgium (BE)","2026.23","1697.95","1776.58","1267.01"
"16/07/2024 09:00:00 - 16/07/2024 10:00:00","Belgium (BE)","2057.53","1715.68","1690.80","1265.98"
"16/07/2024 10:00:00 - 16/07/2024 11:00:00","Belgium (BE)","2082.63","1749.73","1702.98","1357.98"
"16/07/2024 11:00:00 - 16/07/2024 12:00:00","Belgium (BE)","2099.25","1820.05","1599.53","1639.25"
"16/07/2024 12:00:00 - 16/07/2024 13:00:00","Belgium (BE)","2107.70","1883.88","1721.33","1758.68"
"16/07/2024 13:00:00 - 16/07/2024 14:00:00","Belgium (BE)","2106.15","1939.58","1796.13","1675.56"
"16/07/2024 14:00:00 - 16/07/2024 15:00:00","Belgium (BE)","2073.20","2002.60","1809.73","1474.56"
"16/07/2024 15:00:00 - 16/07/2024 16:00:00","Belgium (BE)","1957.38","2010.20","1866.43","1490.60"
"16/07/2024 16:00:00 - 16/07/2024 17:00:00","Belgium (BE)","1694.63","1918.05","1844.35","1896.17"
"16/07/2024 17:00:00 - 16/07/2024 18:00:00","Belgium (BE)","1180.20","1687.55","1779.38","1863.11"
"16/07/2024 18:00:00 - 16/07/2024 19:00:00","Belgium (BE)","809.98","1400.40","1590.83","1907.16"
"16/07/2024 19:00:00 - 16/07/2024 20:00:00","Belgium (BE)","680.83","1107.05","1358.63","1334.35"
"16/07/2024 20:00:00 - 16/07/2024 21:00:00","Belgium (BE)","699.23","779.30","842.30","996.24"
"16/07/2024 21:00:00 - 16/07/2024 22:00:00","Belgium (BE)","784.38","457.10","772.05","594.90"
"16/07/2024 22:00:00 - 16/07/2024 23:00:00","Belgium (BE)","861.78","313.95","436.33","424.23"
"16/07/2024 23:00:00 - 17/07/2024 00:00:00","Belgium (BE)","899.80","229.38","274.25","361.34"
"17/07/2024 00:00:00 - 17/07/2024 01:00:00","Belgium (BE)","182.00","167.35","167.35","560.48"
"17/07/2024 01:00:00 - 17/07/2024 02:00:00","Belgium (BE)","213.25","206.63","206.63","538.04"
"17/07/2024 02:00:00 - 17/07/2024 03:00:00","Belgium (BE)","267.50","313.15","313.15","277.97"
"17/07/2024 03:00:00 - 17/07/2024 04:00:00","Belgium (BE)","303.55","326.78","326.78","151.68"
"17/07/2024 04:00:00 - 17/07/2024 05:00:00","Belgium (BE)","307.75","221.65","221.65","162.96"
"17/07/2024 05:00:00 - 17/07/2024 06:00:00","Belgium (BE)","268.68","197.60","197.60","278.25"
"17/07/2024 06:00:00 - 17/07/2024 07:00:00","Belgium (BE)","198.73","135.13","135.13","131.52"
"17/07/2024 07:00:00 - 17/07/2024 08:00:00","Belgium (BE)","136.08","142.15","142.15","57.48"
"17/07/2024 08:00:00 - 17/07/2024 09:00:00","Belgium (BE)","87.30","108.68","108.68","8.70"
"17/07/2024 09:00:00 - 17/07/2024 10:00:00","Belgium (BE)","55.10","87.35","54.48","16.60"
"17/07/2024 10:00:00 - 17/07/2024 11:00:00","Belgium (BE)","37.65","72.93","32.93","45.91"
"17/07/2024 11:00:00 - 17/07/2024 12:00:00","Belgium (BE)","28.83","62.35","40.55","113.13"
"17/07/2024 12:00:00 - 17/07/2024 13:00:00","Belgium (BE)","25.83","51.83","46.83","168.05"
"17/07/2024 13:00:00 - 17/07/2024 14:00:00","Belgium (BE)","23.10","39.08","71.75","124.13"
"17/07/2024 14:00:00 - 17/07/2024 15:00:00","Belgium (BE)","18.55","27.13","47.85","73.99"
"17/07/2024 15:00:00 - 17/07/2024 16:00:00","Belgium (BE)","12.83","16.10","61.88","2.82"
"17/07/2024 16:00:00 - 17/07/2024 17:00:00","Belgium (BE)","9.38","9.78","36.08"," "
"17/07/2024 17:00:00 - 17/07/2024 18:00:00","Belgium (BE)","6.53","6.88","10.23"," "
"17/07/2024 18:00:00 - 17/07/2024 19:00:00","Belgium (BE)","4.25","5.93","10.05"," "
"17/07/2024 19:00:00 - 17/07/2024 20:00:00","Belgium (BE)","3.73","5.23","7.95"," "
"17/07/2024 20:00:00 - 17/07/2024 21:00:00","Belgium (BE)","4.53","5.08","7.08"," "
"17/07/2024 21:00:00 - 17/07/2024 22:00:00","Belgium (BE)","7.03","5.18","7.90"," "
"17/07/2024 22:00:00 - 17/07/2024 23:00:00","Belgium (BE)","8.28","6.25","7.05","2.16"
"17/07/2024 23:00:00 - 18/07/2024 00:00:00","Belgium (BE)","10.18","7.20","7.28","0.36"
"18/07/2024 00:00:00 - 18/07/2024 01:00:00","Belgium (BE)","8.23","12.15","12.15"," "
"18/07/2024 01:00:00 - 18/07/2024 02:00:00","Belgium (BE)","8.55","9.93","9.93"," "
"18/07/2024 02:00:00 - 18/07/2024 03:00:00","Belgium (BE)","6.95","13.00","13.00"," "
"18/07/2024 03:00:00 - 18/07/2024 04:00:00","Belgium (BE)","6.10","17.83","17.83"," "
"18/07/2024 04:00:00 - 18/07/2024 05:00:00","Belgium (BE)","5.30","19.45","19.45"," "
"18/07/2024 05:00:00 - 18/07/2024 06:00:00","Belgium (BE)","5.00","19.83","19.83"," "
"18/07/2024 06:00:00 - 18/07/2024 07:00:00","Belgium (BE)","7.75","20.90","20.90"," "
"18/07/2024 07:00:00 - 18/07/2024 08:00:00","Belgium (BE)","8.90","26.28","21.38","2.08"
"18/07/2024 08:00:00 - 18/07/2024 09:00:00","Belgium (BE)","11.50","24.80","18.63","16.20"
"18/07/2024 09:00:00 - 18/07/2024 10:00:00","Belgium (BE)","12.25","21.38","20.78","9.40"
"18/07/2024 10:00:00 - 18/07/2024 11:00:00","Belgium (BE)","13.08","16.38","20.03","3.80"
"18/07/2024 11:00:00 - 18/07/2024 12:00:00","Belgium (BE)","14.18","14.15","14.15"," "
"18/07/2024 12:00:00 - 18/07/2024 13:00:00","Belgium (BE)","13.65","14.20","10.10"," "
"18/07/2024 13:00:00 - 18/07/2024 14:00:00","Belgium (BE)","12.33","15.58","7.98"," "
"18/07/2024 14:00:00 - 18/07/2024 15:00:00","Belgium (BE)","10.45","14.85","8.15"," "
"18/07/2024 15:00:00 - 18/07/2024 16:00:00","Belgium (BE)","12.83","14.43","16.08"," "
"18/07/2024 16:00:00 - 18/07/2024 17:00:00","Belgium (BE)","20.25","18.08","21.33"," "
"18/07/2024 17:00:00 - 18/07/2024 18:00:00","Belgium (BE)","36.30","36.00","36.30","5.11"
"18/07/2024 18:00:00 - 18/07/2024 19:00:00","Belgium (BE)","53.68","63.50","56.45","13.94"
"18/07/2024 19:00:00 - 18/07/2024 20:00:00","Belgium (BE)","73.48","94.35","73.60","37.93"
"18/07/2024 20:00:00 - 18/07/2024 21:00:00","Belgium (BE)","98.95","124.03","91.13","64.19"
"18/07/2024 21:00:00 - 18/07/2024 22:00:00","Belgium (BE)","128.05","152.05","108.78","111.50"
"18/07/2024 22:00:00 - 18/07/2024 23:00:00","Belgium (BE)","163.73","181.80","136.75","159.46"
"18/07/2024 23:00:00 - 19/07/2024 00:00:00","Belgium (BE)","206.13","209.20","162.98","212.38"
"19/07/2024 00:00:00 - 19/07/2024 01:00:00","Belgium (BE)","214.85","223.78","223.78","176.57"
"19/07/2024 01:00:00 - 19/07/2024 02:00:00","Belgium (BE)","229.75","241.95","241.95","209.55"
"19/07/2024 02:00:00 - 19/07/2024 03:00:00","Belgium (BE)","187.03","198.10","198.10","155.84"
"19/07/2024 03:00:00 - 19/07/2024 04:00:00","Belgium (BE)","135.53","156.93","156.93","100.71"
"19/07/2024 04:00:00 - 19/07/2024 05:00:00","Belgium (BE)","99.30","155.13","155.13","41.17"
"19/07/2024 05:00:00 - 19/07/2024 06:00:00","Belgium (BE)","77.48","109.20","109.20","27.56"
"19/07/2024 06:00:00 - 19/07/2024 07:00:00","Belgium (BE)","63.43","80.93","80.93","22.78"
"19/07/2024 07:00:00 - 19/07/2024 08:00:00","Belgium (BE)","49.08","73.73","56.45","1.68"
"19/07/2024 08:00:00 - 19/07/2024 09:00:00","Belgium (BE)","33.63","59.88","59.03"," "
"19/07/2024 09:00:00 - 19/07/2024 10:00:00","Belgium (BE)","22.65","49.80","37.73"," "
"19/07/2024 10:00:00 - 19/07/2024 11:00:00","Belgium (BE)","14.05","30.75","33.80"," "
"19/07/2024 11:00:00 - 19/07/2024 12:00:00","Belgium (BE)","7.23","13.03","9.08"," "
"19/07/2024 12:00:00 - 19/07/2024 13:00:00","Belgium (BE)","4.80","4.28","4.25"," "
"19/07/2024 13:00:00 - 19/07/2024 14:00:00","Belgium (BE)","5.45","4.18","2.68"," "
"19/07/2024 14:00:00 - 19/07/2024 15:00:00","Belgium (BE)","11.45","7.60","11.08"," "
"19/07/2024 15:00:00 - 19/07/2024 16:00:00","Belgium (BE)","22.43","11.28","14.48"," "
"19/07/2024 16:00:00 - 19/07/2024 17:00:00","Belgium (BE)","28.90","17.30","13.40"," "
"19/07/2024 17:00:00 - 19/07/2024 18:00:00","Belgium (BE)","31.75","15.48","10.53"," "
"19/07/2024 18:00:00 - 19/07/2024 19:00:00","Belgium (BE)","32.90","10.43","10.00"," "
"19/07/2024 19:00:00 - 19/07/2024 20:00:00","Belgium (BE)","33.65","11.50","11.75"," "
"19/07/2024 20:00:00 - 19/07/2024 21:00:00","Belgium (BE)","36.65","18.40","15.73","2.03"
"19/07/2024 21:00:00 - 19/07/2024 22:00:00","Belgium (BE)","39.48","30.53","28.03","19.12"
"19/07/2024 22:00:00 - 19/07/2024 23:00:00","Belgium (BE)","36.60","51.10","58.63","35.19"
"19/07/2024 23:00:00 - 20/07/2024 00:00:00","Belgium (BE)","37.60","82.05","110.38","163.77"
"20/07/2024 00:00:00 - 20/07/2024 01:00:00","Belgium (BE)","204.68","260.55","260.55","271.86"
"20/07/2024 01:00:00 - 20/07/2024 02:00:00","Belgium (BE)","319.43","359.58","359.58","367.06"
"20/07/2024 02:00:00 - 20/07/2024 03:00:00","Belgium (BE)","342.58","347.03","347.03","374.50"
"20/07/2024 03:00:00 - 20/07/2024 04:00:00","Belgium (BE)","294.45","309.15","309.15","253.10"
"20/07/2024 04:00:00 - 20/07/2024 05:00:00","Belgium (BE)","121.90","174.48","174.48","106.99"
"20/07/2024 05:00:00 - 20/07/2024 06:00:00","Belgium (BE)","38.38","88.28","88.28","48.88"
"20/07/2024 06:00:00 - 20/07/2024 07:00:00","Belgium (BE)","37.13","60.23","60.23","34.74"
"20/07/2024 07:00:00 - 20/07/2024 08:00:00","Belgium (BE)","49.28","57.53","50.43","5.06"
"20/07/2024 08:00:00 - 20/07/2024 09:00:00","Belgium (BE)","55.05","52.45","49.00"," "
"20/07/2024 09:00:00 - 20/07/2024 10:00:00","Belgium (BE)","59.70","49.00","19.95","15.58"
"20/07/2024 10:00:00 - 20/07/2024 11:00:00","Belgium (BE)","55.50","41.98","26.25","10.46"
"20/07/2024 11:00:00 - 20/07/2024 12:00:00","Belgium (BE)","40.43","35.00","38.98","61.92"
"20/07/2024 12:00:00 - 20/07/2024 13:00:00","Belgium (BE)","33.10","30.95","33.53","23.82"
"20/07/2024 13:00:00 - 20/07/2024 14:00:00","Belgium (BE)","30.35","27.28","35.58","37.88"
"20/07/2024 14:00:00 - 20/07/2024 15:00:00","Belgium (BE)","26.88","22.73","41.05","55.82"
"20/07/2024 15:00:00 - 20/07/2024 16:00:00","Belgium (BE)","22.00","17.85","39.20","28.43"
"20/07/2024 16:00:00 - 20/07/2024 17:00:00","Belgium (BE)","18.60","15.00","37.43","112.41"
"20/07/2024 17:00:00 - 20/07/2024 18:00:00","Belgium (BE)","17.88","13.25","32.50","52.05"
"20/07/2024 18:00:00 - 20/07/2024 19:00:00","Belgium (BE)","15.30","11.88","28.13","38.95"
"20/07/2024 19:00:00 - 20/07/2024 20:00:00","Belgium (BE)","12.40","10.75","24.98","26.63"
"20/07/2024 20:00:00 - 20/07/2024 21:00:00","Belgium (BE)","16.60","13.73","19.40"," "
"20/07/2024 21:00:00 - 20/07/2024 22:00:00","Belgium (BE)","27.90","20.53","16.88"," "
"20/07/2024 22:00:00 - 20/07/2024 23:00:00","Belgium (BE)","31.05","17.53","15.30"," "
"20/07/2024 23:00:00 - 21/07/2024 00:00:00","Belgium (BE)","31.85","11.83","17.60"," "
"21/07/2024 00:00:00 - 21/07/2024 01:00:00","Belgium (BE)","22.05","24.58","24.58"," "
"21/07/2024 01:00:00 - 21/07/2024 02:00:00","Belgium (BE)","25.10","19.70","19.70"," "
"21/07/2024 02:00:00 - 21/07/2024 03:00:00","Belgium (BE)","33.70","38.83","38.83","0.61"
"21/07/2024 03:00:00 - 21/07/2024 04:00:00","Belgium (BE)","51.88","64.35","64.35"," "
"21/07/2024 04:00:00 - 21/07/2024 05:00:00","Belgium (BE)","79.13","79.53","79.53","189.10"
"21/07/2024 05:00:00 - 21/07/2024 06:00:00","Belgium (BE)","83.25","86.58","86.58","88.49"
"21/07/2024 06:00:00 - 21/07/2024 07:00:00","Belgium (BE)","73.50","152.40","152.40","126.09"
"21/07/2024 07:00:00 - 21/07/2024 08:00:00","Belgium (BE)","68.28","149.28","114.28","441.96"
"21/07/2024 08:00:00 - 21/07/2024 09:00:00","Belgium (BE)","79.43","145.13","128.80","233.26"
"21/07/2024 09:00:00 - 21/07/2024 10:00:00","Belgium (BE)","96.75","124.53","224.63","21.10"
"21/07/2024 10:00:00 - 21/07/2024 11:00:00","Belgium (BE)","98.93","98.55","111.15","51.54"
"21/07/2024 11:00:00 - 21/07/2024 12:00:00","Belgium (BE)","93.78","89.58","60.45","95.61"
"21/07/2024 12:00:00 - 21/07/2024 13:00:00","Belgium (BE)","97.28","97.98","89.78","43.53"
"21/07/2024 13:00:00 - 21/07/2024 14:00:00","Belgium (BE)","83.60","117.80","115.80","2.97"
"21/07/2024 14:00:00 - 21/07/2024 15:00:00","Belgium (BE)","81.60","130.43","147.35","51.49"
"21/07/2024 15:00:00 - 21/07/2024 16:00:00","Belgium (BE)","94.88","141.05","169.40","31.96"
"21/07/2024 16:00:00 - 21/07/2024 17:00:00","Belgium (BE)","99.15","131.00","148.45","58.43"
"21/07/2024 17:00:00 - 21/07/2024 18:00:00","Belgium (BE)","96.53","98.20","104.85","31.86"
"21/07/2024 18:00:00 - 21/07/2024 19:00:00","Belgium (BE)","87.30","78.93","64.43"," "
"21/07/2024 19:00:00 - 21/07/2024 20:00:00","Belgium (BE)","70.63","59.40","39.48"," "
"21/07/2024 20:00:00 - 21/07/2024 21:00:00","Belgium (BE)","40.35","33.28","26.25"," "
"21/07/2024 21:00:00 - 21/07/2024 22:00:00","Belgium (BE)","22.13","20.85","16.13"," "
"21/07/2024 22:00:00 - 21/07/2024 23:00:00","Belgium (BE)","13.35","14.48","10.90"," "
"21/07/2024 23:00:00 - 22/07/2024 00:00:00","Belgium (BE)","9.18","12.08","8.20"," "
"22/07/2024 00:00:00 - 22/07/2024 01:00:00","Belgium (BE)","7.93","12.58","12.58"," "
"22/07/2024 01:00:00 - 22/07/2024 02:00:00","Belgium (BE)","8.08","17.40","17.40"," "
"22/07/2024 02:00:00 - 22/07/2024 03:00:00","Belgium (BE)","8.88","32.33","32.33","26.28"
"22/07/2024 03:00:00 - 22/07/2024 04:00:00","Belgium (BE)","10.28","69.45","69.45","95.44"
"22/07/2024 04:00:00 - 22/07/2024 05:00:00","Belgium (BE)","18.50","140.33","140.33","75.73"
"22/07/2024 05:00:00 - 22/07/2024 06:00:00","Belgium (BE)","41.05","244.90","244.90","122.72"
"22/07/2024 06:00:00 - 22/07/2024 07:00:00","Belgium (BE)","90.73","392.95","392.95","126.97"
"22/07/2024 07:00:00 - 22/07/2024 08:00:00","Belgium (BE)","178.55","601.55","601.55","532.31"
"22/07/2024 08:00:00 - 22/07/2024 09:00:00","Belgium (BE)","295.85","664.73","664.73","614.21"
"22/07/2024 09:00:00 - 22/07/2024 10:00:00","Belgium (BE)","409.05","717.80","772.15","514.66"
"22/07/2024 10:00:00 - 22/07/2024 11:00:00","Belgium (BE)","566.30","858.75","951.75","550.42"
"22/07/2024 11:00:00 - 22/07/2024 12:00:00","Belgium (BE)","825.80","1060.18","1176.88","845.47"
"22/07/2024 12:00:00 - 22/07/2024 13:00:00","Belgium (BE)","1124.50","1258.58","1376.83","846.91"
"22/07/2024 13:00:00 - 22/07/2024 14:00:00","Belgium (BE)","1421.60","1428.75","1503.30","1076.89"
"22/07/2024 14:00:00 - 22/07/2024 15:00:00","Belgium (BE)","1673.88","1544.98","1551.25","859.51"
"22/07/2024 15:00:00 - 22/07/2024 16:00:00","Belgium (BE)","1827.20","1588.75","1574.23","529.97"
"22/07/2024 16:00:00 - 22/07/2024 17:00:00","Belgium (BE)","1930.55","1698.75","1638.93","874.03"
"22/07/2024 17:00:00 - 22/07/2024 18:00:00","Belgium (BE)","1987.33","1847.98","1756.18","1570.36"
"22/07/2024 18:00:00 - 22/07/2024 19:00:00","Belgium (BE)","2015.30","1932.93","1862.25","1875.68"
"22/07/2024 19:00:00 - 22/07/2024 20:00:00","Belgium (BE)","2035.78","1986.95","1935.05","1823.67"
"22/07/2024 20:00:00 - 22/07/2024 21:00:00","Belgium (BE)","2054.50","2025.25","1985.95","1946.58"
"22/07/2024 21:00:00 - 22/07/2024 22:00:00","Belgium (BE)","2059.60","2037.88","2025.50","2032.04"
"22/07/2024 22:00:00 - 22/07/2024 23:00:00","Belgium (BE)","2042.73","2015.65","2021.18","1953.30"
"22/07/2024 23:00:00 - 23/07/2024 00:00:00","Belgium (BE)","2019.13","1961.33","1977.45","1950.30"
"23/07/2024 00:00:00 - 23/07/2024 01:00:00","Belgium (BE)","1915.23","1802.98","1802.98","1949.45"
"23/07/2024 01:00:00 - 23/07/2024 02:00:00","Belgium (BE)","1825.10","1702.53","1702.53","1860.19"
"23/07/2024 02:00:00 - 23/07/2024 03:00:00","Belgium (BE)","1703.68","1448.43","1448.43","1603.00"
"23/07/2024 03:00:00 - 23/07/2024 04:00:00","Belgium (BE)","1540.30","1269.53","1269.53","1245.29"
"23/07/2024 04:00:00 - 23/07/2024 05:00:00","Belgium (BE)","1368.58","1092.93","1092.93","1147.85"
"23/07/2024 05:00:00 - 23/07/2024 06:00:00","Belgium (BE)","1185.53","895.20","895.20","933.36"
"23/07/2024 06:00:00 - 23/07/2024 07:00:00","Belgium (BE)","1039.38","729.95","729.95","908.01"
"23/07/2024 07:00:00 - 23/07/2024 08:00:00","Belgium (BE)","952.13","612.08","612.08","1010.73"
"23/07/2024 08:00:00 - 23/07/2024 09:00:00","Belgium (BE)","941.50","567.35","613.05","1034.64"
"23/07/2024 09:00:00 - 23/07/2024 10:00:00","Belgium (BE)","978.60","519.45","567.70","907.96"
"23/07/2024 10:00:00 - 23/07/2024 11:00:00","Belgium (BE)","997.15","445.25","554.70","677.45"
"23/07/2024 11:00:00 - 23/07/2024 12:00:00","Belgium (BE)","898.20","359.83","339.58","357.97"
"23/07/2024 12:00:00 - 23/07/2024 13:00:00","Belgium (BE)","715.23","229.03","276.75","262.03"
"23/07/2024 13:00:00 - 23/07/2024 14:00:00","Belgium (BE)","562.10","138.90","165.55","255.51"
"23/07/2024 14:00:00 - 23/07/2024 15:00:00","Belgium (BE)","402.50","110.55","112.30","123.70"
"23/07/2024 15:00:00 - 23/07/2024 16:00:00","Belgium (BE)","274.18","123.05","147.18","155.83"
"23/07/2024 16:00:00 - 23/07/2024 17:00:00","Belgium (BE)","238.08","172.95","140.90","250.60"
"23/07/2024 17:00:00 - 23/07/2024 18:00:00","Belgium (BE)","252.18","225.83","185.15","257.95"
"23/07/2024 18:00:00 - 23/07/2024 19:00:00","Belgium (BE)","265.85","282.75","244.95","275.04"
"23/07/2024 19:00:00 - 23/07/2024 20:00:00","Belgium (BE)","283.50","333.48","272.85","405.88"
"23/07/2024 20:00:00 - 23/07/2024 21:00:00","Belgium (BE)","310.65","336.75","269.30","413.92"
"23/07/2024 21:00:00 - 23/07/2024 22:00:00","Belgium (BE)","328.55","299.15","315.08","346.82"
"23/07/2024 22:00:00 - 23/07/2024 23:00:00","Belgium (BE)","313.10","245.03","257.95","317.12"
"23/07/2024 23:00:00 - 24/07/2024 00:00:00","Belgium (BE)","287.50","192.03","209.15","252.86"
"24/07/2024 00:00:00 - 24/07/2024 01:00:00","Belgium (BE)","154.48","168.00","168.00","170.52"
"24/07/2024 01:00:00 - 24/07/2024 02:00:00","Belgium (BE)","119.80","155.50","155.50","110.73"
"24/07/2024 02:00:00 - 24/07/2024 03:00:00","Belgium (BE)","89.30","123.40","123.40","65.98"
"24/07/2024 03:00:00 - 24/07/2024 04:00:00","Belgium (BE)","66.20","96.18","96.18","28.43"
"24/07/2024 04:00:00 - 24/07/2024 05:00:00","Belgium (BE)","49.13","67.23","67.23"," "
"24/07/2024 05:00:00 - 24/07/2024 06:00:00","Belgium (BE)","36.48","35.13","35.13","9.72"
"24/07/2024 06:00:00 - 24/07/2024 07:00:00","Belgium (BE)","21.80","25.00","25.00","14.52"
"24/07/2024 07:00:00 - 24/07/2024 08:00:00","Belgium (BE)","8.25","8.60","8.60","2.91"
"24/07/2024 08:00:00 - 24/07/2024 09:00:00","Belgium (BE)","5.78","6.55","6.55"," "
"24/07/2024 09:00:00 - 24/07/2024 10:00:00","Belgium (BE)","4.73","5.98","8.40"," "
"24/07/2024 10:00:00 - 24/07/2024 11:00:00","Belgium (BE)","3.75","5.98","6.05"," "
"24/07/2024 11:00:00 - 24/07/2024 12:00:00","Belgium (BE)","2.98","5.38","5.38"," "
"24/07/2024 12:00:00 - 24/07/2024 13:00:00","Belgium (BE)","2.80","4.05","4.88"," "
"24/07/2024 13:00:00 - 24/07/2024 14:00:00","Belgium (BE)","3.15","2.90","5.03"," "
"24/07/2024 14:00:00 - 24/07/2024 15:00:00","Belgium (BE)","3.15","2.23","3.78"," "
"24/07/2024 15:00:00 - 24/07/2024 16:00:00","Belgium (BE)","3.18","1.75","3.83"," "
"24/07/2024 16:00:00 - 24/07/2024 17:00:00","Belgium (BE)","3.18","1.48","3.75"," "
"24/07/2024 17:00:00 - 24/07/2024 18:00:00","Belgium (BE)","2.85","1.68","4.58"," "
"24/07/2024 18:00:00 - 24/07/2024 19:00:00","Belgium (BE)","2.58","2.75","4.85"," "
"24/07/2024 19:00:00 - 24/07/2024 20:00:00","Belgium (BE)","3.33","4.48","6.30"," "
"24/07/2024 20:00:00 - 24/07/2024 21:00:00","Belgium (BE)","5.53","8.13","11.63"," "
"24/07/2024 21:00:00 - 24/07/2024 22:00:00","Belgium (BE)","9.83","13.80","23.00"," "
"24/07/2024 22:00:00 - 24/07/2024 23:00:00","Belgium (BE)","16.58","23.78","42.25","11.28"
"24/07/2024 23:00:00 - 25/07/2024 00:00:00","Belgium (BE)","29.00","39.38","70.35","46.30"
"25/07/2024 00:00:00 - 25/07/2024 01:00:00","Belgium (BE)","99.33","93.40","93.40","125.47"
"25/07/2024 01:00:00 - 25/07/2024 02:00:00","Belgium (BE)","125.78","114.70","114.70","109.41"
"25/07/2024 02:00:00 - 25/07/2024 03:00:00","Belgium (BE)","149.55","152.88","152.88","132.95"
"25/07/2024 03:00:00 - 25/07/2024 04:00:00","Belgium (BE)","172.93","189.73","189.73","161.66"
"25/07/2024 04:00:00 - 25/07/2024 05:00:00","Belgium (BE)","214.25","244.40","244.40","180.78"
"25/07/2024 05:00:00 - 25/07/2024 06:00:00","Belgium (BE)","285.20","319.20","319.20","360.02"
"25/07/2024 06:00:00 - 25/07/2024 07:00:00","Belgium (BE)","362.05","411.23","411.23","407.02"
"25/07/2024 07:00:00 - 25/07/2024 08:00:00","Belgium (BE)","434.83","509.63","509.63","495.96"
"25/07/2024 08:00:00 - 25/07/2024 09:00:00","Belgium (BE)","487.43","603.58","626.80","540.78"
"25/07/2024 09:00:00 - 25/07/2024 10:00:00","Belgium (BE)","519.18","652.45","693.73","737.96"
"25/07/2024 10:00:00 - 25/07/2024 11:00:00","Belgium (BE)","545.10","660.50","690.60","666.42"
"25/07/2024 11:00:00 - 25/07/2024 12:00:00","Belgium (BE)","570.60","660.08","735.78","662.70"
"25/07/2024 12:00:00 - 25/07/2024 13:00:00","Belgium (BE)","578.15","689.40","752.98","646.37"
"25/07/2024 13:00:00 - 25/07/2024 14:00:00","Belgium (BE)","581.75","715.10","773.98","445.65"
"25/07/2024 14:00:00 - 25/07/2024 15:00:00","Belgium (BE)","595.13","778.85","734.40","633.66"
"25/07/2024 15:00:00 - 25/07/2024 16:00:00","Belgium (BE)","676.58","954.13","680.15","858.99"
"25/07/2024 16:00:00 - 25/07/2024 17:00:00","Belgium (BE)","866.08","1111.23","751.55","1062.16"
"25/07/2024 17:00:00 - 25/07/2024 18:00:00","Belgium (BE)","1020.63","1112.40","885.28","1039.95"
"25/07/2024 18:00:00 - 25/07/2024 19:00:00","Belgium (BE)","1040.48","1012.80","1007.23","823.07"
"25/07/2024 19:00:00 - 25/07/2024 20:00:00","Belgium (BE)","942.03","872.55","1085.30","767.62"
"25/07/2024 20:00:00 - 25/07/2024 21:00:00","Belgium (BE)","822.83","853.05","1038.08","689.39"
"25/07/2024 21:00:00 - 25/07/2024 22:00:00","Belgium (BE)","797.38","967.40","996.63","639.25"
"25/07/2024 22:00:00 - 25/07/2024 23:00:00","Belgium (BE)","835.40","1113.05","1117.45","633.94"
"25/07/2024 23:00:00 - 26/07/2024 00:00:00","Belgium (BE)","861.23","1263.85","1231.18","819.63"
"26/07/2024 00:00:00 - 26/07/2024 01:00:00","Belgium (BE)","1294.95","1321.78","1321.78","1151.55"
"26/07/2024 01:00:00 - 26/07/2024 02:00:00","Belgium (BE)","1258.10","1307.98","1307.98","1362.80"
"26/07/2024 02:00:00 - 26/07/2024 03:00:00","Belgium (BE)","1206.60","1494.10","1494.10","1652.45"
"26/07/2024 03:00:00 - 26/07/2024 04:00:00","Belgium (BE)","1090.23","1355.15","1355.15","1178.08"
"26/07/2024 04:00:00 - 26/07/2024 05:00:00","Belgium (BE)","903.90","1211.90","1211.90","1053.19"
"26/07/2024 05:00:00 - 26/07/2024 06:00:00","Belgium (BE)","733.58","999.08","999.08","965.33"
"26/07/2024 06:00:00 - 26/07/2024 07:00:00","Belgium (BE)","601.93","828.98","828.98","659.82"
"26/07/2024 07:00:00 - 26/07/2024 08:00:00","Belgium (BE)","518.18","679.60","679.60","476.38"
"26/07/2024 08:00:00 - 26/07/2024 09:00:00","Belgium (BE)","440.70","525.73","472.00","280.50"
"26/07/2024 09:00:00 - 26/07/2024 10:00:00","Belgium (BE)","365.48","420.38","365.28","251.10"
"26/07/2024 10:00:00 - 26/07/2024 11:00:00","Belgium (BE)","302.35","358.60","222.50","245.43"
"26/07/2024 11:00:00 - 26/07/2024 12:00:00","Belgium (BE)","249.50","310.80","211.73","189.51"
"26/07/2024 12:00:00 - 26/07/2024 13:00:00","Belgium (BE)","211.75","275.70","222.43","84.92"
"26/07/2024 13:00:00 - 26/07/2024 14:00:00","Belgium (BE)","178.73","241.63","203.03","143.88"
"26/07/2024 14:00:00 - 26/07/2024 15:00:00","Belgium (BE)","150.38","209.03","110.75","160.32"
"26/07/2024 15:00:00 - 26/07/2024 16:00:00","Belgium (BE)","138.98","196.85","121.35","126.81"
"26/07/2024 16:00:00 - 26/07/2024 17:00:00","Belgium (BE)","163.18","223.20","137.70","179.36"
"26/07/2024 17:00:00 - 26/07/2024 18:00:00","Belgium (BE)","239.63","292.25","150.20","312.02"
"26/07/2024 18:00:00 - 26/07/2024 19:00:00","Belgium (BE)","374.43","383.20","201.73","453.55"
"26/07/2024 19:00:00 - 26/07/2024 20:00:00","Belgium (BE)","536.75","462.65","302.98","463.73"
"26/07/2024 20:00:00 - 26/07/2024 21:00:00","Belgium (BE)","632.03","517.43","395.60","566.34"
"26/07/2024 21:00:00 - 26/07/2024 22:00:00","Belgium (BE)","659.10","555.85","383.23","620.73"
"26/07/2024 22:00:00 - 26/07/2024 23:00:00","Belgium (BE)","641.85","543.23","342.63","400.90"
"26/07/2024 23:00:00 - 27/07/2024 00:00:00","Belgium (BE)","592.43","477.30","299.90","282.02"
"27/07/2024 00:00:00 - 27/07/2024 01:00:00","Belgium (BE)","241.48","261.45","261.45","239.30"
"27/07/2024 01:00:00 - 27/07/2024 02:00:00","Belgium (BE)","197.53","221.28","221.28","144.24"
"27/07/2024 02:00:00 - 27/07/2024 03:00:00","Belgium (BE)","158.55","163.93","163.93","80.21"
"27/07/2024 03:00:00 - 27/07/2024 04:00:00","Belgium (BE)","120.38","105.60","105.60","71.63"
"27/07/2024 04:00:00 - 27/07/2024 05:00:00","Belgium (BE)","88.35","69.15","69.15","62.41"
"27/07/2024 05:00:00 - 27/07/2024 06:00:00","Belgium (BE)","71.68","71.85","71.85","67.86"
"27/07/2024 06:00:00 - 27/07/2024 07:00:00","Belgium (BE)","69.40","82.90","82.90","79.83"
"27/07/2024 07:00:00 - 27/07/2024 08:00:00","Belgium (BE)","76.35","91.00","91.00","51.26"
"27/07/2024 08:00:00 - 27/07/2024 09:00:00","Belgium (BE)","83.00","89.78","83.78","56.46"
"27/07/2024 09:00:00 - 27/07/2024 10:00:00","Belgium (BE)","85.30","87.58","72.05","38.45"
"27/07/2024 10:00:00 - 27/07/2024 11:00:00","Belgium (BE)","81.13","82.50","104.10","46.19"
"27/07/2024 11:00:00 - 27/07/2024 12:00:00","Belgium (BE)","71.10","75.70","85.18","10.61"
"27/07/2024 12:00:00 - 27/07/2024 13:00:00","Belgium (BE)","62.30","72.93","87.83","4.79"
"27/07/2024 13:00:00 - 27/07/2024 14:00:00","Belgium (BE)","57.40","69.00","95.58","21.45"
"27/07/2024 14:00:00 - 27/07/2024 15:00:00","Belgium (BE)","53.20","63.45","80.83","46.87"
"27/07/2024 15:00:00 - 27/07/2024 16:00:00","Belgium (BE)","51.75","67.18","94.95","57.53"
"27/07/2024 16:00:00 - 27/07/2024 17:00:00","Belgium (BE)","52.93","88.73","110.28","52.24"
"27/07/2024 17:00:00 - 27/07/2024 18:00:00","Belgium (BE)","58.28","132.30","110.55","87.08"
"27/07/2024 18:00:00 - 27/07/2024 19:00:00","Belgium (BE)","70.18","178.85","99.78","228.93"
"27/07/2024 19:00:00 - 27/07/2024 20:00:00","Belgium (BE)","83.28","182.60","93.50","235.24"
"27/07/2024 20:00:00 - 27/07/2024 21:00:00","Belgium (BE)","95.30","145.58","114.65","218.59"
"27/07/2024 21:00:00 - 27/07/2024 22:00:00","Belgium (BE)","92.83","118.13","64.95","133.98"
"27/07/2024 22:00:00 - 27/07/2024 23:00:00","Belgium (BE)","85.63","92.28","36.73","69.26"
"27/07/2024 23:00:00 - 28/07/2024 00:00:00","Belgium (BE)","80.73","52.78","23.78","0.44"
"28/07/2024 00:00:00 - 28/07/2024 01:00:00","Belgium (BE)","14.18","15.53","15.53"," "
"28/07/2024 01:00:00 - 28/07/2024 02:00:00","Belgium (BE)","9.40","5.25","5.25"," "
"28/07/2024 02:00:00 - 28/07/2024 03:00:00","Belgium (BE)","7.40","6.23","6.23"," "
"28/07/2024 03:00:00 - 28/07/2024 04:00:00","Belgium (BE)","7.40","15.73","15.73"," "
"28/07/2024 04:00:00 - 28/07/2024 05:00:00","Belgium (BE)","8.20","26.90","26.90","3.25"
"28/07/2024 05:00:00 - 28/07/2024 06:00:00","Belgium (BE)","12.73","32.05","32.05","19.12"
"28/07/2024 06:00:00 - 28/07/2024 07:00:00","Belgium (BE)","14.35","30.30","30.30","27.66"
"28/07/2024 07:00:00 - 28/07/2024 08:00:00","Belgium (BE)","17.73","34.85","27.53","8.05"
"28/07/2024 08:00:00 - 28/07/2024 09:00:00","Belgium (BE)","18.45","30.45","27.28","2.32"
"28/07/2024 09:00:00 - 28/07/2024 10:00:00","Belgium (BE)","15.90","19.80","10.03","1.75"
"28/07/2024 10:00:00 - 28/07/2024 11:00:00","Belgium (BE)","11.18","10.03","5.20"," "
"28/07/2024 11:00:00 - 28/07/2024 12:00:00","Belgium (BE)","8.78","7.28","2.63"," "
"28/07/2024 12:00:00 - 28/07/2024 13:00:00","Belgium (BE)","6.95","5.10","3.45"," "
"28/07/2024 13:00:00 - 28/07/2024 14:00:00","Belgium (BE)","5.28","4.15","4.65"," "
"28/07/2024 14:00:00 - 28/07/2024 15:00:00","Belgium (BE)","4.05","3.88","3.90"," "
"28/07/2024 15:00:00 - 28/07/2024 16:00:00","Belgium (BE)","3.08","3.58","5.65"," "
"28/07/2024 16:00:00 - 28/07/2024 17:00:00","Belgium (BE)","2.40","3.53","11.43"," "
"28/07/2024 17:00:00 - 28/07/2024 18:00:00","Belgium (BE)","2.58","5.18","23.70"," "
"28/07/2024 18:00:00 - 28/07/2024 19:00:00","Belgium (BE)","5.35","10.55","50.65","1.46"
"28/07/2024 19:00:00 - 28/07/2024 20:00:00","Belgium (BE)","20.33","25.18","76.98","29.31"
"28/07/2024 20:00:00 - 28/07/2024 21:00:00","Belgium (BE)","43.63","55.43","93.13","61.71"
"28/07/2024 21:00:00 - 28/07/2024 22:00:00","Belgium (BE)","69.55","81.70","107.00","61.34"
"28/07/2024 22:00:00 - 28/07/2024 23:00:00","Belgium (BE)","97.25","105.23","133.73","89.13"
"28/07/2024 23:00:00 - 29/07/2024 00:00:00","Belgium (BE)","115.20","120.80","145.68","84.27"
"29/07/2024 00:00:00 - 29/07/2024 01:00:00","Belgium (BE)","156.95","162.93","162.93","98.35"
"29/07/2024 01:00:00 - 29/07/2024 02:00:00","Belgium (BE)","149.98","159.98","159.98","149.93"
"29/07/2024 02:00:00 - 29/07/2024 03:00:00","Belgium (BE)","143.03","170.00","170.00","244.45"
"29/07/2024 03:00:00 - 29/07/2024 04:00:00","Belgium (BE)","135.40","190.95","190.95","239.52"
"29/07/2024 04:00:00 - 29/07/2024 05:00:00","Belgium (BE)","122.98","263.60","263.60","219.85"
"29/07/2024 05:00:00 - 29/07/2024 06:00:00","Belgium (BE)","106.93","238.88","238.88","208.91"
"29/07/2024 06:00:00 - 29/07/2024 07:00:00","Belgium (BE)","92.53","176.23","176.23","189.07"
"29/07/2024 07:00:00 - 29/07/2024 08:00:00","Belgium (BE)","86.10","165.43","165.43","134.19"
"29/07/2024 08:00:00 - 29/07/2024 09:00:00","Belgium (BE)","89.75","138.03","132.40","86.93"
"29/07/2024 09:00:00 - 29/07/2024 10:00:00","Belgium (BE)","91.05","112.28","105.58","73.10"
"29/07/2024 10:00:00 - 29/07/2024 11:00:00","Belgium (BE)","82.75","89.05","93.45","44.11"
"29/07/2024 11:00:00 - 29/07/2024 12:00:00","Belgium (BE)","63.35","66.13","59.23","9.48"
"29/07/2024 12:00:00 - 29/07/2024 13:00:00","Belgium (BE)","44.60","53.05","45.25","0.73"
"29/07/2024 13:00:00 - 29/07/2024 14:00:00","Belgium (BE)","39.35","52.33","44.15","36.67"
"29/07/2024 14:00:00 - 29/07/2024 15:00:00","Belgium (BE)","51.43","64.93","39.38","70.71"
"29/07/2024 15:00:00 - 29/07/2024 16:00:00","Belgium (BE)","82.73","93.23","57.78","71.85"
"29/07/2024 16:00:00 - 29/07/2024 17:00:00","Belgium (BE)","131.53","130.33","92.10","104.47"
"29/07/2024 17:00:00 - 29/07/2024 18:00:00","Belgium (BE)","198.43","172.33","121.23","155.95"
"29/07/2024 18:00:00 - 29/07/2024 19:00:00","Belgium (BE)","264.70","216.03","160.63","186.63"
"29/07/2024 19:00:00 - 29/07/2024 20:00:00","Belgium (BE)","312.90","258.15","215.83","280.96"
"29/07/2024 20:00:00 - 29/07/2024 21:00:00","Belgium (BE)","366.73","291.45","265.15","282.87"
"29/07/2024 21:00:00 - 29/07/2024 22:00:00","Belgium (BE)","397.80","311.68","298.25","241.97"
"29/07/2024 22:00:00 - 29/07/2024 23:00:00","Belgium (BE)","371.73","284.83","243.38","184.61"
"29/07/2024 23:00:00 - 30/07/2024 00:00:00","Belgium (BE)","296.70","218.58","158.93","119.75"
"30/07/2024 00:00:00 - 30/07/2024 01:00:00","Belgium (BE)","108.20","61.70","61.70","128.17"
"30/07/2024 01:00:00 - 30/07/2024 02:00:00","Belgium (BE)","84.33","58.98","58.98","72.87"
"30/07/2024 02:00:00 - 30/07/2024 03:00:00","Belgium (BE)","74.40","91.53","91.53","47.09"
"30/07/2024 03:00:00 - 30/07/2024 04:00:00","Belgium (BE)","59.23","59.95","59.95","37.50"
"30/07/2024 04:00:00 - 30/07/2024 05:00:00","Belgium (BE)","39.28","40.00","40.00","12.15"
"30/07/2024 05:00:00 - 30/07/2024 06:00:00","Belgium (BE)","21.95","19.75","19.75","0.51"
"30/07/2024 06:00:00 - 30/07/2024 07:00:00","Belgium (BE)","12.63","8.70","8.70"," "
"30/07/2024 07:00:00 - 30/07/2024 08:00:00","Belgium (BE)","5.03","3.45","3.45"," "
"30/07/2024 08:00:00 - 30/07/2024 09:00:00","Belgium (BE)","4.53","3.35","3.35"," "
"30/07/2024 09:00:00 - 30/07/2024 10:00:00","Belgium (BE)","5.80","5.40","5.93"," "
"30/07/2024 10:00:00 - 30/07/2024 11:00:00","Belgium (BE)","13.00","8.28","8.70"," "
"30/07/2024 11:00:00 - 30/07/2024 12:00:00","Belgium (BE)","27.90","22.58","14.98","5.21"
"30/07/2024 12:00:00 - 30/07/2024 13:00:00","Belgium (BE)","59.43","52.48","48.98","40.17"
"30/07/2024 13:00:00 - 30/07/2024 14:00:00","Belgium (BE)","104.60","88.20","91.60","105.44"
"30/07/2024 14:00:00 - 30/07/2024 15:00:00","Belgium (BE)","159.08","126.35","117.15","242.63"
"30/07/2024 15:00:00 - 30/07/2024 16:00:00","Belgium (BE)","207.13","168.98","155.50","217.03"
"30/07/2024 16:00:00 - 30/07/2024 17:00:00","Belgium (BE)","200.48","195.70","223.55","136.77"
"30/07/2024 17:00:00 - 30/07/2024 18:00:00","Belgium (BE)","173.53","189.53","207.60","128.06"
"30/07/2024 18:00:00 - 30/07/2024 19:00:00","Belgium (BE)","152.33","176.73","160.65","143.00"
"30/07/2024 19:00:00 - 30/07/2024 20:00:00","Belgium (BE)","155.18","170.10","171.00","135.37"
"30/07/2024 20:00:00 - 30/07/2024 21:00:00","Belgium (BE)","192.03","190.23","210.73","137.54"
"30/07/2024 21:00:00 - 30/07/2024 22:00:00","Belgium (BE)","257.40","248.65","257.48","177.37"
"30/07/2024 22:00:00 - 30/07/2024 23:00:00","Belgium (BE)","340.50","315.38","325.35","254.23"
"30/07/2024 23:00:00 - 31/07/2024 00:00:00","Belgium (BE)","431.85","384.00","381.25","403.06"
"31/07/2024 00:00:00 - 31/07/2024 01:00:00","Belgium (BE)","421.75","361.33","361.33","242.59"
"31/07/2024 01:00:00 - 31/07/2024 02:00:00","Belgium (BE)","439.98","468.15","468.15","235.60"
"31/07/2024 02:00:00 - 31/07/2024 03:00:00","Belgium (BE)","415.15","345.18","345.18","295.37"
"31/07/2024 03:00:00 - 31/07/2024 04:00:00","Belgium (BE)","397.30","319.33","319.33","270.72"
"31/07/2024 04:00:00 - 31/07/2024 05:00:00","Belgium (BE)","437.08","352.65","352.65","268.29"
"31/07/2024 05:00:00 - 31/07/2024 06:00:00","Belgium (BE)","483.45","347.03","347.03","429.73"
"31/07/2024 06:00:00 - 31/07/2024 07:00:00","Belgium (BE)","487.50","432.08","432.08","713.79"
"31/07/2024 07:00:00 - 31/07/2024 08:00:00","Belgium (BE)","435.55","405.50","405.50","538.10"
"31/07/2024 08:00:00 - 31/07/2024 09:00:00","Belgium (BE)","378.08","294.78","397.38","383.56"
"31/07/2024 09:00:00 - 31/07/2024 10:00:00","Belgium (BE)","343.68","253.60","332.25","301.70"
"31/07/2024 10:00:00 - 31/07/2024 11:00:00","Belgium (BE)","343.43","242.73","295.55","347.57"
"31/07/2024 11:00:00 - 31/07/2024 12:00:00","Belgium (BE)","371.18","248.33","251.35","351.87"
"31/07/2024 12:00:00 - 31/07/2024 13:00:00","Belgium (BE)","419.73","301.53","269.15","358.13"
"31/07/2024 13:00:00 - 31/07/2024 14:00:00","Belgium (BE)","501.05","392.95","360.03","481.46"
"31/07/2024 14:00:00 - 31/07/2024 15:00:00","Belgium (BE)","643.98","543.15","415.43","539.85"
"31/07/2024 15:00:00 - 31/07/2024 16:00:00","Belgium (BE)","774.18","725.63","513.53","577.47"
"31/07/2024 16:00:00 - 31/07/2024 17:00:00","Belgium (BE)","881.48","851.90","616.20","761.08"
"31/07/2024 17:00:00 - 31/07/2024 18:00:00","Belgium (BE)","956.60","972.53","714.83","731.43"
"31/07/2024 18:00:00 - 31/07/2024 19:00:00","Belgium (BE)","994.20","1030.08","801.28","606.90"
"31/07/2024 19:00:00 - 31/07/2024 20:00:00","Belgium (BE)","1023.58","1015.85","768.00","636.52"
"31/07/2024 20:00:00 - 31/07/2024 21:00:00","Belgium (BE)","927.83","909.63","661.40","524.11"
"31/07/2024 21:00:00 - 31/07/2024 22:00:00","Belgium (BE)","787.65","763.63","635.03","513.02"
"31/07/2024 22:00:00 - 31/07/2024 23:00:00","Belgium (BE)","720.40","702.00","646.05","395.74"
"31/07/2024 23:00:00 - 01/08/2024 00:00:00","Belgium (BE)","705.53","741.60","634.55","495.75"
"01/08/2024 00:00:00 - 01/08/2024 01:00:00","Belgium (BE)","623.08","473.13","473.13","538.93"
"01/08/2024 01:00:00 - 01/08/2024 02:00:00","Belgium (BE)","574.90","473.43","473.43","522.13"
"01/08/2024 02:00:00 - 01/08/2024 03:00:00","Belgium (BE)","489.90","475.53","475.53","452.81"
"01/08/2024 03:00:00 - 01/08/2024 04:00:00","Belgium (BE)","366.33","367.90","367.90","280.84"
"01/08/2024 04:00:00 - 01/08/2024 05:00:00","Belgium (BE)","337.75","338.78","338.78","161.94"
"01/08/2024 05:00:00 - 01/08/2024 06:00:00","Belgium (BE)","356.28","269.78","269.78","133.84"
"01/08/2024 06:00:00 - 01/08/2024 07:00:00","Belgium (BE)","317.05","198.13","198.13","305.98"
"01/08/2024 07:00:00 - 01/08/2024 08:00:00","Belgium (BE)","274.90","202.73","202.73","312.75"
"01/08/2024 08:00:00 - 01/08/2024 09:00:00","Belgium (BE)","235.80","186.33","217.98","164.53"
"01/08/2024 09:00:00 - 01/08/2024 10:00:00","Belgium (BE)","203.63","172.53","216.90","36.93"
"01/08/2024 10:00:00 - 01/08/2024 11:00:00","Belgium (BE)","169.08","148.25","163.08","39.41"
"01/08/2024 11:00:00 - 01/08/2024 12:00:00","Belgium (BE)","130.23","130.88","52.55"," "
"01/08/2024 12:00:00 - 01/08/2024 13:00:00","Belgium (BE)","106.50","119.08","46.70"," "
"01/08/2024 13:00:00 - 01/08/2024 14:00:00","Belgium (BE)","109.43","122.23","34.18"," "
"01/08/2024 14:00:00 - 01/08/2024 15:00:00","Belgium (BE)","127.88","134.18","30.70","1.58"
"01/08/2024 15:00:00 - 01/08/2024 16:00:00","Belgium (BE)","140.98","142.43","52.00","10.44"
"01/08/2024 16:00:00 - 01/08/2024 17:00:00","Belgium (BE)","149.00","165.63","57.48","11.39"
"01/08/2024 17:00:00 - 01/08/2024 18:00:00","Belgium (BE)","154.00","180.30","67.95","39.79"
"01/08/2024 18:00:00 - 01/08/2024 19:00:00","Belgium (BE)","163.58","185.08","48.53","75.21"
"01/08/2024 19:00:00 - 01/08/2024 20:00:00","Belgium (BE)","167.88","180.73","55.23","124.07"
"01/08/2024 20:00:00 - 01/08/2024 21:00:00","Belgium (BE)","158.53","181.93","61.63","113.42"
"01/08/2024 21:00:00 - 01/08/2024 22:00:00","Belgium (BE)","137.10","186.15","71.95","56.14"
"01/08/2024 22:00:00 - 01/08/2024 23:00:00","Belgium (BE)","102.35","168.18","56.20","2.33"
"01/08/2024 23:00:00 - 02/08/2024 00:00:00","Belgium (BE)","67.88","130.63","45.28"," "
"02/08/2024 00:00:00 - 02/08/2024 01:00:00","Belgium (BE)","33.50","17.50","17.50"," "
"02/08/2024 01:00:00 - 02/08/2024 02:00:00","Belgium (BE)","18.08","8.40","8.40"," "
"02/08/2024 02:00:00 - 02/08/2024 03:00:00","Belgium (BE)","9.90","6.35","6.35","3.75"
"02/08/2024 03:00:00 - 02/08/2024 04:00:00","Belgium (BE)","7.45","4.80","4.80"," "
"02/08/2024 04:00:00 - 02/08/2024 05:00:00","Belgium (BE)","6.73","4.73","4.73"," "
"02/08/2024 05:00:00 - 02/08/2024 06:00:00","Belgium (BE)","7.18","6.20","6.20"," "
"02/08/2024 06:00:00 - 02/08/2024 07:00:00","Belgium (BE)","7.55","7.48","7.48"," "
"02/08/2024 07:00:00 - 02/08/2024 08:00:00","Belgium (BE)","7.93","10.48","10.48"," "
"02/08/2024 08:00:00 - 02/08/2024 09:00:00","Belgium (BE)","8.78","14.28","23.68"," "
"02/08/2024 09:00:00 - 02/08/2024 10:00:00","Belgium (BE)","11.28","14.08","13.50"," "
"02/08/2024 10:00:00 - 02/08/2024 11:00:00","Belgium (BE)","15.10","14.38","9.55"," "
"02/08/2024 11:00:00 - 02/08/2024 12:00:00","Belgium (BE)","16.45","17.58","7.48"," "
"02/08/2024 12:00:00 - 02/08/2024 13:00:00","Belgium (BE)","16.83","16.78","9.53"," "
"02/08/2024 13:00:00 - 02/08/2024 14:00:00","Belgium (BE)","16.43","17.25","10.35"," "
"02/08/2024 14:00:00 - 02/08/2024 15:00:00","Belgium (BE)","17.00","15.95","8.63"," "
"02/08/2024 15:00:00 - 02/08/2024 16:00:00","Belgium (BE)","19.83","14.65","8.35"," "
"02/08/2024 16:00:00 - 02/08/2024 17:00:00","Belgium (BE)","19.70","13.80","10.73"," "
"02/08/2024 17:00:00 - 02/08/2024 18:00:00","Belgium (BE)","23.80","15.75","10.43"," "
"02/08/2024 18:00:00 - 02/08/2024 19:00:00","Belgium (BE)","42.38","19.73","16.33"," "
"02/08/2024 19:00:00 - 02/08/2024 20:00:00","Belgium (BE)","88.08","35.98","35.05","8.17"
"02/08/2024 20:00:00 - 02/08/2024 21:00:00","Belgium (BE)","195.70","80.60","70.63","35.65"
"02/08/2024 21:00:00 - 02/08/2024 22:00:00","Belgium (BE)","385.95","169.73","133.98","108.88"
"02/08/2024 22:00:00 - 02/08/2024 23:00:00","Belgium (BE)","567.48","320.95","249.95","304.06"
"02/08/2024 23:00:00 - 03/08/2024 00:00:00","Belgium (BE)","701.35","511.55","407.05","482.21"
"03/08/2024 00:00:00 - 03/08/2024 01:00:00","Belgium (BE)","576.65","581.83","581.83","575.51"
"03/08/2024 01:00:00 - 03/08/2024 02:00:00","Belgium (BE)","612.60","615.58","615.58","701.11"
"03/08/2024 02:00:00 - 03/08/2024 03:00:00","Belgium (BE)","532.65","523.70","523.70","442.12"
"03/08/2024 03:00:00 - 03/08/2024 04:00:00","Belgium (BE)","413.98","465.83","465.83","163.43"
"03/08/2024 04:00:00 - 03/08/2024 05:00:00","Belgium (BE)","323.25","388.90","388.90","92.90"
"03/08/2024 05:00:00 - 03/08/2024 06:00:00","Belgium (BE)","274.60","244.70","244.70","122.07"
"03/08/2024 06:00:00 - 03/08/2024 07:00:00","Belgium (BE)","276.45","259.53","259.53","221.67"
"03/08/2024 07:00:00 - 03/08/2024 08:00:00","Belgium (BE)","313.08","326.75","326.75","250.10"
"03/08/2024 08:00:00 - 03/08/2024 09:00:00","Belgium (BE)","368.15","457.50","455.08","315.31"
"03/08/2024 09:00:00 - 03/08/2024 10:00:00","Belgium (BE)","451.28","601.78","591.50","511.20"
"03/08/2024 10:00:00 - 03/08/2024 11:00:00","Belgium (BE)","575.85","779.35","718.30","759.29"
"03/08/2024 11:00:00 - 03/08/2024 12:00:00","Belgium (BE)","748.38","983.73","950.95","921.99"
"03/08/2024 12:00:00 - 03/08/2024 13:00:00","Belgium (BE)","928.05","1130.78","1187.63","1062.73"
"03/08/2024 13:00:00 - 03/08/2024 14:00:00","Belgium (BE)","1076.70","1240.30","1392.00","1277.52"
"03/08/2024 14:00:00 - 03/08/2024 15:00:00","Belgium (BE)","1233.58","1381.03","1547.28","1517.54"
"03/08/2024 15:00:00 - 03/08/2024 16:00:00","Belgium (BE)","1346.30","1513.03","1685.75","1414.63"
"03/08/2024 16:00:00 - 03/08/2024 17:00:00","Belgium (BE)","1481.30","1604.83","1789.73","1411.92"
"03/08/2024 17:00:00 - 03/08/2024 18:00:00","Belgium (BE)","1663.10","1724.08","1821.13","1500.18"
"03/08/2024 18:00:00 - 03/08/2024 19:00:00","Belgium (BE)","1758.25","1818.73","1940.93","1728.04"
"03/08/2024 19:00:00 - 03/08/2024 20:00:00","Belgium (BE)","1802.28","1787.20","1885.70","1852.16"
"03/08/2024 20:00:00 - 03/08/2024 21:00:00","Belgium (BE)","1845.58","1613.48","1755.65","1846.75"
"03/08/2024 21:00:00 - 03/08/2024 22:00:00","Belgium (BE)","1775.35","1341.50","1371.15","1152.36"
"03/08/2024 22:00:00 - 03/08/2024 23:00:00","Belgium (BE)","1665.95","890.58","867.80","723.94"
"03/08/2024 23:00:00 - 04/08/2024 00:00:00","Belgium (BE)","1549.80","505.68","390.43","261.84"
"04/08/2024 00:00:00 - 04/08/2024 01:00:00","Belgium (BE)","142.75","115.25","115.25","38.10"
"04/08/2024 01:00:00 - 04/08/2024 02:00:00","Belgium (BE)","47.10","59.48","59.48"," "
"04/08/2024 02:00:00 - 04/08/2024 03:00:00","Belgium (BE)","24.95","6.20","6.20"," "
"04/08/2024 03:00:00 - 04/08/2024 04:00:00","Belgium (BE)","20.23","6.10","6.10"," "
"04/08/2024 04:00:00 - 04/08/2024 05:00:00","Belgium (BE)","16.60","7.45","7.45"," "
"04/08/2024 05:00:00 - 04/08/2024 06:00:00","Belgium (BE)","14.53","13.50","13.50"," "
"04/08/2024 06:00:00 - 04/08/2024 07:00:00","Belgium (BE)","13.33","14.53","14.53"," "
"04/08/2024 07:00:00 - 04/08/2024 08:00:00","Belgium (BE)","14.25","20.68","20.68"," "
"04/08/2024 08:00:00 - 04/08/2024 09:00:00","Belgium (BE)","13.20","23.38","19.45"," "
"04/08/2024 09:00:00 - 04/08/2024 10:00:00","Belgium (BE)","9.83","14.25","10.03"," "
"04/08/2024 10:00:00 - 04/08/2024 11:00:00","Belgium (BE)","6.78","8.10","7.28"," "
"04/08/2024 11:00:00 - 04/08/2024 12:00:00","Belgium (BE)","8.45","7.20","3.85"," "
"04/08/2024 12:00:00 - 04/08/2024 13:00:00","Belgium (BE)","10.93","7.85","3.98"," "
"04/08/2024 13:00:00 - 04/08/2024 14:00:00","Belgium (BE)","12.30","8.30","6.55"," "
"04/08/2024 14:00:00 - 04/08/2024 15:00:00","Belgium (BE)","12.53","8.70","7.75"," "
"04/08/2024 15:00:00 - 04/08/2024 16:00:00","Belgium (BE)","13.28","9.05","7.10"," "
"04/08/2024 16:00:00 - 04/08/2024 17:00:00","Belgium (BE)","13.05","8.60","7.93"," "
"04/08/2024 17:00:00 - 04/08/2024 18:00:00","Belgium (BE)","11.48","7.15","9.93"," "
"04/08/2024 18:00:00 - 04/08/2024 19:00:00","Belgium (BE)","10.03","5.93","11.25"," "
"04/08/2024 19:00:00 - 04/08/2024 20:00:00","Belgium (BE)","10.70","5.68","11.33"," "
"04/08/2024 20:00:00 - 04/08/2024 21:00:00","Belgium (BE)","14.73","7.48","13.90"," "
"04/08/2024 21:00:00 - 04/08/2024 22:00:00","Belgium (BE)","24.38","15.28","17.85","2.59"
"04/08/2024 22:00:00 - 04/08/2024 23:00:00","Belgium (BE)","36.10","28.20","29.58","77.55"
"04/08/2024 23:00:00 - 05/08/2024 00:00:00","Belgium (BE)","54.13","47.05","55.58","140.30"
"05/08/2024 00:00:00 - 05/08/2024 01:00:00","Belgium (BE)","84.80","158.78","158.78","240.24"
"05/08/2024 01:00:00 - 05/08/2024 02:00:00","Belgium (BE)","113.23","175.93","175.93","344.24"
"05/08/2024 02:00:00 - 05/08/2024 03:00:00","Belgium (BE)","135.43","235.40","235.40","330.00"
"05/08/2024 03:00:00 - 05/08/2024 04:00:00","Belgium (BE)","149.53","277.28","277.28","406.82"
"05/08/2024 04:00:00 - 05/08/2024 05:00:00","Belgium (BE)","153.53","251.70","251.70","382.82"
"05/08/2024 05:00:00 - 05/08/2024 06:00:00","Belgium (BE)","150.95","309.78","309.78","443.51"
"05/08/2024 06:00:00 - 05/08/2024 07:00:00","Belgium (BE)","153.53","279.25","279.25","457.85"
"05/08/2024 07:00:00 - 05/08/2024 08:00:00","Belgium (BE)","159.88","342.73","342.73","507.12"
"05/08/2024 08:00:00 - 05/08/2024 09:00:00","Belgium (BE)","162.90","293.15","334.15","557.57"
"05/08/2024 09:00:00 - 05/08/2024 10:00:00","Belgium (BE)","164.58","271.30","359.00","478.02"
"05/08/2024 10:00:00 - 05/08/2024 11:00:00","Belgium (BE)","164.20","252.83","418.23","341.10"
"05/08/2024 11:00:00 - 05/08/2024 12:00:00","Belgium (BE)","161.65","231.30","385.33","275.64"
"05/08/2024 12:00:00 - 05/08/2024 13:00:00","Belgium (BE)","154.55","215.25","365.15","250.97"
"05/08/2024 13:00:00 - 05/08/2024 14:00:00","Belgium (BE)","131.85","173.33","286.85","304.65"
"05/08/2024 14:00:00 - 05/08/2024 15:00:00","Belgium (BE)","87.58","116.93","239.83","223.13"
"05/08/2024 15:00:00 - 05/08/2024 16:00:00","Belgium (BE)","50.98","77.63","215.23","195.09"
"05/08/2024 16:00:00 - 05/08/2024 17:00:00","Belgium (BE)","33.90","50.65","191.13","196.44"
"05/08/2024 17:00:00 - 05/08/2024 18:00:00","Belgium (BE)","24.60","31.08","179.98","158.32"
"05/08/2024 18:00:00 - 05/08/2024 19:00:00","Belgium (BE)","16.00","19.80","135.03","75.93"
"05/08/2024 19:00:00 - 05/08/2024 20:00:00","Belgium (BE)","10.00","14.30","55.28","23.40"
"05/08/2024 20:00:00 - 05/08/2024 21:00:00","Belgium (BE)","7.38","9.98","28.83","14.65"
"05/08/2024 21:00:00 - 05/08/2024 22:00:00","Belgium (BE)","7.90","8.98","12.58","3.40"
"05/08/2024 22:00:00 - 05/08/2024 23:00:00","Belgium (BE)","11.48","15.98","16.90","1.03"
"05/08/2024 23:00:00 - 06/08/2024 00:00:00","Belgium (BE)","17.45","28.00","23.45","1.50"
"06/08/2024 00:00:00 - 06/08/2024 01:00:00","Belgium (BE)","31.98","27.75","27.75","1.13"
"06/08/2024 01:00:00 - 06/08/2024 02:00:00","Belgium (BE)","37.30","30.75","30.75"," "
"06/08/2024 02:00:00 - 06/08/2024 03:00:00","Belgium (BE)","42.45","29.95","29.95"," "
"06/08/2024 03:00:00 - 06/08/2024 04:00:00","Belgium (BE)","45.93","31.70","31.70","5.23"
"06/08/2024 04:00:00 - 06/08/2024 05:00:00","Belgium (BE)","49.33","30.60","30.60","90.28"
"06/08/2024 05:00:00 - 06/08/2024 06:00:00","Belgium (BE)","50.85","19.10","19.10","42.94"
"06/08/2024 06:00:00 - 06/08/2024 07:00:00","Belgium (BE)","47.50","23.60","23.60"," "
"06/08/2024 07:00:00 - 06/08/2024 08:00:00","Belgium (BE)","46.38","24.03","24.03"," "
"06/08/2024 08:00:00 - 06/08/2024 09:00:00","Belgium (BE)","52.65","21.30","12.73"," "
"06/08/2024 09:00:00 - 06/08/2024 10:00:00","Belgium (BE)","54.10","23.98","12.18"," "
"06/08/2024 10:00:00 - 06/08/2024 11:00:00","Belgium (BE)","46.10","29.60","19.10"," "
"06/08/2024 11:00:00 - 06/08/2024 12:00:00","Belgium (BE)","39.25","32.20","24.93","0.13"
"06/08/2024 12:00:00 - 06/08/2024 13:00:00","Belgium (BE)","40.10","38.65","35.40"," "
"06/08/2024 13:00:00 - 06/08/2024 14:00:00","Belgium (BE)","45.23","46.85","40.43"," "
"06/08/2024 14:00:00 - 06/08/2024 15:00:00","Belgium (BE)","73.83","56.48","40.45","1.35"
"06/08/2024 15:00:00 - 06/08/2024 16:00:00","Belgium (BE)","147.25","109.13","77.08","62.81"
"06/08/2024 16:00:00 - 06/08/2024 17:00:00","Belgium (BE)","323.25","253.23","156.85","171.83"
"06/08/2024 17:00:00 - 06/08/2024 18:00:00","Belgium (BE)","622.73","465.98","282.43","302.83"
"06/08/2024 18:00:00 - 06/08/2024 19:00:00","Belgium (BE)","835.93","683.50","500.78","587.52"
"06/08/2024 19:00:00 - 06/08/2024 20:00:00","Belgium (BE)","881.85","811.38","695.08","970.49"
"06/08/2024 20:00:00 - 06/08/2024 21:00:00","Belgium (BE)","764.38","795.48","799.63","909.28"
"06/08/2024 21:00:00 - 06/08/2024 22:00:00","Belgium (BE)","720.13","792.70","930.33","550.48"
"06/08/2024 22:00:00 - 06/08/2024 23:00:00","Belgium (BE)","684.85","816.98","930.45","444.38"
"06/08/2024 23:00:00 - 07/08/2024 00:00:00","Belgium (BE)","686.73","830.13","843.25","530.35"
"07/08/2024 00:00:00 - 07/08/2024 01:00:00","Belgium (BE)","624.25","440.15","440.15","510.92"
"07/08/2024 01:00:00 - 07/08/2024 02:00:00","Belgium (BE)","543.13","395.95","395.95","461.43"
"07/08/2024 02:00:00 - 07/08/2024 03:00:00","Belgium (BE)","505.18","356.08","356.08","166.77"
"07/08/2024 03:00:00 - 07/08/2024 04:00:00","Belgium (BE)","423.08","338.38","338.38","236.03"
"07/08/2024 04:00:00 - 07/08/2024 05:00:00","Belgium (BE)","356.40","264.03","264.03","251.78"
"07/08/2024 05:00:00 - 07/08/2024 06:00:00","Belgium (BE)","322.18","186.15","186.15","159.64"
"07/08/2024 06:00:00 - 07/08/2024 07:00:00","Belgium (BE)","305.85","189.20","189.20","227.51"
"07/08/2024 07:00:00 - 07/08/2024 08:00:00","Belgium (BE)","306.95","149.88","149.88","144.81"
"07/08/2024 08:00:00 - 07/08/2024 09:00:00","Belgium (BE)","325.73","154.53","153.25","79.44"
"07/08/2024 09:00:00 - 07/08/2024 10:00:00","Belgium (BE)","339.65","162.95","119.33","104.29"
"07/08/2024 10:00:00 - 07/08/2024 11:00:00","Belgium (BE)","348.33","165.60","135.33","72.95"
"07/08/2024 11:00:00 - 07/08/2024 12:00:00","Belgium (BE)","395.55","192.98","166.33","125.22"
"07/08/2024 12:00:00 - 07/08/2024 13:00:00","Belgium (BE)","493.33","269.58","247.63","219.69"
"07/08/2024 13:00:00 - 07/08/2024 14:00:00","Belgium (BE)","636.53","406.68","390.45","201.62"
"07/08/2024 14:00:00 - 07/08/2024 15:00:00","Belgium (BE)","859.88","639.70","630.70","217.03"
"07/08/2024 15:00:00 - 07/08/2024 16:00:00","Belgium (BE)","1148.38","972.78","893.33","768.27"
"07/08/2024 16:00:00 - 07/08/2024 17:00:00","Belgium (BE)","1438.08","1326.03","1175.45","1244.36"
"07/08/2024 17:00:00 - 07/08/2024 18:00:00","Belgium (BE)","1616.05","1565.93","1560.05","1662.73"
"07/08/2024 18:00:00 - 07/08/2024 19:00:00","Belgium (BE)","1705.65","1711.90","1830.28","1862.39"
"07/08/2024 19:00:00 - 07/08/2024 20:00:00","Belgium (BE)","1736.53","1781.80","1887.00","1872.21"
"07/08/2024 20:00:00 - 07/08/2024 21:00:00","Belgium (BE)","1690.35","1764.93","1860.88","1486.38"
"07/08/2024 21:00:00 - 07/08/2024 22:00:00","Belgium (BE)","1584.90","1637.00","1696.38","1452.66"
"07/08/2024 22:00:00 - 07/08/2024 23:00:00","Belgium (BE)","1462.50","1411.65","1471.05","1148.05"
"07/08/2024 23:00:00 - 08/08/2024 00:00:00","Belgium (BE)","1332.25","1142.40","1207.25","763.53"
"08/08/2024 00:00:00 - 08/08/2024 01:00:00","Belgium (BE)","911.10","641.60","641.60","535.57"
"08/08/2024 01:00:00 - 08/08/2024 02:00:00","Belgium (BE)","770.85","530.93","530.93","421.66"
"08/08/2024 02:00:00 - 08/08/2024 03:00:00","Belgium (BE)","746.38","494.20","494.20","370.60"
"08/08/2024 03:00:00 - 08/08/2024 04:00:00","Belgium (BE)","707.13","457.75","457.75","449.54"
"08/08/2024 04:00:00 - 08/08/2024 05:00:00","Belgium (BE)","654.58","464.03","464.03","525.46"
"08/08/2024 05:00:00 - 08/08/2024 06:00:00","Belgium (BE)","600.48","463.20","463.20","503.07"
"08/08/2024 06:00:00 - 08/08/2024 07:00:00","Belgium (BE)","500.33","382.38","382.38","523.70"
"08/08/2024 07:00:00 - 08/08/2024 08:00:00","Belgium (BE)","373.80","299.18","299.18","359.11"
"08/08/2024 08:00:00 - 08/08/2024 09:00:00","Belgium (BE)","304.20","261.93","328.85","240.41"
"08/08/2024 09:00:00 - 08/08/2024 10:00:00","Belgium (BE)","283.68","249.40","271.65","128.05"
"08/08/2024 10:00:00 - 08/08/2024 11:00:00","Belgium (BE)","278.88","247.60","253.25","162.09"
"08/08/2024 11:00:00 - 08/08/2024 12:00:00","Belgium (BE)","291.23","252.68","184.60","190.33"
"08/08/2024 12:00:00 - 08/08/2024 13:00:00","Belgium (BE)","327.60","275.70","228.88","230.17"
"08/08/2024 13:00:00 - 08/08/2024 14:00:00","Belgium (BE)","403.60","310.65","305.18","208.59"
"08/08/2024 14:00:00 - 08/08/2024 15:00:00","Belgium (BE)","538.98","370.48","400.23","246.31"
"08/08/2024 15:00:00 - 08/08/2024 16:00:00","Belgium (BE)","744.58","494.38","569.28","401.94"
"08/08/2024 16:00:00 - 08/08/2024 17:00:00","Belgium (BE)","1011.25","721.25","836.00","545.83"
"08/08/2024 17:00:00 - 08/08/2024 18:00:00","Belgium (BE)","1242.83","976.85","1187.63","804.95"
"08/08/2024 18:00:00 - 08/08/2024 19:00:00","Belgium (BE)","1432.38","1216.80","1459.50","1188.54"
"08/08/2024 19:00:00 - 08/08/2024 20:00:00","Belgium (BE)","1607.15","1423.85","1667.28","1807.32"
"08/08/2024 20:00:00 - 08/08/2024 21:00:00","Belgium (BE)","1776.83","1609.93","1753.60","1580.24"
"08/08/2024 21:00:00 - 08/08/2024 22:00:00","Belgium (BE)","1904.33","1735.98","1968.50","1509.43"
"08/08/2024 22:00:00 - 08/08/2024 23:00:00","Belgium (BE)","1964.00","1859.55","2023.33","1895.99"
"08/08/2024 23:00:00 - 09/08/2024 00:00:00","Belgium (BE)","2012.13","1977.50","2060.38","2094.55"
"09/08/2024 00:00:00 - 09/08/2024 01:00:00","Belgium (BE)","2074.43","2099.95","2099.95","2114.32"
"09/08/2024 01:00:00 - 09/08/2024 02:00:00","Belgium (BE)","2081.10","2151.85","2151.85","2123.34"
"09/08/2024 02:00:00 - 09/08/2024 03:00:00","Belgium (BE)","2095.70","2163.08","2163.08","2132.71"
"09/08/2024 03:00:00 - 09/08/2024 04:00:00","Belgium (BE)","2110.98","2155.75","2155.75","2149.15"
"09/08/2024 04:00:00 - 09/08/2024 05:00:00","Belgium (BE)","2119.78","2151.68","2151.68","2144.02"
"09/08/2024 05:00:00 - 09/08/2024 06:00:00","Belgium (BE)","2126.48","2155.98","2155.98","2122.74"
"09/08/2024 06:00:00 - 09/08/2024 07:00:00","Belgium (BE)","2127.15","2155.63","2155.63","2099.58"
"09/08/2024 07:00:00 - 09/08/2024 08:00:00","Belgium (BE)","2123.28","2138.20","2138.20","2116.27"
"09/08/2024 08:00:00 - 09/08/2024 09:00:00","Belgium (BE)","2112.13","2102.05","2122.70","2119.75"
"09/08/2024 09:00:00 - 09/08/2024 10:00:00","Belgium (BE)","2090.03","2020.20","2058.98","2104.29"
"09/08/2024 10:00:00 - 09/08/2024 11:00:00","Belgium (BE)","2053.58","1871.05","2021.88","2009.32"
"09/08/2024 11:00:00 - 09/08/2024 12:00:00","Belgium (BE)","1998.38","1654.88","1800.95","1909.37"
"09/08/2024 12:00:00 - 09/08/2024 13:00:00","Belgium (BE)","1929.00","1411.80","1560.38","1537.15"
"09/08/2024 13:00:00 - 09/08/2024 14:00:00","Belgium (BE)","1854.25","1160.18","1260.85","1277.15"
"09/08/2024 14:00:00 - 09/08/2024 15:00:00","Belgium (BE)","1773.25","986.38","1103.80","1094.56"
"09/08/2024 15:00:00 - 09/08/2024 16:00:00","Belgium (BE)","1672.13","949.85","1117.30","1081.84"
"09/08/2024 16:00:00 - 09/08/2024 17:00:00","Belgium (BE)","1624.65","1021.83","1323.78","1068.78"
"09/08/2024 17:00:00 - 09/08/2024 18:00:00","Belgium (BE)","1627.58","1167.85","1396.48","1584.08"
"09/08/2024 18:00:00 - 09/08/2024 19:00:00","Belgium (BE)","1606.73","1314.68","1441.20","1509.95"
"09/08/2024 19:00:00 - 09/08/2024 20:00:00","Belgium (BE)","1558.63","1404.60","1655.20","1502.24"
"09/08/2024 20:00:00 - 09/08/2024 21:00:00","Belgium (BE)","1504.40","1423.38","1561.10","1629.74"
"09/08/2024 21:00:00 - 09/08/2024 22:00:00","Belgium (BE)","1444.88","1400.78","1492.83","1528.96"
"09/08/2024 22:00:00 - 09/08/2024 23:00:00","Belgium (BE)","1381.40","1351.13","1417.63","1188.79"
"09/08/2024 23:00:00 - 10/08/2024 00:00:00","Belgium (BE)","1301.38","1264.75","1324.78","1054.50"
"10/08/2024 00:00:00 - 10/08/2024 01:00:00","Belgium (BE)","1218.65","981.93","981.93","724.59"
"10/08/2024 01:00:00 - 10/08/2024 02:00:00","Belgium (BE)","1111.18","855.75","855.75","687.46"
"10/08/2024 02:00:00 - 10/08/2024 03:00:00","Belgium (BE)","927.28","653.75","653.75","663.09"
"10/08/2024 03:00:00 - 10/08/2024 04:00:00","Belgium (BE)","755.65","609.80","609.80","684.36"
"10/08/2024 04:00:00 - 10/08/2024 05:00:00","Belgium (BE)","617.05","554.53","554.53","683.64"
"10/08/2024 05:00:00 - 10/08/2024 06:00:00","Belgium (BE)","485.08","470.45","470.45","518.76"
"10/08/2024 06:00:00 - 10/08/2024 07:00:00","Belgium (BE)","384.33","446.55","446.55","426.81"
"10/08/2024 07:00:00 - 10/08/2024 08:00:00","Belgium (BE)","340.43","389.35","389.35","193.67"
"10/08/2024 08:00:00 - 10/08/2024 09:00:00","Belgium (BE)","350.15","373.38","355.78","189.72"
"10/08/2024 09:00:00 - 10/08/2024 10:00:00","Belgium (BE)","398.30","381.60","279.05","263.74"
"10/08/2024 10:00:00 - 10/08/2024 11:00:00","Belgium (BE)","463.10","405.30","341.18","295.62"
"10/08/2024 11:00:00 - 10/08/2024 12:00:00","Belgium (BE)","556.85","451.68","447.65","550.46"
"10/08/2024 12:00:00 - 10/08/2024 13:00:00","Belgium (BE)","666.50","537.43","558.58","656.63"
"10/08/2024 13:00:00 - 10/08/2024 14:00:00","Belgium (BE)","791.43","652.28","819.30","544.60"
"10/08/2024 14:00:00 - 10/08/2024 15:00:00","Belgium (BE)","932.35","806.50","1109.48","642.72"
"10/08/2024 15:00:00 - 10/08/2024 16:00:00","Belgium (BE)","1004.80","945.83","1022.60","1099.32"
"10/08/2024 16:00:00 - 10/08/2024 17:00:00","Belgium (BE)","955.85","1007.10","913.10","1252.22"
"10/08/2024 17:00:00 - 10/08/2024 18:00:00","Belgium (BE)","888.60","1011.80","1052.90","1336.86"
"10/08/2024 18:00:00 - 10/08/2024 19:00:00","Belgium (BE)","859.80","944.83","1057.33","1316.15"
"10/08/2024 19:00:00 - 10/08/2024 20:00:00","Belgium (BE)","779.78","817.33","993.20","1114.43"
"10/08/2024 20:00:00 - 10/08/2024 21:00:00","Belgium (BE)","643.30","678.65","903.55","931.81"
"10/08/2024 21:00:00 - 10/08/2024 22:00:00","Belgium (BE)","507.93","554.65","735.53","493.60"
"10/08/2024 22:00:00 - 10/08/2024 23:00:00","Belgium (BE)","417.78","454.88","569.18","456.51"
"10/08/2024 23:00:00 - 11/08/2024 00:00:00","Belgium (BE)","364.43","382.80","444.45","249.61"
"11/08/2024 00:00:00 - 11/08/2024 01:00:00","Belgium (BE)","310.05","269.20","269.20","63.71"
"11/08/2024 01:00:00 - 11/08/2024 02:00:00","Belgium (BE)","232.68","160.55","160.55","39.45"
"11/08/2024 02:00:00 - 11/08/2024 03:00:00","Belgium (BE)","154.98","61.58","61.58","6.61"
"11/08/2024 03:00:00 - 11/08/2024 04:00:00","Belgium (BE)","91.70","44.93","44.93"," "
"11/08/2024 04:00:00 - 11/08/2024 05:00:00","Belgium (BE)","44.08","46.30","46.30"," "
"11/08/2024 05:00:00 - 11/08/2024 06:00:00","Belgium (BE)","18.75","22.08","22.08"," "
"11/08/2024 06:00:00 - 11/08/2024 07:00:00","Belgium (BE)","19.70","10.65","10.65"," "
"11/08/2024 07:00:00 - 11/08/2024 08:00:00","Belgium (BE)","22.73","8.58","8.58"," "
"11/08/2024 08:00:00 - 11/08/2024 09:00:00","Belgium (BE)","21.10","7.33","5.35"," "
"11/08/2024 09:00:00 - 11/08/2024 10:00:00","Belgium (BE)","17.23","7.35","6.73"," "
"11/08/2024 10:00:00 - 11/08/2024 11:00:00","Belgium (BE)","12.78","8.80","7.08"," "
"11/08/2024 11:00:00 - 11/08/2024 12:00:00","Belgium (BE)","8.83","9.65","8.43"," "
"11/08/2024 12:00:00 - 11/08/2024 13:00:00","Belgium (BE)","10.08","9.03","10.13"," "
"11/08/2024 13:00:00 - 11/08/2024 14:00:00","Belgium (BE)","19.48","11.00","10.35"," "
"11/08/2024 14:00:00 - 11/08/2024 15:00:00","Belgium (BE)","51.95","30.25","30.10"," "
"11/08/2024 15:00:00 - 11/08/2024 16:00:00","Belgium (BE)","116.78","86.28","92.53","17.53"
"11/08/2024 16:00:00 - 11/08/2024 17:00:00","Belgium (BE)","220.98","182.08","203.03","72.36"
"11/08/2024 17:00:00 - 11/08/2024 18:00:00","Belgium (BE)","373.75","310.53","382.45","127.84"
"11/08/2024 18:00:00 - 11/08/2024 19:00:00","Belgium (BE)","564.58","499.20","633.00","293.73"
"11/08/2024 19:00:00 - 11/08/2024 20:00:00","Belgium (BE)","754.00","722.88","764.80","432.65"
"11/08/2024 20:00:00 - 11/08/2024 21:00:00","Belgium (BE)","909.65","867.25","865.08","557.59"
"11/08/2024 21:00:00 - 11/08/2024 22:00:00","Belgium (BE)","973.25","936.45","859.98","588.53"
"11/08/2024 22:00:00 - 11/08/2024 23:00:00","Belgium (BE)","922.58","953.85","870.25","546.31"
"11/08/2024 23:00:00 - 12/08/2024 00:00:00","Belgium (BE)","865.90","910.10","804.65","529.51"
"12/08/2024 00:00:00 - 12/08/2024 01:00:00","Belgium (BE)","819.80","760.93","760.93","662.25"
"12/08/2024 01:00:00 - 12/08/2024 02:00:00","Belgium (BE)","807.15","745.40","745.40","679.86"
"12/08/2024 02:00:00 - 12/08/2024 03:00:00","Belgium (BE)","807.75","837.65","837.65","757.01"
"12/08/2024 03:00:00 - 12/08/2024 04:00:00","Belgium (BE)","819.08","830.13","830.13","872.66"
"12/08/2024 04:00:00 - 12/08/2024 05:00:00","Belgium (BE)","806.63","839.05","839.05","830.50"
"12/08/2024 05:00:00 - 12/08/2024 06:00:00","Belgium (BE)","763.93","935.15","935.15","682.94"
"12/08/2024 06:00:00 - 12/08/2024 07:00:00","Belgium (BE)","685.23","882.53","882.53","588.71"
"12/08/2024 07:00:00 - 12/08/2024 08:00:00","Belgium (BE)","596.18","735.35","735.35","501.76"
"12/08/2024 08:00:00 - 12/08/2024 09:00:00","Belgium (BE)","545.35","695.75","594.93","388.50"
"12/08/2024 09:00:00 - 12/08/2024 10:00:00","Belgium (BE)","525.88","691.78","580.58","343.87"
"12/08/2024 10:00:00 - 12/08/2024 11:00:00","Belgium (BE)","449.35","604.28","447.25","333.84"
"12/08/2024 11:00:00 - 12/08/2024 12:00:00","Belgium (BE)","355.70","467.95","405.93","304.02"
"12/08/2024 12:00:00 - 12/08/2024 13:00:00","Belgium (BE)","312.15","375.38","397.20","336.50"
"12/08/2024 13:00:00 - 12/08/2024 14:00:00","Belgium (BE)","265.78","301.25","316.03","300.69"
"12/08/2024 14:00:00 - 12/08/2024 15:00:00","Belgium (BE)","218.13","223.30","223.88","252.51"
"12/08/2024 15:00:00 - 12/08/2024 16:00:00","Belgium (BE)","177.55","141.80","171.53","168.16"
"12/08/2024 16:00:00 - 12/08/2024 17:00:00","Belgium (BE)","121.13","86.20","169.93","123.80"
"12/08/2024 17:00:00 - 12/08/2024 18:00:00","Belgium (BE)","86.70","92.35","200.23","108.26"
"12/08/2024 18:00:00 - 12/08/2024 19:00:00","Belgium (BE)","95.35","234.18","310.00","191.09"
"12/08/2024 19:00:00 - 12/08/2024 20:00:00","Belgium (BE)","152.98","429.88","451.90","645.66"
"12/08/2024 20:00:00 - 12/08/2024 21:00:00","Belgium (BE)","278.98","538.18","665.83","739.64"
"12/08/2024 21:00:00 - 12/08/2024 22:00:00","Belgium (BE)","545.88","741.60","972.70","846.09"
"12/08/2024 22:00:00 - 12/08/2024 23:00:00","Belgium (BE)","645.90","831.10","1064.33","978.82"
"12/08/2024 23:00:00 - 13/08/2024 00:00:00","Belgium (BE)","671.50","848.18","1078.73","1141.55"
"13/08/2024 00:00:00 - 13/08/2024 01:00:00","Belgium (BE)","950.30","749.38","749.38","765.22"
"13/08/2024 01:00:00 - 13/08/2024 02:00:00","Belgium (BE)","814.03","706.65","706.65","625.02"
"13/08/2024 02:00:00 - 13/08/2024 03:00:00","Belgium (BE)","635.20","585.18","585.18","482.56"
"13/08/2024 03:00:00 - 13/08/2024 04:00:00","Belgium (BE)","401.55","464.23","464.23","407.98"
"13/08/2024 04:00:00 - 13/08/2024 05:00:00","Belgium (BE)","308.20","366.45","366.45","219.68"
"13/08/2024 05:00:00 - 13/08/2024 06:00:00","Belgium (BE)","280.70","283.53","283.53","235.36"
"13/08/2024 06:00:00 - 13/08/2024 07:00:00","Belgium (BE)","237.65","188.18","188.18","329.31"
"13/08/2024 07:00:00 - 13/08/2024 08:00:00","Belgium (BE)","179.58","190.70","190.70","529.16"
"13/08/2024 08:00:00 - 13/08/2024 09:00:00","Belgium (BE)","136.95","149.55","194.95","441.44"
"13/08/2024 09:00:00 - 13/08/2024 10:00:00","Belgium (BE)","115.18","112.58","264.35","142.34"
"13/08/2024 10:00:00 - 13/08/2024 11:00:00","Belgium (BE)","107.80","100.18","214.93","96.21"
"13/08/2024 11:00:00 - 13/08/2024 12:00:00","Belgium (BE)","89.13","99.88","95.60"," "
"13/08/2024 12:00:00 - 13/08/2024 13:00:00","Belgium (BE)","80.40","96.58","90.30"," "
"13/08/2024 13:00:00 - 13/08/2024 14:00:00","Belgium (BE)","82.55","91.88","82.55","21.59"
"13/08/2024 14:00:00 - 13/08/2024 15:00:00","Belgium (BE)","77.40","96.33","125.25","121.16"
"13/08/2024 15:00:00 - 13/08/2024 16:00:00","Belgium (BE)","71.20","128.70","122.78","98.09"
"13/08/2024 16:00:00 - 13/08/2024 17:00:00","Belgium (BE)","68.80","198.25","142.90","109.13"
"13/08/2024 17:00:00 - 13/08/2024 18:00:00","Belgium (BE)","67.28","313.20","105.33","103.21"
"13/08/2024 18:00:00 - 13/08/2024 19:00:00","Belgium (BE)","76.08","455.80","123.23","262.96"
"13/08/2024 19:00:00 - 13/08/2024 20:00:00","Belgium (BE)","113.70","588.70","163.50","508.25"
"13/08/2024 20:00:00 - 13/08/2024 21:00:00","Belgium (BE)","172.50","632.35","330.00","400.71"
"13/08/2024 21:00:00 - 13/08/2024 22:00:00","Belgium (BE)","279.75","585.83","538.70","244.83"
"13/08/2024 22:00:00 - 13/08/2024 23:00:00","Belgium (BE)","455.75","526.15","603.68","423.78"
"13/08/2024 23:00:00 - 14/08/2024 00:00:00","Belgium (BE)","677.73","375.65","593.43","525.73"
"14/08/2024 00:00:00 - 14/08/2024 01:00:00","Belgium (BE)","470.78","404.43","404.43","202.99"
"14/08/2024 01:00:00 - 14/08/2024 02:00:00","Belgium (BE)","323.28","364.83","364.83","131.33"
"14/08/2024 02:00:00 - 14/08/2024 03:00:00","Belgium (BE)","204.80","148.25","148.25","79.99"
"14/08/2024 03:00:00 - 14/08/2024 04:00:00","Belgium (BE)","126.93","76.30","76.30","9.35"
"14/08/2024 04:00:00 - 14/08/2024 05:00:00","Belgium (BE)","87.53","79.73","79.73","47.48"
"14/08/2024 05:00:00 - 14/08/2024 06:00:00","Belgium (BE)","71.23","53.08","53.08","37.53"
"14/08/2024 06:00:00 - 14/08/2024 07:00:00","Belgium (BE)","67.98","47.50","47.50","33.79"
"14/08/2024 07:00:00 - 14/08/2024 08:00:00","Belgium (BE)","62.53","30.38","30.38","1.42"
"14/08/2024 08:00:00 - 14/08/2024 09:00:00","Belgium (BE)","82.60","25.55","29.28","61.49"
"14/08/2024 09:00:00 - 14/08/2024 10:00:00","Belgium (BE)","113.63","25.10","20.83","130.02"
"14/08/2024 10:00:00 - 14/08/2024 11:00:00","Belgium (BE)","107.30","31.38","27.33","104.59"
"14/08/2024 11:00:00 - 14/08/2024 12:00:00","Belgium (BE)","104.25","43.15","71.95","7.81"
"14/08/2024 12:00:00 - 14/08/2024 13:00:00","Belgium (BE)","101.35","53.30","69.93","14.28"
"14/08/2024 13:00:00 - 14/08/2024 14:00:00","Belgium (BE)","93.93","63.55","56.23","85.02"
"14/08/2024 14:00:00 - 14/08/2024 15:00:00","Belgium (BE)","96.05","66.70","73.50","181.83"
"14/08/2024 15:00:00 - 14/08/2024 16:00:00","Belgium (BE)","101.20","65.43","77.20","222.26"
"14/08/2024 16:00:00 - 14/08/2024 17:00:00","Belgium (BE)","98.93","70.45","84.70","188.26"
"14/08/2024 17:00:00 - 14/08/2024 18:00:00","Belgium (BE)","85.95","68.63","71.75","115.17"
"14/08/2024 18:00:00 - 14/08/2024 19:00:00","Belgium (BE)","64.60","56.03","53.63","72.02"
"14/08/2024 19:00:00 - 14/08/2024 20:00:00","Belgium (BE)","54.48","45.53","36.63"," "
"14/08/2024 20:00:00 - 14/08/2024 21:00:00","Belgium (BE)","43.40","42.83","31.53","4.84"
"14/08/2024 21:00:00 - 14/08/2024 22:00:00","Belgium (BE)","33.03","56.53","10.95","15.82"
"14/08/2024 22:00:00 - 14/08/2024 23:00:00","Belgium (BE)","27.30","88.63","11.45","3.15"
"14/08/2024 23:00:00 - 15/08/2024 00:00:00","Belgium (BE)","21.73","146.03","15.18"," "
"15/08/2024 00:00:00 - 15/08/2024 01:00:00","Belgium (BE)","20.80","19.43","19.43"," "
"15/08/2024 01:00:00 - 15/08/2024 02:00:00","Belgium (BE)","25.90","28.75","28.75"," "
"15/08/2024 02:00:00 - 15/08/2024 03:00:00","Belgium (BE)","38.58","46.78","46.78"," "
"15/08/2024 03:00:00 - 15/08/2024 04:00:00","Belgium (BE)","74.63","89.83","89.83","9.80"
"15/08/2024 04:00:00 - 15/08/2024 05:00:00","Belgium (BE)","148.18","170.50","170.50","76.14"
"15/08/2024 05:00:00 - 15/08/2024 06:00:00","Belgium (BE)","265.50","279.30","279.30","88.27"
"15/08/2024 06:00:00 - 15/08/2024 07:00:00","Belgium (BE)","391.60","397.98","397.98","245.01"
"15/08/2024 07:00:00 - 15/08/2024 08:00:00","Belgium (BE)","515.38","562.20","562.20","651.53"
"15/08/2024 08:00:00 - 15/08/2024 09:00:00","Belgium (BE)","628.38","702.33","563.80","735.80"
"15/08/2024 09:00:00 - 15/08/2024 10:00:00","Belgium (BE)","744.35","765.70","804.95","688.57"
"15/08/2024 10:00:00 - 15/08/2024 11:00:00","Belgium (BE)","894.35","781.85","1030.10","971.45"
"15/08/2024 11:00:00 - 15/08/2024 12:00:00","Belgium (BE)","1058.28","857.60","1034.83","1168.38"
"15/08/2024 12:00:00 - 15/08/2024 13:00:00","Belgium (BE)","1253.03","1112.43","1240.73","1039.61"
"15/08/2024 13:00:00 - 15/08/2024 14:00:00","Belgium (BE)","1525.93","1469.20","1631.53","1232.76"
"15/08/2024 14:00:00 - 15/08/2024 15:00:00","Belgium (BE)","1772.30","1772.75","1845.70","1603.17"
"15/08/2024 15:00:00 - 15/08/2024 16:00:00","Belgium (BE)","1937.40","1971.05","1988.48","1657.56"
"15/08/2024 16:00:00 - 15/08/2024 17:00:00","Belgium (BE)","2021.13","2045.30","2057.63","1750.72"
"15/08/2024 17:00:00 - 15/08/2024 18:00:00","Belgium (BE)","2056.30","2067.00","2145.98","1740.98"
"15/08/2024 18:00:00 - 15/08/2024 19:00:00","Belgium (BE)","2069.30","2079.95","2140.30","1632.31"
"15/08/2024 19:00:00 - 15/08/2024 20:00:00","Belgium (BE)","2068.85","2083.73","2150.53","1670.18"
"15/08/2024 20:00:00 - 15/08/2024 21:00:00","Belgium (BE)","2069.10","2083.00","2063.90","2007.14"
"15/08/2024 21:00:00 - 15/08/2024 22:00:00","Belgium (BE)","2059.85","2063.63","2076.55","2085.68"
"15/08/2024 22:00:00 - 15/08/2024 23:00:00","Belgium (BE)","2043.43","2033.20","2088.50","2107.59"
"15/08/2024 23:00:00 - 16/08/2024 00:00:00","Belgium (BE)","2051.85","2016.10","2096.00","2088.60"
"16/08/2024 00:00:00 - 16/08/2024 01:00:00","Belgium (BE)","2084.33","2120.80","2120.80","2076.91"
"16/08/2024 01:00:00 - 16/08/2024 02:00:00","Belgium (BE)","2018.45","2095.18","2095.18","2070.53"
"16/08/2024 02:00:00 - 16/08/2024 03:00:00","Belgium (BE)","1895.70","2046.43","2046.43","2037.11"
"16/08/2024 03:00:00 - 16/08/2024 04:00:00","Belgium (BE)","1715.95","2043.20","2043.20","2030.68"
"16/08/2024 04:00:00 - 16/08/2024 05:00:00","Belgium (BE)","1436.18","1959.40","1959.40","1995.27"
"16/08/2024 05:00:00 - 16/08/2024 06:00:00","Belgium (BE)","1159.73","1785.90","1785.90","1897.12"
"16/08/2024 06:00:00 - 16/08/2024 07:00:00","Belgium (BE)","917.20","1429.63","1429.63","1079.59"
"16/08/2024 07:00:00 - 16/08/2024 08:00:00","Belgium (BE)","705.80","997.35","997.35","707.69"
"16/08/2024 08:00:00 - 16/08/2024 09:00:00","Belgium (BE)","534.03","527.90","378.53","366.20"
"16/08/2024 09:00:00 - 16/08/2024 10:00:00","Belgium (BE)","399.35","262.20","209.60","129.48"
"16/08/2024 10:00:00 - 16/08/2024 11:00:00","Belgium (BE)","303.35","127.80","104.95","78.06"
"16/08/2024 11:00:00 - 16/08/2024 12:00:00","Belgium (BE)","237.48","68.70","53.50","61.24"
"16/08/2024 12:00:00 - 16/08/2024 13:00:00","Belgium (BE)","182.35","41.13","49.15","109.08"
"16/08/2024 13:00:00 - 16/08/2024 14:00:00","Belgium (BE)","131.68","26.48","34.63","249.87"
"16/08/2024 14:00:00 - 16/08/2024 15:00:00","Belgium (BE)","95.55","14.45","44.20","147.17"
"16/08/2024 15:00:00 - 16/08/2024 16:00:00","Belgium (BE)","72.70","9.78","125.78","10.68"
"16/08/2024 16:00:00 - 16/08/2024 17:00:00","Belgium (BE)","57.18","10.63","68.78"," "
"16/08/2024 17:00:00 - 16/08/2024 18:00:00","Belgium (BE)","50.98","15.83","6.95"," "
"16/08/2024 18:00:00 - 16/08/2024 19:00:00","Belgium (BE)","54.45","20.05","8.13"," "
"16/08/2024 19:00:00 - 16/08/2024 20:00:00","Belgium (BE)","77.23","21.63","10.20"," "
"16/08/2024 20:00:00 - 16/08/2024 21:00:00","Belgium (BE)","126.58","23.93","10.58"," "
"16/08/2024 21:00:00 - 16/08/2024 22:00:00","Belgium (BE)","198.43","24.85","5.90"," "
"16/08/2024 22:00:00 - 16/08/2024 23:00:00","Belgium (BE)","270.23","28.60","5.30"," "
"16/08/2024 23:00:00 - 17/08/2024 00:00:00","Belgium (BE)","319.25","31.28","5.90"," "
"17/08/2024 00:00:00 - 17/08/2024 01:00:00","Belgium (BE)","12.13","7.38","7.38"," "
"17/08/2024 01:00:00 - 17/08/2024 02:00:00","Belgium (BE)","9.58","6.45","6.45"," "
"17/08/2024 02:00:00 - 17/08/2024 03:00:00","Belgium (BE)","9.05","8.38","8.38"," "
"17/08/2024 03:00:00 - 17/08/2024 04:00:00","Belgium (BE)","8.63","9.83","9.83"," "
"17/08/2024 04:00:00 - 17/08/2024 05:00:00","Belgium (BE)","10.75","12.60","12.60"," "
"17/08/2024 05:00:00 - 17/08/2024 06:00:00","Belgium (BE)","12.25","10.13","10.13"," "
"17/08/2024 06:00:00 - 17/08/2024 07:00:00","Belgium (BE)","10.83","10.85","10.85"," "
"17/08/2024 07:00:00 - 17/08/2024 08:00:00","Belgium (BE)","10.58","8.88","8.88"," "
"17/08/2024 08:00:00 - 17/08/2024 09:00:00","Belgium (BE)","11.88","9.55","7.25"," "
"17/08/2024 09:00:00 - 17/08/2024 10:00:00","Belgium (BE)","14.58","11.50","7.63"," "
"17/08/2024 10:00:00 - 17/08/2024 11:00:00","Belgium (BE)","16.58","13.35","9.28"," "
"17/08/2024 11:00:00 - 17/08/2024 12:00:00","Belgium (BE)","18.00","14.83","8.00"," "
"17/08/2024 12:00:00 - 17/08/2024 13:00:00","Belgium (BE)","18.53","14.73","8.55"," "
"17/08/2024 13:00:00 - 17/08/2024 14:00:00","Belgium (BE)","17.33","12.38","7.03"," "
"17/08/2024 14:00:00 - 17/08/2024 15:00:00","Belgium (BE)","16.38","11.60","5.60"," "
"17/08/2024 15:00:00 - 17/08/2024 16:00:00","Belgium (BE)","17.75","12.18","4.68"," "
"17/08/2024 16:00:00 - 17/08/2024 17:00:00","Belgium (BE)","23.53","9.55","4.90"," "
"17/08/2024 17:00:00 - 17/08/2024 18:00:00","Belgium (BE)","18.70","8.20","5.65"," "
"17/08/2024 18:00:00 - 17/08/2024 19:00:00","Belgium (BE)","14.73","6.00","6.58"," "
"17/08/2024 19:00:00 - 17/08/2024 20:00:00","Belgium (BE)","13.98","6.03","4.90"," "
"17/08/2024 20:00:00 - 17/08/2024 21:00:00","Belgium (BE)","12.78","8.85","5.48"," "
"17/08/2024 21:00:00 - 17/08/2024 22:00:00","Belgium (BE)","16.00","17.10","5.88"," "
"17/08/2024 22:00:00 - 17/08/2024 23:00:00","Belgium (BE)","19.73","29.85","8.38"," "
"17/08/2024 23:00:00 - 18/08/2024 00:00:00","Belgium (BE)","29.00","54.60","12.63"," "
"18/08/2024 00:00:00 - 18/08/2024 01:00:00","Belgium (BE)","11.78","12.00","12.00"," "
"18/08/2024 01:00:00 - 18/08/2024 02:00:00","Belgium (BE)","11.90","9.03","9.03"," "
"18/08/2024 02:00:00 - 18/08/2024 03:00:00","Belgium (BE)","16.88","10.60","10.60"," "
"18/08/2024 03:00:00 - 18/08/2024 04:00:00","Belgium (BE)","20.00","16.93","16.93"," "
"18/08/2024 04:00:00 - 18/08/2024 05:00:00","Belgium (BE)","22.20","19.93","19.93"," "
"18/08/2024 05:00:00 - 18/08/2024 06:00:00","Belgium (BE)","29.03","20.40","20.40"," "
"18/08/2024 06:00:00 - 18/08/2024 07:00:00","Belgium (BE)","44.45","27.48","27.48"," "
"18/08/2024 07:00:00 - 18/08/2024 08:00:00","Belgium (BE)","80.23","40.85","40.85"," "
"18/08/2024 08:00:00 - 18/08/2024 09:00:00","Belgium (BE)","141.10","62.18","51.78"," "
"18/08/2024 09:00:00 - 18/08/2024 10:00:00","Belgium (BE)","199.50","107.90","58.88","73.10"
"18/08/2024 10:00:00 - 18/08/2024 11:00:00","Belgium (BE)","246.43","137.75","102.35","125.87"
"18/08/2024 11:00:00 - 18/08/2024 12:00:00","Belgium (BE)","280.30","169.80","142.30","151.26"
"18/08/2024 12:00:00 - 18/08/2024 13:00:00","Belgium (BE)","283.20","179.63","157.18","168.51"
"18/08/2024 13:00:00 - 18/08/2024 14:00:00","Belgium (BE)","257.85","159.13","136.50","133.02"
"18/08/2024 14:00:00 - 18/08/2024 15:00:00","Belgium (BE)","235.23","143.50","111.10","99.71"
"18/08/2024 15:00:00 - 18/08/2024 16:00:00","Belgium (BE)","222.73","131.85","81.75","33.26"
"18/08/2024 16:00:00 - 18/08/2024 17:00:00","Belgium (BE)","241.70","132.08","57.75","22.89"
"18/08/2024 17:00:00 - 18/08/2024 18:00:00","Belgium (BE)","317.60","160.20","44.83","24.15"
"18/08/2024 18:00:00 - 18/08/2024 19:00:00","Belgium (BE)","460.88","232.70","66.80","77.81"
"18/08/2024 19:00:00 - 18/08/2024 20:00:00","Belgium (BE)","635.45","318.88","111.98","64.04"
"18/08/2024 20:00:00 - 18/08/2024 21:00:00","Belgium (BE)","803.00","405.38","194.48","132.65"
"18/08/2024 21:00:00 - 18/08/2024 22:00:00","Belgium (BE)","862.30","449.33","255.58","230.68"
"18/08/2024 22:00:00 - 18/08/2024 23:00:00","Belgium (BE)","806.75","416.93","325.53","273.18"
"18/08/2024 23:00:00 - 19/08/2024 00:00:00","Belgium (BE)","665.90","341.93","348.63","241.35"
"19/08/2024 00:00:00 - 19/08/2024 01:00:00","Belgium (BE)","318.13","369.95","369.95","173.01"
"19/08/2024 01:00:00 - 19/08/2024 02:00:00","Belgium (BE)","230.03","237.98","237.98","113.46"
"19/08/2024 02:00:00 - 19/08/2024 03:00:00","Belgium (BE)","137.08","137.95","137.95","53.25"
"19/08/2024 03:00:00 - 19/08/2024 04:00:00","Belgium (BE)","67.73","66.20","66.20","0.66"
"19/08/2024 04:00:00 - 19/08/2024 05:00:00","Belgium (BE)","31.00","59.60","59.60","1.36"
"19/08/2024 05:00:00 - 19/08/2024 06:00:00","Belgium (BE)","16.30","29.85","29.85","38.66"
"19/08/2024 06:00:00 - 19/08/2024 07:00:00","Belgium (BE)","11.43","54.48","54.48","77.05"
"19/08/2024 07:00:00 - 19/08/2024 08:00:00","Belgium (BE)","12.73","96.65","96.65","88.61"
"19/08/2024 08:00:00 - 19/08/2024 09:00:00","Belgium (BE)","16.73","139.85","154.23","107.95"
"19/08/2024 09:00:00 - 19/08/2024 10:00:00","Belgium (BE)","29.95","183.43","186.50","163.71"
"19/08/2024 10:00:00 - 19/08/2024 11:00:00","Belgium (BE)","52.58","216.93","177.53","246.60"
"19/08/2024 11:00:00 - 19/08/2024 12:00:00","Belgium (BE)","71.50","227.28","176.38","353.91"
"19/08/2024 12:00:00 - 19/08/2024 13:00:00","Belgium (BE)","76.40","217.75","179.55","356.30"
"19/08/2024 13:00:00 - 19/08/2024 14:00:00","Belgium (BE)","72.28","180.50","150.68","392.78"
"19/08/2024 14:00:00 - 19/08/2024 15:00:00","Belgium (BE)","66.00","128.68","119.40","225.64"
"19/08/2024 15:00:00 - 19/08/2024 16:00:00","Belgium (BE)","69.70","92.75","105.73","127.65"
"19/08/2024 16:00:00 - 19/08/2024 17:00:00","Belgium (BE)","79.70","76.35","138.50","161.55"
"19/08/2024 17:00:00 - 19/08/2024 18:00:00","Belgium (BE)","87.23","72.48","250.33","145.53"
"19/08/2024 18:00:00 - 19/08/2024 19:00:00","Belgium (BE)","89.23","68.15","255.38","121.75"
"19/08/2024 19:00:00 - 19/08/2024 20:00:00","Belgium (BE)","84.20","71.53","225.80","130.61"
"19/08/2024 20:00:00 - 19/08/2024 21:00:00","Belgium (BE)","83.25","95.68","221.08","123.06"
"19/08/2024 21:00:00 - 19/08/2024 22:00:00","Belgium (BE)","98.80","143.38","273.55","121.13"
"19/08/2024 22:00:00 - 19/08/2024 23:00:00","Belgium (BE)","125.88","202.00","272.00","204.58"
"19/08/2024 23:00:00 - 20/08/2024 00:00:00","Belgium (BE)","146.58","232.30","238.38","226.82"
"20/08/2024 00:00:00 - 20/08/2024 01:00:00","Belgium (BE)","246.78","288.00","288.00","245.37"
"20/08/2024 01:00:00 - 20/08/2024 02:00:00","Belgium (BE)","253.13","338.13","338.13","240.04"
"20/08/2024 02:00:00 - 20/08/2024 03:00:00","Belgium (BE)","261.95","411.83","411.83","351.94"
"20/08/2024 03:00:00 - 20/08/2024 04:00:00","Belgium (BE)","336.45","504.38","504.38","577.59"
"20/08/2024 04:00:00 - 20/08/2024 05:00:00","Belgium (BE)","502.73","667.25","667.25","746.03"
"20/08/2024 05:00:00 - 20/08/2024 06:00:00","Belgium (BE)","703.18","778.35","778.35","909.89"
"20/08/2024 06:00:00 - 20/08/2024 07:00:00","Belgium (BE)","727.93","860.75","860.75","1068.14"
"20/08/2024 07:00:00 - 20/08/2024 08:00:00","Belgium (BE)","666.53","885.53","885.53","1061.67"
"20/08/2024 08:00:00 - 20/08/2024 09:00:00","Belgium (BE)","654.28","954.58","954.58","923.83"
"20/08/2024 09:00:00 - 20/08/2024 10:00:00","Belgium (BE)","632.58","1005.73","1050.00","802.64"
"20/08/2024 10:00:00 - 20/08/2024 11:00:00","Belgium (BE)","628.20","1073.25","1116.78","776.75"
"20/08/2024 11:00:00 - 20/08/2024 12:00:00","Belgium (BE)","634.68","1180.48","929.20","794.80"
"20/08/2024 12:00:00 - 20/08/2024 13:00:00","Belgium (BE)","643.08","1307.53","920.60","813.04"
"20/08/2024 13:00:00 - 20/08/2024 14:00:00","Belgium (BE)","673.40","1402.23","952.63","1149.54"
"20/08/2024 14:00:00 - 20/08/2024 15:00:00","Belgium (BE)","779.90","1447.73","1001.58","1083.56"
"20/08/2024 15:00:00 - 20/08/2024 16:00:00","Belgium (BE)","1071.48","1532.80","1235.73","1108.03"
"20/08/2024 16:00:00 - 20/08/2024 17:00:00","Belgium (BE)","1463.58","1609.08","1320.00","1279.61"
"20/08/2024 17:00:00 - 20/08/2024 18:00:00","Belgium (BE)","1752.28","1646.83","1371.78","1210.15"
"20/08/2024 18:00:00 - 20/08/2024 19:00:00","Belgium (BE)","1834.53","1635.35","1379.53","1321.94"
"20/08/2024 19:00:00 - 20/08/2024 20:00:00","Belgium (BE)","1729.00","1563.18","1276.60","1572.82"
"20/08/2024 20:00:00 - 20/08/2024 21:00:00","Belgium (BE)","1039.48","1449.65","1195.30","1249.76"
"20/08/2024 21:00:00 - 20/08/2024 22:00:00","Belgium (BE)","773.45","1442.78","1254.10","513.62"
"20/08/2024 22:00:00 - 20/08/2024 23:00:00","Belgium (BE)","1221.95","1503.28","1225.85","340.47"
"20/08/2024 23:00:00 - 21/08/2024 00:00:00","Belgium (BE)","1484.20","1581.90","1336.08","542.51"
"21/08/2024 00:00:00 - 21/08/2024 01:00:00","Belgium (BE)","1561.13","1404.50","1404.50","1472.14"
"21/08/2024 01:00:00 - 21/08/2024 02:00:00","Belgium (BE)","1695.15","1487.10","1487.10","1651.10"
"21/08/2024 02:00:00 - 21/08/2024 03:00:00","Belgium (BE)","1751.35","1704.55","1704.55","1741.64"
"21/08/2024 03:00:00 - 21/08/2024 04:00:00","Belgium (BE)","1740.03","1685.08","1685.08","1694.81"
"21/08/2024 04:00:00 - 21/08/2024 05:00:00","Belgium (BE)","1640.85","1584.05","1584.05","1669.01"
"21/08/2024 05:00:00 - 21/08/2024 06:00:00","Belgium (BE)","1451.95","1466.18","1466.18","1581.18"
"21/08/2024 06:00:00 - 21/08/2024 07:00:00","Belgium (BE)","1240.00","1321.88","1321.88","1429.48"
"21/08/2024 07:00:00 - 21/08/2024 08:00:00","Belgium (BE)","1111.90","1212.45","1212.45","1279.69"
"21/08/2024 08:00:00 - 21/08/2024 09:00:00","Belgium (BE)","1050.18","1102.68","1125.00","1209.39"
"21/08/2024 09:00:00 - 21/08/2024 10:00:00","Belgium (BE)","997.15","979.05","1001.10","974.65"
"21/08/2024 10:00:00 - 21/08/2024 11:00:00","Belgium (BE)","916.08","888.95","895.28","943.67"
"21/08/2024 11:00:00 - 21/08/2024 12:00:00","Belgium (BE)","850.60","854.53","916.50","757.72"
"21/08/2024 12:00:00 - 21/08/2024 13:00:00","Belgium (BE)","834.03","855.20","956.00","725.93"
"21/08/2024 13:00:00 - 21/08/2024 14:00:00","Belgium (BE)","846.45","880.58","997.75","857.25"
"21/08/2024 14:00:00 - 21/08/2024 15:00:00","Belgium (BE)","855.70","891.13","1019.80","799.12"
"21/08/2024 15:00:00 - 21/08/2024 16:00:00","Belgium (BE)","854.70","911.00","1024.15","880.58"
"21/08/2024 16:00:00 - 21/08/2024 17:00:00","Belgium (BE)","926.73","1014.90","1194.50","1234.47"
"21/08/2024 17:00:00 - 21/08/2024 18:00:00","Belgium (BE)","1183.55","1285.38","1538.10","1614.96"
"21/08/2024 18:00:00 - 21/08/2024 19:00:00","Belgium (BE)","1613.98","1664.13","1911.98","1830.97"
"21/08/2024 19:00:00 - 21/08/2024 20:00:00","Belgium (BE)","1894.95","1901.15","2020.20","1990.46"
"21/08/2024 20:00:00 - 21/08/2024 21:00:00","Belgium (BE)","2004.45","1950.70","2028.43","1904.16"
"21/08/2024 21:00:00 - 21/08/2024 22:00:00","Belgium (BE)","2016.38","1910.55","1967.00","1836.13"
"21/08/2024 22:00:00 - 21/08/2024 23:00:00","Belgium (BE)","1984.78","1820.53","1891.15","1864.58"
"21/08/2024 23:00:00 - 22/08/2024 00:00:00","Belgium (BE)","1945.03","1744.60","1882.98","1727.99"
"22/08/2024 00:00:00 - 22/08/2024 01:00:00","Belgium (BE)","1906.95","1998.38","1998.38","1795.68"
"22/08/2024 01:00:00 - 22/08/2024 02:00:00","Belgium (BE)","1945.50","1971.78","1971.78","1847.75"
"22/08/2024 02:00:00 - 22/08/2024 03:00:00","Belgium (BE)","1957.83","1979.60","1979.60","1506.01"
"22/08/2024 03:00:00 - 22/08/2024 04:00:00","Belgium (BE)","1950.25","1901.20","1901.20","1456.46"
"22/08/2024 04:00:00 - 22/08/2024 05:00:00","Belgium (BE)","1962.83","1867.88","1867.88","1451.80"
"22/08/2024 05:00:00 - 22/08/2024 06:00:00","Belgium (BE)","1961.70","1847.25","1847.25","1523.60"
"22/08/2024 06:00:00 - 22/08/2024 07:00:00","Belgium (BE)","1945.63","1825.30","1825.30","1570.36"
"22/08/2024 07:00:00 - 22/08/2024 08:00:00","Belgium (BE)","1951.08","1850.15","1850.15","1539.06"
"22/08/2024 08:00:00 - 22/08/2024 09:00:00","Belgium (BE)","1949.68","1887.93","1957.68","1771.69"
"22/08/2024 09:00:00 - 22/08/2024 10:00:00","Belgium (BE)","1956.23","1930.58","1963.13","1853.28"
"22/08/2024 10:00:00 - 22/08/2024 11:00:00","Belgium (BE)","1971.18","1993.20","2006.05","1774.53"
"22/08/2024 11:00:00 - 22/08/2024 12:00:00","Belgium (BE)","2010.88","2054.13","2091.50","1591.43"
"22/08/2024 12:00:00 - 22/08/2024 13:00:00","Belgium (BE)","2062.68","2084.25","2098.88","1682.16"
"22/08/2024 13:00:00 - 22/08/2024 14:00:00","Belgium (BE)","2098.65","2094.93","2125.75","1630.97"
"22/08/2024 14:00:00 - 22/08/2024 15:00:00","Belgium (BE)","2123.15","2101.93","2094.75","1822.15"
"22/08/2024 15:00:00 - 22/08/2024 16:00:00","Belgium (BE)","2134.88","2109.53","2100.80","1964.02"
"22/08/2024 16:00:00 - 22/08/2024 17:00:00","Belgium (BE)","2136.53","2115.03","2143.38","2047.91"
"22/08/2024 17:00:00 - 22/08/2024 18:00:00","Belgium (BE)","2133.00","2119.93","2128.83","2003.21"
"22/08/2024 18:00:00 - 22/08/2024 19:00:00","Belgium (BE)","2125.80","2120.60","2127.98","2066.72"
"22/08/2024 19:00:00 - 22/08/2024 20:00:00","Belgium (BE)","2112.05","2112.15","2087.45","2085.09"
"22/08/2024 20:00:00 - 22/08/2024 21:00:00","Belgium (BE)","2085.60","2094.80","2102.05","2101.84"
"22/08/2024 21:00:00 - 22/08/2024 22:00:00","Belgium (BE)","2044.20","2077.40","2100.63","2024.35"
"22/08/2024 22:00:00 - 22/08/2024 23:00:00","Belgium (BE)","1997.90","2064.43","2079.20","1835.98"
"22/08/2024 23:00:00 - 23/08/2024 00:00:00","Belgium (BE)","1955.65","2058.75","2049.38","1609.69"
"23/08/2024 00:00:00 - 23/08/2024 01:00:00","Belgium (BE)","2000.83","2010.50","2010.50","1556.50"
"23/08/2024 01:00:00 - 23/08/2024 02:00:00","Belgium (BE)","1992.43","1895.55","1895.55","1707.76"
"23/08/2024 02:00:00 - 23/08/2024 03:00:00","Belgium (BE)","1982.58","1846.00","1846.00","1755.58"
"23/08/2024 03:00:00 - 23/08/2024 04:00:00","Belgium (BE)","1972.03","1942.48","1942.48","1925.62"
"23/08/2024 04:00:00 - 23/08/2024 05:00:00","Belgium (BE)","1967.15","2021.35","2021.35","1988.44"
"23/08/2024 05:00:00 - 23/08/2024 06:00:00","Belgium (BE)","2015.35","2127.60","2127.60","2002.10"
"23/08/2024 06:00:00 - 23/08/2024 07:00:00","Belgium (BE)","2067.55","2140.63","2140.63","2092.41"
"23/08/2024 07:00:00 - 23/08/2024 08:00:00","Belgium (BE)","2092.83","2129.45","2129.45","2098.50"
"23/08/2024 08:00:00 - 23/08/2024 09:00:00","Belgium (BE)","2103.43","2119.15","2135.33","2095.96"
"23/08/2024 09:00:00 - 23/08/2024 10:00:00","Belgium (BE)","2109.23","2099.98","2122.75","2018.60"
"23/08/2024 10:00:00 - 23/08/2024 11:00:00","Belgium (BE)","2105.13","2089.88","2111.15","1804.37"
"23/08/2024 11:00:00 - 23/08/2024 12:00:00","Belgium (BE)","2100.03","2083.98","2124.40","1840.24"
"23/08/2024 12:00:00 - 23/08/2024 13:00:00","Belgium (BE)","2088.08","2071.75","2097.78","2099.02"
"23/08/2024 13:00:00 - 23/08/2024 14:00:00","Belgium (BE)","2076.75","2045.25","2025.95","1927.00"
"23/08/2024 14:00:00 - 23/08/2024 15:00:00","Belgium (BE)","2055.43","1976.60","1849.63","1517.52"
"23/08/2024 15:00:00 - 23/08/2024 16:00:00","Belgium (BE)","1990.98","1850.25","1661.18","1213.42"
"23/08/2024 16:00:00 - 23/08/2024 17:00:00","Belgium (BE)","1935.63","1712.98","1450.63","1030.69"
"23/08/2024 17:00:00 - 23/08/2024 18:00:00","Belgium (BE)","1846.10","1664.78","1459.20","1167.46"
"23/08/2024 18:00:00 - 23/08/2024 19:00:00","Belgium (BE)","1817.00","1686.05","1530.58","1519.72"
"23/08/2024 19:00:00 - 23/08/2024 20:00:00","Belgium (BE)","1818.23","1734.18","1531.20","1710.58"
"23/08/2024 20:00:00 - 23/08/2024 21:00:00","Belgium (BE)","1856.15","1735.63","1666.63","1695.25"
"23/08/2024 21:00:00 - 23/08/2024 22:00:00","Belgium (BE)","1855.63","1726.78","1695.85","1707.08"
"23/08/2024 22:00:00 - 23/08/2024 23:00:00","Belgium (BE)","1807.43","1661.00","1562.55","1774.20"
"23/08/2024 23:00:00 - 24/08/2024 00:00:00","Belgium (BE)","1707.10","1530.48","1420.20","1748.20"
"24/08/2024 00:00:00 - 24/08/2024 01:00:00","Belgium (BE)","1256.53","1293.20","1293.20","1526.66"
"24/08/2024 01:00:00 - 24/08/2024 02:00:00","Belgium (BE)","1059.08","1181.15","1181.15","1227.94"
"24/08/2024 02:00:00 - 24/08/2024 03:00:00","Belgium (BE)","796.48","897.18","897.18","1234.15"
"24/08/2024 03:00:00 - 24/08/2024 04:00:00","Belgium (BE)","540.03","527.93","527.93","769.37"
"24/08/2024 04:00:00 - 24/08/2024 05:00:00","Belgium (BE)","388.00","334.58","334.58","324.24"
"24/08/2024 05:00:00 - 24/08/2024 06:00:00","Belgium (BE)","381.58","463.63","463.63","190.29"
"24/08/2024 06:00:00 - 24/08/2024 07:00:00","Belgium (BE)","598.05","568.33","568.33","240.59"
"24/08/2024 07:00:00 - 24/08/2024 08:00:00","Belgium (BE)","1098.75","1073.50","1073.50","87.94"
"24/08/2024 08:00:00 - 24/08/2024 09:00:00","Belgium (BE)","1575.58","1571.95","1286.53"," "
"24/08/2024 09:00:00 - 24/08/2024 10:00:00","Belgium (BE)","1832.30","1806.03","1413.73"," "
"24/08/2024 10:00:00 - 24/08/2024 11:00:00","Belgium (BE)","1897.90","1896.15","1441.20"," "
"24/08/2024 11:00:00 - 24/08/2024 12:00:00","Belgium (BE)","1879.10","1899.15","1347.53","12.49"
"24/08/2024 12:00:00 - 24/08/2024 13:00:00","Belgium (BE)","1864.83","1871.70","1240.50","480.72"
"24/08/2024 13:00:00 - 24/08/2024 14:00:00","Belgium (BE)","1840.25","1809.85","1242.70","965.07"
"24/08/2024 14:00:00 - 24/08/2024 15:00:00","Belgium (BE)","1682.90","1667.63","1394.10","1258.28"
"24/08/2024 15:00:00 - 24/08/2024 16:00:00","Belgium (BE)","1467.73","1389.15","1559.95","1223.57"
"24/08/2024 16:00:00 - 24/08/2024 17:00:00","Belgium (BE)","1248.25","760.98","1397.80","98.73"
"24/08/2024 17:00:00 - 24/08/2024 18:00:00","Belgium (BE)","909.58","446.60","731.05","132.08"
"24/08/2024 18:00:00 - 24/08/2024 19:00:00","Belgium (BE)","599.73","331.68","573.45","730.02"
"24/08/2024 19:00:00 - 24/08/2024 20:00:00","Belgium (BE)","580.03","320.53","485.98","1422.60"
"24/08/2024 20:00:00 - 24/08/2024 21:00:00","Belgium (BE)","674.98","363.90","1110.00","1830.48"
"24/08/2024 21:00:00 - 24/08/2024 22:00:00","Belgium (BE)","936.30","525.10","1620.35","1946.29"
"24/08/2024 22:00:00 - 24/08/2024 23:00:00","Belgium (BE)","1235.45","828.23","1777.20","1875.68"
"24/08/2024 23:00:00 - 25/08/2024 00:00:00","Belgium (BE)","1476.78","1064.68","1828.95","1739.40"
"25/08/2024 00:00:00 - 25/08/2024 01:00:00","Belgium (BE)","1749.15","1806.10","1806.10","1673.19"
"25/08/2024 01:00:00 - 25/08/2024 02:00:00","Belgium (BE)","1769.08","1684.58","1684.58","1673.46"
"25/08/2024 02:00:00 - 25/08/2024 03:00:00","Belgium (BE)","1701.48","1534.38","1534.38","1552.13"
"25/08/2024 03:00:00 - 25/08/2024 04:00:00","Belgium (BE)","1549.33","1433.70","1433.70","992.70"
"25/08/2024 04:00:00 - 25/08/2024 05:00:00","Belgium (BE)","1390.83","1210.55","1210.55","839.58"
"25/08/2024 05:00:00 - 25/08/2024 06:00:00","Belgium (BE)","1220.03","953.38","953.38","890.61"
"25/08/2024 06:00:00 - 25/08/2024 07:00:00","Belgium (BE)","1109.80","885.70","885.70","885.96"
"25/08/2024 07:00:00 - 25/08/2024 08:00:00","Belgium (BE)","1059.70","899.90","899.90","852.06"
"25/08/2024 08:00:00 - 25/08/2024 09:00:00","Belgium (BE)","976.55","856.68","850.85","801.80"
"25/08/2024 09:00:00 - 25/08/2024 10:00:00","Belgium (BE)","873.03","751.43","741.03","827.09"
"25/08/2024 10:00:00 - 25/08/2024 11:00:00","Belgium (BE)","786.70","659.98","721.53","671.28"
"25/08/2024 11:00:00 - 25/08/2024 12:00:00","Belgium (BE)","772.95","645.63","738.88","625.09"
"25/08/2024 12:00:00 - 25/08/2024 13:00:00","Belgium (BE)","869.68","711.83","742.73","644.65"
"25/08/2024 13:00:00 - 25/08/2024 14:00:00","Belgium (BE)","1041.65","837.83","793.83","623.54"
"25/08/2024 14:00:00 - 25/08/2024 15:00:00","Belgium (BE)","1281.15","1030.23","1007.63","771.65"
"25/08/2024 15:00:00 - 25/08/2024 16:00:00","Belgium (BE)","1571.25","1312.43","1314.73","991.86"
"25/08/2024 16:00:00 - 25/08/2024 17:00:00","Belgium (BE)","1826.15","1609.25","1676.25","1747.84"
"25/08/2024 17:00:00 - 25/08/2024 18:00:00","Belgium (BE)","1968.33","1803.03","1877.05","1977.70"
"25/08/2024 18:00:00 - 25/08/2024 19:00:00","Belgium (BE)","2031.25","1913.03","2060.48","2038.66"
"25/08/2024 19:00:00 - 25/08/2024 20:00:00","Belgium (BE)","2046.60","1975.55","2134.45","2017.38"
"25/08/2024 20:00:00 - 25/08/2024 21:00:00","Belgium (BE)","2052.68","2004.03","2141.20","2047.42"
"25/08/2024 21:00:00 - 25/08/2024 22:00:00","Belgium (BE)","2056.38","2018.93","2125.83","2049.21"
"25/08/2024 22:00:00 - 25/08/2024 23:00:00","Belgium (BE)","2050.20","2024.80","2092.70","2038.64"
"25/08/2024 23:00:00 - 26/08/2024 00:00:00","Belgium (BE)","2040.15","2015.38","2052.23","1997.09"
"26/08/2024 00:00:00 - 26/08/2024 01:00:00","Belgium (BE)","2007.90","2050.55","2050.55","1905.56"
"26/08/2024 01:00:00 - 26/08/2024 02:00:00","Belgium (BE)","1984.75","2016.93","2016.93","1784.73"
"26/08/2024 02:00:00 - 26/08/2024 03:00:00","Belgium (BE)","1965.63","1960.13","1960.13","1834.57"
"26/08/2024 03:00:00 - 26/08/2024 04:00:00","Belgium (BE)","1957.68","1904.00","1904.00","1697.60"
"26/08/2024 04:00:00 - 26/08/2024 05:00:00","Belgium (BE)","1950.63","1889.30","1889.30","1602.89"
"26/08/2024 05:00:00 - 26/08/2024 06:00:00","Belgium (BE)","1921.53","1831.68","1831.68","1639.24"
"26/08/2024 06:00:00 - 26/08/2024 07:00:00","Belgium (BE)","1865.10","1760.25","1760.25","1660.50"
"26/08/2024 07:00:00 - 26/08/2024 08:00:00","Belgium (BE)","1791.78","1728.18","1728.18","1710.22"
"26/08/2024 08:00:00 - 26/08/2024 09:00:00","Belgium (BE)","1699.50","1648.85","1641.53","1372.69"
"26/08/2024 09:00:00 - 26/08/2024 10:00:00","Belgium (BE)","1599.28","1589.13","1635.25","1562.05"
"26/08/2024 10:00:00 - 26/08/2024 11:00:00","Belgium (BE)","1489.73","1524.35","1423.20","1347.55"
"26/08/2024 11:00:00 - 26/08/2024 12:00:00","Belgium (BE)","1390.35","1427.83","1494.18","1074.08"
"26/08/2024 12:00:00 - 26/08/2024 13:00:00","Belgium (BE)","1341.45","1341.00","1449.63","871.13"
"26/08/2024 13:00:00 - 26/08/2024 14:00:00","Belgium (BE)","1321.15","1267.33","1343.80","850.61"
"26/08/2024 14:00:00 - 26/08/2024 15:00:00","Belgium (BE)","1286.90","1193.45","1256.78","923.60"
"26/08/2024 15:00:00 - 26/08/2024 16:00:00","Belgium (BE)","1257.18","1139.20","1156.83","973.29"
"26/08/2024 16:00:00 - 26/08/2024 17:00:00","Belgium (BE)","1236.55","1126.08","1233.15","1155.23"
"26/08/2024 17:00:00 - 26/08/2024 18:00:00","Belgium (BE)","1201.33","1150.03","1206.38","1063.73"
"26/08/2024 18:00:00 - 26/08/2024 19:00:00","Belgium (BE)","1145.95","1178.50","1305.50","1062.27"
"26/08/2024 19:00:00 - 26/08/2024 20:00:00","Belgium (BE)","1089.38","1130.78","1165.88","1167.45"
"26/08/2024 20:00:00 - 26/08/2024 21:00:00","Belgium (BE)","1010.53","1024.28","1039.45","1152.16"
"26/08/2024 21:00:00 - 26/08/2024 22:00:00","Belgium (BE)","911.45","929.88","963.48","1056.64"
"26/08/2024 22:00:00 - 26/08/2024 23:00:00","Belgium (BE)","821.35","814.38","859.43","888.57"
"26/08/2024 23:00:00 - 27/08/2024 00:00:00","Belgium (BE)","737.58","687.40","791.93","714.08"
"27/08/2024 00:00:00 - 27/08/2024 01:00:00","Belgium (BE)","709.78","608.50","608.50","637.22"
"27/08/2024 01:00:00 - 27/08/2024 02:00:00","Belgium (BE)","590.10","506.63","506.63","566.49"
"27/08/2024 02:00:00 - 27/08/2024 03:00:00","Belgium (BE)","468.88","432.73","432.73","594.13"
"27/08/2024 03:00:00 - 27/08/2024 04:00:00","Belgium (BE)","366.70","359.78","359.78","503.87"
"27/08/2024 04:00:00 - 27/08/2024 05:00:00","Belgium (BE)","286.78","278.13","278.13","479.23"
"27/08/2024 05:00:00 - 27/08/2024 06:00:00","Belgium (BE)","228.50","298.03","298.03","406.70"
"27/08/2024 06:00:00 - 27/08/2024 07:00:00","Belgium (BE)","193.58","272.60","272.60","329.07"
"27/08/2024 07:00:00 - 27/08/2024 08:00:00","Belgium (BE)","172.08","203.68","203.68","226.80"
"27/08/2024 08:00:00 - 27/08/2024 09:00:00","Belgium (BE)","153.70","161.38","178.93","158.85"
"27/08/2024 09:00:00 - 27/08/2024 10:00:00","Belgium (BE)","137.50","120.58","130.53","116.35"
"27/08/2024 10:00:00 - 27/08/2024 11:00:00","Belgium (BE)","114.48","87.03","87.50","70.25"
"27/08/2024 11:00:00 - 27/08/2024 12:00:00","Belgium (BE)","79.33","71.20","42.85","46.42"
"27/08/2024 12:00:00 - 27/08/2024 13:00:00","Belgium (BE)","51.95","53.98","27.60","49.60"
"27/08/2024 13:00:00 - 27/08/2024 14:00:00","Belgium (BE)","34.33","37.00","22.33","27.80"
"27/08/2024 14:00:00 - 27/08/2024 15:00:00","Belgium (BE)","21.53","24.95","20.45","0.97"
"27/08/2024 15:00:00 - 27/08/2024 16:00:00","Belgium (BE)","11.35","14.83","15.95"," "
"27/08/2024 16:00:00 - 27/08/2024 17:00:00","Belgium (BE)","5.50","9.58","14.60"," "
"27/08/2024 17:00:00 - 27/08/2024 18:00:00","Belgium (BE)","6.48","8.68","15.53","7.33"
"27/08/2024 18:00:00 - 27/08/2024 19:00:00","Belgium (BE)","13.65","12.70","22.05","9.00"
"27/08/2024 19:00:00 - 27/08/2024 20:00:00","Belgium (BE)","21.20","22.85","36.78","13.48"
"27/08/2024 20:00:00 - 27/08/2024 21:00:00","Belgium (BE)","30.58","36.48","52.93","33.60"
"27/08/2024 21:00:00 - 27/08/2024 22:00:00","Belgium (BE)","40.00","56.85","72.58","31.24"
"27/08/2024 22:00:00 - 27/08/2024 23:00:00","Belgium (BE)","51.75","80.88","99.45","25.75"
"27/08/2024 23:00:00 - 28/08/2024 00:00:00","Belgium (BE)","68.13","95.45","116.08","25.15"
"28/08/2024 00:00:00 - 28/08/2024 01:00:00","Belgium (BE)","101.65","87.93","87.93","32.59"
"28/08/2024 01:00:00 - 28/08/2024 02:00:00","Belgium (BE)","84.88","79.50","79.50","55.51"
"28/08/2024 02:00:00 - 28/08/2024 03:00:00","Belgium (BE)","73.60","77.05","77.05","69.53"
"28/08/2024 03:00:00 - 28/08/2024 04:00:00","Belgium (BE)","62.70","73.65","73.65","29.96"
"28/08/2024 04:00:00 - 28/08/2024 05:00:00","Belgium (BE)","53.35","59.53","59.53","8.04"
"28/08/2024 05:00:00 - 28/08/2024 06:00:00","Belgium (BE)","49.83","51.58","51.58","14.86"
"28/08/2024 06:00:00 - 28/08/2024 07:00:00","Belgium (BE)","49.93","41.73","41.73","8.43"
"28/08/2024 07:00:00 - 28/08/2024 08:00:00","Belgium (BE)","46.20","32.18","32.18"," "
"28/08/2024 08:00:00 - 28/08/2024 09:00:00","Belgium (BE)","43.70","33.45","32.75","0.30"
"28/08/2024 09:00:00 - 28/08/2024 10:00:00","Belgium (BE)","43.55","40.50","43.00","1.17"
"28/08/2024 10:00:00 - 28/08/2024 11:00:00","Belgium (BE)","40.38","41.18","39.60"," "
"28/08/2024 11:00:00 - 28/08/2024 12:00:00","Belgium (BE)","29.35","31.95","31.73"," "
"28/08/2024 12:00:00 - 28/08/2024 13:00:00","Belgium (BE)","17.83","23.03","12.68"," "
"28/08/2024 13:00:00 - 28/08/2024 14:00:00","Belgium (BE)","8.05","15.25","7.68"," "
"28/08/2024 14:00:00 - 28/08/2024 15:00:00","Belgium (BE)","5.40","7.78","5.50"," "
"28/08/2024 15:00:00 - 28/08/2024 16:00:00","Belgium (BE)","6.03","6.53","5.73"," "
"28/08/2024 16:00:00 - 28/08/2024 17:00:00","Belgium (BE)","6.85","6.98","5.23","5.75"
"28/08/2024 17:00:00 - 28/08/2024 18:00:00","Belgium (BE)","8.30","6.68","6.53"," "
"28/08/2024 18:00:00 - 28/08/2024 19:00:00","Belgium (BE)","9.73","9.03","5.50"," "
"28/08/2024 19:00:00 - 28/08/2024 20:00:00","Belgium (BE)","10.55","13.15","7.33"," "
"28/08/2024 20:00:00 - 28/08/2024 21:00:00","Belgium (BE)","12.10","19.70","7.25"," "
"28/08/2024 21:00:00 - 28/08/2024 22:00:00","Belgium (BE)","15.83","26.58","7.78"," "
"28/08/2024 22:00:00 - 28/08/2024 23:00:00","Belgium (BE)","22.25","40.33","7.20"," "
"28/08/2024 23:00:00 - 29/08/2024 00:00:00","Belgium (BE)","29.93","61.53","16.13"," "
"29/08/2024 00:00:00 - 29/08/2024 01:00:00","Belgium (BE)","44.68","40.75","40.75","3.27"
"29/08/2024 01:00:00 - 29/08/2024 02:00:00","Belgium (BE)","83.03","94.55","94.55","43.16"
"29/08/2024 02:00:00 - 29/08/2024 03:00:00","Belgium (BE)","168.20","144.15","144.15","173.49"
"29/08/2024 03:00:00 - 29/08/2024 04:00:00","Belgium (BE)","182.65","209.53","209.53","334.62"
"29/08/2024 04:00:00 - 29/08/2024 05:00:00","Belgium (BE)","178.55","262.30","262.30","261.08"
"29/08/2024 05:00:00 - 29/08/2024 06:00:00","Belgium (BE)","194.25","289.15","289.15","217.19"
"29/08/2024 06:00:00 - 29/08/2024 07:00:00","Belgium (BE)","195.28","262.40","262.40","160.09"
"29/08/2024 07:00:00 - 29/08/2024 08:00:00","Belgium (BE)","181.53","266.05","266.05","123.12"
"29/08/2024 08:00:00 - 29/08/2024 09:00:00","Belgium (BE)","187.65","234.23","202.63","148.23"
"29/08/2024 09:00:00 - 29/08/2024 10:00:00","Belgium (BE)","196.13","196.83","155.53","149.94"
"29/08/2024 10:00:00 - 29/08/2024 11:00:00","Belgium (BE)","200.43","177.63","166.50","179.28"
"29/08/2024 11:00:00 - 29/08/2024 12:00:00","Belgium (BE)","207.70","166.55","127.55","107.23"
"29/08/2024 12:00:00 - 29/08/2024 13:00:00","Belgium (BE)","216.15","157.63","124.98","46.70"
"29/08/2024 13:00:00 - 29/08/2024 14:00:00","Belgium (BE)","207.08","143.35","97.05","97.07"
"29/08/2024 14:00:00 - 29/08/2024 15:00:00","Belgium (BE)","182.38","114.28","83.68","76.72"
"29/08/2024 15:00:00 - 29/08/2024 16:00:00","Belgium (BE)","159.88","84.43","65.00","56.20"
"29/08/2024 16:00:00 - 29/08/2024 17:00:00","Belgium (BE)","136.15","64.85","45.75","31.71"
"29/08/2024 17:00:00 - 29/08/2024 18:00:00","Belgium (BE)","108.43","54.25","37.20","2.63"
"29/08/2024 18:00:00 - 29/08/2024 19:00:00","Belgium (BE)","83.78","49.50","37.28","4.88"
"29/08/2024 19:00:00 - 29/08/2024 20:00:00","Belgium (BE)","64.58","45.30","28.08","15.78"
"29/08/2024 20:00:00 - 29/08/2024 21:00:00","Belgium (BE)","54.43","42.55","30.48","8.91"
"29/08/2024 21:00:00 - 29/08/2024 22:00:00","Belgium (BE)","45.68","41.18","33.83","3.60"
"29/08/2024 22:00:00 - 29/08/2024 23:00:00","Belgium (BE)","40.65","34.15","29.10"," "
"29/08/2024 23:00:00 - 30/08/2024 00:00:00","Belgium (BE)","36.18","24.20","17.08"," "
"30/08/2024 00:00:00 - 30/08/2024 01:00:00","Belgium (BE)","15.00","9.98","9.98"," "
"30/08/2024 01:00:00 - 30/08/2024 02:00:00","Belgium (BE)","11.93","9.18","9.18"," "
"30/08/2024 02:00:00 - 30/08/2024 03:00:00","Belgium (BE)","11.13","7.00","7.00"," "
"30/08/2024 03:00:00 - 30/08/2024 04:00:00","Belgium (BE)","10.98","4.70","4.70"," "
"30/08/2024 04:00:00 - 30/08/2024 05:00:00","Belgium (BE)","12.08","5.50","5.50"," "
"30/08/2024 05:00:00 - 30/08/2024 06:00:00","Belgium (BE)","14.10","4.40","4.40"," "
"30/08/2024 06:00:00 - 30/08/2024 07:00:00","Belgium (BE)","14.50","2.83","2.83"," "
"30/08/2024 07:00:00 - 30/08/2024 08:00:00","Belgium (BE)","13.05","5.48","5.48"," "
"30/08/2024 08:00:00 - 30/08/2024 09:00:00","Belgium (BE)","12.55","4.70","7.25"," "
"30/08/2024 09:00:00 - 30/08/2024 10:00:00","Belgium (BE)","14.28","7.68","7.93"," "
"30/08/2024 10:00:00 - 30/08/2024 11:00:00","Belgium (BE)","17.63","11.15","8.65"," "
"30/08/2024 11:00:00 - 30/08/2024 12:00:00","Belgium (BE)","27.70","11.90","11.78"," "
"30/08/2024 12:00:00 - 30/08/2024 13:00:00","Belgium (BE)","55.40","16.50","18.13"," "
"30/08/2024 13:00:00 - 30/08/2024 14:00:00","Belgium (BE)","108.10","35.70","50.83"," "
"30/08/2024 14:00:00 - 30/08/2024 15:00:00","Belgium (BE)","195.10","83.65","106.05","0.42"
"30/08/2024 15:00:00 - 30/08/2024 16:00:00","Belgium (BE)","325.45","173.53","178.18","60.12"
"30/08/2024 16:00:00 - 30/08/2024 17:00:00","Belgium (BE)","505.00","309.88","319.15","204.63"
"30/08/2024 17:00:00 - 30/08/2024 18:00:00","Belgium (BE)","751.40","497.08","475.73","449.65"
"30/08/2024 18:00:00 - 30/08/2024 19:00:00","Belgium (BE)","1039.60","731.70","765.20","839.01"
"30/08/2024 19:00:00 - 30/08/2024 20:00:00","Belgium (BE)","1335.08","989.43","1080.20","1276.34"
"30/08/2024 20:00:00 - 30/08/2024 21:00:00","Belgium (BE)","1519.55","1233.83","1393.38","1385.80"
"30/08/2024 21:00:00 - 30/08/2024 22:00:00","Belgium (BE)","1606.78","1367.15","1563.08","1393.83"
"30/08/2024 22:00:00 - 30/08/2024 23:00:00","Belgium (BE)","1674.15","1426.05","1558.38","1507.37"
"30/08/2024 23:00:00 - 31/08/2024 00:00:00","Belgium (BE)","1739.95","1479.65","1526.73","1603.28"
"31/08/2024 00:00:00 - 31/08/2024 01:00:00","Belgium (BE)","1480.83","1506.53","1506.53","1625.49"
"31/08/2024 01:00:00 - 31/08/2024 02:00:00","Belgium (BE)","1482.30","1487.18","1487.18","1385.00"
"31/08/2024 02:00:00 - 31/08/2024 03:00:00","Belgium (BE)","1463.48","1495.10","1495.10","1361.34"
"31/08/2024 03:00:00 - 31/08/2024 04:00:00","Belgium (BE)","1430.90","1391.93","1391.93","1406.46"
"31/08/2024 04:00:00 - 31/08/2024 05:00:00","Belgium (BE)","1420.08","1423.35","1423.35","1485.55"
"31/08/2024 05:00:00 - 31/08/2024 06:00:00","Belgium (BE)","1473.30","1489.90","1489.90","1490.82"
"31/08/2024 06:00:00 - 31/08/2024 07:00:00","Belgium (BE)","1574.03","1607.28","1607.28","1484.19"
"31/08/2024 07:00:00 - 31/08/2024 08:00:00","Belgium (BE)","1649.78","1651.88","1651.88","1572.60"
"31/08/2024 08:00:00 - 31/08/2024 09:00:00","Belgium (BE)","1689.55","1697.08","1626.98","1626.31"
"31/08/2024 09:00:00 - 31/08/2024 10:00:00","Belgium (BE)","1694.55","1727.23","1717.15","1687.70"
"31/08/2024 10:00:00 - 31/08/2024 11:00:00","Belgium (BE)","1676.25","1730.63","1728.05","1590.89"
"31/08/2024 11:00:00 - 31/08/2024 12:00:00","Belgium (BE)","1664.03","1715.45","1793.25","1742.66"
"31/08/2024 12:00:00 - 31/08/2024 13:00:00","Belgium (BE)","1676.75","1645.85","1716.43","1364.21"
"31/08/2024 13:00:00 - 31/08/2024 14:00:00","Belgium (BE)","1691.70","1503.43","1691.00","1283.11"
"31/08/2024 14:00:00 - 31/08/2024 15:00:00","Belgium (BE)","1682.28","1290.63","1545.70","1592.54"
"31/08/2024 15:00:00 - 31/08/2024 16:00:00","Belgium (BE)","1618.93","1034.95","1354.35","1449.62"
"31/08/2024 16:00:00 - 31/08/2024 17:00:00","Belgium (BE)","1528.83","839.23","1263.15","1162.66"
"31/08/2024 17:00:00 - 31/08/2024 18:00:00","Belgium (BE)","1438.48","736.00","1260.48","907.56"
"31/08/2024 18:00:00 - 31/08/2024 19:00:00","Belgium (BE)","1350.50","703.20","1083.45","486.46"
"31/08/2024 19:00:00 - 31/08/2024 20:00:00","Belgium (BE)","1271.80","684.10","871.18","365.57"
"31/08/2024 20:00:00 - 31/08/2024 21:00:00","Belgium (BE)","1224.70","696.90","662.08","916.87"
"31/08/2024 21:00:00 - 31/08/2024 22:00:00","Belgium (BE)","1203.50","752.85","670.00","1257.35"
"31/08/2024 22:00:00 - 31/08/2024 23:00:00","Belgium (BE)","1198.83","806.08","801.05","1575.51"
"31/08/2024 23:00:00 - 01/09/2024 00:00:00","Belgium (BE)","1216.75","842.15","896.45","1394.70"
"01/09/2024 00:00:00 - 01/09/2024 01:00:00","Belgium (BE)","985.00","1103.25","1103.25","1245.12"
"01/09/2024 01:00:00 - 01/09/2024 02:00:00","Belgium (BE)","939.48","1086.35","1086.35","1110.80"
"01/09/2024 02:00:00 - 01/09/2024 03:00:00","Belgium (BE)","838.73","902.38","902.38","654.58"
"01/09/2024 03:00:00 - 01/09/2024 04:00:00","Belgium (BE)","707.50","867.30","867.30","570.39"
"01/09/2024 04:00:00 - 01/09/2024 05:00:00","Belgium (BE)","620.98","665.03","665.03","421.58"
"01/09/2024 05:00:00 - 01/09/2024 06:00:00","Belgium (BE)","595.98","594.03","594.03","383.30"
"01/09/2024 06:00:00 - 01/09/2024 07:00:00","Belgium (BE)","588.85","450.90","450.90","404.40"
"01/09/2024 07:00:00 - 01/09/2024 08:00:00","Belgium (BE)","588.00","449.30","449.30","393.18"
"01/09/2024 08:00:00 - 01/09/2024 09:00:00","Belgium (BE)","581.40","376.10","355.88","431.07"
"01/09/2024 09:00:00 - 01/09/2024 10:00:00","Belgium (BE)","535.65","334.88","319.65","555.23"
"01/09/2024 10:00:00 - 01/09/2024 11:00:00","Belgium (BE)","479.70","332.30","342.80","499.45"
"01/09/2024 11:00:00 - 01/09/2024 12:00:00","Belgium (BE)","422.83","333.10","476.90","457.63"
"01/09/2024 12:00:00 - 01/09/2024 13:00:00","Belgium (BE)","329.95","295.95","367.93","354.42"
"01/09/2024 13:00:00 - 01/09/2024 14:00:00","Belgium (BE)","267.25","245.53","312.18","339.75"
"01/09/2024 14:00:00 - 01/09/2024 15:00:00","Belgium (BE)","269.08","219.08","288.80","222.92"
"01/09/2024 15:00:00 - 01/09/2024 16:00:00","Belgium (BE)","285.35","198.23","301.15","253.77"
"01/09/2024 16:00:00 - 01/09/2024 17:00:00","Belgium (BE)","288.83","182.23","282.60","296.97"
"01/09/2024 17:00:00 - 01/09/2024 18:00:00","Belgium (BE)","239.88","181.18","296.60","258.06"
"01/09/2024 18:00:00 - 01/09/2024 19:00:00","Belgium (BE)","193.60","205.58","326.50","204.44"
"01/09/2024 19:00:00 - 01/09/2024 20:00:00","Belgium (BE)","192.05","261.33","280.05","242.78"
"01/09/2024 20:00:00 - 01/09/2024 21:00:00","Belgium (BE)","239.15","312.00","236.18","400.39"
"01/09/2024 21:00:00 - 01/09/2024 22:00:00","Belgium (BE)","353.00","401.20","252.20","387.49"
"01/09/2024 22:00:00 - 01/09/2024 23:00:00","Belgium (BE)","477.55","525.98","292.88","194.94"
"01/09/2024 23:00:00 - 02/09/2024 00:00:00","Belgium (BE)","512.25","546.28","250.83","210.61"
"02/09/2024 00:00:00 - 02/09/2024 01:00:00","Belgium (BE)","238.65","175.23","175.23","127.69"
"02/09/2024 01:00:00 - 02/09/2024 02:00:00","Belgium (BE)","197.05","206.45","206.45","128.73"
"02/09/2024 02:00:00 - 02/09/2024 03:00:00","Belgium (BE)","166.45","222.85","222.85","259.42"
"02/09/2024 03:00:00 - 02/09/2024 04:00:00","Belgium (BE)","157.55","250.70","250.70","354.53"
"02/09/2024 04:00:00 - 02/09/2024 05:00:00","Belgium (BE)","144.08","299.60","299.60","420.97"
"02/09/2024 05:00:00 - 02/09/2024 06:00:00","Belgium (BE)","127.58","350.10","350.10","222.27"
"02/09/2024 06:00:00 - 02/09/2024 07:00:00","Belgium (BE)","122.38","307.80","307.80","87.60"
"02/09/2024 07:00:00 - 02/09/2024 08:00:00","Belgium (BE)","137.03","163.50","163.50","129.28"
"02/09/2024 08:00:00 - 02/09/2024 09:00:00","Belgium (BE)","138.83","150.53","93.45","151.25"
"02/09/2024 09:00:00 - 02/09/2024 10:00:00","Belgium (BE)","132.23","145.10","140.48","241.36"
"02/09/2024 10:00:00 - 02/09/2024 11:00:00","Belgium (BE)","128.73","133.43","129.83","304.38"
"02/09/2024 11:00:00 - 02/09/2024 12:00:00","Belgium (BE)","119.40","101.90","143.48","226.91"
"02/09/2024 12:00:00 - 02/09/2024 13:00:00","Belgium (BE)","107.65","84.60","119.93","188.05"
"02/09/2024 13:00:00 - 02/09/2024 14:00:00","Belgium (BE)","98.50","81.48","178.00","263.56"
"02/09/2024 14:00:00 - 02/09/2024 15:00:00","Belgium (BE)","107.13","94.20","221.28","250.13"
"02/09/2024 15:00:00 - 02/09/2024 16:00:00","Belgium (BE)","136.20","122.45","315.48","352.91"
"02/09/2024 16:00:00 - 02/09/2024 17:00:00","Belgium (BE)","177.58","165.40","348.18","455.37"
"02/09/2024 17:00:00 - 02/09/2024 18:00:00","Belgium (BE)","205.30","190.68","387.40","448.16"
"02/09/2024 18:00:00 - 02/09/2024 19:00:00","Belgium (BE)","223.65","192.68","455.28","398.77"
"02/09/2024 19:00:00 - 02/09/2024 20:00:00","Belgium (BE)","216.78","164.33","486.80","284.02"
"02/09/2024 20:00:00 - 02/09/2024 21:00:00","Belgium (BE)","197.05","124.88","417.13","108.55"
"02/09/2024 21:00:00 - 02/09/2024 22:00:00","Belgium (BE)","191.90","102.48","287.48","63.32"
"02/09/2024 22:00:00 - 02/09/2024 23:00:00","Belgium (BE)","188.28","89.68","261.40","73.64"
"02/09/2024 23:00:00 - 03/09/2024 00:00:00","Belgium (BE)","170.80","74.70","210.40","14.67"
"03/09/2024 00:00:00 - 03/09/2024 01:00:00","Belgium (BE)","155.18","58.75","58.75","16.66"
"03/09/2024 01:00:00 - 03/09/2024 02:00:00","Belgium (BE)","102.28","27.35","27.35","29.31"
"03/09/2024 02:00:00 - 03/09/2024 03:00:00","Belgium (BE)","64.93","19.90","19.90","31.77"
"03/09/2024 03:00:00 - 03/09/2024 04:00:00","Belgium (BE)","46.43","26.13","26.13","20.07"
"03/09/2024 04:00:00 - 03/09/2024 05:00:00","Belgium (BE)","34.23","32.58","32.58","25.96"
"03/09/2024 05:00:00 - 03/09/2024 06:00:00","Belgium (BE)","36.88","46.58","46.58","10.16"
"03/09/2024 06:00:00 - 03/09/2024 07:00:00","Belgium (BE)","66.25","72.93","72.93","21.17"
"03/09/2024 07:00:00 - 03/09/2024 08:00:00","Belgium (BE)","122.65","111.08","111.08","247.72"
"03/09/2024 08:00:00 - 03/09/2024 09:00:00","Belgium (BE)","197.58","183.80","173.03","311.34"
"03/09/2024 09:00:00 - 03/09/2024 10:00:00","Belgium (BE)","249.05","247.73","306.03","287.93"
"03/09/2024 10:00:00 - 03/09/2024 11:00:00","Belgium (BE)","262.43","267.03","430.48","313.96"
"03/09/2024 11:00:00 - 03/09/2024 12:00:00","Belgium (BE)","254.13","268.20","417.85","356.50"
"03/09/2024 12:00:00 - 03/09/2024 13:00:00","Belgium (BE)","234.78","265.53","433.93","445.14"
"03/09/2024 13:00:00 - 03/09/2024 14:00:00","Belgium (BE)","211.65","248.65","376.55","444.20"
"03/09/2024 14:00:00 - 03/09/2024 15:00:00","Belgium (BE)","192.00","226.58","350.43","372.11"
"03/09/2024 15:00:00 - 03/09/2024 16:00:00","Belgium (BE)","187.23","219.10","325.18","287.89"
"03/09/2024 16:00:00 - 03/09/2024 17:00:00","Belgium (BE)","207.68","229.98","321.78","294.89"
"03/09/2024 17:00:00 - 03/09/2024 18:00:00","Belgium (BE)","257.03","246.63","357.10","403.84"
"03/09/2024 18:00:00 - 03/09/2024 19:00:00","Belgium (BE)","341.10","270.90","387.65","514.39"
"03/09/2024 19:00:00 - 03/09/2024 20:00:00","Belgium (BE)","439.13","294.25","467.08","551.91"
"03/09/2024 20:00:00 - 03/09/2024 21:00:00","Belgium (BE)","454.33","309.15","506.73","589.26"
"03/09/2024 21:00:00 - 03/09/2024 22:00:00","Belgium (BE)","380.53","316.18","532.73","625.80"
"03/09/2024 22:00:00 - 03/09/2024 23:00:00","Belgium (BE)","292.05","315.18","496.28","668.51"
"03/09/2024 23:00:00 - 04/09/2024 00:00:00","Belgium (BE)","221.73","287.35","453.73","706.47"
"04/09/2024 00:00:00 - 04/09/2024 01:00:00","Belgium (BE)","369.98","429.85","429.85","431.56"
"04/09/2024 01:00:00 - 04/09/2024 02:00:00","Belgium (BE)","286.23","403.30","403.30","232.88"
"04/09/2024 02:00:00 - 04/09/2024 03:00:00","Belgium (BE)","225.35","229.33","229.33","167.45"
"04/09/2024 03:00:00 - 04/09/2024 04:00:00","Belgium (BE)","179.95","135.08","135.08","169.40"
"04/09/2024 04:00:00 - 04/09/2024 05:00:00","Belgium (BE)","113.95","109.73","109.73","164.92"
"04/09/2024 05:00:00 - 04/09/2024 06:00:00","Belgium (BE)","63.73","104.18","104.18","209.22"
"04/09/2024 06:00:00 - 04/09/2024 07:00:00","Belgium (BE)","41.03","74.03","74.03","257.88"
"04/09/2024 07:00:00 - 04/09/2024 08:00:00","Belgium (BE)","30.40","109.90","109.90","217.93"
"04/09/2024 08:00:00 - 04/09/2024 09:00:00","Belgium (BE)","26.40","77.03","139.88","129.71"
"04/09/2024 09:00:00 - 04/09/2024 10:00:00","Belgium (BE)","22.03","55.95","119.20","54.64"
"04/09/2024 10:00:00 - 04/09/2024 11:00:00","Belgium (BE)","19.98","41.43","55.13","29.24"
"04/09/2024 11:00:00 - 04/09/2024 12:00:00","Belgium (BE)","20.20","31.03","21.23","4.12"
"04/09/2024 12:00:00 - 04/09/2024 13:00:00","Belgium (BE)","24.35","30.28","16.65"," "
"04/09/2024 13:00:00 - 04/09/2024 14:00:00","Belgium (BE)","29.65","32.60","13.15"," "
"04/09/2024 14:00:00 - 04/09/2024 15:00:00","Belgium (BE)","36.88","39.60","29.10"," "
"04/09/2024 15:00:00 - 04/09/2024 16:00:00","Belgium (BE)","50.18","48.68","38.23","8.89"
"04/09/2024 16:00:00 - 04/09/2024 17:00:00","Belgium (BE)","72.28","62.80","51.15","8.42"
"04/09/2024 17:00:00 - 04/09/2024 18:00:00","Belgium (BE)","105.10","76.60","57.53","17.56"
"04/09/2024 18:00:00 - 04/09/2024 19:00:00","Belgium (BE)","142.53","89.35","73.35","33.21"
"04/09/2024 19:00:00 - 04/09/2024 20:00:00","Belgium (BE)","181.30","99.95","76.10","103.39"
"04/09/2024 20:00:00 - 04/09/2024 21:00:00","Belgium (BE)","226.98","105.80","87.73","122.73"
"04/09/2024 21:00:00 - 04/09/2024 22:00:00","Belgium (BE)","263.53","106.73","108.70","187.97"
"04/09/2024 22:00:00 - 04/09/2024 23:00:00","Belgium (BE)","271.25","103.60","94.70","230.73"
"04/09/2024 23:00:00 - 05/09/2024 00:00:00","Belgium (BE)","267.65","100.08","90.15","273.41"
"05/09/2024 00:00:00 - 05/09/2024 01:00:00","Belgium (BE)","92.68","164.58","164.58","304.83"
"05/09/2024 01:00:00 - 05/09/2024 02:00:00","Belgium (BE)","103.65","206.08","206.08","289.66"
"05/09/2024 02:00:00 - 05/09/2024 03:00:00","Belgium (BE)","128.15","255.30","255.30","345.33"
"05/09/2024 03:00:00 - 05/09/2024 04:00:00","Belgium (BE)","172.28","287.50","287.50","352.56"
"05/09/2024 04:00:00 - 05/09/2024 05:00:00","Belgium (BE)","244.73","353.55","353.55","488.14"
"05/09/2024 05:00:00 - 05/09/2024 06:00:00","Belgium (BE)","333.50","395.88","395.88","596.10"
"05/09/2024 06:00:00 - 05/09/2024 07:00:00","Belgium (BE)","423.73","536.73","536.73","625.37"
"05/09/2024 07:00:00 - 05/09/2024 08:00:00","Belgium (BE)","514.25","605.48","605.48","876.79"
"05/09/2024 08:00:00 - 05/09/2024 09:00:00","Belgium (BE)","624.38","816.25","831.13","1059.07"
"05/09/2024 09:00:00 - 05/09/2024 10:00:00","Belgium (BE)","767.45","1087.70","1242.88","1601.09"
"05/09/2024 10:00:00 - 05/09/2024 11:00:00","Belgium (BE)","936.90","1410.00","1813.80","1834.34"
"05/09/2024 11:00:00 - 05/09/2024 12:00:00","Belgium (BE)","1074.00","1633.25","1959.08","1906.39"
"05/09/2024 12:00:00 - 05/09/2024 13:00:00","Belgium (BE)","1045.65","1673.78","1874.45","1859.38"
"05/09/2024 13:00:00 - 05/09/2024 14:00:00","Belgium (BE)","917.33","1590.85","1696.30","1861.18"
"05/09/2024 14:00:00 - 05/09/2024 15:00:00","Belgium (BE)","781.83","1449.88","1507.13","1598.11"
"05/09/2024 15:00:00 - 05/09/2024 16:00:00","Belgium (BE)","645.18","1259.15","1163.58","957.21"
"05/09/2024 16:00:00 - 05/09/2024 17:00:00","Belgium (BE)","550.55","1033.20","780.13","155.43"
"05/09/2024 17:00:00 - 05/09/2024 18:00:00","Belgium (BE)","474.88","871.60","423.83","37.65"
"05/09/2024 18:00:00 - 05/09/2024 19:00:00","Belgium (BE)","357.63","711.70","95.50","102.65"
"05/09/2024 19:00:00 - 05/09/2024 20:00:00","Belgium (BE)","262.88","556.45","50.20","95.60"
"05/09/2024 20:00:00 - 05/09/2024 21:00:00","Belgium (BE)","187.60","416.25","67.93","29.08"
"05/09/2024 21:00:00 - 05/09/2024 22:00:00","Belgium (BE)","181.18","366.50","72.95"," "
"05/09/2024 22:00:00 - 05/09/2024 23:00:00","Belgium (BE)","212.48","478.08","59.35","1.79"
"05/09/2024 23:00:00 - 06/09/2024 00:00:00","Belgium (BE)","240.50","678.63","57.90","0.75"
"06/09/2024 00:00:00 - 06/09/2024 01:00:00","Belgium (BE)","63.58","133.93","133.93","6.93"
"06/09/2024 01:00:00 - 06/09/2024 02:00:00","Belgium (BE)","70.03","162.35","162.35","42.07"
"06/09/2024 02:00:00 - 06/09/2024 03:00:00","Belgium (BE)","71.53","140.95","140.95","109.02"
"06/09/2024 03:00:00 - 06/09/2024 04:00:00","Belgium (BE)","75.38","103.15","103.15","146.18"
"06/09/2024 04:00:00 - 06/09/2024 05:00:00","Belgium (BE)","44.15","125.40","125.40","143.11"
"06/09/2024 05:00:00 - 06/09/2024 06:00:00","Belgium (BE)","20.68","120.95","120.95","114.19"
"06/09/2024 06:00:00 - 06/09/2024 07:00:00","Belgium (BE)","23.70","75.13","75.13","55.57"
"06/09/2024 07:00:00 - 06/09/2024 08:00:00","Belgium (BE)","41.43","44.63","44.63","116.58"
"06/09/2024 08:00:00 - 06/09/2024 09:00:00","Belgium (BE)","48.38","32.30","68.45","19.20"
"06/09/2024 09:00:00 - 06/09/2024 10:00:00","Belgium (BE)","50.30","43.15","94.88","29.02"
"06/09/2024 10:00:00 - 06/09/2024 11:00:00","Belgium (BE)","56.65","64.35","59.53"," "
"06/09/2024 11:00:00 - 06/09/2024 12:00:00","Belgium (BE)","58.43","97.43","67.15"," "
"06/09/2024 12:00:00 - 06/09/2024 13:00:00","Belgium (BE)","84.13","149.10","107.88","38.27"
"06/09/2024 13:00:00 - 06/09/2024 14:00:00","Belgium (BE)","137.38","196.03","123.25","14.53"
"06/09/2024 14:00:00 - 06/09/2024 15:00:00","Belgium (BE)","206.50","212.15","172.68","44.20"
"06/09/2024 15:00:00 - 06/09/2024 16:00:00","Belgium (BE)","273.03","190.65","165.55","169.13"
"06/09/2024 16:00:00 - 06/09/2024 17:00:00","Belgium (BE)","254.48","139.93","159.40","292.04"
"06/09/2024 17:00:00 - 06/09/2024 18:00:00","Belgium (BE)","181.25","94.40","140.93","129.92"
"06/09/2024 18:00:00 - 06/09/2024 19:00:00","Belgium (BE)","123.03","59.43","125.50","4.79"
"06/09/2024 19:00:00 - 06/09/2024 20:00:00","Belgium (BE)","87.95","42.13","102.15","28.26"
"06/09/2024 20:00:00 - 06/09/2024 21:00:00","Belgium (BE)","64.83","32.95","43.33","30.40"
"06/09/2024 21:00:00 - 06/09/2024 22:00:00","Belgium (BE)","52.35","26.43","35.73","56.77"
"06/09/2024 22:00:00 - 06/09/2024 23:00:00","Belgium (BE)","45.13","22.35","31.28","25.26"
"06/09/2024 23:00:00 - 07/09/2024 00:00:00","Belgium (BE)","40.75","19.33","25.28","19.92"
"07/09/2024 00:00:00 - 07/09/2024 01:00:00","Belgium (BE)","22.60","19.03","19.03","26.78"
"07/09/2024 01:00:00 - 07/09/2024 02:00:00","Belgium (BE)","17.95","17.45","17.45","12.40"
"07/09/2024 02:00:00 - 07/09/2024 03:00:00","Belgium (BE)","14.50","11.73","11.73"," "
"07/09/2024 03:00:00 - 07/09/2024 04:00:00","Belgium (BE)","9.70","10.48","10.48","10.76"
"07/09/2024 04:00:00 - 07/09/2024 05:00:00","Belgium (BE)","11.15","9.60","9.60"," "
"07/09/2024 05:00:00 - 07/09/2024 06:00:00","Belgium (BE)","17.43","9.98","9.98"," "
"07/09/2024 06:00:00 - 07/09/2024 07:00:00","Belgium (BE)","25.25","10.18","10.18"," "
"07/09/2024 07:00:00 - 07/09/2024 08:00:00","Belgium (BE)","31.60","10.63","10.63"," "
"07/09/2024 08:00:00 - 07/09/2024 09:00:00","Belgium (BE)","35.73","9.70","12.33"," "
"07/09/2024 09:00:00 - 07/09/2024 10:00:00","Belgium (BE)","45.78","10.65","15.00","0.16"
"07/09/2024 10:00:00 - 07/09/2024 11:00:00","Belgium (BE)","58.48","16.00","23.38"," "
"07/09/2024 11:00:00 - 07/09/2024 12:00:00","Belgium (BE)","73.05","21.38","23.43"," "
"07/09/2024 12:00:00 - 07/09/2024 13:00:00","Belgium (BE)","95.58","31.45","24.35"," "
"07/09/2024 13:00:00 - 07/09/2024 14:00:00","Belgium (BE)","133.50","50.78","38.45","0.13"
"07/09/2024 14:00:00 - 07/09/2024 15:00:00","Belgium (BE)","190.03","87.25","73.20","3.08"
"07/09/2024 15:00:00 - 07/09/2024 16:00:00","Belgium (BE)","274.95","147.05","117.40","67.90"
"07/09/2024 16:00:00 - 07/09/2024 17:00:00","Belgium (BE)","368.93","230.73","157.65","121.05"
"07/09/2024 17:00:00 - 07/09/2024 18:00:00","Belgium (BE)","385.08","319.08","176.75","92.06"
"07/09/2024 18:00:00 - 07/09/2024 19:00:00","Belgium (BE)","310.35","345.03","169.50","94.07"
"07/09/2024 19:00:00 - 07/09/2024 20:00:00","Belgium (BE)","251.03","258.75","157.93","54.63"
"07/09/2024 20:00:00 - 07/09/2024 21:00:00","Belgium (BE)","204.88","211.90","130.35","68.13"
"07/09/2024 21:00:00 - 07/09/2024 22:00:00","Belgium (BE)","203.55","253.75","101.90","118.33"
"07/09/2024 22:00:00 - 07/09/2024 23:00:00","Belgium (BE)","153.68","242.30","86.53","381.64"
"07/09/2024 23:00:00 - 08/09/2024 00:00:00","Belgium (BE)","123.83","176.78","69.28","330.80"
"08/09/2024 00:00:00 - 08/09/2024 01:00:00","Belgium (BE)","100.35","162.30","162.30","132.11"
"08/09/2024 01:00:00 - 08/09/2024 02:00:00","Belgium (BE)","215.90","212.10","212.10","113.79"
"08/09/2024 02:00:00 - 08/09/2024 03:00:00","Belgium (BE)","416.75","320.80","320.80","272.40"
"08/09/2024 03:00:00 - 08/09/2024 04:00:00","Belgium (BE)","734.05","465.95","465.95","625.05"
"08/09/2024 04:00:00 - 08/09/2024 05:00:00","Belgium (BE)","1003.10","569.13","569.13","539.07"
"08/09/2024 05:00:00 - 08/09/2024 06:00:00","Belgium (BE)","1173.48","728.43","728.43","1053.55"
"08/09/2024 06:00:00 - 08/09/2024 07:00:00","Belgium (BE)","1336.23","940.98","940.98","810.53"
"08/09/2024 07:00:00 - 08/09/2024 08:00:00","Belgium (BE)","1444.58","1147.53","1147.53","923.42"
"08/09/2024 08:00:00 - 08/09/2024 09:00:00","Belgium (BE)","1580.90","1296.23","1305.10","840.03"
"08/09/2024 09:00:00 - 08/09/2024 10:00:00","Belgium (BE)","1714.70","1410.68","1410.30","1313.40"
"08/09/2024 10:00:00 - 08/09/2024 11:00:00","Belgium (BE)","1769.55","1501.08","1453.08","1323.88"
"08/09/2024 11:00:00 - 08/09/2024 12:00:00","Belgium (BE)","1795.53","1586.90","1611.95","1655.58"
"08/09/2024 12:00:00 - 08/09/2024 13:00:00","Belgium (BE)","1787.33","1652.18","1696.68","1616.00"
"08/09/2024 13:00:00 - 08/09/2024 14:00:00","Belgium (BE)","1777.70","1641.58","1673.90","1473.74"
"08/09/2024 14:00:00 - 08/09/2024 15:00:00","Belgium (BE)","1785.23","1569.40","1675.03","1293.36"
"08/09/2024 15:00:00 - 08/09/2024 16:00:00","Belgium (BE)","1783.68","1485.40","1673.10","1278.07"
"08/09/2024 16:00:00 - 08/09/2024 17:00:00","Belgium (BE)","1758.13","1365.13","1694.60","1429.76"
"08/09/2024 17:00:00 - 08/09/2024 18:00:00","Belgium (BE)","1713.23","1237.83","1662.18","1494.54"
"08/09/2024 18:00:00 - 08/09/2024 19:00:00","Belgium (BE)","1595.40","1074.03","1551.10","1251.38"
"08/09/2024 19:00:00 - 08/09/2024 20:00:00","Belgium (BE)","1392.88","888.90","1389.35","831.71"
"08/09/2024 20:00:00 - 08/09/2024 21:00:00","Belgium (BE)","1187.03","780.90","1168.98","508.57"
"08/09/2024 21:00:00 - 08/09/2024 22:00:00","Belgium (BE)","982.33","745.35","952.55","344.61"
"08/09/2024 22:00:00 - 08/09/2024 23:00:00","Belgium (BE)","874.00","750.20","656.65","181.70"
"08/09/2024 23:00:00 - 09/09/2024 00:00:00","Belgium (BE)","785.85","720.18","429.10","23.27"
"09/09/2024 00:00:00 - 09/09/2024 01:00:00","Belgium (BE)","300.85","105.40","105.40"," "
"09/09/2024 01:00:00 - 09/09/2024 02:00:00","Belgium (BE)","216.58","75.10","75.10"," "
"09/09/2024 02:00:00 - 09/09/2024 03:00:00","Belgium (BE)","141.48","40.13","40.13"," "
"09/09/2024 03:00:00 - 09/09/2024 04:00:00","Belgium (BE)","108.48","34.88","34.88"," "
"09/09/2024 04:00:00 - 09/09/2024 05:00:00","Belgium (BE)","117.38","65.98","65.98","54.90"
"09/09/2024 05:00:00 - 09/09/2024 06:00:00","Belgium (BE)","158.85","121.00","121.00","262.47"
"09/09/2024 06:00:00 - 09/09/2024 07:00:00","Belgium (BE)","211.83","179.70","179.70","204.54"
"09/09/2024 07:00:00 - 09/09/2024 08:00:00","Belgium (BE)","292.70","246.08","246.08","237.53"
"09/09/2024 08:00:00 - 09/09/2024 09:00:00","Belgium (BE)","408.35","323.60","341.60","443.64"
"09/09/2024 09:00:00 - 09/09/2024 10:00:00","Belgium (BE)","546.40","399.70","382.53","463.78"
"09/09/2024 10:00:00 - 09/09/2024 11:00:00","Belgium (BE)","679.33","466.93","408.53","517.34"
"09/09/2024 11:00:00 - 09/09/2024 12:00:00","Belgium (BE)","771.40","551.20","462.78","414.59"
"09/09/2024 12:00:00 - 09/09/2024 13:00:00","Belgium (BE)","890.68","720.25","600.70","528.65"
"09/09/2024 13:00:00 - 09/09/2024 14:00:00","Belgium (BE)","1024.03","1027.08","863.80","820.13"
"09/09/2024 14:00:00 - 09/09/2024 15:00:00","Belgium (BE)","1176.38","1388.28","1266.60","1244.26"
"09/09/2024 15:00:00 - 09/09/2024 16:00:00","Belgium (BE)","1298.85","1665.40","1581.98","1752.78"
"09/09/2024 16:00:00 - 09/09/2024 17:00:00","Belgium (BE)","1414.90","1842.03","1751.40","1821.41"
"09/09/2024 17:00:00 - 09/09/2024 18:00:00","Belgium (BE)","1539.23","1865.83","1746.90","1703.34"
"09/09/2024 18:00:00 - 09/09/2024 19:00:00","Belgium (BE)","1512.43","1735.58","1545.53","1472.00"
"09/09/2024 19:00:00 - 09/09/2024 20:00:00","Belgium (BE)","1246.78","1438.80","1215.33","866.03"
"09/09/2024 20:00:00 - 09/09/2024 21:00:00","Belgium (BE)","881.75","1062.38","848.50","544.59"
"09/09/2024 21:00:00 - 09/09/2024 22:00:00","Belgium (BE)","617.95","751.75","582.15","132.58"
"09/09/2024 22:00:00 - 09/09/2024 23:00:00","Belgium (BE)","583.98","640.88","523.48","328.16"
"09/09/2024 23:00:00 - 10/09/2024 00:00:00","Belgium (BE)","659.70","724.33","640.93","801.03"
"10/09/2024 00:00:00 - 10/09/2024 01:00:00","Belgium (BE)","756.98","908.60","908.60","786.79"
"10/09/2024 01:00:00 - 10/09/2024 02:00:00","Belgium (BE)","833.85","882.88","882.88","902.46"
"10/09/2024 02:00:00 - 10/09/2024 03:00:00","Belgium (BE)","988.00","884.73","884.73","1339.92"
"10/09/2024 03:00:00 - 10/09/2024 04:00:00","Belgium (BE)","1115.15","1000.05","1000.05","1122.97"
"10/09/2024 04:00:00 - 10/09/2024 05:00:00","Belgium (BE)","1194.60","1091.80","1091.80","941.01"
"10/09/2024 05:00:00 - 10/09/2024 06:00:00","Belgium (BE)","1295.20","1148.35","1148.35","868.75"
"10/09/2024 06:00:00 - 10/09/2024 07:00:00","Belgium (BE)","1380.13","1313.25","1313.25","1324.47"
"10/09/2024 07:00:00 - 10/09/2024 08:00:00","Belgium (BE)","1493.95","1566.53","1566.53","1614.32"
"10/09/2024 08:00:00 - 10/09/2024 09:00:00","Belgium (BE)","1731.80","1801.50","1780.53","1774.93"
"10/09/2024 09:00:00 - 10/09/2024 10:00:00","Belgium (BE)","1937.18","1973.58","1965.55","1950.69"
"10/09/2024 10:00:00 - 10/09/2024 11:00:00","Belgium (BE)","2026.30","2052.33","2071.80","1902.59"
"10/09/2024 11:00:00 - 10/09/2024 12:00:00","Belgium (BE)","2059.53","2071.65","2094.40","2054.86"
"10/09/2024 12:00:00 - 10/09/2024 13:00:00","Belgium (BE)","2076.05","2079.00","2096.90","2014.49"
"10/09/2024 13:00:00 - 10/09/2024 14:00:00","Belgium (BE)","2085.25","2085.55","2099.05","2041.17"
"10/09/2024 14:00:00 - 10/09/2024 15:00:00","Belgium (BE)","2088.53","2092.15","2108.85","2083.91"
"10/09/2024 15:00:00 - 10/09/2024 16:00:00","Belgium (BE)","2090.85","2098.58","2100.70","2021.63"
"10/09/2024 16:00:00 - 10/09/2024 17:00:00","Belgium (BE)","2090.63","2093.60","2082.85","1927.48"
"10/09/2024 17:00:00 - 10/09/2024 18:00:00","Belgium (BE)","2071.43","2069.98","2049.78","2094.25"
"10/09/2024 18:00:00 - 10/09/2024 19:00:00","Belgium (BE)","2015.63","2015.55","2018.90","2102.46"
"10/09/2024 19:00:00 - 10/09/2024 20:00:00","Belgium (BE)","1904.53","1878.28","1990.78","2096.20"
"10/09/2024 20:00:00 - 10/09/2024 21:00:00","Belgium (BE)","1744.13","1658.95","1942.98","2076.09"
"10/09/2024 21:00:00 - 10/09/2024 22:00:00","Belgium (BE)","1539.83","1398.70","1792.40","2049.09"
"10/09/2024 22:00:00 - 10/09/2024 23:00:00","Belgium (BE)","1338.65","1114.53","1491.65","1904.47"
"10/09/2024 23:00:00 - 11/09/2024 00:00:00","Belgium (BE)","1199.48","953.83","1218.08","1568.58"
"11/09/2024 00:00:00 - 11/09/2024 01:00:00","Belgium (BE)","1065.30","1306.88","1306.88","816.36"
"11/09/2024 01:00:00 - 11/09/2024 02:00:00","Belgium (BE)","1110.40","1391.63","1391.63","736.77"
"11/09/2024 02:00:00 - 11/09/2024 03:00:00","Belgium (BE)","1362.45","1472.18","1472.18","1441.55"
"11/09/2024 03:00:00 - 11/09/2024 04:00:00","Belgium (BE)","1560.05","1649.73","1649.73","1583.30"
"11/09/2024 04:00:00 - 11/09/2024 05:00:00","Belgium (BE)","1644.13","1731.78","1731.78","1716.90"
"11/09/2024 05:00:00 - 11/09/2024 06:00:00","Belgium (BE)","1679.75","1768.70","1768.70","1689.76"
"11/09/2024 06:00:00 - 11/09/2024 07:00:00","Belgium (BE)","1722.15","1813.45","1813.45","1704.30"
"11/09/2024 07:00:00 - 11/09/2024 08:00:00","Belgium (BE)","1804.25","1872.18","1872.18","1854.72"
"11/09/2024 08:00:00 - 11/09/2024 09:00:00","Belgium (BE)","1887.83","1911.98","1944.13","1926.92"
"11/09/2024 09:00:00 - 11/09/2024 10:00:00","Belgium (BE)","1925.53","1920.75","1938.45","1943.43"
"11/09/2024 10:00:00 - 11/09/2024 11:00:00","Belgium (BE)","1904.05","1906.18","1907.15","1863.76"
"11/09/2024 11:00:00 - 11/09/2024 12:00:00","Belgium (BE)","1847.53","1875.23","1877.85","1824.35"
"11/09/2024 12:00:00 - 11/09/2024 13:00:00","Belgium (BE)","1786.35","1845.28","1847.20","1584.79"
"11/09/2024 13:00:00 - 11/09/2024 14:00:00","Belgium (BE)","1723.35","1833.28","1819.65","1680.83"
"11/09/2024 14:00:00 - 11/09/2024 15:00:00","Belgium (BE)","1658.88","1821.20","1868.33","1469.47"
"11/09/2024 15:00:00 - 11/09/2024 16:00:00","Belgium (BE)","1598.95","1764.75","1794.88","1435.91"
"11/09/2024 16:00:00 - 11/09/2024 17:00:00","Belgium (BE)","1581.30","1689.15","1684.83","1765.98"
"11/09/2024 17:00:00 - 11/09/2024 18:00:00","Belgium (BE)","1625.80","1619.40","1573.93","1763.34"
"11/09/2024 18:00:00 - 11/09/2024 19:00:00","Belgium (BE)","1618.30","1651.25","1482.98","1806.10"
"11/09/2024 19:00:00 - 11/09/2024 20:00:00","Belgium (BE)","1457.20","1636.30","1383.08","1938.54"
"11/09/2024 20:00:00 - 11/09/2024 21:00:00","Belgium (BE)","1157.73","1448.90","1168.53","1815.39"
"11/09/2024 21:00:00 - 11/09/2024 22:00:00","Belgium (BE)","873.40","1183.18","917.40","1733.31"
"11/09/2024 22:00:00 - 11/09/2024 23:00:00","Belgium (BE)","707.00","938.75","781.05","1459.59"
"11/09/2024 23:00:00 - 12/09/2024 00:00:00","Belgium (BE)","616.38","804.03","719.70","1340.31"
"12/09/2024 00:00:00 - 12/09/2024 01:00:00","Belgium (BE)","654.35","559.63","559.63","1131.02"
"12/09/2024 01:00:00 - 12/09/2024 02:00:00","Belgium (BE)","618.03","506.90","506.90","1025.89"
"12/09/2024 02:00:00 - 12/09/2024 03:00:00","Belgium (BE)","644.00","469.55","469.55","1133.37"
"12/09/2024 03:00:00 - 12/09/2024 04:00:00","Belgium (BE)","714.10","452.50","452.50","1008.74"
"12/09/2024 04:00:00 - 12/09/2024 05:00:00","Belgium (BE)","735.48","443.65","443.65","553.76"
"12/09/2024 05:00:00 - 12/09/2024 06:00:00","Belgium (BE)","678.75","419.28","419.28","491.71"
"12/09/2024 06:00:00 - 12/09/2024 07:00:00","Belgium (BE)","623.83","419.70","419.70","497.70"
"12/09/2024 07:00:00 - 12/09/2024 08:00:00","Belgium (BE)","577.68","427.48","427.48","630.84"
"12/09/2024 08:00:00 - 12/09/2024 09:00:00","Belgium (BE)","525.28","423.98","438.00","667.00"
"12/09/2024 09:00:00 - 12/09/2024 10:00:00","Belgium (BE)","490.50","405.25","398.23","720.43"
"12/09/2024 10:00:00 - 12/09/2024 11:00:00","Belgium (BE)","484.55","392.65","380.70","659.09"
"12/09/2024 11:00:00 - 12/09/2024 12:00:00","Belgium (BE)","466.00","383.18","309.63","637.41"
"12/09/2024 12:00:00 - 12/09/2024 13:00:00","Belgium (BE)","435.70","376.18","304.95","509.21"
"12/09/2024 13:00:00 - 12/09/2024 14:00:00","Belgium (BE)","416.98","356.95","292.80","363.85"
"12/09/2024 14:00:00 - 12/09/2024 15:00:00","Belgium (BE)","440.45","360.10","309.68","251.64"
"12/09/2024 15:00:00 - 12/09/2024 16:00:00","Belgium (BE)","518.53","421.90","353.10","394.41"
"12/09/2024 16:00:00 - 12/09/2024 17:00:00","Belgium (BE)","639.30","526.88","414.03","736.92"
"12/09/2024 17:00:00 - 12/09/2024 18:00:00","Belgium (BE)","790.90","673.43","526.03","488.43"
"12/09/2024 18:00:00 - 12/09/2024 19:00:00","Belgium (BE)","896.88","787.43","613.48","1163.01"
"12/09/2024 19:00:00 - 12/09/2024 20:00:00","Belgium (BE)","930.70","810.63","683.48","1144.51"
"12/09/2024 20:00:00 - 12/09/2024 21:00:00","Belgium (BE)","970.28","792.93","727.10","1092.47"
"12/09/2024 21:00:00 - 12/09/2024 22:00:00","Belgium (BE)","1025.23","734.75","747.50","821.67"
"12/09/2024 22:00:00 - 12/09/2024 23:00:00","Belgium (BE)","1035.05","719.15","710.70","1443.31"
"12/09/2024 23:00:00 - 13/09/2024 00:00:00","Belgium (BE)","996.43","699.38","625.83","1055.13"
"13/09/2024 00:00:00 - 13/09/2024 01:00:00","Belgium (BE)","586.53","707.50","707.50","1240.48"
"13/09/2024 01:00:00 - 13/09/2024 02:00:00","Belgium (BE)","556.25","629.40","629.40","1068.78"
"13/09/2024 02:00:00 - 13/09/2024 03:00:00","Belgium (BE)","525.20","637.98","637.98","1099.80"
"13/09/2024 03:00:00 - 13/09/2024 04:00:00","Belgium (BE)","501.95","622.38","622.38","657.22"
"13/09/2024 04:00:00 - 13/09/2024 05:00:00","Belgium (BE)","486.35","635.00","635.00","400.54"
"13/09/2024 05:00:00 - 13/09/2024 06:00:00","Belgium (BE)","489.65","627.03","627.03","574.67"
"13/09/2024 06:00:00 - 13/09/2024 07:00:00","Belgium (BE)","535.65","617.78","617.78","513.71"
"13/09/2024 07:00:00 - 13/09/2024 08:00:00","Belgium (BE)","632.83","652.13","652.13","498.75"
"13/09/2024 08:00:00 - 13/09/2024 09:00:00","Belgium (BE)","741.50","668.50","626.95","794.80"
"13/09/2024 09:00:00 - 13/09/2024 10:00:00","Belgium (BE)","765.60","643.63","590.45","696.93"
"13/09/2024 10:00:00 - 13/09/2024 11:00:00","Belgium (BE)","746.73","552.28","560.45","754.22"
"13/09/2024 11:00:00 - 13/09/2024 12:00:00","Belgium (BE)","697.05","481.88","516.48","666.36"
"13/09/2024 12:00:00 - 13/09/2024 13:00:00","Belgium (BE)","642.75","451.70","443.55","684.63"
"13/09/2024 13:00:00 - 13/09/2024 14:00:00","Belgium (BE)","572.93","435.75","398.95","558.58"
"13/09/2024 14:00:00 - 13/09/2024 15:00:00","Belgium (BE)","508.90","431.13","382.80","525.51"
"13/09/2024 15:00:00 - 13/09/2024 16:00:00","Belgium (BE)","469.53","427.68","339.58","595.72"
"13/09/2024 16:00:00 - 13/09/2024 17:00:00","Belgium (BE)","454.35","418.48","409.75","489.32"
"13/09/2024 17:00:00 - 13/09/2024 18:00:00","Belgium (BE)","437.65","407.13","413.85","332.24"
"13/09/2024 18:00:00 - 13/09/2024 19:00:00","Belgium (BE)","396.25","371.20","337.95","252.83"
"13/09/2024 19:00:00 - 13/09/2024 20:00:00","Belgium (BE)","340.93","318.18","256.03","255.61"
"13/09/2024 20:00:00 - 13/09/2024 21:00:00","Belgium (BE)","286.20","263.28","195.80","200.98"
"13/09/2024 21:00:00 - 13/09/2024 22:00:00","Belgium (BE)","250.35","215.05","167.68","190.43"
"13/09/2024 22:00:00 - 13/09/2024 23:00:00","Belgium (BE)","226.83","172.13","118.43","82.78"
"13/09/2024 23:00:00 - 14/09/2024 00:00:00","Belgium (BE)","207.58","133.08","82.13","83.06"
"14/09/2024 00:00:00 - 14/09/2024 01:00:00","Belgium (BE)","52.23","52.43","52.43","81.84"
"14/09/2024 01:00:00 - 14/09/2024 02:00:00","Belgium (BE)","37.95","50.80","50.80","23.57"
"14/09/2024 02:00:00 - 14/09/2024 03:00:00","Belgium (BE)","27.70","49.63","49.63"," "
"14/09/2024 03:00:00 - 14/09/2024 04:00:00","Belgium (BE)","17.58","20.23","20.23"," "
"14/09/2024 04:00:00 - 14/09/2024 05:00:00","Belgium (BE)","13.28","17.43","17.43"," "
"14/09/2024 05:00:00 - 14/09/2024 06:00:00","Belgium (BE)","9.70","10.85","10.85"," "
"14/09/2024 06:00:00 - 14/09/2024 07:00:00","Belgium (BE)","7.83","12.73","12.73"," "
"14/09/2024 07:00:00 - 14/09/2024 08:00:00","Belgium (BE)","7.05","11.10","11.10"," "
"14/09/2024 08:00:00 - 14/09/2024 09:00:00","Belgium (BE)","7.73","11.73","10.25"," "
"14/09/2024 09:00:00 - 14/09/2024 10:00:00","Belgium (BE)","9.83","12.50","12.58"," "
"14/09/2024 10:00:00 - 14/09/2024 11:00:00","Belgium (BE)","13.95","15.25","26.60"," "
"14/09/2024 11:00:00 - 14/09/2024 12:00:00","Belgium (BE)","20.73","25.00","44.45","17.15"
"14/09/2024 12:00:00 - 14/09/2024 13:00:00","Belgium (BE)","34.53","44.18","70.78","109.51"
"14/09/2024 13:00:00 - 14/09/2024 14:00:00","Belgium (BE)","54.65","62.58","73.43","109.24"
"14/09/2024 14:00:00 - 14/09/2024 15:00:00","Belgium (BE)","69.25","72.90","101.75","138.05"
"14/09/2024 15:00:00 - 14/09/2024 16:00:00","Belgium (BE)","67.30","70.05","79.18","138.09"
"14/09/2024 16:00:00 - 14/09/2024 17:00:00","Belgium (BE)","54.40","60.10","68.63","73.81"
"14/09/2024 17:00:00 - 14/09/2024 18:00:00","Belgium (BE)","40.75","50.40","100.48","47.43"
"14/09/2024 18:00:00 - 14/09/2024 19:00:00","Belgium (BE)","29.35","47.10","81.58","85.57"
"14/09/2024 19:00:00 - 14/09/2024 20:00:00","Belgium (BE)","25.53","51.98","55.60","87.57"
"14/09/2024 20:00:00 - 14/09/2024 21:00:00","Belgium (BE)","28.80","62.13","86.65","80.50"
"14/09/2024 21:00:00 - 14/09/2024 22:00:00","Belgium (BE)","38.43","81.80","117.98","132.02"
"14/09/2024 22:00:00 - 14/09/2024 23:00:00","Belgium (BE)","53.13","111.85","146.73","222.15"
"14/09/2024 23:00:00 - 15/09/2024 00:00:00","Belgium (BE)","67.33","147.18","186.00","365.55"
"15/09/2024 00:00:00 - 15/09/2024 01:00:00","Belgium (BE)","211.83","234.43","234.43","506.97"
"15/09/2024 01:00:00 - 15/09/2024 02:00:00","Belgium (BE)","216.38","287.30","287.30","431.25"
"15/09/2024 02:00:00 - 15/09/2024 03:00:00","Belgium (BE)","192.08","304.13","304.13","351.01"
"15/09/2024 03:00:00 - 15/09/2024 04:00:00","Belgium (BE)","148.10","230.88","230.88","230.65"
"15/09/2024 04:00:00 - 15/09/2024 05:00:00","Belgium (BE)","105.65","152.73","152.73","135.03"
"15/09/2024 05:00:00 - 15/09/2024 06:00:00","Belgium (BE)","76.18","120.85","120.85","83.61"
"15/09/2024 06:00:00 - 15/09/2024 07:00:00","Belgium (BE)","60.33","74.98","74.98","45.58"
"15/09/2024 07:00:00 - 15/09/2024 08:00:00","Belgium (BE)","59.38","67.98","67.98","41.05"
"15/09/2024 08:00:00 - 15/09/2024 09:00:00","Belgium (BE)","70.45","76.75","71.23","85.08"
"15/09/2024 09:00:00 - 15/09/2024 10:00:00","Belgium (BE)","90.50","95.75","91.63","109.96"
"15/09/2024 10:00:00 - 15/09/2024 11:00:00","Belgium (BE)","111.73","120.43","118.88","235.36"
"15/09/2024 11:00:00 - 15/09/2024 12:00:00","Belgium (BE)","128.60","146.75","161.75","321.51"
"15/09/2024 12:00:00 - 15/09/2024 13:00:00","Belgium (BE)","147.23","171.35","175.95","337.47"
"15/09/2024 13:00:00 - 15/09/2024 14:00:00","Belgium (BE)","171.00","193.48","282.63","332.26"
"15/09/2024 14:00:00 - 15/09/2024 15:00:00","Belgium (BE)","187.10","208.23","293.30","318.90"
"15/09/2024 15:00:00 - 15/09/2024 16:00:00","Belgium (BE)","195.20","224.73","292.98","203.43"
"15/09/2024 16:00:00 - 15/09/2024 17:00:00","Belgium (BE)","203.80","248.50","298.70","220.53"
"15/09/2024 17:00:00 - 15/09/2024 18:00:00","Belgium (BE)","227.38","281.15","229.30","208.53"
"15/09/2024 18:00:00 - 15/09/2024 19:00:00","Belgium (BE)","269.13","322.98","272.48","369.56"
"15/09/2024 19:00:00 - 15/09/2024 20:00:00","Belgium (BE)","309.60","349.70","275.00","388.90"
"15/09/2024 20:00:00 - 15/09/2024 21:00:00","Belgium (BE)","330.58","327.43","377.38","458.92"
"15/09/2024 21:00:00 - 15/09/2024 22:00:00","Belgium (BE)","333.50","253.50","379.58","510.68"
"15/09/2024 22:00:00 - 15/09/2024 23:00:00","Belgium (BE)","275.70","164.65","318.00","413.14"
"15/09/2024 23:00:00 - 16/09/2024 00:00:00","Belgium (BE)","215.60","117.25","252.93","372.93"
"16/09/2024 00:00:00 - 16/09/2024 01:00:00","Belgium (BE)","187.38","208.80","208.80","225.04"
"16/09/2024 01:00:00 - 16/09/2024 02:00:00","Belgium (BE)","134.78","203.05","203.05","190.72"
"16/09/2024 02:00:00 - 16/09/2024 03:00:00","Belgium (BE)","96.95","158.48","158.48","179.72"
"16/09/2024 03:00:00 - 16/09/2024 04:00:00","Belgium (BE)","79.98","155.13","155.13","110.01"
"16/09/2024 04:00:00 - 16/09/2024 05:00:00","Belgium (BE)","80.20","145.93","145.93","78.00"
"16/09/2024 05:00:00 - 16/09/2024 06:00:00","Belgium (BE)","94.98","132.55","132.55","97.84"
"16/09/2024 06:00:00 - 16/09/2024 07:00:00","Belgium (BE)","127.63","167.78","167.78","125.47"
"16/09/2024 07:00:00 - 16/09/2024 08:00:00","Belgium (BE)","183.75","220.13","220.13","163.17"
"16/09/2024 08:00:00 - 16/09/2024 09:00:00","Belgium (BE)","254.13","317.78","317.78","365.99"
"16/09/2024 09:00:00 - 16/09/2024 10:00:00","Belgium (BE)","334.75","441.78","446.23","525.00"
"16/09/2024 10:00:00 - 16/09/2024 11:00:00","Belgium (BE)","421.50","599.38","632.33","576.29"
"16/09/2024 11:00:00 - 16/09/2024 12:00:00","Belgium (BE)","532.23","766.18","761.50","695.48"
"16/09/2024 12:00:00 - 16/09/2024 13:00:00","Belgium (BE)","659.90","873.60","780.23","684.41"
"16/09/2024 13:00:00 - 16/09/2024 14:00:00","Belgium (BE)","760.15","948.45","808.20","637.49"
"16/09/2024 14:00:00 - 16/09/2024 15:00:00","Belgium (BE)","820.40","971.00","795.23","606.30"
"16/09/2024 15:00:00 - 16/09/2024 16:00:00","Belgium (BE)","866.68","986.15","821.33","696.52"
"16/09/2024 16:00:00 - 16/09/2024 17:00:00","Belgium (BE)","942.23","1058.23","950.80","808.31"
"16/09/2024 17:00:00 - 16/09/2024 18:00:00","Belgium (BE)","1060.98","1143.83","1117.63","829.31"
"16/09/2024 18:00:00 - 16/09/2024 19:00:00","Belgium (BE)","1186.35","1191.38","1207.75","984.01"
"16/09/2024 19:00:00 - 16/09/2024 20:00:00","Belgium (BE)","1285.58","1206.73","1130.53","1051.82"
"16/09/2024 20:00:00 - 16/09/2024 21:00:00","Belgium (BE)","1348.75","1213.18","1158.30","1148.17"
"16/09/2024 21:00:00 - 16/09/2024 22:00:00","Belgium (BE)","1365.48","1224.00","1147.75","1228.10"
"16/09/2024 22:00:00 - 16/09/2024 23:00:00","Belgium (BE)","1333.23","1211.90","1138.00","1118.61"
"16/09/2024 23:00:00 - 17/09/2024 00:00:00","Belgium (BE)","1287.18","1166.63","1108.23","1028.99"
"17/09/2024 00:00:00 - 17/09/2024 01:00:00","Belgium (BE)","1069.50","983.68","983.68","880.13"
"17/09/2024 01:00:00 - 17/09/2024 02:00:00","Belgium (BE)","1016.50","933.20","933.20","682.28"
"17/09/2024 02:00:00 - 17/09/2024 03:00:00","Belgium (BE)","968.35","894.50","894.50","594.35"
"17/09/2024 03:00:00 - 17/09/2024 04:00:00","Belgium (BE)","930.45","913.58","913.58","616.63"
"17/09/2024 04:00:00 - 17/09/2024 05:00:00","Belgium (BE)","943.68","922.03","922.03","670.47"
"17/09/2024 05:00:00 - 17/09/2024 06:00:00","Belgium (BE)","982.50","890.70","890.70","663.58"
"17/09/2024 06:00:00 - 17/09/2024 07:00:00","Belgium (BE)","1042.50","923.68","923.68","666.50"
"17/09/2024 07:00:00 - 17/09/2024 08:00:00","Belgium (BE)","1126.28","1019.30","1019.30","948.94"
"17/09/2024 08:00:00 - 17/09/2024 09:00:00","Belgium (BE)","1196.45","1139.65","787.90","902.77"
"17/09/2024 09:00:00 - 17/09/2024 10:00:00","Belgium (BE)","1263.58","1224.13","947.83","1055.84"
"17/09/2024 10:00:00 - 17/09/2024 11:00:00","Belgium (BE)","1349.35","1275.18","1126.40","1133.82"
"17/09/2024 11:00:00 - 17/09/2024 12:00:00","Belgium (BE)","1452.03","1309.55","1293.25","1153.29"
"17/09/2024 12:00:00 - 17/09/2024 13:00:00","Belgium (BE)","1534.58","1389.45","1407.70","1110.83"
"17/09/2024 13:00:00 - 17/09/2024 14:00:00","Belgium (BE)","1581.33","1496.05","1396.40","1289.00"
"17/09/2024 14:00:00 - 17/09/2024 15:00:00","Belgium (BE)","1639.58","1625.15","1364.68","1294.37"
"17/09/2024 15:00:00 - 17/09/2024 16:00:00","Belgium (BE)","1735.23","1738.35","1465.48","1435.41"
"17/09/2024 16:00:00 - 17/09/2024 17:00:00","Belgium (BE)","1821.93","1807.18","1583.05","1456.82"
"17/09/2024 17:00:00 - 17/09/2024 18:00:00","Belgium (BE)","1885.93","1853.40","1750.10","1575.91"
"17/09/2024 18:00:00 - 17/09/2024 19:00:00","Belgium (BE)","1938.38","1889.48","1855.33","1672.77"
"17/09/2024 19:00:00 - 17/09/2024 20:00:00","Belgium (BE)","1958.18","1910.35","1858.18","1717.10"
"17/09/2024 20:00:00 - 17/09/2024 21:00:00","Belgium (BE)","1928.75","1899.13","1801.55","1733.52"
"17/09/2024 21:00:00 - 17/09/2024 22:00:00","Belgium (BE)","1873.55","1833.15","1745.23","1688.45"
"17/09/2024 22:00:00 - 17/09/2024 23:00:00","Belgium (BE)","1806.30","1705.83","1658.43","1640.12"
"17/09/2024 23:00:00 - 18/09/2024 00:00:00","Belgium (BE)","1726.38","1551.73","1531.73","1350.66"
"18/09/2024 00:00:00 - 18/09/2024 01:00:00","Belgium (BE)","1302.30","1203.23","1203.23","1004.59"
"18/09/2024 01:00:00 - 18/09/2024 02:00:00","Belgium (BE)","1150.73","1095.73","1095.73","842.09"
"18/09/2024 02:00:00 - 18/09/2024 03:00:00","Belgium (BE)","1148.25","907.68","907.68","645.94"
"18/09/2024 03:00:00 - 18/09/2024 04:00:00","Belgium (BE)","1170.70","856.15","856.15","569.99"
"18/09/2024 04:00:00 - 18/09/2024 05:00:00","Belgium (BE)","1183.18","928.58","928.58","567.14"
"18/09/2024 05:00:00 - 18/09/2024 06:00:00","Belgium (BE)","1193.68","882.95","882.95","636.63"
"18/09/2024 06:00:00 - 18/09/2024 07:00:00","Belgium (BE)","1244.98","934.08","934.08","663.75"
"18/09/2024 07:00:00 - 18/09/2024 08:00:00","Belgium (BE)","1330.65","1052.83","1052.83","632.28"
"18/09/2024 08:00:00 - 18/09/2024 09:00:00","Belgium (BE)","1348.00","1084.75","932.10","732.11"
"18/09/2024 09:00:00 - 18/09/2024 10:00:00","Belgium (BE)","1289.93","1073.00","862.23","708.24"
"18/09/2024 10:00:00 - 18/09/2024 11:00:00","Belgium (BE)","1215.50","1063.68","914.03","718.47"
"18/09/2024 11:00:00 - 18/09/2024 12:00:00","Belgium (BE)","1155.20","1067.40","859.40","859.03"
"18/09/2024 12:00:00 - 18/09/2024 13:00:00","Belgium (BE)","1136.20","1065.65","926.85","659.52"
"18/09/2024 13:00:00 - 18/09/2024 14:00:00","Belgium (BE)","1186.00","1040.28","991.50","635.53"
"18/09/2024 14:00:00 - 18/09/2024 15:00:00","Belgium (BE)","1290.50","1067.88","996.55","573.07"
"18/09/2024 15:00:00 - 18/09/2024 16:00:00","Belgium (BE)","1462.03","1186.10","1109.33","555.38"
"18/09/2024 16:00:00 - 18/09/2024 17:00:00","Belgium (BE)","1654.50","1377.95","1185.33","586.85"
"18/09/2024 17:00:00 - 18/09/2024 18:00:00","Belgium (BE)","1733.85","1524.53","1279.63","774.70"
"18/09/2024 18:00:00 - 18/09/2024 19:00:00","Belgium (BE)","1799.18","1633.80","1368.00","995.36"
"18/09/2024 19:00:00 - 18/09/2024 20:00:00","Belgium (BE)","1922.25","1717.75","1456.35","1411.82"
"18/09/2024 20:00:00 - 18/09/2024 21:00:00","Belgium (BE)","1922.13","1764.88","1530.05","1692.20"
"18/09/2024 21:00:00 - 18/09/2024 22:00:00","Belgium (BE)","1850.63","1776.25","1690.28","1706.39"
"18/09/2024 22:00:00 - 18/09/2024 23:00:00","Belgium (BE)","1847.23","1766.98","1717.73","1723.96"
"18/09/2024 23:00:00 - 19/09/2024 00:00:00","Belgium (BE)","1842.55","1726.35","1690.68","1639.80"
"19/09/2024 00:00:00 - 19/09/2024 01:00:00","Belgium (BE)","1589.90","1564.28","1564.28","1637.82"
"19/09/2024 01:00:00 - 19/09/2024 02:00:00","Belgium (BE)","1414.28","1460.80","1460.80","1176.26"
"19/09/2024 02:00:00 - 19/09/2024 03:00:00","Belgium (BE)","1211.53","1391.73","1391.73","812.27"
"19/09/2024 03:00:00 - 19/09/2024 04:00:00","Belgium (BE)","1070.55","990.73","990.73","667.00"
"19/09/2024 04:00:00 - 19/09/2024 05:00:00","Belgium (BE)","995.65","818.40","818.40","611.17"
"19/09/2024 05:00:00 - 19/09/2024 06:00:00","Belgium (BE)","911.75","769.58","769.58","547.17"
"19/09/2024 06:00:00 - 19/09/2024 07:00:00","Belgium (BE)","821.65","731.13","731.13","543.45"
"19/09/2024 07:00:00 - 19/09/2024 08:00:00","Belgium (BE)","768.30","753.70","753.70","443.02"
"19/09/2024 08:00:00 - 19/09/2024 09:00:00","Belgium (BE)","761.08","770.93","688.20","418.52"
"19/09/2024 09:00:00 - 19/09/2024 10:00:00","Belgium (BE)","783.00","803.78","662.30","457.76"
"19/09/2024 10:00:00 - 19/09/2024 11:00:00","Belgium (BE)","785.40","833.28","647.25","652.29"
"19/09/2024 11:00:00 - 19/09/2024 12:00:00","Belgium (BE)","803.95","868.33","717.03","547.08"
"19/09/2024 12:00:00 - 19/09/2024 13:00:00","Belgium (BE)","839.15","916.65","858.95","426.69"
"19/09/2024 13:00:00 - 19/09/2024 14:00:00","Belgium (BE)","869.38","954.55","876.40","385.00"
"19/09/2024 14:00:00 - 19/09/2024 15:00:00","Belgium (BE)","925.78","1014.63","1034.58","572.39"
"19/09/2024 15:00:00 - 19/09/2024 16:00:00","Belgium (BE)","1028.25","1101.35","945.65","704.27"
"19/09/2024 16:00:00 - 19/09/2024 17:00:00","Belgium (BE)","1165.25","1203.33","1146.33","655.80"
"19/09/2024 17:00:00 - 19/09/2024 18:00:00","Belgium (BE)","1303.78","1337.53","1169.05","688.04"
"19/09/2024 18:00:00 - 19/09/2024 19:00:00","Belgium (BE)","1403.65","1467.40","1269.43","809.75"
"19/09/2024 19:00:00 - 19/09/2024 20:00:00","Belgium (BE)","1446.45","1529.20","1065.65","1010.26"
"19/09/2024 20:00:00 - 19/09/2024 21:00:00","Belgium (BE)","1442.90","1510.90","1088.78","1212.09"
"19/09/2024 21:00:00 - 19/09/2024 22:00:00","Belgium (BE)","1408.30","1426.68","1121.75","1381.53"
"19/09/2024 22:00:00 - 19/09/2024 23:00:00","Belgium (BE)","1354.33","1304.48","1086.60","1298.32"
"19/09/2024 23:00:00 - 20/09/2024 00:00:00","Belgium (BE)","1282.68","1136.83","995.95","1227.61"
"20/09/2024 00:00:00 - 20/09/2024 01:00:00","Belgium (BE)","889.35","859.68","859.68","1002.86"
"20/09/2024 01:00:00 - 20/09/2024 02:00:00","Belgium (BE)","807.90","780.18","780.18","652.67"
"20/09/2024 02:00:00 - 20/09/2024 03:00:00","Belgium (BE)","746.38","715.88","715.88","477.91"
"20/09/2024 03:00:00 - 20/09/2024 04:00:00","Belgium (BE)","712.85","611.83","611.83","496.14"
"20/09/2024 04:00:00 - 20/09/2024 05:00:00","Belgium (BE)","705.40","635.20","635.20","368.54"
"20/09/2024 05:00:00 - 20/09/2024 06:00:00","Belgium (BE)","696.45","595.68","595.68","474.93"
"20/09/2024 06:00:00 - 20/09/2024 07:00:00","Belgium (BE)","695.23","634.48","634.48","556.44"
"20/09/2024 07:00:00 - 20/09/2024 08:00:00","Belgium (BE)","696.35","613.58","613.58","471.85"
"20/09/2024 08:00:00 - 20/09/2024 09:00:00","Belgium (BE)","674.75","648.05","648.05","514.57"
"20/09/2024 09:00:00 - 20/09/2024 10:00:00","Belgium (BE)","630.10","643.13","567.55","582.29"
"20/09/2024 10:00:00 - 20/09/2024 11:00:00","Belgium (BE)","562.28","601.60","594.15","552.47"
"20/09/2024 11:00:00 - 20/09/2024 12:00:00","Belgium (BE)","485.23","544.70","597.15","437.39"
"20/09/2024 12:00:00 - 20/09/2024 13:00:00","Belgium (BE)","441.23","504.73","593.43","454.04"
"20/09/2024 13:00:00 - 20/09/2024 14:00:00","Belgium (BE)","432.25","496.83","647.10","486.99"
"20/09/2024 14:00:00 - 20/09/2024 15:00:00","Belgium (BE)","456.60","538.98","692.88","568.29"
"20/09/2024 15:00:00 - 20/09/2024 16:00:00","Belgium (BE)","515.23","624.90","678.75","613.41"
"20/09/2024 16:00:00 - 20/09/2024 17:00:00","Belgium (BE)","593.85","710.43","758.65","669.70"
"20/09/2024 17:00:00 - 20/09/2024 18:00:00","Belgium (BE)","655.80","753.68","811.03","720.80"
"20/09/2024 18:00:00 - 20/09/2024 19:00:00","Belgium (BE)","693.80","753.18","825.15","648.46"
"20/09/2024 19:00:00 - 20/09/2024 20:00:00","Belgium (BE)","733.70","764.50","818.18","728.49"
"20/09/2024 20:00:00 - 20/09/2024 21:00:00","Belgium (BE)","766.70","780.13","802.58","799.13"
"20/09/2024 21:00:00 - 20/09/2024 22:00:00","Belgium (BE)","769.70","786.35","850.18","908.64"
"20/09/2024 22:00:00 - 20/09/2024 23:00:00","Belgium (BE)","741.18","763.53","811.50","881.14"
"20/09/2024 23:00:00 - 21/09/2024 00:00:00","Belgium (BE)","711.35","696.23","701.30","779.58"
"21/09/2024 00:00:00 - 21/09/2024 01:00:00","Belgium (BE)","575.23","697.00","697.00","609.50"
"21/09/2024 01:00:00 - 21/09/2024 02:00:00","Belgium (BE)","426.83","585.23","585.23","372.42"
"21/09/2024 02:00:00 - 21/09/2024 03:00:00","Belgium (BE)","285.23","386.73","386.73","204.12"
"21/09/2024 03:00:00 - 21/09/2024 04:00:00","Belgium (BE)","201.88","252.03","252.03","74.76"
"21/09/2024 04:00:00 - 21/09/2024 05:00:00","Belgium (BE)","160.70","111.20","111.20","33.93"
"21/09/2024 05:00:00 - 21/09/2024 06:00:00","Belgium (BE)","135.98","64.40","64.40","38.04"
"21/09/2024 06:00:00 - 21/09/2024 07:00:00","Belgium (BE)","116.78","51.85","51.85","6.16"
"21/09/2024 07:00:00 - 21/09/2024 08:00:00","Belgium (BE)","106.58","56.23","52.18","3.77"
"21/09/2024 08:00:00 - 21/09/2024 09:00:00","Belgium (BE)","100.43","54.55","50.08","9.93"
"21/09/2024 09:00:00 - 21/09/2024 10:00:00","Belgium (BE)","81.03","50.73","46.83","56.52"
"21/09/2024 10:00:00 - 21/09/2024 11:00:00","Belgium (BE)","59.35","45.73","50.28","51.81"
"21/09/2024 11:00:00 - 21/09/2024 12:00:00","Belgium (BE)","46.75","41.95","59.33","50.51"
"21/09/2024 12:00:00 - 21/09/2024 13:00:00","Belgium (BE)","42.03","39.58","49.28","48.09"
"21/09/2024 13:00:00 - 21/09/2024 14:00:00","Belgium (BE)","46.75","41.40","35.15","52.06"
"21/09/2024 14:00:00 - 21/09/2024 15:00:00","Belgium (BE)","60.65","50.30","47.83","17.47"
"21/09/2024 15:00:00 - 21/09/2024 16:00:00","Belgium (BE)","89.85","67.70","85.68","26.83"
"21/09/2024 16:00:00 - 21/09/2024 17:00:00","Belgium (BE)","131.73","91.88","127.35","63.80"
"21/09/2024 17:00:00 - 21/09/2024 18:00:00","Belgium (BE)","168.98","116.38","161.48","48.54"
"21/09/2024 18:00:00 - 21/09/2024 19:00:00","Belgium (BE)","194.73","140.95","226.05","59.10"
"21/09/2024 19:00:00 - 21/09/2024 20:00:00","Belgium (BE)","214.63","169.83","221.43","142.33"
"21/09/2024 20:00:00 - 21/09/2024 21:00:00","Belgium (BE)","247.25","197.23","234.00","193.90"
"21/09/2024 21:00:00 - 21/09/2024 22:00:00","Belgium (BE)","299.53","212.30","244.83","191.03"
"21/09/2024 22:00:00 - 21/09/2024 23:00:00","Belgium (BE)","352.68","217.68","259.23","265.01"
"21/09/2024 23:00:00 - 22/09/2024 00:00:00","Belgium (BE)","395.85","225.38","235.78","221.99"
"22/09/2024 00:00:00 - 22/09/2024 01:00:00","Belgium (BE)","234.65","223.78","223.78","211.11"
"22/09/2024 01:00:00 - 22/09/2024 02:00:00","Belgium (BE)","238.33","239.58","239.58","230.01"
"22/09/2024 02:00:00 - 22/09/2024 03:00:00","Belgium (BE)","254.10","295.93","295.93","238.90"
"22/09/2024 03:00:00 - 22/09/2024 04:00:00","Belgium (BE)","262.50","255.80","255.80","199.72"
"22/09/2024 04:00:00 - 22/09/2024 05:00:00","Belgium (BE)","255.00","205.20","205.20","161.78"
"22/09/2024 05:00:00 - 22/09/2024 06:00:00","Belgium (BE)","241.85","159.60","159.60","122.98"
"22/09/2024 06:00:00 - 22/09/2024 07:00:00","Belgium (BE)","204.63","129.73","129.73","128.80"
"22/09/2024 07:00:00 - 22/09/2024 08:00:00","Belgium (BE)","144.98","132.88","132.88","133.84"
"22/09/2024 08:00:00 - 22/09/2024 09:00:00","Belgium (BE)","112.43","125.60","126.10","128.37"
"22/09/2024 09:00:00 - 22/09/2024 10:00:00","Belgium (BE)","102.08","113.43","114.40","80.98"
"22/09/2024 10:00:00 - 22/09/2024 11:00:00","Belgium (BE)","73.63","81.93","88.43","29.85"
"22/09/2024 11:00:00 - 22/09/2024 12:00:00","Belgium (BE)","45.80","60.18","66.85","27.40"
"22/09/2024 12:00:00 - 22/09/2024 13:00:00","Belgium (BE)","33.80","61.90","46.50","13.11"
"22/09/2024 13:00:00 - 22/09/2024 14:00:00","Belgium (BE)","28.88","76.70","53.45","7.52"
"22/09/2024 14:00:00 - 22/09/2024 15:00:00","Belgium (BE)","34.75","96.63","52.00","10.44"
"22/09/2024 15:00:00 - 22/09/2024 16:00:00","Belgium (BE)","44.00","116.23","52.00","27.86"
"22/09/2024 16:00:00 - 22/09/2024 17:00:00","Belgium (BE)","58.18","147.90","63.48","22.34"
"22/09/2024 17:00:00 - 22/09/2024 18:00:00","Belgium (BE)","63.63","152.45","61.20","99.21"
"22/09/2024 18:00:00 - 22/09/2024 19:00:00","Belgium (BE)","65.75","130.58","80.98","201.02"
"22/09/2024 19:00:00 - 22/09/2024 20:00:00","Belgium (BE)","77.83","139.50","114.13","290.49"
"22/09/2024 20:00:00 - 22/09/2024 21:00:00","Belgium (BE)","84.18","182.78","191.83","276.16"
"22/09/2024 21:00:00 - 22/09/2024 22:00:00","Belgium (BE)","84.38","201.95","232.10","228.45"
"22/09/2024 22:00:00 - 22/09/2024 23:00:00","Belgium (BE)","97.43","224.53","193.10","265.69"
"22/09/2024 23:00:00 - 23/09/2024 00:00:00","Belgium (BE)","110.68","268.83","191.95","297.29"
"23/09/2024 00:00:00 - 23/09/2024 01:00:00","Belgium (BE)","162.68","146.08","146.08","576.95"
"23/09/2024 01:00:00 - 23/09/2024 02:00:00","Belgium (BE)","214.20","226.45","226.45","619.01"
"23/09/2024 02:00:00 - 23/09/2024 03:00:00","Belgium (BE)","269.83","521.33","521.33","548.60"
"23/09/2024 03:00:00 - 23/09/2024 04:00:00","Belgium (BE)","316.90","715.68","715.68","632.21"
"23/09/2024 04:00:00 - 23/09/2024 05:00:00","Belgium (BE)","353.70","684.65","684.65","684.10"
"23/09/2024 05:00:00 - 23/09/2024 06:00:00","Belgium (BE)","390.75","629.18","629.18","776.11"
"23/09/2024 06:00:00 - 23/09/2024 07:00:00","Belgium (BE)","429.85","612.48","612.48","989.80"
"23/09/2024 07:00:00 - 23/09/2024 08:00:00","Belgium (BE)","456.50","695.20","772.80","1124.58"
"23/09/2024 08:00:00 - 23/09/2024 09:00:00","Belgium (BE)","476.23","782.48","817.60","1200.97"
"23/09/2024 09:00:00 - 23/09/2024 10:00:00","Belgium (BE)","509.75","838.90","1115.55","1230.03"
"23/09/2024 10:00:00 - 23/09/2024 11:00:00","Belgium (BE)","573.50","897.60","1155.00","1194.40"
"23/09/2024 11:00:00 - 23/09/2024 12:00:00","Belgium (BE)","638.45","965.45","1195.03","1130.92"
"23/09/2024 12:00:00 - 23/09/2024 13:00:00","Belgium (BE)","715.53","1000.58","1140.33","1023.80"
"23/09/2024 13:00:00 - 23/09/2024 14:00:00","Belgium (BE)","764.60","1078.45","1084.33","893.28"
"23/09/2024 14:00:00 - 23/09/2024 15:00:00","Belgium (BE)","754.93","1208.98","955.65","802.55"
"23/09/2024 15:00:00 - 23/09/2024 16:00:00","Belgium (BE)","715.38","1258.63","836.88","607.02"
"23/09/2024 16:00:00 - 23/09/2024 17:00:00","Belgium (BE)","629.30","1216.73","758.28","611.03"
"23/09/2024 17:00:00 - 23/09/2024 18:00:00","Belgium (BE)","491.70","1122.55","529.30","631.94"
"23/09/2024 18:00:00 - 23/09/2024 19:00:00","Belgium (BE)","360.75","995.25","454.05","731.51"
"23/09/2024 19:00:00 - 23/09/2024 20:00:00","Belgium (BE)","263.90","816.18","434.38","647.44"
"23/09/2024 20:00:00 - 23/09/2024 21:00:00","Belgium (BE)","207.18","641.78","465.88","606.46"
"23/09/2024 21:00:00 - 23/09/2024 22:00:00","Belgium (BE)","185.10","526.35","464.48","471.55"
"23/09/2024 22:00:00 - 23/09/2024 23:00:00","Belgium (BE)","185.08","454.15","416.05","308.52"
"23/09/2024 23:00:00 - 24/09/2024 00:00:00","Belgium (BE)","189.85","408.98","378.28","274.57"
"24/09/2024 00:00:00 - 24/09/2024 01:00:00","Belgium (BE)","369.00","360.08","360.08","325.46"
"24/09/2024 01:00:00 - 24/09/2024 02:00:00","Belgium (BE)","413.98","395.68","395.68","298.12"
"24/09/2024 02:00:00 - 24/09/2024 03:00:00","Belgium (BE)","439.80","420.08","420.08","362.61"
"24/09/2024 03:00:00 - 24/09/2024 04:00:00","Belgium (BE)","443.33","411.25","411.25","364.03"
"24/09/2024 04:00:00 - 24/09/2024 05:00:00","Belgium (BE)","456.35","442.73","442.73","380.22"
"24/09/2024 05:00:00 - 24/09/2024 06:00:00","Belgium (BE)","472.88","453.63","453.63","475.30"
"24/09/2024 06:00:00 - 24/09/2024 07:00:00","Belgium (BE)","489.80","518.38","518.38","499.05"
"24/09/2024 07:00:00 - 24/09/2024 08:00:00","Belgium (BE)","507.03","585.15","585.15","548.83"
"24/09/2024 08:00:00 - 24/09/2024 09:00:00","Belgium (BE)","523.28","652.90","632.98","627.85"
"24/09/2024 09:00:00 - 24/09/2024 10:00:00","Belgium (BE)","544.03","693.08","609.93","596.44"
"24/09/2024 10:00:00 - 24/09/2024 11:00:00","Belgium (BE)","514.98","654.10","533.28","504.07"
"24/09/2024 11:00:00 - 24/09/2024 12:00:00","Belgium (BE)","499.35","565.63","459.30","533.10"
"24/09/2024 12:00:00 - 24/09/2024 13:00:00","Belgium (BE)","506.48","523.85","388.73","596.42"
"24/09/2024 13:00:00 - 24/09/2024 14:00:00","Belgium (BE)","558.38","521.68","385.65","480.44"
"24/09/2024 14:00:00 - 24/09/2024 15:00:00","Belgium (BE)","639.85","509.35","508.28","469.19"
"24/09/2024 15:00:00 - 24/09/2024 16:00:00","Belgium (BE)","632.50","473.05","509.63","554.04"
"24/09/2024 16:00:00 - 24/09/2024 17:00:00","Belgium (BE)","588.88","453.48","492.98","535.38"
"24/09/2024 17:00:00 - 24/09/2024 18:00:00","Belgium (BE)","541.98","450.78","486.88","554.36"
"24/09/2024 18:00:00 - 24/09/2024 19:00:00","Belgium (BE)","532.10","471.98","568.75","434.96"
"24/09/2024 19:00:00 - 24/09/2024 20:00:00","Belgium (BE)","557.83","565.03","730.23","582.75"
"24/09/2024 20:00:00 - 24/09/2024 21:00:00","Belgium (BE)","592.40","694.83","734.95","1048.46"
"24/09/2024 21:00:00 - 24/09/2024 22:00:00","Belgium (BE)","577.45","684.00","754.53","852.34"
"24/09/2024 22:00:00 - 24/09/2024 23:00:00","Belgium (BE)","560.98","670.73","767.78","743.52"
"24/09/2024 23:00:00 - 25/09/2024 00:00:00","Belgium (BE)","554.58","720.15","805.83","569.13"
"25/09/2024 00:00:00 - 25/09/2024 01:00:00","Belgium (BE)","854.58","882.68","882.68","512.44"
"25/09/2024 01:00:00 - 25/09/2024 02:00:00","Belgium (BE)","850.03","781.45","781.45","411.99"
"25/09/2024 02:00:00 - 25/09/2024 03:00:00","Belgium (BE)","830.85","716.55","716.55","532.67"
"25/09/2024 03:00:00 - 25/09/2024 04:00:00","Belgium (BE)","823.30","777.50","777.50","651.79"
"25/09/2024 04:00:00 - 25/09/2024 05:00:00","Belgium (BE)","877.55","747.70","747.70","526.73"
"25/09/2024 05:00:00 - 25/09/2024 06:00:00","Belgium (BE)","865.05","628.68","628.68","370.16"
"25/09/2024 06:00:00 - 25/09/2024 07:00:00","Belgium (BE)","704.50","453.73","453.73","647.89"
"25/09/2024 07:00:00 - 25/09/2024 08:00:00","Belgium (BE)","523.08","395.48","302.53","1040.29"
"25/09/2024 08:00:00 - 25/09/2024 09:00:00","Belgium (BE)","382.83","318.98","271.43","647.92"
"25/09/2024 09:00:00 - 25/09/2024 10:00:00","Belgium (BE)","286.38","267.68","568.55","477.30"
"25/09/2024 10:00:00 - 25/09/2024 11:00:00","Belgium (BE)","221.38","254.20","410.80","264.93"
"25/09/2024 11:00:00 - 25/09/2024 12:00:00","Belgium (BE)","209.90","302.80","399.38","390.04"
"25/09/2024 12:00:00 - 25/09/2024 13:00:00","Belgium (BE)","293.33","458.70","466.30","490.31"
"25/09/2024 13:00:00 - 25/09/2024 14:00:00","Belgium (BE)","340.18","783.30","691.78","672.37"
"25/09/2024 14:00:00 - 25/09/2024 15:00:00","Belgium (BE)","340.80","1078.75","948.68","826.34"
"25/09/2024 15:00:00 - 25/09/2024 16:00:00","Belgium (BE)","275.55","1056.08","1099.68","772.64"
"25/09/2024 16:00:00 - 25/09/2024 17:00:00","Belgium (BE)","260.30","994.23","1043.88","840.83"
"25/09/2024 17:00:00 - 25/09/2024 18:00:00","Belgium (BE)","283.15","888.85","907.85","633.55"
"25/09/2024 18:00:00 - 25/09/2024 19:00:00","Belgium (BE)","307.48","745.60","868.80","363.21"
"25/09/2024 19:00:00 - 25/09/2024 20:00:00","Belgium (BE)","256.63","575.65","660.28","91.73"
"25/09/2024 20:00:00 - 25/09/2024 21:00:00","Belgium (BE)","208.33","445.03","570.20","471.06"
"25/09/2024 21:00:00 - 25/09/2024 22:00:00","Belgium (BE)","230.85","379.98","509.95","881.93"
"25/09/2024 22:00:00 - 25/09/2024 23:00:00","Belgium (BE)","287.43","344.83","604.33","1148.67"
"25/09/2024 23:00:00 - 26/09/2024 00:00:00","Belgium (BE)","360.23","339.00","680.50","720.58"
"26/09/2024 00:00:00 - 26/09/2024 01:00:00","Belgium (BE)","718.83","915.35","915.35","486.46"
"26/09/2024 01:00:00 - 26/09/2024 02:00:00","Belgium (BE)","724.28","795.73","795.73","400.31"
"26/09/2024 02:00:00 - 26/09/2024 03:00:00","Belgium (BE)","800.23","906.05","906.05","497.70"
"26/09/2024 03:00:00 - 26/09/2024 04:00:00","Belgium (BE)","943.95","986.70","986.70","946.54"
"26/09/2024 04:00:00 - 26/09/2024 05:00:00","Belgium (BE)","1219.28","1000.28","1000.28","1217.48"
"26/09/2024 05:00:00 - 26/09/2024 06:00:00","Belgium (BE)","1424.88","1197.78","1197.78","881.56"
"26/09/2024 06:00:00 - 26/09/2024 07:00:00","Belgium (BE)","1529.98","1358.25","1358.25","1076.13"
"26/09/2024 07:00:00 - 26/09/2024 08:00:00","Belgium (BE)","1586.80","1481.03","1379.15","1219.66"
"26/09/2024 08:00:00 - 26/09/2024 09:00:00","Belgium (BE)","1674.93","1642.45","1589.05","1204.75"
"26/09/2024 09:00:00 - 26/09/2024 10:00:00","Belgium (BE)","1817.48","1903.88","1900.90","1861.97"
"26/09/2024 10:00:00 - 26/09/2024 11:00:00","Belgium (BE)","1939.78","2053.58","1871.98","2078.31"
"26/09/2024 11:00:00 - 26/09/2024 12:00:00","Belgium (BE)","2044.38","2088.75","2067.95","1986.50"
"26/09/2024 12:00:00 - 26/09/2024 13:00:00","Belgium (BE)","2090.18","2099.10","2128.78","1633.50"
"26/09/2024 13:00:00 - 26/09/2024 14:00:00","Belgium (BE)","2094.85","2089.53","2027.25","1485.10"
"26/09/2024 14:00:00 - 26/09/2024 15:00:00","Belgium (BE)","2072.00","2056.95","1911.38","1315.90"
"26/09/2024 15:00:00 - 26/09/2024 16:00:00","Belgium (BE)","2016.83","2003.40","1715.00","1282.24"
"26/09/2024 16:00:00 - 26/09/2024 17:00:00","Belgium (BE)","1931.45","1934.20","1724.20","1191.34"
"26/09/2024 17:00:00 - 26/09/2024 18:00:00","Belgium (BE)","1853.58","1936.25","1817.13","1136.82"
"26/09/2024 18:00:00 - 26/09/2024 19:00:00","Belgium (BE)","1830.15","2009.75","1999.53","1689.86"
"26/09/2024 19:00:00 - 26/09/2024 20:00:00","Belgium (BE)","1852.23","2069.15","1927.70","1787.68"
"26/09/2024 20:00:00 - 26/09/2024 21:00:00","Belgium (BE)","1906.43","2120.20","2070.35","2035.48"
"26/09/2024 21:00:00 - 26/09/2024 22:00:00","Belgium (BE)","1999.40","2138.98","2176.88","2002.70"
"26/09/2024 22:00:00 - 26/09/2024 23:00:00","Belgium (BE)","2070.68","2140.90","2166.53","2030.87"
"26/09/2024 23:00:00 - 27/09/2024 00:00:00","Belgium (BE)","2101.53","2139.58","2154.35","2008.42"
"27/09/2024 00:00:00 - 27/09/2024 01:00:00","Belgium (BE)","2138.40","2119.30","2119.30","2074.58"
"27/09/2024 01:00:00 - 27/09/2024 02:00:00","Belgium (BE)","2136.60","2124.98","2124.98","2053.95"
"27/09/2024 02:00:00 - 27/09/2024 03:00:00","Belgium (BE)","2135.58","2155.40","2155.40","1986.76"
"27/09/2024 03:00:00 - 27/09/2024 04:00:00","Belgium (BE)","2135.38","2150.73","2150.73","2053.24"
"27/09/2024 04:00:00 - 27/09/2024 05:00:00","Belgium (BE)","2135.48","2145.78","2145.78","2057.36"
"27/09/2024 05:00:00 - 27/09/2024 06:00:00","Belgium (BE)","2134.10","2154.85","2154.85","1959.21"
"27/09/2024 06:00:00 - 27/09/2024 07:00:00","Belgium (BE)","2131.53","2162.40","2162.40","1882.02"
"27/09/2024 07:00:00 - 27/09/2024 08:00:00","Belgium (BE)","2125.88","2154.90","2154.90","2029.13"
"27/09/2024 08:00:00 - 27/09/2024 09:00:00","Belgium (BE)","2117.03","2145.35","2054.23","2100.18"
"27/09/2024 09:00:00 - 27/09/2024 10:00:00","Belgium (BE)","2099.30","2126.50","2142.83","2107.11"
"27/09/2024 10:00:00 - 27/09/2024 11:00:00","Belgium (BE)","2074.15","2100.55","2129.28","2084.19"
"27/09/2024 11:00:00 - 27/09/2024 12:00:00","Belgium (BE)","2042.30","2047.20","2025.53","1979.33"
"27/09/2024 12:00:00 - 27/09/2024 13:00:00","Belgium (BE)","1972.15","1924.13","1894.08","1712.20"
"27/09/2024 13:00:00 - 27/09/2024 14:00:00","Belgium (BE)","1957.25","1945.80","1600.70","1358.59"
"27/09/2024 14:00:00 - 27/09/2024 15:00:00","Belgium (BE)","2040.10","1998.68","1802.35","1444.19"
"27/09/2024 15:00:00 - 27/09/2024 16:00:00","Belgium (BE)","2078.20","2039.68","1928.85","2017.33"
"27/09/2024 16:00:00 - 27/09/2024 17:00:00","Belgium (BE)","2073.20","2069.03","2019.55","2046.68"
"27/09/2024 17:00:00 - 27/09/2024 18:00:00","Belgium (BE)","2073.40","2085.25","2132.38","2089.69"
"27/09/2024 18:00:00 - 27/09/2024 19:00:00","Belgium (BE)","2119.18","2112.25","2133.15","2069.93"
"27/09/2024 19:00:00 - 27/09/2024 20:00:00","Belgium (BE)","2126.78","2128.13","2151.33","2113.34"
"27/09/2024 20:00:00 - 27/09/2024 21:00:00","Belgium (BE)","2116.23","2117.20","2113.88","2114.75"
"27/09/2024 21:00:00 - 27/09/2024 22:00:00","Belgium (BE)","2096.70","2082.95","2117.78","2092.21"
"27/09/2024 22:00:00 - 27/09/2024 23:00:00","Belgium (BE)","2074.60","2028.65","2070.13","2039.50"
"27/09/2024 23:00:00 - 28/09/2024 00:00:00","Belgium (BE)","2045.88","1946.15","2006.95","1947.85"
"28/09/2024 00:00:00 - 28/09/2024 01:00:00","Belgium (BE)","1917.60","1925.00","1925.00","1967.52"
"28/09/2024 01:00:00 - 28/09/2024 02:00:00","Belgium (BE)","1833.65","1878.00","1878.00","1888.40"
"28/09/2024 02:00:00 - 28/09/2024 03:00:00","Belgium (BE)","1758.88","1875.58","1875.58","1626.70"
"28/09/2024 03:00:00 - 28/09/2024 04:00:00","Belgium (BE)","1719.05","1758.48","1758.48","1589.30"
"28/09/2024 04:00:00 - 28/09/2024 05:00:00","Belgium (BE)","1695.33","1598.70","1598.70","1543.66"
"28/09/2024 05:00:00 - 28/09/2024 06:00:00","Belgium (BE)","1656.13","1607.48","1607.48","1594.31"
"28/09/2024 06:00:00 - 28/09/2024 07:00:00","Belgium (BE)","1563.63","1510.18","1510.18","1382.91"
"28/09/2024 07:00:00 - 28/09/2024 08:00:00","Belgium (BE)","1447.05","1351.03","1351.03","1183.60"
"28/09/2024 08:00:00 - 28/09/2024 09:00:00","Belgium (BE)","1264.05","1140.75","1140.75","1102.87"
"28/09/2024 09:00:00 - 28/09/2024 10:00:00","Belgium (BE)","1045.95","959.10","926.50","937.14"
"28/09/2024 10:00:00 - 28/09/2024 11:00:00","Belgium (BE)","839.10","814.33","812.95","743.93"
"28/09/2024 11:00:00 - 28/09/2024 12:00:00","Belgium (BE)","689.78","698.50","728.23","655.92"
"28/09/2024 12:00:00 - 28/09/2024 13:00:00","Belgium (BE)","601.15","583.93","604.88","597.60"
"28/09/2024 13:00:00 - 28/09/2024 14:00:00","Belgium (BE)","536.38","467.53","483.80","522.25"
"28/09/2024 14:00:00 - 28/09/2024 15:00:00","Belgium (BE)","452.98","369.33","422.80","449.40"
"28/09/2024 15:00:00 - 28/09/2024 16:00:00","Belgium (BE)","363.45","280.23","328.00","406.04"
"28/09/2024 16:00:00 - 28/09/2024 17:00:00","Belgium (BE)","261.18","200.85","239.38","293.22"
"28/09/2024 17:00:00 - 28/09/2024 18:00:00","Belgium (BE)","171.25","141.50","206.58","240.00"
"28/09/2024 18:00:00 - 28/09/2024 19:00:00","Belgium (BE)","113.25","102.45","136.33","128.25"
"28/09/2024 19:00:00 - 28/09/2024 20:00:00","Belgium (BE)","80.45","73.83","126.25","51.66"
"28/09/2024 20:00:00 - 28/09/2024 21:00:00","Belgium (BE)","64.28","50.18","71.70","6.30"
"28/09/2024 21:00:00 - 28/09/2024 22:00:00","Belgium (BE)","55.95","30.15","46.15","3.73"
"28/09/2024 22:00:00 - 28/09/2024 23:00:00","Belgium (BE)","48.13","21.05","30.78"," "
"28/09/2024 23:00:00 - 29/09/2024 00:00:00","Belgium (BE)","41.85","18.75","20.45"," "
"29/09/2024 00:00:00 - 29/09/2024 01:00:00","Belgium (BE)","25.80","10.25","10.25"," "
"29/09/2024 01:00:00 - 29/09/2024 02:00:00","Belgium (BE)","40.23","11.98","11.98"," "
"29/09/2024 02:00:00 - 29/09/2024 03:00:00","Belgium (BE)","78.73","22.48","22.48","8.06"
"29/09/2024 03:00:00 - 29/09/2024 04:00:00","Belgium (BE)","145.83","49.98","49.98","86.52"
"29/09/2024 04:00:00 - 29/09/2024 05:00:00","Belgium (BE)","227.25","113.73","113.73","226.84"
"29/09/2024 05:00:00 - 29/09/2024 06:00:00","Belgium (BE)","309.90","196.43","196.43","342.78"
"29/09/2024 06:00:00 - 29/09/2024 07:00:00","Belgium (BE)","381.83","335.03","335.03","363.10"
"29/09/2024 07:00:00 - 29/09/2024 08:00:00","Belgium (BE)","438.13","394.43","394.43","466.92"
"29/09/2024 08:00:00 - 29/09/2024 09:00:00","Belgium (BE)","465.65","434.83","479.60","530.86"
"29/09/2024 09:00:00 - 29/09/2024 10:00:00","Belgium (BE)","467.15","443.00","483.38","437.67"
"29/09/2024 10:00:00 - 29/09/2024 11:00:00","Belgium (BE)","463.53","437.73","458.75","460.77"
"29/09/2024 11:00:00 - 29/09/2024 12:00:00","Belgium (BE)","452.45","428.35","466.05","561.65"
"29/09/2024 12:00:00 - 29/09/2024 13:00:00","Belgium (BE)","456.70","411.08","429.80","490.28"
"29/09/2024 13:00:00 - 29/09/2024 14:00:00","Belgium (BE)","471.63","394.78","454.80","536.08"
"29/09/2024 14:00:00 - 29/09/2024 15:00:00","Belgium (BE)","475.83","405.25","450.38","443.40"
"29/09/2024 15:00:00 - 29/09/2024 16:00:00","Belgium (BE)","505.03","455.43","527.48","344.07"
"29/09/2024 16:00:00 - 29/09/2024 17:00:00","Belgium (BE)","585.98","570.45","627.48","302.23"
"29/09/2024 17:00:00 - 29/09/2024 18:00:00","Belgium (BE)","768.63","799.30","813.13","303.76"
"29/09/2024 18:00:00 - 29/09/2024 19:00:00","Belgium (BE)","1093.03","1138.03","1113.65","852.81"
"29/09/2024 19:00:00 - 29/09/2024 20:00:00","Belgium (BE)","1465.45","1477.35","1392.73","1218.31"
"29/09/2024 20:00:00 - 29/09/2024 21:00:00","Belgium (BE)","1695.48","1645.85","1671.25","1577.25"
"29/09/2024 21:00:00 - 29/09/2024 22:00:00","Belgium (BE)","1741.55","1625.53","1700.73","1782.39"
"29/09/2024 22:00:00 - 29/09/2024 23:00:00","Belgium (BE)","1677.10","1542.28","1707.63","1820.33"
"29/09/2024 23:00:00 - 30/09/2024 00:00:00","Belgium (BE)","1589.83","1520.20","1706.95","1554.07"
"30/09/2024 00:00:00 - 30/09/2024 01:00:00","Belgium (BE)","1770.23","1851.38","1851.38","1730.97"
"30/09/2024 01:00:00 - 30/09/2024 02:00:00","Belgium (BE)","1833.73","1757.98","1757.98","1873.19"
"30/09/2024 02:00:00 - 30/09/2024 03:00:00","Belgium (BE)","1853.33","1857.90","1857.90","1892.40"
"30/09/2024 03:00:00 - 30/09/2024 04:00:00","Belgium (BE)","1831.38","1904.63","1904.63","1751.57"
"30/09/2024 04:00:00 - 30/09/2024 05:00:00","Belgium (BE)","1812.90","1866.50","1866.50","1829.71"
"30/09/2024 05:00:00 - 30/09/2024 06:00:00","Belgium (BE)","1822.35","1819.98","1819.98","1825.15"
"30/09/2024 06:00:00 - 30/09/2024 07:00:00","Belgium (BE)","1858.25","1891.10","1891.10","2032.30"
"30/09/2024 07:00:00 - 30/09/2024 08:00:00","Belgium (BE)","1881.30","1901.55","1908.48","1907.77"
"30/09/2024 08:00:00 - 30/09/2024 09:00:00","Belgium (BE)","1882.18","1921.65","1914.95","1952.17"
"30/09/2024 09:00:00 - 30/09/2024 10:00:00","Belgium (BE)","1883.65","1951.45","1993.70","1942.56"
"30/09/2024 10:00:00 - 30/09/2024 11:00:00","Belgium (BE)","1925.68","1979.00","2069.45","1981.70"
"30/09/2024 11:00:00 - 30/09/2024 12:00:00","Belgium (BE)","1975.83","2004.30","2068.15","1960.44"
"30/09/2024 12:00:00 - 30/09/2024 13:00:00","Belgium (BE)","2006.68","2013.03","2078.25","1923.72"
"30/09/2024 13:00:00 - 30/09/2024 14:00:00","Belgium (BE)","2046.83","2045.43","2057.40","1981.09"
"30/09/2024 14:00:00 - 30/09/2024 15:00:00","Belgium (BE)","2084.38","2077.15","2034.68","1673.29"
"30/09/2024 15:00:00 - 30/09/2024 16:00:00","Belgium (BE)","2088.10","2096.28","2120.48","1838.21"
"30/09/2024 16:00:00 - 30/09/2024 17:00:00","Belgium (BE)","2062.90","2115.20","2122.68","2081.93"
"30/09/2024 17:00:00 - 30/09/2024 18:00:00","Belgium (BE)","2090.08","2126.40","2042.25","1716.21"
"30/09/2024 18:00:00 - 30/09/2024 19:00:00","Belgium (BE)","2117.55","2130.15","2073.23","2101.41"
"30/09/2024 19:00:00 - 30/09/2024 20:00:00","Belgium (BE)","2128.90","2129.90","1933.33","2113.23"
"30/09/2024 20:00:00 - 30/09/2024 21:00:00","Belgium (BE)","2134.63","2126.93","2144.60","2051.99"
"30/09/2024 21:00:00 - 30/09/2024 22:00:00","Belgium (BE)","2136.45","2127.58","2132.85","2062.84"
"30/09/2024 22:00:00 - 30/09/2024 23:00:00","Belgium (BE)","2135.40","2125.68","2133.23","2016.37"
"30/09/2024 23:00:00 - 01/10/2024 00:00:00","Belgium (BE)","2134.38","2124.13","2136.90","2023.97"
"01/10/2024 00:00:00 - 01/10/2024 01:00:00","Belgium (BE)","2131.38","2134.53","2134.53","2047.97"
"01/10/2024 01:00:00 - 01/10/2024 02:00:00","Belgium (BE)","2134.83","2143.03","2143.03","2056.76"
"01/10/2024 02:00:00 - 01/10/2024 03:00:00","Belgium (BE)","2135.58","2141.58","2141.58","2084.49"
"01/10/2024 03:00:00 - 01/10/2024 04:00:00","Belgium (BE)","2133.90","2134.40","2134.40","2064.34"
"01/10/2024 04:00:00 - 01/10/2024 05:00:00","Belgium (BE)","2131.65","2130.20","2130.20","2028.29"
"01/10/2024 05:00:00 - 01/10/2024 06:00:00","Belgium (BE)","2130.38","2129.13","2129.13","2053.84"
"01/10/2024 06:00:00 - 01/10/2024 07:00:00","Belgium (BE)","2129.80","2130.33","2130.33","2063.06"
"01/10/2024 07:00:00 - 01/10/2024 08:00:00","Belgium (BE)","2126.93","2122.90","2128.35","2101.33"
"01/10/2024 08:00:00 - 01/10/2024 09:00:00","Belgium (BE)","2120.50","2118.68","2123.13","2105.40"
"01/10/2024 09:00:00 - 01/10/2024 10:00:00","Belgium (BE)","2112.73","2113.98","2125.98","2106.64"
"01/10/2024 10:00:00 - 01/10/2024 11:00:00","Belgium (BE)","2104.73","2104.48","2123.00","2103.44"
"01/10/2024 11:00:00 - 01/10/2024 12:00:00","Belgium (BE)","2095.38","2087.70","2103.00","2093.16"
"01/10/2024 12:00:00 - 01/10/2024 13:00:00","Belgium (BE)","2084.80","2051.18","2062.38","2098.47"
"01/10/2024 13:00:00 - 01/10/2024 14:00:00","Belgium (BE)","2068.48","1992.50","1992.03","2096.24"
"01/10/2024 14:00:00 - 01/10/2024 15:00:00","Belgium (BE)","2005.60","1898.43","1886.65","2057.99"
"01/10/2024 15:00:00 - 01/10/2024 16:00:00","Belgium (BE)","1835.78","1733.05","1878.28","2008.69"
"01/10/2024 16:00:00 - 01/10/2024 17:00:00","Belgium (BE)","1532.15","1489.85","1685.55","1823.75"
"01/10/2024 17:00:00 - 01/10/2024 18:00:00","Belgium (BE)","1202.23","1186.38","1560.50","1374.12"
"01/10/2024 18:00:00 - 01/10/2024 19:00:00","Belgium (BE)","1100.13","857.65","1242.78","1117.91"
"01/10/2024 19:00:00 - 01/10/2024 20:00:00","Belgium (BE)","1188.40","583.35","905.28","876.52"
"01/10/2024 20:00:00 - 01/10/2024 21:00:00","Belgium (BE)","1397.80","404.80","637.45","610.23"
"01/10/2024 21:00:00 - 01/10/2024 22:00:00","Belgium (BE)","1623.63","270.73","433.85","429.49"
"01/10/2024 22:00:00 - 01/10/2024 23:00:00","Belgium (BE)","1754.65","182.70","277.60","263.35"
"01/10/2024 23:00:00 - 02/10/2024 00:00:00","Belgium (BE)","1779.70","150.70","188.93","130.62"
"02/10/2024 00:00:00 - 02/10/2024 01:00:00","Belgium (BE)","124.55","83.08","83.08","53.57"
"02/10/2024 01:00:00 - 02/10/2024 02:00:00","Belgium (BE)","98.70","48.28","48.28","34.68"
"02/10/2024 02:00:00 - 02/10/2024 03:00:00","Belgium (BE)","84.33","23.73","23.73","1.53"
"02/10/2024 03:00:00 - 02/10/2024 04:00:00","Belgium (BE)","73.33","17.28","17.28"," "
"02/10/2024 04:00:00 - 02/10/2024 05:00:00","Belgium (BE)","64.83","9.78","9.78"," "
"02/10/2024 05:00:00 - 02/10/2024 06:00:00","Belgium (BE)","68.05","16.05","16.05"," "
"02/10/2024 06:00:00 - 02/10/2024 07:00:00","Belgium (BE)","91.15","25.03","25.03"," "
"02/10/2024 07:00:00 - 02/10/2024 08:00:00","Belgium (BE)","148.78","37.28","41.30","0.48"
"02/10/2024 08:00:00 - 02/10/2024 09:00:00","Belgium (BE)","302.73","68.50","72.58","2.86"
"02/10/2024 09:00:00 - 02/10/2024 10:00:00","Belgium (BE)","382.55","136.80","137.90"," "
"02/10/2024 10:00:00 - 02/10/2024 11:00:00","Belgium (BE)","347.20","255.63","306.63","71.55"
"02/10/2024 11:00:00 - 02/10/2024 12:00:00","Belgium (BE)","311.35","441.98","522.73","526.19"
"02/10/2024 12:00:00 - 02/10/2024 13:00:00","Belgium (BE)","309.08","680.70","681.93","848.97"
"02/10/2024 13:00:00 - 02/10/2024 14:00:00","Belgium (BE)","380.85","734.25","728.95","719.16"
"02/10/2024 14:00:00 - 02/10/2024 15:00:00","Belgium (BE)","562.65","798.50","856.58","538.08"
"02/10/2024 15:00:00 - 02/10/2024 16:00:00","Belgium (BE)","781.45","865.93","799.58","668.65"
"02/10/2024 16:00:00 - 02/10/2024 17:00:00","Belgium (BE)","897.25","915.40","894.93","907.95"
"02/10/2024 17:00:00 - 02/10/2024 18:00:00","Belgium (BE)","977.78","988.85","955.43","908.57"
"02/10/2024 18:00:00 - 02/10/2024 19:00:00","Belgium (BE)","1047.65","1124.15","1142.23","952.54"
"02/10/2024 19:00:00 - 02/10/2024 20:00:00","Belgium (BE)","1132.63","1302.15","1280.78","1065.06"
"02/10/2024 20:00:00 - 02/10/2024 21:00:00","Belgium (BE)","1291.95","1440.23","1420.10","1265.64"
"02/10/2024 21:00:00 - 02/10/2024 22:00:00","Belgium (BE)","1473.30","1546.93","1620.05","1720.19"
"02/10/2024 22:00:00 - 02/10/2024 23:00:00","Belgium (BE)","1584.15","1637.23","1809.40","1921.53"
"02/10/2024 23:00:00 - 03/10/2024 00:00:00","Belgium (BE)","1564.68","1648.80","1838.95","2001.01"
"03/10/2024 00:00:00 - 03/10/2024 01:00:00","Belgium (BE)","1716.83","1602.63","1602.63","1947.11"
"03/10/2024 01:00:00 - 03/10/2024 02:00:00","Belgium (BE)","1457.48","1506.93","1506.93","1488.97"
"03/10/2024 02:00:00 - 03/10/2024 03:00:00","Belgium (BE)","1272.28","1376.08","1376.08","1235.29"
"03/10/2024 03:00:00 - 03/10/2024 04:00:00","Belgium (BE)","1160.48","1111.70","1111.70","1092.96"
"03/10/2024 04:00:00 - 03/10/2024 05:00:00","Belgium (BE)","1079.15","1022.03","1022.03","1061.56"
"03/10/2024 05:00:00 - 03/10/2024 06:00:00","Belgium (BE)","1008.48","1023.60","1023.60","1125.06"
"03/10/2024 06:00:00 - 03/10/2024 07:00:00","Belgium (BE)","925.80","934.80","934.80","1150.05"
"03/10/2024 07:00:00 - 03/10/2024 08:00:00","Belgium (BE)","832.53","814.58","860.30","931.52"
"03/10/2024 08:00:00 - 03/10/2024 09:00:00","Belgium (BE)","780.58","712.88","737.53","683.29"
"03/10/2024 09:00:00 - 03/10/2024 10:00:00","Belgium (BE)","756.33","668.05","713.40","690.43"
"03/10/2024 10:00:00 - 03/10/2024 11:00:00","Belgium (BE)","724.08","645.33","655.90","805.72"
"03/10/2024 11:00:00 - 03/10/2024 12:00:00","Belgium (BE)","664.10","623.00","680.95","670.85"
"03/10/2024 12:00:00 - 03/10/2024 13:00:00","Belgium (BE)","588.85","644.13","716.58","580.63"
"03/10/2024 13:00:00 - 03/10/2024 14:00:00","Belgium (BE)","535.83","697.95","669.58","622.96"
"03/10/2024 14:00:00 - 03/10/2024 15:00:00","Belgium (BE)","507.95","716.78","609.90","611.61"
"03/10/2024 15:00:00 - 03/10/2024 16:00:00","Belgium (BE)","495.08","704.30","648.13","575.60"
"03/10/2024 16:00:00 - 03/10/2024 17:00:00","Belgium (BE)","511.30","710.60","679.15","588.58"
"03/10/2024 17:00:00 - 03/10/2024 18:00:00","Belgium (BE)","540.75","714.75","702.98","588.99"
"03/10/2024 18:00:00 - 03/10/2024 19:00:00","Belgium (BE)","551.05","678.55","669.93","619.25"
"03/10/2024 19:00:00 - 03/10/2024 20:00:00","Belgium (BE)","549.40","614.73","610.28","635.19"
"03/10/2024 20:00:00 - 03/10/2024 21:00:00","Belgium (BE)","521.13","549.00","557.83","645.36"
"03/10/2024 21:00:00 - 03/10/2024 22:00:00","Belgium (BE)","465.43","503.88","608.48","441.22"
"03/10/2024 22:00:00 - 03/10/2024 23:00:00","Belgium (BE)","427.20","487.60","619.88","448.74"
"03/10/2024 23:00:00 - 04/10/2024 00:00:00","Belgium (BE)","402.55","464.43","565.30","441.17"
"04/10/2024 00:00:00 - 04/10/2024 01:00:00","Belgium (BE)","469.98","311.68","311.68","413.29"
"04/10/2024 01:00:00 - 04/10/2024 02:00:00","Belgium (BE)","359.93","264.85","264.85","246.92"
"04/10/2024 02:00:00 - 04/10/2024 03:00:00","Belgium (BE)","256.68","232.50","232.50","169.12"
"04/10/2024 03:00:00 - 04/10/2024 04:00:00","Belgium (BE)","183.70","136.40","136.40","82.04"
"04/10/2024 04:00:00 - 04/10/2024 05:00:00","Belgium (BE)","135.00","100.98","100.98","29.16"
"04/10/2024 05:00:00 - 04/10/2024 06:00:00","Belgium (BE)","105.58","56.73","56.73","37.14"
"04/10/2024 06:00:00 - 04/10/2024 07:00:00","Belgium (BE)","91.00","35.98","35.98","47.02"
"04/10/2024 07:00:00 - 04/10/2024 08:00:00","Belgium (BE)","84.70","36.35","41.98","67.81"
"04/10/2024 08:00:00 - 04/10/2024 09:00:00","Belgium (BE)","82.40","34.10","36.63","67.05"
"04/10/2024 09:00:00 - 04/10/2024 10:00:00","Belgium (BE)","76.70","31.08","43.13","33.07"
"04/10/2024 10:00:00 - 04/10/2024 11:00:00","Belgium (BE)","63.25","25.78","41.13","8.73"
"04/10/2024 11:00:00 - 04/10/2024 12:00:00","Belgium (BE)","50.75","19.13","23.23"," "
"04/10/2024 12:00:00 - 04/10/2024 13:00:00","Belgium (BE)","42.00","14.50","12.38"," "
"04/10/2024 13:00:00 - 04/10/2024 14:00:00","Belgium (BE)","31.98","10.38","9.23"," "
"04/10/2024 14:00:00 - 04/10/2024 15:00:00","Belgium (BE)","20.80","6.25","4.65"," "
"04/10/2024 15:00:00 - 04/10/2024 16:00:00","Belgium (BE)","16.15","3.43","4.05"," "
"04/10/2024 16:00:00 - 04/10/2024 17:00:00","Belgium (BE)","14.80","2.28","3.10"," "
"04/10/2024 17:00:00 - 04/10/2024 18:00:00","Belgium (BE)","13.88","2.80","4.43"," "
"04/10/2024 18:00:00 - 04/10/2024 19:00:00","Belgium (BE)","15.10","4.48","4.40"," "
"04/10/2024 19:00:00 - 04/10/2024 20:00:00","Belgium (BE)","21.38","8.85","8.50"," "
"04/10/2024 20:00:00 - 04/10/2024 21:00:00","Belgium (BE)","33.00","19.58","11.43"," "
"04/10/2024 21:00:00 - 04/10/2024 22:00:00","Belgium (BE)","52.60","34.78","18.95"," "
"04/10/2024 22:00:00 - 04/10/2024 23:00:00","Belgium (BE)","81.40","58.55","39.38","2.95"
"04/10/2024 23:00:00 - 05/10/2024 00:00:00","Belgium (BE)","100.35","84.53","66.28","32.66"
"05/10/2024 00:00:00 - 05/10/2024 01:00:00","Belgium (BE)","94.33","73.80","73.80","67.21"
"05/10/2024 01:00:00 - 05/10/2024 02:00:00","Belgium (BE)","111.63","79.43","79.43","45.08"
"05/10/2024 02:00:00 - 05/10/2024 03:00:00","Belgium (BE)","117.45","91.10","91.10","73.33"
"05/10/2024 03:00:00 - 05/10/2024 04:00:00","Belgium (BE)","113.23","92.83","92.83","86.75"
"05/10/2024 04:00:00 - 05/10/2024 05:00:00","Belgium (BE)","102.68","82.48","82.48","90.64"
"05/10/2024 05:00:00 - 05/10/2024 06:00:00","Belgium (BE)","89.13","79.25","79.25","111.71"
"05/10/2024 06:00:00 - 05/10/2024 07:00:00","Belgium (BE)","76.83","83.25","83.25","99.62"
"05/10/2024 07:00:00 - 05/10/2024 08:00:00","Belgium (BE)","73.80","91.00","91.00","97.32"
"05/10/2024 08:00:00 - 05/10/2024 09:00:00","Belgium (BE)","84.10","106.60","106.33","94.14"
"05/10/2024 09:00:00 - 05/10/2024 10:00:00","Belgium (BE)","105.80","128.63","121.58","90.99"
"05/10/2024 10:00:00 - 05/10/2024 11:00:00","Belgium (BE)","129.63","150.03","129.08","134.28"
"05/10/2024 11:00:00 - 05/10/2024 12:00:00","Belgium (BE)","147.75","161.15","121.58","128.37"
"05/10/2024 12:00:00 - 05/10/2024 13:00:00","Belgium (BE)","160.65","162.18","131.93","190.09"
"05/10/2024 13:00:00 - 05/10/2024 14:00:00","Belgium (BE)","163.88","160.48","150.35","155.70"
"05/10/2024 14:00:00 - 05/10/2024 15:00:00","Belgium (BE)","155.75","153.23","175.10","142.41"
"05/10/2024 15:00:00 - 05/10/2024 16:00:00","Belgium (BE)","148.50","142.15","150.20","86.41"
"05/10/2024 16:00:00 - 05/10/2024 17:00:00","Belgium (BE)","151.73","149.23","144.18","22.17"
"05/10/2024 17:00:00 - 05/10/2024 18:00:00","Belgium (BE)","168.18","186.98","168.68","61.15"
"05/10/2024 18:00:00 - 05/10/2024 19:00:00","Belgium (BE)","204.78","258.15","249.75","244.18"
"05/10/2024 19:00:00 - 05/10/2024 20:00:00","Belgium (BE)","273.18","356.18","322.73","519.09"
"05/10/2024 20:00:00 - 05/10/2024 21:00:00","Belgium (BE)","369.05","460.43","446.08","575.74"
"05/10/2024 21:00:00 - 05/10/2024 22:00:00","Belgium (BE)","473.95","561.30","559.60","610.18"
"05/10/2024 22:00:00 - 05/10/2024 23:00:00","Belgium (BE)","587.45","627.90","535.13","659.01"
"05/10/2024 23:00:00 - 06/10/2024 00:00:00","Belgium (BE)","703.75","657.13","556.58","557.39"
"06/10/2024 00:00:00 - 06/10/2024 01:00:00","Belgium (BE)","561.23","607.18","607.18","543.21"
"06/10/2024 01:00:00 - 06/10/2024 02:00:00","Belgium (BE)","551.28","590.43","590.43","480.01"
"06/10/2024 02:00:00 - 06/10/2024 03:00:00","Belgium (BE)","570.45","606.38","606.38","457.30"
"06/10/2024 03:00:00 - 06/10/2024 04:00:00","Belgium (BE)","718.40","680.68","680.68","543.23"
"06/10/2024 04:00:00 - 06/10/2024 05:00:00","Belgium (BE)","883.18","823.73","823.73","781.41"
"06/10/2024 05:00:00 - 06/10/2024 06:00:00","Belgium (BE)","964.43","880.40","880.40","872.96"
"06/10/2024 06:00:00 - 06/10/2024 07:00:00","Belgium (BE)","1005.53","1081.15","1081.15","926.89"
"06/10/2024 07:00:00 - 06/10/2024 08:00:00","Belgium (BE)","1015.30","1149.20","1132.13","859.68"
"06/10/2024 08:00:00 - 06/10/2024 09:00:00","Belgium (BE)","1013.25","1169.95","1054.75","689.52"
"06/10/2024 09:00:00 - 06/10/2024 10:00:00","Belgium (BE)","1033.23","1201.40","1047.13","537.74"
"06/10/2024 10:00:00 - 06/10/2024 11:00:00","Belgium (BE)","1095.95","1263.73","1182.38","673.02"
"06/10/2024 11:00:00 - 06/10/2024 12:00:00","Belgium (BE)","1169.70","1258.20","928.20","634.45"
"06/10/2024 12:00:00 - 06/10/2024 13:00:00","Belgium (BE)","1170.65","1186.85","916.08","694.17"
"06/10/2024 13:00:00 - 06/10/2024 14:00:00","Belgium (BE)","1063.25","1084.25","823.10","394.89"
"06/10/2024 14:00:00 - 06/10/2024 15:00:00","Belgium (BE)","957.40","996.25","882.73","415.32"
"06/10/2024 15:00:00 - 06/10/2024 16:00:00","Belgium (BE)","914.05","951.83","720.53","470.67"
"06/10/2024 16:00:00 - 06/10/2024 17:00:00","Belgium (BE)","912.63","960.03","769.20","555.17"
"06/10/2024 17:00:00 - 06/10/2024 18:00:00","Belgium (BE)","939.85","1018.25","773.18","903.50"
"06/10/2024 18:00:00 - 06/10/2024 19:00:00","Belgium (BE)","976.43","1068.30","933.65","1296.34"
"06/10/2024 19:00:00 - 06/10/2024 20:00:00","Belgium (BE)","978.88","1062.33","1000.55","1361.75"
"06/10/2024 20:00:00 - 06/10/2024 21:00:00","Belgium (BE)","969.03","1086.38","1275.75","1212.86"
"06/10/2024 21:00:00 - 06/10/2024 22:00:00","Belgium (BE)","1067.53","1207.75","1326.75","1076.22"
"06/10/2024 22:00:00 - 06/10/2024 23:00:00","Belgium (BE)","1239.48","1387.28","1365.65","1307.87"
"06/10/2024 23:00:00 - 07/10/2024 00:00:00","Belgium (BE)","1398.18","1565.23","1521.10","1092.34"
"07/10/2024 00:00:00 - 07/10/2024 01:00:00","Belgium (BE)","1604.60","1934.68","1934.68","1181.16"
"07/10/2024 01:00:00 - 07/10/2024 02:00:00","Belgium (BE)","1746.45","1811.65","1811.65","1419.52"
"07/10/2024 02:00:00 - 07/10/2024 03:00:00","Belgium (BE)","1847.50","1768.35","1768.35","1775.15"
"07/10/2024 03:00:00 - 07/10/2024 04:00:00","Belgium (BE)","1891.53","1841.75","1841.75","1919.84"
"07/10/2024 04:00:00 - 07/10/2024 05:00:00","Belgium (BE)","1870.98","1894.68","1894.68","2084.19"
"07/10/2024 05:00:00 - 07/10/2024 06:00:00","Belgium (BE)","1807.05","1874.40","1874.40","2060.72"
"07/10/2024 06:00:00 - 07/10/2024 07:00:00","Belgium (BE)","1754.15","1859.58","1859.58","1974.79"
"07/10/2024 07:00:00 - 07/10/2024 08:00:00","Belgium (BE)","1671.68","1701.70","1766.38","1521.85"
"07/10/2024 08:00:00 - 07/10/2024 09:00:00","Belgium (BE)","1540.88","1542.95","1630.35","1065.59"
"07/10/2024 09:00:00 - 07/10/2024 10:00:00","Belgium (BE)","1373.65","1447.43","1417.30","809.10"
"07/10/2024 10:00:00 - 07/10/2024 11:00:00","Belgium (BE)","1144.53","1310.73","1126.03","955.31"
"07/10/2024 11:00:00 - 07/10/2024 12:00:00","Belgium (BE)","934.08","1119.60","862.15","919.55"
"07/10/2024 12:00:00 - 07/10/2024 13:00:00","Belgium (BE)","740.38","915.55","821.73","987.11"
"07/10/2024 13:00:00 - 07/10/2024 14:00:00","Belgium (BE)","578.58","695.38","627.70","795.16"
"07/10/2024 14:00:00 - 07/10/2024 15:00:00","Belgium (BE)","419.35","503.33","511.20","563.08"
"07/10/2024 15:00:00 - 07/10/2024 16:00:00","Belgium (BE)","278.55","361.18","358.83","289.30"
"07/10/2024 16:00:00 - 07/10/2024 17:00:00","Belgium (BE)","194.90","278.00","292.25","149.64"
"07/10/2024 17:00:00 - 07/10/2024 18:00:00","Belgium (BE)","160.55","244.18","248.38","191.56"
"07/10/2024 18:00:00 - 07/10/2024 19:00:00","Belgium (BE)","153.93","234.18","227.38","412.65"
"07/10/2024 19:00:00 - 07/10/2024 20:00:00","Belgium (BE)","173.93","214.10","176.65","451.00"
"07/10/2024 20:00:00 - 07/10/2024 21:00:00","Belgium (BE)","202.08","203.68","327.28","411.65"
"07/10/2024 21:00:00 - 07/10/2024 22:00:00","Belgium (BE)","217.90","235.40","376.53","348.55"
"07/10/2024 22:00:00 - 07/10/2024 23:00:00","Belgium (BE)","226.20","316.18","332.68","244.84"
"07/10/2024 23:00:00 - 08/10/2024 00:00:00","Belgium (BE)","217.75","397.45","302.85","171.23"
"08/10/2024 00:00:00 - 08/10/2024 01:00:00","Belgium (BE)","249.88","656.83","656.83","196.33"
"08/10/2024 01:00:00 - 08/10/2024 02:00:00","Belgium (BE)","254.83","613.60","613.60","300.53"
"08/10/2024 02:00:00 - 08/10/2024 03:00:00","Belgium (BE)","326.33","661.85","661.85","626.77"
"08/10/2024 03:00:00 - 08/10/2024 04:00:00","Belgium (BE)","479.98","803.35","803.35","657.78"
"08/10/2024 04:00:00 - 08/10/2024 05:00:00","Belgium (BE)","724.83","1023.83","1023.83","1084.02"
"08/10/2024 05:00:00 - 08/10/2024 06:00:00","Belgium (BE)","894.90","1118.38","1118.38","1050.66"
"08/10/2024 06:00:00 - 08/10/2024 07:00:00","Belgium (BE)","1016.13","1373.63","1373.63","1236.63"
"08/10/2024 07:00:00 - 08/10/2024 08:00:00","Belgium (BE)","1095.25","1440.33","1357.40","1473.37"
"08/10/2024 08:00:00 - 08/10/2024 09:00:00","Belgium (BE)","1088.30","1453.35","1403.68","1570.44"
"08/10/2024 09:00:00 - 08/10/2024 10:00:00","Belgium (BE)","1049.13","1412.68","1478.38","1343.58"
"08/10/2024 10:00:00 - 08/10/2024 11:00:00","Belgium (BE)","1015.50","1363.23","1452.73","788.43"
"08/10/2024 11:00:00 - 08/10/2024 12:00:00","Belgium (BE)","997.83","1410.70","1324.75","762.15"
"08/10/2024 12:00:00 - 08/10/2024 13:00:00","Belgium (BE)","921.23","1443.78","1033.30","865.64"
"08/10/2024 13:00:00 - 08/10/2024 14:00:00","Belgium (BE)","793.63","1358.05","936.38","817.53"
"08/10/2024 14:00:00 - 08/10/2024 15:00:00","Belgium (BE)","711.73","1190.20","664.93","982.46"
"08/10/2024 15:00:00 - 08/10/2024 16:00:00","Belgium (BE)","616.75","965.43","567.60","600.83"
"08/10/2024 16:00:00 - 08/10/2024 17:00:00","Belgium (BE)","492.30","800.20","556.38","463.57"
"08/10/2024 17:00:00 - 08/10/2024 18:00:00","Belgium (BE)","398.60","753.88","560.68","287.75"
"08/10/2024 18:00:00 - 08/10/2024 19:00:00","Belgium (BE)","389.28","891.45","710.95","366.41"
"08/10/2024 19:00:00 - 08/10/2024 20:00:00","Belgium (BE)","515.80","1190.73","877.98","801.40"
"08/10/2024 20:00:00 - 08/10/2024 21:00:00","Belgium (BE)","806.08","1470.13","1101.68","1297.62"
"08/10/2024 21:00:00 - 08/10/2024 22:00:00","Belgium (BE)","1111.60","1700.55","1482.93","1542.47"
"08/10/2024 22:00:00 - 08/10/2024 23:00:00","Belgium (BE)","1291.10","1853.18","1746.73","1778.11"
"08/10/2024 23:00:00 - 09/10/2024 00:00:00","Belgium (BE)","1401.90","1946.30","1906.43","1888.99"
"09/10/2024 00:00:00 - 09/10/2024 01:00:00","Belgium (BE)","1995.83","2067.88","2067.88","1891.12"
"09/10/2024 01:00:00 - 09/10/2024 02:00:00","Belgium (BE)","2021.40","2014.63","2014.63","1969.02"
"09/10/2024 02:00:00 - 09/10/2024 03:00:00","Belgium (BE)","2029.73","2001.53","2001.53","2025.33"
"09/10/2024 03:00:00 - 09/10/2024 04:00:00","Belgium (BE)","2042.95","2040.93","2040.93","2028.00"
"09/10/2024 04:00:00 - 09/10/2024 05:00:00","Belgium (BE)","2058.05","2056.03","2056.03","2068.18"
"09/10/2024 05:00:00 - 09/10/2024 06:00:00","Belgium (BE)","2064.58","2064.75","2064.75","2066.07"
"09/10/2024 06:00:00 - 09/10/2024 07:00:00","Belgium (BE)","2046.50","2071.33","2071.33","2039.91"
"09/10/2024 07:00:00 - 09/10/2024 08:00:00","Belgium (BE)","2001.10","2038.20","2038.20","2031.32"
"09/10/2024 08:00:00 - 09/10/2024 09:00:00","Belgium (BE)","1926.85","1999.63","2031.88","1994.77"
"09/10/2024 09:00:00 - 09/10/2024 10:00:00","Belgium (BE)","1807.50","1940.68","1956.60","1994.47"
"09/10/2024 10:00:00 - 09/10/2024 11:00:00","Belgium (BE)","1646.30","1835.43","1719.05","1901.74"
"09/10/2024 11:00:00 - 09/10/2024 12:00:00","Belgium (BE)","1422.03","1668.98","1503.33","1801.74"
"09/10/2024 12:00:00 - 09/10/2024 13:00:00","Belgium (BE)","1096.30","1422.88","1126.00","1528.27"
"09/10/2024 13:00:00 - 09/10/2024 14:00:00","Belgium (BE)","821.88","1117.65","948.70","947.60"
"09/10/2024 14:00:00 - 09/10/2024 15:00:00","Belgium (BE)","606.23","845.33","543.98","657.98"
"09/10/2024 15:00:00 - 09/10/2024 16:00:00","Belgium (BE)","420.68","608.10","336.45","396.58"
"09/10/2024 16:00:00 - 09/10/2024 17:00:00","Belgium (BE)","322.90","426.63","167.78","215.18"
"09/10/2024 17:00:00 - 09/10/2024 18:00:00","Belgium (BE)","266.88","279.65","170.48","131.82"
"09/10/2024 18:00:00 - 09/10/2024 19:00:00","Belgium (BE)","246.33","182.18","117.98","17.42"
"09/10/2024 19:00:00 - 09/10/2024 20:00:00","Belgium (BE)","261.03","157.13","156.60"," "
"09/10/2024 20:00:00 - 09/10/2024 21:00:00","Belgium (BE)","307.45","174.35","215.05","9.49"
"09/10/2024 21:00:00 - 09/10/2024 22:00:00","Belgium (BE)","378.25","237.95","352.40","60.72"
"09/10/2024 22:00:00 - 09/10/2024 23:00:00","Belgium (BE)","469.48","356.83","636.98","256.28"
"09/10/2024 23:00:00 - 10/10/2024 00:00:00","Belgium (BE)","564.13","528.28","977.15","649.34"
"10/10/2024 00:00:00 - 10/10/2024 01:00:00","Belgium (BE)","1336.00","1020.05","1020.05","974.01"
"10/10/2024 01:00:00 - 10/10/2024 02:00:00","Belgium (BE)","1646.05","1288.48","1288.48","869.65"
"10/10/2024 02:00:00 - 10/10/2024 03:00:00","Belgium (BE)","1880.90","1544.33","1544.33","886.22"
"10/10/2024 03:00:00 - 10/10/2024 04:00:00","Belgium (BE)","2030.65","1748.15","1748.15","1362.12"
"10/10/2024 04:00:00 - 10/10/2024 05:00:00","Belgium (BE)","2083.15","1954.05","1954.05","2064.98"
"10/10/2024 05:00:00 - 10/10/2024 06:00:00","Belgium (BE)","2106.18","1958.70","1958.70","2122.35"
"10/10/2024 06:00:00 - 10/10/2024 07:00:00","Belgium (BE)","2105.48","2113.98","2113.98","2112.33"
"10/10/2024 07:00:00 - 10/10/2024 08:00:00","Belgium (BE)","2080.90","2047.35","2076.65","2062.70"
"10/10/2024 08:00:00 - 10/10/2024 09:00:00","Belgium (BE)","2032.55","1912.95","1955.13","1937.41"
"10/10/2024 09:00:00 - 10/10/2024 10:00:00","Belgium (BE)","1941.48","1765.70","1795.70","1576.55"
"10/10/2024 10:00:00 - 10/10/2024 11:00:00","Belgium (BE)","1804.35","1589.15","1449.98","1159.59"
"10/10/2024 11:00:00 - 10/10/2024 12:00:00","Belgium (BE)","1630.88","1372.40","1106.63","961.10"
"10/10/2024 12:00:00 - 10/10/2024 13:00:00","Belgium (BE)","1451.28","1193.85","903.53","988.49"
"10/10/2024 13:00:00 - 10/10/2024 14:00:00","Belgium (BE)","1266.75","1061.73","898.13","960.84"
"10/10/2024 14:00:00 - 10/10/2024 15:00:00","Belgium (BE)","1130.83","970.48","901.90","982.48"
"10/10/2024 15:00:00 - 10/10/2024 16:00:00","Belgium (BE)","1040.15","895.05","852.53","786.74"
"10/10/2024 16:00:00 - 10/10/2024 17:00:00","Belgium (BE)","953.88","820.45","734.50","778.46"
"10/10/2024 17:00:00 - 10/10/2024 18:00:00","Belgium (BE)","885.78","800.93","611.50","691.05"
"10/10/2024 18:00:00 - 10/10/2024 19:00:00","Belgium (BE)","821.40","778.53","713.25","597.92"
"10/10/2024 19:00:00 - 10/10/2024 20:00:00","Belgium (BE)","779.65","715.70","679.00","606.30"
"10/10/2024 20:00:00 - 10/10/2024 21:00:00","Belgium (BE)","723.90","634.75","580.23","735.68"
"10/10/2024 21:00:00 - 10/10/2024 22:00:00","Belgium (BE)","636.15","556.88","523.23","814.03"
"10/10/2024 22:00:00 - 10/10/2024 23:00:00","Belgium (BE)","548.25","478.98","454.70","718.23"
"10/10/2024 23:00:00 - 11/10/2024 00:00:00","Belgium (BE)","477.25","393.78","406.03","557.68"
"11/10/2024 00:00:00 - 11/10/2024 01:00:00","Belgium (BE)","356.70","399.83","399.83","684.07"
"11/10/2024 01:00:00 - 11/10/2024 02:00:00","Belgium (BE)","293.43","350.08","350.08","423.91"
"11/10/2024 02:00:00 - 11/10/2024 03:00:00","Belgium (BE)","227.63","376.83","376.83","354.82"
"11/10/2024 03:00:00 - 11/10/2024 04:00:00","Belgium (BE)","172.10","240.68","240.68","248.16"
"11/10/2024 04:00:00 - 11/10/2024 05:00:00","Belgium (BE)","138.60","179.65","179.65","107.21"
"11/10/2024 05:00:00 - 11/10/2024 06:00:00","Belgium (BE)","117.75","124.00","124.00","199.64"
"11/10/2024 06:00:00 - 11/10/2024 07:00:00","Belgium (BE)","100.70","61.90","61.90","250.84"
"11/10/2024 07:00:00 - 11/10/2024 08:00:00","Belgium (BE)","88.80","120.05","120.05","267.25"
"11/10/2024 08:00:00 - 11/10/2024 09:00:00","Belgium (BE)","80.83","89.00","89.00","199.93"
"11/10/2024 09:00:00 - 11/10/2024 10:00:00","Belgium (BE)","71.68","62.13","146.95","140.28"
"11/10/2024 10:00:00 - 11/10/2024 11:00:00","Belgium (BE)","61.65","41.45","120.03","88.27"
"11/10/2024 11:00:00 - 11/10/2024 12:00:00","Belgium (BE)","49.28","29.30","88.25","22.16"
"11/10/2024 12:00:00 - 11/10/2024 13:00:00","Belgium (BE)","39.53","23.08","61.95"," "
"11/10/2024 13:00:00 - 11/10/2024 14:00:00","Belgium (BE)","29.95","19.18","25.25"," "
"11/10/2024 14:00:00 - 11/10/2024 15:00:00","Belgium (BE)","24.45","17.05","18.13"," "
"11/10/2024 15:00:00 - 11/10/2024 16:00:00","Belgium (BE)","21.10","17.50","15.63"," "
"11/10/2024 16:00:00 - 11/10/2024 17:00:00","Belgium (BE)","19.70","18.70","21.40"," "
"11/10/2024 17:00:00 - 11/10/2024 18:00:00","Belgium (BE)","19.98","20.33","20.70"," "
"11/10/2024 18:00:00 - 11/10/2024 19:00:00","Belgium (BE)","18.95","22.60","24.78"," "
"11/10/2024 19:00:00 - 11/10/2024 20:00:00","Belgium (BE)","17.53","28.75","25.90"," "
"11/10/2024 20:00:00 - 11/10/2024 21:00:00","Belgium (BE)","18.33","45.90","36.03"," "
"11/10/2024 21:00:00 - 11/10/2024 22:00:00","Belgium (BE)","27.85","76.65","54.10","76.95"
"11/10/2024 22:00:00 - 11/10/2024 23:00:00","Belgium (BE)","40.33","111.35","83.00","161.03"
"11/10/2024 23:00:00 - 12/10/2024 00:00:00","Belgium (BE)","58.55","131.35","102.55","227.59"
"12/10/2024 00:00:00 - 12/10/2024 01:00:00","Belgium (BE)","116.45","130.93","130.93","220.53"
"12/10/2024 01:00:00 - 12/10/2024 02:00:00","Belgium (BE)","107.85","121.90","121.90","161.86"
"12/10/2024 02:00:00 - 12/10/2024 03:00:00","Belgium (BE)","101.58","165.55","165.55","144.64"
"12/10/2024 03:00:00 - 12/10/2024 04:00:00","Belgium (BE)","105.03","157.93","157.93","152.91"
"12/10/2024 04:00:00 - 12/10/2024 05:00:00","Belgium (BE)","118.95","159.18","159.18","219.95"
"12/10/2024 05:00:00 - 12/10/2024 06:00:00","Belgium (BE)","139.50","167.68","167.68","295.35"
"12/10/2024 06:00:00 - 12/10/2024 07:00:00","Belgium (BE)","154.98","194.48","194.48","234.13"
"12/10/2024 07:00:00 - 12/10/2024 08:00:00","Belgium (BE)","159.90","240.35","240.35","196.57"
"12/10/2024 08:00:00 - 12/10/2024 09:00:00","Belgium (BE)","159.73","249.63","234.83","237.52"
"12/10/2024 09:00:00 - 12/10/2024 10:00:00","Belgium (BE)","174.40","288.90","263.60","171.18"
"12/10/2024 10:00:00 - 12/10/2024 11:00:00","Belgium (BE)","210.08","363.10","346.13","178.21"
"12/10/2024 11:00:00 - 12/10/2024 12:00:00","Belgium (BE)","255.63","451.53","385.78","429.04"
"12/10/2024 12:00:00 - 12/10/2024 13:00:00","Belgium (BE)","308.40","519.80","478.13","462.96"
"12/10/2024 13:00:00 - 12/10/2024 14:00:00","Belgium (BE)","368.85","557.88","517.35","498.35"
"12/10/2024 14:00:00 - 12/10/2024 15:00:00","Belgium (BE)","452.23","585.65","502.88","442.50"
"12/10/2024 15:00:00 - 12/10/2024 16:00:00","Belgium (BE)","565.73","641.75","552.73","531.39"
"12/10/2024 16:00:00 - 12/10/2024 17:00:00","Belgium (BE)","713.38","749.30","677.25","751.03"
"12/10/2024 17:00:00 - 12/10/2024 18:00:00","Belgium (BE)","903.50","943.03","887.68","1229.98"
"12/10/2024 18:00:00 - 12/10/2024 19:00:00","Belgium (BE)","1180.23","1240.85","1257.08","1673.71"
"12/10/2024 19:00:00 - 12/10/2024 20:00:00","Belgium (BE)","1554.53","1610.80","1776.90","1793.48"
"12/10/2024 20:00:00 - 12/10/2024 21:00:00","Belgium (BE)","1870.20","1910.35","2037.20","1952.12"
"12/10/2024 21:00:00 - 12/10/2024 22:00:00","Belgium (BE)","2009.28","2032.88","2036.58","1734.81"
"12/10/2024 22:00:00 - 12/10/2024 23:00:00","Belgium (BE)","2063.10","2069.03","2085.83","2113.18"
"12/10/2024 23:00:00 - 13/10/2024 00:00:00","Belgium (BE)","2087.63","2084.73","2102.80","2133.72"
"13/10/2024 00:00:00 - 13/10/2024 01:00:00","Belgium (BE)","2092.98","2132.98","2132.98","2106.14"
"13/10/2024 01:00:00 - 13/10/2024 02:00:00","Belgium (BE)","2092.08","2126.70","2126.70","2086.27"
"13/10/2024 02:00:00 - 13/10/2024 03:00:00","Belgium (BE)","2091.00","2131.18","2131.18","1958.57"
"13/10/2024 03:00:00 - 13/10/2024 04:00:00","Belgium (BE)","2087.68","2130.85","2130.85","1897.29"
"13/10/2024 04:00:00 - 13/10/2024 05:00:00","Belgium (BE)","2077.28","2102.55","2102.55","1927.16"
"13/10/2024 05:00:00 - 13/10/2024 06:00:00","Belgium (BE)","2050.35","2072.55","2072.55","1901.67"
"13/10/2024 06:00:00 - 13/10/2024 07:00:00","Belgium (BE)","1983.10","1981.80","1981.80","1925.45"
"13/10/2024 07:00:00 - 13/10/2024 08:00:00","Belgium (BE)","1855.68","1784.53","1824.80","1952.74"
"13/10/2024 08:00:00 - 13/10/2024 09:00:00","Belgium (BE)","1659.43","1502.05","1525.45","1527.34"
"13/10/2024 09:00:00 - 13/10/2024 10:00:00","Belgium (BE)","1383.78","1186.80","1257.35","916.72"
"13/10/2024 10:00:00 - 13/10/2024 11:00:00","Belgium (BE)","1090.18","893.70","914.10","806.11"
"13/10/2024 11:00:00 - 13/10/2024 12:00:00","Belgium (BE)","806.23","640.78","650.65","439.46"
"13/10/2024 12:00:00 - 13/10/2024 13:00:00","Belgium (BE)","557.03","428.53","491.20","344.17"
"13/10/2024 13:00:00 - 13/10/2024 14:00:00","Belgium (BE)","352.23","270.48","262.93","343.31"
"13/10/2024 14:00:00 - 13/10/2024 15:00:00","Belgium (BE)","205.65","162.63","184.73","208.13"
"13/10/2024 15:00:00 - 13/10/2024 16:00:00","Belgium (BE)","108.78","84.95","139.23","57.76"
"13/10/2024 16:00:00 - 13/10/2024 17:00:00","Belgium (BE)","53.25","41.53","89.83"," "
"13/10/2024 17:00:00 - 13/10/2024 18:00:00","Belgium (BE)","31.83","24.98","25.95"," "
"13/10/2024 18:00:00 - 13/10/2024 19:00:00","Belgium (BE)","23.78","17.10","13.13"," "
"13/10/2024 19:00:00 - 13/10/2024 20:00:00","Belgium (BE)","18.95","15.20","12.18"," "
"13/10/2024 20:00:00 - 13/10/2024 21:00:00","Belgium (BE)","13.63","14.50","11.98"," "
"13/10/2024 21:00:00 - 13/10/2024 22:00:00","Belgium (BE)","11.33","12.60","10.73"," "
"13/10/2024 22:00:00 - 13/10/2024 23:00:00","Belgium (BE)","11.25","11.80","10.48"," "
"13/10/2024 23:00:00 - 14/10/2024 00:00:00","Belgium (BE)","12.13","20.40","12.53"," "
"14/10/2024 00:00:00 - 14/10/2024 01:00:00","Belgium (BE)","20.75","27.98","27.98","8.39"
"14/10/2024 01:00:00 - 14/10/2024 02:00:00","Belgium (BE)","47.43","49.75","49.75"," "
"14/10/2024 02:00:00 - 14/10/2024 03:00:00","Belgium (BE)","112.78","108.68","108.68","25.19"
"14/10/2024 03:00:00 - 14/10/2024 04:00:00","Belgium (BE)","178.45","154.20","154.20","71.04"
"14/10/2024 04:00:00 - 14/10/2024 05:00:00","Belgium (BE)","214.08","222.83","222.83","202.12"
"14/10/2024 05:00:00 - 14/10/2024 06:00:00","Belgium (BE)","215.85","254.88","254.88","334.31"
"14/10/2024 06:00:00 - 14/10/2024 07:00:00","Belgium (BE)","194.10","333.85","333.85","334.82"
"14/10/2024 07:00:00 - 14/10/2024 08:00:00","Belgium (BE)","169.15","397.30","397.30","289.27"
"14/10/2024 08:00:00 - 14/10/2024 09:00:00","Belgium (BE)","162.65","442.60","418.43","212.88"
"14/10/2024 09:00:00 - 14/10/2024 10:00:00","Belgium (BE)","185.48","518.98","498.75","255.01"
"14/10/2024 10:00:00 - 14/10/2024 11:00:00","Belgium (BE)","232.95","601.20","425.23","206.88"
"14/10/2024 11:00:00 - 14/10/2024 12:00:00","Belgium (BE)","293.30","693.48","482.78","316.69"
"14/10/2024 12:00:00 - 14/10/2024 13:00:00","Belgium (BE)","335.83","780.03","486.18","451.13"
"14/10/2024 13:00:00 - 14/10/2024 14:00:00","Belgium (BE)","324.90","810.73","525.05","406.25"
"14/10/2024 14:00:00 - 14/10/2024 15:00:00","Belgium (BE)","304.00","825.70","552.98","294.52"
"14/10/2024 15:00:00 - 14/10/2024 16:00:00","Belgium (BE)","283.43","773.75","405.80","147.15"
"14/10/2024 16:00:00 - 14/10/2024 17:00:00","Belgium (BE)","266.68","683.50","359.55","71.52"
"14/10/2024 17:00:00 - 14/10/2024 18:00:00","Belgium (BE)","263.00","601.15","225.38","75.51"
"14/10/2024 18:00:00 - 14/10/2024 19:00:00","Belgium (BE)","278.63","526.73","253.75","175.94"
"14/10/2024 19:00:00 - 14/10/2024 20:00:00","Belgium (BE)","313.10","484.35","214.58","349.25"
"14/10/2024 20:00:00 - 14/10/2024 21:00:00","Belgium (BE)","356.45","470.15","264.60","537.82"
"14/10/2024 21:00:00 - 14/10/2024 22:00:00","Belgium (BE)","411.70","467.40","379.95","500.11"
"14/10/2024 22:00:00 - 14/10/2024 23:00:00","Belgium (BE)","474.25","481.03","403.73","424.73"
"14/10/2024 23:00:00 - 15/10/2024 00:00:00","Belgium (BE)","537.08","521.50","452.88","349.46"
"15/10/2024 00:00:00 - 15/10/2024 01:00:00","Belgium (BE)","519.03","570.78","570.78","510.13"
"15/10/2024 01:00:00 - 15/10/2024 02:00:00","Belgium (BE)","587.73","601.30","601.30","494.32"
"15/10/2024 02:00:00 - 15/10/2024 03:00:00","Belgium (BE)","620.53","610.20","610.20","508.34"
"15/10/2024 03:00:00 - 15/10/2024 04:00:00","Belgium (BE)","609.95","555.05","555.05","595.92"
"15/10/2024 04:00:00 - 15/10/2024 05:00:00","Belgium (BE)","609.80","572.03","572.03","624.65"
"15/10/2024 05:00:00 - 15/10/2024 06:00:00","Belgium (BE)","646.28","642.65","642.65","627.63"
"15/10/2024 06:00:00 - 15/10/2024 07:00:00","Belgium (BE)","712.18","695.95","695.95","580.65"
"15/10/2024 07:00:00 - 15/10/2024 08:00:00","Belgium (BE)","766.60","755.08","743.30","587.24"
"15/10/2024 08:00:00 - 15/10/2024 09:00:00","Belgium (BE)","773.30","775.20","671.45","563.02"
"15/10/2024 09:00:00 - 15/10/2024 10:00:00","Belgium (BE)","722.15","734.90","554.53","454.25"
"15/10/2024 10:00:00 - 15/10/2024 11:00:00","Belgium (BE)","655.23","667.38","511.93","396.52"
"15/10/2024 11:00:00 - 15/10/2024 12:00:00","Belgium (BE)","577.80","585.85","390.63","207.10"
"15/10/2024 12:00:00 - 15/10/2024 13:00:00","Belgium (BE)","512.78","521.43","339.53","137.86"
"15/10/2024 13:00:00 - 15/10/2024 14:00:00","Belgium (BE)","480.58","492.05","271.58","113.35"
"15/10/2024 14:00:00 - 15/10/2024 15:00:00","Belgium (BE)","477.18","491.08","326.60","150.26"
"15/10/2024 15:00:00 - 15/10/2024 16:00:00","Belgium (BE)","496.78","510.10","322.75","204.98"
"15/10/2024 16:00:00 - 15/10/2024 17:00:00","Belgium (BE)","534.78","541.50","456.80","236.07"
"15/10/2024 17:00:00 - 15/10/2024 18:00:00","Belgium (BE)","605.90","606.70","604.75","402.60"
"15/10/2024 18:00:00 - 15/10/2024 19:00:00","Belgium (BE)","715.10","712.58","772.88","675.69"
"15/10/2024 19:00:00 - 15/10/2024 20:00:00","Belgium (BE)","882.85","872.80","976.88","1197.45"
"15/10/2024 20:00:00 - 15/10/2024 21:00:00","Belgium (BE)","1116.93","1097.13","1135.05","1449.17"
"15/10/2024 21:00:00 - 15/10/2024 22:00:00","Belgium (BE)","1283.95","1256.85","1442.33","1376.39"
"15/10/2024 22:00:00 - 15/10/2024 23:00:00","Belgium (BE)","1344.90","1315.18","1448.13","1315.93"
"15/10/2024 23:00:00 - 16/10/2024 00:00:00","Belgium (BE)","1343.80","1322.00","1415.33","1236.43"
"16/10/2024 00:00:00 - 16/10/2024 01:00:00","Belgium (BE)","1314.95","1333.48","1333.48","1004.46"
"16/10/2024 01:00:00 - 16/10/2024 02:00:00","Belgium (BE)","1300.98","1321.25","1321.25","1024.31"
"16/10/2024 02:00:00 - 16/10/2024 03:00:00","Belgium (BE)","1294.90","1290.83","1290.83","1103.31"
"16/10/2024 03:00:00 - 16/10/2024 04:00:00","Belgium (BE)","1285.58","1319.20","1319.20","1255.96"
"16/10/2024 04:00:00 - 16/10/2024 05:00:00","Belgium (BE)","1296.80","1369.53","1369.53","1426.10"
"16/10/2024 05:00:00 - 16/10/2024 06:00:00","Belgium (BE)","1282.90","1452.43","1452.43","1267.93"
"16/10/2024 06:00:00 - 16/10/2024 07:00:00","Belgium (BE)","1244.28","1478.93","1478.93","1222.47"
"16/10/2024 07:00:00 - 16/10/2024 08:00:00","Belgium (BE)","1207.83","1316.03","1316.03","1203.43"
"16/10/2024 08:00:00 - 16/10/2024 09:00:00","Belgium (BE)","1161.00","1211.38","1205.30","1277.10"
"16/10/2024 09:00:00 - 16/10/2024 10:00:00","Belgium (BE)","1156.68","1147.23","1183.60","1368.28"
"16/10/2024 10:00:00 - 16/10/2024 11:00:00","Belgium (BE)","1168.25","1126.10","1221.28","1256.22"
"16/10/2024 11:00:00 - 16/10/2024 12:00:00","Belgium (BE)","1205.40","1085.03","1258.95","1127.22"
"16/10/2024 12:00:00 - 16/10/2024 13:00:00","Belgium (BE)","1258.23","999.35","1141.60","1188.41"
"16/10/2024 13:00:00 - 16/10/2024 14:00:00","Belgium (BE)","1261.13","928.85","1136.93","1000.62"
"16/10/2024 14:00:00 - 16/10/2024 15:00:00","Belgium (BE)","1174.23","866.83","1139.70","909.25"
"16/10/2024 15:00:00 - 16/10/2024 16:00:00","Belgium (BE)","1041.28","809.28","1043.25","675.79"
"16/10/2024 16:00:00 - 16/10/2024 17:00:00","Belgium (BE)","948.93","824.70","1046.60","433.78"
"16/10/2024 17:00:00 - 16/10/2024 18:00:00","Belgium (BE)","969.83","938.50","1085.25","454.95"
"16/10/2024 18:00:00 - 16/10/2024 19:00:00","Belgium (BE)","1072.98","1117.78","1024.25","743.62"
"16/10/2024 19:00:00 - 16/10/2024 20:00:00","Belgium (BE)","1203.70","1299.40","1086.43","1038.75"
"16/10/2024 20:00:00 - 16/10/2024 21:00:00","Belgium (BE)","1325.35","1423.58","1262.40","1573.21"
"16/10/2024 21:00:00 - 16/10/2024 22:00:00","Belgium (BE)","1364.88","1468.70","1406.40","1556.44"
"16/10/2024 22:00:00 - 16/10/2024 23:00:00","Belgium (BE)","1312.95","1442.78","1452.73","1682.21"
"16/10/2024 23:00:00 - 17/10/2024 00:00:00","Belgium (BE)","1240.53","1398.23","1420.95","1771.36"
"17/10/2024 00:00:00 - 17/10/2024 01:00:00","Belgium (BE)","1339.35","1202.20","1202.20","1618.74"
"17/10/2024 01:00:00 - 17/10/2024 02:00:00","Belgium (BE)","1181.48","993.35","993.35","769.29"
"17/10/2024 02:00:00 - 17/10/2024 03:00:00","Belgium (BE)","1063.28","829.00","829.00","360.77"
"17/10/2024 03:00:00 - 17/10/2024 04:00:00","Belgium (BE)","987.53","397.03","397.03","308.91"
"17/10/2024 04:00:00 - 17/10/2024 05:00:00","Belgium (BE)","971.00","286.15","286.15","352.30"
"17/10/2024 05:00:00 - 17/10/2024 06:00:00","Belgium (BE)","1004.85","358.38","358.38","734.66"
"17/10/2024 06:00:00 - 17/10/2024 07:00:00","Belgium (BE)","1025.18","412.88","412.88","534.11"
"17/10/2024 07:00:00 - 17/10/2024 08:00:00","Belgium (BE)","996.98","518.00","679.90","711.16"
"17/10/2024 08:00:00 - 17/10/2024 09:00:00","Belgium (BE)","898.13","564.55","618.48","803.88"
"17/10/2024 09:00:00 - 17/10/2024 10:00:00","Belgium (BE)","704.60","528.15","709.83","473.26"
"17/10/2024 10:00:00 - 17/10/2024 11:00:00","Belgium (BE)","509.43","478.40","881.83","768.50"
"17/10/2024 11:00:00 - 17/10/2024 12:00:00","Belgium (BE)","390.28","399.88","593.10","833.34"
"17/10/2024 12:00:00 - 17/10/2024 13:00:00","Belgium (BE)","311.78","282.68","673.83","852.04"
"17/10/2024 13:00:00 - 17/10/2024 14:00:00","Belgium (BE)","244.33","193.18","703.55","491.90"
"17/10/2024 14:00:00 - 17/10/2024 15:00:00","Belgium (BE)","166.95","129.83","526.05","465.75"
"17/10/2024 15:00:00 - 17/10/2024 16:00:00","Belgium (BE)","99.15","84.88","377.40","305.61"
"17/10/2024 16:00:00 - 17/10/2024 17:00:00","Belgium (BE)","61.63","60.45","308.85","196.03"
"17/10/2024 17:00:00 - 17/10/2024 18:00:00","Belgium (BE)","42.05","51.65","234.55","120.71"
"17/10/2024 18:00:00 - 17/10/2024 19:00:00","Belgium (BE)","32.48","48.05","192.98","6.37"
"17/10/2024 19:00:00 - 17/10/2024 20:00:00","Belgium (BE)","25.38","47.60","106.40","7.12"
"17/10/2024 20:00:00 - 17/10/2024 21:00:00","Belgium (BE)","22.20","43.15","44.95","7.62"
"17/10/2024 21:00:00 - 17/10/2024 22:00:00","Belgium (BE)","21.28","36.68","31.75"," "
"17/10/2024 22:00:00 - 17/10/2024 23:00:00","Belgium (BE)","24.88","26.85","27.38"," "
"17/10/2024 23:00:00 - 18/10/2024 00:00:00","Belgium (BE)","28.38","22.75","22.38"," "
"18/10/2024 00:00:00 - 18/10/2024 01:00:00","Belgium (BE)","25.40","8.70","8.70"," "
"18/10/2024 01:00:00 - 18/10/2024 02:00:00","Belgium (BE)","21.95","8.08","8.08"," "
"18/10/2024 02:00:00 - 18/10/2024 03:00:00","Belgium (BE)","21.60","11.40","11.40"," "
"18/10/2024 03:00:00 - 18/10/2024 04:00:00","Belgium (BE)","23.38","12.60","12.60"," "
"18/10/2024 04:00:00 - 18/10/2024 05:00:00","Belgium (BE)","24.08","6.85","6.85"," "
"18/10/2024 05:00:00 - 18/10/2024 06:00:00","Belgium (BE)","23.08","8.75","8.75"," "
"18/10/2024 06:00:00 - 18/10/2024 07:00:00","Belgium (BE)","21.00","11.93","11.93","1.31"
"18/10/2024 07:00:00 - 18/10/2024 08:00:00","Belgium (BE)","19.60","13.25","13.25","0.29"
"18/10/2024 08:00:00 - 18/10/2024 09:00:00","Belgium (BE)","18.35","15.15","15.15","4.96"
"18/10/2024 09:00:00 - 18/10/2024 10:00:00","Belgium (BE)","17.33","17.15","16.40","1.22"
"18/10/2024 10:00:00 - 18/10/2024 11:00:00","Belgium (BE)","17.40","16.55","6.00"," "
"18/10/2024 11:00:00 - 18/10/2024 12:00:00","Belgium (BE)","15.55","13.25","1.33","2.68"
"18/10/2024 12:00:00 - 18/10/2024 13:00:00","Belgium (BE)","16.98","13.68","1.65"," "
"18/10/2024 13:00:00 - 18/10/2024 14:00:00","Belgium (BE)","19.60","16.25","18.03","4.76"
"18/10/2024 14:00:00 - 18/10/2024 15:00:00","Belgium (BE)","22.65","17.33","40.00"," "
"18/10/2024 15:00:00 - 18/10/2024 16:00:00","Belgium (BE)","20.05","18.53","19.38"," "
"18/10/2024 16:00:00 - 18/10/2024 17:00:00","Belgium (BE)","21.55","20.13","11.68"," "
"18/10/2024 17:00:00 - 18/10/2024 18:00:00","Belgium (BE)","22.10","16.30","10.83"," "
"18/10/2024 18:00:00 - 18/10/2024 19:00:00","Belgium (BE)","26.83","22.08","30.90"," "
"18/10/2024 19:00:00 - 18/10/2024 20:00:00","Belgium (BE)","38.00","42.13","61.08"," "
"18/10/2024 20:00:00 - 18/10/2024 21:00:00","Belgium (BE)","58.80","85.80","119.28","60.67"
"18/10/2024 21:00:00 - 18/10/2024 22:00:00","Belgium (BE)","88.65","139.70","172.55","102.97"
"18/10/2024 22:00:00 - 18/10/2024 23:00:00","Belgium (BE)","99.75","182.48","201.83","156.26"
"18/10/2024 23:00:00 - 19/10/2024 00:00:00","Belgium (BE)","98.35","209.28","193.58","261.60"
"19/10/2024 00:00:00 - 19/10/2024 01:00:00","Belgium (BE)","178.60","176.03","176.03","235.21"
"19/10/2024 01:00:00 - 19/10/2024 02:00:00","Belgium (BE)","172.65","198.20","198.20","147.11"
"19/10/2024 02:00:00 - 19/10/2024 03:00:00","Belgium (BE)","194.40","266.90","266.90","310.22"
"19/10/2024 03:00:00 - 19/10/2024 04:00:00","Belgium (BE)","230.48","252.20","252.20","312.79"
"19/10/2024 04:00:00 - 19/10/2024 05:00:00","Belgium (BE)","284.98","306.38","306.38","358.80"
"19/10/2024 05:00:00 - 19/10/2024 06:00:00","Belgium (BE)","355.33","354.28","354.28","345.92"
"19/10/2024 06:00:00 - 19/10/2024 07:00:00","Belgium (BE)","402.53","401.20","401.20","477.58"
"19/10/2024 07:00:00 - 19/10/2024 08:00:00","Belgium (BE)","419.70","447.15","447.15","523.24"
"19/10/2024 08:00:00 - 19/10/2024 09:00:00","Belgium (BE)","459.75","530.10","573.98","600.19"
"19/10/2024 09:00:00 - 19/10/2024 10:00:00","Belgium (BE)","520.85","614.28","655.08","805.06"
"19/10/2024 10:00:00 - 19/10/2024 11:00:00","Belgium (BE)","573.25","704.10","627.15","719.60"
"19/10/2024 11:00:00 - 19/10/2024 12:00:00","Belgium (BE)","538.93","803.75","741.35","709.19"
"19/10/2024 12:00:00 - 19/10/2024 13:00:00","Belgium (BE)","511.00","944.13","734.73","678.42"
"19/10/2024 13:00:00 - 19/10/2024 14:00:00","Belgium (BE)","542.40","1109.25","799.68","690.13"
"19/10/2024 14:00:00 - 19/10/2024 15:00:00","Belgium (BE)","526.88","1226.30","939.23","883.94"
"19/10/2024 15:00:00 - 19/10/2024 16:00:00","Belgium (BE)","534.65","1270.83","1153.25","1122.83"
"19/10/2024 16:00:00 - 19/10/2024 17:00:00","Belgium (BE)","619.10","1233.13","1352.95","1399.19"
"19/10/2024 17:00:00 - 19/10/2024 18:00:00","Belgium (BE)","809.43","1098.50","1427.40","1432.61"
"19/10/2024 18:00:00 - 19/10/2024 19:00:00","Belgium (BE)","1019.38","901.73","1368.95","1444.97"
"19/10/2024 19:00:00 - 19/10/2024 20:00:00","Belgium (BE)","1149.15","710.83","1198.28","996.14"
"19/10/2024 20:00:00 - 19/10/2024 21:00:00","Belgium (BE)","1229.00","567.00","960.13","363.79"
"19/10/2024 21:00:00 - 19/10/2024 22:00:00","Belgium (BE)","1187.53","449.50","710.78","190.57"
"19/10/2024 22:00:00 - 19/10/2024 23:00:00","Belgium (BE)","1046.75","356.53","523.50","155.03"
"19/10/2024 23:00:00 - 20/10/2024 00:00:00","Belgium (BE)","867.90","275.90","403.03","138.60"
"20/10/2024 00:00:00 - 20/10/2024 01:00:00","Belgium (BE)","344.95","167.08","167.08","134.50"
"20/10/2024 01:00:00 - 20/10/2024 02:00:00","Belgium (BE)","306.30","172.43","172.43","84.01"
"20/10/2024 02:00:00 - 20/10/2024 03:00:00","Belgium (BE)","291.10","184.73","184.73","46.98"
"20/10/2024 03:00:00 - 20/10/2024 04:00:00","Belgium (BE)","282.15","219.60","219.60","134.66"
"20/10/2024 04:00:00 - 20/10/2024 05:00:00","Belgium (BE)","286.60","284.90","284.90","218.59"
"20/10/2024 05:00:00 - 20/10/2024 06:00:00","Belgium (BE)","327.03","393.83","393.83","317.12"
"20/10/2024 06:00:00 - 20/10/2024 07:00:00","Belgium (BE)","410.05","503.83","503.83","415.33"
"20/10/2024 07:00:00 - 20/10/2024 08:00:00","Belgium (BE)","539.33","652.08","652.08","634.78"
"20/10/2024 08:00:00 - 20/10/2024 09:00:00","Belgium (BE)","744.63","861.20","861.20","939.70"
"20/10/2024 09:00:00 - 20/10/2024 10:00:00","Belgium (BE)","1028.10","1153.88","1104.30","1437.66"
"20/10/2024 10:00:00 - 20/10/2024 11:00:00","Belgium (BE)","1366.45","1494.08","1534.03","1775.69"
"20/10/2024 11:00:00 - 20/10/2024 12:00:00","Belgium (BE)","1675.05","1770.68","1802.55","1947.21"
"20/10/2024 12:00:00 - 20/10/2024 13:00:00","Belgium (BE)","1899.43","1950.88","1980.53","1861.34"
"20/10/2024 13:00:00 - 20/10/2024 14:00:00","Belgium (BE)","2036.10","2059.58","2079.63","1943.80"
"20/10/2024 14:00:00 - 20/10/2024 15:00:00","Belgium (BE)","2101.30","2109.95","2122.73","1859.20"
"20/10/2024 15:00:00 - 20/10/2024 16:00:00","Belgium (BE)","2124.25","2127.60","2131.85","1867.42"
"20/10/2024 16:00:00 - 20/10/2024 17:00:00","Belgium (BE)","2126.75","2127.23","2127.20","2113.70"
"20/10/2024 17:00:00 - 20/10/2024 18:00:00","Belgium (BE)","2122.03","2125.18","2125.10","2119.49"
"20/10/2024 18:00:00 - 20/10/2024 19:00:00","Belgium (BE)","2110.33","2125.10","2122.20","2113.76"
"20/10/2024 19:00:00 - 20/10/2024 20:00:00","Belgium (BE)","2084.33","2116.03","2114.58","2107.92"
"20/10/2024 20:00:00 - 20/10/2024 21:00:00","Belgium (BE)","2043.10","2091.78","2103.85","2041.96"
"20/10/2024 21:00:00 - 20/10/2024 22:00:00","Belgium (BE)","1982.88","2051.05","2080.25","1737.58"
"20/10/2024 22:00:00 - 20/10/2024 23:00:00","Belgium (BE)","1935.15","2003.48","2049.23","1569.96"
"20/10/2024 23:00:00 - 21/10/2024 00:00:00","Belgium (BE)","1922.25","1974.43","2019.03","1780.28"
"21/10/2024 00:00:00 - 21/10/2024 01:00:00","Belgium (BE)","1984.28","2028.55","2028.55","2000.06"
"21/10/2024 01:00:00 - 21/10/2024 02:00:00","Belgium (BE)","1950.58","2003.35","2003.35","2037.86"
"21/10/2024 02:00:00 - 21/10/2024 03:00:00","Belgium (BE)","1896.33","1978.45","1978.45","2002.86"
"21/10/2024 03:00:00 - 21/10/2024 04:00:00","Belgium (BE)","1788.03","1907.63","1907.63","1985.67"
"21/10/2024 04:00:00 - 21/10/2024 05:00:00","Belgium (BE)","1624.50","1785.20","1785.20","1897.34"
"21/10/2024 05:00:00 - 21/10/2024 06:00:00","Belgium (BE)","1440.13","1623.70","1623.70","1736.55"
"21/10/2024 06:00:00 - 21/10/2024 07:00:00","Belgium (BE)","1238.65","1456.08","1456.08","1380.38"
"21/10/2024 07:00:00 - 21/10/2024 08:00:00","Belgium (BE)","1012.85","1268.35","1268.35","1161.25"
"21/10/2024 08:00:00 - 21/10/2024 09:00:00","Belgium (BE)","823.35","1075.70","1021.15","826.19"
"21/10/2024 09:00:00 - 21/10/2024 10:00:00","Belgium (BE)","678.40","896.35","805.33","714.76"
"21/10/2024 10:00:00 - 21/10/2024 11:00:00","Belgium (BE)","521.40","710.28","589.45","697.10"
"21/10/2024 11:00:00 - 21/10/2024 12:00:00","Belgium (BE)","356.38","561.15","451.03","675.22"
"21/10/2024 12:00:00 - 21/10/2024 13:00:00","Belgium (BE)","237.63","474.10","373.48","468.54"
"21/10/2024 13:00:00 - 21/10/2024 14:00:00","Belgium (BE)","165.85","388.08","308.08","442.58"
"21/10/2024 14:00:00 - 21/10/2024 15:00:00","Belgium (BE)","112.33","280.68","200.95","348.56"
"21/10/2024 15:00:00 - 21/10/2024 16:00:00","Belgium (BE)","74.23","195.45","225.08","192.70"
"21/10/2024 16:00:00 - 21/10/2024 17:00:00","Belgium (BE)","51.85","134.55","147.33","59.22"
"21/10/2024 17:00:00 - 21/10/2024 18:00:00","Belgium (BE)","41.10","95.40","90.90","1.71"
"21/10/2024 18:00:00 - 21/10/2024 19:00:00","Belgium (BE)","33.55","76.88","40.90","1.11"
"21/10/2024 19:00:00 - 21/10/2024 20:00:00","Belgium (BE)","30.88","66.35","22.95"," "
"21/10/2024 20:00:00 - 21/10/2024 21:00:00","Belgium (BE)","27.43","60.83","26.68"," "
"21/10/2024 21:00:00 - 21/10/2024 22:00:00","Belgium (BE)","29.55","63.00","32.78","4.83"
"21/10/2024 22:00:00 - 21/10/2024 23:00:00","Belgium (BE)","34.15","74.30","40.93","147.03"
"21/10/2024 23:00:00 - 22/10/2024 00:00:00","Belgium (BE)","37.33","93.45","49.83","236.83"
"22/10/2024 00:00:00 - 22/10/2024 01:00:00","Belgium (BE)","77.85","159.10","159.10","95.00"
"22/10/2024 01:00:00 - 22/10/2024 02:00:00","Belgium (BE)","119.80","196.73","196.73","80.96"
"22/10/2024 02:00:00 - 22/10/2024 03:00:00","Belgium (BE)","176.35","162.00","162.00","368.52"
"22/10/2024 03:00:00 - 22/10/2024 04:00:00","Belgium (BE)","233.88","229.78","229.78","367.16"
"22/10/2024 04:00:00 - 22/10/2024 05:00:00","Belgium (BE)","261.48","376.85","376.85","465.71"
"22/10/2024 05:00:00 - 22/10/2024 06:00:00","Belgium (BE)","250.55","371.55","371.55","384.36"
"22/10/2024 06:00:00 - 22/10/2024 07:00:00","Belgium (BE)","227.30","372.18","372.18","326.26"
"22/10/2024 07:00:00 - 22/10/2024 08:00:00","Belgium (BE)","205.53","341.90","316.23","275.42"
"22/10/2024 08:00:00 - 22/10/2024 09:00:00","Belgium (BE)","192.25","324.93","309.28","448.76"
"22/10/2024 09:00:00 - 22/10/2024 10:00:00","Belgium (BE)","192.73","326.00","282.65","519.46"
"22/10/2024 10:00:00 - 22/10/2024 11:00:00","Belgium (BE)","204.83","343.23","449.85","541.94"
"22/10/2024 11:00:00 - 22/10/2024 12:00:00","Belgium (BE)","225.63","385.50","488.33","590.59"
"22/10/2024 12:00:00 - 22/10/2024 13:00:00","Belgium (BE)","254.25","445.00","501.08","613.56"
"22/10/2024 13:00:00 - 22/10/2024 14:00:00","Belgium (BE)","284.18","506.43","539.95","651.01"
"22/10/2024 14:00:00 - 22/10/2024 15:00:00","Belgium (BE)","312.30","537.40","541.78","559.21"
"22/10/2024 15:00:00 - 22/10/2024 16:00:00","Belgium (BE)","338.55","525.98","548.45","575.06"
"22/10/2024 16:00:00 - 22/10/2024 17:00:00","Belgium (BE)","361.75","484.70","536.73","587.11"
"22/10/2024 17:00:00 - 22/10/2024 18:00:00","Belgium (BE)","375.68","426.65","491.80","651.14"
"22/10/2024 18:00:00 - 22/10/2024 19:00:00","Belgium (BE)","358.85","359.30","430.45","762.14"
"22/10/2024 19:00:00 - 22/10/2024 20:00:00","Belgium (BE)","320.75","289.10","424.08","778.53"
"22/10/2024 20:00:00 - 22/10/2024 21:00:00","Belgium (BE)","286.03","217.13","406.98","547.04"
"22/10/2024 21:00:00 - 22/10/2024 22:00:00","Belgium (BE)","252.03","151.00","375.25","462.67"
"22/10/2024 22:00:00 - 22/10/2024 23:00:00","Belgium (BE)","221.25","101.80","228.58","231.92"
"22/10/2024 23:00:00 - 23/10/2024 00:00:00","Belgium (BE)","199.65","74.20","138.13","128.04"
"23/10/2024 00:00:00 - 23/10/2024 01:00:00","Belgium (BE)","54.08","124.25","124.25","60.34"
"23/10/2024 01:00:00 - 23/10/2024 02:00:00","Belgium (BE)","44.98","94.78","94.78","47.96"
"23/10/2024 02:00:00 - 23/10/2024 03:00:00","Belgium (BE)","43.45","71.55","71.55","48.56"
"23/10/2024 03:00:00 - 23/10/2024 04:00:00","Belgium (BE)","47.23","85.70","85.70","40.85"
"23/10/2024 04:00:00 - 23/10/2024 05:00:00","Belgium (BE)","49.28","96.53","96.53","31.84"
"23/10/2024 05:00:00 - 23/10/2024 06:00:00","Belgium (BE)","52.55","79.63","79.63","14.02"
"23/10/2024 06:00:00 - 23/10/2024 07:00:00","Belgium (BE)","65.30","88.10","88.10","55.69"
"23/10/2024 07:00:00 - 23/10/2024 08:00:00","Belgium (BE)","88.78","131.90","112.00","167.15"
"23/10/2024 08:00:00 - 23/10/2024 09:00:00","Belgium (BE)","107.63","174.43","158.98","203.95"
"23/10/2024 09:00:00 - 23/10/2024 10:00:00","Belgium (BE)","116.70","208.55","206.93","231.97"
"23/10/2024 10:00:00 - 23/10/2024 11:00:00","Belgium (BE)","110.73","219.38","226.40","245.17"
"23/10/2024 11:00:00 - 23/10/2024 12:00:00","Belgium (BE)","101.10","209.33","197.00","182.44"
"23/10/2024 12:00:00 - 23/10/2024 13:00:00","Belgium (BE)","91.23","184.75","164.70","179.50"
"23/10/2024 13:00:00 - 23/10/2024 14:00:00","Belgium (BE)","71.80","141.93","115.90","180.55"
"23/10/2024 14:00:00 - 23/10/2024 15:00:00","Belgium (BE)","51.90","96.60","97.73","130.95"
"23/10/2024 15:00:00 - 23/10/2024 16:00:00","Belgium (BE)","35.28","62.38","80.78","48.36"
"23/10/2024 16:00:00 - 23/10/2024 17:00:00","Belgium (BE)","24.13","41.03","55.30","14.64"
"23/10/2024 17:00:00 - 23/10/2024 18:00:00","Belgium (BE)","19.65","33.08","38.08"," "
"23/10/2024 18:00:00 - 23/10/2024 19:00:00","Belgium (BE)","22.88","37.75","39.58"," "
"23/10/2024 19:00:00 - 23/10/2024 20:00:00","Belgium (BE)","35.60","53.65","41.50"," "
"23/10/2024 20:00:00 - 23/10/2024 21:00:00","Belgium (BE)","58.78","65.55","61.95"," "
"23/10/2024 21:00:00 - 23/10/2024 22:00:00","Belgium (BE)","87.40","78.63","71.40","3.88"
"23/10/2024 22:00:00 - 23/10/2024 23:00:00","Belgium (BE)","112.08","98.43","123.88","35.54"
"23/10/2024 23:00:00 - 24/10/2024 00:00:00","Belgium (BE)","130.68","125.10","185.05","141.01"
"24/10/2024 00:00:00 - 24/10/2024 01:00:00","Belgium (BE)","232.33","246.78","246.78","276.74"
"24/10/2024 01:00:00 - 24/10/2024 02:00:00","Belgium (BE)","246.73","229.90","229.90","302.99"
"24/10/2024 02:00:00 - 24/10/2024 03:00:00","Belgium (BE)","252.05","256.78","256.78","290.75"
"24/10/2024 03:00:00 - 24/10/2024 04:00:00","Belgium (BE)","252.35","258.35","258.35","285.20"
"24/10/2024 04:00:00 - 24/10/2024 05:00:00","Belgium (BE)","249.10","252.83","252.83","296.33"
"24/10/2024 05:00:00 - 24/10/2024 06:00:00","Belgium (BE)","245.28","253.95","253.95","359.11"
"24/10/2024 06:00:00 - 24/10/2024 07:00:00","Belgium (BE)","241.48","240.45","240.45","359.47"
"24/10/2024 07:00:00 - 24/10/2024 08:00:00","Belgium (BE)","243.68","237.43","247.10","333.56"
"24/10/2024 08:00:00 - 24/10/2024 09:00:00","Belgium (BE)","258.63","244.30","275.20","292.74"
"24/10/2024 09:00:00 - 24/10/2024 10:00:00","Belgium (BE)","277.38","256.15","288.90","291.39"
"24/10/2024 10:00:00 - 24/10/2024 11:00:00","Belgium (BE)","281.58","257.85","240.03","346.52"
"24/10/2024 11:00:00 - 24/10/2024 12:00:00","Belgium (BE)","267.45","240.80","223.55","240.90"
"24/10/2024 12:00:00 - 24/10/2024 13:00:00","Belgium (BE)","244.93","214.80","189.08","140.08"
"24/10/2024 13:00:00 - 24/10/2024 14:00:00","Belgium (BE)","228.63","193.03","182.30","100.98"
"24/10/2024 14:00:00 - 24/10/2024 15:00:00","Belgium (BE)","221.13","187.55","143.50","99.63"
"24/10/2024 15:00:00 - 24/10/2024 16:00:00","Belgium (BE)","229.30","206.13","144.48","203.67"
"24/10/2024 16:00:00 - 24/10/2024 17:00:00","Belgium (BE)","258.90","244.08","181.38","341.24"
"24/10/2024 17:00:00 - 24/10/2024 18:00:00","Belgium (BE)","298.20","272.85","220.63","334.29"
"24/10/2024 18:00:00 - 24/10/2024 19:00:00","Belgium (BE)","337.55","285.20","247.90","360.93"
"24/10/2024 19:00:00 - 24/10/2024 20:00:00","Belgium (BE)","356.35","286.15","256.88","467.94"
"24/10/2024 20:00:00 - 24/10/2024 21:00:00","Belgium (BE)","364.58","291.33","259.98","580.29"
"24/10/2024 21:00:00 - 24/10/2024 22:00:00","Belgium (BE)","375.53","296.08","258.63","519.96"
"24/10/2024 22:00:00 - 24/10/2024 23:00:00","Belgium (BE)","365.73","295.73","253.45","477.98"
"24/10/2024 23:00:00 - 25/10/2024 00:00:00","Belgium (BE)","345.50","291.53","265.88","417.83"
"25/10/2024 00:00:00 - 25/10/2024 01:00:00","Belgium (BE)","277.48","311.25","311.25","309.37"
"25/10/2024 01:00:00 - 25/10/2024 02:00:00","Belgium (BE)","265.40","273.70","273.70","270.99"
"25/10/2024 02:00:00 - 25/10/2024 03:00:00","Belgium (BE)","233.68","262.18","262.18","225.42"
"25/10/2024 03:00:00 - 25/10/2024 04:00:00","Belgium (BE)","211.63","220.65","220.65","208.86"
"25/10/2024 04:00:00 - 25/10/2024 05:00:00","Belgium (BE)","199.13","183.55","183.55","105.20"
"25/10/2024 05:00:00 - 25/10/2024 06:00:00","Belgium (BE)","189.73","151.95","151.95","38.11"
"25/10/2024 06:00:00 - 25/10/2024 07:00:00","Belgium (BE)","197.10","139.95","139.95","26.14"
"25/10/2024 07:00:00 - 25/10/2024 08:00:00","Belgium (BE)","229.10","156.70","156.70","86.62"
"25/10/2024 08:00:00 - 25/10/2024 09:00:00","Belgium (BE)","270.93","205.55","214.40","228.33"
"25/10/2024 09:00:00 - 25/10/2024 10:00:00","Belgium (BE)","296.68","265.03","256.55","255.73"
"25/10/2024 10:00:00 - 25/10/2024 11:00:00","Belgium (BE)","296.68","319.25","347.30","319.01"
"25/10/2024 11:00:00 - 25/10/2024 12:00:00","Belgium (BE)","274.78","323.83","315.00","255.63"
"25/10/2024 12:00:00 - 25/10/2024 13:00:00","Belgium (BE)","235.48","262.05","248.35","231.40"
"25/10/2024 13:00:00 - 25/10/2024 14:00:00","Belgium (BE)","196.70","197.83","193.23","254.56"
"25/10/2024 14:00:00 - 25/10/2024 15:00:00","Belgium (BE)","169.30","150.68","111.38","270.90"
"25/10/2024 15:00:00 - 25/10/2024 16:00:00","Belgium (BE)","145.70","128.13","129.75","258.99"
"25/10/2024 16:00:00 - 25/10/2024 17:00:00","Belgium (BE)","128.75","121.68","115.78","204.83"
"25/10/2024 17:00:00 - 25/10/2024 18:00:00","Belgium (BE)","126.65","128.15","172.85","162.22"
"25/10/2024 18:00:00 - 25/10/2024 19:00:00","Belgium (BE)","132.68","153.53","173.58","188.96"
"25/10/2024 19:00:00 - 25/10/2024 20:00:00","Belgium (BE)","134.90","177.85","168.53","279.64"
"25/10/2024 20:00:00 - 25/10/2024 21:00:00","Belgium (BE)","130.18","172.28","159.03","337.94"
"25/10/2024 21:00:00 - 25/10/2024 22:00:00","Belgium (BE)","111.83","147.25","162.58","289.50"
"25/10/2024 22:00:00 - 25/10/2024 23:00:00","Belgium (BE)","90.30","118.35","121.13","155.23"
"25/10/2024 23:00:00 - 26/10/2024 00:00:00","Belgium (BE)","78.93","93.65","88.60","27.62"
"26/10/2024 00:00:00 - 26/10/2024 01:00:00","Belgium (BE)","50.60","59.55","59.55"," "
"26/10/2024 01:00:00 - 26/10/2024 02:00:00","Belgium (BE)","32.88","24.78","24.78"," "
"26/10/2024 02:00:00 - 26/10/2024 03:00:00","Belgium (BE)","22.55","13.10","13.10"," "
"26/10/2024 03:00:00 - 26/10/2024 04:00:00","Belgium (BE)","16.65","11.88","11.88"," "
"26/10/2024 04:00:00 - 26/10/2024 05:00:00","Belgium (BE)","14.68","9.30","9.30"," "
"26/10/2024 05:00:00 - 26/10/2024 06:00:00","Belgium (BE)","13.40","8.28","8.28"," "
"26/10/2024 06:00:00 - 26/10/2024 07:00:00","Belgium (BE)","11.55","8.13","8.13"," "
"26/10/2024 07:00:00 - 26/10/2024 08:00:00","Belgium (BE)","9.60","10.40","10.40"," "
"26/10/2024 08:00:00 - 26/10/2024 09:00:00","Belgium (BE)","9.33","15.45","15.80"," "
"26/10/2024 09:00:00 - 26/10/2024 10:00:00","Belgium (BE)","18.13","21.90","21.65"," "
"26/10/2024 10:00:00 - 26/10/2024 11:00:00","Belgium (BE)","29.98","31.85","31.13"," "
"26/10/2024 11:00:00 - 26/10/2024 12:00:00","Belgium (BE)","37.58","41.25","26.93","12.77"
"26/10/2024 12:00:00 - 26/10/2024 13:00:00","Belgium (BE)","48.40","47.65","35.15","16.18"
"26/10/2024 13:00:00 - 26/10/2024 14:00:00","Belgium (BE)","59.40","52.35","27.80"," "
"26/10/2024 14:00:00 - 26/10/2024 15:00:00","Belgium (BE)","71.23","50.98","23.30"," "
"26/10/2024 15:00:00 - 26/10/2024 16:00:00","Belgium (BE)","82.95","45.28","19.28"," "
"26/10/2024 16:00:00 - 26/10/2024 17:00:00","Belgium (BE)","97.13","40.18","20.38"," "
"26/10/2024 17:00:00 - 26/10/2024 18:00:00","Belgium (BE)","108.05","33.88","22.58","25.75"
"26/10/2024 18:00:00 - 26/10/2024 19:00:00","Belgium (BE)","111.00","27.38","27.25","26.98"
"26/10/2024 19:00:00 - 26/10/2024 20:00:00","Belgium (BE)","109.78","24.80","34.78","19.73"
"26/10/2024 20:00:00 - 26/10/2024 21:00:00","Belgium (BE)","106.60","22.28","30.03","5.28"
"26/10/2024 21:00:00 - 26/10/2024 22:00:00","Belgium (BE)","96.05","22.03","34.05","0.13"
"26/10/2024 22:00:00 - 26/10/2024 23:00:00","Belgium (BE)","89.00","30.68","49.98","56.98"
"26/10/2024 23:00:00 - 27/10/2024 00:00:00","Belgium (BE)","92.85","44.38","69.50","58.30"
"27/10/2024 00:00:00 - 27/10/2024 01:00:00","Belgium (BE)","83.43","120.00","120.00","176.67"
"27/10/2024 01:00:00 - 27/10/2024 02:00:00 (CEST)","Belgium (BE)","99.05","106.95","106.95","80.20"
"27/10/2024 02:00:00 (CEST) - 27/10/2024 02:00:00 (CET)","Belgium (BE)","118.08","124.30","124.30","22.75"
"27/10/2024 02:00:00 (CET) - 27/10/2024 03:00:00","Belgium (BE)","129.10","138.50","138.50","254.37"
"27/10/2024 03:00:00 - 27/10/2024 04:00:00","Belgium (BE)","140.70","155.08","155.08","210.93"
"27/10/2024 04:00:00 - 27/10/2024 05:00:00","Belgium (BE)","160.13","142.85","142.85","205.98"
"27/10/2024 05:00:00 - 27/10/2024 06:00:00","Belgium (BE)","168.23","209.93","209.93","145.82"
"27/10/2024 06:00:00 - 27/10/2024 07:00:00","Belgium (BE)","159.60","155.05","155.05","76.29"
"27/10/2024 07:00:00 - 27/10/2024 08:00:00","Belgium (BE)","141.88","134.30","109.23","85.73"
"27/10/2024 08:00:00 - 27/10/2024 09:00:00","Belgium (BE)","120.75","108.68","67.35","150.60"
"27/10/2024 09:00:00 - 27/10/2024 10:00:00","Belgium (BE)","97.20","87.55","63.55","148.98"
"27/10/2024 10:00:00 - 27/10/2024 11:00:00","Belgium (BE)","72.68","67.05","97.98","105.85"
"27/10/2024 11:00:00 - 27/10/2024 12:00:00","Belgium (BE)","45.30","44.40","84.45","95.08"
"27/10/2024 12:00:00 - 27/10/2024 13:00:00","Belgium (BE)","20.63","26.48","49.73","52.71"
"27/10/2024 13:00:00 - 27/10/2024 14:00:00","Belgium (BE)","12.53","14.03","30.43","29.84"
"27/10/2024 14:00:00 - 27/10/2024 15:00:00","Belgium (BE)","11.48","10.68","29.33"," "
"27/10/2024 15:00:00 - 27/10/2024 16:00:00","Belgium (BE)","12.05","9.00","17.85"," "
"27/10/2024 16:00:00 - 27/10/2024 17:00:00","Belgium (BE)","12.95","10.30","12.38","0.98"
"27/10/2024 17:00:00 - 27/10/2024 18:00:00","Belgium (BE)","13.85","12.18","15.70","14.06"
"27/10/2024 18:00:00 - 27/10/2024 19:00:00","Belgium (BE)","15.20","15.03","19.05","2.56"
"27/10/2024 19:00:00 - 27/10/2024 20:00:00","Belgium (BE)","17.13","19.08","29.65"," "
"27/10/2024 20:00:00 - 27/10/2024 21:00:00","Belgium (BE)","24.38","29.48","45.65","23.21"
"27/10/2024 21:00:00 - 27/10/2024 22:00:00","Belgium (BE)","49.83","55.38","111.85","171.59"
"27/10/2024 22:00:00 - 27/10/2024 23:00:00","Belgium (BE)","81.23","99.05","199.53","369.13"
"27/10/2024 23:00:00 - 28/10/2024 00:00:00","Belgium (BE)","113.43","158.98","314.88","468.58"
"28/10/2024 00:00:00 - 28/10/2024 01:00:00","Belgium (BE)","367.33","631.08","631.08","609.39"
"28/10/2024 01:00:00 - 28/10/2024 02:00:00","Belgium (BE)","509.93","728.63","728.63","833.65"
"28/10/2024 02:00:00 - 28/10/2024 03:00:00","Belgium (BE)","654.28","856.43","856.43","1005.01"
"28/10/2024 03:00:00 - 28/10/2024 04:00:00","Belgium (BE)","798.45","1017.30","1017.30","1260.87"
"28/10/2024 04:00:00 - 28/10/2024 05:00:00","Belgium (BE)","928.65","1119.70","1119.70","1309.90"
"28/10/2024 05:00:00 - 28/10/2024 06:00:00","Belgium (BE)","1015.43","1304.00","1304.00","1398.09"
"28/10/2024 06:00:00 - 28/10/2024 07:00:00","Belgium (BE)","1043.05","1328.40","1328.40","1383.37"
"28/10/2024 07:00:00 - 28/10/2024 08:00:00","Belgium (BE)","1040.23","1388.38","1436.55","1422.15"
"28/10/2024 08:00:00 - 28/10/2024 09:00:00","Belgium (BE)","1058.73","1454.13","1485.38","1486.83"
"28/10/2024 09:00:00 - 28/10/2024 10:00:00","Belgium (BE)","1109.60","1526.53","1455.68","1555.47"
"28/10/2024 10:00:00 - 28/10/2024 11:00:00","Belgium (BE)","1180.70","1581.50","1568.75","1611.76"
"28/10/2024 11:00:00 - 28/10/2024 12:00:00","Belgium (BE)","1258.25","1596.78","1670.98","1740.86"
"28/10/2024 12:00:00 - 28/10/2024 13:00:00","Belgium (BE)","1339.53","1570.28","1704.25","1859.08"
"28/10/2024 13:00:00 - 28/10/2024 14:00:00","Belgium (BE)","1403.20","1516.83","1763.95","1965.40"
"28/10/2024 14:00:00 - 28/10/2024 15:00:00","Belgium (BE)","1418.85","1441.93","1844.03","1967.13"
"28/10/2024 15:00:00 - 28/10/2024 16:00:00","Belgium (BE)","1395.68","1373.48","1893.28","1922.88"
"28/10/2024 16:00:00 - 28/10/2024 17:00:00","Belgium (BE)","1349.85","1335.33","1793.95","1866.70"
"28/10/2024 17:00:00 - 28/10/2024 18:00:00","Belgium (BE)","1302.78","1326.63","1749.10","1825.36"
"28/10/2024 18:00:00 - 28/10/2024 19:00:00","Belgium (BE)","1272.48","1317.98","1652.55","1701.79"
"28/10/2024 19:00:00 - 28/10/2024 20:00:00","Belgium (BE)","1249.15","1288.55","1610.65","1364.88"
"28/10/2024 20:00:00 - 28/10/2024 21:00:00","Belgium (BE)","1217.88","1253.95","1493.43","1298.41"
"28/10/2024 21:00:00 - 28/10/2024 22:00:00","Belgium (BE)","1166.33","1220.78","1315.50","1229.53"
"28/10/2024 22:00:00 - 28/10/2024 23:00:00","Belgium (BE)","1108.90","1175.53","1286.40","1244.84"
"28/10/2024 23:00:00 - 29/10/2024 00:00:00","Belgium (BE)","1059.38","1118.95","1266.80","1247.32"
"29/10/2024 00:00:00 - 29/10/2024 01:00:00","Belgium (BE)","1222.13","1223.90","1223.90","1107.28"
"29/10/2024 01:00:00 - 29/10/2024 02:00:00","Belgium (BE)","1105.85","1186.40","1186.40","1000.66"
"29/10/2024 02:00:00 - 29/10/2024 03:00:00","Belgium (BE)","940.35","1052.73","1052.73","1104.09"
"29/10/2024 03:00:00 - 29/10/2024 04:00:00","Belgium (BE)","767.68","977.35","977.35","945.93"
"29/10/2024 04:00:00 - 29/10/2024 05:00:00","Belgium (BE)","621.80","902.48","902.48","690.88"
"29/10/2024 05:00:00 - 29/10/2024 06:00:00","Belgium (BE)","488.30","837.28","837.28","508.18"
"29/10/2024 06:00:00 - 29/10/2024 07:00:00","Belgium (BE)","355.55","688.68","688.68","460.67"
"29/10/2024 07:00:00 - 29/10/2024 08:00:00","Belgium (BE)","247.88","667.55","559.30","302.58"
"29/10/2024 08:00:00 - 29/10/2024 09:00:00","Belgium (BE)","196.28","615.08","544.00","178.43"
"29/10/2024 09:00:00 - 29/10/2024 10:00:00","Belgium (BE)","183.15","531.25","400.38","326.60"
"29/10/2024 10:00:00 - 29/10/2024 11:00:00","Belgium (BE)","172.23","442.75","232.08","400.98"
"29/10/2024 11:00:00 - 29/10/2024 12:00:00","Belgium (BE)","148.08","342.93","189.40","343.41"
"29/10/2024 12:00:00 - 29/10/2024 13:00:00","Belgium (BE)","139.40","257.20","202.45","123.94"
"29/10/2024 13:00:00 - 29/10/2024 14:00:00","Belgium (BE)","148.63","200.90","152.35","11.51"
"29/10/2024 14:00:00 - 29/10/2024 15:00:00","Belgium (BE)","141.98","150.28","44.85","54.12"
"29/10/2024 15:00:00 - 29/10/2024 16:00:00","Belgium (BE)","126.13","110.55","47.43","54.66"
"29/10/2024 16:00:00 - 29/10/2024 17:00:00","Belgium (BE)","115.05","95.25","46.10","32.06"
"29/10/2024 17:00:00 - 29/10/2024 18:00:00","Belgium (BE)","96.85","82.48","41.28","14.72"
"29/10/2024 18:00:00 - 29/10/2024 19:00:00","Belgium (BE)","70.18","62.45","26.10","12.04"
"29/10/2024 19:00:00 - 29/10/2024 20:00:00","Belgium (BE)","47.20","44.38","16.03","0.27"
"29/10/2024 20:00:00 - 29/10/2024 21:00:00","Belgium (BE)","34.25","28.88","14.35"," "
"29/10/2024 21:00:00 - 29/10/2024 22:00:00","Belgium (BE)","31.48","21.40","15.50"," "
"29/10/2024 22:00:00 - 29/10/2024 23:00:00","Belgium (BE)","34.03","18.68","20.80"," "
"29/10/2024 23:00:00 - 30/10/2024 00:00:00","Belgium (BE)","37.08","21.20","25.60","6.76"
"30/10/2024 00:00:00 - 30/10/2024 01:00:00","Belgium (BE)","25.48","19.45","19.45"," "
"30/10/2024 01:00:00 - 30/10/2024 02:00:00","Belgium (BE)","32.68","25.45","25.45","0.06"
"30/10/2024 02:00:00 - 30/10/2024 03:00:00","Belgium (BE)","40.75","23.73","23.73"," "
"30/10/2024 03:00:00 - 30/10/2024 04:00:00","Belgium (BE)","41.18","18.68","18.68","8.08"
"30/10/2024 04:00:00 - 30/10/2024 05:00:00","Belgium (BE)","40.58","19.25","19.25","22.68"
"30/10/2024 05:00:00 - 30/10/2024 06:00:00","Belgium (BE)","37.65","10.53","10.53"," "
"30/10/2024 06:00:00 - 30/10/2024 07:00:00","Belgium (BE)","33.33","11.50","11.50"," "
"30/10/2024 07:00:00 - 30/10/2024 08:00:00","Belgium (BE)","29.93","12.83","9.23"," "
"30/10/2024 08:00:00 - 30/10/2024 09:00:00","Belgium (BE)","27.08","13.68","9.43"," "
"30/10/2024 09:00:00 - 30/10/2024 10:00:00","Belgium (BE)","24.15","14.58","14.15"," "
"30/10/2024 10:00:00 - 30/10/2024 11:00:00","Belgium (BE)","21.93","14.78","15.68"," "
"30/10/2024 11:00:00 - 30/10/2024 12:00:00","Belgium (BE)","19.38","14.03","12.98"," "
"30/10/2024 12:00:00 - 30/10/2024 13:00:00","Belgium (BE)","17.70","12.85","11.10"," "
"30/10/2024 13:00:00 - 30/10/2024 14:00:00","Belgium (BE)","17.10","12.28","12.10"," "
"30/10/2024 14:00:00 - 30/10/2024 15:00:00","Belgium (BE)","18.30","12.73","11.00","0.74"
"30/10/2024 15:00:00 - 30/10/2024 16:00:00","Belgium (BE)","20.05","13.65","11.85"," "
"30/10/2024 16:00:00 - 30/10/2024 17:00:00","Belgium (BE)","21.83","15.05","13.80","8.03"
"30/10/2024 17:00:00 - 30/10/2024 18:00:00","Belgium (BE)","23.38","17.15","14.00","49.47"
"30/10/2024 18:00:00 - 30/10/2024 19:00:00","Belgium (BE)","22.98","18.48","15.93","36.84"
"30/10/2024 19:00:00 - 30/10/2024 20:00:00","Belgium (BE)","21.73","18.55","22.10","17.87"
"30/10/2024 20:00:00 - 30/10/2024 21:00:00","Belgium (BE)","20.23","17.83","15.78","3.43"
"30/10/2024 21:00:00 - 30/10/2024 22:00:00","Belgium (BE)","18.88","16.85","10.20","2.31"
"30/10/2024 22:00:00 - 30/10/2024 23:00:00","Belgium (BE)","19.05","16.95","10.18","0.81"
"30/10/2024 23:00:00 - 31/10/2024 00:00:00","Belgium (BE)","18.70","16.88","10.73"," "
"31/10/2024 00:00:00 - 31/10/2024 01:00:00","Belgium (BE)","7.88","7.80","7.80"," "
"31/10/2024 01:00:00 - 31/10/2024 02:00:00","Belgium (BE)","9.18","8.00","8.00"," "
"31/10/2024 02:00:00 - 31/10/2024 03:00:00","Belgium (BE)","10.65","6.95","6.95"," "
"31/10/2024 03:00:00 - 31/10/2024 04:00:00","Belgium (BE)","13.40","7.18","7.18"," "
"31/10/2024 04:00:00 - 31/10/2024 05:00:00","Belgium (BE)","17.35","7.18","7.18"," "
"31/10/2024 05:00:00 - 31/10/2024 06:00:00","Belgium (BE)","15.88","7.88","7.88"," "
"31/10/2024 06:00:00 - 31/10/2024 07:00:00","Belgium (BE)","14.85","8.33","8.33"," "
"31/10/2024 07:00:00 - 31/10/2024 08:00:00","Belgium (BE)","13.15","8.83","9.10"," "
"31/10/2024 08:00:00 - 31/10/2024 09:00:00","Belgium (BE)","13.25","11.95","10.63"," "
"31/10/2024 09:00:00 - 31/10/2024 10:00:00","Belgium (BE)","12.70","13.78","13.48"," "
"31/10/2024 10:00:00 - 31/10/2024 11:00:00","Belgium (BE)","14.23","16.50","16.20"," "
"31/10/2024 11:00:00 - 31/10/2024 12:00:00","Belgium (BE)","15.08","17.48","13.50"," "
"31/10/2024 12:00:00 - 31/10/2024 13:00:00","Belgium (BE)","15.08","15.25","11.78"," "
"31/10/2024 13:00:00 - 31/10/2024 14:00:00","Belgium (BE)","14.00","14.25","11.30"," "
"31/10/2024 14:00:00 - 31/10/2024 15:00:00","Belgium (BE)","12.88","13.70","13.33"," "
"31/10/2024 15:00:00 - 31/10/2024 16:00:00","Belgium (BE)","12.88","14.18","13.40"," "
"31/10/2024 16:00:00 - 31/10/2024 17:00:00","Belgium (BE)","14.13","15.33","14.33"," "
"31/10/2024 17:00:00 - 31/10/2024 18:00:00","Belgium (BE)","16.45","16.75","11.03"," "
"31/10/2024 18:00:00 - 31/10/2024 19:00:00","Belgium (BE)","18.78","18.03","10.10"," "
"31/10/2024 19:00:00 - 31/10/2024 20:00:00","Belgium (BE)","21.43","21.45","13.53"," "
"31/10/2024 20:00:00 - 31/10/2024 21:00:00","Belgium (BE)","26.75","28.13","20.73","2.91"
"31/10/2024 21:00:00 - 31/10/2024 22:00:00","Belgium (BE)","32.03","32.38","56.93","12.90"
"31/10/2024 22:00:00 - 31/10/2024 23:00:00","Belgium (BE)","37.10","36.93","74.63","43.82"
"31/10/2024 23:00:00 - 01/11/2024 00:00:00","Belgium (BE)","41.38","38.98","86.70","127.54"
"01/11/2024 00:00:00 - 01/11/2024 01:00:00","Belgium (BE)","40.00","77.90","77.90","200.04"
"01/11/2024 01:00:00 - 01/11/2024 02:00:00","Belgium (BE)","41.83","109.15","109.15","350.22"
"01/11/2024 02:00:00 - 01/11/2024 03:00:00","Belgium (BE)","45.23","155.98","155.98","436.46"
"01/11/2024 03:00:00 - 01/11/2024 04:00:00","Belgium (BE)","54.58","137.90","137.90","352.96"
"01/11/2024 04:00:00 - 01/11/2024 05:00:00","Belgium (BE)","76.40","192.38","192.38","258.71"
"01/11/2024 05:00:00 - 01/11/2024 06:00:00","Belgium (BE)","113.35","234.83","234.83","300.79"
"01/11/2024 06:00:00 - 01/11/2024 07:00:00","Belgium (BE)","153.05","223.68","223.68","431.18"
"01/11/2024 07:00:00 - 01/11/2024 08:00:00","Belgium (BE)","184.73","228.68","228.68","552.06"
"01/11/2024 08:00:00 - 01/11/2024 09:00:00","Belgium (BE)","198.98","237.70","320.15","456.29"
"01/11/2024 09:00:00 - 01/11/2024 10:00:00","Belgium (BE)","205.75","240.73","433.55","398.66"
"01/11/2024 10:00:00 - 01/11/2024 11:00:00","Belgium (BE)","222.65","250.85","363.55","382.25"
"01/11/2024 11:00:00 - 01/11/2024 12:00:00","Belgium (BE)","239.45","265.83","323.15","383.68"
"01/11/2024 12:00:00 - 01/11/2024 13:00:00","Belgium (BE)","241.10","265.38","282.88","318.49"
"01/11/2024 13:00:00 - 01/11/2024 14:00:00","Belgium (BE)","222.78","250.33","284.90","337.80"
"01/11/2024 14:00:00 - 01/11/2024 15:00:00","Belgium (BE)","183.98","222.48","242.30","328.95"
"01/11/2024 15:00:00 - 01/11/2024 16:00:00","Belgium (BE)","147.30","181.63","239.45","241.86"
"01/11/2024 16:00:00 - 01/11/2024 17:00:00","Belgium (BE)","121.93","139.78","212.98","190.52"
"01/11/2024 17:00:00 - 01/11/2024 18:00:00","Belgium (BE)","104.98","114.10","155.43","171.65"
"01/11/2024 18:00:00 - 01/11/2024 19:00:00","Belgium (BE)","94.73","100.30","106.98","67.58"
"01/11/2024 19:00:00 - 01/11/2024 20:00:00","Belgium (BE)","91.88","91.75","127.95","37.49"
"01/11/2024 20:00:00 - 01/11/2024 21:00:00","Belgium (BE)","90.68","91.53","64.10","28.24"
"01/11/2024 21:00:00 - 01/11/2024 22:00:00","Belgium (BE)","91.55","98.30","54.05","18.98"
"01/11/2024 22:00:00 - 01/11/2024 23:00:00","Belgium (BE)","90.98","96.45","53.78","19.22"
"01/11/2024 23:00:00 - 02/11/2024 00:00:00","Belgium (BE)","84.10","78.35","60.70"," "
"02/11/2024 00:00:00 - 02/11/2024 01:00:00","Belgium (BE)","53.08","65.85","65.85","0.73"
"02/11/2024 01:00:00 - 02/11/2024 02:00:00","Belgium (BE)","43.33","44.65","44.65","35.37"
"02/11/2024 02:00:00 - 02/11/2024 03:00:00","Belgium (BE)","39.60","30.13","30.13","96.49"
"02/11/2024 03:00:00 - 02/11/2024 04:00:00","Belgium (BE)","41.55","29.58","29.58","79.23"
"02/11/2024 04:00:00 - 02/11/2024 05:00:00","Belgium (BE)","55.18","27.50","27.50","34.79"
"02/11/2024 05:00:00 - 02/11/2024 06:00:00","Belgium (BE)","87.25","64.88","64.88","54.51"
"02/11/2024 06:00:00 - 02/11/2024 07:00:00","Belgium (BE)","159.40","42.25","42.25","22.70"
"02/11/2024 07:00:00 - 02/11/2024 08:00:00","Belgium (BE)","278.88","47.85","64.35","42.10"
"02/11/2024 08:00:00 - 02/11/2024 09:00:00","Belgium (BE)","454.98","78.40","89.28","228.13"
"02/11/2024 09:00:00 - 02/11/2024 10:00:00","Belgium (BE)","541.75","130.40","164.80","400.09"
"02/11/2024 10:00:00 - 02/11/2024 11:00:00","Belgium (BE)","560.20","197.73","230.15","403.97"
"02/11/2024 11:00:00 - 02/11/2024 12:00:00","Belgium (BE)","512.78","231.45","397.15","362.90"
"02/11/2024 12:00:00 - 02/11/2024 13:00:00","Belgium (BE)","428.05","224.25","337.20","282.23"
"02/11/2024 13:00:00 - 02/11/2024 14:00:00","Belgium (BE)","351.08","212.88","287.93","197.08"
"02/11/2024 14:00:00 - 02/11/2024 15:00:00","Belgium (BE)","296.60","201.10","250.03","148.91"
"02/11/2024 15:00:00 - 02/11/2024 16:00:00","Belgium (BE)","274.13","201.15","211.08","128.32"
"02/11/2024 16:00:00 - 02/11/2024 17:00:00","Belgium (BE)","280.18","212.13","209.60","123.10"
"02/11/2024 17:00:00 - 02/11/2024 18:00:00","Belgium (BE)","313.68","238.10","189.10","136.73"
"02/11/2024 18:00:00 - 02/11/2024 19:00:00","Belgium (BE)","362.95","275.33","209.03","163.52"
"02/11/2024 19:00:00 - 02/11/2024 20:00:00","Belgium (BE)","406.78","308.65","207.45","185.96"
"02/11/2024 20:00:00 - 02/11/2024 21:00:00","Belgium (BE)","429.65","320.73","219.25","246.04"
"02/11/2024 21:00:00 - 02/11/2024 22:00:00","Belgium (BE)","431.63","306.58","206.70","196.97"
"02/11/2024 22:00:00 - 02/11/2024 23:00:00","Belgium (BE)","422.48","266.85","200.98","136.91"
"02/11/2024 23:00:00 - 03/11/2024 00:00:00","Belgium (BE)","406.10","216.03","194.40","93.81"
"03/11/2024 00:00:00 - 03/11/2024 01:00:00","Belgium (BE)","198.98","162.88","162.88","109.58"
"03/11/2024 01:00:00 - 03/11/2024 02:00:00","Belgium (BE)","188.40","139.73","139.73","190.45"
"03/11/2024 02:00:00 - 03/11/2024 03:00:00","Belgium (BE)","180.43","121.18","121.18","191.71"
"03/11/2024 03:00:00 - 03/11/2024 04:00:00","Belgium (BE)","166.18","150.05","150.05","120.37"
"03/11/2024 04:00:00 - 03/11/2024 05:00:00","Belgium (BE)","151.83","150.33","150.33","68.73"
"03/11/2024 05:00:00 - 03/11/2024 06:00:00","Belgium (BE)","137.03","115.70","115.70","63.58"
"03/11/2024 06:00:00 - 03/11/2024 07:00:00","Belgium (BE)","122.88","80.38","80.38","78.88"
"03/11/2024 07:00:00 - 03/11/2024 08:00:00","Belgium (BE)","109.05","82.45","72.70","26.22"
"03/11/2024 08:00:00 - 03/11/2024 09:00:00","Belgium (BE)","91.63","81.08","81.00","8.95"
"03/11/2024 09:00:00 - 03/11/2024 10:00:00","Belgium (BE)","72.58","77.38","42.68","9.45"
"03/11/2024 10:00:00 - 03/11/2024 11:00:00","Belgium (BE)","57.43","75.88","39.75","16.74"
"03/11/2024 11:00:00 - 03/11/2024 12:00:00","Belgium (BE)","46.58","73.95","30.75","17.13"
"03/11/2024 12:00:00 - 03/11/2024 13:00:00","Belgium (BE)","43.48","76.18","29.53","11.62"
"03/11/2024 13:00:00 - 03/11/2024 14:00:00","Belgium (BE)","47.08","83.45","35.10","33.39"
"03/11/2024 14:00:00 - 03/11/2024 15:00:00","Belgium (BE)","61.50","99.33","38.00","6.53"
"03/11/2024 15:00:00 - 03/11/2024 16:00:00","Belgium (BE)","86.83","124.88","53.58","3.12"
"03/11/2024 16:00:00 - 03/11/2024 17:00:00","Belgium (BE)","123.83","159.38","65.58","48.84"
"03/11/2024 17:00:00 - 03/11/2024 18:00:00","Belgium (BE)","174.48","201.83","87.50","5.67"
"03/11/2024 18:00:00 - 03/11/2024 19:00:00","Belgium (BE)","213.25","232.10","120.40","4.84"
"03/11/2024 19:00:00 - 03/11/2024 20:00:00","Belgium (BE)","242.83","249.43","115.13","39.83"
"03/11/2024 20:00:00 - 03/11/2024 21:00:00","Belgium (BE)","259.55","254.93","113.63","89.45"
"03/11/2024 21:00:00 - 03/11/2024 22:00:00","Belgium (BE)","250.63","247.70","41.73","78.22"
"03/11/2024 22:00:00 - 03/11/2024 23:00:00","Belgium (BE)","235.30","240.90","38.30","41.19"
"03/11/2024 23:00:00 - 04/11/2024 00:00:00","Belgium (BE)","218.28","235.93","35.55","39.38"
"04/11/2024 00:00:00 - 04/11/2024 01:00:00","Belgium (BE)","102.85","32.80","32.80","12.86"
"04/11/2024 01:00:00 - 04/11/2024 02:00:00","Belgium (BE)","91.68","43.13","43.13","0.04"
"04/11/2024 02:00:00 - 04/11/2024 03:00:00","Belgium (BE)","90.23","44.58","44.58","10.61"
"04/11/2024 03:00:00 - 04/11/2024 04:00:00","Belgium (BE)","94.75","64.05","64.05","44.81"
"04/11/2024 04:00:00 - 04/11/2024 05:00:00","Belgium (BE)","102.13","75.63","75.63","82.18"
"04/11/2024 05:00:00 - 04/11/2024 06:00:00","Belgium (BE)","110.75","96.53","96.53","47.28"
"04/11/2024 06:00:00 - 04/11/2024 07:00:00","Belgium (BE)","120.50","108.05","108.05","60.79"
"04/11/2024 07:00:00 - 04/11/2024 08:00:00","Belgium (BE)","128.95","103.60","78.73","76.95"
"04/11/2024 08:00:00 - 04/11/2024 09:00:00","Belgium (BE)","128.33","91.35","78.58","84.88"
"04/11/2024 09:00:00 - 04/11/2024 10:00:00","Belgium (BE)","117.43","76.20","44.63","33.40"
"04/11/2024 10:00:00 - 04/11/2024 11:00:00","Belgium (BE)","98.50","63.65","51.65","13.08"
"04/11/2024 11:00:00 - 04/11/2024 12:00:00","Belgium (BE)","75.55","54.73","27.28"," "
"04/11/2024 12:00:00 - 04/11/2024 13:00:00","Belgium (BE)","53.28","46.10","26.20"," "
"04/11/2024 13:00:00 - 04/11/2024 14:00:00","Belgium (BE)","35.95","35.68","30.10","0.62"
"04/11/2024 14:00:00 - 04/11/2024 15:00:00","Belgium (BE)","27.98","28.03","28.00"," "
"04/11/2024 15:00:00 - 04/11/2024 16:00:00","Belgium (BE)","31.38","30.15","33.70"," "
"04/11/2024 16:00:00 - 04/11/2024 17:00:00","Belgium (BE)","43.73","37.35","45.05","8.82"
"04/11/2024 17:00:00 - 04/11/2024 18:00:00","Belgium (BE)","63.20","48.38","49.38","93.33"
"04/11/2024 18:00:00 - 04/11/2024 19:00:00","Belgium (BE)","87.15","60.60","50.23","79.94"
"04/11/2024 19:00:00 - 04/11/2024 20:00:00","Belgium (BE)","105.40","66.73","71.70","46.70"
"04/11/2024 20:00:00 - 04/11/2024 21:00:00","Belgium (BE)","110.38","63.95","54.10","11.84"
"04/11/2024 21:00:00 - 04/11/2024 22:00:00","Belgium (BE)","102.45","57.23","22.80","51.90"
"04/11/2024 22:00:00 - 04/11/2024 23:00:00","Belgium (BE)","88.68","50.53","16.75","26.32"
"04/11/2024 23:00:00 - 05/11/2024 00:00:00","Belgium (BE)","74.88","43.65","14.60"," "
"05/11/2024 00:00:00 - 05/11/2024 01:00:00","Belgium (BE)","26.70","16.53","16.53"," "
"05/11/2024 01:00:00 - 05/11/2024 02:00:00","Belgium (BE)","24.13","8.55","8.55"," "
"05/11/2024 02:00:00 - 05/11/2024 03:00:00","Belgium (BE)","19.88","5.78","5.78"," "
"05/11/2024 03:00:00 - 05/11/2024 04:00:00","Belgium (BE)","15.78","5.33","5.33"," "
"05/11/2024 04:00:00 - 05/11/2024 05:00:00","Belgium (BE)","13.05","5.88","5.88"," "
"05/11/2024 05:00:00 - 05/11/2024 06:00:00","Belgium (BE)","12.13","6.03","6.03"," "
"05/11/2024 06:00:00 - 05/11/2024 07:00:00","Belgium (BE)","11.15","6.98","6.98"," "
"05/11/2024 07:00:00 - 05/11/2024 08:00:00","Belgium (BE)","10.55","7.93","7.93"," "
"05/11/2024 08:00:00 - 05/11/2024 09:00:00","Belgium (BE)","11.58","8.50","8.50"," "
"05/11/2024 09:00:00 - 05/11/2024 10:00:00","Belgium (BE)","12.15","7.93","10.23"," "
"05/11/2024 10:00:00 - 05/11/2024 11:00:00","Belgium (BE)","11.83","7.83","8.68"," "
"05/11/2024 11:00:00 - 05/11/2024 12:00:00","Belgium (BE)","9.80","8.75","11.60"," "
"05/11/2024 12:00:00 - 05/11/2024 13:00:00","Belgium (BE)","10.00","11.10","14.20"," "
"05/11/2024 13:00:00 - 05/11/2024 14:00:00","Belgium (BE)","10.90","13.65","17.20"," "
"05/11/2024 14:00:00 - 05/11/2024 15:00:00","Belgium (BE)","12.10","15.80","14.40"," "
"05/11/2024 15:00:00 - 05/11/2024 16:00:00","Belgium (BE)","12.95","17.28","17.00","8.52"
"05/11/2024 16:00:00 - 05/11/2024 17:00:00","Belgium (BE)","13.30","17.38","14.10"," "
"05/11/2024 17:00:00 - 05/11/2024 18:00:00","Belgium (BE)","12.68","16.25","14.28"," "
"05/11/2024 18:00:00 - 05/11/2024 19:00:00","Belgium (BE)","11.53","15.60","14.48"," "
"05/11/2024 19:00:00 - 05/11/2024 20:00:00","Belgium (BE)","10.33","15.48","10.98"," "
"05/11/2024 20:00:00 - 05/11/2024 21:00:00","Belgium (BE)","9.03","15.50","14.08"," "
"05/11/2024 21:00:00 - 05/11/2024 22:00:00","Belgium (BE)","8.25","14.85","16.78","0.13"
"05/11/2024 22:00:00 - 05/11/2024 23:00:00","Belgium (BE)","9.13","12.88","24.00"," "
"05/11/2024 23:00:00 - 06/11/2024 00:00:00","Belgium (BE)","9.80","10.18","25.93"," "
"06/11/2024 00:00:00 - 06/11/2024 01:00:00","Belgium (BE)","25.83","18.93","18.93"," "
"06/11/2024 01:00:00 - 06/11/2024 02:00:00","Belgium (BE)","21.20","11.18","11.18"," "
"06/11/2024 02:00:00 - 06/11/2024 03:00:00","Belgium (BE)","21.10","11.40","11.40"," "
"06/11/2024 03:00:00 - 06/11/2024 04:00:00","Belgium (BE)","25.33","16.63","16.63"," "
"06/11/2024 04:00:00 - 06/11/2024 05:00:00","Belgium (BE)","31.25","20.25","20.25","5.47"
"06/11/2024 05:00:00 - 06/11/2024 06:00:00","Belgium (BE)","37.65","25.65","25.65","11.10"
"06/11/2024 06:00:00 - 06/11/2024 07:00:00","Belgium (BE)","35.75","28.28","28.28"," "
"06/11/2024 07:00:00 - 06/11/2024 08:00:00","Belgium (BE)","27.90","26.20","22.33"," "
"06/11/2024 08:00:00 - 06/11/2024 09:00:00","Belgium (BE)","22.53","21.90","19.68"," "
"06/11/2024 09:00:00 - 06/11/2024 10:00:00","Belgium (BE)","21.75","20.90","17.70","0.45"
"06/11/2024 10:00:00 - 06/11/2024 11:00:00","Belgium (BE)","21.98","23.18","16.10"," "
"06/11/2024 11:00:00 - 06/11/2024 12:00:00","Belgium (BE)","22.78","27.55","21.00","1.86"
"06/11/2024 12:00:00 - 06/11/2024 13:00:00","Belgium (BE)","23.88","32.80","24.45","11.06"
"06/11/2024 13:00:00 - 06/11/2024 14:00:00","Belgium (BE)","26.93","36.55","27.55","6.55"
"06/11/2024 14:00:00 - 06/11/2024 15:00:00","Belgium (BE)","32.08","34.70","24.45","5.46"
"06/11/2024 15:00:00 - 06/11/2024 16:00:00","Belgium (BE)","36.30","29.93","21.55","1.69"
"06/11/2024 16:00:00 - 06/11/2024 17:00:00","Belgium (BE)","36.65","27.20","21.73"," "
"06/11/2024 17:00:00 - 06/11/2024 18:00:00","Belgium (BE)","35.18","26.13","24.63"," "
"06/11/2024 18:00:00 - 06/11/2024 19:00:00","Belgium (BE)","30.13","23.58","22.83"," "
"06/11/2024 19:00:00 - 06/11/2024 20:00:00","Belgium (BE)","24.70","22.20","22.65"," "
"06/11/2024 20:00:00 - 06/11/2024 21:00:00","Belgium (BE)","21.90","21.90","22.73"," "
"06/11/2024 21:00:00 - 06/11/2024 22:00:00","Belgium (BE)","17.98","22.78","18.83"," "
"06/11/2024 22:00:00 - 06/11/2024 23:00:00","Belgium (BE)","16.65","26.43","22.95","5.57"
"06/11/2024 23:00:00 - 07/11/2024 00:00:00","Belgium (BE)","16.68","33.78","28.03","2.86"
"07/11/2024 00:00:00 - 07/11/2024 01:00:00","Belgium (BE)","59.80","46.08","46.08"," "
"07/11/2024 01:00:00 - 07/11/2024 02:00:00","Belgium (BE)","68.85","51.65","51.65","1.93"
"07/11/2024 02:00:00 - 07/11/2024 03:00:00","Belgium (BE)","76.43","51.85","51.85","10.01"
"07/11/2024 03:00:00 - 07/11/2024 04:00:00","Belgium (BE)","88.78","64.85","64.85","2.86"
"07/11/2024 04:00:00 - 07/11/2024 05:00:00","Belgium (BE)","107.03","75.65","75.65","4.14"
"07/11/2024 05:00:00 - 07/11/2024 06:00:00","Belgium (BE)","138.95","92.55","92.55","1.36"
"07/11/2024 06:00:00 - 07/11/2024 07:00:00","Belgium (BE)","183.93","138.60","138.60","71.24"
"07/11/2024 07:00:00 - 07/11/2024 08:00:00","Belgium (BE)","244.98","225.05","206.40","180.35"
"07/11/2024 08:00:00 - 07/11/2024 09:00:00","Belgium (BE)","295.00","306.45","263.33","302.13"
"07/11/2024 09:00:00 - 07/11/2024 10:00:00","Belgium (BE)","293.98","310.20","225.28","349.27"
"07/11/2024 10:00:00 - 07/11/2024 11:00:00","Belgium (BE)","246.43","247.35","227.25","254.46"
"07/11/2024 11:00:00 - 07/11/2024 12:00:00","Belgium (BE)","179.03","162.53","184.53","224.93"
"07/11/2024 12:00:00 - 07/11/2024 13:00:00","Belgium (BE)","128.98","97.33","117.50","127.41"
"07/11/2024 13:00:00 - 07/11/2024 14:00:00","Belgium (BE)","100.65","59.23","77.65","51.07"
"07/11/2024 14:00:00 - 07/11/2024 15:00:00","Belgium (BE)","90.33","49.43","65.78","44.89"
"07/11/2024 15:00:00 - 07/11/2024 16:00:00","Belgium (BE)","97.68","64.98","71.83","59.78"
"07/11/2024 16:00:00 - 07/11/2024 17:00:00","Belgium (BE)","123.40","102.88","102.18","110.07"
"07/11/2024 17:00:00 - 07/11/2024 18:00:00","Belgium (BE)","168.35","158.18","145.18","205.48"
"07/11/2024 18:00:00 - 07/11/2024 19:00:00","Belgium (BE)","223.88","213.65","192.18","191.84"
"07/11/2024 19:00:00 - 07/11/2024 20:00:00","Belgium (BE)","272.70","252.63","252.28","233.14"
"07/11/2024 20:00:00 - 07/11/2024 21:00:00","Belgium (BE)","310.80","274.80","262.85","230.91"
"07/11/2024 21:00:00 - 07/11/2024 22:00:00","Belgium (BE)","333.43","286.88","273.25","218.85"
"07/11/2024 22:00:00 - 07/11/2024 23:00:00","Belgium (BE)","336.50","293.25","274.48","268.55"
"07/11/2024 23:00:00 - 08/11/2024 00:00:00","Belgium (BE)","332.20","288.95","266.43","299.39"
"08/11/2024 00:00:00 - 08/11/2024 01:00:00","Belgium (BE)","244.98","234.65","234.65","271.14"
"08/11/2024 01:00:00 - 08/11/2024 02:00:00","Belgium (BE)","238.45","249.78","249.78","291.55"
"08/11/2024 02:00:00 - 08/11/2024 03:00:00","Belgium (BE)","239.43","241.63","241.63","285.43"
"08/11/2024 03:00:00 - 08/11/2024 04:00:00","Belgium (BE)","242.38","237.40","237.40","254.46"
"08/11/2024 04:00:00 - 08/11/2024 05:00:00","Belgium (BE)","247.73","253.23","253.23","255.50"
"08/11/2024 05:00:00 - 08/11/2024 06:00:00","Belgium (BE)","254.55","253.70","253.70","308.10"
"08/11/2024 06:00:00 - 08/11/2024 07:00:00","Belgium (BE)","244.28","231.50","231.50","297.19"
"08/11/2024 07:00:00 - 08/11/2024 08:00:00","Belgium (BE)","214.38","201.65","231.33","245.66"
"08/11/2024 08:00:00 - 08/11/2024 09:00:00","Belgium (BE)","187.33","176.03","194.33","183.81"
"08/11/2024 09:00:00 - 08/11/2024 10:00:00","Belgium (BE)","166.55","152.58","183.75","204.15"
"08/11/2024 10:00:00 - 08/11/2024 11:00:00","Belgium (BE)","144.23","128.83","142.05","181.68"
"08/11/2024 11:00:00 - 08/11/2024 12:00:00","Belgium (BE)","121.60","111.43","145.25","197.71"
"08/11/2024 12:00:00 - 08/11/2024 13:00:00","Belgium (BE)","99.40","98.50","123.35","186.03"
"08/11/2024 13:00:00 - 08/11/2024 14:00:00","Belgium (BE)","83.78","89.03","137.63","155.93"
"08/11/2024 14:00:00 - 08/11/2024 15:00:00","Belgium (BE)","82.55","88.15","140.38","137.72"
"08/11/2024 15:00:00 - 08/11/2024 16:00:00","Belgium (BE)","89.43","97.13","133.23","128.66"
"08/11/2024 16:00:00 - 08/11/2024 17:00:00","Belgium (BE)","95.85","109.98","127.75","111.48"
"08/11/2024 17:00:00 - 08/11/2024 18:00:00","Belgium (BE)","99.00","121.13","140.98","120.91"
"08/11/2024 18:00:00 - 08/11/2024 19:00:00","Belgium (BE)","96.90","125.53","130.25","137.98"
"08/11/2024 19:00:00 - 08/11/2024 20:00:00","Belgium (BE)","85.55","113.33","103.70","90.06"
"08/11/2024 20:00:00 - 08/11/2024 21:00:00","Belgium (BE)","67.63","86.20","86.65","31.61"
"08/11/2024 21:00:00 - 08/11/2024 22:00:00","Belgium (BE)","50.63","59.23","63.70","1.39"
"08/11/2024 22:00:00 - 08/11/2024 23:00:00","Belgium (BE)","39.33","39.05","46.60","3.71"
"08/11/2024 23:00:00 - 09/11/2024 00:00:00","Belgium (BE)","30.78","25.73","32.05"," "
"09/11/2024 00:00:00 - 09/11/2024 01:00:00","Belgium (BE)","19.18","12.88","12.88"," "
"09/11/2024 01:00:00 - 09/11/2024 02:00:00","Belgium (BE)","15.25","9.70","9.70"," "
"09/11/2024 02:00:00 - 09/11/2024 03:00:00","Belgium (BE)","14.98","10.95","10.95"," "
"09/11/2024 03:00:00 - 09/11/2024 04:00:00","Belgium (BE)","15.60","12.90","12.90"," "
"09/11/2024 04:00:00 - 09/11/2024 05:00:00","Belgium (BE)","16.93","15.03","15.03"," "
"09/11/2024 05:00:00 - 09/11/2024 06:00:00","Belgium (BE)","18.40","11.40","11.40"," "
"09/11/2024 06:00:00 - 09/11/2024 07:00:00","Belgium (BE)","18.05","11.50","11.50"," "
"09/11/2024 07:00:00 - 09/11/2024 08:00:00","Belgium (BE)","16.98","11.65","11.10"," "
"09/11/2024 08:00:00 - 09/11/2024 09:00:00","Belgium (BE)","16.28","11.25","11.83"," "
"09/11/2024 09:00:00 - 09/11/2024 10:00:00","Belgium (BE)","17.50","12.28","13.25"," "
"09/11/2024 10:00:00 - 09/11/2024 11:00:00","Belgium (BE)","19.50","15.10","16.40"," "
"09/11/2024 11:00:00 - 09/11/2024 12:00:00","Belgium (BE)","21.55","20.00","18.53"," "
"09/11/2024 12:00:00 - 09/11/2024 13:00:00","Belgium (BE)","23.63","23.60","22.88"," "
"09/11/2024 13:00:00 - 09/11/2024 14:00:00","Belgium (BE)","24.30","24.40","22.85","2.47"
"09/11/2024 14:00:00 - 09/11/2024 15:00:00","Belgium (BE)","24.50","23.10","20.10","33.89"
"09/11/2024 15:00:00 - 09/11/2024 16:00:00","Belgium (BE)","24.65","21.90","20.75","32.54"
"09/11/2024 16:00:00 - 09/11/2024 17:00:00","Belgium (BE)","25.30","22.28","21.78","50.51"
"09/11/2024 17:00:00 - 09/11/2024 18:00:00","Belgium (BE)","27.90","25.53","36.18","53.02"
"09/11/2024 18:00:00 - 09/11/2024 19:00:00","Belgium (BE)","32.55","30.93","31.85","71.86"
"09/11/2024 19:00:00 - 09/11/2024 20:00:00","Belgium (BE)","37.98","40.43","47.28","57.37"
"09/11/2024 20:00:00 - 09/11/2024 21:00:00","Belgium (BE)","47.48","61.78","52.73","65.11"
"09/11/2024 21:00:00 - 09/11/2024 22:00:00","Belgium (BE)","64.10","96.00","55.40","97.85"
"09/11/2024 22:00:00 - 09/11/2024 23:00:00","Belgium (BE)","77.83","128.75","61.23","142.39"
"09/11/2024 23:00:00 - 10/11/2024 00:00:00","Belgium (BE)","86.63","155.53","72.78","168.18"
"10/11/2024 00:00:00 - 10/11/2024 01:00:00","Belgium (BE)","57.15","104.70","104.70","172.81"
"10/11/2024 01:00:00 - 10/11/2024 02:00:00","Belgium (BE)","58.60","129.73","129.73","194.18"
"10/11/2024 02:00:00 - 10/11/2024 03:00:00","Belgium (BE)","62.38","137.95","137.95","102.31"
"10/11/2024 03:00:00 - 10/11/2024 04:00:00","Belgium (BE)","63.13","113.45","113.45","48.11"
"10/11/2024 04:00:00 - 10/11/2024 05:00:00","Belgium (BE)","56.75","120.45","120.45","111.44"
"10/11/2024 05:00:00 - 10/11/2024 06:00:00","Belgium (BE)","48.40","67.80","67.80","81.43"
"10/11/2024 06:00:00 - 10/11/2024 07:00:00","Belgium (BE)","51.20","102.98","102.98","101.16"
"10/11/2024 07:00:00 - 10/11/2024 08:00:00","Belgium (BE)","46.55","85.53","81.68","78.49"
"10/11/2024 08:00:00 - 10/11/2024 09:00:00","Belgium (BE)","36.98","74.65","73.48","72.60"
"10/11/2024 09:00:00 - 10/11/2024 10:00:00","Belgium (BE)","33.28","60.20","71.98","55.94"
"10/11/2024 10:00:00 - 10/11/2024 11:00:00","Belgium (BE)","36.23","51.33","76.80","184.01"
"10/11/2024 11:00:00 - 10/11/2024 12:00:00","Belgium (BE)","42.80","48.75","58.88","260.36"
"10/11/2024 12:00:00 - 10/11/2024 13:00:00","Belgium (BE)","40.83","42.55","108.68","159.88"
"10/11/2024 13:00:00 - 10/11/2024 14:00:00","Belgium (BE)","34.63","36.80","78.88","48.12"
"10/11/2024 14:00:00 - 10/11/2024 15:00:00","Belgium (BE)","29.50","32.38","85.30","219.36"
"10/11/2024 15:00:00 - 10/11/2024 16:00:00","Belgium (BE)","26.25","26.30","37.28","237.69"
"10/11/2024 16:00:00 - 10/11/2024 17:00:00","Belgium (BE)","25.50","21.35","107.75","106.72"
"10/11/2024 17:00:00 - 10/11/2024 18:00:00","Belgium (BE)","27.60","18.38","131.78","60.93"
"10/11/2024 18:00:00 - 10/11/2024 19:00:00","Belgium (BE)","28.30","23.58","97.20","37.86"
"10/11/2024 19:00:00 - 10/11/2024 20:00:00","Belgium (BE)","30.70","33.33","61.70","34.45"
"10/11/2024 20:00:00 - 10/11/2024 21:00:00","Belgium (BE)","38.68","47.25","75.93","77.49"
"10/11/2024 21:00:00 - 10/11/2024 22:00:00","Belgium (BE)","53.85","73.43","88.80","137.36"
"10/11/2024 22:00:00 - 10/11/2024 23:00:00","Belgium (BE)","72.10","116.13","137.93","209.29"
"10/11/2024 23:00:00 - 11/11/2024 00:00:00","Belgium (BE)","90.68","188.58","211.15","238.83"
"11/11/2024 00:00:00 - 11/11/2024 01:00:00","Belgium (BE)","281.08","385.55","385.55","254.05"
"11/11/2024 01:00:00 - 11/11/2024 02:00:00","Belgium (BE)","403.53","463.80","463.80","387.90"
"11/11/2024 02:00:00 - 11/11/2024 03:00:00","Belgium (BE)","557.85","532.95","532.95","471.65"
"11/11/2024 03:00:00 - 11/11/2024 04:00:00","Belgium (BE)","725.50","672.68","672.68","420.38"
"11/11/2024 04:00:00 - 11/11/2024 05:00:00","Belgium (BE)","944.23","841.95","841.95","590.83"
"11/11/2024 05:00:00 - 11/11/2024 06:00:00","Belgium (BE)","1085.18","921.30","921.30","1234.37"
"11/11/2024 06:00:00 - 11/11/2024 07:00:00","Belgium (BE)","1203.98","1090.18","1090.18","1350.15"
"11/11/2024 07:00:00 - 11/11/2024 08:00:00","Belgium (BE)","1342.45","1296.10","1395.13","1411.82"
"11/11/2024 08:00:00 - 11/11/2024 09:00:00","Belgium (BE)","1366.93","1382.08","1417.00","1314.03"
"11/11/2024 09:00:00 - 11/11/2024 10:00:00","Belgium (BE)","1367.98","1408.60","1332.98","1333.75"
"11/11/2024 10:00:00 - 11/11/2024 11:00:00","Belgium (BE)","1372.18","1400.20","1287.30","1261.86"
"11/11/2024 11:00:00 - 11/11/2024 12:00:00","Belgium (BE)","1418.00","1414.23","1302.33","1316.55"
"11/11/2024 12:00:00 - 11/11/2024 13:00:00","Belgium (BE)","1468.03","1449.48","1260.88","1482.47"
"11/11/2024 13:00:00 - 11/11/2024 14:00:00","Belgium (BE)","1547.05","1494.13","1356.88","1551.07"
"11/11/2024 14:00:00 - 11/11/2024 15:00:00","Belgium (BE)","1678.80","1607.50","1553.18","1433.61"
"11/11/2024 15:00:00 - 11/11/2024 16:00:00","Belgium (BE)","1818.45","1785.83","1717.40","1717.13"
"11/11/2024 16:00:00 - 11/11/2024 17:00:00","Belgium (BE)","1926.20","1940.88","1829.20","1852.27"
"11/11/2024 17:00:00 - 11/11/2024 18:00:00","Belgium (BE)","1984.58","2027.53","1938.18","1992.75"
"11/11/2024 18:00:00 - 11/11/2024 19:00:00","Belgium (BE)","2009.75","2064.18","1978.48","1908.13"
"11/11/2024 19:00:00 - 11/11/2024 20:00:00","Belgium (BE)","2025.15","2078.15","2058.70","2041.60"
"11/11/2024 20:00:00 - 11/11/2024 21:00:00","Belgium (BE)","2040.15","2084.48","2061.20","1921.62"
"11/11/2024 21:00:00 - 11/11/2024 22:00:00","Belgium (BE)","2048.73","2089.45","2111.93","1956.73"
"11/11/2024 22:00:00 - 11/11/2024 23:00:00","Belgium (BE)","2052.90","2094.45","2109.15","2030.25"
"11/11/2024 23:00:00 - 12/11/2024 00:00:00","Belgium (BE)","2053.50","2098.00","2099.78","2086.52"
"12/11/2024 00:00:00 - 12/11/2024 01:00:00","Belgium (BE)","2076.38","2056.05","2056.05","2092.52"
"12/11/2024 01:00:00 - 12/11/2024 02:00:00","Belgium (BE)","2088.88","2098.15","2098.15","2083.93"
"12/11/2024 02:00:00 - 12/11/2024 03:00:00","Belgium (BE)","2095.85","2105.60","2105.60","2092.43"
"12/11/2024 03:00:00 - 12/11/2024 04:00:00","Belgium (BE)","2094.55","2096.55","2096.55","2088.41"
"12/11/2024 04:00:00 - 12/11/2024 05:00:00","Belgium (BE)","2082.70","2080.23","2080.23","2088.93"
"12/11/2024 05:00:00 - 12/11/2024 06:00:00","Belgium (BE)","2046.90","2027.13","2027.13","2063.38"
"12/11/2024 06:00:00 - 12/11/2024 07:00:00","Belgium (BE)","2003.55","1964.65","1964.65","1888.73"
"12/11/2024 07:00:00 - 12/11/2024 08:00:00","Belgium (BE)","1931.63","1868.60","1868.60","1886.80"
"12/11/2024 08:00:00 - 12/11/2024 09:00:00","Belgium (BE)","1829.40","1764.25","1738.10","1789.06"
"12/11/2024 09:00:00 - 12/11/2024 10:00:00","Belgium (BE)","1708.18","1703.23","1629.18","1975.33"
"12/11/2024 10:00:00 - 12/11/2024 11:00:00","Belgium (BE)","1518.78","1613.03","1527.00","2010.49"
"12/11/2024 11:00:00 - 12/11/2024 12:00:00","Belgium (BE)","1290.60","1432.40","1467.00","1796.34"
"12/11/2024 12:00:00 - 12/11/2024 13:00:00","Belgium (BE)","1103.85","1210.65","1306.10","1225.34"
"12/11/2024 13:00:00 - 12/11/2024 14:00:00","Belgium (BE)","971.68","1010.13","1043.40","827.28"
"12/11/2024 14:00:00 - 12/11/2024 15:00:00","Belgium (BE)","873.28","879.95","917.63","797.88"
"12/11/2024 15:00:00 - 12/11/2024 16:00:00","Belgium (BE)","819.85","838.73","860.53","762.03"
"12/11/2024 16:00:00 - 12/11/2024 17:00:00","Belgium (BE)","828.23","846.35","994.95","1160.60"
"12/11/2024 17:00:00 - 12/11/2024 18:00:00","Belgium (BE)","868.88","870.05","1041.33","1450.65"
"12/11/2024 18:00:00 - 12/11/2024 19:00:00","Belgium (BE)","878.60","885.70","1126.65","1546.32"
"12/11/2024 19:00:00 - 12/11/2024 20:00:00","Belgium (BE)","818.70","886.55","1157.60","1495.07"
"12/11/2024 20:00:00 - 12/11/2024 21:00:00","Belgium (BE)","722.48","879.23","1085.33","1233.60"
"12/11/2024 21:00:00 - 12/11/2024 22:00:00","Belgium (BE)","634.53","828.15","943.00","959.27"
"12/11/2024 22:00:00 - 12/11/2024 23:00:00","Belgium (BE)","567.35","721.60","710.28","746.85"
"12/11/2024 23:00:00 - 13/11/2024 00:00:00","Belgium (BE)","518.65","597.38","542.00","598.41"
"13/11/2024 00:00:00 - 13/11/2024 01:00:00","Belgium (BE)","402.10","284.95","284.95","429.11"
"13/11/2024 01:00:00 - 13/11/2024 02:00:00","Belgium (BE)","347.20","249.65","249.65","336.67"
"13/11/2024 02:00:00 - 13/11/2024 03:00:00","Belgium (BE)","307.35","195.88","195.88","146.78"
"13/11/2024 03:00:00 - 13/11/2024 04:00:00","Belgium (BE)","262.75","122.83","122.83","22.34"
"13/11/2024 04:00:00 - 13/11/2024 05:00:00","Belgium (BE)","218.60","99.13","99.13"," "
"13/11/2024 05:00:00 - 13/11/2024 06:00:00","Belgium (BE)","169.93","17.53","17.53"," "
"13/11/2024 06:00:00 - 13/11/2024 07:00:00","Belgium (BE)","121.65","11.45","11.45"," "
"13/11/2024 07:00:00 - 13/11/2024 08:00:00","Belgium (BE)","76.50","10.70","12.78"," "
"13/11/2024 08:00:00 - 13/11/2024 09:00:00","Belgium (BE)","45.85","17.00","19.35"," "
"13/11/2024 09:00:00 - 13/11/2024 10:00:00","Belgium (BE)","28.00","29.48","33.88","4.06"
"13/11/2024 10:00:00 - 13/11/2024 11:00:00","Belgium (BE)","26.28","43.45","60.18","62.18"
"13/11/2024 11:00:00 - 13/11/2024 12:00:00","Belgium (BE)","20.78","33.95","75.85","103.24"
"13/11/2024 12:00:00 - 13/11/2024 13:00:00","Belgium (BE)","17.20","37.28","87.73","79.50"
"13/11/2024 13:00:00 - 13/11/2024 14:00:00","Belgium (BE)","28.75","61.45","128.88","163.42"
"13/11/2024 14:00:00 - 13/11/2024 15:00:00","Belgium (BE)","59.30","104.08","158.90","317.10"
"13/11/2024 15:00:00 - 13/11/2024 16:00:00","Belgium (BE)","99.95","151.33","205.55","162.41"
"13/11/2024 16:00:00 - 13/11/2024 17:00:00","Belgium (BE)","134.20","176.38","207.83","255.60"
"13/11/2024 17:00:00 - 13/11/2024 18:00:00","Belgium (BE)","156.65","167.65","193.98","205.23"
"13/11/2024 18:00:00 - 13/11/2024 19:00:00","Belgium (BE)","168.28","154.15","192.88","75.65"
"13/11/2024 19:00:00 - 13/11/2024 20:00:00","Belgium (BE)","171.63","144.60","194.93","83.49"
"13/11/2024 20:00:00 - 13/11/2024 21:00:00","Belgium (BE)","185.45","143.93","129.45","163.64"
"13/11/2024 21:00:00 - 13/11/2024 22:00:00","Belgium (BE)","202.60","145.33","108.93","169.87"
"13/11/2024 22:00:00 - 13/11/2024 23:00:00","Belgium (BE)","212.75","151.98","129.30","114.41"
"13/11/2024 23:00:00 - 14/11/2024 00:00:00","Belgium (BE)","214.58","164.68","154.30","100.99"
"14/11/2024 00:00:00 - 14/11/2024 01:00:00","Belgium (BE)","187.68","174.60","174.60","127.53"
"14/11/2024 01:00:00 - 14/11/2024 02:00:00","Belgium (BE)","190.35","183.75","183.75","121.19"
"14/11/2024 02:00:00 - 14/11/2024 03:00:00","Belgium (BE)","181.30","166.70","166.70","78.77"
"14/11/2024 03:00:00 - 14/11/2024 04:00:00","Belgium (BE)","180.05","185.38","185.38","109.62"
"14/11/2024 04:00:00 - 14/11/2024 05:00:00","Belgium (BE)","196.58","150.80","150.80","162.16"
"14/11/2024 05:00:00 - 14/11/2024 06:00:00","Belgium (BE)","242.93","151.00","151.00","183.22"
"14/11/2024 06:00:00 - 14/11/2024 07:00:00","Belgium (BE)","333.93","179.70","179.70","124.80"
"14/11/2024 07:00:00 - 14/11/2024 08:00:00","Belgium (BE)","461.40","239.28","256.93","295.31"
"14/11/2024 08:00:00 - 14/11/2024 09:00:00","Belgium (BE)","603.23","355.15","341.33","531.65"
"14/11/2024 09:00:00 - 14/11/2024 10:00:00","Belgium (BE)","676.75","494.65","519.68","645.11"
"14/11/2024 10:00:00 - 14/11/2024 11:00:00","Belgium (BE)","633.08","578.98","617.40","870.07"
"14/11/2024 11:00:00 - 14/11/2024 12:00:00","Belgium (BE)","547.00","594.38","584.80","553.29"
"14/11/2024 12:00:00 - 14/11/2024 13:00:00","Belgium (BE)","439.85","520.15","588.43","472.92"
"14/11/2024 13:00:00 - 14/11/2024 14:00:00","Belgium (BE)","341.80","428.98","373.35","335.78"
"14/11/2024 14:00:00 - 14/11/2024 15:00:00","Belgium (BE)","288.30","361.68","299.43","263.96"
"14/11/2024 15:00:00 - 14/11/2024 16:00:00","Belgium (BE)","272.33","314.65","238.70","217.76"
"14/11/2024 16:00:00 - 14/11/2024 17:00:00","Belgium (BE)","270.93","278.50","230.68","327.14"
"14/11/2024 17:00:00 - 14/11/2024 18:00:00","Belgium (BE)","270.10","246.88","238.98","366.69"
"14/11/2024 18:00:00 - 14/11/2024 19:00:00","Belgium (BE)","257.38","222.75","237.78","454.52"
"14/11/2024 19:00:00 - 14/11/2024 20:00:00","Belgium (BE)","229.50","200.13","283.50","247.46"
"14/11/2024 20:00:00 - 14/11/2024 21:00:00","Belgium (BE)","189.65","161.15","232.83","184.97"
"14/11/2024 21:00:00 - 14/11/2024 22:00:00","Belgium (BE)","148.08","121.75","166.73","192.71"
"14/11/2024 22:00:00 - 14/11/2024 23:00:00","Belgium (BE)","114.10","92.93","131.23","138.58"
"14/11/2024 23:00:00 - 15/11/2024 00:00:00","Belgium (BE)","88.73","69.88","97.23","88.78"
"15/11/2024 00:00:00 - 15/11/2024 01:00:00","Belgium (BE)","61.40","64.75","64.75","49.65"
"15/11/2024 01:00:00 - 15/11/2024 02:00:00","Belgium (BE)","43.55","45.58","45.58","33.17"
"15/11/2024 02:00:00 - 15/11/2024 03:00:00","Belgium (BE)","33.60","34.40","34.40","25.58"
"15/11/2024 03:00:00 - 15/11/2024 04:00:00","Belgium (BE)","29.33","27.55","27.55","3.12"
"15/11/2024 04:00:00 - 15/11/2024 05:00:00","Belgium (BE)","27.40","24.73","24.73","11.52"
"15/11/2024 05:00:00 - 15/11/2024 06:00:00","Belgium (BE)","24.28","18.23","18.23","4.39"
"15/11/2024 06:00:00 - 15/11/2024 07:00:00","Belgium (BE)","21.33","14.53","14.53"," "
"15/11/2024 07:00:00 - 15/11/2024 08:00:00","Belgium (BE)","18.50","14.55","15.15"," "
"15/11/2024 08:00:00 - 15/11/2024 09:00:00","Belgium (BE)","16.28","13.80","13.25"," "
"15/11/2024 09:00:00 - 15/11/2024 10:00:00","Belgium (BE)","16.60","14.95","17.48"," "
"15/11/2024 10:00:00 - 15/11/2024 11:00:00","Belgium (BE)","18.70","17.70","19.58"," "
"15/11/2024 11:00:00 - 15/11/2024 12:00:00","Belgium (BE)","24.25","21.18","24.43","2.16"
"15/11/2024 12:00:00 - 15/11/2024 13:00:00","Belgium (BE)","28.03","22.90","34.40"," "
"15/11/2024 13:00:00 - 15/11/2024 14:00:00","Belgium (BE)","33.53","25.88","28.28"," "
"15/11/2024 14:00:00 - 15/11/2024 15:00:00","Belgium (BE)","43.38","31.55","26.30","7.87"
"15/11/2024 15:00:00 - 15/11/2024 16:00:00","Belgium (BE)","60.98","35.95","28.10","41.91"
"15/11/2024 16:00:00 - 15/11/2024 17:00:00","Belgium (BE)","83.90","42.78","34.63","55.51"
"15/11/2024 17:00:00 - 15/11/2024 18:00:00","Belgium (BE)","116.23","56.55","54.68","104.25"
"15/11/2024 18:00:00 - 15/11/2024 19:00:00","Belgium (BE)","165.90","79.90","90.18","182.58"
"15/11/2024 19:00:00 - 15/11/2024 20:00:00","Belgium (BE)","230.60","115.60","163.03","215.81"
"15/11/2024 20:00:00 - 15/11/2024 21:00:00","Belgium (BE)","308.73","159.60","260.60","362.59"
"15/11/2024 21:00:00 - 15/11/2024 22:00:00","Belgium (BE)","401.40","218.78","349.00","423.52"
"15/11/2024 22:00:00 - 15/11/2024 23:00:00","Belgium (BE)","485.88","299.38","437.73","623.80"
"15/11/2024 23:00:00 - 16/11/2024 00:00:00","Belgium (BE)","553.88","391.88","514.15","770.07"
"16/11/2024 00:00:00 - 16/11/2024 01:00:00","Belgium (BE)","557.63","578.15","578.15","793.68"
"16/11/2024 01:00:00 - 16/11/2024 02:00:00","Belgium (BE)","558.63","620.70","620.70","756.66"
"16/11/2024 02:00:00 - 16/11/2024 03:00:00","Belgium (BE)","576.13","673.58","673.58","539.49"
"16/11/2024 03:00:00 - 16/11/2024 04:00:00","Belgium (BE)","608.05","707.83","707.83","503.40"
"16/11/2024 04:00:00 - 16/11/2024 05:00:00","Belgium (BE)","658.20","771.20","771.20","727.37"
"16/11/2024 05:00:00 - 16/11/2024 06:00:00","Belgium (BE)","707.53","757.53","757.53","786.23"
"16/11/2024 06:00:00 - 16/11/2024 07:00:00","Belgium (BE)","707.28","807.45","807.45","901.15"
"16/11/2024 07:00:00 - 16/11/2024 08:00:00","Belgium (BE)","650.50","759.95","759.95","972.34"
"16/11/2024 08:00:00 - 16/11/2024 09:00:00","Belgium (BE)","586.30","671.15","739.48","900.44"
"16/11/2024 09:00:00 - 16/11/2024 10:00:00","Belgium (BE)","540.75","577.85","825.10","907.98"
"16/11/2024 10:00:00 - 16/11/2024 11:00:00","Belgium (BE)","531.75","525.10","677.63","822.62"
"16/11/2024 11:00:00 - 16/11/2024 12:00:00","Belgium (BE)","570.45","522.68","682.40","665.67"
"16/11/2024 12:00:00 - 16/11/2024 13:00:00","Belgium (BE)","660.33","576.85","690.78","830.40"
"16/11/2024 13:00:00 - 16/11/2024 14:00:00","Belgium (BE)","795.40","696.90","710.83","961.29"
"16/11/2024 14:00:00 - 16/11/2024 15:00:00","Belgium (BE)","967.23","870.23","941.95","1166.12"
"16/11/2024 15:00:00 - 16/11/2024 16:00:00","Belgium (BE)","1150.88","1055.50","1163.23","1242.83"
"16/11/2024 16:00:00 - 16/11/2024 17:00:00","Belgium (BE)","1292.15","1194.88","1284.65","1398.77"
"16/11/2024 17:00:00 - 16/11/2024 18:00:00","Belgium (BE)","1320.53","1257.90","1280.88","1460.00"
"16/11/2024 18:00:00 - 16/11/2024 19:00:00","Belgium (BE)","1270.55","1276.90","1289.45","1311.23"
"16/11/2024 19:00:00 - 16/11/2024 20:00:00","Belgium (BE)","1250.18","1288.30","1320.53","1392.21"
"16/11/2024 20:00:00 - 16/11/2024 21:00:00","Belgium (BE)","1262.08","1286.35","1263.13","1388.21"
"16/11/2024 21:00:00 - 16/11/2024 22:00:00","Belgium (BE)","1267.23","1239.55","1346.13","1405.25"
"16/11/2024 22:00:00 - 16/11/2024 23:00:00","Belgium (BE)","1227.68","1153.18","1243.98","1429.79"
"16/11/2024 23:00:00 - 17/11/2024 00:00:00","Belgium (BE)","1180.48","1051.00","1140.40","921.99"
"17/11/2024 00:00:00 - 17/11/2024 01:00:00","Belgium (BE)","858.83","1178.33","1178.33","858.08"
"17/11/2024 01:00:00 - 17/11/2024 02:00:00","Belgium (BE)","914.10","1097.80","1097.80","1099.65"
"17/11/2024 02:00:00 - 17/11/2024 03:00:00","Belgium (BE)","1046.35","1168.75","1168.75","1204.83"
"17/11/2024 03:00:00 - 17/11/2024 04:00:00","Belgium (BE)","1189.65","1259.75","1259.75","1200.94"
"17/11/2024 04:00:00 - 17/11/2024 05:00:00","Belgium (BE)","1292.88","1300.25","1300.25","1348.30"
"17/11/2024 05:00:00 - 17/11/2024 06:00:00","Belgium (BE)","1333.43","1269.50","1269.50","1315.38"
"17/11/2024 06:00:00 - 17/11/2024 07:00:00","Belgium (BE)","1355.98","1338.70","1338.70","1240.17"
"17/11/2024 07:00:00 - 17/11/2024 08:00:00","Belgium (BE)","1389.33","1395.03","1381.33","1379.23"
"17/11/2024 08:00:00 - 17/11/2024 09:00:00","Belgium (BE)","1452.48","1484.05","1476.30","1341.37"
"17/11/2024 09:00:00 - 17/11/2024 10:00:00","Belgium (BE)","1538.03","1586.28","1391.65","1525.32"
"17/11/2024 10:00:00 - 17/11/2024 11:00:00","Belgium (BE)","1601.53","1664.40","1426.48","1497.56"
"17/11/2024 11:00:00 - 17/11/2024 12:00:00","Belgium (BE)","1612.03","1670.73","1482.88","1497.41"
"17/11/2024 12:00:00 - 17/11/2024 13:00:00","Belgium (BE)","1584.85","1637.03","1429.90","1576.78"
"17/11/2024 13:00:00 - 17/11/2024 14:00:00","Belgium (BE)","1560.33","1621.78","1426.48","1641.01"
"17/11/2024 14:00:00 - 17/11/2024 15:00:00","Belgium (BE)","1555.10","1627.43","1516.58","1652.68"
"17/11/2024 15:00:00 - 17/11/2024 16:00:00","Belgium (BE)","1558.23","1638.95","1559.03","1821.59"
"17/11/2024 16:00:00 - 17/11/2024 17:00:00","Belgium (BE)","1557.25","1626.15","1552.63","1728.14"
"17/11/2024 17:00:00 - 17/11/2024 18:00:00","Belgium (BE)","1586.48","1608.48","1622.20","1644.87"
"17/11/2024 18:00:00 - 17/11/2024 19:00:00","Belgium (BE)","1671.70","1611.50","1604.15","1146.95"
"17/11/2024 19:00:00 - 17/11/2024 20:00:00","Belgium (BE)","1753.35","1630.35","1631.08","1132.60"
"17/11/2024 20:00:00 - 17/11/2024 21:00:00","Belgium (BE)","1763.73","1632.08","1444.78","1979.53"
"17/11/2024 21:00:00 - 17/11/2024 22:00:00","Belgium (BE)","1710.03","1571.58","1568.75","1907.39"
"17/11/2024 22:00:00 - 17/11/2024 23:00:00","Belgium (BE)","1625.25","1461.63","1928.75","878.35"
"17/11/2024 23:00:00 - 18/11/2024 00:00:00","Belgium (BE)","1491.75","1306.95","1836.08","536.32"
"18/11/2024 00:00:00 - 18/11/2024 01:00:00","Belgium (BE)","1359.05","1481.55","1481.55","1188.12"
"18/11/2024 01:00:00 - 18/11/2024 02:00:00","Belgium (BE)","1248.13","1363.35","1363.35","1120.39"
"18/11/2024 02:00:00 - 18/11/2024 03:00:00","Belgium (BE)","1143.85","1385.28","1385.28","954.16"
"18/11/2024 03:00:00 - 18/11/2024 04:00:00","Belgium (BE)","1066.88","1311.85","1311.85","847.30"
"18/11/2024 04:00:00 - 18/11/2024 05:00:00","Belgium (BE)","1012.18","1100.70","1100.70","702.64"
"18/11/2024 05:00:00 - 18/11/2024 06:00:00","Belgium (BE)","938.33","770.05","770.05","749.97"
"18/11/2024 06:00:00 - 18/11/2024 07:00:00","Belgium (BE)","845.08","571.35","571.35","547.41"
"18/11/2024 07:00:00 - 18/11/2024 08:00:00","Belgium (BE)","717.85","516.60","516.60","316.57"
"18/11/2024 08:00:00 - 18/11/2024 09:00:00","Belgium (BE)","568.43","388.58","388.58","247.53"
"18/11/2024 09:00:00 - 18/11/2024 10:00:00","Belgium (BE)","434.40","279.00","167.48","216.34"
"18/11/2024 10:00:00 - 18/11/2024 11:00:00","Belgium (BE)","322.78","191.35","109.30","142.06"
"18/11/2024 11:00:00 - 18/11/2024 12:00:00","Belgium (BE)","227.70","123.13","92.75","44.74"
"18/11/2024 12:00:00 - 18/11/2024 13:00:00","Belgium (BE)","152.78","75.68","57.83","21.18"
"18/11/2024 13:00:00 - 18/11/2024 14:00:00","Belgium (BE)","100.53","46.43","42.73","15.72"
"18/11/2024 14:00:00 - 18/11/2024 15:00:00","Belgium (BE)","65.28","32.05","27.18"," "
"18/11/2024 15:00:00 - 18/11/2024 16:00:00","Belgium (BE)","45.30","24.73","15.85"," "
"18/11/2024 16:00:00 - 18/11/2024 17:00:00","Belgium (BE)","43.43","20.85","11.08"," "
"18/11/2024 17:00:00 - 18/11/2024 18:00:00","Belgium (BE)","58.90","21.35","10.13"," "
"18/11/2024 18:00:00 - 18/11/2024 19:00:00","Belgium (BE)","84.23","32.78","15.65"," "
"18/11/2024 19:00:00 - 18/11/2024 20:00:00","Belgium (BE)","122.18","66.35","30.60"," "
"18/11/2024 20:00:00 - 18/11/2024 21:00:00","Belgium (BE)","179.05","126.28","68.65","33.88"
"18/11/2024 21:00:00 - 18/11/2024 22:00:00","Belgium (BE)","243.78","205.33","218.60","114.29"
"18/11/2024 22:00:00 - 18/11/2024 23:00:00","Belgium (BE)","333.68","326.53","423.53","271.54"
"18/11/2024 23:00:00 - 19/11/2024 00:00:00","Belgium (BE)","441.13","488.35","681.00","318.77"
"19/11/2024 00:00:00 - 19/11/2024 01:00:00","Belgium (BE)","795.43","987.60","987.60","625.05"
"19/11/2024 01:00:00 - 19/11/2024 02:00:00","Belgium (BE)","1080.30","1008.30","1008.30","775.77"
"19/11/2024 02:00:00 - 19/11/2024 03:00:00","Belgium (BE)","1196.13","1188.93","1188.93","750.62"
"19/11/2024 03:00:00 - 19/11/2024 04:00:00","Belgium (BE)","1253.45","1621.20","1621.20","1363.82"
"19/11/2024 04:00:00 - 19/11/2024 05:00:00","Belgium (BE)","1280.45","1852.78","1852.78","1661.72"
"19/11/2024 05:00:00 - 19/11/2024 06:00:00","Belgium (BE)","1268.83","1838.50","1838.50","2088.04"
"19/11/2024 06:00:00 - 19/11/2024 07:00:00","Belgium (BE)","1289.73","1771.15","1771.15","2059.19"
"19/11/2024 07:00:00 - 19/11/2024 08:00:00","Belgium (BE)","1349.48","1680.08","1680.08","1324.82"
"19/11/2024 08:00:00 - 19/11/2024 09:00:00","Belgium (BE)","1176.18","1254.45","1273.25","452.95"
"19/11/2024 09:00:00 - 19/11/2024 10:00:00","Belgium (BE)","913.48","925.43","752.80","311.14"
"19/11/2024 10:00:00 - 19/11/2024 11:00:00","Belgium (BE)","718.05","799.15","468.03","485.04"
"19/11/2024 11:00:00 - 19/11/2024 12:00:00","Belgium (BE)","593.13","828.93","543.33","960.10"
"19/11/2024 12:00:00 - 19/11/2024 13:00:00","Belgium (BE)","503.63","846.90","573.70","652.26"
"19/11/2024 13:00:00 - 19/11/2024 14:00:00","Belgium (BE)","439.03","809.60","822.20","329.01"
"19/11/2024 14:00:00 - 19/11/2024 15:00:00","Belgium (BE)","442.83","785.35","692.00","521.52"
"19/11/2024 15:00:00 - 19/11/2024 16:00:00","Belgium (BE)","508.08","816.18","585.48","1107.67"
"19/11/2024 16:00:00 - 19/11/2024 17:00:00","Belgium (BE)","594.38","909.33","707.78","879.36"
"19/11/2024 17:00:00 - 19/11/2024 18:00:00","Belgium (BE)","712.83","1054.90","1121.18","1364.99"
"19/11/2024 18:00:00 - 19/11/2024 19:00:00","Belgium (BE)","863.65","1215.33","1243.63","1633.86"
"19/11/2024 19:00:00 - 19/11/2024 20:00:00","Belgium (BE)","992.18","1369.73","1588.23","1512.88"
"19/11/2024 20:00:00 - 19/11/2024 21:00:00","Belgium (BE)","1162.45","1516.40","1731.23","1619.43"
"19/11/2024 21:00:00 - 19/11/2024 22:00:00","Belgium (BE)","1326.45","1643.95","1820.55","1937.40"
"19/11/2024 22:00:00 - 19/11/2024 23:00:00","Belgium (BE)","1438.20","1709.05","1908.90","2072.35"
"19/11/2024 23:00:00 - 20/11/2024 00:00:00","Belgium (BE)","1595.83","1798.08","1966.55","2017.25"
"20/11/2024 00:00:00 - 20/11/2024 01:00:00","Belgium (BE)","1869.10","2055.30","2055.30","1960.39"
"20/11/2024 01:00:00 - 20/11/2024 02:00:00","Belgium (BE)","1860.65","2035.68","2035.68","2018.23"
"20/11/2024 02:00:00 - 20/11/2024 03:00:00","Belgium (BE)","1894.70","1976.63","1976.63","2027.82"
"20/11/2024 03:00:00 - 20/11/2024 04:00:00","Belgium (BE)","1961.88","1988.05","1988.05","2042.52"
"20/11/2024 04:00:00 - 20/11/2024 05:00:00","Belgium (BE)","2020.73","2028.15","2028.15","2077.07"
"20/11/2024 05:00:00 - 20/11/2024 06:00:00","Belgium (BE)","2060.93","2066.15","2066.15","2032.16"
"20/11/2024 06:00:00 - 20/11/2024 07:00:00","Belgium (BE)","2077.85","2055.38","2055.38","2060.80"
"20/11/2024 07:00:00 - 20/11/2024 08:00:00","Belgium (BE)","2075.83","2080.95","2080.95","1996.64"
"20/11/2024 08:00:00 - 20/11/2024 09:00:00","Belgium (BE)","2066.43","2054.65","2054.65","2069.92"
"20/11/2024 09:00:00 - 20/11/2024 10:00:00","Belgium (BE)","2058.10","2030.13","1949.55","2017.11"
"20/11/2024 10:00:00 - 20/11/2024 11:00:00","Belgium (BE)","2055.03","2004.83","1983.60","2051.38"
"20/11/2024 11:00:00 - 20/11/2024 12:00:00","Belgium (BE)","2059.45","1986.73","1963.60","2078.56"
"20/11/2024 12:00:00 - 20/11/2024 13:00:00","Belgium (BE)","2065.95","1983.53","1955.50","2099.19"
"20/11/2024 13:00:00 - 20/11/2024 14:00:00","Belgium (BE)","2069.90","1988.65","2004.73","2111.37"
"20/11/2024 14:00:00 - 20/11/2024 15:00:00","Belgium (BE)","2069.48","1994.33","2038.20","2071.76"
"20/11/2024 15:00:00 - 20/11/2024 16:00:00","Belgium (BE)","2068.50","2002.95","2101.60","2074.90"
"20/11/2024 16:00:00 - 20/11/2024 17:00:00","Belgium (BE)","2072.93","2015.45","2082.55","2074.46"
"20/11/2024 17:00:00 - 20/11/2024 18:00:00","Belgium (BE)","2080.03","2033.35","2098.18","2105.75"
"20/11/2024 18:00:00 - 20/11/2024 19:00:00","Belgium (BE)","2075.83","2044.00","2101.18","2080.82"
"20/11/2024 19:00:00 - 20/11/2024 20:00:00","Belgium (BE)","2048.98","2040.80","2120.60","2102.71"
"20/11/2024 20:00:00 - 20/11/2024 21:00:00","Belgium (BE)","1998.65","2017.43","2109.53","2108.55"
"20/11/2024 21:00:00 - 20/11/2024 22:00:00","Belgium (BE)","1933.85","1971.45","2099.78","2093.32"
"20/11/2024 22:00:00 - 20/11/2024 23:00:00","Belgium (BE)","1881.85","1901.33","2044.28","2099.36"
"20/11/2024 23:00:00 - 21/11/2024 00:00:00","Belgium (BE)","1849.55","1815.70","1935.70","2071.46"
"21/11/2024 00:00:00 - 21/11/2024 01:00:00","Belgium (BE)","1689.25","1707.20","1707.20","1991.80"
"21/11/2024 01:00:00 - 21/11/2024 02:00:00","Belgium (BE)","1503.45","1596.03","1596.03","1840.66"
"21/11/2024 02:00:00 - 21/11/2024 03:00:00","Belgium (BE)","1344.65","1441.33","1441.33","1439.96"
"21/11/2024 03:00:00 - 21/11/2024 04:00:00","Belgium (BE)","1226.45","1211.63","1211.63","1259.26"
"21/11/2024 04:00:00 - 21/11/2024 05:00:00","Belgium (BE)","1142.23","1035.98","1035.98","1346.18"
"21/11/2024 05:00:00 - 21/11/2024 06:00:00","Belgium (BE)","1042.05","951.75","951.75","1421.86"
"21/11/2024 06:00:00 - 21/11/2024 07:00:00","Belgium (BE)","883.68","899.78","899.78","1455.10"
"21/11/2024 07:00:00 - 21/11/2024 08:00:00","Belgium (BE)","684.90","698.10","865.25","1208.86"
"21/11/2024 08:00:00 - 21/11/2024 09:00:00","Belgium (BE)","481.18","504.05","582.55","933.34"
"21/11/2024 09:00:00 - 21/11/2024 10:00:00","Belgium (BE)","315.83","350.38","636.43","670.37"
"21/11/2024 10:00:00 - 21/11/2024 11:00:00","Belgium (BE)","205.35","233.88","428.88","458.23"
"21/11/2024 11:00:00 - 21/11/2024 12:00:00","Belgium (BE)","142.30","164.83","392.83","313.79"
"21/11/2024 12:00:00 - 21/11/2024 13:00:00","Belgium (BE)","107.63","133.43","301.90","230.62"
"21/11/2024 13:00:00 - 21/11/2024 14:00:00","Belgium (BE)","91.00","134.30","272.53","229.61"
"21/11/2024 14:00:00 - 21/11/2024 15:00:00","Belgium (BE)","95.33","166.78","290.90","190.03"
"21/11/2024 15:00:00 - 21/11/2024 16:00:00","Belgium (BE)","117.85","238.30","376.93","246.57"
"21/11/2024 16:00:00 - 21/11/2024 17:00:00","Belgium (BE)","168.38","376.85","487.08","405.10"
"21/11/2024 17:00:00 - 21/11/2024 18:00:00","Belgium (BE)","271.03","568.00","684.80","592.74"
"21/11/2024 18:00:00 - 21/11/2024 19:00:00","Belgium (BE)","449.48","774.50","942.30","666.68"
"21/11/2024 19:00:00 - 21/11/2024 20:00:00","Belgium (BE)","711.65","966.25","1153.65","923.48"
"21/11/2024 20:00:00 - 21/11/2024 21:00:00","Belgium (BE)","1013.05","1120.70","1332.13","1261.13"
"21/11/2024 21:00:00 - 21/11/2024 22:00:00","Belgium (BE)","1285.13","1236.08","1439.55","1447.52"
"21/11/2024 22:00:00 - 21/11/2024 23:00:00","Belgium (BE)","1475.20","1359.83","1623.73","1490.91"
"21/11/2024 23:00:00 - 22/11/2024 00:00:00","Belgium (BE)","1606.18","1513.88","1776.38","1751.89"
"22/11/2024 00:00:00 - 22/11/2024 01:00:00","Belgium (BE)","1898.58","1913.10","1913.10","1928.95"
"22/11/2024 01:00:00 - 22/11/2024 02:00:00","Belgium (BE)","1956.93","1971.98","1971.98","2064.15"
"22/11/2024 02:00:00 - 22/11/2024 03:00:00","Belgium (BE)","1979.98","2033.60","2033.60","2006.68"
"22/11/2024 03:00:00 - 22/11/2024 04:00:00","Belgium (BE)","1998.65","2051.55","2051.55","2038.82"
"22/11/2024 04:00:00 - 22/11/2024 05:00:00","Belgium (BE)","2035.05","2069.38","2069.38","2097.25"
"22/11/2024 05:00:00 - 22/11/2024 06:00:00","Belgium (BE)","2076.80","2088.58","2088.58","2102.89"
"22/11/2024 06:00:00 - 22/11/2024 07:00:00","Belgium (BE)","2099.40","2100.00","2100.00","2105.98"
"22/11/2024 07:00:00 - 22/11/2024 08:00:00","Belgium (BE)","2103.88","2135.75","2135.75","2109.67"
"22/11/2024 08:00:00 - 22/11/2024 09:00:00","Belgium (BE)","2102.75","2129.55","2117.58","2114.69"
"22/11/2024 09:00:00 - 22/11/2024 10:00:00","Belgium (BE)","2097.43","2117.93","2124.63","2115.77"
"22/11/2024 10:00:00 - 22/11/2024 11:00:00","Belgium (BE)","2091.98","2106.93","2115.33","2114.82"
"22/11/2024 11:00:00 - 22/11/2024 12:00:00","Belgium (BE)","2088.83","2097.38","2118.68","2105.87"
"22/11/2024 12:00:00 - 22/11/2024 13:00:00","Belgium (BE)","2087.65","2087.78","2099.75","2072.40"
"22/11/2024 13:00:00 - 22/11/2024 14:00:00","Belgium (BE)","2086.75","2079.33","2101.78","2105.65"
"22/11/2024 14:00:00 - 22/11/2024 15:00:00","Belgium (BE)","2079.80","2066.38","2048.58","2067.69"
"22/11/2024 15:00:00 - 22/11/2024 16:00:00","Belgium (BE)","2049.63","2034.38","1965.38","2033.64"
"22/11/2024 16:00:00 - 22/11/2024 17:00:00","Belgium (BE)","1963.30","1958.50","1747.15","1972.34"
"22/11/2024 17:00:00 - 22/11/2024 18:00:00","Belgium (BE)","1779.63","1799.50","1519.83","1709.57"
"22/11/2024 18:00:00 - 22/11/2024 19:00:00","Belgium (BE)","1489.85","1610.95","1206.53","1746.18"
"22/11/2024 19:00:00 - 22/11/2024 20:00:00","Belgium (BE)","1159.98","1308.30","945.95","1430.78"
"22/11/2024 20:00:00 - 22/11/2024 21:00:00","Belgium (BE)","889.98","1006.38","715.60","983.60"
"22/11/2024 21:00:00 - 22/11/2024 22:00:00","Belgium (BE)","728.45","847.63","850.28","788.48"
"22/11/2024 22:00:00 - 22/11/2024 23:00:00","Belgium (BE)","640.03","761.75","627.93","683.60"
"22/11/2024 23:00:00 - 23/11/2024 00:00:00","Belgium (BE)","588.68","684.28","592.93","480.62"
"23/11/2024 00:00:00 - 23/11/2024 01:00:00","Belgium (BE)","505.05","759.33","759.33","648.76"
"23/11/2024 01:00:00 - 23/11/2024 02:00:00","Belgium (BE)","591.63","773.00","773.00","939.17"
"23/11/2024 02:00:00 - 23/11/2024 03:00:00","Belgium (BE)","728.18","850.68","850.68","894.12"
"23/11/2024 03:00:00 - 23/11/2024 04:00:00","Belgium (BE)","868.43","904.35","904.35","1261.09"
"23/11/2024 04:00:00 - 23/11/2024 05:00:00","Belgium (BE)","926.25","968.08","968.08","1160.49"
"23/11/2024 05:00:00 - 23/11/2024 06:00:00","Belgium (BE)","958.73","1117.88","1117.88","1031.20"
"23/11/2024 06:00:00 - 23/11/2024 07:00:00","Belgium (BE)","1120.45","1556.80","1556.80","1505.09"
"23/11/2024 07:00:00 - 23/11/2024 08:00:00","Belgium (BE)","1415.45","1715.43","1715.43","1785.98"
"23/11/2024 08:00:00 - 23/11/2024 09:00:00","Belgium (BE)","1680.25","1900.08","1900.08","2047.50"
"23/11/2024 09:00:00 - 23/11/2024 10:00:00","Belgium (BE)","1864.53","1990.48","2038.60","2062.35"
"23/11/2024 10:00:00 - 23/11/2024 11:00:00","Belgium (BE)","1977.63","2030.78","2146.08","2061.02"
"23/11/2024 11:00:00 - 23/11/2024 12:00:00","Belgium (BE)","2039.38","2065.10","2147.20","2057.15"
"23/11/2024 12:00:00 - 23/11/2024 13:00:00","Belgium (BE)","2072.50","2083.95","2140.18","2077.87"
"23/11/2024 13:00:00 - 23/11/2024 14:00:00","Belgium (BE)","2082.55","2094.98","2139.63","2102.92"
"23/11/2024 14:00:00 - 23/11/2024 15:00:00","Belgium (BE)","2087.20","2103.43","2130.25","2093.39"
"23/11/2024 15:00:00 - 23/11/2024 16:00:00","Belgium (BE)","2091.55","2107.78","2130.15","2078.50"
"23/11/2024 16:00:00 - 23/11/2024 17:00:00","Belgium (BE)","2090.63","2103.08","2131.80","2080.68"
"23/11/2024 17:00:00 - 23/11/2024 18:00:00","Belgium (BE)","2084.78","2092.83","2125.53","2087.20"
"23/11/2024 18:00:00 - 23/11/2024 19:00:00","Belgium (BE)","2077.30","2077.80","2117.60","1988.83"
"23/11/2024 19:00:00 - 23/11/2024 20:00:00","Belgium (BE)","2074.85","2066.93","2105.20","1911.98"
"23/11/2024 20:00:00 - 23/11/2024 21:00:00","Belgium (BE)","2080.08","2069.05","2109.53","1933.97"
"23/11/2024 21:00:00 - 23/11/2024 22:00:00","Belgium (BE)","2090.18","2079.15","2120.93","2024.92"
"23/11/2024 22:00:00 - 23/11/2024 23:00:00","Belgium (BE)","2098.15","2090.18","2116.25","2029.61"
"23/11/2024 23:00:00 - 24/11/2024 00:00:00","Belgium (BE)","2103.03","2091.83","2111.78","2061.98"
"24/11/2024 00:00:00 - 24/11/2024 01:00:00","Belgium (BE)","2083.78","2097.65","2097.65","2081.94"
"24/11/2024 01:00:00 - 24/11/2024 02:00:00","Belgium (BE)","2075.63","2101.28","2101.28","2083.04"
"24/11/2024 02:00:00 - 24/11/2024 03:00:00","Belgium (BE)","2073.95","2101.30","2101.30","2081.78"
"24/11/2024 03:00:00 - 24/11/2024 04:00:00","Belgium (BE)","2076.75","2097.98","2097.98","2056.09"
"24/11/2024 04:00:00 - 24/11/2024 05:00:00","Belgium (BE)","2081.65","2111.78","2111.78","2071.37"
"24/11/2024 05:00:00 - 24/11/2024 06:00:00","Belgium (BE)","2090.48","2114.48","2114.48","2066.43"
"24/11/2024 06:00:00 - 24/11/2024 07:00:00","Belgium (BE)","2099.83","2117.95","2117.95","2059.23"
"24/11/2024 07:00:00 - 24/11/2024 08:00:00","Belgium (BE)","2107.23","2115.65","2113.63","2061.31"
"24/11/2024 08:00:00 - 24/11/2024 09:00:00","Belgium (BE)","2112.23","2113.68","2110.85","2042.89"
"24/11/2024 09:00:00 - 24/11/2024 10:00:00","Belgium (BE)","2112.05","2110.23","2111.48","2075.31"
"24/11/2024 10:00:00 - 24/11/2024 11:00:00","Belgium (BE)","2106.43","2106.65","2100.85","2060.78"
"24/11/2024 11:00:00 - 24/11/2024 12:00:00","Belgium (BE)","2102.48","2101.95","2087.68","2044.52"
"24/11/2024 12:00:00 - 24/11/2024 13:00:00","Belgium (BE)","2101.40","2097.18","2082.43","2035.70"
"24/11/2024 13:00:00 - 24/11/2024 14:00:00","Belgium (BE)","2106.68","2095.35","2099.50","2054.87"
"24/11/2024 14:00:00 - 24/11/2024 15:00:00","Belgium (BE)","2112.28","2096.33","2104.20","2043.43"
"24/11/2024 15:00:00 - 24/11/2024 16:00:00","Belgium (BE)","2113.65","2102.90","2114.98","2039.91"
"24/11/2024 16:00:00 - 24/11/2024 17:00:00","Belgium (BE)","2111.58","2114.13","2110.88","2020.03"
"24/11/2024 17:00:00 - 24/11/2024 18:00:00","Belgium (BE)","2108.38","2125.03","2111.30","2035.77"
"24/11/2024 18:00:00 - 24/11/2024 19:00:00","Belgium (BE)","2108.65","2132.90","2104.95","2052.06"
"24/11/2024 19:00:00 - 24/11/2024 20:00:00","Belgium (BE)","2111.15","2139.50","2104.00","2034.15"
"24/11/2024 20:00:00 - 24/11/2024 21:00:00","Belgium (BE)","2111.00","2142.98","2102.45","2004.18"
"24/11/2024 21:00:00 - 24/11/2024 22:00:00","Belgium (BE)","2108.53","2142.05","2101.55","1896.86"
"24/11/2024 22:00:00 - 24/11/2024 23:00:00","Belgium (BE)","2105.18","2139.85","2112.95","1917.56"
"24/11/2024 23:00:00 - 25/11/2024 00:00:00","Belgium (BE)","2104.65","2134.20","2120.73","2002.45"
"25/11/2024 00:00:00 - 25/11/2024 01:00:00","Belgium (BE)","2135.43","2097.00","2097.00","1994.22"
"25/11/2024 01:00:00 - 25/11/2024 02:00:00","Belgium (BE)","2129.18","2094.70","2094.70","2026.05"
"25/11/2024 02:00:00 - 25/11/2024 03:00:00","Belgium (BE)","2124.28","2093.98","2093.98","2018.55"
"25/11/2024 03:00:00 - 25/11/2024 04:00:00","Belgium (BE)","2118.90","2093.30","2093.30","1995.93"
"25/11/2024 04:00:00 - 25/11/2024 05:00:00","Belgium (BE)","2099.25","2026.05","2026.05","1941.03"
"25/11/2024 05:00:00 - 25/11/2024 06:00:00","Belgium (BE)","2012.50","1800.13","1800.13","1783.02"
"25/11/2024 06:00:00 - 25/11/2024 07:00:00","Belgium (BE)","1797.60","1477.13","1477.13","1283.84"
"25/11/2024 07:00:00 - 25/11/2024 08:00:00","Belgium (BE)","1457.08","1141.98","1141.98","1246.92"
"25/11/2024 08:00:00 - 25/11/2024 09:00:00","Belgium (BE)","1156.03","920.10","920.10","714.63"
"25/11/2024 09:00:00 - 25/11/2024 10:00:00","Belgium (BE)","1059.48","893.60","1292.30","1072.30"
"25/11/2024 10:00:00 - 25/11/2024 11:00:00","Belgium (BE)","1197.88","1053.83","1436.05","1478.65"
"25/11/2024 11:00:00 - 25/11/2024 12:00:00","Belgium (BE)","1463.20","1299.83","1609.83","1490.14"
"25/11/2024 12:00:00 - 25/11/2024 13:00:00","Belgium (BE)","1689.68","1547.43","1765.08","1653.51"
"25/11/2024 13:00:00 - 25/11/2024 14:00:00","Belgium (BE)","1777.65","1710.20","1709.65","1817.82"
"25/11/2024 14:00:00 - 25/11/2024 15:00:00","Belgium (BE)","1692.33","1771.40","1595.88","1781.77"
"25/11/2024 15:00:00 - 25/11/2024 16:00:00","Belgium (BE)","1466.15","1751.23","1546.63","1423.65"
"25/11/2024 16:00:00 - 25/11/2024 17:00:00","Belgium (BE)","1329.68","1677.08","1580.13","1489.72"
"25/11/2024 17:00:00 - 25/11/2024 18:00:00","Belgium (BE)","1409.40","1677.50","1609.40","1733.98"
"25/11/2024 18:00:00 - 25/11/2024 19:00:00","Belgium (BE)","1629.38","1754.75","1836.00","1745.76"
"25/11/2024 19:00:00 - 25/11/2024 20:00:00","Belgium (BE)","1800.33","1842.20","1950.83","1944.71"
"25/11/2024 20:00:00 - 25/11/2024 21:00:00","Belgium (BE)","1885.35","1884.30","1900.18","1981.61"
"25/11/2024 21:00:00 - 25/11/2024 22:00:00","Belgium (BE)","1934.20","1889.03","1869.23","1730.13"
"25/11/2024 22:00:00 - 25/11/2024 23:00:00","Belgium (BE)","1947.75","1854.35","1802.28","1534.88"
"25/11/2024 23:00:00 - 26/11/2024 00:00:00","Belgium (BE)","1938.45","1788.58","1715.80","1406.52"
"26/11/2024 00:00:00 - 26/11/2024 01:00:00","Belgium (BE)","1644.25","1343.10","1343.10","1547.74"
"26/11/2024 01:00:00 - 26/11/2024 02:00:00","Belgium (BE)","1632.25","1269.33","1269.33","1605.94"
"26/11/2024 02:00:00 - 26/11/2024 03:00:00","Belgium (BE)","1662.05","1376.38","1376.38","1493.32"
"26/11/2024 03:00:00 - 26/11/2024 04:00:00","Belgium (BE)","1703.38","1398.80","1398.80","1190.51"
"26/11/2024 04:00:00 - 26/11/2024 05:00:00","Belgium (BE)","1763.03","1498.40","1498.40","1106.57"
"26/11/2024 05:00:00 - 26/11/2024 06:00:00","Belgium (BE)","1815.13","1547.28","1547.28","904.36"
"26/11/2024 06:00:00 - 26/11/2024 07:00:00","Belgium (BE)","1847.28","1589.40","1589.40","899.15"
"26/11/2024 07:00:00 - 26/11/2024 08:00:00","Belgium (BE)","1837.88","1409.50","1409.50","1684.75"
"26/11/2024 08:00:00 - 26/11/2024 09:00:00","Belgium (BE)","1792.55","1551.73","1551.73","1866.35"
"26/11/2024 09:00:00 - 26/11/2024 10:00:00","Belgium (BE)","1708.18","1614.05","1808.08","1665.19"
"26/11/2024 10:00:00 - 26/11/2024 11:00:00","Belgium (BE)","1577.15","1574.10","1633.33","1818.73"
"26/11/2024 11:00:00 - 26/11/2024 12:00:00","Belgium (BE)","1415.68","1409.20","1381.93","1645.97"
"26/11/2024 12:00:00 - 26/11/2024 13:00:00","Belgium (BE)","1195.63","1151.00","1117.38","1453.47"
"26/11/2024 13:00:00 - 26/11/2024 14:00:00","Belgium (BE)","954.00","921.50","1017.45","1349.75"
"26/11/2024 14:00:00 - 26/11/2024 15:00:00","Belgium (BE)","702.40","751.83","795.38","943.90"
"26/11/2024 15:00:00 - 26/11/2024 16:00:00","Belgium (BE)","491.60","578.23","659.88","554.59"
"26/11/2024 16:00:00 - 26/11/2024 17:00:00","Belgium (BE)","348.68","416.05","468.83","247.62"
"26/11/2024 17:00:00 - 26/11/2024 18:00:00","Belgium (BE)","264.10","292.08","285.70","174.57"
"26/11/2024 18:00:00 - 26/11/2024 19:00:00","Belgium (BE)","212.93","203.30","153.68","104.83"
"26/11/2024 19:00:00 - 26/11/2024 20:00:00","Belgium (BE)","180.55","141.28","133.98","108.18"
"26/11/2024 20:00:00 - 26/11/2024 21:00:00","Belgium (BE)","164.73","97.98","100.23","100.17"
"26/11/2024 21:00:00 - 26/11/2024 22:00:00","Belgium (BE)","165.50","73.55","151.30","46.63"
"26/11/2024 22:00:00 - 26/11/2024 23:00:00","Belgium (BE)","170.60","80.05","189.30","64.81"
"26/11/2024 23:00:00 - 27/11/2024 00:00:00","Belgium (BE)","171.23","104.10","216.35","107.48"
"27/11/2024 00:00:00 - 27/11/2024 01:00:00","Belgium (BE)","214.43","204.08","204.08","133.78"
"27/11/2024 01:00:00 - 27/11/2024 02:00:00","Belgium (BE)","222.50","254.78","254.78","109.93"
"27/11/2024 02:00:00 - 27/11/2024 03:00:00","Belgium (BE)","250.43","331.18","331.18","78.06"
"27/11/2024 03:00:00 - 27/11/2024 04:00:00","Belgium (BE)","365.78","565.95","565.95","241.37"
"27/11/2024 04:00:00 - 27/11/2024 05:00:00","Belgium (BE)","629.28","952.15","952.15","566.59"
"27/11/2024 05:00:00 - 27/11/2024 06:00:00","Belgium (BE)","1055.68","1339.38","1339.38","1242.62"
"27/11/2024 06:00:00 - 27/11/2024 07:00:00","Belgium (BE)","1446.98","1753.98","1753.98","1718.87"
"27/11/2024 07:00:00 - 27/11/2024 08:00:00","Belgium (BE)","1762.75","1950.43","1950.43","1938.33"
"27/11/2024 08:00:00 - 27/11/2024 09:00:00","Belgium (BE)","1965.18","2058.05","2019.15","2082.62"
"27/11/2024 09:00:00 - 27/11/2024 10:00:00","Belgium (BE)","2058.40","2091.55","2075.70","2081.29"
"27/11/2024 10:00:00 - 27/11/2024 11:00:00","Belgium (BE)","2090.95","2102.50","2092.08","2065.24"
"27/11/2024 11:00:00 - 27/11/2024 12:00:00","Belgium (BE)","2103.78","2106.93","2107.48","2088.26"
"27/11/2024 12:00:00 - 27/11/2024 13:00:00","Belgium (BE)","2104.15","2109.15","2105.95","2071.03"
"27/11/2024 13:00:00 - 27/11/2024 14:00:00","Belgium (BE)","2094.40","2109.43","2104.60","2056.54"
"27/11/2024 14:00:00 - 27/11/2024 15:00:00","Belgium (BE)","2074.28","2101.15","2076.88","2062.11"
"27/11/2024 15:00:00 - 27/11/2024 16:00:00","Belgium (BE)","2055.25","2090.95","2083.33","2083.96"
"27/11/2024 16:00:00 - 27/11/2024 17:00:00","Belgium (BE)","2042.58","2079.45","2101.48","2083.83"
"27/11/2024 17:00:00 - 27/11/2024 18:00:00","Belgium (BE)","2030.58","2067.65","2092.95","2088.23"
"27/11/2024 18:00:00 - 27/11/2024 19:00:00","Belgium (BE)","2014.00","2058.43","2063.40","2062.79"
"27/11/2024 19:00:00 - 27/11/2024 20:00:00","Belgium (BE)","1987.73","2042.33","2032.53","2019.91"
"27/11/2024 20:00:00 - 27/11/2024 21:00:00","Belgium (BE)","1956.50","2018.25","1983.15","1850.20"
"27/11/2024 21:00:00 - 27/11/2024 22:00:00","Belgium (BE)","1901.78","1969.43","1893.70","1660.70"
"27/11/2024 22:00:00 - 27/11/2024 23:00:00","Belgium (BE)","1833.73","1888.58","1774.25","1698.31"
"27/11/2024 23:00:00 - 28/11/2024 00:00:00","Belgium (BE)","1754.83","1797.70","1646.85","1454.15"
"28/11/2024 00:00:00 - 28/11/2024 01:00:00","Belgium (BE)","1522.50","1468.40","1468.40","1330.77"
"28/11/2024 01:00:00 - 28/11/2024 02:00:00","Belgium (BE)","1409.90","1333.50","1333.50","1217.67"
"28/11/2024 02:00:00 - 28/11/2024 03:00:00","Belgium (BE)","1300.95","1234.13","1234.13","1108.41"
"28/11/2024 03:00:00 - 28/11/2024 04:00:00","Belgium (BE)","1183.28","1134.20","1134.20","950.10"
"28/11/2024 04:00:00 - 28/11/2024 05:00:00","Belgium (BE)","1048.13","914.48","914.48","882.71"
"28/11/2024 05:00:00 - 28/11/2024 06:00:00","Belgium (BE)","904.38","791.30","791.30","812.17"
"28/11/2024 06:00:00 - 28/11/2024 07:00:00","Belgium (BE)","783.73","715.25","715.25","807.12"
"28/11/2024 07:00:00 - 28/11/2024 08:00:00","Belgium (BE)","678.78","595.35","615.18","571.65"
"28/11/2024 08:00:00 - 28/11/2024 09:00:00","Belgium (BE)","570.20","483.15","523.33","359.05"
"28/11/2024 09:00:00 - 28/11/2024 10:00:00","Belgium (BE)","459.73","381.88","325.13","316.20"
"28/11/2024 10:00:00 - 28/11/2024 11:00:00","Belgium (BE)","356.55","283.23","188.53","212.80"
"28/11/2024 11:00:00 - 28/11/2024 12:00:00","Belgium (BE)","259.20","193.70","146.73","186.14"
"28/11/2024 12:00:00 - 28/11/2024 13:00:00","Belgium (BE)","178.03","126.05","93.03","112.79"
"28/11/2024 13:00:00 - 28/11/2024 14:00:00","Belgium (BE)","117.15","76.90","99.90","76.58"
"28/11/2024 14:00:00 - 28/11/2024 15:00:00","Belgium (BE)","72.03","44.28","50.50","39.49"
"28/11/2024 15:00:00 - 28/11/2024 16:00:00","Belgium (BE)","41.85","27.80","38.18","18.66"
"28/11/2024 16:00:00 - 28/11/2024 17:00:00","Belgium (BE)","27.60","20.28","27.38"," "
"28/11/2024 17:00:00 - 28/11/2024 18:00:00","Belgium (BE)","20.83","16.83","20.78"," "
"28/11/2024 18:00:00 - 28/11/2024 19:00:00","Belgium (BE)","16.90","15.78","17.68"," "
"28/11/2024 19:00:00 - 28/11/2024 20:00:00","Belgium (BE)","15.55","14.13","11.38"," "
"28/11/2024 20:00:00 - 28/11/2024 21:00:00","Belgium (BE)","13.73","13.90","13.18"," "
"28/11/2024 21:00:00 - 28/11/2024 22:00:00","Belgium (BE)","13.55","15.30","14.10"," "
"28/11/2024 22:00:00 - 28/11/2024 23:00:00","Belgium (BE)","14.20","22.23","24.53"," "
"28/11/2024 23:00:00 - 29/11/2024 00:00:00","Belgium (BE)","17.80","40.85","45.95","8.60"
"29/11/2024 00:00:00 - 29/11/2024 01:00:00","Belgium (BE)","82.40","90.45","90.45","44.31"
"29/11/2024 01:00:00 - 29/11/2024 02:00:00","Belgium (BE)","103.70","100.75","100.75","105.50"
"29/11/2024 02:00:00 - 29/11/2024 03:00:00","Belgium (BE)","124.75","135.20","135.20","170.33"
"29/11/2024 03:00:00 - 29/11/2024 04:00:00","Belgium (BE)","148.55","175.65","175.65","200.57"
"29/11/2024 04:00:00 - 29/11/2024 05:00:00","Belgium (BE)","175.00","208.00","208.00","235.97"
"29/11/2024 05:00:00 - 29/11/2024 06:00:00","Belgium (BE)","206.15","243.13","243.13","271.19"
"29/11/2024 06:00:00 - 29/11/2024 07:00:00","Belgium (BE)","242.75","277.40","277.40","288.08"
"29/11/2024 07:00:00 - 29/11/2024 08:00:00","Belgium (BE)","285.85","322.35","322.25","302.31"
"29/11/2024 08:00:00 - 29/11/2024 09:00:00","Belgium (BE)","333.63","384.93","386.63","384.23"
"29/11/2024 09:00:00 - 29/11/2024 10:00:00","Belgium (BE)","380.73","455.45","414.05","457.69"
"29/11/2024 10:00:00 - 29/11/2024 11:00:00","Belgium (BE)","426.20","503.93","468.63","638.67"
"29/11/2024 11:00:00 - 29/11/2024 12:00:00","Belgium (BE)","461.48","531.23","516.60","809.44"
"29/11/2024 12:00:00 - 29/11/2024 13:00:00","Belgium (BE)","484.10","542.10","539.43","800.29"
"29/11/2024 13:00:00 - 29/11/2024 14:00:00","Belgium (BE)","493.55","522.80","643.53","764.51"
"29/11/2024 14:00:00 - 29/11/2024 15:00:00","Belgium (BE)","497.05","488.10","614.25","587.65"
"29/11/2024 15:00:00 - 29/11/2024 16:00:00","Belgium (BE)","521.08","489.00","602.15","621.87"
"29/11/2024 16:00:00 - 29/11/2024 17:00:00","Belgium (BE)","570.25","552.65","642.03","692.88"
"29/11/2024 17:00:00 - 29/11/2024 18:00:00","Belgium (BE)","645.13","677.08","739.50","803.18"
"29/11/2024 18:00:00 - 29/11/2024 19:00:00","Belgium (BE)","754.48","844.10","872.40","944.14"
"29/11/2024 19:00:00 - 29/11/2024 20:00:00","Belgium (BE)","889.68","1012.63","1034.40","1150.65"
"29/11/2024 20:00:00 - 29/11/2024 21:00:00","Belgium (BE)","1021.55","1152.80","1172.50","1336.70"
"29/11/2024 21:00:00 - 29/11/2024 22:00:00","Belgium (BE)","1126.30","1271.25","1381.23","1698.51"
"29/11/2024 22:00:00 - 29/11/2024 23:00:00","Belgium (BE)","1183.23","1350.95","1416.73","1788.34"
"29/11/2024 23:00:00 - 30/11/2024 00:00:00","Belgium (BE)","1215.85","1368.75","1425.13","1898.34"
"30/11/2024 00:00:00 - 30/11/2024 01:00:00","Belgium (BE)","1346.85","1521.58","1521.58","1844.23"
"30/11/2024 01:00:00 - 30/11/2024 02:00:00","Belgium (BE)","1279.50","1524.85","1524.85","1671.23"
"30/11/2024 02:00:00 - 30/11/2024 03:00:00","Belgium (BE)","1163.28","1449.68","1449.68","1404.23"
"30/11/2024 03:00:00 - 30/11/2024 04:00:00","Belgium (BE)","1046.33","1242.25","1242.25","1427.31"
"30/11/2024 04:00:00 - 30/11/2024 05:00:00","Belgium (BE)","921.75","1041.55","1041.55","1224.38"
"30/11/2024 05:00:00 - 30/11/2024 06:00:00","Belgium (BE)","786.93","978.78","978.78","930.77"
"30/11/2024 06:00:00 - 30/11/2024 07:00:00","Belgium (BE)","691.20","819.68","819.68","667.44"
"30/11/2024 07:00:00 - 30/11/2024 08:00:00","Belgium (BE)","619.95","693.08","696.18","506.97"
"30/11/2024 08:00:00 - 30/11/2024 09:00:00","Belgium (BE)","550.58","617.58","620.78","420.11"
"30/11/2024 09:00:00 - 30/11/2024 10:00:00","Belgium (BE)","469.53","554.30","474.13","454.15"
"30/11/2024 10:00:00 - 30/11/2024 11:00:00","Belgium (BE)","381.00","477.13","454.48","315.53"
"30/11/2024 11:00:00 - 30/11/2024 12:00:00","Belgium (BE)","312.70","397.00","408.03","308.40"
"30/11/2024 12:00:00 - 30/11/2024 13:00:00","Belgium (BE)","264.83","329.78","395.50","329.15"
"30/11/2024 13:00:00 - 30/11/2024 14:00:00","Belgium (BE)","229.70","282.88","302.78","332.25"
"30/11/2024 14:00:00 - 30/11/2024 15:00:00","Belgium (BE)","215.38","254.10","309.23","353.53"
"30/11/2024 15:00:00 - 30/11/2024 16:00:00","Belgium (BE)","226.33","253.80","295.60","352.37"
"30/11/2024 16:00:00 - 30/11/2024 17:00:00","Belgium (BE)","257.45","290.40","314.50","317.55"
"30/11/2024 17:00:00 - 30/11/2024 18:00:00","Belgium (BE)","296.65","344.90","348.60","321.07"
"30/11/2024 18:00:00 - 30/11/2024 19:00:00","Belgium (BE)","331.05","404.13","403.45","276.12"
"30/11/2024 19:00:00 - 30/11/2024 20:00:00","Belgium (BE)","343.95","457.65","436.88","247.49"
"30/11/2024 20:00:00 - 30/11/2024 21:00:00","Belgium (BE)","338.03","477.65","459.18","216.71"
"30/11/2024 21:00:00 - 30/11/2024 22:00:00","Belgium (BE)","335.48","470.88","459.98","252.65"
"30/11/2024 22:00:00 - 30/11/2024 23:00:00","Belgium (BE)","327.08","442.13","542.10","310.37"
"30/11/2024 23:00:00 - 01/12/2024 00:00:00","Belgium (BE)","313.48","419.38","576.93","369.84"
"01/12/2024 00:00:00 - 01/12/2024 01:00:00","Belgium (BE)","589.28","592.03","592.03","459.62"
"01/12/2024 01:00:00 - 01/12/2024 02:00:00","Belgium (BE)","581.13","589.48","589.48","582.13"
"01/12/2024 02:00:00 - 01/12/2024 03:00:00","Belgium (BE)","580.00","615.90","615.90","653.91"
"01/12/2024 03:00:00 - 01/12/2024 04:00:00","Belgium (BE)","608.70","678.13","678.13","630.13"
"01/12/2024 04:00:00 - 01/12/2024 05:00:00","Belgium (BE)","677.80","665.23","665.23","800.10"
"01/12/2024 05:00:00 - 01/12/2024 06:00:00","Belgium (BE)","780.63","699.73","699.73","905.94"
"01/12/2024 06:00:00 - 01/12/2024 07:00:00","Belgium (BE)","911.53","888.93","888.93","1020.51"
"01/12/2024 07:00:00 - 01/12/2024 08:00:00","Belgium (BE)","1040.18","1033.53","1007.70","1067.45"
"01/12/2024 08:00:00 - 01/12/2024 09:00:00","Belgium (BE)","1146.65","1174.70","1145.68","1121.00"
"01/12/2024 09:00:00 - 01/12/2024 10:00:00","Belgium (BE)","1217.73","1274.25","1266.68","1118.15"
"01/12/2024 10:00:00 - 01/12/2024 11:00:00","Belgium (BE)","1251.83","1278.80","1343.48","1026.66"
"01/12/2024 11:00:00 - 01/12/2024 12:00:00","Belgium (BE)","1275.13","1234.23","1275.95","1381.02"
"01/12/2024 12:00:00 - 01/12/2024 13:00:00","Belgium (BE)","1267.25","1240.65","1359.83","1472.31"
"01/12/2024 13:00:00 - 01/12/2024 14:00:00","Belgium (BE)","1273.75","1336.45","1547.30","1643.79"
"01/12/2024 14:00:00 - 01/12/2024 15:00:00","Belgium (BE)","1316.30","1481.25","1685.15","1786.48"
"01/12/2024 15:00:00 - 01/12/2024 16:00:00","Belgium (BE)","1368.98","1587.95","1824.48","1754.69"
"01/12/2024 16:00:00 - 01/12/2024 17:00:00","Belgium (BE)","1456.10","1624.15","1879.50","1879.35"
"01/12/2024 17:00:00 - 01/12/2024 18:00:00","Belgium (BE)","1533.65","1651.28","1867.05","1851.38"
"01/12/2024 18:00:00 - 01/12/2024 19:00:00","Belgium (BE)","1588.05","1702.10","1913.40","1924.46"
"01/12/2024 19:00:00 - 01/12/2024 20:00:00","Belgium (BE)","1621.93","1742.48","1913.50","1846.67"
"01/12/2024 20:00:00 - 01/12/2024 21:00:00","Belgium (BE)","1634.13","1746.60","1894.80","1756.83"
"01/12/2024 21:00:00 - 01/12/2024 22:00:00","Belgium (BE)","1637.65","1718.35","1877.65","1820.68"
"01/12/2024 22:00:00 - 01/12/2024 23:00:00","Belgium (BE)","1639.65","1673.43","1887.98","1574.22"
"01/12/2024 23:00:00 - 02/12/2024 00:00:00","Belgium (BE)","1648.33","1640.35","1900.83","1777.48"
"02/12/2024 00:00:00 - 02/12/2024 01:00:00","Belgium (BE)","1868.25","1826.08","1826.08","1876.05"
"02/12/2024 01:00:00 - 02/12/2024 02:00:00","Belgium (BE)","1854.08","1867.63","1867.63","1978.51"
"02/12/2024 02:00:00 - 02/12/2024 03:00:00","Belgium (BE)","1821.28","1895.55","1895.55","2023.19"
"02/12/2024 03:00:00 - 02/12/2024 04:00:00","Belgium (BE)","1805.25","1887.33","1887.33","2004.19"
"02/12/2024 04:00:00 - 02/12/2024 05:00:00","Belgium (BE)","1827.90","1983.18","1983.18","1957.42"
"02/12/2024 05:00:00 - 02/12/2024 06:00:00","Belgium (BE)","1855.65","1960.35","1960.35","1774.73"
"02/12/2024 06:00:00 - 02/12/2024 07:00:00","Belgium (BE)","1844.05","1896.90","1896.90","1485.29"
"02/12/2024 07:00:00 - 02/12/2024 08:00:00","Belgium (BE)","1779.13","1755.10","1694.90","1188.87"
"02/12/2024 08:00:00 - 02/12/2024 09:00:00","Belgium (BE)","1661.83","1548.90","1520.15","1402.40"
"02/12/2024 09:00:00 - 02/12/2024 10:00:00","Belgium (BE)","1503.50","1358.65","1340.95","1181.05"
"02/12/2024 10:00:00 - 02/12/2024 11:00:00","Belgium (BE)","1381.10","1259.85","1309.28","1225.94"
"02/12/2024 11:00:00 - 02/12/2024 12:00:00","Belgium (BE)","1367.33","1270.83","1238.83","1536.63"
"02/12/2024 12:00:00 - 02/12/2024 13:00:00","Belgium (BE)","1402.10","1346.73","1273.08","1578.57"
"02/12/2024 13:00:00 - 02/12/2024 14:00:00","Belgium (BE)","1400.28","1405.38","1537.45","1533.21"
"02/12/2024 14:00:00 - 02/12/2024 15:00:00","Belgium (BE)","1389.25","1445.45","1508.83","1514.59"
"02/12/2024 15:00:00 - 02/12/2024 16:00:00","Belgium (BE)","1434.83","1450.83","1567.13","1724.59"
"02/12/2024 16:00:00 - 02/12/2024 17:00:00","Belgium (BE)","1509.18","1451.90","1601.78","1781.18"
"02/12/2024 17:00:00 - 02/12/2024 18:00:00","Belgium (BE)","1536.23","1444.85","1835.53","1830.19"
"02/12/2024 18:00:00 - 02/12/2024 19:00:00","Belgium (BE)","1537.63","1366.83","1834.65","1985.26"
"02/12/2024 19:00:00 - 02/12/2024 20:00:00","Belgium (BE)","1561.63","1275.13","1766.83","1978.25"
"02/12/2024 20:00:00 - 02/12/2024 21:00:00","Belgium (BE)","1682.70","1280.58","1866.50","1617.69"
"02/12/2024 21:00:00 - 02/12/2024 22:00:00","Belgium (BE)","1863.03","1568.95","1848.03","1304.10"
"02/12/2024 22:00:00 - 02/12/2024 23:00:00","Belgium (BE)","1955.73","1806.23","1791.93","1926.67"
"02/12/2024 23:00:00 - 03/12/2024 00:00:00","Belgium (BE)","1976.63","1895.55","1676.68","1827.54"
"03/12/2024 00:00:00 - 03/12/2024 01:00:00","Belgium (BE)","1756.65","1403.33","1403.33","1504.04"
"03/12/2024 01:00:00 - 03/12/2024 02:00:00","Belgium (BE)","1574.35","1295.78","1295.78","1413.27"
"03/12/2024 02:00:00 - 03/12/2024 03:00:00","Belgium (BE)","1347.90","930.55","930.55","1142.12"
"03/12/2024 03:00:00 - 03/12/2024 04:00:00","Belgium (BE)","1166.50","715.43","715.43","1301.69"
"03/12/2024 04:00:00 - 03/12/2024 05:00:00","Belgium (BE)","1071.63","636.08","636.08","883.62"
"03/12/2024 05:00:00 - 03/12/2024 06:00:00","Belgium (BE)","1013.43","956.75","956.75","880.16"
"03/12/2024 06:00:00 - 03/12/2024 07:00:00","Belgium (BE)","938.05","786.65","786.65","977.57"
"03/12/2024 07:00:00 - 03/12/2024 08:00:00","Belgium (BE)","851.58","711.73","711.73","943.87"
"03/12/2024 08:00:00 - 03/12/2024 09:00:00","Belgium (BE)","740.95","579.58","680.45","846.09"
"03/12/2024 09:00:00 - 03/12/2024 10:00:00","Belgium (BE)","612.60","456.55","643.90","900.96"
"03/12/2024 10:00:00 - 03/12/2024 11:00:00","Belgium (BE)","507.15","347.58","553.28","819.53"
"03/12/2024 11:00:00 - 03/12/2024 12:00:00","Belgium (BE)","422.15","266.40","519.75","576.72"
"03/12/2024 12:00:00 - 03/12/2024 13:00:00","Belgium (BE)","347.08","219.13","431.90","606.62"
"03/12/2024 13:00:00 - 03/12/2024 14:00:00","Belgium (BE)","269.48","192.15","311.08","422.29"
"03/12/2024 14:00:00 - 03/12/2024 15:00:00","Belgium (BE)","205.35","173.05","318.83","320.13"
"03/12/2024 15:00:00 - 03/12/2024 16:00:00","Belgium (BE)","158.93","149.20","248.28","347.28"
"03/12/2024 16:00:00 - 03/12/2024 17:00:00","Belgium (BE)","122.53","119.93","170.78","272.85"
"03/12/2024 17:00:00 - 03/12/2024 18:00:00","Belgium (BE)","96.55","93.30","204.05","191.31"
"03/12/2024 18:00:00 - 03/12/2024 19:00:00","Belgium (BE)","76.25","75.43","168.10","162.41"
"03/12/2024 19:00:00 - 03/12/2024 20:00:00","Belgium (BE)","59.60","66.48","131.48","215.12"
"03/12/2024 20:00:00 - 03/12/2024 21:00:00","Belgium (BE)","47.65","62.70","108.58","255.85"
"03/12/2024 21:00:00 - 03/12/2024 22:00:00","Belgium (BE)","41.58","57.20","167.45","318.05"
"03/12/2024 22:00:00 - 03/12/2024 23:00:00","Belgium (BE)","40.43","53.33","138.60","355.08"
"03/12/2024 23:00:00 - 04/12/2024 00:00:00","Belgium (BE)","43.85","53.98","113.90","144.45"
"04/12/2024 00:00:00 - 04/12/2024 01:00:00","Belgium (BE)","58.38","194.83","194.83","2.60"
"04/12/2024 01:00:00 - 04/12/2024 02:00:00","Belgium (BE)","74.40","134.88","134.88","32.46"
"04/12/2024 02:00:00 - 04/12/2024 03:00:00","Belgium (BE)","117.83","110.20","110.20","139.53"
"04/12/2024 03:00:00 - 04/12/2024 04:00:00","Belgium (BE)","170.78","156.65","156.65","290.52"
"04/12/2024 04:00:00 - 04/12/2024 05:00:00","Belgium (BE)","187.83","169.33","169.33","311.82"
"04/12/2024 05:00:00 - 04/12/2024 06:00:00","Belgium (BE)","199.23","249.63","249.63","245.18"
"04/12/2024 06:00:00 - 04/12/2024 07:00:00","Belgium (BE)","247.03","261.20","261.20","185.88"
"04/12/2024 07:00:00 - 04/12/2024 08:00:00","Belgium (BE)","320.33","276.78","266.48","363.77"
"04/12/2024 08:00:00 - 04/12/2024 09:00:00","Belgium (BE)","385.08","288.38","244.60","493.81"
"04/12/2024 09:00:00 - 04/12/2024 10:00:00","Belgium (BE)","404.65","279.68","248.30","463.43"
"04/12/2024 10:00:00 - 04/12/2024 11:00:00","Belgium (BE)","387.78","268.23","412.58","463.91"
"04/12/2024 11:00:00 - 04/12/2024 12:00:00","Belgium (BE)","352.83","268.80","348.50","290.57"
"04/12/2024 12:00:00 - 04/12/2024 13:00:00","Belgium (BE)","315.08","274.23","325.83","331.72"
"04/12/2024 13:00:00 - 04/12/2024 14:00:00","Belgium (BE)","272.98","268.38","268.13","267.16"
"04/12/2024 14:00:00 - 04/12/2024 15:00:00","Belgium (BE)","224.78","239.60","214.68","134.42"
"04/12/2024 15:00:00 - 04/12/2024 16:00:00","Belgium (BE)","188.98","203.18","179.28","76.54"
"04/12/2024 16:00:00 - 04/12/2024 17:00:00","Belgium (BE)","170.85","180.45","174.15","7.81"
"04/12/2024 17:00:00 - 04/12/2024 18:00:00","Belgium (BE)","179.28","193.20","181.65","22.07"
"04/12/2024 18:00:00 - 04/12/2024 19:00:00","Belgium (BE)","228.20","262.58","246.63","130.08"
"04/12/2024 19:00:00 - 04/12/2024 20:00:00","Belgium (BE)","334.60","420.23","416.50","349.06"
"04/12/2024 20:00:00 - 04/12/2024 21:00:00","Belgium (BE)","507.68","666.28","647.28","481.30"
"04/12/2024 21:00:00 - 04/12/2024 22:00:00","Belgium (BE)","717.68","975.88","794.55","803.02"
"04/12/2024 22:00:00 - 04/12/2024 23:00:00","Belgium (BE)","920.60","1288.73","1165.05","1156.59"
"04/12/2024 23:00:00 - 05/12/2024 00:00:00","Belgium (BE)","1079.95","1544.28","1486.55","1449.32"
"05/12/2024 00:00:00 - 05/12/2024 01:00:00","Belgium (BE)","1770.20","1775.93","1775.93","1517.55"
"05/12/2024 01:00:00 - 05/12/2024 02:00:00","Belgium (BE)","1877.90","1842.08","1842.08","1672.33"
"05/12/2024 02:00:00 - 05/12/2024 03:00:00","Belgium (BE)","1955.90","1888.60","1888.60","1959.97"
"05/12/2024 03:00:00 - 05/12/2024 04:00:00","Belgium (BE)","2017.10","2008.73","2008.73","2081.29"
"05/12/2024 04:00:00 - 05/12/2024 05:00:00","Belgium (BE)","2062.80","2098.03","2098.03","2100.89"
"05/12/2024 05:00:00 - 05/12/2024 06:00:00","Belgium (BE)","2093.15","2160.05","2160.05","2101.75"
"05/12/2024 06:00:00 - 05/12/2024 07:00:00","Belgium (BE)","2112.83","2165.35","2165.35","2099.87"
"05/12/2024 07:00:00 - 05/12/2024 08:00:00","Belgium (BE)","2122.85","2159.83","2161.03","2104.38"
"05/12/2024 08:00:00 - 05/12/2024 09:00:00","Belgium (BE)","2124.78","2149.33","2146.25","2111.01"
"05/12/2024 09:00:00 - 05/12/2024 10:00:00","Belgium (BE)","2122.55","2132.60","2142.65","2113.39"
"05/12/2024 10:00:00 - 05/12/2024 11:00:00","Belgium (BE)","2116.95","2119.43","2133.73","2117.15"
"05/12/2024 11:00:00 - 05/12/2024 12:00:00","Belgium (BE)","2105.78","2100.50","2129.68","2115.93"
"05/12/2024 12:00:00 - 05/12/2024 13:00:00","Belgium (BE)","2079.15","2059.83","2099.35","2111.12"
"05/12/2024 13:00:00 - 05/12/2024 14:00:00","Belgium (BE)","2030.15","1983.35","2048.63","2082.19"
"05/12/2024 14:00:00 - 05/12/2024 15:00:00","Belgium (BE)","1974.80","1873.10","1966.58","2001.17"
"05/12/2024 15:00:00 - 05/12/2024 16:00:00","Belgium (BE)","1949.45","1815.45","1985.70","2009.33"
"05/12/2024 16:00:00 - 05/12/2024 17:00:00","Belgium (BE)","1962.50","1818.93","2003.53","1939.12"
"05/12/2024 17:00:00 - 05/12/2024 18:00:00","Belgium (BE)","1984.08","1881.70","2081.40","2079.75"
"05/12/2024 18:00:00 - 05/12/2024 19:00:00","Belgium (BE)","2002.83","1959.15","2087.03","2086.43"
"05/12/2024 19:00:00 - 05/12/2024 20:00:00","Belgium (BE)","2041.28","2026.18","2130.43","2114.15"
"05/12/2024 20:00:00 - 05/12/2024 21:00:00","Belgium (BE)","2060.83","2070.73","2128.50","2092.25"
"05/12/2024 21:00:00 - 05/12/2024 22:00:00","Belgium (BE)","2068.88","2096.73","2162.95","2032.27"
"05/12/2024 22:00:00 - 05/12/2024 23:00:00","Belgium (BE)","2073.53","2110.15","2157.60","2057.42"
"05/12/2024 23:00:00 - 06/12/2024 00:00:00","Belgium (BE)","2076.33","2108.63","2147.28","2109.46"
"06/12/2024 00:00:00 - 06/12/2024 01:00:00","Belgium (BE)","2114.50","2119.98","2119.98","2113.47"
"06/12/2024 01:00:00 - 06/12/2024 02:00:00","Belgium (BE)","2099.88","2145.80","2145.80","2119.18"
"06/12/2024 02:00:00 - 06/12/2024 03:00:00","Belgium (BE)","2078.20","2133.00","2133.00","2110.71"
"06/12/2024 03:00:00 - 06/12/2024 04:00:00","Belgium (BE)","2070.33","2134.68","2134.68","2110.09"
"06/12/2024 04:00:00 - 06/12/2024 05:00:00","Belgium (BE)","2078.83","2149.20","2149.20","2111.13"
"06/12/2024 05:00:00 - 06/12/2024 06:00:00","Belgium (BE)","2094.38","2151.55","2151.55","2092.34"
"06/12/2024 06:00:00 - 06/12/2024 07:00:00","Belgium (BE)","2102.23","2144.78","2144.78","2037.05"
"06/12/2024 07:00:00 - 06/12/2024 08:00:00","Belgium (BE)","2101.28","2147.93","2147.93","2116.16"
"06/12/2024 08:00:00 - 06/12/2024 09:00:00","Belgium (BE)","2100.35","2136.53","2136.53","2113.70"
"06/12/2024 09:00:00 - 06/12/2024 10:00:00","Belgium (BE)","2090.80","2125.40","2141.88","2104.22"
"06/12/2024 10:00:00 - 06/12/2024 11:00:00","Belgium (BE)","2055.08","2098.55","2135.30","2085.35"
"06/12/2024 11:00:00 - 06/12/2024 12:00:00","Belgium (BE)","1967.40","2024.50","2074.98","1952.97"
"06/12/2024 12:00:00 - 06/12/2024 13:00:00","Belgium (BE)","1800.70","1860.38","1937.53","1861.95"
"06/12/2024 13:00:00 - 06/12/2024 14:00:00","Belgium (BE)","1514.78","1571.13","1615.33","1346.88"
"06/12/2024 14:00:00 - 06/12/2024 15:00:00","Belgium (BE)","1141.73","1202.58","1314.43","886.23"
"06/12/2024 15:00:00 - 06/12/2024 16:00:00","Belgium (BE)","802.45","842.10","777.35","572.25"
"06/12/2024 16:00:00 - 06/12/2024 17:00:00","Belgium (BE)","565.10","570.20","555.88","314.94"
"06/12/2024 17:00:00 - 06/12/2024 18:00:00","Belgium (BE)","511.95","445.53","369.35","219.30"
"06/12/2024 18:00:00 - 06/12/2024 19:00:00","Belgium (BE)","628.18","470.58","408.55","229.65"
"06/12/2024 19:00:00 - 06/12/2024 20:00:00","Belgium (BE)","885.88","643.08","480.25","512.50"
"06/12/2024 20:00:00 - 06/12/2024 21:00:00","Belgium (BE)","1222.78","930.83","770.08","960.34"
"06/12/2024 21:00:00 - 06/12/2024 22:00:00","Belgium (BE)","1540.43","1280.80","1269.88","1391.54"
"06/12/2024 22:00:00 - 06/12/2024 23:00:00","Belgium (BE)","1762.20","1628.35","1655.90","1953.38"
"06/12/2024 23:00:00 - 07/12/2024 00:00:00","Belgium (BE)","1894.78","1860.85","1901.18","2052.68"
"07/12/2024 00:00:00 - 07/12/2024 01:00:00","Belgium (BE)","1969.90","2140.70","2140.70","2063.48"
"07/12/2024 01:00:00 - 07/12/2024 02:00:00","Belgium (BE)","2065.68","2171.65","2171.65","2105.95"
"07/12/2024 02:00:00 - 07/12/2024 03:00:00","Belgium (BE)","2107.13","2163.73","2163.73","2115.67"
"07/12/2024 03:00:00 - 07/12/2024 04:00:00","Belgium (BE)","2117.95","2154.30","2154.30","2116.99"
"07/12/2024 04:00:00 - 07/12/2024 05:00:00","Belgium (BE)","2114.73","2144.90","2144.90","2084.13"
"07/12/2024 05:00:00 - 07/12/2024 06:00:00","Belgium (BE)","2107.18","2145.58","2145.58","2082.21"
"07/12/2024 06:00:00 - 07/12/2024 07:00:00","Belgium (BE)","2100.25","2145.55","2145.55","2107.63"
"07/12/2024 07:00:00 - 07/12/2024 08:00:00","Belgium (BE)","2089.40","2127.05","2124.53","2110.06"
"07/12/2024 08:00:00 - 07/12/2024 09:00:00","Belgium (BE)","2064.50","2068.90","2045.40","2103.24"
"07/12/2024 09:00:00 - 07/12/2024 10:00:00","Belgium (BE)","2014.60","1970.93","1935.35","2100.99"
"07/12/2024 10:00:00 - 07/12/2024 11:00:00","Belgium (BE)","1950.40","1872.73","2090.45","2093.69"
"07/12/2024 11:00:00 - 07/12/2024 12:00:00","Belgium (BE)","1917.80","1811.70","2128.48","2088.37"
"07/12/2024 12:00:00 - 07/12/2024 13:00:00","Belgium (BE)","1900.73","1801.08","2108.68","2095.38"
"07/12/2024 13:00:00 - 07/12/2024 14:00:00","Belgium (BE)","1919.78","1845.95","2141.90","2045.66"
"07/12/2024 14:00:00 - 07/12/2024 15:00:00","Belgium (BE)","1966.18","1918.78","2136.63","2109.81"
"07/12/2024 15:00:00 - 07/12/2024 16:00:00","Belgium (BE)","2015.63","1994.93","2118.05","2107.77"
"07/12/2024 16:00:00 - 07/12/2024 17:00:00","Belgium (BE)","2040.40","2047.70","2083.95","2098.27"
"07/12/2024 17:00:00 - 07/12/2024 18:00:00","Belgium (BE)","2044.08","2067.13","2061.63","2083.18"
"07/12/2024 18:00:00 - 07/12/2024 19:00:00","Belgium (BE)","2034.98","2067.28","2062.63","2105.82"
"07/12/2024 19:00:00 - 07/12/2024 20:00:00","Belgium (BE)","2035.00","2069.43","2101.85","2097.31"
"07/12/2024 20:00:00 - 07/12/2024 21:00:00","Belgium (BE)","2049.75","2080.23","2079.98","2046.08"
"07/12/2024 21:00:00 - 07/12/2024 22:00:00","Belgium (BE)","2069.20","2085.58","2125.95","2044.00"
"07/12/2024 22:00:00 - 07/12/2024 23:00:00","Belgium (BE)","2083.18","2092.43","2131.78","2083.17"
"07/12/2024 23:00:00 - 08/12/2024 00:00:00","Belgium (BE)","2090.83","2108.33","2146.75","2090.66"
"08/12/2024 00:00:00 - 08/12/2024 01:00:00","Belgium (BE)","2105.63","2159.55","2159.55","2067.83"
"08/12/2024 01:00:00 - 08/12/2024 02:00:00","Belgium (BE)","2114.18","2162.78","2162.78","2067.11"
"08/12/2024 02:00:00 - 08/12/2024 03:00:00","Belgium (BE)","2116.38","2151.55","2151.55","2095.44"
"08/12/2024 03:00:00 - 08/12/2024 04:00:00","Belgium (BE)","2114.55","2139.60","2139.60","2070.35"
"08/12/2024 04:00:00 - 08/12/2024 05:00:00","Belgium (BE)","2114.25","2129.83","2129.83","2036.75"
"08/12/2024 05:00:00 - 08/12/2024 06:00:00","Belgium (BE)","2115.85","2132.55","2132.55","2091.34"
"08/12/2024 06:00:00 - 08/12/2024 07:00:00","Belgium (BE)","2117.95","2139.35","2139.35","2097.79"
"08/12/2024 07:00:00 - 08/12/2024 08:00:00","Belgium (BE)","2119.10","2129.65","2147.20","2100.82"
"08/12/2024 08:00:00 - 08/12/2024 09:00:00","Belgium (BE)","2118.55","2124.95","2132.70","2099.14"
"08/12/2024 09:00:00 - 08/12/2024 10:00:00","Belgium (BE)","2114.30","2120.13","2134.28","2094.28"
"08/12/2024 10:00:00 - 08/12/2024 11:00:00","Belgium (BE)","2100.98","2103.08","2126.40","2090.14"
"08/12/2024 11:00:00 - 08/12/2024 12:00:00","Belgium (BE)","2085.88","2073.23","2119.60","2082.04"
"08/12/2024 12:00:00 - 08/12/2024 13:00:00","Belgium (BE)","2071.98","2038.83","2083.10","2089.69"
"08/12/2024 13:00:00 - 08/12/2024 14:00:00","Belgium (BE)","2067.03","2013.25","2063.38","1989.90"
"08/12/2024 14:00:00 - 08/12/2024 15:00:00","Belgium (BE)","2073.23","2019.55","2048.73","1865.97"
"08/12/2024 15:00:00 - 08/12/2024 16:00:00","Belgium (BE)","2078.13","2043.63","1984.40","1970.15"
"08/12/2024 16:00:00 - 08/12/2024 17:00:00","Belgium (BE)","2083.38","2059.30","2010.65","2056.04"
"08/12/2024 17:00:00 - 08/12/2024 18:00:00","Belgium (BE)","2084.20","2067.53","2072.03","2049.64"
"08/12/2024 18:00:00 - 08/12/2024 19:00:00","Belgium (BE)","2081.55","2074.63","2076.38","2053.20"
"08/12/2024 19:00:00 - 08/12/2024 20:00:00","Belgium (BE)","2084.08","2074.03","2107.45","2027.21"
"08/12/2024 20:00:00 - 08/12/2024 21:00:00","Belgium (BE)","2090.78","2063.38","2097.43","2034.95"
"08/12/2024 21:00:00 - 08/12/2024 22:00:00","Belgium (BE)","2099.45","2052.10","2080.08","2064.34"
"08/12/2024 22:00:00 - 08/12/2024 23:00:00","Belgium (BE)","2106.30","2049.53","2081.10","2066.06"
"08/12/2024 23:00:00 - 09/12/2024 00:00:00","Belgium (BE)","2103.13","2054.05","2076.38","2032.05"
"09/12/2024 00:00:00 - 09/12/2024 01:00:00","Belgium (BE)","2087.05","2104.65","2104.65","2066.50"
"09/12/2024 01:00:00 - 09/12/2024 02:00:00","Belgium (BE)","2084.95","2082.05","2082.05","2012.74"
"09/12/2024 02:00:00 - 09/12/2024 03:00:00","Belgium (BE)","2060.85","2107.88","2107.88","2017.52"
"09/12/2024 03:00:00 - 09/12/2024 04:00:00","Belgium (BE)","2042.28","2119.13","2119.13","1855.07"
"09/12/2024 04:00:00 - 09/12/2024 05:00:00","Belgium (BE)","2046.03","2109.18","2109.18","1835.74"
"09/12/2024 05:00:00 - 09/12/2024 06:00:00","Belgium (BE)","2070.18","2099.93","2099.93","2021.85"
"09/12/2024 06:00:00 - 09/12/2024 07:00:00","Belgium (BE)","2089.45","2093.33","2093.33","2036.42"
"09/12/2024 07:00:00 - 09/12/2024 08:00:00","Belgium (BE)","2089.05","2088.85","2115.35","2050.68"
"09/12/2024 08:00:00 - 09/12/2024 09:00:00","Belgium (BE)","2074.40","2088.33","2100.55","2067.82"
"09/12/2024 09:00:00 - 09/12/2024 10:00:00","Belgium (BE)","2066.88","2092.05","2106.30","2047.07"
"09/12/2024 10:00:00 - 09/12/2024 11:00:00","Belgium (BE)","2063.80","2090.95","2124.38","2039.58"
"09/12/2024 11:00:00 - 09/12/2024 12:00:00","Belgium (BE)","2072.18","2091.80","2117.53","2077.48"
"09/12/2024 12:00:00 - 09/12/2024 13:00:00","Belgium (BE)","2086.03","2101.35","2125.70","2087.68"
"09/12/2024 13:00:00 - 09/12/2024 14:00:00","Belgium (BE)","2094.50","2105.65","2153.70","2093.63"
"09/12/2024 14:00:00 - 09/12/2024 15:00:00","Belgium (BE)","2100.08","2109.60","2161.20","2095.16"
"09/12/2024 15:00:00 - 09/12/2024 16:00:00","Belgium (BE)","2110.10","2115.48","2161.50","2092.80"
"09/12/2024 16:00:00 - 09/12/2024 17:00:00","Belgium (BE)","2119.03","2118.75","2157.45","2094.79"
"09/12/2024 17:00:00 - 09/12/2024 18:00:00","Belgium (BE)","2123.23","2121.05","2156.13","2093.01"
"09/12/2024 18:00:00 - 09/12/2024 19:00:00","Belgium (BE)","2123.35","2119.08","2153.73","2089.02"
"09/12/2024 19:00:00 - 09/12/2024 20:00:00","Belgium (BE)","2120.35","2111.28","2146.50","2083.26"
"09/12/2024 20:00:00 - 09/12/2024 21:00:00","Belgium (BE)","2115.88","2098.90","2142.35","2070.76"
"09/12/2024 21:00:00 - 09/12/2024 22:00:00","Belgium (BE)","2111.48","2087.68","2132.35","2060.14"
"09/12/2024 22:00:00 - 09/12/2024 23:00:00","Belgium (BE)","2106.20","2080.33","2116.58","2038.16"
"09/12/2024 23:00:00 - 10/12/2024 00:00:00","Belgium (BE)","2101.05","2075.15","2091.25","1984.63"
"10/12/2024 00:00:00 - 10/12/2024 01:00:00","Belgium (BE)","2080.50","2061.65","2061.65","1924.63"
"10/12/2024 01:00:00 - 10/12/2024 02:00:00","Belgium (BE)","2065.88","2023.30","2023.30","1859.62"
"10/12/2024 02:00:00 - 10/12/2024 03:00:00","Belgium (BE)","2058.63","1977.48","1977.48","1907.17"
"10/12/2024 03:00:00 - 10/12/2024 04:00:00","Belgium (BE)","2059.78","1936.33","1936.33","2010.09"
"10/12/2024 04:00:00 - 10/12/2024 05:00:00","Belgium (BE)","2055.55","1995.88","1995.88","2060.92"
"10/12/2024 05:00:00 - 10/12/2024 06:00:00","Belgium (BE)","2037.58","2067.03","2067.03","2023.96"
"10/12/2024 06:00:00 - 10/12/2024 07:00:00","Belgium (BE)","2012.93","2055.15","2055.15","1889.83"
"10/12/2024 07:00:00 - 10/12/2024 08:00:00","Belgium (BE)","1984.38","2068.23","2068.23","1964.07"
"10/12/2024 08:00:00 - 10/12/2024 09:00:00","Belgium (BE)","1950.78","2048.68","2048.68","1925.83"
"10/12/2024 09:00:00 - 10/12/2024 10:00:00","Belgium (BE)","1915.25","2020.10","1948.18","1983.85"
"10/12/2024 10:00:00 - 10/12/2024 11:00:00","Belgium (BE)","1879.55","1986.20","1901.63","1970.78"
"10/12/2024 11:00:00 - 10/12/2024 12:00:00","Belgium (BE)","1840.65","1952.23","1870.80","1899.39"
"10/12/2024 12:00:00 - 10/12/2024 13:00:00","Belgium (BE)","1786.55","1906.13","1776.95","1873.60"
"10/12/2024 13:00:00 - 10/12/2024 14:00:00","Belgium (BE)","1714.68","1852.70","1754.88","1734.09"
"10/12/2024 14:00:00 - 10/12/2024 15:00:00","Belgium (BE)","1658.65","1820.08","1660.28","1656.69"
"10/12/2024 15:00:00 - 10/12/2024 16:00:00","Belgium (BE)","1651.68","1805.98","1633.58","1713.59"
"10/12/2024 16:00:00 - 10/12/2024 17:00:00","Belgium (BE)","1679.78","1780.60","1687.15","1712.43"
"10/12/2024 17:00:00 - 10/12/2024 18:00:00","Belgium (BE)","1707.43","1716.05","1687.10","1737.96"
"10/12/2024 18:00:00 - 10/12/2024 19:00:00","Belgium (BE)","1690.48","1619.50","1701.58","1735.59"
"10/12/2024 19:00:00 - 10/12/2024 20:00:00","Belgium (BE)","1609.30","1518.10","1669.30","1659.85"
"10/12/2024 20:00:00 - 10/12/2024 21:00:00","Belgium (BE)","1489.48","1405.85","1609.18","1515.92"
"10/12/2024 21:00:00 - 10/12/2024 22:00:00","Belgium (BE)","1358.28","1285.03","1299.60","1269.65"
"10/12/2024 22:00:00 - 10/12/2024 23:00:00","Belgium (BE)","1252.58","1167.43","1111.45","958.31"
"10/12/2024 23:00:00 - 11/12/2024 00:00:00","Belgium (BE)","1180.38","1057.33","946.23","818.78"
"11/12/2024 00:00:00 - 11/12/2024 01:00:00","Belgium (BE)","1107.13","727.50","727.50","816.11"
"11/12/2024 01:00:00 - 11/12/2024 02:00:00","Belgium (BE)","968.00","687.95","687.95","679.00"
"11/12/2024 02:00:00 - 11/12/2024 03:00:00","Belgium (BE)","834.15","668.05","668.05","633.04"
"11/12/2024 03:00:00 - 11/12/2024 04:00:00","Belgium (BE)","731.23","590.20","590.20","574.37"
"11/12/2024 04:00:00 - 11/12/2024 05:00:00","Belgium (BE)","667.83","570.43","570.43","563.30"
"11/12/2024 05:00:00 - 11/12/2024 06:00:00","Belgium (BE)","633.80","547.93","547.93","555.99"
"11/12/2024 06:00:00 - 11/12/2024 07:00:00","Belgium (BE)","602.90","546.00","546.00","517.35"
"11/12/2024 07:00:00 - 11/12/2024 08:00:00","Belgium (BE)","579.93","528.98","529.00","516.54"
"11/12/2024 08:00:00 - 11/12/2024 09:00:00","Belgium (BE)","561.53","499.10","499.23","576.22"
"11/12/2024 09:00:00 - 11/12/2024 10:00:00","Belgium (BE)","527.85","449.30","454.80","456.99"
"11/12/2024 10:00:00 - 11/12/2024 11:00:00","Belgium (BE)","488.25","396.53","402.05","423.79"
"11/12/2024 11:00:00 - 11/12/2024 12:00:00","Belgium (BE)","429.70","359.00","358.00","503.51"
"11/12/2024 12:00:00 - 11/12/2024 13:00:00","Belgium (BE)","359.38","326.33","361.78","359.61"
"11/12/2024 13:00:00 - 11/12/2024 14:00:00","Belgium (BE)","321.48","313.83","339.28","387.88"
"11/12/2024 14:00:00 - 11/12/2024 15:00:00","Belgium (BE)","332.30","339.85","270.90","394.59"
"11/12/2024 15:00:00 - 11/12/2024 16:00:00","Belgium (BE)","374.28","392.30","343.10","472.20"
"11/12/2024 16:00:00 - 11/12/2024 17:00:00","Belgium (BE)","413.28","442.45","414.30","658.45"
"11/12/2024 17:00:00 - 11/12/2024 18:00:00","Belgium (BE)","429.90","464.98","433.48","682.67"
"11/12/2024 18:00:00 - 11/12/2024 19:00:00","Belgium (BE)","397.85","440.55","460.25","746.83"
"11/12/2024 19:00:00 - 11/12/2024 20:00:00","Belgium (BE)","311.75","379.53","472.20","646.18"
"11/12/2024 20:00:00 - 11/12/2024 21:00:00","Belgium (BE)","215.68","296.50","299.65","453.66"
"11/12/2024 21:00:00 - 11/12/2024 22:00:00","Belgium (BE)","138.18","199.03","256.68","300.96"
"11/12/2024 22:00:00 - 11/12/2024 23:00:00","Belgium (BE)","84.30","120.55","172.60","121.90"
"11/12/2024 23:00:00 - 12/12/2024 00:00:00","Belgium (BE)","56.05","70.60","110.38","193.99"
"12/12/2024 00:00:00 - 12/12/2024 01:00:00","Belgium (BE)","178.35","38.78","38.78","128.45"
"12/12/2024 01:00:00 - 12/12/2024 02:00:00","Belgium (BE)","76.93","74.75","74.75","77.75"
"12/12/2024 02:00:00 - 12/12/2024 03:00:00","Belgium (BE)","30.88","55.35","55.35","49.70"
"12/12/2024 03:00:00 - 12/12/2024 04:00:00","Belgium (BE)","1.35","34.43","34.43","6.79"
"12/12/2024 04:00:00 - 12/12/2024 05:00:00","Belgium (BE)","0.00","23.68","23.68"," "
"12/12/2024 05:00:00 - 12/12/2024 06:00:00","Belgium (BE)","0.00","10.43","10.43"," "
"12/12/2024 06:00:00 - 12/12/2024 07:00:00","Belgium (BE)","0.00","9.30","9.30"," "
"12/12/2024 07:00:00 - 12/12/2024 08:00:00","Belgium (BE)","0.00","13.08","9.60"," "
"12/12/2024 08:00:00 - 12/12/2024 09:00:00","Belgium (BE)","0.00","17.80","12.68"," "
"12/12/2024 09:00:00 - 12/12/2024 10:00:00","Belgium (BE)","0.00","21.73","13.63"," "
"12/12/2024 10:00:00 - 12/12/2024 11:00:00","Belgium (BE)","0.00","27.78","15.30"," "
"12/12/2024 11:00:00 - 12/12/2024 12:00:00","Belgium (BE)","3.20","30.35","14.95"," "
"12/12/2024 12:00:00 - 12/12/2024 13:00:00","Belgium (BE)","0.85","29.63","14.83"," "
"12/12/2024 13:00:00 - 12/12/2024 14:00:00","Belgium (BE)","38.78","29.23","18.63"," "
"12/12/2024 14:00:00 - 12/12/2024 15:00:00","Belgium (BE)","113.25","30.53","20.35"," "
"12/12/2024 15:00:00 - 12/12/2024 16:00:00","Belgium (BE)","168.05","38.45","24.40"," "
"12/12/2024 16:00:00 - 12/12/2024 17:00:00","Belgium (BE)","237.75","47.48","22.03"," "
"12/12/2024 17:00:00 - 12/12/2024 18:00:00","Belgium (BE)","215.75","58.38","23.10","19.67"
"12/12/2024 18:00:00 - 12/12/2024 19:00:00","Belgium (BE)","248.63","64.55","32.08","59.39"
"12/12/2024 19:00:00 - 12/12/2024 20:00:00","Belgium (BE)","265.53","56.33","62.73","94.20"
"12/12/2024 20:00:00 - 12/12/2024 21:00:00","Belgium (BE)","205.35","61.50","110.83","177.75"
"12/12/2024 21:00:00 - 12/12/2024 22:00:00","Belgium (BE)","177.68","69.40","177.10","298.43"
"12/12/2024 22:00:00 - 12/12/2024 23:00:00","Belgium (BE)","204.30","71.78","191.25","307.30"
"12/12/2024 23:00:00 - 13/12/2024 00:00:00","Belgium (BE)","177.18","76.65","186.43","262.99"
"13/12/2024 00:00:00 - 13/12/2024 01:00:00","Belgium (BE)","145.80","226.30","226.30","204.25"
"13/12/2024 01:00:00 - 13/12/2024 02:00:00","Belgium (BE)","153.45","221.73","221.73","213.86"
"13/12/2024 02:00:00 - 13/12/2024 03:00:00","Belgium (BE)","161.33","210.98","210.98","201.37"
"13/12/2024 03:00:00 - 13/12/2024 04:00:00","Belgium (BE)","167.78","219.05","219.05","169.18"
"13/12/2024 04:00:00 - 13/12/2024 05:00:00","Belgium (BE)","174.60","225.13","225.13","157.61"
"13/12/2024 05:00:00 - 13/12/2024 06:00:00","Belgium (BE)","184.75","212.20","212.20","178.19"
"13/12/2024 06:00:00 - 13/12/2024 07:00:00","Belgium (BE)","196.08","202.60","202.60","190.90"
"13/12/2024 07:00:00 - 13/12/2024 08:00:00","Belgium (BE)","204.28","206.08","206.08","172.12"
"13/12/2024 08:00:00 - 13/12/2024 09:00:00","Belgium (BE)","198.68","198.35","198.35","173.46"
"13/12/2024 09:00:00 - 13/12/2024 10:00:00","Belgium (BE)","170.98","172.13","115.18","137.57"
"13/12/2024 10:00:00 - 13/12/2024 11:00:00","Belgium (BE)","128.80","132.05","96.33","81.72"
"13/12/2024 11:00:00 - 13/12/2024 12:00:00","Belgium (BE)","86.53","88.65","81.73","40.85"
"13/12/2024 12:00:00 - 13/12/2024 13:00:00","Belgium (BE)","51.78","50.88","40.15","39.32"
"13/12/2024 13:00:00 - 13/12/2024 14:00:00","Belgium (BE)","25.88","24.23","28.03","16.95"
"13/12/2024 14:00:00 - 13/12/2024 15:00:00","Belgium (BE)","14.85","17.18","26.00","20.26"
"13/12/2024 15:00:00 - 13/12/2024 16:00:00","Belgium (BE)","12.58","17.73","35.20","22.80"
"13/12/2024 16:00:00 - 13/12/2024 17:00:00","Belgium (BE)","14.38","21.65","33.25","9.15"
"13/12/2024 17:00:00 - 13/12/2024 18:00:00","Belgium (BE)","17.63","26.53","40.13","33.32"
"13/12/2024 18:00:00 - 13/12/2024 19:00:00","Belgium (BE)","21.95","33.23","44.15","64.86"
"13/12/2024 19:00:00 - 13/12/2024 20:00:00","Belgium (BE)","29.05","44.60","66.93","70.85"
"13/12/2024 20:00:00 - 13/12/2024 21:00:00","Belgium (BE)","39.18","57.63","93.18","80.53"
"13/12/2024 21:00:00 - 13/12/2024 22:00:00","Belgium (BE)","49.55","72.78","120.78","145.49"
"13/12/2024 22:00:00 - 13/12/2024 23:00:00","Belgium (BE)","56.73","93.65","154.60","121.83"
"13/12/2024 23:00:00 - 14/12/2024 00:00:00","Belgium (BE)","62.90","129.95","205.53","198.94"
"14/12/2024 00:00:00 - 14/12/2024 01:00:00","Belgium (BE)","221.75","276.90","276.90","315.15"
"14/12/2024 01:00:00 - 14/12/2024 02:00:00","Belgium (BE)","247.23","294.95","294.95","481.74"
"14/12/2024 02:00:00 - 14/12/2024 03:00:00","Belgium (BE)","266.05","343.30","343.30","530.80"
"14/12/2024 03:00:00 - 14/12/2024 04:00:00","Belgium (BE)","293.50","336.70","336.70","546.73"
"14/12/2024 04:00:00 - 14/12/2024 05:00:00","Belgium (BE)","358.38","464.75","464.75","417.11"
"14/12/2024 05:00:00 - 14/12/2024 06:00:00","Belgium (BE)","480.23","521.38","521.38","346.62"
"14/12/2024 06:00:00 - 14/12/2024 07:00:00","Belgium (BE)","643.38","564.88","564.88","383.30"
"14/12/2024 07:00:00 - 14/12/2024 08:00:00","Belgium (BE)","763.40","576.73","576.73","650.66"
"14/12/2024 08:00:00 - 14/12/2024 09:00:00","Belgium (BE)","771.65","614.40","543.63","788.42"
"14/12/2024 09:00:00 - 14/12/2024 10:00:00","Belgium (BE)","738.55","640.50","694.83","559.15"
"14/12/2024 10:00:00 - 14/12/2024 11:00:00","Belgium (BE)","736.63","728.48","787.95","700.27"
"14/12/2024 11:00:00 - 14/12/2024 12:00:00","Belgium (BE)","777.93","859.38","831.43","967.55"
"14/12/2024 12:00:00 - 14/12/2024 13:00:00","Belgium (BE)","811.08","950.20","955.83","909.24"
"14/12/2024 13:00:00 - 14/12/2024 14:00:00","Belgium (BE)","825.48","970.00","1027.45","869.08"
"14/12/2024 14:00:00 - 14/12/2024 15:00:00","Belgium (BE)","856.53","996.75","1086.63","1037.50"
"14/12/2024 15:00:00 - 14/12/2024 16:00:00","Belgium (BE)","886.33","1052.33","1129.20","1318.04"
"14/12/2024 16:00:00 - 14/12/2024 17:00:00","Belgium (BE)","898.20","1100.75","1143.38","1482.29"
"14/12/2024 17:00:00 - 14/12/2024 18:00:00","Belgium (BE)","905.80","1122.80","1125.75","1099.89"
"14/12/2024 18:00:00 - 14/12/2024 19:00:00","Belgium (BE)","914.23","1130.80","1128.50","1191.33"
"14/12/2024 19:00:00 - 14/12/2024 20:00:00","Belgium (BE)","938.78","1121.30","1135.10","1156.32"
"14/12/2024 20:00:00 - 14/12/2024 21:00:00","Belgium (BE)","974.53","1062.55","1117.05","975.71"
"14/12/2024 21:00:00 - 14/12/2024 22:00:00","Belgium (BE)","994.55","1000.43","1095.78","898.64"
"14/12/2024 22:00:00 - 14/12/2024 23:00:00","Belgium (BE)","997.00","977.20","1099.23","1067.61"
"14/12/2024 23:00:00 - 15/12/2024 00:00:00","Belgium (BE)","988.23","973.13","1132.85","1131.13"
"15/12/2024 00:00:00 - 15/12/2024 01:00:00","Belgium (BE)","993.10","1215.55","1215.55","1137.51"
"15/12/2024 01:00:00 - 15/12/2024 02:00:00","Belgium (BE)","1046.20","1264.83","1264.83","1297.78"
"15/12/2024 02:00:00 - 15/12/2024 03:00:00","Belgium (BE)","1111.33","1311.05","1311.05","1525.81"
"15/12/2024 03:00:00 - 15/12/2024 04:00:00","Belgium (BE)","1169.63","1257.03","1257.03","1247.43"
"15/12/2024 04:00:00 - 15/12/2024 05:00:00","Belgium (BE)","1229.15","1217.30","1217.30","1252.79"
"15/12/2024 05:00:00 - 15/12/2024 06:00:00","Belgium (BE)","1293.78","1251.63","1251.63","1059.39"
"15/12/2024 06:00:00 - 15/12/2024 07:00:00","Belgium (BE)","1403.95","1344.93","1344.93","1096.15"
"15/12/2024 07:00:00 - 15/12/2024 08:00:00","Belgium (BE)","1541.05","1450.53","1450.53","1226.32"
"15/12/2024 08:00:00 - 15/12/2024 09:00:00","Belgium (BE)","1644.83","1532.25","1532.25","1361.59"
"15/12/2024 09:00:00 - 15/12/2024 10:00:00","Belgium (BE)","1710.65","1571.00","1505.45","1470.65"
"15/12/2024 10:00:00 - 15/12/2024 11:00:00","Belgium (BE)","1736.00","1567.78","1529.18","1409.19"
"15/12/2024 11:00:00 - 15/12/2024 12:00:00","Belgium (BE)","1726.58","1562.40","1553.98","1524.86"
"15/12/2024 12:00:00 - 15/12/2024 13:00:00","Belgium (BE)","1709.63","1579.83","1611.58","1664.11"
"15/12/2024 13:00:00 - 15/12/2024 14:00:00","Belgium (BE)","1704.23","1600.53","1659.58","1725.17"
"15/12/2024 14:00:00 - 15/12/2024 15:00:00","Belgium (BE)","1719.50","1606.13","1727.88","1728.02"
"15/12/2024 15:00:00 - 15/12/2024 16:00:00","Belgium (BE)","1752.13","1605.08","1732.35","1685.31"
"15/12/2024 16:00:00 - 15/12/2024 17:00:00","Belgium (BE)","1773.20","1631.20","1764.33","1843.53"
"15/12/2024 17:00:00 - 15/12/2024 18:00:00","Belgium (BE)","1806.83","1682.40","1811.73","1799.23"
"15/12/2024 18:00:00 - 15/12/2024 19:00:00","Belgium (BE)","1862.78","1747.58","1868.45","1893.80"
"15/12/2024 19:00:00 - 15/12/2024 20:00:00","Belgium (BE)","1926.15","1826.00","1926.38","1931.16"
"15/12/2024 20:00:00 - 15/12/2024 21:00:00","Belgium (BE)","1978.13","1907.53","1976.18","1969.38"
"15/12/2024 21:00:00 - 15/12/2024 22:00:00","Belgium (BE)","2003.55","1968.90","2031.73","1860.87"
"15/12/2024 22:00:00 - 15/12/2024 23:00:00","Belgium (BE)","2010.23","2005.98","2043.05","1772.32"
"15/12/2024 23:00:00 - 16/12/2024 00:00:00","Belgium (BE)","2021.25","2027.13","2050.93","1838.72"
"16/12/2024 00:00:00 - 16/12/2024 01:00:00","Belgium (BE)","2033.90","2049.33","2049.33","1722.83"
"16/12/2024 01:00:00 - 16/12/2024 02:00:00","Belgium (BE)","2040.98","2039.00","2039.00","1885.65"
"16/12/2024 02:00:00 - 16/12/2024 03:00:00","Belgium (BE)","2038.18","2009.80","2009.80","1907.49"
"16/12/2024 03:00:00 - 16/12/2024 04:00:00","Belgium (BE)","2024.18","1978.88","1978.88","1891.92"
"16/12/2024 04:00:00 - 16/12/2024 05:00:00","Belgium (BE)","2000.88","1968.00","1968.00","1842.56"
"16/12/2024 05:00:00 - 16/12/2024 06:00:00","Belgium (BE)","1978.55","1960.03","1960.03","1790.37"
"16/12/2024 06:00:00 - 16/12/2024 07:00:00","Belgium (BE)","1974.33","1976.28","1976.28","1731.82"
"16/12/2024 07:00:00 - 16/12/2024 08:00:00","Belgium (BE)","1978.35","1992.35","1992.35","1912.86"
"16/12/2024 08:00:00 - 16/12/2024 09:00:00","Belgium (BE)","1972.03","1999.45","2009.03","2014.53"
"16/12/2024 09:00:00 - 16/12/2024 10:00:00","Belgium (BE)","1958.05","2007.18","2016.60","2016.89"
"16/12/2024 10:00:00 - 16/12/2024 11:00:00","Belgium (BE)","1957.25","2012.05","2005.60","2034.04"
"16/12/2024 11:00:00 - 16/12/2024 12:00:00","Belgium (BE)","1967.18","2018.70","2000.08","2053.56"
"16/12/2024 12:00:00 - 16/12/2024 13:00:00","Belgium (BE)","1982.70","2013.10","1985.50","2075.43"
"16/12/2024 13:00:00 - 16/12/2024 14:00:00","Belgium (BE)","2000.55","1991.95","1959.55","1941.98"
"16/12/2024 14:00:00 - 16/12/2024 15:00:00","Belgium (BE)","1996.78","1959.20","1935.53","1991.38"
"16/12/2024 15:00:00 - 16/12/2024 16:00:00","Belgium (BE)","1971.45","1922.58","1889.20","1895.15"
"16/12/2024 16:00:00 - 16/12/2024 17:00:00","Belgium (BE)","1942.30","1881.38","1829.80","1769.59"
"16/12/2024 17:00:00 - 16/12/2024 18:00:00","Belgium (BE)","1910.58","1821.38","1758.63","1705.12"
"16/12/2024 18:00:00 - 16/12/2024 19:00:00","Belgium (BE)","1867.25","1752.75","1701.53","1816.53"
"16/12/2024 19:00:00 - 16/12/2024 20:00:00","Belgium (BE)","1814.53","1682.80","1687.85","1793.56"
"16/12/2024 20:00:00 - 16/12/2024 21:00:00","Belgium (BE)","1762.35","1622.80","1684.60","1667.95"
"16/12/2024 21:00:00 - 16/12/2024 22:00:00","Belgium (BE)","1724.95","1571.75","1614.60","1627.45"
"16/12/2024 22:00:00 - 16/12/2024 23:00:00","Belgium (BE)","1700.70","1528.20","1527.55","1203.75"
"16/12/2024 23:00:00 - 17/12/2024 00:00:00","Belgium (BE)","1656.38","1477.05","1432.38","1043.44"
"17/12/2024 00:00:00 - 17/12/2024 01:00:00","Belgium (BE)","1269.15","1148.45","1148.45","970.71"
"17/12/2024 01:00:00 - 17/12/2024 02:00:00","Belgium (BE)","1099.60","1040.20","1040.20","849.69"
"17/12/2024 02:00:00 - 17/12/2024 03:00:00","Belgium (BE)","950.33","915.45","915.45","845.97"
"17/12/2024 03:00:00 - 17/12/2024 04:00:00","Belgium (BE)","787.95","719.88","719.88","582.91"
"17/12/2024 04:00:00 - 17/12/2024 05:00:00","Belgium (BE)","632.60","537.40","537.40","424.43"
"17/12/2024 05:00:00 - 17/12/2024 06:00:00","Belgium (BE)","517.65","437.60","437.60","356.91"
"17/12/2024 06:00:00 - 17/12/2024 07:00:00","Belgium (BE)","427.95","423.55","423.55","339.94"
"17/12/2024 07:00:00 - 17/12/2024 08:00:00","Belgium (BE)","403.98","483.78","483.78","679.58"
"17/12/2024 08:00:00 - 17/12/2024 09:00:00","Belgium (BE)","450.60","590.78","594.20","682.43"
"17/12/2024 09:00:00 - 17/12/2024 10:00:00","Belgium (BE)","504.33","704.20","757.90","928.51"
"17/12/2024 10:00:00 - 17/12/2024 11:00:00","Belgium (BE)","543.43","739.05","737.30","756.72"
"17/12/2024 11:00:00 - 17/12/2024 12:00:00","Belgium (BE)","572.90","709.10","702.08","585.70"
"17/12/2024 12:00:00 - 17/12/2024 13:00:00","Belgium (BE)","589.03","634.35","647.28","711.77"
"17/12/2024 13:00:00 - 17/12/2024 14:00:00","Belgium (BE)","583.38","568.65","586.78","583.38"
"17/12/2024 14:00:00 - 17/12/2024 15:00:00","Belgium (BE)","573.83","557.98","587.63","752.81"
"17/12/2024 15:00:00 - 17/12/2024 16:00:00","Belgium (BE)","654.58","640.10","678.55","1147.67"
"17/12/2024 16:00:00 - 17/12/2024 17:00:00","Belgium (BE)","847.43","873.63","856.45","1297.10"
"17/12/2024 17:00:00 - 17/12/2024 18:00:00","Belgium (BE)","1103.00","1198.05","1133.88","1467.85"
"17/12/2024 18:00:00 - 17/12/2024 19:00:00","Belgium (BE)","1368.63","1499.08","1393.90","1426.98"
"17/12/2024 19:00:00 - 17/12/2024 20:00:00","Belgium (BE)","1586.35","1684.15","1551.63","1699.19"
"17/12/2024 20:00:00 - 17/12/2024 21:00:00","Belgium (BE)","1720.10","1771.93","1648.28","1772.28"
"17/12/2024 21:00:00 - 17/12/2024 22:00:00","Belgium (BE)","1770.83","1816.95","1713.00","1779.66"
"17/12/2024 22:00:00 - 17/12/2024 23:00:00","Belgium (BE)","1776.35","1876.95","1750.58","1804.78"
"17/12/2024 23:00:00 - 18/12/2024 00:00:00","Belgium (BE)","1776.23","1938.15","1816.48","1869.74"
"18/12/2024 00:00:00 - 18/12/2024 01:00:00","Belgium (BE)","1983.35","1949.85","1949.85","1948.41"
"18/12/2024 01:00:00 - 18/12/2024 02:00:00","Belgium (BE)","2039.58","2001.33","2001.33","1984.26"
"18/12/2024 02:00:00 - 18/12/2024 03:00:00","Belgium (BE)","2077.03","2042.08","2042.08","2063.14"
"18/12/2024 03:00:00 - 18/12/2024 04:00:00","Belgium (BE)","2102.13","2061.80","2061.80","2110.37"
"18/12/2024 04:00:00 - 18/12/2024 05:00:00","Belgium (BE)","2120.35","2154.43","2154.43","2116.37"
"18/12/2024 05:00:00 - 18/12/2024 06:00:00","Belgium (BE)","2132.90","2173.93","2173.93","2101.77"
"18/12/2024 06:00:00 - 18/12/2024 07:00:00","Belgium (BE)","2138.75","2163.30","2163.30","2022.55"
"18/12/2024 07:00:00 - 18/12/2024 08:00:00","Belgium (BE)","2141.35","2156.83","2156.83","2100.66"
"18/12/2024 08:00:00 - 18/12/2024 09:00:00","Belgium (BE)","2141.23","2151.50","2151.50","2098.56"
"18/12/2024 09:00:00 - 18/12/2024 10:00:00","Belgium (BE)","2136.90","2145.03","2151.83","2099.45"
"18/12/2024 10:00:00 - 18/12/2024 11:00:00","Belgium (BE)","2130.93","2138.08","2143.53","2097.42"
"18/12/2024 11:00:00 - 18/12/2024 12:00:00","Belgium (BE)","2123.58","2129.50","2139.85","2098.38"
"18/12/2024 12:00:00 - 18/12/2024 13:00:00","Belgium (BE)","2120.43","2122.45","2137.05","2093.72"
"18/12/2024 13:00:00 - 18/12/2024 14:00:00","Belgium (BE)","2123.48","2124.73","2142.55","2083.34"
"18/12/2024 14:00:00 - 18/12/2024 15:00:00","Belgium (BE)","2125.00","2120.80","2137.93","2086.61"
"18/12/2024 15:00:00 - 18/12/2024 16:00:00","Belgium (BE)","2122.58","2115.15","2133.03","2078.46"
"18/12/2024 16:00:00 - 18/12/2024 17:00:00","Belgium (BE)","2116.23","2106.75","2124.03","2019.83"
"18/12/2024 17:00:00 - 18/12/2024 18:00:00","Belgium (BE)","2099.95","2094.53","2121.78","2064.82"
"18/12/2024 18:00:00 - 18/12/2024 19:00:00","Belgium (BE)","2070.23","2077.88","2106.15","1998.44"
"18/12/2024 19:00:00 - 18/12/2024 20:00:00","Belgium (BE)","2038.70","2065.28","2135.53","1987.33"
"18/12/2024 20:00:00 - 18/12/2024 21:00:00","Belgium (BE)","2022.90","2069.25","2157.60","1929.22"
"18/12/2024 21:00:00 - 18/12/2024 22:00:00","Belgium (BE)","2049.38","2089.58","2149.15","1947.63"
"18/12/2024 22:00:00 - 18/12/2024 23:00:00","Belgium (BE)","2079.18","2113.88","2153.65","2024.02"
"18/12/2024 23:00:00 - 19/12/2024 00:00:00","Belgium (BE)","2101.13","2126.48","2152.45","2092.74"
"19/12/2024 00:00:00 - 19/12/2024 01:00:00","Belgium (BE)","2118.18","2161.40","2161.40","2107.67"
"19/12/2024 01:00:00 - 19/12/2024 02:00:00","Belgium (BE)","2111.90","2154.08","2154.08","2108.08"
"19/12/2024 02:00:00 - 19/12/2024 03:00:00","Belgium (BE)","2110.93","2144.68","2144.68","2080.16"
"19/12/2024 03:00:00 - 19/12/2024 04:00:00","Belgium (BE)","2113.33","2143.80","2143.80","1986.85"
"19/12/2024 04:00:00 - 19/12/2024 05:00:00","Belgium (BE)","2113.50","2140.58","2140.58","1947.49"
"19/12/2024 05:00:00 - 19/12/2024 06:00:00","Belgium (BE)","2105.88","2147.70","2147.70","1898.99"
"19/12/2024 06:00:00 - 19/12/2024 07:00:00","Belgium (BE)","2091.58","2150.80","2150.80","1871.47"
"19/12/2024 07:00:00 - 19/12/2024 08:00:00","Belgium (BE)","2074.50","2131.45","2128.13","1881.41"
"19/12/2024 08:00:00 - 19/12/2024 09:00:00","Belgium (BE)","2070.35","2119.18","2118.00","1952.53"
"19/12/2024 09:00:00 - 19/12/2024 10:00:00","Belgium (BE)","2071.23","2101.18","1975.10","2004.63"
"19/12/2024 10:00:00 - 19/12/2024 11:00:00","Belgium (BE)","2064.13","2073.03","1993.65","2028.60"
"19/12/2024 11:00:00 - 19/12/2024 12:00:00","Belgium (BE)","2043.35","2043.10","2023.10","1979.37"
"19/12/2024 12:00:00 - 19/12/2024 13:00:00","Belgium (BE)","2003.80","2014.18","2002.10","1929.19"
"19/12/2024 13:00:00 - 19/12/2024 14:00:00","Belgium (BE)","1955.33","1982.05","1947.45","1722.68"
"19/12/2024 14:00:00 - 19/12/2024 15:00:00","Belgium (BE)","1904.38","1942.50","1888.70","1597.74"
"19/12/2024 15:00:00 - 19/12/2024 16:00:00","Belgium (BE)","1857.53","1908.33","1848.60","1686.76"
"19/12/2024 16:00:00 - 19/12/2024 17:00:00","Belgium (BE)","1826.50","1891.58","1739.33","1746.32"
"19/12/2024 17:00:00 - 19/12/2024 18:00:00","Belgium (BE)","1829.38","1899.93","1792.53","1784.51"
"19/12/2024 18:00:00 - 19/12/2024 19:00:00","Belgium (BE)","1865.98","1920.90","1831.35","1793.80"
"19/12/2024 19:00:00 - 19/12/2024 20:00:00","Belgium (BE)","1907.68","1938.58","1865.38","1788.15"
"19/12/2024 20:00:00 - 19/12/2024 21:00:00","Belgium (BE)","1930.15","1963.08","1845.40","1856.53"
"19/12/2024 21:00:00 - 19/12/2024 22:00:00","Belgium (BE)","1922.50","1973.95","1895.00","1708.53"
"19/12/2024 22:00:00 - 19/12/2024 23:00:00","Belgium (BE)","1905.40","1957.45","1889.23","1888.08"
"19/12/2024 23:00:00 - 20/12/2024 00:00:00","Belgium (BE)","1885.93","1909.10","1857.58","1871.53"
"20/12/2024 00:00:00 - 20/12/2024 01:00:00","Belgium (BE)","1781.08","1784.60","1784.60","1615.40"
"20/12/2024 01:00:00 - 20/12/2024 02:00:00","Belgium (BE)","1694.45","1746.53","1746.53","1217.29"
"20/12/2024 02:00:00 - 20/12/2024 03:00:00","Belgium (BE)","1596.08","1575.65","1575.65","1338.39"
"20/12/2024 03:00:00 - 20/12/2024 04:00:00","Belgium (BE)","1476.40","1496.23","1496.23","1235.43"
"20/12/2024 04:00:00 - 20/12/2024 05:00:00","Belgium (BE)","1348.25","1308.20","1308.20","1206.20"
"20/12/2024 05:00:00 - 20/12/2024 06:00:00","Belgium (BE)","1215.58","1176.38","1176.38","1198.93"
"20/12/2024 06:00:00 - 20/12/2024 07:00:00","Belgium (BE)","1059.08","1087.30","1087.30","1033.77"
"20/12/2024 07:00:00 - 20/12/2024 08:00:00","Belgium (BE)","933.30","1024.15","1024.15","999.67"
"20/12/2024 08:00:00 - 20/12/2024 09:00:00","Belgium (BE)","911.45","985.15","985.15","1007.91"
"20/12/2024 09:00:00 - 20/12/2024 10:00:00","Belgium (BE)","929.83","962.15","932.73","646.48"
"20/12/2024 10:00:00 - 20/12/2024 11:00:00","Belgium (BE)","968.73","976.63","955.30","738.02"
"20/12/2024 11:00:00 - 20/12/2024 12:00:00","Belgium (BE)","1079.75","1054.10","879.80","860.23"
"20/12/2024 12:00:00 - 20/12/2024 13:00:00","Belgium (BE)","1221.43","1152.60","1054.53","1143.19"
"20/12/2024 13:00:00 - 20/12/2024 14:00:00","Belgium (BE)","1405.88","1309.40","1219.03","1443.91"
"20/12/2024 14:00:00 - 20/12/2024 15:00:00","Belgium (BE)","1581.58","1466.58","1429.55","1558.04"
"20/12/2024 15:00:00 - 20/12/2024 16:00:00","Belgium (BE)","1706.33","1595.70","1599.70","1765.24"
"20/12/2024 16:00:00 - 20/12/2024 17:00:00","Belgium (BE)","1820.93","1729.33","1701.83","1853.31"
"20/12/2024 17:00:00 - 20/12/2024 18:00:00","Belgium (BE)","1917.45","1831.55","1850.23","1795.33"
"20/12/2024 18:00:00 - 20/12/2024 19:00:00","Belgium (BE)","1976.00","1889.98","1945.15","1742.30"
"20/12/2024 19:00:00 - 20/12/2024 20:00:00","Belgium (BE)","1994.25","1908.98","1809.15","1751.72"
"20/12/2024 20:00:00 - 20/12/2024 21:00:00","Belgium (BE)","1972.95","1870.53","1616.45","1834.69"
"20/12/2024 21:00:00 - 20/12/2024 22:00:00","Belgium (BE)","1912.88","1752.68","1735.25","1760.93"
"20/12/2024 22:00:00 - 20/12/2024 23:00:00","Belgium (BE)","1843.83","1528.73","1682.20","1692.87"
"20/12/2024 23:00:00 - 21/12/2024 00:00:00","Belgium (BE)","1808.90","1227.85","1501.03","1654.43"
"21/12/2024 00:00:00 - 21/12/2024 01:00:00","Belgium (BE)","822.25","1012.08","1012.08","1313.09"
"21/12/2024 01:00:00 - 21/12/2024 02:00:00","Belgium (BE)","755.53","933.00","933.00","758.21"
"21/12/2024 02:00:00 - 21/12/2024 03:00:00","Belgium (BE)","763.43","827.33","827.33","686.29"
"21/12/2024 03:00:00 - 21/12/2024 04:00:00","Belgium (BE)","785.63","688.33","688.33","671.76"
"21/12/2024 04:00:00 - 21/12/2024 05:00:00","Belgium (BE)","825.13","655.23","655.23","746.14"
"21/12/2024 05:00:00 - 21/12/2024 06:00:00","Belgium (BE)","878.40","754.78","754.78","667.26"
"21/12/2024 06:00:00 - 21/12/2024 07:00:00","Belgium (BE)","1022.60","957.35","957.35","938.92"
"21/12/2024 07:00:00 - 21/12/2024 08:00:00","Belgium (BE)","1289.03","1285.33","1285.33","1401.45"
"21/12/2024 08:00:00 - 21/12/2024 09:00:00","Belgium (BE)","1581.90","1631.80","1631.80","1529.90"
"21/12/2024 09:00:00 - 21/12/2024 10:00:00","Belgium (BE)","1829.60","1881.63","1885.03","1764.46"
"21/12/2024 10:00:00 - 21/12/2024 11:00:00","Belgium (BE)","1978.60","2004.10","1958.98","2055.40"
"21/12/2024 11:00:00 - 21/12/2024 12:00:00","Belgium (BE)","2057.53","2057.10","2035.03","2091.02"
"21/12/2024 12:00:00 - 21/12/2024 13:00:00","Belgium (BE)","2097.53","2080.98","2168.80","2095.83"
"21/12/2024 13:00:00 - 21/12/2024 14:00:00","Belgium (BE)","2114.53","2091.65","2171.63","2097.57"
"21/12/2024 14:00:00 - 21/12/2024 15:00:00","Belgium (BE)","2118.35","2095.23","2163.50","2100.31"
"21/12/2024 15:00:00 - 21/12/2024 16:00:00","Belgium (BE)","2117.65","2092.98","2156.95","2102.39"
"21/12/2024 16:00:00 - 21/12/2024 17:00:00","Belgium (BE)","2115.38","2090.25","2146.80","2093.67"
"21/12/2024 17:00:00 - 21/12/2024 18:00:00","Belgium (BE)","2111.45","2091.23","2147.95","2094.18"
"21/12/2024 18:00:00 - 21/12/2024 19:00:00","Belgium (BE)","2105.30","2091.15","2134.73","2095.86"
"21/12/2024 19:00:00 - 21/12/2024 20:00:00","Belgium (BE)","2099.03","2085.25","2137.20","2093.19"
"21/12/2024 20:00:00 - 21/12/2024 21:00:00","Belgium (BE)","2100.23","2081.10","2142.13","2032.39"
"21/12/2024 21:00:00 - 21/12/2024 22:00:00","Belgium (BE)","2107.65","2089.98","2154.28","2062.82"
"21/12/2024 22:00:00 - 21/12/2024 23:00:00","Belgium (BE)","2112.68","2094.58","2144.58","2095.34"
"21/12/2024 23:00:00 - 22/12/2024 00:00:00","Belgium (BE)","2113.80","2101.18","2138.15","2077.38"
"22/12/2024 00:00:00 - 22/12/2024 01:00:00","Belgium (BE)","2115.60","2161.10","2161.10","2080.89"
"22/12/2024 01:00:00 - 22/12/2024 02:00:00","Belgium (BE)","2122.33","2166.33","2166.33","2098.25"
"22/12/2024 02:00:00 - 22/12/2024 03:00:00","Belgium (BE)","2124.65","2162.45","2162.45","2084.40"
"22/12/2024 03:00:00 - 22/12/2024 04:00:00","Belgium (BE)","2126.58","2154.78","2154.78","2084.96"
"22/12/2024 04:00:00 - 22/12/2024 05:00:00","Belgium (BE)","2132.60","2148.58","2148.58","2088.81"
"22/12/2024 05:00:00 - 22/12/2024 06:00:00","Belgium (BE)","2141.40","2151.08","2151.08","2089.19"
"22/12/2024 06:00:00 - 22/12/2024 07:00:00","Belgium (BE)","2145.80","2154.03","2154.03","2069.49"
"22/12/2024 07:00:00 - 22/12/2024 08:00:00","Belgium (BE)","2142.48","2145.85","2152.83","2087.14"
"22/12/2024 08:00:00 - 22/12/2024 09:00:00","Belgium (BE)","2135.83","2133.03","2145.35","2104.35"
"22/12/2024 09:00:00 - 22/12/2024 10:00:00","Belgium (BE)","2129.40","2119.95","2159.75","2104.61"
"22/12/2024 10:00:00 - 22/12/2024 11:00:00","Belgium (BE)","2126.25","2110.98","2169.30","2094.26"
"22/12/2024 11:00:00 - 22/12/2024 12:00:00","Belgium (BE)","2124.38","2109.30","2167.25","2101.19"
"22/12/2024 12:00:00 - 22/12/2024 13:00:00","Belgium (BE)","2122.28","2111.93","2155.78","2102.38"
"22/12/2024 13:00:00 - 22/12/2024 14:00:00","Belgium (BE)","2123.23","2115.55","2155.80","2084.98"
"22/12/2024 14:00:00 - 22/12/2024 15:00:00","Belgium (BE)","2126.90","2118.93","2155.73","2100.60"
"22/12/2024 15:00:00 - 22/12/2024 16:00:00","Belgium (BE)","2128.93","2117.20","2155.30","2097.65"
"22/12/2024 16:00:00 - 22/12/2024 17:00:00","Belgium (BE)","2123.73","2105.45","2149.78","2100.14"
"22/12/2024 17:00:00 - 22/12/2024 18:00:00","Belgium (BE)","2113.38","2090.50","2148.83","2101.79"
"22/12/2024 18:00:00 - 22/12/2024 19:00:00","Belgium (BE)","2106.38","2081.05","2146.65","2100.09"
"22/12/2024 19:00:00 - 22/12/2024 20:00:00","Belgium (BE)","2105.68","2089.38","2158.15","2099.58"
"22/12/2024 20:00:00 - 22/12/2024 21:00:00","Belgium (BE)","2106.15","2105.30","2165.80","2084.78"
"22/12/2024 21:00:00 - 22/12/2024 22:00:00","Belgium (BE)","2106.10","2117.20","2158.65","2099.28"
"22/12/2024 22:00:00 - 22/12/2024 23:00:00","Belgium (BE)","2104.78","2123.85","2144.93","2101.76"
"22/12/2024 23:00:00 - 23/12/2024 00:00:00","Belgium (BE)","2101.93","2125.10","2130.53","2091.85"
"23/12/2024 00:00:00 - 23/12/2024 01:00:00","Belgium (BE)","2095.95","2141.33","2141.33","2019.86"
"23/12/2024 01:00:00 - 23/12/2024 02:00:00","Belgium (BE)","2100.95","2149.43","2149.43","2090.24"
"23/12/2024 02:00:00 - 23/12/2024 03:00:00","Belgium (BE)","2101.15","2138.38","2138.38","2083.44"
"23/12/2024 03:00:00 - 23/12/2024 04:00:00","Belgium (BE)","2097.40","2128.23","2128.23","2097.60"
"23/12/2024 04:00:00 - 23/12/2024 05:00:00","Belgium (BE)","2093.58","2141.40","2141.40","2095.93"
"23/12/2024 05:00:00 - 23/12/2024 06:00:00","Belgium (BE)","2090.28","2145.13","2145.13","2095.59"
"23/12/2024 06:00:00 - 23/12/2024 07:00:00","Belgium (BE)","2088.48","2136.85","2136.85","2089.46"
"23/12/2024 07:00:00 - 23/12/2024 08:00:00","Belgium (BE)","2088.38","2142.50","2142.50","2087.90"
"23/12/2024 08:00:00 - 23/12/2024 09:00:00","Belgium (BE)","2085.73","2128.40","2126.80","2084.61"
"23/12/2024 09:00:00 - 23/12/2024 10:00:00","Belgium (BE)","2078.15","2104.48","2109.78","2038.18"
"23/12/2024 10:00:00 - 23/12/2024 11:00:00","Belgium (BE)","2063.65","2069.23","2071.38","1857.98"
"23/12/2024 11:00:00 - 23/12/2024 12:00:00","Belgium (BE)","2041.63","2019.13","2015.45","1821.75"
"23/12/2024 12:00:00 - 23/12/2024 13:00:00","Belgium (BE)","2006.40","1951.88","1951.53","1677.84"
"23/12/2024 13:00:00 - 23/12/2024 14:00:00","Belgium (BE)","1943.23","1852.68","1739.08","1645.97"
"23/12/2024 14:00:00 - 23/12/2024 15:00:00","Belgium (BE)","1841.15","1709.20","1585.80","1611.35"
"23/12/2024 15:00:00 - 23/12/2024 16:00:00","Belgium (BE)","1691.25","1518.20","1492.70","1281.61"
"23/12/2024 16:00:00 - 23/12/2024 17:00:00","Belgium (BE)","1503.48","1295.25","1395.08","1102.15"
"23/12/2024 17:00:00 - 23/12/2024 18:00:00","Belgium (BE)","1302.40","1089.90","1161.33","898.57"
"23/12/2024 18:00:00 - 23/12/2024 19:00:00","Belgium (BE)","1094.75","920.60","967.70","991.08"
"23/12/2024 19:00:00 - 23/12/2024 20:00:00","Belgium (BE)","897.73","805.30","780.53","955.93"
"23/12/2024 20:00:00 - 23/12/2024 21:00:00","Belgium (BE)","714.38","692.75","694.63","740.34"
"23/12/2024 21:00:00 - 23/12/2024 22:00:00","Belgium (BE)","541.23","517.75","520.33","554.67"
"23/12/2024 22:00:00 - 23/12/2024 23:00:00","Belgium (BE)","408.70","329.98","338.48","333.31"
"23/12/2024 23:00:00 - 24/12/2024 00:00:00","Belgium (BE)","327.15","193.68","227.05","159.93"
"24/12/2024 00:00:00 - 24/12/2024 01:00:00","Belgium (BE)","147.63","196.95","196.95","90.52"
"24/12/2024 01:00:00 - 24/12/2024 02:00:00","Belgium (BE)","126.50","183.70","183.70","30.56"
"24/12/2024 02:00:00 - 24/12/2024 03:00:00","Belgium (BE)","140.60","201.53","201.53","142.00"
"24/12/2024 03:00:00 - 24/12/2024 04:00:00","Belgium (BE)","187.28","259.38","259.38","472.30"
"24/12/2024 04:00:00 - 24/12/2024 05:00:00","Belgium (BE)","250.90","324.18","324.18","476.45"
"24/12/2024 05:00:00 - 24/12/2024 06:00:00","Belgium (BE)","326.73","576.48","576.48","736.58"
"24/12/2024 06:00:00 - 24/12/2024 07:00:00","Belgium (BE)","406.13","663.35","663.35","886.18"
"24/12/2024 07:00:00 - 24/12/2024 08:00:00","Belgium (BE)","455.65","766.55","766.55","876.49"
"24/12/2024 08:00:00 - 24/12/2024 09:00:00","Belgium (BE)","440.53","699.43","698.35","888.15"
"24/12/2024 09:00:00 - 24/12/2024 10:00:00","Belgium (BE)","378.25","590.75","630.43","768.90"
"24/12/2024 10:00:00 - 24/12/2024 11:00:00","Belgium (BE)","312.83","466.08","658.65","518.91"
"24/12/2024 11:00:00 - 24/12/2024 12:00:00","Belgium (BE)","263.80","367.33","661.45","522.61"
"24/12/2024 12:00:00 - 24/12/2024 13:00:00","Belgium (BE)","250.80","319.25","623.63","507.38"
"24/12/2024 13:00:00 - 24/12/2024 14:00:00","Belgium (BE)","275.78","290.35","551.35","691.38"
"24/12/2024 14:00:00 - 24/12/2024 15:00:00","Belgium (BE)","310.23","257.48","420.23","566.70"
"24/12/2024 15:00:00 - 24/12/2024 16:00:00","Belgium (BE)","338.98","244.70","414.90","648.55"
"24/12/2024 16:00:00 - 24/12/2024 17:00:00","Belgium (BE)","363.25","262.35","318.80","481.46"
"24/12/2024 17:00:00 - 24/12/2024 18:00:00","Belgium (BE)","392.90","288.85","348.73","292.82"
"24/12/2024 18:00:00 - 24/12/2024 19:00:00","Belgium (BE)","400.18","290.78","303.63","331.31"
"24/12/2024 19:00:00 - 24/12/2024 20:00:00","Belgium (BE)","378.23","268.40","238.33","310.38"
"24/12/2024 20:00:00 - 24/12/2024 21:00:00","Belgium (BE)","349.28","239.80","231.83","161.79"
"24/12/2024 21:00:00 - 24/12/2024 22:00:00","Belgium (BE)","313.53","216.83","192.93","83.16"
"24/12/2024 22:00:00 - 24/12/2024 23:00:00","Belgium (BE)","273.25","193.83","152.15","41.48"
"24/12/2024 23:00:00 - 25/12/2024 00:00:00","Belgium (BE)","235.13","161.55","117.35","69.90"
"25/12/2024 00:00:00 - 25/12/2024 01:00:00","Belgium (BE)","105.15","46.40","46.40","98.45"
"25/12/2024 01:00:00 - 25/12/2024 02:00:00","Belgium (BE)","103.38","52.55","52.55","34.17"
"25/12/2024 02:00:00 - 25/12/2024 03:00:00","Belgium (BE)","98.53","54.70","54.70","39.77"
"25/12/2024 03:00:00 - 25/12/2024 04:00:00","Belgium (BE)","84.85","52.38","52.38","9.02"
"25/12/2024 04:00:00 - 25/12/2024 05:00:00","Belgium (BE)","72.30","43.80","43.80","30.42"
"25/12/2024 05:00:00 - 25/12/2024 06:00:00","Belgium (BE)","66.25","46.00","46.00","138.17"
"25/12/2024 06:00:00 - 25/12/2024 07:00:00","Belgium (BE)","73.23","65.80","65.80","228.71"
"25/12/2024 07:00:00 - 25/12/2024 08:00:00","Belgium (BE)","79.55","93.75","93.75","175.92"
"25/12/2024 08:00:00 - 25/12/2024 09:00:00","Belgium (BE)","83.83","87.98","152.00","184.92"
"25/12/2024 09:00:00 - 25/12/2024 10:00:00","Belgium (BE)","87.63","87.50","125.30","166.79"
"25/12/2024 10:00:00 - 25/12/2024 11:00:00","Belgium (BE)","88.95","82.55","124.30","106.78"
"25/12/2024 11:00:00 - 25/12/2024 12:00:00","Belgium (BE)","87.25","72.28","113.00","112.92"
"25/12/2024 12:00:00 - 25/12/2024 13:00:00","Belgium (BE)","80.00","63.78","70.60","223.60"
"25/12/2024 13:00:00 - 25/12/2024 14:00:00","Belgium (BE)","73.25","60.25","67.08","254.43"
"25/12/2024 14:00:00 - 25/12/2024 15:00:00","Belgium (BE)","66.95","62.90","138.03","238.09"
"25/12/2024 15:00:00 - 25/12/2024 16:00:00","Belgium (BE)","60.10","68.48","145.50","187.33"
"25/12/2024 16:00:00 - 25/12/2024 17:00:00","Belgium (BE)","57.25","71.60","155.93","153.26"
"25/12/2024 17:00:00 - 25/12/2024 18:00:00","Belgium (BE)","56.58","73.25","123.53","160.21"
"25/12/2024 18:00:00 - 25/12/2024 19:00:00","Belgium (BE)","55.98","73.90","114.40","213.09"
"25/12/2024 19:00:00 - 25/12/2024 20:00:00","Belgium (BE)","54.68","73.30","108.13","180.67"
"25/12/2024 20:00:00 - 25/12/2024 21:00:00","Belgium (BE)","54.33","68.05","123.20","136.35"
"25/12/2024 21:00:00 - 25/12/2024 22:00:00","Belgium (BE)","51.98","64.60","109.60","141.53"
"25/12/2024 22:00:00 - 25/12/2024 23:00:00","Belgium (BE)","49.03","64.95","89.68","128.50"
"25/12/2024 23:00:00 - 26/12/2024 00:00:00","Belgium (BE)","46.48","60.75","74.85","85.19"
"26/12/2024 00:00:00 - 26/12/2024 01:00:00","Belgium (BE)","45.20","75.03","75.03","69.72"
"26/12/2024 01:00:00 - 26/12/2024 02:00:00","Belgium (BE)","39.13","60.18","60.18","58.03"
"26/12/2024 02:00:00 - 26/12/2024 03:00:00","Belgium (BE)","36.13","51.83","51.83","55.15"
"26/12/2024 03:00:00 - 26/12/2024 04:00:00","Belgium (BE)","35.55","46.83","46.83","53.96"
"26/12/2024 04:00:00 - 26/12/2024 05:00:00","Belgium (BE)","34.18","40.33","40.33","40.14"
"26/12/2024 05:00:00 - 26/12/2024 06:00:00","Belgium (BE)","34.18","36.15","36.15","2.10"
"26/12/2024 06:00:00 - 26/12/2024 07:00:00","Belgium (BE)","33.23","33.08","33.08"," "
"26/12/2024 07:00:00 - 26/12/2024 08:00:00","Belgium (BE)","31.58","32.15","18.05"," "
"26/12/2024 08:00:00 - 26/12/2024 09:00:00","Belgium (BE)","29.80","34.95","25.88"," "
"26/12/2024 09:00:00 - 26/12/2024 10:00:00","Belgium (BE)","29.28","38.73","20.80"," "
"26/12/2024 10:00:00 - 26/12/2024 11:00:00","Belgium (BE)","26.78","35.45","13.93"," "
"26/12/2024 11:00:00 - 26/12/2024 12:00:00","Belgium (BE)","23.23","29.98","10.30"," "
"26/12/2024 12:00:00 - 26/12/2024 13:00:00","Belgium (BE)","23.00","26.20","14.58"," "
"26/12/2024 13:00:00 - 26/12/2024 14:00:00","Belgium (BE)","22.98","24.48","14.13"," "
"26/12/2024 14:00:00 - 26/12/2024 15:00:00","Belgium (BE)","21.60","23.95","11.20"," "
"26/12/2024 15:00:00 - 26/12/2024 16:00:00","Belgium (BE)","18.23","23.53","12.78"," "
"26/12/2024 16:00:00 - 26/12/2024 17:00:00","Belgium (BE)","15.95","23.25","17.03","7.70"
"26/12/2024 17:00:00 - 26/12/2024 18:00:00","Belgium (BE)","14.38","23.73","16.70","11.60"
"26/12/2024 18:00:00 - 26/12/2024 19:00:00","Belgium (BE)","13.03","26.28","14.15","0.80"
"26/12/2024 19:00:00 - 26/12/2024 20:00:00","Belgium (BE)","12.70","29.53","12.05"," "
"26/12/2024 20:00:00 - 26/12/2024 21:00:00","Belgium (BE)","14.13","33.83","10.05"," "
"26/12/2024 21:00:00 - 26/12/2024 22:00:00","Belgium (BE)","16.15","38.88","10.85"," "
"26/12/2024 22:00:00 - 26/12/2024 23:00:00","Belgium (BE)","16.70","44.03","14.85"," "
"26/12/2024 23:00:00 - 27/12/2024 00:00:00","Belgium (BE)","16.43","45.55","18.68"," "
"27/12/2024 00:00:00 - 27/12/2024 01:00:00","Belgium (BE)","39.58","17.25","17.25","13.04"
"27/12/2024 01:00:00 - 27/12/2024 02:00:00","Belgium (BE)","44.35","17.43","17.43","18.10"
"27/12/2024 02:00:00 - 27/12/2024 03:00:00","Belgium (BE)","40.43","15.85","15.85","3.77"
"27/12/2024 03:00:00 - 27/12/2024 04:00:00","Belgium (BE)","38.93","13.78","13.78","1.35"
"27/12/2024 04:00:00 - 27/12/2024 05:00:00","Belgium (BE)","36.53","8.20","8.20"," "
"27/12/2024 05:00:00 - 27/12/2024 06:00:00","Belgium (BE)","34.25","11.13","11.13"," "
"27/12/2024 06:00:00 - 27/12/2024 07:00:00","Belgium (BE)","31.95","11.43","11.43"," "
"27/12/2024 07:00:00 - 27/12/2024 08:00:00","Belgium (BE)","27.10","11.53","11.53"," "
"27/12/2024 08:00:00 - 27/12/2024 09:00:00","Belgium (BE)","26.68","10.65","9.98"," "
"27/12/2024 09:00:00 - 27/12/2024 10:00:00","Belgium (BE)","27.20","10.10","11.43"," "
"27/12/2024 10:00:00 - 27/12/2024 11:00:00","Belgium (BE)","24.60","10.80","11.78"," "
"27/12/2024 11:00:00 - 27/12/2024 12:00:00","Belgium (BE)","19.15","11.18","12.25"," "
"27/12/2024 12:00:00 - 27/12/2024 13:00:00","Belgium (BE)","14.25","16.48","13.35"," "
"27/12/2024 13:00:00 - 27/12/2024 14:00:00","Belgium (BE)","10.45","22.55","12.45"," "
"27/12/2024 14:00:00 - 27/12/2024 15:00:00","Belgium (BE)","9.95","27.08","11.98"," "
"27/12/2024 15:00:00 - 27/12/2024 16:00:00","Belgium (BE)","11.78","29.18","10.35"," "
"27/12/2024 16:00:00 - 27/12/2024 17:00:00","Belgium (BE)","13.95","28.73","9.33"," "
"27/12/2024 17:00:00 - 27/12/2024 18:00:00","Belgium (BE)","17.70","26.13","8.65"," "
"27/12/2024 18:00:00 - 27/12/2024 19:00:00","Belgium (BE)","21.13","23.58","8.15"," "
"27/12/2024 19:00:00 - 27/12/2024 20:00:00","Belgium (BE)","22.95","21.98","8.28"," "
"27/12/2024 20:00:00 - 27/12/2024 21:00:00","Belgium (BE)","25.60","22.10","11.00"," "
"27/12/2024 21:00:00 - 27/12/2024 22:00:00","Belgium (BE)","27.00","24.73","11.00"," "
"27/12/2024 22:00:00 - 27/12/2024 23:00:00","Belgium (BE)","27.25","28.05","11.40"," "
"27/12/2024 23:00:00 - 28/12/2024 00:00:00","Belgium (BE)","26.88","31.50","11.68"," "
"28/12/2024 00:00:00 - 28/12/2024 01:00:00","Belgium (BE)","11.98","9.18","9.18"," "
"28/12/2024 01:00:00 - 28/12/2024 02:00:00","Belgium (BE)","14.80","9.25","9.25"," "
"28/12/2024 02:00:00 - 28/12/2024 03:00:00","Belgium (BE)","15.30","8.55","8.55"," "
"28/12/2024 03:00:00 - 28/12/2024 04:00:00","Belgium (BE)","14.20","9.75","9.75"," "
"28/12/2024 04:00:00 - 28/12/2024 05:00:00","Belgium (BE)","14.30","10.20","10.20"," "
"28/12/2024 05:00:00 - 28/12/2024 06:00:00","Belgium (BE)","15.38","10.50","10.50"," "
"28/12/2024 06:00:00 - 28/12/2024 07:00:00","Belgium (BE)","15.28","9.73","9.73","0.78"
"28/12/2024 07:00:00 - 28/12/2024 08:00:00","Belgium (BE)","14.38","10.10","10.10"," "
"28/12/2024 08:00:00 - 28/12/2024 09:00:00","Belgium (BE)","16.40","15.45","15.45","7.73"
"28/12/2024 09:00:00 - 28/12/2024 10:00:00","Belgium (BE)","19.93","21.85","21.30","17.27"
"28/12/2024 10:00:00 - 28/12/2024 11:00:00","Belgium (BE)","22.58","25.65","22.85","55.12"
"28/12/2024 11:00:00 - 28/12/2024 12:00:00","Belgium (BE)","23.68","26.85","23.10","52.75"
"28/12/2024 12:00:00 - 28/12/2024 13:00:00","Belgium (BE)","23.48","26.45","37.75","44.54"
"28/12/2024 13:00:00 - 28/12/2024 14:00:00","Belgium (BE)","21.40","27.88","37.38","42.74"
"28/12/2024 14:00:00 - 28/12/2024 15:00:00","Belgium (BE)","21.08","33.00","41.90","19.99"
"28/12/2024 15:00:00 - 28/12/2024 16:00:00","Belgium (BE)","18.93","35.85","53.38","24.44"
"28/12/2024 16:00:00 - 28/12/2024 17:00:00","Belgium (BE)","16.28","37.18","54.05","11.03"
"28/12/2024 17:00:00 - 28/12/2024 18:00:00","Belgium (BE)","15.50","37.55","76.25","65.55"
"28/12/2024 18:00:00 - 28/12/2024 19:00:00","Belgium (BE)","13.65","45.53","89.40","107.26"
"28/12/2024 19:00:00 - 28/12/2024 20:00:00","Belgium (BE)","11.83","53.75","115.23","105.94"
"28/12/2024 20:00:00 - 28/12/2024 21:00:00","Belgium (BE)","11.58","58.68","127.53","139.66"
"28/12/2024 21:00:00 - 28/12/2024 22:00:00","Belgium (BE)","11.53","60.58","133.03","226.08"
"28/12/2024 22:00:00 - 28/12/2024 23:00:00","Belgium (BE)","14.48","57.88","109.18","192.04"
"28/12/2024 23:00:00 - 29/12/2024 00:00:00","Belgium (BE)","14.83","53.33","74.95","195.75"
"29/12/2024 00:00:00 - 29/12/2024 01:00:00","Belgium (BE)","50.88","72.23","72.23","254.97"
"29/12/2024 01:00:00 - 29/12/2024 02:00:00","Belgium (BE)","49.40","92.68","92.68","254.75"
"29/12/2024 02:00:00 - 29/12/2024 03:00:00","Belgium (BE)","51.90","163.65","163.65","151.05"
"29/12/2024 03:00:00 - 29/12/2024 04:00:00","Belgium (BE)","45.28","104.20","104.20","95.11"
"29/12/2024 04:00:00 - 29/12/2024 05:00:00","Belgium (BE)","34.45","84.30","84.30","19.98"
"29/12/2024 05:00:00 - 29/12/2024 06:00:00","Belgium (BE)","30.05","56.93","56.93","5.55"
"29/12/2024 06:00:00 - 29/12/2024 07:00:00","Belgium (BE)","39.00","36.85","36.85","25.11"
"29/12/2024 07:00:00 - 29/12/2024 08:00:00","Belgium (BE)","67.65","49.03","48.40","26.92"
"29/12/2024 08:00:00 - 29/12/2024 09:00:00","Belgium (BE)","106.45","56.43","58.53","66.33"
"29/12/2024 09:00:00 - 29/12/2024 10:00:00","Belgium (BE)","150.38","68.53","81.23","76.15"
"29/12/2024 10:00:00 - 29/12/2024 11:00:00","Belgium (BE)","203.13","84.73","103.68","110.92"
"29/12/2024 11:00:00 - 29/12/2024 12:00:00","Belgium (BE)","247.45","117.05","116.60","163.43"
"29/12/2024 12:00:00 - 29/12/2024 13:00:00","Belgium (BE)","294.88","177.75","154.85","159.59"
"29/12/2024 13:00:00 - 29/12/2024 14:00:00","Belgium (BE)","362.38","271.35","236.28","206.92"
"29/12/2024 14:00:00 - 29/12/2024 15:00:00","Belgium (BE)","450.15","369.78","241.88","238.99"
"29/12/2024 15:00:00 - 29/12/2024 16:00:00","Belgium (BE)","560.90","448.53","320.60","270.10"
"29/12/2024 16:00:00 - 29/12/2024 17:00:00","Belgium (BE)","679.68","548.58","417.63","415.91"
"29/12/2024 17:00:00 - 29/12/2024 18:00:00","Belgium (BE)","799.20","659.80","480.83","487.31"
"29/12/2024 18:00:00 - 29/12/2024 19:00:00","Belgium (BE)","909.15","746.90","591.35","632.15"
"29/12/2024 19:00:00 - 29/12/2024 20:00:00","Belgium (BE)","969.58","808.78","695.85","876.88"
"29/12/2024 20:00:00 - 29/12/2024 21:00:00","Belgium (BE)","975.58","842.28","804.15","772.28"
"29/12/2024 21:00:00 - 29/12/2024 22:00:00","Belgium (BE)","941.48","863.40","1034.80","816.10"
"29/12/2024 22:00:00 - 29/12/2024 23:00:00","Belgium (BE)","895.90","893.85","1046.48","646.62"
"29/12/2024 23:00:00 - 30/12/2024 00:00:00","Belgium (BE)","878.58","931.85","1062.48","766.98"
"30/12/2024 00:00:00 - 30/12/2024 01:00:00","Belgium (BE)","988.40","1017.18","1017.18","973.98"
"30/12/2024 01:00:00 - 30/12/2024 02:00:00","Belgium (BE)","1071.10","1088.58","1088.58","1284.76"
"30/12/2024 02:00:00 - 30/12/2024 03:00:00","Belgium (BE)","1148.60","1250.18","1250.18","1472.39"
"30/12/2024 03:00:00 - 30/12/2024 04:00:00","Belgium (BE)","1194.48","1296.03","1296.03","1523.92"
"30/12/2024 04:00:00 - 30/12/2024 05:00:00","Belgium (BE)","1192.53","1471.83","1471.83","1555.59"
"30/12/2024 05:00:00 - 30/12/2024 06:00:00","Belgium (BE)","1157.80","1433.53","1433.53","1425.16"
"30/12/2024 06:00:00 - 30/12/2024 07:00:00","Belgium (BE)","1100.80","1357.85","1357.85","1291.39"
"30/12/2024 07:00:00 - 30/12/2024 08:00:00","Belgium (BE)","1079.23","1455.95","1455.95","1270.68"
"30/12/2024 08:00:00 - 30/12/2024 09:00:00","Belgium (BE)","1124.58","1451.08","1451.08","1299.10"
"30/12/2024 09:00:00 - 30/12/2024 10:00:00","Belgium (BE)","1208.13","1495.25","1436.60","1500.17"
"30/12/2024 10:00:00 - 30/12/2024 11:00:00","Belgium (BE)","1321.03","1568.85","1569.95","1634.35"
"30/12/2024 11:00:00 - 30/12/2024 12:00:00","Belgium (BE)","1428.48","1653.88","1735.00","1736.05"
"30/12/2024 12:00:00 - 30/12/2024 13:00:00","Belgium (BE)","1496.65","1732.45","1706.75","1792.35"
"30/12/2024 13:00:00 - 30/12/2024 14:00:00","Belgium (BE)","1533.50","1763.48","1784.83","1871.61"
"30/12/2024 14:00:00 - 30/12/2024 15:00:00","Belgium (BE)","1564.93","1754.95","1837.93","1912.25"
"30/12/2024 15:00:00 - 30/12/2024 16:00:00","Belgium (BE)","1609.30","1752.05","1854.13","1882.53"
"30/12/2024 16:00:00 - 30/12/2024 17:00:00","Belgium (BE)","1653.93","1772.73","1884.13","1933.37"
"30/12/2024 17:00:00 - 30/12/2024 18:00:00","Belgium (BE)","1699.53","1783.35","1889.90","1858.77"
"30/12/2024 18:00:00 - 30/12/2024 19:00:00","Belgium (BE)","1721.65","1753.15","1857.30","1656.23"
"30/12/2024 19:00:00 - 30/12/2024 20:00:00","Belgium (BE)","1697.18","1699.65","1753.73","1528.98"
"30/12/2024 20:00:00 - 30/12/2024 21:00:00","Belgium (BE)","1646.93","1634.70","1677.10","1553.20"
"30/12/2024 21:00:00 - 30/12/2024 22:00:00","Belgium (BE)","1605.20","1556.48","1631.08","1459.09"
"30/12/2024 22:00:00 - 30/12/2024 23:00:00","Belgium (BE)","1576.88","1474.98","1590.08","1227.53"
"30/12/2024 23:00:00 - 31/12/2024 00:00:00","Belgium (BE)","1557.93","1422.10","1546.53","1374.35"
"31/12/2024 00:00:00 - 31/12/2024 01:00:00","Belgium (BE)","1497.70","1507.35","1507.35","1556.01"
"31/12/2024 01:00:00 - 31/12/2024 02:00:00","Belgium (BE)","1562.28","1616.73","1616.73","1700.89"
"31/12/2024 02:00:00 - 31/12/2024 03:00:00","Belgium (BE)","1651.30","1747.63","1747.63","1713.66"
"31/12/2024 03:00:00 - 31/12/2024 04:00:00","Belgium (BE)","1734.25","1776.00","1776.00","1831.62"
"31/12/2024 04:00:00 - 31/12/2024 05:00:00","Belgium (BE)","1786.80","1856.63","1856.63","1913.03"
"31/12/2024 05:00:00 - 31/12/2024 06:00:00","Belgium (BE)","1813.95","1978.30","1978.30","1837.05"
"31/12/2024 06:00:00 - 31/12/2024 07:00:00","Belgium (BE)","1831.50","1948.78","1948.78","1972.59"
"31/12/2024 07:00:00 - 31/12/2024 08:00:00","Belgium (BE)","1843.68","1957.23","1957.23","1973.03"
"31/12/2024 08:00:00 - 31/12/2024 09:00:00","Belgium (BE)","1868.80","1940.43","1940.43","1979.37"
"31/12/2024 09:00:00 - 31/12/2024 10:00:00","Belgium (BE)","1906.65","1948.93","1993.65","2060.13"
"31/12/2024 10:00:00 - 31/12/2024 11:00:00","Belgium (BE)","1949.25","1966.75","1994.78","2117.31"
"31/12/2024 11:00:00 - 31/12/2024 12:00:00","Belgium (BE)","1991.83","1994.75","2099.75","2121.46"
"31/12/2024 12:00:00 - 31/12/2024 13:00:00","Belgium (BE)","2042.10","2042.30","2105.85","2127.68"
"31/12/2024 13:00:00 - 31/12/2024 14:00:00","Belgium (BE)","2089.03","2086.05","2171.23","2129.88"
"31/12/2024 14:00:00 - 31/12/2024 15:00:00","Belgium (BE)","2118.10","2112.50","2176.70","2126.58"
"31/12/2024 15:00:00 - 31/12/2024 16:00:00","Belgium (BE)","2130.08","2125.33","2178.85","2074.31"
"31/12/2024 16:00:00 - 31/12/2024 17:00:00","Belgium (BE)","2130.70","2130.50","2175.95","2130.75"
"31/12/2024 17:00:00 - 31/12/2024 18:00:00","Belgium (BE)","2127.00","2128.53","2175.73","2130.60"
"31/12/2024 18:00:00 - 31/12/2024 19:00:00","Belgium (BE)","2125.58","2123.33","2174.70","2094.88"
"31/12/2024 19:00:00 - 31/12/2024 20:00:00","Belgium (BE)","2127.65","2120.58","2174.40","2080.64"
"31/12/2024 20:00:00 - 31/12/2024 21:00:00","Belgium (BE)","2131.68","2122.03","2169.85","2067.28"
"31/12/2024 21:00:00 - 31/12/2024 22:00:00","Belgium (BE)","2135.10","2125.73","2171.18","2099.26"
"31/12/2024 22:00:00 - 31/12/2024 23:00:00","Belgium (BE)","2135.73","2126.68","2163.23","2104.63"
"31/12/2024 23:00:00 - 01/01/2025 00:00:00","Belgium (BE)","2134.73","2119.88","2154.33","2095.85"
