candidate_id,candidate_role,configuration_id,horizon_hours,annual_final_product_t,bf_bof_share_scenario,termination_condition,solver_status,solver_name,runtime_seconds,mip_gap,objective_value,calibration_score,regularisation_score,boundary_parameter_count,accepted_for_calibration,rejection_reason,param_residual_auxiliary_electricity_scale,param_downstream_electricity_scale,param_residual_c0_ng_m3_per_t_final,param_steam_process_heat_scale,param_bfg_generation_nm3_per_t_hot_metal,param_cog_generation_m3_per_t_dry_coal,param_bofg_generation_nm3_per_t_liquid_steel,param_wag_lhv_scale,param_wag_to_power_efficiency_fraction,param_wag_residual_utilisation_fraction,param_coal_primary_energy_factor_gj_per_t_dry_coal,param_bf_bof_aggregate_direct_co2_t_per_t_bof,annualised_final_product_t,final_product_t_per_h,horizon_final_product_t,bf_bof_share,drp_eaf_share,gross_electricity_twh_per_year,wag_electricity_twh_per_year,net_grid_import_twh_per_year,natural_gas_m3_per_h,model_natural_gas_m3_per_h,explicit_drp_natural_gas_m3_per_h,steam_boiler_natural_gas_m3_per_h,reheating_natural_gas_m3_per_h,utility_heat_natural_gas_m3_per_h,represented_steam_reheating_ng_m3_per_h,represented_steam_reheating_utility_ng_m3_per_h,residual_ng_m3_per_h,residual_ng_m3_per_t_final,natural_gas_pj_per_year,model_natural_gas_pj_per_year,explicit_drp_natural_gas_pj_per_year,steam_boiler_natural_gas_pj_per_year,reheating_natural_gas_pj_per_year,utility_heat_natural_gas_pj_per_year,residual_ng_pj_per_year,external_coal_origin_energy_pj_per_year,gross_electricity_energy_pj_per_year,net_grid_energy_pj_per_year,total_physical_external_energy_pj_per_year,athanasiadis_primary_proxy_pj_per_year,coal_share_athanasiadis_proxy,electricity_share_athanasiadis_proxy,natural_gas_share_athanasiadis_proxy,direct_site_co2_t_per_year,scope2_t_per_year,direct_plus_scope2_t_per_year,bfg_generated_pj_per_year,cog_generated_pj_per_year,bofg_generated_pj_per_year,total_wag_generated_pj_per_year,wag_process_use_pj_per_year,wag_steam_boiler_use_pj_per_year,wag_reheating_use_pj_per_year,wag_utility_heat_use_pj_per_year,wag_power_fuel_use_pj_per_year,downstream_light_side_utility_heat_demand_pj_per_year,flare_pj_per_year,flare_fraction_of_wag_generated,gj_per_t_final_athanasiadis_proxy,mwh_gross_electricity_per_t,mwh_wag_electricity_per_t,m3_ng_per_t,tco2_direct_per_t,max_cold_slab_inventory_t,slab_yard_capacity_t,hot_metal_capacity_t,terminal_cold_residual_t,terminal_hot_residual_t,terminal_reheated_residual_t,max_wag_balance_residual_gj,max_electricity_balance_residual_mwh,max_carbon_decomposition_residual_t,wag_double_counted_in_primary_proxy,max_material_balance_residual_t,gross_electricity_error_pct,gross_electricity_error_normalised,wag_electricity_error_pct,wag_electricity_error_normalised,natural_gas_flow_error_pct,natural_gas_flow_error_normalised,direct_co2_error_pct,direct_co2_error_normalised,primary_proxy_error_pct,primary_proxy_error_normalised,flare_fraction_error_pct,flare_fraction_error_normalised,base_parameter_set_id,sample_method,case_template_id,case_role,c1_gross_electricity_twh_per_year_target,c1_gross_electricity_twh_per_year_error_pct,c1_wag_electricity_twh_per_year_target,c1_wag_electricity_twh_per_year_error_pct,c1_natural_gas_m3_per_h_target,c1_natural_gas_m3_per_h_error_pct,c1_direct_site_co2_t_per_year_target,c1_direct_site_co2_t_per_year_error_pct,c1_athanasiadis_primary_proxy_pj_per_year_target,c1_athanasiadis_primary_proxy_pj_per_year_error_pct,c1_c0_gross_electricity_twh_per_year_target_ratio,c1_c0_gross_electricity_twh_per_year_actual_ratio,c1_c0_gross_electricity_twh_per_year_ratio_error_pct,c1_c0_wag_electricity_twh_per_year_target_ratio,c1_c0_wag_electricity_twh_per_year_actual_ratio,c1_c0_wag_electricity_twh_per_year_ratio_error_pct,c1_c0_natural_gas_m3_per_h_target_ratio,c1_c0_natural_gas_m3_per_h_actual_ratio,c1_c0_natural_gas_m3_per_h_ratio_error_pct,c1_c0_direct_site_co2_t_per_year_target_ratio,c1_c0_direct_site_co2_t_per_year_actual_ratio,c1_c0_direct_site_co2_t_per_year_ratio_error_pct,c1_c0_athanasiadis_primary_proxy_pj_per_year_target_ratio,c1_c0_athanasiadis_primary_proxy_pj_per_year_actual_ratio,c1_c0_athanasiadis_primary_proxy_pj_per_year_ratio_error_pct,diagnostic_label,c1_targets_used_for_score,calibration_freeze,s4_logic_introduced,approved_inputs_populated,residual_c1_gap_closure_used,inherited_c0_residual_ng_used_for_c1,arbitrary_wag_availability_factor_used,explicit_gas_sink_decomposition_active,broad_utility_ng_lump_used,source_support_status,drp_ng_multiplier,downstream_light_side_utility_heat_pj_per_year,downstream_light_side_minimum_ng_pj_per_year,planned_wag_to_process_or_boiler_pj_per_year,planned_explicit_process_ng_pj_per_year,actual_wag_to_process_or_boiler_pj_per_year,actual_wag_to_power_twh_per_year,natural_gas_shortfall_m3_per_h,wag_electricity_excess_twh_per_year,registered_bounds_pass,registered_bound_violations,range_edge_parameters,weighted_c1_alignment_score,unweighted_mean_abs_pct_error,max_abs_pct_error,all_core_targets_within_5pct,all_core_targets_within_10pct,all_core_targets_within_15pct,physically_feasible_and_balanced,coal_share_athanasiadis_proxy_target,coal_share_athanasiadis_proxy_error_pct,electricity_share_athanasiadis_proxy_target,electricity_share_athanasiadis_proxy_error_pct,natural_gas_share_athanasiadis_proxy_target,natural_gas_share_athanasiadis_proxy_error_pct,hsm_fuel_substitution_ng_pj_per_year,hsm_fuel_substitution_cog_pj_per_year,coking_plant_1_bfg_pj_per_year,coking_plant_1_cog_pj_per_year,pelletizing_firing_ng_pj_per_year,pelletizing_firing_cog_pj_per_year,pelletizing_grinding_ng_pj_per_year,pelletizing_grinding_bofg_pj_per_year,boiler_steam_ng_pj_per_year,boiler_steam_wag_pj_per_year,vattenfall_generator_bfg_equivalent_wag_fraction,vattenfall_generator_high_lhv_injection_limit_mj_per_m3,wag_to_power_efficiency_fraction,s3_3g_rejection_reason
S33G_CAND_006,central_calibrated_set__boiler_steam_heavy_substitution,C1_phase1_hybrid_BF_BOF_NG_DRP_EAF,168.0,6200000.0,0.5033645161290323,optimal,ok,appsi_highs,2.941366,not_reported_by_solver,64015687.68102493,53.64137561,0.2126787,1,false,outside_calibration_tolerance,3.85,1.0,0.0,1.0,1600.0,365.0,75.0,1.0,0.3715,0.95,44.0,2.15568,6199999.9999999935,707.7625570776248,118904.10958904096,0.5033645161290331,0.4966354838709669,5.295274444177188,1.2414257317763473,4.053848712400841,138154.4907247953,138154.4907247953,97500.00000000026,0.0,0.0,40654.49072479504,0.0,40654.49072479504,0.0,0.0,42.563906523809614,42.563906523809614,30.038697000000084,0.0,0.0,12.525209523809524,0.0,40.93719446080002,19.062987999037876,14.593855364643028,98.09495634925266,102.56408898364751,0.3991376988423981,0.18586415760078773,0.41499814355681414,9620239.738953874,810769.7424801681,10431009.481434042,13.38224768000001,6.350382290731603,2.2423379100000016,21.974967880731615,6.979840840320003,0.3558137069714288,0.0,1.9761904761904767,12.029966714387214,14.5014,0.6331561428624888,0.02881260834140564,16.542594997362517,0.854076523254386,0.20022995673812075,195.198925604711,1.5516515707990135,1630.13544,25000.0,500.0,0.0,0.0,0.0,9.094947017729282e-13,2.5358838485879515e-13,3.126388037344441e-13,False,4.547473508864641e-13,0.6704335786047914,13.408671572095827,-0.5469249154100922,5.469249154100922,3.155818444760554,31.55818444760554,-0.28020320630909473,2.802032063090947,-0.0006315084381932702,0.006315084381932702,0.44063041707028194,0.29375361138018796,S33_CAND_001_CALIBRATION_ANCHOR,deterministic_s3_3g_named_gas_sink_cases,S33G_CASE_007_BOILER_STEAM_HEAVY,boiler_steam_heavy_substitution,4.89,0.08287820944318788,1.23,0.00928921282629863,151673.52,-0.08913242914916655,9107793.17,0.05626462518294908,102.1941,0.00362045346695653,1.5426,1.6704335786047912,0.08286890872863431,0.4489,0.45307508458990775,0.009300700801754798,4.5625,4.155818444760555,-0.08913568334015241,0.6815,0.7197967936909053,0.056194855012333574,0.9958,0.9993684915618067,0.00358354244005495,S3.3g C1 gas-sink decomposition diagnostic,true,false,false,false,false,false,false,true,false,diagnostic_only_boiler_steam_split,1.0,14.5014,12.5014,2.0,12.5014,1.9761904761904767,1.2414257317763473,13519.029275204695,0.011425731776347314,true,,boiler_steam_ng=upper;boiler_steam_wag=upper;vattenfall_generator_bfg_equivalent_wag=upper;c1_route_share=capacity_implied_lower,0.048399291842715214,0.048236986013711736,0.08913242914916655,false,true,true,true,0.401,-0.004644142537660704,0.172,0.08060556744644036,0.427,-0.028107392138608557,8.618,0.0,0.0,0.0,1.8834,0.0,0.0,0.0,2.0,2.0,1.0,5.0,0.3715,
S33G_CAND_024,lower_energy_wag_envelope__boiler_steam_heavy_substitution,C1_phase1_hybrid_BF_BOF_NG_DRP_EAF,168.0,6200000.0,0.5033645161290323,optimal,ok,appsi_highs,2.138403,not_reported_by_solver,64131802.47849824,54.3583651,0.24539929,2,false,outside_calibration_tolerance,3.85,1.0,0.0,1.0,1500.0,345.0,75.0,0.99,0.3715,1.0,44.0,2.15568,6199999.999999992,707.7625570776245,118904.10958904092,0.5033645161290331,0.49663548387096695,5.295274444177186,1.1630901476539,4.1321842965232864,138154.4907247953,138154.4907247953,97500.00000000025,0.0,0.0,40654.49072479504,0.0,40654.49072479504,0.0,0.0,42.563906523809614,42.56390652380961,30.038697000000077,0.0,0.0,12.525209523809524,0.0,40.93719446080001,19.06298799903787,14.875863467483832,98.37696445209345,102.56408898364748,0.3991376988423981,0.1858641576007877,0.41499814355681425,9620239.73895387,826436.8593046573,10446676.598258527,12.420398628000004,5.942391976436652,2.2199145309,20.582705135336656,6.9798408403200005,0.35581370697142867,0.0,1.9761904761904767,11.270860111854748,14.5014,0.0,0.0,16.54259499736252,0.8540765232543861,0.18759518510546797,195.19892560471106,1.5516515707990135,1630.13544,25000.0,500.0,0.0,0.0,0.0,9.094947017729282e-13,3.410605131648481e-13,2.184918912462308e-13,False,1.7053025658242404e-13,0.6704335786047905,13.408671572095809,-0.5755145446518614,5.755145446518613,3.155818444760554,31.55818444760554,-0.280203206309095,2.80203206309095,-0.0006315084381935471,0.0063150843819354706,-1.0,0.6666666666666666,S33_CAND_002_LOW_WAG_ENVELOPE,deterministic_s3_3g_named_gas_sink_cases,S33G_CASE_007_BOILER_STEAM_HEAVY,boiler_steam_heavy_substitution,4.89,0.08287820944318734,1.23,-0.05439825393991873,151673.52,-0.08913242914916655,9107793.17,0.05626462518294867,102.1941,0.0036204534669562515,1.5426,1.6704335786047906,0.08286890872863387,0.4489,0.42448545534813864,-0.054387490870709244,4.5625,4.155818444760555,-0.08913568334015241,0.6815,0.719796793690905,0.05619485501233308,0.9958,0.9993684915618064,0.0035835424400546155,S3.3g C1 gas-sink decomposition diagnostic,true,false,false,false,false,false,false,true,false,diagnostic_only_boiler_steam_split,1.0,14.5014,12.5014,2.0,12.5014,1.9761904761904767,1.1630901476539,13519.029275204695,-0.06690985234610003,true,,boiler_steam_ng=upper;boiler_steam_wag=upper;vattenfall_generator_bfg_equivalent_wag=upper;c1_route_share=capacity_implied_lower,0.05967655212112003,0.057258794236435505,0.08913242914916655,false,true,true,true,0.401,-0.004644142537660704,0.172,0.0806055674464402,0.427,-0.0281073921386083,8.618,0.0,0.0,0.0,1.8834,0.0,0.0,0.0,2.0,2.0,1.0,5.0,0.3715,
S33G_CAND_022,lower_energy_wag_envelope__hsm_heavy_substitution,C1_phase1_hybrid_BF_BOF_NG_DRP_EAF,168.0,6200000.0,0.5033645161290323,optimal,ok,appsi_highs,2.698414,not_reported_by_solver,63650318.54814452,52.87315166,0.24539929,2,false,outside_calibration_tolerance,3.85,1.0,0.0,1.0,1500.0,345.0,75.0,0.99,0.3715,1.0,44.0,2.15568,6199999.999999993,707.7625570776247,118904.10958904095,0.5033645161290331,0.496635483870967,5.295274444177188,1.2650560868073393,4.030218357369849,133837.86825992228,133837.86825992228,97500.00000000028,0.0,0.0,36337.868259922005,0.0,36337.868259922005,0.0,0.0,41.23400176190485,41.23400176190485,30.038697000000084,0.0,0.0,11.195304761904763,0.0,40.93719446080001,19.062987999037876,14.508786086531455,96.67998230923631,101.23418422174274,0.40438113642652,0.1883058390363716,0.4073130245371084,9545632.081811016,806043.6714739698,10351675.753284987,12.420398628000006,5.942391976436653,2.2199145309000006,20.58270513533666,6.979840840320002,0.3558137069714287,0.0,0.9880952380952384,12.25895534994999,12.1834,0.0,0.0,16.328094229313365,0.8540765232543861,0.2040413043237646,189.0999557995033,1.539618077711456,1630.13544,25000.0,500.0,0.0,0.0,0.0,9.094947017729282e-13,2.824407374646398e-13,2.5579538487363607e-13,False,4.547473508864641e-13,0.6704335786047914,13.408671572095827,-0.5383006982454966,5.383006982454966,3.0259703365704134,30.259703365704134,-0.28578543230901127,2.8578543230901126,-0.013589893083305623,0.13589893083305624,-1.0,0.6666666666666666,S33_CAND_002_LOW_WAG_ENVELOPE,deterministic_s3_3g_named_gas_sink_cases,S33G_CASE_005_HSM_HEAVY,hsm_heavy_substitution,4.89,0.08287820944318788,1.23,0.02850088358320268,151673.52,-0.11759239015536602,9107793.17,0.04807299678842142,102.1941,-0.009393064553210692,1.5426,1.6704335786047912,0.08286890872863431,0.4489,0.46169930175450336,0.028512590230571025,4.5625,4.025970336570413,-0.11759554266949844,0.6815,0.7142145676909887,0.048003767705045754,0.9958,0.9864101069166944,-0.009429496970582067,S3.3g C1 gas-sink decomposition diagnostic,true,false,false,false,false,false,false,true,false,hsm_ng_upper_supported_no_unsupported_cog_split,1.0,12.1834,11.1834,1.0,11.1834,0.9880952380952384,1.2650560868073393,17835.65174007771,0.03505608680733929,true,,hsm_fuel_substitution_ng=upper;boiler_steam_ng=lower;vattenfall_generator_bfg_equivalent_wag=upper;c1_route_share=capacity_implied_lower,0.05991403023211217,0.05728750890467774,0.11759239015536602,false,false,true,true,0.401,0.00843176166214462,0.172,0.09480138974634661,0.427,-0.046105328952907754,9.3,0.0,0.0,0.0,1.8834,0.0,0.0,0.0,0.0,1.0,1.0,5.0,0.3715,
S33G_CAND_023,lower_energy_wag_envelope__pelletizing_heavy_substitution,C1_phase1_hybrid_BF_BOF_NG_DRP_EAF,168.0,6200000.0,0.5033645161290323,optimal,ok,appsi_highs,2.726439,not_reported_by_solver,63574478.407827675,52.61761152,0.24539929,2,false,outside_calibration_tolerance,3.85,1.0,0.0,1.0,1500.0,345.0,75.0,0.99,0.3715,1.0,44.0,2.15568,6199999.999999993,707.7625570776247,118904.10958904095,0.5033645161290325,0.4966354838709675,5.29527444417719,1.2650560868073384,4.030218357369852,132846.8565659065,132846.8565659065,97500.00000000036,0.0,0.0,35346.85656590612,0.0,35346.85656590612,0.0,0.0,40.92868176190488,40.92868176190488,30.038697000000116,0.0,0.0,10.889984761904763,0.0,40.93719446079997,19.062987999037883,14.508786086531465,96.37466230923631,100.92886422174273,0.4056044301743071,0.18887548320326006,0.40552008662243283,9528503.629811011,806043.6714739704,10334547.301284982,12.420398627999996,5.942391976436648,2.2199145308999984,20.582705135336642,6.979840840319996,0.3558137069714284,0.0,0.9880952380952363,12.25895534994998,11.87808,0.0,0.0,16.278849068023042,0.8540765232543864,0.20404130432376447,187.6997521802165,1.536855424163068,1630.13544,25000.0,500.0,0.0,0.0,0.0,1.1368683772161603e-12,2.2737367544323206e-13,4.263256414560601e-13,False,3.979039320256561e-13,0.6704335786047919,13.408671572095837,-0.538300698245497,5.38300698245497,2.9961597625140963,29.96159762514096,-0.2870670017048934,2.870670017048934,-0.016564883558698118,0.16564883558698118,-1.0,0.6666666666666666,S33_CAND_002_LOW_WAG_ENVELOPE,deterministic_s3_3g_named_gas_sink_cases,S33G_CASE_006_PELLETIZING_HEAVY,pelletizing_heavy_substitution,4.89,0.08287820944318824,1.23,0.028500883583201957,151673.52,-0.12412623794907311,9107793.17,0.04619235987887627,102.1941,-0.01238071256811575,1.5426,1.670433578604792,0.08286890872863474,0.4489,0.461699301754503,0.028512590230570282,4.5625,3.9961597625140968,-0.12412936712019797,0.6815,0.7129329982951066,0.04612325501849831,0.9958,0.9834351164413019,-0.01241703510614394,S3.3g C1 gas-sink decomposition diagnostic,true,false,false,false,false,false,false,true,false,pellet_firing_upper_no_unsupported_grinding_split,1.0,11.87808,10.87808,1.0,10.87808,0.9880952380952363,1.2650560868073384,18826.663434093498,0.035056086807338405,true,,pelletizing_firing_ng=upper;boiler_steam_ng=lower;vattenfall_generator_bfg_equivalent_wag=upper;c1_route_share=capacity_implied_lower,0.06173199403143215,0.05881568068449107,0.12412623794907311,false,false,true,true,0.401,0.011482369511987684,0.172,0.09811327443755857,0.427,-0.05030424678587157,8.618,0.0,0.0,0.0,2.26008,0.0,0.0,0.0,0.0,1.0,1.0,5.0,0.3715,
S33G_CAND_042,higher_energy_wag_envelope__boiler_steam_heavy_substitution,C1_phase1_hybrid_BF_BOF_NG_DRP_EAF,168.0,6200000.0,0.5033645161290323,optimal,ok,appsi_highs,2.172451,not_reported_by_solver,63913904.07696354,53.18222833,0.224039,1,false,outside_calibration_tolerance,3.85,1.0,0.0,1.0,1630.0,375.0,75.0,1.0,0.3715,0.97,44.0,2.15568,6199999.999999992,707.7625570776246,118904.10958904093,0.5033645161290332,0.49663548387096684,5.295274444177186,1.310092932268751,3.985181511908435,138154.49072479527,138154.49072479527,97500.00000000023,0.0,0.0,40654.49072479504,0.0,40654.49072479504,0.0,0.0,42.5639065238096,42.5639065238096,30.038697000000074,0.0,0.0,12.525209523809524,0.0,40.937194460800015,19.06298799903787,14.346653442870368,97.84775442747998,102.56408898364748,0.39913769884239814,0.1858641576007877,0.41499814355681414,9620239.738953872,797036.3023816872,10417276.04133556,13.633164824000007,6.524365367190002,2.242337910000001,22.39986810119001,6.979840840320002,0.3558137069714287,0.0,1.9761904761904767,12.69538238537686,14.5014,0.3926406923312412,0.01752870555118947,16.542594997362517,0.854076523254386,0.2113053116562504,195.198925604711,1.5516515707990137,1630.13544,25000.0,500.0,0.0,0.0,0.0,5.115907697472721e-13,2.4218454402418703e-13,4.192202140984591e-13,False,4.547473508864641e-13,0.6704335786047905,13.408671572095809,-0.5218638933325727,5.218638933325726,3.1558184447605533,31.55818444760553,-0.28020320630909484,2.802032063090948,-0.0006315084381935471,0.0063150843819354706,-0.12356472244052646,0.08237648162701765,S33_CAND_003_HIGH_WAG_ENVELOPE,deterministic_s3_3g_named_gas_sink_cases,S33G_CASE_007_BOILER_STEAM_HEAVY,boiler_steam_heavy_substitution,4.89,0.08287820944318734,1.23,0.06511620509654546,151673.52,-0.08913242914916675,9107793.17,0.05626462518294887,102.1941,0.0036204534669562515,1.5426,1.6704335786047906,0.08286890872863387,0.4489,0.4781361066674273,0.06512832850841449,4.5625,4.155818444760554,-0.08913568334015261,0.6815,0.7197967936909051,0.05619485501233325,0.9958,0.9993684915618064,0.0035835424400546155,S3.3g C1 gas-sink decomposition diagnostic,true,false,false,false,false,false,false,true,false,diagnostic_only_boiler_steam_split,1.0,14.5014,12.5014,2.0,12.5014,1.9761904761904767,1.310092932268751,13519.029275204724,0.08009293226875092,true,,boiler_steam_ng=upper;boiler_steam_wag=upper;vattenfall_generator_bfg_equivalent_wag=upper;c1_route_share=capacity_implied_lower,0.06235603991027679,0.05940238446776094,0.08913242914916675,false,true,true,true,0.401,-0.004644142537660565,0.172,0.0806055674464402,0.427,-0.028107392138608557,8.618,0.0,0.0,0.0,1.8834,0.0,0.0,0.0,2.0,2.0,1.0,5.0,0.3715,
S33G_CAND_039,higher_energy_wag_envelope__high_process_ng_low_wag_to_power,C1_phase1_hybrid_BF_BOF_NG_DRP_EAF,168.0,6200000.0,0.5033645161290323,optimal,ok,appsi_highs,2.417375,not_reported_by_solver,64440850.727488026,54.97235443,0.26570566,2,false,outside_calibration_tolerance,3.85,1.0,0.0,1.0,1630.0,375.0,75.0,1.0,0.321,0.97,44.0,2.15568,6199999.999999991,707.7625570776245,118904.1095890409,0.5033645161290327,0.4966354838709674,5.295274444177187,1.1320049293627683,4.163269514814419,141590.76827038932,141590.76827038932,97500.0000000003,0.0,0.0,44090.76827038898,0.0,44090.76827038898,0.0,0.0,43.62258652380962,43.62258652380962,30.0386970000001,0.0,0.0,13.583889523809527,0.0,40.937194460799965,19.062987999037873,14.987770253331911,99.5475512379415,103.62276898364746,0.39505983928358634,0.18396524418341081,0.42097491653300284,9679631.686953865,832653.9029628838,10512285.58991675,13.633164823999989,6.524365367189994,2.2423379099999985,22.39986810118998,6.979840840319995,0.3558137069714283,0.0,1.9761904761904767,12.69538238537684,15.560080000000005,0.39264069233124016,0.017528705551189443,16.713349836072197,0.8540765232543863,0.18258144021980163,200.05405323364715,1.5612309172506258,1630.13544,25000.0,500.0,0.0,0.0,0.0,1.1368683772161603e-12,2.6290081223123707e-13,3.836930773104541e-13,False,6.821210263296962e-13,0.6704335786047908,13.408671572095816,-0.5868595148311065,5.868595148311065,3.259184940705613,32.591849407056124,-0.2757594362054923,2.757594362054923,0.00968410441549563,0.0968410441549563,-0.12356472244052785,0.08237648162701856,S33_CAND_003_HIGH_WAG_ENVELOPE,deterministic_s3_3g_named_gas_sink_cases,S33G_CASE_004_HIGH_PROCESS_NG_LOW_WAG_POWER,high_process_ng_low_wag_to_power,4.89,0.08287820944318752,1.23,-0.0796707891359607,151673.52,-0.06647667786447277,9107793.17,0.06278562833831514,102.1941,0.013979955629996791,1.5426,1.6704335786047908,0.08286890872863402,0.4489,0.4131404851688935,-0.07966031372489754,4.5625,4.259184940705613,-0.06648001299602997,0.6815,0.7242405637945076,0.06271542743141252,0.9958,1.0096841044154956,0.013942663602626621,S3.3g C1 gas-sink decomposition diagnostic,true,false,false,false,false,false,false,true,false,bounded_high_ng_low_power_efficiency_diagnostic,1.0,15.560080000000001,13.560080000000001,2.0,13.560080000000001,1.9761904761904767,1.1320049293627683,10082.751729610667,-0.09799507063723167,true,,hsm_fuel_substitution_ng=upper;pelletizing_firing_ng=upper;boiler_steam_ng=upper;boiler_steam_wag=upper;vattenfall_generator_bfg_equivalent_wag=upper;c1_route_share=capacity_implied_lower;wag_to_power_efficiency=lower_public,0.06314416565202495,0.06115825208238659,0.08287820944318752,false,true,true,true,0.401,-0.014813368370108923,0.172,0.06956537315936528,0.427,-0.014110265730672483,9.3,0.0,0.0,0.0,2.26008,0.0,0.0,0.0,2.0,2.0,1.0,5.0,0.321,
S33G_CAND_019,lower_energy_wag_envelope__explicit_gas_sink_decomposition_central,C1_phase1_hybrid_BF_BOF_NG_DRP_EAF,168.0,6200000.0,0.5033645161290323,optimal,ok,appsi_highs,3.046309,not_reported_by_solver,63480912.75849402,52.30234603,0.24539929,2,false,outside_calibration_tolerance,3.85,1.0,0.0,1.0,1500.0,345.0,75.0,0.99,0.3715,1.0,44.0,2.15568,6199999.999999993,707.7625570776247,118904.10958904095,0.5033645161290325,0.4966354838709675,5.29527444417719,1.2650560868073384,4.030218357369852,131624.22364011747,131624.22364011747,97500.00000000036,0.0,0.0,34124.22364011709,0.0,34124.22364011709,0.0,0.0,40.55200176190488,40.55200176190488,30.038697000000116,0.0,0.0,10.513304761904763,0.0,40.93719446079997,19.062987999037883,14.508786086531465,95.99798230923632,100.55218422174273,0.40712387083032636,0.1895830323983736,0.4032930967713,9507371.881811012,806043.6714739704,10313415.553284982,12.420398627999996,5.942391976436648,2.2199145308999984,20.582705135336642,6.979840840319996,0.3558137069714284,0.0,0.9880952380952363,12.25895534994998,11.5014,0.0,0.0,16.218094229313365,0.8540765232543864,0.20404130432376447,185.972290175392,1.5334470777114553,1630.13544,25000.0,500.0,0.0,0.0,0.0,1.1368683772161603e-12,2.2737367544323206e-13,4.263256414560601e-13,False,3.979039320256561e-13,0.6704335786047919,13.408671572095837,-0.538300698245497,5.38300698245497,2.9593818015697284,29.593818015697284,-0.288648102058754,2.88648102058754,-0.02023519474784653,0.20235194747846527,-1.0,0.6666666666666666,S33_CAND_002_LOW_WAG_ENVELOPE,deterministic_s3_3g_named_gas_sink_cases,S33G_CASE_002_CENTRAL_DECOMPOSITION,explicit_gas_sink_decomposition_central,4.89,0.08287820944318824,1.23,0.028500883583201957,151673.52,-0.13218718969456578,9107793.17,0.043872176755965095,102.1941,-0.01606663964218356,1.5426,1.670433578604792,0.08286890872863474,0.4489,0.461699301754503,0.028512590230570282,4.5625,3.959381801569729,-0.13219029006690874,0.6815,0.711351897941246,0.04380322515223182,0.9958,0.9797648052521535,-0.016102826619649062,S3.3g C1 gas-sink decomposition diagnostic,true,false,false,false,false,false,false,true,false,mixed_source_supported_and_diagnostic_only,1.0,11.5014,10.5014,1.0,10.5014,0.9880952380952363,1.2650560868073384,20049.296359882515,0.035056086807338405,true,,boiler_steam_ng=lower;vattenfall_generator_bfg_equivalent_wag=upper;c1_route_share=capacity_implied_lower,0.06397485595966475,0.06070101982382092,0.13218718969456578,false,false,true,true,0.401,0.01527149832999087,0.172,0.10222693254868379,0.427,-0.05551967969250587,8.618,0.0,0.0,0.0,1.8834,0.0,0.0,0.0,0.0,1.0,1.0,5.0,0.3715,
S33G_CAND_048,higher_energy_wag_envelope__high_process_ng_low_wag_to_power,C1_phase1_hybrid_BF_BOF_NG_DRP_EAF,168.0,6200000.0,0.55,optimal,ok,appsi_highs,2.454959,not_reported_by_solver,63731591.202665836,50.21214523,0.26570566,2,false,outside_calibration_tolerance,3.85,1.0,0.0,1.0,1630.0,375.0,75.0,1.0,0.321,0.97,44.0,2.15568,6199999.999999993,707.7625570776247,118904.10958904095,0.5499999999999997,0.45000000000000034,5.094022392763683,1.2527180894951384,3.841304303268544,132435.24107773174,132435.24107773174,88344.47280734275,0.0,0.0,44090.76827038898,0.0,44090.76827038898,0.0,0.0,40.80186747544551,40.80186747544551,27.217977951635984,0.0,0.0,13.583889523809527,0.0,44.729924799999914,18.338480613949255,13.828695491766759,99.36048776721218,103.87027288939468,0.4306325915561055,0.17655177081778556,0.39281563762610894,10097277.775992699,768260.8606537089,10865538.636646407,14.896243999999973,7.128831764999987,2.4500849999999956,24.475160764999956,7.626505919999985,0.38877897142857076,0.0,1.9761904761904767,14.049174835459494,15.560080000000005,0.43451056192142523,0.017753123915851262,16.75326982087013,0.8216165149618853,0.20205130475728064,187.1181793291825,1.6285931896762436,1630.13544,25000.0,500.0,0.0,0.0,0.0,8.242295734817162e-13,2.7081152135603283e-13,3.623767952376511e-13,False,4.547473508864641e-13,0.6069471270547896,12.13894254109579,-0.5428036169725773,5.428036169725773,2.9837779772465205,29.837779772465204,-0.24451070187609306,2.4451070187609303,0.012095743883006467,0.12095743883006467,-0.11234380420743692,0.07489586947162462,S33_CAND_003_HIGH_WAG_ENVELOPE,deterministic_s3_3g_named_gas_sink_cases,S33G_CASE_004_HIGH_PROCESS_NG_LOW_WAG_POWER,high_process_ng_low_wag_to_power,4.89,0.04172237070831965,1.23,0.018469991459462137,151673.52,-0.12684006359362035,9107793.17,0.10864153231453971,102.1941,0.016401855776357714,1.5426,1.6069471270547895,0.0417134234764615,0.4489,0.4571963830274227,0.01848158393277499,4.5625,3.9837779772465205,-0.1268431830692558,0.6815,0.755489298123907,0.1085683024562098,0.9958,1.0120957438830065,0.016364474676648397,S3.3g C1 gas-sink decomposition diagnostic,true,false,false,false,false,false,false,true,false,bounded_high_ng_low_power_efficiency_diagnostic,1.0,15.560080000000001,13.560080000000001,2.0,13.560080000000001,1.9761904761904767,1.2527180894951384,19238.278922268248,0.022718089495138427,true,,hsm_fuel_substitution_ng=upper;pelletizing_firing_ng=upper;boiler_steam_ng=upper;boiler_steam_wag=upper;vattenfall_generator_bfg_equivalent_wag=upper;wag_to_power_efficiency=lower_public,0.06412180689647347,0.06241516277045991,0.12684006359362035,false,false,true,true,0.401,0.07389673704764459,0.172,0.026463783824334723,0.427,-0.08005705473979169,9.3,0.0,0.0,0.0,2.26008,0.0,0.0,0.0,2.0,2.0,1.0,5.0,0.321,
S33G_CAND_002,central_calibrated_set__low_process_ng_high_wag_to_process,C1_phase1_hybrid_BF_BOF_NG_DRP_EAF,168.0,6200000.0,0.5033645161290323,optimal,ok,appsi_highs,2.772413,not_reported_by_solver,63255925.07004516,51.08138766,0.2126787,1,false,outside_calibration_tolerance,3.85,1.0,0.0,1.0,1600.0,365.0,75.0,1.0,0.3715,0.95,44.0,2.15568,6199999.9999999935,707.7625570776248,118904.10958904096,0.5033645161290331,0.4966354838709669,5.295274444177188,1.2414257317763473,4.053848712400841,128226.58672816056,128226.58672816056,97500.00000000026,0.0,0.0,30726.5867281603,0.0,30726.5867281603,0.0,0.0,39.505226523809604,39.505226523809604,30.038697000000084,0.0,0.0,9.466529523809525,0.0,40.93719446080002,19.062987999037876,14.593855364643028,95.03627634925266,99.50540898364751,0.4114067253120637,0.19157740462300543,0.3970158700649309,9448647.790953875,810769.7424801681,10259417.53343404,13.38224768000001,6.350382290731603,2.2423379100000016,21.974967880731615,6.979840840320003,0.3558137069714288,0.0,1.9761904761904767,12.029966714387214,11.442720000000001,0.6331561428624888,0.02881260834140564,16.04925951349155,0.854076523254386,0.20022995673812075,181.17175802236898,1.5239754501538523,1630.13544,25000.0,500.0,0.0,0.0,0.0,9.094947017729282e-13,2.5358838485879515e-13,3.126388037344441e-13,False,4.547473508864641e-13,0.6704335786047914,13.408671572095827,-0.5469249154100922,5.469249154100922,2.8571776526257984,28.57177652625798,-0.29304190236502137,2.9304190236502135,-0.03043480945769163,0.3043480945769163,0.44063041707028194,0.29375361138018796,S33_CAND_001_CALIBRATION_ANCHOR,deterministic_s3_3g_named_gas_sink_cases,S33G_CASE_003_LOW_PROCESS_NG_HIGH_WAG_PROCESS,low_process_ng_high_wag_to_process,4.89,0.08287820944318788,1.23,0.00928921282629863,151673.52,-0.15458817908254144,9107793.17,0.037424501697799824,102.1941,-0.026309650130022115,1.5426,1.6704335786047912,0.08286890872863431,0.4489,0.45307508458990775,0.009300700801754798,4.5625,3.8571776526257984,-0.15459119942448254,0.6815,0.7069580976349786,0.03735597598676249,0.9958,0.9695651905423084,-0.02634546039133524,S3.3g C1 gas-sink decomposition diagnostic,true,false,false,false,false,false,false,true,false,bounded_low_ng_high_wag_process_diagnostic,1.0,11.44272,9.44272,2.0,9.44272,1.9761904761904767,1.2414257317763473,23446.93327183943,0.011425731776347314,true,,hsm_fuel_substitution_ng=lower;pelletizing_firing_ng=lower;boiler_steam_ng=lower;boiler_steam_wag=upper;vattenfall_generator_bfg_equivalent_wag=upper;c1_route_share=capacity_implied_lower,0.06540474152237832,0.06209795063596998,0.15458817908254144,false,false,false,true,0.401,0.02595193344654279,0.172,0.11382211990119447,0.427,-0.0702204448128082,7.936,0.0,0.0,0.0,1.50672,0.0,0.0,0.0,0.0,2.0,1.0,5.0,0.3715,
S33G_CAND_012,central_calibrated_set__high_process_ng_low_wag_to_power,C1_phase1_hybrid_BF_BOF_NG_DRP_EAF,168.0,6200000.0,0.55,optimal,ok,appsi_highs,2.951121,not_reported_by_solver,63828170.91757418,50.67866893,0.25434537,2,false,outside_calibration_tolerance,3.85,1.0,0.0,1.0,1600.0,365.0,75.0,1.0,0.321,0.95,44.0,2.15568,6199999.999999993,707.7625570776247,118904.10958904095,0.5499999999999996,0.4500000000000004,5.094022392763683,1.1875616361717585,3.906460756591924,132435.24107773177,132435.24107773177,88344.47280734277,0.0,0.0,44090.76827038898,0.0,44090.76827038898,0.0,0.0,40.80186747544552,40.80186747544552,27.21797795163599,0.0,0.0,13.583889523809527,0.0,44.72992479999991,18.338480613949258,14.063258723730929,99.59505099917635,103.87027288939468,0.43063259155610545,0.17655177081778559,0.392815637626109,10097277.775992699,781292.1513183849,10878569.927311083,14.622079999999974,6.938729584599985,2.450084999999995,24.010894584599956,7.6265059199999845,0.38877897142857065,0.0,1.9761904761904767,13.318448256131873,15.560080000000005,0.7009709608490493,0.029193871072951866,16.75326982087013,0.8216165149618854,0.1915421993825419,187.11817932918254,1.6285931896762436,1630.13544,25000.0,500.0,0.0,0.0,0.0,9.094947017729282e-13,2.838810668019202e-13,3.055333763768431e-13,False,4.547473508864641e-13,0.6069471270547896,12.13894254109579,-0.566583344462862,5.665833444628619,2.9837779772465214,29.83777977246521,-0.24451070187609306,2.4451070187609303,0.012095743883006467,0.12095743883006467,0.4596935536475933,0.3064623690983955,S33_CAND_001_CALIBRATION_ANCHOR,deterministic_s3_3g_named_gas_sink_cases,S33G_CASE_004_HIGH_PROCESS_NG_LOW_WAG_POWER,high_process_ng_low_wag_to_power,4.89,0.04172237070831965,1.23,-0.034502734819708544,151673.52,-0.12684006359362016,9107793.17,0.10864153231453971,102.1941,0.016401855776357714,1.5426,1.6069471270547895,0.0417134234764615,0.4489,0.4334166555371381,-0.03449174529485838,4.5625,3.9837779772465214,-0.1268431830692556,0.6815,0.755489298123907,0.1085683024562098,0.9958,1.0120957438830065,0.016364474676648397,S3.3g C1 gas-sink decomposition diagnostic,true,false,false,false,false,false,false,true,false,bounded_high_ng_low_power_efficiency_diagnostic,1.0,15.560080000000001,13.560080000000001,2.0,13.560080000000001,1.9761904761904767,1.1875616361717585,19238.27892226822,-0.04243836382824151,true,,hsm_fuel_substitution_ng=upper;pelletizing_firing_ng=upper;boiler_steam_ng=upper;boiler_steam_wag=upper;vattenfall_generator_bfg_equivalent_wag=upper;wag_to_power_efficiency=lower_public,0.06812999273653501,0.06562171144250915,0.12684006359362016,false,false,true,true,0.401,0.07389673704764445,0.172,0.026463783824334886,0.427,-0.08005705473979156,9.3,0.0,0.0,0.0,2.26008,0.0,0.0,0.0,2.0,2.0,1.0,5.0,0.321,
S33G_CAND_033,lower_energy_wag_envelope__boiler_steam_heavy_substitution,C1_phase1_hybrid_BF_BOF_NG_DRP_EAF,168.0,6200000.0,0.55,optimal,ok,appsi_highs,1.904769,not_reported_by_solver,63413741.11157235,49.57133456,0.24539929,2,false,outside_calibration_tolerance,3.85,1.0,0.0,1.0,1500.0,345.0,75.0,0.99,0.3715,1.0,44.0,2.15568,6199999.999999992,707.7625570776246,118904.10958904093,0.5499999999999996,0.4500000000000005,5.094022392763683,1.2897413747471653,3.8042810180165176,128998.96353213782,128998.96353213782,88344.47280734277,0.0,0.0,40654.49072479504,0.0,40654.49072479504,0.0,0.0,39.74318747544552,39.74318747544552,27.21797795163599,0.0,0.0,12.525209523809524,0.0,44.7299247999999,18.338480613949258,13.695411664859462,98.1685239403049,102.81159288939467,0.43506693693697185,0.17836977424985434,0.38656328881317376,10037885.827992698,760856.2036033035,10798742.031596001,13.571117999999974,6.492939971561985,2.425584149999995,22.489642121561953,7.6265059199999845,0.38877897142857065,0.0,1.9761904761904767,12.498166753942922,14.5014,0.0,0.0,16.582514982160454,0.8216165149618855,0.20802280237857532,182.2630517002466,1.6190138432246308,1630.13544,25000.0,500.0,0.0,0.0,0.0,1.3642420526593924e-12,2.7355895326763857e-13,2.984279490192421e-13,False,3.410605131648481e-13,0.6069471270547896,12.13894254109579,-0.5292914690703776,5.292914690703776,2.8804114813014654,28.804114813014653,-0.24895447197969614,2.489544719796961,0.0017801310293170138,0.017801310293170138,-1.0,0.6666666666666666,S33_CAND_002_LOW_WAG_ENVELOPE,deterministic_s3_3g_named_gas_sink_cases,S33G_CASE_007_BOILER_STEAM_HEAVY,boiler_steam_heavy_substitution,4.89,0.04172237070831965,1.23,0.04857022337167914,151673.52,-0.14949581487831348,9107793.17,0.10212052915917262,102.1941,0.0060423536133168984,1.5426,1.6069471270547895,0.0417134234764615,0.4489,0.47070853092962234,0.04858215845315731,4.5625,3.880411481301465,-0.14949885341337754,0.6815,0.7510455280203039,0.1020477300371297,0.9958,1.001780131029317,0.0060053535140761685,S3.3g C1 gas-sink decomposition diagnostic,true,false,false,false,false,false,false,true,false,diagnostic_only_boiler_steam_split,1.0,14.5014,12.5014,2.0,12.5014,1.9761904761904767,1.2897413747471653,22674.556467862174,0.05974137474716534,true,,boiler_steam_ng=upper;boiler_steam_wag=upper;vattenfall_generator_bfg_equivalent_wag=upper,0.07449738514263302,0.06959025834616037,0.14949581487831348,false,false,true,true,0.401,0.08495495495504195,0.172,0.03703357122008346,0.427,-0.09469955781458135,8.618,0.0,0.0,0.0,1.8834,0.0,0.0,0.0,2.0,2.0,1.0,5.0,0.3715,
S33G_CAND_004,central_calibrated_set__hsm_heavy_substitution,C1_phase1_hybrid_BF_BOF_NG_DRP_EAF,168.0,6200000.0,0.5033645161290323,optimal,ok,appsi_highs,2.377185,not_reported_by_solver,63541760.82355613,52.24971006,0.2126787,1,false,outside_calibration_tolerance,3.85,1.0,0.0,1.0,1600.0,365.0,75.0,1.0,0.3715,0.95,44.0,2.15568,6199999.999999992,707.7625570776245,118904.10958904092,0.5033645161290325,0.4966354838709674,5.295274444177188,1.338293373972113,3.956981070205076,133837.86825992234,133837.86825992234,97500.00000000033,0.0,0.0,36337.868259922005,0.0,36337.868259922005,0.0,0.0,41.234001761904864,41.234001761904864,30.038697000000106,0.0,0.0,11.195304761904763,0.0,40.93719446079997,19.06298799903788,14.245131852738274,96.4163280754431,101.23418422174271,0.40438113642651974,0.18830583903637166,0.40731302453710866,9545632.081811009,791396.2140410151,10337028.295852026,13.382247679999992,6.350382290731595,2.2423379099999985,21.974967880731587,6.979840840319995,0.35581370697142833,0.0,0.9880952380952384,12.968657190577677,12.1834,0.6825609047672473,0.03106083742519325,16.328094229313365,0.8540765232543864,0.2158537699955024,189.09995579950345,1.5396180777114554,1630.13544,25000.0,500.0,0.0,0.0,0.0,9.094947017729282e-13,2.7000623958883807e-13,2.3803181647963356e-13,False,5.115907697472721e-13,0.6704335786047914,13.408671572095827,-0.5115717613240464,5.115717613240463,3.025970336570415,30.25970336570415,-0.2857854323090118,2.857854323090118,-0.0135898930833059,0.135898930833059,0.5530418712596624,0.36869458083977497,S33_CAND_001_CALIBRATION_ANCHOR,deterministic_s3_3g_named_gas_sink_cases,S33G_CASE_005_HSM_HEAVY,hsm_heavy_substitution,4.89,0.08287820944318788,1.23,0.08804339347326262,151673.52,-0.11759239015536563,9107793.17,0.0480729967884206,102.1941,-0.009393064553210971,1.5426,1.6704335786047912,0.08286890872863431,0.4489,0.48842823867595364,0.08805577784796974,4.5625,4.025970336570415,-0.11759554266949805,0.6815,0.7142145676909881,0.04800376770504494,0.9958,0.9864101069166941,-0.009429496970582402,S3.3g C1 gas-sink decomposition diagnostic,true,false,false,false,false,false,false,true,false,hsm_ng_upper_supported_no_unsupported_cog_split,1.0,12.1834,11.1834,1.0,11.1834,0.9880952380952384,1.338293373972113,17835.65174007765,0.10829337397211303,true,,hsm_fuel_substitution_ng=upper;boiler_steam_ng=lower;vattenfall_generator_bfg_equivalent_wag=upper;c1_route_share=capacity_implied_lower,0.07479965770462697,0.06919601088268953,0.11759239015536563,false,false,true,true,0.401,0.008431761662143928,0.172,0.09480138974634694,0.427,-0.0461053289529071,9.3,0.0,0.0,0.0,1.8834,0.0,0.0,0.0,0.0,1.0,1.0,5.0,0.3715,
S33G_CAND_003,central_calibrated_set__high_process_ng_low_wag_to_power,C1_phase1_hybrid_BF_BOF_NG_DRP_EAF,168.0,6200000.0,0.5033645161290323,optimal,ok,appsi_highs,2.369532,not_reported_by_solver,64528798.33691927,55.39743491,0.25434537,2,false,outside_calibration_tolerance,3.85,1.0,0.0,1.0,1600.0,365.0,75.0,1.0,0.321,0.95,44.0,2.15568,6199999.999999992,707.7625570776246,118904.10958904093,0.5033645161290328,0.4966354838709671,5.295274444177188,1.072672032032859,4.222602412144329,141590.76827038926,141590.76827038926,97500.00000000029,0.0,0.0,44090.76827038898,0.0,44090.76827038898,0.0,0.0,43.62258652380961,43.62258652380961,30.03869700000009,0.0,0.0,13.583889523809527,0.0,40.937194460799994,19.062987999037876,15.201368683719583,99.7611496683292,103.62276898364749,0.3950598392835865,0.1839652441834108,0.4209749165330026,9679631.68695387,844520.4824288657,10524152.169382736,13.382247679999999,6.350382290731598,2.24233791,21.974967880731597,6.979840840319998,0.3558137069714285,0.0,1.9761904761904767,12.029966714387207,15.560080000000005,0.6331561428624877,0.028812608341405616,16.713349836072197,0.8540765232543862,0.17301161806981621,200.05405323364704,1.5612309172506262,1630.13544,25000.0,500.0,0.0,0.0,0.0,9.094947017729282e-13,2.6645352591003757e-13,1.8474111129762605e-13,False,5.115907697472721e-13,0.6704335786047914,13.408671572095827,-0.6085138569223142,6.085138569223141,3.259184940705611,32.59184940705611,-0.2757594362054919,2.757594362054919,0.009684104415495907,0.09684104415495907,0.4406304170702807,0.29375361138018713,S33_CAND_001_CALIBRATION_ANCHOR,deterministic_s3_3g_named_gas_sink_cases,S33G_CASE_004_HIGH_PROCESS_NG_LOW_WAG_POWER,high_process_ng_low_wag_to_power,4.89,0.08287820944318788,1.23,-0.127908917046456,151673.52,-0.06647667786447316,9107793.17,0.06278562833831575,102.1941,0.013979955629997069,1.5426,1.6704335786047912,0.08286890872863431,0.4489,0.39148614307768576,-0.12789899069350472,4.5625,4.2591849407056115,-0.06648001299603036,0.6815,0.7242405637945081,0.06271542743141317,0.9958,1.0096841044154958,0.013942663602626845,S3.3g C1 gas-sink decomposition diagnostic,true,false,false,false,false,false,false,true,false,bounded_high_ng_low_power_efficiency_diagnostic,1.0,15.560080000000001,13.560080000000001,2.0,13.560080000000001,1.9761904761904767,1.072672032032859,10082.751729610725,-0.15732796796714088,true,,hsm_fuel_substitution_ng=upper;pelletizing_firing_ng=upper;boiler_steam_ng=upper;boiler_steam_wag=upper;vattenfall_generator_bfg_equivalent_wag=upper;c1_route_share=capacity_implied_lower;wag_to_power_efficiency=lower_public,0.07520369762964907,0.07080587766448597,0.127908917046456,false,false,true,true,0.401,-0.014813368370108507,0.172,0.06956537315936512,0.427,-0.014110265730673002,9.3,0.0,0.0,0.0,2.26008,0.0,0.0,0.0,2.0,2.0,1.0,5.0,0.321,
S33G_CAND_005,central_calibrated_set__pelletizing_heavy_substitution,C1_phase1_hybrid_BF_BOF_NG_DRP_EAF,168.0,6200000.0,0.5033645161290323,optimal,ok,appsi_highs,2.342933,not_reported_by_solver,63465920.68323928,51.99416992,0.2126787,1,false,outside_calibration_tolerance,3.85,1.0,0.0,1.0,1600.0,365.0,75.0,1.0,0.3715,0.95,44.0,2.15568,6199999.999999992,707.7625570776246,118904.10958904093,0.5033645161290328,0.4966354838709672,5.295274444177188,1.3382933739721137,3.956981070205074,132846.85656590643,132846.85656590643,97500.0000000003,0.0,0.0,35346.85656590612,0.0,35346.85656590612,0.0,0.0,40.928681761904855,40.928681761904855,30.03869700000009,0.0,0.0,10.889984761904763,0.0,40.937194460799994,19.062987999037876,14.245131852738268,96.11100807544312,100.92886422174273,0.4056044301743073,0.18887548320325998,0.4055200866224327,9528503.629811013,791396.2140410149,10319899.843852026,13.382247679999999,6.350382290731598,2.24233791,21.974967880731597,6.979840840319998,0.3558137069714285,0.0,0.9880952380952363,12.968657190577684,11.87808,0.6825609047672486,0.031060837425193298,16.278849068023042,0.8540765232543862,0.2158537699955025,187.69975218021642,1.5368554241630685,1630.13544,25000.0,500.0,0.0,0.0,0.0,9.094947017729282e-13,2.7038519571457685e-13,2.5579538487363607e-13,False,2.2737367544323206e-13,0.6704335786047914,13.408671572095827,-0.5115717613240461,5.115717613240461,2.996159762514095,29.96159762514095,-0.28706700170489324,2.870670017048932,-0.016564883558698118,0.16564883558698118,0.5530418712596649,0.3686945808397766,S33_CAND_001_CALIBRATION_ANCHOR,deterministic_s3_3g_named_gas_sink_cases,S33G_CASE_006_PELLETIZING_HEAVY,pelletizing_heavy_substitution,4.89,0.08287820944318788,1.23,0.08804339347326316,151673.52,-0.12412623794907349,9107793.17,0.046192359878876474,102.1941,-0.01238071256811575,1.5426,1.6704335786047912,0.08286890872863431,0.4489,0.48842823867595386,0.08805577784797024,4.5625,3.996159762514095,-0.12412936712019836,0.6815,0.7129329982951067,0.04612325501849847,0.9958,0.9834351164413019,-0.01241703510614394,S3.3g C1 gas-sink decomposition diagnostic,true,false,false,false,false,false,false,true,false,pellet_firing_upper_no_unsupported_grinding_split,1.0,11.87808,10.87808,1.0,10.87808,0.9880952380952363,1.3382933739721137,18826.663434093556,0.1082933739721137,true,,pelletizing_firing_ng=upper;boiler_steam_ng=lower;vattenfall_generator_bfg_equivalent_wag=upper;c1_route_share=capacity_implied_lower,0.0766176215039475,0.07072418266250335,0.12412623794907349,false,false,true,true,0.401,0.011482369511988237,0.172,0.09811327443755809,0.427,-0.05030424678587184,8.618,0.0,0.0,0.0,2.26008,0.0,0.0,0.0,0.0,1.0,1.0,5.0,0.3715,
S33G_CAND_020,lower_energy_wag_envelope__low_process_ng_high_wag_to_process,C1_phase1_hybrid_BF_BOF_NG_DRP_EAF,168.0,6200000.0,0.5033645161290323,optimal,ok,appsi_highs,2.810975,not_reported_by_solver,63372039.86751847,51.79837715,0.24539929,2,false,outside_calibration_tolerance,3.85,1.0,0.0,1.0,1500.0,345.0,75.0,0.99,0.3715,1.0,44.0,2.15568,6199999.999999992,707.7625570776245,118904.10958904092,0.5033645161290331,0.49663548387096695,5.295274444177186,1.1630901476539,4.1321842965232864,128226.58672816053,128226.58672816053,97500.00000000025,0.0,0.0,30726.5867281603,0.0,30726.5867281603,0.0,0.0,39.5052265238096,39.5052265238096,30.038697000000077,0.0,0.0,9.466529523809525,0.0,40.93719446080001,19.06298799903787,14.875863467483832,95.31828445209344,99.50540898364748,0.4114067253120636,0.1915774046230054,0.39701587006493094,9448647.79095387,826436.8593046573,10275084.650258528,12.420398628000004,5.942391976436652,2.2199145309,20.582705135336656,6.9798408403200005,0.35581370697142867,0.0,1.9761904761904767,11.270860111854748,11.442720000000001,0.0,0.0,16.049259513491553,0.8540765232543861,0.18759518510546797,181.17175802236903,1.5239754501538523,1630.13544,25000.0,500.0,0.0,0.0,0.0,9.094947017729282e-13,3.410605131648481e-13,2.184918912462308e-13,False,1.7053025658242404e-13,0.6704335786047905,13.408671572095809,-0.5755145446518614,5.755145446518613,2.8571776526257975,28.571776526257974,-0.29304190236502164,2.930419023650216,-0.03043480945769191,0.3043480945769191,-1.0,0.6666666666666666,S33_CAND_002_LOW_WAG_ENVELOPE,deterministic_s3_3g_named_gas_sink_cases,S33G_CASE_003_LOW_PROCESS_NG_HIGH_WAG_PROCESS,low_process_ng_high_wag_to_process,4.89,0.08287820944318734,1.23,-0.05439825393991873,151673.52,-0.15458817908254163,9107793.17,0.037424501697799414,102.1941,-0.026309650130022393,1.5426,1.6704335786047906,0.08286890872863387,0.4489,0.42448545534813864,-0.054387490870709244,4.5625,3.8571776526257975,-0.15459119942448274,0.6815,0.7069580976349784,0.037355975986762165,0.9958,0.969565190542308,-0.026345460391335573,S3.3g C1 gas-sink decomposition diagnostic,true,false,false,false,false,false,false,true,false,bounded_low_ng_high_wag_process_diagnostic,1.0,11.44272,9.44272,2.0,9.44272,1.9761904761904767,1.1630901476539,23446.933271839458,-0.06690985234610003,true,,hsm_fuel_substitution_ng=lower;pelletizing_firing_ng=lower;boiler_steam_ng=lower;boiler_steam_wag=upper;vattenfall_generator_bfg_equivalent_wag=upper;c1_route_share=capacity_implied_lower,0.07668200180078329,0.0711197588586939,0.15458817908254163,false,false,false,true,0.401,0.02595193344654265,0.172,0.1138221199011943,0.427,-0.07022044481280808,7.936,0.0,0.0,0.0,1.50672,0.0,0.0,0.0,0.0,2.0,1.0,5.0,0.3715,
S33G_CAND_001,central_calibrated_set__explicit_gas_sink_decomposition_central,C1_phase1_hybrid_BF_BOF_NG_DRP_EAF,168.0,6200000.0,0.5033645161290323,optimal,ok,appsi_highs,2.678661,not_reported_by_solver,63372355.033905625,51.67890443,0.2126787,1,false,outside_calibration_tolerance,3.85,1.0,0.0,1.0,1600.0,365.0,75.0,1.0,0.3715,0.95,44.0,2.15568,6199999.999999992,707.7625570776245,118904.10958904092,0.5033645161290325,0.4966354838709675,5.295274444177188,1.3382933739721128,3.956981070205076,131624.22364011745,131624.22364011745,97500.00000000035,0.0,0.0,34124.22364011709,0.0,34124.22364011709,0.0,0.0,40.552001761904876,40.552001761904876,30.03869700000011,0.0,0.0,10.513304761904763,0.0,40.93719446079996,19.06298799903788,14.245131852738274,95.7343280754431,100.5521842217427,0.4071238708303263,0.18958303239837362,0.40329309677130004,9507371.881811008,791396.2140410151,10298768.095852023,13.38224767999999,6.350382290731593,2.2423379099999985,21.974967880731583,6.979840840319993,0.3558137069714282,0.0,0.9880952380952363,12.968657190577675,11.5014,0.6825609047672485,0.031060837425193315,16.218094229313362,0.8540765232543864,0.21585376999550235,185.972290175392,1.5334470777114553,1630.13544,25000.0,500.0,0.0,0.0,0.0,9.094947017729282e-13,3.840720334361929e-13,2.8421709430404007e-13,False,4.547473508864641e-13,0.6704335786047914,13.408671572095827,-0.5115717613240465,5.115717613240465,2.9593818015697275,29.593818015697273,-0.2886481020587543,2.8864810205875426,-0.020235194747846807,0.20235194747846805,0.5530418712596658,0.3686945808397772,S33_CAND_001_CALIBRATION_ANCHOR,deterministic_s3_3g_named_gas_sink_cases,S33G_CASE_002_CENTRAL_DECOMPOSITION,explicit_gas_sink_decomposition_central,4.89,0.08287820944318788,1.23,0.08804339347326244,151673.52,-0.13218718969456597,9107793.17,0.043872176755964686,102.1941,-0.016066639642183838,1.5426,1.6704335786047912,0.08286890872863431,0.4489,0.48842823867595353,0.0880557778479695,4.5625,3.959381801569728,-0.13219029006690894,0.6815,0.7113518979412456,0.04380322515223133,0.9958,0.9797648052521531,-0.0161028266196494,S3.3g C1 gas-sink decomposition diagnostic,true,false,false,false,false,false,false,true,false,mixed_source_supported_and_diagnostic_only,1.0,11.5014,10.5014,1.0,10.5014,0.9880952380952363,1.3382933739721128,20049.296359882544,0.1082933739721128,true,,boiler_steam_ng=lower;vattenfall_generator_bfg_equivalent_wag=upper;c1_route_share=capacity_implied_lower,0.07886048343217984,0.07260952180183297,0.13218718969456597,false,false,true,true,0.401,0.01527149832999073,0.172,0.10222693254868395,0.427,-0.055519679692505736,8.618,0.0,0.0,0.0,1.8834,0.0,0.0,0.0,0.0,1.0,1.0,5.0,0.3715,
S33G_CAND_038,higher_energy_wag_envelope__low_process_ng_high_wag_to_process,C1_phase1_hybrid_BF_BOF_NG_DRP_EAF,168.0,6200000.0,0.5033645161290323,optimal,ok,appsi_highs,2.151513,not_reported_by_solver,63154141.46598377,50.62224038,0.224039,1,false,outside_calibration_tolerance,3.85,1.0,0.0,1.0,1630.0,375.0,75.0,1.0,0.3715,0.97,44.0,2.15568,6199999.999999992,707.7625570776246,118904.10958904093,0.5033645161290328,0.4966354838709671,5.295274444177188,1.3100929322687502,3.9851815119084377,128226.5867281606,128226.5867281606,97500.0000000003,0.0,0.0,30726.5867281603,0.0,30726.5867281603,0.0,0.0,39.50522652380962,39.50522652380962,30.03869700000009,0.0,0.0,9.466529523809525,0.0,40.937194460799994,19.062987999037876,14.346653442870377,94.78907442747999,99.5054089836475,0.4114067253120634,0.19157740462300543,0.39701587006493105,9448647.790953869,797036.3023816876,10245684.093335558,13.633164824,6.524365367189999,2.2423379100000003,22.39986810119,6.97984084032,0.3558137069714286,0.0,1.9761904761904767,12.695382385376853,11.442720000000001,0.39264069233124066,0.017528705551189457,16.049259513491553,0.8540765232543862,0.2113053116562503,181.1717580223691,1.5239754501538518,1630.13544,25000.0,500.0,0.0,0.0,0.0,8.242295734817162e-13,2.5446903843355054e-13,3.979039320256561e-13,False,5.115907697472721e-13,0.6704335786047914,13.408671572095827,-0.521863893332573,5.21863893332573,2.8571776526258,28.571776526258,-0.29304190236502176,2.9304190236502174,-0.03043480945769177,0.3043480945769177,-0.12356472244052716,0.0823764816270181,S33_CAND_003_HIGH_WAG_ENVELOPE,deterministic_s3_3g_named_gas_sink_cases,S33G_CASE_003_LOW_PROCESS_NG_HIGH_WAG_PROCESS,low_process_ng_high_wag_to_process,4.89,0.08287820944318788,1.23,0.06511620509654492,151673.52,-0.15458817908254116,9107793.17,0.03742450169779921,102.1941,-0.026309650130022254,1.5426,1.6704335786047912,0.08286890872863431,0.4489,0.47813610666742706,0.06512832850841399,4.5625,3.8571776526257997,-0.15459119942448227,0.6815,0.7069580976349782,0.03735597598676184,0.9958,0.9695651905423083,-0.02634546039133535,S3.3g C1 gas-sink decomposition diagnostic,true,false,false,false,false,false,false,true,false,bounded_low_ng_high_wag_process_diagnostic,1.0,11.44272,9.44272,2.0,9.44272,1.9761904761904767,1.3100929322687502,23446.933271839385,0.08009293226875025,true,,hsm_fuel_substitution_ng=lower;pelletizing_firing_ng=lower;boiler_steam_ng=lower;boiler_steam_wag=upper;vattenfall_generator_bfg_equivalent_wag=upper;c1_route_share=capacity_implied_lower,0.07936148958993974,0.07326334909001908,0.15458817908254116,false,false,false,true,0.401,0.025951933446542095,0.172,0.11382211990119447,0.427,-0.07022044481280781,7.936,0.0,0.0,0.0,1.50672,0.0,0.0,0.0,0.0,2.0,1.0,5.0,0.3715,
S33G_CAND_030,lower_energy_wag_envelope__high_process_ng_low_wag_to_power,C1_phase1_hybrid_BF_BOF_NG_DRP_EAF,168.0,6200000.0,0.55,optimal,ok,appsi_highs,1.971484,not_reported_by_solver,63936587.055521294,51.36399413,0.28706596,3,false,outside_calibration_tolerance,3.85,1.0,0.0,1.0,1500.0,345.0,75.0,0.99,0.321,1.0,44.0,2.15568,6199999.999999992,707.7625570776246,118904.10958904093,0.5499999999999999,0.45,5.094022392763681,1.1144198688932447,3.9796025238704367,132435.24107773168,132435.24107773168,88344.47280734268,0.0,0.0,44090.76827038898,0.0,44090.76827038898,0.0,0.0,40.80186747544549,40.80186747544549,27.217977951635966,0.0,0.0,13.583889523809527,0.0,44.729924799999935,18.33848061394925,14.32656908593357,99.858361361379,103.87027288939468,0.43063259155610567,0.1765517708177855,0.39281563762610877,10097277.7759927,795920.5047740873,10893198.280766789,13.571117999999982,6.49293997156199,2.425584149999996,22.48964212156197,7.626505919999989,0.38877897142857093,0.0,1.9761904761904767,12.49816675394293,15.560080000000005,0.0,0.0,16.75326982087013,0.821616514961885,0.17974514014407197,187.11817932918242,1.6285931896762442,1630.13544,25000.0,500.0,0.0,0.0,0.0,9.094947017729282e-13,2.2737367544323206e-13,3.055333763768431e-13,False,2.2737367544323206e-13,0.606947127054789,12.13894254109578,-0.5932774201119545,5.932774201119544,2.9837779772465187,29.837779772465186,-0.24451070187609292,2.445107018760929,0.012095743883006467,0.12095743883006467,-1.0,0.6666666666666666,S33_CAND_002_LOW_WAG_ENVELOPE,deterministic_s3_3g_named_gas_sink_cases,S33G_CASE_004_HIGH_PROCESS_NG_LOW_WAG_POWER,high_process_ng_low_wag_to_power,4.89,0.04172237070831928,1.23,-0.09396758626565467,151673.52,-0.12684006359362074,9107793.17,0.10864153231453991,102.1941,0.016401855776357714,1.5426,1.606947127054789,0.04171342347646121,0.4489,0.4067225798880455,-0.0939572735842159,4.5625,3.9837779772465187,-0.12684318306925618,0.6815,0.7554892981239071,0.10856830245620996,0.9958,1.0120957438830065,0.016364474676648397,S3.3g C1 gas-sink decomposition diagnostic,true,false,false,false,false,false,false,true,false,bounded_high_ng_low_power_efficiency_diagnostic,1.0,15.560080000000001,13.560080000000001,2.0,13.560080000000001,1.9761904761904767,1.1144198688932447,19238.278922268306,-0.11558013110675525,true,,hsm_fuel_substitution_ng=upper;pelletizing_firing_ng=upper;boiler_steam_ng=upper;boiler_steam_wag=upper;vattenfall_generator_bfg_equivalent_wag=upper;wag_to_power_efficiency=lower_public,0.08299620559802166,0.07751468173169847,0.12684006359362074,false,false,true,true,0.401,0.073896737047645,0.172,0.0264637838243344,0.427,-0.08005705473979209,9.3,0.0,0.0,0.0,2.26008,0.0,0.0,0.0,2.0,2.0,1.0,5.0,0.321,
S33G_CAND_021,lower_energy_wag_envelope__high_process_ng_low_wag_to_power,C1_phase1_hybrid_BF_BOF_NG_DRP_EAF,168.0,6200000.0,0.5033645161290323,optimal,ok,appsi_highs,2.211089,not_reported_by_solver,64629129.02329595,56.07556098,0.28706596,3,false,outside_calibration_tolerance,3.85,1.0,0.0,1.0,1500.0,345.0,75.0,0.99,0.321,1.0,44.0,2.15568,6199999.999999992,707.7625570776245,118904.10958904092,0.5033645161290333,0.4966354838709666,5.295274444177184,1.0049850266403821,4.290289417536803,141590.76827038918,141590.76827038918,97500.00000000019,0.0,0.0,44090.76827038898,0.0,44090.76827038898,0.0,0.0,43.62258652380958,43.62258652380958,30.03869700000006,0.0,0.0,13.583889523809527,0.0,40.93719446080002,19.062987999037865,15.445041903132491,100.00482288774211,103.62276898364748,0.39505983928358684,0.1839652441834107,0.4209749165330024,9679631.686953872,858057.8835073605,10537689.570461232,12.42039862800001,5.942391976436654,2.2199145309000015,20.582705135336667,6.979840840320003,0.35581370697142883,0.0,1.9761904761904767,11.270860111854754,15.560080000000005,0.0,0.0,16.713349836072197,0.8540765232543859,0.16209435913554576,200.05405323364695,1.561230917250627,1630.13544,25000.0,500.0,0.0,0.0,0.0,9.094947017729282e-13,2.2737367544323206e-13,2.4158453015843406e-13,False,6.821210263296962e-13,0.6704335786047899,13.408671572095798,-0.6332171435619044,6.332171435619044,3.2591849407056084,32.59184940705608,-0.27575943620549176,2.7575943620549173,0.009684104415495769,0.09684104415495769,-1.0,0.6666666666666666,S33_CAND_002_LOW_WAG_ENVELOPE,deterministic_s3_3g_named_gas_sink_cases,S33G_CASE_004_HIGH_PROCESS_NG_LOW_WAG_POWER,high_process_ng_low_wag_to_power,4.89,0.08287820944318697,1.23,-0.18293900273139663,151673.52,-0.06647667786447373,9107793.17,0.06278562833831595,102.1941,0.01397995562999693,1.5426,1.67043357860479,0.08286890872863344,0.4489,0.36678285643809566,-0.18292970274427345,4.5625,4.259184940705609,-0.06648001299603094,0.6815,0.7242405637945082,0.06271542743141334,0.9958,1.0096841044154958,0.013942663602626845,S3.3g C1 gas-sink decomposition diagnostic,true,false,false,false,false,false,false,true,false,bounded_high_ng_low_power_efficiency_diagnostic,1.0,15.560080000000001,13.560080000000001,2.0,13.560080000000001,1.9761904761904767,1.0049850266403821,10082.751729610813,-0.22501497335961784,true,,hsm_fuel_substitution_ng=upper;pelletizing_firing_ng=upper;boiler_steam_ng=upper;boiler_steam_wag=upper;vattenfall_generator_bfg_equivalent_wag=upper;c1_route_share=capacity_implied_lower;wag_to_power_efficiency=lower_public,0.08896121905088422,0.08181189480147404,0.18293900273139663,false,false,false,true,0.401,-0.014813368370107676,0.172,0.06956537315936465,0.427,-0.014110265730673522,9.3,0.0,0.0,0.0,2.26008,0.0,0.0,0.0,2.0,2.0,1.0,5.0,0.321,
S33G_CAND_040,higher_energy_wag_envelope__hsm_heavy_substitution,C1_phase1_hybrid_BF_BOF_NG_DRP_EAF,168.0,6200000.0,0.5033645161290323,optimal,ok,appsi_highs,2.716886,not_reported_by_solver,63436954.39034077,51.66406739,0.224039,1,false,outside_calibration_tolerance,3.85,1.0,0.0,1.0,1630.0,375.0,75.0,1.0,0.3715,0.97,44.0,2.15568,6199999.999999993,707.7625570776247,118904.10958904095,0.5033645161290329,0.4966354838709671,5.295274444177188,1.4089998932475865,3.8862745509296013,133837.86825992228,133837.86825992228,97500.0000000003,0.0,0.0,36337.868259922005,0.0,36337.868259922005,0.0,0.0,41.23400176190485,41.23400176190485,30.03869700000009,0.0,0.0,11.195304761904763,0.0,40.937194460799994,19.062987999037876,13.990588383346564,96.16178460605143,101.23418422174274,0.4043811364265199,0.1883058390363716,0.40731302453710844,9545632.081811013,777254.9101859203,10322886.991996933,13.633164824000001,6.52436536719,2.2423379100000003,22.399868101190002,6.9798408403200005,0.35581370697142867,0.0,0.9880952380952384,13.653834766329238,12.1834,0.42228354947409635,0.01885205518025628,16.328094229313365,0.8540765232543861,0.2272580472979981,189.09995579950333,1.5396180777114554,1630.13544,25000.0,500.0,0.0,0.0,0.0,6.821210263296962e-13,2.9496997437187627e-13,4.121147867408581e-13,False,1.2505552149377763e-12,0.6704335786047914,13.408671572095827,-0.48576646231839915,4.857664623183991,3.0259703365704134,30.259703365704134,-0.28578543230901154,2.8578543230901152,-0.013589893083305623,0.13589893083305624,-0.05739724098718594,0.038264827324790626,S33_CAND_003_HIGH_WAG_ENVELOPE,deterministic_s3_3g_named_gas_sink_cases,S33G_CASE_005_HSM_HEAVY,hsm_heavy_substitution,4.89,0.08287820944318788,1.23,0.14552836849397274,151673.52,-0.11759239015536602,9107793.17,0.04807299678842101,102.1941,-0.009393064553210692,1.5426,1.6704335786047912,0.08286890872863431,0.4489,0.5142335376816008,0.14554140717665587,4.5625,4.025970336570413,-0.11759554266949844,0.6815,0.7142145676909885,0.04800376770504543,0.9958,0.9864101069166944,-0.009429496970582067,S3.3g C1 gas-sink decomposition diagnostic,true,false,false,false,false,false,false,true,false,hsm_ng_upper_supported_no_unsupported_cog_split,1.0,12.1834,11.1834,1.0,11.1834,0.9880952380952384,1.4089998932475865,17835.65174007771,0.17899989324758647,true,,hsm_fuel_substitution_ng=upper;boiler_steam_ng=lower;vattenfall_generator_bfg_equivalent_wag=upper;c1_route_share=capacity_implied_lower,0.08917090145980461,0.08069300588683168,0.14552836849397274,false,false,true,true,0.401,0.008431761662144342,0.172,0.09480138974634661,0.427,-0.04610532895290762,9.3,0.0,0.0,0.0,1.8834,0.0,0.0,0.0,0.0,1.0,1.0,5.0,0.3715,
S33G_CAND_029,lower_energy_wag_envelope__low_process_ng_high_wag_to_process,C1_phase1_hybrid_BF_BOF_NG_DRP_EAF,168.0,6200000.0,0.55,optimal,ok,appsi_highs,2.00491,not_reported_by_solver,62653978.500592574,46.97574399,0.24539929,2,false,outside_calibration_tolerance,3.85,1.0,0.0,1.0,1500.0,345.0,75.0,0.99,0.3715,1.0,44.0,2.15568,6199999.999999992,707.7625570776246,118904.10958904093,0.5499999999999996,0.4500000000000005,5.094022392763683,1.2897413747471653,3.8042810180165176,119071.05953550308,119071.05953550308,88344.47280734277,0.0,0.0,30726.5867281603,0.0,30726.5867281603,0.0,0.0,36.684507475445514,36.684507475445514,27.21797795163599,0.0,0.0,9.466529523809525,0.0,44.7299247999999,18.338480613949258,13.695411664859462,95.10984394030487,99.75291288939466,0.44840720440510967,0.1838390487331717,0.36775374686171863,9866293.879992697,760856.2036033035,10627150.083596002,13.571117999999974,6.492939971561985,2.425584149999995,22.489642121561953,7.6265059199999845,0.38877897142857065,0.0,1.9761904761904767,12.498166753942922,11.442720000000001,0.0,0.0,16.089179498289486,0.8216165149618855,0.20802280237857532,168.2358841179046,1.5913377225794696,1630.13544,25000.0,500.0,0.0,0.0,0.0,1.3642420526593924e-12,2.7355895326763857e-13,2.984279490192421e-13,False,3.410605131648481e-13,0.6069471270547896,12.13894254109579,-0.5292914690703776,5.292914690703776,2.5817706891667096,25.817706891667093,-0.2617931680356229,2.617931680356229,-0.028023169990181486,0.28023169990181485,-1.0,0.6666666666666666,S33_CAND_002_LOW_WAG_ENVELOPE,deterministic_s3_3g_named_gas_sink_cases,S33G_CASE_003_LOW_PROCESS_NG_HIGH_WAG_PROCESS,low_process_ng_high_wag_to_process,4.89,0.04172237070831965,1.23,0.04857022337167914,151673.52,-0.21495156481168837,9107793.17,0.08328040567402317,102.1941,-0.023887749983661884,1.5426,1.6069471270547895,0.0417134234764615,0.4489,0.47070853092962234,0.04858215845315731,4.5625,3.581770689166709,-0.21495436949770758,0.6815,0.7382068319643771,0.08320885101155846,0.9958,0.9719768300098185,-0.023923649317314246,S3.3g C1 gas-sink decomposition diagnostic,true,false,false,false,false,false,false,true,false,bounded_low_ng_high_wag_process_diagnostic,1.0,11.44272,9.44272,2.0,9.44272,1.9761904761904767,1.2897413747471653,32602.460464496908,0.05974137474716534,true,,hsm_fuel_substitution_ng=lower;pelletizing_firing_ng=lower;boiler_steam_ng=lower;boiler_steam_wag=upper;vattenfall_generator_bfg_equivalent_wag=upper,0.09069553477350932,0.08248246290987445,0.21495156481168837,false,false,false,true,0.401,0.11822245487558515,0.172,0.06883167868123087,0.427,-0.13875000734960505,7.936,0.0,0.0,0.0,1.50672,0.0,0.0,0.0,0.0,2.0,1.0,5.0,0.3715,
S33G_CAND_041,higher_energy_wag_envelope__pelletizing_heavy_substitution,C1_phase1_hybrid_BF_BOF_NG_DRP_EAF,168.0,6200000.0,0.5033645161290323,optimal,ok,appsi_highs,2.491815,not_reported_by_solver,63361114.25002391,51.40852725,0.224039,1,false,outside_calibration_tolerance,3.85,1.0,0.0,1.0,1630.0,375.0,75.0,1.0,0.3715,0.97,44.0,2.15568,6199999.999999992,707.7625570776246,118904.10958904093,0.5033645161290328,0.4966354838709672,5.295274444177188,1.4089998932475862,3.8862745509296013,132846.85656590643,132846.85656590643,97500.0000000003,0.0,0.0,35346.85656590612,0.0,35346.85656590612,0.0,0.0,40.928681761904855,40.928681761904855,30.03869700000009,0.0,0.0,10.889984761904763,0.0,40.937194460799994,19.062987999037876,13.990588383346564,95.85646460605142,100.92886422174273,0.4056044301743073,0.18887548320325998,0.4055200866224327,9528503.629811011,777254.9101859203,10305758.539996931,13.633164823999998,6.524365367189998,2.24233791,22.399868101189995,6.979840840319998,0.3558137069714285,0.0,0.9880952380952363,13.653834766329233,11.87808,0.42228354947409724,0.018852055180256327,16.278849068023042,0.8540765232543862,0.22725804729799806,187.69975218021642,1.5368554241630683,1630.13544,25000.0,500.0,0.0,0.0,0.0,7.247535904753022e-13,2.7150627425322054e-13,4.121147867408581e-13,False,9.094947017729282e-13,0.6704335786047914,13.408671572095827,-0.4857664623183992,4.857664623183992,2.996159762514095,29.96159762514095,-0.2870670017048934,2.870670017048934,-0.016564883558698118,0.16564883558698118,-0.057397240987183684,0.03826482732478912,S33_CAND_003_HIGH_WAG_ENVELOPE,deterministic_s3_3g_named_gas_sink_cases,S33G_CASE_006_PELLETIZING_HEAVY,pelletizing_heavy_substitution,4.89,0.08287820944318788,1.23,0.14552836849397258,151673.52,-0.12412623794907349,9107793.17,0.04619235987887627,102.1941,-0.01238071256811575,1.5426,1.6704335786047912,0.08286890872863431,0.4489,0.5142335376816007,0.14554140717665565,4.5625,3.996159762514095,-0.12412936712019836,0.6815,0.7129329982951066,0.04612325501849831,0.9958,0.9834351164413019,-0.01241703510614394,S3.3g C1 gas-sink decomposition diagnostic,true,false,false,false,false,false,false,true,false,pellet_firing_upper_no_unsupported_grinding_split,1.0,11.87808,10.87808,1.0,10.87808,0.9880952380952363,1.4089998932475862,18826.663434093556,0.17899989324758625,true,,pelletizing_firing_ng=upper;boiler_steam_ng=lower;vattenfall_generator_bfg_equivalent_wag=upper;c1_route_share=capacity_implied_lower,0.09098886525912482,0.08222117766664519,0.14552836849397258,false,false,true,true,0.401,0.011482369511988237,0.172,0.09811327443755809,0.427,-0.05030424678587184,8.618,0.0,0.0,0.0,2.26008,0.0,0.0,0.0,0.0,1.0,1.0,5.0,0.3715,
S33G_CAND_015,central_calibrated_set__boiler_steam_heavy_substitution,C1_phase1_hybrid_BF_BOF_NG_DRP_EAF,168.0,6200000.0,0.55,optimal,ok,appsi_highs,3.329065,not_reported_by_solver,63288268.8522348,48.84401401,0.2126787,1,false,outside_calibration_tolerance,3.85,1.0,0.0,1.0,1600.0,365.0,75.0,1.0,0.3715,0.95,44.0,2.15568,6199999.999999992,707.7625570776246,118904.10958904093,0.5499999999999996,0.45000000000000046,5.094022392763683,1.3743898686536082,3.7196325241100743,128998.9635321378,128998.9635321378,88344.47280734277,0.0,0.0,40654.49072479504,0.0,40654.49072479504,0.0,0.0,39.74318747544551,39.74318747544551,27.217977951635987,0.0,0.0,12.525209523809524,0.0,44.7299247999999,18.338480613949255,13.390677086796268,97.86378936224169,102.81159288939467,0.4350669369369719,0.17836977424985434,0.38656328881317376,10037885.827992698,743926.504822015,10781812.332814712,14.62207999999997,6.938729584599985,2.4500849999999947,24.010894584599953,7.6265059199999845,0.38877897142857065,0.0,1.9761904761904767,13.318448256131871,14.5014,0.7009709608490492,0.029193871072951866,16.58251498216045,0.8216165149618853,0.2216757852667113,182.26305170024656,1.6190138432246308,1630.13544,25000.0,500.0,0.0,0.0,0.0,9.094947017729282e-13,2.2737367544323206e-13,2.7000623958883807e-13,False,3.410605131648481e-13,0.6069471270547896,12.13894254109579,-0.4983978581556175,4.983978581556174,2.8804114813014645,28.804114813014642,-0.24895447197969614,2.489544719796961,0.0017801310293170138,0.017801310293170138,0.4596935536475933,0.3064623690983955,S33_CAND_001_CALIBRATION_ANCHOR,deterministic_s3_3g_named_gas_sink_cases,S33G_CASE_007_BOILER_STEAM_HEAVY,boiler_steam_heavy_substitution,4.89,0.04172237070831965,1.23,0.11739013711675468,151673.52,-0.14949581487831357,9107793.17,0.10212052915917262,102.1941,0.0060423536133168984,1.5426,1.6069471270547895,0.0417134234764615,0.4489,0.5016021418443826,0.11740285552324023,4.5625,3.8804114813014645,-0.14949885341337765,0.6815,0.7510455280203039,0.1020477300371297,0.9958,1.001780131029317,0.0060053535140761685,S3.3g C1 gas-sink decomposition diagnostic,true,false,false,false,false,false,false,true,false,diagnostic_only_boiler_steam_split,1.0,14.5014,12.5014,2.0,12.5014,1.9761904761904767,1.3743898686536082,22674.55646786219,0.14438986865360826,true,,boiler_steam_ng=upper;boiler_steam_wag=upper;vattenfall_generator_bfg_equivalent_wag=upper,0.09170236357890194,0.08335424109517549,0.14949581487831357,false,false,true,true,0.401,0.08495495495504209,0.172,0.03703357122008346,0.427,-0.09469955781458135,8.618,0.0,0.0,0.0,1.8834,0.0,0.0,0.0,2.0,2.0,1.0,5.0,0.3715,
S33G_CAND_037,higher_energy_wag_envelope__explicit_gas_sink_decomposition_central,C1_phase1_hybrid_BF_BOF_NG_DRP_EAF,168.0,6200000.0,0.5033645161290323,optimal,ok,appsi_highs,2.48284,not_reported_by_solver,63267548.60069026,51.09326176,0.224039,1,false,outside_calibration_tolerance,3.85,1.0,0.0,1.0,1630.0,375.0,75.0,1.0,0.3715,0.97,44.0,2.15568,6199999.999999992,707.7625570776245,118904.10958904092,0.5033645161290327,0.49663548387096745,5.295274444177188,1.4089998932475853,3.8862745509296026,131624.22364011745,131624.22364011745,97500.00000000035,0.0,0.0,34124.22364011709,0.0,34124.22364011709,0.0,0.0,40.552001761904876,40.552001761904876,30.03869700000011,0.0,0.0,10.513304761904763,0.0,40.937194460799965,19.06298799903788,13.990588383346571,95.4797846060514,100.55218422174272,0.4071238708303264,0.1895830323983736,0.4032930967713,9507371.881811008,777254.9101859207,10284626.79199693,13.633164823999989,6.524365367189994,2.2423379099999985,22.39986810118998,6.979840840319995,0.3558137069714283,0.0,0.9880952380952363,13.653834766329227,11.5014,0.42228354947409713,0.01885205518025633,16.218094229313365,0.8540765232543864,0.22725804729799795,185.972290175392,1.5334470777114553,1630.13544,25000.0,500.0,0.0,0.0,0.0,7.389644451905042e-13,2.5698751768585565e-13,3.694822225952521e-13,False,6.821210263296962e-13,0.6704335786047914,13.408671572095827,-0.48576646231839954,4.857664623183995,2.9593818015697275,29.593818015697273,-0.2886481020587543,2.8864810205875426,-0.020235194747846668,0.20235194747846666,-0.05739724098718351,0.03826482732478901,S33_CAND_003_HIGH_WAG_ENVELOPE,deterministic_s3_3g_named_gas_sink_cases,S33G_CASE_002_CENTRAL_DECOMPOSITION,explicit_gas_sink_decomposition_central,4.89,0.08287820944318788,1.23,0.14552836849397185,151673.52,-0.13218718969456597,9107793.17,0.043872176755964686,102.1941,-0.0160666396421837,1.5426,1.6704335786047912,0.08286890872863431,0.4489,0.5142335376816004,0.1455414071766549,4.5625,3.959381801569728,-0.13219029006690894,0.6815,0.7113518979412456,0.04380322515223133,0.9958,0.9797648052521534,-0.016102826619649173,S3.3g C1 gas-sink decomposition diagnostic,true,false,false,false,false,false,false,true,false,mixed_source_supported_and_diagnostic_only,1.0,11.5014,10.5014,1.0,10.5014,0.9880952380952363,1.4089998932475853,20049.296359882544,0.17899989324758536,true,,boiler_steam_ng=lower;vattenfall_generator_bfg_equivalent_wag=upper;c1_route_share=capacity_implied_lower,0.09323172718735717,0.08410651680597482,0.14552836849397185,false,false,true,true,0.401,0.015271498329991008,0.172,0.10222693254868379,0.427,-0.05551967969250587,8.618,0.0,0.0,0.0,1.8834,0.0,0.0,0.0,0.0,1.0,1.0,5.0,0.3715,
S33G_CAND_031,lower_energy_wag_envelope__hsm_heavy_substitution,C1_phase1_hybrid_BF_BOF_NG_DRP_EAF,168.0,6200000.0,0.55,optimal,ok,appsi_highs,1.939003,not_reported_by_solver,62932257.1812186,48.0505185,0.24539929,2,false,outside_calibration_tolerance,3.85,1.0,0.0,1.0,1500.0,345.0,75.0,0.99,0.3715,1.0,44.0,2.15568,6199999.999999992,707.7625570776246,118904.10958904093,0.5499999999999996,0.45000000000000046,5.094022392763683,1.3917073139006044,3.702315078863078,124682.34106726476,124682.34106726476,88344.47280734277,0.0,0.0,36337.868259922005,0.0,36337.868259922005,0.0,0.0,38.413282713540745,38.413282713540745,27.217977951635987,0.0,0.0,11.195304761904763,0.0,44.7299247999999,18.338480613949255,13.32833428390708,96.47154179744773,101.4816881274899,0.4407684344372196,0.1807072877119555,0.37852427785082493,9963278.170849841,740463.0157726156,10703741.186622458,13.571117999999974,6.492939971561984,2.4255841499999944,22.489642121561953,7.6265059199999845,0.38877897142857065,0.0,0.9880952380952384,13.48626199203816,12.1834,0.0,0.0,16.368014214111295,0.8216165149618853,0.22446892159687198,176.16408189503883,1.6069803501370734,1630.13544,25000.0,500.0,0.0,0.0,0.0,9.094947017729282e-13,2.8421709430404007e-13,3.765876499528531e-13,False,7.958078640513122e-13,0.6069471270547896,12.13894254109579,-0.492077622664013,4.92077622664013,2.750563373111323,27.505633731113228,-0.2545366979796127,2.545366979796127,-0.01117825361579534,0.11178253615795339,-1.0,0.6666666666666666,S33_CAND_002_LOW_WAG_ENVELOPE,deterministic_s3_3g_named_gas_sink_cases,S33G_CASE_005_HSM_HEAVY,hsm_heavy_substitution,4.89,0.04172237070831965,1.23,0.13146936089480035,151673.52,-0.17795577588451322,9107793.17,0.09392890076464497,102.1941,-0.0069711644068503244,1.5426,1.6069471270547895,0.0417134234764615,0.4489,0.507922377335987,0.13148223955443744,4.5625,3.750563373111323,-0.17795871274272376,0.6815,0.7454633020203874,0.09385664272984205,0.9958,0.9888217463842046,-0.0070076858965609605,S3.3g C1 gas-sink decomposition diagnostic,true,false,false,false,false,false,false,true,false,hsm_ng_upper_supported_no_unsupported_cog_split,1.0,12.1834,11.1834,1.0,11.1834,0.9880952380952384,1.3917073139006044,26991.17893273523,0.16170731390060444,true,,hsm_fuel_substitution_ng=upper;boiler_steam_ng=lower;vattenfall_generator_bfg_equivalent_wag=upper,0.10112669017479757,0.0904095145318257,0.17795577588451322,false,false,false,true,0.401,0.09917315321002383,0.172,0.05062376576718316,0.427,-0.11352628137980109,9.3,0.0,0.0,0.0,1.8834,0.0,0.0,0.0,0.0,1.0,1.0,5.0,0.3715,
S33G_CAND_018,lower_energy_wag_envelope__s3_3f_best_bounded_comparison_lumped_utility,C1_phase1_hybrid_BF_BOF_NG_DRP_EAF,168.0,6200000.0,0.5033645161290323,optimal,ok,appsi_highs,2.945775,not_reported_by_solver,62643378.59517102,49.6174364,0.24539929,2,false,outside_calibration_tolerance,3.85,1.0,0.0,1.0,1500.0,345.0,75.0,0.99,0.3715,1.0,44.0,2.15568,6199999.999999993,707.7625570776247,118904.10958904095,0.5033645161290322,0.4966354838709677,5.295274444177191,1.3670220259607762,3.9282524182164145,122655.05249778352,122655.05249778352,97500.00000000041,0.0,0.0,25155.052497783112,0.0,25155.052497783112,0.0,0.0,37.78869700000013,37.78869700000013,30.038697000000127,0.0,0.0,7.75,0.0,40.937194460799944,19.062987999037883,14.141708705579093,92.86760016637916,97.78887945983794,0.41862832140962325,0.19494024376122526,0.3864314348291516,9352350.484668152,785650.4836432828,10138000.968311435,12.420398627999985,5.942391976436644,2.2199145308999975,20.58270513533663,6.979840840319991,0.35581370697142817,0.0,0.0,13.247050588045207,7.75,0.0,0.0,15.772399912877107,0.8540765232543867,0.22048742354206094,173.29971933557823,1.508443626559381,1630.13544,25000.0,500.0,0.0,0.0,0.0,9.094947017729282e-13,2.2737367544323206e-13,3.055333763768431e-13,False,2.2737367544323206e-13,0.6704335786047921,13.408671572095843,-0.5010868518391328,5.0108685183913275,2.68958060530043,26.8958060530043,-0.30024697148870116,3.0024697148870114,-0.04716040550139442,0.4716040550139442,-1.0,0.6666666666666666,S33_CAND_002_LOW_WAG_ENVELOPE,deterministic_s3_3g_named_gas_sink_cases,S33G_CASE_001_S3_3F_BASELINE,s3_3f_best_bounded_comparison_lumped_utility,4.89,0.08287820944318842,1.23,0.11140002110632209,151673.52,-0.19132190973227545,9107793.17,0.026851434821082182,102.1941,-0.04310640771005432,1.5426,1.6704335786047921,0.08286890872863488,0.4489,0.4989131481608672,0.11141267133184932,4.5625,3.6895806053004296,-0.191324798838262,0.6815,0.6997530285112988,0.026783607500071666,0.9958,0.9528395944986056,-0.04314160022232824,S3.3g C1 gas-sink decomposition diagnostic,true,false,false,false,false,false,false,false,true,comparison_baseline_not_gas_sink_decomposition,1.0,7.75,7.75,0.0,0.0,0.0,1.3670220259607762,29018.467502216474,0.13702202596077617,true,,boiler_steam_ng=lower;boiler_steam_wag=lower;vattenfall_generator_bfg_equivalent_wag=upper;c1_route_share=capacity_implied_lower,0.10115315803870355,0.0911115965625845,0.19132190973227545,false,false,false,true,0.401,0.04396090127088086,0.172,0.13337351023968186,0.427,-0.09500834934624916,0.0,0.0,0.0,0.0,0.0,0.0,0.0,0.0,0.0,0.0,1.0,5.0,0.3715,
S33G_CAND_032,lower_energy_wag_envelope__pelletizing_heavy_substitution,C1_phase1_hybrid_BF_BOF_NG_DRP_EAF,168.0,6200000.0,0.55,optimal,ok,appsi_highs,1.816183,not_reported_by_solver,62856417.04090175,47.79497836,0.24539929,2,false,outside_calibration_tolerance,3.85,1.0,0.0,1.0,1500.0,345.0,75.0,0.99,0.3715,1.0,44.0,2.15568,6199999.999999993,707.7625570776247,118904.10958904095,0.5499999999999995,0.45000000000000046,5.094022392763683,1.3917073139006046,3.7023150788630783,123691.3293732489,123691.3293732489,88344.47280734278,0.0,0.0,35346.85656590612,0.0,35346.85656590612,0.0,0.0,38.10796271354076,38.10796271354076,27.217977951635994,0.0,0.0,10.889984761904763,0.0,44.7299247999999,18.338480613949258,13.328334283907083,96.16622179744775,101.17636812748991,0.4420985416637687,0.18125260822607686,0.3766488501101545,9946149.718849842,740463.0157726158,10686612.734622456,13.571117999999972,6.492939971561984,2.4255841499999944,22.489642121561953,7.6265059199999845,0.38877897142857065,0.0,0.9880952380952363,13.48626199203816,11.87808,0.0,0.0,16.318769052820972,0.8216165149618854,0.22446892159687198,174.7638782757519,1.604217696588686,1630.13544,25000.0,500.0,0.0,0.0,0.0,9.094947017729282e-13,2.2737367544323206e-13,3.126388037344441e-13,False,9.663381206337363e-13,0.6069471270547896,12.13894254109579,-0.49207762266401295,4.920776226640129,2.7207527990550044,27.207527990550044,-0.2558182673754944,2.558182673754944,-0.014153244091187697,0.14153244091187697,-1.0,0.6666666666666666,S33_CAND_002_LOW_WAG_ENVELOPE,deterministic_s3_3g_named_gas_sink_cases,S33G_CASE_006_PELLETIZING_HEAVY,pelletizing_heavy_substitution,4.89,0.04172237070831965,1.23,0.13146936089480055,151673.52,-0.1844896236782208,9107793.17,0.09204826385510043,102.1941,-0.009958812421755243,1.5426,1.6069471270547895,0.0417134234764615,0.4489,0.5079223773359871,0.1314822395544377,4.5625,3.720752799055004,-0.1844925371934238,0.6815,0.7441817326245056,0.09197613004329509,0.9958,0.9858467559088123,-0.00999522403212261,S3.3g C1 gas-sink decomposition diagnostic,true,false,false,false,false,false,false,true,false,pellet_firing_upper_no_unsupported_grinding_split,1.0,11.87808,10.87808,1.0,10.87808,0.9880952380952363,1.3917073139006046,27982.190626751093,0.16170731390060467,true,,pelletizing_firing_ng=upper;boiler_steam_ng=lower;vattenfall_generator_bfg_equivalent_wag=upper,0.1029446539741179,0.09193768631163933,0.1844896236782208,false,false,false,true,0.401,0.10249012883732841,0.172,0.053794233872539975,0.427,-0.11791838381696843,8.618,0.0,0.0,0.0,2.26008,0.0,0.0,0.0,0.0,1.0,1.0,5.0,0.3715,
S33G_CAND_028,lower_energy_wag_envelope__explicit_gas_sink_decomposition_central,C1_phase1_hybrid_BF_BOF_NG_DRP_EAF,168.0,6200000.0,0.55,optimal,ok,appsi_highs,2.3041,not_reported_by_solver,62762851.39156809,47.47971287,0.24539929,2,false,outside_calibration_tolerance,3.85,1.0,0.0,1.0,1500.0,345.0,75.0,0.99,0.3715,1.0,44.0,2.15568,6199999.999999992,707.7625570776246,118904.10958904093,0.5499999999999996,0.4500000000000004,5.094022392763683,1.3917073139006046,3.702315078863078,122468.69644745985,122468.69644745985,88344.47280734275,0.0,0.0,34124.22364011709,0.0,34124.22364011709,0.0,0.0,37.73128271354075,37.73128271354075,27.217977951635984,0.0,0.0,10.513304761904763,0.0,44.7299247999999,18.338480613949255,13.32833428390708,95.78954179744771,100.7996881274899,0.44375062692085093,0.18192993405649258,0.3743194390226565,9925017.97084984,740463.0157726156,10665480.986622456,13.571117999999972,6.492939971561984,2.4255841499999944,22.489642121561953,7.6265059199999845,0.38877897142857065,0.0,0.9880952380952363,13.48626199203816,11.5014,0.0,0.0,16.258014214111295,0.8216165149618853,0.224468921596872,173.03641627092736,1.600809350137073,1630.13544,25000.0,500.0,0.0,0.0,0.0,9.094947017729282e-13,2.2737367544323206e-13,3.979039320256561e-13,False,1.0089706847793423e-12,0.6069471270547896,12.13894254109579,-0.49207762266401295,4.920776226640129,2.6839748381106356,26.839748381106354,-0.2573993677293552,2.5739936772935517,-0.017823555280336245,0.17823555280336245,-1.0,0.6666666666666666,S33_CAND_002_LOW_WAG_ENVELOPE,deterministic_s3_3g_named_gas_sink_cases,S33G_CASE_002_CENTRAL_DECOMPOSITION,explicit_gas_sink_decomposition_central,4.89,0.04172237070831965,1.23,0.13146936089480055,151673.52,-0.19255057542371365,9107793.17,0.08972808073218905,102.1941,-0.013644739495823191,1.5426,1.6069471270547895,0.0417134234764615,0.4489,0.5079223773359871,0.1314822395544377,4.5625,3.683974838110635,-0.19255346014013475,0.6815,0.7426006322706449,0.08965610017702845,0.9958,0.9821764447196637,-0.013681015545627956,S3.3g C1 gas-sink decomposition diagnostic,true,false,false,false,false,false,false,true,false,mixed_source_supported_and_diagnostic_only,1.0,11.5014,10.5014,1.0,10.5014,0.9880952380952363,1.3917073139006046,29204.82355254014,0.16170731390060467,true,,boiler_steam_ng=lower;vattenfall_generator_bfg_equivalent_wag=upper,0.10518751590235054,0.09382302545096921,0.19255057542371365,false,false,false,true,0.401,0.10661004219663568,0.172,0.05773217474704995,0.427,-0.12337367910384889,8.618,0.0,0.0,0.0,1.8834,0.0,0.0,0.0,0.0,1.0,1.0,5.0,0.3715,
S33G_CAND_051,higher_energy_wag_envelope__boiler_steam_heavy_substitution,C1_phase1_hybrid_BF_BOF_NG_DRP_EAF,168.0,6200000.0,0.55,optimal,ok,appsi_highs,2.068873,not_reported_by_solver,63176495.13233307,48.34007984,0.224039,1,false,outside_calibration_tolerance,3.85,1.0,0.0,1.0,1630.0,375.0,75.0,1.0,0.3715,0.97,44.0,2.15568,6199999.999999992,707.7625570776245,118904.10958904092,0.5499999999999997,0.4500000000000004,5.094022392763682,1.4497967920481114,3.6442256007155707,128998.96353213777,128998.96353213777,88344.47280734274,0.0,0.0,40654.49072479504,0.0,40654.49072479504,0.0,0.0,39.7431874754455,39.7431874754455,27.217977951635984,0.0,0.0,12.525209523809524,0.0,44.7299247999999,18.338480613949255,13.119212162576055,97.59232443802145,102.81159288939466,0.43506693693697196,0.17836977424985434,0.38656328881317376,10037885.827992696,728845.1201431142,10766730.94813581,14.896243999999971,7.128831764999985,2.4500849999999947,24.47516076499995,7.6265059199999845,0.38877897142857065,0.0,1.9761904761904767,14.049174835459493,14.5014,0.4345105619214247,0.017753123915851248,16.58251498216045,0.8216165149618853,0.23383819226582475,182.26305170024654,1.6190138432246308,1630.13544,25000.0,500.0,0.0,0.0,0.0,9.094947017729282e-13,2.828157461307304e-13,3.623767952376511e-13,False,1.7053025658242404e-12,0.6069471270547893,12.138942541095785,-0.47087708319411997,4.7087708319412,2.8804114813014636,28.804114813014635,-0.24895447197969628,2.4895447197969625,0.0017801310293168752,0.01780131029316875,-0.11234380420743761,0.07489586947162508,S33_CAND_003_HIGH_WAG_ENVELOPE,deterministic_s3_3g_named_gas_sink_cases,S33G_CASE_007_BOILER_STEAM_HEAVY,boiler_steam_heavy_substitution,4.89,0.04172237070831947,1.23,0.1786965789009036,151673.52,-0.14949581487831376,9107793.17,0.10212052915917241,102.1941,0.00604235361331676,1.5426,1.6069471270547893,0.041713423476461356,0.4489,0.5291229168058801,0.17870999511223,4.5625,3.8804114813014636,-0.14949885341337785,0.6815,0.7510455280203038,0.10204773003712954,0.9958,1.0017801310293168,0.006005353514075946,S3.3g C1 gas-sink decomposition diagnostic,true,false,false,false,false,false,false,true,false,diagnostic_only_boiler_steam_split,1.0,14.5014,12.5014,2.0,12.5014,1.9761904761904767,1.4497967920481114,22674.556467862218,0.21979679204811142,true,,boiler_steam_ng=upper;boiler_steam_wag=upper;vattenfall_generator_bfg_equivalent_wag=upper,0.1070289740249391,0.0956155294520052,0.1786965789009036,false,false,false,true,0.401,0.08495495495504223,0.172,0.03703357122008346,0.427,-0.09469955781458135,8.618,0.0,0.0,0.0,1.8834,0.0,0.0,0.0,2.0,2.0,1.0,5.0,0.3715,
S33G_CAND_011,central_calibrated_set__low_process_ng_high_wag_to_process,C1_phase1_hybrid_BF_BOF_NG_DRP_EAF,168.0,6200000.0,0.55,optimal,ok,appsi_highs,3.00965,not_reported_by_solver,62528506.24125503,46.24842344,0.2126787,1,false,outside_calibration_tolerance,3.85,1.0,0.0,1.0,1600.0,365.0,75.0,1.0,0.3715,0.95,44.0,2.15568,6199999.999999992,707.7625570776246,118904.10958904093,0.5499999999999996,0.45000000000000046,5.094022392763683,1.3743898686536082,3.7196325241100743,119071.05953550305,119071.05953550305,88344.47280734277,0.0,0.0,30726.5867281603,0.0,30726.5867281603,0.0,0.0,36.68450747544551,36.684507475445514,27.217977951635987,0.0,0.0,9.466529523809525,0.0,44.7299247999999,18.338480613949255,13.390677086796268,94.80510936224167,99.75291288939465,0.4484072044051097,0.1838390487331717,0.3677537468617186,9866293.879992697,743926.504822015,10610220.384814713,14.62207999999997,6.938729584599985,2.4500849999999947,24.010894584599953,7.6265059199999845,0.38877897142857065,0.0,1.9761904761904767,13.318448256131871,11.442720000000001,0.7009709608490492,0.029193871072951866,16.089179498289482,0.8216165149618853,0.2216757852667113,168.23588411790453,1.5913377225794696,1630.13544,25000.0,500.0,0.0,0.0,0.0,9.094947017729282e-13,2.2737367544323206e-13,2.7000623958883807e-13,False,3.410605131648481e-13,0.6069471270547896,12.13894254109579,-0.4983978581556175,4.983978581556174,2.5817706891667087,25.817706891667086,-0.2617931680356229,2.617931680356229,-0.028023169990181625,0.28023169990181623,0.4596935536475933,0.3064623690983955,S33_CAND_001_CALIBRATION_ANCHOR,deterministic_s3_3g_named_gas_sink_cases,S33G_CASE_003_LOW_PROCESS_NG_HIGH_WAG_PROCESS,low_process_ng_high_wag_to_process,4.89,0.04172237070831965,1.23,0.11739013711675468,151673.52,-0.21495156481168853,9107793.17,0.08328040567402317,102.1941,-0.023887749983662023,1.5426,1.6069471270547895,0.0417134234764615,0.4489,0.5016021418443826,0.11740285552324023,4.5625,3.5817706891667083,-0.21495436949770777,0.6815,0.7382068319643771,0.08320885101155846,0.9958,0.9719768300098184,-0.023923649317314357,S3.3g C1 gas-sink decomposition diagnostic,true,false,false,false,false,false,false,true,false,bounded_low_ng_high_wag_process_diagnostic,1.0,11.44272,9.44272,2.0,9.44272,1.9761904761904767,1.3743898686536082,32602.460464496937,0.14438986865360826,true,,hsm_fuel_substitution_ng=lower;pelletizing_firing_ng=lower;boiler_steam_ng=lower;boiler_steam_wag=upper;vattenfall_generator_bfg_equivalent_wag=upper,0.10790051320977828,0.09624644565888961,0.21495156481168853,false,false,false,true,0.401,0.11822245487558529,0.172,0.06883167868123087,0.427,-0.1387500073496052,7.936,0.0,0.0,0.0,1.50672,0.0,0.0,0.0,0.0,2.0,1.0,5.0,0.3715,
S33G_CAND_052,higher_energy_wag_envelope__vattenfall_lhv_limited_generation,C1_phase1_hybrid_BF_BOF_NG_DRP_EAF,168.0,6200000.0,0.55,optimal,ok,appsi_highs,2.244455,not_reported_by_solver,63292070.608694434,52.71317711,0.229039,2,false,normal_flare_above_admissible_limit;outside_calibration_tolerance,3.85,1.0,0.0,1.0,1630.0,375.0,75.0,1.0,0.321,0.75,44.0,2.15568,6199999.999999992,707.7625570776246,118904.10958904093,0.5499999999999998,0.4500000000000002,5.094022392763682,1.0346753299974687,4.059347062766213,122468.6964474598,122468.6964474598,88344.47280734272,0.0,0.0,34124.22364011709,0.0,34124.22364011709,0.0,0.0,37.73128271354074,37.73128271354074,27.217977951635977,0.0,0.0,10.513304761904763,0.0,44.729924799999914,18.338480613949255,14.613649425958368,97.07485693949901,100.79968812748992,0.4437506269208511,0.18192993405649255,0.37431943902265635,9925017.970849842,811869.4125532426,10736887.383403085,14.896243999999976,7.128831764999988,2.4500849999999956,24.47516076499996,7.626505919999987,0.38877897142857076,0.0,0.9880952380952363,11.603835476607125,11.5014,3.8679451588690386,0.1580355363548945,16.2580142141113,0.8216165149618851,0.16688311774152742,173.0364162709273,1.6008093501370733,1630.13544,25000.0,500.0,0.0,0.0,0.0,9.094947017729282e-13,2.6720810749244113e-13,3.694822225952521e-13,False,3.410605131648481e-13,0.6069471270547893,12.138942541095785,-0.6223812664242815,6.223812664242814,2.683974838110634,26.839748381106336,-0.257399367729355,2.57399367729355,-0.017823555280336106,0.17823555280336106,6.901776817744726,4.601184545163151,S33_CAND_003_HIGH_WAG_ENVELOPE,deterministic_s3_3g_named_gas_sink_cases,S33G_CASE_008_VATTENFALL_LHV_LIMITED,vattenfall_lhv_limited_generation,4.89,0.04172237070831947,1.23,-0.15880054471750513,151673.52,-0.19255057542371395,9107793.17,0.08972808073218926,102.1941,-0.013644739495823052,1.5426,1.6069471270547893,0.041713423476461356,0.4489,0.37761873357571846,-0.1587909699805782,4.5625,3.683974838110634,-0.19255346014013505,0.6815,0.742600632270645,0.0896561001770286,0.9958,0.9821764447196639,-0.013681015545627733,S3.3g C1 gas-sink decomposition diagnostic,true,false,false,false,false,false,false,true,false,diagnostic_only_lhv_limited_interface,1.0,11.5014,10.5014,1.0,10.5014,0.9880952380952363,1.0346753299974687,29204.823552540183,-0.1953246700025313,true,,boiler_steam_ng=lower;wag_to_power_efficiency=lower_public,0.11202031185802673,0.09928926221551018,0.19255057542371395,false,false,false,true,0.401,0.1066100421966361,0.172,0.05773217474704978,0.427,-0.12337367910384928,8.618,0.0,0.0,0.0,1.8834,0.0,0.0,0.0,0.0,1.0,0.75,5.0,0.321,
S33G_CAND_053,higher_energy_wag_envelope__combined_best_source_supported,C1_phase1_hybrid_BF_BOF_NG_DRP_EAF,168.0,6200000.0,0.55,optimal,ok,appsi_highs,2.273889,not_reported_by_solver,64028539.5047131,54.91386194,0.229039,2,false,normal_flare_above_admissible_limit;outside_calibration_tolerance,3.85,1.0,0.0,1.0,1630.0,375.0,75.0,1.0,0.321,0.75,44.0,2.15568,6199999.999999992,707.7625570776245,118904.10958904092,0.5499999999999999,0.45000000000000007,5.09402239276368,0.9685964609498495,4.125425931813831,130812.33446497147,130812.33446497147,88344.47280734268,0.0,0.0,42467.86165762878,0.0,42467.86165762878,0.0,0.0,40.30186747544549,40.30186747544549,27.217977951635966,0.0,0.0,13.083889523809527,0.0,44.72992479999992,18.33848061394925,14.851533354529792,99.8833256299752,103.37027288939466,0.43271555302809905,0.1774057483002998,0.38987869867160124,10069227.7759927,825085.1863627662,10894312.962355467,14.896243999999978,7.1288317649999895,2.450084999999996,24.47516076499996,7.626505919999989,0.3887789714285709,0.0,1.9761904761904767,10.862764048035695,15.060080000000005,3.62092134934523,0.1479426992987613,16.672624659579807,0.821616514961885,0.15622523563707275,184.8251693408309,1.6240689961278572,1630.13544,25000.0,500.0,0.0,0.0,0.0,9.094947017729282e-13,2.1505760135672365e-13,3.694822225952521e-13,False,7.958078640513122e-13,0.6069471270547887,12.138942541095773,-0.646497641989106,6.46497641989106,2.9349594031990933,29.349594031990932,-0.24660943336417385,2.4660943336417382,0.007223821841553929,0.07223821841553929,6.397134964938066,4.264756643292044,S33_CAND_003_HIGH_WAG_ENVELOPE,deterministic_s3_3g_named_gas_sink_cases,S33G_CASE_009_COMBINED_BEST_SOURCE_SUPPORTED,combined_best_source_supported,4.89,0.0417223707083191,1.23,-0.2125232024797971,151673.52,-0.13754006325579127,9107793.17,0.10556175223209432,102.1941,0.011509205417872946,1.5426,1.6069471270547886,0.041713423476460926,0.4489,0.35350235801089397,-0.21251423922723556,4.5625,3.9349594031990933,-0.13754314450430832,0.6815,0.7533905666358262,0.10548872580458718,0.9958,1.007223821841554,0.011472004259443546,S3.3g C1 gas-sink decomposition diagnostic,true,false,false,false,false,false,false,true,false,source_supported_ng_ranges_plus_diagnostic_steam_lhv,1.0,15.060080000000001,13.060080000000001,2.0,13.060080000000001,1.9761904761904767,0.9685964609498495,20861.18553502852,-0.26140353905015046,true,,hsm_fuel_substitution_ng=upper;pelletizing_firing_ng=upper;boiler_steam_wag=upper;wag_to_power_efficiency=lower_public,0.11398137116027816,0.10177131881877495,0.2125232024797971,false,false,false,true,0.401,0.07909115468353872,0.172,0.03142876918778954,0.427,-0.0869351319166247,9.3,0.0,0.0,0.0,2.26008,0.0,0.0,0.0,1.5,2.0,0.75,5.0,0.321,
S33G_CAND_000,central_calibrated_set__s3_3f_best_bounded_comparison_lumped_utility,C1_phase1_hybrid_BF_BOF_NG_DRP_EAF,168.0,6200000.0,0.5033645161290323,optimal,ok,appsi_highs,1.964405,not_reported_by_solver,62542377.94346757,49.08754269,0.2126787,1,false,outside_calibration_tolerance,3.85,1.0,0.0,1.0,1600.0,365.0,75.0,1.0,0.3715,0.95,44.0,2.15568,6199999.999999992,707.7625570776245,118904.10958904092,0.5033645161290329,0.49663548387096706,5.295274444177187,1.435161016167881,3.8601134280093055,122655.05249778337,122655.05249778337,97500.00000000026,0.0,0.0,25155.052497783112,0.0,25155.052497783112,0.0,0.0,37.788697000000084,37.788697000000084,30.038697000000084,0.0,0.0,7.75,0.0,40.937194460799994,19.062987999037873,13.8964083408335,92.62229980163357,97.78887945983794,0.41862832140962375,0.19494024376122515,0.3864314348291511,9352350.484668154,772022.6856018612,10124373.170270016,13.38224768,6.3503822907315985,2.2423379100000003,21.9749678807316,6.97984084032,0.3558137069714286,0.0,0.0,13.907347666768162,7.75,0.7319656666720107,0.03330906650898102,15.77239991287711,0.8540765232543862,0.23147758325288437,173.29971933557803,1.508443626559382,1630.13544,25000.0,500.0,0.0,0.0,0.0,9.094947017729282e-13,2.3267906120357416e-13,2.5579538487363607e-13,False,5.684341886080801e-13,0.6704335786047908,13.408671572095816,-0.4762186072379997,4.762186072379997,2.6895806053004256,26.895806053004254,-0.300246971488701,3.0024697148870096,-0.04716040550139442,0.4716040550139442,0.6654533254490511,0.4436355502993674,S33_CAND_001_CALIBRATION_ANCHOR,deterministic_s3_3g_named_gas_sink_cases,S33G_CASE_001_S3_3F_BASELINE,s3_3f_best_bounded_comparison_lumped_utility,4.89,0.08287820944318752,1.23,0.16679757412022841,151673.52,-0.19132190973227642,9107793.17,0.026851434821082387,102.1941,-0.04310640771005432,1.5426,1.6704335786047908,0.08286890872863402,0.4489,0.5237813927620003,0.16681085489418643,4.5625,3.689580605300425,-0.19132479883826298,0.6815,0.699753028511299,0.02678360750007183,0.9958,0.9528395944986056,-0.04314160022232824,S3.3g C1 gas-sink decomposition diagnostic,true,false,false,false,false,false,false,false,true,comparison_baseline_not_gas_sink_decomposition,1.0,7.75,7.75,0.0,0.0,0.0,1.435161016167881,29018.46750221662,0.20516101616788096,true,,boiler_steam_ng=lower;boiler_steam_wag=lower;vattenfall_generator_bfg_equivalent_wag=upper;c1_route_share=capacity_implied_lower,0.11500254629218025,0.10219110716536581,0.19132190973227642,false,false,false,true,0.401,0.043960901270882105,0.172,0.1333735102396812,0.427,-0.09500834934625034,0.0,0.0,0.0,0.0,0.0,0.0,0.0,0.0,0.0,0.0,1.0,5.0,0.3715,
S33G_CAND_043,higher_energy_wag_envelope__vattenfall_lhv_limited_generation,C1_phase1_hybrid_BF_BOF_NG_DRP_EAF,168.0,6200000.0,0.5033645161290323,optimal,ok,appsi_highs,2.406497,not_reported_by_solver,63960748.07723697,57.38304868,0.229039,2,false,normal_flare_above_admissible_limit;outside_calibration_tolerance,3.85,1.0,0.0,1.0,1630.0,375.0,75.0,1.0,0.321,0.75,44.0,2.15568,6199999.999999992,707.7625570776246,118904.10958904093,0.5033645161290333,0.4966354838709666,5.295274444177185,0.9413404123693491,4.353934031807837,131624.22364011727,131624.22364011727,97500.00000000019,0.0,0.0,34124.22364011709,0.0,34124.22364011709,0.0,0.0,40.55200176190482,40.55200176190482,30.03869700000006,0.0,0.0,10.513304761904763,0.0,40.93719446080003,19.062987999037865,15.674162514508213,97.16335873721307,100.55218422174273,0.40712387083032703,0.18958303239837346,0.4032930967712995,9507371.881811015,870786.8063615675,10378158.688172584,13.633164824000012,6.524365367190005,2.242337910000002,22.39986810119002,6.979840840320005,0.3558137069714289,0.0,0.9880952380952363,10.557088736852513,11.5014,3.5190295789508346,0.1571004598354703,16.218094229313365,0.8540765232543859,0.15182909876925005,185.97229017539178,1.5334470777114562,1630.13544,25000.0,500.0,0.0,0.0,0.0,9.094947017729282e-13,2.7010097862027277e-13,3.694822225952521e-13,False,6.252776074688882e-13,0.6704335786047902,13.408671572095804,-0.6564451049746901,6.564451049746901,2.9593818015697226,29.593818015697224,-0.28864810205875374,2.8864810205875373,-0.02023519474784653,0.20235194747846527,6.855022991773516,4.570015327849011,S33_CAND_003_HIGH_WAG_ENVELOPE,deterministic_s3_3g_named_gas_sink_cases,S33G_CASE_008_VATTENFALL_LHV_LIMITED,vattenfall_lhv_limited_generation,4.89,0.08287820944318716,1.23,-0.2346825915696349,151673.52,-0.13218718969456714,9107793.17,0.043872176755965504,102.1941,-0.01606663964218356,1.5426,1.6704335786047901,0.08286890872863359,0.4489,0.34355489502530984,-0.23467388054063307,4.5625,3.9593818015697226,-0.1321902900669101,0.6815,0.7113518979412462,0.043803225152232145,0.9958,0.9797648052521535,-0.016102826619649062,S3.3g C1 gas-sink decomposition diagnostic,true,false,false,false,false,false,false,true,false,diagnostic_only_lhv_limited_interface,1.0,11.5014,10.5014,1.0,10.5014,0.9880952380952363,0.9413404123693491,20049.29635988272,-0.2886595876306509,true,,boiler_steam_ng=lower;c1_route_share=capacity_implied_lower;wag_to_power_efficiency=lower_public,0.11552028295627322,0.10193736142110765,0.2346825915696349,false,false,false,true,0.401,0.015271498329992531,0.172,0.10222693254868298,0.427,-0.05551967969250704,8.618,0.0,0.0,0.0,1.8834,0.0,0.0,0.0,0.0,1.0,0.75,5.0,0.321,
S33G_CAND_044,higher_energy_wag_envelope__combined_best_source_supported,C1_phase1_hybrid_BF_BOF_NG_DRP_EAF,168.0,6200000.0,0.5033645161290323,optimal,ok,appsi_highs,2.2644,not_reported_by_solver,64697216.97325566,59.5043315,0.229039,2,false,normal_flare_above_admissible_limit;outside_calibration_tolerance,3.85,1.0,0.0,1.0,1630.0,375.0,75.0,1.0,0.321,0.75,44.0,2.15568,6199999.999999993,707.7625570776247,118904.10958904095,0.5033645161290332,0.4966354838709668,5.295274444177186,0.8752615433217297,4.420012900855457,139967.86165762902,139967.86165762902,97500.00000000022,0.0,0.0,42467.86165762878,0.0,42467.86165762878,0.0,0.0,43.1225865238096,43.122586523809595,30.038697000000067,0.0,0.0,13.083889523809527,0.0,40.93719446080002,19.06298799903787,15.912046443079644,99.97182742768926,103.12276898364749,0.3969753223683468,0.18485721617949136,0.4181674614521618,9651581.686953872,884002.5801710915,10535584.267124964,13.63316482400001,6.524365367190004,2.242337910000002,22.399868101190016,6.979840840320005,0.3558137069714289,0.0,1.9761904761904767,9.81601730828108,15.060080000000005,3.272005769427025,0.14607254625991287,16.632704674781873,0.8540765232543859,0.14117121666479526,197.76104324529544,1.5567067237022394,1630.13544,25000.0,500.0,0.0,0.0,0.0,5.115907697472721e-13,2.5271636635200894e-13,3.623767952376511e-13,False,4.547473508864641e-13,0.6704335786047905,13.408671572095809,-0.6805614805395147,6.805614805395146,3.2103663666581848,32.103663666581845,-0.2778581676935727,2.7785816769357266,0.004812182374043645,0.04812182374043645,6.303627312995643,4.2024182086637625,S33_CAND_003_HIGH_WAG_ENVELOPE,deterministic_s3_3g_named_gas_sink_cases,S33G_CASE_009_COMBINED_BEST_SOURCE_SUPPORTED,combined_best_source_supported,4.89,0.08287820944318734,1.23,-0.28840524933192707,151673.52,-0.07717667752664385,9107793.17,0.059705848255870365,102.1941,0.009087305271512577,1.5426,1.6704335786047906,0.08286890872863387,0.4489,0.31943851946048524,-0.28839714978729064,4.5625,4.210366366658185,-0.0771799744310827,0.6815,0.7221418323064273,0.059635850779790556,0.9958,1.0048121823740437,0.00905019318542244,S3.3g C1 gas-sink decomposition diagnostic,true,false,false,false,false,false,false,true,false,source_supported_ng_ranges_plus_diagnostic_steam_lhv,1.0,15.060080000000001,13.060080000000001,2.0,13.060080000000001,1.9761904761904767,0.8752615433217297,11705.658342370967,-0.3547384566782703,true,,hsm_fuel_substitution_ng=upper;pelletizing_firing_ng=upper;boiler_steam_wag=upper;c1_route_share=capacity_implied_lower;wag_to_power_efficiency=lower_public,0.11667404220973777,0.10345065796582824,0.28840524933192707,false,false,false,true,0.401,-0.010036602572701262,0.172,0.07475125685750797,0.427,-0.020685101985569474,9.3,0.0,0.0,0.0,2.26008,0.0,0.0,0.0,1.5,2.0,0.75,5.0,0.321,
S33G_CAND_013,central_calibrated_set__hsm_heavy_substitution,C1_phase1_hybrid_BF_BOF_NG_DRP_EAF,168.0,6200000.0,0.55,optimal,ok,appsi_highs,2.655067,not_reported_by_solver,62814341.99476603,47.41039146,0.2126787,1,false,outside_calibration_tolerance,3.85,1.0,0.0,1.0,1600.0,365.0,75.0,1.0,0.3715,0.95,44.0,2.15568,6199999.9999999935,707.7625570776248,118904.10958904096,0.5499999999999995,0.45000000000000046,5.094022392763684,1.4712575108493757,3.622764881914308,124682.34106726482,124682.34106726482,88344.4728073428,0.0,0.0,36337.868259922005,0.0,36337.868259922005,0.0,0.0,38.41328271354076,38.41328271354076,27.217977951635998,0.0,0.0,11.195304761904763,0.0,44.72992479999991,18.33848061394926,13.04195357489151,96.1851610884322,101.48168812748992,0.4407684344372196,0.18070728771195552,0.37852427785082493,9963278.170849843,724552.9763828616,10687831.147232704,14.622079999999974,6.938729584599985,2.450084999999995,24.010894584599956,7.626505919999985,0.3887789714285707,0.0,0.9880952380952384,14.25713873232235,12.1834,0.7503757227538095,0.031251468790966394,16.368014214111295,0.8216165149618854,0.23729959852409313,176.16408189503886,1.6069803501370732,1630.13544,25000.0,500.0,0.0,0.0,0.0,9.094947017729282e-13,2.4692149559592117e-13,2.7000623958883807e-13,False,5.684341886080801e-13,0.6069471270547898,12.138942541095796,-0.46304470406957093,4.630447040695709,2.7505633731113246,27.505633731113246,-0.25453669797961254,2.545366979796125,-0.011178253615795202,0.11178253615795201,0.5625734395483196,0.37504895969887975,S33_CAND_001_CALIBRATION_ANCHOR,deterministic_s3_3g_named_gas_sink_cases,S33G_CASE_005_HSM_HEAVY,hsm_heavy_substitution,4.89,0.04172237070831983,1.23,0.19614431776372013,151673.52,-0.17795577588451283,9107793.17,0.09392890076464516,102.1941,-0.006971164406850185,1.5426,1.60694712705479,0.041713423476461786,0.4489,0.536955295930429,0.1961579325694564,4.5625,3.7505633731113246,-0.17795871274272337,0.6815,0.7454633020203875,0.09385664272984222,0.9958,0.9888217463842048,-0.007007685896560738,S3.3g C1 gas-sink decomposition diagnostic,true,false,false,false,false,false,false,true,false,hsm_ng_upper_supported_no_unsupported_cog_split,1.0,12.1834,11.1834,1.0,11.1834,0.9880952380952384,1.4712575108493757,26991.178932735173,0.24125751084937574,true,,hsm_fuel_substitution_ng=upper;boiler_steam_ng=lower;vattenfall_generator_bfg_equivalent_wag=upper,0.11729542939202743,0.10334450590560962,0.19614431776372013,false,false,false,true,0.401,0.09917315321002383,0.172,0.05062376576718332,0.427,-0.11352628137980109,9.3,0.0,0.0,0.0,1.8834,0.0,0.0,0.0,0.0,1.0,1.0,5.0,0.3715,
S33G_CAND_016,central_calibrated_set__vattenfall_lhv_limited_generation,C1_phase1_hybrid_BF_BOF_NG_DRP_EAF,168.0,6200000.0,0.55,optimal,ok,appsi_highs,2.407603,not_reported_by_solver,63338091.95574795,52.76521043,0.22101204,2,false,normal_flare_above_admissible_limit;outside_calibration_tolerance,3.85,1.0,0.0,1.0,1600.0,365.0,75.0,1.0,0.321,0.75,44.0,2.15568,6199999.999999992,707.7625570776246,118904.10958904093,0.5499999999999998,0.4500000000000001,5.094022392763682,1.0036275291832188,4.090394863580462,122468.6964474598,122468.6964474598,88344.47280734271,0.0,0.0,34124.22364011709,0.0,34124.22364011709,0.0,0.0,37.73128271354074,37.73128271354074,27.217977951635973,0.0,0.0,10.513304761904763,0.0,44.72992479999992,18.338480613949255,14.725421508889665,97.18662902243032,100.79968812748993,0.4437506269208511,0.18192993405649252,0.3743194390226563,9925017.970849844,818078.9727160926,10743096.943565935,14.622079999999979,6.9387295845999875,2.450084999999996,24.010894584599964,7.626505919999987,0.3887789714285709,0.0,0.9880952380952365,11.255635841307129,11.5014,3.75187861376904,0.1562573439548316,16.2580142141113,0.8216165149618851,0.16187540793277747,173.0364162709273,1.6008093501370735,1630.13544,25000.0,500.0,0.0,0.0,0.0,9.094947017729282e-13,2.7805905726078587e-13,2.8421709430404007e-13,False,2.8421709430404007e-13,0.6069471270547893,12.138942541095785,-0.6337125805900662,6.337125805900661,2.683974838110634,26.839748381106336,-0.2573993677293549,2.573993677293549,-0.017823555280335968,0.17823555280335968,6.81286719774158,4.5419114651610535,S33_CAND_001_CALIBRATION_ANCHOR,deterministic_s3_3g_named_gas_sink_cases,S33G_CASE_008_VATTENFALL_LHV_LIMITED,vattenfall_lhv_limited_generation,4.89,0.04172237070831947,1.23,-0.18404265920063506,151673.52,-0.19255057542371395,9107793.17,0.08972808073218946,102.1941,-0.013644739495822913,1.5426,1.6069471270547893,0.041713423476461356,0.4489,0.36628741940993387,-0.18403337177559848,4.5625,3.683974838110634,-0.19255346014013505,0.6815,0.7426006322706451,0.08965610017702877,0.9958,0.982176444719664,-0.013681015545627622,S3.3g C1 gas-sink decomposition diagnostic,true,false,false,false,false,false,false,true,false,diagnostic_only_lhv_limited_interface,1.0,11.5014,10.5014,1.0,10.5014,0.9880952380952365,1.0036275291832188,29204.823552540183,-0.22637247081678114,true,,boiler_steam_ng=lower;wag_to_power_efficiency=lower_public,0.11833084047880922,0.10433768511213617,0.19255057542371395,false,false,false,true,0.401,0.1066100421966361,0.172,0.05773217474704962,0.427,-0.1233736791038494,8.618,0.0,0.0,0.0,1.8834,0.0,0.0,0.0,0.0,1.0,0.75,5.0,0.321,
S33G_CAND_014,central_calibrated_set__pelletizing_heavy_substitution,C1_phase1_hybrid_BF_BOF_NG_DRP_EAF,168.0,6200000.0,0.55,optimal,ok,appsi_highs,3.032317,not_reported_by_solver,62738501.85444916,47.15485132,0.2126787,1,false,outside_calibration_tolerance,3.85,1.0,0.0,1.0,1600.0,365.0,75.0,1.0,0.3715,0.95,44.0,2.15568,6199999.999999992,707.7625570776246,118904.10958904093,0.5500000000000002,0.44999999999999996,5.09402239276368,1.4712575108493773,3.6227648819143035,123691.32937324878,123691.32937324878,88344.47280734268,0.0,0.0,35346.85656590612,0.0,35346.85656590612,0.0,0.0,38.10796271354072,38.10796271354072,27.21797795163596,0.0,0.0,10.889984761904763,0.0,44.72992479999994,18.33848061394925,13.041953574891492,95.87984108843216,101.17636812748991,0.44209854166376916,0.18125260822607678,0.37664885011015414,9946149.718849845,724552.9763828607,10670702.695232706,14.622079999999986,6.93872958459999,2.4500849999999974,24.01089458459997,7.626505919999992,0.388778971428571,0.0,0.9880952380952363,14.257138732322364,11.87808,0.750375722753811,0.031251468790966436,16.318769052820976,0.8216165149618849,0.23729959852409344,174.76387827575175,1.604217696588687,1630.13544,25000.0,500.0,0.0,0.0,0.0,9.094947017729282e-13,2.2070542924110566e-13,2.8421709430404007e-13,False,9.094947017729282e-13,0.6069471270547887,12.138942541095773,-0.4630447040695704,4.630447040695704,2.720752799055001,27.20752799055001,-0.2558182673754941,2.558182673754941,-0.014153244091187697,0.14153244091187697,0.5625734395483217,0.37504895969888113,S33_CAND_001_CALIBRATION_ANCHOR,deterministic_s3_3g_named_gas_sink_cases,S33G_CASE_006_PELLETIZING_HEAVY,pelletizing_heavy_substitution,4.89,0.0417223707083191,1.23,0.19614431776372138,151673.52,-0.18448962367822155,9107793.17,0.09204826385510084,102.1941,-0.009958812421755243,1.5426,1.6069471270547886,0.041713423476460926,0.4489,0.5369552959304297,0.1961579325694579,4.5625,3.7207527990550004,-0.18449253719342457,0.6815,0.7441817326245058,0.09197613004329541,0.9958,0.9858467559088123,-0.00999522403212261,S3.3g C1 gas-sink decomposition diagnostic,true,false,false,false,false,false,false,true,false,pellet_firing_upper_no_unsupported_grinding_split,1.0,11.87808,10.87808,1.0,10.87808,0.9880952380952363,1.4712575108493773,27982.19062675121,0.2412575108493773,true,,pelletizing_firing_ng=upper;boiler_steam_ng=lower;vattenfall_generator_bfg_equivalent_wag=upper,0.11911339319134827,0.10487267768542363,0.19614431776372138,false,false,false,true,0.401,0.10249012883732952,0.172,0.05379423387253949,0.427,-0.1179183838169692,8.618,0.0,0.0,0.0,2.26008,0.0,0.0,0.0,0.0,1.0,1.0,5.0,0.3715,
S33G_CAND_017,central_calibrated_set__combined_best_source_supported,C1_phase1_hybrid_BF_BOF_NG_DRP_EAF,168.0,6200000.0,0.55,optimal,ok,appsi_highs,3.08611,not_reported_by_solver,64074560.85176662,54.95939021,0.22101204,2,false,normal_flare_above_admissible_limit;outside_calibration_tolerance,3.85,1.0,0.0,1.0,1600.0,365.0,75.0,1.0,0.321,0.75,44.0,2.15568,6199999.999999992,707.7625570776246,118904.10958904093,0.5499999999999996,0.45000000000000046,5.094022392763683,0.937548660135599,4.156473732628084,130812.33446497156,130812.33446497156,88344.47280734277,0.0,0.0,42467.86165762878,0.0,42467.86165762878,0.0,0.0,40.30186747544552,40.30186747544552,27.217977951635987,0.0,0.0,13.083889523809527,0.0,44.7299247999999,18.338480613949255,14.9633054374611,99.99509771290651,103.37027288939467,0.4327155530280988,0.17740574830029981,0.38987869867160146,10069227.775992697,831294.7465256167,10900522.522518314,14.62207999999997,6.938729584599985,2.4500849999999947,24.01089458459995,7.6265059199999845,0.38877897142857065,0.0,1.9761904761904767,10.514564412735691,15.060080000000005,3.5048548042452277,0.14596935536475858,16.672624659579807,0.8216165149618853,0.15121752582832262,184.82516934083102,1.6240689961278565,1630.13544,25000.0,500.0,0.0,0.0,0.0,9.094947017729282e-13,2.498268258932512e-13,3.126388037344441e-13,False,5.684341886080801e-13,0.6069471270547896,12.13894254109579,-0.6578289561548909,6.5782895615489085,2.934959403199096,29.349594031990957,-0.24660943336417412,2.466094333641741,0.007223821841554068,0.07223821841554068,6.29846776823793,4.19897851215862,S33_CAND_001_CALIBRATION_ANCHOR,deterministic_s3_3g_named_gas_sink_cases,S33G_CASE_009_COMBINED_BEST_SOURCE_SUPPORTED,combined_best_source_supported,4.89,0.04172237070831965,1.23,-0.23776531696292763,151673.52,-0.13754006325579068,9107793.17,0.10556175223209391,102.1941,0.011509205417873085,1.5426,1.6069471270547895,0.0417134234764615,0.4489,0.3421710438451091,-0.23775664102225644,4.5625,3.934959403199096,-0.13754314450430774,0.6815,0.7533905666358259,0.10548872580458685,0.9958,1.0072238218415541,0.011472004259443768,S3.3g C1 gas-sink decomposition diagnostic,true,false,false,false,false,false,false,true,false,source_supported_ng_ranges_plus_diagnostic_steam_lhv,1.0,15.060080000000001,13.060080000000001,2.0,13.060080000000001,1.9761904761904767,0.937548660135599,20861.18553502843,-0.29245133986440097,true,,hsm_fuel_substitution_ng=upper;pelletizing_firing_ng=upper;boiler_steam_wag=upper;wag_to_power_efficiency=lower_public,0.12029189978106068,0.10681974171540098,0.23776531696292763,false,false,false,true,0.401,0.07909115468353803,0.172,0.0314287691877897,0.427,-0.08693513191662418,9.3,0.0,0.0,0.0,2.26008,0.0,0.0,0.0,1.5,2.0,0.75,5.0,0.321,
S33G_CAND_007,central_calibrated_set__vattenfall_lhv_limited_generation,C1_phase1_hybrid_BF_BOF_NG_DRP_EAF,168.0,6200000.0,0.5033645161290323,optimal,ok,appsi_highs,2.685674,not_reported_by_solver,64002867.19194825,57.4248713,0.22101204,2,false,normal_flare_above_admissible_limit;outside_calibration_tolerance,3.85,1.0,0.0,1.0,1600.0,365.0,75.0,1.0,0.321,0.75,44.0,2.15568,6199999.999999992,707.7625570776246,118904.10958904093,0.5033645161290331,0.4966354838709669,5.295274444177187,0.9129252101261932,4.382349234050994,131624.22364011733,131624.22364011733,97500.00000000025,0.0,0.0,34124.22364011709,0.0,34124.22364011709,0.0,0.0,40.55200176190483,40.55200176190484,30.038697000000077,0.0,0.0,10.513304761904763,0.0,40.937194460800015,19.062987999037873,15.77645724258358,97.26565346528844,100.55218422174272,0.40712387083032686,0.18958303239837354,0.40329309677129965,9507371.881811015,876469.8468101989,10383841.728621215,13.382247680000008,6.350382290731602,2.242337910000001,21.97496788073161,6.979840840320002,0.3558137069714288,0.0,0.9880952380952365,10.238413571508708,11.5014,3.412804523836233,0.15530418712596591,16.218094229313362,0.8540765232543861,0.14724600163325716,185.97229017539183,1.533447077711456,1630.13544,25000.0,500.0,0.0,0.0,0.0,9.094947017729282e-13,2.8312759544254124e-13,3.126388037344441e-13,False,4.547473508864641e-13,0.6704335786047908,13.408671572095816,-0.6668156167422652,6.6681561674226515,2.9593818015697244,29.59381801569724,-0.28864810205875374,2.8864810205875373,-0.020235194747846668,0.20235194747846666,6.765209356298296,4.5101395708655305,S33_CAND_001_CALIBRATION_ANCHOR,deterministic_s3_3g_named_gas_sink_cases,S33G_CASE_008_VATTENFALL_LHV_LIMITED,vattenfall_lhv_limited_generation,4.89,0.08287820944318752,1.23,-0.257784382011225,151673.52,-0.13218718969456675,9107793.17,0.043872176755965504,102.1941,-0.0160666396421837,1.5426,1.6704335786047908,0.08286890872863402,0.4489,0.3331843832577347,-0.25777593393242443,4.5625,3.9593818015697244,-0.13219029006690972,0.6815,0.7113518979412462,0.043803225152232145,0.9958,0.9797648052521534,-0.016102826619649173,S3.3g C1 gas-sink decomposition diagnostic,true,false,false,false,false,false,false,true,false,diagnostic_only_lhv_limited_interface,1.0,11.5014,10.5014,1.0,10.5014,0.9880952380952365,0.9129252101261932,20049.29635988266,-0.3170747898738068,true,,boiler_steam_ng=lower;c1_route_share=capacity_implied_lower;wag_to_power_efficiency=lower_public,0.12129573056667071,0.10655771950942569,0.257784382011225,false,false,false,true,0.401,0.015271498329992115,0.172,0.10222693254868347,0.427,-0.055519679692506645,8.618,0.0,0.0,0.0,1.8834,0.0,0.0,0.0,0.0,1.0,0.75,5.0,0.321,
S33G_CAND_010,central_calibrated_set__explicit_gas_sink_decomposition_central,C1_phase1_hybrid_BF_BOF_NG_DRP_EAF,168.0,6200000.0,0.55,optimal,ok,appsi_highs,2.519262,not_reported_by_solver,62644936.20511551,46.83958583,0.2126787,1,false,outside_calibration_tolerance,3.85,1.0,0.0,1.0,1600.0,365.0,75.0,1.0,0.3715,0.95,44.0,2.15568,6199999.999999993,707.7625570776247,118904.10958904095,0.5499999999999996,0.45000000000000046,5.094022392763683,1.4712575108493757,3.6227648819143075,122468.69644745986,122468.69644745986,88344.47280734278,0.0,0.0,34124.22364011709,0.0,34124.22364011709,0.0,0.0,37.73128271354076,37.73128271354076,27.217977951635994,0.0,0.0,10.513304761904763,0.0,44.72992479999991,18.338480613949258,13.041953574891506,95.50316108843217,100.79968812748993,0.443750626920851,0.18192993405649258,0.37431943902265646,9925017.970849842,724552.9763828615,10649570.947232703,14.622079999999974,6.938729584599985,2.450084999999995,24.010894584599953,7.6265059199999845,0.38877897142857065,0.0,0.9880952380952363,14.25713873232235,11.5014,0.7503757227538098,0.03125146879096641,16.2580142141113,0.8216165149618854,0.23729959852409316,173.0364162709274,1.600809350137073,1630.13544,25000.0,500.0,0.0,0.0,0.0,9.094947017729282e-13,2.3092638912203256e-13,2.3447910280083306e-13,False,1.3073986337985843e-12,0.6069471270547896,12.13894254109579,-0.46304470406957093,4.630447040695709,2.6839748381106356,26.839748381106354,-0.257399367729355,2.57399367729355,-0.017823555280335968,0.17823555280335968,0.5625734395483204,0.37504895969888025,S33_CAND_001_CALIBRATION_ANCHOR,deterministic_s3_3g_named_gas_sink_cases,S33G_CASE_002_CENTRAL_DECOMPOSITION,explicit_gas_sink_decomposition_central,4.89,0.04172237070831965,1.23,0.19614431776372013,151673.52,-0.19255057542371357,9107793.17,0.08972808073218926,102.1941,-0.013644739495822913,1.5426,1.6069471270547895,0.0417134234764615,0.4489,0.536955295930429,0.1961579325694564,4.5625,3.6839748381106356,-0.19255346014013466,0.6815,0.742600632270645,0.0896561001770286,0.9958,0.982176444719664,-0.013681015545627622,S3.3g C1 gas-sink decomposition diagnostic,true,false,false,false,false,false,false,true,false,mixed_source_supported_and_diagnostic_only,1.0,11.5014,10.5014,1.0,10.5014,0.9880952380952363,1.4712575108493757,29204.823552540125,0.24125751084937574,true,,boiler_steam_ng=lower;vattenfall_generator_bfg_equivalent_wag=upper,0.12135625511958038,0.1067580168247531,0.19614431776372013,false,false,false,true,0.401,0.10661004219663582,0.172,0.05773217474704995,0.427,-0.12337367910384901,8.618,0.0,0.0,0.0,1.8834,0.0,0.0,0.0,0.0,1.0,1.0,5.0,0.3715,
S33G_CAND_008,central_calibrated_set__combined_best_source_supported,C1_phase1_hybrid_BF_BOF_NG_DRP_EAF,168.0,6200000.0,0.5033645161290323,optimal,ok,appsi_highs,2.307345,not_reported_by_solver,64739336.087966934,59.5390464,0.22101204,2,false,normal_flare_above_admissible_limit;outside_calibration_tolerance,3.85,1.0,0.0,1.0,1600.0,365.0,75.0,1.0,0.321,0.75,44.0,2.15568,6199999.999999992,707.7625570776246,118904.10958904093,0.5033645161290325,0.49663548387096745,5.295274444177188,0.8468463410785727,4.448428103098616,139967.86165762914,139967.86165762914,97500.00000000035,0.0,0.0,42467.86165762878,0.0,42467.86165762878,0.0,0.0,43.12258652380964,43.12258652380964,30.03869700000011,0.0,0.0,13.083889523809527,0.0,40.937194460799965,19.06298799903788,16.01434117115502,100.07412215576463,103.12276898364748,0.3969753223683463,0.18485721617949147,0.4181674614521622,9651581.686953867,889685.6206197232,10541267.30757359,13.38224767999999,6.350382290731594,2.2423379099999985,21.974967880731583,6.979840840319995,0.3558137069714283,0.0,1.9761904761904767,9.497342142937265,15.060080000000005,3.165780714312419,0.14406304170702727,16.632704674781873,0.8540765232543863,0.13658811952880223,197.76104324529564,1.5567067237022387,1630.13544,25000.0,500.0,0.0,0.0,0.0,9.094947017729282e-13,2.679219808972751e-13,2.5579538487363607e-13,False,2.2737367544323206e-13,0.6704335786047914,13.408671572095827,-0.6909319923070902,6.909319923070902,3.2103663666581883,32.10366366658188,-0.27785816769357313,2.778581676935731,0.004812182374043507,0.04812182374043507,6.2031520853513635,4.135434723567576,S33_CAND_001_CALIBRATION_ANCHOR,deterministic_s3_3g_named_gas_sink_cases,S33G_CASE_009_COMBINED_BEST_SOURCE_SUPPORTED,combined_best_source_supported,4.89,0.08287820944318788,1.23,-0.3115070397735181,151673.52,-0.07717667752664309,9107793.17,0.05970584825586975,102.1941,0.009087305271512438,1.5426,1.6704335786047912,0.08286890872863431,0.4489,0.3090680076929097,-0.31149920317908286,4.5625,4.210366366658189,-0.07717997443108192,0.6815,0.7221418323064269,0.05963585077979006,0.9958,1.0048121823740435,0.009050193185422216,S3.3g C1 gas-sink decomposition diagnostic,true,false,false,false,false,false,false,true,false,source_supported_ng_ranges_plus_diagnostic_steam_lhv,1.0,15.060080000000001,13.060080000000001,2.0,13.060080000000001,1.9761904761904767,0.8468463410785727,11705.65834237085,-0.3831536589214273,true,,hsm_fuel_substitution_ng=upper;pelletizing_firing_ng=upper;boiler_steam_wag=upper;c1_route_share=capacity_implied_lower;wag_to_power_efficiency=lower_public,0.12244948982013532,0.10807101605414626,0.3115070397735181,false,false,false,true,0.401,-0.010036602572702507,0.172,0.07475125685750862,0.427,-0.02068510198556856,9.3,0.0,0.0,0.0,2.26008,0.0,0.0,0.0,1.5,2.0,0.75,5.0,0.321,
S33G_CAND_047,higher_energy_wag_envelope__low_process_ng_high_wag_to_process,C1_phase1_hybrid_BF_BOF_NG_DRP_EAF,168.0,6200000.0,0.55,optimal,ok,appsi_highs,2.401505,not_reported_by_solver,62416732.521353304,45.74448926,0.224039,1,false,outside_calibration_tolerance,3.85,1.0,0.0,1.0,1630.0,375.0,75.0,1.0,0.3715,0.97,44.0,2.15568,6199999.999999992,707.7625570776245,118904.10958904092,0.5499999999999994,0.4500000000000005,5.094022392763683,1.449796792048111,3.6442256007155716,119071.05953550308,119071.05953550308,88344.47280734277,0.0,0.0,30726.5867281603,0.0,30726.5867281603,0.0,0.0,36.684507475445514,36.684507475445514,27.21797795163599,0.0,0.0,9.466529523809525,0.0,44.72992479999989,18.338480613949255,13.119212162576057,94.53364443802147,99.75291288939466,0.4484072044051096,0.18383904873317167,0.36775374686171863,9866293.879992697,728845.1201431142,10595139.000135811,14.896243999999966,7.128831764999983,2.4500849999999943,24.475160764999945,7.626505919999982,0.3887789714285706,0.0,1.9761904761904767,14.049174835459485,11.442720000000001,0.4345105619214257,0.01775312391585129,16.089179498289486,0.8216165149618854,0.23383819226582464,168.2358841179046,1.5913377225794694,1630.13544,25000.0,500.0,0.0,0.0,0.0,9.094947017729282e-13,2.7711166694643907e-13,4.618527782440651e-13,False,2.2737367544323206e-13,0.6069471270547896,12.13894254109579,-0.47087708319412014,4.708770831941201,2.5817706891667096,25.817706891667093,-0.2617931680356229,2.617931680356229,-0.028023169990181486,0.28023169990181485,-0.11234380420743553,0.07489586947162369,S33_CAND_003_HIGH_WAG_ENVELOPE,deterministic_s3_3g_named_gas_sink_cases,S33G_CASE_003_LOW_PROCESS_NG_HIGH_WAG_PROCESS,low_process_ng_high_wag_to_process,4.89,0.04172237070831965,1.23,0.17869657890090324,151673.52,-0.21495156481168837,9107793.17,0.08328040567402317,102.1941,-0.023887749983661884,1.5426,1.6069471270547895,0.0417134234764615,0.4489,0.5291229168058799,0.17870999511222954,4.5625,3.581770689166709,-0.21495436949770758,0.6815,0.7382068319643771,0.08320885101155846,0.9958,0.9719768300098185,-0.023923649317314246,S3.3g C1 gas-sink decomposition diagnostic,true,false,false,false,false,false,false,true,false,bounded_low_ng_high_wag_process_diagnostic,1.0,11.44272,9.44272,2.0,9.44272,1.9761904761904767,1.449796792048111,32602.460464496908,0.21979679204811098,true,,hsm_fuel_substitution_ng=lower;pelletizing_firing_ng=lower;boiler_steam_ng=lower;boiler_steam_wag=upper;vattenfall_generator_bfg_equivalent_wag=upper,0.12322712365581535,0.10850773401571927,0.21495156481168837,false,false,false,true,0.401,0.11822245487558501,0.172,0.0688316786812307,0.427,-0.13875000734960505,7.936,0.0,0.0,0.0,1.50672,0.0,0.0,0.0,0.0,2.0,1.0,5.0,0.3715,
S33G_CAND_036,higher_energy_wag_envelope__s3_3f_best_bounded_comparison_lumped_utility,C1_phase1_hybrid_BF_BOF_NG_DRP_EAF,168.0,6200000.0,0.5033645161290323,optimal,ok,appsi_highs,2.239198,not_reported_by_solver,62434548.68109824,48.38709828,0.224039,1,false,outside_calibration_tolerance,3.85,1.0,0.0,1.0,1630.0,375.0,75.0,1.0,0.3715,0.97,44.0,2.15568,6199999.9999999935,707.7625570776248,118904.10958904096,0.5033645161290331,0.4966354838709669,5.295274444177188,1.507906854226423,3.787367589950765,122655.05249778338,122655.05249778338,97500.00000000026,0.0,0.0,25155.052497783112,0.0,25155.052497783112,0.0,0.0,37.78869700000009,37.78869700000009,30.038697000000084,0.0,0.0,7.75,0.0,40.93719446080002,19.062987999037876,13.634523323822753,92.36041478462286,97.78887945983799,0.41862832140962386,0.19494024376122512,0.386431434829151,9352350.48466816,757473.517990153,10109824.002658311,13.633164824000009,6.524365367190003,2.2423379100000016,22.399868101190012,6.979840840320003,0.3558137069714288,0.0,0.0,14.612287147281622,7.75,0.45192640661695566,0.02017540480932326,15.77239991287711,0.854076523254386,0.2432107829397459,173.299719335578,1.5084436265593821,1630.13544,25000.0,500.0,0.0,0.0,0.0,6.821210263296962e-13,2.798906785351897e-13,3.623767952376511e-13,False,3.296918293926865e-12,0.6704335786047914,13.408671572095827,-0.44966903130422525,4.496690313042253,2.6895806053004256,26.895806053004254,-0.30024697148870055,3.002469714887005,-0.047160405501394005,0.47160405501394004,0.008770240466162912,0.005846826977441942,S33_CAND_003_HIGH_WAG_ENVELOPE,deterministic_s3_3g_named_gas_sink_cases,S33G_CASE_001_S3_3F_BASELINE,s3_3f_best_bounded_comparison_lumped_utility,4.89,0.08287820944318788,1.23,0.22594053189140076,151673.52,-0.1913219097322763,9107793.17,0.026851434821083,102.1941,-0.043106407710053904,1.5426,1.6704335786047912,0.08286890872863431,0.4489,0.5503309686957747,0.22595448584489788,4.5625,3.6895806053004256,-0.19132479883826287,0.6815,0.6997530285112994,0.02678360750007248,0.9958,0.952839594498606,-0.04314160022232779,S3.3g C1 gas-sink decomposition diagnostic,true,false,false,false,false,false,false,false,true,comparison_baseline_not_gas_sink_decomposition,1.0,7.75,7.75,0.0,0.0,0.0,1.507906854226423,29018.467502216605,0.2779068542264229,true,,boiler_steam_ng=lower;boiler_steam_wag=lower;vattenfall_generator_bfg_equivalent_wag=upper;c1_route_share=capacity_implied_lower,0.1297882857349734,0.11401969871960035,0.22594053189140076,false,false,false,true,0.401,0.04396090127088238,0.172,0.13337351023968105,0.427,-0.09500834934625059,0.0,0.0,0.0,0.0,0.0,0.0,0.0,0.0,0.0,0.0,1.0,5.0,0.3715,
S33G_CAND_049,higher_energy_wag_envelope__hsm_heavy_substitution,C1_phase1_hybrid_BF_BOF_NG_DRP_EAF,168.0,6200000.0,0.55,optimal,ok,appsi_highs,2.198528,not_reported_by_solver,62699545.44571032,46.79005658,0.224039,1,false,outside_calibration_tolerance,3.85,1.0,0.0,1.0,1630.0,375.0,75.0,1.0,0.3715,0.97,44.0,2.15568,6199999.999999993,707.7625570776247,118904.10958904095,0.5499999999999997,0.45000000000000023,5.094022392763683,1.548703753026948,3.5453186397367342,124682.34106726474,124682.34106726474,88344.47280734272,0.0,0.0,36337.868259922005,0.0,36337.868259922005,0.0,0.0,38.41328271354074,38.41328271354074,27.21797795163598,0.0,0.0,11.195304761904763,0.0,44.72992479999992,18.338480613949255,12.763147103052244,95.9063546165929,101.4816881274899,0.44076843443721975,0.18070728771195546,0.3785242778508248,9963278.170849843,709063.7279473469,10672341.89879719,14.896243999999976,7.128831764999988,2.4500849999999956,24.47516076499996,7.626505919999987,0.3887789714285708,0.0,0.9880952380952384,15.007627216411882,12.1834,0.46415341906428104,0.018964264362587194,16.368014214111295,0.8216165149618853,0.24979092790757257,176.1640818950388,1.6069803501370734,1630.13544,25000.0,500.0,0.0,0.0,0.0,9.094947017729282e-13,2.8561054755805857e-13,3.623767952376511e-13,False,6.252776074688882e-13,0.6069471270547896,12.13894254109579,-0.434779652179946,4.34779652179946,2.750563373111323,27.505633731113228,-0.25453669797961254,2.545366979796125,-0.01117825361579534,0.11178253615795339,-0.0517867818706403,0.034524521247093536,S33_CAND_003_HIGH_WAG_ENVELOPE,deterministic_s3_3g_named_gas_sink_cases,S33G_CASE_005_HSM_HEAVY,hsm_heavy_substitution,4.89,0.04172237070831965,1.23,0.2591087422983318,151673.52,-0.1779557758845133,9107793.17,0.09392890076464516,102.1941,-0.0069711644068503244,1.5426,1.6069471270547895,0.0417134234764615,0.4489,0.565220347820054,0.2591230737804723,4.5625,3.7505633731113224,-0.17795871274272387,0.6815,0.7454633020203875,0.09385664272984222,0.9958,0.9888217463842046,-0.0070076858965609605,S3.3g C1 gas-sink decomposition diagnostic,true,false,false,false,false,false,false,true,false,hsm_ng_upper_supported_no_unsupported_cog_split,1.0,12.1834,11.1834,1.0,11.1834,0.9880952380952384,1.548703753026948,26991.178932735245,0.3187037530269481,true,,hsm_fuel_substitution_ng=upper;boiler_steam_ng=lower;vattenfall_generator_bfg_equivalent_wag=upper,0.13303653552568048,0.11593739081253204,0.2591087422983318,false,false,false,true,0.401,0.09917315321002425,0.172,0.050623765767183,0.427,-0.11352628137980134,9.3,0.0,0.0,0.0,1.8834,0.0,0.0,0.0,0.0,1.0,1.0,5.0,0.3715,
S33G_CAND_050,higher_energy_wag_envelope__pelletizing_heavy_substitution,C1_phase1_hybrid_BF_BOF_NG_DRP_EAF,168.0,6200000.0,0.55,optimal,ok,appsi_highs,2.084635,not_reported_by_solver,62623705.30539346,46.53451644,0.224039,1,false,outside_calibration_tolerance,3.85,1.0,0.0,1.0,1630.0,375.0,75.0,1.0,0.3715,0.97,44.0,2.15568,6199999.999999992,707.7625570776246,118904.10958904093,0.5499999999999998,0.4500000000000002,5.094022392763682,1.548703753026948,3.5453186397367333,123691.32937324882,123691.32937324882,88344.47280734272,0.0,0.0,35346.85656590612,0.0,35346.85656590612,0.0,0.0,38.10796271354074,38.10796271354074,27.217977951635977,0.0,0.0,10.889984761904763,0.0,44.729924799999914,18.338480613949255,12.763147103052242,95.6010346165929,101.17636812748991,0.4420985416637689,0.1812526082260768,0.37664885011015425,9946149.718849842,709063.7279473467,10655213.446797188,14.896243999999976,7.128831764999988,2.4500849999999956,24.47516076499996,7.626505919999987,0.38877897142857076,0.0,0.9880952380952363,15.007627216411882,11.87808,0.46415341906428254,0.018964264362587257,16.318769052820976,0.8216165149618851,0.2497909279075726,174.7638782757518,1.6042176965886863,1630.13544,25000.0,500.0,0.0,0.0,0.0,9.094947017729282e-13,2.7200464103316335e-13,4.263256414560601e-13,False,4.547473508864641e-13,0.6069471270547893,12.138942541095785,-0.434779652179946,4.34779652179946,2.720752799055002,27.207527990550016,-0.2558182673754944,2.558182673754944,-0.014153244091187697,0.14153244091187697,-0.05178678187063718,0.034524521247091454,S33_CAND_003_HIGH_WAG_ENVELOPE,deterministic_s3_3g_named_gas_sink_cases,S33G_CASE_006_PELLETIZING_HEAVY,pelletizing_heavy_substitution,4.89,0.04172237070831947,1.23,0.2591087422983318,151673.52,-0.18448962367822128,9107793.17,0.09204826385510043,102.1941,-0.009958812421755243,1.5426,1.6069471270547893,0.041713423476461356,0.4489,0.565220347820054,0.2591230737804723,4.5625,3.720752799055002,-0.18449253719342426,0.6815,0.7441817326245056,0.09197613004329509,0.9958,0.9858467559088123,-0.00999522403212261,S3.3g C1 gas-sink decomposition diagnostic,true,false,false,false,false,false,false,true,false,pellet_firing_upper_no_unsupported_grinding_split,1.0,11.87808,10.87808,1.0,10.87808,0.9880952380952363,1.548703753026948,27982.190626751166,0.3187037530269481,true,,pelletizing_firing_ng=upper;boiler_steam_ng=lower;vattenfall_generator_bfg_equivalent_wag=upper,0.1348544993250008,0.11746556259234564,0.2591087422983318,false,false,false,true,0.401,0.10249012883732883,0.172,0.053794233872539655,0.427,-0.11791838381696894,8.618,0.0,0.0,0.0,2.26008,0.0,0.0,0.0,0.0,1.0,1.0,5.0,0.3715,
S33G_CAND_046,higher_energy_wag_envelope__explicit_gas_sink_decomposition_central,C1_phase1_hybrid_BF_BOF_NG_DRP_EAF,168.0,6200000.0,0.55,optimal,ok,appsi_highs,2.029474,not_reported_by_solver,62530139.656059794,46.21925094,0.224039,1,false,outside_calibration_tolerance,3.85,1.0,0.0,1.0,1630.0,375.0,75.0,1.0,0.3715,0.97,44.0,2.15568,6199999.999999992,707.7625570776246,118904.10958904093,0.5499999999999998,0.4500000000000002,5.094022392763682,1.5487037530269483,3.545318639736733,122468.6964474598,122468.6964474598,88344.47280734272,0.0,0.0,34124.22364011709,0.0,34124.22364011709,0.0,0.0,37.73128271354074,37.73128271354074,27.217977951635977,0.0,0.0,10.513304761904763,0.0,44.72992479999992,18.338480613949255,12.763147103052239,95.2243546165929,100.79968812748993,0.4437506269208511,0.18192993405649252,0.3743194390226563,9925017.970849842,709063.7279473466,10634081.698797189,14.896243999999976,7.128831764999988,2.4500849999999956,24.47516076499996,7.626505919999987,0.3887789714285708,0.0,0.9880952380952363,15.007627216411882,11.5014,0.4641534190642826,0.01896426436258726,16.2580142141113,0.8216165149618851,0.24979092790757262,173.0364162709273,1.6008093501370733,1630.13544,25000.0,500.0,0.0,0.0,0.0,9.094947017729282e-13,2.7150627425322054e-13,3.623767952376511e-13,False,3.410605131648481e-13,0.6069471270547893,12.138942541095785,-0.4347796521799459,4.3477965217994585,2.683974838110634,26.839748381106336,-0.257399367729355,2.57399367729355,-0.017823555280335968,0.17823555280335968,-0.051786781870637004,0.034524521247091336,S33_CAND_003_HIGH_WAG_ENVELOPE,deterministic_s3_3g_named_gas_sink_cases,S33G_CASE_002_CENTRAL_DECOMPOSITION,explicit_gas_sink_decomposition_central,4.89,0.04172237070831947,1.23,0.259108742298332,151673.52,-0.19255057542371395,9107793.17,0.08972808073218926,102.1941,-0.013644739495822913,1.5426,1.6069471270547893,0.041713423476461356,0.4489,0.565220347820054,0.2591230737804723,4.5625,3.683974838110634,-0.19255346014013505,0.6815,0.742600632270645,0.0896561001770286,0.9958,0.982176444719664,-0.013681015545627622,S3.3g C1 gas-sink decomposition diagnostic,true,false,false,false,false,false,false,true,false,mixed_source_supported_and_diagnostic_only,1.0,11.5014,10.5014,1.0,10.5014,0.9880952380952363,1.5487037530269483,29204.823552540183,0.3187037530269483,true,,boiler_steam_ng=lower;vattenfall_generator_bfg_equivalent_wag=upper,0.1370973612532334,0.11935090173167551,0.259108742298332,false,false,false,true,0.401,0.1066100421966361,0.172,0.05773217474704962,0.427,-0.1233736791038494,8.618,0.0,0.0,0.0,1.8834,0.0,0.0,0.0,0.0,1.0,1.0,5.0,0.3715,
S33G_CAND_034,lower_energy_wag_envelope__vattenfall_lhv_limited_generation,C1_phase1_hybrid_BF_BOF_NG_DRP_EAF,168.0,6200000.0,0.55,optimal,ok,appsi_highs,1.88462,not_reported_by_solver,63488889.25805665,52.93123252,0.24539929,2,false,normal_flare_above_admissible_limit;outside_calibration_tolerance,3.85,1.0,0.0,1.0,1500.0,345.0,75.0,0.99,0.321,0.75,44.0,2.15568,6199999.999999992,707.7625570776245,118904.10958904092,0.5499999999999997,0.45000000000000023,5.094022392763681,0.9018937707175523,4.192128622046129,122468.6964474598,122468.6964474598,88344.47280734272,0.0,0.0,34124.22364011709,0.0,34124.22364011709,0.0,0.0,37.73128271354074,37.73128271354074,27.217977951635977,0.0,0.0,10.513304761904763,0.0,44.72992479999991,18.33848061394925,15.091663039366063,97.55287055290671,100.79968812748989,0.44375062692085115,0.18192993405649255,0.37431943902265646,9925017.97084984,838425.7244092259,10763443.695259066,13.571117999999975,6.492939971561986,2.4255841499999953,22.489642121561957,7.626505919999985,0.3887789714285707,0.0,0.9880952380952363,10.114696494028625,11.5014,3.3715654980095398,0.1499163694906932,16.258014214111295,0.8216165149618851,0.14546673721250863,173.03641627092733,1.6008093501370733,1630.13544,25000.0,500.0,0.0,0.0,0.0,9.094947017729282e-13,2.679219808972751e-13,3.126388037344441e-13,False,1.4779288903810084e-12,0.606947127054789,12.13894254109578,-0.6708416895191416,6.708416895191416,2.683974838110634,26.839748381106336,-0.2573993677293552,2.5739936772935517,-0.017823555280336384,0.17823555280336384,6.49581847453466,4.330545649689774,S33_CAND_002_LOW_WAG_ENVELOPE,deterministic_s3_3g_named_gas_sink_cases,S33G_CASE_008_VATTENFALL_LHV_LIMITED,vattenfall_lhv_limited_generation,4.89,0.04172237070831928,1.23,-0.2667530319369494,151673.52,-0.19255057542371395,9107793.17,0.08972808073218905,102.1941,-0.01364473949582333,1.5426,1.606947127054789,0.04171342347646121,0.4489,0.3291583104808585,-0.26674468594150486,4.5625,3.683974838110634,-0.19255346014013505,0.6815,0.7426006322706449,0.08965610017702845,0.9958,0.9821764447196636,-0.013681015545628068,S3.3g C1 gas-sink decomposition diagnostic,true,false,false,false,false,false,false,true,false,diagnostic_only_lhv_limited_interface,1.0,11.5014,10.5014,1.0,10.5014,0.9880952380952363,0.9018937707175523,29204.823552540183,-0.3281062292824477,true,,boiler_steam_ng=lower;wag_to_power_efficiency=lower_public,0.13900843366288776,0.12087975965939898,0.2667530319369494,false,false,false,true,0.401,0.10661004219663624,0.172,0.05773217474704978,0.427,-0.12337367910384901,8.618,0.0,0.0,0.0,1.8834,0.0,0.0,0.0,0.0,1.0,0.75,5.0,0.321,
S33G_CAND_025,lower_energy_wag_envelope__vattenfall_lhv_limited_generation,C1_phase1_hybrid_BF_BOF_NG_DRP_EAF,168.0,6200000.0,0.5033645161290323,optimal,ok,appsi_highs,1.899864,not_reported_by_solver,64140878.12123948,57.55726183,0.24539929,2,false,normal_flare_above_admissible_limit;outside_calibration_tolerance,3.85,1.0,0.0,1.0,1500.0,345.0,75.0,0.99,0.321,0.75,44.0,2.15568,6199999.99999999,707.7625570776244,118904.10958904089,0.5033645161290325,0.4966354838709675,5.295274444177187,0.8198176390279044,4.475456805149284,131624.22364011742,131624.22364011742,97500.00000000032,0.0,0.0,34124.22364011709,0.0,34124.22364011709,0.0,0.0,40.55200176190487,40.55200176190487,30.038697000000106,0.0,0.0,10.513304761904763,0.0,40.937194460799944,19.062987999037873,16.111644498537416,97.60084072124224,100.55218422174269,0.4071238708303263,0.18958303239837357,0.40329309677130004,9507371.881811008,895091.3610298567,10402463.242840864,12.420398627999985,5.942391976436644,2.2199145308999975,20.58270513533663,6.979840840319991,0.35581370697142817,0.0,0.9880952380952363,9.19421651246248,11.5014,3.064738837487491,0.1488987388847111,16.218094229313365,0.8540765232543864,0.13222865145611384,185.97229017539203,1.5334470777114553,1630.13544,25000.0,500.0,0.0,0.0,0.0,9.094947017729282e-13,1.9478344862970214e-13,3.126388037344441e-13,False,4.547473508864641e-13,0.6704335786047908,13.408671572095816,-0.7007964821066043,7.007964821066042,2.959381801569727,29.59381801569727,-0.2886481020587543,2.8864810205875426,-0.020235194747846946,0.20235194747846943,6.444936944235556,4.2966246294903705,S33_CAND_002_LOW_WAG_ENVELOPE,deterministic_s3_3g_named_gas_sink_cases,S33G_CASE_008_VATTENFALL_LHV_LIMITED,vattenfall_lhv_limited_generation,4.89,0.08287820944318752,1.23,-0.33348159428625657,151673.52,-0.13218718969456617,9107793.17,0.043872176755964686,102.1941,-0.016066639642183977,1.5426,1.6704335786047908,0.08286890872863402,0.4489,0.2992035178933957,-0.3334740078115489,4.5625,3.959381801569727,-0.13219029006690913,0.6815,0.7113518979412456,0.04380322515223133,0.9958,0.979764805252153,-0.01610282661964951,S3.3g C1 gas-sink decomposition diagnostic,true,false,false,false,false,false,false,true,false,diagnostic_only_lhv_limited_interface,1.0,11.5014,10.5014,1.0,10.5014,0.9880952380952363,0.8198176390279044,20049.296359882574,-0.4101823609720956,true,,boiler_steam_ng=lower;c1_route_share=capacity_implied_lower;wag_to_power_efficiency=lower_public,0.14022003363542837,0.12169716196443178,0.33348159428625657,false,false,false,true,0.401,0.01527149832999073,0.172,0.10222693254868363,0.427,-0.055519679692505736,8.618,0.0,0.0,0.0,1.8834,0.0,0.0,0.0,0.0,1.0,0.75,5.0,0.321,
S33G_CAND_035,lower_energy_wag_envelope__combined_best_source_supported,C1_phase1_hybrid_BF_BOF_NG_DRP_EAF,168.0,6200000.0,0.55,optimal,ok,appsi_highs,2.264748,not_reported_by_solver,64225358.154075354,55.1022155,0.24539929,2,false,normal_flare_above_admissible_limit;outside_calibration_tolerance,3.85,1.0,0.0,1.0,1500.0,345.0,75.0,0.99,0.321,0.75,44.0,2.15568,6199999.9999999935,707.7625570776248,118904.10958904096,0.5499999999999996,0.4500000000000004,5.094022392763683,0.8358149016699332,4.25820749109375,130812.33446497157,130812.33446497157,88344.47280734277,0.0,0.0,42467.86165762878,0.0,42467.86165762878,0.0,0.0,40.301867475445526,40.301867475445526,27.21797795163599,0.0,0.0,13.083889523809527,0.0,44.729924799999914,18.338480613949258,15.329546967937503,100.36133924338293,103.37027288939468,0.4327155530280989,0.17740574830029981,0.3898786986716014,10069227.7759927,851641.4982187501,10920869.274211453,13.571117999999977,6.492939971561988,2.4255841499999957,22.489642121561964,7.626505919999987,0.38877897142857076,0.0,1.9761904761904767,9.373625065457196,15.060080000000005,3.124541688485731,0.13893247707530545,16.672624659579807,0.8216165149618853,0.1348088551080539,184.82516934083102,1.6240689961278567,1630.13544,25000.0,500.0,0.0,0.0,0.0,7.673861546209082e-13,2.7805905726078587e-13,2.398081733190338e-13,False,1.0231815394945443e-12,0.6069471270547896,12.13894254109579,-0.694958065083966,6.94958065083966,2.934959403199097,29.349594031990968,-0.24660943336417385,2.4660943336417382,0.007223821841554207,0.07223821841554207,5.9466238537652725,3.9644159025101815,S33_CAND_002_LOW_WAG_ENVELOPE,deterministic_s3_3g_named_gas_sink_cases,S33G_CASE_009_COMBINED_BEST_SOURCE_SUPPORTED,combined_best_source_supported,4.89,0.04172237070831965,1.23,-0.3204756896992413,151673.52,-0.13754006325579057,9107793.17,0.10556175223209432,102.1941,0.011509205417873224,1.5426,1.6069471270547895,0.0417134234764615,0.4489,0.305041934916034,-0.32046795518816223,4.5625,3.9349594031990964,-0.13754314450430763,0.6815,0.7533905666358262,0.10548872580458718,0.9958,1.0072238218415541,0.011472004259443768,S3.3g C1 gas-sink decomposition diagnostic,true,false,false,false,false,false,false,true,false,source_supported_ng_ranges_plus_diagnostic_steam_lhv,1.0,15.060080000000001,13.060080000000001,2.0,13.060080000000001,1.9761904761904767,0.8358149016699332,20861.185535028417,-0.39418509833006676,true,,hsm_fuel_substitution_ng=upper;pelletizing_firing_ng=upper;boiler_steam_wag=upper;wag_to_power_efficiency=lower_public,0.14096949296513916,0.1233618162626638,0.3204756896992413,false,false,false,true,0.401,0.0790911546835383,0.172,0.0314287691877897,0.427,-0.08693513191662432,9.3,0.0,0.0,0.0,2.26008,0.0,0.0,0.0,1.5,2.0,0.75,5.0,0.321,
S33G_CAND_026,lower_energy_wag_envelope__combined_best_source_supported,C1_phase1_hybrid_BF_BOF_NG_DRP_EAF,168.0,6200000.0,0.5033645161290323,optimal,ok,appsi_highs,2.096265,not_reported_by_solver,64877347.0172582,59.646091,0.24539929,2,false,normal_flare_above_admissible_limit;outside_calibration_tolerance,3.85,1.0,0.0,1.0,1500.0,345.0,75.0,0.99,0.321,0.75,44.0,2.15568,6199999.999999993,707.7625570776247,118904.10958904095,0.5033645161290325,0.49663548387096745,5.295274444177189,0.7537387699802858,4.541535674196904,139967.86165762914,139967.86165762914,97500.00000000036,0.0,0.0,42467.86165762878,0.0,42467.86165762878,0.0,0.0,43.12258652380964,43.12258652380964,30.038697000000116,0.0,0.0,13.083889523809527,0.0,40.93719446079997,19.062987999037883,16.349528427108854,100.40930941171845,103.12276898364748,0.3969753223683464,0.1848572161794915,0.4181674614521622,9651581.686953869,908307.134839381,10559888.821793249,12.420398627999996,5.942391976436648,2.219914530899999,20.582705135336642,6.979840840319996,0.3558137069714284,0.0,1.9761904761904767,8.453145083891057,15.060080000000005,2.8177150279636844,0.13689721586334133,16.63270467478187,0.8540765232543863,0.12157076935165914,197.7610432452956,1.5567067237022387,1630.13544,25000.0,500.0,0.0,0.0,0.0,6.821210263296962e-13,2.679219808972751e-13,2.4158453015843406e-13,False,1.0231815394945443e-12,0.6704335786047916,13.40867157209583,-0.7249128576714285,7.249128576714285,3.2103663666581883,32.10366366658188,-0.27785816769357297,2.7785816769357297,0.004812182374043507,0.04812182374043507,5.844860793167066,3.8965738621113775,S33_CAND_002_LOW_WAG_ENVELOPE,deterministic_s3_3g_named_gas_sink_cases,S33G_CASE_009_COMBINED_BEST_SOURCE_SUPPORTED,combined_best_source_supported,4.89,0.08287820944318806,1.23,-0.38720425204854814,151673.52,-0.07717667752664309,9107793.17,0.059705848255869956,102.1941,0.009087305271512438,1.5426,1.6704335786047917,0.08286890872863459,0.4489,0.27508714232857145,-0.3871972770582057,4.5625,4.210366366658189,-0.07717997443108192,0.6815,0.722141832306427,0.05963585077979023,0.9958,1.0048121823740435,0.009050193185422216,S3.3g C1 gas-sink decomposition diagnostic,true,false,false,false,false,false,false,true,false,source_supported_ng_ranges_plus_diagnostic_steam_lhv,1.0,15.060080000000001,13.060080000000001,2.0,13.060080000000001,1.9761904761904767,0.7537387699802858,11705.65834237085,-0.4762612300197142,true,,hsm_fuel_substitution_ng=upper;pelletizing_firing_ng=upper;boiler_steam_wag=upper;c1_route_share=capacity_implied_lower;wag_to_power_efficiency=lower_public,0.14137379288889287,0.12321045850915233,0.38720425204854814,false,false,false,true,0.401,-0.010036602572702369,0.172,0.07475125685750879,0.427,-0.02068510198556856,9.3,0.0,0.0,0.0,2.26008,0.0,0.0,0.0,1.5,2.0,0.75,5.0,0.321,
S33G_CAND_027,lower_energy_wag_envelope__s3_3f_best_bounded_comparison_lumped_utility,C1_phase1_hybrid_BF_BOF_NG_DRP_EAF,168.0,6200000.0,0.55,optimal,ok,appsi_highs,2.136627,not_reported_by_solver,61925317.22824509,44.79480324,0.24539929,2,false,outside_calibration_tolerance,3.85,1.0,0.0,1.0,1500.0,345.0,75.0,0.99,0.3715,1.0,44.0,2.15568,6199999.999999993,707.7625570776247,118904.10958904095,0.5500000000000002,0.4499999999999998,5.09402239276368,1.4936732530540453,3.6003491397096345,113499.52530512575,113499.52530512575,88344.47280734265,0.0,0.0,25155.052497783112,0.0,25155.052497783112,0.0,0.0,34.96797795163595,34.96797795163595,27.21797795163595,0.0,0.0,7.75,0.0,44.72992479999996,18.33848061394925,12.961256902954686,92.65915965459061,98.03638336558517,0.4562584141154886,0.18705790630365926,0.356683679580852,9769996.57370699,720069.8279419269,10490066.401648916,13.57111799999999,6.492939971561992,2.4255841499999975,22.48964212156198,7.6265059199999925,0.3887789714285711,0.0,0.0,14.474357230133416,7.75,0.0,0.0,15.812319897675046,0.8216165149618848,0.24091504081516887,160.36384543111336,1.5758058989850001,1630.13544,25000.0,500.0,0.0,0.0,0.0,4.547473508864641e-13,2.860329257398714e-13,2.4158453015843406e-13,False,3.637978807091713e-12,0.6069471270547887,12.138942541095773,-0.45486377625764773,4.548637762576477,2.4141736418413315,24.141736418413313,-0.2689982371593016,2.689982371593016,-0.044748766033883586,0.44748766033883586,-1.0,0.6666666666666666,S33_CAND_002_LOW_WAG_ENVELOPE,deterministic_s3_3g_named_gas_sink_cases,S33G_CASE_001_S3_3F_BASELINE,s3_3f_best_bounded_comparison_lumped_utility,4.89,0.0417223707083191,1.23,0.21436849841792302,151673.52,-0.25168529546142426,9107793.17,0.07270733879730716,102.1941,-0.0406845075636934,1.5426,1.6069471270547886,0.041713423476460926,0.4489,0.5451362237423523,0.21438232065571897,4.5625,3.414173641841332,-0.25168796891148887,0.6815,0.7310017628406984,0.07263648252486926,0.9958,0.9552512339661164,-0.040719789148306464,S3.3g C1 gas-sink decomposition diagnostic,true,false,false,false,false,false,false,false,true,comparison_baseline_not_gas_sink_decomposition,1.0,7.75,7.75,0.0,0.0,0.0,1.4936732530540453,38173.99469487424,0.2636732530540453,true,,boiler_steam_ng=lower;boiler_steam_wag=lower;vattenfall_generator_bfg_equivalent_wag=upper,0.1423658179813901,0.12423360218973338,0.25168529546142426,false,false,false,true,0.401,0.1378015314600713,0.172,0.08754596688173998,0.427,-0.1646752234640468,0.0,0.0,0.0,0.0,0.0,0.0,0.0,0.0,0.0,0.0,1.0,5.0,0.3715,
S33G_CAND_009,central_calibrated_set__s3_3f_best_bounded_comparison_lumped_utility,C1_phase1_hybrid_BF_BOF_NG_DRP_EAF,168.0,6200000.0,0.55,optimal,ok,appsi_highs,2.472858,not_reported_by_solver,61814959.114677474,44.24186972,0.2126787,1,false,outside_calibration_tolerance,3.85,1.0,0.0,1.0,1600.0,365.0,75.0,1.0,0.3715,0.95,44.0,2.15568,6199999.999999993,707.7625570776247,118904.10958904095,0.5499999999999995,0.4500000000000004,5.094022392763683,1.5681251530451432,3.52589723971854,113499.5253051259,113499.5253051259,88344.47280734278,0.0,0.0,25155.052497783112,0.0,25155.052497783112,0.0,0.0,34.967977951636,34.967977951635994,27.217977951635994,0.0,0.0,7.75,0.0,44.72992479999991,18.338480613949258,12.693230062986744,92.39113281462265,98.03638336558517,0.4562584141154881,0.18705790630365934,0.3566836795808525,9769996.573706985,705179.447943708,10475176.021650692,14.622079999999974,6.938729584599987,2.450084999999995,24.010894584599956,7.626505919999985,0.3887789714285707,0.0,0.0,15.195829208512826,7.75,0.7997804846585722,0.03330906650898102,15.812319897675046,0.8216165149618854,0.252923411781475,160.3638454311136,1.5758058989849995,1630.13544,25000.0,500.0,0.0,0.0,0.0,9.094947017729282e-13,3.030701615595414e-13,2.4158453015843406e-13,False,2.2737367544323206e-13,0.6069471270547896,12.13894254109579,-0.42769154998352443,4.276915499835244,2.414173641841337,24.141736418413366,-0.268998237159302,2.6899823715930196,-0.044748766033883586,0.44748766033883586,0.6654533254490511,0.4436355502993674,S33_CAND_001_CALIBRATION_ANCHOR,deterministic_s3_3g_named_gas_sink_cases,S33G_CASE_001_S3_3F_BASELINE,s3_3f_best_bounded_comparison_lumped_utility,4.89,0.04172237070831965,1.23,0.2748984984106856,151673.52,-0.2516852954614232,9107793.17,0.07270733879730655,102.1941,-0.0406845075636934,1.5426,1.6069471270547895,0.0417134234764615,0.4489,0.5723084500164756,0.27491300961567283,4.5625,3.414173641841337,-0.2516879689114878,0.6815,0.731001762840698,0.07263648252486861,0.9958,0.9552512339661164,-0.040719789148306464,S3.3g C1 gas-sink decomposition diagnostic,true,false,false,false,false,false,false,false,true,comparison_baseline_not_gas_sink_decomposition,1.0,7.75,7.75,0.0,0.0,0.0,1.5681251530451432,38173.99469487408,0.33812515304514323,true,,boiler_steam_ng=lower;boiler_steam_wag=lower;vattenfall_generator_bfg_equivalent_wag=upper,0.15749831797958044,0.13633960218828567,0.2748984984106856,false,false,false,true,0.401,0.13780153146007007,0.172,0.08754596688174046,0.427,-0.16467522346404562,0.0,0.0,0.0,0.0,0.0,0.0,0.0,0.0,0.0,0.0,1.0,5.0,0.3715,
S33G_CAND_045,higher_energy_wag_envelope__s3_3f_best_bounded_comparison_lumped_utility,C1_phase1_hybrid_BF_BOF_NG_DRP_EAF,168.0,6200000.0,0.55,optimal,ok,appsi_highs,1.931246,not_reported_by_solver,61697139.73646778,43.51682778,0.224039,1,false,outside_calibration_tolerance,3.85,1.0,0.0,1.0,1630.0,375.0,75.0,1.0,0.3715,0.97,44.0,2.15568,6199999.999999993,707.7625570776247,118904.10958904095,0.5499999999999998,0.4500000000000003,5.094022392763683,1.647610714005784,3.4464116787578982,113499.52530512586,113499.52530512586,88344.47280734274,0.0,0.0,25155.052497783112,0.0,25155.052497783112,0.0,0.0,34.96797795163599,34.96797795163599,27.217977951635984,0.0,0.0,7.75,0.0,44.72992479999992,18.338480613949255,12.407082043528433,92.10498479516433,98.03638336558517,0.45625841411548834,0.18705790630365934,0.3566836795808524,9769996.573706986,689282.3357515796,10459278.909458566,14.896243999999976,7.128831764999988,2.4500849999999956,24.47516076499996,7.626505919999987,0.3887789714285708,0.0,0.0,15.966079597364262,7.75,0.4937962762071399,0.020175404809323248,15.812319897675044,0.8216165149618853,0.26574366354932033,160.3638454311135,1.5758058989849997,1630.13544,25000.0,500.0,0.0,0.0,0.0,9.094947017729282e-13,2.7932224434658175e-13,4.121147867408581e-13,False,2.2737367544323206e-13,0.6069471270547896,12.13894254109579,-0.3986822211657723,3.9868222116577225,2.414173641841335,24.14173641841335,-0.2689982371593019,2.6899823715930187,-0.044748766033883586,0.44748766033883586,0.008770240466162392,0.005846826977441595,S33_CAND_003_HIGH_WAG_ENVELOPE,deterministic_s3_3g_named_gas_sink_cases,S33G_CASE_001_S3_3F_BASELINE,s3_3f_best_bounded_comparison_lumped_utility,4.89,0.04172237070831965,1.23,0.33952090569575943,151673.52,-0.25168529546142354,9107793.17,0.07270733879730676,102.1941,-0.0406845075636934,1.5426,1.6069471270547895,0.0417134234764615,0.4489,0.6013177788342278,0.33953615244871405,4.5625,3.4141736418413355,-0.2516879689114881,0.6815,0.7310017628406982,0.07263648252486894,0.9958,0.9552512339661164,-0.040719789148306464,S3.3g C1 gas-sink decomposition diagnostic,true,false,false,false,false,false,false,false,true,comparison_baseline_not_gas_sink_decomposition,1.0,7.75,7.75,0.0,0.0,0.0,1.647610714005784,38173.99469487413,0.4176107140057841,true,,boiler_steam_ng=lower;boiler_steam_wag=lower;vattenfall_generator_bfg_equivalent_wag=upper,0.17365391980084902,0.14926408364530055,0.33952090569575943,false,false,false,true,0.401,0.13780153146007063,0.172,0.08754596688174046,0.427,-0.1646752234640459,0.0,0.0,0.0,0.0,0.0,0.0,0.0,0.0,0.0,0.0,1.0,5.0,0.3715,
