candidate_id,candidate_role,configuration_id,horizon_hours,annual_final_product_t,bf_bof_share_scenario,termination_condition,solver_status,solver_name,runtime_seconds,mip_gap,objective_value,calibration_score,regularisation_score,boundary_parameter_count,accepted_for_calibration,rejection_reason,param_residual_auxiliary_electricity_scale,param_downstream_electricity_scale,param_residual_c0_ng_m3_per_t_final,param_steam_process_heat_scale,param_bfg_generation_nm3_per_t_hot_metal,param_cog_generation_m3_per_t_dry_coal,param_bofg_generation_nm3_per_t_liquid_steel,param_wag_lhv_scale,param_wag_to_power_efficiency_fraction,param_wag_residual_utilisation_fraction,param_coal_primary_energy_factor_gj_per_t_dry_coal,param_bf_bof_aggregate_direct_co2_t_per_t_bof,annualised_final_product_t,final_product_t_per_h,horizon_final_product_t,bf_bof_share,drp_eaf_share,gross_electricity_twh_per_year,wag_electricity_twh_per_year,net_grid_import_twh_per_year,natural_gas_m3_per_h,model_natural_gas_m3_per_h,explicit_drp_natural_gas_m3_per_h,steam_boiler_natural_gas_m3_per_h,reheating_natural_gas_m3_per_h,utility_heat_natural_gas_m3_per_h,represented_steam_reheating_ng_m3_per_h,represented_steam_reheating_utility_ng_m3_per_h,residual_ng_m3_per_h,residual_ng_m3_per_t_final,natural_gas_pj_per_year,model_natural_gas_pj_per_year,explicit_drp_natural_gas_pj_per_year,steam_boiler_natural_gas_pj_per_year,reheating_natural_gas_pj_per_year,utility_heat_natural_gas_pj_per_year,residual_ng_pj_per_year,external_coal_origin_energy_pj_per_year,gross_electricity_energy_pj_per_year,net_grid_energy_pj_per_year,total_physical_external_energy_pj_per_year,athanasiadis_primary_proxy_pj_per_year,coal_share_athanasiadis_proxy,electricity_share_athanasiadis_proxy,natural_gas_share_athanasiadis_proxy,direct_site_co2_t_per_year,scope2_t_per_year,direct_plus_scope2_t_per_year,bfg_generated_pj_per_year,cog_generated_pj_per_year,bofg_generated_pj_per_year,total_wag_generated_pj_per_year,wag_process_use_pj_per_year,wag_steam_boiler_use_pj_per_year,wag_reheating_use_pj_per_year,wag_utility_heat_use_pj_per_year,wag_power_fuel_use_pj_per_year,downstream_light_side_utility_heat_demand_pj_per_year,flare_pj_per_year,flare_fraction_of_wag_generated,gj_per_t_final_athanasiadis_proxy,mwh_gross_electricity_per_t,mwh_wag_electricity_per_t,m3_ng_per_t,tco2_direct_per_t,max_cold_slab_inventory_t,slab_yard_capacity_t,hot_metal_capacity_t,terminal_cold_residual_t,terminal_hot_residual_t,terminal_reheated_residual_t,max_wag_balance_residual_gj,max_electricity_balance_residual_mwh,max_carbon_decomposition_residual_t,wag_double_counted_in_primary_proxy,max_material_balance_residual_t,gross_electricity_error_pct,gross_electricity_error_normalised,wag_electricity_error_pct,wag_electricity_error_normalised,natural_gas_flow_error_pct,natural_gas_flow_error_normalised,direct_co2_error_pct,direct_co2_error_normalised,primary_proxy_error_pct,primary_proxy_error_normalised,flare_fraction_error_pct,flare_fraction_error_normalised,block,base_parameter_set_id,sample_method,hsm_pellet_case,shared_parameters_fixed,registered_bounds_pass,registered_bound_violations,c1_gross_electricity_twh_per_year_target,c1_gross_electricity_twh_per_year_error_pct,c1_wag_electricity_twh_per_year_target,c1_wag_electricity_twh_per_year_error_pct,c1_natural_gas_m3_per_h_target,c1_natural_gas_m3_per_h_error_pct,c1_direct_site_co2_t_per_year_target,c1_direct_site_co2_t_per_year_error_pct,c1_athanasiadis_primary_proxy_pj_per_year_target,c1_athanasiadis_primary_proxy_pj_per_year_error_pct,c1_c0_gross_electricity_twh_per_year_target_ratio,c1_c0_gross_electricity_twh_per_year_actual_ratio,c1_c0_gross_electricity_twh_per_year_ratio_error_pct,c1_c0_wag_electricity_twh_per_year_target_ratio,c1_c0_wag_electricity_twh_per_year_actual_ratio,c1_c0_wag_electricity_twh_per_year_ratio_error_pct,c1_c0_natural_gas_m3_per_h_target_ratio,c1_c0_natural_gas_m3_per_h_actual_ratio,c1_c0_natural_gas_m3_per_h_ratio_error_pct,c1_c0_direct_site_co2_t_per_year_target_ratio,c1_c0_direct_site_co2_t_per_year_actual_ratio,c1_c0_direct_site_co2_t_per_year_ratio_error_pct,c1_c0_athanasiadis_primary_proxy_pj_per_year_target_ratio,c1_c0_athanasiadis_primary_proxy_pj_per_year_actual_ratio,c1_c0_athanasiadis_primary_proxy_pj_per_year_ratio_error_pct,diagnostic_label,c1_targets_used_for_score,calibration_freeze,s4_logic_introduced,approved_inputs_populated,residual_c1_gap_closure_used,inherited_c0_residual_ng_used_for_c1,arbitrary_wag_availability_factor_used,weighted_c1_alignment_score,unweighted_mean_abs_pct_error,max_abs_pct_error,all_core_targets_within_5pct,all_core_targets_within_10pct,all_core_targets_within_15pct,physically_feasible_and_balanced,natural_gas_shortfall_m3_per_h,wag_electricity_excess_twh_per_year,gross_electricity_surplus_twh_per_year,actual_wag_to_process_or_boiler_pj_per_year,actual_wag_to_power_twh_per_year,coal_share_athanasiadis_proxy_target,coal_share_athanasiadis_proxy_error_pct,electricity_share_athanasiadis_proxy_target,electricity_share_athanasiadis_proxy_error_pct,natural_gas_share_athanasiadis_proxy_target,natural_gas_share_athanasiadis_proxy_error_pct,hsm_fuel_substitution_ng_pj_per_year,pelletizing_firing_ng_pj_per_year,boiler_steam_ng_pj_per_year,boiler_steam_wag_pj_per_year,vattenfall_generator_bfg_equivalent_wag_fraction,downstream_light_side_utility_heat_pj_per_year,downstream_light_side_minimum_ng_pj_per_year,extended_boiler_steam_gap_sizing,s3_3h_rejection_reason
S33H_A_026,block_a_c1_only_boundary_diagnostic,C1_phase1_hybrid_BF_BOF_NG_DRP_EAF,168.0,6200000.0,0.5033645161290323,optimal,ok,appsi_highs,2.051515,not_reported_by_solver,64584304.14606123,56.32392215,0.22101204,2,false,outside_calibration_tolerance,3.85,1.0,0.0,1.0,1600.0,365.0,75.0,1.0,0.3715,1.0,44.0,2.15568,6199999.999999991,707.7625570776245,118904.1095890409,0.5033645161290328,0.4966354838709672,5.295274444177187,1.2047979890321887,4.090476455144998,144875.2221295468,144875.2221295468,97500.00000000029,0.0,0.0,47375.22212954653,0.0,47375.22212954653,0.0,0.0,44.63449128571438,44.63449128571438,30.03869700000009,0.0,0.0,14.595794285714287,0.0,40.93719446079998,19.062987999037873,14.725715238521994,100.29740098503636,104.63467374555222,0.3912392803971458,0.18218614649093026,0.4265745731119239,9736399.544096725,818095.2910289996,10554494.835125724,13.382247679999995,6.350382290731596,2.2423379099999994,21.974967880731594,6.979840840319996,0.3558137069714284,0.0,2.9642857142857126,11.675027619154452,17.56008,0.0,0.0,16.87656028154071,0.8540765232543863,0.19432225629551458,204.69466868626324,1.5703870232414097,1630.13544,25000.0,500.0,0.0,0.0,0.0,9.094947017729282e-13,2.2737367544323206e-13,2.4158453015843406e-13,False,6.821210263296962e-13,0.6704335786047908,13.408671572095816,-0.5602927047327779,5.602927047327779,3.35798443580159,33.5798443580159,-0.271512003431995,2.7151200343199497,0.019543946642244226,0.19543946642244225,-1.0,0.6666666666666666,A,S33_CAND_001_CALIBRATION_ANCHOR,deterministic_block_a_sparse_grid,high_hsm_high_pellet,true,true,,4.89,0.08287820944318752,1.23,-0.020489439811228676,151673.52,-0.044821916643414,9107793.17,0.06901851660040773,102.1941,0.02388174802216776,1.5426,1.6704335786047908,0.08286890872863402,0.4489,0.43970729526722213,-0.02047829078364422,4.5625,4.3579844358015905,-0.04482532913937744,0.6815,0.728487996568005,0.06894790398826854,0.9958,1.0195439466422442,0.023844091827921486,S3.3h phased C1 boundary and C0-preserving shared-parameter diagnostic,true,false,false,false,false,false,false,0.045624251457954505,0.048217966104081134,0.08287820944318752,false,true,true,true,6798.297870453185,-0.025202010967811272,0.40527444417718694,2.9642857142857126,1.2047979890321887,0.401,-0.024340946640534263,0.172,0.059221781924013235,0.427,-0.0009963158971336386,9.3,2.26008,3.0,3.0,1.0,17.56008,14.560080000000001,true,
S33H_A_036,block_a_c1_only_boundary_diagnostic,C1_phase1_hybrid_BF_BOF_NG_DRP_EAF,168.0,6200000.0,0.5033645161290323,optimal,ok,appsi_highs,2.139127,not_reported_by_solver,64490738.4967276,55.93525044,0.22101204,2,false,outside_calibration_tolerance,3.85,1.0,0.0,1.0,1600.0,365.0,75.0,1.0,0.3715,1.0,44.0,2.15568,6199999.9999999935,707.7625570776248,118904.10958904096,0.5033645161290327,0.4966354838709674,5.295274444177189,1.2047979890321887,4.090476455145001,143652.58920375785,143652.58920375785,97500.00000000035,0.0,0.0,46152.5892037575,0.0,46152.5892037575,0.0,0.0,44.257811285714396,44.257811285714396,30.03869700000011,0.0,0.0,14.219114285714287,0.0,40.93719446079998,19.062987999037883,14.725715238522005,99.92072098503637,104.25799374555226,0.3926528124136898,0.182844377818762,0.4245028097675482,9715267.796096727,818095.2910290002,10533363.087125728,13.382247679999997,6.350382290731597,2.2423379099999994,21.974967880731594,6.979840840319998,0.3558137069714284,0.0,2.964285714285715,11.675027619154454,17.1834,0.0,0.0,16.815805442831028,0.8540765232543862,0.1943222562955145,202.96720668143874,1.5669786767897964,1630.13544,25000.0,500.0,0.0,0.0,0.0,1.3642420526593924e-12,2.7711166694643907e-13,3.410605131648481e-13,False,5.115907697472721e-13,0.6704335786047916,13.40867157209583,-0.5602927047327779,5.602927047327779,3.321206474857224,33.21206474857224,-0.2730931037858555,2.730931037858555,0.015873635453096096,0.15873635453096094,-1.0,0.6666666666666666,A,S33_CAND_001_CALIBRATION_ANCHOR,deterministic_block_a_sparse_grid,high_hsm_central_pellet,true,true,,4.89,0.08287820944318806,1.23,-0.020489439811228676,151673.52,-0.05288286838890628,9107793.17,0.06669833347749676,102.1941,0.020195820948100227,1.5426,1.6704335786047917,0.08286890872863459,0.4489,0.43970729526722213,-0.02047829078364422,4.5625,4.321206474857224,-0.052886252086087916,0.6815,0.7269068962141445,0.06662787412200222,0.9958,1.0158736354530962,0.0201583003144167,S3.3h phased C1 boundary and C0-preserving shared-parameter diagnostic,true,false,false,false,false,false,false,0.046638471028164576,0.048628934413784006,0.08287820944318806,false,true,true,true,8020.930796242144,-0.025202010967811272,0.4052744441771896,2.964285714285715,1.2047979890321887,0.401,-0.020815929142918205,0.172,0.0630487082486164,0.427,-0.0058482206848988715,9.3,1.8834,3.0,3.0,1.0,17.1834,14.1834,true,
S33H_A_046,block_a_c1_only_boundary_diagnostic,C1_phase1_hybrid_BF_BOF_NG_DRP_EAF,168.0,6200000.0,0.5033645161290323,optimal,ok,appsi_highs,2.192513,not_reported_by_solver,64414898.35641075,55.62021048,0.22101204,2,false,outside_calibration_tolerance,3.85,1.0,0.0,1.0,1600.0,365.0,75.0,1.0,0.3715,1.0,44.0,2.15568,6199999.9999999935,707.7625570776248,118904.10958904096,0.5033645161290327,0.4966354838709674,5.295274444177189,1.2047979890321887,4.090476455145001,142661.57750974197,142661.57750974197,97500.00000000035,0.0,0.0,45161.57750974161,0.0,45161.57750974161,0.0,0.0,43.952491285714395,43.952491285714395,30.03869700000011,0.0,0.0,13.913794285714287,0.0,40.93719446079998,19.062987999037883,14.725715238522005,99.61540098503639,103.95267374555226,0.3938060752627012,0.18338141109962086,0.4228125136376779,9698139.344096728,818095.2910290002,10516234.635125728,13.382247679999997,6.350382290731597,2.2423379099999994,21.974967880731594,6.979840840319998,0.3558137069714284,0.0,2.964285714285715,11.675027619154454,16.87808,0.0,0.0,16.766560281540706,0.8540765232543862,0.1943222562955145,201.56700306215177,1.5642160232414093,1630.13544,25000.0,500.0,0.0,0.0,0.0,1.3642420526593924e-12,2.7711166694643907e-13,3.410605131648481e-13,False,5.115907697472721e-13,0.6704335786047916,13.40867157209583,-0.5602927047327779,5.602927047327779,3.2913959008009046,32.913959008009044,-0.2743746731817372,2.743746731817372,0.012898644977703738,0.12898644977703738,-1.0,0.6666666666666666,A,S33_CAND_001_CALIBRATION_ANCHOR,deterministic_block_a_sparse_grid,central_hsm_high_pellet,true,true,,4.89,0.08287820944318806,1.23,-0.020489439811228676,151673.52,-0.05941671618261396,9107793.17,0.06481769656795223,102.1941,0.01720817293319531,1.5426,1.6704335786047917,0.08286890872863459,0.4489,0.43970729526722213,-0.02047829078364422,4.5625,4.291395900800905,-0.05942007653678803,0.6815,0.7256253268182629,0.06474736143545541,0.9958,1.0128986449777038,0.017170762178854937,S3.3h phased C1 boundary and C0-preserving shared-parameter diagnostic,true,false,false,false,false,false,false,0.047460552155849926,0.04896204698763565,0.08287820944318806,false,true,true,true,9011.942490258021,-0.025202010967811272,0.4052744441771896,2.964285714285715,1.2047979890321887,0.401,-0.017939961938400986,0.172,0.06617099476523765,0.427,-0.009806759630730865,8.618,2.26008,3.0,3.0,1.0,16.87808,13.87808,true,
S33H_A_016,block_a_c1_only_boundary_diagnostic,C1_phase1_hybrid_BF_BOF_NG_DRP_EAF,168.0,6200000.0,0.5033645161290323,optimal,ok,appsi_highs,2.28809,not_reported_by_solver,64321332.70707709,55.23153877,0.22101204,2,false,outside_calibration_tolerance,3.85,1.0,0.0,1.0,1600.0,365.0,75.0,1.0,0.3715,1.0,44.0,2.15568,6199999.9999999935,707.7625570776248,118904.10958904096,0.5033645161290327,0.4966354838709674,5.295274444177189,1.2047979890321887,4.090476455145001,141438.94458395295,141438.94458395295,97500.00000000035,0.0,0.0,43938.94458395258,0.0,43938.94458395258,0.0,0.0,43.575811285714394,43.575811285714394,30.03869700000011,0.0,0.0,13.537114285714285,0.0,40.93719446079998,19.062987999037883,14.725715238522005,99.2387209850364,103.57599374555225,0.39523824952495706,0.18404832345483996,0.4207134270202029,9677007.596096726,818095.2910290002,10495102.887125727,13.382247679999997,6.350382290731597,2.2423379099999994,21.974967880731594,6.979840840319998,0.3558137069714284,0.0,2.964285714285715,11.675027619154454,16.5014,0.0,0.0,16.70580544283103,0.8540765232543862,0.1943222562955145,199.83954105732727,1.5608076767897963,1630.13544,25000.0,500.0,0.0,0.0,0.0,1.3642420526593924e-12,2.7711166694643907e-13,3.410605131648481e-13,False,5.115907697472721e-13,0.6704335786047916,13.40867157209583,-0.5602927047327779,5.602927047327779,3.2546179398565367,32.546179398565364,-0.27595577353559797,2.7595577353559797,0.00922833378855519,0.09228333788555189,-1.0,0.6666666666666666,A,S33_CAND_001_CALIBRATION_ANCHOR,deterministic_block_a_sparse_grid,central_hsm_central_pellet,true,true,,4.89,0.08287820944318806,1.23,-0.020489439811228676,151673.52,-0.06747766792810662,9107793.17,0.06249751344504085,102.1941,0.013522245859127358,1.5426,1.6704335786047917,0.08286890872863459,0.4489,0.43970729526722213,-0.02047829078364422,4.5625,4.254617939856537,-0.06748099948349871,0.6815,0.724044226464402,0.06242733156918861,0.9958,1.0092283337885553,0.013484970665349705,S3.3h phased C1 boundary and C0-preserving shared-parameter diagnostic,true,false,false,false,false,false,false,0.04847477172605987,0.04937301529733831,0.08287820944318806,false,true,true,true,10234.575416047039,-0.025202010967811272,0.4052744441771896,2.964285714285715,1.2047979890321887,0.401,-0.014368455049982442,0.172,0.07004839217930216,0.427,-0.014722653348470883,8.618,1.8834,3.0,3.0,1.0,16.5014,13.5014,true,
S33H_A_015,block_a_c1_only_boundary_diagnostic,C1_phase1_hybrid_BF_BOF_NG_DRP_EAF,168.0,6200000.0,0.5033645161290323,optimal,ok,appsi_highs,2.448023,not_reported_by_solver,64912420.917061865,57.94262243,0.22101204,2,false,outside_calibration_tolerance,3.85,1.0,0.0,1.0,1600.0,365.0,75.0,1.0,0.3715,1.0,44.0,2.15568,6199999.999999992,707.7625570776246,118904.10958904093,0.5033645161290329,0.4966354838709671,5.295274444177187,1.3067639281856283,3.9885105159915586,151137.74362687694,151137.74362687694,97500.00000000028,0.0,0.0,53637.74362687663,0.0,53637.74362687663,0.0,0.0,46.563906523809614,46.563906523809614,30.038697000000084,0.0,0.0,16.525209523809526,0.0,40.937194460799994,19.062987999037873,14.35863785756961,101.85973884217923,106.5640889836475,0.38415562739040443,0.17888754251878541,0.43695683009081,9844639.73895387,797702.1031983118,10642341.842152182,13.382247679999999,6.3503822907315985,2.2423379100000003,21.9749678807316,6.97984084032,0.35581370697142856,0.0,1.9761904761904767,12.663122857249697,18.5014,0.0,0.0,17.1877562876851,0.8540765232543861,0.21076837551381128,213.54300551152318,1.58784511918611,1630.13544,25000.0,500.0,0.0,0.0,0.0,1.3642420526593924e-12,2.2737367544323206e-13,3.836930773104541e-13,False,2.8421709430404007e-13,0.6704335786047908,13.408671572095816,-0.5230788583264131,5.230788583264131,3.5463670371399556,35.46367037139955,-0.26341335440444763,2.634133544044476,0.038343867893424685,0.3834386789342468,-1.0,0.6666666666666666,A,S33_CAND_001_CALIBRATION_ANCHOR,deterministic_block_a_sparse_grid,central_hsm_central_pellet,true,true,,4.89,0.08287820944318752,1.23,0.062409697711892906,151673.52,-0.003532431851802817,9107793.17,0.0809028658425134,102.1941,0.042761656334832324,1.5426,1.6704335786047908,0.08286890872863402,0.4489,0.4769211416735869,0.06242179031763617,4.5625,4.546367037139956,-0.003535991859735661,0.6815,0.7365866455955524,0.08083146822531538,0.9958,1.0383438678934247,0.042723305777690984,S3.3h phased C1 boundary and C0-preserving shared-parameter diagnostic,true,false,false,false,false,false,false,0.05090932099434614,0.0544969722368458,0.08287820944318752,false,true,true,true,535.7763731230516,0.07676392818562827,0.40527444417718694,1.9761904761904767,1.3067639281856283,0.401,-0.04200591673215858,0.172,0.04004385185340365,0.427,0.023318103257166274,8.618,1.8834,6.0,2.0,1.0,18.5014,16.5014,true,
S33H_A_078,block_a_c1_only_boundary_diagnostic,C1_phase1_hybrid_BF_BOF_NG_DRP_EAF,168.0,6200000.0,0.55,optimal,ok,appsi_highs,2.137084,not_reported_by_solver,64745797.50330566,54.9808695,0.22101204,2,false,outside_calibration_tolerance,3.85,1.0,0.0,1.0,1600.0,365.0,75.0,1.0,0.3715,1.0,44.0,2.15568,6199999.999999992,707.7625570776246,118904.10958904093,0.5499999999999998,0.4500000000000001,5.094022392763681,1.242794299223237,3.851228093540444,145495.7752470876,145495.7752470876,88344.47280734271,0.0,0.0,57151.30243974488,0.0,57151.30243974488,0.0,0.0,44.82567699925502,44.82567699925502,27.217977951635973,0.0,0.0,17.60769904761905,0.0,44.72992479999992,18.33848061394925,13.864421136745598,103.42002293600055,107.89408241320419,0.41457254929604764,0.16996743661731134,0.415460014086641,10323013.490278415,770245.6187080889,11093259.108986504,14.622079999999977,6.9387295845999875,2.4500849999999956,24.01089458459996,7.626505919999987,0.3887789714285708,0.0,3.952380952380951,12.043228740790452,21.56008,0.0,0.0,17.40227135696844,0.821616514961885,0.200450693423103,205.5714501878208,1.6650021758513593,1630.13544,25000.0,500.0,0.0,0.0,0.0,1.1368683772161603e-12,1.6342482922482304e-13,3.268496584496461e-13,False,6.821210263296962e-13,0.606947127054789,12.13894254109578,-0.5464254382396946,5.464254382396946,3.3766512636281774,33.766512636281774,-0.22762091037677498,2.2762091037677497,0.05130311650231257,0.5130311650231256,-1.0,0.6666666666666666,A,S33_CAND_001_CALIBRATION_ANCHOR,deterministic_block_a_sparse_grid,high_hsm_high_pellet,true,true,,4.89,0.04172237070831928,1.23,0.010401869287184593,151673.52,-0.04073054250282056,9107793.17,0.13342642916850686,102.1941,0.05577604199463748,1.5426,1.606947127054789,0.04171342347646121,0.4489,0.4535745617603055,0.010413369927167411,4.5625,4.376651263628178,-0.040733969615741855,0.6815,0.772379089623225,0.1333515621764123,0.9958,1.0513031165023126,0.05573721279605598,S3.3h phased C1 boundary and C0-preserving shared-parameter diagnostic,true,false,false,false,false,false,false,0.051270576592745226,0.056411450732293755,0.13342642916850686,false,false,true,true,6177.744752912404,0.012794299223237049,0.20402239276368128,3.952380952380951,1.242794299223237,0.401,0.033846756349245936,0.172,-0.011817228969120035,0.427,-0.02702572813433015,9.3,2.26008,6.0,4.0,1.0,21.56008,17.56008,true,
S33H_A_006,block_a_c1_only_boundary_diagnostic,C1_phase1_hybrid_BF_BOF_NG_DRP_EAF,168.0,6200000.0,0.5033645161290323,optimal,ok,appsi_highs,1.969067,not_reported_by_solver,64058361.26809292,54.16090096,0.22101204,2,false,outside_calibration_tolerance,3.85,1.0,0.0,1.0,1600.0,365.0,75.0,1.0,0.3715,1.0,44.0,2.15568,6199999.999999992,707.7625570776245,118904.10958904092,0.5033645161290323,0.4966354838709677,5.295274444177189,1.204797989032187,4.090476455145003,138002.66703835904,138002.66703835904,97500.0000000004,0.0,0.0,40502.66703835865,0.0,40502.66703835865,0.0,0.0,42.51713128571441,42.51713128571441,30.038697000000123,0.0,0.0,12.478434285714288,0.0,40.93719446079993,19.062987999037883,14.72571523852201,98.18004098503634,102.51731374555222,0.3993198120895557,0.1859489612296337,0.4147312266808107,9617615.648096722,818095.2910290007,10435710.93912572,13.382247679999983,6.350382290731591,2.2423379099999967,21.974967880731572,6.97984084031999,0.3558137069714281,0.0,2.964285714285715,11.675027619154438,15.442720000000001,0.0,0.0,16.53505060412135,0.8540765232543865,0.19432225629551433,194.98441342839143,1.551228330338183,1630.13544,25000.0,500.0,0.0,0.0,0.0,1.0231815394945443e-12,2.2737367544323206e-13,3.055333763768431e-13,False,1.0800249583553523e-12,0.6704335786047916,13.40867157209583,-0.5602927047327785,5.602927047327785,3.1512514439114816,31.512514439114813,-0.28039954363920133,2.803995436392013,-0.0010872790651345417,0.010872790651345415,-1.0,0.6666666666666666,A,S33_CAND_001_CALIBRATION_ANCHOR,deterministic_block_a_sparse_grid,low_hsm_low_pellet,true,true,,4.89,0.08287820944318806,1.23,-0.020489439811230123,151673.52,-0.09013341921279965,9107793.17,0.055976510289673355,102.1941,0.0031627436960862637,1.5426,1.6704335786047917,0.08286890872863459,0.4489,0.43970729526722147,-0.020478290783645704,4.5625,4.151251443911482,-0.09013666982762038,0.6815,0.7196004563607987,0.05590675915010819,0.9958,0.9989127209348655,0.00312584950277714,S3.3h phased C1 boundary and C0-preserving shared-parameter diagnostic,true,false,false,false,false,false,false,0.051325291994165384,0.05052806449059549,0.09013341921279965,false,true,true,true,13670.85296164095,-0.02520201096781305,0.4052744441771896,2.964285714285715,1.204797989032187,0.401,-0.004189994789137981,0.172,0.081098611800196,0.427,-0.028732490208874233,7.936,1.50672,3.0,3.0,1.0,15.44272,12.44272,true,
S33H_A_045,block_a_c1_only_boundary_diagnostic,C1_phase1_hybrid_BF_BOF_NG_DRP_EAF,168.0,6200000.0,0.5033645161290323,optimal,ok,appsi_highs,2.223898,not_reported_by_solver,65005986.56639552,58.33129414,0.22101204,2,false,outside_calibration_tolerance,3.85,1.0,0.0,1.0,1600.0,365.0,75.0,1.0,0.3715,1.0,44.0,2.15568,6199999.999999992,707.7625570776246,118904.10958904093,0.5033645161290329,0.4966354838709671,5.295274444177187,1.3067639281856283,3.9885105159915586,152360.37655266596,152360.37655266596,97500.00000000028,0.0,0.0,54860.376552665664,0.0,54860.376552665664,0.0,0.0,46.940586523809614,46.940586523809614,30.038697000000084,0.0,0.0,16.901889523809523,0.0,40.937194460799994,19.062987999037873,14.35863785756961,102.23641884217922,106.9407689836475,0.3828025069378337,0.17825744269664667,0.4389400503655195,9865771.486953871,797702.1031983118,10663473.590152184,13.382247679999999,6.3503822907315985,2.2423379100000003,21.9749678807316,6.97984084032,0.35581370697142856,0.0,1.9761904761904767,12.663122857249697,18.87808,0.0,0.0,17.248511126394778,0.8540765232543861,0.21076837551381128,215.27046751634768,1.591253465637723,1630.13544,25000.0,500.0,0.0,0.0,0.0,1.3642420526593924e-12,2.2737367544323206e-13,3.836930773104541e-13,False,2.8421709430404007e-13,0.6704335786047908,13.408671572095816,-0.5230788583264131,5.230788583264131,3.5831449980843235,35.83144998084323,-0.26183225405058685,2.6183225405058685,0.04201417908257323,0.4201417908257323,-1.0,0.6666666666666666,A,S33_CAND_001_CALIBRATION_ANCHOR,deterministic_block_a_sparse_grid,central_hsm_high_pellet,true,true,,4.89,0.08287820944318752,1.23,0.062409697711892906,151673.52,0.004528519893689854,9107793.17,0.08322304896542479,102.1941,0.046447583408900275,1.5426,1.6704335786047908,0.08286890872863402,0.4489,0.4769211416735869,0.06242179031763617,4.5625,4.5831449980843235,0.004524931086975018,0.6815,0.7381677459494131,0.08315149809158202,0.9958,1.0420141790825732,0.046409097291196216,S3.3h phased C1 boundary and C0-preserving shared-parameter diagnostic,true,false,false,false,false,false,false,0.05215936137098112,0.05589741188461907,0.08322304896542479,false,true,true,true,-686.8565526659659,0.07676392818562827,0.40527444417718694,1.9761904761904767,1.3067639281856283,0.401,-0.04538028195053949,0.172,0.036380480794457486,0.427,0.027962647226040947,8.618,2.26008,6.0,2.0,1.0,18.87808,16.87808,true,
S33H_A_088,block_a_c1_only_boundary_diagnostic,C1_phase1_hybrid_BF_BOF_NG_DRP_EAF,168.0,6200000.0,0.55,optimal,ok,appsi_highs,2.282187,not_reported_by_solver,64652231.853972,54.59219779,0.22101204,2,false,outside_calibration_tolerance,3.85,1.0,0.0,1.0,1600.0,365.0,75.0,1.0,0.3715,1.0,44.0,2.15568,6199999.999999992,707.7625570776246,118904.10958904093,0.5500000000000002,0.44999999999999984,5.09402239276368,1.2427942992232381,3.8512280935404424,144273.1423212985,144273.1423212985,88344.47280734267,0.0,0.0,55928.66951395586,0.0,55928.66951395586,0.0,0.0,44.448996999255,44.448996999255,27.217977951635955,0.0,0.0,17.23101904761905,0.0,44.72992479999994,18.33848061394925,13.864421136745593,103.04334293600054,107.5174024132042,0.4160249763856523,0.17056290611888056,0.41341211749546725,10301881.742278418,770245.6187080885,11072127.360986507,14.622079999999988,6.938729584599992,2.4500849999999983,24.010894584599978,7.6265059199999925,0.3887789714285711,0.0,3.952380952380951,12.043228740790465,21.1834,0.0,0.0,17.341516518258764,0.8216165149618849,0.20045069342310318,203.84398818299624,1.661593829399747,1630.13544,25000.0,500.0,0.0,0.0,0.0,1.1368683772161603e-12,2.2737367544323206e-13,3.268496584496461e-13,False,2.2737367544323206e-13,0.6069471270547887,12.138942541095773,-0.5464254382396941,5.464254382396941,3.3398733026838077,33.39873302683807,-0.22920201073063545,2.2920201073063544,0.04763280531316416,0.4763280531316416,-1.0,0.6666666666666666,A,S33_CAND_001_CALIBRATION_ANCHOR,deterministic_block_a_sparse_grid,high_hsm_central_pellet,true,true,,4.89,0.0417223707083191,1.23,0.010401869287185495,151673.52,-0.04879149424831362,9107793.17,0.13110624604559587,102.1941,0.05209011492056967,1.5426,1.6069471270547886,0.041713423476460926,0.4489,0.45357456176030586,0.010413369927168277,4.5625,4.339873302683808,-0.04879489256245311,0.6815,0.7707979892693645,0.131031532310146,0.9958,1.047632805313164,0.05205142128255075,S3.3h phased C1 boundary and C0-preserving shared-parameter diagnostic,true,false,false,false,false,false,false,0.05228479616295555,0.05682241904199675,0.13110624604559587,false,false,true,true,7400.377678701479,0.01279429922323816,0.2040223927636804,3.952380952380951,1.2427942992232381,0.401,0.03746876904152682,0.172,-0.008355196983252489,0.427,-0.03182173888649355,9.3,1.8834,6.0,4.0,1.0,21.1834,17.1834,true,
S33H_A_098,block_a_c1_only_boundary_diagnostic,C1_phase1_hybrid_BF_BOF_NG_DRP_EAF,168.0,6200000.0,0.55,optimal,ok,appsi_highs,2.008511,not_reported_by_solver,64576391.713655144,54.27715784,0.22101204,2,false,outside_calibration_tolerance,3.85,1.0,0.0,1.0,1600.0,365.0,75.0,1.0,0.3715,1.0,44.0,2.15568,6199999.99999999,707.7625570776244,118904.10958904089,0.5499999999999997,0.45000000000000023,5.094022392763679,1.2427942992232361,3.851228093540444,143282.13062728266,143282.13062728266,88344.4728073427,0.0,0.0,54937.65781993995,0.0,54937.65781993995,0.0,0.0,44.14367699925501,44.143676999255014,27.217977951635966,0.0,0.0,16.925699047619048,0.0,44.7299247999999,18.338480613949248,13.864421136745598,102.7380229360005,107.21208241320414,0.41720973786897547,0.17104863744061272,0.41174162469041187,10284753.29027841,770245.6187080889,11054998.9089865,14.62207999999997,6.938729584599985,2.4500849999999947,24.010894584599953,7.6265059199999845,0.38877897142857065,0.0,3.9523809523809534,12.043228740790443,20.87808,0.0,0.0,17.292271356968442,0.8216165149618851,0.20045069342310293,202.4437845637094,1.6588311758513594,1630.13544,25000.0,500.0,0.0,0.0,0.0,9.094947017729282e-13,2.469136006766348e-13,2.5934809855243657e-13,False,8.526512829121202e-13,0.6069471270547884,12.138942541095767,-0.5464254382396949,5.464254382396949,3.3100627286274893,33.10062728627489,-0.23048358012651773,2.304835801265177,0.04465781483777125,0.4465781483777125,-1.0,0.6666666666666666,A,S33_CAND_001_CALIBRATION_ANCHOR,deterministic_block_a_sparse_grid,central_hsm_high_pellet,true,true,,4.89,0.04172237070831892,1.23,0.010401869287183872,151673.52,-0.055325342042021095,9107793.17,0.12922560913605052,102.1941,0.049102466905664194,1.5426,1.6069471270547884,0.04171342347646078,0.4489,0.45357456176030514,0.01041336992716667,4.5625,4.310062728627489,-0.055328717013153034,0.6815,0.7695164198734823,0.12915101962359837,0.9958,1.0446578148377712,0.049063883146988535,S3.3h phased C1 boundary and C0-preserving shared-parameter diagnostic,true,false,false,false,false,false,false,0.053106877290640175,0.05715553161584772,0.12922560913605052,false,false,true,true,8391.389372717327,0.01279429922323616,0.2040223927636795,3.9523809523809534,1.2427942992232361,0.401,0.04042328645629788,0.172,-0.00553117767085622,0.427,-0.03573390002245462,8.618,2.26008,6.0,4.0,1.0,20.87808,16.87808,true,
S33H_A_024,block_a_c1_only_boundary_diagnostic,C1_phase1_hybrid_BF_BOF_NG_DRP_EAF,168.0,6200000.0,0.5033645161290323,optimal,ok,appsi_highs,2.406528,not_reported_by_solver,64678601.18405041,56.97133523,0.22101204,2,false,outside_calibration_tolerance,3.85,1.0,0.0,1.0,1600.0,365.0,75.0,1.0,0.3715,1.0,44.0,2.15568,6199999.999999992,707.7625570776246,118904.10958904093,0.5033645161290328,0.4966354838709671,5.295274444177188,1.3067639281856283,3.9885105159915586,148082.3947214301,148082.3947214301,97500.00000000029,0.0,0.0,50582.39472142978,0.0,50582.39472142978,0.0,0.0,45.622586523809616,45.622586523809616,30.03869700000009,0.0,0.0,15.583889523809527,0.0,40.937194460799994,19.062987999037876,14.35863785756961,100.91841884217922,105.62276898364748,0.3875792582860414,0.18048180503570407,0.4319389366782545,9791831.68695387,797702.1031983118,10589533.790152183,13.382247679999999,6.3503822907315985,2.24233791,21.974967880731597,6.97984084032,0.35581370697142856,0.0,1.9761904761904747,12.663122857249697,17.56008,0.0,0.0,17.03593048123349,0.8540765232543862,0.2107683755138113,209.22609318705312,1.5793276914441747,1630.13544,25000.0,500.0,0.0,0.0,0.0,1.3642420526593924e-12,2.2737367544323206e-13,3.836930773104541e-13,False,2.8421709430404007e-13,0.6704335786047914,13.408671572095827,-0.5230788583264131,5.230788583264131,3.4544592368953118,34.54459236895312,-0.2673645102531682,2.673645102531682,0.029171792581304815,0.2917179258130481,-1.0,0.6666666666666666,A,S33_CAND_001_CALIBRATION_ANCHOR,deterministic_block_a_sparse_grid,high_hsm_high_pellet,true,true,,4.89,0.08287820944318788,1.23,0.062409697711892906,151673.52,-0.023676679215791283,9107793.17,0.07510474866809812,102.1941,0.033550557063934894,1.5426,1.6704335786047912,0.08286890872863431,0.4489,0.4769211416735869,0.06242179031763617,4.5625,4.454459236895312,-0.023680167255821984,0.6815,0.7326354897468318,0.07503373403790432,0.9958,1.0291717925813049,0.03351254527144492,S3.3h phased C1 boundary and C0-preserving shared-parameter diagnostic,true,false,false,false,false,false,false,0.053443846761124535,0.05552397842058102,0.08287820944318788,false,true,true,true,3591.1252785699035,0.07676392818562827,0.4052744441771887,1.9761904761904747,1.3067639281856283,0.401,-0.03346818382533324,0.172,0.04931281997502377,0.427,0.01156659643619324,9.3,2.26008,4.0,2.0,1.0,17.56008,15.560080000000001,true,
S33H_A_005,block_a_c1_only_boundary_diagnostic,C1_phase1_hybrid_BF_BOF_NG_DRP_EAF,168.0,6200000.0,0.5033645161290323,optimal,ok,appsi_highs,2.29017,not_reported_by_solver,64649449.47807771,56.85023904,0.22101204,2,false,outside_calibration_tolerance,3.85,1.0,0.0,1.0,1600.0,365.0,75.0,1.0,0.3715,1.0,44.0,2.15568,6199999.999999992,707.7625570776245,118904.10958904092,0.5033645161290324,0.49663548387096756,5.295274444177188,1.306763928185627,3.988510515991562,147701.46608128308,147701.46608128308,97500.00000000036,0.0,0.0,50201.46608128271,0.0,50201.46608128271,0.0,0.0,45.50522652380964,45.50522652380964,30.038697000000116,0.0,0.0,15.466529523809527,0.0,40.937194460799944,19.06298799903788,14.358637857569624,100.80105884217923,105.50540898364747,0.3880103859617747,0.18068256578193537,0.43130704825628985,9785247.790953865,797702.1031983125,10582949.894152177,13.382247679999987,6.350382290731592,2.2423379099999976,21.97496788073158,6.979840840319991,0.35581370697142817,0.0,1.9761904761904743,12.66312285724968,17.44272,0.0,0.0,17.017001448975424,0.8540765232543864,0.21076837551381108,208.68787788258737,1.5782657727344966,1630.13544,25000.0,500.0,0.0,0.0,0.0,1.3642420526593924e-12,3.410605131648481e-13,3.481659405224491e-13,False,6.821210263296962e-13,0.6704335786047914,13.408671572095827,-0.5230788583264135,5.230788583264135,3.4430005411949023,34.43000541194902,-0.267857124508051,2.67857124508051,0.02802825503973509,0.2802825503973509,-1.0,0.6666666666666666,A,S33_CAND_001_CALIBRATION_ANCHOR,deterministic_block_a_sparse_grid,low_hsm_low_pellet,true,true,,4.89,0.08287820944318788,1.23,0.06240969771189182,151673.52,-0.02618818313649545,9107793.17,0.0743818626871459,102.1941,0.03240215417179137,1.5426,1.6704335786047912,0.08286890872863431,0.4489,0.47692114167358646,0.06242179031763519,4.5625,4.443000541194903,-0.026191662203856936,0.6815,0.732142875491949,0.0743108958062348,0.9958,1.028028255039735,0.03236418461511853,S3.3h phased C1 boundary and C0-preserving shared-parameter diagnostic,true,false,false,false,false,false,false,0.05375984126245101,0.055652021430102484,0.08287820944318788,false,true,true,true,3972.053918716905,0.07676392818562694,0.4052744441771887,1.9761904761904743,1.306763928185627,0.401,-0.03239305246440237,0.172,0.05048003361590338,0.427,0.010086764066252595,7.936,1.50672,6.0,2.0,1.0,17.44272,15.44272,true,
S33H_A_068,block_a_c1_only_boundary_diagnostic,C1_phase1_hybrid_BF_BOF_NG_DRP_EAF,168.0,6200000.0,0.55,optimal,ok,appsi_highs,2.150321,not_reported_by_solver,64482826.06432149,53.88848612,0.22101204,2,false,outside_calibration_tolerance,3.85,1.0,0.0,1.0,1600.0,365.0,75.0,1.0,0.3715,1.0,44.0,2.15568,6199999.99999999,707.7625570776244,118904.10958904089,0.5499999999999996,0.4500000000000005,5.094022392763681,1.2427942992232353,3.8512280935404455,142059.4977014937,142059.4977014937,88344.47280734274,0.0,0.0,53715.02489415094,0.0,53715.02489415094,0.0,0.0,43.76699699925503,43.76699699925503,27.217977951635984,0.0,0.0,16.549019047619048,0.0,44.72992479999988,18.33848061394925,13.864421136745603,102.36134293600051,106.83540241320415,0.4186807349402707,0.1716517203073008,0.4096675447524286,10263621.542278409,770245.6187080891,11033867.160986498,14.622079999999965,6.938729584599982,2.450084999999994,24.010894584599942,7.62650591999998,0.38877897142857043,0.0,3.9523809523809534,12.043228740790436,20.5014,0.0,0.0,17.23151651825876,0.8216165149618854,0.20045069342310282,200.71632255888497,1.6554228293997462,1630.13544,25000.0,500.0,0.0,0.0,0.0,9.094947017729282e-13,3.3928415632544784e-13,2.2737367544323206e-13,False,3.410605131648481e-13,0.606947127054789,12.13894254109578,-0.5464254382396952,5.464254382396952,3.273284767683123,32.73284767683123,-0.23206468048037848,2.3206468048037845,0.04098750364862284,0.40987503648622836,-1.0,0.6666666666666666,A,S33_CAND_001_CALIBRATION_ANCHOR,deterministic_block_a_sparse_grid,central_hsm_central_pellet,true,true,,4.89,0.04172237070831928,1.23,0.010401869287183148,151673.52,-0.06338629378751338,9107793.17,0.12690542601313914,102.1941,0.04541653983159638,1.5426,1.606947127054789,0.04171342347646121,0.4489,0.4535745617603048,0.010413369927165928,4.5625,4.273284767683124,-0.06338963995986333,0.6815,0.7679353195196215,0.12683098975733156,0.9958,1.040987503648623,0.045378091633483525,S3.3h phased C1 boundary and C0-preserving shared-parameter diagnostic,true,false,false,false,false,false,false,0.054121096860849933,0.05756649992555026,0.12690542601313914,false,false,true,true,9614.022298506286,0.012794299223235273,0.20402239276368128,3.9523809523809534,1.2427942992232353,0.401,0.044091608329852046,0.172,-0.002024881934297574,0.427,-0.04059123008798917,8.618,1.8834,6.0,4.0,1.0,20.5014,16.5014,true,
S33H_A_034,block_a_c1_only_boundary_diagnostic,C1_phase1_hybrid_BF_BOF_NG_DRP_EAF,168.0,6200000.0,0.5033645161290323,optimal,ok,appsi_highs,2.684705,not_reported_by_solver,64585035.534716755,56.58266351,0.22101204,2,false,outside_calibration_tolerance,3.85,1.0,0.0,1.0,1600.0,365.0,75.0,1.0,0.3715,1.0,44.0,2.15568,6199999.999999992,707.7625570776246,118904.10958904093,0.5033645161290329,0.4966354838709671,5.295274444177187,1.3067639281856283,3.9885105159915586,146859.76179564104,146859.76179564104,97500.00000000028,0.0,0.0,49359.76179564075,0.0,49359.76179564075,0.0,0.0,45.24590652380961,45.24590652380961,30.038697000000084,0.0,0.0,15.207209523809524,0.0,40.937194460799994,19.062987999037873,14.35863785756961,100.54173884217921,105.24608898364748,0.3889664200933925,0.1811277566998216,0.42990582320678594,9770699.93895387,797702.1031983118,10568402.042152183,13.382247679999999,6.3503822907315985,2.2423379100000003,21.9749678807316,6.97984084032,0.35581370697142856,0.0,1.9761904761904767,12.663122857249697,17.1834,0.0,0.0,16.97517564252381,0.8540765232543861,0.21076837551381128,207.4986311822286,1.575919344992562,1630.13544,25000.0,500.0,0.0,0.0,0.0,1.3642420526593924e-12,2.2737367544323206e-13,3.836930773104541e-13,False,2.8421709430404007e-13,0.6704335786047908,13.408671572095816,-0.5230788583264131,5.230788583264131,3.417681275950943,34.176812759509424,-0.2689456106070288,2.689456106070288,0.025501481392156404,0.255014813921564,-1.0,0.6666666666666666,A,S33_CAND_001_CALIBRATION_ANCHOR,deterministic_block_a_sparse_grid,high_hsm_central_pellet,true,true,,4.89,0.08287820944318752,1.23,0.062409697711892906,151673.52,-0.031737630961284145,9107793.17,0.07278456554518695,102.1941,0.029864629989867084,1.5426,1.6704335786047908,0.08286890872863402,0.4489,0.4769211416735869,0.06242179031763617,4.5625,4.417681275950943,-0.03174109020253305,0.6815,0.7310543893929712,0.07271370417163785,0.9958,1.0255014813921564,0.029826753757939684,S3.3h phased C1 boundary and C0-preserving shared-parameter diagnostic,true,false,false,false,false,false,false,0.05445806633133452,0.05593494673028372,0.08287820944318752,false,true,true,true,4813.75820435895,0.07676392818562827,0.40527444417718694,1.9761904761904767,1.3067639281856283,0.401,-0.03000892744789907,0.172,0.053068352905939566,0.427,0.006805206573269207,9.3,1.8834,4.0,2.0,1.0,17.1834,15.1834,true,
S33H_A_035,block_a_c1_only_boundary_diagnostic,C1_phase1_hybrid_BF_BOF_NG_DRP_EAF,168.0,6200000.0,0.5033645161290323,optimal,ok,appsi_highs,2.494229,not_reported_by_solver,65081826.70671237,58.64633409,0.22101204,2,false,outside_calibration_tolerance,3.85,1.0,0.0,1.0,1600.0,365.0,75.0,1.0,0.3715,1.0,44.0,2.15568,6199999.999999992,707.7625570776246,118904.10958904093,0.5033645161290328,0.4966354838709671,5.295274444177188,1.3067639281856283,3.9885105159915586,153351.38824668186,153351.38824668186,97500.00000000029,0.0,0.0,55851.388246681556,0.0,55851.388246681556,0.0,0.0,47.24590652380961,47.24590652380961,30.03869700000009,0.0,0.0,17.20720952380952,0.0,40.937194460799994,19.062987999037876,14.35863785756961,102.54173884217923,107.24608898364748,0.3817127025214127,0.17774995973927343,0.4405373377393138,9882899.938953869,797702.1031983118,10680602.042152181,13.382247679999999,6.3503822907315985,2.24233791,21.974967880731597,6.97984084032,0.35581370697142856,0.0,1.9761904761904747,12.663122857249697,19.1834,0.0,0.0,17.2977562876851,0.8540765232543862,0.2107683755138113,216.67067113563465,1.59401611918611,1630.13544,25000.0,500.0,0.0,0.0,0.0,1.3642420526593924e-12,2.2737367544323206e-13,3.836930773104541e-13,False,2.8421709430404007e-13,0.6704335786047914,13.408671572095827,-0.5230788583264131,5.230788583264131,3.6129555721406437,36.12955572140643,-0.26055068465470527,2.6055068465470526,0.04498916955796545,0.44989169557965447,-1.0,0.6666666666666666,A,S33_CAND_001_CALIBRATION_ANCHOR,deterministic_block_a_sparse_grid,high_hsm_central_pellet,true,true,,4.89,0.08287820944318788,1.23,0.062409697711892906,151673.52,0.01106236768739772,9107793.17,0.08510368587496911,102.1941,0.04943523142380505,1.5426,1.6704335786047912,0.08286890872863431,0.4489,0.4769211416735869,0.06242179031763617,4.5625,4.612955572140644,0.011058755537675324,0.6815,0.7394493153452947,0.08503201077812866,0.9958,1.0449891695579654,0.049396635426757755,S3.3h phased C1 boundary and C0-preserving shared-parameter diagnostic,true,false,false,false,false,false,false,0.05460420414014966,0.05817783842825054,0.08510368587496911,false,true,true,true,-1677.8682466818718,0.07676392818562827,0.4052744441771887,1.9761904761904747,1.3067639281856283,0.401,-0.048097998699718994,0.172,0.03342999848414795,0.427,0.03170336707099254,9.3,1.8834,6.0,2.0,1.0,19.1834,17.1834,true,
S33H_A_044,block_a_c1_only_boundary_diagnostic,C1_phase1_hybrid_BF_BOF_NG_DRP_EAF,168.0,6200000.0,0.5033645161290323,optimal,ok,appsi_highs,2.214144,not_reported_by_solver,64509195.394399926,56.26762356,0.22101204,2,false,outside_calibration_tolerance,3.85,1.0,0.0,1.0,1600.0,365.0,75.0,1.0,0.3715,1.0,44.0,2.15568,6199999.999999992,707.7625570776246,118904.10958904093,0.5033645161290317,0.4966354838709683,5.295274444177193,1.3067639281856245,3.988510515991568,145868.7501016254,145868.7501016254,97500.00000000052,0.0,0.0,48368.75010162486,0.0,48368.75010162486,0.0,0.0,44.940586523809685,44.940586523809685,30.038697000000163,0.0,0.0,14.901889523809524,0.0,40.937194460799894,19.06298799903789,14.358637857569644,100.2364188421792,104.94076898364746,0.39009809873967083,0.18165473898908066,0.42824716227124854,9753571.486953858,797702.1031983136,10551273.590152172,13.382247679999969,6.350382290731583,2.2423379099999945,21.974967880731548,6.979840840319983,0.35581370697142767,0.0,1.9761904761904767,12.66312285724966,16.87808,0.0,0.0,16.925930481233486,0.854076523254387,0.2107683755138107,206.09842756294196,1.5731566914441728,1630.13544,25000.0,500.0,0.0,0.0,0.0,1.1368683772161603e-12,2.2737367544323206e-13,3.268496584496461e-13,False,1.0231815394945443e-12,0.6704335786047927,13.408671572095853,-0.5230788583264144,5.230788583264144,3.387870701894631,33.87870701894631,-0.2702271800029115,2.702271800029115,0.02252649091676377,0.22526490916763767,-1.0,0.6666666666666666,A,S33_CAND_001_CALIBRATION_ANCHOR,deterministic_block_a_sparse_grid,central_hsm_high_pellet,true,true,,4.89,0.08287820944318879,1.23,0.06240969771188984,151673.52,-0.03827147875499029,9107793.17,0.07090392863564099,102.1941,0.02687698197496189,1.5426,1.6704335786047928,0.08286890872863531,0.4489,0.4769211416735855,0.062421790317633084,4.5625,4.387870701894631,-0.03827491465323161,0.6815,0.7297728199970885,0.07083319148508957,0.9958,1.0225264909167637,0.026839215622377698,S3.3h phased C1 boundary and C0-preserving shared-parameter diagnostic,true,false,false,false,false,false,false,0.05528014745901864,0.05626805930413435,0.08287820944318879,false,true,true,true,5804.769898374594,0.0767639281856245,0.40527444417719316,1.9761904761904767,1.3067639281856245,0.401,-0.027186786185359586,0.172,0.056132203424887644,0.427,0.002920754733603156,8.618,2.26008,4.0,2.0,1.0,16.87808,14.87808,true,
S33H_A_023,block_a_c1_only_boundary_diagnostic,C1_phase1_hybrid_BF_BOF_NG_DRP_EAF,168.0,6200000.0,0.5033645161290323,optimal,ok,appsi_highs,2.44426,not_reported_by_solver,64430205.598052606,55.93949994,0.22101204,2,false,outside_calibration_tolerance,3.85,1.0,0.0,1.0,1600.0,365.0,75.0,1.0,0.3715,1.0,44.0,2.15568,6199999.999999992,707.7625570776246,118904.10958904093,0.5033645161290328,0.4966354838709671,5.295274444177188,1.3067639281856283,3.9885105159915586,144836.5814959097,144836.5814959097,97500.00000000029,0.0,0.0,47336.581495909384,0.0,47336.581495909384,0.0,0.0,44.622586523809616,44.622586523809616,30.03869700000009,0.0,0.0,14.583889523809527,0.0,40.937194460799994,19.062987999037876,14.35863785756961,99.91841884217922,104.62276898364748,0.3912837985314503,0.1822068769945997,0.42650932447395,9735731.68695387,797702.1031983118,10533433.790152183,13.382247679999999,6.3503822907315985,2.24233791,21.974967880731597,6.97984084032,0.35581370697142856,0.0,1.9761904761904747,12.663122857249697,16.560080000000003,0.0,0.0,16.87464015865284,0.8540765232543862,0.2107683755138113,204.6400732103501,1.5702793043474004,1630.13544,25000.0,500.0,0.0,0.0,0.0,1.3642420526593924e-12,2.2737367544323206e-13,3.836930773104541e-13,False,2.8421709430404007e-13,0.6704335786047914,13.408671572095827,-0.5230788583264131,5.230788583264131,3.356822088800462,33.56822088800462,-0.27156197322933007,2.7156197322933004,0.01942794849840029,0.19427948498400288,-1.0,0.6666666666666666,A,S33_CAND_001_CALIBRATION_ANCHOR,deterministic_block_a_sparse_grid,high_hsm_high_pellet,true,true,,4.89,0.08287820944318788,1.23,0.062409697711892906,151673.52,-0.04507667854013212,9107793.17,0.06894518850320694,102.1941,0.023765256346965913,1.5426,1.6704335786047912,0.08286890872863431,0.4489,0.4769211416735869,0.06242179031763617,4.5625,4.356822088800462,-0.04508009012592607,0.6815,0.7284380267706699,0.06887458073465876,0.9958,1.0194279484984003,0.023727604437035883,S3.3h phased C1 boundary and C0-preserving shared-parameter diagnostic,true,false,false,false,false,false,false,0.056136369778566376,0.056615006109077146,0.08287820944318788,false,true,true,true,6836.9385040903,0.07676392818562827,0.4052744441771887,1.9761904761904747,1.3067639281856283,0.401,-0.024229928849251205,0.172,0.05934230810813786,0.427,-0.0011491230118266449,9.3,2.26008,3.0,2.0,1.0,16.56008,14.560080000000001,true,
S33H_A_014,block_a_c1_only_boundary_diagnostic,C1_phase1_hybrid_BF_BOF_NG_DRP_EAF,168.0,6200000.0,0.5033645161290323,optimal,ok,appsi_highs,2.328018,not_reported_by_solver,64415629.74506627,55.87895184,0.22101204,2,false,outside_calibration_tolerance,3.85,1.0,0.0,1.0,1600.0,365.0,75.0,1.0,0.3715,1.0,44.0,2.15568,6199999.999999992,707.7625570776246,118904.10958904093,0.5033645161290317,0.4966354838709683,5.295274444177193,1.3067639281856245,3.988510515991568,144646.11717583635,144646.11717583635,97500.00000000052,0.0,0.0,47146.11717583584,0.0,47146.11717583584,0.0,0.0,44.563906523809685,44.563906523809685,30.038697000000163,0.0,0.0,14.525209523809524,0.0,40.937194460799894,19.06298799903789,14.358637857569644,99.85973884217921,104.56408898364747,0.3915033818847881,0.18230912911237726,0.4261874890028347,9732439.738953859,797702.1031983136,10530141.842152173,13.382247679999969,6.350382290731583,2.2423379099999945,21.974967880731548,6.979840840319983,0.35581370697142767,0.0,1.9761904761904767,12.66312285724966,16.5014,0.0,0.0,16.865175642523806,0.854076523254387,0.2107683755138107,204.37096555811746,1.56974834499256,1630.13544,25000.0,500.0,0.0,0.0,0.0,1.1368683772161603e-12,2.2737367544323206e-13,3.268496584496461e-13,False,1.0231815394945443e-12,0.6704335786047927,13.408671572095853,-0.5230788583264144,5.230788583264144,3.351092740950262,33.51092740950262,-0.2718082803567721,2.718082803567721,0.01885617972761536,0.1885617972761536,-1.0,0.6666666666666666,A,S33_CAND_001_CALIBRATION_ANCHOR,deterministic_block_a_sparse_grid,central_hsm_central_pellet,true,true,,4.89,0.08287820944318879,1.23,0.06240969771188984,151673.52,-0.04633243050048315,9107793.17,0.0685837455127298,102.1941,0.023191054900894077,1.5426,1.6704335786047928,0.08286890872863531,0.4489,0.4769211416735855,0.062421790317633084,4.5625,4.351092740950262,-0.04633583759994248,0.6815,0.7281917196432278,0.06851316161882293,0.9958,1.0188561797276154,0.023153424108872687,S3.3h phased C1 boundary and C0-preserving shared-parameter diagnostic,true,false,false,false,false,false,false,0.056294367029228694,0.05667902761383713,0.08287820944318879,false,true,true,true,7027.402824163641,0.0767639281856245,0.40527444417719316,1.9761904761904767,1.3067639281856245,0.401,-0.02368233943943119,0.172,0.05993679716498416,0.427,-0.0019028360589350896,8.618,1.8834,4.0,2.0,1.0,16.5014,14.5014,true,
S33H_A_077,block_a_c1_only_boundary_diagnostic,C1_phase1_hybrid_BF_BOF_NG_DRP_EAF,168.0,6200000.0,0.55,optimal,ok,appsi_highs,2.173,not_reported_by_solver,64249006.331310056,52.91719892,0.22101204,2,false,outside_calibration_tolerance,3.85,1.0,0.0,1.0,1600.0,365.0,75.0,1.0,0.3715,1.0,44.0,2.15568,6199999.999999992,707.7625570776246,118904.10958904093,0.5499999999999998,0.45000000000000007,5.094022392763682,1.2427942992232375,3.851228093540444,139004.1487960468,139004.1487960468,88344.47280734271,0.0,0.0,50659.675988704075,0.0,50659.675988704075,0.0,0.0,42.82567699925502,42.82567699925502,27.217977951635973,0.0,0.0,15.60769904761905,0.0,44.729924799999935,18.338480613949255,13.864421136745598,101.42002293600056,105.89408241320422,0.4224024967274511,0.17317757702825684,0.40441992624429196,10210813.490278417,770245.6187080889,10981059.108986504,14.622079999999979,6.938729584599989,2.450084999999996,24.010894584599967,7.626505919999989,0.38877897142857093,0.0,3.9523809523809494,12.04322874079046,19.56008,0.0,0.0,17.079690711807157,0.8216165149618851,0.20045069342310307,196.39941023441477,1.6469054016578113,1630.13544,25000.0,500.0,0.0,0.0,0.0,1.1368683772161603e-12,1.7053025658242404e-13,2.7000623958883807e-13,False,3.410605131648481e-13,0.6069471270547893,12.138942541095785,-0.5464254382396944,5.464254382396943,3.1813769674384775,31.813769674384773,-0.23601583632909853,2.360158363290985,0.031815428336503804,0.31815428336503804,-1.0,0.6666666666666666,A,S33_CAND_001_CALIBRATION_ANCHOR,deterministic_block_a_sparse_grid,high_hsm_high_pellet,true,true,,4.89,0.04172237070831947,1.23,0.010401869287184954,151673.52,-0.08353054115150224,9107793.17,0.12110730883872468,102.1941,0.03620544056069979,1.5426,1.6069471270547893,0.041713423476461356,0.4489,0.45357456176030564,0.010413369927167782,4.5625,4.181376967438478,-0.08353381535595003,0.6815,0.7639841636709015,0.12103325556992149,0.9958,1.0318154283365037,0.03616733112723813,S3.3h phased C1 boundary and C0-preserving shared-parameter diagnostic,true,false,false,false,false,false,false,0.056655622627629125,0.05859350610928623,0.12110730883872468,false,false,true,true,12669.371203953197,0.012794299223237493,0.20402239276368217,3.9523809523809494,1.2427942992232375,0.401,0.05337280979414237,0.172,0.006846378071260781,0.427,-0.052880734790885314,9.3,2.26008,4.0,4.0,1.0,19.56008,15.560080000000001,true,
S33H_A_058,block_a_c1_only_boundary_diagnostic,C1_phase1_hybrid_BF_BOF_NG_DRP_EAF,168.0,6200000.0,0.55,optimal,ok,appsi_highs,2.436802,not_reported_by_solver,64219854.62533735,52.79610273,0.22101204,2,false,outside_calibration_tolerance,3.85,1.0,0.0,1.0,1600.0,365.0,75.0,1.0,0.3715,1.0,44.0,2.15568,6199999.9999999935,707.7625570776248,118904.10958904096,0.55,0.44999999999999984,5.094022392763681,1.2427942992232381,3.8512280935404433,138623.22015589967,138623.22015589967,88344.47280734268,0.0,0.0,50278.74734855701,0.0,50278.74734855701,0.0,0.0,42.70831699925501,42.70831699925501,27.21797795163596,0.0,0.0,15.490339047619049,0.0,44.72992479999996,18.33848061394925,13.864421136745595,101.30266293600057,105.77672241320421,0.4228711551986629,0.17336971873936644,0.4037591260619708,10204229.59427842,770245.6187080886,10974475.212986508,14.622079999999988,6.938729584599992,2.4500849999999983,24.01089458459998,7.6265059199999925,0.3887789714285711,0.0,3.9523809523809534,12.043228740790463,19.442720000000005,0.0,0.0,17.060761679549085,0.8216165149618848,0.20045069342310315,195.8611949299488,1.6458434829481339,1630.13544,25000.0,500.0,0.0,0.0,0.0,1.1368683772161603e-12,2.2737367544323206e-13,2.7000623958883807e-13,False,5.684341886080801e-13,0.606947127054789,12.13894254109578,-0.5464254382396941,5.464254382396941,3.1699182717380645,31.699182717380644,-0.23650845058398073,2.3650845058398073,0.030671890794934077,0.30671890794934076,-1.0,0.6666666666666666,A,S33_CAND_001_CALIBRATION_ANCHOR,deterministic_block_a_sparse_grid,low_hsm_low_pellet,true,true,,4.89,0.04172237070831928,1.23,0.010401869287185495,151673.52,-0.08604204507220717,9107793.17,0.12038442285777329,102.1941,0.035057037668556265,1.5426,1.606947127054789,0.04171342347646121,0.4489,0.45357456176030586,0.010413369927168277,4.5625,4.169918271738065,-0.08604531030398577,0.6815,0.7634915494160193,0.12031041733825279,0.9958,1.0306718907949342,0.035018970470911966,S3.3h phased C1 boundary and C0-preserving shared-parameter diagnostic,true,false,false,false,false,false,false,0.05697161712895631,0.0587215491188083,0.12038442285777329,false,false,true,true,13050.299844100315,0.01279429922323816,0.20402239276368128,3.9523809523809534,1.2427942992232381,0.401,0.054541534161254096,0.172,0.007963481042828192,0.427,-0.05442827620147355,7.936,1.50672,6.0,4.0,1.0,19.44272,15.44272,true,
S33H_A_033,block_a_c1_only_boundary_diagnostic,C1_phase1_hybrid_BF_BOF_NG_DRP_EAF,168.0,6200000.0,0.5033645161290323,optimal,ok,appsi_highs,2.604927,not_reported_by_solver,64336639.948718935,55.55082822,0.22101204,2,false,outside_calibration_tolerance,3.85,1.0,0.0,1.0,1600.0,365.0,75.0,1.0,0.3715,1.0,44.0,2.15568,6199999.999999991,707.7625570776245,118904.1095890409,0.5033645161290328,0.49663548387096723,5.295274444177187,1.3067639281856276,3.98851051599156,143613.94857012064,143613.94857012064,97500.00000000029,0.0,0.0,46113.94857012036,0.0,46113.94857012036,0.0,0.0,44.24590652380961,44.24590652380961,30.03869700000009,0.0,0.0,14.207209523809526,0.0,40.93719446079997,19.062987999037873,14.358637857569615,99.5417388421792,104.24608898364747,0.39269765283205565,0.18286525839859744,0.42443708876934694,9714599.938953865,797702.103198312,10512302.042152178,13.382247679999992,6.350382290731595,2.2423379099999985,21.974967880731587,6.979840840319995,0.35581370697142833,0.0,1.9761904761904743,12.663122857249688,16.1834,0.0,0.0,16.813885319943164,0.8540765232543863,0.21076837551381122,202.91261120552562,1.5668709578957873,1630.13544,25000.0,500.0,0.0,0.0,0.0,1.8189894035458565e-12,2.7711166694643907e-13,6.252776074688882e-13,False,2.8421709430404007e-13,0.6704335786047908,13.408671572095816,-0.5230788583264133,5.2307885832641325,3.320044127856093,33.20044127856093,-0.2731430735831911,2.731430735831911,0.015757637309251744,0.15757637309251743,-1.0,0.6666666666666666,A,S33_CAND_001_CALIBRATION_ANCHOR,deterministic_block_a_sparse_grid,high_hsm_central_pellet,true,true,,4.89,0.08287820944318752,1.23,0.062409697711892365,151673.52,-0.05313763028562499,9107793.17,0.06662500538029514,102.1941,0.020079329272897965,1.5426,1.6704335786047908,0.08286890872863402,0.4489,0.4769211416735867,0.06242179031763568,4.5625,4.320044127856093,-0.05314101307263714,0.6815,0.7268569264168089,0.06655455086839161,0.9958,1.0157576373092518,0.020041812923530647,S3.3h phased C1 boundary and C0-preserving shared-parameter diagnostic,true,false,false,false,false,false,false,0.057150589348776114,0.0570259744187796,0.08287820944318752,false,true,true,true,8059.571429879346,0.0767639281856276,0.40527444417718694,1.9761904761904743,1.3067639281856276,0.401,-0.020704107650734084,0.172,0.06317010696858982,0.427,-0.006002134029632443,9.3,1.8834,3.0,2.0,1.0,16.1834,14.1834,true,
S33H_A_025,block_a_c1_only_boundary_diagnostic,C1_phase1_hybrid_BF_BOF_NG_DRP_EAF,168.0,6200000.0,0.5033645161290323,optimal,ok,appsi_highs,2.309566,not_reported_by_solver,65175392.35604603,59.03500581,0.22101204,2,false,outside_calibration_tolerance,3.85,1.0,0.0,1.0,1600.0,365.0,75.0,1.0,0.3715,1.0,44.0,2.15568,6199999.999999992,707.7625570776246,118904.10958904093,0.5033645161290328,0.4966354838709671,5.295274444177188,1.3067639281856283,3.9885105159915586,154574.02117247088,154574.02117247088,97500.00000000029,0.0,0.0,57074.02117247058,0.0,57074.02117247058,0.0,0.0,47.62258652380961,47.62258652380961,30.03869700000009,0.0,0.0,17.58388952380952,0.0,40.937194460799994,19.062987999037876,14.35863785756961,102.91841884217922,107.62276898364748,0.3803767069682077,0.17712783437057228,0.44249545866122,9904031.68695387,797702.1031983118,10701733.790152183,13.382247679999999,6.3503822907315985,2.24233791,21.974967880731597,6.97984084032,0.35581370697142856,0.0,1.9761904761904747,12.663122857249697,19.56008,0.0,0.0,17.358511126394777,0.8540765232543862,0.2107683755138113,218.39813314045915,1.597424465637723,1630.13544,25000.0,500.0,0.0,0.0,0.0,1.3642420526593924e-12,2.2737367544323206e-13,3.836930773104541e-13,False,2.8421709430404007e-13,0.6704335786047914,13.408671572095827,-0.5230788583264131,5.230788583264131,3.6497335330850116,36.49733533085011,-0.25896958430084455,2.589695843008445,0.04865948074711386,0.4865948074711386,-1.0,0.6666666666666666,A,S33_CAND_001_CALIBRATION_ANCHOR,deterministic_block_a_sparse_grid,high_hsm_high_pellet,true,true,,4.89,0.08287820944318788,1.23,0.062409697711892906,151673.52,0.019123319432890393,9107793.17,0.08742386899788049,102.1941,0.05312115849787286,1.5426,1.6704335786047912,0.08286890872863431,0.4489,0.4769211416735869,0.06242179031763617,4.5625,4.649733533085012,0.0191196784843862,0.6815,0.7410304156991555,0.08735204064439547,0.9958,1.048659480747114,0.05308242694026299,S3.3h phased C1 boundary and C0-preserving shared-parameter diagnostic,true,false,false,false,false,false,false,0.05762046044268603,0.060991250816744905,0.08742386899788049,false,true,true,true,-2900.5011724708893,0.07676392818562827,0.4052744441771887,1.9761904761904747,1.3067639281856283,0.401,-0.051429658433397335,0.172,0.0298129905265831,0.427,0.03628913035414517,9.3,2.26008,6.0,2.0,1.0,19.56008,17.56008,true,
S33H_A_087,block_a_c1_only_boundary_diagnostic,C1_phase1_hybrid_BF_BOF_NG_DRP_EAF,168.0,6200000.0,0.55,optimal,ok,appsi_highs,2.13005,not_reported_by_solver,64155440.681976385,52.5285272,0.22101204,2,false,outside_calibration_tolerance,3.85,1.0,0.0,1.0,1600.0,365.0,75.0,1.0,0.3715,1.0,44.0,2.15568,6199999.999999992,707.7625570776246,118904.10958904093,0.5500000000000002,0.44999999999999984,5.09402239276368,1.2427942992232381,3.8512280935404424,137781.5158702577,137781.5158702577,88344.47280734267,0.0,0.0,49437.04306291504,0.0,49437.04306291504,0.0,0.0,42.448996999255,42.448996999255,27.217977951635955,0.0,0.0,15.231019047619046,0.0,44.72992479999994,18.33848061394925,13.864421136745593,101.04334293600053,105.5174024132042,0.42391040508027666,0.17379579286965482,0.40229380205006865,10189681.742278418,770245.6187080885,10959927.360986507,14.622079999999988,6.938729584599992,2.4500849999999983,24.010894584599978,7.6265059199999925,0.3887789714285711,0.0,3.952380952380951,12.043228740790465,19.1834,0.0,0.0,17.018935873097472,0.8216165149618849,0.20045069342310318,194.67194822959019,1.6434970552061987,1630.13544,25000.0,500.0,0.0,0.0,0.0,1.1368683772161603e-12,2.2737367544323206e-13,3.268496584496461e-13,False,2.2737367544323206e-13,0.6069471270547887,12.138942541095773,-0.5464254382396941,5.464254382396941,3.144599006494107,31.445990064941068,-0.23759693668295917,2.3759693668295916,0.028145117147355115,0.28145117147355114,-1.0,0.6666666666666666,A,S33_CAND_001_CALIBRATION_ANCHOR,deterministic_block_a_sparse_grid,high_hsm_central_pellet,true,true,,4.89,0.0417223707083191,1.23,0.010401869287185495,151673.52,-0.09159149289699549,9107793.17,0.11878712571581351,102.1941,0.0325195134866317,1.5426,1.6069471270547886,0.041713423476460926,0.4489,0.45357456176030586,0.010413369927168277,4.5625,4.144599006494107,-0.09159473830266149,0.6815,0.7624030633170409,0.11871322570365501,0.9958,1.028145117147355,0.03248153961373267,S3.3h phased C1 boundary and C0-preserving shared-parameter diagnostic,true,false,false,false,false,false,false,0.0576698421978393,0.05900447441898906,0.11878712571581351,false,false,true,true,13892.004129742301,0.01279429922323816,0.2040223927636804,3.952380952380951,1.2427942992232381,0.401,0.057133179751313316,0.172,0.010440656218923481,0.427,-0.05785994836049495,9.3,1.8834,4.0,4.0,1.0,19.1834,15.1834,true,
S33H_A_043,block_a_c1_only_boundary_diagnostic,C1_phase1_hybrid_BF_BOF_NG_DRP_EAF,168.0,6200000.0,0.5033645161290323,optimal,ok,appsi_highs,2.34342,not_reported_by_solver,64260799.80840211,55.23578827,0.22101204,2,false,outside_calibration_tolerance,3.85,1.0,0.0,1.0,1600.0,365.0,75.0,1.0,0.3715,1.0,44.0,2.15568,6199999.999999992,707.7625570776246,118904.10958904093,0.5033645161290319,0.4966354838709681,5.295274444177192,1.306763928185625,3.9885105159915666,142622.93687610494,142622.93687610494,97500.0000000005,0.0,0.0,45122.93687610447,0.0,45122.93687610447,0.0,0.0,43.94058652380967,43.94058652380967,30.038697000000152,0.0,0.0,13.901889523809524,0.0,40.9371944607999,19.062987999037887,14.358637857569638,99.23641884217922,103.94076898364749,0.3938511794851197,0.18340241452357334,0.42274640599130686,9697471.48695386,797702.1031983133,10495173.590152174,13.382247679999974,6.350382290731585,2.2423379099999954,21.97496788073155,6.979840840319984,0.35581370697142783,0.0,1.9761904761904767,12.663122857249665,15.878080000000002,0.0,0.0,16.764640158652842,0.8540765232543869,0.21076837551381075,201.51240758623888,1.5641083043473987,1630.13544,25000.0,500.0,0.0,0.0,0.0,1.3642420526593924e-12,3.410605131648481e-13,3.268496584496461e-13,False,5.684341886080801e-13,0.6704335786047925,13.408671572095848,-0.5230788583264143,5.230788583264143,3.290233553799779,32.902335537997786,-0.2744246429790732,2.744246429790732,0.012782646833859525,0.12782646833859523,-1.0,0.6666666666666666,A,S33_CAND_001_CALIBRATION_ANCHOR,deterministic_block_a_sparse_grid,central_hsm_high_pellet,true,true,,4.89,0.0828782094431886,1.23,0.0624096977118902,151673.52,-0.05967147807933151,9107793.17,0.06474436847075,102.1941,0.017091681257993183,1.5426,1.6704335786047924,0.08286890872863502,0.4489,0.4769211416735857,0.06242179031763345,4.5625,4.290233553799779,-0.059674837523336084,0.6815,0.7255753570209268,0.06467403818184417,0.9958,1.0127826468338594,0.017054274787968886,S3.3h phased C1 boundary and C0-preserving shared-parameter diagnostic,true,false,false,false,false,false,false,0.05797267047646073,0.0573590869926307,0.0828782094431886,false,true,true,true,9050.583123895049,0.07676392818562494,0.4052744441771923,1.9761904761904767,1.306763928185625,0.401,-0.01782748258074889,0.172,0.0662931076951939,0.427,-0.009961578474691169,8.618,2.26008,3.0,2.0,1.0,15.87808,13.87808,true,
S33H_A_097,block_a_c1_only_boundary_diagnostic,C1_phase1_hybrid_BF_BOF_NG_DRP_EAF,168.0,6200000.0,0.55,optimal,ok,appsi_highs,2.111735,not_reported_by_solver,64079600.541659534,52.21348725,0.22101204,2,false,outside_calibration_tolerance,3.85,1.0,0.0,1.0,1600.0,365.0,75.0,1.0,0.3715,1.0,44.0,2.15568,6199999.999999992,707.7625570776245,118904.10958904092,0.5499999999999998,0.4500000000000002,5.094022392763681,1.2427942992232366,3.851228093540444,136790.50417624187,136790.50417624187,88344.47280734271,0.0,0.0,48446.03136889915,0.0,48446.03136889915,0.0,0.0,42.143676999255014,42.143676999255014,27.217977951635973,0.0,0.0,14.925699047619046,0.0,44.729924799999914,18.33848061394925,13.864421136745598,100.73802293600055,105.21208241320419,0.4251405710641678,0.1743001392361735,0.40055928969965865,10172553.290278414,770245.6187080889,10942798.908986501,14.622079999999977,6.938729584599987,2.4500849999999956,24.010894584599956,7.626505919999985,0.38877897142857076,0.0,3.9523809523809534,12.043228740790447,18.87808,0.0,0.0,16.969690711807154,0.8216165149618851,0.20045069342310293,193.27174461030333,1.640734401657811,1630.13544,25000.0,500.0,0.0,0.0,0.0,1.3642420526593924e-12,2.2737367544323206e-13,4.618527782440651e-13,False,7.958078640513122e-13,0.606947127054789,12.13894254109578,-0.5464254382396947,5.4642543823969465,3.1147884324377895,31.147884324377895,-0.23887850607884115,2.388785060788411,0.02517012667196262,0.25170126671962617,-1.0,0.6666666666666666,A,S33_CAND_001_CALIBRATION_ANCHOR,deterministic_block_a_sparse_grid,central_hsm_high_pellet,true,true,,4.89,0.04172237070831928,1.23,0.010401869287184232,151673.52,-0.09812534069070278,9107793.17,0.11690648880626857,102.1941,0.029531865471726645,1.5426,1.606947127054789,0.04171342347646121,0.4489,0.4535745617603053,0.01041336992716704,4.5625,4.1147884324377895,-0.09812856275336121,0.6815,0.7611214939211589,0.11683271301710772,0.9958,1.0251701266719626,0.02949400147817091,S3.3h phased C1 boundary and C0-preserving shared-parameter diagnostic,true,false,false,false,false,false,false,0.058491923325524164,0.059337586992840294,0.11690648880626857,false,false,true,true,14883.01582375812,0.012794299223236605,0.20402239276368128,3.9523809523809534,1.2427942992232366,0.401,0.06020092534705182,0.172,0.013372902535892467,0.427,-0.0619220381741015,8.618,2.26008,4.0,4.0,1.0,18.87808,14.87808,true,
S33H_A_022,block_a_c1_only_boundary_diagnostic,C1_phase1_hybrid_BF_BOF_NG_DRP_EAF,168.0,6200000.0,0.5033645161290323,optimal,ok,appsi_highs,2.790333,not_reported_by_solver,64181810.01205479,54.90766464,0.22101204,2,false,outside_calibration_tolerance,3.85,1.0,0.0,1.0,1600.0,365.0,75.0,1.0,0.3715,1.0,44.0,2.15568,6199999.999999992,707.7625570776246,118904.10958904093,0.5033645161290329,0.4966354838709671,5.295274444177187,1.3067639281856283,3.9885105159915586,141590.76827038926,141590.76827038926,97500.00000000028,0.0,0.0,44090.76827038898,0.0,44090.76827038898,0.0,0.0,43.62258652380961,43.62258652380961,30.038697000000084,0.0,0.0,13.583889523809527,0.0,40.937194460799994,19.062987999037873,14.35863785756961,98.91841884217922,103.62276898364749,0.3950598392835865,0.18396524418341076,0.4209749165330026,9679631.68695387,797702.1031983118,10477333.790152183,13.382247679999999,6.3503822907315985,2.2423379100000003,21.9749678807316,6.97984084032,0.35581370697142856,0.0,1.9761904761904767,12.663122857249697,15.560080000000005,0.0,0.0,16.713349836072197,0.8540765232543861,0.21076837551381128,200.05405323364704,1.5612309172506262,1630.13544,25000.0,500.0,0.0,0.0,0.0,1.3642420526593924e-12,2.2737367544323206e-13,3.836930773104541e-13,False,2.8421709430404007e-13,0.6704335786047908,13.408671572095816,-0.5230788583264131,5.230788583264131,3.259184940705611,32.59184940705611,-0.2757594362054919,2.757594362054919,0.009684104415495907,0.09684104415495907,-1.0,0.6666666666666666,A,S33_CAND_001_CALIBRATION_ANCHOR,deterministic_block_a_sparse_grid,high_hsm_high_pellet,true,true,,4.89,0.08287820944318752,1.23,0.062409697711892906,151673.52,-0.06647667786447316,9107793.17,0.06278562833831575,102.1941,0.013979955629997069,1.5426,1.6704335786047908,0.08286890872863402,0.4489,0.4769211416735869,0.06242179031763617,4.5625,4.2591849407056115,-0.06648001299603036,0.6815,0.7242405637945081,0.06271542743141317,0.9958,1.0096841044154958,0.013942663602626845,S3.3h phased C1 boundary and C0-preserving shared-parameter diagnostic,true,false,false,false,false,false,false,0.05882889279600823,0.057706033797573275,0.08287820944318752,false,true,true,true,10082.751729610725,0.07676392818562827,0.40527444417718694,1.9761904761904767,1.3067639281856283,0.401,-0.014813368370108507,0.172,0.06956537315936497,0.427,-0.014110265730673002,9.3,2.26008,2.0,2.0,1.0,15.560080000000001,13.560080000000001,false,
S33H_A_013,block_a_c1_only_boundary_diagnostic,C1_phase1_hybrid_BF_BOF_NG_DRP_EAF,168.0,6200000.0,0.5033645161290323,optimal,ok,appsi_highs,2.217997,not_reported_by_solver,64167234.15906845,54.84711655,0.22101204,2,false,outside_calibration_tolerance,3.85,1.0,0.0,1.0,1600.0,365.0,75.0,1.0,0.3715,1.0,44.0,2.15568,6199999.999999992,707.7625570776245,118904.10958904092,0.5033645161290321,0.4966354838709678,5.29527444417719,1.306763928185626,3.9885105159915644,141400.30395031587,141400.30395031587,97500.00000000042,0.0,0.0,43900.303950315436,0.0,43900.303950315436,0.0,0.0,43.56390652380965,43.563906523809656,30.038697000000134,0.0,0.0,13.525209523809524,0.0,40.93719446079993,19.062987999037883,14.358637857569633,98.85973884217923,103.56408898364747,0.3952836824284122,0.18406947993380107,0.4206468376377867,9676339.738953862,797702.1031983128,10474041.842152176,13.382247679999981,6.35038229073159,2.2423379099999963,21.97496788073157,6.979840840319988,0.355813706971428,0.0,1.9761904761904767,12.663122857249672,15.501400000000002,0.0,0.0,16.703885319943165,0.8540765232543867,0.21076837551381092,199.7849455814143,1.5606999578957865,1630.13544,25000.0,500.0,0.0,0.0,0.0,9.094947017729282e-13,3.410605131648481e-13,3.268496584496461e-13,False,7.389644451905042e-13,0.6704335786047919,13.408671572095837,-0.5230788583264139,5.230788583264139,3.2534555928554094,32.53455592855409,-0.2760057433329337,2.760057433329337,0.009112335644710838,0.09112335644710837,-1.0,0.6666666666666666,A,S33_CAND_001_CALIBRATION_ANCHOR,deterministic_block_a_sparse_grid,central_hsm_central_pellet,true,true,,4.89,0.08287820944318824,1.23,0.0624096977118911,151673.52,-0.06773242982482457,9107793.17,0.062424185347839035,102.1941,0.013405754183925096,1.5426,1.670433578604792,0.08286890872863474,0.4489,0.4769211416735861,0.062421790317634444,4.5625,4.25345559285541,-0.06773576047004716,0.6815,0.7239942566670663,0.062354008315577844,0.9958,1.009112335644711,0.013368483274463652,S3.3h phased C1 boundary and C0-preserving shared-parameter diagnostic,true,false,false,false,false,false,false,0.05898689004667098,0.05777005530233361,0.08287820944318824,false,true,true,true,10273.216049684124,0.07676392818562605,0.4052744441771905,1.9761904761904767,1.306763928185626,0.401,-0.014255156038872327,0.172,0.07017139496395981,0.427,-0.014878600379890592,8.618,1.8834,3.0,2.0,1.0,15.5014,13.5014,true,
S33H_A_004,block_a_c1_only_boundary_diagnostic,C1_phase1_hybrid_BF_BOF_NG_DRP_EAF,168.0,6200000.0,0.5033645161290323,optimal,ok,appsi_highs,3.089312,not_reported_by_solver,64152658.30608211,54.78656845,0.22101204,2,false,outside_calibration_tolerance,3.85,1.0,0.0,1.0,1600.0,365.0,75.0,1.0,0.3715,1.0,44.0,2.15568,6199999.999999992,707.7625570776246,118904.10958904093,0.5033645161290323,0.4966354838709676,5.29527444417719,1.3067639281856267,3.9885105159915635,141209.8396302423,141209.8396302423,97500.0000000004,0.0,0.0,43709.83963024191,0.0,43709.83963024191,0.0,0.0,43.50522652380965,43.50522652380965,30.038697000000123,0.0,0.0,13.466529523809527,0.0,40.93719446079996,19.062987999037883,14.35863785756963,98.80105884217924,103.50540898364748,0.3955077793786361,0.18417383387229155,0.4203183867490723,9673047.790953867,797702.1031983128,10470749.89415218,13.382247679999988,6.350382290731592,2.2423379099999976,21.97496788073158,6.979840840319993,0.35581370697142817,0.0,1.9761904761904767,12.663122857249679,15.442720000000001,0.0,0.0,16.694420803814133,0.8540765232543865,0.21076837551381103,199.51583792918134,1.5601689985409484,1630.13544,25000.0,500.0,0.0,0.0,0.0,1.8189894035458565e-12,2.7844393457598926e-13,4.547473508864641e-13,False,9.094947017729282e-13,0.6704335786047919,13.408671572095837,-0.5230788583264137,5.230788583264136,3.2477262450052025,32.477262450052024,-0.27625205046037454,2.7625205046037453,0.008540566873926183,0.08540566873926182,-1.0,0.6666666666666666,A,S33_CAND_001_CALIBRATION_ANCHOR,deterministic_block_a_sparse_grid,low_hsm_low_pellet,true,true,,4.89,0.08287820944318824,1.23,0.06240969771189164,151673.52,-0.06898818178517713,9107793.17,0.06206274235736375,102.1941,0.01283155273785354,1.5426,1.670433578604792,0.08286890872863474,0.4489,0.47692114167358635,0.06242179031763494,4.5625,4.247726245005203,-0.06899150794406511,0.6815,0.7237479495396255,0.06199258919974397,0.9958,1.0085405668739262,0.01279430294630068,S3.3h phased C1 boundary and C0-preserving shared-parameter diagnostic,true,false,false,false,false,false,false,0.05914488729733478,0.05783407680709486,0.08287820944318824,false,true,true,true,10463.680369757698,0.07676392818562672,0.4052744441771905,1.9761904761904767,1.3067639281856267,0.401,-0.01369631077646857,0.172,0.07077810390867191,0.427,-0.01564780620826159,7.936,1.50672,4.0,2.0,1.0,15.44272,13.44272,true,
S33H_A_067,block_a_c1_only_boundary_diagnostic,C1_phase1_hybrid_BF_BOF_NG_DRP_EAF,168.0,6200000.0,0.55,optimal,ok,appsi_highs,2.168466,not_reported_by_solver,63986034.89232589,51.82481553,0.22101204,2,false,outside_calibration_tolerance,3.85,1.0,0.0,1.0,1600.0,365.0,75.0,1.0,0.3715,1.0,44.0,2.15568,6199999.999999992,707.7625570776246,118904.10958904093,0.5499999999999999,0.45,5.094022392763681,1.2427942992232373,3.851228093540444,135567.87125045282,135567.87125045282,88344.4728073427,0.0,0.0,47223.398443110134,0.0,47223.398443110134,0.0,0.0,41.76699699925501,41.76699699925501,27.217977951635966,0.0,0.0,14.549019047619046,0.0,44.729924799999935,18.33848061394925,13.864421136745598,100.36134293600055,104.83540241320419,0.42666812708648627,0.1749264102756903,0.3984054626378235,10151421.542278416,770245.6187080889,10921667.160986505,14.622079999999983,6.938729584599989,2.450084999999997,24.01089458459997,7.62650591999999,0.38877897142857093,0.0,3.9523809523809534,12.043228740790454,18.5014,0.0,0.0,16.908935873097473,0.821616514961885,0.20045069342310304,191.54428260547877,1.6373260552061983,1630.13544,25000.0,500.0,0.0,0.0,0.0,1.1368683772161603e-12,2.2737367544323206e-13,2.7000623958883807e-13,False,5.115907697472721e-13,0.606947127054789,12.13894254109578,-0.5464254382396945,5.464254382396945,3.0780104714934207,30.780104714934204,-0.24045960643270162,2.404596064327016,0.02149981548281421,0.2149981548281421,-1.0,0.6666666666666666,A,S33_CAND_001_CALIBRATION_ANCHOR,deterministic_block_a_sparse_grid,central_hsm_central_pellet,true,true,,4.89,0.04172237070831928,1.23,0.010401869287184774,151673.52,-0.10618629243619564,9107793.17,0.1145863056833576,102.1941,0.025845938397658835,1.5426,1.606947127054789,0.04171342347646121,0.4489,0.45357456176030553,0.010413369927167536,4.5625,4.078010471493421,-0.10618948570007208,0.6815,0.7595403935672984,0.1145126831508414,0.9958,1.021499815482814,0.025808209964665676,S3.3h phased C1 boundary and C0-preserving shared-parameter diagnostic,true,false,false,false,false,false,false,0.05950614289573439,0.05974855530254323,0.1145863056833576,false,false,true,true,16105.648749547167,0.012794299223237271,0.20402239276368128,3.9523809523809534,1.2427942992232373,0.401,0.06401029198625,0.172,0.01701401323075769,0.427,-0.0669661296538091,8.618,1.8834,4.0,4.0,1.0,18.5014,14.5014,true,
S33H_A_032,block_a_c1_only_boundary_diagnostic,C1_phase1_hybrid_BF_BOF_NG_DRP_EAF,168.0,6200000.0,0.5033645161290323,optimal,ok,appsi_highs,2.285725,not_reported_by_solver,64088244.36272116,54.51899293,0.22101204,2,false,outside_calibration_tolerance,3.85,1.0,0.0,1.0,1600.0,365.0,75.0,1.0,0.3715,1.0,44.0,2.15568,6199999.999999992,707.7625570776246,118904.10958904093,0.5033645161290319,0.4966354838709681,5.295274444177192,1.306763928185625,3.9885105159915666,140368.13534460045,140368.13534460045,97500.0000000005,0.0,0.0,42868.13534459995,0.0,42868.13534459995,0.0,0.0,43.24590652380968,43.24590652380968,30.038697000000152,0.0,0.0,13.207209523809524,0.0,40.9371944607999,19.062987999037887,14.358637857569638,98.54173884217923,103.24608898364748,0.39650116400325536,0.18463641757952845,0.4188624184172161,9658499.938953862,797702.1031983133,10456202.042152176,13.382247679999974,6.350382290731585,2.2423379099999954,21.97496788073155,6.979840840319984,0.35581370697142783,0.0,1.9761904761904767,12.663122857249665,15.1834,0.0,0.0,16.652594997362517,0.8540765232543869,0.21076837551381075,198.32659122882282,1.5578225707990119,1630.13544,25000.0,500.0,0.0,0.0,0.0,1.3642420526593924e-12,3.410605131648481e-13,3.268496584496461e-13,False,5.684341886080801e-13,0.6704335786047925,13.408671572095848,-0.5230788583264143,5.230788583264143,3.2224069797612493,32.22406979761249,-0.2773405365593532,2.773405365593532,0.006013793226347358,0.06013793226347358,-1.0,0.6666666666666666,A,S33_CAND_001_CALIBRATION_ANCHOR,deterministic_block_a_sparse_grid,high_hsm_central_pellet,true,true,,4.89,0.0828782094431886,1.23,0.0624096977118902,151673.52,-0.07453762960996448,9107793.17,0.060465445215403556,102.1941,0.010294028555929119,1.5426,1.6704335786047924,0.08286890872863502,0.4489,0.4769211416735857,0.06242179031763345,4.5625,4.222406979761249,-0.07454093594273987,0.6815,0.7226594634406468,0.06039539756514571,0.9958,1.0060137932263473,0.010256872089121611,S3.3h phased C1 boundary and C0-preserving shared-parameter diagnostic,true,false,false,false,false,false,false,0.05984311236621722,0.0581170021072752,0.0828782094431886,false,true,true,true,11305.384655399539,0.07676392818562494,0.4052744441771923,1.9761904761904767,1.306763928185625,0.401,-0.01121904238589692,0.172,0.07346754406702596,0.427,-0.019057568109564126,9.3,1.8834,2.0,2.0,1.0,15.1834,13.1834,false,
S33H_A_042,block_a_c1_only_boundary_diagnostic,C1_phase1_hybrid_BF_BOF_NG_DRP_EAF,168.0,6200000.0,0.5033645161290323,optimal,ok,appsi_highs,2.042403,not_reported_by_solver,64012404.22240428,54.20395298,0.22101204,2,false,outside_calibration_tolerance,3.85,1.0,0.0,1.0,1600.0,365.0,75.0,1.0,0.3715,1.0,44.0,2.15568,6199999.999999991,707.7625570776245,118904.1095890409,0.5033645161290327,0.49663548387096723,5.295274444177187,1.3067639281856274,3.98851051599156,139377.12365058434,139377.12365058434,97500.0000000003,0.0,0.0,41877.12365058406,0.0,41877.12365058406,0.0,0.0,42.940586523809614,42.940586523809614,30.03869700000009,0.0,0.0,12.901889523809524,0.0,40.93719446079997,19.062987999037873,14.358637857569615,98.2364188421792,102.94076898364746,0.39767717751654835,0.18518404503143066,0.4171387774520209,9641371.486953868,797702.103198312,10439073.59015218,13.382247679999994,6.350382290731595,2.242337909999999,21.97496788073159,6.979840840319996,0.3558137069714284,0.0,1.9761904761904767,12.663122857249688,14.87808,0.0,0.0,16.603349836072198,0.8540765232543863,0.2107683755138112,196.92638760953562,1.555059917250626,1630.13544,25000.0,500.0,0.0,0.0,0.0,1.1368683772161603e-12,2.531308496145357e-13,3.268496584496461e-13,False,6.252776074688882e-13,0.6704335786047908,13.408671572095816,-0.5230788583264134,5.230788583264134,3.192596405704923,31.925964057049228,-0.2786221059552345,2.786221059552345,0.0030388027509547244,0.030388027509547243,-1.0,0.6666666666666666,A,S33_CAND_001_CALIBRATION_ANCHOR,deterministic_block_a_sparse_grid,central_hsm_high_pellet,true,true,,4.89,0.08287820944318752,1.23,0.062409697711892184,151673.52,-0.0810714774036737,9107793.17,0.05858480830585964,102.1941,0.007306380541023923,1.5426,1.6704335786047908,0.08286890872863402,0.4489,0.47692114167358657,0.06242179031763543,4.5625,4.192596405704923,-0.08107476039344154,0.6815,0.7213778940447655,0.058514884878599405,0.9958,1.0030388027509547,0.0072693339535596264,S3.3h phased C1 boundary and C0-preserving shared-parameter diagnostic,true,false,false,false,false,false,false,0.06066519349390331,0.058450114681127395,0.08287820944318752,false,true,true,true,12296.396349415649,0.07676392818562738,0.40527444417718694,1.9761904761904767,1.3067639281856274,0.401,-0.00828634035773484,0.172,0.07665142460134111,0.427,-0.023094198004634917,8.618,2.26008,2.0,2.0,1.0,14.87808,12.87808,false,
S33H_A_018,block_a_c1_only_boundary_diagnostic,C1_phase1_hybrid_BF_BOF_NG_DRP_EAF,168.0,6200000.0,0.5033645161290323,optimal,ok,appsi_highs,2.361569,not_reported_by_solver,65220618.01307915,58.71146686,0.22101204,2,false,outside_calibration_tolerance,3.85,1.0,0.0,1.0,1600.0,365.0,75.0,1.0,0.3715,1.0,44.0,2.15568,6199999.999999993,707.7625570776247,118904.10958904095,0.5033645161290325,0.4966354838709675,5.29527444417719,1.1028320498787487,4.192442394298442,151215.0248941513,151215.0248941513,97500.00000000036,0.0,0.0,53715.02489415094,0.0,53715.02489415094,0.0,0.0,46.58771604761916,46.58771604761916,30.038697000000116,0.0,0.0,16.549019047619048,0.0,40.93719446079997,19.062987999037883,15.092792619474388,102.61770312789352,106.587898507457,0.3840698149981441,0.17884758275541213,0.4370826022464439,9845975.453239582,838488.4788596883,10684463.932099272,13.382247679999992,6.350382290731595,2.2423379099999985,21.974967880731587,6.979840840319995,0.35581370697142833,0.0,3.9523809523809534,10.68693238105921,20.5014,0.0,0.0,17.191596533460828,0.8540765232543864,0.17787613707721778,213.65219646334953,1.5880605569741282,1630.13544,25000.0,500.0,0.0,0.0,0.0,2.2737367544323206e-12,2.7000623958883807e-13,5.044853423896711e-13,False,2.2737367544323206e-13,0.6704335786047919,13.408671572095837,-0.5975065511391429,5.975065511391429,3.5486917311422164,35.48691731142216,-0.2633134148097772,2.633134148097772,0.038575864181112696,0.38575864181112696,-1.0,0.6666666666666666,A,S33_CAND_001_CALIBRATION_ANCHOR,deterministic_block_a_sparse_grid,central_hsm_central_pellet,true,true,,4.89,0.08287820944318824,1.23,-0.10338857733435063,151673.52,-0.0030229080583656052,9107793.17,0.0810495220369154,102.1941,0.042994639685236154,1.5426,1.670433578604792,0.08286890872863474,0.4489,0.40249344886085714,-0.1033783718849251,4.5625,4.548691731142217,-0.0030264698866374114,0.6815,0.7366865851902228,0.08097811473253527,0.9958,1.0385758641811127,0.04295628055946242,S3.3h phased C1 boundary and C0-preserving shared-parameter diagnostic,true,false,false,false,false,false,false,0.061089933209069025,0.0626667713116112,0.10338857733435063,false,false,true,true,458.49510584867676,-0.12716795012125126,0.4052744441771905,3.9523809523809534,1.1028320498787487,0.401,-0.04221991272283278,0.172,0.039811527647745,0.427,0.0236126516310162,8.618,1.8834,6.0,4.0,1.0,20.5014,16.5014,true,
S33H_A_012,block_a_c1_only_boundary_diagnostic,C1_phase1_hybrid_BF_BOF_NG_DRP_EAF,168.0,6200000.0,0.5033645161290323,optimal,ok,appsi_highs,2.433952,not_reported_by_solver,63918838.57307065,53.82791143,0.22101204,2,false,outside_calibration_tolerance,3.85,1.0,0.0,1.0,1600.0,365.0,75.0,1.0,0.3715,1.0,44.0,2.15568,6199999.999999992,707.7625570776246,118904.10958904093,0.5033645161290323,0.4966354838709676,5.29527444417719,1.3067639281856267,3.9885105159915635,138154.49072479544,138154.49072479544,97500.0000000004,0.0,0.0,40654.49072479504,0.0,40654.49072479504,0.0,0.0,42.56390652380965,42.56390652380965,30.038697000000123,0.0,0.0,12.525209523809524,0.0,40.93719446079996,19.062987999037883,14.35863785756963,97.85973884217923,102.56408898364747,0.3991376988423976,0.18586415760078787,0.41499814355681464,9620239.738953866,797702.1031983128,10417941.842152178,13.382247679999988,6.350382290731592,2.2423379099999976,21.97496788073158,6.979840840319993,0.35581370697142817,0.0,1.9761904761904767,12.663122857249679,14.5014,0.0,0.0,16.542594997362517,0.8540765232543865,0.21076837551381103,195.19892560471123,1.5516515707990126,1630.13544,25000.0,500.0,0.0,0.0,0.0,1.8189894035458565e-12,2.7844393457598926e-13,4.547473508864641e-13,False,9.094947017729282e-13,0.6704335786047919,13.408671572095837,-0.5230788583264137,5.230788583264136,3.1558184447605586,31.558184447605584,-0.2802032063090953,2.8020320630909525,-0.0006315084381936857,0.006315084381936857,-1.0,0.6666666666666666,A,S33_CAND_001_CALIBRATION_ANCHOR,deterministic_block_a_sparse_grid,central_hsm_central_pellet,true,true,,4.89,0.08287820944318824,1.23,0.06240969771189164,151673.52,-0.0891324291491656,9107793.17,0.05626462518294826,102.1941,0.0036204534669561127,1.5426,1.670433578604792,0.08286890872863474,0.4489,0.47692114167358635,0.06242179031763494,4.5625,4.155818444760559,-0.08913568334015144,0.6815,0.7197967936909048,0.056194855012332755,0.9958,0.9993684915618063,0.003583542440054504,S3.3h phased C1 boundary and C0-preserving shared-parameter diagnostic,true,false,false,false,false,false,false,0.061679413064113085,0.05886108299082997,0.0891324291491656,false,true,true,true,13519.02927520455,0.07676392818562672,0.4052744441771905,1.9761904761904767,1.3067639281856267,0.401,-0.004644142537661949,0.172,0.08060556744644116,0.427,-0.028107392138607388,8.618,1.8834,2.0,2.0,1.0,14.5014,12.5014,false,
S33H_A_003,block_a_c1_only_boundary_diagnostic,C1_phase1_hybrid_BF_BOF_NG_DRP_EAF,168.0,6200000.0,0.5033645161290323,optimal,ok,appsi_highs,3.065371,not_reported_by_solver,63904262.7200843,53.77879871,0.22101204,2,false,outside_calibration_tolerance,3.85,1.0,0.0,1.0,1600.0,365.0,75.0,1.0,0.3715,1.0,44.0,2.15568,6199999.999999992,707.7625570776246,118904.10958904093,0.5033645161290323,0.4966354838709676,5.29527444417719,1.3067639281856267,3.9885105159915635,137964.0264047219,137964.0264047219,97500.0000000004,0.0,0.0,40464.0264047215,0.0,40464.0264047215,0.0,0.0,42.50522652380965,42.50522652380965,30.038697000000123,0.0,0.0,12.466529523809525,0.0,40.93719446079996,19.062987999037883,14.35863785756963,97.80105884217923,102.5054089836475,0.3993661882499351,0.1859705569496237,0.41466325480044114,9616947.790953867,797702.1031983128,10414649.89415218,13.382247679999988,6.350382290731592,2.2423379099999976,21.97496788073158,6.979840840319993,0.35581370697142817,0.0,1.9761904761904767,12.663122857249679,14.442720000000001,0.0,0.0,16.53313048123349,0.8540765232543865,0.21076837551381103,194.92981795247832,1.551120611444174,1630.13544,25000.0,500.0,0.0,0.0,0.0,1.8189894035458565e-12,2.7844393457598926e-13,4.547473508864641e-13,False,9.094947017729282e-13,0.6704335786047919,13.408671572095837,-0.5230788583264137,5.230788583264136,3.1500890969103525,31.500890969103523,-0.28044951343653635,2.8044951343653635,-0.0012032772089782013,0.012032772089782012,-1.0,0.6666666666666666,A,S33_CAND_001_CALIBRATION_ANCHOR,deterministic_block_a_sparse_grid,low_hsm_low_pellet,true,true,,4.89,0.08287820944318824,1.23,0.06240969771189164,151673.52,-0.09038818110951796,9107793.17,0.05590318219247256,102.1941,0.0030462520208846956,1.5426,1.670433578604792,0.08286890872863474,0.4489,0.47692114167358635,0.06242179031763494,4.5625,4.150089096910353,-0.09039143081416921,0.6815,0.7195504865634637,0.0558334358964984,0.9958,0.9987967227910218,0.003009362111891756,S3.3h phased C1 boundary and C0-preserving shared-parameter diagnostic,true,false,false,false,false,false,false,0.06183741031477665,0.05892510449559102,0.09038818110951796,false,true,true,true,13709.493595278094,0.07676392818562672,0.4052744441771905,1.9761904761904767,1.3067639281856267,0.401,-0.004074343516371421,0.172,0.08122416831176575,0.427,-0.028891674940418857,7.936,1.50672,3.0,2.0,1.0,14.44272,12.44272,true,
S33H_A_057,block_a_c1_only_boundary_diagnostic,C1_phase1_hybrid_BF_BOF_NG_DRP_EAF,168.0,6200000.0,0.55,optimal,ok,appsi_highs,2.228286,not_reported_by_solver,63723063.45334173,50.73243215,0.22101204,2,false,outside_calibration_tolerance,3.85,1.0,0.0,1.0,1600.0,365.0,75.0,1.0,0.3715,1.0,44.0,2.15568,6199999.999999992,707.7625570776246,118904.10958904093,0.5500000000000002,0.44999999999999996,5.09402239276368,1.2427942992232377,3.8512280935404424,132131.59370485885,132131.59370485885,88344.47280734267,0.0,0.0,43787.1208975162,0.0,43787.1208975162,0.0,0.0,40.70831699925501,40.70831699925501,27.217977951635955,0.0,0.0,13.490339047619049,0.0,44.72992479999994,18.33848061394925,13.864421136745593,99.30266293600054,103.7767224132042,0.4310207892469406,0.17671092502740213,0.3922682857256573,10092029.594278418,770245.6187080885,10862275.212986507,14.622079999999986,6.93872958459999,2.4500849999999974,24.01089458459997,7.62650591999999,0.388778971428571,0.0,3.952380952380951,12.043228740790461,17.44272,0.0,0.0,16.738181034387797,0.8216165149618849,0.20045069342310312,186.68915497654277,1.6277467087545856,1630.13544,25000.0,500.0,0.0,0.0,0.0,1.3642420526593924e-12,2.2737367544323206e-13,4.760636329592671e-13,False,2.2737367544323206e-13,0.6069471270547887,12.138942541095773,-0.5464254382396944,5.464254382396943,2.974643975548364,29.746439755483635,-0.24490337653630456,2.4490337653630454,0.011184202629124894,0.11184202629124892,-1.0,0.6666666666666666,A,S33_CAND_001_CALIBRATION_ANCHOR,deterministic_block_a_sparse_grid,low_hsm_low_pellet,true,true,,4.89,0.0417223707083191,1.23,0.010401869287185134,151673.52,-0.12884204372088903,9107793.17,0.10806530252799072,102.1941,0.015486436234618157,1.5426,1.6069471270547886,0.041713423476460926,0.4489,0.4535745617603057,0.010413369927167905,4.5625,3.9746439755483642,-0.12884515604419414,0.6815,0.7550966234636954,0.10799211073176147,0.9958,1.011184202629125,0.01544908880209367,S3.3h phased C1 boundary and C0-preserving shared-parameter diagnostic,true,false,false,false,false,false,false,0.06235666316383987,0.060903604495800436,0.12884204372088903,false,false,true,true,19541.926295141137,0.012794299223237715,0.2040223927636804,3.952380952380951,1.2427942992232377,0.401,0.07486481108962735,0.172,0.027389098996524076,0.427,-0.0813389093075941,7.936,1.50672,4.0,4.0,1.0,17.44272,13.44272,true,
S33H_A_048,block_a_c1_only_boundary_diagnostic,C1_phase1_hybrid_BF_BOF_NG_DRP_EAF,168.0,6200000.0,0.5033645161290323,optimal,ok,appsi_highs,2.282226,not_reported_by_solver,65314183.66241279,59.10013858,0.22101204,2,false,outside_calibration_tolerance,3.85,1.0,0.0,1.0,1600.0,365.0,75.0,1.0,0.3715,1.0,44.0,2.15568,6199999.999999993,707.7625570776247,118904.10958904095,0.5033645161290332,0.4966354838709668,5.295274444177186,1.1028320498787512,4.1924423942984355,152437.65781994018,152437.65781994018,97500.00000000022,0.0,0.0,54937.65781993995,0.0,54937.65781993995,0.0,0.0,46.96439604761912,46.96439604761912,30.038697000000067,0.0,0.0,16.925699047619048,0.0,40.93719446080002,19.06298799903787,15.09279261947437,102.99438312789353,106.964578507457,0.38271729793191395,0.17821776390872143,0.4390649381593647,9867107.201239588,838488.4788596872,10705595.680099275,13.382247680000011,6.350382290731603,2.2423379100000016,21.974967880731615,6.979840840320005,0.355813706971429,0.0,3.9523809523809534,10.686932381059231,20.87808,0.0,0.0,17.252351372170505,0.8540765232543859,0.17787613707721814,215.37965846817383,1.5914689034257419,1630.13544,25000.0,500.0,0.0,0.0,0.0,9.094947017729282e-13,2.2737367544323206e-13,2.4868995751603507e-13,False,5.115907697472721e-13,0.6704335786047905,13.408671572095809,-0.597506551139142,5.97506551139142,3.58546969208658,35.8546969208658,-0.26173231445591616,2.6173231445591614,0.04224617537026124,0.4224617537026124,-1.0,0.6666666666666666,A,S33_CAND_001_CALIBRATION_ANCHOR,deterministic_block_a_sparse_grid,central_hsm_high_pellet,true,true,,4.89,0.08287820944318734,1.23,-0.10338857733434863,151673.52,0.005038043687126107,9107793.17,0.08336970515982718,102.1941,0.046680566759304105,1.5426,1.6704335786047906,0.08286890872863387,0.4489,0.4024934488608581,-0.103378371884923,4.5625,4.58546969208658,0.005034453060072294,0.6815,0.7382676855440838,0.08329814459880241,0.9958,1.0422461753702612,0.04664207207296765,S3.3h phased C1 boundary and C0-preserving shared-parameter diagnostic,true,false,false,false,false,false,false,0.0625947354824218,0.06427102047675867,0.10338857733434863,false,false,true,true,-764.1378199401952,-0.12716795012124882,0.40527444417718606,3.9523809523809534,1.1028320498787512,0.401,-0.04559277323712238,0.172,0.036149790166985156,0.427,0.02825512449499933,8.618,2.26008,6.0,4.0,1.0,20.87808,16.87808,true,
S33H_A_027,block_a_c1_only_boundary_diagnostic,C1_phase1_hybrid_BF_BOF_NG_DRP_EAF,168.0,6200000.0,0.5033645161290323,optimal,ok,appsi_highs,2.300636,not_reported_by_solver,64986798.280067675,57.74017966,0.22101204,2,false,outside_calibration_tolerance,3.85,1.0,0.0,1.0,1600.0,365.0,75.0,1.0,0.3715,1.0,44.0,2.15568,6199999.999999991,707.7625570776245,118904.1095890409,0.5033645161290322,0.49663548387096773,5.295274444177188,1.1028320498787478,4.192442394298442,148159.6759887045,148159.6759887045,97500.0000000004,0.0,0.0,50659.675988704075,0.0,50659.675988704075,0.0,0.0,45.64639604761917,45.64639604761917,30.038697000000123,0.0,0.0,15.60769904761905,0.0,40.93719446079993,19.06298799903788,15.092792619474388,101.67638312789349,105.646578507457,0.3874919097158495,0.1804411299291849,0.43206696035496556,9793167.401239578,838488.4788596883,10631655.880099265,13.38224767999998,6.350382290731589,2.2423379099999963,21.97496788073157,6.979840840319988,0.355813706971428,0.0,3.9523809523809486,10.686932381059199,19.56008,0.0,0.0,17.039770727009216,0.8540765232543865,0.1778761370772177,209.33528413887956,1.5795431292321922,1630.13544,25000.0,500.0,0.0,0.0,0.0,1.1368683772161603e-12,2.8421709430404007e-13,2.7000623958883807e-13,False,2.2737367544323206e-13,0.6704335786047914,13.408671572095827,-0.5975065511391432,5.975065511391431,3.4567839308975734,34.567839308975735,-0.26726457065849824,2.6726457065849822,0.029403788868992965,0.29403788868992964,-1.0,0.6666666666666666,A,S33_CAND_001_CALIBRATION_ANCHOR,deterministic_block_a_sparse_grid,high_hsm_high_pellet,true,true,,4.89,0.08287820944318788,1.23,-0.10338857733435135,151673.52,-0.02316715542235388,9107793.17,0.0752514048624995,102.1941,0.03378354041433886,1.5426,1.6704335786047912,0.08286890872863431,0.4489,0.40249344886085686,-0.10337837188492573,4.5625,4.456783930897574,-0.02317064528272354,0.6815,0.7327354293415018,0.07518038054512374,0.9958,1.0294037888689929,0.033745520053216356,S3.3h phased C1 boundary and C0-preserving shared-parameter diagnostic,true,false,false,false,false,false,false,0.06362445897584734,0.0636937774953463,0.10338857733435135,false,false,true,true,3513.8440112954995,-0.12716795012125215,0.4052744441771887,3.9523809523809486,1.1028320498787478,0.401,-0.033686010683667104,0.172,0.04907633679758672,0.427,0.01186641769312779,9.3,2.26008,4.0,4.0,1.0,19.56008,15.560080000000001,true,
S33H_A_008,block_a_c1_only_boundary_diagnostic,C1_phase1_hybrid_BF_BOF_NG_DRP_EAF,168.0,6200000.0,0.5033645161290323,optimal,ok,appsi_highs,1.966808,not_reported_by_solver,64957646.574094996,57.61908347,0.22101204,2,false,outside_calibration_tolerance,3.85,1.0,0.0,1.0,1600.0,365.0,75.0,1.0,0.3715,1.0,44.0,2.15568,6199999.999999993,707.7625570776247,118904.10958904095,0.5033645161290327,0.4966354838709674,5.295274444177189,1.1028320498787494,4.19244239429844,147778.74734855737,147778.74734855737,97500.00000000035,0.0,0.0,50278.74734855701,0.0,50278.74734855701,0.0,0.0,45.529036047619165,45.529036047619165,30.03869700000011,0.0,0.0,15.490339047619049,0.0,40.93719446079998,19.062987999037883,15.092792619474386,101.55902312789352,105.52921850745702,0.3879228429793331,0.18064180014458114,0.43143535687608586,9786583.505239584,838488.478859688,10625071.98409927,13.382247679999995,6.350382290731596,2.2423379099999994,21.97496788073159,6.979840840319996,0.3558137069714284,0.0,3.9523809523809534,10.686932381059213,19.442720000000005,0.0,0.0,17.02084169475115,0.8540765232543863,0.17787613707721783,208.79706883441355,1.5784812105225152,1630.13544,25000.0,500.0,0.0,0.0,0.0,1.1368683772161603e-12,2.2737367544323206e-13,2.5579538487363607e-13,False,2.2737367544323206e-13,0.6704335786047916,13.40867157209583,-0.5975065511391426,5.975065511391426,3.4453252351971604,34.4532523519716,-0.26775718491338013,2.677571849133801,0.02826025132742352,0.2826025132742352,-1.0,0.6666666666666666,A,S33_CAND_001_CALIBRATION_ANCHOR,deterministic_block_a_sparse_grid,low_hsm_low_pellet,true,true,,4.89,0.08287820944318806,1.23,-0.10338857733435008,151673.52,-0.025678659343058814,9107793.17,0.07452851888154852,102.1941,0.032635137522195615,1.5426,1.6704335786047917,0.08286890872863459,0.4489,0.4024934488608574,-0.10337837188492449,4.5625,4.445325235197161,-0.025682140230759272,0.6815,0.7322428150866198,0.07445754231345535,0.9958,1.0282602513274235,0.03259715939689041,S3.3h phased C1 boundary and C0-preserving shared-parameter diagnostic,true,false,false,false,false,false,false,0.06394045347717425,0.06382182050486822,0.10338857733435008,false,false,true,true,3894.7726514426176,-0.1271679501212506,0.4052744441771896,3.9523809523809534,1.1028320498787494,0.401,-0.03261136414131401,0.172,0.050243024096402085,0.427,0.010387252637203448,7.936,1.50672,6.0,4.0,1.0,19.44272,15.44272,true,
S33H_A_037,block_a_c1_only_boundary_diagnostic,C1_phase1_hybrid_BF_BOF_NG_DRP_EAF,168.0,6200000.0,0.5033645161290323,optimal,ok,appsi_highs,2.351454,not_reported_by_solver,64893232.63073403,57.35150795,0.22101204,2,false,outside_calibration_tolerance,3.85,1.0,0.0,1.0,1600.0,365.0,75.0,1.0,0.3715,1.0,44.0,2.15568,6199999.999999992,707.7625570776246,118904.10958904093,0.5033645161290332,0.4966354838709668,5.295274444177186,1.1028320498787512,4.1924423942984355,146937.0430629153,146937.0430629153,97500.00000000023,0.0,0.0,49437.04306291504,0.0,49437.04306291504,0.0,0.0,45.26971604761913,45.26971604761913,30.038697000000074,0.0,0.0,15.231019047619046,0.0,40.93719446080002,19.06298799903787,15.092792619474366,101.29970312789351,105.269898507457,0.3888784452271525,0.1810867899496218,0.43003476482322583,9772035.653239587,838488.478859687,10610524.132099275,13.38224768000001,6.350382290731603,2.2423379100000016,21.974967880731615,6.979840840320003,0.35581370697142883,0.0,3.952380952380951,10.686932381059231,19.1834,0.0,0.0,16.97901588829954,0.854076523254386,0.17787613707721817,207.6078221340548,1.5761347827805807,1630.13544,25000.0,500.0,0.0,0.0,0.0,1.3642420526593924e-12,2.7000623958883807e-13,4.689582056016661e-13,False,2.8421709430404007e-13,0.6704335786047905,13.408671572095809,-0.597506551139142,5.97506551139142,3.4200059699532,34.200059699532,-0.2688456710123582,2.6884567101235817,0.025733477679844553,0.2573347767984455,-1.0,0.6666666666666666,A,S33_CAND_001_CALIBRATION_ANCHOR,deterministic_block_a_sparse_grid,high_hsm_central_pellet,true,true,,4.89,0.08287820944318734,1.23,-0.10338857733434863,151673.52,-0.031228107167847702,9107793.17,0.07293122173958935,102.1941,0.030097613340271057,1.5426,1.6704335786047906,0.08286890872863387,0.4489,0.4024934488608581,-0.103378371884923,4.5625,4.4200059699532,-0.03123156822943558,0.6815,0.7311543289876419,0.07286035067885822,0.9958,1.0257334776798446,0.030059728539711342,S3.3h phased C1 boundary and C0-preserving shared-parameter diagnostic,true,false,false,false,false,false,false,0.06463867854605704,0.06410474580504881,0.10338857733434863,false,false,true,true,4736.476937084692,-0.12716795012124882,0.40527444417718606,3.952380952380951,1.1028320498787512,0.401,-0.030228316141764442,0.172,0.0528301741257082,0.427,0.00710717757195748,9.3,1.8834,4.0,4.0,1.0,19.1834,15.1834,true,
S33H_A_038,block_a_c1_only_boundary_diagnostic,C1_phase1_hybrid_BF_BOF_NG_DRP_EAF,168.0,6200000.0,0.5033645161290323,optimal,ok,appsi_highs,1.976632,not_reported_by_solver,65390023.80272966,59.41517853,0.22101204,2,false,outside_calibration_tolerance,3.85,1.0,0.0,1.0,1600.0,365.0,75.0,1.0,0.3715,1.0,44.0,2.15568,6199999.999999993,707.7625570776247,118904.10958904095,0.5033645161290327,0.4966354838709674,5.295274444177189,1.1028320498787496,4.192442394298439,153428.6695139562,153428.6695139562,97500.00000000035,0.0,0.0,55928.66951395586,0.0,55928.66951395586,0.0,0.0,47.269716047619156,47.269716047619156,30.03869700000011,0.0,0.0,17.23101904761905,0.0,40.93719446079998,19.062987999037883,15.09279261947438,103.29970312789351,107.26989850745701,0.3816279779359927,0.17771050652865764,0.4406615155353497,9884235.653239584,838488.4788596879,10722724.132099273,13.382247679999995,6.350382290731596,2.2423379099999994,21.974967880731594,6.979840840319996,0.3558137069714285,0.0,3.952380952380951,10.686932381059215,21.1834,0.0,0.0,17.301596533460827,0.8540765232543863,0.17787613707721786,216.77986208746097,1.5942315569741283,1630.13544,25000.0,500.0,0.0,0.0,0.0,9.094947017729282e-13,2.2737367544323206e-13,2.8421709430404007e-13,False,5.684341886080801e-13,0.6704335786047916,13.40867157209583,-0.5975065511391425,5.975065511391425,3.6152802661429035,36.152802661429035,-0.26045074506003474,2.604507450600347,0.045221165845653735,0.4522116584565373,-1.0,0.6666666666666666,A,S33_CAND_001_CALIBRATION_ANCHOR,deterministic_block_a_sparse_grid,high_hsm_central_pellet,true,true,,4.89,0.08287820944318806,1.23,-0.1033885773343499,151673.52,0.011571891480834741,9107793.17,0.08525034206937131,102.1941,0.04966821477420916,1.5426,1.6704335786047917,0.08286890872863459,0.4489,0.4024934488608575,-0.10337837188492437,4.5625,4.6152802661429035,0.011568277510773379,0.6815,0.7395492549399653,0.08517865728534889,0.9958,1.0452211658456538,0.049629610208529636,S3.3h phased C1 boundary and C0-preserving shared-parameter diagnostic,true,false,false,false,false,false,false,0.06503957825159092,0.06655144702039063,0.1033885773343499,false,false,true,true,-1755.1495139562176,-0.12716795012125037,0.4052744441771896,3.952380952380951,1.1028320498787496,0.401,-0.04830928195513053,0.172,0.033200619352660755,0.427,0.03199418158161527,9.3,1.8834,6.0,4.0,1.0,21.1834,17.1834,true,
S33H_A_047,block_a_c1_only_boundary_diagnostic,C1_phase1_hybrid_BF_BOF_NG_DRP_EAF,168.0,6200000.0,0.5033645161290323,optimal,ok,appsi_highs,1.944249,not_reported_by_solver,64817392.49041719,57.03646799,0.22101204,2,false,outside_calibration_tolerance,3.85,1.0,0.0,1.0,1600.0,365.0,75.0,1.0,0.3715,1.0,44.0,2.15568,6199999.999999993,707.7625570776247,118904.10958904095,0.5033645161290327,0.4966354838709674,5.295274444177189,1.1028320498787494,4.19244239429844,145946.0313688995,145946.0313688995,97500.00000000035,0.0,0.0,48446.03136889915,0.0,48446.03136889915,0.0,0.0,44.964396047619154,44.964396047619154,30.03869700000011,0.0,0.0,14.925699047619046,0.0,40.93719446079998,19.062987999037883,15.092792619474386,100.99438312789354,104.96457850745702,0.3900096112698787,0.18161353353773135,0.42837685519238994,9754907.201239584,838488.478859688,10593395.680099271,13.382247679999995,6.350382290731596,2.2423379099999994,21.97496788073159,6.979840840319996,0.3558137069714284,0.0,3.9523809523809534,10.686932381059213,18.87808,0.0,0.0,16.929770727009217,0.8540765232543863,0.17787613707721783,206.20761851476794,1.5733721292321927,1630.13544,25000.0,500.0,0.0,0.0,0.0,1.1368683772161603e-12,2.2737367544323206e-13,2.5579538487363607e-13,False,2.2737367544323206e-13,0.6704335786047916,13.40867157209583,-0.5975065511391426,5.975065511391426,3.3901953958968836,33.90195395896883,-0.27012724040824015,2.701272404082401,0.022758487204452334,0.22758487204452332,-1.0,0.6666666666666666,A,S33_CAND_001_CALIBRATION_ANCHOR,deterministic_block_a_sparse_grid,central_hsm_high_pellet,true,true,,4.89,0.08287820944318806,1.23,-0.10338857733435008,151673.52,-0.0377619549615548,9107793.17,0.07105058483004441,102.1941,0.027109965325366275,1.5426,1.6704335786047917,0.08286890872863459,0.4489,0.4024934488608574,-0.10337837188492449,4.5625,4.390195395896884,-0.03776539268013511,0.6815,0.7298727595917599,0.07097983799231095,0.9958,1.0227584872044524,0.027072190404149803,S3.3h phased C1 boundary and C0-preserving shared-parameter diagnostic,true,false,false,false,false,false,false,0.06546075967374268,0.06443785837890073,0.10338857733435008,false,false,true,true,5727.488631100481,-0.1271679501212506,0.4052744441771896,3.9523809523809534,1.1028320498787494,0.401,-0.02740745319232248,0.172,0.05589263684727539,0.427,0.0032244852280795024,8.618,2.26008,4.0,4.0,1.0,18.87808,14.87808,true,
S33H_A_017,block_a_c1_only_boundary_diagnostic,C1_phase1_hybrid_BF_BOF_NG_DRP_EAF,168.0,6200000.0,0.5033645161290323,optimal,ok,appsi_highs,2.193438,not_reported_by_solver,64723826.84108352,56.64779628,0.22101204,2,false,outside_calibration_tolerance,3.85,1.0,0.0,1.0,1600.0,365.0,75.0,1.0,0.3715,1.0,44.0,2.15568,6199999.999999992,707.7625570776246,118904.10958904093,0.5033645161290331,0.4966354838709669,5.295274444177186,1.1028320498787507,4.1924423942984355,144723.39844311037,144723.39844311037,97500.00000000025,0.0,0.0,47223.398443110134,0.0,47223.398443110134,0.0,0.0,44.587716047619125,44.587716047619125,30.038697000000077,0.0,0.0,14.549019047619046,0.0,40.937194460800015,19.06298799903787,15.09279261947437,100.6177031278935,104.58789850745701,0.39141425580781924,0.18226762628449503,0.4263181179076857,9733775.453239586,838488.4788596872,10572263.932099273,13.382247680000008,6.350382290731601,2.2423379100000007,21.974967880731608,6.979840840320002,0.3558137069714287,0.0,3.9523809523809534,10.686932381059226,18.5014,0.0,0.0,16.86901588829954,0.854076523254386,0.17787613707721808,204.48015650994333,1.5699637827805806,1630.13544,25000.0,500.0,0.0,0.0,0.0,9.094947017729282e-13,2.469136006766348e-13,2.5934809855243657e-13,False,3.410605131648481e-13,0.6704335786047905,13.408671572095809,-0.5975065511391421,5.975065511391421,3.353417434952512,33.53417434952512,-0.2717083407621006,2.717083407621006,0.019088176015303788,0.19088176015303787,-1.0,0.6666666666666666,A,S33_CAND_001_CALIBRATION_ANCHOR,deterministic_block_a_sparse_grid,central_hsm_central_pellet,true,true,,4.89,0.08287820944318734,1.23,-0.103388577334349,151673.52,-0.04582290670704824,9107793.17,0.06873040170713345,102.1941,0.023424038251298327,1.5426,1.6704335786047906,0.08286890872863387,0.4489,0.4024934488608579,-0.10337837188492337,4.5625,4.3534174349525125,-0.04582631562684657,0.6815,0.7282916592378994,0.06865980812604462,0.9958,1.0190881760153039,0.02338639889064457,S3.3h phased C1 boundary and C0-preserving shared-parameter diagnostic,true,false,false,false,false,false,false,0.0664749792439525,0.06484882668860327,0.103388577334349,false,false,true,true,6950.121556889615,-0.12716795012124926,0.40527444417718606,3.9523809523809534,1.1028320498787507,0.401,-0.02390459898299446,0.172,0.05969550165404094,0.427,-0.001596913565138852,8.618,1.8834,4.0,4.0,1.0,18.5014,14.5014,true,
S33H_A_002,block_a_c1_only_boundary_diagnostic,C1_phase1_hybrid_BF_BOF_NG_DRP_EAF,168.0,6200000.0,0.5033645161290323,optimal,ok,appsi_highs,3.10102,not_reported_by_solver,63655867.134086475,52.9418403,0.22101204,2,false,outside_calibration_tolerance,3.85,1.0,0.0,1.0,1600.0,365.0,75.0,1.0,0.3715,1.0,44.0,2.15568,6199999.999999992,707.7625570776246,118904.10958904093,0.5033645161290329,0.4966354838709671,5.295274444177187,1.3067639281856283,3.9885105159915586,134718.2131792014,134718.2131792014,97500.00000000028,0.0,0.0,37218.2131792011,0.0,37218.2131792011,0.0,0.0,41.50522652380961,41.50522652380961,30.038697000000084,0.0,0.0,11.466529523809525,0.0,40.937194460799994,19.062987999037873,14.35863785756961,96.8010588421792,101.50540898364748,0.4033006208309054,0.1878026815507824,0.4088966976183122,9560847.790953869,797702.1031983118,10358549.894152181,13.382247679999999,6.3503822907315985,2.2423379100000003,21.9749678807316,6.97984084032,0.35581370697142856,0.0,1.9761904761904767,12.663122857249697,13.442720000000001,0.0,0.0,16.37184015865284,0.8540765232543861,0.21076837551381128,190.34379797577515,1.5420722243474003,1630.13544,25000.0,500.0,0.0,0.0,0.0,1.3642420526593924e-12,2.2737367544323206e-13,3.836930773104541e-13,False,2.8421709430404007e-13,0.6704335786047908,13.408671572095816,-0.5230788583264131,5.230788583264131,3.0524519488155,30.524519488154997,-0.2846469764126981,2.8464697641269807,-0.010947121291882862,0.10947121291882862,-1.0,0.6666666666666666,A,S33_CAND_001_CALIBRATION_ANCHOR,deterministic_block_a_sparse_grid,low_hsm_low_pellet,true,true,,4.89,0.08287820944318752,1.23,0.062409697711892906,151673.52,-0.11178818043385938,9107793.17,0.049743622027581584,102.1941,-0.006739048696084426,1.5426,1.6704335786047908,0.08286890872863402,0.4489,0.4769211416735869,0.06242179031763617,4.5625,4.0524519488155,-0.11179135368427388,0.6815,0.7153530235873019,0.04967428259325299,0.9958,0.9890528787081171,-0.006775578722517502,S3.3h phased C1 boundary and C0-preserving shared-parameter diagnostic,true,false,false,false,false,false,false,0.06677628289758032,0.06271175166252116,0.11178818043385938,false,false,true,true,16955.306820798578,0.07676392818562827,0.40527444417718694,1.9761904761904767,1.3067639281856283,0.401,0.005737209054626872,0.172,0.09187605552780469,0.427,-0.04239649269716108,7.936,1.50672,2.0,2.0,1.0,13.44272,11.44272,false,
S33H_A_028,block_a_c1_only_boundary_diagnostic,C1_phase1_hybrid_BF_BOF_NG_DRP_EAF,168.0,6200000.0,0.5033645161290323,optimal,ok,appsi_highs,2.069567,not_reported_by_solver,65483589.45206331,59.80385025,0.22101204,2,false,outside_calibration_tolerance,3.85,1.0,0.0,1.0,1600.0,365.0,75.0,1.0,0.3715,1.0,44.0,2.15568,6199999.999999992,707.7625570776246,118904.10958904093,0.5033645161290328,0.49663548387096723,5.295274444177188,1.1028320498787498,4.192442394298439,154651.3024397452,154651.3024397452,97500.0000000003,0.0,0.0,57151.30243974488,0.0,57151.30243974488,0.0,0.0,47.64639604761914,47.64639604761914,30.0386970000001,0.0,0.0,17.60769904761905,0.0,40.937194460799994,19.062987999037876,15.09279261947438,103.6763831278935,107.64657850745702,0.3802925743521346,0.177088656818919,0.4426187688289464,9905367.401239583,838488.4788596878,10743855.880099272,13.382247679999999,6.350382290731598,2.24233791,21.974967880731597,6.979840840319998,0.3558137069714285,0.0,3.952380952380951,10.686932381059218,21.56008,0.0,0.0,17.362351372170508,0.8540765232543862,0.17787613707721794,218.50732409228542,1.5976399034257414,1630.13544,25000.0,500.0,0.0,0.0,0.0,1.3642420526593924e-12,2.2737367544323206e-13,3.268496584496461e-13,False,4.547473508864641e-13,0.6704335786047914,13.408671572095827,-0.5975065511391424,5.975065511391424,3.6520582270872706,36.5205822708727,-0.25886964470617413,2.588696447061741,0.04889147703480229,0.4889147703480229,-1.0,0.6666666666666666,A,S33_CAND_001_CALIBRATION_ANCHOR,deterministic_block_a_sparse_grid,high_hsm_high_pellet,true,true,,4.89,0.08287820944318788,1.23,-0.10338857733434972,151673.52,0.01963284322632722,9107793.17,0.08757052519228248,102.1941,0.05335414184827711,1.5426,1.6704335786047912,0.08286890872863431,0.4489,0.4024934488608576,-0.10337837188492412,4.5625,4.652058227087271,0.019629200457484057,0.6815,0.7411303552938259,0.08749868715161538,0.9958,1.0488914770348023,0.05331540172203487,S3.3h phased C1 boundary and C0-preserving shared-parameter diagnostic,true,false,false,false,false,false,false,0.06805583455412716,0.06936485940888489,0.10338857733434972,false,false,true,true,-2977.782439745206,-0.12716795012125015,0.4052744441771887,3.952380952380951,1.1028320498787498,0.401,-0.05163946545602351,0.172,0.029585214063482634,0.427,0.03657791294835226,9.3,2.26008,6.0,4.0,1.0,21.56008,17.56008,true,
S33H_A_007,block_a_c1_only_boundary_diagnostic,C1_phase1_hybrid_BF_BOF_NG_DRP_EAF,168.0,6200000.0,0.5033645161290323,optimal,ok,appsi_highs,2.166061,not_reported_by_solver,64460855.40209936,55.55541289,0.22101204,2,false,outside_calibration_tolerance,3.85,1.0,0.0,1.0,1600.0,365.0,75.0,1.0,0.3715,1.0,44.0,2.15568,6199999.999999992,707.7625570776246,118904.10958904093,0.5033645161290325,0.4966354838709674,5.295274444177188,1.1028320498787494,4.192442394298439,141287.12089751655,141287.12089751655,97500.00000000035,0.0,0.0,43787.1208975162,0.0,43787.1208975162,0.0,0.0,43.52903604761916,43.52903604761916,30.03869700000011,0.0,0.0,13.490339047619049,0.0,40.93719446079997,19.06298799903788,15.09279261947438,99.55902312789351,103.529218507457,0.3954168209803626,0.18413147779788186,0.4204517012217555,9674383.505239582,838488.4788596879,10512871.984099269,13.382247679999992,6.350382290731595,2.2423379099999985,21.974967880731587,6.979840840319995,0.35581370697142833,0.0,3.952380952380951,10.686932381059213,17.44272,0.0,0.0,16.69826104958986,0.8540765232543863,0.17787613707721786,199.62502888100752,1.5603844363289667,1630.13544,25000.0,500.0,0.0,0.0,0.0,9.094947017729282e-13,2.7711166694643907e-13,2.8421709430404007e-13,False,5.115907697472721e-13,0.6704335786047914,13.408671572095827,-0.5975065511391426,5.975065511391426,3.2500509390074597,32.5005093900746,-0.27615211086570396,2.7615211086570395,0.008772563161614334,0.08772563161614333,-1.0,0.6666666666666666,A,S33_CAND_001_CALIBRATION_ANCHOR,deterministic_block_a_sparse_grid,low_hsm_low_pellet,true,true,,4.89,0.08287820944318788,1.23,-0.10338857733435008,151673.52,-0.06847865799174069,9107793.17,0.062209398551765945,102.1941,0.01306453608825751,1.5426,1.6704335786047912,0.08286890872863431,0.4489,0.4024934488608574,-0.10337837188492449,4.5625,4.25005093900746,-0.06848198597096765,0.6815,0.723847889134296,0.06213923570696404,0.9958,1.0087725631616142,0.013027277728072117,S3.3h phased C1 boundary and C0-preserving shared-parameter diagnostic,true,false,false,false,false,false,false,0.06932549951205792,0.06600387588186042,0.10338857733435008,false,false,true,true,10386.39910248344,-0.1271679501212506,0.4052744441771887,3.952380952380951,1.1028320498787494,0.401,-0.01392313969984388,0.172,0.07053184766210392,0.427,-0.015335594328441398,7.936,1.50672,4.0,4.0,1.0,17.44272,13.44272,true,
S33H_A_076,block_a_c1_only_boundary_diagnostic,C1_phase1_hybrid_BF_BOF_NG_DRP_EAF,168.0,6200000.0,0.55,optimal,ok,appsi_highs,2.110795,not_reported_by_solver,63846512.19730361,51.50094141,0.22101204,2,false,outside_calibration_tolerance,3.85,1.0,0.0,1.0,1600.0,365.0,75.0,1.0,0.3715,1.0,44.0,2.15568,6199999.999999993,707.7625570776247,118904.10958904095,0.5499999999999998,0.45000000000000007,5.094022392763682,1.3447602383766764,3.749262154387005,135719.69493688922,135719.69493688922,88344.47280734271,0.0,0.0,47375.22212954653,0.0,47375.22212954653,0.0,0.0,41.81377223735026,41.81377223735026,27.217977951635973,0.0,0.0,14.595794285714287,0.0,44.729924799999935,18.338480613949255,13.497343755793217,100.04104079314341,104.88217765129944,0.42647784210500467,0.17484839678786024,0.39867376110713504,10154045.633135559,749852.430877401,10903898.06401296,14.622079999999979,6.938729584599989,2.450084999999997,24.010894584599967,7.626505919999989,0.38877897142857093,0.0,2.9642857142857126,13.031323978885693,17.56008,0.0,0.0,16.91648026633864,0.821616514961885,0.21689681264139968,191.75879478179857,1.6377492956670276,1630.13544,25000.0,500.0,0.0,0.0,0.0,1.5916157281026244e-12,3.410605131648481e-13,2.913225216616411e-13,False,1.7053025658242404e-13,0.6069471270547893,12.138942541095785,-0.5092115918333299,5.092115918333298,3.0825774723424977,30.825774723424974,-0.2402632691025957,2.402632691025957,0.021955586109755065,0.21955586109755065,-1.0,0.6666666666666666,A,S33_CAND_001_CALIBRATION_ANCHOR,deterministic_block_a_sparse_grid,high_hsm_high_pellet,true,true,,4.89,0.04172237070831947,1.23,0.093301006810306,151673.52,-0.10518530237256159,9107793.17,0.1148744205766323,102.1941,0.026303648168528683,1.5426,1.6069471270547893,0.041713423476461356,0.4489,0.4907884081666702,0.09331345102844768,4.5625,4.082577472342498,-0.10518849921260315,0.6815,0.7597367308974042,0.11480077901306565,0.9958,1.0219555861097551,0.026265902901943264,S3.3h phased C1 boundary and C0-preserving shared-parameter diagnostic,true,false,false,false,false,false,false,0.08010498387129697,0.0762773497272696,0.1148744205766323,false,false,true,true,15953.825063110766,0.11476023837667637,0.20402239276368217,2.9642857142857126,1.3447602383766764,0.401,0.06353576584789188,0.172,0.01656044644104798,0.427,-0.06633779600202565,9.3,2.26008,3.0,3.0,1.0,17.56008,14.560080000000001,true,
S33H_A_112,block_a_vattenfall_lhv_interface_diagnostic,C1_phase1_hybrid_BF_BOF_NG_DRP_EAF,168.0,6200000.0,0.55,optimal,ok,appsi_highs,2.024901,not_reported_by_solver,64710740.10791323,57.9115425,0.17934537,1,false,normal_flare_above_admissible_limit;outside_calibration_tolerance,3.85,1.0,0.0,1.0,1600.0,365.0,75.0,1.0,0.3715,0.75,44.0,2.15568,6199999.999999993,707.7625570776247,118904.10958904095,0.5499999999999994,0.4500000000000006,5.094022392763684,1.0850446331475856,4.008977759616099,141982.21643421944,141982.21643421944,88344.47280734281,0.0,0.0,53637.74362687663,0.0,53637.74362687663,0.0,0.0,43.74318747544553,43.74318747544553,27.217977951636005,0.0,0.0,16.525209523809526,0.0,44.72992479999989,18.33848061394926,14.432319934617958,102.90543221006337,106.81159288939469,0.4187740636572898,0.17168998343596548,0.4095359529067447,10262285.827992698,801795.5519232197,11064081.37991592,14.622079999999968,6.938729584599983,2.4500849999999943,24.010894584599946,7.626505919999982,0.3887789714285706,0.0,1.9761904761904767,10.514564412735687,18.5014,3.5048548042452277,0.1459693553647586,17.227676272483034,0.8216165149618855,0.17500719889477206,200.6071316070587,1.6552073916117274,1630.13544,25000.0,500.0,0.0,0.0,0.0,9.094947017729282e-13,2.6696866939346363e-13,3.268496584496461e-13,False,2.8421709430404007e-13,0.6069471270547898,12.138942541095796,-0.6039983090702242,6.039983090702242,3.270960073680866,32.70960073680866,-0.23216462007504876,2.3216462007504877,0.04075550736093524,0.4075550736093524,6.298467768237931,4.198978512158621,A,S33_CAND_001_CALIBRATION_ANCHOR,deterministic_block_a_vattenfall_fraction_cases,central_hsm_central_pellet,true,true,,4.89,0.04172237070831983,1.23,-0.11784989174993041,151673.52,-0.06389581758094982,9107793.17,0.12675876981873735,102.1941,0.04518355648119297,1.5426,1.60694712705479,0.041713423476461786,0.4489,0.3960016909297757,-0.11783985090270506,4.5625,4.270960073680866,-0.06389916193296079,0.6815,0.7678353799249512,0.12668434325011182,0.9958,1.0407555073609351,0.04514511685171231,S3.3h phased C1 boundary and C0-preserving shared-parameter diagnostic,true,false,false,false,false,false,false,0.08104721016742841,0.07908208126782608,0.12675876981873735,false,false,true,true,9691.303565780545,-0.1449553668524144,0.20402239276368395,1.9761904761904767,1.0850446331475856,0.401,0.0443243482725431,0.172,-0.001802421883921569,0.427,-0.04089940771254163,8.618,1.8834,6.0,2.0,0.75,18.5014,16.5014,true,
S33H_A_086,block_a_c1_only_boundary_diagnostic,C1_phase1_hybrid_BF_BOF_NG_DRP_EAF,168.0,6200000.0,0.55,optimal,ok,appsi_highs,1.801419,not_reported_by_solver,63752946.54796994,51.11226969,0.22101204,2,false,outside_calibration_tolerance,3.85,1.0,0.0,1.0,1600.0,365.0,75.0,1.0,0.3715,1.0,44.0,2.15568,6199999.999999991,707.7625570776245,118904.1095890409,0.5499999999999998,0.4500000000000002,5.09402239276368,1.3447602383766755,3.749262154387005,134497.0620111002,134497.0620111002,88344.4728073427,0.0,0.0,46152.5892037575,0.0,46152.5892037575,0.0,0.0,41.43709223735026,41.43709223735026,27.217977951635966,0.0,0.0,14.219114285714287,0.0,44.72992479999991,18.33848061394925,13.497343755793217,99.66436079314337,104.50549765129942,0.42801504040724253,0.1754786209921582,0.39650633860059925,10132913.885135556,749852.430877401,10882766.316012956,14.622079999999974,6.938729584599987,2.450084999999995,24.010894584599956,7.626505919999985,0.38877897142857065,0.0,2.964285714285715,13.031323978885682,17.1834,0.0,0.0,16.855725427628965,0.8216165149618851,0.2168968126413996,190.03133277697412,1.6343409492154146,1630.13544,25000.0,500.0,0.0,0.0,0.0,9.094947017729282e-13,2.2737367544323206e-13,3.765876499528531e-13,False,4.547473508864641e-13,0.6069471270547887,12.138942541095773,-0.5092115918333302,5.092115918333302,3.0457995113981298,30.457995113981298,-0.24184436945645663,2.418443694564566,0.01828527492060638,0.18285274920606379,-1.0,0.6666666666666666,A,S33_CAND_001_CALIBRATION_ANCHOR,deterministic_block_a_sparse_grid,high_hsm_central_pellet,true,true,,4.89,0.0417223707083191,1.23,0.09330100681030527,151673.52,-0.11324625411805425,9107793.17,0.11255423745372072,102.1941,0.022617721094460596,1.5426,1.6069471270547886,0.041713423476460926,0.4489,0.49078840816666985,0.09331345102844694,4.5625,4.04579951139813,-0.11324942215931402,0.6815,0.7581556305435434,0.11248074914679884,0.9958,1.0182852749206064,0.022580111388437806,S3.3h phased C1 boundary and C0-preserving shared-parameter diagnostic,true,false,false,false,false,false,false,0.08111920344150662,0.07668831803697199,0.11324625411805425,false,false,true,true,17176.457988899783,0.11476023837667548,0.2040223927636804,2.964285714285715,1.3447602383766755,0.401,0.06736917807292396,0.172,0.020224540652082585,0.427,-0.07141372693068089,9.3,1.8834,3.0,3.0,1.0,17.1834,14.1834,true,
S33H_A_096,block_a_c1_only_boundary_diagnostic,C1_phase1_hybrid_BF_BOF_NG_DRP_EAF,168.0,6200000.0,0.55,optimal,ok,appsi_highs,1.805894,not_reported_by_solver,63677106.407653086,50.79722974,0.22101204,2,false,outside_calibration_tolerance,3.85,1.0,0.0,1.0,1600.0,365.0,75.0,1.0,0.3715,1.0,44.0,2.15568,6199999.999999991,707.7625570776245,118904.1095890409,0.5499999999999998,0.4500000000000002,5.09402239276368,1.3447602383766755,3.749262154387005,133506.0503170843,133506.0503170843,88344.4728073427,0.0,0.0,45161.57750974161,0.0,45161.57750974161,0.0,0.0,41.13177223735025,41.131772237350255,27.217977951635966,0.0,0.0,13.913794285714287,0.0,44.72992479999991,18.33848061394925,13.497343755793217,99.35904079314338,104.2001776512994,0.4292691798442641,0.17599279605182674,0.39473802410390924,10115785.433135554,749852.430877401,10865637.864012955,14.622079999999974,6.938729584599987,2.450084999999995,24.010894584599956,7.626505919999985,0.38877897142857065,0.0,2.964285714285715,13.031323978885682,16.87808,0.0,0.0,16.80648026633864,0.8216165149618851,0.2168968126413996,188.63112915768716,1.6315782956670275,1630.13544,25000.0,500.0,0.0,0.0,0.0,9.094947017729282e-13,2.2737367544323206e-13,3.765876499528531e-13,False,4.547473508864641e-13,0.6069471270547887,12.138942541095773,-0.5092115918333302,5.092115918333302,3.0159889373418096,30.159889373418096,-0.24312593885233846,2.4312593885233844,0.015310284445213745,0.15310284445213743,-1.0,0.6666666666666666,A,S33_CAND_001_CALIBRATION_ANCHOR,deterministic_block_a_sparse_grid,central_hsm_high_pellet,true,true,,4.89,0.0417223707083191,1.23,0.09330100681030527,151673.52,-0.11978010191176212,9107793.17,0.11067360054417598,102.1941,0.0196300730795554,1.5426,1.6069471270547886,0.041713423476460926,0.4489,0.49078840816666985,0.09331345102844694,4.5625,4.01598893734181,-0.11978324661001433,0.6815,0.7568740611476615,0.11060023646025172,0.9958,1.0153102844452138,0.019592573252875823,S3.3h phased C1 boundary and C0-preserving shared-parameter diagnostic,true,false,false,false,false,false,false,0.08194128456919193,0.07702143061082357,0.11978010191176212,false,false,true,true,18167.46968291569,0.11476023837667548,0.2040223927636804,2.964285714285715,1.3447602383766755,0.401,0.07049670784105755,0.172,0.023213930533876503,0.427,-0.07555497867936946,8.618,2.26008,3.0,3.0,1.0,16.87808,13.87808,true,
S33H_A_021,block_a_c1_only_boundary_diagnostic,C1_phase1_hybrid_BF_BOF_NG_DRP_EAF,168.0,6200000.0,0.5033645161290323,optimal,ok,appsi_highs,2.179985,not_reported_by_solver,63779315.878048345,53.49492189,0.22101204,2,false,outside_calibration_tolerance,3.85,1.0,0.0,1.0,1600.0,365.0,75.0,1.0,0.3715,1.0,44.0,2.15568,6199999.999999992,707.7625570776246,118904.10958904093,0.5033645161290332,0.49663548387096684,5.295274444177186,1.4087298673390682,3.8865445768381175,138306.31441123164,138306.31441123164,97500.00000000022,0.0,0.0,40806.31441123143,0.0,40806.31441123143,0.0,0.0,42.610681761904836,42.610681761904836,30.038697000000067,0.0,0.0,12.571984761904764,0.0,40.93719446080002,19.06298799903787,13.991560476617222,97.53943669932208,102.61086422174272,0.39895575162815594,0.18577943128753535,0.4152648170843088,9622863.829811016,777308.9153676236,10400172.74517864,13.38224768000001,6.350382290731603,2.2423379100000016,21.974967880731615,6.979840840320003,0.3558137069714288,0.0,0.9880952380952384,13.651218095344943,13.560080000000001,0.0,0.0,16.550139390603686,0.854076523254386,0.22721449473210809,195.41343778103078,1.5520748112598433,1630.13544,25000.0,500.0,0.0,0.0,0.0,1.8189894035458565e-12,2.4158453015843406e-13,5.684341886080801e-13,False,2.2737367544323206e-13,0.6704335786047905,13.408671572095809,-0.4858650119200481,4.8586501192004805,3.1603854456096294,31.603854456096293,-0.2800068689789888,2.800068689789888,-0.00017573781125282964,0.0017573781125282963,-1.0,0.6666666666666666,A,S33_CAND_001_CALIBRATION_ANCHOR,deterministic_block_a_sparse_grid,high_hsm_high_pellet,true,true,,4.89,0.08287820944318734,1.23,0.14530883523501484,151673.52,-0.08813143908553288,9107793.17,0.056552740076223774,102.1941,0.004078163237825961,1.5426,1.6704335786047906,0.08286890872863387,0.4489,0.5141349880799518,0.14532187141891695,4.5625,4.16038544560963,-0.08813469685268387,0.6815,0.7199931310210111,0.05648295087455782,0.9958,0.9998242621887472,0.00404123537733198,S3.3h phased C1 boundary and C0-preserving shared-parameter diagnostic,true,false,false,false,false,false,false,0.08227825403967644,0.07538987741555696,0.14530883523501484,false,false,true,true,13367.205588768353,0.17872986733906826,0.40527444417718606,0.9880952380952384,1.4087298673390682,0.401,-0.005097876239012673,0.172,0.0801129726019498,0.427,-0.027482863971173773,9.3,2.26008,1.0,1.0,1.0,13.560080000000001,12.560080000000001,false,
S33H_A_066,block_a_c1_only_boundary_diagnostic,C1_phase1_hybrid_BF_BOF_NG_DRP_EAF,168.0,6200000.0,0.55,optimal,ok,appsi_highs,1.84127,not_reported_by_solver,63583540.75831943,50.40855802,0.22101204,2,false,outside_calibration_tolerance,3.85,1.0,0.0,1.0,1600.0,365.0,75.0,1.0,0.3715,1.0,44.0,2.15568,6199999.999999991,707.7625570776245,118904.1095890409,0.5499999999999998,0.4500000000000002,5.09402239276368,1.3447602383766755,3.749262154387005,132283.4173912953,132283.4173912953,88344.4728073427,0.0,0.0,43938.94458395258,0.0,43938.94458395258,0.0,0.0,40.755092237350254,40.755092237350254,27.217977951635966,0.0,0.0,13.537114285714285,0.0,44.72992479999991,18.33848061394925,13.497343755793217,98.98236079314337,103.8234976512994,0.4308266029548475,0.17663131207099855,0.39254208497415405,10094653.685135555,749852.430877401,10844506.116012955,14.622079999999974,6.938729584599987,2.450084999999995,24.010894584599956,7.626505919999985,0.38877897142857065,0.0,2.964285714285715,13.031323978885682,16.5014,0.0,0.0,16.74572542762896,0.8216165149618851,0.2168968126413996,186.90366715286268,1.6281699492154147,1630.13544,25000.0,500.0,0.0,0.0,0.0,9.094947017729282e-13,2.2737367544323206e-13,3.765876499528531e-13,False,4.547473508864641e-13,0.6069471270547887,12.138942541095773,-0.5092115918333302,5.092115918333302,2.9792109763974426,29.792109763974423,-0.24470703920619907,2.4470703920619905,0.011639973256065335,0.11639973256065335,-1.0,0.6666666666666666,A,S33_CAND_001_CALIBRATION_ANCHOR,deterministic_block_a_sparse_grid,central_hsm_central_pellet,true,true,,4.89,0.0417223707083191,1.23,0.09330100681030527,151673.52,-0.1278410536572546,9107793.17,0.10835341742126481,102.1941,0.01594414600548759,1.5426,1.6069471270547886,0.041713423476460926,0.4489,0.49078840816666985,0.09331345102844694,4.5625,3.979210976397443,-0.1278441695567248,0.6815,0.7552929607938009,0.10828020659398523,0.9958,1.0116399732560653,0.015906781739370587,S3.3h phased C1 boundary and C0-preserving shared-parameter diagnostic,true,false,false,false,false,false,false,0.08295550413940188,0.07743239892052627,0.1278410536572546,false,false,true,true,19390.102608704678,0.11476023837667548,0.2040223927636804,2.964285714285715,1.3447602383766755,0.401,0.07438055599712583,0.172,0.0269262329709219,0.427,-0.08069769326896005,8.618,1.8834,3.0,3.0,1.0,16.5014,13.5014,true,
S33H_A_031,block_a_c1_only_boundary_diagnostic,C1_phase1_hybrid_BF_BOF_NG_DRP_EAF,168.0,6200000.0,0.5033645161290323,optimal,ok,appsi_highs,2.00835,not_reported_by_solver,63685750.22871469,53.1796564,0.22101204,2,false,outside_calibration_tolerance,3.85,1.0,0.0,1.0,1600.0,365.0,75.0,1.0,0.3715,1.0,44.0,2.15568,6199999.999999992,707.7625570776245,118904.10958904092,0.5033645161290328,0.4966354838709671,5.295274444177187,1.408729867339067,3.8865445768381197,137083.68148544268,137083.68148544268,97500.00000000028,0.0,0.0,39583.6814854424,0.0,39583.6814854424,0.0,0.0,42.23400176190484,42.23400176190484,30.038697000000084,0.0,0.0,12.195304761904763,0.0,40.93719446079998,19.062987999037873,13.991560476617233,97.16275669932205,102.23418422174271,0.4004256968687548,0.1864639322370965,0.41311037089414865,9601732.08181101,777308.9153676239,10379040.997178635,13.382247679999997,6.350382290731597,2.2423379099999994,21.974967880731594,6.979840840319998,0.3558137069714285,0.0,0.9880952380952384,13.651218095344928,13.1834,0.0,0.0,16.48938455189401,0.8540765232543862,0.2272144947321079,193.6859757762064,1.5486664648082298,1630.13544,25000.0,500.0,0.0,0.0,0.0,9.094947017729282e-13,2.3447910280083306e-13,3.126388037344441e-13,False,2.8421709430404007e-13,0.6704335786047908,13.408671572095816,-0.4858650119200486,4.858650119200486,3.1236074846652633,31.23607484665263,-0.28158796933284985,2.8158796933284984,-0.003846049000401378,0.038460490004013775,-1.0,0.6666666666666666,A,S33_CAND_001_CALIBRATION_ANCHOR,deterministic_block_a_sparse_grid,high_hsm_central_pellet,true,true,,4.89,0.08287820944318752,1.23,0.14530883523501376,151673.52,-0.09619239083102517,9107793.17,0.054232556953311986,102.1941,0.00039223616375801194,1.5426,1.6704335786047908,0.08286890872863402,0.4489,0.5141349880799514,0.14532187141891595,4.5625,4.123607484665263,-0.09619561979939435,0.6815,0.7184120306671501,0.054162921008290676,0.9958,0.9961539509995986,0.00035544386382663424,S3.3h phased C1 boundary and C0-preserving shared-parameter diagnostic,true,false,false,false,false,false,false,0.083292473609886,0.07580084572525929,0.14530883523501376,false,false,true,true,14589.838514557312,0.17872986733906693,0.40527444417718694,0.9880952380952384,1.408729867339067,0.401,-0.001432177384651459,0.172,0.0840926292854449,0.427,-0.03252840540012024,9.3,1.8834,1.0,1.0,1.0,13.1834,12.1834,false,
S33H_A_041,block_a_c1_only_boundary_diagnostic,C1_phase1_hybrid_BF_BOF_NG_DRP_EAF,168.0,6200000.0,0.5033645161290323,optimal,ok,appsi_highs,2.053224,not_reported_by_solver,63609910.088397846,52.92411626,0.22101204,2,false,outside_calibration_tolerance,3.85,1.0,0.0,1.0,1600.0,365.0,75.0,1.0,0.3715,1.0,44.0,2.15568,6199999.999999993,707.7625570776247,118904.10958904095,0.5033645161290329,0.49663548387096706,5.295274444177188,1.4087298673390674,3.88654457683812,136092.6697914268,136092.6697914268,97500.00000000029,0.0,0.0,38592.66979142652,0.0,38592.66979142652,0.0,0.0,41.92868176190485,41.92868176190485,30.03869700000009,0.0,0.0,11.889984761904762,0.0,40.937194460799994,19.062987999037876,13.991560476617234,96.85743669932208,101.92886422174273,0.4016251409585271,0.18702247047084722,0.41135238857062556,9584603.629811015,777308.9153676241,10361912.545178639,13.382247680000004,6.350382290731599,2.2423379100000003,21.9749678807316,6.9798408403200005,0.3558137069714286,0.0,0.9880952380952381,13.651218095344934,12.87808,0.0,0.0,16.440139390603687,0.8540765232543861,0.22721449473210792,192.2857721569194,1.5459038112598429,1630.13544,25000.0,500.0,0.0,0.0,0.0,1.8189894035458565e-12,2.2737367544323206e-13,5.542233338928781e-13,False,2.8421709430404007e-13,0.6704335786047914,13.408671572095827,-0.48586501192004844,4.858650119200484,3.093796910608944,30.93796910608944,-0.2828695387287313,2.8286953872873126,-0.0068210394757935965,0.06821039475793596,-1.0,0.6666666666666666,A,S33_CAND_001_CALIBRATION_ANCHOR,deterministic_block_a_sparse_grid,central_hsm_high_pellet,true,true,,4.89,0.08287820944318788,1.23,0.14530883523501412,151673.52,-0.10272623862473285,9107793.17,0.05235192004376787,102.1941,-0.002595411851146767,1.5426,1.6704335786047912,0.08286890872863431,0.4489,0.5141349880799515,0.1453218714189162,4.5625,4.093796910608944,-0.10272944425009446,0.6815,0.7171304612712687,0.0522824083217442,0.9958,0.9931789605242064,-0.002632094271734905,S3.3h phased C1 boundary and C0-preserving shared-parameter diagnostic,true,false,false,false,false,false,false,0.08497969202128715,0.0771721230395699,0.14530883523501412,false,false,true,true,15580.850208573189,0.17872986733906737,0.4052744441771887,0.9880952380952381,1.4087298673390674,0.401,0.0015589550087956596,0.172,0.08733994459794903,0.427,-0.03664546002195417,8.618,2.26008,1.0,1.0,1.0,12.87808,11.87808,false,
S33H_A_056,block_a_c1_only_boundary_diagnostic,C1_phase1_hybrid_BF_BOF_NG_DRP_EAF,168.0,6200000.0,0.55,optimal,ok,appsi_highs,1.983248,not_reported_by_solver,63320569.31933527,49.31617464,0.22101204,2,false,outside_calibration_tolerance,3.85,1.0,0.0,1.0,1600.0,365.0,75.0,1.0,0.3715,1.0,44.0,2.15568,6199999.999999991,707.7625570776245,118904.1095890409,0.5499999999999998,0.4500000000000002,5.09402239276368,1.3447602383766755,3.749262154387005,128847.13984570136,128847.13984570136,88344.4728073427,0.0,0.0,40502.66703835865,0.0,40502.66703835865,0.0,0.0,39.69641223735025,39.69641223735025,27.217977951635966,0.0,0.0,12.478434285714288,0.0,44.72992479999991,18.33848061394925,13.497343755793217,97.92368079314338,102.76481765129942,0.43526496540651743,0.1784509624312788,0.3862840721622038,10035261.737135554,749852.430877401,10785114.168012954,14.622079999999974,6.938729584599987,2.450084999999995,24.010894584599956,7.626505919999985,0.38877897142857065,0.0,2.964285714285715,13.031323978885682,15.442720000000001,0.0,0.0,16.574970588919285,0.8216165149618851,0.2168968126413996,182.04853952392673,1.6185906027638015,1630.13544,25000.0,500.0,0.0,0.0,0.0,9.094947017729282e-13,2.2737367544323206e-13,3.765876499528531e-13,False,4.547473508864641e-13,0.6069471270547887,12.138942541095773,-0.5092115918333302,5.092115918333302,2.8758444804523866,28.758444804523865,-0.24915080930980216,2.4915080930980213,0.0013243604023761577,0.013243604023761577,-1.0,0.6666666666666666,A,S33_CAND_001_CALIBRATION_ANCHOR,deterministic_block_a_sparse_grid,low_hsm_low_pellet,true,true,,4.89,0.0417223707083191,1.23,0.09330100681030527,151673.52,-0.1504968049419479,9107793.17,0.10183241426589772,102.1941,0.00558464384244705,1.5426,1.6069471270547886,0.041713423476460926,0.4489,0.49078840816666985,0.09331345102844694,4.5625,3.8758444804523866,-0.15049983990084678,0.6815,0.7508491906901978,0.10175963417490513,0.9958,1.0013243604023763,0.005547660576798804,S3.3h phased C1 boundary and C0-preserving shared-parameter diagnostic,true,false,false,false,false,false,false,0.08580602440750727,0.0785874481137834,0.1504968049419479,false,false,false,true,22826.380154298633,0.11476023837667548,0.2040223927636804,2.964285714285715,1.3447602383766755,0.401,0.0854487915374499,0.172,0.037505595530690834,0.427,-0.09535346097844545,7.936,1.50672,3.0,3.0,1.0,15.44272,12.44272,true,
S33H_A_104,block_a_vattenfall_lhv_interface_diagnostic,C1_phase1_hybrid_BF_BOF_NG_DRP_EAF,168.0,6200000.0,0.5033645161290323,optimal,ok,appsi_highs,2.099028,not_reported_by_solver,65396666.45683329,62.54327667,0.17934537,1,false,normal_flare_above_admissible_limit;outside_calibration_tolerance,3.85,1.0,0.0,1.0,1600.0,365.0,75.0,1.0,0.3715,0.75,44.0,2.15568,6199999.999999992,707.7625570776246,118904.10958904093,0.5033645161290328,0.49663548387096723,5.295274444177188,0.9800729461392209,4.3152014980379665,151137.74362687697,151137.74362687697,97500.0000000003,0.0,0.0,53637.74362687663,0.0,53637.74362687663,0.0,0.0,46.56390652380962,46.56390652380962,30.0386970000001,0.0,0.0,16.525209523809526,0.0,40.93719446079998,19.062987999037876,15.53472539293668,103.03582637754629,106.56408898364748,0.3841556273904044,0.17888754251878547,0.4369568300908101,9844639.738953868,863040.2996075936,10707680.038561461,13.382247679999997,6.350382290731597,2.2423379099999994,21.974967880731594,6.979840840319998,0.3558137069714284,0.0,1.9761904761904767,9.497342142937269,18.5014,3.165780714312421,0.1440630417070273,17.1877562876851,0.8540765232543862,0.15807628163535842,213.5430055115232,1.5878451191861098,1630.13544,25000.0,500.0,0.0,0.0,0.0,9.094947017729282e-13,2.8240126286820873e-13,2.2026824808563106e-13,False,4.547473508864641e-13,0.6704335786047914,13.408671572095827,-0.6423091437448099,6.4230914374480985,3.5463670371399565,35.463670371399566,-0.26341335440444774,2.6341335440444773,0.038343867893424546,0.38343867893424544,6.203152085351364,4.135434723567577,A,S33_CAND_001_CALIBRATION_ANCHOR,deterministic_block_a_vattenfall_fraction_cases,central_hsm_central_pellet,true,true,,4.89,0.08287820944318788,1.23,-0.20319272671608055,151673.52,-0.0035324318518026253,9107793.17,0.0809028658425132,102.1941,0.042761656334832185,1.5426,1.6704335786047912,0.08286890872863431,0.4489,0.3576908562551901,-0.20318365726177307,4.5625,4.546367037139957,-0.0035359918597354665,0.6815,0.7365866455955522,0.08083146822531505,0.9958,1.0383438678934245,0.04272330577769076,S3.3h phased C1 boundary and C0-preserving shared-parameter diagnostic,true,false,false,false,false,false,false,0.086105078245393,0.08265357803768328,0.20319272671608055,false,false,false,true,535.7763731230225,-0.24992705386077907,0.4052744441771887,1.9761904761904767,0.9800729461392209,0.401,-0.04200591673215872,0.172,0.04004385185340398,0.427,0.023318103257166534,8.618,1.8834,6.0,2.0,0.75,18.5014,16.5014,true,
S33H_A_110,block_a_vattenfall_lhv_interface_diagnostic,C1_phase1_hybrid_BF_BOF_NG_DRP_EAF,168.0,6200000.0,0.55,optimal,ok,appsi_highs,2.044936,not_reported_by_solver,64213948.93591761,55.84787191,0.17934537,1,false,normal_flare_above_admissible_limit;outside_calibration_tolerance,3.85,1.0,0.0,1.0,1600.0,365.0,75.0,1.0,0.3715,0.75,44.0,2.15568,6199999.999999992,707.7625570776246,118904.10958904093,0.5499999999999993,0.4500000000000006,5.094022392763684,1.0850446331475854,4.008977759616099,135490.58998317865,135490.58998317865,88344.47280734281,0.0,0.0,47146.11717583584,0.0,47146.11717583584,0.0,0.0,41.743187475445524,41.743187475445524,27.217977951636005,0.0,0.0,14.525209523809524,0.0,44.72992479999988,18.33848061394926,14.432319934617958,100.90543221006337,104.81159288939467,0.4267650511446989,0.17496614743086147,0.39826880142443954,10150085.827992696,801795.5519232197,10951881.379915917,14.622079999999965,6.938729584599982,2.450084999999994,24.010894584599942,7.62650591999998,0.38877897142857043,0.0,1.9761904761904767,10.514564412735687,16.5014,3.504854804245227,0.1459693553647586,16.905095627321742,0.8216165149618856,0.17500719889477206,191.43509165365268,1.6371106174181789,1630.13544,25000.0,500.0,0.0,0.0,0.0,9.094947017729282e-13,1.687144251465927e-13,1.7763568394002505e-13,False,4.547473508864641e-13,0.6069471270547898,12.138942541095796,-0.6039983090702243,6.039983090702243,3.075685777491166,30.75685777491166,-0.2405595460273726,2.4055954602737257,0.021267819195126058,0.21267819195126056,6.298467768237931,4.198978512158621,A,S33_CAND_001_CALIBRATION_ANCHOR,deterministic_block_a_vattenfall_fraction_cases,central_hsm_central_pellet,true,true,,4.89,0.04172237070831983,1.23,-0.11784989174993059,151673.52,-0.10669581622963151,9107793.17,0.11443964948895478,102.1941,0.025612955047254863,1.5426,1.60694712705479,0.041713423476461786,0.4489,0.39600169092977566,-0.11783985090270518,4.5625,4.075685777491167,-0.10669900767316898,0.6815,0.7594404539726274,0.11436603664362052,0.9958,1.021267819195126,0.02557523518289424,S3.3h phased C1 boundary and C0-preserving shared-parameter diagnostic,true,false,false,false,false,false,false,0.0864322562023121,0.08126413664481832,0.11784989174993059,false,false,true,true,16182.930016821338,-0.1449553668524146,0.20402239276368395,1.9761904761904767,1.0850446331475854,0.401,0.06425199786707955,0.172,0.01724504320268307,0.427,-0.06728617933386521,8.618,1.8834,4.0,2.0,0.75,16.5014,14.5014,true,
S33H_A_011,block_a_c1_only_boundary_diagnostic,C1_phase1_hybrid_BF_BOF_NG_DRP_EAF,168.0,6200000.0,0.5033645161290323,optimal,ok,appsi_highs,2.039047,not_reported_by_solver,63516344.439064205,52.60885076,0.22101204,2,false,outside_calibration_tolerance,3.85,1.0,0.0,1.0,1600.0,365.0,75.0,1.0,0.3715,1.0,44.0,2.15568,6199999.999999993,707.7625570776247,118904.10958904095,0.5033645161290328,0.4966354838709672,5.295274444177188,1.4087298673390674,3.8865445768381215,134870.03686563778,134870.03686563778,97500.0000000003,0.0,0.0,37370.036865637485,0.0,37370.036865637485,0.0,0.0,41.552001761904855,41.552001761904855,30.0386970000001,0.0,0.0,11.513304761904761,0.0,40.937194460799994,19.06298799903788,13.991560476617238,96.48075669932209,101.55218422174273,0.40311485936542935,0.18771617907708593,0.4091689615574847,9563471.881811013,777308.9153676244,10340780.797178637,13.38224768,6.350382290731599,2.2423379100000003,21.9749678807316,6.97984084032,0.35581370697142856,0.0,0.9880952380952384,13.651218095344932,12.5014,0.0,0.0,16.37938455189401,0.8540765232543862,0.2272144947321079,190.55831015209492,1.5424954648082299,1630.13544,25000.0,500.0,0.0,0.0,0.0,9.094947017729282e-13,2.2737367544323206e-13,2.4202861936828413e-13,False,5.684341886080801e-13,0.6704335786047914,13.408671572095827,-0.48586501192004844,4.858650119200484,3.057018949664576,30.57018949664576,-0.28445063908259205,2.8445063908259205,-0.010491350664942006,0.10491350664942005,-1.0,0.6666666666666666,A,S33_CAND_001_CALIBRATION_ANCHOR,deterministic_block_a_sparse_grid,central_hsm_central_pellet,true,true,,4.89,0.08287820944318788,1.23,0.14530883523501412,151673.52,-0.11078719037022552,9107793.17,0.05003173692085648,102.1941,-0.006281338925214578,1.5426,1.6704335786047912,0.08286890872863431,0.4489,0.5141349880799515,0.1453218714189162,4.5625,4.0570189496645765,-0.11079036719680514,0.6815,0.715549360917408,0.04996237845547756,0.9958,0.989508649335058,-0.006317885785240027,S3.3h phased C1 boundary and C0-preserving shared-parameter diagnostic,true,false,false,false,false,false,false,0.08722255394951972,0.07905746217889972,0.14530883523501412,false,false,true,true,16803.483134362206,0.17872986733906737,0.4052744441771887,0.9880952380952384,1.4087298673390674,0.401,0.005273963504811277,0.172,0.09137313416910434,0.427,-0.041758872230714915,8.618,1.8834,1.0,1.0,1.0,12.5014,11.5014,false,
S33H_A_079,block_a_c1_only_boundary_diagnostic,C1_phase1_hybrid_BF_BOF_NG_DRP_EAF,168.0,6200000.0,0.55,optimal,ok,appsi_highs,2.1189,not_reported_by_solver,65053994.59932294,55.74971394,0.22101204,2,false,outside_calibration_tolerance,3.85,1.0,0.0,1.0,1600.0,365.0,75.0,1.0,0.3715,1.0,44.0,2.15568,6199999.999999993,707.7625570776247,118904.10958904095,0.5499999999999998,0.4500000000000001,5.094022392763682,1.0388624209163586,4.055159971847322,145573.0565143619,145573.0565143619,88344.47280734272,0.0,0.0,57228.58370701918,0.0,57228.58370701918,0.0,0.0,44.84948652306455,44.84948652306455,27.217977951635977,0.0,0.0,17.631508571428576,0.0,44.72992479999992,18.338480613949255,14.598575898650362,104.17798722171483,107.91789193701374,0.41448108369376363,0.1699299373328429,0.4155889789733935,10324349.20456413,811031.9943694646,11135381.198933594,14.622079999999979,6.9387295845999875,2.450084999999996,24.010894584599964,7.626505919999987,0.3887789714285709,0.0,5.928571428571427,10.067038264599978,23.56008,0.0,0.0,17.40611160274417,0.821616514961885,0.16755845498650968,205.68064113964707,1.6652176136393777,1630.13544,25000.0,500.0,0.0,0.0,0.0,9.094947017729282e-13,2.5579538487363607e-13,2.8421709430404007e-13,False,5.115907697472721e-13,0.6069471270547893,12.138942541095785,-0.6208531310524239,6.208531310524239,3.3789759576304363,33.78975957630436,-0.22752097078210445,2.2752097078210443,0.051535112790000996,0.5153511279000099,-1.0,0.6666666666666666,A,S33_CAND_001_CALIBRATION_ANCHOR,deterministic_block_a_sparse_grid,high_hsm_high_pellet,true,true,,4.89,0.04172237070831947,1.23,-0.15539640575905803,151673.52,-0.04022101870938373,9107793.17,0.13357308536290904,102.1941,0.05600902534504173,1.5426,1.6069471270547893,0.041713423476461356,0.4489,0.3791468689475761,-0.155386792275393,4.5625,4.378975957630437,-0.04022444764264399,0.6815,0.7724790292178956,0.13349820868363255,0.9958,1.051535112790001,0.05597018757782786,S3.3h phased C1 boundary and C0-preserving shared-parameter diagnostic,true,false,false,false,false,false,false,0.08745510301982214,0.0853843811769424,0.15539640575905803,false,false,false,true,6100.463485638087,-0.19113757908364137,0.20402239276368217,5.928571428571427,1.0388624209163586,0.401,0.03361866257796411,0.172,-0.012035248064866808,0.427,-0.026723702638422754,9.3,2.26008,6.0,6.0,1.0,23.56008,17.56008,true,
S33H_A_089,block_a_c1_only_boundary_diagnostic,C1_phase1_hybrid_BF_BOF_NG_DRP_EAF,168.0,6200000.0,0.55,optimal,ok,appsi_highs,2.085117,not_reported_by_solver,64960428.94998928,55.36104222,0.22101204,2,false,outside_calibration_tolerance,3.85,1.0,0.0,1.0,1600.0,365.0,75.0,1.0,0.3715,1.0,44.0,2.15568,6199999.999999993,707.7625570776247,118904.10958904095,0.5499999999999998,0.4500000000000001,5.094022392763682,1.0388624209163586,4.055159971847322,144350.42358857286,144350.42358857286,88344.47280734272,0.0,0.0,56005.95078123015,0.0,56005.95078123015,0.0,0.0,44.47280652306455,44.47280652306455,27.217977951635977,0.0,0.0,17.254828571428575,0.0,44.72992479999992,18.338480613949255,14.598575898650362,103.80130722171482,107.54121193701373,0.41593286884471775,0.1705251436508824,0.41354198750439985,10303217.45656413,811031.9943694646,11114249.450933594,14.622079999999979,6.9387295845999875,2.450084999999996,24.010894584599964,7.626505919999987,0.3887789714285709,0.0,5.928571428571427,10.067038264599978,23.1834,0.0,0.0,17.34535676403449,0.821616514961885,0.16755845498650968,203.95317913482256,1.661809267187765,1630.13544,25000.0,500.0,0.0,0.0,0.0,9.094947017729282e-13,2.5579538487363607e-13,2.8421709430404007e-13,False,5.115907697472721e-13,0.6069471270547893,12.138942541095785,-0.6208531310524239,6.208531310524239,3.3421979966860675,33.421979966860675,-0.22910207113596506,2.2910207113596504,0.04786480160085245,0.47864801600852447,-1.0,0.6666666666666666,A,S33_CAND_001_CALIBRATION_ANCHOR,deterministic_block_a_sparse_grid,high_hsm_central_pellet,true,true,,4.89,0.04172237070831947,1.23,-0.15539640575905803,151673.52,-0.048281970454876595,9107793.17,0.1312529022399979,102.1941,0.05232309827097378,1.5426,1.6069471270547893,0.041713423476461356,0.4489,0.3791468689475761,-0.155386792275393,4.5625,4.3421979966860675,-0.04828537058935506,0.6815,0.770897928864035,0.13117817881736607,0.9958,1.0478648016008525,0.05228439606432263,S3.3h phased C1 boundary and C0-preserving shared-parameter diagnostic,true,false,false,false,false,false,false,0.08846932259003219,0.08579534948664516,0.15539640575905803,false,false,false,true,7323.096411427134,-0.19113757908364137,0.20402239276368217,5.928571428571427,1.0388624209163586,0.401,0.03723907442573,0.172,-0.008574746215799957,0.427,-0.03151759366651086,9.3,1.8834,6.0,6.0,1.0,23.1834,17.1834,true,
S33H_A_099,block_a_c1_only_boundary_diagnostic,C1_phase1_hybrid_BF_BOF_NG_DRP_EAF,168.0,6200000.0,0.55,optimal,ok,appsi_highs,2.064819,not_reported_by_solver,64884588.80967243,55.04600227,0.22101204,2,false,outside_calibration_tolerance,3.85,1.0,0.0,1.0,1600.0,365.0,75.0,1.0,0.3715,1.0,44.0,2.15568,6199999.999999993,707.7625570776247,118904.10958904095,0.5499999999999997,0.45000000000000023,5.094022392763682,1.0388624209163584,4.055159971847324,143359.411894557,143359.411894557,88344.47280734272,0.0,0.0,55014.93908721426,0.0,55014.93908721426,0.0,0.0,44.167486523064554,44.167486523064554,27.21797795163598,0.0,0.0,16.949508571428574,0.0,44.72992479999992,18.338480613949255,14.598575898650365,103.49598722171484,107.23589193701373,0.41711710502928045,0.17101065960938316,0.4118722353613364,10286089.004564129,811031.9943694648,11097120.998933593,14.622079999999977,6.9387295845999875,2.4500849999999956,24.01089458459996,7.626505919999987,0.3887789714285708,0.0,5.92857142857143,10.067038264599974,22.878080000000004,0.0,0.0,17.29611160274417,0.821616514961885,0.16755845498650962,202.55297551553562,1.6590466136393776,1630.13544,25000.0,500.0,0.0,0.0,0.0,1.3642420526593924e-12,2.2737367544323206e-13,2.0961010704922955e-13,False,5.115907697472721e-13,0.6069471270547893,12.138942541095785,-0.620853131052424,6.20853131052424,3.312387422629749,33.12387422629749,-0.2303836405318469,2.303836405318469,0.044889811125460095,0.44889811125460094,-1.0,0.6666666666666666,A,S33_CAND_001_CALIBRATION_ANCHOR,deterministic_block_a_sparse_grid,central_hsm_high_pellet,true,true,,4.89,0.04172237070831947,1.23,-0.15539640575905822,151673.52,-0.05481581824858408,9107793.17,0.12937226533045315,102.1941,0.04933545025606886,1.5426,1.6069471270547893,0.041713423476461356,0.4489,0.37914686894757604,-0.15538679227539312,4.5625,4.312387422629749,-0.054819195040054974,0.6815,0.7696163594681531,0.12929766613081894,0.9958,1.04488981112546,0.049296857928760866,S3.3h phased C1 boundary and C0-preserving shared-parameter diagnostic,true,false,false,false,false,false,false,0.08929140371771749,0.08612846206049676,0.15539640575905822,false,false,false,true,8314.108105442981,-0.1911375790836416,0.20402239276368217,5.92857142857143,1.0388624209163584,0.401,0.04019228186852975,0.172,-0.005751979015214081,0.427,-0.03542802023106232,8.618,2.26008,6.0,6.0,1.0,22.87808,16.87808,true,
S33H_A_069,block_a_c1_only_boundary_diagnostic,C1_phase1_hybrid_BF_BOF_NG_DRP_EAF,168.0,6200000.0,0.55,optimal,ok,appsi_highs,2.088608,not_reported_by_solver,64791023.16033878,54.65733055,0.22101204,2,false,outside_calibration_tolerance,3.85,1.0,0.0,1.0,1600.0,365.0,75.0,1.0,0.3715,1.0,44.0,2.15568,6199999.999999992,707.7625570776246,118904.10958904093,0.5499999999999995,0.45000000000000046,5.094022392763683,1.0388624209163575,4.055159971847325,142136.77896876802,142136.77896876802,88344.47280734278,0.0,0.0,53792.306161425244,0.0,53792.306161425244,0.0,0.0,43.79080652306456,43.79080652306456,27.217977951635994,0.0,0.0,16.572828571428573,0.0,44.7299247999999,18.338480613949258,14.59857589865037,103.11930722171483,106.85921193701371,0.41858744781278345,0.17161347422961115,0.4097990779576054,10264957.256564127,811031.994369465,11075989.250933591,14.62207999999997,6.938729584599985,2.4500849999999947,24.01089458459995,7.6265059199999845,0.38877897142857065,0.0,5.92857142857143,10.067038264599963,22.501400000000004,0.0,0.0,17.235356764034492,0.8216165149618855,0.16755845498650948,200.8255135107112,1.6556382671877645,1630.13544,25000.0,500.0,0.0,0.0,0.0,1.1368683772161603e-12,2.2737367544323206e-13,3.126388037344441e-13,False,4.547473508864641e-13,0.6069471270547896,12.13894254109579,-0.6208531310524243,6.2085313105242435,3.275609461685382,32.75609461685382,-0.23196474088570768,2.3196474088570764,0.0412194999363114,0.412194999363114,-1.0,0.6666666666666666,A,S33_CAND_001_CALIBRATION_ANCHOR,deterministic_block_a_sparse_grid,central_hsm_central_pellet,true,true,,4.89,0.04172237070831965,1.23,-0.15539640575905894,151673.52,-0.06287676999407656,9107793.17,0.12705208220754177,102.1941,0.04564952318200077,1.5426,1.6069471270547895,0.0417134234764615,0.4489,0.3791468689475757,-0.15538679227539387,4.5625,4.275609461685383,-0.06288011798676546,0.6815,0.7680352591142924,0.1269776362645523,0.9958,1.0412194999363114,0.045611066415255405,S3.3h phased C1 boundary and C0-preserving shared-parameter diagnostic,true,false,false,false,false,false,false,0.09030562328792757,0.08653943037019954,0.15539640575905894,false,false,false,true,9536.74103123197,-0.19113757908364248,0.20402239276368306,5.92857142857143,1.0388624209163575,0.401,0.043858972101704315,0.172,-0.0022472428510978766,0.427,-0.04028318979483512,8.618,1.8834,6.0,6.0,1.0,22.5014,16.5014,true,
S33H_A_102,block_a_vattenfall_lhv_interface_diagnostic,C1_phase1_hybrid_BF_BOF_NG_DRP_EAF,168.0,6200000.0,0.5033645161290323,optimal,ok,appsi_highs,1.93824,not_reported_by_solver,64899875.28483766,60.47960609,0.17934537,1,false,normal_flare_above_admissible_limit;outside_calibration_tolerance,3.85,1.0,0.0,1.0,1600.0,365.0,75.0,1.0,0.3715,0.75,44.0,2.15568,6199999.999999992,707.7625570776245,118904.10958904092,0.5033645161290331,0.4966354838709669,5.295274444177186,0.9800729461392218,4.315201498037964,144646.11717583606,144646.11717583606,97500.00000000023,0.0,0.0,47146.11717583584,0.0,47146.11717583584,0.0,0.0,44.5639065238096,44.5639065238096,30.038697000000074,0.0,0.0,14.525209523809524,0.0,40.93719446080001,19.06298799903787,15.534725392936672,101.03582637754629,104.56408898364747,0.3915033818847891,0.18230912911237707,0.4261874890028339,9732439.738953872,863040.2996075928,10595480.038561463,13.382247680000008,6.350382290731601,2.2423379100000007,21.974967880731608,6.979840840320002,0.35581370697142867,0.0,1.9761904761904767,9.497342142937276,16.5014,3.1657807143124237,0.14406304170702733,16.86517564252381,0.8540765232543861,0.15807628163535856,204.37096555811706,1.569748344992562,1630.13544,25000.0,500.0,0.0,0.0,0.0,9.094947017729282e-13,2.553058998778902e-13,2.4158453015843406e-13,False,2.2737367544323206e-13,0.6704335786047905,13.408671572095809,-0.6423091437448095,6.423091437448095,3.351092740950253,33.51092740950253,-0.2718082803567712,2.718082803567712,0.01885617972761536,0.1885617972761536,6.203152085351366,4.1354347235675775,A,S33_CAND_001_CALIBRATION_ANCHOR,deterministic_block_a_vattenfall_fraction_cases,central_hsm_central_pellet,true,true,,4.89,0.08287820944318734,1.23,-0.20319272671607982,151673.52,-0.04633243050048507,9107793.17,0.06858374551273123,102.1941,0.023191054900894077,1.5426,1.6704335786047906,0.08286890872863387,0.4489,0.3576908562551904,-0.20318365726177232,4.5625,4.351092740950254,-0.046335837599944425,0.6815,0.7281917196432288,0.0685131616188244,0.9958,1.0188561797276154,0.023153424108872687,S3.3h phased C1 boundary and C0-preserving shared-parameter diagnostic,true,false,false,false,false,false,false,0.09149012428027666,0.08483563341467551,0.20319272671607982,false,false,false,true,7027.402824163932,-0.24992705386077818,0.40527444417718606,1.9761904761904767,0.9800729461392218,0.401,-0.0236823394394287,0.172,0.05993679716498303,0.427,-0.0019028360589370397,8.618,1.8834,4.0,2.0,0.75,16.5014,14.5014,true,
S33H_A_108,block_a_vattenfall_lhv_interface_diagnostic,C1_phase1_hybrid_BF_BOF_NG_DRP_EAF,168.0,6200000.0,0.55,optimal,ok,appsi_highs,2.294797,not_reported_by_solver,63717157.76392198,53.78420133,0.17934537,1,false,normal_flare_above_admissible_limit;outside_calibration_tolerance,3.85,1.0,0.0,1.0,1600.0,365.0,75.0,1.0,0.3715,0.75,44.0,2.15568,6199999.999999992,707.7625570776246,118904.10958904093,0.5499999999999997,0.45000000000000034,5.094022392763682,1.085044633147586,4.008977759616097,128998.96353213777,128998.96353213777,88344.47280734274,0.0,0.0,40654.49072479504,0.0,40654.49072479504,0.0,0.0,39.7431874754455,39.7431874754455,27.217977951635984,0.0,0.0,12.525209523809524,0.0,44.72992479999991,18.338480613949255,14.432319934617947,98.90543221006337,102.81159288939467,0.43506693693697196,0.17836977424985428,0.38656328881317364,10037885.8279927,801795.5519232192,10839681.379915917,14.622079999999974,6.938729584599987,2.450084999999995,24.010894584599956,7.626505919999985,0.3887789714285707,0.0,1.9761904761904767,10.514564412735693,14.5014,3.5048548042452294,0.1459693553647586,16.582514982160454,0.8216165149618851,0.17500719889477218,182.2630517002465,1.619013843224631,1630.13544,25000.0,500.0,0.0,0.0,0.0,9.094947017729282e-13,2.5670330059155177e-13,2.984279490192421e-13,False,8.526512829121202e-13,0.6069471270547893,12.138942541095785,-0.6039983090702241,6.039983090702241,2.8804114813014636,28.804114813014635,-0.248954471979696,2.48954471979696,0.0017801310293170138,0.017801310293170138,6.298467768237931,4.198978512158621,A,S33_CAND_001_CALIBRATION_ANCHOR,deterministic_block_a_vattenfall_fraction_cases,central_hsm_central_pellet,true,true,,4.89,0.04172237070831947,1.23,-0.11784989174993005,151673.52,-0.14949581487831376,9107793.17,0.10212052915917283,102.1941,0.0060423536133168984,1.5426,1.6069471270547893,0.041713423476461356,0.4489,0.3960016909297759,-0.11783985090270468,4.5625,3.8804114813014636,-0.14949885341337785,0.6815,0.751045528020304,0.10204773003712987,0.9958,1.001780131029317,0.0060053535140761685,S3.3h phased C1 boundary and C0-preserving shared-parameter diagnostic,true,false,false,false,false,false,false,0.09181730223719582,0.08344619202181061,0.14949581487831376,false,false,true,true,22674.556467862218,-0.14495536685241395,0.20402239276368217,1.9761904761904767,1.085044633147586,0.401,0.08495495495504223,0.172,0.037033571220083134,0.427,-0.09469955781458161,8.618,1.8834,2.0,2.0,0.75,14.5014,12.5014,false,
S33H_A_075,block_a_c1_only_boundary_diagnostic,C1_phase1_hybrid_BF_BOF_NG_DRP_EAF,168.0,6200000.0,0.55,optimal,ok,appsi_highs,2.117869,not_reported_by_solver,64437600.4072884,54.21202507,0.22101204,2,false,outside_calibration_tolerance,3.85,1.0,0.0,1.0,1600.0,365.0,75.0,1.0,0.3715,1.0,44.0,2.15568,6199999.999999992,707.7625570776246,118904.10958904093,0.5499999999999995,0.45000000000000046,5.094022392763683,1.4467261775301146,3.6472962152335686,145418.49397981336,145418.49397981336,88344.47280734277,0.0,0.0,57074.02117247058,0.0,57074.02117247058,0.0,0.0,44.80186747544552,44.80186747544552,27.21797795163599,0.0,0.0,17.58388952380952,0.0,44.7299247999999,18.338480613949258,13.130266374840847,102.66205865028626,107.87027288939467,0.4146640552755805,0.17000495245574018,0.4153309922686794,10321677.775992699,729459.2430467138,11051137.019039413,14.62207999999997,6.938729584599985,2.4500849999999947,24.010894584599953,7.6265059199999845,0.38877897142857065,0.0,1.9761904761904747,14.019419216980923,19.56008,0.0,0.0,17.39843111119271,0.8216165149618855,0.2333429318596962,205.46225923599462,1.6647867380633408,1630.13544,25000.0,500.0,0.0,0.0,0.0,1.0516032489249483e-12,2.2737367544323206e-13,2.8421709430404007e-13,False,9.094947017729282e-13,0.6069471270547896,12.13894254109579,-0.47199774542696554,4.719977454269655,3.374326569625921,33.74326569625921,-0.22772084997144568,2.277208499714457,0.05107112021462442,0.5107112021462442,-1.0,0.6666666666666666,A,S33_CAND_001_CALIBRATION_ANCHOR,deterministic_block_a_sparse_grid,high_hsm_high_pellet,true,true,,4.89,0.04172237070831965,1.23,0.17620014433342648,151673.52,-0.04124006629625681,9107793.17,0.13327977297410445,102.1941,0.055543058644233506,1.5426,1.6069471270547895,0.0417134234764615,0.4489,0.5280022545730345,0.1762135321297271,4.5625,4.3743265696259215,-0.04124349158883913,0.6815,0.7722791500285543,0.13320491566919193,0.9958,1.0510711202146243,0.05550423801428432,S3.3h phased C1 boundary and C0-preserving shared-parameter diagnostic,true,false,false,false,false,false,false,0.0927842530451971,0.08959708259126818,0.17620014433342648,false,false,false,true,6255.026020186633,0.21672617753011458,0.20402239276368306,1.9761904761904747,1.4467261775301146,0.401,0.034074950811921335,0.172,-0.011599113629417464,0.427,-0.02732788695859618,9.3,2.26008,6.0,2.0,1.0,19.56008,17.56008,true,
S33H_A_059,block_a_c1_only_boundary_diagnostic,C1_phase1_hybrid_BF_BOF_NG_DRP_EAF,168.0,6200000.0,0.55,optimal,ok,appsi_highs,2.275899,not_reported_by_solver,64528051.721354626,53.56494717,0.22101204,2,false,outside_calibration_tolerance,3.85,1.0,0.0,1.0,1600.0,365.0,75.0,1.0,0.3715,1.0,44.0,2.15568,6199999.999999992,707.7625570776246,118904.10958904093,0.5499999999999997,0.4500000000000004,5.094022392763683,1.0388624209163577,4.055159971847325,138700.50142317405,138700.50142317405,88344.47280734275,0.0,0.0,50356.028615831296,0.0,50356.028615831296,0.0,0.0,42.73212652306455,42.73212652306455,27.217977951635984,0.0,0.0,15.514148571428573,0.0,44.72992479999991,18.338480613949255,14.598575898650369,102.06062722171482,105.80053193701373,0.42277599158602525,0.17333070333584627,0.40389330507812843,10205565.308564128,811031.9943694649,11016597.302933592,14.622079999999974,6.938729584599985,2.450084999999995,24.010894584599956,7.626505919999985,0.38877897142857076,0.0,5.92857142857143,10.067038264599967,21.442720000000005,0.0,0.0,17.064601925324816,0.8216165149618853,0.16755845498650954,195.9703858817752,1.6460589207361518,1630.13544,25000.0,500.0,0.0,0.0,0.0,1.1368683772161603e-12,2.2737367544323206e-13,3.126388037344441e-13,False,3.979039320256561e-13,0.6069471270547896,12.13894254109579,-0.6208531310524242,6.208531310524242,3.1722429657403253,31.72242965740325,-0.23640851098931062,2.364085109893106,0.03090388708262223,0.3090388708262223,-1.0,0.6666666666666666,A,S33_CAND_001_CALIBRATION_ANCHOR,deterministic_block_a_sparse_grid,low_hsm_low_pellet,true,true,,4.89,0.04172237070831965,1.23,-0.15539640575905875,151673.52,-0.08553252127876995,9107793.17,0.12053107905217487,102.1941,0.035290021018960234,1.5426,1.6069471270547895,0.0417134234764615,0.4489,0.37914686894757577,-0.15538679227539373,4.5625,4.172242965740326,-0.08553578833088751,0.6815,0.7635914890106894,0.12045706384547236,0.9958,1.0309038870826222,0.0352519452526834,S3.3h phased C1 boundary and C0-preserving shared-parameter diagnostic,true,false,false,false,false,false,false,0.09315614355603297,0.08769447956345669,0.15539640575905875,false,false,false,true,12973.01857682594,-0.19113757908364226,0.20402239276368306,5.92857142857143,1.0388624209163577,0.401,0.05430421841901552,0.172,0.007736647301431884,0.427,-0.05411403962967579,7.936,1.50672,6.0,6.0,1.0,21.44272,15.44272,true,
S33H_A_001,block_a_c1_only_boundary_diagnostic,C1_phase1_hybrid_BF_BOF_NG_DRP_EAF,168.0,6200000.0,0.5033645161290323,optimal,ok,appsi_highs,2.858993,not_reported_by_solver,63253373.000080034,51.72277963,0.22101204,2,false,outside_calibration_tolerance,3.85,1.0,0.0,1.0,1600.0,365.0,75.0,1.0,0.3715,1.0,44.0,2.15568,6199999.999999992,707.7625570776246,118904.10958904093,0.5033645161290329,0.4966354838709671,5.295274444177187,1.4087298673390674,3.8865445768381197,131433.7593200438,131433.7593200438,97500.00000000029,0.0,0.0,33933.75932004355,0.0,33933.75932004355,0.0,0.0,40.49332176190485,40.49332176190485,30.03869700000009,0.0,0.0,10.454624761904762,0.0,40.937194460799994,19.062987999037873,13.991560476617233,95.42207669932208,100.49350422174273,0.40736159792448406,0.1896937334076307,0.4029446686678853,9504079.933811013,777308.9153676239,10281388.849178636,13.38224768,6.350382290731599,2.2423379100000003,21.9749678807316,6.97984084032,0.3558137069714286,0.0,0.9880952380952384,13.651218095344932,11.442720000000001,0.0,0.0,16.20862971318433,0.8540765232543861,0.22721449473210792,185.70318252315894,1.532916118356617,1630.13544,25000.0,500.0,0.0,0.0,0.0,9.094947017729282e-13,2.55351295663786e-13,3.339550858072471e-13,False,3.979039320256561e-13,0.6704335786047908,13.408671572095816,-0.48586501192004844,4.858650119200484,2.9536524537195192,29.53652453719519,-0.28889440918619513,2.8889440918619513,-0.020806963518631462,0.2080696351863146,-1.0,0.6666666666666666,A,S33_CAND_001_CALIBRATION_ANCHOR,deterministic_block_a_sparse_grid,low_hsm_low_pellet,true,true,,4.89,0.08287820944318752,1.23,0.14530883523501412,151673.52,-0.1334429416549189,9107793.17,0.0435107337654894,102.1941,-0.016640841088255396,1.5426,1.6704335786047908,0.08286890872863402,0.4489,0.5141349880799515,0.1453218714189162,4.5625,3.9536524537195192,-0.1334460375409273,0.6815,0.7111055908138049,0.04344180603639747,0.9958,0.9791930364813686,-0.016677006947812257,S3.3h phased C1 boundary and C0-preserving shared-parameter diagnostic,true,false,false,false,false,false,false,0.09352624160530532,0.08435631223737307,0.14530883523501412,false,false,true,true,20239.760679956176,0.17872986733906737,0.40527444417718694,0.9880952380952384,1.4087298673390674,0.401,0.015864333976269428,0.172,0.1028705430676205,0.427,-0.05633567056701331,7.936,1.50672,1.0,1.0,1.0,11.44272,10.44272,false,
S33H_A_085,block_a_c1_only_boundary_diagnostic,C1_phase1_hybrid_BF_BOF_NG_DRP_EAF,168.0,6200000.0,0.55,optimal,ok,appsi_highs,2.12392,not_reported_by_solver,64344034.75795475,53.82335335,0.22101204,2,false,outside_calibration_tolerance,3.85,1.0,0.0,1.0,1600.0,365.0,75.0,1.0,0.3715,1.0,44.0,2.15568,6199999.999999992,707.7625570776246,118904.10958904093,0.5499999999999995,0.45000000000000046,5.094022392763683,1.4467261775301146,3.6472962152335686,144195.86105402434,144195.86105402434,88344.47280734277,0.0,0.0,55851.388246681556,0.0,55851.388246681556,0.0,0.0,44.42518747544551,44.42518747544552,27.21797795163599,0.0,0.0,17.20720952380952,0.0,44.7299247999999,18.338480613949258,13.130266374840847,102.28537865028626,107.49359288939468,0.41611712472970064,0.17060068531543648,0.41328218995486293,10300546.027992697,729459.2430467138,11030005.271039411,14.62207999999997,6.938729584599985,2.4500849999999947,24.010894584599953,7.6265059199999845,0.38877897142857065,0.0,1.9761904761904747,14.019419216980923,19.1834,0.0,0.0,17.337676272483034,0.8216165149618855,0.2333429318596962,203.73479723117012,1.6613783916117275,1630.13544,25000.0,500.0,0.0,0.0,0.0,1.0516032489249483e-12,2.2737367544323206e-13,2.8421709430404007e-13,False,9.094947017729282e-13,0.6069471270547896,12.13894254109579,-0.47199774542696554,4.719977454269655,3.337548608681553,33.37548608681553,-0.22930195032530643,2.2930195032530643,0.04740080902547601,0.4740080902547601,-1.0,0.6666666666666666,A,S33_CAND_001_CALIBRATION_ANCHOR,deterministic_block_a_sparse_grid,high_hsm_central_pellet,true,true,,4.89,0.04172237070831965,1.23,0.17620014433342648,151673.52,-0.04930101804174948,9107793.17,0.13095958985119308,102.1941,0.0518571315701657,1.5426,1.6069471270547895,0.0417134234764615,0.4489,0.5280022545730345,0.1762135321297271,4.5625,4.337548608681553,-0.04930441453555,0.6815,0.7706980496746936,0.1308848858029253,0.9958,1.047400809025476,0.05181844650077931,S3.3h phased C1 boundary and C0-preserving shared-parameter diagnostic,true,false,false,false,false,false,false,0.09379847261540707,0.09000805090097089,0.17620014433342648,false,false,false,true,7477.658945975651,0.21672617753011458,0.20402239276368306,1.9761904761904747,1.4467261775301146,0.401,0.03769856541072472,0.172,-0.008135550491648267,0.427,-0.03212601884107039,9.3,1.8834,6.0,2.0,1.0,19.1834,17.1834,true,
S33H_A_095,block_a_c1_only_boundary_diagnostic,C1_phase1_hybrid_BF_BOF_NG_DRP_EAF,168.0,6200000.0,0.55,optimal,ok,appsi_highs,1.777162,not_reported_by_solver,64268194.61763789,53.5083134,0.22101204,2,false,outside_calibration_tolerance,3.85,1.0,0.0,1.0,1600.0,365.0,75.0,1.0,0.3715,1.0,44.0,2.15568,6199999.999999992,707.7625570776246,118904.10958904093,0.5499999999999997,0.4500000000000003,5.094022392763682,1.4467261775301146,3.6472962152335673,143204.8493600084,143204.8493600084,88344.47280734272,0.0,0.0,54860.376552665664,0.0,54860.376552665664,0.0,0.0,44.1198674754455,44.1198674754455,27.21797795163598,0.0,0.0,16.901889523809523,0.0,44.72992479999991,18.338480613949255,13.130266374840842,101.98005865028625,107.18827288939467,0.4173024118613776,0.17108663214372663,0.4116109559948957,10283417.5759927,729459.2430467135,11012876.819039414,14.622079999999974,6.938729584599987,2.4500849999999956,24.010894584599956,7.626505919999985,0.3887789714285707,0.0,1.9761904761904767,14.019419216980923,18.87808,0.0,0.0,17.28843111119271,0.8216165149618851,0.2333429318596962,202.33459361188312,1.6586157380633408,1630.13544,25000.0,500.0,0.0,0.0,0.0,1.3642420526593924e-12,3.410605131648481e-13,3.268496584496461e-13,False,3.410605131648481e-13,0.6069471270547893,12.138942541095785,-0.47199774542696554,4.719977454269655,3.307738034625232,33.07738034625232,-0.23058351972118799,2.30583519721188,0.04442581855008351,0.4442581855008351,-1.0,0.6666666666666666,A,S33_CAND_001_CALIBRATION_ANCHOR,deterministic_block_a_sparse_grid,central_hsm_high_pellet,true,true,,4.89,0.04172237070831947,1.23,0.17620014433342648,151673.52,-0.05583486583545754,9107793.17,0.12907895294164873,102.1941,0.04886948355526064,1.5426,1.6069471270547893,0.041713423476461356,0.4489,0.5280022545730345,0.1762135321297271,4.5625,4.307738034625232,-0.0558382389862505,0.6815,0.769416480278812,0.12900437311637863,0.9958,1.0444258185500834,0.04883090836521732,S3.3h phased C1 boundary and C0-preserving shared-parameter diagnostic,true,false,false,false,false,false,false,0.09462055374309247,0.09034116347482257,0.17620014433342648,false,false,false,true,8468.670639991586,0.21672617753011458,0.20402239276368217,1.9761904761904767,1.4467261775301146,0.401,0.040654393669270816,0.172,-0.005310278234147419,0.427,-0.0360399157028203,8.618,2.26008,6.0,2.0,1.0,18.87808,16.87808,true,
S33H_A_065,block_a_c1_only_boundary_diagnostic,C1_phase1_hybrid_BF_BOF_NG_DRP_EAF,168.0,6200000.0,0.55,optimal,ok,appsi_highs,1.738541,not_reported_by_solver,64174628.96830423,53.11964168,0.22101204,2,false,outside_calibration_tolerance,3.85,1.0,0.0,1.0,1600.0,365.0,75.0,1.0,0.3715,1.0,44.0,2.15568,6199999.999999992,707.7625570776246,118904.10958904093,0.5499999999999997,0.4500000000000003,5.094022392763682,1.4467261775301146,3.6472962152335673,141982.2164342194,141982.2164342194,88344.47280734272,0.0,0.0,53637.74362687663,0.0,53637.74362687663,0.0,0.0,43.7431874754455,43.7431874754455,27.21797795163598,0.0,0.0,16.525209523809526,0.0,44.72992479999991,18.338480613949255,13.130266374840842,101.60337865028626,106.81159288939467,0.41877406365729003,0.17168998343596542,0.40953595290674455,10262285.8279927,729459.2430467135,10991745.071039414,14.622079999999974,6.938729584599987,2.4500849999999956,24.010894584599956,7.626505919999985,0.3887789714285707,0.0,1.9761904761904767,14.019419216980923,18.5014,0.0,0.0,17.227676272483034,0.8216165149618851,0.2333429318596962,200.60713160705862,1.6552073916117278,1630.13544,25000.0,500.0,0.0,0.0,0.0,1.3642420526593924e-12,3.410605131648481e-13,3.268496584496461e-13,False,3.410605131648481e-13,0.6069471270547893,12.138942541095785,-0.47199774542696554,4.719977454269655,3.270960073680864,32.70960073680864,-0.23216462007504862,2.321646200750486,0.040755507360935105,0.407555073609351,-1.0,0.6666666666666666,A,S33_CAND_001_CALIBRATION_ANCHOR,deterministic_block_a_sparse_grid,central_hsm_central_pellet,true,true,,4.89,0.04172237070831947,1.23,0.17620014433342648,151673.52,-0.06389581758095021,9107793.17,0.12675876981873757,102.1941,0.04518355648119283,1.5426,1.6069471270547893,0.041713423476461356,0.4489,0.5280022545730345,0.1762135321297271,4.5625,4.270960073680865,-0.06389916193296118,0.6815,0.7678353799249514,0.12668434325011216,0.9958,1.0407555073609351,0.04514511685171231,S3.3h phased C1 boundary and C0-preserving shared-parameter diagnostic,true,false,false,false,false,false,false,0.09563477331330249,0.09075213178452532,0.17620014433342648,false,false,false,true,9691.303565780603,0.21672617753011458,0.20402239276368217,1.9761904761904767,1.4467261775301146,0.401,0.044324348272543654,0.172,-0.0018024218839218916,0.427,-0.04089940771254202,8.618,1.8834,6.0,2.0,1.0,18.5014,16.5014,true,
S33H_A_100,block_a_vattenfall_lhv_interface_diagnostic,C1_phase1_hybrid_BF_BOF_NG_DRP_EAF,168.0,6200000.0,0.5033645161290323,optimal,ok,appsi_highs,1.645011,not_reported_by_solver,64403084.112842046,58.42856567,0.17934537,1,false,normal_flare_above_admissible_limit;outside_calibration_tolerance,3.85,1.0,0.0,1.0,1600.0,365.0,75.0,1.0,0.3715,0.75,44.0,2.15568,6199999.999999991,707.7625570776245,118904.1095890409,0.5033645161290325,0.4966354838709675,5.295274444177188,0.9800729461392202,4.315201498037968,138154.49072479535,138154.49072479535,97500.00000000033,0.0,0.0,40654.49072479504,0.0,40654.49072479504,0.0,0.0,42.56390652380963,42.56390652380963,30.038697000000106,0.0,0.0,12.525209523809524,0.0,40.93719446079996,19.062987999037876,15.534725392936684,99.03582637754627,102.56408898364747,0.39913769884239764,0.1858641576007878,0.4149981435568145,9620239.738953864,863040.2996075936,10483280.038561458,13.38224767999999,6.350382290731593,2.2423379099999985,21.974967880731583,6.979840840319993,0.3558137069714282,0.0,1.9761904761904767,9.497342142937264,14.5014,3.165780714312419,0.1440630417070273,16.54259499736252,0.8540765232543864,0.15807628163535833,195.19892560471118,1.5516515707990128,1630.13544,25000.0,500.0,0.0,0.0,0.0,9.094947017729282e-13,2.6913385100771034e-13,2.5579538487363607e-13,False,6.821210263296962e-13,0.6704335786047914,13.408671572095827,-0.6423091437448102,6.423091437448101,3.155818444760556,31.55818444760556,-0.2802032063090954,2.802032063090954,-0.0006315084381936857,0.006315084381936857,6.203152085351364,4.135434723567577,A,S33_CAND_001_CALIBRATION_ANCHOR,deterministic_block_a_vattenfall_fraction_cases,central_hsm_central_pellet,true,true,,4.89,0.08287820944318788,1.23,-0.2031927267160811,151673.52,-0.08913242914916616,9107793.17,0.05626462518294805,102.1941,0.0036204534669561127,1.5426,1.6704335786047912,0.08286890872863431,0.4489,0.35769085625518987,-0.20318365726177354,4.5625,4.155818444760556,-0.08913568334015202,0.6815,0.7197967936909045,0.05619485501233243,0.9958,0.9993684915618063,0.003583542440054504,S3.3h phased C1 boundary and C0-preserving shared-parameter diagnostic,true,false,false,false,false,false,false,0.09687517031516048,0.08701768879166785,0.2031927267160811,false,false,false,true,13519.029275204637,-0.24992705386077974,0.4052744441771887,1.9761904761904767,0.9800729461392202,0.401,-0.0046441425376618104,0.172,0.08060556744644085,0.427,-0.028107392138607648,8.618,1.8834,2.0,2.0,0.75,14.5014,12.5014,false,
S33H_A_074,block_a_c1_only_boundary_diagnostic,C1_phase1_hybrid_BF_BOF_NG_DRP_EAF,168.0,6200000.0,0.55,optimal,ok,appsi_highs,2.133994,not_reported_by_solver,63940809.235292785,52.14835449,0.22101204,2,false,outside_calibration_tolerance,3.85,1.0,0.0,1.0,1600.0,365.0,75.0,1.0,0.3715,1.0,44.0,2.15568,6199999.999999992,707.7625570776246,118904.10958904093,0.5499999999999995,0.45000000000000046,5.094022392763683,1.4467261775301146,3.6472962152335686,138926.86752877256,138926.86752877256,88344.47280734277,0.0,0.0,50582.39472142978,0.0,50582.39472142978,0.0,0.0,42.80186747544552,42.80186747544552,27.21797795163599,0.0,0.0,15.583889523809527,0.0,44.7299247999999,18.338480613949258,13.130266374840847,100.66205865028626,105.87027288939467,0.42249749225384897,0.17321652351938235,0.4042859842267687,10209477.775992699,729459.2430467138,10938937.019039413,14.62207999999997,6.938729584599985,2.4500849999999947,24.010894584599953,7.6265059199999845,0.38877897142857065,0.0,1.9761904761904747,14.019419216980923,17.56008,0.0,0.0,17.07585046603142,0.8216165149618855,0.2333429318596962,196.2902192825886,1.6466899638697923,1630.13544,25000.0,500.0,0.0,0.0,0.0,1.0516032489249483e-12,2.2737367544323206e-13,2.8421709430404007e-13,False,9.094947017729282e-13,0.6069471270547896,12.13894254109579,-0.47199774542696554,4.719977454269655,3.179052273436221,31.79052273436221,-0.23611577592376937,2.3611577592376936,0.03158343204881538,0.31583432048815374,-1.0,0.6666666666666666,A,S33_CAND_001_CALIBRATION_ANCHOR,deterministic_block_a_sparse_grid,high_hsm_high_pellet,true,true,,4.89,0.04172237070831965,1.23,0.17620014433342648,151673.52,-0.08404006494493849,9107793.17,0.12096065264432208,102.1941,0.035972457210295544,1.5426,1.6069471270547895,0.0417134234764615,0.4489,0.5280022545730345,0.1762135321297271,4.5625,4.179052273436222,-0.08404333732904731,0.6815,0.7638842240762307,0.12088660906270095,0.9958,1.0315834320488153,0.035934356345466247,S3.3h phased C1 boundary and C0-preserving shared-parameter diagnostic,true,false,false,false,false,false,false,0.0981692990800808,0.09177913796826045,0.17620014433342648,false,false,false,true,12746.652471227426,0.21672617753011458,0.20402239276368306,1.9761904761904747,1.4467261775301146,0.401,0.05360970636870062,0.172,0.007072811159199812,0.427,-0.053194416330752434,9.3,2.26008,4.0,2.0,1.0,17.56008,15.560080000000001,true,
S33H_A_055,block_a_c1_only_boundary_diagnostic,C1_phase1_hybrid_BF_BOF_NG_DRP_EAF,168.0,6200000.0,0.55,optimal,ok,appsi_highs,1.912317,not_reported_by_solver,63911657.52932007,52.0272583,0.22101204,2,false,outside_calibration_tolerance,3.85,1.0,0.0,1.0,1600.0,365.0,75.0,1.0,0.3715,1.0,44.0,2.15568,6199999.999999992,707.7625570776246,118904.10958904093,0.5499999999999997,0.4500000000000003,5.094022392763682,1.446726177530115,3.6472962152335664,138545.93888862545,138545.93888862545,88344.47280734272,0.0,0.0,50201.46608128271,0.0,50201.46608128271,0.0,0.0,42.6845074754455,42.6845074754455,27.21797795163598,0.0,0.0,15.466529523809527,0.0,44.729924799999914,18.338480613949255,13.130266374840838,100.54469865028626,105.75291288939466,0.4229663616621345,0.17340875171097353,0.40362488662689194,10202893.8799927,729459.2430467133,10932353.123039413,14.622079999999974,6.938729584599987,2.4500849999999956,24.010894584599956,7.626505919999985,0.3887789714285707,0.0,1.9761904761904747,14.019419216980925,17.44272,0.0,0.0,17.056921433773358,0.8216165149618851,0.23334293185969626,195.75200397812267,1.6456280451601148,1630.13544,25000.0,500.0,0.0,0.0,0.0,1.8189894035458565e-12,2.2737367544323206e-13,5.258016244624741e-13,False,5.115907697472721e-13,0.6069471270547893,12.138942541095785,-0.4719977454269654,4.719977454269653,3.167593577735808,31.67593577735808,-0.23660839017865168,2.3660839017865167,0.03043989450724565,0.30439894507245646,-1.0,0.6666666666666666,A,S33_CAND_001_CALIBRATION_ANCHOR,deterministic_block_a_sparse_grid,low_hsm_low_pellet,true,true,,4.89,0.04172237070831947,1.23,0.17620014433342684,151673.52,-0.08655156886564343,9107793.17,0.12023776666337048,102.1941,0.03482405431815201,1.5426,1.6069471270547893,0.041713423476461356,0.4489,0.5280022545730346,0.17621353212972732,4.5625,4.167593577735809,-0.08655483227708304,0.6815,0.7633916098213483,0.12016377083103207,0.9958,1.0304398945072457,0.034785995689140085,S3.3h phased C1 boundary and C0-preserving shared-parameter diagnostic,true,false,false,false,false,false,false,0.0984852935814079,0.09190718097778244,0.17620014433342684,false,false,false,true,13127.581111374544,0.21672617753011503,0.20402239276368217,1.9761904761904747,1.446726177530115,0.401,0.054778956763427686,0.172,0.008190416924264789,0.427,-0.054742654269573886,7.936,1.50672,6.0,2.0,1.0,17.44272,15.44272,true,
S33H_A_084,block_a_c1_only_boundary_diagnostic,C1_phase1_hybrid_BF_BOF_NG_DRP_EAF,168.0,6200000.0,0.55,optimal,ok,appsi_highs,2.086534,not_reported_by_solver,63847243.58595913,51.75968277,0.22101204,2,false,outside_calibration_tolerance,3.85,1.0,0.0,1.0,1600.0,365.0,75.0,1.0,0.3715,1.0,44.0,2.15568,6199999.999999992,707.7625570776246,118904.10958904093,0.5499999999999996,0.45000000000000046,5.094022392763683,1.4467261775301143,3.6472962152335686,137704.23460298352,137704.23460298352,88344.47280734277,0.0,0.0,49359.76179564075,0.0,49359.76179564075,0.0,0.0,42.42518747544552,42.42518747544552,27.21797795163599,0.0,0.0,15.207209523809524,0.0,44.7299247999999,18.338480613949255,13.130266374840847,100.28537865028626,105.49359288939468,0.4240060801313046,0.17383501795389922,0.4021589019147962,10188346.0279927,729459.2430467138,10917805.271039413,14.62207999999997,6.938729584599985,2.4500849999999947,24.010894584599953,7.6265059199999845,0.38877897142857065,0.0,1.9761904761904767,14.01941921698092,17.1834,0.0,0.0,17.01509562732174,0.8216165149618853,0.23334293185969618,194.5627572777641,1.6432816174181795,1630.13544,25000.0,500.0,0.0,0.0,0.0,1.1368683772161603e-12,2.2737367544323206e-13,2.0605739337042905e-13,False,5.684341886080801e-13,0.6069471270547896,12.13894254109579,-0.4719977454269656,4.719977454269656,3.1422743124918524,31.422743124918522,-0.23769687627762998,2.3769687627762996,0.027913120859666966,0.2791312085966696,-1.0,0.6666666666666666,A,S33_CAND_001_CALIBRATION_ANCHOR,deterministic_block_a_sparse_grid,high_hsm_central_pellet,true,true,,4.89,0.04172237070831965,1.23,0.17620014433342632,151673.52,-0.09210101669043134,9107793.17,0.1186404695214109,102.1941,0.03228653013622773,1.5426,1.6069471270547895,0.0417134234764615,0.4489,0.5280022545730344,0.17621353212972685,4.5625,4.142274312491852,-0.09210426027575838,0.6815,0.76230312372237,0.1185665791964343,0.9958,1.027913120859667,0.032248564831961236,S3.3h phased C1 boundary and C0-preserving shared-parameter diagnostic,true,false,false,false,false,false,false,0.09918351865029079,0.09219010627796319,0.17620014433342632,false,false,false,true,13969.285397016472,0.21672617753011436,0.20402239276368306,1.9761904761904767,1.4467261775301143,0.401,0.05737177090100888,0.172,0.01066870903429786,0.427,-0.05817587373584027,9.3,1.8834,4.0,2.0,1.0,17.1834,15.1834,true,
S33H_A_094,block_a_c1_only_boundary_diagnostic,C1_phase1_hybrid_BF_BOF_NG_DRP_EAF,168.0,6200000.0,0.55,optimal,ok,appsi_highs,2.052607,not_reported_by_solver,63771403.44564228,51.44464282,0.22101204,2,false,outside_calibration_tolerance,3.85,1.0,0.0,1.0,1600.0,365.0,75.0,1.0,0.3715,1.0,44.0,2.15568,6199999.999999992,707.7625570776246,118904.10958904093,0.5499999999999996,0.45000000000000046,5.094022392763683,1.4467261775301143,3.6472962152335686,136713.22290896764,136713.22290896764,88344.47280734277,0.0,0.0,48368.75010162486,0.0,48368.75010162486,0.0,0.0,42.11986747544552,42.11986747544552,27.21797795163599,0.0,0.0,14.901889523809524,0.0,44.7299247999999,18.338480613949255,13.130266374840847,99.98005865028625,105.18827288939465,0.4252368022719924,0.1743395923348998,0.40042360539310784,10171217.5759927,729459.2430467138,10900676.819039414,14.62207999999997,6.938729584599985,2.4500849999999947,24.010894584599953,7.6265059199999845,0.38877897142857065,0.0,1.9761904761904767,14.01941921698092,16.87808,0.0,0.0,16.96585046603142,0.8216165149618853,0.23334293185969618,193.16255365847712,1.6405189638697923,1630.13544,25000.0,500.0,0.0,0.0,0.0,1.1368683772161603e-12,2.2737367544323206e-13,2.0605739337042905e-13,False,5.684341886080801e-13,0.6069471270547896,12.13894254109579,-0.4719977454269656,4.719977454269656,3.112463738435533,31.12463738435533,-0.23897844567351167,2.3897844567351165,0.02493813038427433,0.2493813038427433,-1.0,0.6666666666666666,A,S33_CAND_001_CALIBRATION_ANCHOR,deterministic_block_a_sparse_grid,central_hsm_high_pellet,true,true,,4.89,0.04172237070831965,1.23,0.17620014433342632,151673.52,-0.09863486448413902,9107793.17,0.11675983261186637,102.1941,0.029298882121322537,1.5426,1.6069471270547895,0.0417134234764615,0.4489,0.5280022545730344,0.17621353212972685,4.5625,4.112463738435533,-0.09863808472645849,0.6815,0.7610215543264883,0.1166860665098875,0.9958,1.0249381303842744,0.02926102669639925,S3.3h phased C1 boundary and C0-preserving shared-parameter diagnostic,true,false,false,false,false,false,false,0.10000559977797609,0.09252321885181478,0.17620014433342632,false,false,false,true,14960.29709103235,0.21672617753011436,0.20402239276368306,1.9761904761904767,1.4467261775301143,0.401,0.06044090342142736,0.172,0.013602281016859325,0.427,-0.06223980001614087,8.618,2.26008,4.0,2.0,1.0,16.87808,14.87808,true,
S33H_A_073,block_a_c1_only_boundary_diagnostic,C1_phase1_hybrid_BF_BOF_NG_DRP_EAF,168.0,6200000.0,0.55,optimal,ok,appsi_highs,2.176181,not_reported_by_solver,63692413.64929498,51.11651919,0.22101204,2,false,outside_calibration_tolerance,3.85,1.0,0.0,1.0,1600.0,365.0,75.0,1.0,0.3715,1.0,44.0,2.15568,6199999.999999992,707.7625570776246,118904.10958904093,0.5499999999999995,0.45000000000000046,5.094022392763683,1.4467261775301146,3.6472962152335686,135681.05430325217,135681.05430325217,88344.47280734277,0.0,0.0,47336.581495909384,0.0,47336.581495909384,0.0,0.0,41.80186747544552,41.80186747544552,27.21797795163599,0.0,0.0,14.583889523809527,0.0,44.7299247999999,18.338480613949258,13.130266374840847,99.66205865028626,104.87027288939467,0.4265262554163083,0.1748682453920056,0.3986054991916862,10153377.775992699,729459.2430467138,10882837.019039413,14.62207999999997,6.938729584599985,2.4500849999999947,24.010894584599953,7.6265059199999845,0.38877897142857065,0.0,1.9761904761904747,14.019419216980923,16.560080000000003,0.0,0.0,16.914560143450775,0.8216165149618855,0.2333429318596962,191.70419930588557,1.6376415767730181,1630.13544,25000.0,500.0,0.0,0.0,0.0,1.0516032489249483e-12,2.2737367544323206e-13,2.8421709430404007e-13,False,9.094947017729282e-13,0.6069471270547896,12.13894254109579,-0.47199774542696554,4.719977454269655,3.0814151253413713,30.814151253413712,-0.2403132388999312,2.4031323889993117,0.021839587965910852,0.2183958796591085,-1.0,0.6666666666666666,A,S33_CAND_001_CALIBRATION_ANCHOR,deterministic_block_a_sparse_grid,high_hsm_high_pellet,true,true,,4.89,0.04172237070831965,1.23,0.17620014433342648,151673.52,-0.10544006426927932,9107793.17,0.11480109247943089,102.1941,0.02618715649332656,1.5426,1.6069471270547895,0.0417134234764615,0.4489,0.5280022545730345,0.1762135321297271,4.5625,4.081415125341372,-0.1054432601991514,0.6815,0.7596867611000688,0.11472745575945537,0.9958,1.0218395879659108,0.02614941551105721,S3.3h phased C1 boundary and C0-preserving shared-parameter diagnostic,true,false,false,false,false,false,false,0.10086182209752263,0.09287016565675657,0.17620014433342648,false,false,false,true,15992.465696747822,0.21672617753011458,0.20402239276368306,1.9761904761904747,1.4467261775301146,0.401,0.06365649729752684,0.172,0.016675845302358223,0.427,-0.06649765997263184,9.3,2.26008,3.0,2.0,1.0,16.56008,14.560080000000001,true,
S33H_A_064,block_a_c1_only_boundary_diagnostic,C1_phase1_hybrid_BF_BOF_NG_DRP_EAF,168.0,6200000.0,0.55,optimal,ok,appsi_highs,2.066219,not_reported_by_solver,63677837.79630862,51.0559711,0.22101204,2,false,outside_calibration_tolerance,3.85,1.0,0.0,1.0,1600.0,365.0,75.0,1.0,0.3715,1.0,44.0,2.15568,6199999.999999992,707.7625570776246,118904.10958904093,0.5499999999999996,0.45000000000000046,5.094022392763683,1.4467261775301143,3.6472962152335686,135490.58998317862,135490.58998317862,88344.47280734277,0.0,0.0,47146.11717583584,0.0,47146.11717583584,0.0,0.0,41.74318747544552,41.74318747544552,27.21797795163599,0.0,0.0,14.525209523809524,0.0,44.7299247999999,18.338480613949255,13.130266374840847,99.60337865028626,104.81159288939466,0.42676505114469915,0.17496614743086145,0.39826880142443943,10150085.827992698,729459.2430467138,10879545.071039412,14.62207999999997,6.938729584599985,2.4500849999999947,24.010894584599953,7.6265059199999845,0.38877897142857065,0.0,1.9761904761904767,14.01941921698092,16.5014,0.0,0.0,16.905095627321742,0.8216165149618853,0.23334293185969618,191.43509165365262,1.6371106174181793,1630.13544,25000.0,500.0,0.0,0.0,0.0,1.1368683772161603e-12,2.2737367544323206e-13,2.0605739337042905e-13,False,5.684341886080801e-13,0.6069471270547896,12.13894254109579,-0.4719977454269656,4.719977454269656,3.0756857774911652,30.75685777491165,-0.24055954602737245,2.4055954602737244,0.021267819195125923,0.21267819195125923,-1.0,0.6666666666666666,A,S33_CAND_001_CALIBRATION_ANCHOR,deterministic_block_a_sparse_grid,central_hsm_central_pellet,true,true,,4.89,0.04172237070831965,1.23,0.17620014433342632,151673.52,-0.1066958162296317,9107793.17,0.11443964948895499,102.1941,0.025612955047254724,1.5426,1.6069471270547895,0.0417134234764615,0.4489,0.5280022545730344,0.17621353212972685,4.5625,4.075685777491166,-0.10669900767316917,0.6815,0.7594404539726276,0.11436603664362086,0.9958,1.0212678191951259,0.025575235182894018,S3.3h phased C1 boundary and C0-preserving shared-parameter diagnostic,true,false,false,false,false,false,false,0.10101981934818606,0.09293418716151748,0.17620014433342632,false,false,false,true,16182.930016821367,0.21672617753011436,0.20402239276368306,1.9761904761904767,1.4467261775301143,0.401,0.06425199786708011,0.172,0.017245043202682907,0.427,-0.06728617933386548,8.618,1.8834,4.0,2.0,1.0,16.5014,14.5014,true,
S33H_A_083,block_a_c1_only_boundary_diagnostic,C1_phase1_hybrid_BF_BOF_NG_DRP_EAF,168.0,6200000.0,0.55,optimal,ok,appsi_highs,2.151745,not_reported_by_solver,63598847.99996132,50.72784748,0.22101204,2,false,outside_calibration_tolerance,3.85,1.0,0.0,1.0,1600.0,365.0,75.0,1.0,0.3715,1.0,44.0,2.15568,6199999.999999992,707.7625570776246,118904.10958904093,0.5499999999999996,0.4500000000000004,5.094022392763683,1.4467261775301146,3.647296215233568,134458.42137746312,134458.42137746312,88344.47280734275,0.0,0.0,46113.94857012036,0.0,46113.94857012036,0.0,0.0,41.42518747544551,41.42518747544551,27.217977951635984,0.0,0.0,14.207209523809526,0.0,44.7299247999999,18.338480613949255,13.130266374840845,99.28537865028625,104.49359288939468,0.42806380336970556,0.17549861294711475,0.3964375836831797,10132246.027992697,729459.2430467136,10861705.271039411,14.62207999999997,6.938729584599985,2.4500849999999947,24.010894584599953,7.6265059199999845,0.38877897142857065,0.0,1.9761904761904747,14.019419216980923,16.1834,0.0,0.0,16.853805304741098,0.8216165149618853,0.2333429318596962,189.97673730106104,1.6342332303214049,1630.13544,25000.0,500.0,0.0,0.0,0.0,1.3642420526593924e-12,2.531308496145357e-13,3.481659405224491e-13,False,2.2737367544323206e-13,0.6069471270547896,12.13894254109579,-0.47199774542696554,4.719977454269655,3.0446371643970025,30.446371643970025,-0.24189433925379197,2.4189433925379196,0.01816927677676244,0.18169276776762439,-1.0,0.6666666666666666,A,S33_CAND_001_CALIBRATION_ANCHOR,deterministic_block_a_sparse_grid,high_hsm_central_pellet,true,true,,4.89,0.04172237070831965,1.23,0.17620014433342648,151673.52,-0.1135010160147722,9107793.17,0.11248090935651951,102.1941,0.02250122941925875,1.5426,1.6069471270547895,0.0417134234764615,0.4489,0.5280022545730345,0.1762135321297271,4.5625,4.0446371643970025,-0.11350418314586247,0.6815,0.758105660746208,0.11240742589318856,0.9958,1.0181692767767625,0.0224636239975522,S3.3h phased C1 boundary and C0-preserving shared-parameter diagnostic,true,false,false,false,false,false,false,0.10187604166773266,0.09328113396645932,0.17620014433342648,false,false,false,true,17215.09862253687,0.21672617753011458,0.20402239276368306,1.9761904761904747,1.4467261775301146,0.401,0.06749078147058737,0.172,0.020340772948341627,0.427,-0.07157474547264701,9.3,1.8834,3.0,2.0,1.0,16.1834,14.1834,true,
S33H_A_019,block_a_c1_only_boundary_diagnostic,C1_phase1_hybrid_BF_BOF_NG_DRP_EAF,168.0,6200000.0,0.5033645161290323,optimal,ok,appsi_highs,2.31441,not_reported_by_solver,65528815.10909642,59.4803113,0.22101204,2,false,outside_calibration_tolerance,3.85,1.0,0.0,1.0,1600.0,365.0,75.0,1.0,0.3715,1.0,44.0,2.15568,6199999.999999993,707.7625570776247,118904.10958904095,0.5033645161290329,0.49663548387096706,5.295274444177188,0.8989001715718717,4.396374272605317,151292.30616142554,151292.30616142554,97500.0000000003,0.0,0.0,53792.306161425244,0.0,53792.306161425244,0.0,0.0,46.611525571428665,46.611525571428665,30.03869700000009,0.0,0.0,16.572828571428573,0.0,40.937194460799994,19.062987999037876,15.826947381379139,103.3756674136078,106.61170803126656,0.38398404093473615,0.1788076408404148,0.4372083182248489,9847311.1675253,879274.8545210633,10726586.022046363,13.38224768,6.350382290731599,2.2423379100000003,21.9749678807316,6.9798408403200005,0.35581370697142867,0.0,5.92857142857143,8.710741904868742,22.501400000000004,0.0,0.0,17.19543677923656,0.8540765232543861,0.14498389864062464,213.7613874151757,1.588275994762147,1630.13544,25000.0,500.0,0.0,0.0,0.0,1.1368683772161603e-12,2.2737367544323206e-13,2.2737367544323206e-13,False,3.979039320256561e-13,0.6704335786047914,13.408671572095827,-0.6719342439518717,6.719342439518717,3.5510164251444727,35.51016425144473,-0.2632134752151064,2.632134752151064,0.03880786046880126,0.3880786046880126,-1.0,0.6666666666666666,A,S33_CAND_001_CALIBRATION_ANCHOR,deterministic_block_a_sparse_grid,central_hsm_central_pellet,true,true,,4.89,0.08287820944318788,1.23,-0.2691868523805921,151673.52,-0.0025133842649293528,9107793.17,0.08119617823131801,102.1941,0.04322762303564054,1.5426,1.6704335786047912,0.08286890872863431,0.4489,0.3280657560481283,-0.26917853408748427,4.5625,4.551016425144473,-0.0025169479135401353,0.6815,0.7367865247848936,0.08112476123975583,0.9958,1.0388078604688014,0.04318925534123452,S3.3h phased C1 boundary and C0-preserving shared-parameter diagnostic,true,false,false,false,false,false,false,0.1024753942797381,0.09580044947113357,0.2691868523805921,false,false,false,true,381.21383857444744,-0.33109982842812824,0.4052744441771887,5.92857142857143,0.8989001715718717,0.401,-0.04243381313033385,0.172,0.0395793072117141,0.427,0.023907068442269114,8.618,1.8834,6.0,6.0,1.0,22.5014,16.5014,true,
S33H_A_093,block_a_c1_only_boundary_diagnostic,C1_phase1_hybrid_BF_BOF_NG_DRP_EAF,168.0,6200000.0,0.55,optimal,ok,appsi_highs,2.125352,not_reported_by_solver,63523007.85964447,50.41280752,0.22101204,2,false,outside_calibration_tolerance,3.85,1.0,0.0,1.0,1600.0,365.0,75.0,1.0,0.3715,1.0,44.0,2.15568,6199999.999999992,707.7625570776246,118904.10958904093,0.5499999999999996,0.45000000000000046,5.094022392763683,1.4467261775301143,3.6472962152335686,133467.40968344724,133467.40968344724,88344.47280734277,0.0,0.0,45122.93687610447,0.0,45122.93687610447,0.0,0.0,41.11986747544552,41.11986747544552,27.21797795163599,0.0,0.0,13.901889523809524,0.0,44.7299247999999,18.338480613949255,13.130266374840847,98.98005865028627,104.18827288939467,0.42931822900533906,0.1760129053431687,0.39466886565149223,10115117.5759927,729459.2430467138,10844576.819039414,14.62207999999997,6.938729584599985,2.4500849999999947,24.010894584599953,7.6265059199999845,0.38877897142857065,0.0,1.9761904761904767,14.01941921698092,15.878080000000002,0.0,0.0,16.804560143450775,0.8216165149618853,0.23334293185969618,188.5765336817741,1.631470576773018,1630.13544,25000.0,500.0,0.0,0.0,0.0,1.1368683772161603e-12,2.2737367544323206e-13,2.0605739337042905e-13,False,5.684341886080801e-13,0.6069471270547896,12.13894254109579,-0.4719977454269656,4.719977454269656,3.0148265903406832,30.14826590340683,-0.24317590864967353,2.431759086496735,0.015194286301369946,0.15194286301369944,-1.0,0.6666666666666666,A,S33_CAND_001_CALIBRATION_ANCHOR,deterministic_block_a_sparse_grid,central_hsm_high_pellet,true,true,,4.89,0.04172237070831965,1.23,0.17620014433342632,151673.52,-0.12003486380847986,9107793.17,0.11060027244697519,102.1941,0.01951358140435369,1.5426,1.6069471270547895,0.0417134234764615,0.4489,0.5280022545730344,0.17621353212972685,4.5625,4.014826590340683,-0.12003800759656258,0.6815,0.7568240913503265,0.11052691320664193,0.9958,1.0151942863013699,0.019476085861990216,S3.3h phased C1 boundary and C0-preserving shared-parameter diagnostic,true,false,false,false,false,false,false,0.10269812279541797,0.09361424654031095,0.17620014433342632,false,false,false,true,18206.110316552746,0.21672617753011436,0.20402239276368306,1.9761904761904767,1.4467261775301143,0.401,0.07061902495097015,0.172,0.023330845018422832,0.427,-0.07571694226816807,8.618,2.26008,3.0,2.0,1.0,15.87808,13.87808,true,
S33H_A_072,block_a_c1_only_boundary_diagnostic,C1_phase1_hybrid_BF_BOF_NG_DRP_EAF,168.0,6200000.0,0.55,optimal,ok,appsi_highs,2.158815,not_reported_by_solver,63444018.06329717,50.0846839,0.22101204,2,false,outside_calibration_tolerance,3.85,1.0,0.0,1.0,1600.0,365.0,75.0,1.0,0.3715,1.0,44.0,2.15568,6199999.999999992,707.7625570776246,118904.10958904093,0.5499999999999996,0.45000000000000046,5.094022392763683,1.4467261775301143,3.6472962152335686,132435.24107773177,132435.24107773177,88344.47280734277,0.0,0.0,44090.76827038898,0.0,44090.76827038898,0.0,0.0,40.80186747544552,40.80186747544552,27.21797795163599,0.0,0.0,13.583889523809527,0.0,44.7299247999999,18.338480613949255,13.130266374840847,98.66205865028627,103.87027288939467,0.43063259155610534,0.17655177081778559,0.39281563762610905,10097277.775992699,729459.2430467138,10826737.019039413,14.62207999999997,6.938729584599985,2.4500849999999947,24.010894584599953,7.6265059199999845,0.38877897142857065,0.0,1.9761904761904767,14.01941921698092,15.560080000000005,0.0,0.0,16.75326982087013,0.8216165149618853,0.23334293185969618,187.11817932918254,1.6285931896762438,1630.13544,25000.0,500.0,0.0,0.0,0.0,1.1368683772161603e-12,2.2737367544323206e-13,2.0605739337042905e-13,False,5.684341886080801e-13,0.6069471270547896,12.13894254109579,-0.4719977454269656,4.719977454269656,2.9837779772465214,29.83777977246521,-0.24451070187609306,2.4451070187609303,0.012095743883006329,0.12095743883006328,-1.0,0.6666666666666666,A,S33_CAND_001_CALIBRATION_ANCHOR,deterministic_block_a_sparse_grid,high_hsm_high_pellet,true,true,,4.89,0.04172237070831965,1.23,0.17620014433342632,151673.52,-0.12684006359362016,9107793.17,0.10864153231453971,102.1941,0.016401855776357575,1.5426,1.6069471270547895,0.0417134234764615,0.4489,0.5280022545730344,0.17621353212972685,4.5625,3.9837779772465214,-0.1268431830692556,0.6815,0.755489298123907,0.1085683024562098,0.9958,1.0120957438830063,0.016364474676648175,S3.3h phased C1 boundary and C0-preserving shared-parameter diagnostic,true,false,false,false,false,false,false,0.10355434511496443,0.09396119334525269,0.17620014433342632,false,false,false,true,19238.27892226822,0.21672617753011436,0.20402239276368306,1.9761904761904767,1.4467261775301143,0.401,0.07389673704764417,0.172,0.026463783824334886,0.427,-0.08005705473979144,9.3,2.26008,2.0,2.0,1.0,15.560080000000001,13.560080000000001,false,
S33H_A_063,block_a_c1_only_boundary_diagnostic,C1_phase1_hybrid_BF_BOF_NG_DRP_EAF,168.0,6200000.0,0.55,optimal,ok,appsi_highs,2.379786,not_reported_by_solver,63429442.21031082,50.02413581,0.22101204,2,false,outside_calibration_tolerance,3.85,1.0,0.0,1.0,1600.0,365.0,75.0,1.0,0.3715,1.0,44.0,2.15568,6199999.999999992,707.7625570776246,118904.10958904093,0.5499999999999996,0.45000000000000046,5.094022392763683,1.4467261775301143,3.6472962152335686,132244.77675765823,132244.77675765823,88344.47280734277,0.0,0.0,43900.303950315436,0.0,43900.303950315436,0.0,0.0,40.74318747544552,40.74318747544552,27.21797795163599,0.0,0.0,13.525209523809524,0.0,44.7299247999999,18.338480613949255,13.130266374840847,98.60337865028627,103.81159288939467,0.430876008690639,0.17665156755168818,0.3924724237576728,10093985.827992698,729459.2430467138,10823445.071039412,14.62207999999997,6.938729584599985,2.4500849999999947,24.010894584599953,7.6265059199999845,0.38877897142857065,0.0,1.9761904761904767,14.01941921698092,15.501400000000002,0.0,0.0,16.743805304741098,0.8216165149618853,0.23334293185969618,186.8490716769496,1.628062230321405,1630.13544,25000.0,500.0,0.0,0.0,0.0,1.1368683772161603e-12,2.2737367544323206e-13,2.0605739337042905e-13,False,5.684341886080801e-13,0.6069471270547896,12.13894254109579,-0.4719977454269656,4.719977454269656,2.9780486293963153,29.78048629396315,-0.24475700900353428,2.4475700900353425,0.011523975112221536,0.11523975112221536,-1.0,0.6666666666666666,A,S33_CAND_001_CALIBRATION_ANCHOR,deterministic_block_a_sparse_grid,central_hsm_central_pellet,true,true,,4.89,0.04172237070831965,1.23,0.17620014433342632,151673.52,-0.12809581555397254,9107793.17,0.10828008932406381,102.1941,0.015827654330285882,1.5426,1.6069471270547895,0.0417134234764615,0.4489,0.5280022545730344,0.17621353212972685,4.5625,3.9780486293963153,-0.12809893054327334,0.6815,0.7552429909964657,0.10820688334037527,0.9958,1.0115239751122216,0.015790294348485202,S3.3h phased C1 boundary and C0-preserving shared-parameter diagnostic,true,false,false,false,false,false,false,0.10371234236562793,0.09402521485001364,0.17620014433342632,false,false,false,true,19428.743242341763,0.21672617753011436,0.20402239276368306,1.9761904761904767,1.4467261775301143,0.401,0.0745037623207955,0.172,0.027043997393535992,0.427,-0.08086083429116445,8.618,1.8834,3.0,2.0,1.0,15.5014,13.5014,true,
S33H_A_054,block_a_c1_only_boundary_diagnostic,C1_phase1_hybrid_BF_BOF_NG_DRP_EAF,168.0,6200000.0,0.55,optimal,ok,appsi_highs,2.339124,not_reported_by_solver,63414866.357324466,49.96358771,0.22101204,2,false,outside_calibration_tolerance,3.85,1.0,0.0,1.0,1600.0,365.0,75.0,1.0,0.3715,1.0,44.0,2.15568,6199999.999999992,707.7625570776246,118904.10958904093,0.5499999999999996,0.45000000000000046,5.094022392763683,1.4467261775301143,3.6472962152335686,132054.31243758468,132054.31243758468,88344.47280734277,0.0,0.0,43709.83963024191,0.0,43709.83963024191,0.0,0.0,40.684507475445514,40.684507475445514,27.21797795163599,0.0,0.0,13.466529523809527,0.0,44.7299247999999,18.338480613949255,13.130266374840847,98.54469865028628,103.75291288939466,0.43111970116621245,0.17675147717056303,0.39212882166322455,10090693.8799927,729459.2430467138,10820153.123039413,14.62207999999997,6.938729584599985,2.4500849999999947,24.010894584599953,7.6265059199999845,0.38877897142857065,0.0,1.9761904761904767,14.01941921698092,15.442720000000001,0.0,0.0,16.734340788612066,0.8216165149618853,0.23334293185969618,186.57996402471665,1.6275312709665664,1630.13544,25000.0,500.0,0.0,0.0,0.0,1.1368683772161603e-12,2.2737367544323206e-13,2.0605739337042905e-13,False,5.684341886080801e-13,0.6069471270547896,12.13894254109579,-0.4719977454269656,4.719977454269656,2.9723192815461092,29.72319281546109,-0.2450033161309754,2.450033161309754,0.010952206341436605,0.10952206341436604,-1.0,0.6666666666666666,A,S33_CAND_001_CALIBRATION_ANCHOR,deterministic_block_a_sparse_grid,low_hsm_low_pellet,true,true,,4.89,0.04172237070831965,1.23,0.17620014433342632,151673.52,-0.12935156751432492,9107793.17,0.10791864633358811,102.1941,0.015253452884214048,1.5426,1.6069471270547895,0.0417134234764615,0.4489,0.5280022545730344,0.17621353212972685,4.5625,3.9723192815461097,-0.12935467801729103,0.6815,0.7549966838690246,0.10784546422454092,0.9958,1.0109522063414367,0.01521611402032201,S3.3h phased C1 boundary and C0-preserving shared-parameter diagnostic,true,false,false,false,false,false,false,0.10387033961629144,0.0940892363547746,0.17620014433342632,false,false,false,true,19619.207562415308,0.21672617753011436,0.20402239276368306,1.9761904761904767,1.4467261775301143,0.401,0.07511147422995619,0.172,0.02762486727071535,0.427,-0.08166552303694484,7.936,1.50672,4.0,2.0,1.0,15.44272,13.44272,true,
S33H_A_049,block_a_c1_only_boundary_diagnostic,C1_phase1_hybrid_BF_BOF_NG_DRP_EAF,168.0,6200000.0,0.5033645161290323,optimal,ok,appsi_highs,2.439259,not_reported_by_solver,65622380.75843008,59.86898301,0.22101204,2,false,outside_calibration_tolerance,3.85,1.0,0.0,1.0,1600.0,365.0,75.0,1.0,0.3715,1.0,44.0,2.15568,6199999.999999993,707.7625570776247,118904.10958904095,0.503364516129033,0.496635483870967,5.295274444177188,0.898900171571872,4.396374272605316,152514.93908721456,152514.93908721456,97500.00000000028,0.0,0.0,55014.93908721426,0.0,55014.93908721426,0.0,0.0,46.988205571428665,46.988205571428665,30.038697000000084,0.0,0.0,16.949508571428574,0.0,40.93719446080001,19.062987999037876,15.826947381379137,103.75234741360781,106.98838803126655,0.38263212685134035,0.17817810278127438,0.4391897703673852,9868442.9155253,879274.8545210632,10747717.770046365,13.382247680000006,6.3503822907316,2.2423379100000007,21.974967880731604,6.9798408403200005,0.35581370697142867,0.0,5.92857142857143,8.710741904868746,22.878080000000004,0.0,0.0,17.25619161794624,0.8540765232543861,0.14498389864062466,215.48884942000018,1.5916843412137602,1630.13544,25000.0,500.0,0.0,0.0,0.0,1.0231815394945443e-12,2.2737367544323206e-13,3.126388037344441e-13,False,3.410605131648481e-13,0.6704335786047914,13.408671572095827,-0.6719342439518715,6.719342439518715,3.5877943860888406,35.8779438608884,-0.26163237486124574,2.6163237486124573,0.04247817165794967,0.42478171657949665,-1.0,0.6666666666666666,A,S33_CAND_001_CALIBRATION_ANCHOR,deterministic_block_a_sparse_grid,central_hsm_high_pellet,true,true,,4.89,0.08287820944318788,1.23,-0.26918685238059187,151673.52,0.005547567480563318,9107793.17,0.08351636135422918,102.1941,0.04691355010970835,1.5426,1.6704335786047912,0.08286890872863431,0.4489,0.32806575604812843,-0.26917853408748404,4.5625,4.587794386088841,0.005543975033170543,0.6815,0.7383676251387542,0.08344479110602232,0.9958,1.0424781716579496,0.04687504685473953,S3.3h phased C1 boundary and C0-preserving shared-parameter diagnostic,true,false,false,false,false,false,false,0.10423495844980969,0.09760850815365613,0.26918685238059187,false,false,false,true,-841.41908721457,-0.331099828428128,0.4052744441771887,5.92857142857143,0.898900171571872,0.401,-0.04580516994678223,0.172,0.03591920221671161,0.427,0.028547471586382253,8.618,2.26008,6.0,6.0,1.0,22.87808,16.87808,true,
S33H_A_082,block_a_c1_only_boundary_diagnostic,C1_phase1_hybrid_BF_BOF_NG_DRP_EAF,168.0,6200000.0,0.55,optimal,ok,appsi_highs,2.173975,not_reported_by_solver,63350452.41396351,49.69601218,0.22101204,2,false,outside_calibration_tolerance,3.85,1.0,0.0,1.0,1600.0,365.0,75.0,1.0,0.3715,1.0,44.0,2.15568,6199999.999999992,707.7625570776246,118904.10958904093,0.5499999999999996,0.45000000000000046,5.094022392763683,1.4467261775301143,3.6472962152335686,131212.60815194272,131212.60815194272,88344.47280734277,0.0,0.0,42868.13534459995,0.0,42868.13534459995,0.0,0.0,40.42518747544551,40.42518747544551,27.21797795163599,0.0,0.0,13.207209523809524,0.0,44.7299247999999,18.338480613949255,13.130266374840847,98.28537865028628,103.49359288939468,0.4321999415732287,0.1771943566936351,0.3906057017331361,10076146.0279927,729459.2430467138,10805605.271039413,14.62207999999997,6.938729584599985,2.4500849999999947,24.010894584599953,7.6265059199999845,0.38877897142857065,0.0,1.9761904761904767,14.01941921698092,15.1834,0.0,0.0,16.692514982160453,0.8216165149618853,0.23334293185969618,185.390717324358,1.625184843224631,1630.13544,25000.0,500.0,0.0,0.0,0.0,1.1368683772161603e-12,2.2737367544323206e-13,2.0605739337042905e-13,False,5.684341886080801e-13,0.6069471270547896,12.13894254109579,-0.4719977454269656,4.719977454269656,2.9470000163021526,29.470000163021524,-0.24609180222995367,2.4609180222995364,0.008425432693857919,0.08425432693857919,-1.0,0.6666666666666666,A,S33_CAND_001_CALIBRATION_ANCHOR,deterministic_block_a_sparse_grid,high_hsm_central_pellet,true,true,,4.89,0.04172237070831965,1.23,0.17620014433342632,151673.52,-0.13490101533911303,9107793.17,0.10632134919162853,102.1941,0.012715928702289766,1.5426,1.6069471270547895,0.0417134234764615,0.4489,0.5280022545730344,0.17621353212972685,4.5625,3.9470000163021526,-0.13490410601596656,0.6815,0.7539081977700464,0.10624827258994331,0.9958,1.008425432693858,0.012678683163143164,S3.3h phased C1 boundary and C0-preserving shared-parameter diagnostic,true,false,false,false,false,false,false,0.10456856468517449,0.09437216165495546,0.17620014433342632,false,false,false,true,20460.911848057265,0.21672617753011436,0.20402239276368306,1.9761904761904767,1.4467261775301143,0.401,0.07780534058161769,0.172,0.03019974821880875,0.427,-0.08523254863434171,9.3,1.8834,2.0,2.0,1.0,15.1834,13.1834,false,
S33H_A_009,block_a_c1_only_boundary_diagnostic,C1_phase1_hybrid_BF_BOF_NG_DRP_EAF,168.0,6200000.0,0.5033645161290323,optimal,ok,appsi_highs,2.292712,not_reported_by_solver,65265843.67011227,58.38792791,0.22101204,2,false,outside_calibration_tolerance,3.85,1.0,0.0,1.0,1600.0,365.0,75.0,1.0,0.3715,1.0,44.0,2.15568,6199999.999999992,707.7625570776246,118904.10958904093,0.5033645161290323,0.49663548387096773,5.29527444417719,0.8989001715718699,4.39637427260532,147856.02861583172,147856.02861583172,97500.00000000041,0.0,0.0,50356.028615831296,0.0,50356.028615831296,0.0,0.0,45.552845571428705,45.552845571428705,30.038697000000127,0.0,0.0,15.514148571428573,0.0,40.937194460799944,19.062987999037883,15.826947381379153,102.3169874136078,105.55302803126652,0.3878353394909114,0.1806010528981804,0.43156360761090823,9787919.219525293,879274.8545210642,10667194.074046358,13.382247679999985,6.350382290731591,2.242337909999997,21.974967880731576,6.979840840319991,0.35581370697142817,0.0,5.92857142857143,8.710741904868726,21.442720000000005,0.0,0.0,17.024681940526882,0.8540765232543865,0.14498389864062436,208.90625978623993,1.5786966483105331,1630.13544,25000.0,500.0,0.0,0.0,0.0,1.0231815394945443e-12,2.2737367544323206e-13,3.268496584496461e-13,False,3.410605131648481e-13,0.6704335786047919,13.408671572095837,-0.6719342439518723,6.719342439518723,3.4476499291994203,34.4764992919942,-0.26765724531871005,2.6765724531871005,0.02849224761511153,0.28492247615111527,-1.0,0.6666666666666666,A,S33_CAND_001_CALIBRATION_ANCHOR,deterministic_block_a_sparse_grid,low_hsm_low_pellet,true,true,,4.89,0.08287820944318824,1.23,-0.2691868523805936,151673.52,-0.025169135549621795,9107793.17,0.0746751750759501,102.1941,0.032868120872599445,1.5426,1.670433578604792,0.08286890872863474,0.4489,0.32806575604812765,-0.26917853408748577,4.5625,4.447649929199421,-0.025172618257661216,0.6815,0.73234275468129,0.07460418882067492,0.9958,1.0284922476151115,0.032830134178661846,S3.3h phased C1 boundary and C0-preserving shared-parameter diagnostic,true,false,false,false,false,false,false,0.10532591454784347,0.09695549866439064,0.2691868523805936,false,false,false,true,3817.491384168272,-0.3310998284281301,0.4052744441771905,5.92857142857143,0.8989001715718699,0.401,-0.032829577329398,0.172,0.05000612150104894,0.427,0.010687605646155124,7.936,1.50672,6.0,6.0,1.0,21.44272,15.44272,true,
S33H_A_092,block_a_c1_only_boundary_diagnostic,C1_phase1_hybrid_BF_BOF_NG_DRP_EAF,168.0,6200000.0,0.55,optimal,ok,appsi_highs,2.116669,not_reported_by_solver,63274612.27364667,49.38097223,0.22101204,2,false,outside_calibration_tolerance,3.85,1.0,0.0,1.0,1600.0,365.0,75.0,1.0,0.3715,1.0,44.0,2.15568,6199999.999999992,707.7625570776246,118904.10958904093,0.5499999999999996,0.45000000000000046,5.094022392763683,1.4467261775301143,3.6472962152335686,130221.59645792682,130221.59645792682,88344.47280734277,0.0,0.0,41877.12365058406,0.0,41877.12365058406,0.0,0.0,40.11986747544551,40.11986747544551,27.21797795163599,0.0,0.0,12.901889523809524,0.0,44.7299247999999,18.338480613949255,13.130266374840847,97.98005865028625,103.18827288939467,0.4334787621452388,0.17771865058353953,0.3888025872712217,10059017.5759927,729459.2430467138,10788476.819039414,14.62207999999997,6.938729584599985,2.4500849999999947,24.010894584599953,7.6265059199999845,0.38877897142857065,0.0,1.9761904761904767,14.01941921698092,14.87808,0.0,0.0,16.643269820870128,0.8216165149618853,0.23334293185969618,183.99051370507104,1.6224221896762439,1630.13544,25000.0,500.0,0.0,0.0,0.0,1.1368683772161603e-12,2.2737367544323206e-13,2.0605739337042905e-13,False,5.684341886080801e-13,0.6069471270547896,12.13894254109579,-0.4719977454269656,4.719977454269656,2.9171894422458324,29.171894422458323,-0.24737337162583536,2.4737337162583537,0.0054504422184654235,0.05450442218465423,-1.0,0.6666666666666666,A,S33_CAND_001_CALIBRATION_ANCHOR,deterministic_block_a_sparse_grid,central_hsm_high_pellet,true,true,,4.89,0.04172237070831965,1.23,0.17620014433342632,151673.52,-0.1414348631328209,9107793.17,0.104440712282084,102.1941,0.009728280687384709,1.5426,1.6069471270547895,0.0417134234764615,0.4489,0.5280022545730344,0.17621353212972685,4.5625,3.9171894422458324,-0.14143793046666686,0.6815,0.7526266283741646,0.10436775990339635,0.9958,1.0054504422184654,0.009691145027581179,S3.3h phased C1 boundary and C0-preserving shared-parameter diagnostic,true,false,false,false,false,false,false,0.10539064581285985,0.09470527422880712,0.17620014433342632,false,false,false,true,21451.92354207317,0.21672617753011436,0.20402239276368306,1.9761904761904767,1.4467261775301143,0.401,0.08099441931480987,0.172,0.03324796850895083,0.427,-0.08945529913062834,8.618,2.26008,2.0,2.0,1.0,14.87808,12.87808,false,
S33H_A_062,block_a_c1_only_boundary_diagnostic,C1_phase1_hybrid_BF_BOF_NG_DRP_EAF,168.0,6200000.0,0.55,optimal,ok,appsi_highs,2.294225,not_reported_by_solver,63181046.624313004,48.99230051,0.22101204,2,false,outside_calibration_tolerance,3.85,1.0,0.0,1.0,1600.0,365.0,75.0,1.0,0.3715,1.0,44.0,2.15568,6199999.999999992,707.7625570776246,118904.10958904093,0.5499999999999996,0.45000000000000046,5.094022392763683,1.4467261775301143,3.6472962152335686,128998.9635321378,128998.9635321378,88344.47280734277,0.0,0.0,40654.49072479504,0.0,40654.49072479504,0.0,0.0,39.74318747544551,39.74318747544551,27.21797795163599,0.0,0.0,12.525209523809524,0.0,44.7299247999999,18.338480613949255,13.130266374840847,97.60337865028626,102.81159288939467,0.4350669369369719,0.17836977424985434,0.38656328881317376,10037885.827992698,729459.2430467138,10767345.071039412,14.62207999999997,6.938729584599985,2.4500849999999947,24.010894584599953,7.6265059199999845,0.38877897142857065,0.0,1.9761904761904767,14.01941921698092,14.5014,0.0,0.0,16.58251498216045,0.8216165149618853,0.23334293185969618,182.26305170024656,1.6190138432246308,1630.13544,25000.0,500.0,0.0,0.0,0.0,1.1368683772161603e-12,2.2737367544323206e-13,2.0605739337042905e-13,False,5.684341886080801e-13,0.6069471270547896,12.13894254109579,-0.4719977454269656,4.719977454269656,2.8804114813014645,28.804114813014642,-0.24895447197969614,2.489544719796961,0.0017801310293170138,0.017801310293170138,-1.0,0.6666666666666666,A,S33_CAND_001_CALIBRATION_ANCHOR,deterministic_block_a_sparse_grid,central_hsm_central_pellet,true,true,,4.89,0.04172237070831965,1.23,0.17620014433342632,151673.52,-0.14949581487831357,9107793.17,0.10212052915917262,102.1941,0.0060423536133168984,1.5426,1.6069471270547895,0.0417134234764615,0.4489,0.5280022545730344,0.17621353212972685,4.5625,3.8804114813014645,-0.14949885341337765,0.6815,0.7510455280203039,0.1020477300371297,0.9958,1.001780131029317,0.0060053535140761685,S3.3h phased C1 boundary and C0-preserving shared-parameter diagnostic,true,false,false,false,false,false,false,0.10640486538306983,0.09511624253850981,0.17620014433342632,false,false,false,true,22674.55646786219,0.21672617753011436,0.20402239276368306,1.9761904761904767,1.4467261775301143,0.401,0.08495495495504209,0.172,0.03703357122008346,0.427,-0.09469955781458135,8.618,1.8834,2.0,2.0,1.0,14.5014,12.5014,false,
S33H_A_053,block_a_c1_only_boundary_diagnostic,C1_phase1_hybrid_BF_BOF_NG_DRP_EAF,168.0,6200000.0,0.55,optimal,ok,appsi_highs,2.507381,not_reported_by_solver,63166470.77132666,48.93175242,0.22101204,2,false,outside_calibration_tolerance,3.85,1.0,0.0,1.0,1600.0,365.0,75.0,1.0,0.3715,1.0,44.0,2.15568,6199999.999999992,707.7625570776246,118904.10958904093,0.5499999999999996,0.45000000000000046,5.094022392763683,1.4467261775301143,3.6472962152335686,128808.49921206427,128808.49921206427,88344.47280734277,0.0,0.0,40464.0264047215,0.0,40464.0264047215,0.0,0.0,39.684507475445514,39.684507475445514,27.21797795163599,0.0,0.0,12.466529523809525,0.0,44.7299247999999,18.338480613949255,13.130266374840847,97.54469865028628,102.75291288939466,0.4353153943980946,0.17847163742880134,0.386212968173104,10034593.8799927,729459.2430467138,10764053.123039413,14.62207999999997,6.938729584599985,2.4500849999999947,24.010894584599953,7.6265059199999845,0.38877897142857065,0.0,1.9761904761904767,14.01941921698092,14.442720000000001,0.0,0.0,16.57305046603142,0.8216165149618853,0.23334293185969618,181.99394404801365,1.6184828838697922,1630.13544,25000.0,500.0,0.0,0.0,0.0,1.1368683772161603e-12,2.2737367544323206e-13,2.0605739337042905e-13,False,5.684341886080801e-13,0.6069471270547896,12.13894254109579,-0.4719977454269656,4.719977454269656,2.8746821334512593,28.746821334512592,-0.24920077910713723,2.492007791071372,0.0012083622585320826,0.012083622585320825,-1.0,0.6666666666666666,A,S33_CAND_001_CALIBRATION_ANCHOR,deterministic_block_a_sparse_grid,low_hsm_low_pellet,true,true,,4.89,0.04172237070831965,1.23,0.17620014433342632,151673.52,-0.15075156683866583,9107793.17,0.10175908616869693,102.1941,0.005468152167245065,1.5426,1.6069471270547895,0.0417134234764615,0.4489,0.5280022545730344,0.17621353212972685,4.5625,3.8746821334512593,-0.1507546008873952,0.6815,0.7507992208928628,0.10168631092129535,0.9958,1.0012083622585322,0.005431173185912974,S3.3h phased C1 boundary and C0-preserving shared-parameter diagnostic,true,false,false,false,false,false,false,0.10656286263373331,0.09518026404327076,0.17620014433342632,false,false,false,true,22865.02078793572,0.21672617753011436,0.20402239276368306,1.9761904761904767,1.4467261775301143,0.401,0.08557454962118342,0.172,0.03762579900465906,0.427,-0.09551998085924115,7.936,1.50672,3.0,2.0,1.0,14.44272,12.44272,true,
S33H_A_039,block_a_c1_only_boundary_diagnostic,C1_phase1_hybrid_BF_BOF_NG_DRP_EAF,168.0,6200000.0,0.5033645161290323,optimal,ok,appsi_highs,2.131069,not_reported_by_solver,65698220.89874692,60.18402296,0.22101204,2,false,outside_calibration_tolerance,3.85,1.0,0.0,1.0,1600.0,365.0,75.0,1.0,0.3715,1.0,44.0,2.15568,6199999.999999993,707.7625570776247,118904.10958904095,0.5033645161290332,0.49663548387096684,5.295274444177187,0.898900171571873,4.396374272605314,153505.95078123038,153505.95078123038,97500.00000000023,0.0,0.0,56005.95078123015,0.0,56005.95078123015,0.0,0.0,47.29352557142864,47.29352557142864,30.038697000000074,0.0,0.0,17.254828571428575,0.0,40.93719446080003,19.062987999037873,15.82694738137913,104.0576674136078,107.29370803126655,0.3815432909530025,0.17767107082814879,0.44078563821884875,9885571.367525304,879274.8545210629,10764846.222046366,13.382247680000013,6.350382290731603,2.242337910000002,21.974967880731615,6.979840840320005,0.35581370697142883,0.0,5.928571428571427,8.710741904868758,23.1834,0.0,0.0,17.305436779236558,0.854076523254386,0.14498389864062486,216.88905303928706,1.5944469947621476,1630.13544,25000.0,500.0,0.0,0.0,0.0,1.5916157281026244e-12,2.2737367544323206e-13,3.126388037344441e-13,False,3.410605131648481e-13,0.6704335786047908,13.408671572095816,-0.6719342439518712,6.719342439518711,3.617604960145158,36.17604960145158,-0.26035080546536377,2.6035080546536373,0.04545316213334203,0.4545316213334203,-1.0,0.6666666666666666,A,S33_CAND_001_CALIBRATION_ANCHOR,deterministic_block_a_sparse_grid,high_hsm_central_pellet,true,true,,4.89,0.08287820944318752,1.23,-0.2691868523805911,151673.52,0.01208141527427061,9107793.17,0.08539699826377413,102.1941,0.04990119812461327,1.5426,1.6704335786047908,0.08286890872863402,0.4489,0.3280657560481288,-0.26917853408748316,4.5625,4.617604960145158,0.012077799483870265,0.6815,0.7396491945346362,0.0853253037925696,0.9958,1.045453162133342,0.049862584990301294,S3.3h phased C1 boundary and C0-preserving shared-parameter diagnostic,true,false,false,false,false,false,false,0.10667980121897791,0.09988893469728732,0.2691868523805911,false,false,false,true,-1832.4307812303887,-0.331099828428127,0.40527444417718694,5.928571428571427,0.898900171571873,0.401,-0.04852047143889659,0.172,0.032971342024120935,0.427,0.03228486702306502,9.3,1.8834,6.0,6.0,1.0,23.1834,17.1834,true,
S33H_A_020,block_a_c1_only_boundary_diagnostic,C1_phase1_hybrid_BF_BOF_NG_DRP_EAF,168.0,6200000.0,0.5033645161290323,optimal,ok,appsi_highs,1.966272,not_reported_by_solver,63376821.74404192,52.27586123,0.22101204,2,false,outside_calibration_tolerance,3.85,1.0,0.0,1.0,1600.0,365.0,75.0,1.0,0.3715,1.0,44.0,2.15568,6199999.999999993,707.7625570776247,118904.10958904095,0.5033645161290324,0.49663548387096756,5.29527444417719,1.5106958064925053,3.7845786376846844,135021.86055207427,135021.86055207427,97500.0000000004,0.0,0.0,37521.860552073886,0.0,37521.860552073886,0.0,0.0,41.598777000000126,41.598777000000126,30.038697000000123,0.0,0.0,11.560080000000001,0.0,40.937194460799965,19.062987999037883,13.624483095664864,96.16045455646496,101.59895945983796,0.40292926894573583,0.18762975625329587,0.4094409748009684,9566095.972668152,756915.727536937,10323011.70020509,13.38224767999999,6.350382290731594,2.2423379099999985,21.974967880731583,6.979840840319995,0.3558137069714282,0.0,0.0,14.63931333344016,11.560080000000001,0.0,0.0,16.386928945135175,0.8540765232543864,0.24366061395040436,190.77282232841486,1.5429187052690587,1630.13544,25000.0,500.0,0.0,0.0,0.0,9.094947017729282e-13,1.723460880182554e-13,1.9895196601282805e-13,False,3.410605131648481e-13,0.6704335786047919,13.408671572095837,-0.4486511655136842,4.486511655136842,3.0615859505136553,30.61585950513655,-0.2842543017524864,2.842543017524864,-0.010035580038001427,0.10035580038001427,-1.0,0.6666666666666666,A,S33_CAND_001_CALIBRATION_ANCHOR,deterministic_block_a_sparse_grid,high_hsm_high_pellet,true,true,,4.89,0.08287820944318824,1.23,0.22820797275813445,151673.52,-0.10978620030659089,9107793.17,0.050319851814130775,102.1941,-0.005823629154345007,1.5426,1.670433578604792,0.08286890872863474,0.4489,0.5513488344863158,0.22822195252019548,4.5625,4.061585950513655,-0.10978938070933582,0.6815,0.7157456982475136,0.05025047431770148,0.9958,0.9899644199619986,-0.005860192847962886,S3.3h phased C1 boundary and C0-preserving shared-parameter diagnostic,true,false,false,false,false,false,false,0.10766882500145868,0.09540317269527787,0.22820797275813445,false,false,false,true,16651.65944792572,0.28069580649250536,0.4052744441771905,0.0,1.5106958064925053,0.401,0.004811144503081813,0.172,0.09087067589125512,0.427,-0.04112183887361025,9.3,2.26008,0.0,0.0,1.0,11.560080000000001,11.560080000000001,false,
S33H_A_029,block_a_c1_only_boundary_diagnostic,C1_phase1_hybrid_BF_BOF_NG_DRP_EAF,168.0,6200000.0,0.5033645161290323,optimal,ok,appsi_highs,2.175199,not_reported_by_solver,65791786.54808058,60.57269468,0.22101204,2,false,outside_calibration_tolerance,3.85,1.0,0.0,1.0,1600.0,365.0,75.0,1.0,0.3715,1.0,44.0,2.15568,6199999.999999993,707.7625570776247,118904.10958904095,0.5033645161290332,0.49663548387096684,5.295274444177187,0.898900171571873,4.396374272605314,154728.5837070194,154728.5837070194,97500.00000000023,0.0,0.0,57228.58370701918,0.0,57228.58370701918,0.0,0.0,47.67020557142864,47.67020557142864,30.038697000000074,0.0,0.0,17.631508571428576,0.0,40.93719446080003,19.062987999037873,15.82694738137913,104.43434741360781,107.67038803126654,0.3802084789451323,0.17704949659419958,0.4427420244606682,9906703.115525303,879274.8545210629,10785977.970046367,13.382247680000013,6.350382290731603,2.242337910000002,21.974967880731615,6.979840840320005,0.35581370697142883,0.0,5.928571428571427,8.710741904868758,23.56008,0.0,0.0,17.36619161794624,0.854076523254386,0.14498389864062486,218.61651504411154,1.5978553412137606,1630.13544,25000.0,500.0,0.0,0.0,0.0,1.5916157281026244e-12,2.2737367544323206e-13,3.126388037344441e-13,False,3.410605131648481e-13,0.6704335786047908,13.408671572095816,-0.6719342439518712,6.719342439518711,3.654382921089526,36.54382921089526,-0.25876970511150316,2.5876970511150312,0.04912347332249044,0.49123473322490435,-1.0,0.6666666666666666,A,S33_CAND_001_CALIBRATION_ANCHOR,deterministic_block_a_sparse_grid,high_hsm_high_pellet,true,true,,4.89,0.08287820944318752,1.23,-0.2691868523805911,151673.52,0.02014236701976328,9107793.17,0.0877171813866853,102.1941,0.05358712519868108,1.5426,1.6704335786047908,0.08286890872863402,0.4489,0.3280657560481288,-0.26917853408748316,4.5625,4.6543829210895264,0.020138722430581138,0.6815,0.7412302948884968,0.08764533365883609,0.9958,1.0491234733224903,0.05354837650380631,S3.3h phased C1 boundary and C0-preserving shared-parameter diagnostic,true,false,false,false,false,false,false,0.10969605752151423,0.10270234708578166,0.2691868523805911,false,false,false,true,-3055.063707019406,-0.331099828428127,0.40527444417718694,5.928571428571427,0.898900171571873,0.401,-0.05184917968794937,0.172,0.029357538338369727,0.427,0.0368665678235789,9.3,2.26008,6.0,6.0,1.0,23.56008,17.56008,true,
S33H_A_030,block_a_c1_only_boundary_diagnostic,C1_phase1_hybrid_BF_BOF_NG_DRP_EAF,168.0,6200000.0,0.5033645161290323,optimal,ok,appsi_highs,2.042845,not_reported_by_solver,63283256.09470827,51.96059573,0.22101204,2,false,outside_calibration_tolerance,3.85,1.0,0.0,1.0,1600.0,365.0,75.0,1.0,0.3715,1.0,44.0,2.15568,6199999.999999993,707.7625570776247,118904.10958904095,0.5033645161290324,0.49663548387096756,5.29527444417719,1.5106958064925053,3.7845786376846844,133799.22762628522,133799.22762628522,97500.0000000004,0.0,0.0,36299.22762628485,0.0,36299.22762628485,0.0,0.0,41.22209700000012,41.22209700000012,30.038697000000123,0.0,0.0,11.1834,0.0,40.937194460799965,19.062987999037883,13.624483095664864,95.78377455646496,101.22227945983796,0.4044286957303964,0.18832798570399237,0.40724331856561125,9544964.224668153,756915.727536937,10301879.95220509,13.38224767999999,6.350382290731594,2.2423379099999985,21.974967880731583,6.979840840319995,0.3558137069714282,0.0,0.0,14.63931333344016,11.1834,0.0,0.0,16.326174106425498,0.8540765232543864,0.24366061395040436,189.04536032359033,1.5395103588174457,1630.13544,25000.0,500.0,0.0,0.0,0.0,9.094947017729282e-13,1.723460880182554e-13,1.9895196601282805e-13,False,3.410605131648481e-13,0.6704335786047919,13.408671572095837,-0.4486511655136842,4.486511655136842,3.0248079895692865,30.248079895692864,-0.28583540210634706,2.8583540210634704,-0.013705891227149837,0.13705891227149836,-1.0,0.6666666666666666,A,S33_CAND_001_CALIBRATION_ANCHOR,deterministic_block_a_sparse_grid,high_hsm_central_pellet,true,true,,4.89,0.08287820944318824,1.23,0.22820797275813445,151673.52,-0.11784715205208375,9107793.17,0.0479996686912196,102.1941,-0.009509556228412817,1.5426,1.670433578604792,0.08286890872863474,0.4489,0.5513488344863158,0.22822195252019548,4.5625,4.024807989569287,-0.11785030365604669,0.6815,0.7141645978936529,0.04793044445143499,0.9958,0.9862941087728502,-0.009545984361468009,S3.3h phased C1 boundary and C0-preserving shared-parameter diagnostic,true,false,false,false,false,false,false,0.10991168692969133,0.09728851183460777,0.22820797275813445,false,false,false,true,17874.292373714765,0.28069580649250536,0.4052744441771905,0.0,1.5106958064925053,0.401,0.00855036341744736,0.172,0.09493014944181617,0.427,-0.046268574787795655,9.3,1.8834,0.0,0.0,1.0,11.1834,11.1834,false,
S33H_A_052,block_a_c1_only_boundary_diagnostic,C1_phase1_hybrid_BF_BOF_NG_DRP_EAF,168.0,6200000.0,0.55,optimal,ok,appsi_highs,2.260884,not_reported_by_solver,62918075.18532885,48.07062676,0.22101204,2,false,outside_calibration_tolerance,3.85,1.0,0.0,1.0,1600.0,365.0,75.0,1.0,0.3715,1.0,44.0,2.15568,6199999.999999992,707.7625570776246,118904.10958904093,0.5499999999999996,0.45000000000000046,5.094022392763683,1.4467261775301143,3.6472962152335686,125562.68598654387,125562.68598654387,88344.47280734277,0.0,0.0,37218.2131792011,0.0,37218.2131792011,0.0,0.0,38.684507475445514,38.684507475445514,27.21797795163599,0.0,0.0,11.466529523809525,0.0,44.7299247999999,18.338480613949255,13.130266374840847,96.54469865028626,101.75291288939466,0.4395935558977195,0.1802256082229623,0.38018083587931817,9978493.8799927,729459.2430467138,10707953.123039411,14.62207999999997,6.938729584599985,2.4500849999999947,24.010894584599953,7.6265059199999845,0.38877897142857065,0.0,1.9761904761904767,14.01941921698092,13.442720000000001,0.0,0.0,16.411760143450774,0.8216165149618853,0.23334293185969618,177.40792407131062,1.6094344967730179,1630.13544,25000.0,500.0,0.0,0.0,0.0,1.1368683772161603e-12,2.2737367544323206e-13,2.0605739337042905e-13,False,5.684341886080801e-13,0.6069471270547896,12.13894254109579,-0.4719977454269656,4.719977454269656,2.7770449853564094,27.77044985356409,-0.2533982420832991,2.5339824208329906,-0.00853548182437244,0.08535481824372439,-1.0,0.6666666666666666,A,S33_CAND_001_CALIBRATION_ANCHOR,deterministic_block_a_sparse_grid,low_hsm_low_pellet,true,true,,4.89,0.04172237070831965,1.23,0.17620014433342632,151673.52,-0.17215156616300667,9107793.17,0.09559952600380574,102.1941,-0.004317148549723918,1.5426,1.6069471270547895,0.0417134234764615,0.4489,0.5280022545730344,0.17621353212972685,4.5625,3.777044985356409,-0.1721545237574994,0.6815,0.7466017579167009,0.09552715761804978,0.9958,0.9914645181756275,-0.004353767648496173,S3.3h phased C1 boundary and C0-preserving shared-parameter diagnostic,true,false,false,false,false,false,false,0.1106944351677498,0.09799815115165646,0.17620014433342632,false,false,false,true,26110.834013456115,0.21672617753011436,0.20402239276368306,1.9761904761904767,1.4467261775301143,0.401,0.09624328154044752,0.172,0.047823303621873904,0.427,-0.10964675438098788,7.936,1.50672,2.0,2.0,1.0,13.44272,11.44272,false,
S33H_A_040,block_a_c1_only_boundary_diagnostic,C1_phase1_hybrid_BF_BOF_NG_DRP_EAF,168.0,6200000.0,0.5033645161290323,optimal,ok,appsi_highs,1.826025,not_reported_by_solver,63207415.95439142,51.70505559,0.22101204,2,false,outside_calibration_tolerance,3.85,1.0,0.0,1.0,1600.0,365.0,75.0,1.0,0.3715,1.0,44.0,2.15568,6199999.999999993,707.7625570776247,118904.10958904095,0.5033645161290324,0.49663548387096756,5.29527444417719,1.5106958064925053,3.7845786376846844,132808.21593226935,132808.21593226935,97500.0000000004,0.0,0.0,35308.21593226897,0.0,35308.21593226897,0.0,0.0,40.91677700000012,40.91677700000012,30.038697000000123,0.0,0.0,10.878080000000002,0.0,40.937194460799965,19.062987999037883,13.624483095664864,95.47845455646495,100.91695945983797,0.40565227767382134,0.18889776407328646,0.4054499582528922,9527835.772668153,756915.727536937,10284751.50020509,13.38224767999999,6.350382290731594,2.2423379099999985,21.974967880731583,6.979840840319995,0.3558137069714282,0.0,0.0,14.63931333344016,10.878080000000002,0.0,0.0,16.276928945135175,0.8540765232543864,0.24366061395040436,187.64515670430336,1.5367477052690586,1630.13544,25000.0,500.0,0.0,0.0,0.0,9.094947017729282e-13,1.723460880182554e-13,1.9895196601282805e-13,False,3.410605131648481e-13,0.6704335786047919,13.408671572095837,-0.4486511655136842,4.486511655136842,2.9949974155129673,29.94997415512967,-0.28711697150222876,2.8711697150222872,-0.016680881702542196,0.16680881702542194,-1.0,0.6666666666666666,A,S33_CAND_001_CALIBRATION_ANCHOR,deterministic_block_a_sparse_grid,central_hsm_high_pellet,true,true,,4.89,0.08287820944318824,1.23,0.22820797275813445,151673.52,-0.12438099984579143,9107793.17,0.04611903178167507,102.1941,-0.012497204243317735,1.5426,1.670433578604792,0.08286890872863474,0.4489,0.5513488344863158,0.22822195252019548,4.5625,3.9949974155129677,-0.1243841281067468,0.6815,0.7128830284977713,0.0460499317648882,0.9958,0.9833191182974578,-0.01253352249702977,S3.3h phased C1 boundary and C0-preserving shared-parameter diagnostic,true,false,false,false,false,false,false,0.11172965072901164,0.09881668361442139,0.22820797275813445,false,false,false,true,18865.30406773064,0.28069580649250536,0.4052744441771905,0.0,1.5106958064925053,0.401,0.01160168995965415,0.172,0.09824281437957251,0.427,-0.05046848184334376,8.618,2.26008,0.0,0.0,1.0,10.87808,10.87808,false,
S33H_A_010,block_a_c1_only_boundary_diagnostic,C1_phase1_hybrid_BF_BOF_NG_DRP_EAF,168.0,6200000.0,0.5033645161290323,optimal,ok,appsi_highs,2.069884,not_reported_by_solver,63113850.305057764,51.3897901,0.22101204,2,false,outside_calibration_tolerance,3.85,1.0,0.0,1.0,1600.0,365.0,75.0,1.0,0.3715,1.0,44.0,2.15568,6199999.999999993,707.7625570776247,118904.10958904095,0.5033645161290324,0.49663548387096756,5.29527444417719,1.5106958064925053,3.7845786376846844,131585.5830064803,131585.5830064803,97500.0000000004,0.0,0.0,34085.583006479945,0.0,34085.583006479945,0.0,0.0,40.54009700000011,40.54009700000012,30.038697000000123,0.0,0.0,10.501400000000002,0.0,40.937194460799965,19.062987999037883,13.624483095664864,95.10177455646495,100.54027945983798,0.4071720775070336,0.18960548052437856,0.40322244196858775,9506704.024668153,756915.727536937,10263619.75220509,13.38224767999999,6.350382290731594,2.2423379099999985,21.974967880731583,6.979840840319995,0.3558137069714282,0.0,0.0,14.63931333344016,10.501400000000002,0.0,0.0,16.2161741064255,0.8540765232543864,0.24366061395040436,185.91769469947886,1.5333393588174458,1630.13544,25000.0,500.0,0.0,0.0,0.0,9.094947017729282e-13,1.723460880182554e-13,1.9895196601282805e-13,False,3.410605131648481e-13,0.6704335786047919,13.408671572095837,-0.4486511655136842,4.486511655136842,2.9582194545685985,29.582194545685983,-0.28869807185608937,2.8869807185608933,-0.020351192891690604,0.20351192891690603,-1.0,0.6666666666666666,A,S33_CAND_001_CALIBRATION_ANCHOR,deterministic_block_a_sparse_grid,central_hsm_central_pellet,true,true,,4.89,0.08287820944318824,1.23,0.22820797275813445,151673.52,-0.1324419515912843,9107793.17,0.04379884865876389,102.1941,-0.016183131317385545,1.5426,1.670433578604792,0.08286890872863474,0.4489,0.5513488344863158,0.22822195252019548,4.5625,3.958219454568599,-0.13244505105345777,0.6815,0.7113019281439107,0.043729901898621706,0.9958,0.9796488071083094,-0.016219314010534894,S3.3h phased C1 boundary and C0-preserving shared-parameter diagnostic,true,false,false,false,false,false,false,0.1139725126572443,0.10070202275375129,0.22820797275813445,false,false,false,true,20087.93699351969,0.28069580649250536,0.4052744441771905,0.0,1.5106958064925053,0.401,0.015391714481380497,0.172,0.10235744490917777,0.427,-0.05568514761454857,8.618,1.8834,0.0,0.0,1.0,10.5014,10.5014,false,
S33H_A_114,block_a_vattenfall_lhv_interface_diagnostic,C1_phase1_hybrid_BF_BOF_NG_DRP_EAF,168.0,6200000.0,0.55,optimal,ok,appsi_highs,2.373276,not_reported_by_solver,64446575.30308532,55.74478121,0.17934537,1,false,normal_flare_above_admissible_limit;outside_calibration_tolerance,3.85,1.0,0.0,1.0,1600.0,365.0,75.0,1.0,0.3715,0.75,44.0,2.15568,6199999.999999993,707.7625570776247,118904.10958904095,0.5499999999999998,0.45000000000000007,5.094022392763683,0.932095724417428,4.161926668346254,135567.87125045288,135567.87125045288,88344.47280734272,0.0,0.0,47223.398443110134,0.0,47223.398443110134,0.0,0.0,41.76699699925502,41.76699699925502,27.21797795163598,0.0,0.0,14.549019047619046,0.0,44.729924799999935,18.338480613949255,14.982936006046515,101.47985780530148,104.83540241320422,0.42666812708648616,0.1749264102756903,0.3984054626378235,10151421.542278416,832385.333669251,10983806.875947667,14.622079999999979,6.938729584599989,2.450084999999997,24.010894584599967,7.626505919999989,0.38877897142857093,0.0,3.9523809523809534,9.032421555592842,18.5014,3.010807185197612,0.12539337818461269,16.908935873097473,0.8216165149618853,0.15033802006732727,191.5442826054788,1.6373260552061983,1630.13544,25000.0,500.0,0.0,0.0,0.0,9.094947017729282e-13,2.6117182490755417e-13,2.3447910280083306e-13,False,2.2737367544323206e-13,0.6069471270547896,12.13894254109579,-0.6598190786797707,6.598190786797707,3.0780104714934224,30.78010471493422,-0.24045960643270162,2.404596064327016,0.021499815482814485,0.21499815482814483,5.269668909230634,3.513112606153756,A,S33_CAND_001_CALIBRATION_ANCHOR,deterministic_block_a_vattenfall_fraction_cases,central_hsm_central_pellet,true,true,,4.89,0.04172237070831965,1.23,-0.24219859803461133,151673.52,-0.10618629243619525,9107793.17,0.1145863056833576,102.1941,0.025845938397659113,1.5426,1.6069471270547895,0.0417134234764615,0.4489,0.3401809213202292,-0.24218997255462424,4.5625,4.078010471493423,-0.1061894857000717,0.6815,0.7595403935672984,0.1145126831508414,0.9958,1.0214998154828145,0.025808209964666123,S3.3h phased C1 boundary and C0-preserving shared-parameter diagnostic,true,false,false,false,false,false,false,0.11745532508259104,0.10610790105202858,0.24219859803461133,false,false,false,true,16105.648749547108,-0.29790427558257193,0.20402239276368306,3.9523809523809534,0.932095724417428,0.401,0.06401029198624972,0.172,0.01701401323075769,0.427,-0.0669661296538091,8.618,1.8834,4.0,4.0,0.75,18.5014,14.5014,true,
S33H_A_000,block_a_c1_only_boundary_diagnostic,C1_phase1_hybrid_BF_BOF_NG_DRP_EAF,168.0,6200000.0,0.5033645161290323,optimal,ok,appsi_highs,1.703008,not_reported_by_solver,62850878.86607361,50.50371897,0.22101204,2,false,outside_calibration_tolerance,3.85,1.0,0.0,1.0,1600.0,365.0,75.0,1.0,0.3715,1.0,44.0,2.15568,6199999.999999993,707.7625570776247,118904.10958904095,0.5033645161290324,0.49663548387096756,5.29527444417719,1.5106958064925053,3.7845786376846844,128149.30546088639,128149.30546088639,97500.0000000004,0.0,0.0,30649.305460886004,0.0,30649.305460886004,0.0,0.0,39.48141700000012,39.48141700000012,30.038697000000123,0.0,0.0,9.442720000000001,0.0,40.937194460799965,19.062987999037883,13.624483095664864,94.04309455646495,99.48159945983797,0.41150518973437744,0.19162325598447846,0.39687155428114407,9447312.076668153,756915.727536937,10204227.804205092,13.38224767999999,6.350382290731594,2.2423379099999985,21.974967880731583,6.979840840319995,0.3558137069714282,0.0,0.0,14.63931333344016,9.442720000000001,0.0,0.0,16.045419267715822,0.8540765232543864,0.24366061395040436,181.0625670705429,1.523760012365833,1630.13544,25000.0,500.0,0.0,0.0,0.0,9.094947017729282e-13,1.723460880182554e-13,1.9895196601282805e-13,False,3.410605131648481e-13,0.6704335786047919,13.408671572095837,-0.4486511655136842,4.486511655136842,2.8548529586235434,28.548529586235432,-0.29314184195969245,2.931418419596924,-0.030666805745380058,0.30666805745380055,-1.0,0.6666666666666666,A,S33_CAND_001_CALIBRATION_ANCHOR,deterministic_block_a_sparse_grid,low_hsm_low_pellet,true,true,,4.89,0.08287820944318824,1.23,0.22820797275813445,151673.52,-0.1550977028759773,9107793.17,0.03727784550339681,102.1941,-0.02654263348042636,1.5426,1.670433578604792,0.08286890872863474,0.4489,0.5513488344863158,0.22822195252019548,4.5625,3.854852958623544,-0.15510072139757944,0.6815,0.7068581580403076,0.037209329479541614,0.9958,0.96933319425462,-0.026578435173107123,S3.3h phased C1 boundary and C0-preserving shared-parameter diagnostic,true,false,false,false,false,false,false,0.12027620031302984,0.10600087281222463,0.22820797275813445,false,false,false,true,23524.2145391136,0.28069580649250536,0.4052744441771905,0.0,1.5106958064925053,0.401,0.02619748063435765,0.172,0.1140886975841772,0.427,-0.07055842088725041,7.936,1.50672,0.0,0.0,1.0,9.44272,9.44272,false,
S33H_A_106,block_a_vattenfall_lhv_interface_diagnostic,C1_phase1_hybrid_BF_BOF_NG_DRP_EAF,168.0,6200000.0,0.5033645161290323,optimal,ok,appsi_highs,2.154933,not_reported_by_solver,65132501.65200538,60.31297159,0.17934537,1,false,normal_flare_above_admissible_limit;outside_calibration_tolerance,3.85,1.0,0.0,1.0,1600.0,365.0,75.0,1.0,0.3715,0.75,44.0,2.15568,6199999.9999999935,707.7625570776248,118904.10958904096,0.5033645161290331,0.4966354838709669,5.295274444177188,0.8271240374090633,4.468150406768125,144723.3984431104,144723.3984431104,97500.00000000026,0.0,0.0,47223.398443110134,0.0,47223.398443110134,0.0,0.0,44.587716047619125,44.587716047619125,30.038697000000084,0.0,0.0,14.549019047619046,0.0,40.93719446080002,19.062987999037876,16.085341464365246,101.6102519727844,104.58789850745701,0.39141425580781924,0.18226762628449508,0.4263181179076857,9733775.453239588,893630.0813536249,10627405.534593213,13.382247680000011,6.350382290731603,2.2423379100000016,21.974967880731615,6.979840840320003,0.35581370697142883,0.0,3.9523809523809534,8.015199285794424,18.5014,2.671733095264806,0.1215807508691501,16.869015888299536,0.854076523254386,0.13340710280791357,204.4801565099433,1.5699637827805804,1630.13544,25000.0,500.0,0.0,0.0,0.0,9.094947017729282e-13,2.8421709430404007e-13,2.0605739337042905e-13,False,2.2737367544323206e-13,0.6704335786047914,13.408671572095827,-0.6981299133543565,6.981299133543565,3.353417434952513,33.53417434952513,-0.2717083407621005,2.7170834076210046,0.019088176015303788,0.19088176015303787,5.079037543457504,3.3860250289716696,A,S33_CAND_001_CALIBRATION_ANCHOR,deterministic_block_a_vattenfall_fraction_cases,central_hsm_central_pellet,true,true,,4.89,0.08287820944318788,1.23,-0.32754143300076155,151673.52,-0.04582290670704805,9107793.17,0.06873040170713364,102.1941,0.023424038251298327,1.5426,1.6704335786047912,0.08286890872863431,0.4489,0.3018700866456435,-0.32753377891369234,4.5625,4.353417434952513,-0.04582631562684637,0.6815,0.7282916592378995,0.06865980812604479,0.9958,1.0190881760153039,0.02338639889064457,S3.3h phased C1 boundary and C0-preserving shared-parameter diagnostic,true,false,false,false,false,false,false,0.1225131931605557,0.10967939782188589,0.32754143300076155,false,false,false,true,6950.121556889586,-0.4028759625909367,0.4052744441771887,3.9523809523809534,0.8271240374090633,0.401,-0.02390459898299446,0.172,0.059695501654041264,0.427,-0.001596913565138852,8.618,1.8834,4.0,4.0,0.75,18.5014,14.5014,true,
S33H_A_071,block_a_c1_only_boundary_diagnostic,C1_phase1_hybrid_BF_BOF_NG_DRP_EAF,168.0,6200000.0,0.55,optimal,ok,appsi_highs,2.144872,not_reported_by_solver,63041523.92929073,48.66842639,0.22101204,2,false,outside_calibration_tolerance,3.85,1.0,0.0,1.0,1600.0,365.0,75.0,1.0,0.3715,1.0,44.0,2.15568,6199999.999999992,707.7625570776246,118904.10958904093,0.5499999999999996,0.4500000000000004,5.094022392763683,1.5486921166835534,3.545330276080129,129150.78721857422,129150.78721857422,88344.47280734277,0.0,0.0,40806.31441123143,0.0,40806.31441123143,0.0,0.0,39.78996271354075,39.78996271354075,27.217977951635987,0.0,0.0,12.571984761904764,0.0,44.72992479999991,18.338480613949255,12.763188993888464,97.28307650742914,102.85836812748992,0.43486908857584133,0.17828865990970466,0.386842251514454,10040509.91884984,709066.0552160258,10749575.974065866,14.622079999999974,6.938729584599985,2.450084999999995,24.010894584599956,7.6265059199999845,0.38877897142857065,0.0,0.9880952380952381,15.00751445507616,13.560080000000001,0.0,0.0,16.590059375401623,0.8216165149618853,0.24978905107799282,182.4775638765664,1.6194370836854604,1630.13544,25000.0,500.0,0.0,0.0,0.0,1.1368683772161603e-12,2.2737367544323206e-13,2.4558133304708463e-13,False,1.4779288903810084e-12,0.6069471270547896,12.13894254109579,-0.434783899020601,4.34783899020601,2.8849784821505424,28.849784821505423,-0.24875813464959023,2.4875813464959022,0.00223590165625787,0.022359016562578698,-1.0,0.6666666666666666,A,S33_CAND_001_CALIBRATION_ANCHOR,deterministic_block_a_sparse_grid,high_hsm_high_pellet,true,true,,4.89,0.04172237070831965,1.23,0.2590992818565475,151673.52,-0.1484948248146794,9107793.17,0.10240864405244732,102.1941,0.006500063384186747,1.5426,1.6069471270547895,0.0417134234764615,0.4489,0.565216100979399,0.25911361323100685,4.5625,3.884978482150542,-0.1484978669259086,0.6815,0.7512418653504097,0.10233582589935394,0.9958,1.0022359016562579,0.006463046451353532,S3.3h phased C1 boundary and C0-preserving shared-parameter diagnostic,true,false,false,false,false,false,false,0.12700370635863234,0.11164503696323613,0.2590992818565475,false,false,false,true,22522.732781425773,0.31869211668355346,0.20402239276368306,0.9880952380952381,1.5486921166835534,0.401,0.08446156752080126,0.172,0.03656197621921323,0.427,-0.09404624938066976,9.3,2.26008,1.0,1.0,1.0,13.560080000000001,12.560080000000001,false,
S33H_A_081,block_a_c1_only_boundary_diagnostic,C1_phase1_hybrid_BF_BOF_NG_DRP_EAF,168.0,6200000.0,0.55,optimal,ok,appsi_highs,2.25855,not_reported_by_solver,62947958.279957056,48.30844286,0.22101204,2,false,outside_calibration_tolerance,3.85,1.0,0.0,1.0,1600.0,365.0,75.0,1.0,0.3715,1.0,44.0,2.15568,6199999.999999992,707.7625570776245,118904.10958904092,0.5499999999999995,0.45000000000000046,5.094022392763683,1.5486921166835534,3.545330276080129,127928.15429278517,127928.15429278517,88344.47280734277,0.0,0.0,39583.6814854424,0.0,39583.6814854424,0.0,0.0,39.413282713540745,39.413282713540745,27.217977951635987,0.0,0.0,12.195304761904763,0.0,44.7299247999999,18.338480613949255,12.763188993888464,96.90639650742912,102.4816881274899,0.4364674862142659,0.17894397476294208,0.38458853902279194,10019378.17084984,709066.0552160258,10728444.226065867,14.62207999999997,6.938729584599983,2.4500849999999943,24.01089458459995,7.626505919999982,0.3887789714285706,0.0,0.9880952380952384,15.007514455076157,13.1834,0.0,0.0,16.529304536691946,0.8216165149618854,0.24978905107799282,180.7501018717419,1.6160287372338475,1630.13544,25000.0,500.0,0.0,0.0,0.0,1.1368683772161603e-12,2.2737367544323206e-13,3.410605131648481e-13,False,1.5916157281026244e-12,0.6069471270547896,12.13894254109579,-0.434783899020601,4.34783899020601,2.8482005212061736,28.482005212061736,-0.250339235003451,2.50339235003451,-0.001434409532890817,0.01434409532890817,-1.0,0.6666666666666666,A,S33_CAND_001_CALIBRATION_ANCHOR,deterministic_block_a_sparse_grid,high_hsm_central_pellet,true,true,,4.89,0.04172237070831965,1.23,0.2590992818565475,151673.52,-0.15655577656017228,9107793.17,0.10008846092953594,102.1941,0.002814136310118659,1.5426,1.6069471270547895,0.0417134234764615,0.4489,0.565216100979399,0.25911361323100685,4.5625,3.848200521206173,-0.1565587898726196,0.6815,0.749660764996549,0.1000157960330873,0.9958,0.9985655904671091,0.0027772549378480755,S3.3h phased C1 boundary and C0-preserving shared-parameter diagnostic,true,false,false,false,false,false,false,0.1280179259288423,0.1120560052729388,0.2590992818565475,false,false,false,true,23745.36570721482,0.31869211668355346,0.20402239276368306,0.9880952380952384,1.5486921166835534,0.401,0.08844759654430392,0.172,0.040371946296174945,0.427,-0.09932426458362541,9.3,1.8834,1.0,1.0,1.0,13.1834,12.1834,false,
S33H_A_091,block_a_c1_only_boundary_diagnostic,C1_phase1_hybrid_BF_BOF_NG_DRP_EAF,168.0,6200000.0,0.55,optimal,ok,appsi_highs,2.245557,not_reported_by_solver,62872118.13964022,48.05290272,0.22101204,2,false,outside_calibration_tolerance,3.85,1.0,0.0,1.0,1600.0,365.0,75.0,1.0,0.3715,1.0,44.0,2.15568,6199999.999999992,707.7625570776246,118904.10958904093,0.5499999999999996,0.4500000000000004,5.094022392763683,1.5486921166835534,3.545330276080129,126937.14259876928,126937.14259876928,88344.47280734277,0.0,0.0,38592.66979142652,0.0,38592.66979142652,0.0,0.0,39.10796271354075,39.10796271354075,27.217977951635987,0.0,0.0,11.889984761904762,0.0,44.72992479999991,18.338480613949255,12.763188993888464,96.60107650742913,102.17636812748991,0.43777172373350004,0.1794786891531272,0.38274958711337276,10002249.718849842,709066.0552160258,10711315.774065867,14.622079999999974,6.938729584599985,2.450084999999995,24.010894584599956,7.6265059199999845,0.38877897142857065,0.0,0.9880952380952381,15.00751445507616,12.87808,0.0,0.0,16.48005937540162,0.8216165149618853,0.24978905107799282,179.3498982524549,1.6132660836854604,1630.13544,25000.0,500.0,0.0,0.0,0.0,1.1368683772161603e-12,2.2737367544323206e-13,2.4558133304708463e-13,False,1.4779288903810084e-12,0.6069471270547896,12.13894254109579,-0.434783899020601,4.34783899020601,2.8183899471498535,28.183899471498535,-0.25162080439933254,2.516208043993325,-0.0044094000082831744,0.04409400008283174,-1.0,0.6666666666666666,A,S33_CAND_001_CALIBRATION_ANCHOR,deterministic_block_a_sparse_grid,central_hsm_high_pellet,true,true,,4.89,0.04172237070831965,1.23,0.2590992818565475,151673.52,-0.16308962435388005,9107793.17,0.09820782401999162,102.1941,-0.00017351170478625914,1.5426,1.6069471270547895,0.0417134234764615,0.4489,0.565216100979399,0.25911361323100685,4.5625,3.8183899471498535,-0.16309261432331978,0.6815,0.7483791956006675,0.09813528334654066,0.9958,0.9955905999917168,-0.00021028319771357519,S3.3h phased C1 boundary and C0-preserving shared-parameter diagnostic,true,false,false,false,false,false,false,0.12889784429145648,0.11245852252870503,0.2590992818565475,false,false,false,true,24736.37740123071,0.31869211668355346,0.20402239276368306,0.9880952380952381,1.5486921166835534,0.401,0.09170005918578557,0.172,0.04348075089027451,0.427,-0.10363094352840102,8.618,2.26008,1.0,1.0,1.0,12.87808,11.87808,false,
S33H_A_061,block_a_c1_only_boundary_diagnostic,C1_phase1_hybrid_BF_BOF_NG_DRP_EAF,168.0,6200000.0,0.55,optimal,ok,appsi_highs,2.344841,not_reported_by_solver,62778552.49030656,47.73763723,0.22101204,2,false,outside_calibration_tolerance,3.85,1.0,0.0,1.0,1600.0,365.0,75.0,1.0,0.3715,1.0,44.0,2.15568,6199999.999999992,707.7625570776246,118904.10958904093,0.5499999999999996,0.4500000000000004,5.094022392763683,1.5486921166835534,3.545330276080129,125714.50967298025,125714.50967298025,88344.47280734277,0.0,0.0,37370.036865637485,0.0,37370.036865637485,0.0,0.0,38.73128271354075,38.73128271354075,27.217977951635987,0.0,0.0,11.513304761904761,0.0,44.72992479999991,18.338480613949255,12.763188993888464,96.22439650742912,101.79968812748992,0.43939157008007645,0.18014279759858268,0.3804656323213409,9981117.970849842,709066.0552160258,10690184.026065867,14.622079999999974,6.938729584599985,2.450084999999995,24.010894584599956,7.6265059199999845,0.38877897142857065,0.0,0.9880952380952381,15.00751445507616,12.5014,0.0,0.0,16.419304536691943,0.8216165149618853,0.24978905107799282,177.6224362476304,1.6098577372338476,1630.13544,25000.0,500.0,0.0,0.0,0.0,1.1368683772161603e-12,2.2737367544323206e-13,2.4558133304708463e-13,False,1.4779288903810084e-12,0.6069471270547896,12.13894254109579,-0.434783899020601,4.34783899020601,2.7816119862054856,27.816119862054855,-0.25320190475319315,2.5320190475319313,-0.008079711197431585,0.08079711197431584,-1.0,0.6666666666666666,A,S33_CAND_001_CALIBRATION_ANCHOR,deterministic_block_a_sparse_grid,central_hsm_central_pellet,true,true,,4.89,0.04172237070831965,1.23,0.2590992818565475,151673.52,-0.17115057609937281,9107793.17,0.09588764089708045,102.1941,-0.0038594387788540695,1.5426,1.6069471270547895,0.0417134234764615,0.4489,0.565216100979399,0.25911361323100685,4.5625,3.781611986205485,-0.17115353727003066,0.6815,0.7467980952468068,0.09581525348027418,0.9958,0.9919202888025684,-0.0038960747112186975,S3.3h phased C1 boundary and C0-preserving shared-parameter diagnostic,true,false,false,false,false,false,false,0.13114070621968912,0.1143438616680349,0.2590992818565475,false,false,false,true,25959.010327019743,0.31869211668355346,0.20402239276368306,0.9880952380952381,1.5486921166835534,0.401,0.09573957625954221,0.172,0.04734184650338774,0.427,-0.10897978379077071,8.618,1.8834,1.0,1.0,1.0,12.5014,11.5014,false,
S33H_A_051,block_a_c1_only_boundary_diagnostic,C1_phase1_hybrid_BF_BOF_NG_DRP_EAF,168.0,6200000.0,0.55,optimal,ok,appsi_highs,2.494097,not_reported_by_solver,62515581.05132241,46.8515661,0.22101204,2,false,outside_calibration_tolerance,3.85,1.0,0.0,1.0,1600.0,365.0,75.0,1.0,0.3715,1.0,44.0,2.15568,6199999.999999993,707.7625570776247,118904.10958904095,0.5499999999999998,0.45000000000000023,5.094022392763682,1.5486921166835543,3.545330276080128,122278.23212738628,122278.23212738628,88344.47280734272,0.0,0.0,33933.75932004355,0.0,33933.75932004355,0.0,0.0,37.67260271354074,37.67260271354074,27.21797795163598,0.0,0.0,10.454624761904762,0.0,44.72992479999992,18.338480613949255,12.76318899388846,95.16571650742914,100.74100812748992,0.4440091044492352,0.18203590528637068,0.3739549902643941,9921726.022849845,709066.0552160257,10630792.07806587,14.622079999999979,6.9387295845999875,2.4500849999999956,24.010894584599964,7.626505919999987,0.3887789714285708,0.0,0.9880952380952384,15.007514455076166,11.442720000000001,0.0,0.0,16.248549697982263,0.821616514961885,0.24978905107799293,172.7673086186944,1.6002783907822349,1630.13544,25000.0,500.0,0.0,0.0,0.0,1.3642420526593924e-12,3.410605131648481e-13,2.913225216616411e-13,False,5.115907697472721e-13,0.6069471270547893,12.138942541095785,-0.43478389902060066,4.347838990206006,2.6782454902604287,26.782454902604286,-0.25764567485679596,2.5764567485679595,-0.0183953240511209,0.18395324051120898,-1.0,0.6666666666666666,A,S33_CAND_001_CALIBRATION_ANCHOR,deterministic_block_a_sparse_grid,low_hsm_low_pellet,true,true,,4.89,0.04172237070831947,1.23,0.25909928185654824,151673.52,-0.19380632738406622,9107793.17,0.08936663774171376,102.1941,-0.014218940941894747,1.5426,1.6069471270547893,0.041713423476461356,0.4489,0.5652161009793993,0.2591136132310076,4.5625,3.6782454902604282,-0.1938092076141527,0.6815,0.742354325143204,0.08929468106119441,0.9958,0.9816046759488791,-0.014255195873790816,S3.3h phased C1 boundary and C0-preserving shared-parameter diagnostic,true,false,false,false,false,false,false,0.13744439387547494,0.11964271172650849,0.25909928185654824,false,false,false,true,29395.287872613713,0.31869211668355435,0.20402239276368217,0.9880952380952384,1.5486921166835543,0.401,0.1072546245616837,0.172,0.0583482865486668,0.427,-0.12422718907636039,7.936,1.50672,1.0,1.0,1.0,11.44272,10.44272,false,
S33H_A_070,block_a_c1_only_boundary_diagnostic,C1_phase1_hybrid_BF_BOF_NG_DRP_EAF,168.0,6200000.0,0.55,optimal,ok,appsi_highs,1.652145,not_reported_by_solver,62639029.79528428,47.40464769,0.22101204,2,false,outside_calibration_tolerance,3.85,1.0,0.0,1.0,1600.0,365.0,75.0,1.0,0.3715,1.0,44.0,2.15568,6199999.999999993,707.7625570776247,118904.10958904095,0.5500000000000003,0.4499999999999998,5.09402239276368,1.6506580558369948,3.4433643369266855,125866.33335941653,125866.33335941653,88344.47280734265,0.0,0.0,37521.860552073886,0.0,37521.860552073886,0.0,0.0,38.77805795163596,38.77805795163596,27.21797795163595,0.0,0.0,11.560080000000001,0.0,44.72992479999996,18.33848061394925,12.39611161293607,95.90409436457199,101.84646336558517,0.43918976979533103,0.18006006303942007,0.38075016716524895,9983742.06170699,688672.8673853372,10672414.929092327,14.622079999999988,6.938729584599995,2.4500849999999983,24.01089458459998,7.6265059199999925,0.3887789714285711,0.0,0.0,15.995609693171414,11.560080000000001,0.0,0.0,16.426848929933108,0.8216165149618848,0.26623517029628974,177.83694842395002,1.6102809776946776,1630.13544,25000.0,500.0,0.0,0.0,0.0,9.094947017729282e-13,2.2737367544323206e-13,3.126388037344441e-13,False,3.979039320256561e-13,0.6069471270547887,12.138942541095773,-0.39757005261423556,3.9757005261423553,2.786178987054559,27.86178987054559,-0.2530055674230869,2.530055674230869,-0.0076239405704907285,0.07623940570490728,-1.0,0.6666666666666666,A,S33_CAND_001_CALIBRATION_ANCHOR,deterministic_block_a_sparse_grid,high_hsm_high_pellet,true,true,,4.89,0.0417223707083191,1.23,0.34199841937967057,151673.52,-0.17014958603573954,9107793.17,0.09617575579035575,102.1941,-0.0034017290079842205,1.5426,1.6069471270547886,0.041713423476460926,0.4489,0.6024299473857645,0.34201369433228884,4.5625,3.7861789870545586,-0.1701525507825625,0.6815,0.7469944325769131,0.09610334934249908,0.9958,0.9923760594295092,-0.0034383817739413337,S3.3h phased C1 boundary and C0-preserving shared-parameter diagnostic,true,false,false,false,false,false,false,0.15158697727162904,0.13068957218441385,0.34199841937967057,false,false,false,true,25807.18664058346,0.4206580558369948,0.2040223927636804,0.0,1.6506580558369948,0.401,0.09523633365419204,0.172,0.04686083162453538,0.427,-0.10831342584250829,9.3,2.26008,0.0,0.0,1.0,11.560080000000001,11.560080000000001,false,
S33H_A_105,block_a_vattenfall_lhv_interface_diagnostic,C1_phase1_hybrid_BF_BOF_NG_DRP_EAF,168.0,6200000.0,0.5033645161290323,optimal,ok,appsi_highs,2.107535,not_reported_by_solver,65880911.99660472,68.57726425,0.1376787,2,false,normal_flare_above_admissible_limit;outside_calibration_tolerance,3.85,1.0,0.0,1.0,1600.0,365.0,75.0,1.0,0.3715,0.5,44.0,2.15568,6199999.999999993,707.7625570776247,118904.10958904095,0.5033645161290327,0.4966354838709674,5.295274444177189,0.6533819640928136,4.641892480084376,151137.743626877,151137.743626877,97500.00000000035,0.0,0.0,53637.74362687663,0.0,53637.74362687663,0.0,0.0,46.563906523809635,46.563906523809635,30.03869700000011,0.0,0.0,16.525209523809526,0.0,40.93719446079998,19.062987999037883,16.710812928303753,104.21191391291337,106.5640889836475,0.3841556273904043,0.1788875425187855,0.43695683009081016,9844639.73895387,928378.4960168751,10773018.234970745,13.382247679999997,6.350382290731597,2.2423379099999994,21.974967880731594,6.979840840319998,0.3558137069714284,0.0,1.9761904761904767,6.331561428624843,18.5014,6.331561428624847,0.2881260834140548,17.1877562876851,0.8540765232543863,0.10538418775690554,213.54300551152326,1.5878451191861098,1630.13544,25000.0,500.0,0.0,0.0,0.0,9.094947017729282e-13,2.2737367544323206e-13,3.694822225952521e-13,False,3.410605131648481e-13,0.6704335786047916,13.40867157209583,-0.7615394291632067,7.615394291632067,3.5463670371399574,35.46367037139957,-0.26341335440444763,2.634133544044476,0.038343867893424685,0.3834386789342468,13.40630417070274,8.937536113801826,A,S33_CAND_001_CALIBRATION_ANCHOR,deterministic_block_a_vattenfall_fraction_cases,central_hsm_central_pellet,true,true,,4.89,0.08287820944318806,1.23,-0.468795151144054,151673.52,-0.0035324318518024336,9107793.17,0.0809028658425134,102.1941,0.042761656334832324,1.5426,1.6704335786047917,0.08286890872863459,0.4489,0.23846057083679326,-0.46878910484118236,4.5625,4.546367037139958,-0.0035359918597352717,0.6815,0.7365866455955524,0.08083146822531538,0.9958,1.0383438678934247,0.042723305777690984,S3.3h phased C1 boundary and C0-preserving shared-parameter diagnostic,true,false,false,false,false,false,false,0.1525056843523864,0.13577406292327804,0.468795151144054,false,false,false,true,535.7763731229934,-0.5766180359071864,0.4052744441771896,1.9761904761904767,0.6533819640928136,0.401,-0.04200591673215886,0.172,0.04004385185340414,0.427,0.023318103257166663,8.618,1.8834,6.0,2.0,0.5,18.5014,16.5014,true,
S33H_A_080,block_a_c1_only_boundary_diagnostic,C1_phase1_hybrid_BF_BOF_NG_DRP_EAF,168.0,6200000.0,0.55,optimal,ok,appsi_highs,1.859,not_reported_by_solver,62545464.14595062,47.0893822,0.22101204,2,false,outside_calibration_tolerance,3.85,1.0,0.0,1.0,1600.0,365.0,75.0,1.0,0.3715,1.0,44.0,2.15568,6199999.999999993,707.7625570776247,118904.10958904095,0.5500000000000003,0.4499999999999998,5.09402239276368,1.6506580558369948,3.4433643369266855,124643.7004336275,124643.7004336275,88344.47280734265,0.0,0.0,36299.22762628485,0.0,36299.22762628485,0.0,0.0,38.40137795163596,38.40137795163596,27.21797795163595,0.0,0.0,11.1834,0.0,44.72992479999996,18.33848061394925,12.39611161293607,95.52741436457198,101.46978336558516,0.4408201468100376,0.18072848887316134,0.3784513643168011,9962610.31370699,688672.8673853372,10651283.181092327,14.622079999999988,6.938729584599995,2.4500849999999983,24.01089458459998,7.6265059199999925,0.3887789714285711,0.0,0.0,15.995609693171414,11.1834,0.0,0.0,16.36609409122343,0.8216165149618848,0.26623517029628974,176.10948641912552,1.6068726312430648,1630.13544,25000.0,500.0,0.0,0.0,0.0,9.094947017729282e-13,2.2737367544323206e-13,3.126388037344441e-13,False,3.979039320256561e-13,0.6069471270547887,12.138942541095773,-0.39757005261423556,3.9757005261423553,2.74940102611019,27.494010261101902,-0.2545866677769475,2.545866677769475,-0.011294251759639277,0.11294251759639276,-1.0,0.6666666666666666,A,S33_CAND_001_CALIBRATION_ANCHOR,deterministic_block_a_sparse_grid,high_hsm_central_pellet,true,true,,4.89,0.0417223707083191,1.23,0.34199841937967057,151673.52,-0.1782105377812323,9107793.17,0.09385557266744458,102.1941,-0.00708765608205217,1.5426,1.6069471270547886,0.041713423476460926,0.4489,0.6024299473857645,0.34201369433228884,4.5625,3.74940102611019,-0.17821347372927338,0.6815,0.7454133322230525,0.09378331947623259,0.9958,0.9887057482403607,-0.0071241732874465676,S3.3h phased C1 boundary and C0-preserving shared-parameter diagnostic,true,false,false,false,false,false,false,0.15382983919986168,0.13257491132374374,0.34199841937967057,false,false,false,true,27029.81956637249,0.4206580558369948,0.2040223927636804,0.0,1.6506580558369948,0.401,0.09930211174572966,0.172,0.050747028332333466,0.427,-0.1136970390707234,9.3,1.8834,0.0,0.0,1.0,11.1834,11.1834,false,
S33H_A_113,block_a_vattenfall_lhv_interface_diagnostic,C1_phase1_hybrid_BF_BOF_NG_DRP_EAF,168.0,6200000.0,0.55,optimal,ok,appsi_highs,2.142828,not_reported_by_solver,65246851.2475222,64.13677665,0.1376787,2,false,normal_flare_above_admissible_limit;outside_calibration_tolerance,3.85,1.0,0.0,1.0,1600.0,365.0,75.0,1.0,0.3715,0.5,44.0,2.15568,6199999.999999992,707.7625570776245,118904.10958904092,0.5499999999999994,0.4500000000000006,5.094022392763683,0.7233630887650566,4.370659303998626,141982.21643421944,141982.21643421944,88344.47280734278,0.0,0.0,53637.74362687663,0.0,53637.74362687663,0.0,0.0,43.74318747544552,43.74318747544552,27.217977951635994,0.0,0.0,16.525209523809526,0.0,44.72992479999988,18.338480613949255,15.734373494395054,104.20748576984045,106.81159288939465,0.4187740636572898,0.17168998343596548,0.4095359529067447,10262285.827992694,874131.8607997253,11136417.68879242,14.622079999999965,6.93872958459998,2.450084999999994,24.01089458459994,7.626505919999979,0.3887789714285704,0.0,1.9761904761904767,7.009709608490454,18.5014,7.009709608490459,0.29193871072951744,17.22767627248303,0.8216165149618854,0.11667146592984799,200.60713160705873,1.6552073916117274,1630.13544,25000.0,500.0,0.0,0.0,0.0,9.094947017729282e-13,2.2737367544323206e-13,2.913225216616411e-13,False,7.958078640513122e-13,0.6069471270547896,12.13894254109579,-0.735998872713483,7.359988727134829,3.270960073680866,32.70960073680866,-0.23216462007504904,2.3216462007504903,0.04075550736093483,0.40755507360934823,13.59693553647587,9.064623690983913,A,S33_CAND_001_CALIBRATION_ANCHOR,deterministic_block_a_vattenfall_fraction_cases,central_hsm_central_pellet,true,true,,4.89,0.04172237070831965,1.23,-0.41189992783328727,151673.52,-0.06389581758094982,9107793.17,0.12675876981873696,102.1941,0.04518355648119255,1.5426,1.6069471270547895,0.0417134234764615,0.4489,0.264001127286517,-0.41189323393513705,4.5625,4.270960073680866,-0.06389916193296079,0.6815,0.767835379924951,0.12668434325011152,0.9958,1.040755507360935,0.04514511685171209,S3.3h phased C1 boundary and C0-preserving shared-parameter diagnostic,true,false,false,false,false,false,false,0.15455971918826747,0.13789208848449724,0.41189992783328727,false,false,false,true,9691.303565780545,-0.5066369112349434,0.20402239276368306,1.9761904761904767,0.7233630887650566,0.401,0.0443243482725431,0.172,-0.001802421883921569,0.427,-0.04089940771254163,8.618,1.8834,6.0,2.0,0.5,18.5014,16.5014,true,
S33H_A_090,block_a_c1_only_boundary_diagnostic,C1_phase1_hybrid_BF_BOF_NG_DRP_EAF,168.0,6200000.0,0.55,optimal,ok,appsi_highs,1.629367,not_reported_by_solver,62469624.00563377,46.83384206,0.22101204,2,false,outside_calibration_tolerance,3.85,1.0,0.0,1.0,1600.0,365.0,75.0,1.0,0.3715,1.0,44.0,2.15568,6199999.999999993,707.7625570776247,118904.10958904095,0.5500000000000003,0.4499999999999998,5.09402239276368,1.6506580558369948,3.4433643369266855,123652.6887396116,123652.6887396116,88344.47280734265,0.0,0.0,35308.21593226897,0.0,35308.21593226897,0.0,0.0,38.096057951635956,38.096057951635956,27.21797795163595,0.0,0.0,10.878080000000002,0.0,44.72992479999996,18.33848061394925,12.39611161293607,95.22209436457199,101.16446336558516,0.44215056663085606,0.18127393754542231,0.37657549582372163,9945481.86170699,688672.8673853372,10634154.729092328,14.622079999999988,6.938729584599995,2.4500849999999983,24.01089458459998,7.6265059199999925,0.3887789714285711,0.0,0.0,15.995609693171414,10.878080000000002,0.0,0.0,16.31684892993311,0.8216165149618848,0.26623517029628974,174.70928279983855,1.6041099776946777,1630.13544,25000.0,500.0,0.0,0.0,0.0,9.094947017729282e-13,2.2737367544323206e-13,3.126388037344441e-13,False,3.979039320256561e-13,0.6069471270547887,12.138942541095773,-0.39757005261423556,3.9757005261423553,2.719590452053871,27.195904520538708,-0.2558682371728292,2.558682371728292,-0.014269242235031634,0.14269242235031634,-1.0,0.6666666666666666,A,S33_CAND_001_CALIBRATION_ANCHOR,deterministic_block_a_sparse_grid,central_hsm_high_pellet,true,true,,4.89,0.0417223707083191,1.23,0.34199841937967057,151673.52,-0.18474438557494008,9107793.17,0.09197493575790004,102.1941,-0.010075304096957088,1.5426,1.6069471270547886,0.041713423476460926,0.4489,0.6024299473857645,0.34201369433228884,4.5625,3.7195904520538705,-0.1847472981799736,0.6815,0.7441317628271709,0.09190280678968579,0.9958,0.9857307577649683,-0.010111711423008329,S3.3h phased C1 boundary and C0-preserving shared-parameter diagnostic,true,false,false,false,false,false,false,0.15564780299918204,0.1341030831035574,0.34199841937967057,false,false,false,true,28020.831260388382,0.4206580558369948,0.2040223927636804,0.0,1.6506580558369948,0.401,0.10261986690986541,0.172,0.05391824154315308,0.427,-0.11809017371493762,8.618,2.26008,0.0,0.0,1.0,10.87808,10.87808,false,
S33H_A_060,block_a_c1_only_boundary_diagnostic,C1_phase1_hybrid_BF_BOF_NG_DRP_EAF,168.0,6200000.0,0.55,optimal,ok,appsi_highs,1.759938,not_reported_by_solver,62376058.356300116,46.51857656,0.22101204,2,false,outside_calibration_tolerance,3.85,1.0,0.0,1.0,1600.0,365.0,75.0,1.0,0.3715,1.0,44.0,2.15568,6199999.999999993,707.7625570776247,118904.10958904095,0.5500000000000003,0.4499999999999998,5.09402239276368,1.6506580558369948,3.4433643369266855,122430.05581382259,122430.05581382259,88344.47280734265,0.0,0.0,34085.583006479945,0.0,34085.583006479945,0.0,0.0,37.719377951635956,37.719377951635956,27.21797795163595,0.0,0.0,10.501400000000002,0.0,44.72992479999996,18.33848061394925,12.39611161293607,94.845414364572,100.78778336558517,0.44380304146339,0.18195142309490536,0.37424553544170464,9924350.113706991,688672.8673853372,10613022.981092328,14.622079999999988,6.938729584599995,2.4500849999999983,24.01089458459998,7.6265059199999925,0.3887789714285711,0.0,0.0,15.995609693171414,10.501400000000002,0.0,0.0,16.25609409122343,0.8216165149618848,0.26623517029628974,172.98182079501407,1.6007016312430649,1630.13544,25000.0,500.0,0.0,0.0,0.0,9.094947017729282e-13,2.2737367544323206e-13,3.126388037344441e-13,False,3.979039320256561e-13,0.6069471270547887,12.138942541095773,-0.39757005261423556,3.9757005261423553,2.682812491109503,26.828124911095028,-0.2574493375266898,2.574493375266898,-0.017939553424180042,0.1793955342418004,-1.0,0.6666666666666666,A,S33_CAND_001_CALIBRATION_ANCHOR,deterministic_block_a_sparse_grid,central_hsm_central_pellet,true,true,,4.89,0.0417223707083191,1.23,0.34199841937967057,151673.52,-0.19280533732043273,9107793.17,0.08965475263498887,102.1941,-0.013761231171024898,1.5426,1.6069471270547886,0.041713423476460926,0.4489,0.6024299473857645,0.34201369433228884,4.5625,3.6828124911095026,-0.19280822112668436,0.6815,0.7425506624733101,0.08958277692341915,0.9958,0.9820604465758199,-0.013797502936513452,S3.3h phased C1 boundary and C0-preserving shared-parameter diagnostic,true,false,false,false,false,false,false,0.15789066492741463,0.13598842224288724,0.34199841937967057,false,false,false,true,29243.4641861774,0.4206580558369948,0.2040223927636804,0.0,1.6506580558369948,0.401,0.10674075177902738,0.172,0.05785711101689173,0.427,-0.12354675540584392,8.618,1.8834,0.0,0.0,1.0,10.5014,10.5014,false,
S33H_A_103,block_a_vattenfall_lhv_interface_diagnostic,C1_phase1_hybrid_BF_BOF_NG_DRP_EAF,168.0,6200000.0,0.5033645161290323,optimal,ok,appsi_highs,2.05057,not_reported_by_solver,65384120.82460911,66.51359366,0.1376787,2,false,normal_flare_above_admissible_limit;outside_calibration_tolerance,3.85,1.0,0.0,1.0,1600.0,365.0,75.0,1.0,0.3715,0.5,44.0,2.15568,6199999.999999993,707.7625570776247,118904.10958904095,0.5033645161290324,0.49663548387096756,5.29527444417719,0.6533819640928133,4.641892480084377,144646.11717583626,144646.11717583626,97500.0000000004,0.0,0.0,47146.11717583584,0.0,47146.11717583584,0.0,0.0,44.563906523809656,44.56390652380965,30.038697000000123,0.0,0.0,14.525209523809524,0.0,40.937194460799965,19.062987999037883,16.71081292830376,102.21191391291339,104.56408898364751,0.3915033818847886,0.18230912911237715,0.42618748900283426,9732439.738953868,928378.4960168755,10660818.234970743,13.38224767999999,6.350382290731595,2.2423379099999985,21.974967880731583,6.979840840319995,0.3558137069714283,0.0,1.9761904761904767,6.331561428624839,16.5014,6.331561428624844,0.2881260834140548,16.865175642523813,0.8540765232543864,0.1053841877569055,204.37096555811726,1.569748344992561,1630.13544,25000.0,500.0,0.0,0.0,0.0,9.094947017729282e-13,2.2737367544323206e-13,3.055333763768431e-13,False,4.547473508864641e-13,0.6704335786047919,13.408671572095837,-0.7615394291632069,7.615394291632069,3.3510927409502593,33.51092740950259,-0.27180828035677146,2.7180828035677145,0.018856179727615774,0.18856179727615774,13.40630417070274,8.937536113801826,A,S33_CAND_001_CALIBRATION_ANCHOR,deterministic_block_a_vattenfall_fraction_cases,central_hsm_central_pellet,true,true,,4.89,0.08287820944318824,1.23,-0.4687951511440542,151673.52,-0.046332430500483725,9107793.17,0.06858374551273083,102.1941,0.023191054900894497,1.5426,1.670433578604792,0.08286890872863474,0.4489,0.23846057083679317,-0.4687891048411825,4.5625,4.35109274095026,-0.046335837599943065,0.6815,0.7281917196432286,0.06851316161882406,0.9958,1.0188561797276159,0.02315342410887313,S3.3h phased C1 boundary and C0-preserving shared-parameter diagnostic,true,false,false,false,false,false,false,0.15789073038727006,0.1379561183002703,0.4687951511440542,false,false,false,true,7027.402824163728,-0.5766180359071866,0.4052744441771905,1.9761904761904767,0.6533819640928133,0.401,-0.023682339439429944,0.172,0.05993679716498351,0.427,-0.0019028360589361298,8.618,1.8834,4.0,2.0,0.5,16.5014,14.5014,true,
S33H_A_111,block_a_vattenfall_lhv_interface_diagnostic,C1_phase1_hybrid_BF_BOF_NG_DRP_EAF,168.0,6200000.0,0.55,optimal,ok,appsi_highs,1.999265,not_reported_by_solver,64750060.0755266,62.07310606,0.1376787,2,false,normal_flare_above_admissible_limit;outside_calibration_tolerance,3.85,1.0,0.0,1.0,1600.0,365.0,75.0,1.0,0.3715,0.5,44.0,2.15568,6199999.999999993,707.7625570776247,118904.10958904095,0.5499999999999993,0.45000000000000073,5.0940223927636845,0.7233630887650566,4.370659303998628,135490.58998317868,135490.58998317868,88344.47280734283,0.0,0.0,47146.11717583584,0.0,47146.11717583584,0.0,0.0,41.74318747544554,41.74318747544553,27.21797795163601,0.0,0.0,14.525209523809524,0.0,44.72992479999988,18.338480613949265,15.73437349439506,102.20748576984047,104.81159288939469,0.42676505114469887,0.1749661474308615,0.3982688014244396,10150085.827992696,874131.8607997256,11024217.688792422,14.622079999999965,6.938729584599982,2.450084999999994,24.010894584599942,7.62650591999998,0.3887789714285705,0.0,1.9761904761904767,7.009709608490454,16.5014,7.009709608490459,0.2919387107295174,16.905095627321742,0.8216165149618856,0.11667146592984798,191.4350916536527,1.6371106174181789,1630.13544,25000.0,500.0,0.0,0.0,0.0,9.094947017729282e-13,2.5579538487363607e-13,2.5579538487363607e-13,False,4.547473508864641e-13,0.6069471270547901,12.138942541095803,-0.735998872713483,7.359988727134829,3.075685777491167,30.75685777491167,-0.2405595460273726,2.4055954602737257,0.021267819195126197,0.21267819195126195,13.596935536475868,9.064623690983913,A,S33_CAND_001_CALIBRATION_ANCHOR,deterministic_block_a_vattenfall_fraction_cases,central_hsm_central_pellet,true,true,,4.89,0.04172237070832001,1.23,-0.41189992783328727,151673.52,-0.10669581622963131,9107793.17,0.11443964948895478,102.1941,0.025612955047255005,1.5426,1.6069471270547901,0.04171342347646193,0.4489,0.264001127286517,-0.41189323393513705,4.5625,4.0756857774911674,-0.10669900767316878,0.6815,0.7594404539726274,0.11436603664362052,0.9958,1.021267819195126,0.02557523518289424,S3.3h phased C1 boundary and C0-preserving shared-parameter diagnostic,true,false,false,false,false,false,false,0.1599447652231513,0.1400741438614897,0.41189992783328727,false,false,false,true,16182.930016821309,-0.5066369112349434,0.20402239276368483,1.9761904761904767,0.7233630887650566,0.401,0.06425199786707941,0.172,0.01724504320268323,0.427,-0.06728617933386509,8.618,1.8834,4.0,2.0,0.5,16.5014,14.5014,true,
S33H_A_101,block_a_vattenfall_lhv_interface_diagnostic,C1_phase1_hybrid_BF_BOF_NG_DRP_EAF,168.0,6200000.0,0.5033645161290323,optimal,ok,appsi_highs,2.009835,not_reported_by_solver,64887329.65261349,64.46255325,0.1376787,2,false,normal_flare_above_admissible_limit;outside_calibration_tolerance,3.85,1.0,0.0,1.0,1600.0,365.0,75.0,1.0,0.3715,0.5,44.0,2.15568,6199999.999999993,707.7625570776247,118904.10958904095,0.5033645161290324,0.49663548387096756,5.29527444417719,0.6533819640928133,4.641892480084377,138154.49072479544,138154.49072479544,97500.0000000004,0.0,0.0,40654.49072479504,0.0,40654.49072479504,0.0,0.0,42.56390652380965,42.56390652380965,30.038697000000123,0.0,0.0,12.525209523809524,0.0,40.937194460799965,19.062987999037883,16.71081292830376,100.21191391291339,102.5640889836475,0.39913769884239764,0.18586415760078784,0.4149981435568145,9620239.738953868,928378.4960168755,10548618.234970743,13.38224767999999,6.350382290731595,2.2423379099999985,21.974967880731583,6.979840840319995,0.3558137069714283,0.0,1.9761904761904767,6.331561428624839,14.5014,6.331561428624844,0.2881260834140548,16.542594997362517,0.8540765232543864,0.1053841877569055,195.1989256047112,1.5516515707990128,1630.13544,25000.0,500.0,0.0,0.0,0.0,9.094947017729282e-13,2.2737367544323206e-13,3.055333763768431e-13,False,4.547473508864641e-13,0.6704335786047919,13.408671572095837,-0.7615394291632069,7.615394291632069,3.1558184447605586,31.558184447605584,-0.2802032063090951,2.802032063090951,-0.0006315084381934087,0.006315084381934086,13.40630417070274,8.937536113801826,A,S33_CAND_001_CALIBRATION_ANCHOR,deterministic_block_a_vattenfall_fraction_cases,central_hsm_central_pellet,true,true,,4.89,0.08287820944318824,1.23,-0.4687951511440542,151673.52,-0.0891324291491656,9107793.17,0.05626462518294846,102.1941,0.0036204534669563907,1.5426,1.670433578604792,0.08286890872863474,0.4489,0.23846057083679317,-0.4687891048411825,4.5625,4.155818444760559,-0.08913568334015144,0.6815,0.7197967936909049,0.05619485501233292,0.9958,0.9993684915618066,0.0035835424400548384,S3.3h phased C1 boundary and C0-preserving shared-parameter diagnostic,true,false,false,false,false,false,false,0.1632757764221538,0.14013817367726258,0.4687951511440542,false,false,false,true,13519.02927520455,-0.5766180359071866,0.4052744441771905,1.9761904761904767,0.6533819640928133,0.401,-0.0046441425376618104,0.172,0.08060556744644101,0.427,-0.028107392138607648,8.618,1.8834,2.0,2.0,0.5,14.5014,12.5014,false,
S33H_A_050,block_a_c1_only_boundary_diagnostic,C1_phase1_hybrid_BF_BOF_NG_DRP_EAF,168.0,6200000.0,0.55,optimal,ok,appsi_highs,1.94689,not_reported_by_solver,62113086.91731596,45.63250543,0.22101204,2,false,outside_calibration_tolerance,3.85,1.0,0.0,1.0,1600.0,365.0,75.0,1.0,0.3715,1.0,44.0,2.15568,6199999.999999993,707.7625570776247,118904.10958904095,0.5500000000000003,0.4499999999999998,5.09402239276368,1.6506580558369948,3.4433643369266855,118993.77826822866,118993.77826822866,88344.47280734265,0.0,0.0,30649.305460886004,0.0,30649.305460886004,0.0,0.0,36.66069795163596,36.66069795163596,27.21797795163595,0.0,0.0,9.442720000000001,0.0,44.72992479999996,18.33848061394925,12.39611161293607,93.78673436457197,99.72910336558516,0.44851425802987316,0.18388293883205162,0.36760280313807514,9864958.16570699,688672.8673853372,10553631.033092327,14.622079999999988,6.938729584599995,2.4500849999999983,24.01089458459998,7.6265059199999925,0.3887789714285711,0.0,0.0,15.995609693171414,9.442720000000001,0.0,0.0,16.085339252513755,0.8216165149618848,0.26623517029628974,168.12669316607813,1.591122284791452,1630.13544,25000.0,500.0,0.0,0.0,0.0,9.094947017729282e-13,2.2737367544323206e-13,3.126388037344441e-13,False,3.979039320256561e-13,0.6069471270547887,12.138942541095773,-0.39757005261423556,3.9757005261423553,2.579445995164447,25.79445995164447,-0.2618931076302929,2.6189310763029288,-0.028255166277869496,0.2825516627786949,-1.0,0.6666666666666666,A,S33_CAND_001_CALIBRATION_ANCHOR,deterministic_block_a_sparse_grid,low_hsm_low_pellet,true,true,,4.89,0.0417223707083191,1.23,0.34199841937967057,151673.52,-0.21546108860512586,9107793.17,0.0831337494796218,102.1941,-0.024120733334065714,1.5426,1.6069471270547886,0.041713423476460926,0.4489,0.6024299473857645,0.34201369433228884,4.5625,3.579445995164447,-0.21546389147080613,0.6815,0.7381068923697071,0.08306220450433906,0.9958,0.9717448337221305,-0.024156624099085682,S3.3h phased C1 boundary and C0-preserving shared-parameter diagnostic,true,false,false,false,false,false,false,0.16419435258320023,0.1412872723013606,0.34199841937967057,false,false,false,true,32679.741731771326,0.4206580558369948,0.2040223927636804,0.0,1.6506580558369948,0.401,0.11848942152088063,0.172,0.0690868536747188,0.427,-0.13910350553143994,7.936,1.50672,0.0,0.0,1.0,9.44272,9.44272,false,
S33H_A_109,block_a_vattenfall_lhv_interface_diagnostic,C1_phase1_hybrid_BF_BOF_NG_DRP_EAF,168.0,6200000.0,0.55,optimal,ok,appsi_highs,2.220525,not_reported_by_solver,64253268.90353098,60.00943548,0.1376787,2,false,normal_flare_above_admissible_limit;outside_calibration_tolerance,3.85,1.0,0.0,1.0,1600.0,365.0,75.0,1.0,0.3715,0.5,44.0,2.15568,6199999.999999992,707.7625570776246,118904.10958904093,0.5499999999999996,0.45000000000000046,5.094022392763683,0.723363088765057,4.370659303998626,128998.96353213782,128998.96353213782,88344.47280734277,0.0,0.0,40654.49072479504,0.0,40654.49072479504,0.0,0.0,39.74318747544552,39.74318747544552,27.21797795163599,0.0,0.0,12.525209523809524,0.0,44.7299247999999,18.338480613949255,15.734373494395054,100.20748576984047,102.81159288939467,0.43506693693697185,0.1783697742498543,0.38656328881317376,10037885.827992698,874131.8607997253,10912017.688792422,14.62207999999997,6.938729584599985,2.4500849999999947,24.010894584599953,7.6265059199999845,0.38877897142857065,0.0,1.9761904761904767,7.009709608490457,14.5014,7.0097096084904615,0.2919387107295174,16.582514982160454,0.8216165149618853,0.11667146592984803,182.2630517002466,1.6190138432246308,1630.13544,25000.0,500.0,0.0,0.0,0.0,9.094947017729282e-13,2.609194342066227e-13,2.7000623958883807e-13,False,2.2737367544323206e-12,0.6069471270547896,12.13894254109579,-0.7359988727134829,7.359988727134828,2.8804114813014654,28.804114813014653,-0.24895447197969614,2.489544719796961,0.0017801310293170138,0.017801310293170138,13.596935536475868,9.064623690983913,A,S33_CAND_001_CALIBRATION_ANCHOR,deterministic_block_a_vattenfall_fraction_cases,central_hsm_central_pellet,true,true,,4.89,0.04172237070831965,1.23,-0.41189992783328705,151673.52,-0.14949581487831348,9107793.17,0.10212052915917262,102.1941,0.0060423536133168984,1.5426,1.6069471270547895,0.0417134234764615,0.4489,0.2640011272865171,-0.4118932339351368,4.5625,3.880411481301465,-0.14949885341337754,0.6815,0.7510455280203039,0.1020477300371297,0.9958,1.001780131029317,0.0060053535140761685,S3.3h phased C1 boundary and C0-preserving shared-parameter diagnostic,true,false,false,false,false,false,false,0.165329811258035,0.14225619923848193,0.41189992783328705,false,false,false,true,22674.556467862174,-0.506636911234943,0.20402239276368306,1.9761904761904767,0.723363088765057,0.401,0.08495495495504195,0.172,0.03703357122008329,0.427,-0.09469955781458135,8.618,1.8834,2.0,2.0,0.5,14.5014,12.5014,false,
S33H_A_107,block_a_vattenfall_lhv_interface_diagnostic,C1_phase1_hybrid_BF_BOF_NG_DRP_EAF,168.0,6200000.0,0.5033645161290323,optimal,ok,appsi_highs,1.778967,not_reported_by_solver,65541176.46292724,65.41148025,0.1376787,2,false,normal_flare_above_admissible_limit;outside_calibration_tolerance,3.85,1.0,0.0,1.0,1600.0,365.0,75.0,1.0,0.3715,0.5,44.0,2.15568,6199999.999999993,707.7625570776247,118904.10958904095,0.5033645161290324,0.49663548387096756,5.29527444417719,0.551416024939374,4.7438584192378155,144723.39844311052,144723.39844311052,97500.0000000004,0.0,0.0,47223.398443110134,0.0,47223.398443110134,0.0,0.0,44.587716047619175,44.587716047619175,30.038697000000123,0.0,0.0,14.549019047619046,0.0,40.93719446079996,19.062987999037883,17.077890309256137,102.60280081767525,104.587898507457,0.3914142558078187,0.1822676262844952,0.4263181179076862,9733775.45323958,948771.6838475633,10682547.137087144,13.38224767999999,6.350382290731593,2.2423379099999985,21.974967880731583,6.979840840319993,0.3558137069714282,0.0,3.9523809523809534,5.3434661905296,18.5014,5.343466190529606,0.24316150173830028,16.869015888299536,0.8540765232543864,0.08893806853860882,204.48015650994353,1.5699637827805795,1630.13544,25000.0,500.0,0.0,0.0,0.0,9.094947017729282e-13,2.2737367544323206e-13,2.4158453015843406e-13,False,4.547473508864641e-13,0.6704335786047919,13.408671572095837,-0.7987532755695717,7.9875327556957165,3.3534174349525165,33.534174349525166,-0.27170834076210104,2.7170834076210104,0.01908817601530365,0.19088176015303648,11.158075086915014,7.43871672461001,A,S33_CAND_001_CALIBRATION_ANCHOR,deterministic_block_a_vattenfall_fraction_cases,central_hsm_central_pellet,true,true,,4.89,0.08287820944318824,1.23,-0.5516942886671756,151673.52,-0.04582290670704728,9107793.17,0.06873040170713282,102.1941,0.02342403825129819,1.5426,1.670433578604792,0.08286890872863474,0.4489,0.20124672443042846,-0.5516891859424627,4.5625,4.353417434952517,-0.045826315626845596,0.6815,0.728291659237899,0.06865980812604397,0.9958,1.0190881760153037,0.023386398890644346,S3.3h phased C1 boundary and C0-preserving shared-parameter diagnostic,true,false,false,false,false,false,false,0.1785514070771589,0.15450996895516844,0.5516942886671756,false,false,false,true,6950.1215568894695,-0.678583975060626,0.4052744441771905,3.9523809523809534,0.551416024939374,0.401,-0.023904598982995844,0.172,0.05969550165404191,0.427,-0.0015969135651376822,8.618,1.8834,4.0,4.0,0.5,18.5014,14.5014,true,
S33H_A_115,block_a_vattenfall_lhv_interface_diagnostic,C1_phase1_hybrid_BF_BOF_NG_DRP_EAF,168.0,6200000.0,0.55,optimal,ok,appsi_highs,2.054571,not_reported_by_solver,64907115.713844724,61.09808022,0.1376787,2,false,normal_flare_above_admissible_limit;outside_calibration_tolerance,3.85,1.0,0.0,1.0,1600.0,365.0,75.0,1.0,0.3715,0.5,44.0,2.15568,6199999.999999992,707.7625570776246,118904.10958904093,0.5499999999999999,0.45,5.094022392763681,0.6213971496116184,4.472625243152064,135567.87125045282,135567.87125045282,88344.47280734268,0.0,0.0,47223.398443110134,0.0,47223.398443110134,0.0,0.0,41.76699699925501,41.76699699925501,27.217977951635966,0.0,0.0,14.549019047619046,0.0,44.729924799999935,18.33848061394925,16.101450875347428,102.59837267460237,104.83540241320419,0.42666812708648627,0.1749264102756903,0.3984054626378235,10151421.542278416,894525.0486304127,11045946.59090883,14.622079999999983,6.938729584599989,2.450084999999997,24.01089458459997,7.62650591999999,0.38877897142857093,0.0,3.9523809523809534,6.021614370395225,18.5014,6.0216143703952305,0.25078675636922554,16.908935873097473,0.821616514961885,0.10022534671155148,191.54428260547877,1.6373260552061983,1630.13544,25000.0,500.0,0.0,0.0,0.0,9.094947017729282e-13,2.2737367544323206e-13,3.268496584496461e-13,False,4.547473508864641e-13,0.606947127054789,12.13894254109578,-0.7732127191198473,7.732127191198473,3.0780104714934207,30.780104714934204,-0.24045960643270162,2.404596064327016,0.02149981548281421,0.2149981548281421,11.539337818461277,7.6928918789741845,A,S33_CAND_001_CALIBRATION_ANCHOR,deterministic_block_a_vattenfall_fraction_cases,central_hsm_central_pellet,true,true,,4.89,0.04172237070831928,1.23,-0.4947990653564078,151673.52,-0.10618629243619564,9107793.17,0.1145863056833576,102.1941,0.025845938397658835,1.5426,1.606947127054789,0.04171342347646121,0.4489,0.22678728088015268,-0.49479331503641644,4.5625,4.078010471493421,-0.10618948570007208,0.6815,0.7595403935672984,0.1145126831508414,0.9958,1.021499815482814,0.025808209964665676,S3.3h phased C1 boundary and C0-preserving shared-parameter diagnostic,true,false,false,false,false,false,false,0.18060544191304015,0.15662799451638781,0.4947990653564078,false,false,false,true,16105.648749547167,-0.6086028503883816,0.20402239276368128,3.9523809523809534,0.6213971496116184,0.401,0.06401029198625,0.172,0.01701401323075769,0.427,-0.0669661296538091,8.618,1.8834,4.0,4.0,0.5,18.5014,14.5014,true,
