"MTU (CET/CEST)","Area","Day-ahead (MW)","Intraday (MW)","Current (MW)","Actual (MW)"
"01/01/2025 00:00:00 - 01/01/2025 01:00:00","Belgium (BE)","0.00","0.00","0.00","0.00"
"01/01/2025 01:00:00 - 01/01/2025 02:00:00","Belgium (BE)","0.00","0.00","0.00","0.00"
"01/01/2025 02:00:00 - 01/01/2025 03:00:00","Belgium (BE)","0.00","0.00","0.00","0.00"
"01/01/2025 03:00:00 - 01/01/2025 04:00:00","Belgium (BE)","0.00","0.00","0.00","0.00"
"01/01/2025 04:00:00 - 01/01/2025 05:00:00","Belgium (BE)","0.00","0.00","0.00","0.00"
"01/01/2025 05:00:00 - 01/01/2025 06:00:00","Belgium (BE)","0.00","0.00","0.00","0.00"
"01/01/2025 06:00:00 - 01/01/2025 07:00:00","Belgium (BE)","0.00","0.00","0.00","0.00"
"01/01/2025 07:00:00 - 01/01/2025 08:00:00","Belgium (BE)","0.00","0.00","0.00","0.00"
"01/01/2025 08:00:00 - 01/01/2025 09:00:00","Belgium (BE)","1.47","1.41","1.40","0.11"
"01/01/2025 09:00:00 - 01/01/2025 10:00:00","Belgium (BE)","69.11","65.34","64.84","61.91"
"01/01/2025 10:00:00 - 01/01/2025 11:00:00","Belgium (BE)","210.63","200.45","190.55","195.66"
"01/01/2025 11:00:00 - 01/01/2025 12:00:00","Belgium (BE)","330.63","324.50","319.86","247.39"
"01/01/2025 12:00:00 - 01/01/2025 13:00:00","Belgium (BE)","359.21","355.66","316.92","261.53"
"01/01/2025 13:00:00 - 01/01/2025 14:00:00","Belgium (BE)","314.44","323.84","261.08","218.27"
"01/01/2025 14:00:00 - 01/01/2025 15:00:00","Belgium (BE)","215.19","225.88","184.98","145.37"
"01/01/2025 15:00:00 - 01/01/2025 16:00:00","Belgium (BE)","102.59","108.17","92.20","47.44"
"01/01/2025 16:00:00 - 01/01/2025 17:00:00","Belgium (BE)","17.06","17.69","15.96","2.11"
"01/01/2025 17:00:00 - 01/01/2025 18:00:00","Belgium (BE)","0.00","0.00","0.00","0.00"
"01/01/2025 18:00:00 - 01/01/2025 19:00:00","Belgium (BE)","0.00","0.00","0.00","0.00"
"01/01/2025 19:00:00 - 01/01/2025 20:00:00","Belgium (BE)","0.00","0.00","0.00","0.00"
"01/01/2025 20:00:00 - 01/01/2025 21:00:00","Belgium (BE)","0.00","0.00","0.00","0.00"
"01/01/2025 21:00:00 - 01/01/2025 22:00:00","Belgium (BE)","0.00","0.00","0.00","0.00"
"01/01/2025 22:00:00 - 01/01/2025 23:00:00","Belgium (BE)","0.00","0.00","0.00","0.00"
"01/01/2025 23:00:00 - 02/01/2025 00:00:00","Belgium (BE)","0.00","0.00","0.00","0.00"
"02/01/2025 00:00:00 - 02/01/2025 01:00:00","Belgium (BE)","0.00","0.00","0.00","0.00"
"02/01/2025 01:00:00 - 02/01/2025 02:00:00","Belgium (BE)","0.00","0.00","0.00","0.00"
"02/01/2025 02:00:00 - 02/01/2025 03:00:00","Belgium (BE)","0.00","0.00","0.00","0.00"
"02/01/2025 03:00:00 - 02/01/2025 04:00:00","Belgium (BE)","0.00","0.00","0.00","0.00"
"02/01/2025 04:00:00 - 02/01/2025 05:00:00","Belgium (BE)","0.00","0.00","0.00","0.00"
"02/01/2025 05:00:00 - 02/01/2025 06:00:00","Belgium (BE)","0.00","0.00","0.00","0.00"
"02/01/2025 06:00:00 - 02/01/2025 07:00:00","Belgium (BE)","0.00","0.00","0.00","0.00"
"02/01/2025 07:00:00 - 02/01/2025 08:00:00","Belgium (BE)","0.00","0.00","0.00","0.00"
"02/01/2025 08:00:00 - 02/01/2025 09:00:00","Belgium (BE)","2.91","2.41","2.35","0.00"
"02/01/2025 09:00:00 - 02/01/2025 10:00:00","Belgium (BE)","256.71","241.37","231.19","250.24"
"02/01/2025 10:00:00 - 02/01/2025 11:00:00","Belgium (BE)","858.46","798.95","768.92","1121.37"
"02/01/2025 11:00:00 - 02/01/2025 12:00:00","Belgium (BE)","1387.79","1357.33","1577.16","2014.46"
"02/01/2025 12:00:00 - 02/01/2025 13:00:00","Belgium (BE)","1566.56","1662.53","2040.40","2100.75"
"02/01/2025 13:00:00 - 02/01/2025 14:00:00","Belgium (BE)","1503.74","1668.75","1901.89","1747.62"
"02/01/2025 14:00:00 - 02/01/2025 15:00:00","Belgium (BE)","1190.10","1312.66","1368.37","1400.14"
"02/01/2025 15:00:00 - 02/01/2025 16:00:00","Belgium (BE)","611.23","649.34","681.36","832.77"
"02/01/2025 16:00:00 - 02/01/2025 17:00:00","Belgium (BE)","88.54","92.01","102.02","90.89"
"02/01/2025 17:00:00 - 02/01/2025 18:00:00","Belgium (BE)","0.00","0.00","0.00","0.00"
"02/01/2025 18:00:00 - 02/01/2025 19:00:00","Belgium (BE)","0.00","0.00","0.00","0.00"
"02/01/2025 19:00:00 - 02/01/2025 20:00:00","Belgium (BE)","0.00","0.00","0.00","0.00"
"02/01/2025 20:00:00 - 02/01/2025 21:00:00","Belgium (BE)","0.00","0.00","0.00","0.00"
"02/01/2025 21:00:00 - 02/01/2025 22:00:00","Belgium (BE)","0.00","0.00","0.00","0.00"
"02/01/2025 22:00:00 - 02/01/2025 23:00:00","Belgium (BE)","0.00","0.00","0.00","0.00"
"02/01/2025 23:00:00 - 03/01/2025 00:00:00","Belgium (BE)","0.00","0.00","0.00","0.00"
"03/01/2025 00:00:00 - 03/01/2025 01:00:00","Belgium (BE)","0.00","0.00","0.00","0.00"
"03/01/2025 01:00:00 - 03/01/2025 02:00:00","Belgium (BE)","0.00","0.00","0.00","0.00"
"03/01/2025 02:00:00 - 03/01/2025 03:00:00","Belgium (BE)","0.00","0.00","0.00","0.00"
"03/01/2025 03:00:00 - 03/01/2025 04:00:00","Belgium (BE)","0.00","0.00","0.00","0.00"
"03/01/2025 04:00:00 - 03/01/2025 05:00:00","Belgium (BE)","0.00","0.00","0.00","0.00"
"03/01/2025 05:00:00 - 03/01/2025 06:00:00","Belgium (BE)","0.00","0.00","0.00","0.00"
"03/01/2025 06:00:00 - 03/01/2025 07:00:00","Belgium (BE)","0.00","0.00","0.00","0.00"
"03/01/2025 07:00:00 - 03/01/2025 08:00:00","Belgium (BE)","0.00","0.00","0.00","0.00"
"03/01/2025 08:00:00 - 03/01/2025 09:00:00","Belgium (BE)","6.37","6.50","6.59","0.07"
"03/01/2025 09:00:00 - 03/01/2025 10:00:00","Belgium (BE)","632.41","611.09","619.24","596.47"
"03/01/2025 10:00:00 - 03/01/2025 11:00:00","Belgium (BE)","1895.70","1804.13","1745.27","2070.37"
"03/01/2025 11:00:00 - 03/01/2025 12:00:00","Belgium (BE)","2997.71","2823.13","2948.83","3217.09"
"03/01/2025 12:00:00 - 03/01/2025 13:00:00","Belgium (BE)","3557.27","3132.86","3409.41","3290.61"
"03/01/2025 13:00:00 - 03/01/2025 14:00:00","Belgium (BE)","3296.22","2451.29","2638.51","1980.07"
"03/01/2025 14:00:00 - 03/01/2025 15:00:00","Belgium (BE)","2405.93","1506.23","1382.11","861.58"
"03/01/2025 15:00:00 - 03/01/2025 16:00:00","Belgium (BE)","1197.95","732.63","586.42","353.31"
"03/01/2025 16:00:00 - 03/01/2025 17:00:00","Belgium (BE)","184.21","103.64","75.20","64.60"
"03/01/2025 17:00:00 - 03/01/2025 18:00:00","Belgium (BE)","0.00","0.00","0.00","0.00"
"03/01/2025 18:00:00 - 03/01/2025 19:00:00","Belgium (BE)","0.00","0.00","0.00","0.00"
"03/01/2025 19:00:00 - 03/01/2025 20:00:00","Belgium (BE)","0.00","0.00","0.00","0.00"
"03/01/2025 20:00:00 - 03/01/2025 21:00:00","Belgium (BE)","0.00","0.00","0.00","0.00"
"03/01/2025 21:00:00 - 03/01/2025 22:00:00","Belgium (BE)","0.00","0.00","0.00","0.00"
"03/01/2025 22:00:00 - 03/01/2025 23:00:00","Belgium (BE)","0.00","0.00","0.00","0.00"
"03/01/2025 23:00:00 - 04/01/2025 00:00:00","Belgium (BE)","0.00","0.00","0.00","0.00"
"04/01/2025 00:00:00 - 04/01/2025 01:00:00","Belgium (BE)","0.00","0.00","0.00","0.00"
"04/01/2025 01:00:00 - 04/01/2025 02:00:00","Belgium (BE)","0.00","0.00","0.00","0.00"
"04/01/2025 02:00:00 - 04/01/2025 03:00:00","Belgium (BE)","0.00","0.00","0.00","0.00"
"04/01/2025 03:00:00 - 04/01/2025 04:00:00","Belgium (BE)","0.00","0.00","0.00","0.00"
"04/01/2025 04:00:00 - 04/01/2025 05:00:00","Belgium (BE)","0.00","0.00","0.00","0.00"
"04/01/2025 05:00:00 - 04/01/2025 06:00:00","Belgium (BE)","0.00","0.00","0.00","0.00"
"04/01/2025 06:00:00 - 04/01/2025 07:00:00","Belgium (BE)","0.00","0.00","0.00","0.00"
"04/01/2025 07:00:00 - 04/01/2025 08:00:00","Belgium (BE)","0.00","0.00","0.00","0.00"
"04/01/2025 08:00:00 - 04/01/2025 09:00:00","Belgium (BE)","2.67","3.16","3.16","0.17"
"04/01/2025 09:00:00 - 04/01/2025 10:00:00","Belgium (BE)","161.61","219.93","219.24","185.42"
"04/01/2025 10:00:00 - 04/01/2025 11:00:00","Belgium (BE)","561.54","758.42","734.88","644.83"
"04/01/2025 11:00:00 - 04/01/2025 12:00:00","Belgium (BE)","973.11","1227.70","1135.80","1314.03"
"04/01/2025 12:00:00 - 04/01/2025 13:00:00","Belgium (BE)","1295.66","1395.17","1267.82","1547.71"
"04/01/2025 13:00:00 - 04/01/2025 14:00:00","Belgium (BE)","1243.62","1217.93","1319.72","1351.97"
"04/01/2025 14:00:00 - 04/01/2025 15:00:00","Belgium (BE)","925.27","863.09","964.91","1030.33"
"04/01/2025 15:00:00 - 04/01/2025 16:00:00","Belgium (BE)","444.46","414.13","448.81","417.08"
"04/01/2025 16:00:00 - 04/01/2025 17:00:00","Belgium (BE)","61.05","55.86","52.37","57.77"
"04/01/2025 17:00:00 - 04/01/2025 18:00:00","Belgium (BE)","0.00","0.00","0.00","0.00"
"04/01/2025 18:00:00 - 04/01/2025 19:00:00","Belgium (BE)","0.00","0.00","0.00","0.00"
"04/01/2025 19:00:00 - 04/01/2025 20:00:00","Belgium (BE)","0.00","0.00","0.00","0.00"
"04/01/2025 20:00:00 - 04/01/2025 21:00:00","Belgium (BE)","0.00","0.00","0.00","0.00"
"04/01/2025 21:00:00 - 04/01/2025 22:00:00","Belgium (BE)","0.00","0.00","0.00","0.00"
"04/01/2025 22:00:00 - 04/01/2025 23:00:00","Belgium (BE)","0.00","0.00","0.00","0.00"
"04/01/2025 23:00:00 - 05/01/2025 00:00:00","Belgium (BE)","0.00","0.00","0.00","0.00"
"05/01/2025 00:00:00 - 05/01/2025 01:00:00","Belgium (BE)","0.00","0.00","0.00","0.00"
"05/01/2025 01:00:00 - 05/01/2025 02:00:00","Belgium (BE)","0.00","0.00","0.00","0.00"
"05/01/2025 02:00:00 - 05/01/2025 03:00:00","Belgium (BE)","0.00","0.00","0.00","0.00"
"05/01/2025 03:00:00 - 05/01/2025 04:00:00","Belgium (BE)","0.00","0.00","0.00","0.00"
"05/01/2025 04:00:00 - 05/01/2025 05:00:00","Belgium (BE)","0.00","0.00","0.00","0.00"
"05/01/2025 05:00:00 - 05/01/2025 06:00:00","Belgium (BE)","0.00","0.00","0.00","0.00"
"05/01/2025 06:00:00 - 05/01/2025 07:00:00","Belgium (BE)","0.00","0.00","0.00","0.00"
"05/01/2025 07:00:00 - 05/01/2025 08:00:00","Belgium (BE)","0.00","0.00","0.00","0.00"
"05/01/2025 08:00:00 - 05/01/2025 09:00:00","Belgium (BE)","0.64","0.52","0.50","0.01"
"05/01/2025 09:00:00 - 05/01/2025 10:00:00","Belgium (BE)","28.26","25.67","25.69","9.90"
"05/01/2025 10:00:00 - 05/01/2025 11:00:00","Belgium (BE)","81.14","78.11","75.69","95.90"
"05/01/2025 11:00:00 - 05/01/2025 12:00:00","Belgium (BE)","122.30","124.25","121.30","227.02"
"05/01/2025 12:00:00 - 05/01/2025 13:00:00","Belgium (BE)","156.51","152.87","177.26","224.10"
"05/01/2025 13:00:00 - 05/01/2025 14:00:00","Belgium (BE)","167.64","168.02","189.53","183.41"
"05/01/2025 14:00:00 - 05/01/2025 15:00:00","Belgium (BE)","136.24","142.16","156.52","146.94"
"05/01/2025 15:00:00 - 05/01/2025 16:00:00","Belgium (BE)","71.66","74.87","75.99","67.93"
"05/01/2025 16:00:00 - 05/01/2025 17:00:00","Belgium (BE)","14.72","15.11","14.83","5.07"
"05/01/2025 17:00:00 - 05/01/2025 18:00:00","Belgium (BE)","0.00","0.00","0.00","0.00"
"05/01/2025 18:00:00 - 05/01/2025 19:00:00","Belgium (BE)","0.00","0.00","0.00","0.00"
"05/01/2025 19:00:00 - 05/01/2025 20:00:00","Belgium (BE)","0.00","0.00","0.00","0.00"
"05/01/2025 20:00:00 - 05/01/2025 21:00:00","Belgium (BE)","0.00","0.00","0.00","0.00"
"05/01/2025 21:00:00 - 05/01/2025 22:00:00","Belgium (BE)","0.00","0.00","0.00","0.00"
"05/01/2025 22:00:00 - 05/01/2025 23:00:00","Belgium (BE)","0.00","0.00","0.00","0.00"
"05/01/2025 23:00:00 - 06/01/2025 00:00:00","Belgium (BE)","0.00","0.00","0.00","0.00"
"06/01/2025 00:00:00 - 06/01/2025 01:00:00","Belgium (BE)","0.00","0.00","0.00","0.00"
"06/01/2025 01:00:00 - 06/01/2025 02:00:00","Belgium (BE)","0.00","0.00","0.00","0.00"
"06/01/2025 02:00:00 - 06/01/2025 03:00:00","Belgium (BE)","0.00","0.00","0.00","0.00"
"06/01/2025 03:00:00 - 06/01/2025 04:00:00","Belgium (BE)","0.00","0.00","0.00","0.00"
"06/01/2025 04:00:00 - 06/01/2025 05:00:00","Belgium (BE)","0.00","0.00","0.00","0.00"
"06/01/2025 05:00:00 - 06/01/2025 06:00:00","Belgium (BE)","0.00","0.00","0.00","0.00"
"06/01/2025 06:00:00 - 06/01/2025 07:00:00","Belgium (BE)","0.00","0.00","0.00","0.00"
"06/01/2025 07:00:00 - 06/01/2025 08:00:00","Belgium (BE)","0.00","0.00","0.00","0.00"
"06/01/2025 08:00:00 - 06/01/2025 09:00:00","Belgium (BE)","3.24","1.63","1.54","0.16"
"06/01/2025 09:00:00 - 06/01/2025 10:00:00","Belgium (BE)","255.64","85.45","73.77","73.83"
"06/01/2025 10:00:00 - 06/01/2025 11:00:00","Belgium (BE)","680.78","272.97","242.96","346.43"
"06/01/2025 11:00:00 - 06/01/2025 12:00:00","Belgium (BE)","815.99","522.73","549.72","534.65"
"06/01/2025 12:00:00 - 06/01/2025 13:00:00","Belgium (BE)","580.62","481.90","544.88","498.90"
"06/01/2025 13:00:00 - 06/01/2025 14:00:00","Belgium (BE)","414.41","342.49","401.51","494.10"
"06/01/2025 14:00:00 - 06/01/2025 15:00:00","Belgium (BE)","286.71","278.27","375.99","442.01"
"06/01/2025 15:00:00 - 06/01/2025 16:00:00","Belgium (BE)","141.36","142.11","187.08","281.32"
"06/01/2025 16:00:00 - 06/01/2025 17:00:00","Belgium (BE)","27.33","28.06","35.41","67.09"
"06/01/2025 17:00:00 - 06/01/2025 18:00:00","Belgium (BE)","0.00","0.00","0.00","0.19"
"06/01/2025 18:00:00 - 06/01/2025 19:00:00","Belgium (BE)","0.00","0.00","0.00","0.00"
"06/01/2025 19:00:00 - 06/01/2025 20:00:00","Belgium (BE)","0.00","0.00","0.00","0.00"
"06/01/2025 20:00:00 - 06/01/2025 21:00:00","Belgium (BE)","0.00","0.00","0.00","0.00"
"06/01/2025 21:00:00 - 06/01/2025 22:00:00","Belgium (BE)","0.00","0.00","0.00","0.00"
"06/01/2025 22:00:00 - 06/01/2025 23:00:00","Belgium (BE)","0.00","0.00","0.00","0.00"
"06/01/2025 23:00:00 - 07/01/2025 00:00:00","Belgium (BE)","0.00","0.00","0.00","0.00"
"07/01/2025 00:00:00 - 07/01/2025 01:00:00","Belgium (BE)","0.00","0.00","0.00","0.00"
"07/01/2025 01:00:00 - 07/01/2025 02:00:00","Belgium (BE)","0.00","0.00","0.00","0.00"
"07/01/2025 02:00:00 - 07/01/2025 03:00:00","Belgium (BE)","0.00","0.00","0.00","0.00"
"07/01/2025 03:00:00 - 07/01/2025 04:00:00","Belgium (BE)","0.00","0.00","0.00","0.00"
"07/01/2025 04:00:00 - 07/01/2025 05:00:00","Belgium (BE)","0.00","0.00","0.00","0.00"
"07/01/2025 05:00:00 - 07/01/2025 06:00:00","Belgium (BE)","0.00","0.00","0.00","0.00"
"07/01/2025 06:00:00 - 07/01/2025 07:00:00","Belgium (BE)","0.00","0.00","0.00","0.00"
"07/01/2025 07:00:00 - 07/01/2025 08:00:00","Belgium (BE)","0.00","0.00","0.00","0.00"
"07/01/2025 08:00:00 - 07/01/2025 09:00:00","Belgium (BE)","5.92","4.76","4.71","0.23"
"07/01/2025 09:00:00 - 07/01/2025 10:00:00","Belgium (BE)","428.65","352.87","345.73","290.40"
"07/01/2025 10:00:00 - 07/01/2025 11:00:00","Belgium (BE)","1061.34","1012.05","1057.78","1023.47"
"07/01/2025 11:00:00 - 07/01/2025 12:00:00","Belgium (BE)","982.19","1381.38","1604.73","1412.98"
"07/01/2025 12:00:00 - 07/01/2025 13:00:00","Belgium (BE)","671.09","1207.52","1277.56","843.24"
"07/01/2025 13:00:00 - 07/01/2025 14:00:00","Belgium (BE)","643.36","1011.71","525.04","522.70"
"07/01/2025 14:00:00 - 07/01/2025 15:00:00","Belgium (BE)","718.15","765.40","251.90","487.19"
"07/01/2025 15:00:00 - 07/01/2025 16:00:00","Belgium (BE)","413.94","411.58","128.27","331.84"
"07/01/2025 16:00:00 - 07/01/2025 17:00:00","Belgium (BE)","82.15","80.42","23.48","41.23"
"07/01/2025 17:00:00 - 07/01/2025 18:00:00","Belgium (BE)","0.00","0.00","0.00","0.03"
"07/01/2025 18:00:00 - 07/01/2025 19:00:00","Belgium (BE)","0.00","0.00","0.00","0.00"
"07/01/2025 19:00:00 - 07/01/2025 20:00:00","Belgium (BE)","0.00","0.00","0.00","0.00"
"07/01/2025 20:00:00 - 07/01/2025 21:00:00","Belgium (BE)","0.00","0.00","0.00","0.00"
"07/01/2025 21:00:00 - 07/01/2025 22:00:00","Belgium (BE)","0.00","0.00","0.00","0.00"
"07/01/2025 22:00:00 - 07/01/2025 23:00:00","Belgium (BE)","0.00","0.00","0.00","0.00"
"07/01/2025 23:00:00 - 08/01/2025 00:00:00","Belgium (BE)","0.00","0.00","0.00","0.00"
"08/01/2025 00:00:00 - 08/01/2025 01:00:00","Belgium (BE)","0.00","0.00","0.00","0.00"
"08/01/2025 01:00:00 - 08/01/2025 02:00:00","Belgium (BE)","0.00","0.00","0.00","0.00"
"08/01/2025 02:00:00 - 08/01/2025 03:00:00","Belgium (BE)","0.00","0.00","0.00","0.00"
"08/01/2025 03:00:00 - 08/01/2025 04:00:00","Belgium (BE)","0.00","0.00","0.00","0.00"
"08/01/2025 04:00:00 - 08/01/2025 05:00:00","Belgium (BE)","0.00","0.00","0.00","0.00"
"08/01/2025 05:00:00 - 08/01/2025 06:00:00","Belgium (BE)","0.00","0.00","0.00","0.00"
"08/01/2025 06:00:00 - 08/01/2025 07:00:00","Belgium (BE)","0.00","0.00","0.00","0.00"
"08/01/2025 07:00:00 - 08/01/2025 08:00:00","Belgium (BE)","0.00","0.00","0.00","0.00"
"08/01/2025 08:00:00 - 08/01/2025 09:00:00","Belgium (BE)","4.21","5.19","4.37","0.61"
"08/01/2025 09:00:00 - 08/01/2025 10:00:00","Belgium (BE)","305.20","307.28","226.36","273.18"
"08/01/2025 10:00:00 - 08/01/2025 11:00:00","Belgium (BE)","885.54","849.68","741.77","642.75"
"08/01/2025 11:00:00 - 08/01/2025 12:00:00","Belgium (BE)","1174.26","966.74","937.78","831.43"
"08/01/2025 12:00:00 - 08/01/2025 13:00:00","Belgium (BE)","1051.24","690.32","555.46","946.55"
"08/01/2025 13:00:00 - 08/01/2025 14:00:00","Belgium (BE)","608.11","408.54","561.00","986.43"
"08/01/2025 14:00:00 - 08/01/2025 15:00:00","Belgium (BE)","274.72","228.76","458.12","490.87"
"08/01/2025 15:00:00 - 08/01/2025 16:00:00","Belgium (BE)","126.99","113.00","210.02","213.02"
"08/01/2025 16:00:00 - 08/01/2025 17:00:00","Belgium (BE)","25.59","23.89","35.98","13.83"
"08/01/2025 17:00:00 - 08/01/2025 18:00:00","Belgium (BE)","0.00","0.00","0.00","0.00"
"08/01/2025 18:00:00 - 08/01/2025 19:00:00","Belgium (BE)","0.00","0.00","0.00","0.00"
"08/01/2025 19:00:00 - 08/01/2025 20:00:00","Belgium (BE)","0.00","0.00","0.00","0.00"
"08/01/2025 20:00:00 - 08/01/2025 21:00:00","Belgium (BE)","0.00","0.00","0.00","0.00"
"08/01/2025 21:00:00 - 08/01/2025 22:00:00","Belgium (BE)","0.00","0.00","0.00","0.00"
"08/01/2025 22:00:00 - 08/01/2025 23:00:00","Belgium (BE)","0.00","0.00","0.00","0.00"
"08/01/2025 23:00:00 - 09/01/2025 00:00:00","Belgium (BE)","0.00","0.00","0.00","0.00"
"09/01/2025 00:00:00 - 09/01/2025 01:00:00","Belgium (BE)","0.00","0.00","0.00","0.00"
"09/01/2025 01:00:00 - 09/01/2025 02:00:00","Belgium (BE)","0.00","0.00","0.00","0.00"
"09/01/2025 02:00:00 - 09/01/2025 03:00:00","Belgium (BE)","0.00","0.00","0.00","0.00"
"09/01/2025 03:00:00 - 09/01/2025 04:00:00","Belgium (BE)","0.00","0.00","0.00","0.00"
"09/01/2025 04:00:00 - 09/01/2025 05:00:00","Belgium (BE)","0.00","0.00","0.00","0.00"
"09/01/2025 05:00:00 - 09/01/2025 06:00:00","Belgium (BE)","0.00","0.00","0.00","0.00"
"09/01/2025 06:00:00 - 09/01/2025 07:00:00","Belgium (BE)","0.00","0.00","0.00","0.00"
"09/01/2025 07:00:00 - 09/01/2025 08:00:00","Belgium (BE)","0.00","0.00","0.00","0.00"
"09/01/2025 08:00:00 - 09/01/2025 09:00:00","Belgium (BE)","1.03","0.72","0.71","0.08"
"09/01/2025 09:00:00 - 09/01/2025 10:00:00","Belgium (BE)","62.27","42.27","37.37","4.89"
"09/01/2025 10:00:00 - 09/01/2025 11:00:00","Belgium (BE)","219.54","153.21","136.65","83.33"
"09/01/2025 11:00:00 - 09/01/2025 12:00:00","Belgium (BE)","529.26","410.27","310.25","427.39"
"09/01/2025 12:00:00 - 09/01/2025 13:00:00","Belgium (BE)","885.41","667.48","510.03","630.39"
"09/01/2025 13:00:00 - 09/01/2025 14:00:00","Belgium (BE)","1019.69","610.94","617.74","432.43"
"09/01/2025 14:00:00 - 09/01/2025 15:00:00","Belgium (BE)","794.39","447.10","446.46","582.70"
"09/01/2025 15:00:00 - 09/01/2025 16:00:00","Belgium (BE)","430.88","245.49","269.63","720.21"
"09/01/2025 16:00:00 - 09/01/2025 17:00:00","Belgium (BE)","87.73","48.98","66.28","188.13"
"09/01/2025 17:00:00 - 09/01/2025 18:00:00","Belgium (BE)","0.00","0.00","0.00","0.02"
"09/01/2025 18:00:00 - 09/01/2025 19:00:00","Belgium (BE)","0.00","0.00","0.00","0.00"
"09/01/2025 19:00:00 - 09/01/2025 20:00:00","Belgium (BE)","0.00","0.00","0.00","0.00"
"09/01/2025 20:00:00 - 09/01/2025 21:00:00","Belgium (BE)","0.00","0.00","0.00","0.00"
"09/01/2025 21:00:00 - 09/01/2025 22:00:00","Belgium (BE)","0.00","0.00","0.00","0.00"
"09/01/2025 22:00:00 - 09/01/2025 23:00:00","Belgium (BE)","0.00","0.00","0.00","0.00"
"09/01/2025 23:00:00 - 10/01/2025 00:00:00","Belgium (BE)","0.00","0.00","0.00","0.00"
"10/01/2025 00:00:00 - 10/01/2025 01:00:00","Belgium (BE)","0.00","0.00","0.00","0.00"
"10/01/2025 01:00:00 - 10/01/2025 02:00:00","Belgium (BE)","0.00","0.00","0.00","0.00"
"10/01/2025 02:00:00 - 10/01/2025 03:00:00","Belgium (BE)","0.00","0.00","0.00","0.00"
"10/01/2025 03:00:00 - 10/01/2025 04:00:00","Belgium (BE)","0.00","0.00","0.00","0.00"
"10/01/2025 04:00:00 - 10/01/2025 05:00:00","Belgium (BE)","0.00","0.00","0.00","0.00"
"10/01/2025 05:00:00 - 10/01/2025 06:00:00","Belgium (BE)","0.00","0.00","0.00","0.00"
"10/01/2025 06:00:00 - 10/01/2025 07:00:00","Belgium (BE)","0.00","0.00","0.00","0.00"
"10/01/2025 07:00:00 - 10/01/2025 08:00:00","Belgium (BE)","0.00","0.00","0.00","0.00"
"10/01/2025 08:00:00 - 10/01/2025 09:00:00","Belgium (BE)","6.61","7.68","7.57","0.33"
"10/01/2025 09:00:00 - 10/01/2025 10:00:00","Belgium (BE)","422.37","473.09","468.98","369.34"
"10/01/2025 10:00:00 - 10/01/2025 11:00:00","Belgium (BE)","1224.55","1347.38","1306.13","1260.79"
"10/01/2025 11:00:00 - 10/01/2025 12:00:00","Belgium (BE)","1942.99","2114.62","2081.02","2119.55"
"10/01/2025 12:00:00 - 10/01/2025 13:00:00","Belgium (BE)","2340.51","2534.07","2433.98","2553.32"
"10/01/2025 13:00:00 - 10/01/2025 14:00:00","Belgium (BE)","2210.70","2434.37","2505.94","2661.04"
"10/01/2025 14:00:00 - 10/01/2025 15:00:00","Belgium (BE)","1677.96","1953.52","1942.72","2004.19"
"10/01/2025 15:00:00 - 10/01/2025 16:00:00","Belgium (BE)","870.42","1047.53","972.23","1059.26"
"10/01/2025 16:00:00 - 10/01/2025 17:00:00","Belgium (BE)","180.34","227.21","196.72","117.69"
"10/01/2025 17:00:00 - 10/01/2025 18:00:00","Belgium (BE)","0.00","0.00","0.00","0.00"
"10/01/2025 18:00:00 - 10/01/2025 19:00:00","Belgium (BE)","0.00","0.00","0.00","0.00"
"10/01/2025 19:00:00 - 10/01/2025 20:00:00","Belgium (BE)","0.00","0.00","0.00","0.00"
"10/01/2025 20:00:00 - 10/01/2025 21:00:00","Belgium (BE)","0.00","0.00","0.00","0.00"
"10/01/2025 21:00:00 - 10/01/2025 22:00:00","Belgium (BE)","0.00","0.00","0.00","0.00"
"10/01/2025 22:00:00 - 10/01/2025 23:00:00","Belgium (BE)","0.00","0.00","0.00","0.00"
"10/01/2025 23:00:00 - 11/01/2025 00:00:00","Belgium (BE)","0.00","0.00","0.00","0.00"
"11/01/2025 00:00:00 - 11/01/2025 01:00:00","Belgium (BE)","0.00","0.00","0.00","0.00"
"11/01/2025 01:00:00 - 11/01/2025 02:00:00","Belgium (BE)","0.00","0.00","0.00","0.00"
"11/01/2025 02:00:00 - 11/01/2025 03:00:00","Belgium (BE)","0.00","0.00","0.00","0.00"
"11/01/2025 03:00:00 - 11/01/2025 04:00:00","Belgium (BE)","0.00","0.00","0.00","0.00"
"11/01/2025 04:00:00 - 11/01/2025 05:00:00","Belgium (BE)","0.00","0.00","0.00","0.00"
"11/01/2025 05:00:00 - 11/01/2025 06:00:00","Belgium (BE)","0.00","0.00","0.00","0.00"
"11/01/2025 06:00:00 - 11/01/2025 07:00:00","Belgium (BE)","0.00","0.00","0.00","0.00"
"11/01/2025 07:00:00 - 11/01/2025 08:00:00","Belgium (BE)","0.00","0.00","0.00","0.00"
"11/01/2025 08:00:00 - 11/01/2025 09:00:00","Belgium (BE)","3.49","2.31","2.46","0.33"
"11/01/2025 09:00:00 - 11/01/2025 10:00:00","Belgium (BE)","225.76","134.32","159.56","240.42"
"11/01/2025 10:00:00 - 11/01/2025 11:00:00","Belgium (BE)","683.16","432.67","520.47","694.38"
"11/01/2025 11:00:00 - 11/01/2025 12:00:00","Belgium (BE)","1102.58","690.26","883.67","1240.70"
"11/01/2025 12:00:00 - 11/01/2025 13:00:00","Belgium (BE)","1346.93","867.99","1071.05","1510.99"
"11/01/2025 13:00:00 - 11/01/2025 14:00:00","Belgium (BE)","1417.09","910.16","1160.30","1463.78"
"11/01/2025 14:00:00 - 11/01/2025 15:00:00","Belgium (BE)","1215.47","734.17","941.35","1122.72"
"11/01/2025 15:00:00 - 11/01/2025 16:00:00","Belgium (BE)","666.93","408.14","497.77","622.95"
"11/01/2025 16:00:00 - 11/01/2025 17:00:00","Belgium (BE)","145.32","85.01","102.83","114.03"
"11/01/2025 17:00:00 - 11/01/2025 18:00:00","Belgium (BE)","0.00","0.00","0.00","0.00"
"11/01/2025 18:00:00 - 11/01/2025 19:00:00","Belgium (BE)","0.00","0.00","0.00","0.00"
"11/01/2025 19:00:00 - 11/01/2025 20:00:00","Belgium (BE)","0.00","0.00","0.00","0.00"
"11/01/2025 20:00:00 - 11/01/2025 21:00:00","Belgium (BE)","0.00","0.00","0.00","0.00"
"11/01/2025 21:00:00 - 11/01/2025 22:00:00","Belgium (BE)","0.00","0.00","0.00","0.00"
"11/01/2025 22:00:00 - 11/01/2025 23:00:00","Belgium (BE)","0.00","0.00","0.00","0.00"
"11/01/2025 23:00:00 - 12/01/2025 00:00:00","Belgium (BE)","0.00","0.00","0.00","0.00"
"12/01/2025 00:00:00 - 12/01/2025 01:00:00","Belgium (BE)","0.00","0.00","0.00","0.00"
"12/01/2025 01:00:00 - 12/01/2025 02:00:00","Belgium (BE)","0.00","0.00","0.00","0.00"
"12/01/2025 02:00:00 - 12/01/2025 03:00:00","Belgium (BE)","0.00","0.00","0.00","0.00"
"12/01/2025 03:00:00 - 12/01/2025 04:00:00","Belgium (BE)","0.00","0.00","0.00","0.00"
"12/01/2025 04:00:00 - 12/01/2025 05:00:00","Belgium (BE)","0.00","0.00","0.00","0.00"
"12/01/2025 05:00:00 - 12/01/2025 06:00:00","Belgium (BE)","0.00","0.00","0.00","0.00"
"12/01/2025 06:00:00 - 12/01/2025 07:00:00","Belgium (BE)","0.00","0.00","0.00","0.00"
"12/01/2025 07:00:00 - 12/01/2025 08:00:00","Belgium (BE)","0.00","0.00","0.00","0.00"
"12/01/2025 08:00:00 - 12/01/2025 09:00:00","Belgium (BE)","4.24","2.58","2.60","0.36"
"12/01/2025 09:00:00 - 12/01/2025 10:00:00","Belgium (BE)","207.23","126.44","138.64","181.56"
"12/01/2025 10:00:00 - 12/01/2025 11:00:00","Belgium (BE)","632.17","406.99","535.38","528.30"
"12/01/2025 11:00:00 - 12/01/2025 12:00:00","Belgium (BE)","964.74","614.16","729.41","1044.53"
"12/01/2025 12:00:00 - 12/01/2025 13:00:00","Belgium (BE)","1169.08","713.98","955.85","1541.66"
"12/01/2025 13:00:00 - 12/01/2025 14:00:00","Belgium (BE)","1195.92","716.39","1140.31","1538.69"
"12/01/2025 14:00:00 - 12/01/2025 15:00:00","Belgium (BE)","965.80","576.18","941.14","1316.72"
"12/01/2025 15:00:00 - 12/01/2025 16:00:00","Belgium (BE)","512.98","331.25","531.17","637.64"
"12/01/2025 16:00:00 - 12/01/2025 17:00:00","Belgium (BE)","106.33","69.90","100.91","80.26"
"12/01/2025 17:00:00 - 12/01/2025 18:00:00","Belgium (BE)","0.01","0.01","0.01","0.00"
"12/01/2025 18:00:00 - 12/01/2025 19:00:00","Belgium (BE)","0.00","0.00","0.00","0.00"
"12/01/2025 19:00:00 - 12/01/2025 20:00:00","Belgium (BE)","0.00","0.00","0.00","0.00"
"12/01/2025 20:00:00 - 12/01/2025 21:00:00","Belgium (BE)","0.00","0.00","0.00","0.00"
"12/01/2025 21:00:00 - 12/01/2025 22:00:00","Belgium (BE)","0.00","0.00","0.00","0.00"
"12/01/2025 22:00:00 - 12/01/2025 23:00:00","Belgium (BE)","0.00","0.00","0.00","0.00"
"12/01/2025 23:00:00 - 13/01/2025 00:00:00","Belgium (BE)","0.00","0.00","0.00","0.00"
"13/01/2025 00:00:00 - 13/01/2025 01:00:00","Belgium (BE)","0.00","0.00","0.00","0.00"
"13/01/2025 01:00:00 - 13/01/2025 02:00:00","Belgium (BE)","0.00","0.00","0.00","0.00"
"13/01/2025 02:00:00 - 13/01/2025 03:00:00","Belgium (BE)","0.00","0.00","0.00","0.00"
"13/01/2025 03:00:00 - 13/01/2025 04:00:00","Belgium (BE)","0.00","0.00","0.00","0.00"
"13/01/2025 04:00:00 - 13/01/2025 05:00:00","Belgium (BE)","0.00","0.00","0.00","0.00"
"13/01/2025 05:00:00 - 13/01/2025 06:00:00","Belgium (BE)","0.00","0.00","0.00","0.00"
"13/01/2025 06:00:00 - 13/01/2025 07:00:00","Belgium (BE)","0.00","0.00","0.00","0.00"
"13/01/2025 07:00:00 - 13/01/2025 08:00:00","Belgium (BE)","0.00","0.00","0.00","0.00"
"13/01/2025 08:00:00 - 13/01/2025 09:00:00","Belgium (BE)","7.36","9.75","9.81","9.78"
"13/01/2025 09:00:00 - 13/01/2025 10:00:00","Belgium (BE)","291.23","401.34","403.58","803.03"
"13/01/2025 10:00:00 - 13/01/2025 11:00:00","Belgium (BE)","861.63","1173.73","1597.64","2209.57"
"13/01/2025 11:00:00 - 13/01/2025 12:00:00","Belgium (BE)","1593.69","2047.06","3182.01","3341.88"
"13/01/2025 12:00:00 - 13/01/2025 13:00:00","Belgium (BE)","2240.36","2759.24","4107.48","3940.76"
"13/01/2025 13:00:00 - 13/01/2025 14:00:00","Belgium (BE)","2356.10","2965.40","3842.92","3938.48"
"13/01/2025 14:00:00 - 13/01/2025 15:00:00","Belgium (BE)","2001.23","2578.43","3171.45","3239.93"
"13/01/2025 15:00:00 - 13/01/2025 16:00:00","Belgium (BE)","1181.57","1460.70","1817.71","1971.78"
"13/01/2025 16:00:00 - 13/01/2025 17:00:00","Belgium (BE)","294.62","361.81","452.26","435.32"
"13/01/2025 17:00:00 - 13/01/2025 18:00:00","Belgium (BE)","0.11","0.09","0.16","0.08"
"13/01/2025 18:00:00 - 13/01/2025 19:00:00","Belgium (BE)","0.00","0.00","0.00","0.00"
"13/01/2025 19:00:00 - 13/01/2025 20:00:00","Belgium (BE)","0.00","0.00","0.00","0.00"
"13/01/2025 20:00:00 - 13/01/2025 21:00:00","Belgium (BE)","0.00","0.00","0.00","0.00"
"13/01/2025 21:00:00 - 13/01/2025 22:00:00","Belgium (BE)","0.00","0.00","0.00","0.00"
"13/01/2025 22:00:00 - 13/01/2025 23:00:00","Belgium (BE)","0.00","0.00","0.00","0.00"
"13/01/2025 23:00:00 - 14/01/2025 00:00:00","Belgium (BE)","0.00","0.00","0.00","0.00"
"14/01/2025 00:00:00 - 14/01/2025 01:00:00","Belgium (BE)","0.00","0.00","0.00","0.00"
"14/01/2025 01:00:00 - 14/01/2025 02:00:00","Belgium (BE)","0.00","0.00","0.00","0.00"
"14/01/2025 02:00:00 - 14/01/2025 03:00:00","Belgium (BE)","0.00","0.00","0.00","0.00"
"14/01/2025 03:00:00 - 14/01/2025 04:00:00","Belgium (BE)","0.00","0.00","0.00","0.00"
"14/01/2025 04:00:00 - 14/01/2025 05:00:00","Belgium (BE)","0.00","0.00","0.00","0.00"
"14/01/2025 05:00:00 - 14/01/2025 06:00:00","Belgium (BE)","0.00","0.00","0.00","0.00"
"14/01/2025 06:00:00 - 14/01/2025 07:00:00","Belgium (BE)","0.00","0.00","0.00","0.00"
"14/01/2025 07:00:00 - 14/01/2025 08:00:00","Belgium (BE)","0.00","0.00","0.00","0.00"
"14/01/2025 08:00:00 - 14/01/2025 09:00:00","Belgium (BE)","16.91","20.91","18.66","20.68"
"14/01/2025 09:00:00 - 14/01/2025 10:00:00","Belgium (BE)","619.95","819.14","745.93","532.56"
"14/01/2025 10:00:00 - 14/01/2025 11:00:00","Belgium (BE)","1699.08","2119.36","1863.35","1328.93"
"14/01/2025 11:00:00 - 14/01/2025 12:00:00","Belgium (BE)","2685.57","3110.53","2186.86","1693.72"
"14/01/2025 12:00:00 - 14/01/2025 13:00:00","Belgium (BE)","3233.76","3623.40","2206.53","1686.23"
"14/01/2025 13:00:00 - 14/01/2025 14:00:00","Belgium (BE)","3271.86","3464.55","2177.48","1768.36"
"14/01/2025 14:00:00 - 14/01/2025 15:00:00","Belgium (BE)","2558.31","2766.10","1798.05","1731.54"
"14/01/2025 15:00:00 - 14/01/2025 16:00:00","Belgium (BE)","1291.39","1555.37","1124.24","1141.51"
"14/01/2025 16:00:00 - 14/01/2025 17:00:00","Belgium (BE)","312.67","408.11","326.68","197.19"
"14/01/2025 17:00:00 - 14/01/2025 18:00:00","Belgium (BE)","0.31","0.49","0.45","0.17"
"14/01/2025 18:00:00 - 14/01/2025 19:00:00","Belgium (BE)","0.00","0.00","0.00","0.00"
"14/01/2025 19:00:00 - 14/01/2025 20:00:00","Belgium (BE)","0.00","0.00","0.00","0.00"
"14/01/2025 20:00:00 - 14/01/2025 21:00:00","Belgium (BE)","0.00","0.00","0.00","0.00"
"14/01/2025 21:00:00 - 14/01/2025 22:00:00","Belgium (BE)","0.00","0.00","0.00","0.00"
"14/01/2025 22:00:00 - 14/01/2025 23:00:00","Belgium (BE)","0.00","0.00","0.00","0.00"
"14/01/2025 23:00:00 - 15/01/2025 00:00:00","Belgium (BE)","0.00","0.00","0.00","0.00"
"15/01/2025 00:00:00 - 15/01/2025 01:00:00","Belgium (BE)","0.00","0.00","0.00","0.00"
"15/01/2025 01:00:00 - 15/01/2025 02:00:00","Belgium (BE)","0.00","0.00","0.00","0.00"
"15/01/2025 02:00:00 - 15/01/2025 03:00:00","Belgium (BE)","0.00","0.00","0.00","0.00"
"15/01/2025 03:00:00 - 15/01/2025 04:00:00","Belgium (BE)","0.00","0.00","0.00","0.00"
"15/01/2025 04:00:00 - 15/01/2025 05:00:00","Belgium (BE)","0.00","0.00","0.00","0.00"
"15/01/2025 05:00:00 - 15/01/2025 06:00:00","Belgium (BE)","0.00","0.00","0.00","0.00"
"15/01/2025 06:00:00 - 15/01/2025 07:00:00","Belgium (BE)","0.00","0.00","0.00","0.00"
"15/01/2025 07:00:00 - 15/01/2025 08:00:00","Belgium (BE)","0.00","0.00","0.00","0.00"
"15/01/2025 08:00:00 - 15/01/2025 09:00:00","Belgium (BE)","3.37","3.15","3.02","0.21"
"15/01/2025 09:00:00 - 15/01/2025 10:00:00","Belgium (BE)","92.07","90.96","85.10","96.54"
"15/01/2025 10:00:00 - 15/01/2025 11:00:00","Belgium (BE)","252.70","253.92","225.39","366.97"
"15/01/2025 11:00:00 - 15/01/2025 12:00:00","Belgium (BE)","409.64","407.90","449.01","478.91"
"15/01/2025 12:00:00 - 15/01/2025 13:00:00","Belgium (BE)","532.25","485.94","571.00","479.31"
"15/01/2025 13:00:00 - 15/01/2025 14:00:00","Belgium (BE)","565.26","510.84","581.09","483.54"
"15/01/2025 14:00:00 - 15/01/2025 15:00:00","Belgium (BE)","453.33","437.35","454.51","388.52"
"15/01/2025 15:00:00 - 15/01/2025 16:00:00","Belgium (BE)","266.68","262.31","205.01","213.50"
"15/01/2025 16:00:00 - 15/01/2025 17:00:00","Belgium (BE)","70.09","68.84","46.77","54.73"
"15/01/2025 17:00:00 - 15/01/2025 18:00:00","Belgium (BE)","0.27","0.27","0.19","0.20"
"15/01/2025 18:00:00 - 15/01/2025 19:00:00","Belgium (BE)","0.00","0.00","0.00","0.00"
"15/01/2025 19:00:00 - 15/01/2025 20:00:00","Belgium (BE)","0.00","0.00","0.00","0.00"
"15/01/2025 20:00:00 - 15/01/2025 21:00:00","Belgium (BE)","0.00","0.00","0.00","0.00"
"15/01/2025 21:00:00 - 15/01/2025 22:00:00","Belgium (BE)","0.00","0.00","0.00","0.00"
"15/01/2025 22:00:00 - 15/01/2025 23:00:00","Belgium (BE)","0.00","0.00","0.00","0.00"
"15/01/2025 23:00:00 - 16/01/2025 00:00:00","Belgium (BE)","0.00","0.00","0.00","0.00"
"16/01/2025 00:00:00 - 16/01/2025 01:00:00","Belgium (BE)","0.00","0.00","0.00","0.00"
"16/01/2025 01:00:00 - 16/01/2025 02:00:00","Belgium (BE)","0.00","0.00","0.00","0.00"
"16/01/2025 02:00:00 - 16/01/2025 03:00:00","Belgium (BE)","0.00","0.00","0.00","0.00"
"16/01/2025 03:00:00 - 16/01/2025 04:00:00","Belgium (BE)","0.00","0.00","0.00","0.00"
"16/01/2025 04:00:00 - 16/01/2025 05:00:00","Belgium (BE)","0.00","0.00","0.00","0.00"
"16/01/2025 05:00:00 - 16/01/2025 06:00:00","Belgium (BE)","0.00","0.00","0.00","0.00"
"16/01/2025 06:00:00 - 16/01/2025 07:00:00","Belgium (BE)","0.00","0.00","0.00","0.00"
"16/01/2025 07:00:00 - 16/01/2025 08:00:00","Belgium (BE)","0.00","0.00","0.00","0.00"
"16/01/2025 08:00:00 - 16/01/2025 09:00:00","Belgium (BE)","8.04","3.99","2.43","0.68"
"16/01/2025 09:00:00 - 16/01/2025 10:00:00","Belgium (BE)","264.00","112.37","113.62","127.57"
"16/01/2025 10:00:00 - 16/01/2025 11:00:00","Belgium (BE)","766.38","347.98","369.39","383.45"
"16/01/2025 11:00:00 - 16/01/2025 12:00:00","Belgium (BE)","1490.30","569.22","651.79","658.49"
"16/01/2025 12:00:00 - 16/01/2025 13:00:00","Belgium (BE)","2097.79","694.72","804.36","791.82"
"16/01/2025 13:00:00 - 16/01/2025 14:00:00","Belgium (BE)","2299.57","710.72","795.17","726.71"
"16/01/2025 14:00:00 - 16/01/2025 15:00:00","Belgium (BE)","1917.05","622.66","667.73","527.21"
"16/01/2025 15:00:00 - 16/01/2025 16:00:00","Belgium (BE)","1096.81","386.50","386.83","312.68"
"16/01/2025 16:00:00 - 16/01/2025 17:00:00","Belgium (BE)","310.33","95.71","90.50","65.80"
"16/01/2025 17:00:00 - 16/01/2025 18:00:00","Belgium (BE)","1.57","0.51","0.51","0.34"
"16/01/2025 18:00:00 - 16/01/2025 19:00:00","Belgium (BE)","0.00","0.00","0.00","0.00"
"16/01/2025 19:00:00 - 16/01/2025 20:00:00","Belgium (BE)","0.00","0.00","0.00","0.00"
"16/01/2025 20:00:00 - 16/01/2025 21:00:00","Belgium (BE)","0.00","0.00","0.00","0.00"
"16/01/2025 21:00:00 - 16/01/2025 22:00:00","Belgium (BE)","0.00","0.00","0.00","0.00"
"16/01/2025 22:00:00 - 16/01/2025 23:00:00","Belgium (BE)","0.00","0.00","0.00","0.00"
"16/01/2025 23:00:00 - 17/01/2025 00:00:00","Belgium (BE)","0.00","0.00","0.00","0.00"
"17/01/2025 00:00:00 - 17/01/2025 01:00:00","Belgium (BE)","0.00","0.00","0.00","0.00"
"17/01/2025 01:00:00 - 17/01/2025 02:00:00","Belgium (BE)","0.00","0.00","0.00","0.00"
"17/01/2025 02:00:00 - 17/01/2025 03:00:00","Belgium (BE)","0.00","0.00","0.00","0.00"
"17/01/2025 03:00:00 - 17/01/2025 04:00:00","Belgium (BE)","0.00","0.00","0.00","0.00"
"17/01/2025 04:00:00 - 17/01/2025 05:00:00","Belgium (BE)","0.00","0.00","0.00","0.00"
"17/01/2025 05:00:00 - 17/01/2025 06:00:00","Belgium (BE)","0.00","0.00","0.00","0.00"
"17/01/2025 06:00:00 - 17/01/2025 07:00:00","Belgium (BE)","0.00","0.00","0.00","0.00"
"17/01/2025 07:00:00 - 17/01/2025 08:00:00","Belgium (BE)","0.00","0.00","0.00","0.00"
"17/01/2025 08:00:00 - 17/01/2025 09:00:00","Belgium (BE)","5.27","4.61","6.96","3.38"
"17/01/2025 09:00:00 - 17/01/2025 10:00:00","Belgium (BE)","207.02","120.62","142.09","157.95"
"17/01/2025 10:00:00 - 17/01/2025 11:00:00","Belgium (BE)","583.81","364.85","447.73","487.22"
"17/01/2025 11:00:00 - 17/01/2025 12:00:00","Belgium (BE)","972.14","593.93","780.16","757.95"
"17/01/2025 12:00:00 - 17/01/2025 13:00:00","Belgium (BE)","1322.88","722.41","890.98","867.98"
"17/01/2025 13:00:00 - 17/01/2025 14:00:00","Belgium (BE)","1508.50","724.44","871.02","785.88"
"17/01/2025 14:00:00 - 17/01/2025 15:00:00","Belgium (BE)","1287.79","577.38","649.34","560.64"
"17/01/2025 15:00:00 - 17/01/2025 16:00:00","Belgium (BE)","748.85","313.74","337.39","279.13"
"17/01/2025 16:00:00 - 17/01/2025 17:00:00","Belgium (BE)","226.09","79.53","84.37","46.55"
"17/01/2025 17:00:00 - 17/01/2025 18:00:00","Belgium (BE)","1.59","0.60","0.66","0.18"
"17/01/2025 18:00:00 - 17/01/2025 19:00:00","Belgium (BE)","0.00","0.00","0.00","0.00"
"17/01/2025 19:00:00 - 17/01/2025 20:00:00","Belgium (BE)","0.00","0.00","0.00","0.00"
"17/01/2025 20:00:00 - 17/01/2025 21:00:00","Belgium (BE)","0.00","0.00","0.00","0.00"
"17/01/2025 21:00:00 - 17/01/2025 22:00:00","Belgium (BE)","0.00","0.00","0.00","0.00"
"17/01/2025 22:00:00 - 17/01/2025 23:00:00","Belgium (BE)","0.00","0.00","0.00","0.00"
"17/01/2025 23:00:00 - 18/01/2025 00:00:00","Belgium (BE)","0.00","0.00","0.00","0.00"
"18/01/2025 00:00:00 - 18/01/2025 01:00:00","Belgium (BE)","0.00","0.00","0.00","0.00"
"18/01/2025 01:00:00 - 18/01/2025 02:00:00","Belgium (BE)","0.00","0.00","0.00","0.00"
"18/01/2025 02:00:00 - 18/01/2025 03:00:00","Belgium (BE)","0.00","0.00","0.00","0.00"
"18/01/2025 03:00:00 - 18/01/2025 04:00:00","Belgium (BE)","0.00","0.00","0.00","0.00"
"18/01/2025 04:00:00 - 18/01/2025 05:00:00","Belgium (BE)","0.00","0.00","0.00","0.00"
"18/01/2025 05:00:00 - 18/01/2025 06:00:00","Belgium (BE)","0.00","0.00","0.00","0.00"
"18/01/2025 06:00:00 - 18/01/2025 07:00:00","Belgium (BE)","0.00","0.00","0.00","0.00"
"18/01/2025 07:00:00 - 18/01/2025 08:00:00","Belgium (BE)","0.00","0.00","0.00","0.00"
"18/01/2025 08:00:00 - 18/01/2025 09:00:00","Belgium (BE)","8.97","5.41","5.48","0.71"
"18/01/2025 09:00:00 - 18/01/2025 10:00:00","Belgium (BE)","181.03","109.97","110.92","56.47"
"18/01/2025 10:00:00 - 18/01/2025 11:00:00","Belgium (BE)","480.26","327.45","315.57","225.25"
"18/01/2025 11:00:00 - 18/01/2025 12:00:00","Belgium (BE)","838.53","529.10","431.54","392.89"
"18/01/2025 12:00:00 - 18/01/2025 13:00:00","Belgium (BE)","1203.64","638.54","471.39","482.53"
"18/01/2025 13:00:00 - 18/01/2025 14:00:00","Belgium (BE)","1456.93","654.86","487.18","468.36"
"18/01/2025 14:00:00 - 18/01/2025 15:00:00","Belgium (BE)","1366.39","560.11","407.90","369.83"
"18/01/2025 15:00:00 - 18/01/2025 16:00:00","Belgium (BE)","872.01","324.21","223.85","205.42"
"18/01/2025 16:00:00 - 18/01/2025 17:00:00","Belgium (BE)","266.01","85.46","54.32","35.71"
"18/01/2025 17:00:00 - 18/01/2025 18:00:00","Belgium (BE)","2.01","0.85","0.72","0.03"
"18/01/2025 18:00:00 - 18/01/2025 19:00:00","Belgium (BE)","0.00","0.00","0.00","0.00"
"18/01/2025 19:00:00 - 18/01/2025 20:00:00","Belgium (BE)","0.00","0.00","0.00","0.00"
"18/01/2025 20:00:00 - 18/01/2025 21:00:00","Belgium (BE)","0.00","0.00","0.00","0.00"
"18/01/2025 21:00:00 - 18/01/2025 22:00:00","Belgium (BE)","0.00","0.00","0.00","0.00"
"18/01/2025 22:00:00 - 18/01/2025 23:00:00","Belgium (BE)","0.00","0.00","0.00","0.00"
"18/01/2025 23:00:00 - 19/01/2025 00:00:00","Belgium (BE)","0.00","0.00","0.00","0.00"
"19/01/2025 00:00:00 - 19/01/2025 01:00:00","Belgium (BE)","0.00","0.00","0.00","0.00"
"19/01/2025 01:00:00 - 19/01/2025 02:00:00","Belgium (BE)","0.00","0.00","0.00","0.00"
"19/01/2025 02:00:00 - 19/01/2025 03:00:00","Belgium (BE)","0.00","0.00","0.00","0.00"
"19/01/2025 03:00:00 - 19/01/2025 04:00:00","Belgium (BE)","0.00","0.00","0.00","0.00"
"19/01/2025 04:00:00 - 19/01/2025 05:00:00","Belgium (BE)","0.00","0.00","0.00","0.00"
"19/01/2025 05:00:00 - 19/01/2025 06:00:00","Belgium (BE)","0.00","0.00","0.00","0.00"
"19/01/2025 06:00:00 - 19/01/2025 07:00:00","Belgium (BE)","0.00","0.00","0.00","0.00"
"19/01/2025 07:00:00 - 19/01/2025 08:00:00","Belgium (BE)","0.00","0.00","0.00","0.00"
"19/01/2025 08:00:00 - 19/01/2025 09:00:00","Belgium (BE)","20.58","8.26","7.52","2.10"
"19/01/2025 09:00:00 - 19/01/2025 10:00:00","Belgium (BE)","385.02","150.05","140.46","97.48"
"19/01/2025 10:00:00 - 19/01/2025 11:00:00","Belgium (BE)","977.83","426.96","397.58","338.54"
"19/01/2025 11:00:00 - 19/01/2025 12:00:00","Belgium (BE)","1532.82","670.57","617.58","541.53"
"19/01/2025 12:00:00 - 19/01/2025 13:00:00","Belgium (BE)","1920.52","802.48","709.38","633.57"
"19/01/2025 13:00:00 - 19/01/2025 14:00:00","Belgium (BE)","2008.98","805.88","703.84","609.69"
"19/01/2025 14:00:00 - 19/01/2025 15:00:00","Belgium (BE)","1599.79","660.62","612.71","468.67"
"19/01/2025 15:00:00 - 19/01/2025 16:00:00","Belgium (BE)","880.18","373.65","334.94","240.34"
"19/01/2025 16:00:00 - 19/01/2025 17:00:00","Belgium (BE)","276.66","101.87","87.95","39.15"
"19/01/2025 17:00:00 - 19/01/2025 18:00:00","Belgium (BE)","3.29","1.16","1.15","0.17"
"19/01/2025 18:00:00 - 19/01/2025 19:00:00","Belgium (BE)","0.00","0.00","0.00","0.00"
"19/01/2025 19:00:00 - 19/01/2025 20:00:00","Belgium (BE)","0.00","0.00","0.00","0.00"
"19/01/2025 20:00:00 - 19/01/2025 21:00:00","Belgium (BE)","0.00","0.00","0.00","0.00"
"19/01/2025 21:00:00 - 19/01/2025 22:00:00","Belgium (BE)","0.00","0.00","0.00","0.00"
"19/01/2025 22:00:00 - 19/01/2025 23:00:00","Belgium (BE)","0.00","0.00","0.00","0.00"
"19/01/2025 23:00:00 - 20/01/2025 00:00:00","Belgium (BE)","0.00","0.00","0.00","0.00"
"20/01/2025 00:00:00 - 20/01/2025 01:00:00","Belgium (BE)","0.00","0.00","0.00","0.00"
"20/01/2025 01:00:00 - 20/01/2025 02:00:00","Belgium (BE)","0.00","0.00","0.00","0.00"
"20/01/2025 02:00:00 - 20/01/2025 03:00:00","Belgium (BE)","0.00","0.00","0.00","0.00"
"20/01/2025 03:00:00 - 20/01/2025 04:00:00","Belgium (BE)","0.00","0.00","0.00","0.00"
"20/01/2025 04:00:00 - 20/01/2025 05:00:00","Belgium (BE)","0.00","0.00","0.00","0.00"
"20/01/2025 05:00:00 - 20/01/2025 06:00:00","Belgium (BE)","0.00","0.00","0.00","0.00"
"20/01/2025 06:00:00 - 20/01/2025 07:00:00","Belgium (BE)","0.00","0.00","0.00","0.00"
"20/01/2025 07:00:00 - 20/01/2025 08:00:00","Belgium (BE)","0.00","0.00","0.00","0.00"
"20/01/2025 08:00:00 - 20/01/2025 09:00:00","Belgium (BE)","9.64","5.96","6.60","1.20"
"20/01/2025 09:00:00 - 20/01/2025 10:00:00","Belgium (BE)","183.00","106.34","115.06","77.02"
"20/01/2025 10:00:00 - 20/01/2025 11:00:00","Belgium (BE)","480.67","270.65","249.77","260.25"
"20/01/2025 11:00:00 - 20/01/2025 12:00:00","Belgium (BE)","806.13","427.91","414.83","442.38"
"20/01/2025 12:00:00 - 20/01/2025 13:00:00","Belgium (BE)","1061.99","536.95","536.16","620.92"
"20/01/2025 13:00:00 - 20/01/2025 14:00:00","Belgium (BE)","1224.10","550.87","601.84","736.31"
"20/01/2025 14:00:00 - 20/01/2025 15:00:00","Belgium (BE)","1147.97","514.81","650.35","640.36"
"20/01/2025 15:00:00 - 20/01/2025 16:00:00","Belgium (BE)","755.22","394.97","449.49","409.52"
"20/01/2025 16:00:00 - 20/01/2025 17:00:00","Belgium (BE)","242.59","129.48","110.20","108.62"
"20/01/2025 17:00:00 - 20/01/2025 18:00:00","Belgium (BE)","3.27","2.01","1.58","1.56"
"20/01/2025 18:00:00 - 20/01/2025 19:00:00","Belgium (BE)","0.00","0.00","0.00","0.00"
"20/01/2025 19:00:00 - 20/01/2025 20:00:00","Belgium (BE)","0.00","0.00","0.00","0.00"
"20/01/2025 20:00:00 - 20/01/2025 21:00:00","Belgium (BE)","0.00","0.00","0.00","0.00"
"20/01/2025 21:00:00 - 20/01/2025 22:00:00","Belgium (BE)","0.00","0.00","0.00","0.00"
"20/01/2025 22:00:00 - 20/01/2025 23:00:00","Belgium (BE)","0.00","0.00","0.00","0.00"
"20/01/2025 23:00:00 - 21/01/2025 00:00:00","Belgium (BE)","0.00","0.00","0.00","0.00"
"21/01/2025 00:00:00 - 21/01/2025 01:00:00","Belgium (BE)","0.00","0.00","0.00","0.00"
"21/01/2025 01:00:00 - 21/01/2025 02:00:00","Belgium (BE)","0.00","0.00","0.00","0.00"
"21/01/2025 02:00:00 - 21/01/2025 03:00:00","Belgium (BE)","0.00","0.00","0.00","0.00"
"21/01/2025 03:00:00 - 21/01/2025 04:00:00","Belgium (BE)","0.00","0.00","0.00","0.00"
"21/01/2025 04:00:00 - 21/01/2025 05:00:00","Belgium (BE)","0.00","0.00","0.00","0.00"
"21/01/2025 05:00:00 - 21/01/2025 06:00:00","Belgium (BE)","0.00","0.00","0.00","0.00"
"21/01/2025 06:00:00 - 21/01/2025 07:00:00","Belgium (BE)","0.00","0.00","0.00","0.00"
"21/01/2025 07:00:00 - 21/01/2025 08:00:00","Belgium (BE)","0.00","0.00","0.00","0.00"
"21/01/2025 08:00:00 - 21/01/2025 09:00:00","Belgium (BE)","12.02","9.21","10.10","7.89"
"21/01/2025 09:00:00 - 21/01/2025 10:00:00","Belgium (BE)","233.11","151.31","164.25","247.96"
"21/01/2025 10:00:00 - 21/01/2025 11:00:00","Belgium (BE)","616.82","412.41","471.44","683.37"
"21/01/2025 11:00:00 - 21/01/2025 12:00:00","Belgium (BE)","1008.08","624.30","863.39","1200.22"
"21/01/2025 12:00:00 - 21/01/2025 13:00:00","Belgium (BE)","1324.41","731.72","1169.58","1723.00"
"21/01/2025 13:00:00 - 21/01/2025 14:00:00","Belgium (BE)","1455.41","728.49","1790.31","2171.69"
"21/01/2025 14:00:00 - 21/01/2025 15:00:00","Belgium (BE)","1260.22","612.43","1692.47","1938.16"
"21/01/2025 15:00:00 - 21/01/2025 16:00:00","Belgium (BE)","787.78","363.80","1120.59","1161.65"
"21/01/2025 16:00:00 - 21/01/2025 17:00:00","Belgium (BE)","236.72","103.46","313.18","342.88"
"21/01/2025 17:00:00 - 21/01/2025 18:00:00","Belgium (BE)","2.84","1.70","3.48","4.32"
"21/01/2025 18:00:00 - 21/01/2025 19:00:00","Belgium (BE)","0.00","0.00","0.00","0.00"
"21/01/2025 19:00:00 - 21/01/2025 20:00:00","Belgium (BE)","0.00","0.00","0.00","0.00"
"21/01/2025 20:00:00 - 21/01/2025 21:00:00","Belgium (BE)","0.00","0.00","0.00","0.00"
"21/01/2025 21:00:00 - 21/01/2025 22:00:00","Belgium (BE)","0.00","0.00","0.00","0.00"
"21/01/2025 22:00:00 - 21/01/2025 23:00:00","Belgium (BE)","0.00","0.00","0.00","0.00"
"21/01/2025 23:00:00 - 22/01/2025 00:00:00","Belgium (BE)","0.00","0.00","0.00","0.00"
"22/01/2025 00:00:00 - 22/01/2025 01:00:00","Belgium (BE)","0.00","0.00","0.00","0.00"
"22/01/2025 01:00:00 - 22/01/2025 02:00:00","Belgium (BE)","0.00","0.00","0.00","0.00"
"22/01/2025 02:00:00 - 22/01/2025 03:00:00","Belgium (BE)","0.00","0.00","0.00","0.00"
"22/01/2025 03:00:00 - 22/01/2025 04:00:00","Belgium (BE)","0.00","0.00","0.00","0.00"
"22/01/2025 04:00:00 - 22/01/2025 05:00:00","Belgium (BE)","0.00","0.00","0.00","0.00"
"22/01/2025 05:00:00 - 22/01/2025 06:00:00","Belgium (BE)","0.00","0.00","0.00","0.00"
"22/01/2025 06:00:00 - 22/01/2025 07:00:00","Belgium (BE)","0.00","0.00","0.00","0.00"
"22/01/2025 07:00:00 - 22/01/2025 08:00:00","Belgium (BE)","0.00","0.00","0.00","0.00"
"22/01/2025 08:00:00 - 22/01/2025 09:00:00","Belgium (BE)","5.72","8.40","7.87","7.14"
"22/01/2025 09:00:00 - 22/01/2025 10:00:00","Belgium (BE)","83.01","136.48","127.45","141.11"
"22/01/2025 10:00:00 - 22/01/2025 11:00:00","Belgium (BE)","199.38","324.45","285.15","383.78"
"22/01/2025 11:00:00 - 22/01/2025 12:00:00","Belgium (BE)","261.62","332.15","363.85","502.94"
"22/01/2025 12:00:00 - 22/01/2025 13:00:00","Belgium (BE)","357.10","376.51","502.50","442.94"
"22/01/2025 13:00:00 - 22/01/2025 14:00:00","Belgium (BE)","408.30","426.02","519.34","405.12"
"22/01/2025 14:00:00 - 22/01/2025 15:00:00","Belgium (BE)","345.50","362.44","406.39","326.53"
"22/01/2025 15:00:00 - 22/01/2025 16:00:00","Belgium (BE)","194.98","219.38","215.70","172.83"
"22/01/2025 16:00:00 - 22/01/2025 17:00:00","Belgium (BE)","62.54","69.92","68.87","32.47"
"22/01/2025 17:00:00 - 22/01/2025 18:00:00","Belgium (BE)","1.67","1.81","1.88","0.07"
"22/01/2025 18:00:00 - 22/01/2025 19:00:00","Belgium (BE)","0.00","0.00","0.00","0.00"
"22/01/2025 19:00:00 - 22/01/2025 20:00:00","Belgium (BE)","0.00","0.00","0.00","0.00"
"22/01/2025 20:00:00 - 22/01/2025 21:00:00","Belgium (BE)","0.00","0.00","0.00","0.00"
"22/01/2025 21:00:00 - 22/01/2025 22:00:00","Belgium (BE)","0.00","0.00","0.00","0.00"
"22/01/2025 22:00:00 - 22/01/2025 23:00:00","Belgium (BE)","0.00","0.00","0.00","0.00"
"22/01/2025 23:00:00 - 23/01/2025 00:00:00","Belgium (BE)","0.00","0.00","0.00","0.00"
"23/01/2025 00:00:00 - 23/01/2025 01:00:00","Belgium (BE)","0.00","0.00","0.00","0.00"
"23/01/2025 01:00:00 - 23/01/2025 02:00:00","Belgium (BE)","0.00","0.00","0.00","0.00"
"23/01/2025 02:00:00 - 23/01/2025 03:00:00","Belgium (BE)","0.00","0.00","0.00","0.00"
"23/01/2025 03:00:00 - 23/01/2025 04:00:00","Belgium (BE)","0.00","0.00","0.00","0.00"
"23/01/2025 04:00:00 - 23/01/2025 05:00:00","Belgium (BE)","0.00","0.00","0.00","0.00"
"23/01/2025 05:00:00 - 23/01/2025 06:00:00","Belgium (BE)","0.00","0.00","0.00","0.00"
"23/01/2025 06:00:00 - 23/01/2025 07:00:00","Belgium (BE)","0.00","0.00","0.00","0.00"
"23/01/2025 07:00:00 - 23/01/2025 08:00:00","Belgium (BE)","0.00","0.00","0.00","0.00"
"23/01/2025 08:00:00 - 23/01/2025 09:00:00","Belgium (BE)","19.87","18.29","18.79","11.81"
"23/01/2025 09:00:00 - 23/01/2025 10:00:00","Belgium (BE)","442.20","389.20","379.82","277.45"
"23/01/2025 10:00:00 - 23/01/2025 11:00:00","Belgium (BE)","1128.42","1029.53","819.94","935.75"
"23/01/2025 11:00:00 - 23/01/2025 12:00:00","Belgium (BE)","1707.23","1677.79","1684.00","1499.47"
"23/01/2025 12:00:00 - 23/01/2025 13:00:00","Belgium (BE)","2114.27","2094.79","1865.10","1420.60"
"23/01/2025 13:00:00 - 23/01/2025 14:00:00","Belgium (BE)","1952.00","1840.45","1197.81","1089.67"
"23/01/2025 14:00:00 - 23/01/2025 15:00:00","Belgium (BE)","1180.81","1103.50","684.07","866.03"
"23/01/2025 15:00:00 - 23/01/2025 16:00:00","Belgium (BE)","480.52","460.61","370.01","852.78"
"23/01/2025 16:00:00 - 23/01/2025 17:00:00","Belgium (BE)","139.42","135.52","145.81","355.31"
"23/01/2025 17:00:00 - 23/01/2025 18:00:00","Belgium (BE)","3.22","3.24","2.86","5.67"
"23/01/2025 18:00:00 - 23/01/2025 19:00:00","Belgium (BE)","0.00","0.00","0.00","0.00"
"23/01/2025 19:00:00 - 23/01/2025 20:00:00","Belgium (BE)","0.00","0.00","0.00","0.00"
"23/01/2025 20:00:00 - 23/01/2025 21:00:00","Belgium (BE)","0.00","0.00","0.00","0.00"
"23/01/2025 21:00:00 - 23/01/2025 22:00:00","Belgium (BE)","0.00","0.00","0.00","0.00"
"23/01/2025 22:00:00 - 23/01/2025 23:00:00","Belgium (BE)","0.00","0.00","0.00","0.00"
"23/01/2025 23:00:00 - 24/01/2025 00:00:00","Belgium (BE)","0.00","0.00","0.00","0.00"
"24/01/2025 00:00:00 - 24/01/2025 01:00:00","Belgium (BE)","0.00","0.00","0.00","0.00"
"24/01/2025 01:00:00 - 24/01/2025 02:00:00","Belgium (BE)","0.00","0.00","0.00","0.00"
"24/01/2025 02:00:00 - 24/01/2025 03:00:00","Belgium (BE)","0.00","0.00","0.00","0.00"
"24/01/2025 03:00:00 - 24/01/2025 04:00:00","Belgium (BE)","0.00","0.00","0.00","0.00"
"24/01/2025 04:00:00 - 24/01/2025 05:00:00","Belgium (BE)","0.00","0.00","0.00","0.00"
"24/01/2025 05:00:00 - 24/01/2025 06:00:00","Belgium (BE)","0.00","0.00","0.00","0.00"
"24/01/2025 06:00:00 - 24/01/2025 07:00:00","Belgium (BE)","0.00","0.00","0.00","0.00"
"24/01/2025 07:00:00 - 24/01/2025 08:00:00","Belgium (BE)","0.00","0.00","0.00","0.00"
"24/01/2025 08:00:00 - 24/01/2025 09:00:00","Belgium (BE)","7.68","5.54","5.53","2.29"
"24/01/2025 09:00:00 - 24/01/2025 10:00:00","Belgium (BE)","99.74","72.26","72.23","101.57"
"24/01/2025 10:00:00 - 24/01/2025 11:00:00","Belgium (BE)","239.51","172.66","193.59","301.14"
"24/01/2025 11:00:00 - 24/01/2025 12:00:00","Belgium (BE)","328.33","241.00","325.21","402.46"
"24/01/2025 12:00:00 - 24/01/2025 13:00:00","Belgium (BE)","356.80","258.13","345.94","320.41"
"24/01/2025 13:00:00 - 24/01/2025 14:00:00","Belgium (BE)","319.49","255.58","281.03","320.42"
"24/01/2025 14:00:00 - 24/01/2025 15:00:00","Belgium (BE)","256.11","258.76","273.25","298.66"
"24/01/2025 15:00:00 - 24/01/2025 16:00:00","Belgium (BE)","156.62","165.96","161.89","246.84"
"24/01/2025 16:00:00 - 24/01/2025 17:00:00","Belgium (BE)","53.83","57.32","63.65","59.71"
"24/01/2025 17:00:00 - 24/01/2025 18:00:00","Belgium (BE)","1.92","2.15","2.01","1.03"
"24/01/2025 18:00:00 - 24/01/2025 19:00:00","Belgium (BE)","0.00","0.00","0.00","0.00"
"24/01/2025 19:00:00 - 24/01/2025 20:00:00","Belgium (BE)","0.00","0.00","0.00","0.00"
"24/01/2025 20:00:00 - 24/01/2025 21:00:00","Belgium (BE)","0.00","0.00","0.00","0.00"
"24/01/2025 21:00:00 - 24/01/2025 22:00:00","Belgium (BE)","0.00","0.00","0.00","0.00"
"24/01/2025 22:00:00 - 24/01/2025 23:00:00","Belgium (BE)","0.00","0.00","0.00","0.00"
"24/01/2025 23:00:00 - 25/01/2025 00:00:00","Belgium (BE)","0.00","0.00","0.00","0.00"
"25/01/2025 00:00:00 - 25/01/2025 01:00:00","Belgium (BE)","0.00","0.00","0.00","0.00"
"25/01/2025 01:00:00 - 25/01/2025 02:00:00","Belgium (BE)","0.00","0.00","0.00","0.00"
"25/01/2025 02:00:00 - 25/01/2025 03:00:00","Belgium (BE)","0.00","0.00","0.00","0.00"
"25/01/2025 03:00:00 - 25/01/2025 04:00:00","Belgium (BE)","0.00","0.00","0.00","0.00"
"25/01/2025 04:00:00 - 25/01/2025 05:00:00","Belgium (BE)","0.00","0.00","0.00","0.00"
"25/01/2025 05:00:00 - 25/01/2025 06:00:00","Belgium (BE)","0.00","0.00","0.00","0.00"
"25/01/2025 06:00:00 - 25/01/2025 07:00:00","Belgium (BE)","0.00","0.00","0.00","0.00"
"25/01/2025 07:00:00 - 25/01/2025 08:00:00","Belgium (BE)","0.00","0.00","0.00","0.00"
"25/01/2025 08:00:00 - 25/01/2025 09:00:00","Belgium (BE)","16.42","9.26","9.20","1.87"
"25/01/2025 09:00:00 - 25/01/2025 10:00:00","Belgium (BE)","307.94","128.41","127.39","149.79"
"25/01/2025 10:00:00 - 25/01/2025 11:00:00","Belgium (BE)","770.41","324.28","421.58","539.16"
"25/01/2025 11:00:00 - 25/01/2025 12:00:00","Belgium (BE)","1275.02","525.96","781.24","629.65"
"25/01/2025 12:00:00 - 25/01/2025 13:00:00","Belgium (BE)","1226.65","571.64","879.71","796.91"
"25/01/2025 13:00:00 - 25/01/2025 14:00:00","Belgium (BE)","926.68","558.14","818.59","964.25"
"25/01/2025 14:00:00 - 25/01/2025 15:00:00","Belgium (BE)","726.04","495.57","691.56","938.11"
"25/01/2025 15:00:00 - 25/01/2025 16:00:00","Belgium (BE)","511.07","329.93","418.87","556.46"
"25/01/2025 16:00:00 - 25/01/2025 17:00:00","Belgium (BE)","193.74","119.10","152.51","112.81"
"25/01/2025 17:00:00 - 25/01/2025 18:00:00","Belgium (BE)","8.18","5.00","5.17","0.45"
"25/01/2025 18:00:00 - 25/01/2025 19:00:00","Belgium (BE)","0.00","0.00","0.00","0.00"
"25/01/2025 19:00:00 - 25/01/2025 20:00:00","Belgium (BE)","0.00","0.00","0.00","0.00"
"25/01/2025 20:00:00 - 25/01/2025 21:00:00","Belgium (BE)","0.00","0.00","0.00","0.00"
"25/01/2025 21:00:00 - 25/01/2025 22:00:00","Belgium (BE)","0.00","0.00","0.00","0.00"
"25/01/2025 22:00:00 - 25/01/2025 23:00:00","Belgium (BE)","0.00","0.00","0.00","0.00"
"25/01/2025 23:00:00 - 26/01/2025 00:00:00","Belgium (BE)","0.00","0.00","0.00","0.00"
"26/01/2025 00:00:00 - 26/01/2025 01:00:00","Belgium (BE)","0.00","0.00","0.00","0.00"
"26/01/2025 01:00:00 - 26/01/2025 02:00:00","Belgium (BE)","0.00","0.00","0.00","0.00"
"26/01/2025 02:00:00 - 26/01/2025 03:00:00","Belgium (BE)","0.00","0.00","0.00","0.00"
"26/01/2025 03:00:00 - 26/01/2025 04:00:00","Belgium (BE)","0.00","0.00","0.00","0.00"
"26/01/2025 04:00:00 - 26/01/2025 05:00:00","Belgium (BE)","0.00","0.00","0.00","0.00"
"26/01/2025 05:00:00 - 26/01/2025 06:00:00","Belgium (BE)","0.00","0.00","0.00","0.00"
"26/01/2025 06:00:00 - 26/01/2025 07:00:00","Belgium (BE)","0.00","0.00","0.00","0.00"
"26/01/2025 07:00:00 - 26/01/2025 08:00:00","Belgium (BE)","0.00","0.00","0.00","0.00"
"26/01/2025 08:00:00 - 26/01/2025 09:00:00","Belgium (BE)","38.38","54.33","54.83","38.79"
"26/01/2025 09:00:00 - 26/01/2025 10:00:00","Belgium (BE)","657.10","853.11","856.79","775.47"
"26/01/2025 10:00:00 - 26/01/2025 11:00:00","Belgium (BE)","1533.95","1993.46","1841.12","1694.70"
"26/01/2025 11:00:00 - 26/01/2025 12:00:00","Belgium (BE)","2094.20","2980.36","2738.55","1942.36"
"26/01/2025 12:00:00 - 26/01/2025 13:00:00","Belgium (BE)","1890.03","3164.05","1993.41","1533.23"
"26/01/2025 13:00:00 - 26/01/2025 14:00:00","Belgium (BE)","1385.72","2526.60","1464.88","1142.50"
"26/01/2025 14:00:00 - 26/01/2025 15:00:00","Belgium (BE)","876.44","1380.34","802.18","740.06"
"26/01/2025 15:00:00 - 26/01/2025 16:00:00","Belgium (BE)","432.26","537.58","446.22","486.82"
"26/01/2025 16:00:00 - 26/01/2025 17:00:00","Belgium (BE)","141.82","163.69","163.74","139.28"
"26/01/2025 17:00:00 - 26/01/2025 18:00:00","Belgium (BE)","5.52","6.15","6.05","1.13"
"26/01/2025 18:00:00 - 26/01/2025 19:00:00","Belgium (BE)","0.00","0.00","0.00","0.00"
"26/01/2025 19:00:00 - 26/01/2025 20:00:00","Belgium (BE)","0.00","0.00","0.00","0.00"
"26/01/2025 20:00:00 - 26/01/2025 21:00:00","Belgium (BE)","0.00","0.00","0.00","0.00"
"26/01/2025 21:00:00 - 26/01/2025 22:00:00","Belgium (BE)","0.00","0.00","0.00","0.00"
"26/01/2025 22:00:00 - 26/01/2025 23:00:00","Belgium (BE)","0.00","0.00","0.00","0.00"
"26/01/2025 23:00:00 - 27/01/2025 00:00:00","Belgium (BE)","0.00","0.00","0.00","0.00"
"27/01/2025 00:00:00 - 27/01/2025 01:00:00","Belgium (BE)","0.00","0.00","0.00","0.00"
"27/01/2025 01:00:00 - 27/01/2025 02:00:00","Belgium (BE)","0.00","0.00","0.00","0.00"
"27/01/2025 02:00:00 - 27/01/2025 03:00:00","Belgium (BE)","0.00","0.00","0.00","0.00"
"27/01/2025 03:00:00 - 27/01/2025 04:00:00","Belgium (BE)","0.00","0.00","0.00","0.00"
"27/01/2025 04:00:00 - 27/01/2025 05:00:00","Belgium (BE)","0.00","0.00","0.00","0.00"
"27/01/2025 05:00:00 - 27/01/2025 06:00:00","Belgium (BE)","0.00","0.00","0.00","0.00"
"27/01/2025 06:00:00 - 27/01/2025 07:00:00","Belgium (BE)","0.00","0.00","0.00","0.00"
"27/01/2025 07:00:00 - 27/01/2025 08:00:00","Belgium (BE)","0.00","0.00","0.00","0.00"
"27/01/2025 08:00:00 - 27/01/2025 09:00:00","Belgium (BE)","46.11","30.02","30.19","34.16"
"27/01/2025 09:00:00 - 27/01/2025 10:00:00","Belgium (BE)","711.64","447.64","449.40","845.67"
"27/01/2025 10:00:00 - 27/01/2025 11:00:00","Belgium (BE)","1754.69","1099.02","1376.97","1682.50"
"27/01/2025 11:00:00 - 27/01/2025 12:00:00","Belgium (BE)","3048.78","2248.35","2481.72","3020.78"
"27/01/2025 12:00:00 - 27/01/2025 13:00:00","Belgium (BE)","4091.46","3143.25","3234.78","4234.99"
"27/01/2025 13:00:00 - 27/01/2025 14:00:00","Belgium (BE)","4087.91","3481.50","4167.62","3495.46"
"27/01/2025 14:00:00 - 27/01/2025 15:00:00","Belgium (BE)","3287.01","3080.83","3175.77","2969.44"
"27/01/2025 15:00:00 - 27/01/2025 16:00:00","Belgium (BE)","1989.23","2048.59","1938.15","2332.34"
"27/01/2025 16:00:00 - 27/01/2025 17:00:00","Belgium (BE)","732.05","766.29","791.16","750.93"
"27/01/2025 17:00:00 - 27/01/2025 18:00:00","Belgium (BE)","29.84","31.71","29.15","15.11"
"27/01/2025 18:00:00 - 27/01/2025 19:00:00","Belgium (BE)","0.00","0.00","0.00","0.00"
"27/01/2025 19:00:00 - 27/01/2025 20:00:00","Belgium (BE)","0.00","0.00","0.00","0.00"
"27/01/2025 20:00:00 - 27/01/2025 21:00:00","Belgium (BE)","0.00","0.00","0.00","0.00"
"27/01/2025 21:00:00 - 27/01/2025 22:00:00","Belgium (BE)","0.00","0.00","0.00","0.00"
"27/01/2025 22:00:00 - 27/01/2025 23:00:00","Belgium (BE)","0.00","0.00","0.00","0.00"
"27/01/2025 23:00:00 - 28/01/2025 00:00:00","Belgium (BE)","0.00","0.00","0.00","0.00"
"28/01/2025 00:00:00 - 28/01/2025 01:00:00","Belgium (BE)","0.00","0.00","0.00","0.00"
"28/01/2025 01:00:00 - 28/01/2025 02:00:00","Belgium (BE)","0.00","0.00","0.00","0.00"
"28/01/2025 02:00:00 - 28/01/2025 03:00:00","Belgium (BE)","0.00","0.00","0.00","0.00"
"28/01/2025 03:00:00 - 28/01/2025 04:00:00","Belgium (BE)","0.00","0.00","0.00","0.00"
"28/01/2025 04:00:00 - 28/01/2025 05:00:00","Belgium (BE)","0.00","0.00","0.00","0.00"
"28/01/2025 05:00:00 - 28/01/2025 06:00:00","Belgium (BE)","0.00","0.00","0.00","0.00"
"28/01/2025 06:00:00 - 28/01/2025 07:00:00","Belgium (BE)","0.00","0.00","0.00","0.00"
"28/01/2025 07:00:00 - 28/01/2025 08:00:00","Belgium (BE)","0.00","0.00","0.00","0.00"
"28/01/2025 08:00:00 - 28/01/2025 09:00:00","Belgium (BE)","23.15","51.51","51.57","44.86"
"28/01/2025 09:00:00 - 28/01/2025 10:00:00","Belgium (BE)","270.35","559.33","554.39","571.82"
"28/01/2025 10:00:00 - 28/01/2025 11:00:00","Belgium (BE)","623.99","1136.39","1137.27","1040.83"
"28/01/2025 11:00:00 - 28/01/2025 12:00:00","Belgium (BE)","903.09","1204.96","1093.65","1024.75"
"28/01/2025 12:00:00 - 28/01/2025 13:00:00","Belgium (BE)","1069.80","1084.44","1042.26","992.74"
"28/01/2025 13:00:00 - 28/01/2025 14:00:00","Belgium (BE)","1238.76","944.82","1005.83","939.83"
"28/01/2025 14:00:00 - 28/01/2025 15:00:00","Belgium (BE)","1092.86","791.69","834.95","683.52"
"28/01/2025 15:00:00 - 28/01/2025 16:00:00","Belgium (BE)","582.25","433.73","532.61","410.63"
"28/01/2025 16:00:00 - 28/01/2025 17:00:00","Belgium (BE)","205.60","150.02","189.35","144.98"
"28/01/2025 17:00:00 - 28/01/2025 18:00:00","Belgium (BE)","9.76","8.57","10.11","9.28"
"28/01/2025 18:00:00 - 28/01/2025 19:00:00","Belgium (BE)","0.00","0.00","0.00","0.00"
"28/01/2025 19:00:00 - 28/01/2025 20:00:00","Belgium (BE)","0.00","0.00","0.00","0.00"
"28/01/2025 20:00:00 - 28/01/2025 21:00:00","Belgium (BE)","0.00","0.00","0.00","0.00"
"28/01/2025 21:00:00 - 28/01/2025 22:00:00","Belgium (BE)","0.00","0.00","0.00","0.00"
"28/01/2025 22:00:00 - 28/01/2025 23:00:00","Belgium (BE)","0.00","0.00","0.00","0.00"
"28/01/2025 23:00:00 - 29/01/2025 00:00:00","Belgium (BE)","0.00","0.00","0.00","0.00"
"29/01/2025 00:00:00 - 29/01/2025 01:00:00","Belgium (BE)","0.00","0.00","0.00","0.00"
"29/01/2025 01:00:00 - 29/01/2025 02:00:00","Belgium (BE)","0.00","0.00","0.00","0.00"
"29/01/2025 02:00:00 - 29/01/2025 03:00:00","Belgium (BE)","0.00","0.00","0.00","0.00"
"29/01/2025 03:00:00 - 29/01/2025 04:00:00","Belgium (BE)","0.00","0.00","0.00","0.00"
"29/01/2025 04:00:00 - 29/01/2025 05:00:00","Belgium (BE)","0.00","0.00","0.00","0.00"
"29/01/2025 05:00:00 - 29/01/2025 06:00:00","Belgium (BE)","0.00","0.00","0.00","0.00"
"29/01/2025 06:00:00 - 29/01/2025 07:00:00","Belgium (BE)","0.00","0.00","0.00","0.00"
"29/01/2025 07:00:00 - 29/01/2025 08:00:00","Belgium (BE)","0.00","0.00","0.00","0.00"
"29/01/2025 08:00:00 - 29/01/2025 09:00:00","Belgium (BE)","37.90","37.90","38.35","34.87"
"29/01/2025 09:00:00 - 29/01/2025 10:00:00","Belgium (BE)","493.57","482.40","487.01","554.13"
"29/01/2025 10:00:00 - 29/01/2025 11:00:00","Belgium (BE)","1147.21","1112.66","1109.99","1491.69"
"29/01/2025 11:00:00 - 29/01/2025 12:00:00","Belgium (BE)","1674.99","1658.69","1878.52","1702.96"
"29/01/2025 12:00:00 - 29/01/2025 13:00:00","Belgium (BE)","2053.89","2039.59","2084.94","1699.97"
"29/01/2025 13:00:00 - 29/01/2025 14:00:00","Belgium (BE)","2304.47","2126.42","1913.70","1771.09"
"29/01/2025 14:00:00 - 29/01/2025 15:00:00","Belgium (BE)","2024.08","2031.65","1689.70","1761.34"
"29/01/2025 15:00:00 - 29/01/2025 16:00:00","Belgium (BE)","1155.71","1347.49","1024.13","980.93"
"29/01/2025 16:00:00 - 29/01/2025 17:00:00","Belgium (BE)","419.23","506.53","371.46","297.07"
"29/01/2025 17:00:00 - 29/01/2025 18:00:00","Belgium (BE)","19.22","23.81","17.22","6.68"
"29/01/2025 18:00:00 - 29/01/2025 19:00:00","Belgium (BE)","0.00","0.00","0.00","0.00"
"29/01/2025 19:00:00 - 29/01/2025 20:00:00","Belgium (BE)","0.00","0.00","0.00","0.00"
"29/01/2025 20:00:00 - 29/01/2025 21:00:00","Belgium (BE)","0.00","0.00","0.00","0.00"
"29/01/2025 21:00:00 - 29/01/2025 22:00:00","Belgium (BE)","0.00","0.00","0.00","0.00"
"29/01/2025 22:00:00 - 29/01/2025 23:00:00","Belgium (BE)","0.00","0.00","0.00","0.00"
"29/01/2025 23:00:00 - 30/01/2025 00:00:00","Belgium (BE)","0.00","0.00","0.00","0.00"
"30/01/2025 00:00:00 - 30/01/2025 01:00:00","Belgium (BE)","0.00","0.00","0.00","0.00"
"30/01/2025 01:00:00 - 30/01/2025 02:00:00","Belgium (BE)","0.00","0.00","0.00","0.00"
"30/01/2025 02:00:00 - 30/01/2025 03:00:00","Belgium (BE)","0.00","0.00","0.00","0.00"
"30/01/2025 03:00:00 - 30/01/2025 04:00:00","Belgium (BE)","0.00","0.00","0.00","0.00"
"30/01/2025 04:00:00 - 30/01/2025 05:00:00","Belgium (BE)","0.00","0.00","0.00","0.00"
"30/01/2025 05:00:00 - 30/01/2025 06:00:00","Belgium (BE)","0.00","0.00","0.00","0.00"
"30/01/2025 06:00:00 - 30/01/2025 07:00:00","Belgium (BE)","0.00","0.00","0.00","0.00"
"30/01/2025 07:00:00 - 30/01/2025 08:00:00","Belgium (BE)","0.00","0.00","0.00","0.00"
"30/01/2025 08:00:00 - 30/01/2025 09:00:00","Belgium (BE)","13.79","12.67","12.66","8.23"
"30/01/2025 09:00:00 - 30/01/2025 10:00:00","Belgium (BE)","120.02","113.82","113.78","142.40"
"30/01/2025 10:00:00 - 30/01/2025 11:00:00","Belgium (BE)","270.07","256.02","251.60","286.95"
"30/01/2025 11:00:00 - 30/01/2025 12:00:00","Belgium (BE)","414.11","358.41","388.15","432.69"
"30/01/2025 12:00:00 - 30/01/2025 13:00:00","Belgium (BE)","476.86","434.97","476.20","564.15"
"30/01/2025 13:00:00 - 30/01/2025 14:00:00","Belgium (BE)","527.13","544.50","587.03","749.40"
"30/01/2025 14:00:00 - 30/01/2025 15:00:00","Belgium (BE)","595.50","688.71","810.20","963.06"
"30/01/2025 15:00:00 - 30/01/2025 16:00:00","Belgium (BE)","577.15","666.51","734.15","1029.61"
"30/01/2025 16:00:00 - 30/01/2025 17:00:00","Belgium (BE)","250.76","294.99","330.44","615.27"
"30/01/2025 17:00:00 - 30/01/2025 18:00:00","Belgium (BE)","18.42","21.31","22.79","60.56"
"30/01/2025 18:00:00 - 30/01/2025 19:00:00","Belgium (BE)","0.00","0.00","0.00","0.00"
"30/01/2025 19:00:00 - 30/01/2025 20:00:00","Belgium (BE)","0.00","0.00","0.00","0.00"
"30/01/2025 20:00:00 - 30/01/2025 21:00:00","Belgium (BE)","0.00","0.00","0.00","0.00"
"30/01/2025 21:00:00 - 30/01/2025 22:00:00","Belgium (BE)","0.00","0.00","0.00","0.00"
"30/01/2025 22:00:00 - 30/01/2025 23:00:00","Belgium (BE)","0.00","0.00","0.00","0.00"
"30/01/2025 23:00:00 - 31/01/2025 00:00:00","Belgium (BE)","0.00","0.00","0.00","0.00"
"31/01/2025 00:00:00 - 31/01/2025 01:00:00","Belgium (BE)","0.00","0.00","0.00","0.00"
"31/01/2025 01:00:00 - 31/01/2025 02:00:00","Belgium (BE)","0.00","0.00","0.00","0.00"
"31/01/2025 02:00:00 - 31/01/2025 03:00:00","Belgium (BE)","0.00","0.00","0.00","0.00"
"31/01/2025 03:00:00 - 31/01/2025 04:00:00","Belgium (BE)","0.00","0.00","0.00","0.00"
"31/01/2025 04:00:00 - 31/01/2025 05:00:00","Belgium (BE)","0.00","0.00","0.00","0.00"
"31/01/2025 05:00:00 - 31/01/2025 06:00:00","Belgium (BE)","0.00","0.00","0.00","0.00"
"31/01/2025 06:00:00 - 31/01/2025 07:00:00","Belgium (BE)","0.00","0.00","0.00","0.00"
"31/01/2025 07:00:00 - 31/01/2025 08:00:00","Belgium (BE)","0.00","0.00","0.00","0.00"
"31/01/2025 08:00:00 - 31/01/2025 09:00:00","Belgium (BE)","47.82","43.12","43.02","36.45"
"31/01/2025 09:00:00 - 31/01/2025 10:00:00","Belgium (BE)","480.33","436.85","435.72","524.06"
"31/01/2025 10:00:00 - 31/01/2025 11:00:00","Belgium (BE)","1083.35","986.85","1021.64","1479.29"
"31/01/2025 11:00:00 - 31/01/2025 12:00:00","Belgium (BE)","1596.16","1422.17","1691.78","2001.08"
"31/01/2025 12:00:00 - 31/01/2025 13:00:00","Belgium (BE)","1809.60","1578.44","1929.81","1968.04"
"31/01/2025 13:00:00 - 31/01/2025 14:00:00","Belgium (BE)","1784.52","1491.38","1478.65","1836.05"
"31/01/2025 14:00:00 - 31/01/2025 15:00:00","Belgium (BE)","1600.18","1209.14","1329.20","1527.39"
"31/01/2025 15:00:00 - 31/01/2025 16:00:00","Belgium (BE)","1087.37","752.31","783.55","1106.83"
"31/01/2025 16:00:00 - 31/01/2025 17:00:00","Belgium (BE)","434.02","289.23","306.06","538.43"
"31/01/2025 17:00:00 - 31/01/2025 18:00:00","Belgium (BE)","30.01","20.17","22.32","74.24"
"31/01/2025 18:00:00 - 31/01/2025 19:00:00","Belgium (BE)","0.00","0.00","0.00","0.00"
"31/01/2025 19:00:00 - 31/01/2025 20:00:00","Belgium (BE)","0.00","0.00","0.00","0.00"
"31/01/2025 20:00:00 - 31/01/2025 21:00:00","Belgium (BE)","0.00","0.00","0.00","0.00"
"31/01/2025 21:00:00 - 31/01/2025 22:00:00","Belgium (BE)","0.00","0.00","0.00","0.00"
"31/01/2025 22:00:00 - 31/01/2025 23:00:00","Belgium (BE)","0.00","0.00","0.00","0.00"
"31/01/2025 23:00:00 - 01/02/2025 00:00:00","Belgium (BE)","0.00","0.00","0.00","0.00"
"01/02/2025 00:00:00 - 01/02/2025 01:00:00","Belgium (BE)","0.00","0.00","0.00","0.00"
"01/02/2025 01:00:00 - 01/02/2025 02:00:00","Belgium (BE)","0.00","0.00","0.00","0.00"
"01/02/2025 02:00:00 - 01/02/2025 03:00:00","Belgium (BE)","0.00","0.00","0.00","0.00"
"01/02/2025 03:00:00 - 01/02/2025 04:00:00","Belgium (BE)","0.00","0.00","0.00","0.00"
"01/02/2025 04:00:00 - 01/02/2025 05:00:00","Belgium (BE)","0.00","0.00","0.00","0.00"
"01/02/2025 05:00:00 - 01/02/2025 06:00:00","Belgium (BE)","0.00","0.00","0.00","0.00"
"01/02/2025 06:00:00 - 01/02/2025 07:00:00","Belgium (BE)","0.00","0.00","0.00","0.00"
"01/02/2025 07:00:00 - 01/02/2025 08:00:00","Belgium (BE)","0.00","0.00","0.00","0.00"
"01/02/2025 08:00:00 - 01/02/2025 09:00:00","Belgium (BE)","121.89","133.71","133.77","167.94"
"01/02/2025 09:00:00 - 01/02/2025 10:00:00","Belgium (BE)","1122.45","1161.42","1166.00","1490.47"
"01/02/2025 10:00:00 - 01/02/2025 11:00:00","Belgium (BE)","2399.61","2449.74","2722.78","3252.34"
"01/02/2025 11:00:00 - 01/02/2025 12:00:00","Belgium (BE)","3501.80","3646.08","4321.84","4604.90"
"01/02/2025 12:00:00 - 01/02/2025 13:00:00","Belgium (BE)","4131.57","4354.04","5052.20","5266.51"
"01/02/2025 13:00:00 - 01/02/2025 14:00:00","Belgium (BE)","4275.59","4455.76","5144.78","5239.63"
"01/02/2025 14:00:00 - 01/02/2025 15:00:00","Belgium (BE)","3768.09","3950.97","4470.73","4510.13"
"01/02/2025 15:00:00 - 01/02/2025 16:00:00","Belgium (BE)","2566.31","2739.08","3095.35","3126.05"
"01/02/2025 16:00:00 - 01/02/2025 17:00:00","Belgium (BE)","1067.64","1142.38","1267.25","1324.08"
"01/02/2025 17:00:00 - 01/02/2025 18:00:00","Belgium (BE)","85.43","90.34","103.18","116.93"
"01/02/2025 18:00:00 - 01/02/2025 19:00:00","Belgium (BE)","0.00","0.00","0.00","0.00"
"01/02/2025 19:00:00 - 01/02/2025 20:00:00","Belgium (BE)","0.00","0.00","0.00","0.00"
"01/02/2025 20:00:00 - 01/02/2025 21:00:00","Belgium (BE)","0.00","0.00","0.00","0.00"
"01/02/2025 21:00:00 - 01/02/2025 22:00:00","Belgium (BE)","0.00","0.00","0.00","0.00"
"01/02/2025 22:00:00 - 01/02/2025 23:00:00","Belgium (BE)","0.00","0.00","0.00","0.00"
"01/02/2025 23:00:00 - 02/02/2025 00:00:00","Belgium (BE)","0.00","0.00","0.00","0.00"
"02/02/2025 00:00:00 - 02/02/2025 01:00:00","Belgium (BE)","0.00","0.00","0.00","0.00"
"02/02/2025 01:00:00 - 02/02/2025 02:00:00","Belgium (BE)","0.00","0.00","0.00","0.00"
"02/02/2025 02:00:00 - 02/02/2025 03:00:00","Belgium (BE)","0.00","0.00","0.00","0.00"
"02/02/2025 03:00:00 - 02/02/2025 04:00:00","Belgium (BE)","0.00","0.00","0.00","0.00"
"02/02/2025 04:00:00 - 02/02/2025 05:00:00","Belgium (BE)","0.00","0.00","0.00","0.00"
"02/02/2025 05:00:00 - 02/02/2025 06:00:00","Belgium (BE)","0.00","0.00","0.00","0.00"
"02/02/2025 06:00:00 - 02/02/2025 07:00:00","Belgium (BE)","0.00","0.00","0.00","0.00"
"02/02/2025 07:00:00 - 02/02/2025 08:00:00","Belgium (BE)","0.00","0.00","0.00","0.00"
"02/02/2025 08:00:00 - 02/02/2025 09:00:00","Belgium (BE)","195.36","210.91","210.89","199.63"
"02/02/2025 09:00:00 - 02/02/2025 10:00:00","Belgium (BE)","1550.27","1665.52","1642.06","1639.33"
"02/02/2025 10:00:00 - 02/02/2025 11:00:00","Belgium (BE)","3262.34","3487.94","3502.56","3373.05"
"02/02/2025 11:00:00 - 02/02/2025 12:00:00","Belgium (BE)","4563.89","4917.39","4922.80","4686.06"
"02/02/2025 12:00:00 - 02/02/2025 13:00:00","Belgium (BE)","5143.77","5445.63","5275.45","5303.69"
"02/02/2025 13:00:00 - 02/02/2025 14:00:00","Belgium (BE)","4992.54","5272.55","5169.16","5261.58"
"02/02/2025 14:00:00 - 02/02/2025 15:00:00","Belgium (BE)","4133.72","4448.78","4434.08","4528.87"
"02/02/2025 15:00:00 - 02/02/2025 16:00:00","Belgium (BE)","2677.77","2991.33","3049.95","3156.88"
"02/02/2025 16:00:00 - 02/02/2025 17:00:00","Belgium (BE)","1090.70","1228.83","1268.41","1338.99"
"02/02/2025 17:00:00 - 02/02/2025 18:00:00","Belgium (BE)","89.95","104.59","108.51","132.39"
"02/02/2025 18:00:00 - 02/02/2025 19:00:00","Belgium (BE)","0.00","0.00","0.00","0.00"
"02/02/2025 19:00:00 - 02/02/2025 20:00:00","Belgium (BE)","0.00","0.00","0.00","0.00"
"02/02/2025 20:00:00 - 02/02/2025 21:00:00","Belgium (BE)","0.00","0.00","0.00","0.00"
"02/02/2025 21:00:00 - 02/02/2025 22:00:00","Belgium (BE)","0.00","0.00","0.00","0.00"
"02/02/2025 22:00:00 - 02/02/2025 23:00:00","Belgium (BE)","0.00","0.00","0.00","0.00"
"02/02/2025 23:00:00 - 03/02/2025 00:00:00","Belgium (BE)","0.00","0.00","0.00","0.00"
"03/02/2025 00:00:00 - 03/02/2025 01:00:00","Belgium (BE)","0.00","0.00","0.00","0.00"
"03/02/2025 01:00:00 - 03/02/2025 02:00:00","Belgium (BE)","0.00","0.00","0.00","0.00"
"03/02/2025 02:00:00 - 03/02/2025 03:00:00","Belgium (BE)","0.00","0.00","0.00","0.00"
"03/02/2025 03:00:00 - 03/02/2025 04:00:00","Belgium (BE)","0.00","0.00","0.00","0.00"
"03/02/2025 04:00:00 - 03/02/2025 05:00:00","Belgium (BE)","0.00","0.00","0.00","0.00"
"03/02/2025 05:00:00 - 03/02/2025 06:00:00","Belgium (BE)","0.00","0.00","0.00","0.00"
"03/02/2025 06:00:00 - 03/02/2025 07:00:00","Belgium (BE)","0.00","0.00","0.00","0.00"
"03/02/2025 07:00:00 - 03/02/2025 08:00:00","Belgium (BE)","0.00","0.00","0.00","0.00"
"03/02/2025 08:00:00 - 03/02/2025 09:00:00","Belgium (BE)","100.44","170.00","169.85","178.98"
"03/02/2025 09:00:00 - 03/02/2025 10:00:00","Belgium (BE)","709.32","1251.78","1252.21","1490.57"
"03/02/2025 10:00:00 - 03/02/2025 11:00:00","Belgium (BE)","1446.51","2645.21","2757.84","2973.21"
"03/02/2025 11:00:00 - 03/02/2025 12:00:00","Belgium (BE)","2013.25","3816.41","4196.68","4424.36"
"03/02/2025 12:00:00 - 03/02/2025 13:00:00","Belgium (BE)","2240.33","4424.75","4638.10","5051.93"
"03/02/2025 13:00:00 - 03/02/2025 14:00:00","Belgium (BE)","2143.37","4460.11","4981.57","4983.45"
"03/02/2025 14:00:00 - 03/02/2025 15:00:00","Belgium (BE)","1737.44","3863.00","4070.56","4258.81"
"03/02/2025 15:00:00 - 03/02/2025 16:00:00","Belgium (BE)","1090.89","2598.41","2824.51","2663.82"
"03/02/2025 16:00:00 - 03/02/2025 17:00:00","Belgium (BE)","452.69","1069.33","1101.72","995.16"
"03/02/2025 17:00:00 - 03/02/2025 18:00:00","Belgium (BE)","40.50","96.82","87.43","95.82"
"03/02/2025 18:00:00 - 03/02/2025 19:00:00","Belgium (BE)","0.00","0.00","0.00","0.00"
"03/02/2025 19:00:00 - 03/02/2025 20:00:00","Belgium (BE)","0.00","0.00","0.00","0.00"
"03/02/2025 20:00:00 - 03/02/2025 21:00:00","Belgium (BE)","0.00","0.00","0.00","0.00"
"03/02/2025 21:00:00 - 03/02/2025 22:00:00","Belgium (BE)","0.00","0.00","0.00","0.00"
"03/02/2025 22:00:00 - 03/02/2025 23:00:00","Belgium (BE)","0.00","0.00","0.00","0.00"
"03/02/2025 23:00:00 - 04/02/2025 00:00:00","Belgium (BE)","0.00","0.00","0.00","0.00"
"04/02/2025 00:00:00 - 04/02/2025 01:00:00","Belgium (BE)","0.00","0.00","0.00","0.00"
"04/02/2025 01:00:00 - 04/02/2025 02:00:00","Belgium (BE)","0.00","0.00","0.00","0.00"
"04/02/2025 02:00:00 - 04/02/2025 03:00:00","Belgium (BE)","0.00","0.00","0.00","0.00"
"04/02/2025 03:00:00 - 04/02/2025 04:00:00","Belgium (BE)","0.00","0.00","0.00","0.00"
"04/02/2025 04:00:00 - 04/02/2025 05:00:00","Belgium (BE)","0.00","0.00","0.00","0.00"
"04/02/2025 05:00:00 - 04/02/2025 06:00:00","Belgium (BE)","0.00","0.00","0.00","0.00"
"04/02/2025 06:00:00 - 04/02/2025 07:00:00","Belgium (BE)","0.00","0.00","0.00","0.00"
"04/02/2025 07:00:00 - 04/02/2025 08:00:00","Belgium (BE)","0.00","0.00","0.00","0.00"
"04/02/2025 08:00:00 - 04/02/2025 09:00:00","Belgium (BE)","77.54","73.90","66.11","32.63"
"04/02/2025 09:00:00 - 04/02/2025 10:00:00","Belgium (BE)","595.02","571.76","507.61","371.75"
"04/02/2025 10:00:00 - 04/02/2025 11:00:00","Belgium (BE)","1279.60","1216.90","900.29","965.41"
"04/02/2025 11:00:00 - 04/02/2025 12:00:00","Belgium (BE)","2056.58","1901.43","1338.15","1588.10"
"04/02/2025 12:00:00 - 04/02/2025 13:00:00","Belgium (BE)","2793.72","2641.11","2448.83","2055.39"
"04/02/2025 13:00:00 - 04/02/2025 14:00:00","Belgium (BE)","3249.98","3094.03","2503.66","2112.02"
"04/02/2025 14:00:00 - 04/02/2025 15:00:00","Belgium (BE)","3026.82","2951.63","2314.26","1944.79"
"04/02/2025 15:00:00 - 04/02/2025 16:00:00","Belgium (BE)","2067.87","2090.17","1682.43","1639.96"
"04/02/2025 16:00:00 - 04/02/2025 17:00:00","Belgium (BE)","888.90","912.92","980.76","951.62"
"04/02/2025 17:00:00 - 04/02/2025 18:00:00","Belgium (BE)","87.83","89.34","107.18","141.64"
"04/02/2025 18:00:00 - 04/02/2025 19:00:00","Belgium (BE)","0.00","0.00","0.00","0.00"
"04/02/2025 19:00:00 - 04/02/2025 20:00:00","Belgium (BE)","0.00","0.00","0.00","0.00"
"04/02/2025 20:00:00 - 04/02/2025 21:00:00","Belgium (BE)","0.00","0.00","0.00","0.00"
"04/02/2025 21:00:00 - 04/02/2025 22:00:00","Belgium (BE)","0.00","0.00","0.00","0.00"
"04/02/2025 22:00:00 - 04/02/2025 23:00:00","Belgium (BE)","0.00","0.00","0.00","0.00"
"04/02/2025 23:00:00 - 05/02/2025 00:00:00","Belgium (BE)","0.00","0.00","0.00","0.00"
"05/02/2025 00:00:00 - 05/02/2025 01:00:00","Belgium (BE)","0.00","0.00","0.00","0.00"
"05/02/2025 01:00:00 - 05/02/2025 02:00:00","Belgium (BE)","0.00","0.00","0.00","0.00"
"05/02/2025 02:00:00 - 05/02/2025 03:00:00","Belgium (BE)","0.00","0.00","0.00","0.00"
"05/02/2025 03:00:00 - 05/02/2025 04:00:00","Belgium (BE)","0.00","0.00","0.00","0.00"
"05/02/2025 04:00:00 - 05/02/2025 05:00:00","Belgium (BE)","0.00","0.00","0.00","0.00"
"05/02/2025 05:00:00 - 05/02/2025 06:00:00","Belgium (BE)","0.00","0.00","0.00","0.00"
"05/02/2025 06:00:00 - 05/02/2025 07:00:00","Belgium (BE)","0.00","0.00","0.00","0.00"
"05/02/2025 07:00:00 - 05/02/2025 08:00:00","Belgium (BE)","0.00","0.00","0.00","0.00"
"05/02/2025 08:00:00 - 05/02/2025 09:00:00","Belgium (BE)","131.67","63.91","62.30","27.29"
"05/02/2025 09:00:00 - 05/02/2025 10:00:00","Belgium (BE)","959.66","458.16","450.82","300.05"
"05/02/2025 10:00:00 - 05/02/2025 11:00:00","Belgium (BE)","2006.17","973.91","854.26","736.15"
"05/02/2025 11:00:00 - 05/02/2025 12:00:00","Belgium (BE)","2746.46","1396.30","1137.52","1116.83"
"05/02/2025 12:00:00 - 05/02/2025 13:00:00","Belgium (BE)","3065.64","1609.48","1248.49","1277.55"
"05/02/2025 13:00:00 - 05/02/2025 14:00:00","Belgium (BE)","2938.16","1633.05","1311.91","1301.24"
"05/02/2025 14:00:00 - 05/02/2025 15:00:00","Belgium (BE)","2460.86","1383.26","1127.19","1142.50"
"05/02/2025 15:00:00 - 05/02/2025 16:00:00","Belgium (BE)","1687.26","976.61","781.45","798.23"
"05/02/2025 16:00:00 - 05/02/2025 17:00:00","Belgium (BE)","735.26","416.60","319.04","416.22"
"05/02/2025 17:00:00 - 05/02/2025 18:00:00","Belgium (BE)","82.54","45.54","38.53","35.46"
"05/02/2025 18:00:00 - 05/02/2025 19:00:00","Belgium (BE)","0.00","0.00","0.00","0.00"
"05/02/2025 19:00:00 - 05/02/2025 20:00:00","Belgium (BE)","0.00","0.00","0.00","0.00"
"05/02/2025 20:00:00 - 05/02/2025 21:00:00","Belgium (BE)","0.00","0.00","0.00","0.00"
"05/02/2025 21:00:00 - 05/02/2025 22:00:00","Belgium (BE)","0.00","0.00","0.00","0.00"
"05/02/2025 22:00:00 - 05/02/2025 23:00:00","Belgium (BE)","0.00","0.00","0.00","0.00"
"05/02/2025 23:00:00 - 06/02/2025 00:00:00","Belgium (BE)","0.00","0.00","0.00","0.00"
"06/02/2025 00:00:00 - 06/02/2025 01:00:00","Belgium (BE)","0.00","0.00","0.00","0.00"
"06/02/2025 01:00:00 - 06/02/2025 02:00:00","Belgium (BE)","0.00","0.00","0.00","0.00"
"06/02/2025 02:00:00 - 06/02/2025 03:00:00","Belgium (BE)","0.00","0.00","0.00","0.00"
"06/02/2025 03:00:00 - 06/02/2025 04:00:00","Belgium (BE)","0.00","0.00","0.00","0.00"
"06/02/2025 04:00:00 - 06/02/2025 05:00:00","Belgium (BE)","0.00","0.00","0.00","0.00"
"06/02/2025 05:00:00 - 06/02/2025 06:00:00","Belgium (BE)","0.00","0.00","0.00","0.00"
"06/02/2025 06:00:00 - 06/02/2025 07:00:00","Belgium (BE)","0.00","0.00","0.00","0.00"
"06/02/2025 07:00:00 - 06/02/2025 08:00:00","Belgium (BE)","0.00","0.00","0.00","0.00"
"06/02/2025 08:00:00 - 06/02/2025 09:00:00","Belgium (BE)","46.92","37.70","37.25","12.43"
"06/02/2025 09:00:00 - 06/02/2025 10:00:00","Belgium (BE)","310.06","242.71","243.05","178.66"
"06/02/2025 10:00:00 - 06/02/2025 11:00:00","Belgium (BE)","620.63","518.49","464.97","463.65"
"06/02/2025 11:00:00 - 06/02/2025 12:00:00","Belgium (BE)","880.44","737.64","700.63","693.23"
"06/02/2025 12:00:00 - 06/02/2025 13:00:00","Belgium (BE)","1081.04","917.33","918.28","982.63"
"06/02/2025 13:00:00 - 06/02/2025 14:00:00","Belgium (BE)","1149.80","983.33","1038.34","1569.31"
"06/02/2025 14:00:00 - 06/02/2025 15:00:00","Belgium (BE)","1136.30","928.31","1282.33","1488.60"
"06/02/2025 15:00:00 - 06/02/2025 16:00:00","Belgium (BE)","903.75","723.08","955.10","842.72"
"06/02/2025 16:00:00 - 06/02/2025 17:00:00","Belgium (BE)","412.36","317.22","376.63","244.97"
"06/02/2025 17:00:00 - 06/02/2025 18:00:00","Belgium (BE)","45.32","37.09","39.00","16.10"
"06/02/2025 18:00:00 - 06/02/2025 19:00:00","Belgium (BE)","0.00","0.00","0.00","0.00"
"06/02/2025 19:00:00 - 06/02/2025 20:00:00","Belgium (BE)","0.00","0.00","0.00","0.00"
"06/02/2025 20:00:00 - 06/02/2025 21:00:00","Belgium (BE)","0.00","0.00","0.00","0.00"
"06/02/2025 21:00:00 - 06/02/2025 22:00:00","Belgium (BE)","0.00","0.00","0.00","0.00"
"06/02/2025 22:00:00 - 06/02/2025 23:00:00","Belgium (BE)","0.00","0.00","0.00","0.00"
"06/02/2025 23:00:00 - 07/02/2025 00:00:00","Belgium (BE)","0.00","0.00","0.00","0.00"
"07/02/2025 00:00:00 - 07/02/2025 01:00:00","Belgium (BE)","0.00","0.00","0.00","0.00"
"07/02/2025 01:00:00 - 07/02/2025 02:00:00","Belgium (BE)","0.00","0.00","0.00","0.00"
"07/02/2025 02:00:00 - 07/02/2025 03:00:00","Belgium (BE)","0.00","0.00","0.00","0.00"
"07/02/2025 03:00:00 - 07/02/2025 04:00:00","Belgium (BE)","0.00","0.00","0.00","0.00"
"07/02/2025 04:00:00 - 07/02/2025 05:00:00","Belgium (BE)","0.00","0.00","0.00","0.00"
"07/02/2025 05:00:00 - 07/02/2025 06:00:00","Belgium (BE)","0.00","0.00","0.00","0.00"
"07/02/2025 06:00:00 - 07/02/2025 07:00:00","Belgium (BE)","0.00","0.00","0.00","0.00"
"07/02/2025 07:00:00 - 07/02/2025 08:00:00","Belgium (BE)","0.00","0.00","0.00","0.00"
"07/02/2025 08:00:00 - 07/02/2025 09:00:00","Belgium (BE)","92.96","73.62","72.97","10.67"
"07/02/2025 09:00:00 - 07/02/2025 10:00:00","Belgium (BE)","612.02","482.40","478.49","133.95"
"07/02/2025 10:00:00 - 07/02/2025 11:00:00","Belgium (BE)","1150.99","884.99","642.47","254.23"
"07/02/2025 11:00:00 - 07/02/2025 12:00:00","Belgium (BE)","1440.63","1017.87","618.72","258.28"
"07/02/2025 12:00:00 - 07/02/2025 13:00:00","Belgium (BE)","1408.80","980.10","504.12","303.86"
"07/02/2025 13:00:00 - 07/02/2025 14:00:00","Belgium (BE)","1190.59","912.35","470.21","466.79"
"07/02/2025 14:00:00 - 07/02/2025 15:00:00","Belgium (BE)","918.38","789.61","486.99","641.39"
"07/02/2025 15:00:00 - 07/02/2025 16:00:00","Belgium (BE)","646.07","580.07","442.15","683.81"
"07/02/2025 16:00:00 - 07/02/2025 17:00:00","Belgium (BE)","300.25","262.25","249.07","372.54"
"07/02/2025 17:00:00 - 07/02/2025 18:00:00","Belgium (BE)","37.26","34.02","34.77","48.07"
"07/02/2025 18:00:00 - 07/02/2025 19:00:00","Belgium (BE)","0.00","0.00","0.00","0.00"
"07/02/2025 19:00:00 - 07/02/2025 20:00:00","Belgium (BE)","0.00","0.00","0.00","0.00"
"07/02/2025 20:00:00 - 07/02/2025 21:00:00","Belgium (BE)","0.00","0.00","0.00","0.00"
"07/02/2025 21:00:00 - 07/02/2025 22:00:00","Belgium (BE)","0.00","0.00","0.00","0.00"
"07/02/2025 22:00:00 - 07/02/2025 23:00:00","Belgium (BE)","0.00","0.00","0.00","0.00"
"07/02/2025 23:00:00 - 08/02/2025 00:00:00","Belgium (BE)","0.00","0.00","0.00","0.00"
"08/02/2025 00:00:00 - 08/02/2025 01:00:00","Belgium (BE)","0.00","0.00","0.00","0.00"
"08/02/2025 01:00:00 - 08/02/2025 02:00:00","Belgium (BE)","0.00","0.00","0.00","0.00"
"08/02/2025 02:00:00 - 08/02/2025 03:00:00","Belgium (BE)","0.00","0.00","0.00","0.00"
"08/02/2025 03:00:00 - 08/02/2025 04:00:00","Belgium (BE)","0.00","0.00","0.00","0.00"
"08/02/2025 04:00:00 - 08/02/2025 05:00:00","Belgium (BE)","0.00","0.00","0.00","0.00"
"08/02/2025 05:00:00 - 08/02/2025 06:00:00","Belgium (BE)","0.00","0.00","0.00","0.00"
"08/02/2025 06:00:00 - 08/02/2025 07:00:00","Belgium (BE)","0.00","0.00","0.00","0.00"
"08/02/2025 07:00:00 - 08/02/2025 08:00:00","Belgium (BE)","0.00","0.00","0.00","0.00"
"08/02/2025 08:00:00 - 08/02/2025 09:00:00","Belgium (BE)","123.47","139.24","139.14","56.94"
"08/02/2025 09:00:00 - 08/02/2025 10:00:00","Belgium (BE)","773.31","868.09","847.98","378.92"
"08/02/2025 10:00:00 - 08/02/2025 11:00:00","Belgium (BE)","1629.39","1841.13","1492.06","1448.68"
"08/02/2025 11:00:00 - 08/02/2025 12:00:00","Belgium (BE)","2370.02","2545.36","2079.39","3224.40"
"08/02/2025 12:00:00 - 08/02/2025 13:00:00","Belgium (BE)","2739.64","2993.44","3424.64","3591.30"
"08/02/2025 13:00:00 - 08/02/2025 14:00:00","Belgium (BE)","2736.05","2925.43","3514.18","2984.86"
"08/02/2025 14:00:00 - 08/02/2025 15:00:00","Belgium (BE)","2270.20","2108.26","2355.41","2628.00"
"08/02/2025 15:00:00 - 08/02/2025 16:00:00","Belgium (BE)","1461.09","1275.27","1731.20","1387.26"
"08/02/2025 16:00:00 - 08/02/2025 17:00:00","Belgium (BE)","659.05","569.41","689.67","401.10"
"08/02/2025 17:00:00 - 08/02/2025 18:00:00","Belgium (BE)","79.67","67.78","75.41","46.21"
"08/02/2025 18:00:00 - 08/02/2025 19:00:00","Belgium (BE)","0.00","0.00","0.00","0.18"
"08/02/2025 19:00:00 - 08/02/2025 20:00:00","Belgium (BE)","0.00","0.00","0.00","0.00"
"08/02/2025 20:00:00 - 08/02/2025 21:00:00","Belgium (BE)","0.00","0.00","0.00","0.00"
"08/02/2025 21:00:00 - 08/02/2025 22:00:00","Belgium (BE)","0.00","0.00","0.00","0.00"
"08/02/2025 22:00:00 - 08/02/2025 23:00:00","Belgium (BE)","0.00","0.00","0.00","0.00"
"08/02/2025 23:00:00 - 09/02/2025 00:00:00","Belgium (BE)","0.00","0.00","0.00","0.00"
"09/02/2025 00:00:00 - 09/02/2025 01:00:00","Belgium (BE)","0.00","0.00","0.00","0.00"
"09/02/2025 01:00:00 - 09/02/2025 02:00:00","Belgium (BE)","0.00","0.00","0.00","0.00"
"09/02/2025 02:00:00 - 09/02/2025 03:00:00","Belgium (BE)","0.00","0.00","0.00","0.00"
"09/02/2025 03:00:00 - 09/02/2025 04:00:00","Belgium (BE)","0.00","0.00","0.00","0.00"
"09/02/2025 04:00:00 - 09/02/2025 05:00:00","Belgium (BE)","0.00","0.00","0.00","0.00"
"09/02/2025 05:00:00 - 09/02/2025 06:00:00","Belgium (BE)","0.00","0.00","0.00","0.00"
"09/02/2025 06:00:00 - 09/02/2025 07:00:00","Belgium (BE)","0.00","0.00","0.00","0.00"
"09/02/2025 07:00:00 - 09/02/2025 08:00:00","Belgium (BE)","0.00","0.00","0.00","0.00"
"09/02/2025 08:00:00 - 09/02/2025 09:00:00","Belgium (BE)","73.52","55.95","56.34","33.62"
"09/02/2025 09:00:00 - 09/02/2025 10:00:00","Belgium (BE)","399.15","322.39","323.01","246.03"
"09/02/2025 10:00:00 - 09/02/2025 11:00:00","Belgium (BE)","702.24","611.83","554.37","669.68"
"09/02/2025 11:00:00 - 09/02/2025 12:00:00","Belgium (BE)","891.73","896.93","916.85","1224.95"
"09/02/2025 12:00:00 - 09/02/2025 13:00:00","Belgium (BE)","1021.32","1092.82","1332.89","1563.08"
"09/02/2025 13:00:00 - 09/02/2025 14:00:00","Belgium (BE)","1048.83","1139.39","1464.77","1549.04"
"09/02/2025 14:00:00 - 09/02/2025 15:00:00","Belgium (BE)","930.42","984.91","1180.95","1246.95"
"09/02/2025 15:00:00 - 09/02/2025 16:00:00","Belgium (BE)","666.99","675.68","790.97","784.23"
"09/02/2025 16:00:00 - 09/02/2025 17:00:00","Belgium (BE)","314.70","313.87","335.87","350.06"
"09/02/2025 17:00:00 - 09/02/2025 18:00:00","Belgium (BE)","45.61","44.01","47.11","42.10"
"09/02/2025 18:00:00 - 09/02/2025 19:00:00","Belgium (BE)","0.00","0.00","0.00","0.02"
"09/02/2025 19:00:00 - 09/02/2025 20:00:00","Belgium (BE)","0.00","0.00","0.00","0.00"
"09/02/2025 20:00:00 - 09/02/2025 21:00:00","Belgium (BE)","0.00","0.00","0.00","0.00"
"09/02/2025 21:00:00 - 09/02/2025 22:00:00","Belgium (BE)","0.00","0.00","0.00","0.00"
"09/02/2025 22:00:00 - 09/02/2025 23:00:00","Belgium (BE)","0.00","0.00","0.00","0.00"
"09/02/2025 23:00:00 - 10/02/2025 00:00:00","Belgium (BE)","0.00","0.00","0.00","0.00"
"10/02/2025 00:00:00 - 10/02/2025 01:00:00","Belgium (BE)","0.00","0.00","0.00","0.00"
"10/02/2025 01:00:00 - 10/02/2025 02:00:00","Belgium (BE)","0.00","0.00","0.00","0.00"
"10/02/2025 02:00:00 - 10/02/2025 03:00:00","Belgium (BE)","0.00","0.00","0.00","0.00"
"10/02/2025 03:00:00 - 10/02/2025 04:00:00","Belgium (BE)","0.00","0.00","0.00","0.00"
"10/02/2025 04:00:00 - 10/02/2025 05:00:00","Belgium (BE)","0.00","0.00","0.00","0.00"
"10/02/2025 05:00:00 - 10/02/2025 06:00:00","Belgium (BE)","0.00","0.00","0.00","0.00"
"10/02/2025 06:00:00 - 10/02/2025 07:00:00","Belgium (BE)","0.00","0.00","0.00","0.00"
"10/02/2025 07:00:00 - 10/02/2025 08:00:00","Belgium (BE)","0.00","0.00","0.00","0.00"
"10/02/2025 08:00:00 - 10/02/2025 09:00:00","Belgium (BE)","52.72","55.38","55.48","58.66"
"10/02/2025 09:00:00 - 10/02/2025 10:00:00","Belgium (BE)","263.69","284.58","284.95","355.11"
"10/02/2025 10:00:00 - 10/02/2025 11:00:00","Belgium (BE)","501.63","549.38","590.89","631.95"
"10/02/2025 11:00:00 - 10/02/2025 12:00:00","Belgium (BE)","644.47","770.33","827.61","910.02"
"10/02/2025 12:00:00 - 10/02/2025 13:00:00","Belgium (BE)","657.79","878.81","1025.10","910.35"
"10/02/2025 13:00:00 - 10/02/2025 14:00:00","Belgium (BE)","619.91","775.17","857.92","590.37"
"10/02/2025 14:00:00 - 10/02/2025 15:00:00","Belgium (BE)","526.11","602.46","522.55","419.32"
"10/02/2025 15:00:00 - 10/02/2025 16:00:00","Belgium (BE)","361.60","415.93","327.53","312.82"
"10/02/2025 16:00:00 - 10/02/2025 17:00:00","Belgium (BE)","160.48","196.84","173.86","91.00"
"10/02/2025 17:00:00 - 10/02/2025 18:00:00","Belgium (BE)","26.81","31.31","26.80","7.53"
"10/02/2025 18:00:00 - 10/02/2025 19:00:00","Belgium (BE)","0.00","0.00","0.00","0.01"
"10/02/2025 19:00:00 - 10/02/2025 20:00:00","Belgium (BE)","0.00","0.00","0.00","0.00"
"10/02/2025 20:00:00 - 10/02/2025 21:00:00","Belgium (BE)","0.00","0.00","0.00","0.00"
"10/02/2025 21:00:00 - 10/02/2025 22:00:00","Belgium (BE)","0.00","0.00","0.00","0.00"
"10/02/2025 22:00:00 - 10/02/2025 23:00:00","Belgium (BE)","0.00","0.00","0.00","0.00"
"10/02/2025 23:00:00 - 11/02/2025 00:00:00","Belgium (BE)","0.00","0.00","0.00","0.00"
"11/02/2025 00:00:00 - 11/02/2025 01:00:00","Belgium (BE)","0.00","0.00","0.00","0.00"
"11/02/2025 01:00:00 - 11/02/2025 02:00:00","Belgium (BE)","0.00","0.00","0.00","0.00"
"11/02/2025 02:00:00 - 11/02/2025 03:00:00","Belgium (BE)","0.00","0.00","0.00","0.00"
"11/02/2025 03:00:00 - 11/02/2025 04:00:00","Belgium (BE)","0.00","0.00","0.00","0.00"
"11/02/2025 04:00:00 - 11/02/2025 05:00:00","Belgium (BE)","0.00","0.00","0.00","0.00"
"11/02/2025 05:00:00 - 11/02/2025 06:00:00","Belgium (BE)","0.00","0.00","0.00","0.00"
"11/02/2025 06:00:00 - 11/02/2025 07:00:00","Belgium (BE)","0.00","0.00","0.00","0.00"
"11/02/2025 07:00:00 - 11/02/2025 08:00:00","Belgium (BE)","0.00","0.00","0.00","0.00"
"11/02/2025 08:00:00 - 11/02/2025 09:00:00","Belgium (BE)","49.50","42.30","42.33","18.94"
"11/02/2025 09:00:00 - 11/02/2025 10:00:00","Belgium (BE)","237.01","201.03","200.93","134.63"
"11/02/2025 10:00:00 - 11/02/2025 11:00:00","Belgium (BE)","491.65","402.19","334.00","298.48"
"11/02/2025 11:00:00 - 11/02/2025 12:00:00","Belgium (BE)","714.24","560.87","493.37","400.31"
"11/02/2025 12:00:00 - 11/02/2025 13:00:00","Belgium (BE)","807.56","658.75","535.13","471.24"
"11/02/2025 13:00:00 - 11/02/2025 14:00:00","Belgium (BE)","792.04","673.30","586.91","451.70"
"11/02/2025 14:00:00 - 11/02/2025 15:00:00","Belgium (BE)","657.99","600.77","504.38","348.72"
"11/02/2025 15:00:00 - 11/02/2025 16:00:00","Belgium (BE)","443.74","418.73","355.03","194.57"
"11/02/2025 16:00:00 - 11/02/2025 17:00:00","Belgium (BE)","212.40","196.14","164.11","62.65"
"11/02/2025 17:00:00 - 11/02/2025 18:00:00","Belgium (BE)","36.93","33.59","29.26","5.35"
"11/02/2025 18:00:00 - 11/02/2025 19:00:00","Belgium (BE)","0.00","0.00","0.00","0.00"
"11/02/2025 19:00:00 - 11/02/2025 20:00:00","Belgium (BE)","0.00","0.00","0.00","0.00"
"11/02/2025 20:00:00 - 11/02/2025 21:00:00","Belgium (BE)","0.00","0.00","0.00","0.00"
"11/02/2025 21:00:00 - 11/02/2025 22:00:00","Belgium (BE)","0.00","0.00","0.00","0.00"
"11/02/2025 22:00:00 - 11/02/2025 23:00:00","Belgium (BE)","0.00","0.00","0.00","0.00"
"11/02/2025 23:00:00 - 12/02/2025 00:00:00","Belgium (BE)","0.00","0.00","0.00","0.00"
"12/02/2025 00:00:00 - 12/02/2025 01:00:00","Belgium (BE)","0.00","0.00","0.00","0.00"
"12/02/2025 01:00:00 - 12/02/2025 02:00:00","Belgium (BE)","0.00","0.00","0.00","0.00"
"12/02/2025 02:00:00 - 12/02/2025 03:00:00","Belgium (BE)","0.00","0.00","0.00","0.00"
"12/02/2025 03:00:00 - 12/02/2025 04:00:00","Belgium (BE)","0.00","0.00","0.00","0.00"
"12/02/2025 04:00:00 - 12/02/2025 05:00:00","Belgium (BE)","0.00","0.00","0.00","0.00"
"12/02/2025 05:00:00 - 12/02/2025 06:00:00","Belgium (BE)","0.00","0.00","0.00","0.00"
"12/02/2025 06:00:00 - 12/02/2025 07:00:00","Belgium (BE)","0.00","0.00","0.00","0.00"
"12/02/2025 07:00:00 - 12/02/2025 08:00:00","Belgium (BE)","0.03","0.02","0.02","0.00"
"12/02/2025 08:00:00 - 12/02/2025 09:00:00","Belgium (BE)","159.65","92.35","89.71","69.82"
"12/02/2025 09:00:00 - 12/02/2025 10:00:00","Belgium (BE)","793.97","479.23","464.44","351.05"
"12/02/2025 10:00:00 - 12/02/2025 11:00:00","Belgium (BE)","1493.19","825.43","709.74","711.03"
"12/02/2025 11:00:00 - 12/02/2025 12:00:00","Belgium (BE)","2017.15","1064.63","942.56","1057.77"
"12/02/2025 12:00:00 - 12/02/2025 13:00:00","Belgium (BE)","2282.56","1187.40","1139.63","1237.71"
"12/02/2025 13:00:00 - 12/02/2025 14:00:00","Belgium (BE)","2199.41","1185.95","1180.46","1214.50"
"12/02/2025 14:00:00 - 12/02/2025 15:00:00","Belgium (BE)","1810.95","1043.47","1018.64","985.07"
"12/02/2025 15:00:00 - 12/02/2025 16:00:00","Belgium (BE)","1266.84","776.39","736.01","642.50"
"12/02/2025 16:00:00 - 12/02/2025 17:00:00","Belgium (BE)","615.62","423.51","365.70","294.32"
"12/02/2025 17:00:00 - 12/02/2025 18:00:00","Belgium (BE)","101.07","65.20","52.85","53.90"
"12/02/2025 18:00:00 - 12/02/2025 19:00:00","Belgium (BE)","0.00","0.00","0.00","0.01"
"12/02/2025 19:00:00 - 12/02/2025 20:00:00","Belgium (BE)","0.00","0.00","0.00","0.00"
"12/02/2025 20:00:00 - 12/02/2025 21:00:00","Belgium (BE)","0.00","0.00","0.00","0.00"
"12/02/2025 21:00:00 - 12/02/2025 22:00:00","Belgium (BE)","0.00","0.00","0.00","0.00"
"12/02/2025 22:00:00 - 12/02/2025 23:00:00","Belgium (BE)","0.00","0.00","0.00","0.00"
"12/02/2025 23:00:00 - 13/02/2025 00:00:00","Belgium (BE)","0.00","0.00","0.00","0.00"
"13/02/2025 00:00:00 - 13/02/2025 01:00:00","Belgium (BE)","0.00","0.00","0.00","0.00"
"13/02/2025 01:00:00 - 13/02/2025 02:00:00","Belgium (BE)","0.00","0.00","0.00","0.00"
"13/02/2025 02:00:00 - 13/02/2025 03:00:00","Belgium (BE)","0.00","0.00","0.00","0.00"
"13/02/2025 03:00:00 - 13/02/2025 04:00:00","Belgium (BE)","0.00","0.00","0.00","0.00"
"13/02/2025 04:00:00 - 13/02/2025 05:00:00","Belgium (BE)","0.00","0.00","0.00","0.00"
"13/02/2025 05:00:00 - 13/02/2025 06:00:00","Belgium (BE)","0.00","0.00","0.00","0.00"
"13/02/2025 06:00:00 - 13/02/2025 07:00:00","Belgium (BE)","0.00","0.00","0.00","0.00"
"13/02/2025 07:00:00 - 13/02/2025 08:00:00","Belgium (BE)","0.06","0.04","0.04","0.00"
"13/02/2025 08:00:00 - 13/02/2025 09:00:00","Belgium (BE)","96.91","63.25","67.99","23.91"
"13/02/2025 09:00:00 - 13/02/2025 10:00:00","Belgium (BE)","460.30","324.51","340.82","194.70"
"13/02/2025 10:00:00 - 13/02/2025 11:00:00","Belgium (BE)","852.90","604.98","517.07","435.59"
"13/02/2025 11:00:00 - 13/02/2025 12:00:00","Belgium (BE)","1109.49","848.72","763.69","506.61"
"13/02/2025 12:00:00 - 13/02/2025 13:00:00","Belgium (BE)","1284.86","1005.58","799.87","468.98"
"13/02/2025 13:00:00 - 13/02/2025 14:00:00","Belgium (BE)","1473.96","1042.56","730.25","521.14"
"13/02/2025 14:00:00 - 13/02/2025 15:00:00","Belgium (BE)","1531.97","960.16","679.39","526.31"
"13/02/2025 15:00:00 - 13/02/2025 16:00:00","Belgium (BE)","1189.74","729.01","602.35","341.45"
"13/02/2025 16:00:00 - 13/02/2025 17:00:00","Belgium (BE)","604.54","371.32","299.24","212.33"
"13/02/2025 17:00:00 - 13/02/2025 18:00:00","Belgium (BE)","107.21","63.24","54.66","49.38"
"13/02/2025 18:00:00 - 13/02/2025 19:00:00","Belgium (BE)","0.00","0.00","0.00","0.01"
"13/02/2025 19:00:00 - 13/02/2025 20:00:00","Belgium (BE)","0.00","0.00","0.00","0.00"
"13/02/2025 20:00:00 - 13/02/2025 21:00:00","Belgium (BE)","0.00","0.00","0.00","0.00"
"13/02/2025 21:00:00 - 13/02/2025 22:00:00","Belgium (BE)","0.00","0.00","0.00","0.00"
"13/02/2025 22:00:00 - 13/02/2025 23:00:00","Belgium (BE)","0.00","0.00","0.00","0.00"
"13/02/2025 23:00:00 - 14/02/2025 00:00:00","Belgium (BE)","0.00","0.00","0.00","0.00"
"14/02/2025 00:00:00 - 14/02/2025 01:00:00","Belgium (BE)","0.00","0.00","0.00","0.00"
"14/02/2025 01:00:00 - 14/02/2025 02:00:00","Belgium (BE)","0.00","0.00","0.00","0.00"
"14/02/2025 02:00:00 - 14/02/2025 03:00:00","Belgium (BE)","0.00","0.00","0.00","0.00"
"14/02/2025 03:00:00 - 14/02/2025 04:00:00","Belgium (BE)","0.00","0.00","0.00","0.00"
"14/02/2025 04:00:00 - 14/02/2025 05:00:00","Belgium (BE)","0.00","0.00","0.00","0.00"
"14/02/2025 05:00:00 - 14/02/2025 06:00:00","Belgium (BE)","0.00","0.00","0.00","0.00"
"14/02/2025 06:00:00 - 14/02/2025 07:00:00","Belgium (BE)","0.00","0.00","0.00","0.00"
"14/02/2025 07:00:00 - 14/02/2025 08:00:00","Belgium (BE)","0.23","0.25","0.25","0.00"
"14/02/2025 08:00:00 - 14/02/2025 09:00:00","Belgium (BE)","278.99","390.55","389.22","314.82"
"14/02/2025 09:00:00 - 14/02/2025 10:00:00","Belgium (BE)","1218.83","1668.94","1648.48","1418.35"
"14/02/2025 10:00:00 - 14/02/2025 11:00:00","Belgium (BE)","2065.32","2844.35","2654.46","2550.30"
"14/02/2025 11:00:00 - 14/02/2025 12:00:00","Belgium (BE)","2672.04","3542.04","3198.35","2998.05"
"14/02/2025 12:00:00 - 14/02/2025 13:00:00","Belgium (BE)","2981.65","3813.06","2956.26","3039.93"
"14/02/2025 13:00:00 - 14/02/2025 14:00:00","Belgium (BE)","3041.71","3668.25","3047.74","2808.18"
"14/02/2025 14:00:00 - 14/02/2025 15:00:00","Belgium (BE)","2751.97","3207.70","2457.85","2318.38"
"14/02/2025 15:00:00 - 14/02/2025 16:00:00","Belgium (BE)","2046.19","2365.55","1633.11","1582.43"
"14/02/2025 16:00:00 - 14/02/2025 17:00:00","Belgium (BE)","1061.64","1196.52","816.73","812.95"
"14/02/2025 17:00:00 - 14/02/2025 18:00:00","Belgium (BE)","207.64","231.22","144.31","195.85"
"14/02/2025 18:00:00 - 14/02/2025 19:00:00","Belgium (BE)","0.00","0.00","0.00","0.00"
"14/02/2025 19:00:00 - 14/02/2025 20:00:00","Belgium (BE)","0.00","0.00","0.00","0.00"
"14/02/2025 20:00:00 - 14/02/2025 21:00:00","Belgium (BE)","0.00","0.00","0.00","0.00"
"14/02/2025 21:00:00 - 14/02/2025 22:00:00","Belgium (BE)","0.00","0.00","0.00","0.00"
"14/02/2025 22:00:00 - 14/02/2025 23:00:00","Belgium (BE)","0.00","0.00","0.00","0.00"
"14/02/2025 23:00:00 - 15/02/2025 00:00:00","Belgium (BE)","0.00","0.00","0.00","0.00"
"15/02/2025 00:00:00 - 15/02/2025 01:00:00","Belgium (BE)","0.00","0.00","0.00","0.00"
"15/02/2025 01:00:00 - 15/02/2025 02:00:00","Belgium (BE)","0.00","0.00","0.00","0.00"
"15/02/2025 02:00:00 - 15/02/2025 03:00:00","Belgium (BE)","0.00","0.00","0.00","0.00"
"15/02/2025 03:00:00 - 15/02/2025 04:00:00","Belgium (BE)","0.00","0.00","0.00","0.00"
"15/02/2025 04:00:00 - 15/02/2025 05:00:00","Belgium (BE)","0.00","0.00","0.00","0.00"
"15/02/2025 05:00:00 - 15/02/2025 06:00:00","Belgium (BE)","0.00","0.00","0.00","0.00"
"15/02/2025 06:00:00 - 15/02/2025 07:00:00","Belgium (BE)","0.00","0.00","0.00","0.00"
"15/02/2025 07:00:00 - 15/02/2025 08:00:00","Belgium (BE)","0.68","0.27","0.27","0.00"
"15/02/2025 08:00:00 - 15/02/2025 09:00:00","Belgium (BE)","339.70","230.18","218.06","279.67"
"15/02/2025 09:00:00 - 15/02/2025 10:00:00","Belgium (BE)","1422.41","992.35","974.81","1149.66"
"15/02/2025 10:00:00 - 15/02/2025 11:00:00","Belgium (BE)","2446.29","1573.49","1904.30","2184.08"
"15/02/2025 11:00:00 - 15/02/2025 12:00:00","Belgium (BE)","3003.16","1790.41","2397.94","2947.27"
"15/02/2025 12:00:00 - 15/02/2025 13:00:00","Belgium (BE)","3132.61","1823.06","2676.79","3088.79"
"15/02/2025 13:00:00 - 15/02/2025 14:00:00","Belgium (BE)","2756.02","1634.61","2508.47","2907.01"
"15/02/2025 14:00:00 - 15/02/2025 15:00:00","Belgium (BE)","2028.49","1247.27","1996.61","2163.39"
"15/02/2025 15:00:00 - 15/02/2025 16:00:00","Belgium (BE)","1255.39","821.58","1196.85","1279.22"
"15/02/2025 16:00:00 - 15/02/2025 17:00:00","Belgium (BE)","581.88","393.51","511.34","464.77"
"15/02/2025 17:00:00 - 15/02/2025 18:00:00","Belgium (BE)","111.03","72.60","79.25","76.83"
"15/02/2025 18:00:00 - 15/02/2025 19:00:00","Belgium (BE)","0.00","0.00","0.00","0.00"
"15/02/2025 19:00:00 - 15/02/2025 20:00:00","Belgium (BE)","0.00","0.00","0.00","0.00"
"15/02/2025 20:00:00 - 15/02/2025 21:00:00","Belgium (BE)","0.00","0.00","0.00","0.00"
"15/02/2025 21:00:00 - 15/02/2025 22:00:00","Belgium (BE)","0.00","0.00","0.00","0.00"
"15/02/2025 22:00:00 - 15/02/2025 23:00:00","Belgium (BE)","0.00","0.00","0.00","0.00"
"15/02/2025 23:00:00 - 16/02/2025 00:00:00","Belgium (BE)","0.00","0.00","0.00","0.00"
"16/02/2025 00:00:00 - 16/02/2025 01:00:00","Belgium (BE)","0.00","0.00","0.00","0.00"
"16/02/2025 01:00:00 - 16/02/2025 02:00:00","Belgium (BE)","0.00","0.00","0.00","0.00"
"16/02/2025 02:00:00 - 16/02/2025 03:00:00","Belgium (BE)","0.00","0.00","0.00","0.00"
"16/02/2025 03:00:00 - 16/02/2025 04:00:00","Belgium (BE)","0.00","0.00","0.00","0.00"
"16/02/2025 04:00:00 - 16/02/2025 05:00:00","Belgium (BE)","0.00","0.00","0.00","0.00"
"16/02/2025 05:00:00 - 16/02/2025 06:00:00","Belgium (BE)","0.00","0.00","0.00","0.00"
"16/02/2025 06:00:00 - 16/02/2025 07:00:00","Belgium (BE)","0.00","0.00","0.00","0.00"
"16/02/2025 07:00:00 - 16/02/2025 08:00:00","Belgium (BE)","1.12","1.17","1.17","0.00"
"16/02/2025 08:00:00 - 16/02/2025 09:00:00","Belgium (BE)","336.99","352.89","383.15","201.13"
"16/02/2025 09:00:00 - 16/02/2025 10:00:00","Belgium (BE)","1341.11","1409.62","1456.92","936.71"
"16/02/2025 10:00:00 - 16/02/2025 11:00:00","Belgium (BE)","2368.63","2431.12","2803.67","2280.14"
"16/02/2025 11:00:00 - 16/02/2025 12:00:00","Belgium (BE)","3052.03","3032.68","3580.92","3690.97"
"16/02/2025 12:00:00 - 16/02/2025 13:00:00","Belgium (BE)","3540.00","3350.54","4351.99","4703.63"
"16/02/2025 13:00:00 - 16/02/2025 14:00:00","Belgium (BE)","3573.54","3392.31","4674.94","4825.09"
"16/02/2025 14:00:00 - 16/02/2025 15:00:00","Belgium (BE)","3178.38","3072.52","4191.25","4130.13"
"16/02/2025 15:00:00 - 16/02/2025 16:00:00","Belgium (BE)","2423.93","2325.34","3190.23","3001.08"
"16/02/2025 16:00:00 - 16/02/2025 17:00:00","Belgium (BE)","1297.59","1251.91","1649.26","1583.25"
"16/02/2025 17:00:00 - 16/02/2025 18:00:00","Belgium (BE)","284.01","267.22","344.13","331.60"
"16/02/2025 18:00:00 - 16/02/2025 19:00:00","Belgium (BE)","0.04","0.03","0.04","0.36"
"16/02/2025 19:00:00 - 16/02/2025 20:00:00","Belgium (BE)","0.00","0.00","0.00","0.00"
"16/02/2025 20:00:00 - 16/02/2025 21:00:00","Belgium (BE)","0.00","0.00","0.00","0.00"
"16/02/2025 21:00:00 - 16/02/2025 22:00:00","Belgium (BE)","0.00","0.00","0.00","0.00"
"16/02/2025 22:00:00 - 16/02/2025 23:00:00","Belgium (BE)","0.00","0.00","0.00","0.00"
"16/02/2025 23:00:00 - 17/02/2025 00:00:00","Belgium (BE)","0.00","0.00","0.00","0.00"
"17/02/2025 00:00:00 - 17/02/2025 01:00:00","Belgium (BE)","0.00","0.00","0.00","0.00"
"17/02/2025 01:00:00 - 17/02/2025 02:00:00","Belgium (BE)","0.00","0.00","0.00","0.00"
"17/02/2025 02:00:00 - 17/02/2025 03:00:00","Belgium (BE)","0.00","0.00","0.00","0.00"
"17/02/2025 03:00:00 - 17/02/2025 04:00:00","Belgium (BE)","0.00","0.00","0.00","0.00"
"17/02/2025 04:00:00 - 17/02/2025 05:00:00","Belgium (BE)","0.00","0.00","0.00","0.00"
"17/02/2025 05:00:00 - 17/02/2025 06:00:00","Belgium (BE)","0.00","0.00","0.00","0.00"
"17/02/2025 06:00:00 - 17/02/2025 07:00:00","Belgium (BE)","0.00","0.00","0.00","0.00"
"17/02/2025 07:00:00 - 17/02/2025 08:00:00","Belgium (BE)","3.49","4.01","4.01","0.00"
"17/02/2025 08:00:00 - 17/02/2025 09:00:00","Belgium (BE)","743.87","769.74","768.87","626.76"
"17/02/2025 09:00:00 - 17/02/2025 10:00:00","Belgium (BE)","2778.47","2892.41","2857.71","2379.49"
"17/02/2025 10:00:00 - 17/02/2025 11:00:00","Belgium (BE)","4566.26","4761.75","4378.08","4288.83"
"17/02/2025 11:00:00 - 17/02/2025 12:00:00","Belgium (BE)","5731.96","5928.70","5689.97","5553.66"
"17/02/2025 12:00:00 - 17/02/2025 13:00:00","Belgium (BE)","6405.01","6539.23","6237.52","6202.20"
"17/02/2025 13:00:00 - 17/02/2025 14:00:00","Belgium (BE)","6383.79","6538.76","6292.25","6194.94"
"17/02/2025 14:00:00 - 17/02/2025 15:00:00","Belgium (BE)","5637.79","5843.36","5639.05","5475.78"
"17/02/2025 15:00:00 - 17/02/2025 16:00:00","Belgium (BE)","4150.88","4379.81","4172.27","4057.36"
"17/02/2025 16:00:00 - 17/02/2025 17:00:00","Belgium (BE)","2146.66","2237.06","2068.72","1886.14"
"17/02/2025 17:00:00 - 17/02/2025 18:00:00","Belgium (BE)","493.04","502.80","469.04","284.60"
"17/02/2025 18:00:00 - 17/02/2025 19:00:00","Belgium (BE)","0.32","0.30","0.35","1.46"
"17/02/2025 19:00:00 - 17/02/2025 20:00:00","Belgium (BE)","0.00","0.00","0.00","0.00"
"17/02/2025 20:00:00 - 17/02/2025 21:00:00","Belgium (BE)","0.00","0.00","0.00","0.00"
"17/02/2025 21:00:00 - 17/02/2025 22:00:00","Belgium (BE)","0.00","0.00","0.00","0.00"
"17/02/2025 22:00:00 - 17/02/2025 23:00:00","Belgium (BE)","0.00","0.00","0.00","0.00"
"17/02/2025 23:00:00 - 18/02/2025 00:00:00","Belgium (BE)","0.00","0.00","0.00","0.00"
"18/02/2025 00:00:00 - 18/02/2025 01:00:00","Belgium (BE)","0.00","0.00","0.00","0.00"
"18/02/2025 01:00:00 - 18/02/2025 02:00:00","Belgium (BE)","0.00","0.00","0.00","0.00"
"18/02/2025 02:00:00 - 18/02/2025 03:00:00","Belgium (BE)","0.00","0.00","0.00","0.00"
"18/02/2025 03:00:00 - 18/02/2025 04:00:00","Belgium (BE)","0.00","0.00","0.00","0.00"
"18/02/2025 04:00:00 - 18/02/2025 05:00:00","Belgium (BE)","0.00","0.00","0.00","0.00"
"18/02/2025 05:00:00 - 18/02/2025 06:00:00","Belgium (BE)","0.00","0.00","0.00","0.00"
"18/02/2025 06:00:00 - 18/02/2025 07:00:00","Belgium (BE)","0.00","0.00","0.00","0.00"
"18/02/2025 07:00:00 - 18/02/2025 08:00:00","Belgium (BE)","5.28","6.20","6.20","0.00"
"18/02/2025 08:00:00 - 18/02/2025 09:00:00","Belgium (BE)","706.49","774.88","772.55","619.92"
"18/02/2025 09:00:00 - 18/02/2025 10:00:00","Belgium (BE)","2456.70","2658.17","2606.55","2269.57"
"18/02/2025 10:00:00 - 18/02/2025 11:00:00","Belgium (BE)","4214.94","4438.62","4142.34","4243.75"
"18/02/2025 11:00:00 - 18/02/2025 12:00:00","Belgium (BE)","5478.20","5655.05","5603.83","5550.00"
"18/02/2025 12:00:00 - 18/02/2025 13:00:00","Belgium (BE)","6133.98","6303.40","6130.18","6199.78"
"18/02/2025 13:00:00 - 18/02/2025 14:00:00","Belgium (BE)","6179.71","6356.77","6284.76","6207.88"
"18/02/2025 14:00:00 - 18/02/2025 15:00:00","Belgium (BE)","5517.38","5641.01","5599.63","5456.40"
"18/02/2025 15:00:00 - 18/02/2025 16:00:00","Belgium (BE)","4135.01","4229.81","4193.65","4019.92"
"18/02/2025 16:00:00 - 18/02/2025 17:00:00","Belgium (BE)","2130.41","2185.06","2130.92","2006.09"
"18/02/2025 17:00:00 - 18/02/2025 18:00:00","Belgium (BE)","517.48","519.32","498.46","433.42"
"18/02/2025 18:00:00 - 18/02/2025 19:00:00","Belgium (BE)","0.96","0.95","0.90","1.60"
"18/02/2025 19:00:00 - 18/02/2025 20:00:00","Belgium (BE)","0.00","0.00","0.00","0.00"
"18/02/2025 20:00:00 - 18/02/2025 21:00:00","Belgium (BE)","0.00","0.00","0.00","0.00"
"18/02/2025 21:00:00 - 18/02/2025 22:00:00","Belgium (BE)","0.00","0.00","0.00","0.00"
"18/02/2025 22:00:00 - 18/02/2025 23:00:00","Belgium (BE)","0.00","0.00","0.00","0.00"
"18/02/2025 23:00:00 - 19/02/2025 00:00:00","Belgium (BE)","0.00","0.00","0.00","0.00"
"19/02/2025 00:00:00 - 19/02/2025 01:00:00","Belgium (BE)","0.00","0.00","0.00","0.00"
"19/02/2025 01:00:00 - 19/02/2025 02:00:00","Belgium (BE)","0.00","0.00","0.00","0.00"
"19/02/2025 02:00:00 - 19/02/2025 03:00:00","Belgium (BE)","0.00","0.00","0.00","0.00"
"19/02/2025 03:00:00 - 19/02/2025 04:00:00","Belgium (BE)","0.00","0.00","0.00","0.00"
"19/02/2025 04:00:00 - 19/02/2025 05:00:00","Belgium (BE)","0.00","0.00","0.00","0.00"
"19/02/2025 05:00:00 - 19/02/2025 06:00:00","Belgium (BE)","0.00","0.00","0.00","0.00"
"19/02/2025 06:00:00 - 19/02/2025 07:00:00","Belgium (BE)","0.00","0.00","0.00","0.00"
"19/02/2025 07:00:00 - 19/02/2025 08:00:00","Belgium (BE)","4.61","4.44","4.44","0.34"
"19/02/2025 08:00:00 - 19/02/2025 09:00:00","Belgium (BE)","391.44","386.65","389.18","335.33"
"19/02/2025 09:00:00 - 19/02/2025 10:00:00","Belgium (BE)","1384.16","1379.92","1382.32","1327.53"
"19/02/2025 10:00:00 - 19/02/2025 11:00:00","Belgium (BE)","2378.40","2399.08","2404.23","2686.10"
"19/02/2025 11:00:00 - 19/02/2025 12:00:00","Belgium (BE)","3215.47","3343.69","3590.89","3708.62"
"19/02/2025 12:00:00 - 19/02/2025 13:00:00","Belgium (BE)","3813.36","3854.98","3934.96","4730.23"
"19/02/2025 13:00:00 - 19/02/2025 14:00:00","Belgium (BE)","3897.83","3896.55","4649.71","5049.13"
"19/02/2025 14:00:00 - 19/02/2025 15:00:00","Belgium (BE)","3335.01","3408.11","4124.19","4050.72"
"19/02/2025 15:00:00 - 19/02/2025 16:00:00","Belgium (BE)","2205.74","2338.48","2644.84","2225.06"
"19/02/2025 16:00:00 - 19/02/2025 17:00:00","Belgium (BE)","1067.26","1172.05","1167.04","1072.87"
"19/02/2025 17:00:00 - 19/02/2025 18:00:00","Belgium (BE)","245.50","269.07","267.62","301.58"
"19/02/2025 18:00:00 - 19/02/2025 19:00:00","Belgium (BE)","0.78","0.80","0.87","7.59"
"19/02/2025 19:00:00 - 19/02/2025 20:00:00","Belgium (BE)","0.00","0.00","0.00","0.00"
"19/02/2025 20:00:00 - 19/02/2025 21:00:00","Belgium (BE)","0.00","0.00","0.00","0.00"
"19/02/2025 21:00:00 - 19/02/2025 22:00:00","Belgium (BE)","0.00","0.00","0.00","0.00"
"19/02/2025 22:00:00 - 19/02/2025 23:00:00","Belgium (BE)","0.00","0.00","0.00","0.00"
"19/02/2025 23:00:00 - 20/02/2025 00:00:00","Belgium (BE)","0.00","0.00","0.00","0.00"
"20/02/2025 00:00:00 - 20/02/2025 01:00:00","Belgium (BE)","0.00","0.00","0.00","0.00"
"20/02/2025 01:00:00 - 20/02/2025 02:00:00","Belgium (BE)","0.00","0.00","0.00","0.00"
"20/02/2025 02:00:00 - 20/02/2025 03:00:00","Belgium (BE)","0.00","0.00","0.00","0.00"
"20/02/2025 03:00:00 - 20/02/2025 04:00:00","Belgium (BE)","0.00","0.00","0.00","0.00"
"20/02/2025 04:00:00 - 20/02/2025 05:00:00","Belgium (BE)","0.00","0.00","0.00","0.00"
"20/02/2025 05:00:00 - 20/02/2025 06:00:00","Belgium (BE)","0.00","0.00","0.00","0.00"
"20/02/2025 06:00:00 - 20/02/2025 07:00:00","Belgium (BE)","0.00","0.00","0.00","0.00"
"20/02/2025 07:00:00 - 20/02/2025 08:00:00","Belgium (BE)","2.63","3.46","3.46","0.45"
"20/02/2025 08:00:00 - 20/02/2025 09:00:00","Belgium (BE)","118.34","179.55","206.38","222.46"
"20/02/2025 09:00:00 - 20/02/2025 10:00:00","Belgium (BE)","385.45","606.63","698.70","800.33"
"20/02/2025 10:00:00 - 20/02/2025 11:00:00","Belgium (BE)","700.72","1031.55","1234.03","1275.12"
"20/02/2025 11:00:00 - 20/02/2025 12:00:00","Belgium (BE)","917.80","1238.94","1482.00","1677.35"
"20/02/2025 12:00:00 - 20/02/2025 13:00:00","Belgium (BE)","1061.79","1206.53","1549.55","1637.27"
"20/02/2025 13:00:00 - 20/02/2025 14:00:00","Belgium (BE)","955.31","1039.94","1313.28","1307.61"
"20/02/2025 14:00:00 - 20/02/2025 15:00:00","Belgium (BE)","869.06","846.64","1054.16","1063.99"
"20/02/2025 15:00:00 - 20/02/2025 16:00:00","Belgium (BE)","660.82","637.40","802.41","757.58"
"20/02/2025 16:00:00 - 20/02/2025 17:00:00","Belgium (BE)","366.89","355.24","420.06","441.93"
"20/02/2025 17:00:00 - 20/02/2025 18:00:00","Belgium (BE)","95.70","90.63","108.49","121.95"
"20/02/2025 18:00:00 - 20/02/2025 19:00:00","Belgium (BE)","0.83","0.81","0.92","0.15"
"20/02/2025 19:00:00 - 20/02/2025 20:00:00","Belgium (BE)","0.00","0.00","0.00","0.00"
"20/02/2025 20:00:00 - 20/02/2025 21:00:00","Belgium (BE)","0.00","0.00","0.00","0.00"
"20/02/2025 21:00:00 - 20/02/2025 22:00:00","Belgium (BE)","0.00","0.00","0.00","0.00"
"20/02/2025 22:00:00 - 20/02/2025 23:00:00","Belgium (BE)","0.00","0.00","0.00","0.00"
"20/02/2025 23:00:00 - 21/02/2025 00:00:00","Belgium (BE)","0.00","0.00","0.00","0.00"
"21/02/2025 00:00:00 - 21/02/2025 01:00:00","Belgium (BE)","0.00","0.00","0.00","0.00"
"21/02/2025 01:00:00 - 21/02/2025 02:00:00","Belgium (BE)","0.00","0.00","0.00","0.00"
"21/02/2025 02:00:00 - 21/02/2025 03:00:00","Belgium (BE)","0.00","0.00","0.00","0.00"
"21/02/2025 03:00:00 - 21/02/2025 04:00:00","Belgium (BE)","0.00","0.00","0.00","0.00"
"21/02/2025 04:00:00 - 21/02/2025 05:00:00","Belgium (BE)","0.00","0.00","0.00","0.00"
"21/02/2025 05:00:00 - 21/02/2025 06:00:00","Belgium (BE)","0.00","0.00","0.00","0.00"
"21/02/2025 06:00:00 - 21/02/2025 07:00:00","Belgium (BE)","0.00","0.00","0.00","0.00"
"21/02/2025 07:00:00 - 21/02/2025 08:00:00","Belgium (BE)","7.09","8.83","8.83","0.07"
"21/02/2025 08:00:00 - 21/02/2025 09:00:00","Belgium (BE)","407.89","521.63","500.33","315.86"
"21/02/2025 09:00:00 - 21/02/2025 10:00:00","Belgium (BE)","1333.07","1653.79","1510.45","984.36"
"21/02/2025 10:00:00 - 21/02/2025 11:00:00","Belgium (BE)","2319.12","2869.36","2307.56","2034.38"
"21/02/2025 11:00:00 - 21/02/2025 12:00:00","Belgium (BE)","3081.41","3916.76","3086.32","3347.52"
"21/02/2025 12:00:00 - 21/02/2025 13:00:00","Belgium (BE)","3458.42","4556.23","3919.96","4055.79"
"21/02/2025 13:00:00 - 21/02/2025 14:00:00","Belgium (BE)","3094.36","4488.94","4127.86","3975.28"
"21/02/2025 14:00:00 - 21/02/2025 15:00:00","Belgium (BE)","2424.93","3580.37","3436.53","2739.24"
"21/02/2025 15:00:00 - 21/02/2025 16:00:00","Belgium (BE)","1568.48","2329.52","1909.88","1531.97"
"21/02/2025 16:00:00 - 21/02/2025 17:00:00","Belgium (BE)","789.26","1105.53","886.89","637.47"
"21/02/2025 17:00:00 - 21/02/2025 18:00:00","Belgium (BE)","197.15","270.15","214.27","133.48"
"21/02/2025 18:00:00 - 21/02/2025 19:00:00","Belgium (BE)","1.77","1.78","1.63","0.23"
"21/02/2025 19:00:00 - 21/02/2025 20:00:00","Belgium (BE)","0.00","0.00","0.00","0.00"
"21/02/2025 20:00:00 - 21/02/2025 21:00:00","Belgium (BE)","0.00","0.00","0.00","0.00"
"21/02/2025 21:00:00 - 21/02/2025 22:00:00","Belgium (BE)","0.00","0.00","0.00","0.00"
"21/02/2025 22:00:00 - 21/02/2025 23:00:00","Belgium (BE)","0.00","0.00","0.00","0.00"
"21/02/2025 23:00:00 - 22/02/2025 00:00:00","Belgium (BE)","0.00","0.00","0.00","0.00"
"22/02/2025 00:00:00 - 22/02/2025 01:00:00","Belgium (BE)","0.00","0.00","0.00","0.00"
"22/02/2025 01:00:00 - 22/02/2025 02:00:00","Belgium (BE)","0.00","0.00","0.00","0.00"
"22/02/2025 02:00:00 - 22/02/2025 03:00:00","Belgium (BE)","0.00","0.00","0.00","0.00"
"22/02/2025 03:00:00 - 22/02/2025 04:00:00","Belgium (BE)","0.00","0.00","0.00","0.00"
"22/02/2025 04:00:00 - 22/02/2025 05:00:00","Belgium (BE)","0.00","0.00","0.00","0.00"
"22/02/2025 05:00:00 - 22/02/2025 06:00:00","Belgium (BE)","0.00","0.00","0.00","0.00"
"22/02/2025 06:00:00 - 22/02/2025 07:00:00","Belgium (BE)","0.00","0.00","0.00","0.00"
"22/02/2025 07:00:00 - 22/02/2025 08:00:00","Belgium (BE)","4.67","3.31","3.31","0.19"
"22/02/2025 08:00:00 - 22/02/2025 09:00:00","Belgium (BE)","135.31","101.33","95.14","29.70"
"22/02/2025 09:00:00 - 22/02/2025 10:00:00","Belgium (BE)","405.56","313.02","273.21","179.31"
"22/02/2025 10:00:00 - 22/02/2025 11:00:00","Belgium (BE)","706.95","648.93","468.79","498.12"
"22/02/2025 11:00:00 - 22/02/2025 12:00:00","Belgium (BE)","1069.50","990.10","883.54","874.55"
"22/02/2025 12:00:00 - 22/02/2025 13:00:00","Belgium (BE)","1238.26","1095.65","1217.91","970.56"
"22/02/2025 13:00:00 - 22/02/2025 14:00:00","Belgium (BE)","1138.91","867.56","1042.92","888.99"
"22/02/2025 14:00:00 - 22/02/2025 15:00:00","Belgium (BE)","722.41","666.40","651.47","734.93"
"22/02/2025 15:00:00 - 22/02/2025 16:00:00","Belgium (BE)","430.69","608.52","464.69","567.24"
"22/02/2025 16:00:00 - 22/02/2025 17:00:00","Belgium (BE)","247.31","441.73","282.56","379.79"
"22/02/2025 17:00:00 - 22/02/2025 18:00:00","Belgium (BE)","71.04","131.15","84.39","113.07"
"22/02/2025 18:00:00 - 22/02/2025 19:00:00","Belgium (BE)","1.07","2.07","1.12","0.74"
"22/02/2025 19:00:00 - 22/02/2025 20:00:00","Belgium (BE)","0.00","0.00","0.00","0.00"
"22/02/2025 20:00:00 - 22/02/2025 21:00:00","Belgium (BE)","0.00","0.00","0.00","0.00"
"22/02/2025 21:00:00 - 22/02/2025 22:00:00","Belgium (BE)","0.00","0.00","0.00","0.00"
"22/02/2025 22:00:00 - 22/02/2025 23:00:00","Belgium (BE)","0.00","0.00","0.00","0.00"
"22/02/2025 23:00:00 - 23/02/2025 00:00:00","Belgium (BE)","0.00","0.00","0.00","0.00"
"23/02/2025 00:00:00 - 23/02/2025 01:00:00","Belgium (BE)","0.00","0.00","0.00","0.00"
"23/02/2025 01:00:00 - 23/02/2025 02:00:00","Belgium (BE)","0.00","0.00","0.00","0.00"
"23/02/2025 02:00:00 - 23/02/2025 03:00:00","Belgium (BE)","0.00","0.00","0.00","0.00"
"23/02/2025 03:00:00 - 23/02/2025 04:00:00","Belgium (BE)","0.00","0.00","0.00","0.00"
"23/02/2025 04:00:00 - 23/02/2025 05:00:00","Belgium (BE)","0.00","0.00","0.00","0.00"
"23/02/2025 05:00:00 - 23/02/2025 06:00:00","Belgium (BE)","0.00","0.00","0.00","0.00"
"23/02/2025 06:00:00 - 23/02/2025 07:00:00","Belgium (BE)","0.00","0.00","0.00","0.00"
"23/02/2025 07:00:00 - 23/02/2025 08:00:00","Belgium (BE)","17.70","18.26","18.26","5.82"
"23/02/2025 08:00:00 - 23/02/2025 09:00:00","Belgium (BE)","719.47","710.42","700.82","738.20"
"23/02/2025 09:00:00 - 23/02/2025 10:00:00","Belgium (BE)","2152.93","2160.67","2198.78","2288.96"
"23/02/2025 10:00:00 - 23/02/2025 11:00:00","Belgium (BE)","3814.62","3725.62","3941.98","4122.66"
"23/02/2025 11:00:00 - 23/02/2025 12:00:00","Belgium (BE)","5146.75","5339.40","5515.67","5557.24"
"23/02/2025 12:00:00 - 23/02/2025 13:00:00","Belgium (BE)","5989.94","6209.03","6261.39","6163.37"
"23/02/2025 13:00:00 - 23/02/2025 14:00:00","Belgium (BE)","6091.85","6204.39","6248.51","5704.73"
"23/02/2025 14:00:00 - 23/02/2025 15:00:00","Belgium (BE)","5458.68","5528.18","5133.26","4796.46"
"23/02/2025 15:00:00 - 23/02/2025 16:00:00","Belgium (BE)","4155.19","4144.85","3563.70","3547.87"
"23/02/2025 16:00:00 - 23/02/2025 17:00:00","Belgium (BE)","2286.69","2196.22","1869.14","1962.67"
"23/02/2025 17:00:00 - 23/02/2025 18:00:00","Belgium (BE)","640.02","598.33","527.92","354.32"
"23/02/2025 18:00:00 - 23/02/2025 19:00:00","Belgium (BE)","6.99","5.99","5.02","1.24"
"23/02/2025 19:00:00 - 23/02/2025 20:00:00","Belgium (BE)","0.00","0.00","0.00","0.00"
"23/02/2025 20:00:00 - 23/02/2025 21:00:00","Belgium (BE)","0.00","0.00","0.00","0.00"
"23/02/2025 21:00:00 - 23/02/2025 22:00:00","Belgium (BE)","0.00","0.00","0.00","0.00"
"23/02/2025 22:00:00 - 23/02/2025 23:00:00","Belgium (BE)","0.00","0.00","0.00","0.00"
"23/02/2025 23:00:00 - 24/02/2025 00:00:00","Belgium (BE)","0.00","0.00","0.00","0.00"
"24/02/2025 00:00:00 - 24/02/2025 01:00:00","Belgium (BE)","0.00","0.00","0.00","0.00"
"24/02/2025 01:00:00 - 24/02/2025 02:00:00","Belgium (BE)","0.00","0.00","0.00","0.00"
"24/02/2025 02:00:00 - 24/02/2025 03:00:00","Belgium (BE)","0.00","0.00","0.00","0.00"
"24/02/2025 03:00:00 - 24/02/2025 04:00:00","Belgium (BE)","0.00","0.00","0.00","0.00"
"24/02/2025 04:00:00 - 24/02/2025 05:00:00","Belgium (BE)","0.00","0.00","0.00","0.00"
"24/02/2025 05:00:00 - 24/02/2025 06:00:00","Belgium (BE)","0.00","0.00","0.00","0.00"
"24/02/2025 06:00:00 - 24/02/2025 07:00:00","Belgium (BE)","0.00","0.00","0.00","0.00"
"24/02/2025 07:00:00 - 24/02/2025 08:00:00","Belgium (BE)","6.69","7.35","7.35","0.25"
"24/02/2025 08:00:00 - 24/02/2025 09:00:00","Belgium (BE)","137.02","171.21","149.27","150.51"
"24/02/2025 09:00:00 - 24/02/2025 10:00:00","Belgium (BE)","379.35","484.87","400.69","619.13"
"24/02/2025 10:00:00 - 24/02/2025 11:00:00","Belgium (BE)","619.60","712.43","739.21","1102.12"
"24/02/2025 11:00:00 - 24/02/2025 12:00:00","Belgium (BE)","702.26","832.23","1094.14","1058.44"
"24/02/2025 12:00:00 - 24/02/2025 13:00:00","Belgium (BE)","656.76","782.63","939.24","1056.64"
"24/02/2025 13:00:00 - 24/02/2025 14:00:00","Belgium (BE)","558.80","655.09","867.41","784.98"
"24/02/2025 14:00:00 - 24/02/2025 15:00:00","Belgium (BE)","504.10","597.10","623.61","747.81"
"24/02/2025 15:00:00 - 24/02/2025 16:00:00","Belgium (BE)","500.60","554.39","540.07","848.01"
"24/02/2025 16:00:00 - 24/02/2025 17:00:00","Belgium (BE)","374.01","410.83","489.21","510.65"
"24/02/2025 17:00:00 - 24/02/2025 18:00:00","Belgium (BE)","117.36","130.05","125.50","225.67"
"24/02/2025 18:00:00 - 24/02/2025 19:00:00","Belgium (BE)","2.79","3.01","2.60","4.02"
"24/02/2025 19:00:00 - 24/02/2025 20:00:00","Belgium (BE)","0.00","0.00","0.00","0.00"
"24/02/2025 20:00:00 - 24/02/2025 21:00:00","Belgium (BE)","0.00","0.00","0.00","0.00"
"24/02/2025 21:00:00 - 24/02/2025 22:00:00","Belgium (BE)","0.00","0.00","0.00","0.00"
"24/02/2025 22:00:00 - 24/02/2025 23:00:00","Belgium (BE)","0.00","0.00","0.00","0.00"
"24/02/2025 23:00:00 - 25/02/2025 00:00:00","Belgium (BE)","0.00","0.00","0.00","0.00"
"25/02/2025 00:00:00 - 25/02/2025 01:00:00","Belgium (BE)","0.00","0.00","0.00","0.00"
"25/02/2025 01:00:00 - 25/02/2025 02:00:00","Belgium (BE)","0.00","0.00","0.00","0.00"
"25/02/2025 02:00:00 - 25/02/2025 03:00:00","Belgium (BE)","0.00","0.00","0.00","0.00"
"25/02/2025 03:00:00 - 25/02/2025 04:00:00","Belgium (BE)","0.00","0.00","0.00","0.00"
"25/02/2025 04:00:00 - 25/02/2025 05:00:00","Belgium (BE)","0.00","0.00","0.00","0.00"
"25/02/2025 05:00:00 - 25/02/2025 06:00:00","Belgium (BE)","0.00","0.00","0.00","0.00"
"25/02/2025 06:00:00 - 25/02/2025 07:00:00","Belgium (BE)","0.00","0.00","0.00","0.00"
"25/02/2025 07:00:00 - 25/02/2025 08:00:00","Belgium (BE)","14.30","14.88","14.88","8.02"
"25/02/2025 08:00:00 - 25/02/2025 09:00:00","Belgium (BE)","313.30","321.58","280.19","346.19"
"25/02/2025 09:00:00 - 25/02/2025 10:00:00","Belgium (BE)","884.59","888.11","833.61","1147.83"
"25/02/2025 10:00:00 - 25/02/2025 11:00:00","Belgium (BE)","1397.68","1335.62","1560.87","1772.69"
"25/02/2025 11:00:00 - 25/02/2025 12:00:00","Belgium (BE)","1635.73","1579.07","1920.01","2254.22"
"25/02/2025 12:00:00 - 25/02/2025 13:00:00","Belgium (BE)","1648.82","1541.20","2066.38","2421.12"
"25/02/2025 13:00:00 - 25/02/2025 14:00:00","Belgium (BE)","1426.66","1376.17","1881.33","1992.44"
"25/02/2025 14:00:00 - 25/02/2025 15:00:00","Belgium (BE)","1173.26","1079.55","1366.39","1664.06"
"25/02/2025 15:00:00 - 25/02/2025 16:00:00","Belgium (BE)","850.76","716.07","965.57","1178.49"
"25/02/2025 16:00:00 - 25/02/2025 17:00:00","Belgium (BE)","498.89","389.70","540.13","553.30"
"25/02/2025 17:00:00 - 25/02/2025 18:00:00","Belgium (BE)","150.72","113.85","142.15","121.78"
"25/02/2025 18:00:00 - 25/02/2025 19:00:00","Belgium (BE)","3.90","3.09","3.41","0.34"
"25/02/2025 19:00:00 - 25/02/2025 20:00:00","Belgium (BE)","0.00","0.00","0.00","0.00"
"25/02/2025 20:00:00 - 25/02/2025 21:00:00","Belgium (BE)","0.00","0.00","0.00","0.00"
"25/02/2025 21:00:00 - 25/02/2025 22:00:00","Belgium (BE)","0.00","0.00","0.00","0.00"
"25/02/2025 22:00:00 - 25/02/2025 23:00:00","Belgium (BE)","0.00","0.00","0.00","0.00"
"25/02/2025 23:00:00 - 26/02/2025 00:00:00","Belgium (BE)","0.00","0.00","0.00","0.00"
"26/02/2025 00:00:00 - 26/02/2025 01:00:00","Belgium (BE)","0.00","0.00","0.00","0.00"
"26/02/2025 01:00:00 - 26/02/2025 02:00:00","Belgium (BE)","0.00","0.00","0.00","0.00"
"26/02/2025 02:00:00 - 26/02/2025 03:00:00","Belgium (BE)","0.00","0.00","0.00","0.00"
"26/02/2025 03:00:00 - 26/02/2025 04:00:00","Belgium (BE)","0.00","0.00","0.00","0.00"
"26/02/2025 04:00:00 - 26/02/2025 05:00:00","Belgium (BE)","0.00","0.00","0.00","0.00"
"26/02/2025 05:00:00 - 26/02/2025 06:00:00","Belgium (BE)","0.00","0.00","0.00","0.00"
"26/02/2025 06:00:00 - 26/02/2025 07:00:00","Belgium (BE)","0.00","0.00","0.00","0.00"
"26/02/2025 07:00:00 - 26/02/2025 08:00:00","Belgium (BE)","31.11","39.01","39.01","17.00"
"26/02/2025 08:00:00 - 26/02/2025 09:00:00","Belgium (BE)","780.32","981.11","966.26","856.25"
"26/02/2025 09:00:00 - 26/02/2025 10:00:00","Belgium (BE)","2160.95","2709.13","2686.38","2513.53"
"26/02/2025 10:00:00 - 26/02/2025 11:00:00","Belgium (BE)","3519.01","4219.47","4141.56","4128.99"
"26/02/2025 11:00:00 - 26/02/2025 12:00:00","Belgium (BE)","4365.27","5048.49","4975.86","5154.95"
"26/02/2025 12:00:00 - 26/02/2025 13:00:00","Belgium (BE)","4403.18","5060.34","5076.30","4958.04"
"26/02/2025 13:00:00 - 26/02/2025 14:00:00","Belgium (BE)","3798.86","4486.87","4258.91","4312.13"
"26/02/2025 14:00:00 - 26/02/2025 15:00:00","Belgium (BE)","2897.03","3502.24","3487.02","3070.64"
"26/02/2025 15:00:00 - 26/02/2025 16:00:00","Belgium (BE)","1837.93","2279.96","2161.74","1559.98"
"26/02/2025 16:00:00 - 26/02/2025 17:00:00","Belgium (BE)","927.48","1176.72","962.17","536.28"
"26/02/2025 17:00:00 - 26/02/2025 18:00:00","Belgium (BE)","275.82","338.76","260.87","101.22"
"26/02/2025 18:00:00 - 26/02/2025 19:00:00","Belgium (BE)","5.47","6.48","5.59","0.64"
"26/02/2025 19:00:00 - 26/02/2025 20:00:00","Belgium (BE)","0.00","0.00","0.00","0.00"
"26/02/2025 20:00:00 - 26/02/2025 21:00:00","Belgium (BE)","0.00","0.00","0.00","0.00"
"26/02/2025 21:00:00 - 26/02/2025 22:00:00","Belgium (BE)","0.00","0.00","0.00","0.00"
"26/02/2025 22:00:00 - 26/02/2025 23:00:00","Belgium (BE)","0.00","0.00","0.00","0.00"
"26/02/2025 23:00:00 - 27/02/2025 00:00:00","Belgium (BE)","0.00","0.00","0.00","0.00"
"27/02/2025 00:00:00 - 27/02/2025 01:00:00","Belgium (BE)","0.00","0.00","0.00","0.00"
"27/02/2025 01:00:00 - 27/02/2025 02:00:00","Belgium (BE)","0.00","0.00","0.00","0.00"
"27/02/2025 02:00:00 - 27/02/2025 03:00:00","Belgium (BE)","0.00","0.00","0.00","0.00"
"27/02/2025 03:00:00 - 27/02/2025 04:00:00","Belgium (BE)","0.00","0.00","0.00","0.00"
"27/02/2025 04:00:00 - 27/02/2025 05:00:00","Belgium (BE)","0.00","0.00","0.00","0.00"
"27/02/2025 05:00:00 - 27/02/2025 06:00:00","Belgium (BE)","0.00","0.00","0.00","0.00"
"27/02/2025 06:00:00 - 27/02/2025 07:00:00","Belgium (BE)","0.00","0.00","0.00","0.00"
"27/02/2025 07:00:00 - 27/02/2025 08:00:00","Belgium (BE)","26.10","28.00","28.00","30.02"
"27/02/2025 08:00:00 - 27/02/2025 09:00:00","Belgium (BE)","445.46","510.88","524.38","689.17"
"27/02/2025 09:00:00 - 27/02/2025 10:00:00","Belgium (BE)","1148.18","1284.06","1483.59","1480.23"
"27/02/2025 10:00:00 - 27/02/2025 11:00:00","Belgium (BE)","1633.50","1604.21","1875.28","1932.20"
"27/02/2025 11:00:00 - 27/02/2025 12:00:00","Belgium (BE)","1879.38","1819.73","2159.83","2119.57"
"27/02/2025 12:00:00 - 27/02/2025 13:00:00","Belgium (BE)","1999.23","1979.59","2132.36","2272.19"
"27/02/2025 13:00:00 - 27/02/2025 14:00:00","Belgium (BE)","1899.58","1979.22","2399.26","2140.04"
"27/02/2025 14:00:00 - 27/02/2025 15:00:00","Belgium (BE)","1663.93","1765.11","1840.86","1869.90"
"27/02/2025 15:00:00 - 27/02/2025 16:00:00","Belgium (BE)","1369.61","1403.25","1613.34","1375.96"
"27/02/2025 16:00:00 - 27/02/2025 17:00:00","Belgium (BE)","845.63","910.73","891.84","660.19"
"27/02/2025 17:00:00 - 27/02/2025 18:00:00","Belgium (BE)","274.41","291.20","273.11","189.71"
"27/02/2025 18:00:00 - 27/02/2025 19:00:00","Belgium (BE)","8.12","8.83","8.55","1.86"
"27/02/2025 19:00:00 - 27/02/2025 20:00:00","Belgium (BE)","0.00","0.00","0.00","0.00"
"27/02/2025 20:00:00 - 27/02/2025 21:00:00","Belgium (BE)","0.00","0.00","0.00","0.00"
"27/02/2025 21:00:00 - 27/02/2025 22:00:00","Belgium (BE)","0.00","0.00","0.00","0.00"
"27/02/2025 22:00:00 - 27/02/2025 23:00:00","Belgium (BE)","0.00","0.00","0.00","0.00"
"27/02/2025 23:00:00 - 28/02/2025 00:00:00","Belgium (BE)","0.00","0.00","0.00","0.00"
"28/02/2025 00:00:00 - 28/02/2025 01:00:00","Belgium (BE)","0.00","0.00","0.00","0.00"
"28/02/2025 01:00:00 - 28/02/2025 02:00:00","Belgium (BE)","0.00","0.00","0.00","0.00"
"28/02/2025 02:00:00 - 28/02/2025 03:00:00","Belgium (BE)","0.00","0.00","0.00","0.00"
"28/02/2025 03:00:00 - 28/02/2025 04:00:00","Belgium (BE)","0.00","0.00","0.00","0.00"
"28/02/2025 04:00:00 - 28/02/2025 05:00:00","Belgium (BE)","0.00","0.00","0.00","0.00"
"28/02/2025 05:00:00 - 28/02/2025 06:00:00","Belgium (BE)","0.00","0.00","0.00","0.00"
"28/02/2025 06:00:00 - 28/02/2025 07:00:00","Belgium (BE)","0.00","0.00","0.00","0.00"
"28/02/2025 07:00:00 - 28/02/2025 08:00:00","Belgium (BE)","29.09","28.97","28.97","12.29"
"28/02/2025 08:00:00 - 28/02/2025 09:00:00","Belgium (BE)","529.13","517.81","516.46","499.39"
"28/02/2025 09:00:00 - 28/02/2025 10:00:00","Belgium (BE)","1383.72","1390.37","1369.71","1527.22"
"28/02/2025 10:00:00 - 28/02/2025 11:00:00","Belgium (BE)","2065.56","2093.99","2146.27","2133.38"
"28/02/2025 11:00:00 - 28/02/2025 12:00:00","Belgium (BE)","2580.96","2488.60","2560.44","2553.50"
"28/02/2025 12:00:00 - 28/02/2025 13:00:00","Belgium (BE)","2863.78","2639.80","2691.10","3038.42"
"28/02/2025 13:00:00 - 28/02/2025 14:00:00","Belgium (BE)","2846.86","2663.31","3116.81","3201.00"
"28/02/2025 14:00:00 - 28/02/2025 15:00:00","Belgium (BE)","2726.89","2553.97","2864.50","3245.31"
"28/02/2025 15:00:00 - 28/02/2025 16:00:00","Belgium (BE)","2269.00","2130.53","2507.36","2771.54"
"28/02/2025 16:00:00 - 28/02/2025 17:00:00","Belgium (BE)","1475.66","1380.66","1592.76","1802.92"
"28/02/2025 17:00:00 - 28/02/2025 18:00:00","Belgium (BE)","499.78","451.29","516.47","723.63"
"28/02/2025 18:00:00 - 28/02/2025 19:00:00","Belgium (BE)","15.87","15.11","17.15","19.28"
"28/02/2025 19:00:00 - 28/02/2025 20:00:00","Belgium (BE)","0.00","0.00","0.00","0.00"
"28/02/2025 20:00:00 - 28/02/2025 21:00:00","Belgium (BE)","0.00","0.00","0.00","0.00"
"28/02/2025 21:00:00 - 28/02/2025 22:00:00","Belgium (BE)","0.00","0.00","0.00","0.00"
"28/02/2025 22:00:00 - 28/02/2025 23:00:00","Belgium (BE)","0.00","0.00","0.00","0.00"
"28/02/2025 23:00:00 - 01/03/2025 00:00:00","Belgium (BE)","0.00","0.00","0.00","0.00"
"01/03/2025 00:00:00 - 01/03/2025 01:00:00","Belgium (BE)","0.00","0.00","0.00","0.00"
"01/03/2025 01:00:00 - 01/03/2025 02:00:00","Belgium (BE)","0.00","0.00","0.00","0.00"
"01/03/2025 02:00:00 - 01/03/2025 03:00:00","Belgium (BE)","0.00","0.00","0.00","0.00"
"01/03/2025 03:00:00 - 01/03/2025 04:00:00","Belgium (BE)","0.00","0.00","0.00","0.00"
"01/03/2025 04:00:00 - 01/03/2025 05:00:00","Belgium (BE)","0.00","0.00","0.00","0.00"
"01/03/2025 05:00:00 - 01/03/2025 06:00:00","Belgium (BE)","0.00","0.00","0.00","0.00"
"01/03/2025 06:00:00 - 01/03/2025 07:00:00","Belgium (BE)","0.00","0.00","0.00","0.00"
"01/03/2025 07:00:00 - 01/03/2025 08:00:00","Belgium (BE)","27.57","24.37","24.37","10.85"
"01/03/2025 08:00:00 - 01/03/2025 09:00:00","Belgium (BE)","373.35","330.73","340.68","348.97"
"01/03/2025 09:00:00 - 01/03/2025 10:00:00","Belgium (BE)","983.28","858.42","880.39","1047.39"
"01/03/2025 10:00:00 - 01/03/2025 11:00:00","Belgium (BE)","1560.59","1304.76","1538.11","1595.81"
"01/03/2025 11:00:00 - 01/03/2025 12:00:00","Belgium (BE)","1922.59","1592.71","1832.57","1650.06"
"01/03/2025 12:00:00 - 01/03/2025 13:00:00","Belgium (BE)","2021.75","1847.15","1888.40","1888.11"
"01/03/2025 13:00:00 - 01/03/2025 14:00:00","Belgium (BE)","1930.92","2029.98","2083.50","2327.45"
"01/03/2025 14:00:00 - 01/03/2025 15:00:00","Belgium (BE)","1789.27","2022.96","2294.97","2362.80"
"01/03/2025 15:00:00 - 01/03/2025 16:00:00","Belgium (BE)","1440.57","1701.42","1977.58","1972.72"
"01/03/2025 16:00:00 - 01/03/2025 17:00:00","Belgium (BE)","914.63","1073.23","1294.94","1214.50"
"01/03/2025 17:00:00 - 01/03/2025 18:00:00","Belgium (BE)","315.88","358.37","420.61","525.06"
"01/03/2025 18:00:00 - 01/03/2025 19:00:00","Belgium (BE)","14.37","15.33","19.52","15.23"
"01/03/2025 19:00:00 - 01/03/2025 20:00:00","Belgium (BE)","0.00","0.00","0.00","0.00"
"01/03/2025 20:00:00 - 01/03/2025 21:00:00","Belgium (BE)","0.00","0.00","0.00","0.00"
"01/03/2025 21:00:00 - 01/03/2025 22:00:00","Belgium (BE)","0.00","0.00","0.00","0.00"
"01/03/2025 22:00:00 - 01/03/2025 23:00:00","Belgium (BE)","0.00","0.00","0.00","0.00"
"01/03/2025 23:00:00 - 02/03/2025 00:00:00","Belgium (BE)","0.00","0.00","0.00","0.00"
"02/03/2025 00:00:00 - 02/03/2025 01:00:00","Belgium (BE)","0.00","0.00","0.00","0.00"
"02/03/2025 01:00:00 - 02/03/2025 02:00:00","Belgium (BE)","0.00","0.00","0.00","0.00"
"02/03/2025 02:00:00 - 02/03/2025 03:00:00","Belgium (BE)","0.00","0.00","0.00","0.00"
"02/03/2025 03:00:00 - 02/03/2025 04:00:00","Belgium (BE)","0.00","0.00","0.00","0.00"
"02/03/2025 04:00:00 - 02/03/2025 05:00:00","Belgium (BE)","0.00","0.00","0.00","0.00"
"02/03/2025 05:00:00 - 02/03/2025 06:00:00","Belgium (BE)","0.00","0.00","0.00","0.00"
"02/03/2025 06:00:00 - 02/03/2025 07:00:00","Belgium (BE)","0.00","0.00","0.00","0.00"
"02/03/2025 07:00:00 - 02/03/2025 08:00:00","Belgium (BE)","75.92","79.67","79.67","50.13"
"02/03/2025 08:00:00 - 02/03/2025 09:00:00","Belgium (BE)","992.25","1061.07","1046.32","1105.28"
"02/03/2025 09:00:00 - 02/03/2025 10:00:00","Belgium (BE)","2485.06","2671.04","2714.83","2945.54"
"02/03/2025 10:00:00 - 02/03/2025 11:00:00","Belgium (BE)","4008.61","4285.34","4619.49","4799.91"
"02/03/2025 11:00:00 - 02/03/2025 12:00:00","Belgium (BE)","5118.98","5427.42","6003.97","6152.82"
"02/03/2025 12:00:00 - 02/03/2025 13:00:00","Belgium (BE)","5857.18","5990.61","6488.42","6837.85"
"02/03/2025 13:00:00 - 02/03/2025 14:00:00","Belgium (BE)","6084.18","6015.55","6749.84","6800.27"
"02/03/2025 14:00:00 - 02/03/2025 15:00:00","Belgium (BE)","5654.45","5562.95","6254.77","6051.79"
"02/03/2025 15:00:00 - 02/03/2025 16:00:00","Belgium (BE)","4506.28","4410.39","4889.06","4748.69"
"02/03/2025 16:00:00 - 02/03/2025 17:00:00","Belgium (BE)","2674.13","2583.28","2786.03","2815.53"
"02/03/2025 17:00:00 - 02/03/2025 18:00:00","Belgium (BE)","886.44","839.99","891.81","1059.48"
"02/03/2025 18:00:00 - 02/03/2025 19:00:00","Belgium (BE)","37.31","35.02","38.55","29.18"
"02/03/2025 19:00:00 - 02/03/2025 20:00:00","Belgium (BE)","0.00","0.00","0.00","0.00"
"02/03/2025 20:00:00 - 02/03/2025 21:00:00","Belgium (BE)","0.00","0.00","0.00","0.00"
"02/03/2025 21:00:00 - 02/03/2025 22:00:00","Belgium (BE)","0.00","0.00","0.00","0.00"
"02/03/2025 22:00:00 - 02/03/2025 23:00:00","Belgium (BE)","0.00","0.00","0.00","0.00"
"02/03/2025 23:00:00 - 03/03/2025 00:00:00","Belgium (BE)","0.00","0.00","0.00","0.00"
"03/03/2025 00:00:00 - 03/03/2025 01:00:00","Belgium (BE)","0.00","0.00","0.00","0.00"
"03/03/2025 01:00:00 - 03/03/2025 02:00:00","Belgium (BE)","0.00","0.00","0.00","0.00"
"03/03/2025 02:00:00 - 03/03/2025 03:00:00","Belgium (BE)","0.00","0.00","0.00","0.00"
"03/03/2025 03:00:00 - 03/03/2025 04:00:00","Belgium (BE)","0.00","0.00","0.00","0.00"
"03/03/2025 04:00:00 - 03/03/2025 05:00:00","Belgium (BE)","0.00","0.00","0.00","0.00"
"03/03/2025 05:00:00 - 03/03/2025 06:00:00","Belgium (BE)","0.00","0.00","0.00","0.00"
"03/03/2025 06:00:00 - 03/03/2025 07:00:00","Belgium (BE)","0.00","0.00","0.00","0.00"
"03/03/2025 07:00:00 - 03/03/2025 08:00:00","Belgium (BE)","100.05","109.52","109.52","109.99"
"03/03/2025 08:00:00 - 03/03/2025 09:00:00","Belgium (BE)","1135.33","1285.99","1270.06","1499.00"
"03/03/2025 09:00:00 - 03/03/2025 10:00:00","Belgium (BE)","2766.78","3166.30","3371.88","3312.87"
"03/03/2025 10:00:00 - 03/03/2025 11:00:00","Belgium (BE)","4353.11","4928.95","5092.12","5025.03"
"03/03/2025 11:00:00 - 03/03/2025 12:00:00","Belgium (BE)","5455.83","6181.38","6317.45","6197.75"
"03/03/2025 12:00:00 - 03/03/2025 13:00:00","Belgium (BE)","6012.70","6827.43","6793.45","6818.31"
"03/03/2025 13:00:00 - 03/03/2025 14:00:00","Belgium (BE)","6044.19","6832.27","6827.70","6759.97"
"03/03/2025 14:00:00 - 03/03/2025 15:00:00","Belgium (BE)","5542.11","6224.69","6230.54","5995.18"
"03/03/2025 15:00:00 - 03/03/2025 16:00:00","Belgium (BE)","4433.33","4942.13","4888.02","4706.26"
"03/03/2025 16:00:00 - 03/03/2025 17:00:00","Belgium (BE)","2625.16","2946.44","2877.01","2811.86"
"03/03/2025 17:00:00 - 03/03/2025 18:00:00","Belgium (BE)","882.93","962.45","937.06","1073.52"
"03/03/2025 18:00:00 - 03/03/2025 19:00:00","Belgium (BE)","42.27","44.58","46.01","34.11"
"03/03/2025 19:00:00 - 03/03/2025 20:00:00","Belgium (BE)","0.00","0.00","0.00","0.00"
"03/03/2025 20:00:00 - 03/03/2025 21:00:00","Belgium (BE)","0.00","0.00","0.00","0.00"
"03/03/2025 21:00:00 - 03/03/2025 22:00:00","Belgium (BE)","0.00","0.00","0.00","0.00"
"03/03/2025 22:00:00 - 03/03/2025 23:00:00","Belgium (BE)","0.00","0.00","0.00","0.00"
"03/03/2025 23:00:00 - 04/03/2025 00:00:00","Belgium (BE)","0.00","0.00","0.00","0.00"
"04/03/2025 00:00:00 - 04/03/2025 01:00:00","Belgium (BE)","0.00","0.00","0.00","0.00"
"04/03/2025 01:00:00 - 04/03/2025 02:00:00","Belgium (BE)","0.00","0.00","0.00","0.00"
"04/03/2025 02:00:00 - 04/03/2025 03:00:00","Belgium (BE)","0.00","0.00","0.00","0.00"
"04/03/2025 03:00:00 - 04/03/2025 04:00:00","Belgium (BE)","0.00","0.00","0.00","0.00"
"04/03/2025 04:00:00 - 04/03/2025 05:00:00","Belgium (BE)","0.00","0.00","0.00","0.00"
"04/03/2025 05:00:00 - 04/03/2025 06:00:00","Belgium (BE)","0.00","0.00","0.00","0.00"
"04/03/2025 06:00:00 - 04/03/2025 07:00:00","Belgium (BE)","0.00","0.00","0.00","0.00"
"04/03/2025 07:00:00 - 04/03/2025 08:00:00","Belgium (BE)","98.67","116.59","116.59","77.27"
"04/03/2025 08:00:00 - 04/03/2025 09:00:00","Belgium (BE)","1051.72","1335.85","1285.37","884.89"
"04/03/2025 09:00:00 - 04/03/2025 10:00:00","Belgium (BE)","2561.44","3315.16","3022.91","2338.83"
"04/03/2025 10:00:00 - 04/03/2025 11:00:00","Belgium (BE)","4076.22","4979.43","4164.90","4031.67"
"04/03/2025 11:00:00 - 04/03/2025 12:00:00","Belgium (BE)","5240.82","6020.70","5330.11","5263.89"
"04/03/2025 12:00:00 - 04/03/2025 13:00:00","Belgium (BE)","5869.80","6567.41","6132.95","5784.78"
"04/03/2025 13:00:00 - 04/03/2025 14:00:00","Belgium (BE)","5965.33","6585.07","6141.83","5861.46"
"04/03/2025 14:00:00 - 04/03/2025 15:00:00","Belgium (BE)","5718.26","6088.74","5731.13","5311.85"
"04/03/2025 15:00:00 - 04/03/2025 16:00:00","Belgium (BE)","4721.97","4981.45","4646.61","4158.25"
"04/03/2025 16:00:00 - 04/03/2025 17:00:00","Belgium (BE)","2844.80","3067.88","2816.49","2603.05"
"04/03/2025 17:00:00 - 04/03/2025 18:00:00","Belgium (BE)","972.48","1030.89","962.38","973.76"
"04/03/2025 18:00:00 - 04/03/2025 19:00:00","Belgium (BE)","52.33","54.13","53.19","59.69"
"04/03/2025 19:00:00 - 04/03/2025 20:00:00","Belgium (BE)","0.00","0.00","0.00","0.00"
"04/03/2025 20:00:00 - 04/03/2025 21:00:00","Belgium (BE)","0.00","0.00","0.00","0.00"
"04/03/2025 21:00:00 - 04/03/2025 22:00:00","Belgium (BE)","0.00","0.00","0.00","0.00"
"04/03/2025 22:00:00 - 04/03/2025 23:00:00","Belgium (BE)","0.00","0.00","0.00","0.00"
"04/03/2025 23:00:00 - 05/03/2025 00:00:00","Belgium (BE)","0.00","0.00","0.00","0.00"
"05/03/2025 00:00:00 - 05/03/2025 01:00:00","Belgium (BE)","0.00","0.00","0.00","0.00"
"05/03/2025 01:00:00 - 05/03/2025 02:00:00","Belgium (BE)","0.00","0.00","0.00","0.00"
"05/03/2025 02:00:00 - 05/03/2025 03:00:00","Belgium (BE)","0.00","0.00","0.00","0.00"
"05/03/2025 03:00:00 - 05/03/2025 04:00:00","Belgium (BE)","0.00","0.00","0.00","0.00"
"05/03/2025 04:00:00 - 05/03/2025 05:00:00","Belgium (BE)","0.00","0.00","0.00","0.00"
"05/03/2025 05:00:00 - 05/03/2025 06:00:00","Belgium (BE)","0.00","0.00","0.00","0.00"
"05/03/2025 06:00:00 - 05/03/2025 07:00:00","Belgium (BE)","0.00","0.00","0.00","0.00"
"05/03/2025 07:00:00 - 05/03/2025 08:00:00","Belgium (BE)","166.36","162.89","162.89","134.51"
"05/03/2025 08:00:00 - 05/03/2025 09:00:00","Belgium (BE)","1625.54","1632.12","1628.71","1511.26"
"05/03/2025 09:00:00 - 05/03/2025 10:00:00","Belgium (BE)","3841.17","3867.88","3884.02","3108.35"
"05/03/2025 10:00:00 - 05/03/2025 11:00:00","Belgium (BE)","5540.52","5543.09","5006.48","4529.67"
"05/03/2025 11:00:00 - 05/03/2025 12:00:00","Belgium (BE)","6522.29","6535.90","5807.82","5538.44"
"05/03/2025 12:00:00 - 05/03/2025 13:00:00","Belgium (BE)","7000.40","7001.94","6241.80","6020.77"
"05/03/2025 13:00:00 - 05/03/2025 14:00:00","Belgium (BE)","6951.09","6930.14","6269.82","5990.79"
"05/03/2025 14:00:00 - 05/03/2025 15:00:00","Belgium (BE)","6381.22","6332.55","5811.71","5354.17"
"05/03/2025 15:00:00 - 05/03/2025 16:00:00","Belgium (BE)","5163.92","5120.86","4694.41","4204.01"
"05/03/2025 16:00:00 - 05/03/2025 17:00:00","Belgium (BE)","3191.21","3165.21","2893.32","2617.11"
"05/03/2025 17:00:00 - 05/03/2025 18:00:00","Belgium (BE)","1100.09","1078.50","986.60","987.28"
"05/03/2025 18:00:00 - 05/03/2025 19:00:00","Belgium (BE)","64.75","62.21","60.51","56.30"
"05/03/2025 19:00:00 - 05/03/2025 20:00:00","Belgium (BE)","0.00","0.00","0.00","0.00"
"05/03/2025 20:00:00 - 05/03/2025 21:00:00","Belgium (BE)","0.00","0.00","0.00","0.00"
"05/03/2025 21:00:00 - 05/03/2025 22:00:00","Belgium (BE)","0.00","0.00","0.00","0.00"
"05/03/2025 22:00:00 - 05/03/2025 23:00:00","Belgium (BE)","0.00","0.00","0.00","0.00"
"05/03/2025 23:00:00 - 06/03/2025 00:00:00","Belgium (BE)","0.00","0.00","0.00","0.00"
"06/03/2025 00:00:00 - 06/03/2025 01:00:00","Belgium (BE)","0.00","0.00","0.00","0.00"
"06/03/2025 01:00:00 - 06/03/2025 02:00:00","Belgium (BE)","0.00","0.00","0.00","0.00"
"06/03/2025 02:00:00 - 06/03/2025 03:00:00","Belgium (BE)","0.00","0.00","0.00","0.00"
"06/03/2025 03:00:00 - 06/03/2025 04:00:00","Belgium (BE)","0.00","0.00","0.00","0.00"
"06/03/2025 04:00:00 - 06/03/2025 05:00:00","Belgium (BE)","0.00","0.00","0.00","0.00"
"06/03/2025 05:00:00 - 06/03/2025 06:00:00","Belgium (BE)","0.00","0.00","0.00","0.00"
"06/03/2025 06:00:00 - 06/03/2025 07:00:00","Belgium (BE)","0.00","0.00","0.00","0.00"
"06/03/2025 07:00:00 - 06/03/2025 08:00:00","Belgium (BE)","181.32","168.51","168.51","156.32"
"06/03/2025 08:00:00 - 06/03/2025 09:00:00","Belgium (BE)","1625.08","1544.81","1513.22","1471.21"
"06/03/2025 09:00:00 - 06/03/2025 10:00:00","Belgium (BE)","3658.31","3486.73","3489.25","2545.23"
"06/03/2025 10:00:00 - 06/03/2025 11:00:00","Belgium (BE)","5127.07","4974.98","4377.22","4013.72"
"06/03/2025 11:00:00 - 06/03/2025 12:00:00","Belgium (BE)","5991.64","5897.64","5223.27","5229.32"
"06/03/2025 12:00:00 - 06/03/2025 13:00:00","Belgium (BE)","6430.76","6446.94","5952.80","6012.26"
"06/03/2025 13:00:00 - 06/03/2025 14:00:00","Belgium (BE)","6450.42","6563.39","6253.82","6012.64"
"06/03/2025 14:00:00 - 06/03/2025 15:00:00","Belgium (BE)","6031.97","6136.51","5833.59","5455.47"
"06/03/2025 15:00:00 - 06/03/2025 16:00:00","Belgium (BE)","4972.40","5051.64","4733.39","4258.53"
"06/03/2025 16:00:00 - 06/03/2025 17:00:00","Belgium (BE)","3095.09","3150.81","2873.33","2659.65"
"06/03/2025 17:00:00 - 06/03/2025 18:00:00","Belgium (BE)","1089.02","1093.47","1012.44","1066.15"
"06/03/2025 18:00:00 - 06/03/2025 19:00:00","Belgium (BE)","69.75","68.98","67.29","60.01"
"06/03/2025 19:00:00 - 06/03/2025 20:00:00","Belgium (BE)","0.00","0.00","0.00","0.00"
"06/03/2025 20:00:00 - 06/03/2025 21:00:00","Belgium (BE)","0.00","0.00","0.00","0.00"
"06/03/2025 21:00:00 - 06/03/2025 22:00:00","Belgium (BE)","0.00","0.00","0.00","0.00"
"06/03/2025 22:00:00 - 06/03/2025 23:00:00","Belgium (BE)","0.00","0.00","0.00","0.00"
"06/03/2025 23:00:00 - 07/03/2025 00:00:00","Belgium (BE)","0.00","0.00","0.00","0.00"
"07/03/2025 00:00:00 - 07/03/2025 01:00:00","Belgium (BE)","0.00","0.00","0.00","0.00"
"07/03/2025 01:00:00 - 07/03/2025 02:00:00","Belgium (BE)","0.00","0.00","0.00","0.00"
"07/03/2025 02:00:00 - 07/03/2025 03:00:00","Belgium (BE)","0.00","0.00","0.00","0.00"
"07/03/2025 03:00:00 - 07/03/2025 04:00:00","Belgium (BE)","0.00","0.00","0.00","0.00"
"07/03/2025 04:00:00 - 07/03/2025 05:00:00","Belgium (BE)","0.00","0.00","0.00","0.00"
"07/03/2025 05:00:00 - 07/03/2025 06:00:00","Belgium (BE)","0.00","0.00","0.00","0.00"
"07/03/2025 06:00:00 - 07/03/2025 07:00:00","Belgium (BE)","0.00","0.00","0.00","0.00"
"07/03/2025 07:00:00 - 07/03/2025 08:00:00","Belgium (BE)","196.87","190.27","190.27","154.51"
"07/03/2025 08:00:00 - 07/03/2025 09:00:00","Belgium (BE)","1646.02","1624.92","1585.50","1399.66"
"07/03/2025 09:00:00 - 07/03/2025 10:00:00","Belgium (BE)","3729.20","3689.20","3633.72","2901.49"
"07/03/2025 10:00:00 - 07/03/2025 11:00:00","Belgium (BE)","5289.34","5195.52","4623.65","4366.58"
"07/03/2025 11:00:00 - 07/03/2025 12:00:00","Belgium (BE)","6191.39","6109.88","5494.31","5409.01"
"07/03/2025 12:00:00 - 07/03/2025 13:00:00","Belgium (BE)","6620.63","6546.85","5973.39","5849.05"
"07/03/2025 13:00:00 - 07/03/2025 14:00:00","Belgium (BE)","6587.26","6467.62","5974.09","5833.17"
"07/03/2025 14:00:00 - 07/03/2025 15:00:00","Belgium (BE)","6084.70","5906.42","5540.71","5234.94"
"07/03/2025 15:00:00 - 07/03/2025 16:00:00","Belgium (BE)","5003.58","4831.18","4503.72","4115.84"
"07/03/2025 16:00:00 - 07/03/2025 17:00:00","Belgium (BE)","3128.78","3020.24","2727.25","2550.94"
"07/03/2025 17:00:00 - 07/03/2025 18:00:00","Belgium (BE)","1121.13","1076.33","966.41","1068.68"
"07/03/2025 18:00:00 - 07/03/2025 19:00:00","Belgium (BE)","78.52","74.32","70.52","61.08"
"07/03/2025 19:00:00 - 07/03/2025 20:00:00","Belgium (BE)","0.00","0.00","0.00","0.00"
"07/03/2025 20:00:00 - 07/03/2025 21:00:00","Belgium (BE)","0.00","0.00","0.00","0.00"
"07/03/2025 21:00:00 - 07/03/2025 22:00:00","Belgium (BE)","0.00","0.00","0.00","0.00"
"07/03/2025 22:00:00 - 07/03/2025 23:00:00","Belgium (BE)","0.00","0.00","0.00","0.00"
"07/03/2025 23:00:00 - 08/03/2025 00:00:00","Belgium (BE)","0.00","0.00","0.00","0.00"
"08/03/2025 00:00:00 - 08/03/2025 01:00:00","Belgium (BE)","0.00","0.00","0.00","0.00"
"08/03/2025 01:00:00 - 08/03/2025 02:00:00","Belgium (BE)","0.00","0.00","0.00","0.00"
"08/03/2025 02:00:00 - 08/03/2025 03:00:00","Belgium (BE)","0.00","0.00","0.00","0.00"
"08/03/2025 03:00:00 - 08/03/2025 04:00:00","Belgium (BE)","0.00","0.00","0.00","0.00"
"08/03/2025 04:00:00 - 08/03/2025 05:00:00","Belgium (BE)","0.00","0.00","0.00","0.00"
"08/03/2025 05:00:00 - 08/03/2025 06:00:00","Belgium (BE)","0.00","0.00","0.00","0.00"
"08/03/2025 06:00:00 - 08/03/2025 07:00:00","Belgium (BE)","0.00","0.00","0.00","0.00"
"08/03/2025 07:00:00 - 08/03/2025 08:00:00","Belgium (BE)","219.09","206.81","206.81","178.18"
"08/03/2025 08:00:00 - 08/03/2025 09:00:00","Belgium (BE)","1698.80","1637.38","1616.48","1473.93"
"08/03/2025 09:00:00 - 08/03/2025 10:00:00","Belgium (BE)","3820.94","3751.41","3759.92","2965.31"
"08/03/2025 10:00:00 - 08/03/2025 11:00:00","Belgium (BE)","5420.86","5361.48","4672.22","4429.22"
"08/03/2025 11:00:00 - 08/03/2025 12:00:00","Belgium (BE)","6365.63","6309.81","5490.80","5409.55"
"08/03/2025 12:00:00 - 08/03/2025 13:00:00","Belgium (BE)","6809.42","6736.25","5776.40","5890.66"
"08/03/2025 13:00:00 - 08/03/2025 14:00:00","Belgium (BE)","6738.89","6657.16","5825.67","5826.92"
"08/03/2025 14:00:00 - 08/03/2025 15:00:00","Belgium (BE)","6193.40","6080.07","5306.99","5180.80"
"08/03/2025 15:00:00 - 08/03/2025 16:00:00","Belgium (BE)","5087.04","4976.35","4202.34","4009.78"
"08/03/2025 16:00:00 - 08/03/2025 17:00:00","Belgium (BE)","3211.98","3147.70","2687.18","2382.20"
"08/03/2025 17:00:00 - 08/03/2025 18:00:00","Belgium (BE)","1166.80","1135.71","1052.39","979.90"
"08/03/2025 18:00:00 - 08/03/2025 19:00:00","Belgium (BE)","88.37","84.39","81.60","53.69"
"08/03/2025 19:00:00 - 08/03/2025 20:00:00","Belgium (BE)","0.00","0.00","0.00","0.00"
"08/03/2025 20:00:00 - 08/03/2025 21:00:00","Belgium (BE)","0.00","0.00","0.00","0.00"
"08/03/2025 21:00:00 - 08/03/2025 22:00:00","Belgium (BE)","0.00","0.00","0.00","0.00"
"08/03/2025 22:00:00 - 08/03/2025 23:00:00","Belgium (BE)","0.00","0.00","0.00","0.00"
"08/03/2025 23:00:00 - 09/03/2025 00:00:00","Belgium (BE)","0.00","0.00","0.00","0.00"
"09/03/2025 00:00:00 - 09/03/2025 01:00:00","Belgium (BE)","0.00","0.00","0.00","0.00"
"09/03/2025 01:00:00 - 09/03/2025 02:00:00","Belgium (BE)","0.00","0.00","0.00","0.00"
"09/03/2025 02:00:00 - 09/03/2025 03:00:00","Belgium (BE)","0.00","0.00","0.00","0.00"
"09/03/2025 03:00:00 - 09/03/2025 04:00:00","Belgium (BE)","0.00","0.00","0.00","0.00"
"09/03/2025 04:00:00 - 09/03/2025 05:00:00","Belgium (BE)","0.00","0.00","0.00","0.00"
"09/03/2025 05:00:00 - 09/03/2025 06:00:00","Belgium (BE)","0.00","0.00","0.00","0.00"
"09/03/2025 06:00:00 - 09/03/2025 07:00:00","Belgium (BE)","0.00","0.00","0.00","0.00"
"09/03/2025 07:00:00 - 09/03/2025 08:00:00","Belgium (BE)","218.95","214.36","214.36","203.63"
"09/03/2025 08:00:00 - 09/03/2025 09:00:00","Belgium (BE)","1469.10","1503.64","1479.99","1476.02"
"09/03/2025 09:00:00 - 09/03/2025 10:00:00","Belgium (BE)","3002.36","3197.75","3218.47","2870.89"
"09/03/2025 10:00:00 - 09/03/2025 11:00:00","Belgium (BE)","4416.78","4660.79","4278.00","4243.16"
"09/03/2025 11:00:00 - 09/03/2025 12:00:00","Belgium (BE)","5552.69","5744.89","5305.95","5269.32"
"09/03/2025 12:00:00 - 09/03/2025 13:00:00","Belgium (BE)","5992.59","6158.59","5644.97","5711.86"
"09/03/2025 13:00:00 - 09/03/2025 14:00:00","Belgium (BE)","6000.24","6049.74","5575.37","5694.25"
"09/03/2025 14:00:00 - 09/03/2025 15:00:00","Belgium (BE)","5507.25","5470.47","5184.82","5072.16"
"09/03/2025 15:00:00 - 09/03/2025 16:00:00","Belgium (BE)","4527.68","4488.54","3973.09","3895.50"
"09/03/2025 16:00:00 - 09/03/2025 17:00:00","Belgium (BE)","2890.32","2874.27","2379.19","2269.96"
"09/03/2025 17:00:00 - 09/03/2025 18:00:00","Belgium (BE)","1074.32","1074.66","945.08","878.93"
"09/03/2025 18:00:00 - 09/03/2025 19:00:00","Belgium (BE)","86.90","85.81","81.12","44.52"
"09/03/2025 19:00:00 - 09/03/2025 20:00:00","Belgium (BE)","0.00","0.00","0.00","0.00"
"09/03/2025 20:00:00 - 09/03/2025 21:00:00","Belgium (BE)","0.00","0.00","0.00","0.00"
"09/03/2025 21:00:00 - 09/03/2025 22:00:00","Belgium (BE)","0.00","0.00","0.00","0.00"
"09/03/2025 22:00:00 - 09/03/2025 23:00:00","Belgium (BE)","0.00","0.00","0.00","0.00"
"09/03/2025 23:00:00 - 10/03/2025 00:00:00","Belgium (BE)","0.00","0.00","0.00","0.00"
"10/03/2025 00:00:00 - 10/03/2025 01:00:00","Belgium (BE)","0.00","0.00","0.00","0.00"
"10/03/2025 01:00:00 - 10/03/2025 02:00:00","Belgium (BE)","0.00","0.00","0.00","0.00"
"10/03/2025 02:00:00 - 10/03/2025 03:00:00","Belgium (BE)","0.00","0.00","0.00","0.00"
"10/03/2025 03:00:00 - 10/03/2025 04:00:00","Belgium (BE)","0.00","0.00","0.00","0.00"
"10/03/2025 04:00:00 - 10/03/2025 05:00:00","Belgium (BE)","0.00","0.00","0.00","0.00"
"10/03/2025 05:00:00 - 10/03/2025 06:00:00","Belgium (BE)","0.00","0.00","0.00","0.00"
"10/03/2025 06:00:00 - 10/03/2025 07:00:00","Belgium (BE)","0.00","0.00","0.00","0.00"
"10/03/2025 07:00:00 - 10/03/2025 08:00:00","Belgium (BE)","185.13","167.37","167.37","187.83"
"10/03/2025 08:00:00 - 10/03/2025 09:00:00","Belgium (BE)","1219.24","1115.53","1031.57","1120.16"
"10/03/2025 09:00:00 - 10/03/2025 10:00:00","Belgium (BE)","2657.19","2516.82","2419.65","2017.74"
"10/03/2025 10:00:00 - 10/03/2025 11:00:00","Belgium (BE)","3920.72","3959.25","3582.43","3090.20"
"10/03/2025 11:00:00 - 10/03/2025 12:00:00","Belgium (BE)","4710.21","5030.24","4493.55","4276.30"
"10/03/2025 12:00:00 - 10/03/2025 13:00:00","Belgium (BE)","5013.36","5342.59","4785.30","4812.07"
"10/03/2025 13:00:00 - 10/03/2025 14:00:00","Belgium (BE)","4771.07","4944.42","4439.01","4267.90"
"10/03/2025 14:00:00 - 10/03/2025 15:00:00","Belgium (BE)","4054.15","4171.04","3832.36","3032.28"
"10/03/2025 15:00:00 - 10/03/2025 16:00:00","Belgium (BE)","3108.75","3241.34","2600.49","1789.40"
"10/03/2025 16:00:00 - 10/03/2025 17:00:00","Belgium (BE)","1951.11","2052.26","1410.73","919.58"
"10/03/2025 17:00:00 - 10/03/2025 18:00:00","Belgium (BE)","756.15","771.10","522.88","374.19"
"10/03/2025 18:00:00 - 10/03/2025 19:00:00","Belgium (BE)","66.26","67.38","51.30","18.42"
"10/03/2025 19:00:00 - 10/03/2025 20:00:00","Belgium (BE)","0.00","0.00","0.00","0.00"
"10/03/2025 20:00:00 - 10/03/2025 21:00:00","Belgium (BE)","0.00","0.00","0.00","0.00"
"10/03/2025 21:00:00 - 10/03/2025 22:00:00","Belgium (BE)","0.00","0.00","0.00","0.00"
"10/03/2025 22:00:00 - 10/03/2025 23:00:00","Belgium (BE)","0.00","0.00","0.00","0.00"
"10/03/2025 23:00:00 - 11/03/2025 00:00:00","Belgium (BE)","0.00","0.00","0.00","0.00"
"11/03/2025 00:00:00 - 11/03/2025 01:00:00","Belgium (BE)","0.00","0.00","0.00","0.00"
"11/03/2025 01:00:00 - 11/03/2025 02:00:00","Belgium (BE)","0.00","0.00","0.00","0.00"
"11/03/2025 02:00:00 - 11/03/2025 03:00:00","Belgium (BE)","0.00","0.00","0.00","0.00"
"11/03/2025 03:00:00 - 11/03/2025 04:00:00","Belgium (BE)","0.00","0.00","0.00","0.00"
"11/03/2025 04:00:00 - 11/03/2025 05:00:00","Belgium (BE)","0.00","0.00","0.00","0.00"
"11/03/2025 05:00:00 - 11/03/2025 06:00:00","Belgium (BE)","0.00","0.00","0.00","0.00"
"11/03/2025 06:00:00 - 11/03/2025 07:00:00","Belgium (BE)","0.00","0.00","0.00","0.00"
"11/03/2025 07:00:00 - 11/03/2025 08:00:00","Belgium (BE)","72.67","79.65","79.65","30.97"
"11/03/2025 08:00:00 - 11/03/2025 09:00:00","Belgium (BE)","400.40","442.33","413.74","282.78"
"11/03/2025 09:00:00 - 11/03/2025 10:00:00","Belgium (BE)","722.37","802.20","703.47","540.32"
"11/03/2025 10:00:00 - 11/03/2025 11:00:00","Belgium (BE)","967.08","1073.68","902.87","780.15"
"11/03/2025 11:00:00 - 11/03/2025 12:00:00","Belgium (BE)","1143.33","1302.42","1086.49","882.68"
"11/03/2025 12:00:00 - 11/03/2025 13:00:00","Belgium (BE)","1242.94","1465.35","1070.80","970.01"
"11/03/2025 13:00:00 - 11/03/2025 14:00:00","Belgium (BE)","1264.20","1578.79","1135.05","1024.90"
"11/03/2025 14:00:00 - 11/03/2025 15:00:00","Belgium (BE)","1110.20","1547.33","1177.40","1013.62"
"11/03/2025 15:00:00 - 11/03/2025 16:00:00","Belgium (BE)","869.36","1370.02","1095.82","945.52"
"11/03/2025 16:00:00 - 11/03/2025 17:00:00","Belgium (BE)","603.53","960.95","836.03","781.29"
"11/03/2025 17:00:00 - 11/03/2025 18:00:00","Belgium (BE)","270.22","399.55","342.36","447.54"
"11/03/2025 18:00:00 - 11/03/2025 19:00:00","Belgium (BE)","31.99","43.85","44.96","35.35"
"11/03/2025 19:00:00 - 11/03/2025 20:00:00","Belgium (BE)","0.00","0.00","0.00","0.00"
"11/03/2025 20:00:00 - 11/03/2025 21:00:00","Belgium (BE)","0.00","0.00","0.00","0.00"
"11/03/2025 21:00:00 - 11/03/2025 22:00:00","Belgium (BE)","0.00","0.00","0.00","0.00"
"11/03/2025 22:00:00 - 11/03/2025 23:00:00","Belgium (BE)","0.00","0.00","0.00","0.00"
"11/03/2025 23:00:00 - 12/03/2025 00:00:00","Belgium (BE)","0.00","0.00","0.00","0.00"
"12/03/2025 00:00:00 - 12/03/2025 01:00:00","Belgium (BE)","0.00","0.00","0.00","0.00"
"12/03/2025 01:00:00 - 12/03/2025 02:00:00","Belgium (BE)","0.00","0.00","0.00","0.00"
"12/03/2025 02:00:00 - 12/03/2025 03:00:00","Belgium (BE)","0.00","0.00","0.00","0.00"
"12/03/2025 03:00:00 - 12/03/2025 04:00:00","Belgium (BE)","0.00","0.00","0.00","0.00"
"12/03/2025 04:00:00 - 12/03/2025 05:00:00","Belgium (BE)","0.00","0.00","0.00","0.00"
"12/03/2025 05:00:00 - 12/03/2025 06:00:00","Belgium (BE)","0.00","0.00","0.00","0.00"
"12/03/2025 06:00:00 - 12/03/2025 07:00:00","Belgium (BE)","0.00","0.00","0.00","0.00"
"12/03/2025 07:00:00 - 12/03/2025 08:00:00","Belgium (BE)","179.38","194.65","194.65","135.27"
"12/03/2025 08:00:00 - 12/03/2025 09:00:00","Belgium (BE)","1009.25","1125.10","1123.87","1020.23"
"12/03/2025 09:00:00 - 12/03/2025 10:00:00","Belgium (BE)","2076.35","2366.65","2296.16","2142.13"
"12/03/2025 10:00:00 - 12/03/2025 11:00:00","Belgium (BE)","2881.71","3209.92","3029.04","2850.62"
"12/03/2025 11:00:00 - 12/03/2025 12:00:00","Belgium (BE)","3253.55","3609.35","3344.78","2658.65"
"12/03/2025 12:00:00 - 12/03/2025 13:00:00","Belgium (BE)","3102.43","3504.93","2916.83","2332.57"
"12/03/2025 13:00:00 - 12/03/2025 14:00:00","Belgium (BE)","2893.55","3127.33","2283.85","1759.78"
"12/03/2025 14:00:00 - 12/03/2025 15:00:00","Belgium (BE)","2634.60","2728.85","1798.26","1392.35"
"12/03/2025 15:00:00 - 12/03/2025 16:00:00","Belgium (BE)","2347.79","2363.95","1483.86","1119.25"
"12/03/2025 16:00:00 - 12/03/2025 17:00:00","Belgium (BE)","1690.08","1656.57","1142.35","837.37"
"12/03/2025 17:00:00 - 12/03/2025 18:00:00","Belgium (BE)","745.87","714.78","527.59","441.46"
"12/03/2025 18:00:00 - 12/03/2025 19:00:00","Belgium (BE)","81.46","78.48","65.06","52.13"
"12/03/2025 19:00:00 - 12/03/2025 20:00:00","Belgium (BE)","0.00","0.00","0.00","0.00"
"12/03/2025 20:00:00 - 12/03/2025 21:00:00","Belgium (BE)","0.00","0.00","0.00","0.00"
"12/03/2025 21:00:00 - 12/03/2025 22:00:00","Belgium (BE)","0.00","0.00","0.00","0.00"
"12/03/2025 22:00:00 - 12/03/2025 23:00:00","Belgium (BE)","0.00","0.00","0.00","0.00"
"12/03/2025 23:00:00 - 13/03/2025 00:00:00","Belgium (BE)","0.00","0.00","0.00","0.00"
"13/03/2025 00:00:00 - 13/03/2025 01:00:00","Belgium (BE)","0.00","0.00","0.00","0.00"
"13/03/2025 01:00:00 - 13/03/2025 02:00:00","Belgium (BE)","0.00","0.00","0.00","0.00"
"13/03/2025 02:00:00 - 13/03/2025 03:00:00","Belgium (BE)","0.00","0.00","0.00","0.00"
"13/03/2025 03:00:00 - 13/03/2025 04:00:00","Belgium (BE)","0.00","0.00","0.00","0.00"
"13/03/2025 04:00:00 - 13/03/2025 05:00:00","Belgium (BE)","0.00","0.00","0.00","0.00"
"13/03/2025 05:00:00 - 13/03/2025 06:00:00","Belgium (BE)","0.00","0.00","0.00","0.00"
"13/03/2025 06:00:00 - 13/03/2025 07:00:00","Belgium (BE)","0.01","0.01","0.01","0.00"
"13/03/2025 07:00:00 - 13/03/2025 08:00:00","Belgium (BE)","191.91","185.33","185.33","156.92"
"13/03/2025 08:00:00 - 13/03/2025 09:00:00","Belgium (BE)","1019.92","1008.03","978.35","962.81"
"13/03/2025 09:00:00 - 13/03/2025 10:00:00","Belgium (BE)","2058.87","2104.84","2045.48","1915.09"
"13/03/2025 10:00:00 - 13/03/2025 11:00:00","Belgium (BE)","3068.95","3029.23","2704.78","2667.19"
"13/03/2025 11:00:00 - 13/03/2025 12:00:00","Belgium (BE)","3588.56","3427.61","2587.55","2758.10"
"13/03/2025 12:00:00 - 13/03/2025 13:00:00","Belgium (BE)","3732.77","3577.01","2728.60","2860.08"
"13/03/2025 13:00:00 - 13/03/2025 14:00:00","Belgium (BE)","3574.44","3556.70","2726.56","2438.56"
"13/03/2025 14:00:00 - 13/03/2025 15:00:00","Belgium (BE)","3185.00","3121.93","2359.84","1860.82"
"13/03/2025 15:00:00 - 13/03/2025 16:00:00","Belgium (BE)","2613.36","2612.41","1840.68","1371.38"
"13/03/2025 16:00:00 - 13/03/2025 17:00:00","Belgium (BE)","1767.53","1788.19","1214.73","918.47"
"13/03/2025 17:00:00 - 13/03/2025 18:00:00","Belgium (BE)","752.11","757.74","545.32","436.26"
"13/03/2025 18:00:00 - 13/03/2025 19:00:00","Belgium (BE)","85.65","86.63","68.01","57.30"
"13/03/2025 19:00:00 - 13/03/2025 20:00:00","Belgium (BE)","0.00","0.00","0.00","0.00"
"13/03/2025 20:00:00 - 13/03/2025 21:00:00","Belgium (BE)","0.00","0.00","0.00","0.00"
"13/03/2025 21:00:00 - 13/03/2025 22:00:00","Belgium (BE)","0.00","0.00","0.00","0.00"
"13/03/2025 22:00:00 - 13/03/2025 23:00:00","Belgium (BE)","0.00","0.00","0.00","0.00"
"13/03/2025 23:00:00 - 14/03/2025 00:00:00","Belgium (BE)","0.00","0.00","0.00","0.00"
"14/03/2025 00:00:00 - 14/03/2025 01:00:00","Belgium (BE)","0.00","0.00","0.00","0.00"
"14/03/2025 01:00:00 - 14/03/2025 02:00:00","Belgium (BE)","0.00","0.00","0.00","0.00"
"14/03/2025 02:00:00 - 14/03/2025 03:00:00","Belgium (BE)","0.00","0.00","0.00","0.00"
"14/03/2025 03:00:00 - 14/03/2025 04:00:00","Belgium (BE)","0.00","0.00","0.00","0.00"
"14/03/2025 04:00:00 - 14/03/2025 05:00:00","Belgium (BE)","0.00","0.00","0.00","0.00"
"14/03/2025 05:00:00 - 14/03/2025 06:00:00","Belgium (BE)","0.00","0.00","0.00","0.00"
"14/03/2025 06:00:00 - 14/03/2025 07:00:00","Belgium (BE)","0.10","0.12","0.12","0.00"
"14/03/2025 07:00:00 - 14/03/2025 08:00:00","Belgium (BE)","303.17","305.91","305.91","294.40"
"14/03/2025 08:00:00 - 14/03/2025 09:00:00","Belgium (BE)","1577.78","1611.96","1615.97","1688.49"
"14/03/2025 09:00:00 - 14/03/2025 10:00:00","Belgium (BE)","3155.59","3178.20","3341.84","3113.37"
"14/03/2025 10:00:00 - 14/03/2025 11:00:00","Belgium (BE)","4245.88","4246.68","4187.66","4164.32"
"14/03/2025 11:00:00 - 14/03/2025 12:00:00","Belgium (BE)","4551.40","4339.76","4308.08","4178.29"
"14/03/2025 12:00:00 - 14/03/2025 13:00:00","Belgium (BE)","4271.98","3931.87","3826.89","3864.75"
"14/03/2025 13:00:00 - 14/03/2025 14:00:00","Belgium (BE)","3849.51","3567.66","3423.59","3015.30"
"14/03/2025 14:00:00 - 14/03/2025 15:00:00","Belgium (BE)","3281.64","2989.91","2676.18","2390.43"
"14/03/2025 15:00:00 - 14/03/2025 16:00:00","Belgium (BE)","2556.00","2302.76","2024.41","1806.02"
"14/03/2025 16:00:00 - 14/03/2025 17:00:00","Belgium (BE)","1716.35","1524.67","1357.35","1044.42"
"14/03/2025 17:00:00 - 14/03/2025 18:00:00","Belgium (BE)","790.79","723.18","607.78","529.71"
"14/03/2025 18:00:00 - 14/03/2025 19:00:00","Belgium (BE)","96.06","90.77","81.34","65.06"
"14/03/2025 19:00:00 - 14/03/2025 20:00:00","Belgium (BE)","0.00","0.00","0.00","0.01"
"14/03/2025 20:00:00 - 14/03/2025 21:00:00","Belgium (BE)","0.00","0.00","0.00","0.00"
"14/03/2025 21:00:00 - 14/03/2025 22:00:00","Belgium (BE)","0.00","0.00","0.00","0.00"
"14/03/2025 22:00:00 - 14/03/2025 23:00:00","Belgium (BE)","0.00","0.00","0.00","0.00"
"14/03/2025 23:00:00 - 15/03/2025 00:00:00","Belgium (BE)","0.00","0.00","0.00","0.00"
"15/03/2025 00:00:00 - 15/03/2025 01:00:00","Belgium (BE)","0.00","0.00","0.00","0.00"
"15/03/2025 01:00:00 - 15/03/2025 02:00:00","Belgium (BE)","0.00","0.00","0.00","0.00"
"15/03/2025 02:00:00 - 15/03/2025 03:00:00","Belgium (BE)","0.00","0.00","0.00","0.00"
"15/03/2025 03:00:00 - 15/03/2025 04:00:00","Belgium (BE)","0.00","0.00","0.00","0.00"
"15/03/2025 04:00:00 - 15/03/2025 05:00:00","Belgium (BE)","0.00","0.00","0.00","0.00"
"15/03/2025 05:00:00 - 15/03/2025 06:00:00","Belgium (BE)","0.00","0.00","0.00","0.00"
"15/03/2025 06:00:00 - 15/03/2025 07:00:00","Belgium (BE)","0.31","0.36","0.36","0.00"
"15/03/2025 07:00:00 - 15/03/2025 08:00:00","Belgium (BE)","187.27","227.13","227.13","213.05"
"15/03/2025 08:00:00 - 15/03/2025 09:00:00","Belgium (BE)","889.10","1093.91","1230.79","907.19"
"15/03/2025 09:00:00 - 15/03/2025 10:00:00","Belgium (BE)","1775.27","1981.19","2107.42","1334.07"
"15/03/2025 10:00:00 - 15/03/2025 11:00:00","Belgium (BE)","2792.83","2750.77","2449.16","1971.60"
"15/03/2025 11:00:00 - 15/03/2025 12:00:00","Belgium (BE)","3537.26","3405.75","3178.36","3253.44"
"15/03/2025 12:00:00 - 15/03/2025 13:00:00","Belgium (BE)","3949.49","3849.22","3826.97","4427.33"
"15/03/2025 13:00:00 - 15/03/2025 14:00:00","Belgium (BE)","4044.17","4007.86","4425.37","5039.09"
"15/03/2025 14:00:00 - 15/03/2025 15:00:00","Belgium (BE)","3652.98","3541.47","4360.85","4516.77"
"15/03/2025 15:00:00 - 15/03/2025 16:00:00","Belgium (BE)","2805.23","2761.87","3214.00","3437.87"
"15/03/2025 16:00:00 - 15/03/2025 17:00:00","Belgium (BE)","1724.45","1747.25","1957.32","2079.65"
"15/03/2025 17:00:00 - 15/03/2025 18:00:00","Belgium (BE)","724.15","739.52","793.21","931.32"
"15/03/2025 18:00:00 - 15/03/2025 19:00:00","Belgium (BE)","92.38","94.49","97.86","105.19"
"15/03/2025 19:00:00 - 15/03/2025 20:00:00","Belgium (BE)","0.00","0.00","0.00","0.00"
"15/03/2025 20:00:00 - 15/03/2025 21:00:00","Belgium (BE)","0.00","0.00","0.00","0.00"
"15/03/2025 21:00:00 - 15/03/2025 22:00:00","Belgium (BE)","0.00","0.00","0.00","0.00"
"15/03/2025 22:00:00 - 15/03/2025 23:00:00","Belgium (BE)","0.00","0.00","0.00","0.00"
"15/03/2025 23:00:00 - 16/03/2025 00:00:00","Belgium (BE)","0.00","0.00","0.00","0.00"
"16/03/2025 00:00:00 - 16/03/2025 01:00:00","Belgium (BE)","0.00","0.00","0.00","0.00"
"16/03/2025 01:00:00 - 16/03/2025 02:00:00","Belgium (BE)","0.00","0.00","0.00","0.00"
"16/03/2025 02:00:00 - 16/03/2025 03:00:00","Belgium (BE)","0.00","0.00","0.00","0.00"
"16/03/2025 03:00:00 - 16/03/2025 04:00:00","Belgium (BE)","0.00","0.00","0.00","0.00"
"16/03/2025 04:00:00 - 16/03/2025 05:00:00","Belgium (BE)","0.00","0.00","0.00","0.00"
"16/03/2025 05:00:00 - 16/03/2025 06:00:00","Belgium (BE)","0.00","0.00","0.00","0.00"
"16/03/2025 06:00:00 - 16/03/2025 07:00:00","Belgium (BE)","1.27","1.33","1.33","0.00"
"16/03/2025 07:00:00 - 16/03/2025 08:00:00","Belgium (BE)","344.63","380.14","380.14","388.24"
"16/03/2025 08:00:00 - 16/03/2025 09:00:00","Belgium (BE)","1562.44","1812.49","1854.41","1852.83"
"16/03/2025 09:00:00 - 16/03/2025 10:00:00","Belgium (BE)","3173.83","3676.18","3797.21","3494.20"
"16/03/2025 10:00:00 - 16/03/2025 11:00:00","Belgium (BE)","4704.77","5280.70","5160.13","5036.59"
"16/03/2025 11:00:00 - 16/03/2025 12:00:00","Belgium (BE)","5811.09","6461.81","6352.01","6028.15"
"16/03/2025 12:00:00 - 16/03/2025 13:00:00","Belgium (BE)","6249.93","6764.89","6566.77","6275.93"
"16/03/2025 13:00:00 - 16/03/2025 14:00:00","Belgium (BE)","5875.36","6235.26","6232.38","6085.23"
"16/03/2025 14:00:00 - 16/03/2025 15:00:00","Belgium (BE)","5519.10","5562.04","5451.84","5612.32"
"16/03/2025 15:00:00 - 16/03/2025 16:00:00","Belgium (BE)","4888.55","4581.23","4722.83","4512.32"
"16/03/2025 16:00:00 - 16/03/2025 17:00:00","Belgium (BE)","3426.61","3046.83","3091.68","2944.07"
"16/03/2025 17:00:00 - 16/03/2025 18:00:00","Belgium (BE)","1411.12","1273.39","1201.16","1467.89"
"16/03/2025 18:00:00 - 16/03/2025 19:00:00","Belgium (BE)","172.15","158.60","159.38","194.27"
"16/03/2025 19:00:00 - 16/03/2025 20:00:00","Belgium (BE)","0.00","0.00","0.00","0.01"
"16/03/2025 20:00:00 - 16/03/2025 21:00:00","Belgium (BE)","0.00","0.00","0.00","0.00"
"16/03/2025 21:00:00 - 16/03/2025 22:00:00","Belgium (BE)","0.00","0.00","0.00","0.00"
"16/03/2025 22:00:00 - 16/03/2025 23:00:00","Belgium (BE)","0.00","0.00","0.00","0.00"
"16/03/2025 23:00:00 - 17/03/2025 00:00:00","Belgium (BE)","0.00","0.00","0.00","0.00"
"17/03/2025 00:00:00 - 17/03/2025 01:00:00","Belgium (BE)","0.00","0.00","0.00","0.00"
"17/03/2025 01:00:00 - 17/03/2025 02:00:00","Belgium (BE)","0.00","0.00","0.00","0.00"
"17/03/2025 02:00:00 - 17/03/2025 03:00:00","Belgium (BE)","0.00","0.00","0.00","0.00"
"17/03/2025 03:00:00 - 17/03/2025 04:00:00","Belgium (BE)","0.00","0.00","0.00","0.00"
"17/03/2025 04:00:00 - 17/03/2025 05:00:00","Belgium (BE)","0.00","0.00","0.00","0.00"
"17/03/2025 05:00:00 - 17/03/2025 06:00:00","Belgium (BE)","0.00","0.00","0.00","0.00"
"17/03/2025 06:00:00 - 17/03/2025 07:00:00","Belgium (BE)","1.31","1.38","1.38","0.00"
"17/03/2025 07:00:00 - 17/03/2025 08:00:00","Belgium (BE)","162.57","176.41","176.41","70.83"
"17/03/2025 08:00:00 - 17/03/2025 09:00:00","Belgium (BE)","717.12","793.94","723.51","463.80"
"17/03/2025 09:00:00 - 17/03/2025 10:00:00","Belgium (BE)","1528.13","1477.53","1232.71","946.06"
"17/03/2025 10:00:00 - 17/03/2025 11:00:00","Belgium (BE)","2466.79","2024.50","1522.45","1633.66"
"17/03/2025 11:00:00 - 17/03/2025 12:00:00","Belgium (BE)","3308.14","2561.59","2256.13","2332.26"
"17/03/2025 12:00:00 - 17/03/2025 13:00:00","Belgium (BE)","3623.42","3022.62","2946.24","2337.43"
"17/03/2025 13:00:00 - 17/03/2025 14:00:00","Belgium (BE)","3572.35","3115.96","2788.39","2699.44"
"17/03/2025 14:00:00 - 17/03/2025 15:00:00","Belgium (BE)","3352.77","2979.91","2772.96","3134.96"
"17/03/2025 15:00:00 - 17/03/2025 16:00:00","Belgium (BE)","2944.72","2600.59","2832.54","3549.20"
"17/03/2025 16:00:00 - 17/03/2025 17:00:00","Belgium (BE)","2218.66","1979.46","2435.68","2824.79"
"17/03/2025 17:00:00 - 17/03/2025 18:00:00","Belgium (BE)","1084.56","999.71","1189.33","1454.11"
"17/03/2025 18:00:00 - 17/03/2025 19:00:00","Belgium (BE)","147.18","139.63","161.76","191.94"
"17/03/2025 19:00:00 - 17/03/2025 20:00:00","Belgium (BE)","0.00","0.00","0.00","0.01"
"17/03/2025 20:00:00 - 17/03/2025 21:00:00","Belgium (BE)","0.00","0.00","0.00","0.00"
"17/03/2025 21:00:00 - 17/03/2025 22:00:00","Belgium (BE)","0.00","0.00","0.00","0.00"
"17/03/2025 22:00:00 - 17/03/2025 23:00:00","Belgium (BE)","0.00","0.00","0.00","0.00"
"17/03/2025 23:00:00 - 18/03/2025 00:00:00","Belgium (BE)","0.00","0.00","0.00","0.00"
"18/03/2025 00:00:00 - 18/03/2025 01:00:00","Belgium (BE)","0.00","0.00","0.00","0.00"
"18/03/2025 01:00:00 - 18/03/2025 02:00:00","Belgium (BE)","0.00","0.00","0.00","0.00"
"18/03/2025 02:00:00 - 18/03/2025 03:00:00","Belgium (BE)","0.00","0.00","0.00","0.00"
"18/03/2025 03:00:00 - 18/03/2025 04:00:00","Belgium (BE)","0.00","0.00","0.00","0.00"
"18/03/2025 04:00:00 - 18/03/2025 05:00:00","Belgium (BE)","0.00","0.00","0.00","0.00"
"18/03/2025 05:00:00 - 18/03/2025 06:00:00","Belgium (BE)","0.00","0.00","0.00","0.00"
"18/03/2025 06:00:00 - 18/03/2025 07:00:00","Belgium (BE)","4.71","4.87","4.87","0.00"
"18/03/2025 07:00:00 - 18/03/2025 08:00:00","Belgium (BE)","518.55","521.70","521.70","653.71"
"18/03/2025 08:00:00 - 18/03/2025 09:00:00","Belgium (BE)","2242.23","2266.02","2372.87","2327.01"
"18/03/2025 09:00:00 - 18/03/2025 10:00:00","Belgium (BE)","4284.02","4278.83","4368.31","3944.28"
"18/03/2025 10:00:00 - 18/03/2025 11:00:00","Belgium (BE)","5814.96","5806.32","5546.92","5356.95"
"18/03/2025 11:00:00 - 18/03/2025 12:00:00","Belgium (BE)","6894.86","6932.51","6693.41","6300.63"
"18/03/2025 12:00:00 - 18/03/2025 13:00:00","Belgium (BE)","7441.69","7478.34","7083.04","6752.95"
"18/03/2025 13:00:00 - 18/03/2025 14:00:00","Belgium (BE)","7295.01","7311.88","6821.84","6675.67"
"18/03/2025 14:00:00 - 18/03/2025 15:00:00","Belgium (BE)","6523.20","6511.48","6105.61","6075.02"
"18/03/2025 15:00:00 - 18/03/2025 16:00:00","Belgium (BE)","5389.14","5381.10","5190.12","4935.61"
"18/03/2025 16:00:00 - 18/03/2025 17:00:00","Belgium (BE)","3668.57","3720.85","3581.11","3273.00"
"18/03/2025 17:00:00 - 18/03/2025 18:00:00","Belgium (BE)","1493.56","1507.53","1420.76","1658.75"
"18/03/2025 18:00:00 - 18/03/2025 19:00:00","Belgium (BE)","202.13","203.78","207.43","257.78"
"18/03/2025 19:00:00 - 18/03/2025 20:00:00","Belgium (BE)","0.00","0.00","0.00","0.01"
"18/03/2025 20:00:00 - 18/03/2025 21:00:00","Belgium (BE)","0.00","0.00","0.00","0.00"
"18/03/2025 21:00:00 - 18/03/2025 22:00:00","Belgium (BE)","0.00","0.00","0.00","0.00"
"18/03/2025 22:00:00 - 18/03/2025 23:00:00","Belgium (BE)","0.00","0.00","0.00","0.00"
"18/03/2025 23:00:00 - 19/03/2025 00:00:00","Belgium (BE)","0.00","0.00","0.00","0.00"
"19/03/2025 00:00:00 - 19/03/2025 01:00:00","Belgium (BE)","0.00","0.00","0.00","0.00"
"19/03/2025 01:00:00 - 19/03/2025 02:00:00","Belgium (BE)","0.00","0.00","0.00","0.00"
"19/03/2025 02:00:00 - 19/03/2025 03:00:00","Belgium (BE)","0.00","0.00","0.00","0.00"
"19/03/2025 03:00:00 - 19/03/2025 04:00:00","Belgium (BE)","0.00","0.00","0.00","0.00"
"19/03/2025 04:00:00 - 19/03/2025 05:00:00","Belgium (BE)","0.00","0.00","0.00","0.00"
"19/03/2025 05:00:00 - 19/03/2025 06:00:00","Belgium (BE)","0.00","0.00","0.00","0.00"
"19/03/2025 06:00:00 - 19/03/2025 07:00:00","Belgium (BE)","6.90","6.87","6.87","0.00"
"19/03/2025 07:00:00 - 19/03/2025 08:00:00","Belgium (BE)","545.62","542.39","542.39","619.14"
"19/03/2025 08:00:00 - 19/03/2025 09:00:00","Belgium (BE)","2232.23","2260.66","2331.32","2181.61"
"19/03/2025 09:00:00 - 19/03/2025 10:00:00","Belgium (BE)","4213.76","4206.56","4229.48","3738.95"
"19/03/2025 10:00:00 - 19/03/2025 11:00:00","Belgium (BE)","5706.98","5674.35","5316.29","5115.69"
"19/03/2025 11:00:00 - 19/03/2025 12:00:00","Belgium (BE)","6692.48","6717.93","6341.79","6039.60"
"19/03/2025 12:00:00 - 19/03/2025 13:00:00","Belgium (BE)","7169.78","7190.82","6745.00","6480.86"
"19/03/2025 13:00:00 - 19/03/2025 14:00:00","Belgium (BE)","7026.64","7009.68","6539.61","6424.10"
"19/03/2025 14:00:00 - 19/03/2025 15:00:00","Belgium (BE)","6318.70","6262.61","5901.63","5806.01"
"19/03/2025 15:00:00 - 19/03/2025 16:00:00","Belgium (BE)","5308.39","5255.55","5071.46","4723.66"
"19/03/2025 16:00:00 - 19/03/2025 17:00:00","Belgium (BE)","3646.55","3667.77","3517.29","3098.65"
"19/03/2025 17:00:00 - 19/03/2025 18:00:00","Belgium (BE)","1512.26","1520.70","1414.94","1532.94"
"19/03/2025 18:00:00 - 19/03/2025 19:00:00","Belgium (BE)","219.35","215.56","212.54","222.83"
"19/03/2025 19:00:00 - 19/03/2025 20:00:00","Belgium (BE)","0.00","0.00","0.00","0.01"
"19/03/2025 20:00:00 - 19/03/2025 21:00:00","Belgium (BE)","0.00","0.00","0.00","0.00"
"19/03/2025 21:00:00 - 19/03/2025 22:00:00","Belgium (BE)","0.00","0.00","0.00","0.00"
"19/03/2025 22:00:00 - 19/03/2025 23:00:00","Belgium (BE)","0.00","0.00","0.00","0.00"
"19/03/2025 23:00:00 - 20/03/2025 00:00:00","Belgium (BE)","0.00","0.00","0.00","0.00"
"20/03/2025 00:00:00 - 20/03/2025 01:00:00","Belgium (BE)","0.00","0.00","0.00","0.00"
"20/03/2025 01:00:00 - 20/03/2025 02:00:00","Belgium (BE)","0.00","0.00","0.00","0.00"
"20/03/2025 02:00:00 - 20/03/2025 03:00:00","Belgium (BE)","0.00","0.00","0.00","0.00"
"20/03/2025 03:00:00 - 20/03/2025 04:00:00","Belgium (BE)","0.00","0.00","0.00","0.00"
"20/03/2025 04:00:00 - 20/03/2025 05:00:00","Belgium (BE)","0.00","0.00","0.00","0.00"
"20/03/2025 05:00:00 - 20/03/2025 06:00:00","Belgium (BE)","0.00","0.00","0.00","0.00"
"20/03/2025 06:00:00 - 20/03/2025 07:00:00","Belgium (BE)","8.71","8.71","8.71","1.93"
"20/03/2025 07:00:00 - 20/03/2025 08:00:00","Belgium (BE)","530.55","537.47","537.47","569.94"
"20/03/2025 08:00:00 - 20/03/2025 09:00:00","Belgium (BE)","2050.62","2142.70","2175.40","2102.69"
"20/03/2025 09:00:00 - 20/03/2025 10:00:00","Belgium (BE)","3761.36","3997.67","4047.38","3566.52"
"20/03/2025 10:00:00 - 20/03/2025 11:00:00","Belgium (BE)","5107.98","5423.01","5078.24","4956.77"
"20/03/2025 11:00:00 - 20/03/2025 12:00:00","Belgium (BE)","6024.87","6401.01","6166.19","5863.52"
"20/03/2025 12:00:00 - 20/03/2025 13:00:00","Belgium (BE)","6434.22","6788.90","6479.21","6276.47"
"20/03/2025 13:00:00 - 20/03/2025 14:00:00","Belgium (BE)","6347.46","6581.75","6281.79","6212.72"
"20/03/2025 14:00:00 - 20/03/2025 15:00:00","Belgium (BE)","5766.66","5918.92","5738.81","5590.59"
"20/03/2025 15:00:00 - 20/03/2025 16:00:00","Belgium (BE)","4766.99","4949.56","4879.74","4507.25"
"20/03/2025 16:00:00 - 20/03/2025 17:00:00","Belgium (BE)","3131.54","3432.71","3344.19","2946.80"
"20/03/2025 17:00:00 - 20/03/2025 18:00:00","Belgium (BE)","1339.84","1466.96","1370.05","1497.09"
"20/03/2025 18:00:00 - 20/03/2025 19:00:00","Belgium (BE)","211.85","221.09","218.94","220.13"
"20/03/2025 19:00:00 - 20/03/2025 20:00:00","Belgium (BE)","0.00","0.00","0.00","0.00"
"20/03/2025 20:00:00 - 20/03/2025 21:00:00","Belgium (BE)","0.00","0.00","0.00","0.00"
"20/03/2025 21:00:00 - 20/03/2025 22:00:00","Belgium (BE)","0.00","0.00","0.00","0.00"
"20/03/2025 22:00:00 - 20/03/2025 23:00:00","Belgium (BE)","0.00","0.00","0.00","0.00"
"20/03/2025 23:00:00 - 21/03/2025 00:00:00","Belgium (BE)","0.00","0.00","0.00","0.00"
"21/03/2025 00:00:00 - 21/03/2025 01:00:00","Belgium (BE)","0.00","0.00","0.00","0.00"
"21/03/2025 01:00:00 - 21/03/2025 02:00:00","Belgium (BE)","0.00","0.00","0.00","0.00"
"21/03/2025 02:00:00 - 21/03/2025 03:00:00","Belgium (BE)","0.00","0.00","0.00","0.00"
"21/03/2025 03:00:00 - 21/03/2025 04:00:00","Belgium (BE)","0.00","0.00","0.00","0.00"
"21/03/2025 04:00:00 - 21/03/2025 05:00:00","Belgium (BE)","0.00","0.00","0.00","0.00"
"21/03/2025 05:00:00 - 21/03/2025 06:00:00","Belgium (BE)","0.00","0.00","0.00","0.00"
"21/03/2025 06:00:00 - 21/03/2025 07:00:00","Belgium (BE)","11.57","11.45","11.45","6.59"
"21/03/2025 07:00:00 - 21/03/2025 08:00:00","Belgium (BE)","586.14","570.16","570.16","594.75"
"21/03/2025 08:00:00 - 21/03/2025 09:00:00","Belgium (BE)","2174.51","2173.12","2177.69","1734.27"
"21/03/2025 09:00:00 - 21/03/2025 10:00:00","Belgium (BE)","3933.70","4008.97","3674.94","3147.28"
"21/03/2025 10:00:00 - 21/03/2025 11:00:00","Belgium (BE)","5207.07","5444.68","4766.45","4689.01"
"21/03/2025 11:00:00 - 21/03/2025 12:00:00","Belgium (BE)","5792.77","6301.62","5730.02","5340.15"
"21/03/2025 12:00:00 - 21/03/2025 13:00:00","Belgium (BE)","5882.61","6440.79","5875.19","5427.31"
"21/03/2025 13:00:00 - 21/03/2025 14:00:00","Belgium (BE)","5515.04","6056.86","5319.22","4953.68"
"21/03/2025 14:00:00 - 21/03/2025 15:00:00","Belgium (BE)","4770.50","5324.52","4609.05","3939.23"
"21/03/2025 15:00:00 - 21/03/2025 16:00:00","Belgium (BE)","3730.25","4189.86","3428.64","2503.30"
"21/03/2025 16:00:00 - 21/03/2025 17:00:00","Belgium (BE)","2285.80","2509.44","1806.68","1204.24"
"21/03/2025 17:00:00 - 21/03/2025 18:00:00","Belgium (BE)","977.09","1023.83","668.36","442.00"
"21/03/2025 18:00:00 - 21/03/2025 19:00:00","Belgium (BE)","170.81","175.45","122.75","40.71"
"21/03/2025 19:00:00 - 21/03/2025 20:00:00","Belgium (BE)","0.00","0.00","0.00","0.00"
"21/03/2025 20:00:00 - 21/03/2025 21:00:00","Belgium (BE)","0.00","0.00","0.00","0.00"
"21/03/2025 21:00:00 - 21/03/2025 22:00:00","Belgium (BE)","0.00","0.00","0.00","0.00"
"21/03/2025 22:00:00 - 21/03/2025 23:00:00","Belgium (BE)","0.00","0.00","0.00","0.00"
"21/03/2025 23:00:00 - 22/03/2025 00:00:00","Belgium (BE)","0.00","0.00","0.00","0.00"
"22/03/2025 00:00:00 - 22/03/2025 01:00:00","Belgium (BE)","0.00","0.00","0.00","0.00"
"22/03/2025 01:00:00 - 22/03/2025 02:00:00","Belgium (BE)","0.00","0.00","0.00","0.00"
"22/03/2025 02:00:00 - 22/03/2025 03:00:00","Belgium (BE)","0.00","0.00","0.00","0.00"
"22/03/2025 03:00:00 - 22/03/2025 04:00:00","Belgium (BE)","0.00","0.00","0.00","0.00"
"22/03/2025 04:00:00 - 22/03/2025 05:00:00","Belgium (BE)","0.00","0.00","0.00","0.00"
"22/03/2025 05:00:00 - 22/03/2025 06:00:00","Belgium (BE)","0.00","0.00","0.00","0.00"
"22/03/2025 06:00:00 - 22/03/2025 07:00:00","Belgium (BE)","10.05","8.92","8.92","0.69"
"22/03/2025 07:00:00 - 22/03/2025 08:00:00","Belgium (BE)","364.12","279.88","279.88","142.84"
"22/03/2025 08:00:00 - 22/03/2025 09:00:00","Belgium (BE)","1206.58","925.67","846.50","573.80"
"22/03/2025 09:00:00 - 22/03/2025 10:00:00","Belgium (BE)","2018.62","1730.02","1494.62","1138.35"
"22/03/2025 10:00:00 - 22/03/2025 11:00:00","Belgium (BE)","2299.66","2210.40","1748.23","1695.83"
"22/03/2025 11:00:00 - 22/03/2025 12:00:00","Belgium (BE)","2175.24","2493.19","2135.77","2613.84"
"22/03/2025 12:00:00 - 22/03/2025 13:00:00","Belgium (BE)","2300.41","2731.53","3018.33","2937.56"
"22/03/2025 13:00:00 - 22/03/2025 14:00:00","Belgium (BE)","2829.41","3096.57","3102.27","3226.68"
"22/03/2025 14:00:00 - 22/03/2025 15:00:00","Belgium (BE)","3300.20","3200.95","3369.19","3429.54"
"22/03/2025 15:00:00 - 22/03/2025 16:00:00","Belgium (BE)","3222.77","2808.82","3489.45","2905.93"
"22/03/2025 16:00:00 - 22/03/2025 17:00:00","Belgium (BE)","2213.63","1911.91","2181.27","1852.69"
"22/03/2025 17:00:00 - 22/03/2025 18:00:00","Belgium (BE)","1015.64","927.27","925.31","1071.19"
"22/03/2025 18:00:00 - 22/03/2025 19:00:00","Belgium (BE)","187.91","173.49","184.69","203.69"
"22/03/2025 19:00:00 - 22/03/2025 20:00:00","Belgium (BE)","0.01","0.01","0.01","0.00"
"22/03/2025 20:00:00 - 22/03/2025 21:00:00","Belgium (BE)","0.00","0.00","0.00","0.00"
"22/03/2025 21:00:00 - 22/03/2025 22:00:00","Belgium (BE)","0.00","0.00","0.00","0.00"
"22/03/2025 22:00:00 - 22/03/2025 23:00:00","Belgium (BE)","0.00","0.00","0.00","0.00"
"22/03/2025 23:00:00 - 23/03/2025 00:00:00","Belgium (BE)","0.00","0.00","0.00","0.00"
"23/03/2025 00:00:00 - 23/03/2025 01:00:00","Belgium (BE)","0.00","0.00","0.00","0.00"
"23/03/2025 01:00:00 - 23/03/2025 02:00:00","Belgium (BE)","0.00","0.00","0.00","0.00"
"23/03/2025 02:00:00 - 23/03/2025 03:00:00","Belgium (BE)","0.00","0.00","0.00","0.00"
"23/03/2025 03:00:00 - 23/03/2025 04:00:00","Belgium (BE)","0.00","0.00","0.00","0.00"
"23/03/2025 04:00:00 - 23/03/2025 05:00:00","Belgium (BE)","0.00","0.00","0.00","0.00"
"23/03/2025 05:00:00 - 23/03/2025 06:00:00","Belgium (BE)","0.00","0.00","0.00","0.00"
"23/03/2025 06:00:00 - 23/03/2025 07:00:00","Belgium (BE)","14.82","14.89","14.89","3.22"
"23/03/2025 07:00:00 - 23/03/2025 08:00:00","Belgium (BE)","464.76","466.81","466.81","403.14"
"23/03/2025 08:00:00 - 23/03/2025 09:00:00","Belgium (BE)","1584.92","1564.44","1637.25","1506.02"
"23/03/2025 09:00:00 - 23/03/2025 10:00:00","Belgium (BE)","2978.60","2945.71","3143.88","2540.34"
"23/03/2025 10:00:00 - 23/03/2025 11:00:00","Belgium (BE)","4334.52","4243.51","4091.60","3674.16"
"23/03/2025 11:00:00 - 23/03/2025 12:00:00","Belgium (BE)","5186.29","4859.10","4327.23","4949.86"
"23/03/2025 12:00:00 - 23/03/2025 13:00:00","Belgium (BE)","5357.93","4674.93","4415.70","5052.35"
"23/03/2025 13:00:00 - 23/03/2025 14:00:00","Belgium (BE)","4871.15","3864.90","3878.98","3965.99"
"23/03/2025 14:00:00 - 23/03/2025 15:00:00","Belgium (BE)","3711.61","2679.03","2920.42","2593.69"
"23/03/2025 15:00:00 - 23/03/2025 16:00:00","Belgium (BE)","2413.51","1894.40","1982.62","1806.08"
"23/03/2025 16:00:00 - 23/03/2025 17:00:00","Belgium (BE)","1503.15","1330.65","1309.36","1285.36"
"23/03/2025 17:00:00 - 23/03/2025 18:00:00","Belgium (BE)","719.58","754.11","733.71","715.77"
"23/03/2025 18:00:00 - 23/03/2025 19:00:00","Belgium (BE)","147.28","160.26","151.80","159.21"
"23/03/2025 19:00:00 - 23/03/2025 20:00:00","Belgium (BE)","0.05","0.04","0.04","0.00"
"23/03/2025 20:00:00 - 23/03/2025 21:00:00","Belgium (BE)","0.00","0.00","0.00","0.00"
"23/03/2025 21:00:00 - 23/03/2025 22:00:00","Belgium (BE)","0.00","0.00","0.00","0.00"
"23/03/2025 22:00:00 - 23/03/2025 23:00:00","Belgium (BE)","0.00","0.00","0.00","0.00"
"23/03/2025 23:00:00 - 24/03/2025 00:00:00","Belgium (BE)","0.00","0.00","0.00","0.00"
"24/03/2025 00:00:00 - 24/03/2025 01:00:00","Belgium (BE)","0.00","0.00","0.00","0.00"
"24/03/2025 01:00:00 - 24/03/2025 02:00:00","Belgium (BE)","0.00","0.00","0.00","0.00"
"24/03/2025 02:00:00 - 24/03/2025 03:00:00","Belgium (BE)","0.00","0.00","0.00","0.00"
"24/03/2025 03:00:00 - 24/03/2025 04:00:00","Belgium (BE)","0.00","0.00","0.00","0.00"
"24/03/2025 04:00:00 - 24/03/2025 05:00:00","Belgium (BE)","0.00","0.00","0.00","0.00"
"24/03/2025 05:00:00 - 24/03/2025 06:00:00","Belgium (BE)","0.00","0.00","0.00","0.00"
"24/03/2025 06:00:00 - 24/03/2025 07:00:00","Belgium (BE)","21.69","14.67","14.67","4.18"
"24/03/2025 07:00:00 - 24/03/2025 08:00:00","Belgium (BE)","594.92","244.41","244.41","196.46"
"24/03/2025 08:00:00 - 24/03/2025 09:00:00","Belgium (BE)","1957.17","856.98","825.22","741.03"
"24/03/2025 09:00:00 - 24/03/2025 10:00:00","Belgium (BE)","3460.96","2371.95","2332.28","1597.56"
"24/03/2025 10:00:00 - 24/03/2025 11:00:00","Belgium (BE)","4584.26","4527.72","3990.56","2543.50"
"24/03/2025 11:00:00 - 24/03/2025 12:00:00","Belgium (BE)","4869.35","5226.36","3504.74","2854.00"
"24/03/2025 12:00:00 - 24/03/2025 13:00:00","Belgium (BE)","4430.08","4842.60","2967.44","2848.10"
"24/03/2025 13:00:00 - 24/03/2025 14:00:00","Belgium (BE)","3891.35","4286.47","2797.49","2705.39"
"24/03/2025 14:00:00 - 24/03/2025 15:00:00","Belgium (BE)","3341.61","3753.83","2736.01","2283.94"
"24/03/2025 15:00:00 - 24/03/2025 16:00:00","Belgium (BE)","2754.19","3183.97","2385.51","1945.14"
"24/03/2025 16:00:00 - 24/03/2025 17:00:00","Belgium (BE)","2011.20","2307.42","1759.98","1813.33"
"24/03/2025 17:00:00 - 24/03/2025 18:00:00","Belgium (BE)","1069.82","1160.41","1044.80","1014.37"
"24/03/2025 18:00:00 - 24/03/2025 19:00:00","Belgium (BE)","218.57","227.61","207.10","175.69"
"24/03/2025 19:00:00 - 24/03/2025 20:00:00","Belgium (BE)","0.23","0.26","0.20","0.00"
"24/03/2025 20:00:00 - 24/03/2025 21:00:00","Belgium (BE)","0.00","0.00","0.00","0.00"
"24/03/2025 21:00:00 - 24/03/2025 22:00:00","Belgium (BE)","0.00","0.00","0.00","0.00"
"24/03/2025 22:00:00 - 24/03/2025 23:00:00","Belgium (BE)","0.00","0.00","0.00","0.00"
"24/03/2025 23:00:00 - 25/03/2025 00:00:00","Belgium (BE)","0.00","0.00","0.00","0.00"
"25/03/2025 00:00:00 - 25/03/2025 01:00:00","Belgium (BE)","0.00","0.00","0.00","0.00"
"25/03/2025 01:00:00 - 25/03/2025 02:00:00","Belgium (BE)","0.00","0.00","0.00","0.00"
"25/03/2025 02:00:00 - 25/03/2025 03:00:00","Belgium (BE)","0.00","0.00","0.00","0.00"
"25/03/2025 03:00:00 - 25/03/2025 04:00:00","Belgium (BE)","0.00","0.00","0.00","0.00"
"25/03/2025 04:00:00 - 25/03/2025 05:00:00","Belgium (BE)","0.00","0.00","0.00","0.00"
"25/03/2025 05:00:00 - 25/03/2025 06:00:00","Belgium (BE)","0.00","0.00","0.00","0.00"
"25/03/2025 06:00:00 - 25/03/2025 07:00:00","Belgium (BE)","23.01","18.46","18.46","3.59"
"25/03/2025 07:00:00 - 25/03/2025 08:00:00","Belgium (BE)","496.99","337.22","337.22","182.75"
"25/03/2025 08:00:00 - 25/03/2025 09:00:00","Belgium (BE)","1568.05","1000.01","864.73","707.07"
"25/03/2025 09:00:00 - 25/03/2025 10:00:00","Belgium (BE)","2944.34","1489.22","1715.21","1647.27"
"25/03/2025 10:00:00 - 25/03/2025 11:00:00","Belgium (BE)","4280.52","2114.39","3247.40","3157.68"
"25/03/2025 11:00:00 - 25/03/2025 12:00:00","Belgium (BE)","5137.69","4324.58","5827.82","5432.65"
"25/03/2025 12:00:00 - 25/03/2025 13:00:00","Belgium (BE)","5237.87","5983.97","5550.89","5951.93"
"25/03/2025 13:00:00 - 25/03/2025 14:00:00","Belgium (BE)","4642.48","5697.78","5290.29","5633.54"
"25/03/2025 14:00:00 - 25/03/2025 15:00:00","Belgium (BE)","4131.39","4726.24","4457.52","4596.44"
"25/03/2025 15:00:00 - 25/03/2025 16:00:00","Belgium (BE)","3428.87","3636.74","3481.15","3278.56"
"25/03/2025 16:00:00 - 25/03/2025 17:00:00","Belgium (BE)","2266.60","2420.98","2074.93","1852.04"
"25/03/2025 17:00:00 - 25/03/2025 18:00:00","Belgium (BE)","1039.16","1126.50","853.48","714.21"
"25/03/2025 18:00:00 - 25/03/2025 19:00:00","Belgium (BE)","212.20","223.44","171.69","99.64"
"25/03/2025 19:00:00 - 25/03/2025 20:00:00","Belgium (BE)","0.45","0.52","0.39","0.05"
"25/03/2025 20:00:00 - 25/03/2025 21:00:00","Belgium (BE)","0.00","0.00","0.00","0.00"
"25/03/2025 21:00:00 - 25/03/2025 22:00:00","Belgium (BE)","0.00","0.00","0.00","0.00"
"25/03/2025 22:00:00 - 25/03/2025 23:00:00","Belgium (BE)","0.00","0.00","0.00","0.00"
"25/03/2025 23:00:00 - 26/03/2025 00:00:00","Belgium (BE)","0.00","0.00","0.00","0.00"
"26/03/2025 00:00:00 - 26/03/2025 01:00:00","Belgium (BE)","0.00","0.00","0.00","0.00"
"26/03/2025 01:00:00 - 26/03/2025 02:00:00","Belgium (BE)","0.00","0.00","0.00","0.00"
"26/03/2025 02:00:00 - 26/03/2025 03:00:00","Belgium (BE)","0.00","0.00","0.00","0.00"
"26/03/2025 03:00:00 - 26/03/2025 04:00:00","Belgium (BE)","0.00","0.00","0.00","0.00"
"26/03/2025 04:00:00 - 26/03/2025 05:00:00","Belgium (BE)","0.00","0.00","0.00","0.00"
"26/03/2025 05:00:00 - 26/03/2025 06:00:00","Belgium (BE)","0.00","0.00","0.00","0.00"
"26/03/2025 06:00:00 - 26/03/2025 07:00:00","Belgium (BE)","22.04","21.14","21.14","11.03"
"26/03/2025 07:00:00 - 26/03/2025 08:00:00","Belgium (BE)","391.36","393.44","393.44","227.67"
"26/03/2025 08:00:00 - 26/03/2025 09:00:00","Belgium (BE)","1140.03","1149.88","977.01","527.87"
"26/03/2025 09:00:00 - 26/03/2025 10:00:00","Belgium (BE)","1991.38","1920.05","1305.95","886.40"
"26/03/2025 10:00:00 - 26/03/2025 11:00:00","Belgium (BE)","2719.34","2566.42","1414.84","1334.64"
"26/03/2025 11:00:00 - 26/03/2025 12:00:00","Belgium (BE)","3142.22","3017.84","1426.57","1779.89"
"26/03/2025 12:00:00 - 26/03/2025 13:00:00","Belgium (BE)","3400.13","3467.33","2017.41","1916.06"
"26/03/2025 13:00:00 - 26/03/2025 14:00:00","Belgium (BE)","3704.19","3597.54","2763.50","2088.10"
"26/03/2025 14:00:00 - 26/03/2025 15:00:00","Belgium (BE)","3511.82","3439.29","2746.62","1925.59"
"26/03/2025 15:00:00 - 26/03/2025 16:00:00","Belgium (BE)","3047.78","3001.11","2271.62","1841.81"
"26/03/2025 16:00:00 - 26/03/2025 17:00:00","Belgium (BE)","2195.41","2191.16","1754.63","1497.33"
"26/03/2025 17:00:00 - 26/03/2025 18:00:00","Belgium (BE)","1132.12","1102.00","940.04","878.48"
"26/03/2025 18:00:00 - 26/03/2025 19:00:00","Belgium (BE)","236.11","231.41","211.77","228.38"
"26/03/2025 19:00:00 - 26/03/2025 20:00:00","Belgium (BE)","0.99","1.01","1.03","1.35"
"26/03/2025 20:00:00 - 26/03/2025 21:00:00","Belgium (BE)","0.00","0.00","0.00","0.00"
"26/03/2025 21:00:00 - 26/03/2025 22:00:00","Belgium (BE)","0.00","0.00","0.00","0.00"
"26/03/2025 22:00:00 - 26/03/2025 23:00:00","Belgium (BE)","0.00","0.00","0.00","0.00"
"26/03/2025 23:00:00 - 27/03/2025 00:00:00","Belgium (BE)","0.00","0.00","0.00","0.00"
"27/03/2025 00:00:00 - 27/03/2025 01:00:00","Belgium (BE)","0.00","0.00","0.00","0.00"
"27/03/2025 01:00:00 - 27/03/2025 02:00:00","Belgium (BE)","0.00","0.00","0.00","0.00"
"27/03/2025 02:00:00 - 27/03/2025 03:00:00","Belgium (BE)","0.00","0.00","0.00","0.00"
"27/03/2025 03:00:00 - 27/03/2025 04:00:00","Belgium (BE)","0.00","0.00","0.00","0.00"
"27/03/2025 04:00:00 - 27/03/2025 05:00:00","Belgium (BE)","0.00","0.00","0.00","0.00"
"27/03/2025 05:00:00 - 27/03/2025 06:00:00","Belgium (BE)","0.00","0.00","0.00","0.00"
"27/03/2025 06:00:00 - 27/03/2025 07:00:00","Belgium (BE)","32.25","32.69","32.69","50.20"
"27/03/2025 07:00:00 - 27/03/2025 08:00:00","Belgium (BE)","582.72","589.75","589.75","833.03"
"27/03/2025 08:00:00 - 27/03/2025 09:00:00","Belgium (BE)","1887.22","1831.18","2072.32","2453.45"
"27/03/2025 09:00:00 - 27/03/2025 10:00:00","Belgium (BE)","3630.35","3452.01","4302.14","4018.66"
"27/03/2025 10:00:00 - 27/03/2025 11:00:00","Belgium (BE)","5258.43","4933.05","5587.32","5345.92"
"27/03/2025 11:00:00 - 27/03/2025 12:00:00","Belgium (BE)","6333.48","6166.18","6473.76","6241.04"
"27/03/2025 12:00:00 - 27/03/2025 13:00:00","Belgium (BE)","6918.65","6888.53","7132.38","6659.96"
"27/03/2025 13:00:00 - 27/03/2025 14:00:00","Belgium (BE)","6898.27","6989.17","6578.18","6543.18"
"27/03/2025 14:00:00 - 27/03/2025 15:00:00","Belgium (BE)","6319.26","6380.71","6036.72","5909.08"
"27/03/2025 15:00:00 - 27/03/2025 16:00:00","Belgium (BE)","5363.90","5385.80","5170.48","4849.24"
"27/03/2025 16:00:00 - 27/03/2025 17:00:00","Belgium (BE)","3842.25","3918.92","3742.00","3260.17"
"27/03/2025 17:00:00 - 27/03/2025 18:00:00","Belgium (BE)","1748.05","1795.98","1650.42","1698.16"
"27/03/2025 18:00:00 - 27/03/2025 19:00:00","Belgium (BE)","318.52","320.72","312.03","376.79"
"27/03/2025 19:00:00 - 27/03/2025 20:00:00","Belgium (BE)","2.01","2.02","2.06","3.19"
"27/03/2025 20:00:00 - 27/03/2025 21:00:00","Belgium (BE)","0.00","0.00","0.00","0.00"
"27/03/2025 21:00:00 - 27/03/2025 22:00:00","Belgium (BE)","0.00","0.00","0.00","0.00"
"27/03/2025 22:00:00 - 27/03/2025 23:00:00","Belgium (BE)","0.00","0.00","0.00","0.00"
"27/03/2025 23:00:00 - 28/03/2025 00:00:00","Belgium (BE)","0.00","0.00","0.00","0.00"
"28/03/2025 00:00:00 - 28/03/2025 01:00:00","Belgium (BE)","0.00","0.00","0.00","0.00"
"28/03/2025 01:00:00 - 28/03/2025 02:00:00","Belgium (BE)","0.00","0.00","0.00","0.00"
"28/03/2025 02:00:00 - 28/03/2025 03:00:00","Belgium (BE)","0.00","0.00","0.00","0.00"
"28/03/2025 03:00:00 - 28/03/2025 04:00:00","Belgium (BE)","0.00","0.00","0.00","0.00"
"28/03/2025 04:00:00 - 28/03/2025 05:00:00","Belgium (BE)","0.00","0.00","0.00","0.00"
"28/03/2025 05:00:00 - 28/03/2025 06:00:00","Belgium (BE)","0.00","0.00","0.00","0.00"
"28/03/2025 06:00:00 - 28/03/2025 07:00:00","Belgium (BE)","40.41","38.89","38.89","40.55"
"28/03/2025 07:00:00 - 28/03/2025 08:00:00","Belgium (BE)","626.31","593.96","593.96","477.85"
"28/03/2025 08:00:00 - 28/03/2025 09:00:00","Belgium (BE)","1782.17","1722.90","1693.91","1274.67"
"28/03/2025 09:00:00 - 28/03/2025 10:00:00","Belgium (BE)","2869.06","2744.34","2426.42","2083.71"
"28/03/2025 10:00:00 - 28/03/2025 11:00:00","Belgium (BE)","3655.65","3541.99","2976.95","2535.72"
"28/03/2025 11:00:00 - 28/03/2025 12:00:00","Belgium (BE)","4232.27","4143.69","3047.94","2885.20"
"28/03/2025 12:00:00 - 28/03/2025 13:00:00","Belgium (BE)","4462.45","4438.66","3563.57","3262.29"
"28/03/2025 13:00:00 - 28/03/2025 14:00:00","Belgium (BE)","4362.54","4332.55","3756.31","3372.30"
"28/03/2025 14:00:00 - 28/03/2025 15:00:00","Belgium (BE)","3769.30","3813.23","3126.30","2968.41"
"28/03/2025 15:00:00 - 28/03/2025 16:00:00","Belgium (BE)","2849.62","2968.86","2450.24","2177.43"
"28/03/2025 16:00:00 - 28/03/2025 17:00:00","Belgium (BE)","1726.96","1898.29","1567.98","1196.19"
"28/03/2025 17:00:00 - 28/03/2025 18:00:00","Belgium (BE)","734.70","816.42","641.27","476.27"
"28/03/2025 18:00:00 - 28/03/2025 19:00:00","Belgium (BE)","152.87","170.99","137.94","61.63"
"28/03/2025 19:00:00 - 28/03/2025 20:00:00","Belgium (BE)","0.90","1.10","0.97","1.04"
"28/03/2025 20:00:00 - 28/03/2025 21:00:00","Belgium (BE)","0.00","0.00","0.00","0.00"
"28/03/2025 21:00:00 - 28/03/2025 22:00:00","Belgium (BE)","0.00","0.00","0.00","0.00"
"28/03/2025 22:00:00 - 28/03/2025 23:00:00","Belgium (BE)","0.00","0.00","0.00","0.00"
"28/03/2025 23:00:00 - 29/03/2025 00:00:00","Belgium (BE)","0.00","0.00","0.00","0.00"
"29/03/2025 00:00:00 - 29/03/2025 01:00:00","Belgium (BE)","0.00","0.00","0.00","0.00"
"29/03/2025 01:00:00 - 29/03/2025 02:00:00","Belgium (BE)","0.00","0.00","0.00","0.00"
"29/03/2025 02:00:00 - 29/03/2025 03:00:00","Belgium (BE)","0.00","0.00","0.00","0.00"
"29/03/2025 03:00:00 - 29/03/2025 04:00:00","Belgium (BE)","0.00","0.00","0.00","0.00"
"29/03/2025 04:00:00 - 29/03/2025 05:00:00","Belgium (BE)","0.00","0.00","0.00","0.00"
"29/03/2025 05:00:00 - 29/03/2025 06:00:00","Belgium (BE)","0.00","0.00","0.00","0.00"
"29/03/2025 06:00:00 - 29/03/2025 07:00:00","Belgium (BE)","54.74","54.02","54.02","56.13"
"29/03/2025 07:00:00 - 29/03/2025 08:00:00","Belgium (BE)","843.21","843.07","843.07","829.74"
"29/03/2025 08:00:00 - 29/03/2025 09:00:00","Belgium (BE)","2517.43","2567.58","2591.00","2512.75"
"29/03/2025 09:00:00 - 29/03/2025 10:00:00","Belgium (BE)","3841.74","4048.50","3994.00","3806.99"
"29/03/2025 10:00:00 - 29/03/2025 11:00:00","Belgium (BE)","4578.51","4740.10","4556.81","4425.38"
"29/03/2025 11:00:00 - 29/03/2025 12:00:00","Belgium (BE)","4691.58","4800.50","4551.33","4874.88"
"29/03/2025 12:00:00 - 29/03/2025 13:00:00","Belgium (BE)","4653.61","4860.43","4991.17","5121.46"
"29/03/2025 13:00:00 - 29/03/2025 14:00:00","Belgium (BE)","5334.12","5616.98","5696.66","5571.75"
"29/03/2025 14:00:00 - 29/03/2025 15:00:00","Belgium (BE)","5215.57","5297.92","5319.40","5214.38"
"29/03/2025 15:00:00 - 29/03/2025 16:00:00","Belgium (BE)","4597.66","4631.98","4569.78","4449.59"
"29/03/2025 16:00:00 - 29/03/2025 17:00:00","Belgium (BE)","3414.56","3475.68","3376.67","3258.07"
"29/03/2025 17:00:00 - 29/03/2025 18:00:00","Belgium (BE)","1730.99","1721.34","1644.55","1870.45"
"29/03/2025 18:00:00 - 29/03/2025 19:00:00","Belgium (BE)","345.60","340.43","342.05","496.16"
"29/03/2025 19:00:00 - 29/03/2025 20:00:00","Belgium (BE)","4.13","4.09","4.28","2.15"
"29/03/2025 20:00:00 - 29/03/2025 21:00:00","Belgium (BE)","0.00","0.00","0.00","0.00"
"29/03/2025 21:00:00 - 29/03/2025 22:00:00","Belgium (BE)","0.00","0.00","0.00","0.00"
"29/03/2025 22:00:00 - 29/03/2025 23:00:00","Belgium (BE)","0.00","0.00","0.00","0.00"
"29/03/2025 23:00:00 - 30/03/2025 00:00:00","Belgium (BE)","0.00","0.00","0.00","0.00"
"30/03/2025 00:00:00 - 30/03/2025 01:00:00 (CET)","Belgium (BE)","0.00","0.00","0.00","0.00"
"30/03/2025 01:00:00 (CET) - 30/03/2025 03:00:00 (CEST)","Belgium (BE)","0.00","0.00","0.00","0.00"
"30/03/2025 03:00:00 (CEST) - 30/03/2025 04:00:00","Belgium (BE)","0.00","0.00","0.00","0.00"
"30/03/2025 04:00:00 - 30/03/2025 05:00:00","Belgium (BE)","0.00","0.00","0.00","0.00"
"30/03/2025 05:00:00 - 30/03/2025 06:00:00","Belgium (BE)","0.00","0.00","0.00","0.00"
"30/03/2025 06:00:00 - 30/03/2025 07:00:00","Belgium (BE)","0.00","0.00","0.00","0.00"
"30/03/2025 07:00:00 - 30/03/2025 08:00:00","Belgium (BE)","30.58","29.73","29.73","12.66"
"30/03/2025 08:00:00 - 30/03/2025 09:00:00","Belgium (BE)","337.52","328.19","308.68","235.96"
"30/03/2025 09:00:00 - 30/03/2025 10:00:00","Belgium (BE)","923.57","899.78","765.45","699.17"
"30/03/2025 10:00:00 - 30/03/2025 11:00:00","Belgium (BE)","1815.60","1748.59","1447.16","1313.18"
"30/03/2025 11:00:00 - 30/03/2025 12:00:00","Belgium (BE)","2859.77","2715.98","2343.74","1948.39"
"30/03/2025 12:00:00 - 30/03/2025 13:00:00","Belgium (BE)","3846.16","3645.85","2921.86","3057.65"
"30/03/2025 13:00:00 - 30/03/2025 14:00:00","Belgium (BE)","4523.59","4389.69","3796.51","4084.56"
"30/03/2025 14:00:00 - 30/03/2025 15:00:00","Belgium (BE)","4501.97","4616.89","4536.65","4362.84"
"30/03/2025 15:00:00 - 30/03/2025 16:00:00","Belgium (BE)","3865.34","4205.12","4137.64","4132.71"
"30/03/2025 16:00:00 - 30/03/2025 17:00:00","Belgium (BE)","2971.57","3294.59","3341.20","3208.59"
"30/03/2025 17:00:00 - 30/03/2025 18:00:00","Belgium (BE)","1921.70","2205.51","2247.47","2264.22"
"30/03/2025 18:00:00 - 30/03/2025 19:00:00","Belgium (BE)","996.02","1077.13","1163.41","1138.72"
"30/03/2025 19:00:00 - 30/03/2025 20:00:00","Belgium (BE)","250.52","267.12","280.66","267.19"
"30/03/2025 20:00:00 - 30/03/2025 21:00:00","Belgium (BE)","3.86","4.13","4.40","1.20"
"30/03/2025 21:00:00 - 30/03/2025 22:00:00","Belgium (BE)","0.00","0.00","0.00","0.00"
"30/03/2025 22:00:00 - 30/03/2025 23:00:00","Belgium (BE)","0.00","0.00","0.00","0.00"
"30/03/2025 23:00:00 - 31/03/2025 00:00:00","Belgium (BE)","0.00","0.00","0.00","0.00"
"31/03/2025 00:00:00 - 31/03/2025 01:00:00","Belgium (BE)","0.00","0.00","0.00","0.00"
"31/03/2025 01:00:00 - 31/03/2025 02:00:00","Belgium (BE)","0.00","0.00","0.00","0.00"
"31/03/2025 02:00:00 - 31/03/2025 03:00:00","Belgium (BE)","0.00","0.00","0.00","0.00"
"31/03/2025 03:00:00 - 31/03/2025 04:00:00","Belgium (BE)","0.00","0.00","0.00","0.00"
"31/03/2025 04:00:00 - 31/03/2025 05:00:00","Belgium (BE)","0.00","0.00","0.00","0.00"
"31/03/2025 05:00:00 - 31/03/2025 06:00:00","Belgium (BE)","0.00","0.00","0.00","0.00"
"31/03/2025 06:00:00 - 31/03/2025 07:00:00","Belgium (BE)","0.00","0.00","0.00","0.00"
"31/03/2025 07:00:00 - 31/03/2025 08:00:00","Belgium (BE)","66.95","66.85","66.85","20.91"
"31/03/2025 08:00:00 - 31/03/2025 09:00:00","Belgium (BE)","768.84","751.92","575.06","384.94"
"31/03/2025 09:00:00 - 31/03/2025 10:00:00","Belgium (BE)","2068.40","1962.27","1244.83","1099.50"
"31/03/2025 10:00:00 - 31/03/2025 11:00:00","Belgium (BE)","3197.47","3107.25","1683.51","2514.40"
"31/03/2025 11:00:00 - 31/03/2025 12:00:00","Belgium (BE)","4310.96","4269.88","3126.33","4386.28"
"31/03/2025 12:00:00 - 31/03/2025 13:00:00","Belgium (BE)","5338.92","5244.60","5707.37","5458.02"
"31/03/2025 13:00:00 - 31/03/2025 14:00:00","Belgium (BE)","5867.40","5736.27","6209.26","5994.84"
"31/03/2025 14:00:00 - 31/03/2025 15:00:00","Belgium (BE)","5809.67","5663.14","6001.28","6017.14"
"31/03/2025 15:00:00 - 31/03/2025 16:00:00","Belgium (BE)","5323.33","5278.19","5534.34","5652.98"
"31/03/2025 16:00:00 - 31/03/2025 17:00:00","Belgium (BE)","4651.99","4621.90","4838.78","4828.72"
"31/03/2025 17:00:00 - 31/03/2025 18:00:00","Belgium (BE)","3437.22","3423.62","3403.27","3496.54"
"31/03/2025 18:00:00 - 31/03/2025 19:00:00","Belgium (BE)","1693.48","1688.66","1631.97","1871.09"
"31/03/2025 19:00:00 - 31/03/2025 20:00:00","Belgium (BE)","360.99","359.21","353.29","537.59"
"31/03/2025 20:00:00 - 31/03/2025 21:00:00","Belgium (BE)","6.51","6.53","6.42","4.34"
"31/03/2025 21:00:00 - 31/03/2025 22:00:00","Belgium (BE)","0.00","0.00","0.00","0.00"
"31/03/2025 22:00:00 - 31/03/2025 23:00:00","Belgium (BE)","0.00","0.00","0.00","0.00"
"31/03/2025 23:00:00 - 01/04/2025 00:00:00","Belgium (BE)","0.00","0.00","0.00","0.00"
"01/04/2025 00:00:00 - 01/04/2025 01:00:00","Belgium (BE)","0.00","0.00","0.00","0.00"
"01/04/2025 01:00:00 - 01/04/2025 02:00:00","Belgium (BE)","0.00","0.00","0.00","0.00"
"01/04/2025 02:00:00 - 01/04/2025 03:00:00","Belgium (BE)","0.00","0.00","0.00","0.00"
"01/04/2025 03:00:00 - 01/04/2025 04:00:00","Belgium (BE)","0.00","0.00","0.00","0.00"
"01/04/2025 04:00:00 - 01/04/2025 05:00:00","Belgium (BE)","0.00","0.00","0.00","0.00"
"01/04/2025 05:00:00 - 01/04/2025 06:00:00","Belgium (BE)","0.00","0.00","0.00","0.00"
"01/04/2025 06:00:00 - 01/04/2025 07:00:00","Belgium (BE)","0.00","0.00","0.00","0.00"
"01/04/2025 07:00:00 - 01/04/2025 08:00:00","Belgium (BE)","81.63","80.44","80.44","104.40"
"01/04/2025 08:00:00 - 01/04/2025 09:00:00","Belgium (BE)","1010.05","1029.99","1031.10","1236.64"
"01/04/2025 09:00:00 - 01/04/2025 10:00:00","Belgium (BE)","2920.66","3015.81","3296.84","2750.60"
"01/04/2025 10:00:00 - 01/04/2025 11:00:00","Belgium (BE)","4787.74","4819.40","4653.98","4392.24"
"01/04/2025 11:00:00 - 01/04/2025 12:00:00","Belgium (BE)","6124.20","6180.33","5913.89","5717.18"
"01/04/2025 12:00:00 - 01/04/2025 13:00:00","Belgium (BE)","6846.55","6900.20","6537.04","6523.25"
"01/04/2025 13:00:00 - 01/04/2025 14:00:00","Belgium (BE)","7028.15","6867.18","6570.48","6814.83"
"01/04/2025 14:00:00 - 01/04/2025 15:00:00","Belgium (BE)","6576.93","6325.71","6132.04","6603.76"
"01/04/2025 15:00:00 - 01/04/2025 16:00:00","Belgium (BE)","5713.60","5469.71","5355.59","5869.47"
"01/04/2025 16:00:00 - 01/04/2025 17:00:00","Belgium (BE)","4608.29","4472.43","4494.05","4752.53"
"01/04/2025 17:00:00 - 01/04/2025 18:00:00","Belgium (BE)","3272.55","3147.59","3277.01","3465.73"
"01/04/2025 18:00:00 - 01/04/2025 19:00:00","Belgium (BE)","1666.10","1590.09","1711.29","1849.59"
"01/04/2025 19:00:00 - 01/04/2025 20:00:00","Belgium (BE)","364.96","353.19","365.27","568.74"
"01/04/2025 20:00:00 - 01/04/2025 21:00:00","Belgium (BE)","7.35","7.18","7.99","6.52"
"01/04/2025 21:00:00 - 01/04/2025 22:00:00","Belgium (BE)","0.00","0.00","0.00","0.00"
"01/04/2025 22:00:00 - 01/04/2025 23:00:00","Belgium (BE)","0.00","0.00","0.00","0.00"
"01/04/2025 23:00:00 - 02/04/2025 00:00:00","Belgium (BE)","0.00","0.00","0.00","0.00"
"02/04/2025 00:00:00 - 02/04/2025 01:00:00","Belgium (BE)","0.00","0.00","0.00","0.00"
"02/04/2025 01:00:00 - 02/04/2025 02:00:00","Belgium (BE)","0.00","0.00","0.00","0.00"
"02/04/2025 02:00:00 - 02/04/2025 03:00:00","Belgium (BE)","0.00","0.00","0.00","0.00"
"02/04/2025 03:00:00 - 02/04/2025 04:00:00","Belgium (BE)","0.00","0.00","0.00","0.00"
"02/04/2025 04:00:00 - 02/04/2025 05:00:00","Belgium (BE)","0.00","0.00","0.00","0.00"
"02/04/2025 05:00:00 - 02/04/2025 06:00:00","Belgium (BE)","0.00","0.00","0.00","0.00"
"02/04/2025 06:00:00 - 02/04/2025 07:00:00","Belgium (BE)","0.00","0.00","0.00","0.00"
"02/04/2025 07:00:00 - 02/04/2025 08:00:00","Belgium (BE)","90.67","90.58","90.58","105.21"
"02/04/2025 08:00:00 - 02/04/2025 09:00:00","Belgium (BE)","1064.35","1065.56","1058.22","1204.49"
"02/04/2025 09:00:00 - 02/04/2025 10:00:00","Belgium (BE)","3029.97","3027.93","3190.92","2683.34"
"02/04/2025 10:00:00 - 02/04/2025 11:00:00","Belgium (BE)","4807.55","4746.48","4471.52","4282.64"
"02/04/2025 11:00:00 - 02/04/2025 12:00:00","Belgium (BE)","6163.78","6083.71","5710.86","5603.34"
"02/04/2025 12:00:00 - 02/04/2025 13:00:00","Belgium (BE)","6944.09","6926.57","6607.11","6506.07"
"02/04/2025 13:00:00 - 02/04/2025 14:00:00","Belgium (BE)","7176.99","7233.68","6860.64","6854.73"
"02/04/2025 14:00:00 - 02/04/2025 15:00:00","Belgium (BE)","6799.91","6896.72","6525.18","6542.14"
"02/04/2025 15:00:00 - 02/04/2025 16:00:00","Belgium (BE)","6033.10","6051.51","5786.34","5818.63"
"02/04/2025 16:00:00 - 02/04/2025 17:00:00","Belgium (BE)","5109.63","5104.31","4704.58","4766.53"
"02/04/2025 17:00:00 - 02/04/2025 18:00:00","Belgium (BE)","3761.20","3794.85","3560.24","3413.54"
"02/04/2025 18:00:00 - 02/04/2025 19:00:00","Belgium (BE)","1891.39","1913.75","1765.10","1793.65"
"02/04/2025 19:00:00 - 02/04/2025 20:00:00","Belgium (BE)","398.72","400.61","381.70","535.10"
"02/04/2025 20:00:00 - 02/04/2025 21:00:00","Belgium (BE)","9.28","9.38","9.53","6.89"
"02/04/2025 21:00:00 - 02/04/2025 22:00:00","Belgium (BE)","0.00","0.00","0.00","0.00"
"02/04/2025 22:00:00 - 02/04/2025 23:00:00","Belgium (BE)","0.00","0.00","0.00","0.00"
"02/04/2025 23:00:00 - 03/04/2025 00:00:00","Belgium (BE)","0.00","0.00","0.00","0.00"
"03/04/2025 00:00:00 - 03/04/2025 01:00:00","Belgium (BE)","0.00","0.00","0.00","0.00"
"03/04/2025 01:00:00 - 03/04/2025 02:00:00","Belgium (BE)","0.00","0.00","0.00","0.00"
"03/04/2025 02:00:00 - 03/04/2025 03:00:00","Belgium (BE)","0.00","0.00","0.00","0.00"
"03/04/2025 03:00:00 - 03/04/2025 04:00:00","Belgium (BE)","0.00","0.00","0.00","0.00"
"03/04/2025 04:00:00 - 03/04/2025 05:00:00","Belgium (BE)","0.00","0.00","0.00","0.00"
"03/04/2025 05:00:00 - 03/04/2025 06:00:00","Belgium (BE)","0.00","0.00","0.00","0.00"
"03/04/2025 06:00:00 - 03/04/2025 07:00:00","Belgium (BE)","0.00","0.00","0.00","0.00"
"03/04/2025 07:00:00 - 03/04/2025 08:00:00","Belgium (BE)","100.61","100.51","100.51","95.21"
"03/04/2025 08:00:00 - 03/04/2025 09:00:00","Belgium (BE)","1076.69","1095.60","1079.33","1031.57"
"03/04/2025 09:00:00 - 03/04/2025 10:00:00","Belgium (BE)","3027.62","3082.36","3104.67","2572.09"
"03/04/2025 10:00:00 - 03/04/2025 11:00:00","Belgium (BE)","4871.06","4859.31","4446.88","4244.97"
"03/04/2025 11:00:00 - 03/04/2025 12:00:00","Belgium (BE)","6290.06","6259.86","5763.00","5545.08"
"03/04/2025 12:00:00 - 03/04/2025 13:00:00","Belgium (BE)","7051.60","7049.71","6482.58","6383.33"
"03/04/2025 13:00:00 - 03/04/2025 14:00:00","Belgium (BE)","7376.70","7386.21","6813.09","6770.59"
"03/04/2025 14:00:00 - 03/04/2025 15:00:00","Belgium (BE)","7216.00","7240.20","6669.68","6617.07"
"03/04/2025 15:00:00 - 03/04/2025 16:00:00","Belgium (BE)","6549.60","6554.20","6083.64","5924.57"
"03/04/2025 16:00:00 - 03/04/2025 17:00:00","Belgium (BE)","5596.02","5593.56","5161.23","4724.74"
"03/04/2025 17:00:00 - 03/04/2025 18:00:00","Belgium (BE)","4078.74","4138.04","3708.04","3300.73"
"03/04/2025 18:00:00 - 03/04/2025 19:00:00","Belgium (BE)","1951.57","1984.29","1745.98","1650.41"
"03/04/2025 19:00:00 - 03/04/2025 20:00:00","Belgium (BE)","411.86","414.84","369.65","422.12"
"03/04/2025 20:00:00 - 03/04/2025 21:00:00","Belgium (BE)","11.03","11.16","10.69","8.01"
"03/04/2025 21:00:00 - 03/04/2025 22:00:00","Belgium (BE)","0.00","0.00","0.00","0.00"
"03/04/2025 22:00:00 - 03/04/2025 23:00:00","Belgium (BE)","0.00","0.00","0.00","0.00"
"03/04/2025 23:00:00 - 04/04/2025 00:00:00","Belgium (BE)","0.00","0.00","0.00","0.00"
"04/04/2025 00:00:00 - 04/04/2025 01:00:00","Belgium (BE)","0.00","0.00","0.00","0.00"
"04/04/2025 01:00:00 - 04/04/2025 02:00:00","Belgium (BE)","0.00","0.00","0.00","0.00"
"04/04/2025 02:00:00 - 04/04/2025 03:00:00","Belgium (BE)","0.00","0.00","0.00","0.00"
"04/04/2025 03:00:00 - 04/04/2025 04:00:00","Belgium (BE)","0.00","0.00","0.00","0.00"
"04/04/2025 04:00:00 - 04/04/2025 05:00:00","Belgium (BE)","0.00","0.00","0.00","0.00"
"04/04/2025 05:00:00 - 04/04/2025 06:00:00","Belgium (BE)","0.00","0.00","0.00","0.00"
"04/04/2025 06:00:00 - 04/04/2025 07:00:00","Belgium (BE)","0.00","0.00","0.00","0.00"
"04/04/2025 07:00:00 - 04/04/2025 08:00:00","Belgium (BE)","110.55","110.33","110.33","161.46"
"04/04/2025 08:00:00 - 04/04/2025 09:00:00","Belgium (BE)","1169.90","1173.01","1177.26","1311.57"
"04/04/2025 09:00:00 - 04/04/2025 10:00:00","Belgium (BE)","3215.81","3234.23","3394.07","2748.13"
"04/04/2025 10:00:00 - 04/04/2025 11:00:00","Belgium (BE)","5055.47","5049.08","4667.53","4293.58"
"04/04/2025 11:00:00 - 04/04/2025 12:00:00","Belgium (BE)","6428.48","6430.62","5850.46","5551.15"
"04/04/2025 12:00:00 - 04/04/2025 13:00:00","Belgium (BE)","7177.86","7213.94","6508.74","6381.38"
"04/04/2025 13:00:00 - 04/04/2025 14:00:00","Belgium (BE)","7549.04","7571.91","6850.28","6842.10"
"04/04/2025 14:00:00 - 04/04/2025 15:00:00","Belgium (BE)","7408.28","7422.77","6859.16","6699.17"
"04/04/2025 15:00:00 - 04/04/2025 16:00:00","Belgium (BE)","6713.58","6720.44","6282.59","6065.58"
"04/04/2025 16:00:00 - 04/04/2025 17:00:00","Belgium (BE)","5721.28","5714.41","5350.94","4938.70"
"04/04/2025 17:00:00 - 04/04/2025 18:00:00","Belgium (BE)","4256.71","4294.68","3958.40","3519.00"
"04/04/2025 18:00:00 - 04/04/2025 19:00:00","Belgium (BE)","2081.28","2094.11","1900.38","1880.54"
"04/04/2025 19:00:00 - 04/04/2025 20:00:00","Belgium (BE)","436.59","437.22","411.60","579.48"
"04/04/2025 20:00:00 - 04/04/2025 21:00:00","Belgium (BE)","13.04","13.17","13.85","5.96"
"04/04/2025 21:00:00 - 04/04/2025 22:00:00","Belgium (BE)","0.00","0.00","0.00","0.00"
"04/04/2025 22:00:00 - 04/04/2025 23:00:00","Belgium (BE)","0.00","0.00","0.00","0.00"
"04/04/2025 23:00:00 - 05/04/2025 00:00:00","Belgium (BE)","0.00","0.00","0.00","0.00"
"05/04/2025 00:00:00 - 05/04/2025 01:00:00","Belgium (BE)","0.00","0.00","0.00","0.00"
"05/04/2025 01:00:00 - 05/04/2025 02:00:00","Belgium (BE)","0.00","0.00","0.00","0.00"
"05/04/2025 02:00:00 - 05/04/2025 03:00:00","Belgium (BE)","0.00","0.00","0.00","0.00"
"05/04/2025 03:00:00 - 05/04/2025 04:00:00","Belgium (BE)","0.00","0.00","0.00","0.00"
"05/04/2025 04:00:00 - 05/04/2025 05:00:00","Belgium (BE)","0.00","0.00","0.00","0.00"
"05/04/2025 05:00:00 - 05/04/2025 06:00:00","Belgium (BE)","0.00","0.00","0.00","0.00"
"05/04/2025 06:00:00 - 05/04/2025 07:00:00","Belgium (BE)","0.00","0.00","0.00","0.00"
"05/04/2025 07:00:00 - 05/04/2025 08:00:00","Belgium (BE)","121.61","121.55","121.55","164.50"
"05/04/2025 08:00:00 - 05/04/2025 09:00:00","Belgium (BE)","1195.08","1201.13","1190.51","1312.45"
"05/04/2025 09:00:00 - 05/04/2025 10:00:00","Belgium (BE)","3212.36","3243.70","3433.97","2771.53"
"05/04/2025 10:00:00 - 05/04/2025 11:00:00","Belgium (BE)","5019.32","5026.48","4644.16","4388.82"
"05/04/2025 11:00:00 - 05/04/2025 12:00:00","Belgium (BE)","6393.53","6404.11","5918.89","5668.34"
"05/04/2025 12:00:00 - 05/04/2025 13:00:00","Belgium (BE)","7148.63","7186.90","6635.10","6520.28"
"05/04/2025 13:00:00 - 05/04/2025 14:00:00","Belgium (BE)","7530.69","7556.47","6979.40","6922.89"
"05/04/2025 14:00:00 - 05/04/2025 15:00:00","Belgium (BE)","7414.17","7422.17","6906.02","6783.48"
"05/04/2025 15:00:00 - 05/04/2025 16:00:00","Belgium (BE)","6719.83","6701.27","6301.44","6127.68"
"05/04/2025 16:00:00 - 05/04/2025 17:00:00","Belgium (BE)","5690.97","5620.73","5316.76","4975.02"
"05/04/2025 17:00:00 - 05/04/2025 18:00:00","Belgium (BE)","4121.29","3964.00","3794.30","3502.51"
"05/04/2025 18:00:00 - 05/04/2025 19:00:00","Belgium (BE)","1963.12","1800.11","1781.60","1818.97"
"05/04/2025 19:00:00 - 05/04/2025 20:00:00","Belgium (BE)","437.68","418.77","412.75","587.79"
"05/04/2025 20:00:00 - 05/04/2025 21:00:00","Belgium (BE)","15.33","14.93","16.04","14.22"
"05/04/2025 21:00:00 - 05/04/2025 22:00:00","Belgium (BE)","0.00","0.00","0.00","0.00"
"05/04/2025 22:00:00 - 05/04/2025 23:00:00","Belgium (BE)","0.00","0.00","0.00","0.00"
"05/04/2025 23:00:00 - 06/04/2025 00:00:00","Belgium (BE)","0.00","0.00","0.00","0.00"
"06/04/2025 00:00:00 - 06/04/2025 01:00:00","Belgium (BE)","0.00","0.00","0.00","0.00"
"06/04/2025 01:00:00 - 06/04/2025 02:00:00","Belgium (BE)","0.00","0.00","0.00","0.00"
"06/04/2025 02:00:00 - 06/04/2025 03:00:00","Belgium (BE)","0.00","0.00","0.00","0.00"
"06/04/2025 03:00:00 - 06/04/2025 04:00:00","Belgium (BE)","0.00","0.00","0.00","0.00"
"06/04/2025 04:00:00 - 06/04/2025 05:00:00","Belgium (BE)","0.00","0.00","0.00","0.00"
"06/04/2025 05:00:00 - 06/04/2025 06:00:00","Belgium (BE)","0.00","0.00","0.00","0.00"
"06/04/2025 06:00:00 - 06/04/2025 07:00:00","Belgium (BE)","0.00","0.00","0.00","0.00"
"06/04/2025 07:00:00 - 06/04/2025 08:00:00","Belgium (BE)","133.14","133.10","133.10","210.65"
"06/04/2025 08:00:00 - 06/04/2025 09:00:00","Belgium (BE)","1261.33","1260.70","1282.44","1486.03"
"06/04/2025 09:00:00 - 06/04/2025 10:00:00","Belgium (BE)","3356.73","3359.43","3639.42","3044.43"
"06/04/2025 10:00:00 - 06/04/2025 11:00:00","Belgium (BE)","5240.34","5201.26","4923.73","4665.80"
"06/04/2025 11:00:00 - 06/04/2025 12:00:00","Belgium (BE)","6628.62","6614.05","6203.56","5947.04"
"06/04/2025 12:00:00 - 06/04/2025 13:00:00","Belgium (BE)","7428.17","7452.35","6914.44","6805.62"
"06/04/2025 13:00:00 - 06/04/2025 14:00:00","Belgium (BE)","7874.70","7878.65","7286.07","7176.30"
"06/04/2025 14:00:00 - 06/04/2025 15:00:00","Belgium (BE)","7729.74","7735.66","7174.81","7041.51"
"06/04/2025 15:00:00 - 06/04/2025 16:00:00","Belgium (BE)","6986.36","6993.84","6532.99","6402.71"
"06/04/2025 16:00:00 - 06/04/2025 17:00:00","Belgium (BE)","5869.57","5868.65","5552.97","5238.83"
"06/04/2025 17:00:00 - 06/04/2025 18:00:00","Belgium (BE)","4374.27","4415.24","4114.65","3788.04"
"06/04/2025 18:00:00 - 06/04/2025 19:00:00","Belgium (BE)","2157.16","2173.49","2007.28","2060.03"
"06/04/2025 19:00:00 - 06/04/2025 20:00:00","Belgium (BE)","465.90","466.54","440.72","661.18"
"06/04/2025 20:00:00 - 06/04/2025 21:00:00","Belgium (BE)","18.26","18.43","19.68","20.46"
"06/04/2025 21:00:00 - 06/04/2025 22:00:00","Belgium (BE)","0.00","0.00","0.00","0.00"
"06/04/2025 22:00:00 - 06/04/2025 23:00:00","Belgium (BE)","0.00","0.00","0.00","0.00"
"06/04/2025 23:00:00 - 07/04/2025 00:00:00","Belgium (BE)","0.00","0.00","0.00","0.00"
"07/04/2025 00:00:00 - 07/04/2025 01:00:00","Belgium (BE)","0.00","0.00","0.00","0.00"
"07/04/2025 01:00:00 - 07/04/2025 02:00:00","Belgium (BE)","0.00","0.00","0.00","0.00"
"07/04/2025 02:00:00 - 07/04/2025 03:00:00","Belgium (BE)","0.00","0.00","0.00","0.00"
"07/04/2025 03:00:00 - 07/04/2025 04:00:00","Belgium (BE)","0.00","0.00","0.00","0.00"
"07/04/2025 04:00:00 - 07/04/2025 05:00:00","Belgium (BE)","0.00","0.00","0.00","0.00"
"07/04/2025 05:00:00 - 07/04/2025 06:00:00","Belgium (BE)","0.00","0.00","0.00","0.00"
"07/04/2025 06:00:00 - 07/04/2025 07:00:00","Belgium (BE)","0.00","0.00","0.00","0.00"
"07/04/2025 07:00:00 - 07/04/2025 08:00:00","Belgium (BE)","145.74","145.81","145.81","241.16"
"07/04/2025 08:00:00 - 07/04/2025 09:00:00","Belgium (BE)","1292.70","1291.25","1295.08","1518.10"
"07/04/2025 09:00:00 - 07/04/2025 10:00:00","Belgium (BE)","3371.86","3376.83","3666.31","3028.08"
"07/04/2025 10:00:00 - 07/04/2025 11:00:00","Belgium (BE)","5217.60","5187.48","4878.37","4613.99"
"07/04/2025 11:00:00 - 07/04/2025 12:00:00","Belgium (BE)","6567.61","6560.11","6095.44","5876.20"
"07/04/2025 12:00:00 - 07/04/2025 13:00:00","Belgium (BE)","7330.44","7358.51","6806.51","6703.38"
"07/04/2025 13:00:00 - 07/04/2025 14:00:00","Belgium (BE)","7745.79","7752.64","7161.31","7095.27"
"07/04/2025 14:00:00 - 07/04/2025 15:00:00","Belgium (BE)","7605.00","7607.50","7087.77","6944.70"
"07/04/2025 15:00:00 - 07/04/2025 16:00:00","Belgium (BE)","6884.69","6886.95","6465.58","6311.68"
"07/04/2025 16:00:00 - 07/04/2025 17:00:00","Belgium (BE)","5816.08","5809.61","5481.07","5175.88"
"07/04/2025 17:00:00 - 07/04/2025 18:00:00","Belgium (BE)","4340.44","4377.36","4089.05","3734.51"
"07/04/2025 18:00:00 - 07/04/2025 19:00:00","Belgium (BE)","2158.63","2175.07","2048.24","2054.42"
"07/04/2025 19:00:00 - 07/04/2025 20:00:00","Belgium (BE)","477.61","478.21","464.63","718.09"
"07/04/2025 20:00:00 - 07/04/2025 21:00:00","Belgium (BE)","21.36","21.52","22.35","22.13"
"07/04/2025 21:00:00 - 07/04/2025 22:00:00","Belgium (BE)","0.00","0.00","0.00","0.00"
"07/04/2025 22:00:00 - 07/04/2025 23:00:00","Belgium (BE)","0.00","0.00","0.00","0.00"
"07/04/2025 23:00:00 - 08/04/2025 00:00:00","Belgium (BE)","0.00","0.00","0.00","0.00"
"08/04/2025 00:00:00 - 08/04/2025 01:00:00","Belgium (BE)","0.00","0.00","0.00","0.00"
"08/04/2025 01:00:00 - 08/04/2025 02:00:00","Belgium (BE)","0.00","0.00","0.00","0.00"
"08/04/2025 02:00:00 - 08/04/2025 03:00:00","Belgium (BE)","0.00","0.00","0.00","0.00"
"08/04/2025 03:00:00 - 08/04/2025 04:00:00","Belgium (BE)","0.00","0.00","0.00","0.00"
"08/04/2025 04:00:00 - 08/04/2025 05:00:00","Belgium (BE)","0.00","0.00","0.00","0.00"
"08/04/2025 05:00:00 - 08/04/2025 06:00:00","Belgium (BE)","0.00","0.00","0.00","0.00"
"08/04/2025 06:00:00 - 08/04/2025 07:00:00","Belgium (BE)","0.00","0.00","0.00","0.00"
"08/04/2025 07:00:00 - 08/04/2025 08:00:00","Belgium (BE)","162.64","165.41","165.41","253.87"
"08/04/2025 08:00:00 - 08/04/2025 09:00:00","Belgium (BE)","1376.32","1396.63","1397.15","1516.04"
"08/04/2025 09:00:00 - 08/04/2025 10:00:00","Belgium (BE)","3430.02","3432.86","3644.95","2996.19"
"08/04/2025 10:00:00 - 08/04/2025 11:00:00","Belgium (BE)","5158.52","5068.10","4697.64","4524.70"
"08/04/2025 11:00:00 - 08/04/2025 12:00:00","Belgium (BE)","6408.90","6229.46","5881.45","5737.90"
"08/04/2025 12:00:00 - 08/04/2025 13:00:00","Belgium (BE)","7073.66","6882.75","6481.64","6545.53"
"08/04/2025 13:00:00 - 08/04/2025 14:00:00","Belgium (BE)","7392.93","7215.24","6905.90","6927.57"
"08/04/2025 14:00:00 - 08/04/2025 15:00:00","Belgium (BE)","7200.38","7057.94","6851.69","6790.62"
"08/04/2025 15:00:00 - 08/04/2025 16:00:00","Belgium (BE)","6478.28","6480.13","6350.64","6151.82"
"08/04/2025 16:00:00 - 08/04/2025 17:00:00","Belgium (BE)","5439.53","5603.00","5463.78","4998.88"
"08/04/2025 17:00:00 - 08/04/2025 18:00:00","Belgium (BE)","3931.68","4176.93","3968.86","3575.04"
"08/04/2025 18:00:00 - 08/04/2025 19:00:00","Belgium (BE)","1967.74","2103.39","1989.71","1956.25"
"08/04/2025 19:00:00 - 08/04/2025 20:00:00","Belgium (BE)","476.64","488.90","467.19","663.57"
"08/04/2025 20:00:00 - 08/04/2025 21:00:00","Belgium (BE)","23.62","24.07","25.44","21.53"
"08/04/2025 21:00:00 - 08/04/2025 22:00:00","Belgium (BE)","0.00","0.00","0.00","0.00"
"08/04/2025 22:00:00 - 08/04/2025 23:00:00","Belgium (BE)","0.00","0.00","0.00","0.00"
"08/04/2025 23:00:00 - 09/04/2025 00:00:00","Belgium (BE)","0.00","0.00","0.00","0.00"
"09/04/2025 00:00:00 - 09/04/2025 01:00:00","Belgium (BE)","0.00","0.00","0.00","0.00"
"09/04/2025 01:00:00 - 09/04/2025 02:00:00","Belgium (BE)","0.00","0.00","0.00","0.00"
"09/04/2025 02:00:00 - 09/04/2025 03:00:00","Belgium (BE)","0.00","0.00","0.00","0.00"
"09/04/2025 03:00:00 - 09/04/2025 04:00:00","Belgium (BE)","0.00","0.00","0.00","0.00"
"09/04/2025 04:00:00 - 09/04/2025 05:00:00","Belgium (BE)","0.00","0.00","0.00","0.00"
"09/04/2025 05:00:00 - 09/04/2025 06:00:00","Belgium (BE)","0.00","0.00","0.00","0.00"
"09/04/2025 06:00:00 - 09/04/2025 07:00:00","Belgium (BE)","0.00","0.00","0.00","0.00"
"09/04/2025 07:00:00 - 09/04/2025 08:00:00","Belgium (BE)","175.75","178.68","178.68","140.94"
"09/04/2025 08:00:00 - 09/04/2025 09:00:00","Belgium (BE)","1110.58","1193.22","1165.63","1096.92"
"09/04/2025 09:00:00 - 09/04/2025 10:00:00","Belgium (BE)","2616.98","2927.55","2873.02","2490.33"
"09/04/2025 10:00:00 - 09/04/2025 11:00:00","Belgium (BE)","4329.97","4683.96","4264.72","4076.63"
"09/04/2025 11:00:00 - 09/04/2025 12:00:00","Belgium (BE)","5803.43","5999.00","5496.23","5465.11"
"09/04/2025 12:00:00 - 09/04/2025 13:00:00","Belgium (BE)","6625.49","6754.17","6288.65","6421.30"
"09/04/2025 13:00:00 - 09/04/2025 14:00:00","Belgium (BE)","6989.57","7148.41","6830.95","6847.02"
"09/04/2025 14:00:00 - 09/04/2025 15:00:00","Belgium (BE)","6856.19","7048.84","6778.89","6762.55"
"09/04/2025 15:00:00 - 09/04/2025 16:00:00","Belgium (BE)","6375.53","6527.33","6361.32","6170.59"
"09/04/2025 16:00:00 - 09/04/2025 17:00:00","Belgium (BE)","5524.71","5633.66","5469.68","5072.04"
"09/04/2025 17:00:00 - 09/04/2025 18:00:00","Belgium (BE)","4101.25","4214.33","3969.32","3648.80"
"09/04/2025 18:00:00 - 09/04/2025 19:00:00","Belgium (BE)","2135.44","2180.72","1997.21","1981.52"
"09/04/2025 19:00:00 - 09/04/2025 20:00:00","Belgium (BE)","511.89","513.85","488.34","698.05"
"09/04/2025 20:00:00 - 09/04/2025 21:00:00","Belgium (BE)","27.56","27.61","29.16","30.80"
"09/04/2025 21:00:00 - 09/04/2025 22:00:00","Belgium (BE)","0.00","0.00","0.00","0.00"
"09/04/2025 22:00:00 - 09/04/2025 23:00:00","Belgium (BE)","0.00","0.00","0.00","0.00"
"09/04/2025 23:00:00 - 10/04/2025 00:00:00","Belgium (BE)","0.00","0.00","0.00","0.00"
"10/04/2025 00:00:00 - 10/04/2025 01:00:00","Belgium (BE)","0.00","0.00","0.00","0.00"
"10/04/2025 01:00:00 - 10/04/2025 02:00:00","Belgium (BE)","0.00","0.00","0.00","0.00"
"10/04/2025 02:00:00 - 10/04/2025 03:00:00","Belgium (BE)","0.00","0.00","0.00","0.00"
"10/04/2025 03:00:00 - 10/04/2025 04:00:00","Belgium (BE)","0.00","0.00","0.00","0.00"
"10/04/2025 04:00:00 - 10/04/2025 05:00:00","Belgium (BE)","0.00","0.00","0.00","0.00"
"10/04/2025 05:00:00 - 10/04/2025 06:00:00","Belgium (BE)","0.00","0.00","0.00","0.00"
"10/04/2025 06:00:00 - 10/04/2025 07:00:00","Belgium (BE)","0.05","0.04","0.04","0.00"
"10/04/2025 07:00:00 - 10/04/2025 08:00:00","Belgium (BE)","119.58","113.21","113.21","24.40"
"10/04/2025 08:00:00 - 10/04/2025 09:00:00","Belgium (BE)","582.04","553.11","514.74","287.97"
"10/04/2025 09:00:00 - 10/04/2025 10:00:00","Belgium (BE)","1130.02","1085.39","880.22","717.85"
"10/04/2025 10:00:00 - 10/04/2025 11:00:00","Belgium (BE)","1655.81","1664.68","1354.39","1361.05"
"10/04/2025 11:00:00 - 10/04/2025 12:00:00","Belgium (BE)","2228.51","2413.05","2216.07","2737.84"
"10/04/2025 12:00:00 - 10/04/2025 13:00:00","Belgium (BE)","2873.25","3365.47","3528.40","4131.70"
"10/04/2025 13:00:00 - 10/04/2025 14:00:00","Belgium (BE)","3526.60","4248.89","4925.11","5163.52"
"10/04/2025 14:00:00 - 10/04/2025 15:00:00","Belgium (BE)","3992.14","4685.54","5243.77","5717.42"
"10/04/2025 15:00:00 - 10/04/2025 16:00:00","Belgium (BE)","4083.26","4594.96","5357.87","5706.93"
"10/04/2025 16:00:00 - 10/04/2025 17:00:00","Belgium (BE)","3665.42","4065.55","4791.22","4923.58"
"10/04/2025 17:00:00 - 10/04/2025 18:00:00","Belgium (BE)","2763.37","3061.64","3519.43","3630.32"
"10/04/2025 18:00:00 - 10/04/2025 19:00:00","Belgium (BE)","1521.65","1622.20","1773.89","2036.46"
"10/04/2025 19:00:00 - 10/04/2025 20:00:00","Belgium (BE)","426.32","440.31","475.74","735.78"
"10/04/2025 20:00:00 - 10/04/2025 21:00:00","Belgium (BE)","25.99","26.95","30.78","37.90"
"10/04/2025 21:00:00 - 10/04/2025 22:00:00","Belgium (BE)","0.00","0.00","0.00","0.00"
"10/04/2025 22:00:00 - 10/04/2025 23:00:00","Belgium (BE)","0.00","0.00","0.00","0.00"
"10/04/2025 23:00:00 - 11/04/2025 00:00:00","Belgium (BE)","0.00","0.00","0.00","0.00"
"11/04/2025 00:00:00 - 11/04/2025 01:00:00","Belgium (BE)","0.00","0.00","0.00","0.00"
"11/04/2025 01:00:00 - 11/04/2025 02:00:00","Belgium (BE)","0.00","0.00","0.00","0.00"
"11/04/2025 02:00:00 - 11/04/2025 03:00:00","Belgium (BE)","0.00","0.00","0.00","0.00"
"11/04/2025 03:00:00 - 11/04/2025 04:00:00","Belgium (BE)","0.00","0.00","0.00","0.00"
"11/04/2025 04:00:00 - 11/04/2025 05:00:00","Belgium (BE)","0.00","0.00","0.00","0.00"
"11/04/2025 05:00:00 - 11/04/2025 06:00:00","Belgium (BE)","0.00","0.00","0.00","0.00"
"11/04/2025 06:00:00 - 11/04/2025 07:00:00","Belgium (BE)","0.31","0.39","0.39","0.00"
"11/04/2025 07:00:00 - 11/04/2025 08:00:00","Belgium (BE)","177.18","200.11","200.11","198.61"
"11/04/2025 08:00:00 - 11/04/2025 09:00:00","Belgium (BE)","926.04","1184.71","1152.57","1179.13"
"11/04/2025 09:00:00 - 11/04/2025 10:00:00","Belgium (BE)","2152.76","2828.55","2849.91","2697.07"
"11/04/2025 10:00:00 - 11/04/2025 11:00:00","Belgium (BE)","3530.63","4516.06","4329.11","4552.33"
"11/04/2025 11:00:00 - 11/04/2025 12:00:00","Belgium (BE)","4700.27","5859.41","5722.97","5841.66"
"11/04/2025 12:00:00 - 11/04/2025 13:00:00","Belgium (BE)","5519.44","6695.36","6982.39","6608.16"
"11/04/2025 13:00:00 - 11/04/2025 14:00:00","Belgium (BE)","6126.69","7181.76","7113.07","6929.62"
"11/04/2025 14:00:00 - 11/04/2025 15:00:00","Belgium (BE)","6209.00","7129.56","6902.45","6738.55"
"11/04/2025 15:00:00 - 11/04/2025 16:00:00","Belgium (BE)","5844.60","6598.26","6311.60","6124.18"
"11/04/2025 16:00:00 - 11/04/2025 17:00:00","Belgium (BE)","5152.91","5722.48","5438.95","4978.24"
"11/04/2025 17:00:00 - 11/04/2025 18:00:00","Belgium (BE)","3861.09","4331.50","3970.53","3589.92"
"11/04/2025 18:00:00 - 11/04/2025 19:00:00","Belgium (BE)","2056.51","2273.31","2045.09","1979.71"
"11/04/2025 19:00:00 - 11/04/2025 20:00:00","Belgium (BE)","525.16","541.20","502.78","740.36"
"11/04/2025 20:00:00 - 11/04/2025 21:00:00","Belgium (BE)","33.64","34.00","35.98","46.68"
"11/04/2025 21:00:00 - 11/04/2025 22:00:00","Belgium (BE)","0.00","0.00","0.00","0.00"
"11/04/2025 22:00:00 - 11/04/2025 23:00:00","Belgium (BE)","0.00","0.00","0.00","0.00"
"11/04/2025 23:00:00 - 12/04/2025 00:00:00","Belgium (BE)","0.00","0.00","0.00","0.00"
"12/04/2025 00:00:00 - 12/04/2025 01:00:00","Belgium (BE)","0.00","0.00","0.00","0.00"
"12/04/2025 01:00:00 - 12/04/2025 02:00:00","Belgium (BE)","0.00","0.00","0.00","0.00"
"12/04/2025 02:00:00 - 12/04/2025 03:00:00","Belgium (BE)","0.00","0.00","0.00","0.00"
"12/04/2025 03:00:00 - 12/04/2025 04:00:00","Belgium (BE)","0.00","0.00","0.00","0.00"
"12/04/2025 04:00:00 - 12/04/2025 05:00:00","Belgium (BE)","0.00","0.00","0.00","0.00"
"12/04/2025 05:00:00 - 12/04/2025 06:00:00","Belgium (BE)","0.00","0.00","0.00","0.00"
"12/04/2025 06:00:00 - 12/04/2025 07:00:00","Belgium (BE)","1.17","1.18","1.18","0.00"
"12/04/2025 07:00:00 - 12/04/2025 08:00:00","Belgium (BE)","222.45","222.16","222.16","317.78"
"12/04/2025 08:00:00 - 12/04/2025 09:00:00","Belgium (BE)","1523.49","1554.89","1576.49","1588.80"
"12/04/2025 09:00:00 - 12/04/2025 10:00:00","Belgium (BE)","3554.22","3601.54","3757.31","3055.37"
"12/04/2025 10:00:00 - 12/04/2025 11:00:00","Belgium (BE)","5266.96","5286.58","4814.46","4596.52"
"12/04/2025 11:00:00 - 12/04/2025 12:00:00","Belgium (BE)","6401.22","6414.37","5839.82","5820.79"
"12/04/2025 12:00:00 - 12/04/2025 13:00:00","Belgium (BE)","7009.55","7042.66","6537.03","6628.75"
"12/04/2025 13:00:00 - 12/04/2025 14:00:00","Belgium (BE)","7285.14","7348.33","7005.43","6989.23"
"12/04/2025 14:00:00 - 12/04/2025 15:00:00","Belgium (BE)","7071.56","7165.07","6887.44","6822.87"
"12/04/2025 15:00:00 - 12/04/2025 16:00:00","Belgium (BE)","6464.34","6595.91","6366.12","6181.88"
"12/04/2025 16:00:00 - 12/04/2025 17:00:00","Belgium (BE)","5449.55","5715.21","5477.41","5036.70"
"12/04/2025 17:00:00 - 12/04/2025 18:00:00","Belgium (BE)","3840.34","4338.97","3975.30","3571.36"
"12/04/2025 18:00:00 - 12/04/2025 19:00:00","Belgium (BE)","1908.57","2288.74","1994.23","1783.77"
"12/04/2025 19:00:00 - 12/04/2025 20:00:00","Belgium (BE)","525.63","561.23","508.96","436.94"
"12/04/2025 20:00:00 - 12/04/2025 21:00:00","Belgium (BE)","37.23","38.39","35.43","10.54"
"12/04/2025 21:00:00 - 12/04/2025 22:00:00","Belgium (BE)","0.00","0.00","0.00","0.00"
"12/04/2025 22:00:00 - 12/04/2025 23:00:00","Belgium (BE)","0.00","0.00","0.00","0.00"
"12/04/2025 23:00:00 - 13/04/2025 00:00:00","Belgium (BE)","0.00","0.00","0.00","0.00"
"13/04/2025 00:00:00 - 13/04/2025 01:00:00","Belgium (BE)","0.00","0.00","0.00","0.00"
"13/04/2025 01:00:00 - 13/04/2025 02:00:00","Belgium (BE)","0.00","0.00","0.00","0.00"
"13/04/2025 02:00:00 - 13/04/2025 03:00:00","Belgium (BE)","0.00","0.00","0.00","0.00"
"13/04/2025 03:00:00 - 13/04/2025 04:00:00","Belgium (BE)","0.00","0.00","0.00","0.00"
"13/04/2025 04:00:00 - 13/04/2025 05:00:00","Belgium (BE)","0.00","0.00","0.00","0.00"
"13/04/2025 05:00:00 - 13/04/2025 06:00:00","Belgium (BE)","0.00","0.00","0.00","0.00"
"13/04/2025 06:00:00 - 13/04/2025 07:00:00","Belgium (BE)","1.05","1.07","1.07","0.00"
"13/04/2025 07:00:00 - 13/04/2025 08:00:00","Belgium (BE)","154.73","163.70","163.70","83.19"
"13/04/2025 08:00:00 - 13/04/2025 09:00:00","Belgium (BE)","697.44","713.38","635.62","357.00"
"13/04/2025 09:00:00 - 13/04/2025 10:00:00","Belgium (BE)","1462.51","1418.31","1179.19","749.45"
"13/04/2025 10:00:00 - 13/04/2025 11:00:00","Belgium (BE)","2409.40","2335.33","1874.70","1483.18"
"13/04/2025 11:00:00 - 13/04/2025 12:00:00","Belgium (BE)","3193.94","3295.15","2651.34","2312.06"
"13/04/2025 12:00:00 - 13/04/2025 13:00:00","Belgium (BE)","3638.74","3965.65","2945.18","2662.12"
"13/04/2025 13:00:00 - 13/04/2025 14:00:00","Belgium (BE)","4028.53","4390.24","3307.86","2533.53"
"13/04/2025 14:00:00 - 13/04/2025 15:00:00","Belgium (BE)","4574.90","4447.82","3361.42","2429.91"
"13/04/2025 15:00:00 - 13/04/2025 16:00:00","Belgium (BE)","4719.50","4377.14","3160.77","2319.00"
"13/04/2025 16:00:00 - 13/04/2025 17:00:00","Belgium (BE)","4301.08","3958.24","2813.48","2006.03"
"13/04/2025 17:00:00 - 13/04/2025 18:00:00","Belgium (BE)","3246.67","3068.03","2100.52","1708.35"
"13/04/2025 18:00:00 - 13/04/2025 19:00:00","Belgium (BE)","1824.20","1747.26","1311.66","1084.12"
"13/04/2025 19:00:00 - 13/04/2025 20:00:00","Belgium (BE)","542.27","532.89","441.99","456.26"
"13/04/2025 20:00:00 - 13/04/2025 21:00:00","Belgium (BE)","41.05","40.52","37.83","20.67"
"13/04/2025 21:00:00 - 13/04/2025 22:00:00","Belgium (BE)","0.00","0.00","0.00","0.00"
"13/04/2025 22:00:00 - 13/04/2025 23:00:00","Belgium (BE)","0.00","0.00","0.00","0.00"
"13/04/2025 23:00:00 - 14/04/2025 00:00:00","Belgium (BE)","0.00","0.00","0.00","0.00"
"14/04/2025 00:00:00 - 14/04/2025 01:00:00","Belgium (BE)","0.00","0.00","0.00","0.00"
"14/04/2025 01:00:00 - 14/04/2025 02:00:00","Belgium (BE)","0.00","0.00","0.00","0.00"
"14/04/2025 02:00:00 - 14/04/2025 03:00:00","Belgium (BE)","0.00","0.00","0.00","0.00"
"14/04/2025 03:00:00 - 14/04/2025 04:00:00","Belgium (BE)","0.00","0.00","0.00","0.00"
"14/04/2025 04:00:00 - 14/04/2025 05:00:00","Belgium (BE)","0.00","0.00","0.00","0.00"
"14/04/2025 05:00:00 - 14/04/2025 06:00:00","Belgium (BE)","0.00","0.00","0.00","0.00"
"14/04/2025 06:00:00 - 14/04/2025 07:00:00","Belgium (BE)","2.79","2.84","2.84","0.00"
"14/04/2025 07:00:00 - 14/04/2025 08:00:00","Belgium (BE)","241.07","257.70","257.70","257.91"
"14/04/2025 08:00:00 - 14/04/2025 09:00:00","Belgium (BE)","1237.62","1274.79","1260.31","1194.95"
"14/04/2025 09:00:00 - 14/04/2025 10:00:00","Belgium (BE)","2687.02","2913.56","2796.08","2748.20"
"14/04/2025 10:00:00 - 14/04/2025 11:00:00","Belgium (BE)","4103.90","4401.41","4171.01","4371.77"
"14/04/2025 11:00:00 - 14/04/2025 12:00:00","Belgium (BE)","5272.63","5263.01","5359.12","5456.82"
"14/04/2025 12:00:00 - 14/04/2025 13:00:00","Belgium (BE)","5679.88","5328.11","5441.94","6161.52"
"14/04/2025 13:00:00 - 14/04/2025 14:00:00","Belgium (BE)","5490.85","5047.02","5734.30","6489.37"
"14/04/2025 14:00:00 - 14/04/2025 15:00:00","Belgium (BE)","4913.95","4701.05","5651.30","5879.05"
"14/04/2025 15:00:00 - 14/04/2025 16:00:00","Belgium (BE)","4538.34","4305.21","4888.77","4915.34"
"14/04/2025 16:00:00 - 14/04/2025 17:00:00","Belgium (BE)","3948.73","3762.42","3949.48","3878.66"
"14/04/2025 17:00:00 - 14/04/2025 18:00:00","Belgium (BE)","3025.92","3035.46","3219.73","3003.06"
"14/04/2025 18:00:00 - 14/04/2025 19:00:00","Belgium (BE)","1764.60","1822.18","1939.87","1889.60"
"14/04/2025 19:00:00 - 14/04/2025 20:00:00","Belgium (BE)","557.07","565.25","596.19","740.18"
"14/04/2025 20:00:00 - 14/04/2025 21:00:00","Belgium (BE)","45.72","46.55","53.05","33.25"
"14/04/2025 21:00:00 - 14/04/2025 22:00:00","Belgium (BE)","0.00","0.00","0.00","0.00"
"14/04/2025 22:00:00 - 14/04/2025 23:00:00","Belgium (BE)","0.00","0.00","0.00","0.00"
"14/04/2025 23:00:00 - 15/04/2025 00:00:00","Belgium (BE)","0.00","0.00","0.00","0.00"
"15/04/2025 00:00:00 - 15/04/2025 01:00:00","Belgium (BE)","0.00","0.00","0.00","0.00"
"15/04/2025 01:00:00 - 15/04/2025 02:00:00","Belgium (BE)","0.00","0.00","0.00","0.00"
"15/04/2025 02:00:00 - 15/04/2025 03:00:00","Belgium (BE)","0.00","0.00","0.00","0.00"
"15/04/2025 03:00:00 - 15/04/2025 04:00:00","Belgium (BE)","0.00","0.00","0.00","0.00"
"15/04/2025 04:00:00 - 15/04/2025 05:00:00","Belgium (BE)","0.00","0.00","0.00","0.00"
"15/04/2025 05:00:00 - 15/04/2025 06:00:00","Belgium (BE)","0.00","0.00","0.00","0.00"
"15/04/2025 06:00:00 - 15/04/2025 07:00:00","Belgium (BE)","2.70","3.54","3.54","0.00"
"15/04/2025 07:00:00 - 15/04/2025 08:00:00","Belgium (BE)","184.21","239.13","239.13","212.65"
"15/04/2025 08:00:00 - 15/04/2025 09:00:00","Belgium (BE)","691.59","1012.89","963.47","946.33"
"15/04/2025 09:00:00 - 15/04/2025 10:00:00","Belgium (BE)","1216.90","1835.27","1645.58","2014.15"
"15/04/2025 10:00:00 - 15/04/2025 11:00:00","Belgium (BE)","1708.52","2545.98","2629.64","2850.29"
"15/04/2025 11:00:00 - 15/04/2025 12:00:00","Belgium (BE)","2016.41","2937.59","3277.42","2371.75"
"15/04/2025 12:00:00 - 15/04/2025 13:00:00","Belgium (BE)","2334.26","2940.77","2695.85","2465.35"
"15/04/2025 13:00:00 - 15/04/2025 14:00:00","Belgium (BE)","2529.02","2666.56","2337.90","2621.77"
"15/04/2025 14:00:00 - 15/04/2025 15:00:00","Belgium (BE)","2611.06","2585.79","2394.08","2356.96"
"15/04/2025 15:00:00 - 15/04/2025 16:00:00","Belgium (BE)","2612.27","2541.98","2173.97","2517.55"
"15/04/2025 16:00:00 - 15/04/2025 17:00:00","Belgium (BE)","2462.99","2395.10","2533.96","2504.07"
"15/04/2025 17:00:00 - 15/04/2025 18:00:00","Belgium (BE)","1995.59","1994.07","2218.63","2232.94"
"15/04/2025 18:00:00 - 15/04/2025 19:00:00","Belgium (BE)","1252.45","1340.10","1376.41","1319.55"
"15/04/2025 19:00:00 - 15/04/2025 20:00:00","Belgium (BE)","475.28","536.37","515.54","436.61"
"15/04/2025 20:00:00 - 15/04/2025 21:00:00","Belgium (BE)","42.48","49.19","44.24","49.86"
"15/04/2025 21:00:00 - 15/04/2025 22:00:00","Belgium (BE)","0.00","0.00","0.00","0.00"
"15/04/2025 22:00:00 - 15/04/2025 23:00:00","Belgium (BE)","0.00","0.00","0.00","0.00"
"15/04/2025 23:00:00 - 16/04/2025 00:00:00","Belgium (BE)","0.00","0.00","0.00","0.00"
"16/04/2025 00:00:00 - 16/04/2025 01:00:00","Belgium (BE)","0.00","0.00","0.00","0.00"
"16/04/2025 01:00:00 - 16/04/2025 02:00:00","Belgium (BE)","0.00","0.00","0.00","0.00"
"16/04/2025 02:00:00 - 16/04/2025 03:00:00","Belgium (BE)","0.00","0.00","0.00","0.00"
"16/04/2025 03:00:00 - 16/04/2025 04:00:00","Belgium (BE)","0.00","0.00","0.00","0.00"
"16/04/2025 04:00:00 - 16/04/2025 05:00:00","Belgium (BE)","0.00","0.00","0.00","0.00"
"16/04/2025 05:00:00 - 16/04/2025 06:00:00","Belgium (BE)","0.00","0.00","0.00","0.00"
"16/04/2025 06:00:00 - 16/04/2025 07:00:00","Belgium (BE)","3.06","2.14","2.14","0.03"
"16/04/2025 07:00:00 - 16/04/2025 08:00:00","Belgium (BE)","198.65","134.74","134.74","45.62"
"16/04/2025 08:00:00 - 16/04/2025 09:00:00","Belgium (BE)","745.49","503.77","456.63","448.28"
"16/04/2025 09:00:00 - 16/04/2025 10:00:00","Belgium (BE)","1336.49","994.27","889.33","801.53"
"16/04/2025 10:00:00 - 16/04/2025 11:00:00","Belgium (BE)","1828.62","1575.48","1406.91","1423.26"
"16/04/2025 11:00:00 - 16/04/2025 12:00:00","Belgium (BE)","2170.97","2144.73","1910.65","2136.40"
"16/04/2025 12:00:00 - 16/04/2025 13:00:00","Belgium (BE)","2480.93","2383.63","2328.10","2319.41"
"16/04/2025 13:00:00 - 16/04/2025 14:00:00","Belgium (BE)","2627.71","2424.47","2431.79","2199.89"
"16/04/2025 14:00:00 - 16/04/2025 15:00:00","Belgium (BE)","2601.35","2488.00","2420.86","2075.23"
"16/04/2025 15:00:00 - 16/04/2025 16:00:00","Belgium (BE)","2499.70","2394.67","2026.02","2654.28"
"16/04/2025 16:00:00 - 16/04/2025 17:00:00","Belgium (BE)","2135.33","2057.26","2045.67","1960.02"
"16/04/2025 17:00:00 - 16/04/2025 18:00:00","Belgium (BE)","1477.56","1493.32","1365.58","1177.87"
"16/04/2025 18:00:00 - 16/04/2025 19:00:00","Belgium (BE)","843.23","907.45","778.24","654.44"
"16/04/2025 19:00:00 - 16/04/2025 20:00:00","Belgium (BE)","346.43","380.33","329.58","250.24"
"16/04/2025 20:00:00 - 16/04/2025 21:00:00","Belgium (BE)","35.59","38.56","32.90","19.95"
"16/04/2025 21:00:00 - 16/04/2025 22:00:00","Belgium (BE)","0.00","0.00","0.00","0.00"
"16/04/2025 22:00:00 - 16/04/2025 23:00:00","Belgium (BE)","0.00","0.00","0.00","0.00"
"16/04/2025 23:00:00 - 17/04/2025 00:00:00","Belgium (BE)","0.00","0.00","0.00","0.00"
"17/04/2025 00:00:00 - 17/04/2025 01:00:00","Belgium (BE)","0.00","0.00","0.00","0.00"
"17/04/2025 01:00:00 - 17/04/2025 02:00:00","Belgium (BE)","0.00","0.00","0.00","0.00"
"17/04/2025 02:00:00 - 17/04/2025 03:00:00","Belgium (BE)","0.00","0.00","0.00","0.00"
"17/04/2025 03:00:00 - 17/04/2025 04:00:00","Belgium (BE)","0.00","0.00","0.00","0.00"
"17/04/2025 04:00:00 - 17/04/2025 05:00:00","Belgium (BE)","0.00","0.00","0.00","0.00"
"17/04/2025 05:00:00 - 17/04/2025 06:00:00","Belgium (BE)","0.00","0.00","0.00","0.00"
"17/04/2025 06:00:00 - 17/04/2025 07:00:00","Belgium (BE)","3.90","3.98","3.98","0.02"
"17/04/2025 07:00:00 - 17/04/2025 08:00:00","Belgium (BE)","216.35","220.71","220.71","126.78"
"17/04/2025 08:00:00 - 17/04/2025 09:00:00","Belgium (BE)","777.29","809.82","788.54","560.30"
"17/04/2025 09:00:00 - 17/04/2025 10:00:00","Belgium (BE)","1382.15","1342.63","1244.02","981.02"
"17/04/2025 10:00:00 - 17/04/2025 11:00:00","Belgium (BE)","1895.28","1810.02","1503.91","1525.86"
"17/04/2025 11:00:00 - 17/04/2025 12:00:00","Belgium (BE)","2328.86","2445.60","2179.15","2643.10"
"17/04/2025 12:00:00 - 17/04/2025 13:00:00","Belgium (BE)","2557.82","2720.39","2649.29","3537.17"
"17/04/2025 13:00:00 - 17/04/2025 14:00:00","Belgium (BE)","2588.19","2606.81","3081.75","2660.19"
"17/04/2025 14:00:00 - 17/04/2025 15:00:00","Belgium (BE)","2373.13","2356.31","2283.73","1999.26"
"17/04/2025 15:00:00 - 17/04/2025 16:00:00","Belgium (BE)","2023.76","1976.13","1760.99","1596.49"
"17/04/2025 16:00:00 - 17/04/2025 17:00:00","Belgium (BE)","1595.10","1564.08","1339.90","1277.04"
"17/04/2025 17:00:00 - 17/04/2025 18:00:00","Belgium (BE)","1179.34","1078.14","910.20","858.56"
"17/04/2025 18:00:00 - 17/04/2025 19:00:00","Belgium (BE)","773.08","686.93","572.19","533.03"
"17/04/2025 19:00:00 - 17/04/2025 20:00:00","Belgium (BE)","334.04","309.24","249.55","230.69"
"17/04/2025 20:00:00 - 17/04/2025 21:00:00","Belgium (BE)","37.15","35.43","28.90","34.07"
"17/04/2025 21:00:00 - 17/04/2025 22:00:00","Belgium (BE)","0.00","0.00","0.00","0.00"
"17/04/2025 22:00:00 - 17/04/2025 23:00:00","Belgium (BE)","0.00","0.00","0.00","0.00"
"17/04/2025 23:00:00 - 18/04/2025 00:00:00","Belgium (BE)","0.00","0.00","0.00","0.00"
"18/04/2025 00:00:00 - 18/04/2025 01:00:00","Belgium (BE)","0.00","0.00","0.00","0.00"
"18/04/2025 01:00:00 - 18/04/2025 02:00:00","Belgium (BE)","0.00","0.00","0.00","0.00"
"18/04/2025 02:00:00 - 18/04/2025 03:00:00","Belgium (BE)","0.00","0.00","0.00","0.00"
"18/04/2025 03:00:00 - 18/04/2025 04:00:00","Belgium (BE)","0.00","0.00","0.00","0.00"
"18/04/2025 04:00:00 - 18/04/2025 05:00:00","Belgium (BE)","0.00","0.00","0.00","0.00"
"18/04/2025 05:00:00 - 18/04/2025 06:00:00","Belgium (BE)","0.00","0.00","0.00","0.00"
"18/04/2025 06:00:00 - 18/04/2025 07:00:00","Belgium (BE)","7.71","6.66","6.66","0.71"
"18/04/2025 07:00:00 - 18/04/2025 08:00:00","Belgium (BE)","308.24","275.37","275.37","217.72"
"18/04/2025 08:00:00 - 18/04/2025 09:00:00","Belgium (BE)","1271.33","1110.20","1068.22","931.88"
"18/04/2025 09:00:00 - 18/04/2025 10:00:00","Belgium (BE)","2709.30","2369.50","2269.44","2027.40"
"18/04/2025 10:00:00 - 18/04/2025 11:00:00","Belgium (BE)","4221.97","3843.96","3492.70","3404.28"
"18/04/2025 11:00:00 - 18/04/2025 12:00:00","Belgium (BE)","5449.39","5039.71","4568.77","4637.97"
"18/04/2025 12:00:00 - 18/04/2025 13:00:00","Belgium (BE)","6096.90","5693.75","5248.24","5627.67"
"18/04/2025 13:00:00 - 18/04/2025 14:00:00","Belgium (BE)","6204.90","5971.35","5868.23","6400.04"
"18/04/2025 14:00:00 - 18/04/2025 15:00:00","Belgium (BE)","6041.77","5940.98","6354.99","6246.68"
"18/04/2025 15:00:00 - 18/04/2025 16:00:00","Belgium (BE)","5645.25","5458.97","5770.28","5664.13"
"18/04/2025 16:00:00 - 18/04/2025 17:00:00","Belgium (BE)","4737.78","4586.36","4846.04","4715.59"
"18/04/2025 17:00:00 - 18/04/2025 18:00:00","Belgium (BE)","3382.48","3403.99","3569.25","3474.09"
"18/04/2025 18:00:00 - 18/04/2025 19:00:00","Belgium (BE)","1930.85","1989.32","2000.49","2029.10"
"18/04/2025 19:00:00 - 18/04/2025 20:00:00","Belgium (BE)","671.28","673.91","655.00","761.16"
"18/04/2025 20:00:00 - 18/04/2025 21:00:00","Belgium (BE)","73.54","72.70","73.99","54.33"
"18/04/2025 21:00:00 - 18/04/2025 22:00:00","Belgium (BE)","0.00","0.00","0.00","0.00"
"18/04/2025 22:00:00 - 18/04/2025 23:00:00","Belgium (BE)","0.00","0.00","0.00","0.00"
"18/04/2025 23:00:00 - 19/04/2025 00:00:00","Belgium (BE)","0.00","0.00","0.00","0.00"
"19/04/2025 00:00:00 - 19/04/2025 01:00:00","Belgium (BE)","0.00","0.00","0.00","0.00"
"19/04/2025 01:00:00 - 19/04/2025 02:00:00","Belgium (BE)","0.00","0.00","0.00","0.00"
"19/04/2025 02:00:00 - 19/04/2025 03:00:00","Belgium (BE)","0.00","0.00","0.00","0.00"
"19/04/2025 03:00:00 - 19/04/2025 04:00:00","Belgium (BE)","0.00","0.00","0.00","0.00"
"19/04/2025 04:00:00 - 19/04/2025 05:00:00","Belgium (BE)","0.00","0.00","0.00","0.00"
"19/04/2025 05:00:00 - 19/04/2025 06:00:00","Belgium (BE)","0.00","0.00","0.00","0.00"
"19/04/2025 06:00:00 - 19/04/2025 07:00:00","Belgium (BE)","12.69","11.84","11.84","9.09"
"19/04/2025 07:00:00 - 19/04/2025 08:00:00","Belgium (BE)","358.09","357.09","357.09","420.72"
"19/04/2025 08:00:00 - 19/04/2025 09:00:00","Belgium (BE)","1601.81","1409.92","1476.57","1338.23"
"19/04/2025 09:00:00 - 19/04/2025 10:00:00","Belgium (BE)","3329.94","2742.55","2647.97","2583.96"
"19/04/2025 10:00:00 - 19/04/2025 11:00:00","Belgium (BE)","4886.72","4136.88","3941.70","4335.65"
"19/04/2025 11:00:00 - 19/04/2025 12:00:00","Belgium (BE)","5949.73","5275.02","5544.98","5700.77"
"19/04/2025 12:00:00 - 19/04/2025 13:00:00","Belgium (BE)","6412.87","5909.07","6201.10","6542.00"
"19/04/2025 13:00:00 - 19/04/2025 14:00:00","Belgium (BE)","6458.34","6097.38","6423.51","6856.66"
"19/04/2025 14:00:00 - 19/04/2025 15:00:00","Belgium (BE)","6102.11","5862.87","6242.71","6687.25"
"19/04/2025 15:00:00 - 19/04/2025 16:00:00","Belgium (BE)","5501.12","5346.12","5657.34","5748.12"
"19/04/2025 16:00:00 - 19/04/2025 17:00:00","Belgium (BE)","4408.50","4458.84","4354.57","3967.64"
"19/04/2025 17:00:00 - 19/04/2025 18:00:00","Belgium (BE)","2930.24","3146.72","2653.29","2522.57"
"19/04/2025 18:00:00 - 19/04/2025 19:00:00","Belgium (BE)","1599.04","1770.11","1449.50","1344.64"
"19/04/2025 19:00:00 - 19/04/2025 20:00:00","Belgium (BE)","630.34","665.84","580.97","509.09"
"19/04/2025 20:00:00 - 19/04/2025 21:00:00","Belgium (BE)","74.69","78.09","68.52","42.02"
"19/04/2025 21:00:00 - 19/04/2025 22:00:00","Belgium (BE)","0.00","0.00","0.00","0.00"
"19/04/2025 22:00:00 - 19/04/2025 23:00:00","Belgium (BE)","0.00","0.00","0.00","0.00"
"19/04/2025 23:00:00 - 20/04/2025 00:00:00","Belgium (BE)","0.00","0.00","0.00","0.00"
"20/04/2025 00:00:00 - 20/04/2025 01:00:00","Belgium (BE)","0.00","0.00","0.00","0.00"
"20/04/2025 01:00:00 - 20/04/2025 02:00:00","Belgium (BE)","0.00","0.00","0.00","0.00"
"20/04/2025 02:00:00 - 20/04/2025 03:00:00","Belgium (BE)","0.00","0.00","0.00","0.00"
"20/04/2025 03:00:00 - 20/04/2025 04:00:00","Belgium (BE)","0.00","0.00","0.00","0.00"
"20/04/2025 04:00:00 - 20/04/2025 05:00:00","Belgium (BE)","0.00","0.00","0.00","0.00"
"20/04/2025 05:00:00 - 20/04/2025 06:00:00","Belgium (BE)","0.00","0.00","0.00","0.00"
"20/04/2025 06:00:00 - 20/04/2025 07:00:00","Belgium (BE)","8.36","13.01","13.01","11.01"
"20/04/2025 07:00:00 - 20/04/2025 08:00:00","Belgium (BE)","215.59","330.12","330.12","248.74"
"20/04/2025 08:00:00 - 20/04/2025 09:00:00","Belgium (BE)","689.12","1187.81","1169.91","1054.39"
"20/04/2025 09:00:00 - 20/04/2025 10:00:00","Belgium (BE)","1201.29","2174.89","2061.43","2206.29"
"20/04/2025 10:00:00 - 20/04/2025 11:00:00","Belgium (BE)","1705.89","3089.71","3123.73","3326.52"
"20/04/2025 11:00:00 - 20/04/2025 12:00:00","Belgium (BE)","2091.89","3629.89","3935.11","4077.27"
"20/04/2025 12:00:00 - 20/04/2025 13:00:00","Belgium (BE)","2629.13","3683.05","4183.30","4170.67"
"20/04/2025 13:00:00 - 20/04/2025 14:00:00","Belgium (BE)","3123.32","3275.50","3837.08","3533.21"
"20/04/2025 14:00:00 - 20/04/2025 15:00:00","Belgium (BE)","3217.18","2689.30","2917.44","2722.67"
"20/04/2025 15:00:00 - 20/04/2025 16:00:00","Belgium (BE)","2763.63","2050.64","2059.82","1345.34"
"20/04/2025 16:00:00 - 20/04/2025 17:00:00","Belgium (BE)","2134.98","1521.83","1161.83","849.38"
"20/04/2025 17:00:00 - 20/04/2025 18:00:00","Belgium (BE)","1466.43","1089.79","726.55","575.13"
"20/04/2025 18:00:00 - 20/04/2025 19:00:00","Belgium (BE)","991.13","689.39","456.94","398.41"
"20/04/2025 19:00:00 - 20/04/2025 20:00:00","Belgium (BE)","468.43","353.98","245.55","248.42"
"20/04/2025 20:00:00 - 20/04/2025 21:00:00","Belgium (BE)","60.42","46.94","37.76","23.09"
"20/04/2025 21:00:00 - 20/04/2025 22:00:00","Belgium (BE)","0.00","0.00","0.00","0.00"
"20/04/2025 22:00:00 - 20/04/2025 23:00:00","Belgium (BE)","0.00","0.00","0.00","0.00"
"20/04/2025 23:00:00 - 21/04/2025 00:00:00","Belgium (BE)","0.00","0.00","0.00","0.00"
"21/04/2025 00:00:00 - 21/04/2025 01:00:00","Belgium (BE)","0.00","0.00","0.00","0.00"
"21/04/2025 01:00:00 - 21/04/2025 02:00:00","Belgium (BE)","0.00","0.00","0.00","0.00"
"21/04/2025 02:00:00 - 21/04/2025 03:00:00","Belgium (BE)","0.00","0.00","0.00","0.00"
"21/04/2025 03:00:00 - 21/04/2025 04:00:00","Belgium (BE)","0.00","0.00","0.00","0.00"
"21/04/2025 04:00:00 - 21/04/2025 05:00:00","Belgium (BE)","0.00","0.00","0.00","0.00"
"21/04/2025 05:00:00 - 21/04/2025 06:00:00","Belgium (BE)","0.00","0.00","0.00","0.00"
"21/04/2025 06:00:00 - 21/04/2025 07:00:00","Belgium (BE)","16.99","15.10","15.10","14.19"
"21/04/2025 07:00:00 - 21/04/2025 08:00:00","Belgium (BE)","383.55","346.62","346.62","377.54"
"21/04/2025 08:00:00 - 21/04/2025 09:00:00","Belgium (BE)","1345.44","1137.49","1153.19","1176.48"
"21/04/2025 09:00:00 - 21/04/2025 10:00:00","Belgium (BE)","2497.88","1909.84","1931.16","2143.92"
"21/04/2025 10:00:00 - 21/04/2025 11:00:00","Belgium (BE)","3325.26","2589.50","2694.75","3092.30"
"21/04/2025 11:00:00 - 21/04/2025 12:00:00","Belgium (BE)","3567.31","3000.80","3358.11","3444.05"
"21/04/2025 12:00:00 - 21/04/2025 13:00:00","Belgium (BE)","3557.47","3285.33","3468.41","3306.57"
"21/04/2025 13:00:00 - 21/04/2025 14:00:00","Belgium (BE)","3683.04","3422.32","3431.32","2745.75"
"21/04/2025 14:00:00 - 21/04/2025 15:00:00","Belgium (BE)","3803.15","3278.44","2967.03","2296.60"
"21/04/2025 15:00:00 - 21/04/2025 16:00:00","Belgium (BE)","3547.24","3086.19","2505.16","2142.62"
"21/04/2025 16:00:00 - 21/04/2025 17:00:00","Belgium (BE)","2972.45","2654.88","2051.55","1922.45"
"21/04/2025 17:00:00 - 21/04/2025 18:00:00","Belgium (BE)","2170.08","1946.52","1619.19","1489.16"
"21/04/2025 18:00:00 - 21/04/2025 19:00:00","Belgium (BE)","1392.86","1249.62","1020.56","881.03"
"21/04/2025 19:00:00 - 21/04/2025 20:00:00","Belgium (BE)","619.85","565.91","471.67","338.23"
"21/04/2025 20:00:00 - 21/04/2025 21:00:00","Belgium (BE)","82.47","76.27","61.60","25.45"
"21/04/2025 21:00:00 - 21/04/2025 22:00:00","Belgium (BE)","0.00","0.00","0.00","0.00"
"21/04/2025 22:00:00 - 21/04/2025 23:00:00","Belgium (BE)","0.00","0.00","0.00","0.00"
"21/04/2025 23:00:00 - 22/04/2025 00:00:00","Belgium (BE)","0.00","0.00","0.00","0.00"
"22/04/2025 00:00:00 - 22/04/2025 01:00:00","Belgium (BE)","0.00","0.00","0.00","0.00"
"22/04/2025 01:00:00 - 22/04/2025 02:00:00","Belgium (BE)","0.00","0.00","0.00","0.00"
"22/04/2025 02:00:00 - 22/04/2025 03:00:00","Belgium (BE)","0.00","0.00","0.00","0.00"
"22/04/2025 03:00:00 - 22/04/2025 04:00:00","Belgium (BE)","0.00","0.00","0.00","0.00"
"22/04/2025 04:00:00 - 22/04/2025 05:00:00","Belgium (BE)","0.00","0.00","0.00","0.00"
"22/04/2025 05:00:00 - 22/04/2025 06:00:00","Belgium (BE)","0.00","0.00","0.00","0.00"
"22/04/2025 06:00:00 - 22/04/2025 07:00:00","Belgium (BE)","17.55","18.18","18.18","13.44"
"22/04/2025 07:00:00 - 22/04/2025 08:00:00","Belgium (BE)","351.92","366.53","366.53","369.50"
"22/04/2025 08:00:00 - 22/04/2025 09:00:00","Belgium (BE)","1185.75","1239.77","1253.80","1265.64"
"22/04/2025 09:00:00 - 22/04/2025 10:00:00","Belgium (BE)","2266.44","2332.96","2392.78","2442.97"
"22/04/2025 10:00:00 - 22/04/2025 11:00:00","Belgium (BE)","3421.69","3543.83","3550.62","4078.96"
"22/04/2025 11:00:00 - 22/04/2025 12:00:00","Belgium (BE)","4409.01","4739.46","4906.23","5292.17"
"22/04/2025 12:00:00 - 22/04/2025 13:00:00","Belgium (BE)","5245.83","5448.86","5725.28","5540.28"
"22/04/2025 13:00:00 - 22/04/2025 14:00:00","Belgium (BE)","5609.09","5634.03","5786.05","5281.09"
"22/04/2025 14:00:00 - 22/04/2025 15:00:00","Belgium (BE)","5498.56","5443.05","5138.30","5071.22"
"22/04/2025 15:00:00 - 22/04/2025 16:00:00","Belgium (BE)","5043.37","4910.69","4629.32","4609.09"
"22/04/2025 16:00:00 - 22/04/2025 17:00:00","Belgium (BE)","4160.08","3994.18","3677.77","3563.71"
"22/04/2025 17:00:00 - 22/04/2025 18:00:00","Belgium (BE)","2993.15","2774.76","2427.35","2539.08"
"22/04/2025 18:00:00 - 22/04/2025 19:00:00","Belgium (BE)","1761.43","1626.55","1450.21","1329.30"
"22/04/2025 19:00:00 - 22/04/2025 20:00:00","Belgium (BE)","693.02","662.32","597.30","520.57"
"22/04/2025 20:00:00 - 22/04/2025 21:00:00","Belgium (BE)","94.67","91.18","82.32","71.22"
"22/04/2025 21:00:00 - 22/04/2025 22:00:00","Belgium (BE)","0.00","0.00","0.00","0.01"
"22/04/2025 22:00:00 - 22/04/2025 23:00:00","Belgium (BE)","0.00","0.00","0.00","0.00"
"22/04/2025 23:00:00 - 23/04/2025 00:00:00","Belgium (BE)","0.00","0.00","0.00","0.00"
"23/04/2025 00:00:00 - 23/04/2025 01:00:00","Belgium (BE)","0.00","0.00","0.00","0.00"
"23/04/2025 01:00:00 - 23/04/2025 02:00:00","Belgium (BE)","0.00","0.00","0.00","0.00"
"23/04/2025 02:00:00 - 23/04/2025 03:00:00","Belgium (BE)","0.00","0.00","0.00","0.00"
"23/04/2025 03:00:00 - 23/04/2025 04:00:00","Belgium (BE)","0.00","0.00","0.00","0.00"
"23/04/2025 04:00:00 - 23/04/2025 05:00:00","Belgium (BE)","0.00","0.00","0.00","0.00"
"23/04/2025 05:00:00 - 23/04/2025 06:00:00","Belgium (BE)","0.00","0.00","0.00","0.00"
"23/04/2025 06:00:00 - 23/04/2025 07:00:00","Belgium (BE)","12.27","11.94","11.94","16.76"
"23/04/2025 07:00:00 - 23/04/2025 08:00:00","Belgium (BE)","214.60","202.31","202.31","273.40"
"23/04/2025 08:00:00 - 23/04/2025 09:00:00","Belgium (BE)","611.95","557.30","628.49","615.62"
"23/04/2025 09:00:00 - 23/04/2025 10:00:00","Belgium (BE)","995.29","893.21","937.12","820.72"
"23/04/2025 10:00:00 - 23/04/2025 11:00:00","Belgium (BE)","1436.15","1101.26","1009.10","943.12"
"23/04/2025 11:00:00 - 23/04/2025 12:00:00","Belgium (BE)","1817.37","1255.32","1173.04","1282.61"
"23/04/2025 12:00:00 - 23/04/2025 13:00:00","Belgium (BE)","1975.21","1405.37","1392.80","1863.75"
"23/04/2025 13:00:00 - 23/04/2025 14:00:00","Belgium (BE)","1946.76","1503.01","1986.62","2229.11"
"23/04/2025 14:00:00 - 23/04/2025 15:00:00","Belgium (BE)","1888.78","1544.18","2079.27","1823.03"
"23/04/2025 15:00:00 - 23/04/2025 16:00:00","Belgium (BE)","1865.10","1517.41","1719.04","1581.13"
"23/04/2025 16:00:00 - 23/04/2025 17:00:00","Belgium (BE)","1769.10","1417.92","1440.28","1158.18"
"23/04/2025 17:00:00 - 23/04/2025 18:00:00","Belgium (BE)","1415.84","1148.85","1015.17","937.66"
"23/04/2025 18:00:00 - 23/04/2025 19:00:00","Belgium (BE)","944.82","835.65","741.57","753.77"
"23/04/2025 19:00:00 - 23/04/2025 20:00:00","Belgium (BE)","453.77","449.66","411.65","341.82"
"23/04/2025 20:00:00 - 23/04/2025 21:00:00","Belgium (BE)","69.30","70.13","62.97","46.32"
"23/04/2025 21:00:00 - 23/04/2025 22:00:00","Belgium (BE)","0.00","0.00","0.00","0.03"
"23/04/2025 22:00:00 - 23/04/2025 23:00:00","Belgium (BE)","0.00","0.00","0.00","0.00"
"23/04/2025 23:00:00 - 24/04/2025 00:00:00","Belgium (BE)","0.00","0.00","0.00","0.00"
"24/04/2025 00:00:00 - 24/04/2025 01:00:00","Belgium (BE)","0.00","0.00","0.00","0.00"
"24/04/2025 01:00:00 - 24/04/2025 02:00:00","Belgium (BE)","0.00","0.00","0.00","0.00"
"24/04/2025 02:00:00 - 24/04/2025 03:00:00","Belgium (BE)","0.00","0.00","0.00","0.00"
"24/04/2025 03:00:00 - 24/04/2025 04:00:00","Belgium (BE)","0.00","0.00","0.00","0.00"
"24/04/2025 04:00:00 - 24/04/2025 05:00:00","Belgium (BE)","0.00","0.00","0.00","0.00"
"24/04/2025 05:00:00 - 24/04/2025 06:00:00","Belgium (BE)","0.00","0.00","0.00","0.00"
"24/04/2025 06:00:00 - 24/04/2025 07:00:00","Belgium (BE)","9.19","9.02","9.02","0.43"
"24/04/2025 07:00:00 - 24/04/2025 08:00:00","Belgium (BE)","142.36","142.75","142.75","55.29"
"24/04/2025 08:00:00 - 24/04/2025 09:00:00","Belgium (BE)","384.27","383.98","308.88","230.43"
"24/04/2025 09:00:00 - 24/04/2025 10:00:00","Belgium (BE)","643.39","631.05","514.17","409.14"
"24/04/2025 10:00:00 - 24/04/2025 11:00:00","Belgium (BE)","905.86","866.28","724.92","582.98"
"24/04/2025 11:00:00 - 24/04/2025 12:00:00","Belgium (BE)","1130.75","1165.94","891.75","885.89"
"24/04/2025 12:00:00 - 24/04/2025 13:00:00","Belgium (BE)","1406.15","1516.56","1229.56","1145.97"
"24/04/2025 13:00:00 - 24/04/2025 14:00:00","Belgium (BE)","1687.71","1842.74","1427.40","1433.34"
"24/04/2025 14:00:00 - 24/04/2025 15:00:00","Belgium (BE)","1865.19","1951.57","1572.98","1738.22"
"24/04/2025 15:00:00 - 24/04/2025 16:00:00","Belgium (BE)","1873.86","1853.59","1712.72","1735.55"
"24/04/2025 16:00:00 - 24/04/2025 17:00:00","Belgium (BE)","1603.91","1545.36","1392.83","1182.40"
"24/04/2025 17:00:00 - 24/04/2025 18:00:00","Belgium (BE)","1207.68","1135.19","891.22","750.79"
"24/04/2025 18:00:00 - 24/04/2025 19:00:00","Belgium (BE)","794.58","683.88","502.78","467.42"
"24/04/2025 19:00:00 - 24/04/2025 20:00:00","Belgium (BE)","384.91","299.69","233.61","190.93"
"24/04/2025 20:00:00 - 24/04/2025 21:00:00","Belgium (BE)","65.82","49.85","39.73","19.79"
"24/04/2025 21:00:00 - 24/04/2025 22:00:00","Belgium (BE)","0.00","0.00","0.00","0.01"
"24/04/2025 22:00:00 - 24/04/2025 23:00:00","Belgium (BE)","0.00","0.00","0.00","0.00"
"24/04/2025 23:00:00 - 25/04/2025 00:00:00","Belgium (BE)","0.00","0.00","0.00","0.00"
"25/04/2025 00:00:00 - 25/04/2025 01:00:00","Belgium (BE)","0.00","0.00","0.00","0.00"
"25/04/2025 01:00:00 - 25/04/2025 02:00:00","Belgium (BE)","0.00","0.00","0.00","0.00"
"25/04/2025 02:00:00 - 25/04/2025 03:00:00","Belgium (BE)","0.00","0.00","0.00","0.00"
"25/04/2025 03:00:00 - 25/04/2025 04:00:00","Belgium (BE)","0.00","0.00","0.00","0.00"
"25/04/2025 04:00:00 - 25/04/2025 05:00:00","Belgium (BE)","0.00","0.00","0.00","0.00"
"25/04/2025 05:00:00 - 25/04/2025 06:00:00","Belgium (BE)","0.00","0.00","0.00","0.00"
"25/04/2025 06:00:00 - 25/04/2025 07:00:00","Belgium (BE)","23.15","19.14","19.14","7.27"
"25/04/2025 07:00:00 - 25/04/2025 08:00:00","Belgium (BE)","338.70","250.11","250.11","247.28"
"25/04/2025 08:00:00 - 25/04/2025 09:00:00","Belgium (BE)","946.91","723.93","781.54","778.43"
"25/04/2025 09:00:00 - 25/04/2025 10:00:00","Belgium (BE)","1639.58","1244.05","1397.46","1345.06"
"25/04/2025 10:00:00 - 25/04/2025 11:00:00","Belgium (BE)","2388.90","1862.57","1912.94","2226.38"
"25/04/2025 11:00:00 - 25/04/2025 12:00:00","Belgium (BE)","3199.85","2809.75","3159.28","3204.04"
"25/04/2025 12:00:00 - 25/04/2025 13:00:00","Belgium (BE)","3922.33","3821.70","4166.22","3975.60"
"25/04/2025 13:00:00 - 25/04/2025 14:00:00","Belgium (BE)","4457.32","4633.02","4919.07","4422.18"
"25/04/2025 14:00:00 - 25/04/2025 15:00:00","Belgium (BE)","4716.91","4903.78","5004.51","4428.71"
"25/04/2025 15:00:00 - 25/04/2025 16:00:00","Belgium (BE)","4518.98","4369.29","4463.42","4119.93"
"25/04/2025 16:00:00 - 25/04/2025 17:00:00","Belgium (BE)","3701.76","3443.07","3594.06","3585.29"
"25/04/2025 17:00:00 - 25/04/2025 18:00:00","Belgium (BE)","2646.46","2563.88","2634.50","2816.43"
"25/04/2025 18:00:00 - 25/04/2025 19:00:00","Belgium (BE)","1626.35","1672.99","1746.98","1773.03"
"25/04/2025 19:00:00 - 25/04/2025 20:00:00","Belgium (BE)","670.41","708.01","714.75","836.61"
"25/04/2025 20:00:00 - 25/04/2025 21:00:00","Belgium (BE)","112.56","115.80","120.65","101.30"
"25/04/2025 21:00:00 - 25/04/2025 22:00:00","Belgium (BE)","0.00","0.00","0.00","0.00"
"25/04/2025 22:00:00 - 25/04/2025 23:00:00","Belgium (BE)","0.00","0.00","0.00","0.00"
"25/04/2025 23:00:00 - 26/04/2025 00:00:00","Belgium (BE)","0.00","0.00","0.00","0.00"
"26/04/2025 00:00:00 - 26/04/2025 01:00:00","Belgium (BE)","0.00","0.00","0.00","0.00"
"26/04/2025 01:00:00 - 26/04/2025 02:00:00","Belgium (BE)","0.00","0.00","0.00","0.00"
"26/04/2025 02:00:00 - 26/04/2025 03:00:00","Belgium (BE)","0.00","0.00","0.00","0.00"
"26/04/2025 03:00:00 - 26/04/2025 04:00:00","Belgium (BE)","0.00","0.00","0.00","0.00"
"26/04/2025 04:00:00 - 26/04/2025 05:00:00","Belgium (BE)","0.00","0.00","0.00","0.00"
"26/04/2025 05:00:00 - 26/04/2025 06:00:00","Belgium (BE)","0.00","0.00","0.00","0.00"
"26/04/2025 06:00:00 - 26/04/2025 07:00:00","Belgium (BE)","37.60","35.38","35.38","25.96"
"26/04/2025 07:00:00 - 26/04/2025 08:00:00","Belgium (BE)","401.93","388.67","388.67","530.90"
"26/04/2025 08:00:00 - 26/04/2025 09:00:00","Belgium (BE)","1623.00","1420.58","1510.50","1311.40"
"26/04/2025 09:00:00 - 26/04/2025 10:00:00","Belgium (BE)","3313.25","2882.41","2748.27","2487.06"
"26/04/2025 10:00:00 - 26/04/2025 11:00:00","Belgium (BE)","4737.21","4493.58","4257.97","4181.22"
"26/04/2025 11:00:00 - 26/04/2025 12:00:00","Belgium (BE)","5507.95","5538.83","5373.51","5770.39"
"26/04/2025 12:00:00 - 26/04/2025 13:00:00","Belgium (BE)","5409.30","5859.18","5951.82","6677.29"
"26/04/2025 13:00:00 - 26/04/2025 14:00:00","Belgium (BE)","5253.05","5815.64","6508.33","6632.32"
"26/04/2025 14:00:00 - 26/04/2025 15:00:00","Belgium (BE)","4908.45","5477.40","6183.64","5972.22"
"26/04/2025 15:00:00 - 26/04/2025 16:00:00","Belgium (BE)","4306.05","4858.82","5305.74","5427.52"
"26/04/2025 16:00:00 - 26/04/2025 17:00:00","Belgium (BE)","3466.51","3954.68","4435.14","4732.12"
"26/04/2025 17:00:00 - 26/04/2025 18:00:00","Belgium (BE)","2587.28","2875.47","3231.51","3549.57"
"26/04/2025 18:00:00 - 26/04/2025 19:00:00","Belgium (BE)","1682.01","1817.19","2044.56","2187.28"
"26/04/2025 19:00:00 - 26/04/2025 20:00:00","Belgium (BE)","686.42","721.03","781.73","1003.39"
"26/04/2025 20:00:00 - 26/04/2025 21:00:00","Belgium (BE)","118.45","121.05","128.33","125.80"
"26/04/2025 21:00:00 - 26/04/2025 22:00:00","Belgium (BE)","0.00","0.00","0.00","0.00"
"26/04/2025 22:00:00 - 26/04/2025 23:00:00","Belgium (BE)","0.00","0.00","0.00","0.00"
"26/04/2025 23:00:00 - 27/04/2025 00:00:00","Belgium (BE)","0.00","0.00","0.00","0.00"
"27/04/2025 00:00:00 - 27/04/2025 01:00:00","Belgium (BE)","0.00","0.00","0.00","0.00"
"27/04/2025 01:00:00 - 27/04/2025 02:00:00","Belgium (BE)","0.00","0.00","0.00","0.00"
"27/04/2025 02:00:00 - 27/04/2025 03:00:00","Belgium (BE)","0.00","0.00","0.00","0.00"
"27/04/2025 03:00:00 - 27/04/2025 04:00:00","Belgium (BE)","0.00","0.00","0.00","0.00"
"27/04/2025 04:00:00 - 27/04/2025 05:00:00","Belgium (BE)","0.00","0.00","0.00","0.00"
"27/04/2025 05:00:00 - 27/04/2025 06:00:00","Belgium (BE)","0.00","0.00","0.00","0.00"
"27/04/2025 06:00:00 - 27/04/2025 07:00:00","Belgium (BE)","41.97","41.72","41.72","42.47"
"27/04/2025 07:00:00 - 27/04/2025 08:00:00","Belgium (BE)","410.06","396.01","396.01","743.68"
"27/04/2025 08:00:00 - 27/04/2025 09:00:00","Belgium (BE)","1664.21","1698.42","1943.37","1935.23"
"27/04/2025 09:00:00 - 27/04/2025 10:00:00","Belgium (BE)","3371.62","3428.95","3633.71","3396.93"
"27/04/2025 10:00:00 - 27/04/2025 11:00:00","Belgium (BE)","4849.96","4966.71","4982.92","4840.74"
"27/04/2025 11:00:00 - 27/04/2025 12:00:00","Belgium (BE)","5922.51","6002.72","5874.15","5962.46"
"27/04/2025 12:00:00 - 27/04/2025 13:00:00","Belgium (BE)","6488.53","6639.56","6491.27","6781.48"
"27/04/2025 13:00:00 - 27/04/2025 14:00:00","Belgium (BE)","6596.76","6896.30","6986.05","6982.83"
"27/04/2025 14:00:00 - 27/04/2025 15:00:00","Belgium (BE)","6183.90","6581.69","6692.41","6658.02"
"27/04/2025 15:00:00 - 27/04/2025 16:00:00","Belgium (BE)","5456.68","5906.10","5910.01","6001.90"
"27/04/2025 16:00:00 - 27/04/2025 17:00:00","Belgium (BE)","4450.07","4848.32","4961.21","5088.30"
"27/04/2025 17:00:00 - 27/04/2025 18:00:00","Belgium (BE)","3136.98","3415.14","3509.78","3769.42"
"27/04/2025 18:00:00 - 27/04/2025 19:00:00","Belgium (BE)","1808.63","1963.89","2046.87","2268.54"
"27/04/2025 19:00:00 - 27/04/2025 20:00:00","Belgium (BE)","708.83","735.33","786.77","1061.88"
"27/04/2025 20:00:00 - 27/04/2025 21:00:00","Belgium (BE)","125.67","125.84","141.00","164.37"
"27/04/2025 21:00:00 - 27/04/2025 22:00:00","Belgium (BE)","0.00","0.00","0.00","0.00"
"27/04/2025 22:00:00 - 27/04/2025 23:00:00","Belgium (BE)","0.00","0.00","0.00","0.00"
"27/04/2025 23:00:00 - 28/04/2025 00:00:00","Belgium (BE)","0.00","0.00","0.00","0.00"
"28/04/2025 00:00:00 - 28/04/2025 01:00:00","Belgium (BE)","0.00","0.00","0.00","0.00"
"28/04/2025 01:00:00 - 28/04/2025 02:00:00","Belgium (BE)","0.00","0.00","0.00","0.00"
"28/04/2025 02:00:00 - 28/04/2025 03:00:00","Belgium (BE)","0.00","0.00","0.00","0.00"
"28/04/2025 03:00:00 - 28/04/2025 04:00:00","Belgium (BE)","0.00","0.00","0.00","0.00"
"28/04/2025 04:00:00 - 28/04/2025 05:00:00","Belgium (BE)","0.00","0.00","0.00","0.00"
"28/04/2025 05:00:00 - 28/04/2025 06:00:00","Belgium (BE)","0.00","0.00","0.00","0.00"
"28/04/2025 06:00:00 - 28/04/2025 07:00:00","Belgium (BE)","46.49","46.00","46.00","50.89"
"28/04/2025 07:00:00 - 28/04/2025 08:00:00","Belgium (BE)","409.34","400.03","400.03","794.09"
"28/04/2025 08:00:00 - 28/04/2025 09:00:00","Belgium (BE)","1782.78","1775.70","2060.65","1999.25"
"28/04/2025 09:00:00 - 28/04/2025 10:00:00","Belgium (BE)","3610.19","3582.67","3806.92","3519.27"
"28/04/2025 10:00:00 - 28/04/2025 11:00:00","Belgium (BE)","5136.44","5171.69","5187.81","4949.55"
"28/04/2025 11:00:00 - 28/04/2025 12:00:00","Belgium (BE)","6199.10","6209.88","5989.61","6064.49"
"28/04/2025 12:00:00 - 28/04/2025 13:00:00","Belgium (BE)","6875.07","6899.53","6758.80","6851.24"
"28/04/2025 13:00:00 - 28/04/2025 14:00:00","Belgium (BE)","7224.43","7272.14","7254.41","7108.04"
"28/04/2025 14:00:00 - 28/04/2025 15:00:00","Belgium (BE)","7067.41","7104.96","6995.18","6977.06"
"28/04/2025 15:00:00 - 28/04/2025 16:00:00","Belgium (BE)","6516.02","6544.44","6438.76","6322.29"
"28/04/2025 16:00:00 - 28/04/2025 17:00:00","Belgium (BE)","5630.88","5681.08","5576.31","5314.94"
"28/04/2025 17:00:00 - 28/04/2025 18:00:00","Belgium (BE)","4010.03","4116.32","3860.19","3873.56"
"28/04/2025 18:00:00 - 28/04/2025 19:00:00","Belgium (BE)","2146.24","2212.05","2069.53","2338.99"
"28/04/2025 19:00:00 - 28/04/2025 20:00:00","Belgium (BE)","718.09","743.83","747.08","1096.41"
"28/04/2025 20:00:00 - 28/04/2025 21:00:00","Belgium (BE)","123.31","125.33","136.41","166.71"
"28/04/2025 21:00:00 - 28/04/2025 22:00:00","Belgium (BE)","0.01","0.01","0.01","0.00"
"28/04/2025 22:00:00 - 28/04/2025 23:00:00","Belgium (BE)","0.00","0.00","0.00","0.00"
"28/04/2025 23:00:00 - 29/04/2025 00:00:00","Belgium (BE)","0.00","0.00","0.00","0.00"
"29/04/2025 00:00:00 - 29/04/2025 01:00:00","Belgium (BE)","0.00","0.00","0.00","0.00"
"29/04/2025 01:00:00 - 29/04/2025 02:00:00","Belgium (BE)","0.00","0.00","0.00","0.00"
"29/04/2025 02:00:00 - 29/04/2025 03:00:00","Belgium (BE)","0.00","0.00","0.00","0.00"
"29/04/2025 03:00:00 - 29/04/2025 04:00:00","Belgium (BE)","0.00","0.00","0.00","0.00"
"29/04/2025 04:00:00 - 29/04/2025 05:00:00","Belgium (BE)","0.00","0.00","0.00","0.00"
"29/04/2025 05:00:00 - 29/04/2025 06:00:00","Belgium (BE)","0.00","0.00","0.00","0.00"
"29/04/2025 06:00:00 - 29/04/2025 07:00:00","Belgium (BE)","51.42","51.45","51.08","56.39"
"29/04/2025 07:00:00 - 29/04/2025 08:00:00","Belgium (BE)","412.40","412.90","403.62","819.19"
"29/04/2025 08:00:00 - 29/04/2025 09:00:00","Belgium (BE)","1725.08","1724.63","2063.91","2034.12"
"29/04/2025 09:00:00 - 29/04/2025 10:00:00","Belgium (BE)","3566.50","3565.90","3812.76","3527.42"
"29/04/2025 10:00:00 - 29/04/2025 11:00:00","Belgium (BE)","5149.28","5148.44","5266.44","5002.03"
"29/04/2025 11:00:00 - 29/04/2025 12:00:00","Belgium (BE)","6211.39","6210.18","6061.60","6106.48"
"29/04/2025 12:00:00 - 29/04/2025 13:00:00","Belgium (BE)","6913.28","6912.67","6812.30","6901.97"
"29/04/2025 13:00:00 - 29/04/2025 14:00:00","Belgium (BE)","7306.81","7307.61","7341.71","7185.42"
"29/04/2025 14:00:00 - 29/04/2025 15:00:00","Belgium (BE)","7160.11","7161.20","7071.47","7030.94"
"29/04/2025 15:00:00 - 29/04/2025 16:00:00","Belgium (BE)","6571.48","6572.66","6456.14","6355.69"
"29/04/2025 16:00:00 - 29/04/2025 17:00:00","Belgium (BE)","5674.16","5676.17","5566.34","5354.60"
"29/04/2025 17:00:00 - 29/04/2025 18:00:00","Belgium (BE)","3986.55","3988.41","3923.04","3909.27"
"29/04/2025 18:00:00 - 29/04/2025 19:00:00","Belgium (BE)","2095.25","2095.59","2128.51","2364.30"
"29/04/2025 19:00:00 - 29/04/2025 20:00:00","Belgium (BE)","696.09","696.85","760.42","1106.35"
"29/04/2025 20:00:00 - 29/04/2025 21:00:00","Belgium (BE)","126.17","126.51","147.90","172.53"
"29/04/2025 21:00:00 - 29/04/2025 22:00:00","Belgium (BE)","0.06","0.06","0.07","0.07"
"29/04/2025 22:00:00 - 29/04/2025 23:00:00","Belgium (BE)","0.00","0.00","0.00","0.00"
"29/04/2025 23:00:00 - 30/04/2025 00:00:00","Belgium (BE)","0.00","0.00","0.00","0.00"
"30/04/2025 00:00:00 - 30/04/2025 01:00:00","Belgium (BE)","0.00","0.00","0.00","0.00"
"30/04/2025 01:00:00 - 30/04/2025 02:00:00","Belgium (BE)","0.00","0.00","0.00","0.00"
"30/04/2025 02:00:00 - 30/04/2025 03:00:00","Belgium (BE)","0.00","0.00","0.00","0.00"
"30/04/2025 03:00:00 - 30/04/2025 04:00:00","Belgium (BE)","0.00","0.00","0.00","0.00"
"30/04/2025 04:00:00 - 30/04/2025 05:00:00","Belgium (BE)","0.00","0.00","0.00","0.00"
"30/04/2025 05:00:00 - 30/04/2025 06:00:00","Belgium (BE)","0.00","0.00","0.00","0.00"
"30/04/2025 06:00:00 - 30/04/2025 07:00:00","Belgium (BE)","57.47","60.77","60.77","57.54"
"30/04/2025 07:00:00 - 30/04/2025 08:00:00","Belgium (BE)","436.61","449.37","449.37","779.95"
"30/04/2025 08:00:00 - 30/04/2025 09:00:00","Belgium (BE)","1704.42","1783.08","2001.50","1965.06"
"30/04/2025 09:00:00 - 30/04/2025 10:00:00","Belgium (BE)","3495.42","3580.55","3754.50","3449.47"
"30/04/2025 10:00:00 - 30/04/2025 11:00:00","Belgium (BE)","5045.24","5071.30","5016.76","4801.40"
"30/04/2025 11:00:00 - 30/04/2025 12:00:00","Belgium (BE)","6104.66","6142.54","5918.63","5862.88"
"30/04/2025 12:00:00 - 30/04/2025 13:00:00","Belgium (BE)","6788.13","6797.44","6575.83","6695.45"
"30/04/2025 13:00:00 - 30/04/2025 14:00:00","Belgium (BE)","7164.89","7113.86","7046.32","7002.42"
"30/04/2025 14:00:00 - 30/04/2025 15:00:00","Belgium (BE)","7039.88","6995.89","6920.94","6858.56"
"30/04/2025 15:00:00 - 30/04/2025 16:00:00","Belgium (BE)","6489.17","6491.10","6394.36","6187.61"
"30/04/2025 16:00:00 - 30/04/2025 17:00:00","Belgium (BE)","5589.38","5620.22","5455.09","5210.58"
"30/04/2025 17:00:00 - 30/04/2025 18:00:00","Belgium (BE)","3905.52","4109.31","3891.73","3782.98"
"30/04/2025 18:00:00 - 30/04/2025 19:00:00","Belgium (BE)","2078.86","2258.07","2145.71","2312.65"
"30/04/2025 19:00:00 - 30/04/2025 20:00:00","Belgium (BE)","707.88","744.44","758.88","1105.74"
"30/04/2025 20:00:00 - 30/04/2025 21:00:00","Belgium (BE)","133.20","135.21","149.89","199.55"
"30/04/2025 21:00:00 - 30/04/2025 22:00:00","Belgium (BE)","0.22","0.23","0.25","0.10"
"30/04/2025 22:00:00 - 30/04/2025 23:00:00","Belgium (BE)","0.00","0.00","0.00","0.00"
"30/04/2025 23:00:00 - 01/05/2025 00:00:00","Belgium (BE)","0.00","0.00","0.00","0.00"
"01/05/2025 00:00:00 - 01/05/2025 01:00:00","Belgium (BE)","0.00","0.00","0.00","0.00"
"01/05/2025 01:00:00 - 01/05/2025 02:00:00","Belgium (BE)","0.00","0.00","0.00","0.00"
"01/05/2025 02:00:00 - 01/05/2025 03:00:00","Belgium (BE)","0.00","0.00","0.00","0.00"
"01/05/2025 03:00:00 - 01/05/2025 04:00:00","Belgium (BE)","0.00","0.00","0.00","0.00"
"01/05/2025 04:00:00 - 01/05/2025 05:00:00","Belgium (BE)","0.00","0.00","0.00","0.00"
"01/05/2025 05:00:00 - 01/05/2025 06:00:00","Belgium (BE)","0.00","0.00","0.00","0.00"
"01/05/2025 06:00:00 - 01/05/2025 07:00:00","Belgium (BE)","66.69","65.96","65.96","69.61"
"01/05/2025 07:00:00 - 01/05/2025 08:00:00","Belgium (BE)","464.51","454.85","454.85","854.73"
"01/05/2025 08:00:00 - 01/05/2025 09:00:00","Belgium (BE)","1867.93","1859.70","2165.32","2046.36"
"01/05/2025 09:00:00 - 01/05/2025 10:00:00","Belgium (BE)","3706.96","3692.37","3896.77","3484.36"
"01/05/2025 10:00:00 - 01/05/2025 11:00:00","Belgium (BE)","5148.56","5176.53","5061.17","4912.13"
"01/05/2025 11:00:00 - 01/05/2025 12:00:00","Belgium (BE)","6218.37","6217.10","5994.70","5983.22"
"01/05/2025 12:00:00 - 01/05/2025 13:00:00","Belgium (BE)","6853.73","6840.73","6657.69","6759.81"
"01/05/2025 13:00:00 - 01/05/2025 14:00:00","Belgium (BE)","7114.16","7068.34","7026.46","6955.89"
"01/05/2025 14:00:00 - 01/05/2025 15:00:00","Belgium (BE)","6890.27","6799.10","6757.56","6626.23"
"01/05/2025 15:00:00 - 01/05/2025 16:00:00","Belgium (BE)","6185.25","6060.32","6044.96","5953.52"
"01/05/2025 16:00:00 - 01/05/2025 17:00:00","Belgium (BE)","4965.30","4813.57","4986.34","4888.90"
"01/05/2025 17:00:00 - 01/05/2025 18:00:00","Belgium (BE)","3370.59","3231.78","3424.68","3407.10"
"01/05/2025 18:00:00 - 01/05/2025 19:00:00","Belgium (BE)","1866.27","1848.58","1900.38","1917.44"
"01/05/2025 19:00:00 - 01/05/2025 20:00:00","Belgium (BE)","730.68","765.57","763.28","855.36"
"01/05/2025 20:00:00 - 01/05/2025 21:00:00","Belgium (BE)","155.25","165.11","170.08","133.23"
"01/05/2025 21:00:00 - 01/05/2025 22:00:00","Belgium (BE)","0.42","0.42","0.38","0.02"
"01/05/2025 22:00:00 - 01/05/2025 23:00:00","Belgium (BE)","0.00","0.00","0.00","0.00"
"01/05/2025 23:00:00 - 02/05/2025 00:00:00","Belgium (BE)","0.00","0.00","0.00","0.00"
"02/05/2025 00:00:00 - 02/05/2025 01:00:00","Belgium (BE)","0.00","0.00","0.00","0.00"
"02/05/2025 01:00:00 - 02/05/2025 02:00:00","Belgium (BE)","0.00","0.00","0.00","0.00"
"02/05/2025 02:00:00 - 02/05/2025 03:00:00","Belgium (BE)","0.00","0.00","0.00","0.00"
"02/05/2025 03:00:00 - 02/05/2025 04:00:00","Belgium (BE)","0.00","0.00","0.00","0.00"
"02/05/2025 04:00:00 - 02/05/2025 05:00:00","Belgium (BE)","0.00","0.00","0.00","0.00"
"02/05/2025 05:00:00 - 02/05/2025 06:00:00","Belgium (BE)","0.00","0.00","0.00","0.00"
"02/05/2025 06:00:00 - 02/05/2025 07:00:00","Belgium (BE)","74.32","71.90","71.90","73.89"
"02/05/2025 07:00:00 - 02/05/2025 08:00:00","Belgium (BE)","531.72","518.19","518.19","711.96"
"02/05/2025 08:00:00 - 02/05/2025 09:00:00","Belgium (BE)","1673.37","1539.50","1753.50","1695.59"
"02/05/2025 09:00:00 - 02/05/2025 10:00:00","Belgium (BE)","3316.27","3018.08","3204.37","3157.87"
"02/05/2025 10:00:00 - 02/05/2025 11:00:00","Belgium (BE)","4590.77","4312.18","4476.82","4583.88"
"02/05/2025 11:00:00 - 02/05/2025 12:00:00","Belgium (BE)","5576.22","5361.38","5522.24","5627.41"
"02/05/2025 12:00:00 - 02/05/2025 13:00:00","Belgium (BE)","6278.90","6118.88","6003.32","6238.07"
"02/05/2025 13:00:00 - 02/05/2025 14:00:00","Belgium (BE)","6693.31","6649.56","6743.46","6765.45"
"02/05/2025 14:00:00 - 02/05/2025 15:00:00","Belgium (BE)","6680.40","6714.09","6803.67","6700.17"
"02/05/2025 15:00:00 - 02/05/2025 16:00:00","Belgium (BE)","6250.70","6276.97","6285.84","6063.58"
"02/05/2025 16:00:00 - 02/05/2025 17:00:00","Belgium (BE)","5335.47","5412.57","5202.19","4969.37"
"02/05/2025 17:00:00 - 02/05/2025 18:00:00","Belgium (BE)","3825.91","3922.42","3637.41","3485.21"
"02/05/2025 18:00:00 - 02/05/2025 19:00:00","Belgium (BE)","2082.50","2178.87","2001.90","2118.54"
"02/05/2025 19:00:00 - 02/05/2025 20:00:00","Belgium (BE)","736.97","775.82","794.69","1017.43"
"02/05/2025 20:00:00 - 02/05/2025 21:00:00","Belgium (BE)","153.59","158.80","182.54","203.46"
"02/05/2025 21:00:00 - 02/05/2025 22:00:00","Belgium (BE)","0.83","0.87","0.89","0.61"
"02/05/2025 22:00:00 - 02/05/2025 23:00:00","Belgium (BE)","0.00","0.00","0.00","0.00"
"02/05/2025 23:00:00 - 03/05/2025 00:00:00","Belgium (BE)","0.00","0.00","0.00","0.00"
"03/05/2025 00:00:00 - 03/05/2025 01:00:00","Belgium (BE)","0.00","0.00","0.00","0.00"
"03/05/2025 01:00:00 - 03/05/2025 02:00:00","Belgium (BE)","0.00","0.00","0.00","0.00"
"03/05/2025 02:00:00 - 03/05/2025 03:00:00","Belgium (BE)","0.00","0.00","0.00","0.00"
"03/05/2025 03:00:00 - 03/05/2025 04:00:00","Belgium (BE)","0.00","0.00","0.00","0.00"
"03/05/2025 04:00:00 - 03/05/2025 05:00:00","Belgium (BE)","0.00","0.00","0.00","0.00"
"03/05/2025 05:00:00 - 03/05/2025 06:00:00","Belgium (BE)","0.00","0.00","0.00","0.00"
"03/05/2025 06:00:00 - 03/05/2025 07:00:00","Belgium (BE)","76.40","70.61","70.61","65.39"
"03/05/2025 07:00:00 - 03/05/2025 08:00:00","Belgium (BE)","535.22","502.40","502.40","542.18"
"03/05/2025 08:00:00 - 03/05/2025 09:00:00","Belgium (BE)","1421.74","1295.20","1304.82","1308.32"
"03/05/2025 09:00:00 - 03/05/2025 10:00:00","Belgium (BE)","2599.60","2415.41","2408.20","2204.50"
"03/05/2025 10:00:00 - 03/05/2025 11:00:00","Belgium (BE)","3476.98","3553.66","3438.70","3465.65"
"03/05/2025 11:00:00 - 03/05/2025 12:00:00","Belgium (BE)","3957.45","4311.45","4207.46","4452.96"
"03/05/2025 12:00:00 - 03/05/2025 13:00:00","Belgium (BE)","3943.09","4303.42","4348.02","4790.23"
"03/05/2025 13:00:00 - 03/05/2025 14:00:00","Belgium (BE)","3408.59","3809.92","3810.19","3091.90"
"03/05/2025 14:00:00 - 03/05/2025 15:00:00","Belgium (BE)","2643.22","3165.58","2459.98","1792.90"
"03/05/2025 15:00:00 - 03/05/2025 16:00:00","Belgium (BE)","1958.33","2522.47","1567.80","1895.25"
"03/05/2025 16:00:00 - 03/05/2025 17:00:00","Belgium (BE)","1504.40","1972.93","1484.88","2078.68"
"03/05/2025 17:00:00 - 03/05/2025 18:00:00","Belgium (BE)","1044.01","1540.30","1578.20","1818.05"
"03/05/2025 18:00:00 - 03/05/2025 19:00:00","Belgium (BE)","668.57","1031.64","1231.13","1342.57"
"03/05/2025 19:00:00 - 03/05/2025 20:00:00","Belgium (BE)","347.13","536.78","668.71","903.79"
"03/05/2025 20:00:00 - 03/05/2025 21:00:00","Belgium (BE)","81.97","126.74","164.65","172.54"
"03/05/2025 21:00:00 - 03/05/2025 22:00:00","Belgium (BE)","0.56","0.89","1.18","0.71"
"03/05/2025 22:00:00 - 03/05/2025 23:00:00","Belgium (BE)","0.00","0.00","0.00","0.00"
"03/05/2025 23:00:00 - 04/05/2025 00:00:00","Belgium (BE)","0.00","0.00","0.00","0.00"
"04/05/2025 00:00:00 - 04/05/2025 01:00:00","Belgium (BE)","0.00","0.00","0.00","0.00"
"04/05/2025 01:00:00 - 04/05/2025 02:00:00","Belgium (BE)","0.00","0.00","0.00","0.00"
"04/05/2025 02:00:00 - 04/05/2025 03:00:00","Belgium (BE)","0.00","0.00","0.00","0.00"
"04/05/2025 03:00:00 - 04/05/2025 04:00:00","Belgium (BE)","0.00","0.00","0.00","0.00"
"04/05/2025 04:00:00 - 04/05/2025 05:00:00","Belgium (BE)","0.00","0.00","0.00","0.00"
"04/05/2025 05:00:00 - 04/05/2025 06:00:00","Belgium (BE)","0.00","0.00","0.00","0.00"
"04/05/2025 06:00:00 - 04/05/2025 07:00:00","Belgium (BE)","85.71","85.32","85.32","41.24"
"04/05/2025 07:00:00 - 04/05/2025 08:00:00","Belgium (BE)","563.75","545.98","545.98","450.86"
"04/05/2025 08:00:00 - 04/05/2025 09:00:00","Belgium (BE)","1381.10","1422.91","1350.19","1178.18"
"04/05/2025 09:00:00 - 04/05/2025 10:00:00","Belgium (BE)","2078.91","2167.16","1838.50","1918.93"
"04/05/2025 10:00:00 - 04/05/2025 11:00:00","Belgium (BE)","2761.10","2704.44","2500.81","2278.53"
"04/05/2025 11:00:00 - 04/05/2025 12:00:00","Belgium (BE)","3470.15","3275.34","2776.49","2955.08"
"04/05/2025 12:00:00 - 04/05/2025 13:00:00","Belgium (BE)","3980.86","3803.37","3358.61","3647.52"
"04/05/2025 13:00:00 - 04/05/2025 14:00:00","Belgium (BE)","4302.45","4026.69","3823.34","3807.76"
"04/05/2025 14:00:00 - 04/05/2025 15:00:00","Belgium (BE)","4474.95","4000.46","3786.18","3412.45"
"04/05/2025 15:00:00 - 04/05/2025 16:00:00","Belgium (BE)","4271.63","3788.03","3146.26","3087.52"
"04/05/2025 16:00:00 - 04/05/2025 17:00:00","Belgium (BE)","3586.20","3351.63","2754.77","2916.40"
"04/05/2025 17:00:00 - 04/05/2025 18:00:00","Belgium (BE)","2701.33","2609.51","2330.70","2452.84"
"04/05/2025 18:00:00 - 04/05/2025 19:00:00","Belgium (BE)","1683.33","1690.89","1576.32","1849.51"
"04/05/2025 19:00:00 - 04/05/2025 20:00:00","Belgium (BE)","725.39","776.81","825.34","1098.24"
"04/05/2025 20:00:00 - 04/05/2025 21:00:00","Belgium (BE)","169.35","183.65","217.33","240.42"
"04/05/2025 21:00:00 - 04/05/2025 22:00:00","Belgium (BE)","1.78","1.87","1.90","0.79"
"04/05/2025 22:00:00 - 04/05/2025 23:00:00","Belgium (BE)","0.00","0.00","0.00","0.00"
"04/05/2025 23:00:00 - 05/05/2025 00:00:00","Belgium (BE)","0.00","0.00","0.00","0.00"
"05/05/2025 00:00:00 - 05/05/2025 01:00:00","Belgium (BE)","0.00","0.00","0.00","0.00"
"05/05/2025 01:00:00 - 05/05/2025 02:00:00","Belgium (BE)","0.00","0.00","0.00","0.00"
"05/05/2025 02:00:00 - 05/05/2025 03:00:00","Belgium (BE)","0.00","0.00","0.00","0.00"
"05/05/2025 03:00:00 - 05/05/2025 04:00:00","Belgium (BE)","0.00","0.00","0.00","0.00"
"05/05/2025 04:00:00 - 05/05/2025 05:00:00","Belgium (BE)","0.00","0.00","0.00","0.00"
"05/05/2025 05:00:00 - 05/05/2025 06:00:00","Belgium (BE)","0.00","0.00","0.00","0.00"
"05/05/2025 06:00:00 - 05/05/2025 07:00:00","Belgium (BE)","87.07","89.19","89.19","103.82"
"05/05/2025 07:00:00 - 05/05/2025 08:00:00","Belgium (BE)","516.54","519.18","519.18","909.28"
"05/05/2025 08:00:00 - 05/05/2025 09:00:00","Belgium (BE)","1817.26","1818.81","2133.62","2084.64"
"05/05/2025 09:00:00 - 05/05/2025 10:00:00","Belgium (BE)","3291.56","3295.00","3534.99","3325.05"
"05/05/2025 10:00:00 - 05/05/2025 11:00:00","Belgium (BE)","3933.10","3786.51","3903.07","3676.19"
"05/05/2025 11:00:00 - 05/05/2025 12:00:00","Belgium (BE)","4186.82","3836.69","3931.36","3656.40"
"05/05/2025 12:00:00 - 05/05/2025 13:00:00","Belgium (BE)","4211.87","3723.42","3517.15","3984.85"
"05/05/2025 13:00:00 - 05/05/2025 14:00:00","Belgium (BE)","4032.52","3629.24","3638.14","4179.76"
"05/05/2025 14:00:00 - 05/05/2025 15:00:00","Belgium (BE)","3551.85","3389.47","3516.48","3822.45"
"05/05/2025 15:00:00 - 05/05/2025 16:00:00","Belgium (BE)","2933.47","2998.27","3106.30","2969.45"
"05/05/2025 16:00:00 - 05/05/2025 17:00:00","Belgium (BE)","2369.31","2501.12","2521.30","2217.70"
"05/05/2025 17:00:00 - 05/05/2025 18:00:00","Belgium (BE)","1826.28","1938.55","1869.97","1646.35"
"05/05/2025 18:00:00 - 05/05/2025 19:00:00","Belgium (BE)","1286.64","1353.53","1242.07","1142.45"
"05/05/2025 19:00:00 - 05/05/2025 20:00:00","Belgium (BE)","699.37","728.47","676.55","665.32"
"05/05/2025 20:00:00 - 05/05/2025 21:00:00","Belgium (BE)","177.88","185.21","180.19","185.86"
"05/05/2025 21:00:00 - 05/05/2025 22:00:00","Belgium (BE)","2.07","2.12","2.15","1.70"
"05/05/2025 22:00:00 - 05/05/2025 23:00:00","Belgium (BE)","0.00","0.00","0.00","0.00"
"05/05/2025 23:00:00 - 06/05/2025 00:00:00","Belgium (BE)","0.00","0.00","0.00","0.00"
"06/05/2025 00:00:00 - 06/05/2025 01:00:00","Belgium (BE)","0.00","0.00","0.00","0.00"
"06/05/2025 01:00:00 - 06/05/2025 02:00:00","Belgium (BE)","0.00","0.00","0.00","0.00"
"06/05/2025 02:00:00 - 06/05/2025 03:00:00","Belgium (BE)","0.00","0.00","0.00","0.00"
"06/05/2025 03:00:00 - 06/05/2025 04:00:00","Belgium (BE)","0.00","0.00","0.00","0.00"
"06/05/2025 04:00:00 - 06/05/2025 05:00:00","Belgium (BE)","0.00","0.00","0.00","0.00"
"06/05/2025 05:00:00 - 06/05/2025 06:00:00","Belgium (BE)","0.00","0.00","0.00","0.00"
"06/05/2025 06:00:00 - 06/05/2025 07:00:00","Belgium (BE)","96.64","94.74","94.74","111.51"
"06/05/2025 07:00:00 - 06/05/2025 08:00:00","Belgium (BE)","548.01","523.55","523.55","932.99"
"06/05/2025 08:00:00 - 06/05/2025 09:00:00","Belgium (BE)","1832.19","1890.81","2218.51","2103.44"
"06/05/2025 09:00:00 - 06/05/2025 10:00:00","Belgium (BE)","3386.02","3507.77","3716.78","3593.67"
"06/05/2025 10:00:00 - 06/05/2025 11:00:00","Belgium (BE)","4511.27","4778.23","4842.91","4593.57"
"06/05/2025 11:00:00 - 06/05/2025 12:00:00","Belgium (BE)","5209.14","5603.97","5473.87","4578.35"
"06/05/2025 12:00:00 - 06/05/2025 13:00:00","Belgium (BE)","5443.26","5919.15","4979.43","4820.15"
"06/05/2025 13:00:00 - 06/05/2025 14:00:00","Belgium (BE)","5703.40","6063.27","5221.02","5391.41"
"06/05/2025 14:00:00 - 06/05/2025 15:00:00","Belgium (BE)","5780.88","5929.24","5415.16","5962.17"
"06/05/2025 15:00:00 - 06/05/2025 16:00:00","Belgium (BE)","5165.44","5173.15","5195.90","5786.54"
"06/05/2025 16:00:00 - 06/05/2025 17:00:00","Belgium (BE)","3681.92","3729.89","4012.92","4775.45"
"06/05/2025 17:00:00 - 06/05/2025 18:00:00","Belgium (BE)","2179.40","2342.52","2760.07","3113.34"
"06/05/2025 18:00:00 - 06/05/2025 19:00:00","Belgium (BE)","1243.05","1285.43","1574.71","1685.62"
"06/05/2025 19:00:00 - 06/05/2025 20:00:00","Belgium (BE)","596.24","590.01","786.00","621.67"
"06/05/2025 20:00:00 - 06/05/2025 21:00:00","Belgium (BE)","150.55","148.52","174.98","118.97"
"06/05/2025 21:00:00 - 06/05/2025 22:00:00","Belgium (BE)","2.04","1.95","2.29","0.75"
"06/05/2025 22:00:00 - 06/05/2025 23:00:00","Belgium (BE)","0.00","0.00","0.00","0.00"
"06/05/2025 23:00:00 - 07/05/2025 00:00:00","Belgium (BE)","0.00","0.00","0.00","0.00"
"07/05/2025 00:00:00 - 07/05/2025 01:00:00","Belgium (BE)","0.00","0.00","0.00","0.00"
"07/05/2025 01:00:00 - 07/05/2025 02:00:00","Belgium (BE)","0.00","0.00","0.00","0.00"
"07/05/2025 02:00:00 - 07/05/2025 03:00:00","Belgium (BE)","0.00","0.00","0.00","0.00"
"07/05/2025 03:00:00 - 07/05/2025 04:00:00","Belgium (BE)","0.00","0.00","0.00","0.00"
"07/05/2025 04:00:00 - 07/05/2025 05:00:00","Belgium (BE)","0.00","0.00","0.00","0.00"
"07/05/2025 05:00:00 - 07/05/2025 06:00:00","Belgium (BE)","0.00","0.00","0.00","0.00"
"07/05/2025 06:00:00 - 07/05/2025 07:00:00","Belgium (BE)","103.57","84.65","84.65","51.52"
"07/05/2025 07:00:00 - 07/05/2025 08:00:00","Belgium (BE)","593.11","471.18","471.18","389.56"
"07/05/2025 08:00:00 - 07/05/2025 09:00:00","Belgium (BE)","1470.24","1178.18","1131.85","963.70"
"07/05/2025 09:00:00 - 07/05/2025 10:00:00","Belgium (BE)","2476.92","2002.22","1811.55","1646.98"
"07/05/2025 10:00:00 - 07/05/2025 11:00:00","Belgium (BE)","3372.81","2919.70","2678.48","2347.58"
"07/05/2025 11:00:00 - 07/05/2025 12:00:00","Belgium (BE)","4114.36","3955.84","3464.07","2841.24"
"07/05/2025 12:00:00 - 07/05/2025 13:00:00","Belgium (BE)","4579.44","4526.14","3535.75","3299.49"
"07/05/2025 13:00:00 - 07/05/2025 14:00:00","Belgium (BE)","4725.74","4682.25","3678.55","3705.38"
"07/05/2025 14:00:00 - 07/05/2025 15:00:00","Belgium (BE)","4577.12","4620.30","3689.83","3774.32"
"07/05/2025 15:00:00 - 07/05/2025 16:00:00","Belgium (BE)","4106.45","4151.96","3597.42","3751.43"
"07/05/2025 16:00:00 - 07/05/2025 17:00:00","Belgium (BE)","3410.71","3394.85","3242.89","3398.62"
"07/05/2025 17:00:00 - 07/05/2025 18:00:00","Belgium (BE)","2541.95","2563.56","2453.29","2536.53"
"07/05/2025 18:00:00 - 07/05/2025 19:00:00","Belgium (BE)","1644.96","1698.45","1583.35","1694.18"
"07/05/2025 19:00:00 - 07/05/2025 20:00:00","Belgium (BE)","791.29","841.17","840.82","880.68"
"07/05/2025 20:00:00 - 07/05/2025 21:00:00","Belgium (BE)","208.07","229.01","238.49","172.61"
"07/05/2025 21:00:00 - 07/05/2025 22:00:00","Belgium (BE)","4.01","4.32","3.81","0.92"
"07/05/2025 22:00:00 - 07/05/2025 23:00:00","Belgium (BE)","0.00","0.00","0.00","0.00"
"07/05/2025 23:00:00 - 08/05/2025 00:00:00","Belgium (BE)","0.00","0.00","0.00","0.00"
"08/05/2025 00:00:00 - 08/05/2025 01:00:00","Belgium (BE)","0.00","0.00","0.00","0.00"
"08/05/2025 01:00:00 - 08/05/2025 02:00:00","Belgium (BE)","0.00","0.00","0.00","0.00"
"08/05/2025 02:00:00 - 08/05/2025 03:00:00","Belgium (BE)","0.00","0.00","0.00","0.00"
"08/05/2025 03:00:00 - 08/05/2025 04:00:00","Belgium (BE)","0.00","0.00","0.00","0.00"
"08/05/2025 04:00:00 - 08/05/2025 05:00:00","Belgium (BE)","0.00","0.00","0.00","0.00"
"08/05/2025 05:00:00 - 08/05/2025 06:00:00","Belgium (BE)","0.00","0.00","0.00","0.00"
"08/05/2025 06:00:00 - 08/05/2025 07:00:00","Belgium (BE)","118.84","117.59","117.59","122.85"
"08/05/2025 07:00:00 - 08/05/2025 08:00:00","Belgium (BE)","625.56","609.95","609.95","879.55"
"08/05/2025 08:00:00 - 08/05/2025 09:00:00","Belgium (BE)","1794.76","1688.14","1911.05","1893.44"
"08/05/2025 09:00:00 - 08/05/2025 10:00:00","Belgium (BE)","3329.86","3092.16","3358.46","3203.01"
"08/05/2025 10:00:00 - 08/05/2025 11:00:00","Belgium (BE)","4611.11","4386.78","4487.14","4893.20"
"08/05/2025 11:00:00 - 08/05/2025 12:00:00","Belgium (BE)","5625.59","5426.28","5819.40","6091.26"
"08/05/2025 12:00:00 - 08/05/2025 13:00:00","Belgium (BE)","5949.88","5855.44","6149.17","5938.61"
"08/05/2025 13:00:00 - 08/05/2025 14:00:00","Belgium (BE)","5997.39","5947.93","6077.12","5513.06"
"08/05/2025 14:00:00 - 08/05/2025 15:00:00","Belgium (BE)","5756.30","5753.86","5514.71","5492.30"
"08/05/2025 15:00:00 - 08/05/2025 16:00:00","Belgium (BE)","5133.56","5192.21","5067.14","5239.10"
"08/05/2025 16:00:00 - 08/05/2025 17:00:00","Belgium (BE)","4094.44","4195.65","4359.57","4547.71"
"08/05/2025 17:00:00 - 08/05/2025 18:00:00","Belgium (BE)","2844.01","3011.34","3187.15","3246.48"
"08/05/2025 18:00:00 - 08/05/2025 19:00:00","Belgium (BE)","1785.68","1874.95","1995.70","2015.67"
"08/05/2025 19:00:00 - 08/05/2025 20:00:00","Belgium (BE)","836.22","865.65","890.86","1034.34"
"08/05/2025 20:00:00 - 08/05/2025 21:00:00","Belgium (BE)","226.38","235.50","251.76","238.42"
"08/05/2025 21:00:00 - 08/05/2025 22:00:00","Belgium (BE)","5.42","5.54","5.84","3.07"
"08/05/2025 22:00:00 - 08/05/2025 23:00:00","Belgium (BE)","0.00","0.00","0.00","0.00"
"08/05/2025 23:00:00 - 09/05/2025 00:00:00","Belgium (BE)","0.00","0.00","0.00","0.00"
"09/05/2025 00:00:00 - 09/05/2025 01:00:00","Belgium (BE)","0.00","0.00","0.00","0.00"
"09/05/2025 01:00:00 - 09/05/2025 02:00:00","Belgium (BE)","0.00","0.00","0.00","0.00"
"09/05/2025 02:00:00 - 09/05/2025 03:00:00","Belgium (BE)","0.00","0.00","0.00","0.00"
"09/05/2025 03:00:00 - 09/05/2025 04:00:00","Belgium (BE)","0.00","0.00","0.00","0.00"
"09/05/2025 04:00:00 - 09/05/2025 05:00:00","Belgium (BE)","0.00","0.00","0.00","0.00"
"09/05/2025 05:00:00 - 09/05/2025 06:00:00","Belgium (BE)","0.00","0.00","0.00","0.00"
"09/05/2025 06:00:00 - 09/05/2025 07:00:00","Belgium (BE)","116.26","114.39","114.39","152.14"
"09/05/2025 07:00:00 - 09/05/2025 08:00:00","Belgium (BE)","569.55","550.19","550.19","1026.07"
"09/05/2025 08:00:00 - 09/05/2025 09:00:00","Belgium (BE)","2100.57","2095.71","2480.95","2274.46"
"09/05/2025 09:00:00 - 09/05/2025 10:00:00","Belgium (BE)","3861.12","3876.32","4070.80","3797.35"
"09/05/2025 10:00:00 - 09/05/2025 11:00:00","Belgium (BE)","5257.92","5295.34","5229.89","5259.78"
"09/05/2025 11:00:00 - 09/05/2025 12:00:00","Belgium (BE)","6330.51","6341.37","6286.23","6342.52"
"09/05/2025 12:00:00 - 09/05/2025 13:00:00","Belgium (BE)","6917.01","6948.36","6882.22","7099.02"
"09/05/2025 13:00:00 - 09/05/2025 14:00:00","Belgium (BE)","7062.34","7159.88","7279.55","7318.76"
"09/05/2025 14:00:00 - 09/05/2025 15:00:00","Belgium (BE)","6706.74","6916.97","7014.89","7203.96"
"09/05/2025 15:00:00 - 09/05/2025 16:00:00","Belgium (BE)","5929.05","6321.46","6461.95","6550.20"
"09/05/2025 16:00:00 - 09/05/2025 17:00:00","Belgium (BE)","4788.42","5315.65","5402.45","5564.07"
"09/05/2025 17:00:00 - 09/05/2025 18:00:00","Belgium (BE)","3348.36","3825.48","3935.00","4119.79"
"09/05/2025 18:00:00 - 09/05/2025 19:00:00","Belgium (BE)","2023.83","2236.37","2368.67","2579.30"
"09/05/2025 19:00:00 - 09/05/2025 20:00:00","Belgium (BE)","842.11","874.28","931.34","1333.23"
"09/05/2025 20:00:00 - 09/05/2025 21:00:00","Belgium (BE)","214.96","217.11","242.67","340.42"
"09/05/2025 21:00:00 - 09/05/2025 22:00:00","Belgium (BE)","7.12","7.58","8.60","5.97"
"09/05/2025 22:00:00 - 09/05/2025 23:00:00","Belgium (BE)","0.00","0.00","0.00","0.00"
"09/05/2025 23:00:00 - 10/05/2025 00:00:00","Belgium (BE)","0.00","0.00","0.00","0.00"
"10/05/2025 00:00:00 - 10/05/2025 01:00:00","Belgium (BE)","0.00","0.00","0.00","0.00"
"10/05/2025 01:00:00 - 10/05/2025 02:00:00","Belgium (BE)","0.00","0.00","0.00","0.00"
"10/05/2025 02:00:00 - 10/05/2025 03:00:00","Belgium (BE)","0.00","0.00","0.00","0.00"
"10/05/2025 03:00:00 - 10/05/2025 04:00:00","Belgium (BE)","0.00","0.00","0.00","0.00"
"10/05/2025 04:00:00 - 10/05/2025 05:00:00","Belgium (BE)","0.00","0.00","0.00","0.00"
"10/05/2025 05:00:00 - 10/05/2025 06:00:00","Belgium (BE)","0.00","0.00","0.00","0.00"
"10/05/2025 06:00:00 - 10/05/2025 07:00:00","Belgium (BE)","122.56","120.67","120.67","164.20"
"10/05/2025 07:00:00 - 10/05/2025 08:00:00","Belgium (BE)","576.16","557.72","557.72","1055.64"
"10/05/2025 08:00:00 - 10/05/2025 09:00:00","Belgium (BE)","2126.74","2121.76","2529.41","2264.63"
"10/05/2025 09:00:00 - 10/05/2025 10:00:00","Belgium (BE)","3904.89","3911.47","4054.73","3765.55"
"10/05/2025 10:00:00 - 10/05/2025 11:00:00","Belgium (BE)","5306.93","5322.97","5225.58","5182.76"
"10/05/2025 11:00:00 - 10/05/2025 12:00:00","Belgium (BE)","6396.05","6373.85","6241.92","6280.78"
"10/05/2025 12:00:00 - 10/05/2025 13:00:00","Belgium (BE)","7087.46","7046.14","6952.66","7076.46"
"10/05/2025 13:00:00 - 10/05/2025 14:00:00","Belgium (BE)","7406.24","7357.46","7402.21","7329.48"
"10/05/2025 14:00:00 - 10/05/2025 15:00:00","Belgium (BE)","7239.31","7205.09","7185.18","7200.99"
"10/05/2025 15:00:00 - 10/05/2025 16:00:00","Belgium (BE)","6689.30","6652.63","6634.47","6554.40"
"10/05/2025 16:00:00 - 10/05/2025 17:00:00","Belgium (BE)","5790.78","5739.94","5694.53","5538.52"
"10/05/2025 17:00:00 - 10/05/2025 18:00:00","Belgium (BE)","4201.39","4227.36","4122.14","4097.39"
"10/05/2025 18:00:00 - 10/05/2025 19:00:00","Belgium (BE)","2332.65","2408.35","2372.13","2582.17"
"10/05/2025 19:00:00 - 10/05/2025 20:00:00","Belgium (BE)","844.28","874.05","909.62","1310.61"
"10/05/2025 20:00:00 - 10/05/2025 21:00:00","Belgium (BE)","204.18","210.32","236.25","333.41"
"10/05/2025 21:00:00 - 10/05/2025 22:00:00","Belgium (BE)","8.87","9.15","10.50","8.25"
"10/05/2025 22:00:00 - 10/05/2025 23:00:00","Belgium (BE)","0.00","0.00","0.00","0.00"
"10/05/2025 23:00:00 - 11/05/2025 00:00:00","Belgium (BE)","0.00","0.00","0.00","0.00"
"11/05/2025 00:00:00 - 11/05/2025 01:00:00","Belgium (BE)","0.00","0.00","0.00","0.00"
"11/05/2025 01:00:00 - 11/05/2025 02:00:00","Belgium (BE)","0.00","0.00","0.00","0.00"
"11/05/2025 02:00:00 - 11/05/2025 03:00:00","Belgium (BE)","0.00","0.00","0.00","0.00"
"11/05/2025 03:00:00 - 11/05/2025 04:00:00","Belgium (BE)","0.00","0.00","0.00","0.00"
"11/05/2025 04:00:00 - 11/05/2025 05:00:00","Belgium (BE)","0.00","0.00","0.00","0.00"
"11/05/2025 05:00:00 - 11/05/2025 06:00:00","Belgium (BE)","0.01","0.01","0.01","0.00"
"11/05/2025 06:00:00 - 11/05/2025 07:00:00","Belgium (BE)","129.65","127.93","127.93","177.77"
"11/05/2025 07:00:00 - 11/05/2025 08:00:00","Belgium (BE)","591.10","572.90","572.90","1056.45"
"11/05/2025 08:00:00 - 11/05/2025 09:00:00","Belgium (BE)","2125.73","2109.49","2513.10","2250.63"
"11/05/2025 09:00:00 - 11/05/2025 10:00:00","Belgium (BE)","3877.14","3849.55","4028.81","3710.15"
"11/05/2025 10:00:00 - 11/05/2025 11:00:00","Belgium (BE)","5239.49","5188.82","5107.01","5122.68"
"11/05/2025 11:00:00 - 11/05/2025 12:00:00","Belgium (BE)","6298.48","6185.89","6145.69","6155.76"
"11/05/2025 12:00:00 - 11/05/2025 13:00:00","Belgium (BE)","6912.55","6701.54","6627.72","6909.02"
"11/05/2025 13:00:00 - 11/05/2025 14:00:00","Belgium (BE)","7102.37","6761.94","6912.83","7089.77"
"11/05/2025 14:00:00 - 11/05/2025 15:00:00","Belgium (BE)","6819.36","6460.31","6697.48","6643.47"
"11/05/2025 15:00:00 - 11/05/2025 16:00:00","Belgium (BE)","6227.79","5895.35","6089.57","5758.54"
"11/05/2025 16:00:00 - 11/05/2025 17:00:00","Belgium (BE)","5292.42","5022.19","4970.59","4903.77"
"11/05/2025 17:00:00 - 11/05/2025 18:00:00","Belgium (BE)","3831.97","3709.54","3680.17","3674.07"
"11/05/2025 18:00:00 - 11/05/2025 19:00:00","Belgium (BE)","2209.72","2223.74","2215.85","2333.81"
"11/05/2025 19:00:00 - 11/05/2025 20:00:00","Belgium (BE)","861.15","892.22","911.59","1198.65"
"11/05/2025 20:00:00 - 11/05/2025 21:00:00","Belgium (BE)","223.59","238.19","257.64","289.49"
"11/05/2025 21:00:00 - 11/05/2025 22:00:00","Belgium (BE)","10.19","10.30","10.73","4.37"
"11/05/2025 22:00:00 - 11/05/2025 23:00:00","Belgium (BE)","0.00","0.00","0.00","0.00"
"11/05/2025 23:00:00 - 12/05/2025 00:00:00","Belgium (BE)","0.00","0.00","0.00","0.00"
"12/05/2025 00:00:00 - 12/05/2025 01:00:00","Belgium (BE)","0.00","0.00","0.00","0.00"
"12/05/2025 01:00:00 - 12/05/2025 02:00:00","Belgium (BE)","0.00","0.00","0.00","0.00"
"12/05/2025 02:00:00 - 12/05/2025 03:00:00","Belgium (BE)","0.00","0.00","0.00","0.00"
"12/05/2025 03:00:00 - 12/05/2025 04:00:00","Belgium (BE)","0.00","0.00","0.00","0.00"
"12/05/2025 04:00:00 - 12/05/2025 05:00:00","Belgium (BE)","0.00","0.00","0.00","0.00"
"12/05/2025 05:00:00 - 12/05/2025 06:00:00","Belgium (BE)","0.13","0.13","0.13","0.00"
"12/05/2025 06:00:00 - 12/05/2025 07:00:00","Belgium (BE)","136.76","134.34","134.34","174.56"
"12/05/2025 07:00:00 - 12/05/2025 08:00:00","Belgium (BE)","605.69","603.27","603.27","1036.92"
"12/05/2025 08:00:00 - 12/05/2025 09:00:00","Belgium (BE)","2123.41","2136.13","2526.00","2211.40"
"12/05/2025 09:00:00 - 12/05/2025 10:00:00","Belgium (BE)","3852.33","3868.77","4009.63","3694.90"
"12/05/2025 10:00:00 - 12/05/2025 11:00:00","Belgium (BE)","5177.93","5179.30","5078.45","5087.45"
"12/05/2025 11:00:00 - 12/05/2025 12:00:00","Belgium (BE)","6198.22","6105.77","6077.39","6127.22"
"12/05/2025 12:00:00 - 12/05/2025 13:00:00","Belgium (BE)","6697.17","6485.04","6770.70","6803.46"
"12/05/2025 13:00:00 - 12/05/2025 14:00:00","Belgium (BE)","6704.00","6383.64","6956.80","6676.94"
"12/05/2025 14:00:00 - 12/05/2025 15:00:00","Belgium (BE)","6321.75","5880.10","6305.15","6030.07"
"12/05/2025 15:00:00 - 12/05/2025 16:00:00","Belgium (BE)","5626.61","5103.38","4980.62","5336.97"
"12/05/2025 16:00:00 - 12/05/2025 17:00:00","Belgium (BE)","4519.09","4067.22","4138.39","4423.12"
"12/05/2025 17:00:00 - 12/05/2025 18:00:00","Belgium (BE)","3213.64","2928.72","3257.55","3201.53"
"12/05/2025 18:00:00 - 12/05/2025 19:00:00","Belgium (BE)","1933.38","1838.90","2002.92","1921.21"
"12/05/2025 19:00:00 - 12/05/2025 20:00:00","Belgium (BE)","857.65","873.82","887.36","955.43"
"12/05/2025 20:00:00 - 12/05/2025 21:00:00","Belgium (BE)","250.80","263.44","268.78","251.55"
"12/05/2025 21:00:00 - 12/05/2025 22:00:00","Belgium (BE)","10.63","10.12","10.86","15.09"
"12/05/2025 22:00:00 - 12/05/2025 23:00:00","Belgium (BE)","0.00","0.00","0.00","0.00"
"12/05/2025 23:00:00 - 13/05/2025 00:00:00","Belgium (BE)","0.00","0.00","0.00","0.00"
"13/05/2025 00:00:00 - 13/05/2025 01:00:00","Belgium (BE)","0.00","0.00","0.00","0.00"
"13/05/2025 01:00:00 - 13/05/2025 02:00:00","Belgium (BE)","0.00","0.00","0.00","0.00"
"13/05/2025 02:00:00 - 13/05/2025 03:00:00","Belgium (BE)","0.00","0.00","0.00","0.00"
"13/05/2025 03:00:00 - 13/05/2025 04:00:00","Belgium (BE)","0.00","0.00","0.00","0.00"
"13/05/2025 04:00:00 - 13/05/2025 05:00:00","Belgium (BE)","0.00","0.00","0.00","0.00"
"13/05/2025 05:00:00 - 13/05/2025 06:00:00","Belgium (BE)","0.36","0.36","0.36","0.00"
"13/05/2025 06:00:00 - 13/05/2025 07:00:00","Belgium (BE)","154.93","150.51","150.51","180.64"
"13/05/2025 07:00:00 - 13/05/2025 08:00:00","Belgium (BE)","675.67","636.97","636.97","1013.83"
"13/05/2025 08:00:00 - 13/05/2025 09:00:00","Belgium (BE)","2044.17","2056.81","2343.22","2182.07"
"13/05/2025 09:00:00 - 13/05/2025 10:00:00","Belgium (BE)","3706.91","3743.91","3852.08","3636.96"
"13/05/2025 10:00:00 - 13/05/2025 11:00:00","Belgium (BE)","5025.58","5098.10","5051.54","5062.97"
"13/05/2025 11:00:00 - 13/05/2025 12:00:00","Belgium (BE)","6014.34","6143.02","6124.23","6124.96"
"13/05/2025 12:00:00 - 13/05/2025 13:00:00","Belgium (BE)","6503.63","6695.89","6669.49","6822.92"
"13/05/2025 13:00:00 - 13/05/2025 14:00:00","Belgium (BE)","6712.83","6864.08","6945.50","6956.25"
"13/05/2025 14:00:00 - 13/05/2025 15:00:00","Belgium (BE)","6546.45","6690.36","6768.44","6646.45"
"13/05/2025 15:00:00 - 13/05/2025 16:00:00","Belgium (BE)","5978.42","6135.60","6110.63","5876.20"
"13/05/2025 16:00:00 - 13/05/2025 17:00:00","Belgium (BE)","5097.95","5286.29","5120.25","5027.15"
"13/05/2025 17:00:00 - 13/05/2025 18:00:00","Belgium (BE)","3810.46","3967.44","3818.22","3930.82"
"13/05/2025 18:00:00 - 13/05/2025 19:00:00","Belgium (BE)","2239.58","2359.86","2384.18","2518.35"
"13/05/2025 19:00:00 - 13/05/2025 20:00:00","Belgium (BE)","881.65","900.76","937.74","1334.02"
"13/05/2025 20:00:00 - 13/05/2025 21:00:00","Belgium (BE)","234.70","232.31","269.15","374.74"
"13/05/2025 21:00:00 - 13/05/2025 22:00:00","Belgium (BE)","13.83","14.30","15.97","11.81"
"13/05/2025 22:00:00 - 13/05/2025 23:00:00","Belgium (BE)","0.00","0.00","0.00","0.00"
"13/05/2025 23:00:00 - 14/05/2025 00:00:00","Belgium (BE)","0.00","0.00","0.00","0.00"
"14/05/2025 00:00:00 - 14/05/2025 01:00:00","Belgium (BE)","0.00","0.00","0.00","0.00"
"14/05/2025 01:00:00 - 14/05/2025 02:00:00","Belgium (BE)","0.00","0.00","0.00","0.00"
"14/05/2025 02:00:00 - 14/05/2025 03:00:00","Belgium (BE)","0.00","0.00","0.00","0.00"
"14/05/2025 03:00:00 - 14/05/2025 04:00:00","Belgium (BE)","0.00","0.00","0.00","0.00"
"14/05/2025 04:00:00 - 14/05/2025 05:00:00","Belgium (BE)","0.00","0.00","0.00","0.00"
"14/05/2025 05:00:00 - 14/05/2025 06:00:00","Belgium (BE)","0.73","0.79","0.79","0.00"
"14/05/2025 06:00:00 - 14/05/2025 07:00:00","Belgium (BE)","153.24","164.43","164.43","189.90"
"14/05/2025 07:00:00 - 14/05/2025 08:00:00","Belgium (BE)","638.50","660.85","660.85","1063.72"
"14/05/2025 08:00:00 - 14/05/2025 09:00:00","Belgium (BE)","2149.82","2168.25","2518.35","2250.29"
"14/05/2025 09:00:00 - 14/05/2025 10:00:00","Belgium (BE)","3859.56","3868.91","3999.85","3732.30"
"14/05/2025 10:00:00 - 14/05/2025 11:00:00","Belgium (BE)","5231.95","5290.75","5212.18","5085.59"
"14/05/2025 11:00:00 - 14/05/2025 12:00:00","Belgium (BE)","6271.63","6312.09","6139.32","6068.74"
"14/05/2025 12:00:00 - 14/05/2025 13:00:00","Belgium (BE)","6843.26","6853.06","6636.28","6717.72"
"14/05/2025 13:00:00 - 14/05/2025 14:00:00","Belgium (BE)","7037.28","6924.01","6850.03","6704.91"
"14/05/2025 14:00:00 - 14/05/2025 15:00:00","Belgium (BE)","6841.29","6537.20","6409.01","6342.45"
"14/05/2025 15:00:00 - 14/05/2025 16:00:00","Belgium (BE)","6244.23","5694.67","5616.91","5725.68"
"14/05/2025 16:00:00 - 14/05/2025 17:00:00","Belgium (BE)","5182.03","4590.10","4655.31","4908.76"
"14/05/2025 17:00:00 - 14/05/2025 18:00:00","Belgium (BE)","3736.20","3375.56","3621.94","3764.55"
"14/05/2025 18:00:00 - 14/05/2025 19:00:00","Belgium (BE)","2194.02","2108.69","2285.22","2490.29"
"14/05/2025 19:00:00 - 14/05/2025 20:00:00","Belgium (BE)","901.55","942.09","1006.27","1346.38"
"14/05/2025 20:00:00 - 14/05/2025 21:00:00","Belgium (BE)","259.17","284.89","317.65","420.19"
"14/05/2025 21:00:00 - 14/05/2025 22:00:00","Belgium (BE)","15.71","15.05","17.76","16.86"
"14/05/2025 22:00:00 - 14/05/2025 23:00:00","Belgium (BE)","0.00","0.00","0.00","0.00"
"14/05/2025 23:00:00 - 15/05/2025 00:00:00","Belgium (BE)","0.00","0.00","0.00","0.00"
"15/05/2025 00:00:00 - 15/05/2025 01:00:00","Belgium (BE)","0.00","0.00","0.00","0.00"
"15/05/2025 01:00:00 - 15/05/2025 02:00:00","Belgium (BE)","0.00","0.00","0.00","0.00"
"15/05/2025 02:00:00 - 15/05/2025 03:00:00","Belgium (BE)","0.00","0.00","0.00","0.00"
"15/05/2025 03:00:00 - 15/05/2025 04:00:00","Belgium (BE)","0.00","0.00","0.00","0.00"
"15/05/2025 04:00:00 - 15/05/2025 05:00:00","Belgium (BE)","0.00","0.00","0.00","0.00"
"15/05/2025 05:00:00 - 15/05/2025 06:00:00","Belgium (BE)","0.71","0.64","0.64","0.00"
"15/05/2025 06:00:00 - 15/05/2025 07:00:00","Belgium (BE)","146.06","139.52","139.52","81.91"
"15/05/2025 07:00:00 - 15/05/2025 08:00:00","Belgium (BE)","628.67","564.56","564.56","347.60"
"15/05/2025 08:00:00 - 15/05/2025 09:00:00","Belgium (BE)","1180.46","1107.51","940.26","578.72"
"15/05/2025 09:00:00 - 15/05/2025 10:00:00","Belgium (BE)","1839.01","1728.77","1299.90","843.32"
"15/05/2025 10:00:00 - 15/05/2025 11:00:00","Belgium (BE)","2755.52","2525.84","1791.89","1327.93"
"15/05/2025 11:00:00 - 15/05/2025 12:00:00","Belgium (BE)","3848.11","3538.77","2494.20","2129.13"
"15/05/2025 12:00:00 - 15/05/2025 13:00:00","Belgium (BE)","4794.02","4458.31","3269.73","3187.78"
"15/05/2025 13:00:00 - 15/05/2025 14:00:00","Belgium (BE)","5374.99","4995.71","3901.59","3921.77"
"15/05/2025 14:00:00 - 15/05/2025 15:00:00","Belgium (BE)","5500.91","5230.60","3952.12","4209.38"
"15/05/2025 15:00:00 - 15/05/2025 16:00:00","Belgium (BE)","5136.22","5075.79","3946.59","4133.98"
"15/05/2025 16:00:00 - 15/05/2025 17:00:00","Belgium (BE)","4379.88","4513.68","3887.26","3677.91"
"15/05/2025 17:00:00 - 15/05/2025 18:00:00","Belgium (BE)","3326.23","3580.33","3238.84","3091.35"
"15/05/2025 18:00:00 - 15/05/2025 19:00:00","Belgium (BE)","2102.40","2289.31","2140.68","2399.73"
"15/05/2025 19:00:00 - 15/05/2025 20:00:00","Belgium (BE)","901.40","935.44","996.11","1385.20"
"15/05/2025 20:00:00 - 15/05/2025 21:00:00","Belgium (BE)","254.06","254.60","300.14","420.59"
"15/05/2025 21:00:00 - 15/05/2025 22:00:00","Belgium (BE)","17.32","18.09","21.06","18.37"
"15/05/2025 22:00:00 - 15/05/2025 23:00:00","Belgium (BE)","0.00","0.00","0.00","0.00"
"15/05/2025 23:00:00 - 16/05/2025 00:00:00","Belgium (BE)","0.00","0.00","0.00","0.00"
"16/05/2025 00:00:00 - 16/05/2025 01:00:00","Belgium (BE)","0.00","0.00","0.00","0.00"
"16/05/2025 01:00:00 - 16/05/2025 02:00:00","Belgium (BE)","0.00","0.00","0.00","0.00"
"16/05/2025 02:00:00 - 16/05/2025 03:00:00","Belgium (BE)","0.00","0.00","0.00","0.00"
"16/05/2025 03:00:00 - 16/05/2025 04:00:00","Belgium (BE)","0.00","0.00","0.00","0.00"
"16/05/2025 04:00:00 - 16/05/2025 05:00:00","Belgium (BE)","0.00","0.00","0.00","0.00"
"16/05/2025 05:00:00 - 16/05/2025 06:00:00","Belgium (BE)","1.95","1.98","1.98","0.00"
"16/05/2025 06:00:00 - 16/05/2025 07:00:00","Belgium (BE)","174.97","176.73","176.73","234.77"
"16/05/2025 07:00:00 - 16/05/2025 08:00:00","Belgium (BE)","681.80","702.05","702.05","1153.90"
"16/05/2025 08:00:00 - 16/05/2025 09:00:00","Belgium (BE)","2176.39","2211.28","2616.20","2355.79"
"16/05/2025 09:00:00 - 16/05/2025 10:00:00","Belgium (BE)","3844.79","3884.73","4013.07","3819.88"
"16/05/2025 10:00:00 - 16/05/2025 11:00:00","Belgium (BE)","5262.56","5298.34","5273.49","5088.45"
"16/05/2025 11:00:00 - 16/05/2025 12:00:00","Belgium (BE)","6337.88","6353.67","6168.91","5907.37"
"16/05/2025 12:00:00 - 16/05/2025 13:00:00","Belgium (BE)","6993.79","6967.72","6521.00","6604.28"
"16/05/2025 13:00:00 - 16/05/2025 14:00:00","Belgium (BE)","7262.51","7194.53","6789.04","6801.81"
"16/05/2025 14:00:00 - 16/05/2025 15:00:00","Belgium (BE)","7101.23","7033.32","6609.74","6716.08"
"16/05/2025 15:00:00 - 16/05/2025 16:00:00","Belgium (BE)","6520.61","6480.45","6151.91","6146.14"
"16/05/2025 16:00:00 - 16/05/2025 17:00:00","Belgium (BE)","5499.92","5489.78","5183.27","5263.70"
"16/05/2025 17:00:00 - 16/05/2025 18:00:00","Belgium (BE)","3950.35","4008.96","3823.13","3848.88"
"16/05/2025 18:00:00 - 16/05/2025 19:00:00","Belgium (BE)","2256.28","2334.32","2232.36","2260.68"
"16/05/2025 19:00:00 - 16/05/2025 20:00:00","Belgium (BE)","915.07","936.85","963.58","1006.60"
"16/05/2025 20:00:00 - 16/05/2025 21:00:00","Belgium (BE)","272.04","274.98","290.43","205.93"
"16/05/2025 21:00:00 - 16/05/2025 22:00:00","Belgium (BE)","18.99","19.41","18.04","3.82"
"16/05/2025 22:00:00 - 16/05/2025 23:00:00","Belgium (BE)","0.00","0.00","0.00","0.00"
"16/05/2025 23:00:00 - 17/05/2025 00:00:00","Belgium (BE)","0.00","0.00","0.00","0.00"
"17/05/2025 00:00:00 - 17/05/2025 01:00:00","Belgium (BE)","0.00","0.00","0.00","0.00"
"17/05/2025 01:00:00 - 17/05/2025 02:00:00","Belgium (BE)","0.00","0.00","0.00","0.00"
"17/05/2025 02:00:00 - 17/05/2025 03:00:00","Belgium (BE)","0.00","0.00","0.00","0.00"
"17/05/2025 03:00:00 - 17/05/2025 04:00:00","Belgium (BE)","0.00","0.00","0.00","0.00"
"17/05/2025 04:00:00 - 17/05/2025 05:00:00","Belgium (BE)","0.00","0.00","0.00","0.00"
"17/05/2025 05:00:00 - 17/05/2025 06:00:00","Belgium (BE)","2.37","1.85","1.85","0.00"
"17/05/2025 06:00:00 - 17/05/2025 07:00:00","Belgium (BE)","199.38","174.86","174.86","163.52"
"17/05/2025 07:00:00 - 17/05/2025 08:00:00","Belgium (BE)","754.41","695.31","695.31","856.38"
"17/05/2025 08:00:00 - 17/05/2025 09:00:00","Belgium (BE)","1996.32","1842.19","2013.05","1743.83"
"17/05/2025 09:00:00 - 17/05/2025 10:00:00","Belgium (BE)","3494.48","3190.32","3175.22","2901.92"
"17/05/2025 10:00:00 - 17/05/2025 11:00:00","Belgium (BE)","4796.52","4337.03","4176.96","3892.50"
"17/05/2025 11:00:00 - 17/05/2025 12:00:00","Belgium (BE)","5597.01","5132.73","4748.30","4517.42"
"17/05/2025 12:00:00 - 17/05/2025 13:00:00","Belgium (BE)","5799.38","5420.35","4787.54","4864.63"
"17/05/2025 13:00:00 - 17/05/2025 14:00:00","Belgium (BE)","5723.33","5454.93","4949.89","4850.09"
"17/05/2025 14:00:00 - 17/05/2025 15:00:00","Belgium (BE)","5344.30","5306.96","4707.65","4759.41"
"17/05/2025 15:00:00 - 17/05/2025 16:00:00","Belgium (BE)","4812.42","4872.48","4421.65","4550.17"
"17/05/2025 16:00:00 - 17/05/2025 17:00:00","Belgium (BE)","4084.24","4171.22","4009.55","4212.71"
"17/05/2025 17:00:00 - 17/05/2025 18:00:00","Belgium (BE)","3163.98","3255.51","3315.96","3529.90"
"17/05/2025 18:00:00 - 17/05/2025 19:00:00","Belgium (BE)","2065.19","2150.78","2251.33","2495.70"
"17/05/2025 19:00:00 - 17/05/2025 20:00:00","Belgium (BE)","939.67","961.56","1053.75","1424.15"
"17/05/2025 20:00:00 - 17/05/2025 21:00:00","Belgium (BE)","279.98","282.75","334.75","450.42"
"17/05/2025 21:00:00 - 17/05/2025 22:00:00","Belgium (BE)","21.96","22.40","26.15","23.45"
"17/05/2025 22:00:00 - 17/05/2025 23:00:00","Belgium (BE)","0.00","0.00","0.00","0.00"
"17/05/2025 23:00:00 - 18/05/2025 00:00:00","Belgium (BE)","0.00","0.00","0.00","0.00"
"18/05/2025 00:00:00 - 18/05/2025 01:00:00","Belgium (BE)","0.00","0.00","0.00","0.00"
"18/05/2025 01:00:00 - 18/05/2025 02:00:00","Belgium (BE)","0.00","0.00","0.00","0.00"
"18/05/2025 02:00:00 - 18/05/2025 03:00:00","Belgium (BE)","0.00","0.00","0.00","0.00"
"18/05/2025 03:00:00 - 18/05/2025 04:00:00","Belgium (BE)","0.00","0.00","0.00","0.00"
"18/05/2025 04:00:00 - 18/05/2025 05:00:00","Belgium (BE)","0.00","0.00","0.00","0.00"
"18/05/2025 05:00:00 - 18/05/2025 06:00:00","Belgium (BE)","1.52","1.38","1.38","0.00"
"18/05/2025 06:00:00 - 18/05/2025 07:00:00","Belgium (BE)","136.24","126.16","126.16","8.46"
"18/05/2025 07:00:00 - 18/05/2025 08:00:00","Belgium (BE)","548.56","442.13","442.13","120.36"
"18/05/2025 08:00:00 - 18/05/2025 09:00:00","Belgium (BE)","1040.82","932.78","691.03","321.54"
"18/05/2025 09:00:00 - 18/05/2025 10:00:00","Belgium (BE)","1656.15","1532.49","1013.46","660.22"
"18/05/2025 10:00:00 - 18/05/2025 11:00:00","Belgium (BE)","2445.96","2264.48","1537.15","1102.20"
"18/05/2025 11:00:00 - 18/05/2025 12:00:00","Belgium (BE)","3247.81","2964.14","1927.67","1554.07"
"18/05/2025 12:00:00 - 18/05/2025 13:00:00","Belgium (BE)","3898.60","3496.62","2270.85","1911.67"
"18/05/2025 13:00:00 - 18/05/2025 14:00:00","Belgium (BE)","4232.33","3775.52","2512.55","2110.11"
"18/05/2025 14:00:00 - 18/05/2025 15:00:00","Belgium (BE)","4217.05","3814.36","2542.18","2373.93"
"18/05/2025 15:00:00 - 18/05/2025 16:00:00","Belgium (BE)","3922.40","3610.11","2609.18","2617.88"
"18/05/2025 16:00:00 - 18/05/2025 17:00:00","Belgium (BE)","3362.09","3100.35","2573.73","2793.84"
"18/05/2025 17:00:00 - 18/05/2025 18:00:00","Belgium (BE)","2622.51","2483.24","2409.22","2558.71"
"18/05/2025 18:00:00 - 18/05/2025 19:00:00","Belgium (BE)","1764.52","1764.02","1804.94","1901.22"
"18/05/2025 19:00:00 - 18/05/2025 20:00:00","Belgium (BE)","936.76","961.82","994.89","1137.01"
"18/05/2025 20:00:00 - 18/05/2025 21:00:00","Belgium (BE)","317.88","329.45","345.76","350.36"
"18/05/2025 21:00:00 - 18/05/2025 22:00:00","Belgium (BE)","22.78","23.29","23.75","19.01"
"18/05/2025 22:00:00 - 18/05/2025 23:00:00","Belgium (BE)","0.00","0.00","0.00","0.00"
"18/05/2025 23:00:00 - 19/05/2025 00:00:00","Belgium (BE)","0.00","0.00","0.00","0.00"
"19/05/2025 00:00:00 - 19/05/2025 01:00:00","Belgium (BE)","0.00","0.00","0.00","0.00"
"19/05/2025 01:00:00 - 19/05/2025 02:00:00","Belgium (BE)","0.00","0.00","0.00","0.00"
"19/05/2025 02:00:00 - 19/05/2025 03:00:00","Belgium (BE)","0.00","0.00","0.00","0.00"
"19/05/2025 03:00:00 - 19/05/2025 04:00:00","Belgium (BE)","0.00","0.00","0.00","0.00"
"19/05/2025 04:00:00 - 19/05/2025 05:00:00","Belgium (BE)","0.00","0.00","0.00","0.00"
"19/05/2025 05:00:00 - 19/05/2025 06:00:00","Belgium (BE)","4.29","4.41","4.41","0.00"
"19/05/2025 06:00:00 - 19/05/2025 07:00:00","Belgium (BE)","201.84","202.65","202.65","211.84"
"19/05/2025 07:00:00 - 19/05/2025 08:00:00","Belgium (BE)","731.09","710.63","710.63","1007.92"
"19/05/2025 08:00:00 - 19/05/2025 09:00:00","Belgium (BE)","2144.50","2144.32","2397.50","2177.65"
"19/05/2025 09:00:00 - 19/05/2025 10:00:00","Belgium (BE)","3770.23","3772.93","3829.40","3705.24"
"19/05/2025 10:00:00 - 19/05/2025 11:00:00","Belgium (BE)","5096.55","5106.71","5063.39","5124.34"
"19/05/2025 11:00:00 - 19/05/2025 12:00:00","Belgium (BE)","5836.66","5872.91","5848.82","5791.41"
"19/05/2025 12:00:00 - 19/05/2025 13:00:00","Belgium (BE)","5973.46","6071.38","6135.37","5675.15"
"19/05/2025 13:00:00 - 19/05/2025 14:00:00","Belgium (BE)","6052.16","6127.57","5844.74","5750.87"
"19/05/2025 14:00:00 - 19/05/2025 15:00:00","Belgium (BE)","5947.73","6019.84","5630.57","5839.49"
"19/05/2025 15:00:00 - 19/05/2025 16:00:00","Belgium (BE)","5538.29","5503.37","5341.17","5755.16"
"19/05/2025 16:00:00 - 19/05/2025 17:00:00","Belgium (BE)","4743.38","4639.18","4805.80","5139.35"
"19/05/2025 17:00:00 - 19/05/2025 18:00:00","Belgium (BE)","3628.36","3506.49","3791.46","3856.41"
"19/05/2025 18:00:00 - 19/05/2025 19:00:00","Belgium (BE)","2219.93","2216.60","2366.05","2519.27"
"19/05/2025 19:00:00 - 19/05/2025 20:00:00","Belgium (BE)","949.84","973.19","1057.42","1358.40"
"19/05/2025 20:00:00 - 19/05/2025 21:00:00","Belgium (BE)","285.27","295.56","342.78","460.26"
"19/05/2025 21:00:00 - 19/05/2025 22:00:00","Belgium (BE)","27.49","27.69","32.03","38.30"
"19/05/2025 22:00:00 - 19/05/2025 23:00:00","Belgium (BE)","0.00","0.00","0.00","0.00"
"19/05/2025 23:00:00 - 20/05/2025 00:00:00","Belgium (BE)","0.00","0.00","0.00","0.00"
"20/05/2025 00:00:00 - 20/05/2025 01:00:00","Belgium (BE)","0.00","0.00","0.00","0.00"
"20/05/2025 01:00:00 - 20/05/2025 02:00:00","Belgium (BE)","0.00","0.00","0.00","0.00"
"20/05/2025 02:00:00 - 20/05/2025 03:00:00","Belgium (BE)","0.00","0.00","0.00","0.00"
"20/05/2025 03:00:00 - 20/05/2025 04:00:00","Belgium (BE)","0.00","0.00","0.00","0.00"
"20/05/2025 04:00:00 - 20/05/2025 05:00:00","Belgium (BE)","0.00","0.00","0.00","0.00"
"20/05/2025 05:00:00 - 20/05/2025 06:00:00","Belgium (BE)","5.21","5.11","5.11","0.00"
"20/05/2025 06:00:00 - 20/05/2025 07:00:00","Belgium (BE)","210.40","219.30","219.30","243.49"
"20/05/2025 07:00:00 - 20/05/2025 08:00:00","Belgium (BE)","739.55","746.07","746.07","1091.83"
"20/05/2025 08:00:00 - 20/05/2025 09:00:00","Belgium (BE)","2153.49","2124.87","2433.75","2202.21"
"20/05/2025 09:00:00 - 20/05/2025 10:00:00","Belgium (BE)","3731.10","3699.21","3792.01","3631.18"
"20/05/2025 10:00:00 - 20/05/2025 11:00:00","Belgium (BE)","5056.21","5062.34","5030.79","5007.45"
"20/05/2025 11:00:00 - 20/05/2025 12:00:00","Belgium (BE)","5855.83","5938.86","5913.60","5931.29"
"20/05/2025 12:00:00 - 20/05/2025 13:00:00","Belgium (BE)","5799.89","5948.99","6167.16","5591.32"
"20/05/2025 13:00:00 - 20/05/2025 14:00:00","Belgium (BE)","5574.52","5740.68","5609.59","5650.82"
"20/05/2025 14:00:00 - 20/05/2025 15:00:00","Belgium (BE)","5238.54","5456.52","5470.69","5773.80"
"20/05/2025 15:00:00 - 20/05/2025 16:00:00","Belgium (BE)","4862.14","5072.60","5401.60","5522.84"
"20/05/2025 16:00:00 - 20/05/2025 17:00:00","Belgium (BE)","4206.13","4459.52","4731.08","4808.67"
"20/05/2025 17:00:00 - 20/05/2025 18:00:00","Belgium (BE)","3278.28","3562.83","3701.79","3701.84"
"20/05/2025 18:00:00 - 20/05/2025 19:00:00","Belgium (BE)","2114.25","2314.31","2369.56","2466.37"
"20/05/2025 19:00:00 - 20/05/2025 20:00:00","Belgium (BE)","973.67","999.00","1096.54","1352.08"
"20/05/2025 20:00:00 - 20/05/2025 21:00:00","Belgium (BE)","314.16","304.04","351.20","420.38"
"20/05/2025 21:00:00 - 20/05/2025 22:00:00","Belgium (BE)","29.46","30.92","38.21","20.73"
"20/05/2025 22:00:00 - 20/05/2025 23:00:00","Belgium (BE)","0.00","0.00","0.00","0.00"
"20/05/2025 23:00:00 - 21/05/2025 00:00:00","Belgium (BE)","0.00","0.00","0.00","0.00"
"21/05/2025 00:00:00 - 21/05/2025 01:00:00","Belgium (BE)","0.00","0.00","0.00","0.00"
"21/05/2025 01:00:00 - 21/05/2025 02:00:00","Belgium (BE)","0.00","0.00","0.00","0.00"
"21/05/2025 02:00:00 - 21/05/2025 03:00:00","Belgium (BE)","0.00","0.00","0.00","0.00"
"21/05/2025 03:00:00 - 21/05/2025 04:00:00","Belgium (BE)","0.00","0.00","0.00","0.00"
"21/05/2025 04:00:00 - 21/05/2025 05:00:00","Belgium (BE)","0.00","0.00","0.00","0.00"
"21/05/2025 05:00:00 - 21/05/2025 06:00:00","Belgium (BE)","4.35","4.51","4.51","0.17"
"21/05/2025 06:00:00 - 21/05/2025 07:00:00","Belgium (BE)","228.04","231.92","231.92","247.12"
"21/05/2025 07:00:00 - 21/05/2025 08:00:00","Belgium (BE)","784.75","782.63","782.63","940.19"
"21/05/2025 08:00:00 - 21/05/2025 09:00:00","Belgium (BE)","1573.17","1514.26","1726.08","1813.21"
"21/05/2025 09:00:00 - 21/05/2025 10:00:00","Belgium (BE)","2572.76","2325.73","2630.13","2611.77"
"21/05/2025 10:00:00 - 21/05/2025 11:00:00","Belgium (BE)","3449.53","2930.28","3298.98","3002.44"
"21/05/2025 11:00:00 - 21/05/2025 12:00:00","Belgium (BE)","4080.70","3336.01","3308.99","3458.09"
"21/05/2025 12:00:00 - 21/05/2025 13:00:00","Belgium (BE)","4236.74","3533.26","3478.55","4572.21"
"21/05/2025 13:00:00 - 21/05/2025 14:00:00","Belgium (BE)","3967.44","3493.11","4383.10","5266.47"
"21/05/2025 14:00:00 - 21/05/2025 15:00:00","Belgium (BE)","3599.82","3335.27","4966.57","5268.34"
"21/05/2025 15:00:00 - 21/05/2025 16:00:00","Belgium (BE)","3183.38","3086.70","4371.91","4319.01"
"21/05/2025 16:00:00 - 21/05/2025 17:00:00","Belgium (BE)","2742.45","2725.52","3359.03","3254.90"
"21/05/2025 17:00:00 - 21/05/2025 18:00:00","Belgium (BE)","2201.71","2195.68","2412.02","2372.24"
"21/05/2025 18:00:00 - 21/05/2025 19:00:00","Belgium (BE)","1546.84","1550.52","1592.05","1700.55"
"21/05/2025 19:00:00 - 21/05/2025 20:00:00","Belgium (BE)","901.47","950.55","993.98","1047.44"
"21/05/2025 20:00:00 - 21/05/2025 21:00:00","Belgium (BE)","344.44","363.65","390.80","423.38"
"21/05/2025 21:00:00 - 21/05/2025 22:00:00","Belgium (BE)","28.53","28.89","30.90","55.07"
"21/05/2025 22:00:00 - 21/05/2025 23:00:00","Belgium (BE)","0.00","0.00","0.00","0.00"
"21/05/2025 23:00:00 - 22/05/2025 00:00:00","Belgium (BE)","0.00","0.00","0.00","0.00"
"22/05/2025 00:00:00 - 22/05/2025 01:00:00","Belgium (BE)","0.00","0.00","0.00","0.00"
"22/05/2025 01:00:00 - 22/05/2025 02:00:00","Belgium (BE)","0.00","0.00","0.00","0.00"
"22/05/2025 02:00:00 - 22/05/2025 03:00:00","Belgium (BE)","0.00","0.00","0.00","0.00"
"22/05/2025 03:00:00 - 22/05/2025 04:00:00","Belgium (BE)","0.00","0.00","0.00","0.00"
"22/05/2025 04:00:00 - 22/05/2025 05:00:00","Belgium (BE)","0.00","0.00","0.00","0.00"
"22/05/2025 05:00:00 - 22/05/2025 06:00:00","Belgium (BE)","5.14","4.54","4.54","0.15"
"22/05/2025 06:00:00 - 22/05/2025 07:00:00","Belgium (BE)","236.61","217.63","217.63","160.26"
"22/05/2025 07:00:00 - 22/05/2025 08:00:00","Belgium (BE)","778.49","693.43","693.43","756.45"
"22/05/2025 08:00:00 - 22/05/2025 09:00:00","Belgium (BE)","1424.63","1433.76","1535.14","1530.07"
"22/05/2025 09:00:00 - 22/05/2025 10:00:00","Belgium (BE)","1848.52","1962.53","1956.22","1698.80"
"22/05/2025 10:00:00 - 22/05/2025 11:00:00","Belgium (BE)","2195.98","2090.05","1965.58","1615.26"
"22/05/2025 11:00:00 - 22/05/2025 12:00:00","Belgium (BE)","2819.63","2018.61","1676.40","1803.18"
"22/05/2025 12:00:00 - 22/05/2025 13:00:00","Belgium (BE)","3830.61","2079.20","2133.53","2563.61"
"22/05/2025 13:00:00 - 22/05/2025 14:00:00","Belgium (BE)","4771.96","2430.57","2995.43","3341.21"
"22/05/2025 14:00:00 - 22/05/2025 15:00:00","Belgium (BE)","5241.20","3077.13","3690.01","4088.87"
"22/05/2025 15:00:00 - 22/05/2025 16:00:00","Belgium (BE)","5352.95","3730.58","4291.62","4283.77"
"22/05/2025 16:00:00 - 22/05/2025 17:00:00","Belgium (BE)","4867.04","3845.03","4094.81","4189.07"
"22/05/2025 17:00:00 - 22/05/2025 18:00:00","Belgium (BE)","3692.46","3269.85","3436.47","3445.92"
"22/05/2025 18:00:00 - 22/05/2025 19:00:00","Belgium (BE)","2286.35","2216.59","2248.94","2313.08"
"22/05/2025 19:00:00 - 22/05/2025 20:00:00","Belgium (BE)","1037.42","1060.20","1123.80","1317.90"
"22/05/2025 20:00:00 - 22/05/2025 21:00:00","Belgium (BE)","339.63","347.38","388.81","464.01"
"22/05/2025 21:00:00 - 22/05/2025 22:00:00","Belgium (BE)","39.86","39.62","43.44","37.85"
"22/05/2025 22:00:00 - 22/05/2025 23:00:00","Belgium (BE)","0.00","0.00","0.00","0.00"
"22/05/2025 23:00:00 - 23/05/2025 00:00:00","Belgium (BE)","0.00","0.00","0.00","0.00"
"23/05/2025 00:00:00 - 23/05/2025 01:00:00","Belgium (BE)","0.00","0.00","0.00","0.00"
"23/05/2025 01:00:00 - 23/05/2025 02:00:00","Belgium (BE)","0.00","0.00","0.00","0.00"
"23/05/2025 02:00:00 - 23/05/2025 03:00:00","Belgium (BE)","0.00","0.00","0.00","0.00"
"23/05/2025 03:00:00 - 23/05/2025 04:00:00","Belgium (BE)","0.00","0.00","0.00","0.00"
"23/05/2025 04:00:00 - 23/05/2025 05:00:00","Belgium (BE)","0.00","0.00","0.00","0.00"
"23/05/2025 05:00:00 - 23/05/2025 06:00:00","Belgium (BE)","6.44","6.63","6.63","1.08"
"23/05/2025 06:00:00 - 23/05/2025 07:00:00","Belgium (BE)","247.18","248.89","248.89","252.44"
"23/05/2025 07:00:00 - 23/05/2025 08:00:00","Belgium (BE)","796.19","789.23","789.23","990.15"
"23/05/2025 08:00:00 - 23/05/2025 09:00:00","Belgium (BE)","1643.06","1766.45","1923.73","1881.95"
"23/05/2025 09:00:00 - 23/05/2025 10:00:00","Belgium (BE)","2466.22","2686.40","2759.82","2587.46"
"23/05/2025 10:00:00 - 23/05/2025 11:00:00","Belgium (BE)","2981.26","3182.18","3118.97","3317.22"
"23/05/2025 11:00:00 - 23/05/2025 12:00:00","Belgium (BE)","3327.30","3571.87","3599.42","3957.42"
"23/05/2025 12:00:00 - 23/05/2025 13:00:00","Belgium (BE)","3661.04","3926.83","4224.72","4578.68"
"23/05/2025 13:00:00 - 23/05/2025 14:00:00","Belgium (BE)","3900.78","4225.51","4769.28","4815.78"
"23/05/2025 14:00:00 - 23/05/2025 15:00:00","Belgium (BE)","4043.10","4329.21","4860.94","4674.41"
"23/05/2025 15:00:00 - 23/05/2025 16:00:00","Belgium (BE)","3863.64","4278.57","4616.98","4515.55"
"23/05/2025 16:00:00 - 23/05/2025 17:00:00","Belgium (BE)","3542.53","3833.99","4006.93","4376.26"
"23/05/2025 17:00:00 - 23/05/2025 18:00:00","Belgium (BE)","2909.76","3170.64","3478.97","3594.99"
"23/05/2025 18:00:00 - 23/05/2025 19:00:00","Belgium (BE)","1945.91","2206.90","2350.86","2421.43"
"23/05/2025 19:00:00 - 23/05/2025 20:00:00","Belgium (BE)","1036.51","1085.36","1170.42","1411.75"
"23/05/2025 20:00:00 - 23/05/2025 21:00:00","Belgium (BE)","381.88","372.37","431.77","463.97"
"23/05/2025 21:00:00 - 23/05/2025 22:00:00","Belgium (BE)","40.43","42.52","47.01","26.47"
"23/05/2025 22:00:00 - 23/05/2025 23:00:00","Belgium (BE)","0.00","0.00","0.00","0.00"
"23/05/2025 23:00:00 - 24/05/2025 00:00:00","Belgium (BE)","0.00","0.00","0.00","0.00"
"24/05/2025 00:00:00 - 24/05/2025 01:00:00","Belgium (BE)","0.00","0.00","0.00","0.00"
"24/05/2025 01:00:00 - 24/05/2025 02:00:00","Belgium (BE)","0.00","0.00","0.00","0.00"
"24/05/2025 02:00:00 - 24/05/2025 03:00:00","Belgium (BE)","0.00","0.00","0.00","0.00"
"24/05/2025 03:00:00 - 24/05/2025 04:00:00","Belgium (BE)","0.00","0.00","0.00","0.00"
"24/05/2025 04:00:00 - 24/05/2025 05:00:00","Belgium (BE)","0.00","0.00","0.00","0.00"
"24/05/2025 05:00:00 - 24/05/2025 06:00:00","Belgium (BE)","4.37","4.40","4.40","2.19"
"24/05/2025 06:00:00 - 24/05/2025 07:00:00","Belgium (BE)","177.15","180.70","180.70","168.87"
"24/05/2025 07:00:00 - 24/05/2025 08:00:00","Belgium (BE)","599.97","588.74","588.74","651.82"
"24/05/2025 08:00:00 - 24/05/2025 09:00:00","Belgium (BE)","920.39","920.11","934.50","1223.48"
"24/05/2025 09:00:00 - 24/05/2025 10:00:00","Belgium (BE)","1183.64","1151.37","1291.53","1896.12"
"24/05/2025 10:00:00 - 24/05/2025 11:00:00","Belgium (BE)","1375.17","1229.06","1842.41","2383.92"
"24/05/2025 11:00:00 - 24/05/2025 12:00:00","Belgium (BE)","1311.36","1144.55","2063.21","2221.89"
"24/05/2025 12:00:00 - 24/05/2025 13:00:00","Belgium (BE)","1143.10","1005.20","1813.62","1666.03"
"24/05/2025 13:00:00 - 24/05/2025 14:00:00","Belgium (BE)","1015.44","939.85","1389.82","1280.57"
"24/05/2025 14:00:00 - 24/05/2025 15:00:00","Belgium (BE)","928.19","882.85","1088.47","1024.17"
"24/05/2025 15:00:00 - 24/05/2025 16:00:00","Belgium (BE)","867.92","843.50","908.73","735.31"
"24/05/2025 16:00:00 - 24/05/2025 17:00:00","Belgium (BE)","855.25","866.23","753.04","565.54"
"24/05/2025 17:00:00 - 24/05/2025 18:00:00","Belgium (BE)","802.60","826.32","615.53","419.70"
"24/05/2025 18:00:00 - 24/05/2025 19:00:00","Belgium (BE)","695.96","757.84","494.75","314.32"
"24/05/2025 19:00:00 - 24/05/2025 20:00:00","Belgium (BE)","499.42","546.32","347.10","212.64"
"24/05/2025 20:00:00 - 24/05/2025 21:00:00","Belgium (BE)","202.79","220.61","145.03","70.58"
"24/05/2025 21:00:00 - 24/05/2025 22:00:00","Belgium (BE)","18.19","19.78","14.17","3.63"
"24/05/2025 22:00:00 - 24/05/2025 23:00:00","Belgium (BE)","0.00","0.00","0.00","0.00"
"24/05/2025 23:00:00 - 25/05/2025 00:00:00","Belgium (BE)","0.00","0.00","0.00","0.00"
"25/05/2025 00:00:00 - 25/05/2025 01:00:00","Belgium (BE)","0.00","0.00","0.00","0.00"
"25/05/2025 01:00:00 - 25/05/2025 02:00:00","Belgium (BE)","0.00","0.00","0.00","0.00"
"25/05/2025 02:00:00 - 25/05/2025 03:00:00","Belgium (BE)","0.00","0.00","0.00","0.00"
"25/05/2025 03:00:00 - 25/05/2025 04:00:00","Belgium (BE)","0.00","0.00","0.00","0.00"
"25/05/2025 04:00:00 - 25/05/2025 05:00:00","Belgium (BE)","0.00","0.00","0.00","0.00"
"25/05/2025 05:00:00 - 25/05/2025 06:00:00","Belgium (BE)","2.71","2.28","2.28","0.03"
"25/05/2025 06:00:00 - 25/05/2025 07:00:00","Belgium (BE)","107.52","85.31","85.31","40.80"
"25/05/2025 07:00:00 - 25/05/2025 08:00:00","Belgium (BE)","373.32","279.25","279.25","235.86"
"25/05/2025 08:00:00 - 25/05/2025 09:00:00","Belgium (BE)","632.39","510.18","459.16","505.14"
"25/05/2025 09:00:00 - 25/05/2025 10:00:00","Belgium (BE)","1021.97","909.84","822.86","976.29"
"25/05/2025 10:00:00 - 25/05/2025 11:00:00","Belgium (BE)","1880.70","1787.79","1722.80","2045.81"
"25/05/2025 11:00:00 - 25/05/2025 12:00:00","Belgium (BE)","3128.21","3049.97","3253.67","3385.63"
"25/05/2025 12:00:00 - 25/05/2025 13:00:00","Belgium (BE)","3931.41","3868.03","4289.63","4284.38"
"25/05/2025 13:00:00 - 25/05/2025 14:00:00","Belgium (BE)","4099.38","4163.23","4555.04","4195.67"
"25/05/2025 14:00:00 - 25/05/2025 15:00:00","Belgium (BE)","4129.77","4094.06","4209.20","3726.03"
"25/05/2025 15:00:00 - 25/05/2025 16:00:00","Belgium (BE)","4175.47","4006.73","3761.94","3309.59"
"25/05/2025 16:00:00 - 25/05/2025 17:00:00","Belgium (BE)","3678.04","3536.59","3055.75","3217.19"
"25/05/2025 17:00:00 - 25/05/2025 18:00:00","Belgium (BE)","2765.14","2861.10","2682.73","3048.64"
"25/05/2025 18:00:00 - 25/05/2025 19:00:00","Belgium (BE)","1823.23","1992.65","2034.74","1694.24"
"25/05/2025 19:00:00 - 25/05/2025 20:00:00","Belgium (BE)","1019.18","1067.25","1023.69","740.92"
"25/05/2025 20:00:00 - 25/05/2025 21:00:00","Belgium (BE)","404.56","405.76","375.76","333.04"
"25/05/2025 21:00:00 - 25/05/2025 22:00:00","Belgium (BE)","43.84","46.33","41.09","44.93"
"25/05/2025 22:00:00 - 25/05/2025 23:00:00","Belgium (BE)","0.00","0.00","0.00","0.00"
"25/05/2025 23:00:00 - 26/05/2025 00:00:00","Belgium (BE)","0.00","0.00","0.00","0.00"
"26/05/2025 00:00:00 - 26/05/2025 01:00:00","Belgium (BE)","0.00","0.00","0.00","0.00"
"26/05/2025 01:00:00 - 26/05/2025 02:00:00","Belgium (BE)","0.00","0.00","0.00","0.00"
"26/05/2025 02:00:00 - 26/05/2025 03:00:00","Belgium (BE)","0.00","0.00","0.00","0.00"
"26/05/2025 03:00:00 - 26/05/2025 04:00:00","Belgium (BE)","0.00","0.00","0.00","0.00"
"26/05/2025 04:00:00 - 26/05/2025 05:00:00","Belgium (BE)","0.00","0.00","0.00","0.00"
"26/05/2025 05:00:00 - 26/05/2025 06:00:00","Belgium (BE)","9.26","9.52","9.52","1.86"
"26/05/2025 06:00:00 - 26/05/2025 07:00:00","Belgium (BE)","248.93","253.39","253.39","258.88"
"26/05/2025 07:00:00 - 26/05/2025 08:00:00","Belgium (BE)","769.12","759.95","759.95","1103.86"
"26/05/2025 08:00:00 - 26/05/2025 09:00:00","Belgium (BE)","1673.67","1754.87","2022.61","2104.79"
"26/05/2025 09:00:00 - 26/05/2025 10:00:00","Belgium (BE)","2718.73","2802.06","3118.63","3078.29"
"26/05/2025 10:00:00 - 26/05/2025 11:00:00","Belgium (BE)","3730.93","3707.76","3957.20","3584.34"
"26/05/2025 11:00:00 - 26/05/2025 12:00:00","Belgium (BE)","4399.56","4306.19","4145.68","3526.10"
"26/05/2025 12:00:00 - 26/05/2025 13:00:00","Belgium (BE)","4541.77","4612.91","3842.29","3642.44"
"26/05/2025 13:00:00 - 26/05/2025 14:00:00","Belgium (BE)","4474.55","4653.57","3738.66","3550.18"
"26/05/2025 14:00:00 - 26/05/2025 15:00:00","Belgium (BE)","4200.70","4422.24","3340.76","3431.14"
"26/05/2025 15:00:00 - 26/05/2025 16:00:00","Belgium (BE)","3810.28","3925.79","3231.51","3436.88"
"26/05/2025 16:00:00 - 26/05/2025 17:00:00","Belgium (BE)","3297.02","3333.55","2989.64","3126.18"
"26/05/2025 17:00:00 - 26/05/2025 18:00:00","Belgium (BE)","2552.02","2549.79","2388.85","2591.32"
"26/05/2025 18:00:00 - 26/05/2025 19:00:00","Belgium (BE)","1700.04","1737.84","1774.16","1756.43"
"26/05/2025 19:00:00 - 26/05/2025 20:00:00","Belgium (BE)","961.27","1026.27","1106.42","945.29"
"26/05/2025 20:00:00 - 26/05/2025 21:00:00","Belgium (BE)","398.76","425.33","433.94","286.66"
"26/05/2025 21:00:00 - 26/05/2025 22:00:00","Belgium (BE)","42.62","44.86","44.08","19.71"
"26/05/2025 22:00:00 - 26/05/2025 23:00:00","Belgium (BE)","0.00","0.00","0.00","0.00"
"26/05/2025 23:00:00 - 27/05/2025 00:00:00","Belgium (BE)","0.00","0.00","0.00","0.00"
"27/05/2025 00:00:00 - 27/05/2025 01:00:00","Belgium (BE)","0.00","0.00","0.00","0.00"
"27/05/2025 01:00:00 - 27/05/2025 02:00:00","Belgium (BE)","0.00","0.00","0.00","0.00"
"27/05/2025 02:00:00 - 27/05/2025 03:00:00","Belgium (BE)","0.00","0.00","0.00","0.00"
"27/05/2025 03:00:00 - 27/05/2025 04:00:00","Belgium (BE)","0.00","0.00","0.00","0.00"
"27/05/2025 04:00:00 - 27/05/2025 05:00:00","Belgium (BE)","0.00","0.00","0.00","0.00"
"27/05/2025 05:00:00 - 27/05/2025 06:00:00","Belgium (BE)","4.49","5.96","5.96","0.16"
"27/05/2025 06:00:00 - 27/05/2025 07:00:00","Belgium (BE)","133.42","163.66","163.66","99.49"
"27/05/2025 07:00:00 - 27/05/2025 08:00:00","Belgium (BE)","423.50","429.71","429.71","430.66"
"27/05/2025 08:00:00 - 27/05/2025 09:00:00","Belgium (BE)","659.82","672.36","668.79","797.03"
"27/05/2025 09:00:00 - 27/05/2025 10:00:00","Belgium (BE)","881.79","890.05","972.69","1191.83"
"27/05/2025 10:00:00 - 27/05/2025 11:00:00","Belgium (BE)","1223.64","1194.08","1310.09","1638.34"
"27/05/2025 11:00:00 - 27/05/2025 12:00:00","Belgium (BE)","1693.62","1676.62","1652.32","2086.79"
"27/05/2025 12:00:00 - 27/05/2025 13:00:00","Belgium (BE)","2139.66","2114.29","2181.35","2788.41"
"27/05/2025 13:00:00 - 27/05/2025 14:00:00","Belgium (BE)","2468.64","2322.99","2625.16","3004.71"
"27/05/2025 14:00:00 - 27/05/2025 15:00:00","Belgium (BE)","2495.41","2393.68","2438.06","2014.79"
"27/05/2025 15:00:00 - 27/05/2025 16:00:00","Belgium (BE)","1947.72","2027.33","1370.32","1167.28"
"27/05/2025 16:00:00 - 27/05/2025 17:00:00","Belgium (BE)","1138.25","1181.55","777.95","837.73"
"27/05/2025 17:00:00 - 27/05/2025 18:00:00","Belgium (BE)","622.05","645.81","567.21","684.37"
"27/05/2025 18:00:00 - 27/05/2025 19:00:00","Belgium (BE)","333.23","335.13","389.08","423.91"
"27/05/2025 19:00:00 - 27/05/2025 20:00:00","Belgium (BE)","179.46","186.27","229.61","215.73"
"27/05/2025 20:00:00 - 27/05/2025 21:00:00","Belgium (BE)","71.86","76.50","83.06","49.32"
"27/05/2025 21:00:00 - 27/05/2025 22:00:00","Belgium (BE)","8.30","9.07","9.81","1.14"
"27/05/2025 22:00:00 - 27/05/2025 23:00:00","Belgium (BE)","0.00","0.00","0.00","0.00"
"27/05/2025 23:00:00 - 28/05/2025 00:00:00","Belgium (BE)","0.00","0.00","0.00","0.00"
"28/05/2025 00:00:00 - 28/05/2025 01:00:00","Belgium (BE)","0.00","0.00","0.00","0.00"
"28/05/2025 01:00:00 - 28/05/2025 02:00:00","Belgium (BE)","0.00","0.00","0.00","0.00"
"28/05/2025 02:00:00 - 28/05/2025 03:00:00","Belgium (BE)","0.00","0.00","0.00","0.00"
"28/05/2025 03:00:00 - 28/05/2025 04:00:00","Belgium (BE)","0.00","0.00","0.00","0.00"
"28/05/2025 04:00:00 - 28/05/2025 05:00:00","Belgium (BE)","0.00","0.00","0.00","0.00"
"28/05/2025 05:00:00 - 28/05/2025 06:00:00","Belgium (BE)","4.71","3.22","3.22","0.34"
"28/05/2025 06:00:00 - 28/05/2025 07:00:00","Belgium (BE)","151.51","99.92","99.92","25.05"
"28/05/2025 07:00:00 - 28/05/2025 08:00:00","Belgium (BE)","507.70","348.63","348.63","255.90"
"28/05/2025 08:00:00 - 28/05/2025 09:00:00","Belgium (BE)","1112.62","840.91","705.09","684.96"
"28/05/2025 09:00:00 - 28/05/2025 10:00:00","Belgium (BE)","2070.33","1620.25","1512.81","1551.21"
"28/05/2025 10:00:00 - 28/05/2025 11:00:00","Belgium (BE)","3045.33","2590.84","2576.01","2796.85"
"28/05/2025 11:00:00 - 28/05/2025 12:00:00","Belgium (BE)","3809.51","3490.45","3647.73","3882.63"
"28/05/2025 12:00:00 - 28/05/2025 13:00:00","Belgium (BE)","4168.93","4108.46","4341.68","4092.76"
"28/05/2025 13:00:00 - 28/05/2025 14:00:00","Belgium (BE)","4192.90","4395.77","4422.49","3750.43"
"28/05/2025 14:00:00 - 28/05/2025 15:00:00","Belgium (BE)","3906.64","4319.52","3748.54","3587.15"
"28/05/2025 15:00:00 - 28/05/2025 16:00:00","Belgium (BE)","3490.69","4184.63","3686.77","3303.86"
"28/05/2025 16:00:00 - 28/05/2025 17:00:00","Belgium (BE)","3072.18","3628.57","3341.17","3222.39"
"28/05/2025 17:00:00 - 28/05/2025 18:00:00","Belgium (BE)","2589.58","2777.64","2747.72","2508.98"
"28/05/2025 18:00:00 - 28/05/2025 19:00:00","Belgium (BE)","1829.92","1898.21","1863.35","1781.02"
"28/05/2025 19:00:00 - 28/05/2025 20:00:00","Belgium (BE)","1042.86","1161.18","1093.70","889.31"
"28/05/2025 20:00:00 - 28/05/2025 21:00:00","Belgium (BE)","423.01","473.79","432.21","251.24"
"28/05/2025 21:00:00 - 28/05/2025 22:00:00","Belgium (BE)","55.42","56.02","54.50","16.17"
"28/05/2025 22:00:00 - 28/05/2025 23:00:00","Belgium (BE)","0.00","0.00","0.00","0.00"
"28/05/2025 23:00:00 - 29/05/2025 00:00:00","Belgium (BE)","0.00","0.00","0.00","0.00"
"29/05/2025 00:00:00 - 29/05/2025 01:00:00","Belgium (BE)","0.00","0.00","0.00","0.00"
"29/05/2025 01:00:00 - 29/05/2025 02:00:00","Belgium (BE)","0.00","0.00","0.00","0.00"
"29/05/2025 02:00:00 - 29/05/2025 03:00:00","Belgium (BE)","0.00","0.00","0.00","0.00"
"29/05/2025 03:00:00 - 29/05/2025 04:00:00","Belgium (BE)","0.00","0.00","0.00","0.00"
"29/05/2025 04:00:00 - 29/05/2025 05:00:00","Belgium (BE)","0.00","0.00","0.00","0.00"
"29/05/2025 05:00:00 - 29/05/2025 06:00:00","Belgium (BE)","7.84","7.28","7.28","1.13"
"29/05/2025 06:00:00 - 29/05/2025 07:00:00","Belgium (BE)","206.11","189.82","189.82","153.51"
"29/05/2025 07:00:00 - 29/05/2025 08:00:00","Belgium (BE)","672.31","564.07","564.07","571.00"
"29/05/2025 08:00:00 - 29/05/2025 09:00:00","Belgium (BE)","1090.36","901.61","871.80","994.90"
"29/05/2025 09:00:00 - 29/05/2025 10:00:00","Belgium (BE)","1464.87","1115.70","1121.72","1376.38"
"29/05/2025 10:00:00 - 29/05/2025 11:00:00","Belgium (BE)","1821.63","1326.82","1515.53","2042.64"
"29/05/2025 11:00:00 - 29/05/2025 12:00:00","Belgium (BE)","2205.55","1621.83","2047.00","2543.11"
"29/05/2025 12:00:00 - 29/05/2025 13:00:00","Belgium (BE)","2551.77","1960.33","2499.21","2512.02"
"29/05/2025 13:00:00 - 29/05/2025 14:00:00","Belgium (BE)","2702.45","2261.81","2615.22","2565.46"
"29/05/2025 14:00:00 - 29/05/2025 15:00:00","Belgium (BE)","2582.79","2293.83","2511.41","2598.95"
"29/05/2025 15:00:00 - 29/05/2025 16:00:00","Belgium (BE)","2334.92","2079.79","2465.10","2666.85"
"29/05/2025 16:00:00 - 29/05/2025 17:00:00","Belgium (BE)","2011.94","1805.09","2263.46","2182.03"
"29/05/2025 17:00:00 - 29/05/2025 18:00:00","Belgium (BE)","1717.52","1541.13","1871.29","1683.56"
"29/05/2025 18:00:00 - 29/05/2025 19:00:00","Belgium (BE)","1307.16","1251.33","1472.42","1290.12"
"29/05/2025 19:00:00 - 29/05/2025 20:00:00","Belgium (BE)","889.97","890.30","1001.52","884.34"
"29/05/2025 20:00:00 - 29/05/2025 21:00:00","Belgium (BE)","376.05","382.80","432.12","384.82"
"29/05/2025 21:00:00 - 29/05/2025 22:00:00","Belgium (BE)","44.49","45.46","50.13","51.12"
"29/05/2025 22:00:00 - 29/05/2025 23:00:00","Belgium (BE)","0.00","0.00","0.00","0.00"
"29/05/2025 23:00:00 - 30/05/2025 00:00:00","Belgium (BE)","0.00","0.00","0.00","0.00"
"30/05/2025 00:00:00 - 30/05/2025 01:00:00","Belgium (BE)","0.00","0.00","0.00","0.00"
"30/05/2025 01:00:00 - 30/05/2025 02:00:00","Belgium (BE)","0.00","0.00","0.00","0.00"
"30/05/2025 02:00:00 - 30/05/2025 03:00:00","Belgium (BE)","0.00","0.00","0.00","0.00"
"30/05/2025 03:00:00 - 30/05/2025 04:00:00","Belgium (BE)","0.00","0.00","0.00","0.00"
"30/05/2025 04:00:00 - 30/05/2025 05:00:00","Belgium (BE)","0.00","0.00","0.00","0.00"
"30/05/2025 05:00:00 - 30/05/2025 06:00:00","Belgium (BE)","14.50","15.09","15.09","6.90"
"30/05/2025 06:00:00 - 30/05/2025 07:00:00","Belgium (BE)","310.98","298.38","298.38","292.00"
"30/05/2025 07:00:00 - 30/05/2025 08:00:00","Belgium (BE)","923.71","880.11","880.11","1116.84"
"30/05/2025 08:00:00 - 30/05/2025 09:00:00","Belgium (BE)","1747.92","1768.86","2021.13","2234.65"
"30/05/2025 09:00:00 - 30/05/2025 10:00:00","Belgium (BE)","2600.46","2684.89","3039.41","3507.44"
"30/05/2025 10:00:00 - 30/05/2025 11:00:00","Belgium (BE)","3251.88","3291.59","3771.04","4193.85"
"30/05/2025 11:00:00 - 30/05/2025 12:00:00","Belgium (BE)","3599.66","3434.74","4342.62","3882.38"
"30/05/2025 12:00:00 - 30/05/2025 13:00:00","Belgium (BE)","4118.57","4037.89","4447.58","4161.47"
"30/05/2025 13:00:00 - 30/05/2025 14:00:00","Belgium (BE)","4733.01","4772.20","4719.49","5077.45"
"30/05/2025 14:00:00 - 30/05/2025 15:00:00","Belgium (BE)","5074.57","5059.97","5160.12","5865.52"
"30/05/2025 15:00:00 - 30/05/2025 16:00:00","Belgium (BE)","5037.68","5036.68","5707.08","5841.47"
"30/05/2025 16:00:00 - 30/05/2025 17:00:00","Belgium (BE)","4570.68","4658.87","5136.15","5244.18"
"30/05/2025 17:00:00 - 30/05/2025 18:00:00","Belgium (BE)","3713.15","3732.30","4055.48","4065.24"
"30/05/2025 18:00:00 - 30/05/2025 19:00:00","Belgium (BE)","2498.41","2521.00","2625.21","2669.60"
"30/05/2025 19:00:00 - 30/05/2025 20:00:00","Belgium (BE)","1224.13","1235.19","1291.87","1478.15"
"30/05/2025 20:00:00 - 30/05/2025 21:00:00","Belgium (BE)","434.00","426.62","471.07","486.40"
"30/05/2025 21:00:00 - 30/05/2025 22:00:00","Belgium (BE)","73.49","71.86","77.42","38.74"
"30/05/2025 22:00:00 - 30/05/2025 23:00:00","Belgium (BE)","0.00","0.00","0.00","0.00"
"30/05/2025 23:00:00 - 31/05/2025 00:00:00","Belgium (BE)","0.00","0.00","0.00","0.00"
"31/05/2025 00:00:00 - 31/05/2025 01:00:00","Belgium (BE)","0.00","0.00","0.00","0.00"
"31/05/2025 01:00:00 - 31/05/2025 02:00:00","Belgium (BE)","0.00","0.00","0.00","0.00"
"31/05/2025 02:00:00 - 31/05/2025 03:00:00","Belgium (BE)","0.00","0.00","0.00","0.00"
"31/05/2025 03:00:00 - 31/05/2025 04:00:00","Belgium (BE)","0.00","0.00","0.00","0.00"
"31/05/2025 04:00:00 - 31/05/2025 05:00:00","Belgium (BE)","0.00","0.00","0.00","0.00"
"31/05/2025 05:00:00 - 31/05/2025 06:00:00","Belgium (BE)","16.01","15.58","15.58","4.28"
"31/05/2025 06:00:00 - 31/05/2025 07:00:00","Belgium (BE)","339.02","336.02","336.02","254.48"
"31/05/2025 07:00:00 - 31/05/2025 08:00:00","Belgium (BE)","983.50","925.86","925.86","1064.42"
"31/05/2025 08:00:00 - 31/05/2025 09:00:00","Belgium (BE)","1780.68","1806.25","1835.11","2098.85"
"31/05/2025 09:00:00 - 31/05/2025 10:00:00","Belgium (BE)","2640.42","2872.18","3037.22","3196.22"
"31/05/2025 10:00:00 - 31/05/2025 11:00:00","Belgium (BE)","3424.32","3779.07","3975.40","4127.65"
"31/05/2025 11:00:00 - 31/05/2025 12:00:00","Belgium (BE)","3994.91","4222.27","4279.61","4776.76"
"31/05/2025 12:00:00 - 31/05/2025 13:00:00","Belgium (BE)","4413.61","4179.78","4234.12","4980.15"
"31/05/2025 13:00:00 - 31/05/2025 14:00:00","Belgium (BE)","4728.59","4112.44","4593.28","4983.64"
"31/05/2025 14:00:00 - 31/05/2025 15:00:00","Belgium (BE)","4687.28","4251.70","5161.09","5102.84"
"31/05/2025 15:00:00 - 31/05/2025 16:00:00","Belgium (BE)","4313.87","4109.03","5423.13","5484.55"
"31/05/2025 16:00:00 - 31/05/2025 17:00:00","Belgium (BE)","3576.40","3554.43","4700.01","4902.39"
"31/05/2025 17:00:00 - 31/05/2025 18:00:00","Belgium (BE)","2800.64","2763.26","3312.45","3369.54"
"31/05/2025 18:00:00 - 31/05/2025 19:00:00","Belgium (BE)","1913.00","1854.63","2030.54","1965.46"
"31/05/2025 19:00:00 - 31/05/2025 20:00:00","Belgium (BE)","1137.88","1125.82","1131.07","1070.32"
"31/05/2025 20:00:00 - 31/05/2025 21:00:00","Belgium (BE)","492.59","481.43","482.07","307.44"
"31/05/2025 21:00:00 - 31/05/2025 22:00:00","Belgium (BE)","65.16","58.73","57.48","21.09"
"31/05/2025 22:00:00 - 31/05/2025 23:00:00","Belgium (BE)","0.00","0.00","0.00","0.00"
"31/05/2025 23:00:00 - 01/06/2025 00:00:00","Belgium (BE)","0.00","0.00","0.00","0.00"
"01/06/2025 00:00:00 - 01/06/2025 01:00:00","Belgium (BE)","0.00","0.00","0.00","0.00"
"01/06/2025 01:00:00 - 01/06/2025 02:00:00","Belgium (BE)","0.00","0.00","0.00","0.00"
"01/06/2025 02:00:00 - 01/06/2025 03:00:00","Belgium (BE)","0.00","0.00","0.00","0.00"
"01/06/2025 03:00:00 - 01/06/2025 04:00:00","Belgium (BE)","0.00","0.00","0.00","0.00"
"01/06/2025 04:00:00 - 01/06/2025 05:00:00","Belgium (BE)","0.00","0.00","0.00","0.00"
"01/06/2025 05:00:00 - 01/06/2025 06:00:00","Belgium (BE)","16.27","16.67","16.67","9.47"
"01/06/2025 06:00:00 - 01/06/2025 07:00:00","Belgium (BE)","330.87","313.17","313.17","218.40"
"01/06/2025 07:00:00 - 01/06/2025 08:00:00","Belgium (BE)","959.80","853.05","853.05","748.09"
"01/06/2025 08:00:00 - 01/06/2025 09:00:00","Belgium (BE)","1593.08","1636.71","1523.17","1498.27"
"01/06/2025 09:00:00 - 01/06/2025 10:00:00","Belgium (BE)","2062.43","2356.22","2127.59","2381.12"
"01/06/2025 10:00:00 - 01/06/2025 11:00:00","Belgium (BE)","2519.77","2737.50","2858.46","3033.94"
"01/06/2025 11:00:00 - 01/06/2025 12:00:00","Belgium (BE)","3121.79","2807.23","3151.65","3303.57"
"01/06/2025 12:00:00 - 01/06/2025 13:00:00","Belgium (BE)","3609.63","2961.21","3502.58","3932.32"
"01/06/2025 13:00:00 - 01/06/2025 14:00:00","Belgium (BE)","3944.75","3323.60","3976.08","4208.74"
"01/06/2025 14:00:00 - 01/06/2025 15:00:00","Belgium (BE)","4125.47","3616.22","4450.36","4223.39"
"01/06/2025 15:00:00 - 01/06/2025 16:00:00","Belgium (BE)","4084.46","3723.30","4067.95","4193.94"
"01/06/2025 16:00:00 - 01/06/2025 17:00:00","Belgium (BE)","3663.03","3460.64","3727.79","3593.56"
"01/06/2025 17:00:00 - 01/06/2025 18:00:00","Belgium (BE)","2911.61","2824.52","2864.49","2816.80"
"01/06/2025 18:00:00 - 01/06/2025 19:00:00","Belgium (BE)","2042.71","1978.13","1948.90","1924.39"
"01/06/2025 19:00:00 - 01/06/2025 20:00:00","Belgium (BE)","1246.14","1167.38","1192.55","1046.97"
"01/06/2025 20:00:00 - 01/06/2025 21:00:00","Belgium (BE)","542.01","493.30","509.68","380.21"
"01/06/2025 21:00:00 - 01/06/2025 22:00:00","Belgium (BE)","75.93","71.08","69.32","53.34"
"01/06/2025 22:00:00 - 01/06/2025 23:00:00","Belgium (BE)","0.00","0.00","0.00","0.01"
"01/06/2025 23:00:00 - 02/06/2025 00:00:00","Belgium (BE)","0.00","0.00","0.00","0.00"
"02/06/2025 00:00:00 - 02/06/2025 01:00:00","Belgium (BE)","0.00","0.00","0.00","0.00"
"02/06/2025 01:00:00 - 02/06/2025 02:00:00","Belgium (BE)","0.00","0.00","0.00","0.00"
"02/06/2025 02:00:00 - 02/06/2025 03:00:00","Belgium (BE)","0.00","0.00","0.00","0.00"
"02/06/2025 03:00:00 - 02/06/2025 04:00:00","Belgium (BE)","0.00","0.00","0.00","0.00"
"02/06/2025 04:00:00 - 02/06/2025 05:00:00","Belgium (BE)","0.00","0.00","0.00","0.00"
"02/06/2025 05:00:00 - 02/06/2025 06:00:00","Belgium (BE)","18.19","19.57","19.57","7.82"
"02/06/2025 06:00:00 - 02/06/2025 07:00:00","Belgium (BE)","322.66","331.35","331.35","284.35"
"02/06/2025 07:00:00 - 02/06/2025 08:00:00","Belgium (BE)","937.06","913.93","913.93","1092.28"
"02/06/2025 08:00:00 - 02/06/2025 09:00:00","Belgium (BE)","1707.39","1851.53","2003.22","2129.16"
"02/06/2025 09:00:00 - 02/06/2025 10:00:00","Belgium (BE)","2408.10","2669.67","2930.54","3033.00"
"02/06/2025 10:00:00 - 02/06/2025 11:00:00","Belgium (BE)","2990.69","3346.85","3582.97","3652.94"
"02/06/2025 11:00:00 - 02/06/2025 12:00:00","Belgium (BE)","3547.63","3822.77","3903.59","4098.04"
"02/06/2025 12:00:00 - 02/06/2025 13:00:00","Belgium (BE)","4294.55","4179.70","4481.49","4049.97"
"02/06/2025 13:00:00 - 02/06/2025 14:00:00","Belgium (BE)","4931.99","4533.95","4540.65","4050.36"
"02/06/2025 14:00:00 - 02/06/2025 15:00:00","Belgium (BE)","5183.74","4676.91","4283.30","4226.35"
"02/06/2025 15:00:00 - 02/06/2025 16:00:00","Belgium (BE)","5111.73","4656.38","4249.35","4466.80"
"02/06/2025 16:00:00 - 02/06/2025 17:00:00","Belgium (BE)","4705.91","4369.78","4090.60","4258.44"
"02/06/2025 17:00:00 - 02/06/2025 18:00:00","Belgium (BE)","3779.26","3640.04","3576.53","3418.05"
"02/06/2025 18:00:00 - 02/06/2025 19:00:00","Belgium (BE)","2561.20","2503.71","2413.67","2448.66"
"02/06/2025 19:00:00 - 02/06/2025 20:00:00","Belgium (BE)","1263.64","1279.83","1270.62","1532.62"
"02/06/2025 20:00:00 - 02/06/2025 21:00:00","Belgium (BE)","431.21","453.48","504.24","612.03"
"02/06/2025 21:00:00 - 02/06/2025 22:00:00","Belgium (BE)","83.01","81.67","94.13","86.39"
"02/06/2025 22:00:00 - 02/06/2025 23:00:00","Belgium (BE)","0.00","0.00","0.00","0.01"
"02/06/2025 23:00:00 - 03/06/2025 00:00:00","Belgium (BE)","0.00","0.00","0.00","0.00"
"03/06/2025 00:00:00 - 03/06/2025 01:00:00","Belgium (BE)","0.00","0.00","0.00","0.00"
"03/06/2025 01:00:00 - 03/06/2025 02:00:00","Belgium (BE)","0.00","0.00","0.00","0.00"
"03/06/2025 02:00:00 - 03/06/2025 03:00:00","Belgium (BE)","0.00","0.00","0.00","0.00"
"03/06/2025 03:00:00 - 03/06/2025 04:00:00","Belgium (BE)","0.00","0.00","0.00","0.00"
"03/06/2025 04:00:00 - 03/06/2025 05:00:00","Belgium (BE)","0.00","0.00","0.00","0.00"
"03/06/2025 05:00:00 - 03/06/2025 06:00:00","Belgium (BE)","22.77","23.22","23.22","19.63"
"03/06/2025 06:00:00 - 03/06/2025 07:00:00","Belgium (BE)","319.21","314.98","314.98","331.35"
"03/06/2025 07:00:00 - 03/06/2025 08:00:00","Belgium (BE)","914.08","908.13","908.13","959.68"
"03/06/2025 08:00:00 - 03/06/2025 09:00:00","Belgium (BE)","1985.20","2053.92","2188.23","1887.63"
"03/06/2025 09:00:00 - 03/06/2025 10:00:00","Belgium (BE)","3277.64","3368.21","3262.35","3371.66"
"03/06/2025 10:00:00 - 03/06/2025 11:00:00","Belgium (BE)","4486.85","4509.13","4557.28","4674.56"
"03/06/2025 11:00:00 - 03/06/2025 12:00:00","Belgium (BE)","5283.43","5132.02","5187.35","5199.28"
"03/06/2025 12:00:00 - 03/06/2025 13:00:00","Belgium (BE)","5836.49","5492.47","5450.34","5949.71"
"03/06/2025 13:00:00 - 03/06/2025 14:00:00","Belgium (BE)","6101.36","5755.74","5847.71","6132.44"
"03/06/2025 14:00:00 - 03/06/2025 15:00:00","Belgium (BE)","6015.01","5817.58","6034.84","5812.93"
"03/06/2025 15:00:00 - 03/06/2025 16:00:00","Belgium (BE)","5446.45","5530.68","5436.77","4597.88"
"03/06/2025 16:00:00 - 03/06/2025 17:00:00","Belgium (BE)","4429.04","4739.83","4190.82","3418.39"
"03/06/2025 17:00:00 - 03/06/2025 18:00:00","Belgium (BE)","3290.86","3490.45","2899.27","2493.78"
"03/06/2025 18:00:00 - 03/06/2025 19:00:00","Belgium (BE)","2125.98","2293.39","1880.16","1670.84"
"03/06/2025 19:00:00 - 03/06/2025 20:00:00","Belgium (BE)","1146.28","1203.43","1036.31","912.81"
"03/06/2025 20:00:00 - 03/06/2025 21:00:00","Belgium (BE)","474.10","480.70","428.57","292.44"
"03/06/2025 21:00:00 - 03/06/2025 22:00:00","Belgium (BE)","72.39","74.86","68.23","34.59"
"03/06/2025 22:00:00 - 03/06/2025 23:00:00","Belgium (BE)","0.00","0.00","0.00","0.00"
"03/06/2025 23:00:00 - 04/06/2025 00:00:00","Belgium (BE)","0.00","0.00","0.00","0.00"
"04/06/2025 00:00:00 - 04/06/2025 01:00:00","Belgium (BE)","0.00","0.00","0.00","0.00"
"04/06/2025 01:00:00 - 04/06/2025 02:00:00","Belgium (BE)","0.00","0.00","0.00","0.00"
"04/06/2025 02:00:00 - 04/06/2025 03:00:00","Belgium (BE)","0.00","0.00","0.00","0.00"
"04/06/2025 03:00:00 - 04/06/2025 04:00:00","Belgium (BE)","0.00","0.00","0.00","0.00"
"04/06/2025 04:00:00 - 04/06/2025 05:00:00","Belgium (BE)","0.00","0.00","0.00","0.00"
"04/06/2025 05:00:00 - 04/06/2025 06:00:00","Belgium (BE)","13.84","12.20","12.20","3.97"
"04/06/2025 06:00:00 - 04/06/2025 07:00:00","Belgium (BE)","218.93","201.05","201.05","158.29"
"04/06/2025 07:00:00 - 04/06/2025 08:00:00","Belgium (BE)","629.82","577.74","577.74","550.61"
"04/06/2025 08:00:00 - 04/06/2025 09:00:00","Belgium (BE)","1096.05","1134.36","1068.95","870.43"
"04/06/2025 09:00:00 - 04/06/2025 10:00:00","Belgium (BE)","1584.35","1694.48","1411.68","1353.46"
"04/06/2025 10:00:00 - 04/06/2025 11:00:00","Belgium (BE)","2003.31","2210.95","1883.73","1966.65"
"04/06/2025 11:00:00 - 04/06/2025 12:00:00","Belgium (BE)","2473.68","2495.55","2319.69","2683.85"
"04/06/2025 12:00:00 - 04/06/2025 13:00:00","Belgium (BE)","2845.29","2661.21","2876.02","3484.18"
"04/06/2025 13:00:00 - 04/06/2025 14:00:00","Belgium (BE)","3178.50","2953.30","3516.20","3771.70"
"04/06/2025 14:00:00 - 04/06/2025 15:00:00","Belgium (BE)","3317.43","3191.82","3822.85","3821.45"
"04/06/2025 15:00:00 - 04/06/2025 16:00:00","Belgium (BE)","3375.42","3330.04","3742.61","3782.95"
"04/06/2025 16:00:00 - 04/06/2025 17:00:00","Belgium (BE)","3287.66","3210.87","3603.29","3473.21"
"04/06/2025 17:00:00 - 04/06/2025 18:00:00","Belgium (BE)","2903.52","2874.92","3170.15","2854.43"
"04/06/2025 18:00:00 - 04/06/2025 19:00:00","Belgium (BE)","2137.78","2182.82","2163.27","2126.13"
"04/06/2025 19:00:00 - 04/06/2025 20:00:00","Belgium (BE)","1233.44","1217.77","1215.41","1258.31"
"04/06/2025 20:00:00 - 04/06/2025 21:00:00","Belgium (BE)","494.93","480.87","482.37","471.37"
"04/06/2025 21:00:00 - 04/06/2025 22:00:00","Belgium (BE)","85.24","81.20","85.03","60.07"
"04/06/2025 22:00:00 - 04/06/2025 23:00:00","Belgium (BE)","0.00","0.00","0.00","0.00"
"04/06/2025 23:00:00 - 05/06/2025 00:00:00","Belgium (BE)","0.00","0.00","0.00","0.00"
"05/06/2025 00:00:00 - 05/06/2025 01:00:00","Belgium (BE)","0.00","0.00","0.00","0.00"
"05/06/2025 01:00:00 - 05/06/2025 02:00:00","Belgium (BE)","0.00","0.00","0.00","0.00"
"05/06/2025 02:00:00 - 05/06/2025 03:00:00","Belgium (BE)","0.00","0.00","0.00","0.00"
"05/06/2025 03:00:00 - 05/06/2025 04:00:00","Belgium (BE)","0.00","0.00","0.00","0.00"
"05/06/2025 04:00:00 - 05/06/2025 05:00:00","Belgium (BE)","0.00","0.00","0.00","0.00"
"05/06/2025 05:00:00 - 05/06/2025 06:00:00","Belgium (BE)","11.76","10.90","10.90","2.38"
"05/06/2025 06:00:00 - 05/06/2025 07:00:00","Belgium (BE)","210.13","193.51","193.51","130.74"
"05/06/2025 07:00:00 - 05/06/2025 08:00:00","Belgium (BE)","661.71","549.98","549.98","654.64"
"05/06/2025 08:00:00 - 05/06/2025 09:00:00","Belgium (BE)","1203.76","1072.94","1166.55","1397.89"
"05/06/2025 09:00:00 - 05/06/2025 10:00:00","Belgium (BE)","1627.61","1610.71","1808.11","2159.70"
"05/06/2025 10:00:00 - 05/06/2025 11:00:00","Belgium (BE)","1826.40","1895.10","2146.38","2167.32"
"05/06/2025 11:00:00 - 05/06/2025 12:00:00","Belgium (BE)","1882.52","1913.80","2112.12","1938.47"
"05/06/2025 12:00:00 - 05/06/2025 13:00:00","Belgium (BE)","1965.90","2059.89","2097.41","2233.63"
"05/06/2025 13:00:00 - 05/06/2025 14:00:00","Belgium (BE)","2174.13","2401.41","2559.51","3087.70"
"05/06/2025 14:00:00 - 05/06/2025 15:00:00","Belgium (BE)","2296.55","2761.41","3312.11","3848.85"
"05/06/2025 15:00:00 - 05/06/2025 16:00:00","Belgium (BE)","2287.11","2791.95","3451.76","3384.77"
"05/06/2025 16:00:00 - 05/06/2025 17:00:00","Belgium (BE)","1995.56","2537.75","2612.14","2170.20"
"05/06/2025 17:00:00 - 05/06/2025 18:00:00","Belgium (BE)","1638.53","1904.10","1753.83","1567.17"
"05/06/2025 18:00:00 - 05/06/2025 19:00:00","Belgium (BE)","1161.19","1177.31","1025.85","838.09"
"05/06/2025 19:00:00 - 05/06/2025 20:00:00","Belgium (BE)","625.05","608.38","468.63","359.53"
"05/06/2025 20:00:00 - 05/06/2025 21:00:00","Belgium (BE)","253.48","227.52","181.61","82.82"
"05/06/2025 21:00:00 - 05/06/2025 22:00:00","Belgium (BE)","37.12","32.50","27.20","2.62"
"05/06/2025 22:00:00 - 05/06/2025 23:00:00","Belgium (BE)","0.00","0.00","0.00","0.00"
"05/06/2025 23:00:00 - 06/06/2025 00:00:00","Belgium (BE)","0.00","0.00","0.00","0.00"
"06/06/2025 00:00:00 - 06/06/2025 01:00:00","Belgium (BE)","0.00","0.00","0.00","0.00"
"06/06/2025 01:00:00 - 06/06/2025 02:00:00","Belgium (BE)","0.00","0.00","0.00","0.00"
"06/06/2025 02:00:00 - 06/06/2025 03:00:00","Belgium (BE)","0.00","0.00","0.00","0.00"
"06/06/2025 03:00:00 - 06/06/2025 04:00:00","Belgium (BE)","0.00","0.00","0.00","0.00"
"06/06/2025 04:00:00 - 06/06/2025 05:00:00","Belgium (BE)","0.00","0.00","0.00","0.00"
"06/06/2025 05:00:00 - 06/06/2025 06:00:00","Belgium (BE)","18.47","19.80","19.80","7.69"
"06/06/2025 06:00:00 - 06/06/2025 07:00:00","Belgium (BE)","299.15","317.38","317.38","280.31"
"06/06/2025 07:00:00 - 06/06/2025 08:00:00","Belgium (BE)","873.17","881.51","881.51","972.14"
"06/06/2025 08:00:00 - 06/06/2025 09:00:00","Belgium (BE)","1731.36","1825.18","1898.05","1875.11"
"06/06/2025 09:00:00 - 06/06/2025 10:00:00","Belgium (BE)","2653.61","2933.04","2932.70","2916.95"
"06/06/2025 10:00:00 - 06/06/2025 11:00:00","Belgium (BE)","3592.86","3893.46","3868.23","3699.05"
"06/06/2025 11:00:00 - 06/06/2025 12:00:00","Belgium (BE)","4274.93","4340.20","4114.11","4168.98"
"06/06/2025 12:00:00 - 06/06/2025 13:00:00","Belgium (BE)","4271.21","4439.64","4249.76","4626.52"
"06/06/2025 13:00:00 - 06/06/2025 14:00:00","Belgium (BE)","3979.64","4284.99","4703.48","4902.18"
"06/06/2025 14:00:00 - 06/06/2025 15:00:00","Belgium (BE)","3801.16","3963.15","4632.29","4785.91"
"06/06/2025 15:00:00 - 06/06/2025 16:00:00","Belgium (BE)","3618.88","3809.72","4240.63","4332.02"
"06/06/2025 16:00:00 - 06/06/2025 17:00:00","Belgium (BE)","3230.69","3430.31","3559.72","3455.13"
"06/06/2025 17:00:00 - 06/06/2025 18:00:00","Belgium (BE)","2791.55","2769.24","2552.49","2318.89"
"06/06/2025 18:00:00 - 06/06/2025 19:00:00","Belgium (BE)","2083.33","1975.66","1551.14","1462.43"
"06/06/2025 19:00:00 - 06/06/2025 20:00:00","Belgium (BE)","1228.74","1201.15","972.41","749.43"
"06/06/2025 20:00:00 - 06/06/2025 21:00:00","Belgium (BE)","512.36","518.71","395.22","287.49"
"06/06/2025 21:00:00 - 06/06/2025 22:00:00","Belgium (BE)","88.62","83.94","62.09","48.15"
"06/06/2025 22:00:00 - 06/06/2025 23:00:00","Belgium (BE)","0.00","0.00","0.00","0.00"
"06/06/2025 23:00:00 - 07/06/2025 00:00:00","Belgium (BE)","0.00","0.00","0.00","0.00"
"07/06/2025 00:00:00 - 07/06/2025 01:00:00","Belgium (BE)","0.00","0.00","0.00","0.00"
"07/06/2025 01:00:00 - 07/06/2025 02:00:00","Belgium (BE)","0.00","0.00","0.00","0.00"
"07/06/2025 02:00:00 - 07/06/2025 03:00:00","Belgium (BE)","0.00","0.00","0.00","0.00"
"07/06/2025 03:00:00 - 07/06/2025 04:00:00","Belgium (BE)","0.00","0.00","0.00","0.00"
"07/06/2025 04:00:00 - 07/06/2025 05:00:00","Belgium (BE)","0.00","0.00","0.00","0.00"
"07/06/2025 05:00:00 - 07/06/2025 06:00:00","Belgium (BE)","8.16","9.38","9.38","0.77"
"07/06/2025 06:00:00 - 07/06/2025 07:00:00","Belgium (BE)","129.54","146.50","146.50","105.14"
"07/06/2025 07:00:00 - 07/06/2025 08:00:00","Belgium (BE)","410.55","423.76","423.76","477.55"
"07/06/2025 08:00:00 - 07/06/2025 09:00:00","Belgium (BE)","768.65","778.52","819.20","1049.68"
"07/06/2025 09:00:00 - 07/06/2025 10:00:00","Belgium (BE)","1198.12","1106.23","1234.74","1947.65"
"07/06/2025 10:00:00 - 07/06/2025 11:00:00","Belgium (BE)","1566.93","1527.31","2299.42","2766.53"
"07/06/2025 11:00:00 - 07/06/2025 12:00:00","Belgium (BE)","1888.41","2024.64","3112.06","2754.10"
"07/06/2025 12:00:00 - 07/06/2025 13:00:00","Belgium (BE)","2426.80","2606.03","3113.26","3263.17"
"07/06/2025 13:00:00 - 07/06/2025 14:00:00","Belgium (BE)","3041.15","3293.87","3420.73","4118.91"
"07/06/2025 14:00:00 - 07/06/2025 15:00:00","Belgium (BE)","3259.04","3735.81","4183.89","4317.47"
"07/06/2025 15:00:00 - 07/06/2025 16:00:00","Belgium (BE)","3284.61","3505.65","4075.88","3843.98"
"07/06/2025 16:00:00 - 07/06/2025 17:00:00","Belgium (BE)","3092.03","3048.67","3529.71","2668.63"
"07/06/2025 17:00:00 - 07/06/2025 18:00:00","Belgium (BE)","2596.07","2454.24","2405.72","1748.26"
"07/06/2025 18:00:00 - 07/06/2025 19:00:00","Belgium (BE)","1907.47","1778.62","1485.38","1126.13"
"07/06/2025 19:00:00 - 07/06/2025 20:00:00","Belgium (BE)","1133.20","1080.70","895.69","600.27"
"07/06/2025 20:00:00 - 07/06/2025 21:00:00","Belgium (BE)","463.63","476.73","380.39","183.45"
"07/06/2025 21:00:00 - 07/06/2025 22:00:00","Belgium (BE)","75.92","75.48","62.40","16.35"
"07/06/2025 22:00:00 - 07/06/2025 23:00:00","Belgium (BE)","0.00","0.00","0.00","0.00"
"07/06/2025 23:00:00 - 08/06/2025 00:00:00","Belgium (BE)","0.00","0.00","0.00","0.00"
"08/06/2025 00:00:00 - 08/06/2025 01:00:00","Belgium (BE)","0.00","0.00","0.00","0.00"
"08/06/2025 01:00:00 - 08/06/2025 02:00:00","Belgium (BE)","0.00","0.00","0.00","0.00"
"08/06/2025 02:00:00 - 08/06/2025 03:00:00","Belgium (BE)","0.00","0.00","0.00","0.00"
"08/06/2025 03:00:00 - 08/06/2025 04:00:00","Belgium (BE)","0.00","0.00","0.00","0.00"
"08/06/2025 04:00:00 - 08/06/2025 05:00:00","Belgium (BE)","0.00","0.00","0.00","0.00"
"08/06/2025 05:00:00 - 08/06/2025 06:00:00","Belgium (BE)","19.77","19.35","19.35","2.95"
"08/06/2025 06:00:00 - 08/06/2025 07:00:00","Belgium (BE)","323.61","316.58","316.58","169.84"
"08/06/2025 07:00:00 - 08/06/2025 08:00:00","Belgium (BE)","918.82","814.63","814.63","650.48"
"08/06/2025 08:00:00 - 08/06/2025 09:00:00","Belgium (BE)","1661.40","1559.77","1470.90","1169.54"
"08/06/2025 09:00:00 - 08/06/2025 10:00:00","Belgium (BE)","2434.19","2374.90","2108.81","1724.34"
"08/06/2025 10:00:00 - 08/06/2025 11:00:00","Belgium (BE)","3167.49","3213.16","2734.59","2711.17"
"08/06/2025 11:00:00 - 08/06/2025 12:00:00","Belgium (BE)","3855.50","4017.76","3639.62","3954.66"
"08/06/2025 12:00:00 - 08/06/2025 13:00:00","Belgium (BE)","4709.45","4922.40","4768.77","4983.36"
"08/06/2025 13:00:00 - 08/06/2025 14:00:00","Belgium (BE)","5336.14","5471.42","5438.54","5417.80"
"08/06/2025 14:00:00 - 08/06/2025 15:00:00","Belgium (BE)","5445.30","5481.47","5430.75","5422.08"
"08/06/2025 15:00:00 - 08/06/2025 16:00:00","Belgium (BE)","5061.38","5140.07","5057.35","4997.05"
"08/06/2025 16:00:00 - 08/06/2025 17:00:00","Belgium (BE)","4269.65","4404.96","4344.18","4378.32"
"08/06/2025 17:00:00 - 08/06/2025 18:00:00","Belgium (BE)","3322.26","3460.58","3438.80","3345.78"
"08/06/2025 18:00:00 - 08/06/2025 19:00:00","Belgium (BE)","2352.80","2372.91","2390.35","2237.81"
"08/06/2025 19:00:00 - 08/06/2025 20:00:00","Belgium (BE)","1280.62","1304.50","1266.09","1376.42"
"08/06/2025 20:00:00 - 08/06/2025 21:00:00","Belgium (BE)","508.83","522.22","512.34","550.30"
"08/06/2025 21:00:00 - 08/06/2025 22:00:00","Belgium (BE)","102.59","101.34","105.50","82.54"
"08/06/2025 22:00:00 - 08/06/2025 23:00:00","Belgium (BE)","0.00","0.00","0.00","0.00"
"08/06/2025 23:00:00 - 09/06/2025 00:00:00","Belgium (BE)","0.00","0.00","0.00","0.00"
"09/06/2025 00:00:00 - 09/06/2025 01:00:00","Belgium (BE)","0.00","0.00","0.00","0.00"
"09/06/2025 01:00:00 - 09/06/2025 02:00:00","Belgium (BE)","0.00","0.00","0.00","0.00"
"09/06/2025 02:00:00 - 09/06/2025 03:00:00","Belgium (BE)","0.00","0.00","0.00","0.00"
"09/06/2025 03:00:00 - 09/06/2025 04:00:00","Belgium (BE)","0.00","0.00","0.00","0.00"
"09/06/2025 04:00:00 - 09/06/2025 05:00:00","Belgium (BE)","0.00","0.00","0.00","0.00"
"09/06/2025 05:00:00 - 09/06/2025 06:00:00","Belgium (BE)","26.92","25.99","25.99","10.21"
"09/06/2025 06:00:00 - 09/06/2025 07:00:00","Belgium (BE)","312.72","318.40","318.40","276.23"
"09/06/2025 07:00:00 - 09/06/2025 08:00:00","Belgium (BE)","881.70","875.14","875.14","971.70"
"09/06/2025 08:00:00 - 09/06/2025 09:00:00","Belgium (BE)","2061.89","1931.21","1962.40","1732.04"
"09/06/2025 09:00:00 - 09/06/2025 10:00:00","Belgium (BE)","3327.36","3032.78","2753.60","2483.55"
"09/06/2025 10:00:00 - 09/06/2025 11:00:00","Belgium (BE)","4123.45","3781.29","3305.86","3291.33"
"09/06/2025 11:00:00 - 09/06/2025 12:00:00","Belgium (BE)","4598.58","4107.26","3702.16","4322.24"
"09/06/2025 12:00:00 - 09/06/2025 13:00:00","Belgium (BE)","4742.36","4115.93","4191.96","4446.96"
"09/06/2025 13:00:00 - 09/06/2025 14:00:00","Belgium (BE)","4686.11","3977.12","4239.49","3702.21"
"09/06/2025 14:00:00 - 09/06/2025 15:00:00","Belgium (BE)","4443.00","3724.12","3518.71","3800.83"
"09/06/2025 15:00:00 - 09/06/2025 16:00:00","Belgium (BE)","4112.26","3553.77","3433.38","3827.22"
"09/06/2025 16:00:00 - 09/06/2025 17:00:00","Belgium (BE)","3590.01","3125.08","3227.53","3470.17"
"09/06/2025 17:00:00 - 09/06/2025 18:00:00","Belgium (BE)","2946.38","2645.37","2825.60","2870.77"
"09/06/2025 18:00:00 - 09/06/2025 19:00:00","Belgium (BE)","2194.71","2012.91","2123.41","1995.21"
"09/06/2025 19:00:00 - 09/06/2025 20:00:00","Belgium (BE)","1262.93","1243.27","1246.34","1181.99"
"09/06/2025 20:00:00 - 09/06/2025 21:00:00","Belgium (BE)","547.12","567.48","555.63","496.19"
"09/06/2025 21:00:00 - 09/06/2025 22:00:00","Belgium (BE)","100.18","96.04","94.59","59.20"
"09/06/2025 22:00:00 - 09/06/2025 23:00:00","Belgium (BE)","0.00","0.00","0.00","0.00"
"09/06/2025 23:00:00 - 10/06/2025 00:00:00","Belgium (BE)","0.00","0.00","0.00","0.00"
"10/06/2025 00:00:00 - 10/06/2025 01:00:00","Belgium (BE)","0.00","0.00","0.00","0.00"
"10/06/2025 01:00:00 - 10/06/2025 02:00:00","Belgium (BE)","0.00","0.00","0.00","0.00"
"10/06/2025 02:00:00 - 10/06/2025 03:00:00","Belgium (BE)","0.00","0.00","0.00","0.00"
"10/06/2025 03:00:00 - 10/06/2025 04:00:00","Belgium (BE)","0.00","0.00","0.00","0.00"
"10/06/2025 04:00:00 - 10/06/2025 05:00:00","Belgium (BE)","0.00","0.00","0.00","0.00"
"10/06/2025 05:00:00 - 10/06/2025 06:00:00","Belgium (BE)","23.16","22.19","22.19","8.74"
"10/06/2025 06:00:00 - 10/06/2025 07:00:00","Belgium (BE)","342.27","348.48","348.48","227.08"
"10/06/2025 07:00:00 - 10/06/2025 08:00:00","Belgium (BE)","948.55","909.96","909.96","723.36"
"10/06/2025 08:00:00 - 10/06/2025 09:00:00","Belgium (BE)","1828.49","1785.64","1570.03","1668.08"
"10/06/2025 09:00:00 - 10/06/2025 10:00:00","Belgium (BE)","2685.80","2709.09","2472.14","2413.40"
"10/06/2025 10:00:00 - 10/06/2025 11:00:00","Belgium (BE)","3077.29","3265.60","2987.95","2971.69"
"10/06/2025 11:00:00 - 10/06/2025 12:00:00","Belgium (BE)","3073.57","3301.98","3093.79","3493.58"
"10/06/2025 12:00:00 - 10/06/2025 13:00:00","Belgium (BE)","2886.74","2973.62","3161.94","3567.50"
"10/06/2025 13:00:00 - 10/06/2025 14:00:00","Belgium (BE)","2621.75","2621.28","3014.32","2898.38"
"10/06/2025 14:00:00 - 10/06/2025 15:00:00","Belgium (BE)","2289.36","2234.96","2519.66","2324.00"
"10/06/2025 15:00:00 - 10/06/2025 16:00:00","Belgium (BE)","2086.55","2096.92","2136.19","2138.57"
"10/06/2025 16:00:00 - 10/06/2025 17:00:00","Belgium (BE)","1949.33","2050.31","1994.10","1913.17"
"10/06/2025 17:00:00 - 10/06/2025 18:00:00","Belgium (BE)","1776.73","1889.15","1786.34","1777.64"
"10/06/2025 18:00:00 - 10/06/2025 19:00:00","Belgium (BE)","1466.79","1546.40","1549.11","1416.15"
"10/06/2025 19:00:00 - 10/06/2025 20:00:00","Belgium (BE)","1002.14","1034.78","1060.48","897.01"
"10/06/2025 20:00:00 - 10/06/2025 21:00:00","Belgium (BE)","463.98","481.85","452.71","381.64"
"10/06/2025 21:00:00 - 10/06/2025 22:00:00","Belgium (BE)","80.97","84.17","75.00","69.54"
"10/06/2025 22:00:00 - 10/06/2025 23:00:00","Belgium (BE)","0.00","0.00","0.00","0.00"
"10/06/2025 23:00:00 - 11/06/2025 00:00:00","Belgium (BE)","0.00","0.00","0.00","0.00"
"11/06/2025 00:00:00 - 11/06/2025 01:00:00","Belgium (BE)","0.00","0.00","0.00","0.00"
"11/06/2025 01:00:00 - 11/06/2025 02:00:00","Belgium (BE)","0.00","0.00","0.00","0.00"
"11/06/2025 02:00:00 - 11/06/2025 03:00:00","Belgium (BE)","0.00","0.00","0.00","0.00"
"11/06/2025 03:00:00 - 11/06/2025 04:00:00","Belgium (BE)","0.00","0.00","0.00","0.00"
"11/06/2025 04:00:00 - 11/06/2025 05:00:00","Belgium (BE)","0.00","0.00","0.00","0.00"
"11/06/2025 05:00:00 - 11/06/2025 06:00:00","Belgium (BE)","28.17","27.20","27.20","20.03"
"11/06/2025 06:00:00 - 11/06/2025 07:00:00","Belgium (BE)","296.80","290.65","290.65","369.98"
"11/06/2025 07:00:00 - 11/06/2025 08:00:00","Belgium (BE)","848.50","931.85","931.85","1264.71"
"11/06/2025 08:00:00 - 11/06/2025 09:00:00","Belgium (BE)","2174.98","2287.34","2600.96","2366.63"
"11/06/2025 09:00:00 - 11/06/2025 10:00:00","Belgium (BE)","3698.61","3745.30","3847.78","3705.28"
"11/06/2025 10:00:00 - 11/06/2025 11:00:00","Belgium (BE)","5004.31","5013.03","4945.85","5157.88"
"11/06/2025 11:00:00 - 11/06/2025 12:00:00","Belgium (BE)","6075.89","6049.57","6131.41","6308.74"
"11/06/2025 12:00:00 - 11/06/2025 13:00:00","Belgium (BE)","6802.11","6774.96","6985.48","7046.89"
"11/06/2025 13:00:00 - 11/06/2025 14:00:00","Belgium (BE)","7100.36","7037.91","7289.14","7301.07"
"11/06/2025 14:00:00 - 11/06/2025 15:00:00","Belgium (BE)","6960.73","6905.90","7129.28","7189.18"
"11/06/2025 15:00:00 - 11/06/2025 16:00:00","Belgium (BE)","6422.49","6426.20","6640.73","6590.13"
"11/06/2025 16:00:00 - 11/06/2025 17:00:00","Belgium (BE)","5621.42","5674.33","5800.52","5677.32"
"11/06/2025 17:00:00 - 11/06/2025 18:00:00","Belgium (BE)","4408.28","4542.94","4582.09","4326.68"
"11/06/2025 18:00:00 - 11/06/2025 19:00:00","Belgium (BE)","2874.83","2937.33","2845.01","2868.95"
"11/06/2025 19:00:00 - 11/06/2025 20:00:00","Belgium (BE)","1285.61","1245.79","1233.81","1627.37"
"11/06/2025 20:00:00 - 11/06/2025 21:00:00","Belgium (BE)","421.08","388.45","431.72","636.18"
"11/06/2025 21:00:00 - 11/06/2025 22:00:00","Belgium (BE)","105.52","93.81","114.93","97.40"
"11/06/2025 22:00:00 - 11/06/2025 23:00:00","Belgium (BE)","0.00","0.00","0.00","0.01"
"11/06/2025 23:00:00 - 12/06/2025 00:00:00","Belgium (BE)","0.00","0.00","0.00","0.00"
"12/06/2025 00:00:00 - 12/06/2025 01:00:00","Belgium (BE)","0.00","0.00","0.00","0.00"
"12/06/2025 01:00:00 - 12/06/2025 02:00:00","Belgium (BE)","0.00","0.00","0.00","0.00"
"12/06/2025 02:00:00 - 12/06/2025 03:00:00","Belgium (BE)","0.00","0.00","0.00","0.00"
"12/06/2025 03:00:00 - 12/06/2025 04:00:00","Belgium (BE)","0.00","0.00","0.00","0.00"
"12/06/2025 04:00:00 - 12/06/2025 05:00:00","Belgium (BE)","0.00","0.00","0.00","0.00"
"12/06/2025 05:00:00 - 12/06/2025 06:00:00","Belgium (BE)","27.08","27.73","27.73","18.05"
"12/06/2025 06:00:00 - 12/06/2025 07:00:00","Belgium (BE)","279.81","282.92","282.92","359.12"
"12/06/2025 07:00:00 - 12/06/2025 08:00:00","Belgium (BE)","841.14","884.41","884.41","1252.78"
"12/06/2025 08:00:00 - 12/06/2025 09:00:00","Belgium (BE)","2177.86","2283.26","2625.35","2421.54"
"12/06/2025 09:00:00 - 12/06/2025 10:00:00","Belgium (BE)","3650.48","3774.77","3935.97","3927.48"
"12/06/2025 10:00:00 - 12/06/2025 11:00:00","Belgium (BE)","4855.72","5002.40","5085.94","5228.92"
"12/06/2025 11:00:00 - 12/06/2025 12:00:00","Belgium (BE)","5815.11","5937.31","6109.26","6347.60"
"12/06/2025 12:00:00 - 12/06/2025 13:00:00","Belgium (BE)","6416.51","6516.60","6893.04","6967.07"
"12/06/2025 13:00:00 - 12/06/2025 14:00:00","Belgium (BE)","6597.02","6605.30","7019.78","6999.23"
"12/06/2025 14:00:00 - 12/06/2025 15:00:00","Belgium (BE)","6411.54","6304.51","6639.03","6401.57"
"12/06/2025 15:00:00 - 12/06/2025 16:00:00","Belgium (BE)","5809.93","5746.65","5847.61","6178.65"
"12/06/2025 16:00:00 - 12/06/2025 17:00:00","Belgium (BE)","4881.82","5012.00","5366.50","5270.76"
"12/06/2025 17:00:00 - 12/06/2025 18:00:00","Belgium (BE)","3762.39","4004.01","4167.11","4078.00"
"12/06/2025 18:00:00 - 12/06/2025 19:00:00","Belgium (BE)","2505.88","2687.20","2740.45","2725.50"
"12/06/2025 19:00:00 - 12/06/2025 20:00:00","Belgium (BE)","1249.27","1262.85","1262.37","1464.10"
"12/06/2025 20:00:00 - 12/06/2025 21:00:00","Belgium (BE)","484.77","456.47","492.14","608.56"
"12/06/2025 21:00:00 - 12/06/2025 22:00:00","Belgium (BE)","99.52","99.35","113.95","83.59"
"12/06/2025 22:00:00 - 12/06/2025 23:00:00","Belgium (BE)","0.00","0.00","0.00","0.01"
"12/06/2025 23:00:00 - 13/06/2025 00:00:00","Belgium (BE)","0.00","0.00","0.00","0.00"
"13/06/2025 00:00:00 - 13/06/2025 01:00:00","Belgium (BE)","0.00","0.00","0.00","0.00"
"13/06/2025 01:00:00 - 13/06/2025 02:00:00","Belgium (BE)","0.00","0.00","0.00","0.00"
"13/06/2025 02:00:00 - 13/06/2025 03:00:00","Belgium (BE)","0.00","0.00","0.00","0.00"
"13/06/2025 03:00:00 - 13/06/2025 04:00:00","Belgium (BE)","0.00","0.00","0.00","0.00"
"13/06/2025 04:00:00 - 13/06/2025 05:00:00","Belgium (BE)","0.00","0.00","0.00","0.00"
"13/06/2025 05:00:00 - 13/06/2025 06:00:00","Belgium (BE)","24.82","25.60","25.60","18.60"
"13/06/2025 06:00:00 - 13/06/2025 07:00:00","Belgium (BE)","322.98","320.61","320.61","362.14"
"13/06/2025 07:00:00 - 13/06/2025 08:00:00","Belgium (BE)","921.45","959.67","959.67","1042.50"
"13/06/2025 08:00:00 - 13/06/2025 09:00:00","Belgium (BE)","1955.87","2041.04","2077.38","2032.52"
"13/06/2025 09:00:00 - 13/06/2025 10:00:00","Belgium (BE)","3172.12","3211.42","3136.78","3201.72"
"13/06/2025 10:00:00 - 13/06/2025 11:00:00","Belgium (BE)","4235.43","4227.79","4132.52","4357.55"
"13/06/2025 11:00:00 - 13/06/2025 12:00:00","Belgium (BE)","5186.80","5097.37","4963.44","5204.46"
"13/06/2025 12:00:00 - 13/06/2025 13:00:00","Belgium (BE)","5859.20","5758.56","5696.65","5975.63"
"13/06/2025 13:00:00 - 13/06/2025 14:00:00","Belgium (BE)","6084.70","6102.96","6301.96","6097.67"
"13/06/2025 14:00:00 - 13/06/2025 15:00:00","Belgium (BE)","5922.05","6054.26","6193.37","6022.24"
"13/06/2025 15:00:00 - 13/06/2025 16:00:00","Belgium (BE)","5481.55","5632.69","5627.02","5724.75"
"13/06/2025 16:00:00 - 13/06/2025 17:00:00","Belgium (BE)","4706.86","4854.15","4948.90","5054.91"
"13/06/2025 17:00:00 - 13/06/2025 18:00:00","Belgium (BE)","3659.98","3776.52","3951.76","3936.73"
"13/06/2025 18:00:00 - 13/06/2025 19:00:00","Belgium (BE)","2432.58","2525.89","2594.66","2572.02"
"13/06/2025 19:00:00 - 13/06/2025 20:00:00","Belgium (BE)","1241.97","1277.90","1277.89","1458.06"
"13/06/2025 20:00:00 - 13/06/2025 21:00:00","Belgium (BE)","495.81","504.24","526.90","544.49"
"13/06/2025 21:00:00 - 13/06/2025 22:00:00","Belgium (BE)","100.94","103.60","109.18","59.43"
"13/06/2025 22:00:00 - 13/06/2025 23:00:00","Belgium (BE)","0.00","0.00","0.00","0.00"
"13/06/2025 23:00:00 - 14/06/2025 00:00:00","Belgium (BE)","0.00","0.00","0.00","0.00"
"14/06/2025 00:00:00 - 14/06/2025 01:00:00","Belgium (BE)","0.00","0.00","0.00","0.00"
"14/06/2025 01:00:00 - 14/06/2025 02:00:00","Belgium (BE)","0.00","0.00","0.00","0.00"
"14/06/2025 02:00:00 - 14/06/2025 03:00:00","Belgium (BE)","0.00","0.00","0.00","0.00"
"14/06/2025 03:00:00 - 14/06/2025 04:00:00","Belgium (BE)","0.00","0.00","0.00","0.00"
"14/06/2025 04:00:00 - 14/06/2025 05:00:00","Belgium (BE)","0.00","0.00","0.00","0.00"
"14/06/2025 05:00:00 - 14/06/2025 06:00:00","Belgium (BE)","24.47","25.06","25.06","16.16"
"14/06/2025 06:00:00 - 14/06/2025 07:00:00","Belgium (BE)","303.67","316.19","316.19","297.84"
"14/06/2025 07:00:00 - 14/06/2025 08:00:00","Belgium (BE)","871.77","920.66","920.66","872.20"
"14/06/2025 08:00:00 - 14/06/2025 09:00:00","Belgium (BE)","1704.01","1881.41","1848.89","1684.22"
"14/06/2025 09:00:00 - 14/06/2025 10:00:00","Belgium (BE)","2488.84","2652.71","2595.75","2447.88"
"14/06/2025 10:00:00 - 14/06/2025 11:00:00","Belgium (BE)","3041.44","2992.60","3187.91","2507.32"
"14/06/2025 11:00:00 - 14/06/2025 12:00:00","Belgium (BE)","3356.37","3088.08","2962.44","2500.13"
"14/06/2025 12:00:00 - 14/06/2025 13:00:00","Belgium (BE)","3730.77","3285.09","2559.11","2558.34"
"14/06/2025 13:00:00 - 14/06/2025 14:00:00","Belgium (BE)","4214.98","3939.65","2719.81","2276.56"
"14/06/2025 14:00:00 - 14/06/2025 15:00:00","Belgium (BE)","4502.48","4620.34","2752.84","3005.56"
"14/06/2025 15:00:00 - 14/06/2025 16:00:00","Belgium (BE)","4362.77","4898.89","3491.82","3944.85"
"14/06/2025 16:00:00 - 14/06/2025 17:00:00","Belgium (BE)","3930.93","4464.31","3871.02","3870.74"
"14/06/2025 17:00:00 - 14/06/2025 18:00:00","Belgium (BE)","3155.04","3551.36","3159.84","3206.59"
"14/06/2025 18:00:00 - 14/06/2025 19:00:00","Belgium (BE)","2123.22","2325.25","2256.45","2199.30"
"14/06/2025 19:00:00 - 14/06/2025 20:00:00","Belgium (BE)","1145.90","1230.58","1244.31","1263.42"
"14/06/2025 20:00:00 - 14/06/2025 21:00:00","Belgium (BE)","479.88","507.77","530.84","508.23"
"14/06/2025 21:00:00 - 14/06/2025 22:00:00","Belgium (BE)","87.71","96.38","100.38","101.94"
"14/06/2025 22:00:00 - 14/06/2025 23:00:00","Belgium (BE)","0.00","0.00","0.00","0.00"
"14/06/2025 23:00:00 - 15/06/2025 00:00:00","Belgium (BE)","0.00","0.00","0.00","0.00"
"15/06/2025 00:00:00 - 15/06/2025 01:00:00","Belgium (BE)","0.00","0.00","0.00","0.00"
"15/06/2025 01:00:00 - 15/06/2025 02:00:00","Belgium (BE)","0.00","0.00","0.00","0.00"
"15/06/2025 02:00:00 - 15/06/2025 03:00:00","Belgium (BE)","0.00","0.00","0.00","0.00"
"15/06/2025 03:00:00 - 15/06/2025 04:00:00","Belgium (BE)","0.00","0.00","0.00","0.00"
"15/06/2025 04:00:00 - 15/06/2025 05:00:00","Belgium (BE)","0.00","0.00","0.00","0.00"
"15/06/2025 05:00:00 - 15/06/2025 06:00:00","Belgium (BE)","19.08","19.52","19.52","1.28"
"15/06/2025 06:00:00 - 15/06/2025 07:00:00","Belgium (BE)","274.17","260.99","260.99","108.58"
"15/06/2025 07:00:00 - 15/06/2025 08:00:00","Belgium (BE)","812.71","699.01","699.01","616.12"
"15/06/2025 08:00:00 - 15/06/2025 09:00:00","Belgium (BE)","1659.84","1531.12","1409.33","1385.49"
"15/06/2025 09:00:00 - 15/06/2025 10:00:00","Belgium (BE)","2671.90","2610.31","2427.40","2577.27"
"15/06/2025 10:00:00 - 15/06/2025 11:00:00","Belgium (BE)","3687.20","3746.32","3760.83","3995.70"
"15/06/2025 11:00:00 - 15/06/2025 12:00:00","Belgium (BE)","4597.17","4570.18","4684.98","5502.72"
"15/06/2025 12:00:00 - 15/06/2025 13:00:00","Belgium (BE)","5111.58","5031.89","5700.28","6079.52"
"15/06/2025 13:00:00 - 15/06/2025 14:00:00","Belgium (BE)","5241.09","5149.70","5880.96","5725.36"
"15/06/2025 14:00:00 - 15/06/2025 15:00:00","Belgium (BE)","5164.11","4991.02","5288.56","5372.08"
"15/06/2025 15:00:00 - 15/06/2025 16:00:00","Belgium (BE)","4847.21","4719.13","4971.09","4893.69"
"15/06/2025 16:00:00 - 15/06/2025 17:00:00","Belgium (BE)","4278.26","4341.77","4477.65","4444.35"
"15/06/2025 17:00:00 - 15/06/2025 18:00:00","Belgium (BE)","3460.21","3670.47","3731.52","3712.59"
"15/06/2025 18:00:00 - 15/06/2025 19:00:00","Belgium (BE)","2433.49","2567.01","2531.93","2652.13"
"15/06/2025 19:00:00 - 15/06/2025 20:00:00","Belgium (BE)","1267.60","1292.58","1329.06","1589.75"
"15/06/2025 20:00:00 - 15/06/2025 21:00:00","Belgium (BE)","482.68","459.97","521.50","679.92"
"15/06/2025 21:00:00 - 15/06/2025 22:00:00","Belgium (BE)","105.59","104.49","119.61","118.91"
"15/06/2025 22:00:00 - 15/06/2025 23:00:00","Belgium (BE)","0.00","0.00","0.00","0.01"
"15/06/2025 23:00:00 - 16/06/2025 00:00:00","Belgium (BE)","0.00","0.00","0.00","0.00"
"16/06/2025 00:00:00 - 16/06/2025 01:00:00","Belgium (BE)","0.00","0.00","0.00","0.00"
"16/06/2025 01:00:00 - 16/06/2025 02:00:00","Belgium (BE)","0.00","0.00","0.00","0.00"
"16/06/2025 02:00:00 - 16/06/2025 03:00:00","Belgium (BE)","0.00","0.00","0.00","0.00"
"16/06/2025 03:00:00 - 16/06/2025 04:00:00","Belgium (BE)","0.00","0.00","0.00","0.00"
"16/06/2025 04:00:00 - 16/06/2025 05:00:00","Belgium (BE)","0.00","0.00","0.00","0.00"
"16/06/2025 05:00:00 - 16/06/2025 06:00:00","Belgium (BE)","27.81","28.46","28.46","17.93"
"16/06/2025 06:00:00 - 16/06/2025 07:00:00","Belgium (BE)","287.25","293.84","293.84","347.01"
"16/06/2025 07:00:00 - 16/06/2025 08:00:00","Belgium (BE)","842.76","883.01","883.01","1189.70"
"16/06/2025 08:00:00 - 16/06/2025 09:00:00","Belgium (BE)","2152.86","2237.13","2535.92","2339.29"
"16/06/2025 09:00:00 - 16/06/2025 10:00:00","Belgium (BE)","3602.49","3703.13","3825.65","3738.63"
"16/06/2025 10:00:00 - 16/06/2025 11:00:00","Belgium (BE)","4740.75","4877.35","4887.30","5118.38"
"16/06/2025 11:00:00 - 16/06/2025 12:00:00","Belgium (BE)","5377.50","5572.64","5777.02","5923.31"
"16/06/2025 12:00:00 - 16/06/2025 13:00:00","Belgium (BE)","5391.82","5698.36","6087.65","5857.23"
"16/06/2025 13:00:00 - 16/06/2025 14:00:00","Belgium (BE)","5093.88","5644.02","5914.60","5748.16"
"16/06/2025 14:00:00 - 16/06/2025 15:00:00","Belgium (BE)","4806.24","5451.92","5527.32","5701.45"
"16/06/2025 15:00:00 - 16/06/2025 16:00:00","Belgium (BE)","4629.49","5225.07","5309.68","5455.14"
"16/06/2025 16:00:00 - 16/06/2025 17:00:00","Belgium (BE)","4351.58","4798.13","4846.34","4930.53"
"16/06/2025 17:00:00 - 16/06/2025 18:00:00","Belgium (BE)","3643.97","3987.49","4029.57","4025.17"
"16/06/2025 18:00:00 - 16/06/2025 19:00:00","Belgium (BE)","2592.16","2745.01","2757.35","2759.86"
"16/06/2025 19:00:00 - 16/06/2025 20:00:00","Belgium (BE)","1272.85","1297.65","1313.98","1624.21"
"16/06/2025 20:00:00 - 16/06/2025 21:00:00","Belgium (BE)","443.55","448.93","479.06","666.95"
"16/06/2025 21:00:00 - 16/06/2025 22:00:00","Belgium (BE)","105.84","105.54","122.32","123.67"
"16/06/2025 22:00:00 - 16/06/2025 23:00:00","Belgium (BE)","0.00","0.00","0.00","0.00"
"16/06/2025 23:00:00 - 17/06/2025 00:00:00","Belgium (BE)","0.00","0.00","0.00","0.00"
"17/06/2025 00:00:00 - 17/06/2025 01:00:00","Belgium (BE)","0.00","0.00","0.00","0.00"
"17/06/2025 01:00:00 - 17/06/2025 02:00:00","Belgium (BE)","0.00","0.00","0.00","0.00"
"17/06/2025 02:00:00 - 17/06/2025 03:00:00","Belgium (BE)","0.00","0.00","0.00","0.00"
"17/06/2025 03:00:00 - 17/06/2025 04:00:00","Belgium (BE)","0.00","0.00","0.00","0.00"
"17/06/2025 04:00:00 - 17/06/2025 05:00:00","Belgium (BE)","0.00","0.00","0.00","0.00"
"17/06/2025 05:00:00 - 17/06/2025 06:00:00","Belgium (BE)","27.62","28.26","28.26","19.79"
"17/06/2025 06:00:00 - 17/06/2025 07:00:00","Belgium (BE)","275.39","281.20","281.20","362.35"
"17/06/2025 07:00:00 - 17/06/2025 08:00:00","Belgium (BE)","823.78","898.93","898.93","1202.79"
"17/06/2025 08:00:00 - 17/06/2025 09:00:00","Belgium (BE)","2162.04","2288.52","2578.28","2330.68"
"17/06/2025 09:00:00 - 17/06/2025 10:00:00","Belgium (BE)","3641.72","3760.13","3837.29","3706.69"
"17/06/2025 10:00:00 - 17/06/2025 11:00:00","Belgium (BE)","4856.47","4953.96","4858.65","5050.70"
"17/06/2025 11:00:00 - 17/06/2025 12:00:00","Belgium (BE)","5767.83","5843.40","5841.51","5677.23"
"17/06/2025 12:00:00 - 17/06/2025 13:00:00","Belgium (BE)","6161.59","6299.83","6169.43","5836.95"
"17/06/2025 13:00:00 - 17/06/2025 14:00:00","Belgium (BE)","6120.83","6330.73","5961.44","5938.73"
"17/06/2025 14:00:00 - 17/06/2025 15:00:00","Belgium (BE)","5767.00","6109.97","5796.40","5789.37"
"17/06/2025 15:00:00 - 17/06/2025 16:00:00","Belgium (BE)","5304.58","5665.73","5380.10","5442.89"
"17/06/2025 16:00:00 - 17/06/2025 17:00:00","Belgium (BE)","4566.46","4963.04","4708.99","4762.23"
"17/06/2025 17:00:00 - 17/06/2025 18:00:00","Belgium (BE)","3718.01","3979.63","3836.31","3555.53"
"17/06/2025 18:00:00 - 17/06/2025 19:00:00","Belgium (BE)","2577.65","2704.54","2534.29","2243.05"
"17/06/2025 19:00:00 - 17/06/2025 20:00:00","Belgium (BE)","1266.79","1299.48","1207.45","1230.02"
"17/06/2025 20:00:00 - 17/06/2025 21:00:00","Belgium (BE)","464.85","471.75","472.95","570.39"
"17/06/2025 21:00:00 - 17/06/2025 22:00:00","Belgium (BE)","107.14","107.84","116.68","171.24"
"17/06/2025 22:00:00 - 17/06/2025 23:00:00","Belgium (BE)","0.00","0.00","0.00","0.00"
"17/06/2025 23:00:00 - 18/06/2025 00:00:00","Belgium (BE)","0.00","0.00","0.00","0.00"
"18/06/2025 00:00:00 - 18/06/2025 01:00:00","Belgium (BE)","0.00","0.00","0.00","0.00"
"18/06/2025 01:00:00 - 18/06/2025 02:00:00","Belgium (BE)","0.00","0.00","0.00","0.00"
"18/06/2025 02:00:00 - 18/06/2025 03:00:00","Belgium (BE)","0.00","0.00","0.00","0.00"
"18/06/2025 03:00:00 - 18/06/2025 04:00:00","Belgium (BE)","0.00","0.00","0.00","0.00"
"18/06/2025 04:00:00 - 18/06/2025 05:00:00","Belgium (BE)","0.00","0.00","0.00","0.00"
"18/06/2025 05:00:00 - 18/06/2025 06:00:00","Belgium (BE)","27.22","28.11","28.11","11.87"
"18/06/2025 06:00:00 - 18/06/2025 07:00:00","Belgium (BE)","297.78","311.50","311.50","312.86"
"18/06/2025 07:00:00 - 18/06/2025 08:00:00","Belgium (BE)","861.40","895.30","895.30","1089.76"
"18/06/2025 08:00:00 - 18/06/2025 09:00:00","Belgium (BE)","2106.42","2193.48","2405.44","2100.86"
"18/06/2025 09:00:00 - 18/06/2025 10:00:00","Belgium (BE)","3507.36","3590.45","3550.06","3453.69"
"18/06/2025 10:00:00 - 18/06/2025 11:00:00","Belgium (BE)","4682.47","4904.09","4858.73","4780.85"
"18/06/2025 11:00:00 - 18/06/2025 12:00:00","Belgium (BE)","5635.31","5880.32","5774.20","5825.16"
"18/06/2025 12:00:00 - 18/06/2025 13:00:00","Belgium (BE)","6116.17","6437.24","6436.10","6611.97"
"18/06/2025 13:00:00 - 18/06/2025 14:00:00","Belgium (BE)","6105.69","6462.50","6534.67","6771.64"
"18/06/2025 14:00:00 - 18/06/2025 15:00:00","Belgium (BE)","5832.57","6239.60","6480.53","6410.06"
"18/06/2025 15:00:00 - 18/06/2025 16:00:00","Belgium (BE)","5428.26","5830.19","5926.58","5832.48"
"18/06/2025 16:00:00 - 18/06/2025 17:00:00","Belgium (BE)","4769.36","5172.00","5161.93","5086.33"
"18/06/2025 17:00:00 - 18/06/2025 18:00:00","Belgium (BE)","3863.47","4185.27","4184.97","4067.15"
"18/06/2025 18:00:00 - 18/06/2025 19:00:00","Belgium (BE)","2669.92","2809.52","2774.36","2793.14"
"18/06/2025 19:00:00 - 18/06/2025 20:00:00","Belgium (BE)","1273.39","1302.57","1313.15","1624.98"
"18/06/2025 20:00:00 - 18/06/2025 21:00:00","Belgium (BE)","440.89","428.40","471.64","682.93"
"18/06/2025 21:00:00 - 18/06/2025 22:00:00","Belgium (BE)","107.77","105.36","130.28","125.84"
"18/06/2025 22:00:00 - 18/06/2025 23:00:00","Belgium (BE)","0.00","0.00","0.00","0.00"
"18/06/2025 23:00:00 - 19/06/2025 00:00:00","Belgium (BE)","0.00","0.00","0.00","0.00"
"19/06/2025 00:00:00 - 19/06/2025 01:00:00","Belgium (BE)","0.00","0.00","0.00","0.00"
"19/06/2025 01:00:00 - 19/06/2025 02:00:00","Belgium (BE)","0.00","0.00","0.00","0.00"
"19/06/2025 02:00:00 - 19/06/2025 03:00:00","Belgium (BE)","0.00","0.00","0.00","0.00"
"19/06/2025 03:00:00 - 19/06/2025 04:00:00","Belgium (BE)","0.00","0.00","0.00","0.00"
"19/06/2025 04:00:00 - 19/06/2025 05:00:00","Belgium (BE)","0.00","0.00","0.00","0.00"
"19/06/2025 05:00:00 - 19/06/2025 06:00:00","Belgium (BE)","27.06","27.85","27.85","17.34"
"19/06/2025 06:00:00 - 19/06/2025 07:00:00","Belgium (BE)","290.62","298.86","298.86","355.52"
"19/06/2025 07:00:00 - 19/06/2025 08:00:00","Belgium (BE)","870.31","902.58","902.58","1180.37"
"19/06/2025 08:00:00 - 19/06/2025 09:00:00","Belgium (BE)","2183.73","2234.76","2528.72","2312.80"
"19/06/2025 09:00:00 - 19/06/2025 10:00:00","Belgium (BE)","3630.58","3696.99","3757.84","3703.63"
"19/06/2025 10:00:00 - 19/06/2025 11:00:00","Belgium (BE)","4980.06","5025.69","5040.87","5109.81"
"19/06/2025 11:00:00 - 19/06/2025 12:00:00","Belgium (BE)","6032.36","6037.23","6090.02","6139.38"
"19/06/2025 12:00:00 - 19/06/2025 13:00:00","Belgium (BE)","6759.09","6778.96","6818.73","6852.61"
"19/06/2025 13:00:00 - 19/06/2025 14:00:00","Belgium (BE)","6986.78","7015.18","6976.09","7033.56"
"19/06/2025 14:00:00 - 19/06/2025 15:00:00","Belgium (BE)","6775.26","6803.34","6744.82","6705.63"
"19/06/2025 15:00:00 - 19/06/2025 16:00:00","Belgium (BE)","6173.97","6210.37","6113.94","6074.81"
"19/06/2025 16:00:00 - 19/06/2025 17:00:00","Belgium (BE)","5470.12","5525.92","5433.47","5197.34"
"19/06/2025 17:00:00 - 19/06/2025 18:00:00","Belgium (BE)","4348.22","4454.31","4239.01","4021.26"
"19/06/2025 18:00:00 - 19/06/2025 19:00:00","Belgium (BE)","2876.22","2933.11","2756.87","2728.71"
"19/06/2025 19:00:00 - 19/06/2025 20:00:00","Belgium (BE)","1292.43","1296.91","1272.62","1592.04"
"19/06/2025 20:00:00 - 19/06/2025 21:00:00","Belgium (BE)","403.93","403.53","458.82","653.09"
"19/06/2025 21:00:00 - 19/06/2025 22:00:00","Belgium (BE)","104.76","104.62","127.59","119.90"
"19/06/2025 22:00:00 - 19/06/2025 23:00:00","Belgium (BE)","0.01","0.01","0.01","0.00"
"19/06/2025 23:00:00 - 20/06/2025 00:00:00","Belgium (BE)","0.00","0.00","0.00","0.00"
"20/06/2025 00:00:00 - 20/06/2025 01:00:00","Belgium (BE)","0.00","0.00","0.00","0.00"
"20/06/2025 01:00:00 - 20/06/2025 02:00:00","Belgium (BE)","0.00","0.00","0.00","0.00"
"20/06/2025 02:00:00 - 20/06/2025 03:00:00","Belgium (BE)","0.00","0.00","0.00","0.00"
"20/06/2025 03:00:00 - 20/06/2025 04:00:00","Belgium (BE)","0.00","0.00","0.00","0.00"
"20/06/2025 04:00:00 - 20/06/2025 05:00:00","Belgium (BE)","0.00","0.00","0.00","0.00"
"20/06/2025 05:00:00 - 20/06/2025 06:00:00","Belgium (BE)","26.80","27.62","27.62","18.29"
"20/06/2025 06:00:00 - 20/06/2025 07:00:00","Belgium (BE)","287.32","294.76","294.76","355.45"
"20/06/2025 07:00:00 - 20/06/2025 08:00:00","Belgium (BE)","864.12","924.21","924.21","1196.48"
"20/06/2025 08:00:00 - 20/06/2025 09:00:00","Belgium (BE)","2175.51","2274.98","2550.00","2341.34"
"20/06/2025 09:00:00 - 20/06/2025 10:00:00","Belgium (BE)","3590.14","3721.62","3776.11","3760.25"
"20/06/2025 10:00:00 - 20/06/2025 11:00:00","Belgium (BE)","4879.41","5037.70","5084.99","5177.09"
"20/06/2025 11:00:00 - 20/06/2025 12:00:00","Belgium (BE)","5863.40","6020.34","6107.02","6185.77"
"20/06/2025 12:00:00 - 20/06/2025 13:00:00","Belgium (BE)","6420.84","6698.33","6821.43","6876.04"
"20/06/2025 13:00:00 - 20/06/2025 14:00:00","Belgium (BE)","6387.86","6865.90","7070.59","7103.14"
"20/06/2025 14:00:00 - 20/06/2025 15:00:00","Belgium (BE)","5981.65","6577.28","6759.60","6814.30"
"20/06/2025 15:00:00 - 20/06/2025 16:00:00","Belgium (BE)","5326.34","5897.94","6135.50","6068.84"
"20/06/2025 16:00:00 - 20/06/2025 17:00:00","Belgium (BE)","4372.74","5019.93","5246.65","5200.23"
"20/06/2025 17:00:00 - 20/06/2025 18:00:00","Belgium (BE)","3325.44","3771.41","3954.28","3815.25"
"20/06/2025 18:00:00 - 20/06/2025 19:00:00","Belgium (BE)","2283.20","2433.66","2478.63","2483.60"
"20/06/2025 19:00:00 - 20/06/2025 20:00:00","Belgium (BE)","1297.14","1316.95","1299.98","1569.89"
"20/06/2025 20:00:00 - 20/06/2025 21:00:00","Belgium (BE)","563.77","561.99","599.29","691.14"
"20/06/2025 21:00:00 - 20/06/2025 22:00:00","Belgium (BE)","112.02","112.45","127.73","133.23"
"20/06/2025 22:00:00 - 20/06/2025 23:00:00","Belgium (BE)","0.01","0.01","0.01","0.00"
"20/06/2025 23:00:00 - 21/06/2025 00:00:00","Belgium (BE)","0.00","0.00","0.00","0.00"
"21/06/2025 00:00:00 - 21/06/2025 01:00:00","Belgium (BE)","0.00","0.00","0.00","0.00"
"21/06/2025 01:00:00 - 21/06/2025 02:00:00","Belgium (BE)","0.00","0.00","0.00","0.00"
"21/06/2025 02:00:00 - 21/06/2025 03:00:00","Belgium (BE)","0.00","0.00","0.00","0.00"
"21/06/2025 03:00:00 - 21/06/2025 04:00:00","Belgium (BE)","0.00","0.00","0.00","0.00"
"21/06/2025 04:00:00 - 21/06/2025 05:00:00","Belgium (BE)","0.00","0.00","0.00","0.00"
"21/06/2025 05:00:00 - 21/06/2025 06:00:00","Belgium (BE)","26.44","27.19","27.19","16.67"
"21/06/2025 06:00:00 - 21/06/2025 07:00:00","Belgium (BE)","278.74","287.84","287.84","346.37"
"21/06/2025 07:00:00 - 21/06/2025 08:00:00","Belgium (BE)","839.14","887.17","887.17","1179.94"
"21/06/2025 08:00:00 - 21/06/2025 09:00:00","Belgium (BE)","2195.48","2271.59","2561.95","2315.64"
"21/06/2025 09:00:00 - 21/06/2025 10:00:00","Belgium (BE)","3680.64","3756.65","3803.13","3695.48"
"21/06/2025 10:00:00 - 21/06/2025 11:00:00","Belgium (BE)","5057.45","5109.48","5044.45","5072.73"
"21/06/2025 11:00:00 - 21/06/2025 12:00:00","Belgium (BE)","6122.22","6122.55","6069.94","6099.62"
"21/06/2025 12:00:00 - 21/06/2025 13:00:00","Belgium (BE)","6896.22","6897.69","6861.11","6868.85"
"21/06/2025 13:00:00 - 21/06/2025 14:00:00","Belgium (BE)","7182.02","7192.24","7191.66","7165.88"
"21/06/2025 14:00:00 - 21/06/2025 15:00:00","Belgium (BE)","7020.69","7033.75","7019.11","7045.24"
"21/06/2025 15:00:00 - 21/06/2025 16:00:00","Belgium (BE)","6402.31","6422.85","6438.16","6445.53"
"21/06/2025 16:00:00 - 21/06/2025 17:00:00","Belgium (BE)","5678.44","5693.47","5723.60","5514.35"
"21/06/2025 17:00:00 - 21/06/2025 18:00:00","Belgium (BE)","4519.03","4611.12","4576.64","4240.30"
"21/06/2025 18:00:00 - 21/06/2025 19:00:00","Belgium (BE)","2942.77","3000.29","2859.38","2819.24"
"21/06/2025 19:00:00 - 21/06/2025 20:00:00","Belgium (BE)","1294.64","1308.95","1262.52","1626.34"
"21/06/2025 20:00:00 - 21/06/2025 21:00:00","Belgium (BE)","392.13","402.91","428.73","625.45"
"21/06/2025 21:00:00 - 21/06/2025 22:00:00","Belgium (BE)","105.40","105.25","129.30","105.97"
"21/06/2025 22:00:00 - 21/06/2025 23:00:00","Belgium (BE)","0.01","0.01","0.01","0.00"
"21/06/2025 23:00:00 - 22/06/2025 00:00:00","Belgium (BE)","0.00","0.00","0.00","0.00"
"22/06/2025 00:00:00 - 22/06/2025 01:00:00","Belgium (BE)","0.00","0.00","0.00","0.00"
"22/06/2025 01:00:00 - 22/06/2025 02:00:00","Belgium (BE)","0.00","0.00","0.00","0.00"
"22/06/2025 02:00:00 - 22/06/2025 03:00:00","Belgium (BE)","0.00","0.00","0.00","0.00"
"22/06/2025 03:00:00 - 22/06/2025 04:00:00","Belgium (BE)","0.00","0.00","0.00","0.00"
"22/06/2025 04:00:00 - 22/06/2025 05:00:00","Belgium (BE)","0.00","0.00","0.00","0.00"
"22/06/2025 05:00:00 - 22/06/2025 06:00:00","Belgium (BE)","25.30","25.89","25.89","21.86"
"22/06/2025 06:00:00 - 22/06/2025 07:00:00","Belgium (BE)","311.27","320.70","320.70","354.58"
"22/06/2025 07:00:00 - 22/06/2025 08:00:00","Belgium (BE)","920.64","980.29","980.29","1150.00"
"22/06/2025 08:00:00 - 22/06/2025 09:00:00","Belgium (BE)","2037.01","2106.09","2199.06","2149.13"
"22/06/2025 09:00:00 - 22/06/2025 10:00:00","Belgium (BE)","3050.69","3061.83","3084.89","2971.01"
"22/06/2025 10:00:00 - 22/06/2025 11:00:00","Belgium (BE)","3653.45","3719.47","3690.58","3427.86"
"22/06/2025 11:00:00 - 22/06/2025 12:00:00","Belgium (BE)","3843.16","4123.19","3872.36","3930.95"
"22/06/2025 12:00:00 - 22/06/2025 13:00:00","Belgium (BE)","3780.71","4339.36","4083.55","3755.04"
"22/06/2025 13:00:00 - 22/06/2025 14:00:00","Belgium (BE)","3761.44","4601.38","4143.57","3423.27"
"22/06/2025 14:00:00 - 22/06/2025 15:00:00","Belgium (BE)","3819.43","4588.08","3838.71","4017.42"
"22/06/2025 15:00:00 - 22/06/2025 16:00:00","Belgium (BE)","3814.26","4406.74","4015.19","5034.88"
"22/06/2025 16:00:00 - 22/06/2025 17:00:00","Belgium (BE)","3701.01","4290.28","4597.66","4754.83"
"22/06/2025 17:00:00 - 22/06/2025 18:00:00","Belgium (BE)","3368.64","3728.87","4115.80","3742.26"
"22/06/2025 18:00:00 - 22/06/2025 19:00:00","Belgium (BE)","2560.00","2668.27","2721.57","2596.10"
"22/06/2025 19:00:00 - 22/06/2025 20:00:00","Belgium (BE)","1320.43","1338.20","1346.31","1398.00"
"22/06/2025 20:00:00 - 22/06/2025 21:00:00","Belgium (BE)","481.33","488.23","526.45","553.14"
"22/06/2025 21:00:00 - 22/06/2025 22:00:00","Belgium (BE)","110.23","111.41","121.39","103.15"
"22/06/2025 22:00:00 - 22/06/2025 23:00:00","Belgium (BE)","0.01","0.01","0.01","0.00"
"22/06/2025 23:00:00 - 23/06/2025 00:00:00","Belgium (BE)","0.00","0.00","0.00","0.00"
"23/06/2025 00:00:00 - 23/06/2025 01:00:00","Belgium (BE)","0.00","0.00","0.00","0.00"
"23/06/2025 01:00:00 - 23/06/2025 02:00:00","Belgium (BE)","0.00","0.00","0.00","0.00"
"23/06/2025 02:00:00 - 23/06/2025 03:00:00","Belgium (BE)","0.00","0.00","0.00","0.00"
"23/06/2025 03:00:00 - 23/06/2025 04:00:00","Belgium (BE)","0.00","0.00","0.00","0.00"
"23/06/2025 04:00:00 - 23/06/2025 05:00:00","Belgium (BE)","0.00","0.00","0.00","0.00"
"23/06/2025 05:00:00 - 23/06/2025 06:00:00","Belgium (BE)","13.04","13.51","13.51","8.52"
"23/06/2025 06:00:00 - 23/06/2025 07:00:00","Belgium (BE)","196.40","211.01","211.01","234.10"
"23/06/2025 07:00:00 - 23/06/2025 08:00:00","Belgium (BE)","598.51","694.63","694.63","583.97"
"23/06/2025 08:00:00 - 23/06/2025 09:00:00","Belgium (BE)","942.42","1088.53","1036.36","925.56"
"23/06/2025 09:00:00 - 23/06/2025 10:00:00","Belgium (BE)","1423.83","1659.38","1449.64","1595.98"
"23/06/2025 10:00:00 - 23/06/2025 11:00:00","Belgium (BE)","2294.75","2480.56","2357.08","2608.37"
"23/06/2025 11:00:00 - 23/06/2025 12:00:00","Belgium (BE)","3381.61","3535.68","3441.98","3732.38"
"23/06/2025 12:00:00 - 23/06/2025 13:00:00","Belgium (BE)","4521.24","4748.03","4725.48","4709.68"
"23/06/2025 13:00:00 - 23/06/2025 14:00:00","Belgium (BE)","5402.71","5627.23","5592.56","5161.47"
"23/06/2025 14:00:00 - 23/06/2025 15:00:00","Belgium (BE)","5860.73","5993.39","5526.82","5310.99"
"23/06/2025 15:00:00 - 23/06/2025 16:00:00","Belgium (BE)","5752.18","5835.45","5256.71","5221.03"
"23/06/2025 16:00:00 - 23/06/2025 17:00:00","Belgium (BE)","5159.11","5211.83","4785.98","4617.46"
"23/06/2025 17:00:00 - 23/06/2025 18:00:00","Belgium (BE)","3979.81","4081.98","3762.89","3543.02"
"23/06/2025 18:00:00 - 23/06/2025 19:00:00","Belgium (BE)","2630.78","2691.56","2486.69","2305.06"
"23/06/2025 19:00:00 - 23/06/2025 20:00:00","Belgium (BE)","1324.40","1335.43","1247.73","1413.13"
"23/06/2025 20:00:00 - 23/06/2025 21:00:00","Belgium (BE)","488.96","492.39","516.34","607.18"
"23/06/2025 21:00:00 - 23/06/2025 22:00:00","Belgium (BE)","113.33","112.08","122.80","116.99"
"23/06/2025 22:00:00 - 23/06/2025 23:00:00","Belgium (BE)","0.02","0.02","0.02","0.00"
"23/06/2025 23:00:00 - 24/06/2025 00:00:00","Belgium (BE)","0.00","0.00","0.00","0.00"
"24/06/2025 00:00:00 - 24/06/2025 01:00:00","Belgium (BE)","0.00","0.00","0.00","0.00"
"24/06/2025 01:00:00 - 24/06/2025 02:00:00","Belgium (BE)","0.00","0.00","0.00","0.00"
"24/06/2025 02:00:00 - 24/06/2025 03:00:00","Belgium (BE)","0.00","0.00","0.00","0.00"
"24/06/2025 03:00:00 - 24/06/2025 04:00:00","Belgium (BE)","0.00","0.00","0.00","0.00"
"24/06/2025 04:00:00 - 24/06/2025 05:00:00","Belgium (BE)","0.00","0.00","0.00","0.00"
"24/06/2025 05:00:00 - 24/06/2025 06:00:00","Belgium (BE)","23.46","25.70","25.70","13.82"
"24/06/2025 06:00:00 - 24/06/2025 07:00:00","Belgium (BE)","303.95","306.46","306.46","343.59"
"24/06/2025 07:00:00 - 24/06/2025 08:00:00","Belgium (BE)","909.77","936.51","936.51","1139.91"
"24/06/2025 08:00:00 - 24/06/2025 09:00:00","Belgium (BE)","1929.40","2115.96","2336.15","2107.54"
"24/06/2025 09:00:00 - 24/06/2025 10:00:00","Belgium (BE)","2871.47","3003.07","2927.30","3085.86"
"24/06/2025 10:00:00 - 24/06/2025 11:00:00","Belgium (BE)","3617.39","3404.14","3481.09","3539.63"
"24/06/2025 11:00:00 - 24/06/2025 12:00:00","Belgium (BE)","4144.13","3673.89","3471.40","3365.37"
"24/06/2025 12:00:00 - 24/06/2025 13:00:00","Belgium (BE)","4326.55","3776.84","3159.91","2963.95"
"24/06/2025 13:00:00 - 24/06/2025 14:00:00","Belgium (BE)","4440.50","3586.82","2916.67","2641.12"
"24/06/2025 14:00:00 - 24/06/2025 15:00:00","Belgium (BE)","4218.51","3172.89","2677.63","2749.49"
"24/06/2025 15:00:00 - 24/06/2025 16:00:00","Belgium (BE)","3699.37","2626.15","2719.60","2777.09"
"24/06/2025 16:00:00 - 24/06/2025 17:00:00","Belgium (BE)","3073.51","2294.07","2780.75","3430.47"
"24/06/2025 17:00:00 - 24/06/2025 18:00:00","Belgium (BE)","2501.98","1992.91","2859.01","3322.43"
"24/06/2025 18:00:00 - 24/06/2025 19:00:00","Belgium (BE)","1872.65","1519.53","2214.41","2399.18"
"24/06/2025 19:00:00 - 24/06/2025 20:00:00","Belgium (BE)","1156.42","1017.70","1327.81","1182.21"
"24/06/2025 20:00:00 - 24/06/2025 21:00:00","Belgium (BE)","532.15","494.26","561.68","504.72"
"24/06/2025 21:00:00 - 24/06/2025 22:00:00","Belgium (BE)","103.26","97.15","113.73","120.17"
"24/06/2025 22:00:00 - 24/06/2025 23:00:00","Belgium (BE)","0.01","0.01","0.01","0.01"
"24/06/2025 23:00:00 - 25/06/2025 00:00:00","Belgium (BE)","0.00","0.00","0.00","0.00"
"25/06/2025 00:00:00 - 25/06/2025 01:00:00","Belgium (BE)","0.00","0.00","0.00","0.00"
"25/06/2025 01:00:00 - 25/06/2025 02:00:00","Belgium (BE)","0.00","0.00","0.00","0.00"
"25/06/2025 02:00:00 - 25/06/2025 03:00:00","Belgium (BE)","0.00","0.00","0.00","0.00"
"25/06/2025 03:00:00 - 25/06/2025 04:00:00","Belgium (BE)","0.00","0.00","0.00","0.00"
"25/06/2025 04:00:00 - 25/06/2025 05:00:00","Belgium (BE)","0.00","0.00","0.00","0.00"
"25/06/2025 05:00:00 - 25/06/2025 06:00:00","Belgium (BE)","21.09","24.70","24.70","13.08"
"25/06/2025 06:00:00 - 25/06/2025 07:00:00","Belgium (BE)","309.80","315.78","315.78","324.73"
"25/06/2025 07:00:00 - 25/06/2025 08:00:00","Belgium (BE)","933.16","930.77","930.77","1061.40"
"25/06/2025 08:00:00 - 25/06/2025 09:00:00","Belgium (BE)","1839.28","2037.29","2237.92","2121.61"
"25/06/2025 09:00:00 - 25/06/2025 10:00:00","Belgium (BE)","2772.75","3110.54","3200.43","3323.61"
"25/06/2025 10:00:00 - 25/06/2025 11:00:00","Belgium (BE)","3713.13","4046.96","4224.00","4689.52"
"25/06/2025 11:00:00 - 25/06/2025 12:00:00","Belgium (BE)","4738.94","4944.90","5505.67","5727.70"
"25/06/2025 12:00:00 - 25/06/2025 13:00:00","Belgium (BE)","5646.66","5613.80","5977.81","5186.88"
"25/06/2025 13:00:00 - 25/06/2025 14:00:00","Belgium (BE)","6057.08","5872.45","5289.70","4117.63"
"25/06/2025 14:00:00 - 25/06/2025 15:00:00","Belgium (BE)","5952.03","5765.63","4259.49","4663.61"
"25/06/2025 15:00:00 - 25/06/2025 16:00:00","Belgium (BE)","5423.57","5449.77","4324.18","4785.99"
"25/06/2025 16:00:00 - 25/06/2025 17:00:00","Belgium (BE)","4606.39","4893.72","4267.76","4076.05"
"25/06/2025 17:00:00 - 25/06/2025 18:00:00","Belgium (BE)","3600.59","3989.45","3322.80","3519.44"
"25/06/2025 18:00:00 - 25/06/2025 19:00:00","Belgium (BE)","2504.11","2701.73","2523.87","2566.17"
"25/06/2025 19:00:00 - 25/06/2025 20:00:00","Belgium (BE)","1328.94","1351.68","1365.73","1541.61"
"25/06/2025 20:00:00 - 25/06/2025 21:00:00","Belgium (BE)","498.29","509.49","556.84","638.73"
"25/06/2025 21:00:00 - 25/06/2025 22:00:00","Belgium (BE)","115.38","127.04","135.89","118.23"
"25/06/2025 22:00:00 - 25/06/2025 23:00:00","Belgium (BE)","0.01","0.02","0.02","0.00"
"25/06/2025 23:00:00 - 26/06/2025 00:00:00","Belgium (BE)","0.00","0.00","0.00","0.00"
"26/06/2025 00:00:00 - 26/06/2025 01:00:00","Belgium (BE)","0.00","0.00","0.00","0.00"
"26/06/2025 01:00:00 - 26/06/2025 02:00:00","Belgium (BE)","0.00","0.00","0.00","0.00"
"26/06/2025 02:00:00 - 26/06/2025 03:00:00","Belgium (BE)","0.00","0.00","0.00","0.00"
"26/06/2025 03:00:00 - 26/06/2025 04:00:00","Belgium (BE)","0.00","0.00","0.00","0.00"
"26/06/2025 04:00:00 - 26/06/2025 05:00:00","Belgium (BE)","0.00","0.00","0.00","0.00"
"26/06/2025 05:00:00 - 26/06/2025 06:00:00","Belgium (BE)","15.24","9.77","9.77","2.63"
"26/06/2025 06:00:00 - 26/06/2025 07:00:00","Belgium (BE)","249.66","146.71","146.71","96.67"
"26/06/2025 07:00:00 - 26/06/2025 08:00:00","Belgium (BE)","753.00","420.75","420.75","237.93"
"26/06/2025 08:00:00 - 26/06/2025 09:00:00","Belgium (BE)","1294.57","904.40","794.73","769.20"
"26/06/2025 09:00:00 - 26/06/2025 10:00:00","Belgium (BE)","1940.36","1465.94","1338.33","1354.94"
"26/06/2025 10:00:00 - 26/06/2025 11:00:00","Belgium (BE)","2603.40","2317.21","2205.84","1964.95"
"26/06/2025 11:00:00 - 26/06/2025 12:00:00","Belgium (BE)","3164.57","3109.21","2727.95","2606.98"
"26/06/2025 12:00:00 - 26/06/2025 13:00:00","Belgium (BE)","3447.86","3536.55","2871.50","3592.33"
"26/06/2025 13:00:00 - 26/06/2025 14:00:00","Belgium (BE)","3331.54","3636.68","3762.23","3443.63"
"26/06/2025 14:00:00 - 26/06/2025 15:00:00","Belgium (BE)","3142.75","3434.95","3300.01","3130.73"
"26/06/2025 15:00:00 - 26/06/2025 16:00:00","Belgium (BE)","3097.14","3293.80","3153.59","2692.99"
"26/06/2025 16:00:00 - 26/06/2025 17:00:00","Belgium (BE)","2814.01","2830.40","2566.90","2260.69"
"26/06/2025 17:00:00 - 26/06/2025 18:00:00","Belgium (BE)","2403.66","2242.66","1860.86","1855.25"
"26/06/2025 18:00:00 - 26/06/2025 19:00:00","Belgium (BE)","1842.52","1730.74","1510.21","1339.95"
"26/06/2025 19:00:00 - 26/06/2025 20:00:00","Belgium (BE)","1228.89","1171.42","1028.62","1057.32"
"26/06/2025 20:00:00 - 26/06/2025 21:00:00","Belgium (BE)","568.57","557.80","518.68","584.79"
"26/06/2025 21:00:00 - 26/06/2025 22:00:00","Belgium (BE)","122.84","120.75","120.97","137.63"
"26/06/2025 22:00:00 - 26/06/2025 23:00:00","Belgium (BE)","0.02","0.02","0.02","0.00"
"26/06/2025 23:00:00 - 27/06/2025 00:00:00","Belgium (BE)","0.00","0.00","0.00","0.00"
"27/06/2025 00:00:00 - 27/06/2025 01:00:00","Belgium (BE)","0.00","0.00","0.00","0.00"
"27/06/2025 01:00:00 - 27/06/2025 02:00:00","Belgium (BE)","0.00","0.00","0.00","0.00"
"27/06/2025 02:00:00 - 27/06/2025 03:00:00","Belgium (BE)","0.00","0.00","0.00","0.00"
"27/06/2025 03:00:00 - 27/06/2025 04:00:00","Belgium (BE)","0.00","0.00","0.00","0.00"
"27/06/2025 04:00:00 - 27/06/2025 05:00:00","Belgium (BE)","0.00","0.00","0.00","0.00"
"27/06/2025 05:00:00 - 27/06/2025 06:00:00","Belgium (BE)","9.10","6.65","6.65","1.20"
"27/06/2025 06:00:00 - 27/06/2025 07:00:00","Belgium (BE)","159.46","106.40","106.40","65.86"
"27/06/2025 07:00:00 - 27/06/2025 08:00:00","Belgium (BE)","553.10","352.90","352.90","336.09"
"27/06/2025 08:00:00 - 27/06/2025 09:00:00","Belgium (BE)","1260.40","906.24","954.47","1038.19"
"27/06/2025 09:00:00 - 27/06/2025 10:00:00","Belgium (BE)","2261.86","1802.84","1937.15","1850.00"
"27/06/2025 10:00:00 - 27/06/2025 11:00:00","Belgium (BE)","3237.45","2850.57","2614.77","2918.72"
"27/06/2025 11:00:00 - 27/06/2025 12:00:00","Belgium (BE)","4052.07","3840.41","3231.70","3895.49"
"27/06/2025 12:00:00 - 27/06/2025 13:00:00","Belgium (BE)","4660.05","4511.54","4272.04","4532.03"
"27/06/2025 13:00:00 - 27/06/2025 14:00:00","Belgium (BE)","4973.83","4584.97","4690.70","4605.88"
"27/06/2025 14:00:00 - 27/06/2025 15:00:00","Belgium (BE)","4905.30","4251.42","4444.19","4747.82"
"27/06/2025 15:00:00 - 27/06/2025 16:00:00","Belgium (BE)","4337.32","3766.26","3884.58","4705.67"
"27/06/2025 16:00:00 - 27/06/2025 17:00:00","Belgium (BE)","3535.93","3331.18","3845.33","4350.08"
"27/06/2025 17:00:00 - 27/06/2025 18:00:00","Belgium (BE)","2743.13","2802.87","3461.20","3436.02"
"27/06/2025 18:00:00 - 27/06/2025 19:00:00","Belgium (BE)","2043.38","2096.77","2352.07","2357.58"
"27/06/2025 19:00:00 - 27/06/2025 20:00:00","Belgium (BE)","1268.90","1300.36","1436.84","1326.72"
"27/06/2025 20:00:00 - 27/06/2025 21:00:00","Belgium (BE)","560.89","580.34","564.56","725.42"
"27/06/2025 21:00:00 - 27/06/2025 22:00:00","Belgium (BE)","123.53","127.45","139.65","144.29"
"27/06/2025 22:00:00 - 27/06/2025 23:00:00","Belgium (BE)","0.01","0.01","0.02","0.00"
"27/06/2025 23:00:00 - 28/06/2025 00:00:00","Belgium (BE)","0.00","0.00","0.00","0.00"
"28/06/2025 00:00:00 - 28/06/2025 01:00:00","Belgium (BE)","0.00","0.00","0.00","0.00"
"28/06/2025 01:00:00 - 28/06/2025 02:00:00","Belgium (BE)","0.00","0.00","0.00","0.00"
"28/06/2025 02:00:00 - 28/06/2025 03:00:00","Belgium (BE)","0.00","0.00","0.00","0.00"
"28/06/2025 03:00:00 - 28/06/2025 04:00:00","Belgium (BE)","0.00","0.00","0.00","0.00"
"28/06/2025 04:00:00 - 28/06/2025 05:00:00","Belgium (BE)","0.00","0.00","0.00","0.00"
"28/06/2025 05:00:00 - 28/06/2025 06:00:00","Belgium (BE)","19.91","22.35","22.35","12.69"
"28/06/2025 06:00:00 - 28/06/2025 07:00:00","Belgium (BE)","308.00","306.79","306.79","308.28"
"28/06/2025 07:00:00 - 28/06/2025 08:00:00","Belgium (BE)","925.38","917.27","917.27","1091.47"
"28/06/2025 08:00:00 - 28/06/2025 09:00:00","Belgium (BE)","1798.18","1962.93","2153.28","2157.41"
"28/06/2025 09:00:00 - 28/06/2025 10:00:00","Belgium (BE)","2617.57","2786.19","2880.53","3276.21"
"28/06/2025 10:00:00 - 28/06/2025 11:00:00","Belgium (BE)","3223.45","3308.26","3683.63","3840.44"
"28/06/2025 11:00:00 - 28/06/2025 12:00:00","Belgium (BE)","3759.55","3711.14","4140.87","4207.71"
"28/06/2025 12:00:00 - 28/06/2025 13:00:00","Belgium (BE)","4208.57","4099.91","4443.93","4074.06"
"28/06/2025 13:00:00 - 28/06/2025 14:00:00","Belgium (BE)","4536.31","4399.80","4272.53","4106.67"
"28/06/2025 14:00:00 - 28/06/2025 15:00:00","Belgium (BE)","4612.96","4433.63","4278.40","4127.55"
"28/06/2025 15:00:00 - 28/06/2025 16:00:00","Belgium (BE)","4374.87","4335.58","4030.33","3852.74"
"28/06/2025 16:00:00 - 28/06/2025 17:00:00","Belgium (BE)","3837.97","3862.27","3482.75","3321.51"
"28/06/2025 17:00:00 - 28/06/2025 18:00:00","Belgium (BE)","3110.26","3060.70","2831.90","2691.41"
"28/06/2025 18:00:00 - 28/06/2025 19:00:00","Belgium (BE)","2226.46","2160.37","2029.50","1960.32"
"28/06/2025 19:00:00 - 28/06/2025 20:00:00","Belgium (BE)","1297.96","1276.21","1235.63","1269.38"
"28/06/2025 20:00:00 - 28/06/2025 21:00:00","Belgium (BE)","550.63","562.47","541.21","604.49"
"28/06/2025 21:00:00 - 28/06/2025 22:00:00","Belgium (BE)","123.70","125.12","132.71","118.93"
"28/06/2025 22:00:00 - 28/06/2025 23:00:00","Belgium (BE)","0.01","0.01","0.01","0.00"
"28/06/2025 23:00:00 - 29/06/2025 00:00:00","Belgium (BE)","0.00","0.00","0.00","0.00"
"29/06/2025 00:00:00 - 29/06/2025 01:00:00","Belgium (BE)","0.00","0.00","0.00","0.00"
"29/06/2025 01:00:00 - 29/06/2025 02:00:00","Belgium (BE)","0.00","0.00","0.00","0.00"
"29/06/2025 02:00:00 - 29/06/2025 03:00:00","Belgium (BE)","0.00","0.00","0.00","0.00"
"29/06/2025 03:00:00 - 29/06/2025 04:00:00","Belgium (BE)","0.00","0.00","0.00","0.00"
"29/06/2025 04:00:00 - 29/06/2025 05:00:00","Belgium (BE)","0.00","0.00","0.00","0.00"
"29/06/2025 05:00:00 - 29/06/2025 06:00:00","Belgium (BE)","20.80","21.98","21.98","11.88"
"29/06/2025 06:00:00 - 29/06/2025 07:00:00","Belgium (BE)","303.26","308.20","308.20","314.17"
"29/06/2025 07:00:00 - 29/06/2025 08:00:00","Belgium (BE)","907.47","908.66","908.66","1079.14"
"29/06/2025 08:00:00 - 29/06/2025 09:00:00","Belgium (BE)","1981.95","2127.14","2304.71","2095.82"
"29/06/2025 09:00:00 - 29/06/2025 10:00:00","Belgium (BE)","3090.36","3409.03","3397.37","3428.72"
"29/06/2025 10:00:00 - 29/06/2025 11:00:00","Belgium (BE)","4162.03","4544.15","4589.51","4677.70"
"29/06/2025 11:00:00 - 29/06/2025 12:00:00","Belgium (BE)","5141.28","5308.78","5299.93","5475.96"
"29/06/2025 12:00:00 - 29/06/2025 13:00:00","Belgium (BE)","5483.21","5624.85","5711.46","5862.87"
"29/06/2025 13:00:00 - 29/06/2025 14:00:00","Belgium (BE)","5355.18","5728.73","6020.69","5673.01"
"29/06/2025 14:00:00 - 29/06/2025 15:00:00","Belgium (BE)","5346.26","5791.42","5819.19","5598.94"
"29/06/2025 15:00:00 - 29/06/2025 16:00:00","Belgium (BE)","5176.06","5490.58","5421.08","5598.60"
"29/06/2025 16:00:00 - 29/06/2025 17:00:00","Belgium (BE)","4693.42","4878.90","4988.70","5066.26"
"29/06/2025 17:00:00 - 29/06/2025 18:00:00","Belgium (BE)","3839.54","3943.89","4111.61","3959.93"
"29/06/2025 18:00:00 - 29/06/2025 19:00:00","Belgium (BE)","2637.98","2725.92","2755.72","2802.21"
"29/06/2025 19:00:00 - 29/06/2025 20:00:00","Belgium (BE)","1351.13","1353.11","1358.88","1665.89"
"29/06/2025 20:00:00 - 29/06/2025 21:00:00","Belgium (BE)","479.14","479.62","503.02","702.97"
"29/06/2025 21:00:00 - 29/06/2025 22:00:00","Belgium (BE)","122.30","122.80","143.02","124.17"
"29/06/2025 22:00:00 - 29/06/2025 23:00:00","Belgium (BE)","0.01","0.01","0.01","0.00"
"29/06/2025 23:00:00 - 30/06/2025 00:00:00","Belgium (BE)","0.00","0.00","0.00","0.00"
"30/06/2025 00:00:00 - 30/06/2025 01:00:00","Belgium (BE)","0.00","0.00","0.00","0.00"
"30/06/2025 01:00:00 - 30/06/2025 02:00:00","Belgium (BE)","0.00","0.00","0.00","0.00"
"30/06/2025 02:00:00 - 30/06/2025 03:00:00","Belgium (BE)","0.00","0.00","0.00","0.00"
"30/06/2025 03:00:00 - 30/06/2025 04:00:00","Belgium (BE)","0.00","0.00","0.00","0.00"
"30/06/2025 04:00:00 - 30/06/2025 05:00:00","Belgium (BE)","0.00","0.00","0.00","0.00"
"30/06/2025 05:00:00 - 30/06/2025 06:00:00","Belgium (BE)","21.34","21.59","21.59","12.42"
"30/06/2025 06:00:00 - 30/06/2025 07:00:00","Belgium (BE)","280.83","282.49","282.49","316.10"
"30/06/2025 07:00:00 - 30/06/2025 08:00:00","Belgium (BE)","834.39","850.23","850.23","1118.74"
"30/06/2025 08:00:00 - 30/06/2025 09:00:00","Belgium (BE)","2138.23","2187.11","2443.22","2226.73"
"30/06/2025 09:00:00 - 30/06/2025 10:00:00","Belgium (BE)","3513.41","3575.77","3621.96","3590.25"
"30/06/2025 10:00:00 - 30/06/2025 11:00:00","Belgium (BE)","4828.19","4866.77","4871.52","4951.91"
"30/06/2025 11:00:00 - 30/06/2025 12:00:00","Belgium (BE)","5897.37","5908.17","5968.93","5981.19"
"30/06/2025 12:00:00 - 30/06/2025 13:00:00","Belgium (BE)","6490.66","6540.96","6595.51","6699.98"
"30/06/2025 13:00:00 - 30/06/2025 14:00:00","Belgium (BE)","6582.38","6740.76","6907.80","6979.33"
"30/06/2025 14:00:00 - 30/06/2025 15:00:00","Belgium (BE)","6314.77","6529.67","6760.84","6822.19"
"30/06/2025 15:00:00 - 30/06/2025 16:00:00","Belgium (BE)","5838.92","6015.88","6253.77","6147.33"
"30/06/2025 16:00:00 - 30/06/2025 17:00:00","Belgium (BE)","5092.40","5264.22","5328.00","5304.54"
"30/06/2025 17:00:00 - 30/06/2025 18:00:00","Belgium (BE)","4024.14","4163.36","4209.71","4124.29"
"30/06/2025 18:00:00 - 30/06/2025 19:00:00","Belgium (BE)","2717.16","2793.47","2865.66","2771.02"
"30/06/2025 19:00:00 - 30/06/2025 20:00:00","Belgium (BE)","1337.26","1343.95","1351.26","1616.00"
"30/06/2025 20:00:00 - 30/06/2025 21:00:00","Belgium (BE)","464.21","455.81","486.85","674.67"
"30/06/2025 21:00:00 - 30/06/2025 22:00:00","Belgium (BE)","121.58","120.86","133.96","124.29"
"30/06/2025 22:00:00 - 30/06/2025 23:00:00","Belgium (BE)","0.01","0.01","0.01","0.00"
"30/06/2025 23:00:00 - 01/07/2025 00:00:00","Belgium (BE)","0.00","0.00","0.00","0.00"
"01/07/2025 00:00:00 - 01/07/2025 01:00:00","Belgium (BE)","0.00","0.00","0.00","0.00"
"01/07/2025 01:00:00 - 01/07/2025 02:00:00","Belgium (BE)","0.00","0.00","0.00","0.00"
"01/07/2025 02:00:00 - 01/07/2025 03:00:00","Belgium (BE)","0.00","0.00","0.00","0.00"
"01/07/2025 03:00:00 - 01/07/2025 04:00:00","Belgium (BE)","0.00","0.00","0.00","0.00"
"01/07/2025 04:00:00 - 01/07/2025 05:00:00","Belgium (BE)","0.00","0.00","0.00","0.00"
"01/07/2025 05:00:00 - 01/07/2025 06:00:00","Belgium (BE)","19.15","19.34","19.34","11.44"
"01/07/2025 06:00:00 - 01/07/2025 07:00:00","Belgium (BE)","267.96","270.06","270.06","309.36"
"01/07/2025 07:00:00 - 01/07/2025 08:00:00","Belgium (BE)","832.67","852.08","852.08","1105.16"
"01/07/2025 08:00:00 - 01/07/2025 09:00:00","Belgium (BE)","2221.05","2289.78","2546.26","2184.65"
"01/07/2025 09:00:00 - 01/07/2025 10:00:00","Belgium (BE)","3588.51","3679.56","3604.50","3503.75"
"01/07/2025 10:00:00 - 01/07/2025 11:00:00","Belgium (BE)","4883.54","4954.79","4821.88","4856.01"
"01/07/2025 11:00:00 - 01/07/2025 12:00:00","Belgium (BE)","5966.92","5976.15","5883.57","5868.46"
"01/07/2025 12:00:00 - 01/07/2025 13:00:00","Belgium (BE)","6625.10","6603.27","6462.72","6587.85"
"01/07/2025 13:00:00 - 01/07/2025 14:00:00","Belgium (BE)","6771.83","6735.17","6729.10","6867.14"
"01/07/2025 14:00:00 - 01/07/2025 15:00:00","Belgium (BE)","6525.80","6472.57","6522.35","6701.80"
"01/07/2025 15:00:00 - 01/07/2025 16:00:00","Belgium (BE)","5985.09","5921.71","6112.55","6012.45"
"01/07/2025 16:00:00 - 01/07/2025 17:00:00","Belgium (BE)","5203.01","5142.85","5225.06","5119.46"
"01/07/2025 17:00:00 - 01/07/2025 18:00:00","Belgium (BE)","4100.74","4086.17","4045.81","3965.49"
"01/07/2025 18:00:00 - 01/07/2025 19:00:00","Belgium (BE)","2824.53","2855.00","2800.42","2697.38"
"01/07/2025 19:00:00 - 01/07/2025 20:00:00","Belgium (BE)","1393.28","1401.03","1369.56","1574.72"
"01/07/2025 20:00:00 - 01/07/2025 21:00:00","Belgium (BE)","468.61","478.65","505.47","635.66"
"01/07/2025 21:00:00 - 01/07/2025 22:00:00","Belgium (BE)","119.01","119.79","137.74","108.98"
"01/07/2025 22:00:00 - 01/07/2025 23:00:00","Belgium (BE)","0.00","0.00","0.00","0.00"
"01/07/2025 23:00:00 - 02/07/2025 00:00:00","Belgium (BE)","0.00","0.00","0.00","0.00"
"02/07/2025 00:00:00 - 02/07/2025 01:00:00","Belgium (BE)","0.00","0.00","0.00","0.00"
"02/07/2025 01:00:00 - 02/07/2025 02:00:00","Belgium (BE)","0.00","0.00","0.00","0.00"
"02/07/2025 02:00:00 - 02/07/2025 03:00:00","Belgium (BE)","0.00","0.00","0.00","0.00"
"02/07/2025 03:00:00 - 02/07/2025 04:00:00","Belgium (BE)","0.00","0.00","0.00","0.00"
"02/07/2025 04:00:00 - 02/07/2025 05:00:00","Belgium (BE)","0.00","0.00","0.00","0.00"
"02/07/2025 05:00:00 - 02/07/2025 06:00:00","Belgium (BE)","17.57","18.12","18.12","8.96"
"02/07/2025 06:00:00 - 02/07/2025 07:00:00","Belgium (BE)","282.17","291.20","291.20","283.53"
"02/07/2025 07:00:00 - 02/07/2025 08:00:00","Belgium (BE)","881.72","868.80","868.80","1030.98"
"02/07/2025 08:00:00 - 02/07/2025 09:00:00","Belgium (BE)","2169.84","2181.24","2349.27","2081.72"
"02/07/2025 09:00:00 - 02/07/2025 10:00:00","Belgium (BE)","3490.40","3620.13","3542.80","3393.22"
"02/07/2025 10:00:00 - 02/07/2025 11:00:00","Belgium (BE)","4728.48","4864.80","4684.52","4747.50"
"02/07/2025 11:00:00 - 02/07/2025 12:00:00","Belgium (BE)","5777.58","5842.23","5723.00","5765.92"
"02/07/2025 12:00:00 - 02/07/2025 13:00:00","Belgium (BE)","6322.66","6414.51","6321.70","6409.32"
"02/07/2025 13:00:00 - 02/07/2025 14:00:00","Belgium (BE)","6200.29","6536.40","6478.81","6279.24"
"02/07/2025 14:00:00 - 02/07/2025 15:00:00","Belgium (BE)","5551.77","6212.88","5659.72","5904.69"
"02/07/2025 15:00:00 - 02/07/2025 16:00:00","Belgium (BE)","4551.53","5454.08","5039.04","5056.81"
"02/07/2025 16:00:00 - 02/07/2025 17:00:00","Belgium (BE)","3360.70","4382.59","4109.81","3174.13"
"02/07/2025 17:00:00 - 02/07/2025 18:00:00","Belgium (BE)","2299.03","3283.48","2812.82","1421.45"
"02/07/2025 18:00:00 - 02/07/2025 19:00:00","Belgium (BE)","1524.11","2096.50","1224.44","1182.20"
"02/07/2025 19:00:00 - 02/07/2025 20:00:00","Belgium (BE)","925.91","1079.06","800.48","772.41"
"02/07/2025 20:00:00 - 02/07/2025 21:00:00","Belgium (BE)","432.68","475.44","423.74","317.54"
"02/07/2025 21:00:00 - 02/07/2025 22:00:00","Belgium (BE)","77.50","87.32","75.19","82.64"
"02/07/2025 22:00:00 - 02/07/2025 23:00:00","Belgium (BE)","0.00","0.00","0.00","0.00"
"02/07/2025 23:00:00 - 03/07/2025 00:00:00","Belgium (BE)","0.00","0.00","0.00","0.00"
"03/07/2025 00:00:00 - 03/07/2025 01:00:00","Belgium (BE)","0.00","0.00","0.00","0.00"
"03/07/2025 01:00:00 - 03/07/2025 02:00:00","Belgium (BE)","0.00","0.00","0.00","0.00"
"03/07/2025 02:00:00 - 03/07/2025 03:00:00","Belgium (BE)","0.00","0.00","0.00","0.00"
"03/07/2025 03:00:00 - 03/07/2025 04:00:00","Belgium (BE)","0.00","0.00","0.00","0.00"
"03/07/2025 04:00:00 - 03/07/2025 05:00:00","Belgium (BE)","0.00","0.00","0.00","0.00"
"03/07/2025 05:00:00 - 03/07/2025 06:00:00","Belgium (BE)","16.81","17.36","17.36","11.51"
"03/07/2025 06:00:00 - 03/07/2025 07:00:00","Belgium (BE)","259.42","258.93","258.93","337.58"
"03/07/2025 07:00:00 - 03/07/2025 08:00:00","Belgium (BE)","825.81","865.78","865.78","1200.51"
"03/07/2025 08:00:00 - 03/07/2025 09:00:00","Belgium (BE)","2200.70","2305.55","2622.46","2360.62"
"03/07/2025 09:00:00 - 03/07/2025 10:00:00","Belgium (BE)","3546.80","3764.51","3833.34","3693.10"
"03/07/2025 10:00:00 - 03/07/2025 11:00:00","Belgium (BE)","4794.00","5042.72","4990.80","4919.88"
"03/07/2025 11:00:00 - 03/07/2025 12:00:00","Belgium (BE)","5854.58","6035.28","5921.77","5890.25"
"03/07/2025 12:00:00 - 03/07/2025 13:00:00","Belgium (BE)","6596.47","6701.84","6583.46","6562.54"
"03/07/2025 13:00:00 - 03/07/2025 14:00:00","Belgium (BE)","6966.64","6988.02","6931.89","6946.76"
"03/07/2025 14:00:00 - 03/07/2025 15:00:00","Belgium (BE)","6952.70","6895.28","6884.91","7052.67"
"03/07/2025 15:00:00 - 03/07/2025 16:00:00","Belgium (BE)","6468.46","6403.98","6592.22","6587.41"
"03/07/2025 16:00:00 - 03/07/2025 17:00:00","Belgium (BE)","5553.15","5544.47","5673.16","5760.93"
"03/07/2025 17:00:00 - 03/07/2025 18:00:00","Belgium (BE)","4402.39","4447.86","4570.90","4561.53"
"03/07/2025 18:00:00 - 03/07/2025 19:00:00","Belgium (BE)","3032.31","3078.90","3104.29","3093.95"
"03/07/2025 19:00:00 - 03/07/2025 20:00:00","Belgium (BE)","1433.89","1444.71","1434.68","1816.61"
"03/07/2025 20:00:00 - 03/07/2025 21:00:00","Belgium (BE)","447.32","452.42","484.83","757.77"
"03/07/2025 21:00:00 - 03/07/2025 22:00:00","Belgium (BE)","117.45","118.67","146.55","102.77"
"03/07/2025 22:00:00 - 03/07/2025 23:00:00","Belgium (BE)","0.00","0.00","0.00","0.00"
"03/07/2025 23:00:00 - 04/07/2025 00:00:00","Belgium (BE)","0.00","0.00","0.00","0.00"
"04/07/2025 00:00:00 - 04/07/2025 01:00:00","Belgium (BE)","0.00","0.00","0.00","0.00"
"04/07/2025 01:00:00 - 04/07/2025 02:00:00","Belgium (BE)","0.00","0.00","0.00","0.00"
"04/07/2025 02:00:00 - 04/07/2025 03:00:00","Belgium (BE)","0.00","0.00","0.00","0.00"
"04/07/2025 03:00:00 - 04/07/2025 04:00:00","Belgium (BE)","0.00","0.00","0.00","0.00"
"04/07/2025 04:00:00 - 04/07/2025 05:00:00","Belgium (BE)","0.00","0.00","0.00","0.00"
"04/07/2025 05:00:00 - 04/07/2025 06:00:00","Belgium (BE)","15.73","16.04","16.04","14.01"
"04/07/2025 06:00:00 - 04/07/2025 07:00:00","Belgium (BE)","248.04","255.44","255.44","354.36"
"04/07/2025 07:00:00 - 04/07/2025 08:00:00","Belgium (BE)","803.59","849.15","849.15","1215.26"
"04/07/2025 08:00:00 - 04/07/2025 09:00:00","Belgium (BE)","2225.79","2281.83","2596.57","2297.59"
"04/07/2025 09:00:00 - 04/07/2025 10:00:00","Belgium (BE)","3737.73","3836.11","3819.01","3743.09"
"04/07/2025 10:00:00 - 04/07/2025 11:00:00","Belgium (BE)","5137.10","5233.29","5117.53","5155.22"
"04/07/2025 11:00:00 - 04/07/2025 12:00:00","Belgium (BE)","6182.69","6242.13","6081.34","6194.64"
"04/07/2025 12:00:00 - 04/07/2025 13:00:00","Belgium (BE)","6746.56","6858.04","6603.19","6835.36"
"04/07/2025 13:00:00 - 04/07/2025 14:00:00","Belgium (BE)","6745.93","6912.73","6902.09","6809.08"
"04/07/2025 14:00:00 - 04/07/2025 15:00:00","Belgium (BE)","6267.24","6453.05","6461.08","6409.39"
"04/07/2025 15:00:00 - 04/07/2025 16:00:00","Belgium (BE)","5529.84","5655.01","5641.92","5649.21"
"04/07/2025 16:00:00 - 04/07/2025 17:00:00","Belgium (BE)","4777.04","4745.25","4737.91","4848.73"
"04/07/2025 17:00:00 - 04/07/2025 18:00:00","Belgium (BE)","3983.05","3917.44","4004.79","3990.58"
"04/07/2025 18:00:00 - 04/07/2025 19:00:00","Belgium (BE)","2873.44","2876.50","2881.69","2874.14"
"04/07/2025 19:00:00 - 04/07/2025 20:00:00","Belgium (BE)","1434.04","1454.97","1458.52","1745.69"
"04/07/2025 20:00:00 - 04/07/2025 21:00:00","Belgium (BE)","491.33","498.57","545.31","739.47"
"04/07/2025 21:00:00 - 04/07/2025 22:00:00","Belgium (BE)","119.01","120.62","139.78","129.95"
"04/07/2025 22:00:00 - 04/07/2025 23:00:00","Belgium (BE)","0.00","0.00","0.00","0.00"
"04/07/2025 23:00:00 - 05/07/2025 00:00:00","Belgium (BE)","0.00","0.00","0.00","0.00"
"05/07/2025 00:00:00 - 05/07/2025 01:00:00","Belgium (BE)","0.00","0.00","0.00","0.00"
"05/07/2025 01:00:00 - 05/07/2025 02:00:00","Belgium (BE)","0.00","0.00","0.00","0.00"
"05/07/2025 02:00:00 - 05/07/2025 03:00:00","Belgium (BE)","0.00","0.00","0.00","0.00"
"05/07/2025 03:00:00 - 05/07/2025 04:00:00","Belgium (BE)","0.00","0.00","0.00","0.00"
"05/07/2025 04:00:00 - 05/07/2025 05:00:00","Belgium (BE)","0.00","0.00","0.00","0.00"
"05/07/2025 05:00:00 - 05/07/2025 06:00:00","Belgium (BE)","10.01","12.48","12.48","7.82"
"05/07/2025 06:00:00 - 05/07/2025 07:00:00","Belgium (BE)","278.01","309.54","309.54","228.47"
"05/07/2025 07:00:00 - 05/07/2025 08:00:00","Belgium (BE)","939.24","942.12","942.12","857.06"
"05/07/2025 08:00:00 - 05/07/2025 09:00:00","Belgium (BE)","1617.92","1961.11","1914.68","1623.17"
"05/07/2025 09:00:00 - 05/07/2025 10:00:00","Belgium (BE)","2240.40","3122.55","2847.76","2706.60"
"05/07/2025 10:00:00 - 05/07/2025 11:00:00","Belgium (BE)","2967.33","4173.25","3785.13","4473.30"
"05/07/2025 11:00:00 - 05/07/2025 12:00:00","Belgium (BE)","3848.21","5067.21","5428.02","5587.26"
"05/07/2025 12:00:00 - 05/07/2025 13:00:00","Belgium (BE)","4544.20","5347.12","5913.04","5653.98"
"05/07/2025 13:00:00 - 05/07/2025 14:00:00","Belgium (BE)","4436.06","4833.67","5196.05","4900.33"
"05/07/2025 14:00:00 - 05/07/2025 15:00:00","Belgium (BE)","3861.70","3979.30","3989.67","4025.87"
"05/07/2025 15:00:00 - 05/07/2025 16:00:00","Belgium (BE)","3149.54","2999.66","3171.23","2936.12"
"05/07/2025 16:00:00 - 05/07/2025 17:00:00","Belgium (BE)","2408.36","2136.45","2155.35","2176.62"
"05/07/2025 17:00:00 - 05/07/2025 18:00:00","Belgium (BE)","1631.58","1389.26","1563.54","1513.54"
"05/07/2025 18:00:00 - 05/07/2025 19:00:00","Belgium (BE)","954.22","786.02","1102.18","923.14"
"05/07/2025 19:00:00 - 05/07/2025 20:00:00","Belgium (BE)","525.00","440.23","647.32","543.22"
"05/07/2025 20:00:00 - 05/07/2025 21:00:00","Belgium (BE)","234.45","210.23","303.40","235.00"
"05/07/2025 21:00:00 - 05/07/2025 22:00:00","Belgium (BE)","41.24","36.92","51.05","43.69"
"05/07/2025 22:00:00 - 05/07/2025 23:00:00","Belgium (BE)","0.00","0.00","0.00","0.00"
"05/07/2025 23:00:00 - 06/07/2025 00:00:00","Belgium (BE)","0.00","0.00","0.00","0.00"
"06/07/2025 00:00:00 - 06/07/2025 01:00:00","Belgium (BE)","0.00","0.00","0.00","0.00"
"06/07/2025 01:00:00 - 06/07/2025 02:00:00","Belgium (BE)","0.00","0.00","0.00","0.00"
"06/07/2025 02:00:00 - 06/07/2025 03:00:00","Belgium (BE)","0.00","0.00","0.00","0.00"
"06/07/2025 03:00:00 - 06/07/2025 04:00:00","Belgium (BE)","0.00","0.00","0.00","0.00"
"06/07/2025 04:00:00 - 06/07/2025 05:00:00","Belgium (BE)","0.00","0.00","0.00","0.00"
"06/07/2025 05:00:00 - 06/07/2025 06:00:00","Belgium (BE)","3.90","3.27","3.27","1.41"
"06/07/2025 06:00:00 - 06/07/2025 07:00:00","Belgium (BE)","116.43","88.20","88.20","69.11"
"06/07/2025 07:00:00 - 06/07/2025 08:00:00","Belgium (BE)","399.61","315.99","315.99","273.92"
"06/07/2025 08:00:00 - 06/07/2025 09:00:00","Belgium (BE)","707.12","505.33","472.48","416.75"
"06/07/2025 09:00:00 - 06/07/2025 10:00:00","Belgium (BE)","1049.36","641.77","598.17","510.91"
"06/07/2025 10:00:00 - 06/07/2025 11:00:00","Belgium (BE)","1273.51","780.01","649.39","571.15"
"06/07/2025 11:00:00 - 06/07/2025 12:00:00","Belgium (BE)","1403.92","880.21","730.76","637.78"
"06/07/2025 12:00:00 - 06/07/2025 13:00:00","Belgium (BE)","1462.42","933.19","744.78","940.12"
"06/07/2025 13:00:00 - 06/07/2025 14:00:00","Belgium (BE)","1467.75","994.66","936.56","1320.45"
"06/07/2025 14:00:00 - 06/07/2025 15:00:00","Belgium (BE)","1498.66","1112.03","1451.91","1693.05"
"06/07/2025 15:00:00 - 06/07/2025 16:00:00","Belgium (BE)","1531.83","1317.43","1834.09","2047.49"
"06/07/2025 16:00:00 - 06/07/2025 17:00:00","Belgium (BE)","1673.65","1546.91","2029.00","2212.17"
"06/07/2025 17:00:00 - 06/07/2025 18:00:00","Belgium (BE)","1634.20","1546.68","2008.26","1766.89"
"06/07/2025 18:00:00 - 06/07/2025 19:00:00","Belgium (BE)","1367.31","1320.53","1483.93","1106.90"
"06/07/2025 19:00:00 - 06/07/2025 20:00:00","Belgium (BE)","986.56","958.69","918.33","673.94"
"06/07/2025 20:00:00 - 06/07/2025 21:00:00","Belgium (BE)","478.26","466.79","409.07","357.91"
"06/07/2025 21:00:00 - 06/07/2025 22:00:00","Belgium (BE)","87.35","84.96","79.15","66.74"
"06/07/2025 22:00:00 - 06/07/2025 23:00:00","Belgium (BE)","0.00","0.00","0.00","0.00"
"06/07/2025 23:00:00 - 07/07/2025 00:00:00","Belgium (BE)","0.00","0.00","0.00","0.00"
"07/07/2025 00:00:00 - 07/07/2025 01:00:00","Belgium (BE)","0.00","0.00","0.00","0.00"
"07/07/2025 01:00:00 - 07/07/2025 02:00:00","Belgium (BE)","0.00","0.00","0.00","0.00"
"07/07/2025 02:00:00 - 07/07/2025 03:00:00","Belgium (BE)","0.00","0.00","0.00","0.00"
"07/07/2025 03:00:00 - 07/07/2025 04:00:00","Belgium (BE)","0.00","0.00","0.00","0.00"
"07/07/2025 04:00:00 - 07/07/2025 05:00:00","Belgium (BE)","0.00","0.00","0.00","0.00"
"07/07/2025 05:00:00 - 07/07/2025 06:00:00","Belgium (BE)","5.23","5.76","5.76","0.61"
"07/07/2025 06:00:00 - 07/07/2025 07:00:00","Belgium (BE)","169.15","178.59","178.59","147.84"
"07/07/2025 07:00:00 - 07/07/2025 08:00:00","Belgium (BE)","611.46","635.36","635.36","429.51"
"07/07/2025 08:00:00 - 07/07/2025 09:00:00","Belgium (BE)","1041.61","1095.26","961.84","639.81"
"07/07/2025 09:00:00 - 07/07/2025 10:00:00","Belgium (BE)","1398.69","1531.32","1213.87","1073.63"
"07/07/2025 10:00:00 - 07/07/2025 11:00:00","Belgium (BE)","1738.72","1905.14","1589.07","1990.52"
"07/07/2025 11:00:00 - 07/07/2025 12:00:00","Belgium (BE)","2084.88","2356.56","2358.78","2803.41"
"07/07/2025 12:00:00 - 07/07/2025 13:00:00","Belgium (BE)","2393.20","2792.71","2986.92","3374.15"
"07/07/2025 13:00:00 - 07/07/2025 14:00:00","Belgium (BE)","2735.96","3199.88","3807.06","3964.43"
"07/07/2025 14:00:00 - 07/07/2025 15:00:00","Belgium (BE)","2980.88","3615.02","4261.92","4624.24"
"07/07/2025 15:00:00 - 07/07/2025 16:00:00","Belgium (BE)","3180.14","3945.93","4808.09","4550.48"
"07/07/2025 16:00:00 - 07/07/2025 17:00:00","Belgium (BE)","3194.04","4009.34","4456.38","3386.93"
"07/07/2025 17:00:00 - 07/07/2025 18:00:00","Belgium (BE)","2919.16","3593.17","3313.35","2446.84"
"07/07/2025 18:00:00 - 07/07/2025 19:00:00","Belgium (BE)","2224.16","2664.26","2017.07","2106.36"
"07/07/2025 19:00:00 - 07/07/2025 20:00:00","Belgium (BE)","1312.12","1419.42","1258.06","1339.46"
"07/07/2025 20:00:00 - 07/07/2025 21:00:00","Belgium (BE)","543.80","538.65","555.62","523.58"
"07/07/2025 21:00:00 - 07/07/2025 22:00:00","Belgium (BE)","109.05","114.18","117.61","92.71"
"07/07/2025 22:00:00 - 07/07/2025 23:00:00","Belgium (BE)","0.00","0.00","0.00","0.00"
"07/07/2025 23:00:00 - 08/07/2025 00:00:00","Belgium (BE)","0.00","0.00","0.00","0.00"
"08/07/2025 00:00:00 - 08/07/2025 01:00:00","Belgium (BE)","0.00","0.00","0.00","0.00"
"08/07/2025 01:00:00 - 08/07/2025 02:00:00","Belgium (BE)","0.00","0.00","0.00","0.00"
"08/07/2025 02:00:00 - 08/07/2025 03:00:00","Belgium (BE)","0.00","0.00","0.00","0.00"
"08/07/2025 03:00:00 - 08/07/2025 04:00:00","Belgium (BE)","0.00","0.00","0.00","0.00"
"08/07/2025 04:00:00 - 08/07/2025 05:00:00","Belgium (BE)","0.00","0.00","0.00","0.00"
"08/07/2025 05:00:00 - 08/07/2025 06:00:00","Belgium (BE)","7.56","7.75","7.75","0.39"
"08/07/2025 06:00:00 - 08/07/2025 07:00:00","Belgium (BE)","240.04","256.02","256.02","118.39"
"08/07/2025 07:00:00 - 08/07/2025 08:00:00","Belgium (BE)","834.80","761.16","761.16","603.08"
"08/07/2025 08:00:00 - 08/07/2025 09:00:00","Belgium (BE)","1610.17","1639.36","1523.39","1384.71"
"08/07/2025 09:00:00 - 08/07/2025 10:00:00","Belgium (BE)","2431.06","2570.63","2275.11","2680.22"
"08/07/2025 10:00:00 - 08/07/2025 11:00:00","Belgium (BE)","3203.60","3446.39","3574.98","3281.16"
"08/07/2025 11:00:00 - 08/07/2025 12:00:00","Belgium (BE)","3822.33","4013.00","3981.96","3351.36"
"08/07/2025 12:00:00 - 08/07/2025 13:00:00","Belgium (BE)","4307.50","4268.53","3805.98","3684.09"
"08/07/2025 13:00:00 - 08/07/2025 14:00:00","Belgium (BE)","4513.26","4553.90","4094.49","4305.91"
"08/07/2025 14:00:00 - 08/07/2025 15:00:00","Belgium (BE)","4536.92","4899.25","4649.27","4602.53"
"08/07/2025 15:00:00 - 08/07/2025 16:00:00","Belgium (BE)","4359.75","4844.18","4567.00","4388.10"
"08/07/2025 16:00:00 - 08/07/2025 17:00:00","Belgium (BE)","3786.78","4254.56","3908.89","3760.67"
"08/07/2025 17:00:00 - 08/07/2025 18:00:00","Belgium (BE)","2966.77","3379.43","3174.79","2967.91"
"08/07/2025 18:00:00 - 08/07/2025 19:00:00","Belgium (BE)","2117.03","2386.24","2164.41","2217.20"
"08/07/2025 19:00:00 - 08/07/2025 20:00:00","Belgium (BE)","1315.87","1365.35","1364.21","1392.07"
"08/07/2025 20:00:00 - 08/07/2025 21:00:00","Belgium (BE)","569.25","545.37","591.11","553.21"
"08/07/2025 21:00:00 - 08/07/2025 22:00:00","Belgium (BE)","112.96","112.66","126.73","81.22"
"08/07/2025 22:00:00 - 08/07/2025 23:00:00","Belgium (BE)","0.00","0.00","0.00","0.00"
"08/07/2025 23:00:00 - 09/07/2025 00:00:00","Belgium (BE)","0.00","0.00","0.00","0.00"
"09/07/2025 00:00:00 - 09/07/2025 01:00:00","Belgium (BE)","0.00","0.00","0.00","0.00"
"09/07/2025 01:00:00 - 09/07/2025 02:00:00","Belgium (BE)","0.00","0.00","0.00","0.00"
"09/07/2025 02:00:00 - 09/07/2025 03:00:00","Belgium (BE)","0.00","0.00","0.00","0.00"
"09/07/2025 03:00:00 - 09/07/2025 04:00:00","Belgium (BE)","0.00","0.00","0.00","0.00"
"09/07/2025 04:00:00 - 09/07/2025 05:00:00","Belgium (BE)","0.00","0.00","0.00","0.00"
"09/07/2025 05:00:00 - 09/07/2025 06:00:00","Belgium (BE)","9.99","10.07","10.07","2.37"
"09/07/2025 06:00:00 - 09/07/2025 07:00:00","Belgium (BE)","251.37","253.50","253.50","234.35"
"09/07/2025 07:00:00 - 09/07/2025 08:00:00","Belgium (BE)","809.80","751.82","751.82","1018.55"
"09/07/2025 08:00:00 - 09/07/2025 09:00:00","Belgium (BE)","2092.79","2064.58","2287.46","2150.77"
"09/07/2025 09:00:00 - 09/07/2025 10:00:00","Belgium (BE)","3502.49","3616.44","3716.19","3573.18"
"09/07/2025 10:00:00 - 09/07/2025 11:00:00","Belgium (BE)","4655.76","4964.12","4965.67","4850.88"
"09/07/2025 11:00:00 - 09/07/2025 12:00:00","Belgium (BE)","5315.60","5723.92","5622.17","5833.46"
"09/07/2025 12:00:00 - 09/07/2025 13:00:00","Belgium (BE)","5690.32","6038.25","6067.97","6252.26"
"09/07/2025 13:00:00 - 09/07/2025 14:00:00","Belgium (BE)","5760.85","6151.17","6343.06","6274.41"
"09/07/2025 14:00:00 - 09/07/2025 15:00:00","Belgium (BE)","5673.89","6062.11","6164.19","6126.14"
"09/07/2025 15:00:00 - 09/07/2025 16:00:00","Belgium (BE)","5331.28","5679.53","5667.47","5897.66"
"09/07/2025 16:00:00 - 09/07/2025 17:00:00","Belgium (BE)","4694.41","5006.44","5078.19","5226.40"
"09/07/2025 17:00:00 - 09/07/2025 18:00:00","Belgium (BE)","3825.60","4038.14","4133.39","4159.41"
"09/07/2025 18:00:00 - 09/07/2025 19:00:00","Belgium (BE)","2734.12","2809.37","2847.83","2880.91"
"09/07/2025 19:00:00 - 09/07/2025 20:00:00","Belgium (BE)","1417.07","1454.45","1493.44","1683.56"
"09/07/2025 20:00:00 - 09/07/2025 21:00:00","Belgium (BE)","504.59","498.60","526.42","698.57"
"09/07/2025 21:00:00 - 09/07/2025 22:00:00","Belgium (BE)","111.56","120.71","137.65","107.60"
"09/07/2025 22:00:00 - 09/07/2025 23:00:00","Belgium (BE)","0.00","0.00","0.00","0.01"
"09/07/2025 23:00:00 - 10/07/2025 00:00:00","Belgium (BE)","0.00","0.00","0.00","0.00"
"10/07/2025 00:00:00 - 10/07/2025 01:00:00","Belgium (BE)","0.00","0.00","0.00","0.00"
"10/07/2025 01:00:00 - 10/07/2025 02:00:00","Belgium (BE)","0.00","0.00","0.00","0.00"
"10/07/2025 02:00:00 - 10/07/2025 03:00:00","Belgium (BE)","0.00","0.00","0.00","0.00"
"10/07/2025 03:00:00 - 10/07/2025 04:00:00","Belgium (BE)","0.00","0.00","0.00","0.00"
"10/07/2025 04:00:00 - 10/07/2025 05:00:00","Belgium (BE)","0.00","0.00","0.00","0.00"
"10/07/2025 05:00:00 - 10/07/2025 06:00:00","Belgium (BE)","9.32","9.18","9.18","1.97"
"10/07/2025 06:00:00 - 10/07/2025 07:00:00","Belgium (BE)","249.58","245.68","245.68","256.93"
"10/07/2025 07:00:00 - 10/07/2025 08:00:00","Belgium (BE)","803.45","763.76","763.76","1004.38"
"10/07/2025 08:00:00 - 10/07/2025 09:00:00","Belgium (BE)","2063.16","2086.36","2295.37","2070.01"
"10/07/2025 09:00:00 - 10/07/2025 10:00:00","Belgium (BE)","3410.55","3616.32","3598.24","3358.07"
"10/07/2025 10:00:00 - 10/07/2025 11:00:00","Belgium (BE)","4747.01","5024.67","4823.98","4464.27"
"10/07/2025 11:00:00 - 10/07/2025 12:00:00","Belgium (BE)","5650.55","5947.50","5431.29","5508.32"
"10/07/2025 12:00:00 - 10/07/2025 13:00:00","Belgium (BE)","5808.03","6338.05","5912.16","6146.48"
"10/07/2025 13:00:00 - 10/07/2025 14:00:00","Belgium (BE)","5554.68","6064.74","5991.58","5780.49"
"10/07/2025 14:00:00 - 10/07/2025 15:00:00","Belgium (BE)","5297.63","5530.70","5337.35","5483.34"
"10/07/2025 15:00:00 - 10/07/2025 16:00:00","Belgium (BE)","5003.97","5130.56","5032.34","5262.27"
"10/07/2025 16:00:00 - 10/07/2025 17:00:00","Belgium (BE)","4546.94","4573.97","4628.04","4839.11"
"10/07/2025 17:00:00 - 10/07/2025 18:00:00","Belgium (BE)","3762.39","3809.06","3945.07","3941.72"
"10/07/2025 18:00:00 - 10/07/2025 19:00:00","Belgium (BE)","2672.34","2739.90","2762.85","2730.26"
"10/07/2025 19:00:00 - 10/07/2025 20:00:00","Belgium (BE)","1453.23","1452.50","1477.40","1637.14"
"10/07/2025 20:00:00 - 10/07/2025 21:00:00","Belgium (BE)","523.66","502.17","553.07","674.62"
"10/07/2025 21:00:00 - 10/07/2025 22:00:00","Belgium (BE)","118.81","118.20","131.42","113.23"
"10/07/2025 22:00:00 - 10/07/2025 23:00:00","Belgium (BE)","0.00","0.00","0.00","0.01"
"10/07/2025 23:00:00 - 11/07/2025 00:00:00","Belgium (BE)","0.00","0.00","0.00","0.00"
"11/07/2025 00:00:00 - 11/07/2025 01:00:00","Belgium (BE)","0.00","0.00","0.00","0.00"
"11/07/2025 01:00:00 - 11/07/2025 02:00:00","Belgium (BE)","0.00","0.00","0.00","0.00"
"11/07/2025 02:00:00 - 11/07/2025 03:00:00","Belgium (BE)","0.00","0.00","0.00","0.00"
"11/07/2025 03:00:00 - 11/07/2025 04:00:00","Belgium (BE)","0.00","0.00","0.00","0.00"
"11/07/2025 04:00:00 - 11/07/2025 05:00:00","Belgium (BE)","0.00","0.00","0.00","0.00"
"11/07/2025 05:00:00 - 11/07/2025 06:00:00","Belgium (BE)","8.15","8.26","8.26","1.14"
"11/07/2025 06:00:00 - 11/07/2025 07:00:00","Belgium (BE)","247.96","245.80","245.80","231.47"
"11/07/2025 07:00:00 - 11/07/2025 08:00:00","Belgium (BE)","810.97","770.56","770.56","888.75"
"11/07/2025 08:00:00 - 11/07/2025 09:00:00","Belgium (BE)","2014.53","2009.74","2120.51","1580.82"
"11/07/2025 09:00:00 - 11/07/2025 10:00:00","Belgium (BE)","3286.15","3359.12","3104.58","2992.64"
"11/07/2025 10:00:00 - 11/07/2025 11:00:00","Belgium (BE)","4334.12","4360.86","4104.42","4365.11"
"11/07/2025 11:00:00 - 11/07/2025 12:00:00","Belgium (BE)","4904.22","5070.18","5083.67","5082.83"
"11/07/2025 12:00:00 - 11/07/2025 13:00:00","Belgium (BE)","5081.46","5380.24","5258.54","5372.37"
"11/07/2025 13:00:00 - 11/07/2025 14:00:00","Belgium (BE)","5178.19","5491.26","5458.38","5301.37"
"11/07/2025 14:00:00 - 11/07/2025 15:00:00","Belgium (BE)","5223.34","5452.97","5222.83","5137.41"
"11/07/2025 15:00:00 - 11/07/2025 16:00:00","Belgium (BE)","5064.70","5146.59","4925.13","4905.29"
"11/07/2025 16:00:00 - 11/07/2025 17:00:00","Belgium (BE)","4433.98","4556.55","4468.24","4570.36"
"11/07/2025 17:00:00 - 11/07/2025 18:00:00","Belgium (BE)","3560.65","3735.71","3782.37","3725.08"
"11/07/2025 18:00:00 - 11/07/2025 19:00:00","Belgium (BE)","2543.17","2652.77","2652.32","2561.72"
"11/07/2025 19:00:00 - 11/07/2025 20:00:00","Belgium (BE)","1431.65","1440.09","1427.82","1538.16"
"11/07/2025 20:00:00 - 11/07/2025 21:00:00","Belgium (BE)","551.22","531.59","541.68","657.85"
"11/07/2025 21:00:00 - 11/07/2025 22:00:00","Belgium (BE)","114.92","115.92","126.49","110.73"
"11/07/2025 22:00:00 - 11/07/2025 23:00:00","Belgium (BE)","0.00","0.00","0.00","0.01"
"11/07/2025 23:00:00 - 12/07/2025 00:00:00","Belgium (BE)","0.00","0.00","0.00","0.00"
"12/07/2025 00:00:00 - 12/07/2025 01:00:00","Belgium (BE)","0.00","0.00","0.00","0.00"
"12/07/2025 01:00:00 - 12/07/2025 02:00:00","Belgium (BE)","0.00","0.00","0.00","0.00"
"12/07/2025 02:00:00 - 12/07/2025 03:00:00","Belgium (BE)","0.00","0.00","0.00","0.00"
"12/07/2025 03:00:00 - 12/07/2025 04:00:00","Belgium (BE)","0.00","0.00","0.00","0.00"
"12/07/2025 04:00:00 - 12/07/2025 05:00:00","Belgium (BE)","0.00","0.00","0.00","0.00"
"12/07/2025 05:00:00 - 12/07/2025 06:00:00","Belgium (BE)","6.27","6.59","6.59","0.89"
"12/07/2025 06:00:00 - 12/07/2025 07:00:00","Belgium (BE)","249.25","250.62","250.62","185.06"
"12/07/2025 07:00:00 - 12/07/2025 08:00:00","Belgium (BE)","860.75","789.94","789.94","680.43"
"12/07/2025 08:00:00 - 12/07/2025 09:00:00","Belgium (BE)","1835.90","1878.43","1809.29","1290.16"
"12/07/2025 09:00:00 - 12/07/2025 10:00:00","Belgium (BE)","2909.66","3097.02","2611.07","2107.70"
"12/07/2025 10:00:00 - 12/07/2025 11:00:00","Belgium (BE)","4114.69","4387.12","3606.91","3311.73"
"12/07/2025 11:00:00 - 12/07/2025 12:00:00","Belgium (BE)","5451.69","5612.85","4683.27","4932.55"
"12/07/2025 12:00:00 - 12/07/2025 13:00:00","Belgium (BE)","6431.88","6470.22","5705.49","6435.61"
"12/07/2025 13:00:00 - 12/07/2025 14:00:00","Belgium (BE)","6885.07","6857.11","6866.75","6847.67"
"12/07/2025 14:00:00 - 12/07/2025 15:00:00","Belgium (BE)","6778.76","6690.57","6707.68","6762.26"
"12/07/2025 15:00:00 - 12/07/2025 16:00:00","Belgium (BE)","6284.67","6173.00","6175.22","6232.04"
"12/07/2025 16:00:00 - 12/07/2025 17:00:00","Belgium (BE)","5352.57","5321.66","5347.68","5284.09"
"12/07/2025 17:00:00 - 12/07/2025 18:00:00","Belgium (BE)","4139.69","4169.83","4149.83","4078.89"
"12/07/2025 18:00:00 - 12/07/2025 19:00:00","Belgium (BE)","2749.04","2805.62","2764.06","2753.02"
"12/07/2025 19:00:00 - 12/07/2025 20:00:00","Belgium (BE)","1418.51","1444.95","1446.72","1599.96"
"12/07/2025 20:00:00 - 12/07/2025 21:00:00","Belgium (BE)","518.95","504.07","507.17","660.87"
"12/07/2025 21:00:00 - 12/07/2025 22:00:00","Belgium (BE)","108.01","110.75","124.15","108.42"
"12/07/2025 22:00:00 - 12/07/2025 23:00:00","Belgium (BE)","0.00","0.00","0.00","0.01"
"12/07/2025 23:00:00 - 13/07/2025 00:00:00","Belgium (BE)","0.00","0.00","0.00","0.00"
"13/07/2025 00:00:00 - 13/07/2025 01:00:00","Belgium (BE)","0.00","0.00","0.00","0.00"
"13/07/2025 01:00:00 - 13/07/2025 02:00:00","Belgium (BE)","0.00","0.00","0.00","0.00"
"13/07/2025 02:00:00 - 13/07/2025 03:00:00","Belgium (BE)","0.00","0.00","0.00","0.00"
"13/07/2025 03:00:00 - 13/07/2025 04:00:00","Belgium (BE)","0.00","0.00","0.00","0.00"
"13/07/2025 04:00:00 - 13/07/2025 05:00:00","Belgium (BE)","0.00","0.00","0.00","0.00"
"13/07/2025 05:00:00 - 13/07/2025 06:00:00","Belgium (BE)","4.96","4.68","4.68","0.07"
"13/07/2025 06:00:00 - 13/07/2025 07:00:00","Belgium (BE)","235.20","220.76","220.76","82.05"
"13/07/2025 07:00:00 - 13/07/2025 08:00:00","Belgium (BE)","847.18","715.89","715.89","451.64"
"13/07/2025 08:00:00 - 13/07/2025 09:00:00","Belgium (BE)","1724.68","1555.79","1365.79","1042.85"
"13/07/2025 09:00:00 - 13/07/2025 10:00:00","Belgium (BE)","2693.30","2618.04","2199.76","2005.90"
"13/07/2025 10:00:00 - 13/07/2025 11:00:00","Belgium (BE)","3515.82","3676.12","3205.09","3615.74"
"13/07/2025 11:00:00 - 13/07/2025 12:00:00","Belgium (BE)","4030.45","4453.02","4411.49","5281.62"
"13/07/2025 12:00:00 - 13/07/2025 13:00:00","Belgium (BE)","4224.97","4943.80","5881.69","6030.26"
"13/07/2025 13:00:00 - 13/07/2025 14:00:00","Belgium (BE)","4238.00","5269.84","6366.86","6272.30"
"13/07/2025 14:00:00 - 13/07/2025 15:00:00","Belgium (BE)","4269.45","5345.85","6149.86","6415.21"
"13/07/2025 15:00:00 - 13/07/2025 16:00:00","Belgium (BE)","4194.67","5072.95","5929.88","6077.18"
"13/07/2025 16:00:00 - 13/07/2025 17:00:00","Belgium (BE)","3869.97","4489.14","5185.52","5274.23"
"13/07/2025 17:00:00 - 13/07/2025 18:00:00","Belgium (BE)","3299.17","3705.94","4131.54","4073.81"
"13/07/2025 18:00:00 - 13/07/2025 19:00:00","Belgium (BE)","2439.89","2603.33","2820.86","2716.94"
"13/07/2025 19:00:00 - 13/07/2025 20:00:00","Belgium (BE)","1416.04","1422.57","1437.50","1616.00"
"13/07/2025 20:00:00 - 13/07/2025 21:00:00","Belgium (BE)","560.61","528.57","531.24","649.63"
"13/07/2025 21:00:00 - 13/07/2025 22:00:00","Belgium (BE)","107.72","108.12","118.09","99.12"
"13/07/2025 22:00:00 - 13/07/2025 23:00:00","Belgium (BE)","0.00","0.00","0.00","0.01"
"13/07/2025 23:00:00 - 14/07/2025 00:00:00","Belgium (BE)","0.00","0.00","0.00","0.00"
"14/07/2025 00:00:00 - 14/07/2025 01:00:00","Belgium (BE)","0.00","0.00","0.00","0.00"
"14/07/2025 01:00:00 - 14/07/2025 02:00:00","Belgium (BE)","0.00","0.00","0.00","0.00"
"14/07/2025 02:00:00 - 14/07/2025 03:00:00","Belgium (BE)","0.00","0.00","0.00","0.00"
"14/07/2025 03:00:00 - 14/07/2025 04:00:00","Belgium (BE)","0.00","0.00","0.00","0.00"
"14/07/2025 04:00:00 - 14/07/2025 05:00:00","Belgium (BE)","0.00","0.00","0.00","0.00"
"14/07/2025 05:00:00 - 14/07/2025 06:00:00","Belgium (BE)","3.82","4.18","4.18","0.32"
"14/07/2025 06:00:00 - 14/07/2025 07:00:00","Belgium (BE)","210.63","211.46","211.46","170.54"
"14/07/2025 07:00:00 - 14/07/2025 08:00:00","Belgium (BE)","796.67","765.63","765.63","614.92"
"14/07/2025 08:00:00 - 14/07/2025 09:00:00","Belgium (BE)","1473.95","1536.91","1399.04","1189.73"
"14/07/2025 09:00:00 - 14/07/2025 10:00:00","Belgium (BE)","2188.67","2336.77","1994.36","1700.17"
"14/07/2025 10:00:00 - 14/07/2025 11:00:00","Belgium (BE)","2756.01","3017.97","2285.29","2689.63"
"14/07/2025 11:00:00 - 14/07/2025 12:00:00","Belgium (BE)","3290.73","3541.74","3048.81","3599.16"
"14/07/2025 12:00:00 - 14/07/2025 13:00:00","Belgium (BE)","3633.33","3765.95","3813.43","4091.17"
"14/07/2025 13:00:00 - 14/07/2025 14:00:00","Belgium (BE)","3804.57","3818.38","4395.25","3986.04"
"14/07/2025 14:00:00 - 14/07/2025 15:00:00","Belgium (BE)","4051.07","4054.32","4431.02","3722.21"
"14/07/2025 15:00:00 - 14/07/2025 16:00:00","Belgium (BE)","4165.58","4418.24","4056.46","4492.72"
"14/07/2025 16:00:00 - 14/07/2025 17:00:00","Belgium (BE)","4051.97","4289.10","4310.88","4714.02"
"14/07/2025 17:00:00 - 14/07/2025 18:00:00","Belgium (BE)","3484.71","3682.60","3884.38","3779.98"
"14/07/2025 18:00:00 - 14/07/2025 19:00:00","Belgium (BE)","2504.28","2613.06","2642.52","2550.04"
"14/07/2025 19:00:00 - 14/07/2025 20:00:00","Belgium (BE)","1426.72","1422.60","1421.57","1421.32"
"14/07/2025 20:00:00 - 14/07/2025 21:00:00","Belgium (BE)","562.15","542.38","549.25","458.23"
"14/07/2025 21:00:00 - 14/07/2025 22:00:00","Belgium (BE)","104.65","105.09","102.04","59.33"
"14/07/2025 22:00:00 - 14/07/2025 23:00:00","Belgium (BE)","0.00","0.00","0.00","0.00"
"14/07/2025 23:00:00 - 15/07/2025 00:00:00","Belgium (BE)","0.00","0.00","0.00","0.00"
"15/07/2025 00:00:00 - 15/07/2025 01:00:00","Belgium (BE)","0.00","0.00","0.00","0.00"
"15/07/2025 01:00:00 - 15/07/2025 02:00:00","Belgium (BE)","0.00","0.00","0.00","0.00"
"15/07/2025 02:00:00 - 15/07/2025 03:00:00","Belgium (BE)","0.00","0.00","0.00","0.00"
"15/07/2025 03:00:00 - 15/07/2025 04:00:00","Belgium (BE)","0.00","0.00","0.00","0.00"
"15/07/2025 04:00:00 - 15/07/2025 05:00:00","Belgium (BE)","0.00","0.00","0.00","0.00"
"15/07/2025 05:00:00 - 15/07/2025 06:00:00","Belgium (BE)","4.94","4.36","4.36","0.00"
"15/07/2025 06:00:00 - 15/07/2025 07:00:00","Belgium (BE)","212.59","218.87","218.87","161.86"
"15/07/2025 07:00:00 - 15/07/2025 08:00:00","Belgium (BE)","740.53","719.01","719.01","867.88"
"15/07/2025 08:00:00 - 15/07/2025 09:00:00","Belgium (BE)","2019.99","1849.14","1960.08","2041.40"
"15/07/2025 09:00:00 - 15/07/2025 10:00:00","Belgium (BE)","3348.59","3115.13","3256.32","3398.45"
"15/07/2025 10:00:00 - 15/07/2025 11:00:00","Belgium (BE)","4475.46","4134.72","4332.82","4485.70"
"15/07/2025 11:00:00 - 15/07/2025 12:00:00","Belgium (BE)","5122.59","4904.33","5081.99","4954.73"
"15/07/2025 12:00:00 - 15/07/2025 13:00:00","Belgium (BE)","5245.07","5119.14","5057.64","5077.47"
"15/07/2025 13:00:00 - 15/07/2025 14:00:00","Belgium (BE)","4888.19","4793.43","4738.74","5240.29"
"15/07/2025 14:00:00 - 15/07/2025 15:00:00","Belgium (BE)","4191.61","4198.50","4570.59","5141.06"
"15/07/2025 15:00:00 - 15/07/2025 16:00:00","Belgium (BE)","3625.64","3583.33","4297.20","4637.86"
"15/07/2025 16:00:00 - 15/07/2025 17:00:00","Belgium (BE)","3193.03","3121.23","3768.86","4040.72"
"15/07/2025 17:00:00 - 15/07/2025 18:00:00","Belgium (BE)","2638.23","2675.54","3046.22","2969.13"
"15/07/2025 18:00:00 - 15/07/2025 19:00:00","Belgium (BE)","1997.28","2051.68","2124.80","1814.18"
"15/07/2025 19:00:00 - 15/07/2025 20:00:00","Belgium (BE)","1256.33","1324.07","1244.10","1119.36"
"15/07/2025 20:00:00 - 15/07/2025 21:00:00","Belgium (BE)","551.84","593.10","559.16","573.36"
"15/07/2025 21:00:00 - 15/07/2025 22:00:00","Belgium (BE)","88.85","97.19","98.38","93.99"
"15/07/2025 22:00:00 - 15/07/2025 23:00:00","Belgium (BE)","0.00","0.00","0.00","0.00"
"15/07/2025 23:00:00 - 16/07/2025 00:00:00","Belgium (BE)","0.00","0.00","0.00","0.00"
"16/07/2025 00:00:00 - 16/07/2025 01:00:00","Belgium (BE)","0.00","0.00","0.00","0.00"
"16/07/2025 01:00:00 - 16/07/2025 02:00:00","Belgium (BE)","0.00","0.00","0.00","0.00"
"16/07/2025 02:00:00 - 16/07/2025 03:00:00","Belgium (BE)","0.00","0.00","0.00","0.00"
"16/07/2025 03:00:00 - 16/07/2025 04:00:00","Belgium (BE)","0.00","0.00","0.00","0.00"
"16/07/2025 04:00:00 - 16/07/2025 05:00:00","Belgium (BE)","0.00","0.00","0.00","0.00"
"16/07/2025 05:00:00 - 16/07/2025 06:00:00","Belgium (BE)","3.07","3.01","3.01","0.00"
"16/07/2025 06:00:00 - 16/07/2025 07:00:00","Belgium (BE)","219.51","209.64","209.64","157.43"
"16/07/2025 07:00:00 - 16/07/2025 08:00:00","Belgium (BE)","822.36","740.69","740.69","740.87"
"16/07/2025 08:00:00 - 16/07/2025 09:00:00","Belgium (BE)","1736.80","1663.31","1659.28","1555.28"
"16/07/2025 09:00:00 - 16/07/2025 10:00:00","Belgium (BE)","2758.70","2810.55","2770.00","2396.00"
"16/07/2025 10:00:00 - 16/07/2025 11:00:00","Belgium (BE)","3681.49","3809.01","3528.10","3503.46"
"16/07/2025 11:00:00 - 16/07/2025 12:00:00","Belgium (BE)","4404.73","4548.62","4438.29","4185.50"
"16/07/2025 12:00:00 - 16/07/2025 13:00:00","Belgium (BE)","4751.56","4943.21","4579.29","4094.14"
"16/07/2025 13:00:00 - 16/07/2025 14:00:00","Belgium (BE)","4799.05","5019.51","4253.37","3559.78"
"16/07/2025 14:00:00 - 16/07/2025 15:00:00","Belgium (BE)","4618.01","4698.03","3664.16","3742.61"
"16/07/2025 15:00:00 - 16/07/2025 16:00:00","Belgium (BE)","4243.19","4032.82","3525.92","3333.04"
"16/07/2025 16:00:00 - 16/07/2025 17:00:00","Belgium (BE)","3768.23","3389.71","3143.53","2515.75"
"16/07/2025 17:00:00 - 16/07/2025 18:00:00","Belgium (BE)","3093.70","2779.95","2445.76","2189.46"
"16/07/2025 18:00:00 - 16/07/2025 19:00:00","Belgium (BE)","2302.11","2154.82","1869.19","1939.42"
"16/07/2025 19:00:00 - 16/07/2025 20:00:00","Belgium (BE)","1386.64","1384.18","1308.92","1260.60"
"16/07/2025 20:00:00 - 16/07/2025 21:00:00","Belgium (BE)","558.48","585.78","543.06","572.13"
"16/07/2025 21:00:00 - 16/07/2025 22:00:00","Belgium (BE)","97.75","100.60","102.32","91.45"
"16/07/2025 22:00:00 - 16/07/2025 23:00:00","Belgium (BE)","0.00","0.00","0.00","0.03"
"16/07/2025 23:00:00 - 17/07/2025 00:00:00","Belgium (BE)","0.00","0.00","0.00","0.00"
"17/07/2025 00:00:00 - 17/07/2025 01:00:00","Belgium (BE)","0.00","0.00","0.00","0.00"
"17/07/2025 01:00:00 - 17/07/2025 02:00:00","Belgium (BE)","0.00","0.00","0.00","0.00"
"17/07/2025 02:00:00 - 17/07/2025 03:00:00","Belgium (BE)","0.00","0.00","0.00","0.00"
"17/07/2025 03:00:00 - 17/07/2025 04:00:00","Belgium (BE)","0.00","0.00","0.00","0.00"
"17/07/2025 04:00:00 - 17/07/2025 05:00:00","Belgium (BE)","0.00","0.00","0.00","0.00"
"17/07/2025 05:00:00 - 17/07/2025 06:00:00","Belgium (BE)","3.47","3.54","3.54","0.00"
"17/07/2025 06:00:00 - 17/07/2025 07:00:00","Belgium (BE)","209.11","201.54","201.54","243.32"
"17/07/2025 07:00:00 - 17/07/2025 08:00:00","Belgium (BE)","744.16","724.55","724.55","1017.03"
"17/07/2025 08:00:00 - 17/07/2025 09:00:00","Belgium (BE)","1941.00","1994.07","2228.92","2076.45"
"17/07/2025 09:00:00 - 17/07/2025 10:00:00","Belgium (BE)","3341.38","3500.68","3615.23","3127.18"
"17/07/2025 10:00:00 - 17/07/2025 11:00:00","Belgium (BE)","4570.72","4771.47","4502.70","4434.61"
"17/07/2025 11:00:00 - 17/07/2025 12:00:00","Belgium (BE)","5541.71","5632.48","5376.59","5513.51"
"17/07/2025 12:00:00 - 17/07/2025 13:00:00","Belgium (BE)","6100.98","6092.29","5932.28","6251.97"
"17/07/2025 13:00:00 - 17/07/2025 14:00:00","Belgium (BE)","6294.78","6149.70","6301.55","6282.19"
"17/07/2025 14:00:00 - 17/07/2025 15:00:00","Belgium (BE)","6104.71","5806.73","6000.35","5891.52"
"17/07/2025 15:00:00 - 17/07/2025 16:00:00","Belgium (BE)","5632.16","5145.75","5273.06","5452.58"
"17/07/2025 16:00:00 - 17/07/2025 17:00:00","Belgium (BE)","4878.55","4341.09","4590.89","4593.58"
"17/07/2025 17:00:00 - 17/07/2025 18:00:00","Belgium (BE)","3865.76","3399.21","3611.22","3390.59"
"17/07/2025 18:00:00 - 17/07/2025 19:00:00","Belgium (BE)","2627.99","2335.06","2401.18","2185.47"
"17/07/2025 19:00:00 - 17/07/2025 20:00:00","Belgium (BE)","1409.17","1310.71","1291.79","1133.13"
"17/07/2025 20:00:00 - 17/07/2025 21:00:00","Belgium (BE)","538.96","520.70","495.54","397.22"
"17/07/2025 21:00:00 - 17/07/2025 22:00:00","Belgium (BE)","97.63","87.66","87.96","30.95"
"17/07/2025 22:00:00 - 17/07/2025 23:00:00","Belgium (BE)","0.00","0.00","0.00","0.00"
"17/07/2025 23:00:00 - 18/07/2025 00:00:00","Belgium (BE)","0.00","0.00","0.00","0.00"
"18/07/2025 00:00:00 - 18/07/2025 01:00:00","Belgium (BE)","0.00","0.00","0.00","0.00"
"18/07/2025 01:00:00 - 18/07/2025 02:00:00","Belgium (BE)","0.00","0.00","0.00","0.00"
"18/07/2025 02:00:00 - 18/07/2025 03:00:00","Belgium (BE)","0.00","0.00","0.00","0.00"
"18/07/2025 03:00:00 - 18/07/2025 04:00:00","Belgium (BE)","0.00","0.00","0.00","0.00"
"18/07/2025 04:00:00 - 18/07/2025 05:00:00","Belgium (BE)","0.00","0.00","0.00","0.00"
"18/07/2025 05:00:00 - 18/07/2025 06:00:00","Belgium (BE)","1.78","2.03","2.03","0.00"
"18/07/2025 06:00:00 - 18/07/2025 07:00:00","Belgium (BE)","189.61","201.86","201.86","200.65"
"18/07/2025 07:00:00 - 18/07/2025 08:00:00","Belgium (BE)","764.23","780.02","780.02","754.45"
"18/07/2025 08:00:00 - 18/07/2025 09:00:00","Belgium (BE)","1481.18","1607.84","1591.77","1366.49"
"18/07/2025 09:00:00 - 18/07/2025 10:00:00","Belgium (BE)","2464.40","2694.06","2424.41","2519.74"
"18/07/2025 10:00:00 - 18/07/2025 11:00:00","Belgium (BE)","3568.98","3790.21","3582.82","4174.42"
"18/07/2025 11:00:00 - 18/07/2025 12:00:00","Belgium (BE)","4548.94","4762.63","5028.19","5194.06"
"18/07/2025 12:00:00 - 18/07/2025 13:00:00","Belgium (BE)","5036.52","5301.84","5728.24","5584.87"
"18/07/2025 13:00:00 - 18/07/2025 14:00:00","Belgium (BE)","5198.46","5327.82","5551.68","5399.75"
"18/07/2025 14:00:00 - 18/07/2025 15:00:00","Belgium (BE)","5129.00","5103.47","5239.14","5094.36"
"18/07/2025 15:00:00 - 18/07/2025 16:00:00","Belgium (BE)","4869.30","4842.28","4869.76","4951.17"
"18/07/2025 16:00:00 - 18/07/2025 17:00:00","Belgium (BE)","4448.32","4329.56","4451.00","4683.32"
"18/07/2025 17:00:00 - 18/07/2025 18:00:00","Belgium (BE)","3676.47","3607.34","3817.32","3803.08"
"18/07/2025 18:00:00 - 18/07/2025 19:00:00","Belgium (BE)","2596.35","2561.92","2666.13","2592.36"
"18/07/2025 19:00:00 - 18/07/2025 20:00:00","Belgium (BE)","1421.16","1411.90","1421.44","1494.83"
"18/07/2025 20:00:00 - 18/07/2025 21:00:00","Belgium (BE)","545.13","542.32","555.13","520.81"
"18/07/2025 21:00:00 - 18/07/2025 22:00:00","Belgium (BE)","93.25","92.33","93.94","53.76"
"18/07/2025 22:00:00 - 18/07/2025 23:00:00","Belgium (BE)","0.00","0.00","0.00","0.00"
"18/07/2025 23:00:00 - 19/07/2025 00:00:00","Belgium (BE)","0.00","0.00","0.00","0.00"
"19/07/2025 00:00:00 - 19/07/2025 01:00:00","Belgium (BE)","0.00","0.00","0.00","0.00"
"19/07/2025 01:00:00 - 19/07/2025 02:00:00","Belgium (BE)","0.00","0.00","0.00","0.00"
"19/07/2025 02:00:00 - 19/07/2025 03:00:00","Belgium (BE)","0.00","0.00","0.00","0.00"
"19/07/2025 03:00:00 - 19/07/2025 04:00:00","Belgium (BE)","0.00","0.00","0.00","0.00"
"19/07/2025 04:00:00 - 19/07/2025 05:00:00","Belgium (BE)","0.00","0.00","0.00","0.00"
"19/07/2025 05:00:00 - 19/07/2025 06:00:00","Belgium (BE)","1.69","1.68","1.68","0.00"
"19/07/2025 06:00:00 - 19/07/2025 07:00:00","Belgium (BE)","190.69","198.75","198.75","242.32"
"19/07/2025 07:00:00 - 19/07/2025 08:00:00","Belgium (BE)","763.94","827.05","827.05","759.33"
"19/07/2025 08:00:00 - 19/07/2025 09:00:00","Belgium (BE)","1528.14","1619.34","1572.85","1515.15"
"19/07/2025 09:00:00 - 19/07/2025 10:00:00","Belgium (BE)","2532.85","2560.60","2501.73","2436.37"
"19/07/2025 10:00:00 - 19/07/2025 11:00:00","Belgium (BE)","3738.82","3591.96","3407.97","4208.37"
"19/07/2025 11:00:00 - 19/07/2025 12:00:00","Belgium (BE)","4859.19","4501.40","4978.09","5183.16"
"19/07/2025 12:00:00 - 19/07/2025 13:00:00","Belgium (BE)","5300.40","4987.22","5812.48","5809.18"
"19/07/2025 13:00:00 - 19/07/2025 14:00:00","Belgium (BE)","5000.30","5250.35","5971.55","5390.77"
"19/07/2025 14:00:00 - 19/07/2025 15:00:00","Belgium (BE)","4163.79","4974.39","4908.99","4016.55"
"19/07/2025 15:00:00 - 19/07/2025 16:00:00","Belgium (BE)","3238.95","4214.36","3262.59","2503.61"
"19/07/2025 16:00:00 - 19/07/2025 17:00:00","Belgium (BE)","2513.57","3287.21","2162.95","1821.38"
"19/07/2025 17:00:00 - 19/07/2025 18:00:00","Belgium (BE)","2083.03","2472.60","1671.63","1707.23"
"19/07/2025 18:00:00 - 19/07/2025 19:00:00","Belgium (BE)","1686.48","1806.06","1462.89","1233.44"
"19/07/2025 19:00:00 - 19/07/2025 20:00:00","Belgium (BE)","1129.77","1166.55","997.88","851.94"
"19/07/2025 20:00:00 - 19/07/2025 21:00:00","Belgium (BE)","499.22","514.98","439.47","334.20"
"19/07/2025 21:00:00 - 19/07/2025 22:00:00","Belgium (BE)","68.79","72.60","64.49","26.85"
"19/07/2025 22:00:00 - 19/07/2025 23:00:00","Belgium (BE)","0.00","0.00","0.00","0.00"
"19/07/2025 23:00:00 - 20/07/2025 00:00:00","Belgium (BE)","0.00","0.00","0.00","0.00"
"20/07/2025 00:00:00 - 20/07/2025 01:00:00","Belgium (BE)","0.00","0.00","0.00","0.00"
"20/07/2025 01:00:00 - 20/07/2025 02:00:00","Belgium (BE)","0.00","0.00","0.00","0.00"
"20/07/2025 02:00:00 - 20/07/2025 03:00:00","Belgium (BE)","0.00","0.00","0.00","0.00"
"20/07/2025 03:00:00 - 20/07/2025 04:00:00","Belgium (BE)","0.00","0.00","0.00","0.00"
"20/07/2025 04:00:00 - 20/07/2025 05:00:00","Belgium (BE)","0.00","0.00","0.00","0.00"
"20/07/2025 05:00:00 - 20/07/2025 06:00:00","Belgium (BE)","0.61","0.90","0.90","0.00"
"20/07/2025 06:00:00 - 20/07/2025 07:00:00","Belgium (BE)","120.09","156.01","156.01","66.61"
"20/07/2025 07:00:00 - 20/07/2025 08:00:00","Belgium (BE)","559.04","634.45","634.45","548.04"
"20/07/2025 08:00:00 - 20/07/2025 09:00:00","Belgium (BE)","1323.90","1477.98","1349.91","1457.34"
"20/07/2025 09:00:00 - 20/07/2025 10:00:00","Belgium (BE)","2252.32","2457.73","2373.84","2691.76"
"20/07/2025 10:00:00 - 20/07/2025 11:00:00","Belgium (BE)","2784.24","3060.93","3140.67","3249.60"
"20/07/2025 11:00:00 - 20/07/2025 12:00:00","Belgium (BE)","2823.64","3175.85","3225.07","3395.12"
"20/07/2025 12:00:00 - 20/07/2025 13:00:00","Belgium (BE)","2526.77","2808.22","2978.52","2820.43"
"20/07/2025 13:00:00 - 20/07/2025 14:00:00","Belgium (BE)","2179.08","2343.85","2223.20","1685.26"
"20/07/2025 14:00:00 - 20/07/2025 15:00:00","Belgium (BE)","1961.96","2005.31","1513.99","1241.79"
"20/07/2025 15:00:00 - 20/07/2025 16:00:00","Belgium (BE)","1944.48","1864.09","1537.92","2272.74"
"20/07/2025 16:00:00 - 20/07/2025 17:00:00","Belgium (BE)","2002.83","1827.46","2330.60","3562.92"
"20/07/2025 17:00:00 - 20/07/2025 18:00:00","Belgium (BE)","2271.68","1938.97","3517.02","2824.06"
"20/07/2025 18:00:00 - 20/07/2025 19:00:00","Belgium (BE)","1997.56","1825.88","2170.62","2198.14"
"20/07/2025 19:00:00 - 20/07/2025 20:00:00","Belgium (BE)","1269.97","1216.35","1366.24","1334.50"
"20/07/2025 20:00:00 - 20/07/2025 21:00:00","Belgium (BE)","511.24","498.32","539.46","448.24"
"20/07/2025 21:00:00 - 20/07/2025 22:00:00","Belgium (BE)","76.93","74.40","74.12","54.79"
"20/07/2025 22:00:00 - 20/07/2025 23:00:00","Belgium (BE)","0.00","0.00","0.00","0.00"
"20/07/2025 23:00:00 - 21/07/2025 00:00:00","Belgium (BE)","0.00","0.00","0.00","0.00"
"21/07/2025 00:00:00 - 21/07/2025 01:00:00","Belgium (BE)","0.00","0.00","0.00","0.00"
"21/07/2025 01:00:00 - 21/07/2025 02:00:00","Belgium (BE)","0.00","0.00","0.00","0.00"
"21/07/2025 02:00:00 - 21/07/2025 03:00:00","Belgium (BE)","0.00","0.00","0.00","0.00"
"21/07/2025 03:00:00 - 21/07/2025 04:00:00","Belgium (BE)","0.00","0.00","0.00","0.00"
"21/07/2025 04:00:00 - 21/07/2025 05:00:00","Belgium (BE)","0.00","0.00","0.00","0.00"
"21/07/2025 05:00:00 - 21/07/2025 06:00:00","Belgium (BE)","0.99","0.97","0.97","0.00"
"21/07/2025 06:00:00 - 21/07/2025 07:00:00","Belgium (BE)","172.03","170.78","170.78","126.20"
"21/07/2025 07:00:00 - 21/07/2025 08:00:00","Belgium (BE)","702.86","630.87","630.87","790.62"
"21/07/2025 08:00:00 - 21/07/2025 09:00:00","Belgium (BE)","1595.63","1617.12","1752.21","1939.92"
"21/07/2025 09:00:00 - 21/07/2025 10:00:00","Belgium (BE)","2303.09","2393.31","2734.21","3137.38"
"21/07/2025 10:00:00 - 21/07/2025 11:00:00","Belgium (BE)","2653.38","2865.25","3509.56","3326.90"
"21/07/2025 11:00:00 - 21/07/2025 12:00:00","Belgium (BE)","2914.99","3454.81","3484.88","3782.51"
"21/07/2025 12:00:00 - 21/07/2025 13:00:00","Belgium (BE)","3206.11","3675.41","3949.24","4058.34"
"21/07/2025 13:00:00 - 21/07/2025 14:00:00","Belgium (BE)","3453.45","3606.17","4067.31","4166.03"
"21/07/2025 14:00:00 - 21/07/2025 15:00:00","Belgium (BE)","3498.73","3249.16","4017.69","3488.30"
"21/07/2025 15:00:00 - 21/07/2025 16:00:00","Belgium (BE)","3202.07","3114.32","3204.98","2677.74"
"21/07/2025 16:00:00 - 21/07/2025 17:00:00","Belgium (BE)","2778.10","2886.87","2335.47","3270.83"
"21/07/2025 17:00:00 - 21/07/2025 18:00:00","Belgium (BE)","2274.98","2402.68","2567.83","3032.27"
"21/07/2025 18:00:00 - 21/07/2025 19:00:00","Belgium (BE)","1756.99","1802.44","2093.23","1946.71"
"21/07/2025 19:00:00 - 21/07/2025 20:00:00","Belgium (BE)","1166.80","1179.33","1272.40","904.99"
"21/07/2025 20:00:00 - 21/07/2025 21:00:00","Belgium (BE)","492.10","513.05","450.75","294.86"
"21/07/2025 21:00:00 - 21/07/2025 22:00:00","Belgium (BE)","66.02","64.57","55.24","28.82"
"21/07/2025 22:00:00 - 21/07/2025 23:00:00","Belgium (BE)","0.00","0.00","0.00","0.00"
"21/07/2025 23:00:00 - 22/07/2025 00:00:00","Belgium (BE)","0.00","0.00","0.00","0.00"
"22/07/2025 00:00:00 - 22/07/2025 01:00:00","Belgium (BE)","0.00","0.00","0.00","0.00"
"22/07/2025 01:00:00 - 22/07/2025 02:00:00","Belgium (BE)","0.00","0.00","0.00","0.00"
"22/07/2025 02:00:00 - 22/07/2025 03:00:00","Belgium (BE)","0.00","0.00","0.00","0.00"
"22/07/2025 03:00:00 - 22/07/2025 04:00:00","Belgium (BE)","0.00","0.00","0.00","0.00"
"22/07/2025 04:00:00 - 22/07/2025 05:00:00","Belgium (BE)","0.00","0.00","0.00","0.00"
"22/07/2025 05:00:00 - 22/07/2025 06:00:00","Belgium (BE)","0.49","0.45","0.45","0.00"
"22/07/2025 06:00:00 - 22/07/2025 07:00:00","Belgium (BE)","164.82","168.99","168.99","93.94"
"22/07/2025 07:00:00 - 22/07/2025 08:00:00","Belgium (BE)","698.66","644.91","644.91","710.71"
"22/07/2025 08:00:00 - 22/07/2025 09:00:00","Belgium (BE)","1447.03","1442.31","1514.04","1428.51"
"22/07/2025 09:00:00 - 22/07/2025 10:00:00","Belgium (BE)","2148.60","2144.57","2179.59","2069.83"
"22/07/2025 10:00:00 - 22/07/2025 11:00:00","Belgium (BE)","2895.60","2892.18","2889.27","2824.38"
"22/07/2025 11:00:00 - 22/07/2025 12:00:00","Belgium (BE)","3672.01","3697.84","3612.16","3447.71"
"22/07/2025 12:00:00 - 22/07/2025 13:00:00","Belgium (BE)","4191.03","4173.97","3821.74","3970.99"
"22/07/2025 13:00:00 - 22/07/2025 14:00:00","Belgium (BE)","4466.15","4396.48","4217.07","4325.63"
"22/07/2025 14:00:00 - 22/07/2025 15:00:00","Belgium (BE)","4577.45","4381.14","4342.39","4450.23"
"22/07/2025 15:00:00 - 22/07/2025 16:00:00","Belgium (BE)","4207.12","4077.06","4195.84","4274.07"
"22/07/2025 16:00:00 - 22/07/2025 17:00:00","Belgium (BE)","3459.56","3546.20","3696.19","3584.47"
"22/07/2025 17:00:00 - 22/07/2025 18:00:00","Belgium (BE)","2576.61","2807.98","2874.54","2681.83"
"22/07/2025 18:00:00 - 22/07/2025 19:00:00","Belgium (BE)","1794.09","1955.34","1862.74","1696.90"
"22/07/2025 19:00:00 - 22/07/2025 20:00:00","Belgium (BE)","1083.45","1164.90","1073.59","781.79"
"22/07/2025 20:00:00 - 22/07/2025 21:00:00","Belgium (BE)","455.22","492.47","409.23","210.03"
"22/07/2025 21:00:00 - 22/07/2025 22:00:00","Belgium (BE)","56.05","59.11","48.33","14.61"
"22/07/2025 22:00:00 - 22/07/2025 23:00:00","Belgium (BE)","0.00","0.00","0.00","0.00"
"22/07/2025 23:00:00 - 23/07/2025 00:00:00","Belgium (BE)","0.00","0.00","0.00","0.00"
"23/07/2025 00:00:00 - 23/07/2025 01:00:00","Belgium (BE)","0.00","0.00","0.00","0.00"
"23/07/2025 01:00:00 - 23/07/2025 02:00:00","Belgium (BE)","0.00","0.00","0.00","0.00"
"23/07/2025 02:00:00 - 23/07/2025 03:00:00","Belgium (BE)","0.00","0.00","0.00","0.00"
"23/07/2025 03:00:00 - 23/07/2025 04:00:00","Belgium (BE)","0.00","0.00","0.00","0.00"
"23/07/2025 04:00:00 - 23/07/2025 05:00:00","Belgium (BE)","0.00","0.00","0.00","0.00"
"23/07/2025 05:00:00 - 23/07/2025 06:00:00","Belgium (BE)","0.25","0.22","0.22","0.00"
"23/07/2025 06:00:00 - 23/07/2025 07:00:00","Belgium (BE)","152.55","145.71","145.71","97.71"
"23/07/2025 07:00:00 - 23/07/2025 08:00:00","Belgium (BE)","673.96","611.74","611.74","621.99"
"23/07/2025 08:00:00 - 23/07/2025 09:00:00","Belgium (BE)","1495.10","1439.35","1499.56","1221.50"
"23/07/2025 09:00:00 - 23/07/2025 10:00:00","Belgium (BE)","2306.66","2308.40","2226.64","1837.51"
"23/07/2025 10:00:00 - 23/07/2025 11:00:00","Belgium (BE)","3001.27","3021.09","2564.57","2365.03"
"23/07/2025 11:00:00 - 23/07/2025 12:00:00","Belgium (BE)","3651.46","3717.35","3398.50","3076.63"
"23/07/2025 12:00:00 - 23/07/2025 13:00:00","Belgium (BE)","4089.24","4105.70","3779.97","3576.06"
"23/07/2025 13:00:00 - 23/07/2025 14:00:00","Belgium (BE)","4285.80","4270.04","3657.44","3329.73"
"23/07/2025 14:00:00 - 23/07/2025 15:00:00","Belgium (BE)","4327.78","4386.57","3268.97","3358.43"
"23/07/2025 15:00:00 - 23/07/2025 16:00:00","Belgium (BE)","4056.97","4384.51","3435.28","3283.49"
"23/07/2025 16:00:00 - 23/07/2025 17:00:00","Belgium (BE)","3514.82","3966.46","3176.47","3164.74"
"23/07/2025 17:00:00 - 23/07/2025 18:00:00","Belgium (BE)","2706.67","3099.54","2704.11","2489.37"
"23/07/2025 18:00:00 - 23/07/2025 19:00:00","Belgium (BE)","1953.14","2139.42","1830.90","1692.60"
"23/07/2025 19:00:00 - 23/07/2025 20:00:00","Belgium (BE)","1218.20","1245.39","1064.69","917.12"
"23/07/2025 20:00:00 - 23/07/2025 21:00:00","Belgium (BE)","500.79","497.50","427.18","368.76"
"23/07/2025 21:00:00 - 23/07/2025 22:00:00","Belgium (BE)","60.16","61.28","52.30","39.99"
"23/07/2025 22:00:00 - 23/07/2025 23:00:00","Belgium (BE)","0.00","0.00","0.00","0.00"
"23/07/2025 23:00:00 - 24/07/2025 00:00:00","Belgium (BE)","0.00","0.00","0.00","0.00"
"24/07/2025 00:00:00 - 24/07/2025 01:00:00","Belgium (BE)","0.00","0.00","0.00","0.00"
"24/07/2025 01:00:00 - 24/07/2025 02:00:00","Belgium (BE)","0.00","0.00","0.00","0.00"
"24/07/2025 02:00:00 - 24/07/2025 03:00:00","Belgium (BE)","0.00","0.00","0.00","0.00"
"24/07/2025 03:00:00 - 24/07/2025 04:00:00","Belgium (BE)","0.00","0.00","0.00","0.00"
"24/07/2025 04:00:00 - 24/07/2025 05:00:00","Belgium (BE)","0.00","0.00","0.00","0.00"
"24/07/2025 05:00:00 - 24/07/2025 06:00:00","Belgium (BE)","0.09","0.07","0.07","0.00"
"24/07/2025 06:00:00 - 24/07/2025 07:00:00","Belgium (BE)","150.32","142.06","142.06","94.77"
"24/07/2025 07:00:00 - 24/07/2025 08:00:00","Belgium (BE)","691.43","621.69","621.69","650.98"
"24/07/2025 08:00:00 - 24/07/2025 09:00:00","Belgium (BE)","1596.93","1425.64","1445.72","1354.87"
"24/07/2025 09:00:00 - 24/07/2025 10:00:00","Belgium (BE)","2630.54","2391.33","2420.12","1948.65"
"24/07/2025 10:00:00 - 24/07/2025 11:00:00","Belgium (BE)","3473.63","3185.10","2835.30","2732.02"
"24/07/2025 11:00:00 - 24/07/2025 12:00:00","Belgium (BE)","4199.86","3814.08","3489.73","3446.46"
"24/07/2025 12:00:00 - 24/07/2025 13:00:00","Belgium (BE)","4788.18","4285.93","3976.42","4090.31"
"24/07/2025 13:00:00 - 24/07/2025 14:00:00","Belgium (BE)","5062.72","4441.90","4186.56","4408.20"
"24/07/2025 14:00:00 - 24/07/2025 15:00:00","Belgium (BE)","5028.67","4477.88","4531.64","4363.59"
"24/07/2025 15:00:00 - 24/07/2025 16:00:00","Belgium (BE)","4709.66","4294.67","4275.50","3783.95"
"24/07/2025 16:00:00 - 24/07/2025 17:00:00","Belgium (BE)","4075.84","3835.82","3510.43","3250.26"
"24/07/2025 17:00:00 - 24/07/2025 18:00:00","Belgium (BE)","3213.61","3120.16","2893.56","2683.48"
"24/07/2025 18:00:00 - 24/07/2025 19:00:00","Belgium (BE)","2203.51","2232.88","2046.11","1917.06"
"24/07/2025 19:00:00 - 24/07/2025 20:00:00","Belgium (BE)","1191.47","1244.84","1157.03","1112.90"
"24/07/2025 20:00:00 - 24/07/2025 21:00:00","Belgium (BE)","454.44","478.26","447.86","430.46"
"24/07/2025 21:00:00 - 24/07/2025 22:00:00","Belgium (BE)","52.72","56.66","56.17","54.42"
"24/07/2025 22:00:00 - 24/07/2025 23:00:00","Belgium (BE)","0.00","0.00","0.00","0.00"
"24/07/2025 23:00:00 - 25/07/2025 00:00:00","Belgium (BE)","0.00","0.00","0.00","0.00"
"25/07/2025 00:00:00 - 25/07/2025 01:00:00","Belgium (BE)","0.00","0.00","0.00","0.00"
"25/07/2025 01:00:00 - 25/07/2025 02:00:00","Belgium (BE)","0.00","0.00","0.00","0.00"
"25/07/2025 02:00:00 - 25/07/2025 03:00:00","Belgium (BE)","0.00","0.00","0.00","0.00"
"25/07/2025 03:00:00 - 25/07/2025 04:00:00","Belgium (BE)","0.00","0.00","0.00","0.00"
"25/07/2025 04:00:00 - 25/07/2025 05:00:00","Belgium (BE)","0.00","0.00","0.00","0.00"
"25/07/2025 05:00:00 - 25/07/2025 06:00:00","Belgium (BE)","0.01","0.01","0.01","0.00"
"25/07/2025 06:00:00 - 25/07/2025 07:00:00","Belgium (BE)","124.03","135.25","135.25","94.59"
"25/07/2025 07:00:00 - 25/07/2025 08:00:00","Belgium (BE)","598.12","616.55","616.55","682.22"
"25/07/2025 08:00:00 - 25/07/2025 09:00:00","Belgium (BE)","1564.44","1607.09","1626.53","1573.44"
"25/07/2025 09:00:00 - 25/07/2025 10:00:00","Belgium (BE)","2452.17","2662.95","2668.18","2329.76"
"25/07/2025 10:00:00 - 25/07/2025 11:00:00","Belgium (BE)","3020.91","3340.79","3136.56","2860.09"
"25/07/2025 11:00:00 - 25/07/2025 12:00:00","Belgium (BE)","3511.50","3851.68","3467.48","3334.08"
"25/07/2025 12:00:00 - 25/07/2025 13:00:00","Belgium (BE)","3955.19","4270.67","3709.58","3545.74"
"25/07/2025 13:00:00 - 25/07/2025 14:00:00","Belgium (BE)","4160.61","4277.85","3697.08","3656.81"
"25/07/2025 14:00:00 - 25/07/2025 15:00:00","Belgium (BE)","4028.41","4054.54","3695.08","3889.15"
"25/07/2025 15:00:00 - 25/07/2025 16:00:00","Belgium (BE)","3729.97","3798.64","3785.98","4065.83"
"25/07/2025 16:00:00 - 25/07/2025 17:00:00","Belgium (BE)","3464.12","3533.33","3747.16","3628.90"
"25/07/2025 17:00:00 - 25/07/2025 18:00:00","Belgium (BE)","3114.52","3090.22","3175.40","2984.81"
"25/07/2025 18:00:00 - 25/07/2025 19:00:00","Belgium (BE)","2221.65","2241.17","2150.19","2229.21"
"25/07/2025 19:00:00 - 25/07/2025 20:00:00","Belgium (BE)","1241.76","1255.50","1250.11","1377.47"
"25/07/2025 20:00:00 - 25/07/2025 21:00:00","Belgium (BE)","463.18","466.22","479.85","546.55"
"25/07/2025 21:00:00 - 25/07/2025 22:00:00","Belgium (BE)","53.56","54.07","58.13","63.88"
"25/07/2025 22:00:00 - 25/07/2025 23:00:00","Belgium (BE)","0.00","0.00","0.00","0.00"
"25/07/2025 23:00:00 - 26/07/2025 00:00:00","Belgium (BE)","0.00","0.00","0.00","0.00"
"26/07/2025 00:00:00 - 26/07/2025 01:00:00","Belgium (BE)","0.00","0.00","0.00","0.00"
"26/07/2025 01:00:00 - 26/07/2025 02:00:00","Belgium (BE)","0.00","0.00","0.00","0.00"
"26/07/2025 02:00:00 - 26/07/2025 03:00:00","Belgium (BE)","0.00","0.00","0.00","0.00"
"26/07/2025 03:00:00 - 26/07/2025 04:00:00","Belgium (BE)","0.00","0.00","0.00","0.00"
"26/07/2025 04:00:00 - 26/07/2025 05:00:00","Belgium (BE)","0.00","0.00","0.00","0.00"
"26/07/2025 05:00:00 - 26/07/2025 06:00:00","Belgium (BE)","0.00","0.00","0.00","0.00"
"26/07/2025 06:00:00 - 26/07/2025 07:00:00","Belgium (BE)","143.38","142.99","142.99","94.37"
"26/07/2025 07:00:00 - 26/07/2025 08:00:00","Belgium (BE)","665.73","614.77","614.77","650.72"
"26/07/2025 08:00:00 - 26/07/2025 09:00:00","Belgium (BE)","1701.70","1692.62","1698.86","1594.85"
"26/07/2025 09:00:00 - 26/07/2025 10:00:00","Belgium (BE)","2895.40","3044.06","2903.63","2891.70"
"26/07/2025 10:00:00 - 26/07/2025 11:00:00","Belgium (BE)","3950.00","4226.73","4004.50","4338.39"
"26/07/2025 11:00:00 - 26/07/2025 12:00:00","Belgium (BE)","4676.80","5005.06","4939.77","5388.57"
"26/07/2025 12:00:00 - 26/07/2025 13:00:00","Belgium (BE)","4893.74","5144.50","5441.50","5498.44"
"26/07/2025 13:00:00 - 26/07/2025 14:00:00","Belgium (BE)","4771.06","4894.69","5102.07","4791.82"
"26/07/2025 14:00:00 - 26/07/2025 15:00:00","Belgium (BE)","4459.74","4535.74","4524.33","4189.16"
"26/07/2025 15:00:00 - 26/07/2025 16:00:00","Belgium (BE)","4074.92","4042.08","3984.97","4024.06"
"26/07/2025 16:00:00 - 26/07/2025 17:00:00","Belgium (BE)","3467.71","3428.47","3474.17","3460.56"
"26/07/2025 17:00:00 - 26/07/2025 18:00:00","Belgium (BE)","2678.33","2608.08","2665.71","2319.42"
"26/07/2025 18:00:00 - 26/07/2025 19:00:00","Belgium (BE)","1842.48","1759.93","1714.83","1487.14"
"26/07/2025 19:00:00 - 26/07/2025 20:00:00","Belgium (BE)","1047.61","1053.03","987.03","848.24"
"26/07/2025 20:00:00 - 26/07/2025 21:00:00","Belgium (BE)","403.70","409.76","390.76","253.23"
"26/07/2025 21:00:00 - 26/07/2025 22:00:00","Belgium (BE)","39.59","39.30","34.79","18.10"
"26/07/2025 22:00:00 - 26/07/2025 23:00:00","Belgium (BE)","0.00","0.00","0.00","0.00"
"26/07/2025 23:00:00 - 27/07/2025 00:00:00","Belgium (BE)","0.00","0.00","0.00","0.00"
"27/07/2025 00:00:00 - 27/07/2025 01:00:00","Belgium (BE)","0.00","0.00","0.00","0.00"
"27/07/2025 01:00:00 - 27/07/2025 02:00:00","Belgium (BE)","0.00","0.00","0.00","0.00"
"27/07/2025 02:00:00 - 27/07/2025 03:00:00","Belgium (BE)","0.00","0.00","0.00","0.00"
"27/07/2025 03:00:00 - 27/07/2025 04:00:00","Belgium (BE)","0.00","0.00","0.00","0.00"
"27/07/2025 04:00:00 - 27/07/2025 05:00:00","Belgium (BE)","0.00","0.00","0.00","0.00"
"27/07/2025 05:00:00 - 27/07/2025 06:00:00","Belgium (BE)","0.00","0.00","0.00","0.00"
"27/07/2025 06:00:00 - 27/07/2025 07:00:00","Belgium (BE)","82.08","90.32","90.32","74.64"
"27/07/2025 07:00:00 - 27/07/2025 08:00:00","Belgium (BE)","463.14","473.24","473.24","498.92"
"27/07/2025 08:00:00 - 27/07/2025 09:00:00","Belgium (BE)","1006.20","967.43","939.57","992.51"
"27/07/2025 09:00:00 - 27/07/2025 10:00:00","Belgium (BE)","1662.19","1494.91","1534.39","1523.65"
"27/07/2025 10:00:00 - 27/07/2025 11:00:00","Belgium (BE)","2338.70","2046.94","2041.14","2186.89"
"27/07/2025 11:00:00 - 27/07/2025 12:00:00","Belgium (BE)","3005.65","2590.13","2752.15","2673.40"
"27/07/2025 12:00:00 - 27/07/2025 13:00:00","Belgium (BE)","3542.14","3005.90","3029.98","3263.46"
"27/07/2025 13:00:00 - 27/07/2025 14:00:00","Belgium (BE)","3802.46","3085.97","3475.31","3262.76"
"27/07/2025 14:00:00 - 27/07/2025 15:00:00","Belgium (BE)","3777.10","3080.28","3162.48","3166.65"
"27/07/2025 15:00:00 - 27/07/2025 16:00:00","Belgium (BE)","3443.65","2972.82","2816.46","3092.85"
"27/07/2025 16:00:00 - 27/07/2025 17:00:00","Belgium (BE)","3058.17","2652.08","2603.61","2384.20"
"27/07/2025 17:00:00 - 27/07/2025 18:00:00","Belgium (BE)","2596.70","2158.32","1857.92","1647.47"
"27/07/2025 18:00:00 - 27/07/2025 19:00:00","Belgium (BE)","1848.39","1576.75","1201.29","1188.64"
"27/07/2025 19:00:00 - 27/07/2025 20:00:00","Belgium (BE)","1083.12","977.88","783.90","585.76"
"27/07/2025 20:00:00 - 27/07/2025 21:00:00","Belgium (BE)","417.57","388.40","291.67","167.17"
"27/07/2025 21:00:00 - 27/07/2025 22:00:00","Belgium (BE)","38.29","34.21","27.11","8.81"
"27/07/2025 22:00:00 - 27/07/2025 23:00:00","Belgium (BE)","0.00","0.00","0.00","0.00"
"27/07/2025 23:00:00 - 28/07/2025 00:00:00","Belgium (BE)","0.00","0.00","0.00","0.00"
"28/07/2025 00:00:00 - 28/07/2025 01:00:00","Belgium (BE)","0.00","0.00","0.00","0.00"
"28/07/2025 01:00:00 - 28/07/2025 02:00:00","Belgium (BE)","0.00","0.00","0.00","0.00"
"28/07/2025 02:00:00 - 28/07/2025 03:00:00","Belgium (BE)","0.00","0.00","0.00","0.00"
"28/07/2025 03:00:00 - 28/07/2025 04:00:00","Belgium (BE)","0.00","0.00","0.00","0.00"
"28/07/2025 04:00:00 - 28/07/2025 05:00:00","Belgium (BE)","0.00","0.00","0.00","0.00"
"28/07/2025 05:00:00 - 28/07/2025 06:00:00","Belgium (BE)","0.00","0.00","0.00","0.00"
"28/07/2025 06:00:00 - 28/07/2025 07:00:00","Belgium (BE)","120.10","122.85","122.85","48.17"
"28/07/2025 07:00:00 - 28/07/2025 08:00:00","Belgium (BE)","619.02","595.00","595.00","433.17"
"28/07/2025 08:00:00 - 28/07/2025 09:00:00","Belgium (BE)","1518.06","1451.43","1325.24","1158.74"
"28/07/2025 09:00:00 - 28/07/2025 10:00:00","Belgium (BE)","2468.25","2356.66","2134.75","1990.70"
"28/07/2025 10:00:00 - 28/07/2025 11:00:00","Belgium (BE)","3164.53","3024.19","2800.96","2626.01"
"28/07/2025 11:00:00 - 28/07/2025 12:00:00","Belgium (BE)","3776.86","3629.09","3160.52","3095.32"
"28/07/2025 12:00:00 - 28/07/2025 13:00:00","Belgium (BE)","3934.41","3875.53","3438.57","3755.04"
"28/07/2025 13:00:00 - 28/07/2025 14:00:00","Belgium (BE)","4007.53","4014.87","3904.95","4146.55"
"28/07/2025 14:00:00 - 28/07/2025 15:00:00","Belgium (BE)","4085.99","4164.08","4185.89","4113.39"
"28/07/2025 15:00:00 - 28/07/2025 16:00:00","Belgium (BE)","4051.63","4126.18","4050.04","3931.96"
"28/07/2025 16:00:00 - 28/07/2025 17:00:00","Belgium (BE)","3832.77","3908.58","3594.19","3611.54"
"28/07/2025 17:00:00 - 28/07/2025 18:00:00","Belgium (BE)","3298.52","3389.34","3061.27","3310.39"
"28/07/2025 18:00:00 - 28/07/2025 19:00:00","Belgium (BE)","2460.13","2469.09","2446.40","2409.83"
"28/07/2025 19:00:00 - 28/07/2025 20:00:00","Belgium (BE)","1267.69","1275.45","1278.25","1372.13"
"28/07/2025 20:00:00 - 28/07/2025 21:00:00","Belgium (BE)","403.23","404.13","417.61","439.78"
"28/07/2025 21:00:00 - 28/07/2025 22:00:00","Belgium (BE)","43.51","43.95","46.72","23.47"
"28/07/2025 22:00:00 - 28/07/2025 23:00:00","Belgium (BE)","0.00","0.00","0.00","0.00"
"28/07/2025 23:00:00 - 29/07/2025 00:00:00","Belgium (BE)","0.00","0.00","0.00","0.00"
"29/07/2025 00:00:00 - 29/07/2025 01:00:00","Belgium (BE)","0.00","0.00","0.00","0.00"
"29/07/2025 01:00:00 - 29/07/2025 02:00:00","Belgium (BE)","0.00","0.00","0.00","0.00"
"29/07/2025 02:00:00 - 29/07/2025 03:00:00","Belgium (BE)","0.00","0.00","0.00","0.00"
"29/07/2025 03:00:00 - 29/07/2025 04:00:00","Belgium (BE)","0.00","0.00","0.00","0.00"
"29/07/2025 04:00:00 - 29/07/2025 05:00:00","Belgium (BE)","0.00","0.00","0.00","0.00"
"29/07/2025 05:00:00 - 29/07/2025 06:00:00","Belgium (BE)","0.00","0.00","0.00","0.00"
"29/07/2025 06:00:00 - 29/07/2025 07:00:00","Belgium (BE)","125.60","121.93","121.93","81.27"
"29/07/2025 07:00:00 - 29/07/2025 08:00:00","Belgium (BE)","646.17","590.44","590.44","694.99"
"29/07/2025 08:00:00 - 29/07/2025 09:00:00","Belgium (BE)","1636.12","1664.34","1706.90","1531.90"
"29/07/2025 09:00:00 - 29/07/2025 10:00:00","Belgium (BE)","2711.81","2962.15","2836.64","2544.78"
"29/07/2025 10:00:00 - 29/07/2025 11:00:00","Belgium (BE)","3488.73","3835.89","3477.73","3472.14"
"29/07/2025 11:00:00 - 29/07/2025 12:00:00","Belgium (BE)","4154.09","4504.76","3995.43","4201.31"
"29/07/2025 12:00:00 - 29/07/2025 13:00:00","Belgium (BE)","4305.62","4530.01","4360.10","3896.09"
"29/07/2025 13:00:00 - 29/07/2025 14:00:00","Belgium (BE)","3995.98","4021.15","3593.60","3502.29"
"29/07/2025 14:00:00 - 29/07/2025 15:00:00","Belgium (BE)","3916.35","3758.18","3323.54","3191.96"
"29/07/2025 15:00:00 - 29/07/2025 16:00:00","Belgium (BE)","3722.98","3604.63","3084.40","2773.74"
"29/07/2025 16:00:00 - 29/07/2025 17:00:00","Belgium (BE)","3141.77","3174.04","2537.38","2363.40"
"29/07/2025 17:00:00 - 29/07/2025 18:00:00","Belgium (BE)","2428.00","2656.06","1997.53","1964.39"
"29/07/2025 18:00:00 - 29/07/2025 19:00:00","Belgium (BE)","1694.09","1937.71","1665.67","1589.05"
"29/07/2025 19:00:00 - 29/07/2025 20:00:00","Belgium (BE)","1040.03","1111.62","1043.49","921.09"
"29/07/2025 20:00:00 - 29/07/2025 21:00:00","Belgium (BE)","382.52","404.95","370.91","291.88"
"29/07/2025 21:00:00 - 29/07/2025 22:00:00","Belgium (BE)","32.88","35.06","30.94","26.15"
"29/07/2025 22:00:00 - 29/07/2025 23:00:00","Belgium (BE)","0.00","0.00","0.00","0.00"
"29/07/2025 23:00:00 - 30/07/2025 00:00:00","Belgium (BE)","0.00","0.00","0.00","0.00"
"30/07/2025 00:00:00 - 30/07/2025 01:00:00","Belgium (BE)","0.00","0.00","0.00","0.00"
"30/07/2025 01:00:00 - 30/07/2025 02:00:00","Belgium (BE)","0.00","0.00","0.00","0.00"
"30/07/2025 02:00:00 - 30/07/2025 03:00:00","Belgium (BE)","0.00","0.00","0.00","0.00"
"30/07/2025 03:00:00 - 30/07/2025 04:00:00","Belgium (BE)","0.00","0.00","0.00","0.00"
"30/07/2025 04:00:00 - 30/07/2025 05:00:00","Belgium (BE)","0.00","0.00","0.00","0.00"
"30/07/2025 05:00:00 - 30/07/2025 06:00:00","Belgium (BE)","0.00","0.00","0.00","0.00"
"30/07/2025 06:00:00 - 30/07/2025 07:00:00","Belgium (BE)","105.28","102.49","102.49","61.65"
"30/07/2025 07:00:00 - 30/07/2025 08:00:00","Belgium (BE)","568.06","535.30","535.30","461.52"
"30/07/2025 08:00:00 - 30/07/2025 09:00:00","Belgium (BE)","1447.09","1328.01","1204.19","1089.83"
"30/07/2025 09:00:00 - 30/07/2025 10:00:00","Belgium (BE)","2380.73","2170.31","1963.93","1905.10"
"30/07/2025 10:00:00 - 30/07/2025 11:00:00","Belgium (BE)","2998.37","2816.19","2650.14","2599.68"
"30/07/2025 11:00:00 - 30/07/2025 12:00:00","Belgium (BE)","3500.52","3482.22","3339.97","3284.22"
"30/07/2025 12:00:00 - 30/07/2025 13:00:00","Belgium (BE)","4053.64","3909.96","3954.47","4112.06"
"30/07/2025 13:00:00 - 30/07/2025 14:00:00","Belgium (BE)","4562.77","4476.12","4653.91","4800.47"
"30/07/2025 14:00:00 - 30/07/2025 15:00:00","Belgium (BE)","4815.94","4890.32","5270.98","5020.92"
"30/07/2025 15:00:00 - 30/07/2025 16:00:00","Belgium (BE)","4876.77","5023.47","5201.67","5134.03"
"30/07/2025 16:00:00 - 30/07/2025 17:00:00","Belgium (BE)","4558.72","4780.09","4657.31","4820.30"
"30/07/2025 17:00:00 - 30/07/2025 18:00:00","Belgium (BE)","3850.99","3952.64","3941.18","4029.31"
"30/07/2025 18:00:00 - 30/07/2025 19:00:00","Belgium (BE)","2657.79","2619.27","2714.70","2771.83"
"30/07/2025 19:00:00 - 30/07/2025 20:00:00","Belgium (BE)","1246.99","1201.69","1242.98","1507.76"
"30/07/2025 20:00:00 - 30/07/2025 21:00:00","Belgium (BE)","358.98","340.04","364.23","441.89"
"30/07/2025 21:00:00 - 30/07/2025 22:00:00","Belgium (BE)","37.03","35.07","39.06","17.88"
"30/07/2025 22:00:00 - 30/07/2025 23:00:00","Belgium (BE)","0.00","0.00","0.00","0.00"
"30/07/2025 23:00:00 - 31/07/2025 00:00:00","Belgium (BE)","0.00","0.00","0.00","0.00"
"31/07/2025 00:00:00 - 31/07/2025 01:00:00","Belgium (BE)","0.00","0.00","0.00","0.00"
"31/07/2025 01:00:00 - 31/07/2025 02:00:00","Belgium (BE)","0.00","0.00","0.00","0.00"
"31/07/2025 02:00:00 - 31/07/2025 03:00:00","Belgium (BE)","0.00","0.00","0.00","0.00"
"31/07/2025 03:00:00 - 31/07/2025 04:00:00","Belgium (BE)","0.00","0.00","0.00","0.00"
"31/07/2025 04:00:00 - 31/07/2025 05:00:00","Belgium (BE)","0.00","0.00","0.00","0.00"
"31/07/2025 05:00:00 - 31/07/2025 06:00:00","Belgium (BE)","0.00","0.00","0.00","0.00"
"31/07/2025 06:00:00 - 31/07/2025 07:00:00","Belgium (BE)","95.90","104.05","104.05","40.16"
"31/07/2025 07:00:00 - 31/07/2025 08:00:00","Belgium (BE)","554.75","562.81","562.81","556.14"
"31/07/2025 08:00:00 - 31/07/2025 09:00:00","Belgium (BE)","1267.26","1439.13","1431.27","1271.37"
"31/07/2025 09:00:00 - 31/07/2025 10:00:00","Belgium (BE)","2060.44","2396.84","2280.96","2167.31"
"31/07/2025 10:00:00 - 31/07/2025 11:00:00","Belgium (BE)","2728.43","3036.00","2990.12","3080.43"
"31/07/2025 11:00:00 - 31/07/2025 12:00:00","Belgium (BE)","3026.45","3432.28","3333.30","3547.89"
"31/07/2025 12:00:00 - 31/07/2025 13:00:00","Belgium (BE)","3046.71","3322.62","3375.00","3216.20"
"31/07/2025 13:00:00 - 31/07/2025 14:00:00","Belgium (BE)","2981.96","2950.26","2565.66","2754.77"
"31/07/2025 14:00:00 - 31/07/2025 15:00:00","Belgium (BE)","2833.97","2492.46","2388.98","2231.39"
"31/07/2025 15:00:00 - 31/07/2025 16:00:00","Belgium (BE)","2525.95","2063.23","1725.74","1696.61"
"31/07/2025 16:00:00 - 31/07/2025 17:00:00","Belgium (BE)","2046.89","1649.36","1322.60","1225.45"
"31/07/2025 17:00:00 - 31/07/2025 18:00:00","Belgium (BE)","1469.13","1274.17","1042.90","820.62"
"31/07/2025 18:00:00 - 31/07/2025 19:00:00","Belgium (BE)","990.58","845.95","708.62","511.46"
"31/07/2025 19:00:00 - 31/07/2025 20:00:00","Belgium (BE)","541.41","486.37","407.88","353.04"
"31/07/2025 20:00:00 - 31/07/2025 21:00:00","Belgium (BE)","189.99","174.49","167.79","144.09"
"31/07/2025 21:00:00 - 31/07/2025 22:00:00","Belgium (BE)","12.29","11.48","12.29","8.51"
"31/07/2025 22:00:00 - 31/07/2025 23:00:00","Belgium (BE)","0.00","0.00","0.00","0.00"
"31/07/2025 23:00:00 - 01/08/2025 00:00:00","Belgium (BE)","0.00","0.00","0.00","0.00"
"01/08/2025 00:00:00 - 01/08/2025 01:00:00","Belgium (BE)","0.00","0.00","0.00","0.00"
"01/08/2025 01:00:00 - 01/08/2025 02:00:00","Belgium (BE)","0.00","0.00","0.00","0.00"
"01/08/2025 02:00:00 - 01/08/2025 03:00:00","Belgium (BE)","0.00","0.00","0.00","0.00"
"01/08/2025 03:00:00 - 01/08/2025 04:00:00","Belgium (BE)","0.00","0.00","0.00","0.00"
"01/08/2025 04:00:00 - 01/08/2025 05:00:00","Belgium (BE)","0.00","0.00","0.00","0.00"
"01/08/2025 05:00:00 - 01/08/2025 06:00:00","Belgium (BE)","0.00","0.00","0.00","0.00"
"01/08/2025 06:00:00 - 01/08/2025 07:00:00","Belgium (BE)","100.08","88.36","88.36","47.44"
"01/08/2025 07:00:00 - 01/08/2025 08:00:00","Belgium (BE)","607.40","542.55","542.55","539.75"
"01/08/2025 08:00:00 - 01/08/2025 09:00:00","Belgium (BE)","1343.85","1326.72","1312.84","1440.43"
"01/08/2025 09:00:00 - 01/08/2025 10:00:00","Belgium (BE)","2138.29","2258.33","2307.32","2496.17"
"01/08/2025 10:00:00 - 01/08/2025 11:00:00","Belgium (BE)","2836.84","3111.10","3268.83","3451.96"
"01/08/2025 11:00:00 - 01/08/2025 12:00:00","Belgium (BE)","3585.16","3738.46","3904.84","4022.44"
"01/08/2025 12:00:00 - 01/08/2025 13:00:00","Belgium (BE)","3918.15","3807.95","4239.13","4368.09"
"01/08/2025 13:00:00 - 01/08/2025 14:00:00","Belgium (BE)","4015.83","3963.36","4454.00","4454.06"
"01/08/2025 14:00:00 - 01/08/2025 15:00:00","Belgium (BE)","4066.45","4061.45","4276.65","4637.16"
"01/08/2025 15:00:00 - 01/08/2025 16:00:00","Belgium (BE)","3860.35","3707.22","3852.33","4667.43"
"01/08/2025 16:00:00 - 01/08/2025 17:00:00","Belgium (BE)","3178.09","3190.48","3607.15","3850.14"
"01/08/2025 17:00:00 - 01/08/2025 18:00:00","Belgium (BE)","2427.59","2481.40","2929.22","2793.99"
"01/08/2025 18:00:00 - 01/08/2025 19:00:00","Belgium (BE)","1741.55","1797.10","1978.83","1774.96"
"01/08/2025 19:00:00 - 01/08/2025 20:00:00","Belgium (BE)","1021.27","1046.43","1087.41","858.41"
"01/08/2025 20:00:00 - 01/08/2025 21:00:00","Belgium (BE)","345.68","358.88","335.23","261.82"
"01/08/2025 21:00:00 - 01/08/2025 22:00:00","Belgium (BE)","23.42","23.37","22.34","12.36"
"01/08/2025 22:00:00 - 01/08/2025 23:00:00","Belgium (BE)","0.00","0.00","0.00","0.00"
"01/08/2025 23:00:00 - 02/08/2025 00:00:00","Belgium (BE)","0.00","0.00","0.00","0.00"
"02/08/2025 00:00:00 - 02/08/2025 01:00:00","Belgium (BE)","0.00","0.00","0.00","0.00"
"02/08/2025 01:00:00 - 02/08/2025 02:00:00","Belgium (BE)","0.00","0.00","0.00","0.00"
"02/08/2025 02:00:00 - 02/08/2025 03:00:00","Belgium (BE)","0.00","0.00","0.00","0.00"
"02/08/2025 03:00:00 - 02/08/2025 04:00:00","Belgium (BE)","0.00","0.00","0.00","0.00"
"02/08/2025 04:00:00 - 02/08/2025 05:00:00","Belgium (BE)","0.00","0.00","0.00","0.00"
"02/08/2025 05:00:00 - 02/08/2025 06:00:00","Belgium (BE)","0.00","0.00","0.00","0.00"
"02/08/2025 06:00:00 - 02/08/2025 07:00:00","Belgium (BE)","54.89","53.34","53.34","38.63"
"02/08/2025 07:00:00 - 02/08/2025 08:00:00","Belgium (BE)","353.48","351.03","351.03","378.41"
"02/08/2025 08:00:00 - 02/08/2025 09:00:00","Belgium (BE)","771.47","749.31","787.27","913.15"
"02/08/2025 09:00:00 - 02/08/2025 10:00:00","Belgium (BE)","1266.71","1188.48","1320.09","1471.35"
"02/08/2025 10:00:00 - 02/08/2025 11:00:00","Belgium (BE)","1709.87","1638.52","1817.59","2034.25"
"02/08/2025 11:00:00 - 02/08/2025 12:00:00","Belgium (BE)","2140.09","2132.11","2222.09","2632.54"
"02/08/2025 12:00:00 - 02/08/2025 13:00:00","Belgium (BE)","2622.85","2482.05","2989.82","2990.77"
"02/08/2025 13:00:00 - 02/08/2025 14:00:00","Belgium (BE)","2977.84","2860.79","3408.80","3583.95"
"02/08/2025 14:00:00 - 02/08/2025 15:00:00","Belgium (BE)","3230.39","3169.42","3548.00","3648.47"
"02/08/2025 15:00:00 - 02/08/2025 16:00:00","Belgium (BE)","3487.13","3456.17","3750.12","3801.74"
"02/08/2025 16:00:00 - 02/08/2025 17:00:00","Belgium (BE)","3414.95","3337.01","3619.95","3395.56"
"02/08/2025 17:00:00 - 02/08/2025 18:00:00","Belgium (BE)","3007.36","2839.58","2788.94","3047.19"
"02/08/2025 18:00:00 - 02/08/2025 19:00:00","Belgium (BE)","2175.69","2062.43","2126.16","1881.50"
"02/08/2025 19:00:00 - 02/08/2025 20:00:00","Belgium (BE)","1141.12","1094.68","1039.47","806.80"
"02/08/2025 20:00:00 - 02/08/2025 21:00:00","Belgium (BE)","360.78","360.82","322.84","266.67"
"02/08/2025 21:00:00 - 02/08/2025 22:00:00","Belgium (BE)","23.59","21.69","19.17","21.15"
"02/08/2025 22:00:00 - 02/08/2025 23:00:00","Belgium (BE)","0.00","0.00","0.00","0.00"
"02/08/2025 23:00:00 - 03/08/2025 00:00:00","Belgium (BE)","0.00","0.00","0.00","0.00"
"03/08/2025 00:00:00 - 03/08/2025 01:00:00","Belgium (BE)","0.00","0.00","0.00","0.00"
"03/08/2025 01:00:00 - 03/08/2025 02:00:00","Belgium (BE)","0.00","0.00","0.00","0.00"
"03/08/2025 02:00:00 - 03/08/2025 03:00:00","Belgium (BE)","0.00","0.00","0.00","0.00"
"03/08/2025 03:00:00 - 03/08/2025 04:00:00","Belgium (BE)","0.00","0.00","0.00","0.00"
"03/08/2025 04:00:00 - 03/08/2025 05:00:00","Belgium (BE)","0.00","0.00","0.00","0.00"
"03/08/2025 05:00:00 - 03/08/2025 06:00:00","Belgium (BE)","0.00","0.00","0.00","0.00"
"03/08/2025 06:00:00 - 03/08/2025 07:00:00","Belgium (BE)","94.43","90.62","90.62","43.97"
"03/08/2025 07:00:00 - 03/08/2025 08:00:00","Belgium (BE)","542.46","530.66","530.66","664.16"
"03/08/2025 08:00:00 - 03/08/2025 09:00:00","Belgium (BE)","1736.56","1683.08","1757.55","1845.81"
"03/08/2025 09:00:00 - 03/08/2025 10:00:00","Belgium (BE)","3349.72","3310.50","3393.04","3372.36"
"03/08/2025 10:00:00 - 03/08/2025 11:00:00","Belgium (BE)","4857.26","4860.86","4877.01","4879.21"
"03/08/2025 11:00:00 - 03/08/2025 12:00:00","Belgium (BE)","5447.94","5629.47","5711.80","5563.32"
"03/08/2025 12:00:00 - 03/08/2025 13:00:00","Belgium (BE)","5444.24","5619.82","5692.55","5294.64"
"03/08/2025 13:00:00 - 03/08/2025 14:00:00","Belgium (BE)","5238.27","5298.89","4955.28","5287.26"
"03/08/2025 14:00:00 - 03/08/2025 15:00:00","Belgium (BE)","4854.84","4842.20","4644.18","5057.47"
"03/08/2025 15:00:00 - 03/08/2025 16:00:00","Belgium (BE)","4289.77","4344.29","4268.25","4702.14"
"03/08/2025 16:00:00 - 03/08/2025 17:00:00","Belgium (BE)","3276.87","3376.59","3938.58","3993.56"
"03/08/2025 17:00:00 - 03/08/2025 18:00:00","Belgium (BE)","2352.06","2287.04","2896.24","2984.72"
"03/08/2025 18:00:00 - 03/08/2025 19:00:00","Belgium (BE)","1603.82","1475.62","1713.76","1682.44"
"03/08/2025 19:00:00 - 03/08/2025 20:00:00","Belgium (BE)","866.21","769.27","836.23","486.23"
"03/08/2025 20:00:00 - 03/08/2025 21:00:00","Belgium (BE)","283.31","255.15","225.64","76.93"
"03/08/2025 21:00:00 - 03/08/2025 22:00:00","Belgium (BE)","13.37","10.93","9.60","0.23"
"03/08/2025 22:00:00 - 03/08/2025 23:00:00","Belgium (BE)","0.00","0.00","0.00","0.00"
"03/08/2025 23:00:00 - 04/08/2025 00:00:00","Belgium (BE)","0.00","0.00","0.00","0.00"
"04/08/2025 00:00:00 - 04/08/2025 01:00:00","Belgium (BE)","0.00","0.00","0.00","0.00"
"04/08/2025 01:00:00 - 04/08/2025 02:00:00","Belgium (BE)","0.00","0.00","0.00","0.00"
"04/08/2025 02:00:00 - 04/08/2025 03:00:00","Belgium (BE)","0.00","0.00","0.00","0.00"
"04/08/2025 03:00:00 - 04/08/2025 04:00:00","Belgium (BE)","0.00","0.00","0.00","0.00"
"04/08/2025 04:00:00 - 04/08/2025 05:00:00","Belgium (BE)","0.00","0.00","0.00","0.00"
"04/08/2025 05:00:00 - 04/08/2025 06:00:00","Belgium (BE)","0.00","0.00","0.00","0.00"
"04/08/2025 06:00:00 - 04/08/2025 07:00:00","Belgium (BE)","52.76","46.43","46.43","21.41"
"04/08/2025 07:00:00 - 04/08/2025 08:00:00","Belgium (BE)","389.88","362.75","362.75","302.35"
"04/08/2025 08:00:00 - 04/08/2025 09:00:00","Belgium (BE)","982.33","877.85","894.24","865.31"
"04/08/2025 09:00:00 - 04/08/2025 10:00:00","Belgium (BE)","1801.85","1496.74","1623.96","1634.51"
"04/08/2025 10:00:00 - 04/08/2025 11:00:00","Belgium (BE)","2667.44","2294.00","2592.92","2782.31"
"04/08/2025 11:00:00 - 04/08/2025 12:00:00","Belgium (BE)","3453.52","3094.92","3730.64","4137.49"
"04/08/2025 12:00:00 - 04/08/2025 13:00:00","Belgium (BE)","3894.18","3739.38","4561.49","5449.82"
"04/08/2025 13:00:00 - 04/08/2025 14:00:00","Belgium (BE)","3864.82","3914.67","4829.68","5568.71"
"04/08/2025 14:00:00 - 04/08/2025 15:00:00","Belgium (BE)","3579.31","3580.81","4820.09","5351.35"
"04/08/2025 15:00:00 - 04/08/2025 16:00:00","Belgium (BE)","2985.70","2833.96","3944.74","4256.29"
"04/08/2025 16:00:00 - 04/08/2025 17:00:00","Belgium (BE)","2073.38","2173.88","2975.55","2831.04"
"04/08/2025 17:00:00 - 04/08/2025 18:00:00","Belgium (BE)","1564.43","1766.99","1900.82","1669.25"
"04/08/2025 18:00:00 - 04/08/2025 19:00:00","Belgium (BE)","1260.96","1274.78","1253.46","1151.62"
"04/08/2025 19:00:00 - 04/08/2025 20:00:00","Belgium (BE)","725.04","731.90","806.14","609.48"
"04/08/2025 20:00:00 - 04/08/2025 21:00:00","Belgium (BE)","233.45","243.42","243.86","113.52"
"04/08/2025 21:00:00 - 04/08/2025 22:00:00","Belgium (BE)","9.33","10.07","8.64","0.44"
"04/08/2025 22:00:00 - 04/08/2025 23:00:00","Belgium (BE)","0.00","0.00","0.00","0.00"
"04/08/2025 23:00:00 - 05/08/2025 00:00:00","Belgium (BE)","0.00","0.00","0.00","0.00"
"05/08/2025 00:00:00 - 05/08/2025 01:00:00","Belgium (BE)","0.00","0.00","0.00","0.00"
"05/08/2025 01:00:00 - 05/08/2025 02:00:00","Belgium (BE)","0.00","0.00","0.00","0.00"
"05/08/2025 02:00:00 - 05/08/2025 03:00:00","Belgium (BE)","0.00","0.00","0.00","0.00"
"05/08/2025 03:00:00 - 05/08/2025 04:00:00","Belgium (BE)","0.00","0.00","0.00","0.00"
"05/08/2025 04:00:00 - 05/08/2025 05:00:00","Belgium (BE)","0.00","0.00","0.00","0.00"
"05/08/2025 05:00:00 - 05/08/2025 06:00:00","Belgium (BE)","0.00","0.00","0.00","0.00"
"05/08/2025 06:00:00 - 05/08/2025 07:00:00","Belgium (BE)","73.46","62.41","62.41","10.54"
"05/08/2025 07:00:00 - 05/08/2025 08:00:00","Belgium (BE)","516.11","472.07","472.07","396.35"
"05/08/2025 08:00:00 - 05/08/2025 09:00:00","Belgium (BE)","1545.59","1389.76","1294.44","1536.11"
"05/08/2025 09:00:00 - 05/08/2025 10:00:00","Belgium (BE)","3006.05","2863.02","2908.00","3123.86"
"05/08/2025 10:00:00 - 05/08/2025 11:00:00","Belgium (BE)","4448.34","4349.45","4481.12","4256.62"
"05/08/2025 11:00:00 - 05/08/2025 12:00:00","Belgium (BE)","5614.17","5520.37","5393.60","4789.40"
"05/08/2025 12:00:00 - 05/08/2025 13:00:00","Belgium (BE)","6182.80","6117.41","5526.66","5459.23"
"05/08/2025 13:00:00 - 05/08/2025 14:00:00","Belgium (BE)","6357.65","6322.32","5863.92","5682.13"
"05/08/2025 14:00:00 - 05/08/2025 15:00:00","Belgium (BE)","6142.07","6152.00","5527.20","5464.04"
"05/08/2025 15:00:00 - 05/08/2025 16:00:00","Belgium (BE)","5523.91","5252.04","4932.75","4551.72"
"05/08/2025 16:00:00 - 05/08/2025 17:00:00","Belgium (BE)","4510.21","4300.05","3814.03","3724.36"
"05/08/2025 17:00:00 - 05/08/2025 18:00:00","Belgium (BE)","3415.03","3403.71","3056.34","2878.37"
"05/08/2025 18:00:00 - 05/08/2025 19:00:00","Belgium (BE)","2281.13","2372.73","2050.65","2123.93"
"05/08/2025 19:00:00 - 05/08/2025 20:00:00","Belgium (BE)","1120.47","1137.09","1080.65","1190.25"
"05/08/2025 20:00:00 - 05/08/2025 21:00:00","Belgium (BE)","312.87","294.40","306.34","350.97"
"05/08/2025 21:00:00 - 05/08/2025 22:00:00","Belgium (BE)","14.62","15.10","13.26","9.92"
"05/08/2025 22:00:00 - 05/08/2025 23:00:00","Belgium (BE)","0.00","0.00","0.00","0.00"
"05/08/2025 23:00:00 - 06/08/2025 00:00:00","Belgium (BE)","0.00","0.00","0.00","0.00"
"06/08/2025 00:00:00 - 06/08/2025 01:00:00","Belgium (BE)","0.00","0.00","0.00","0.00"
"06/08/2025 01:00:00 - 06/08/2025 02:00:00","Belgium (BE)","0.00","0.00","0.00","0.00"
"06/08/2025 02:00:00 - 06/08/2025 03:00:00","Belgium (BE)","0.00","0.00","0.00","0.00"
"06/08/2025 03:00:00 - 06/08/2025 04:00:00","Belgium (BE)","0.00","0.00","0.00","0.00"
"06/08/2025 04:00:00 - 06/08/2025 05:00:00","Belgium (BE)","0.00","0.00","0.00","0.00"
"06/08/2025 05:00:00 - 06/08/2025 06:00:00","Belgium (BE)","0.00","0.00","0.00","0.00"
"06/08/2025 06:00:00 - 06/08/2025 07:00:00","Belgium (BE)","75.93","70.01","70.01","55.17"
"06/08/2025 07:00:00 - 06/08/2025 08:00:00","Belgium (BE)","478.31","460.67","460.67","678.36"
"06/08/2025 08:00:00 - 06/08/2025 09:00:00","Belgium (BE)","1732.53","1704.18","1887.52","1733.54"
"06/08/2025 09:00:00 - 06/08/2025 10:00:00","Belgium (BE)","3316.01","3323.71","3333.74","3033.06"
"06/08/2025 10:00:00 - 06/08/2025 11:00:00","Belgium (BE)","4825.11","4808.70","4528.21","4462.22"
"06/08/2025 11:00:00 - 06/08/2025 12:00:00","Belgium (BE)","5734.36","5643.99","5375.62","5306.00"
"06/08/2025 12:00:00 - 06/08/2025 13:00:00","Belgium (BE)","5853.07","5711.36","5590.33","4948.47"
"06/08/2025 13:00:00 - 06/08/2025 14:00:00","Belgium (BE)","5704.15","5525.61","4956.60","5104.55"
"06/08/2025 14:00:00 - 06/08/2025 15:00:00","Belgium (BE)","5311.71","5112.78","4867.97","5218.31"
"06/08/2025 15:00:00 - 06/08/2025 16:00:00","Belgium (BE)","4921.04","4774.37","4739.26","5198.90"
"06/08/2025 16:00:00 - 06/08/2025 17:00:00","Belgium (BE)","4234.22","4363.40","4568.00","4480.41"
"06/08/2025 17:00:00 - 06/08/2025 18:00:00","Belgium (BE)","3322.51","3632.97","3712.94","3389.68"
"06/08/2025 18:00:00 - 06/08/2025 19:00:00","Belgium (BE)","2274.94","2410.65","2394.78","2070.84"
"06/08/2025 19:00:00 - 06/08/2025 20:00:00","Belgium (BE)","1077.14","1042.29","961.28","1122.31"
"06/08/2025 20:00:00 - 06/08/2025 21:00:00","Belgium (BE)","291.04","251.29","261.95","318.16"
"06/08/2025 21:00:00 - 06/08/2025 22:00:00","Belgium (BE)","11.22","10.51","11.54","6.11"
"06/08/2025 22:00:00 - 06/08/2025 23:00:00","Belgium (BE)","0.00","0.00","0.00","0.00"
"06/08/2025 23:00:00 - 07/08/2025 00:00:00","Belgium (BE)","0.00","0.00","0.00","0.00"
"07/08/2025 00:00:00 - 07/08/2025 01:00:00","Belgium (BE)","0.00","0.00","0.00","0.00"
"07/08/2025 01:00:00 - 07/08/2025 02:00:00","Belgium (BE)","0.00","0.00","0.00","0.00"
"07/08/2025 02:00:00 - 07/08/2025 03:00:00","Belgium (BE)","0.00","0.00","0.00","0.00"
"07/08/2025 03:00:00 - 07/08/2025 04:00:00","Belgium (BE)","0.00","0.00","0.00","0.00"
"07/08/2025 04:00:00 - 07/08/2025 05:00:00","Belgium (BE)","0.00","0.00","0.00","0.00"
"07/08/2025 05:00:00 - 07/08/2025 06:00:00","Belgium (BE)","0.00","0.00","0.00","0.00"
"07/08/2025 06:00:00 - 07/08/2025 07:00:00","Belgium (BE)","67.21","65.01","65.01","38.48"
"07/08/2025 07:00:00 - 07/08/2025 08:00:00","Belgium (BE)","494.58","476.65","476.65","559.27"
"07/08/2025 08:00:00 - 07/08/2025 09:00:00","Belgium (BE)","1622.40","1623.35","1698.65","1544.73"
"07/08/2025 09:00:00 - 07/08/2025 10:00:00","Belgium (BE)","3118.52","3159.25","3121.61","2763.85"
"07/08/2025 10:00:00 - 07/08/2025 11:00:00","Belgium (BE)","4560.06","4318.81","4156.65","4457.53"
"07/08/2025 11:00:00 - 07/08/2025 12:00:00","Belgium (BE)","5554.08","5082.84","5317.50","5639.10"
"07/08/2025 12:00:00 - 07/08/2025 13:00:00","Belgium (BE)","5962.78","5327.27","5910.78","6306.15"
"07/08/2025 13:00:00 - 07/08/2025 14:00:00","Belgium (BE)","6182.09","5324.82","6020.15","5828.38"
"07/08/2025 14:00:00 - 07/08/2025 15:00:00","Belgium (BE)","6022.64","5104.63","5610.69","4794.10"
"07/08/2025 15:00:00 - 07/08/2025 16:00:00","Belgium (BE)","5458.18","4633.21","4351.47","4172.73"
"07/08/2025 16:00:00 - 07/08/2025 17:00:00","Belgium (BE)","4664.39","3635.99","3440.01","3077.03"
"07/08/2025 17:00:00 - 07/08/2025 18:00:00","Belgium (BE)","3363.12","2606.85","2505.23","2158.05"
"07/08/2025 18:00:00 - 07/08/2025 19:00:00","Belgium (BE)","1943.80","1650.05","1437.06","1385.28"
"07/08/2025 19:00:00 - 07/08/2025 20:00:00","Belgium (BE)","910.81","819.74","739.88","659.02"
"07/08/2025 20:00:00 - 07/08/2025 21:00:00","Belgium (BE)","257.16","229.88","222.87","142.94"
"07/08/2025 21:00:00 - 07/08/2025 22:00:00","Belgium (BE)","6.44","5.85","6.03","0.92"
"07/08/2025 22:00:00 - 07/08/2025 23:00:00","Belgium (BE)","0.00","0.00","0.00","0.00"
"07/08/2025 23:00:00 - 08/08/2025 00:00:00","Belgium (BE)","0.00","0.00","0.00","0.00"
"08/08/2025 00:00:00 - 08/08/2025 01:00:00","Belgium (BE)","0.00","0.00","0.00","0.00"
"08/08/2025 01:00:00 - 08/08/2025 02:00:00","Belgium (BE)","0.00","0.00","0.00","0.00"
"08/08/2025 02:00:00 - 08/08/2025 03:00:00","Belgium (BE)","0.00","0.00","0.00","0.00"
"08/08/2025 03:00:00 - 08/08/2025 04:00:00","Belgium (BE)","0.00","0.00","0.00","0.00"
"08/08/2025 04:00:00 - 08/08/2025 05:00:00","Belgium (BE)","0.00","0.00","0.00","0.00"
"08/08/2025 05:00:00 - 08/08/2025 06:00:00","Belgium (BE)","0.00","0.00","0.00","0.00"
"08/08/2025 06:00:00 - 08/08/2025 07:00:00","Belgium (BE)","45.81","47.57","47.57","14.70"
"08/08/2025 07:00:00 - 08/08/2025 08:00:00","Belgium (BE)","439.60","461.44","461.44","318.43"
"08/08/2025 08:00:00 - 08/08/2025 09:00:00","Belgium (BE)","1135.16","1185.33","1090.90","862.99"
"08/08/2025 09:00:00 - 08/08/2025 10:00:00","Belgium (BE)","1912.72","2020.65","1726.93","1502.83"
"08/08/2025 10:00:00 - 08/08/2025 11:00:00","Belgium (BE)","2643.61","2834.79","2294.85","2107.60"
"08/08/2025 11:00:00 - 08/08/2025 12:00:00","Belgium (BE)","3491.21","3442.73","2757.50","2811.08"
"08/08/2025 12:00:00 - 08/08/2025 13:00:00","Belgium (BE)","4324.23","3865.48","3439.82","3170.25"
"08/08/2025 13:00:00 - 08/08/2025 14:00:00","Belgium (BE)","5026.11","4137.16","3759.77","3603.10"
"08/08/2025 14:00:00 - 08/08/2025 15:00:00","Belgium (BE)","5181.53","4117.79","3639.66","3890.48"
"08/08/2025 15:00:00 - 08/08/2025 16:00:00","Belgium (BE)","4821.65","3923.84","3637.37","3299.45"
"08/08/2025 16:00:00 - 08/08/2025 17:00:00","Belgium (BE)","4044.90","3662.42","3122.58","2542.66"
"08/08/2025 17:00:00 - 08/08/2025 18:00:00","Belgium (BE)","2911.16","2836.96","2052.84","1915.16"
"08/08/2025 18:00:00 - 08/08/2025 19:00:00","Belgium (BE)","1772.03","1827.73","1377.37","1301.59"
"08/08/2025 19:00:00 - 08/08/2025 20:00:00","Belgium (BE)","867.71","918.49","779.14","748.60"
"08/08/2025 20:00:00 - 08/08/2025 21:00:00","Belgium (BE)","240.59","254.61","229.23","323.47"
"08/08/2025 21:00:00 - 08/08/2025 22:00:00","Belgium (BE)","5.04","5.67","5.39","14.60"
"08/08/2025 22:00:00 - 08/08/2025 23:00:00","Belgium (BE)","0.00","0.00","0.00","0.00"
"08/08/2025 23:00:00 - 09/08/2025 00:00:00","Belgium (BE)","0.00","0.00","0.00","0.00"
"09/08/2025 00:00:00 - 09/08/2025 01:00:00","Belgium (BE)","0.00","0.00","0.00","0.00"
"09/08/2025 01:00:00 - 09/08/2025 02:00:00","Belgium (BE)","0.00","0.00","0.00","0.00"
"09/08/2025 02:00:00 - 09/08/2025 03:00:00","Belgium (BE)","0.00","0.00","0.00","0.00"
"09/08/2025 03:00:00 - 09/08/2025 04:00:00","Belgium (BE)","0.00","0.00","0.00","0.00"
"09/08/2025 04:00:00 - 09/08/2025 05:00:00","Belgium (BE)","0.00","0.00","0.00","0.00"
"09/08/2025 05:00:00 - 09/08/2025 06:00:00","Belgium (BE)","0.00","0.00","0.00","0.00"
"09/08/2025 06:00:00 - 09/08/2025 07:00:00","Belgium (BE)","53.57","45.81","45.81","24.04"
"09/08/2025 07:00:00 - 09/08/2025 08:00:00","Belgium (BE)","498.53","460.15","460.15","426.52"
"09/08/2025 08:00:00 - 09/08/2025 09:00:00","Belgium (BE)","1416.30","1265.96","1294.03","1202.52"
"09/08/2025 09:00:00 - 09/08/2025 10:00:00","Belgium (BE)","2802.78","2703.52","2625.13","2758.26"
"09/08/2025 10:00:00 - 09/08/2025 11:00:00","Belgium (BE)","4350.06","4462.57","4466.76","4568.20"
"09/08/2025 11:00:00 - 09/08/2025 12:00:00","Belgium (BE)","5510.51","5835.61","5943.71","5674.66"
"09/08/2025 12:00:00 - 09/08/2025 13:00:00","Belgium (BE)","6199.63","6581.96","6501.47","6469.19"
"09/08/2025 13:00:00 - 09/08/2025 14:00:00","Belgium (BE)","6545.19","6923.40","6855.68","6825.75"
"09/08/2025 14:00:00 - 09/08/2025 15:00:00","Belgium (BE)","6506.29","6853.32","6787.87","6845.58"
"09/08/2025 15:00:00 - 09/08/2025 16:00:00","Belgium (BE)","6030.93","6318.23","6307.76","6346.53"
"09/08/2025 16:00:00 - 09/08/2025 17:00:00","Belgium (BE)","5281.43","5506.83","5488.92","5495.29"
"09/08/2025 17:00:00 - 09/08/2025 18:00:00","Belgium (BE)","4033.98","4259.59","4269.66","4114.89"
"09/08/2025 18:00:00 - 09/08/2025 19:00:00","Belgium (BE)","2502.14","2603.46","2535.66","2587.70"
"09/08/2025 19:00:00 - 09/08/2025 20:00:00","Belgium (BE)","1011.40","1017.27","1009.13","1327.71"
"09/08/2025 20:00:00 - 09/08/2025 21:00:00","Belgium (BE)","219.18","214.54","239.34","309.50"
"09/08/2025 21:00:00 - 09/08/2025 22:00:00","Belgium (BE)","6.18","6.23","6.70","3.21"
"09/08/2025 22:00:00 - 09/08/2025 23:00:00","Belgium (BE)","0.00","0.00","0.00","0.00"
"09/08/2025 23:00:00 - 10/08/2025 00:00:00","Belgium (BE)","0.00","0.00","0.00","0.00"
"10/08/2025 00:00:00 - 10/08/2025 01:00:00","Belgium (BE)","0.00","0.00","0.00","0.00"
"10/08/2025 01:00:00 - 10/08/2025 02:00:00","Belgium (BE)","0.00","0.00","0.00","0.00"
"10/08/2025 02:00:00 - 10/08/2025 03:00:00","Belgium (BE)","0.00","0.00","0.00","0.00"
"10/08/2025 03:00:00 - 10/08/2025 04:00:00","Belgium (BE)","0.00","0.00","0.00","0.00"
"10/08/2025 04:00:00 - 10/08/2025 05:00:00","Belgium (BE)","0.00","0.00","0.00","0.00"
"10/08/2025 05:00:00 - 10/08/2025 06:00:00","Belgium (BE)","0.00","0.00","0.00","0.00"
"10/08/2025 06:00:00 - 10/08/2025 07:00:00","Belgium (BE)","52.40","51.25","51.25","41.17"
"10/08/2025 07:00:00 - 10/08/2025 08:00:00","Belgium (BE)","418.45","413.07","413.07","672.64"
"10/08/2025 08:00:00 - 10/08/2025 09:00:00","Belgium (BE)","1705.04","1658.93","1837.99","1797.37"
"10/08/2025 09:00:00 - 10/08/2025 10:00:00","Belgium (BE)","3406.35","3358.34","3507.15","3228.65"
"10/08/2025 10:00:00 - 10/08/2025 11:00:00","Belgium (BE)","5030.93","4962.41","4834.93","4708.99"
"10/08/2025 11:00:00 - 10/08/2025 12:00:00","Belgium (BE)","6099.30","6091.31","5922.86","5830.44"
"10/08/2025 12:00:00 - 10/08/2025 13:00:00","Belgium (BE)","6584.96","6686.85","6567.23","6449.45"
"10/08/2025 13:00:00 - 10/08/2025 14:00:00","Belgium (BE)","6627.96","6749.23","6677.52","6186.14"
"10/08/2025 14:00:00 - 10/08/2025 15:00:00","Belgium (BE)","6329.54","6373.04","6069.46","5899.21"
"10/08/2025 15:00:00 - 10/08/2025 16:00:00","Belgium (BE)","5782.50","5637.84","5409.00","5481.13"
"10/08/2025 16:00:00 - 10/08/2025 17:00:00","Belgium (BE)","4986.87","4859.53","4789.55","4715.60"
"10/08/2025 17:00:00 - 10/08/2025 18:00:00","Belgium (BE)","3890.16","3906.02","3808.03","3603.25"
"10/08/2025 18:00:00 - 10/08/2025 19:00:00","Belgium (BE)","2459.79","2512.77","2386.80","2357.24"
"10/08/2025 19:00:00 - 10/08/2025 20:00:00","Belgium (BE)","987.69","997.15","961.96","1222.03"
"10/08/2025 20:00:00 - 10/08/2025 21:00:00","Belgium (BE)","206.93","206.86","217.06","273.20"
"10/08/2025 21:00:00 - 10/08/2025 22:00:00","Belgium (BE)","4.75","4.84","5.24","2.14"
"10/08/2025 22:00:00 - 10/08/2025 23:00:00","Belgium (BE)","0.00","0.00","0.00","0.00"
"10/08/2025 23:00:00 - 11/08/2025 00:00:00","Belgium (BE)","0.00","0.00","0.00","0.00"
"11/08/2025 00:00:00 - 11/08/2025 01:00:00","Belgium (BE)","0.00","0.00","0.00","0.00"
"11/08/2025 01:00:00 - 11/08/2025 02:00:00","Belgium (BE)","0.00","0.00","0.00","0.00"
"11/08/2025 02:00:00 - 11/08/2025 03:00:00","Belgium (BE)","0.00","0.00","0.00","0.00"
"11/08/2025 03:00:00 - 11/08/2025 04:00:00","Belgium (BE)","0.00","0.00","0.00","0.00"
"11/08/2025 04:00:00 - 11/08/2025 05:00:00","Belgium (BE)","0.00","0.00","0.00","0.00"
"11/08/2025 05:00:00 - 11/08/2025 06:00:00","Belgium (BE)","0.00","0.00","0.00","0.00"
"11/08/2025 06:00:00 - 11/08/2025 07:00:00","Belgium (BE)","48.10","46.92","46.92","37.12"
"11/08/2025 07:00:00 - 11/08/2025 08:00:00","Belgium (BE)","408.27","400.83","400.83","662.96"
"11/08/2025 08:00:00 - 11/08/2025 09:00:00","Belgium (BE)","1688.91","1658.85","1881.18","1797.10"
"11/08/2025 09:00:00 - 11/08/2025 10:00:00","Belgium (BE)","3401.99","3380.51","3493.49","3227.24"
"11/08/2025 10:00:00 - 11/08/2025 11:00:00","Belgium (BE)","5041.21","4995.77","4840.88","4711.82"
"11/08/2025 11:00:00 - 11/08/2025 12:00:00","Belgium (BE)","6150.11","6132.52","5961.58","5857.52"
"11/08/2025 12:00:00 - 11/08/2025 13:00:00","Belgium (BE)","6846.97","6865.70","6726.65","6735.97"
"11/08/2025 13:00:00 - 11/08/2025 14:00:00","Belgium (BE)","7204.53","7246.15","7203.02","7099.47"
"11/08/2025 14:00:00 - 11/08/2025 15:00:00","Belgium (BE)","7137.48","7188.54","7096.72","7001.53"
"11/08/2025 15:00:00 - 11/08/2025 16:00:00","Belgium (BE)","6591.18","6615.20","6452.85","6395.75"
"11/08/2025 16:00:00 - 11/08/2025 17:00:00","Belgium (BE)","5785.63","5758.57","5575.32","5410.05"
"11/08/2025 17:00:00 - 11/08/2025 18:00:00","Belgium (BE)","4472.52","4451.81","4283.99","4011.36"
"11/08/2025 18:00:00 - 11/08/2025 19:00:00","Belgium (BE)","2703.18","2686.47","2539.75","2487.15"
"11/08/2025 19:00:00 - 11/08/2025 20:00:00","Belgium (BE)","987.92","985.91","947.99","1242.25"
"11/08/2025 20:00:00 - 11/08/2025 21:00:00","Belgium (BE)","186.88","186.14","203.40","258.40"
"11/08/2025 21:00:00 - 11/08/2025 22:00:00","Belgium (BE)","3.73","3.68","3.95","0.65"
"11/08/2025 22:00:00 - 11/08/2025 23:00:00","Belgium (BE)","0.00","0.00","0.00","0.00"
"11/08/2025 23:00:00 - 12/08/2025 00:00:00","Belgium (BE)","0.00","0.00","0.00","0.00"
"12/08/2025 00:00:00 - 12/08/2025 01:00:00","Belgium (BE)","0.00","0.00","0.00","0.00"
"12/08/2025 01:00:00 - 12/08/2025 02:00:00","Belgium (BE)","0.00","0.00","0.00","0.00"
"12/08/2025 02:00:00 - 12/08/2025 03:00:00","Belgium (BE)","0.00","0.00","0.00","0.00"
"12/08/2025 03:00:00 - 12/08/2025 04:00:00","Belgium (BE)","0.00","0.00","0.00","0.00"
"12/08/2025 04:00:00 - 12/08/2025 05:00:00","Belgium (BE)","0.00","0.00","0.00","0.00"
"12/08/2025 05:00:00 - 12/08/2025 06:00:00","Belgium (BE)","0.00","0.00","0.00","0.00"
"12/08/2025 06:00:00 - 12/08/2025 07:00:00","Belgium (BE)","42.74","41.54","41.54","29.07"
"12/08/2025 07:00:00 - 12/08/2025 08:00:00","Belgium (BE)","441.22","446.10","446.10","445.59"
"12/08/2025 08:00:00 - 12/08/2025 09:00:00","Belgium (BE)","1485.93","1428.51","1447.05","1208.93"
"12/08/2025 09:00:00 - 12/08/2025 10:00:00","Belgium (BE)","2771.96","2859.42","2696.33","2474.40"
"12/08/2025 10:00:00 - 12/08/2025 11:00:00","Belgium (BE)","4030.21","4359.62","4021.94","4050.37"
"12/08/2025 11:00:00 - 12/08/2025 12:00:00","Belgium (BE)","5220.03","5738.77","5324.39","5399.78"
"12/08/2025 12:00:00 - 12/08/2025 13:00:00","Belgium (BE)","6104.17","6638.22","6314.38","6394.66"
"12/08/2025 13:00:00 - 12/08/2025 14:00:00","Belgium (BE)","6690.63","7022.80","6903.66","6823.92"
"12/08/2025 14:00:00 - 12/08/2025 15:00:00","Belgium (BE)","6795.99","6917.87","6822.36","6720.76"
"12/08/2025 15:00:00 - 12/08/2025 16:00:00","Belgium (BE)","6381.22","6376.54","6224.26","6081.53"
"12/08/2025 16:00:00 - 12/08/2025 17:00:00","Belgium (BE)","5607.83","5543.47","5320.45","5097.07"
"12/08/2025 17:00:00 - 12/08/2025 18:00:00","Belgium (BE)","4266.93","4203.39","4003.36","3702.22"
"12/08/2025 18:00:00 - 12/08/2025 19:00:00","Belgium (BE)","2542.03","2499.83","2331.31","2230.42"
"12/08/2025 19:00:00 - 12/08/2025 20:00:00","Belgium (BE)","944.95","942.42","891.50","1012.24"
"12/08/2025 20:00:00 - 12/08/2025 21:00:00","Belgium (BE)","184.65","187.17","193.76","187.03"
"12/08/2025 21:00:00 - 12/08/2025 22:00:00","Belgium (BE)","2.44","2.40","2.43","0.97"
"12/08/2025 22:00:00 - 12/08/2025 23:00:00","Belgium (BE)","0.00","0.00","0.00","0.00"
"12/08/2025 23:00:00 - 13/08/2025 00:00:00","Belgium (BE)","0.00","0.00","0.00","0.00"
"13/08/2025 00:00:00 - 13/08/2025 01:00:00","Belgium (BE)","0.00","0.00","0.00","0.00"
"13/08/2025 01:00:00 - 13/08/2025 02:00:00","Belgium (BE)","0.00","0.00","0.00","0.00"
"13/08/2025 02:00:00 - 13/08/2025 03:00:00","Belgium (BE)","0.00","0.00","0.00","0.00"
"13/08/2025 03:00:00 - 13/08/2025 04:00:00","Belgium (BE)","0.00","0.00","0.00","0.00"
"13/08/2025 04:00:00 - 13/08/2025 05:00:00","Belgium (BE)","0.00","0.00","0.00","0.00"
"13/08/2025 05:00:00 - 13/08/2025 06:00:00","Belgium (BE)","0.00","0.00","0.00","0.00"
"13/08/2025 06:00:00 - 13/08/2025 07:00:00","Belgium (BE)","40.27","41.87","41.87","30.81"
"13/08/2025 07:00:00 - 13/08/2025 08:00:00","Belgium (BE)","419.91","432.67","432.67","475.26"
"13/08/2025 08:00:00 - 13/08/2025 09:00:00","Belgium (BE)","1548.92","1522.72","1571.69","1297.22"
"13/08/2025 09:00:00 - 13/08/2025 10:00:00","Belgium (BE)","3052.34","2849.58","2720.15","2521.61"
"13/08/2025 10:00:00 - 13/08/2025 11:00:00","Belgium (BE)","4388.89","4010.57","3670.73","4030.95"
"13/08/2025 11:00:00 - 13/08/2025 12:00:00","Belgium (BE)","5404.50","4986.86","5004.85","4999.21"
"13/08/2025 12:00:00 - 13/08/2025 13:00:00","Belgium (BE)","6078.94","5607.74","5847.08","5876.19"
"13/08/2025 13:00:00 - 13/08/2025 14:00:00","Belgium (BE)","6416.43","5722.18","6032.93","6405.98"
"13/08/2025 14:00:00 - 13/08/2025 15:00:00","Belgium (BE)","6290.10","5480.17","5840.45","5740.27"
"13/08/2025 15:00:00 - 13/08/2025 16:00:00","Belgium (BE)","5600.03","4828.57","5134.29","4577.32"
"13/08/2025 16:00:00 - 13/08/2025 17:00:00","Belgium (BE)","4578.28","3993.00","4051.62","3629.61"
"13/08/2025 17:00:00 - 13/08/2025 18:00:00","Belgium (BE)","3245.84","2787.61","2733.63","2605.21"
"13/08/2025 18:00:00 - 13/08/2025 19:00:00","Belgium (BE)","1870.10","1648.36","1567.35","1476.48"
"13/08/2025 19:00:00 - 13/08/2025 20:00:00","Belgium (BE)","801.11","764.58","687.06","720.37"
"13/08/2025 20:00:00 - 13/08/2025 21:00:00","Belgium (BE)","183.19","176.50","171.98","111.95"
"13/08/2025 21:00:00 - 13/08/2025 22:00:00","Belgium (BE)","0.85","0.86","0.78","0.03"
"13/08/2025 22:00:00 - 13/08/2025 23:00:00","Belgium (BE)","0.00","0.00","0.00","0.00"
"13/08/2025 23:00:00 - 14/08/2025 00:00:00","Belgium (BE)","0.00","0.00","0.00","0.00"
"14/08/2025 00:00:00 - 14/08/2025 01:00:00","Belgium (BE)","0.00","0.00","0.00","0.00"
"14/08/2025 01:00:00 - 14/08/2025 02:00:00","Belgium (BE)","0.00","0.00","0.00","0.00"
"14/08/2025 02:00:00 - 14/08/2025 03:00:00","Belgium (BE)","0.00","0.00","0.00","0.00"
"14/08/2025 03:00:00 - 14/08/2025 04:00:00","Belgium (BE)","0.00","0.00","0.00","0.00"
"14/08/2025 04:00:00 - 14/08/2025 05:00:00","Belgium (BE)","0.00","0.00","0.00","0.00"
"14/08/2025 05:00:00 - 14/08/2025 06:00:00","Belgium (BE)","0.00","0.00","0.00","0.00"
"14/08/2025 06:00:00 - 14/08/2025 07:00:00","Belgium (BE)","35.26","33.89","33.89","8.89"
"14/08/2025 07:00:00 - 14/08/2025 08:00:00","Belgium (BE)","441.07","415.03","415.03","307.66"
"14/08/2025 08:00:00 - 14/08/2025 09:00:00","Belgium (BE)","1381.70","1286.83","1238.18","1089.83"
"14/08/2025 09:00:00 - 14/08/2025 10:00:00","Belgium (BE)","2800.58","2623.01","2442.93","2257.60"
"14/08/2025 10:00:00 - 14/08/2025 11:00:00","Belgium (BE)","4225.47","3981.52","3730.55","3621.01"
"14/08/2025 11:00:00 - 14/08/2025 12:00:00","Belgium (BE)","5414.91","5095.19","4877.16","4604.60"
"14/08/2025 12:00:00 - 14/08/2025 13:00:00","Belgium (BE)","6095.38","5821.51","5431.05","5115.55"
"14/08/2025 13:00:00 - 14/08/2025 14:00:00","Belgium (BE)","6397.13","6120.53","5540.52","5700.24"
"14/08/2025 14:00:00 - 14/08/2025 15:00:00","Belgium (BE)","6286.69","5991.44","5760.67","6078.96"
"14/08/2025 15:00:00 - 14/08/2025 16:00:00","Belgium (BE)","5723.21","5562.15","5719.29","5694.22"
"14/08/2025 16:00:00 - 14/08/2025 17:00:00","Belgium (BE)","4887.92","4861.86","5029.89","4803.36"
"14/08/2025 17:00:00 - 14/08/2025 18:00:00","Belgium (BE)","3726.42","3748.90","3782.72","3497.75"
"14/08/2025 18:00:00 - 14/08/2025 19:00:00","Belgium (BE)","2272.37","2290.98","2189.61","2134.66"
"14/08/2025 19:00:00 - 14/08/2025 20:00:00","Belgium (BE)","874.31","886.44","851.60","997.54"
"14/08/2025 20:00:00 - 14/08/2025 21:00:00","Belgium (BE)","168.78","167.43","176.28","161.31"
"14/08/2025 21:00:00 - 14/08/2025 22:00:00","Belgium (BE)","0.72","0.73","0.73","1.04"
"14/08/2025 22:00:00 - 14/08/2025 23:00:00","Belgium (BE)","0.00","0.00","0.00","0.00"
"14/08/2025 23:00:00 - 15/08/2025 00:00:00","Belgium (BE)","0.00","0.00","0.00","0.00"
"15/08/2025 00:00:00 - 15/08/2025 01:00:00","Belgium (BE)","0.00","0.00","0.00","0.00"
"15/08/2025 01:00:00 - 15/08/2025 02:00:00","Belgium (BE)","0.00","0.00","0.00","0.00"
"15/08/2025 02:00:00 - 15/08/2025 03:00:00","Belgium (BE)","0.00","0.00","0.00","0.00"
"15/08/2025 03:00:00 - 15/08/2025 04:00:00","Belgium (BE)","0.00","0.00","0.00","0.00"
"15/08/2025 04:00:00 - 15/08/2025 05:00:00","Belgium (BE)","0.00","0.00","0.00","0.00"
"15/08/2025 05:00:00 - 15/08/2025 06:00:00","Belgium (BE)","0.00","0.00","0.00","0.00"
"15/08/2025 06:00:00 - 15/08/2025 07:00:00","Belgium (BE)","35.29","34.79","34.79","18.50"
"15/08/2025 07:00:00 - 15/08/2025 08:00:00","Belgium (BE)","396.72","397.48","397.48","520.99"
"15/08/2025 08:00:00 - 15/08/2025 09:00:00","Belgium (BE)","1595.29","1558.60","1675.95","1577.11"
"15/08/2025 09:00:00 - 15/08/2025 10:00:00","Belgium (BE)","3227.44","3180.17","3226.51","2967.16"
"15/08/2025 10:00:00 - 15/08/2025 11:00:00","Belgium (BE)","4780.08","4723.05","4556.35","4348.47"
"15/08/2025 11:00:00 - 15/08/2025 12:00:00","Belgium (BE)","5904.05","5851.88","5543.85","5486.79"
"15/08/2025 12:00:00 - 15/08/2025 13:00:00","Belgium (BE)","6537.16","6481.17","6146.22","6275.21"
"15/08/2025 13:00:00 - 15/08/2025 14:00:00","Belgium (BE)","6756.08","6696.28","6586.43","6385.00"
"15/08/2025 14:00:00 - 15/08/2025 15:00:00","Belgium (BE)","6541.81","6489.69","6328.30","6260.91"
"15/08/2025 15:00:00 - 15/08/2025 16:00:00","Belgium (BE)","5947.64","5897.84","5740.81","5636.46"
"15/08/2025 16:00:00 - 15/08/2025 17:00:00","Belgium (BE)","5096.22","5028.41","4896.94","4753.39"
"15/08/2025 17:00:00 - 15/08/2025 18:00:00","Belgium (BE)","3892.36","3831.30","3674.05","3573.86"
"15/08/2025 18:00:00 - 15/08/2025 19:00:00","Belgium (BE)","2334.09","2300.98","2205.03","2217.84"
"15/08/2025 19:00:00 - 15/08/2025 20:00:00","Belgium (BE)","868.90","871.70","860.26","1063.10"
"15/08/2025 20:00:00 - 15/08/2025 21:00:00","Belgium (BE)","155.87","156.10","170.74","193.42"
"15/08/2025 21:00:00 - 15/08/2025 22:00:00","Belgium (BE)","0.31","0.30","0.32","0.19"
"15/08/2025 22:00:00 - 15/08/2025 23:00:00","Belgium (BE)","0.00","0.00","0.00","0.00"
"15/08/2025 23:00:00 - 16/08/2025 00:00:00","Belgium (BE)","0.00","0.00","0.00","0.00"
"16/08/2025 00:00:00 - 16/08/2025 01:00:00","Belgium (BE)","0.00","0.00","0.00","0.00"
"16/08/2025 01:00:00 - 16/08/2025 02:00:00","Belgium (BE)","0.00","0.00","0.00","0.00"
"16/08/2025 02:00:00 - 16/08/2025 03:00:00","Belgium (BE)","0.00","0.00","0.00","0.00"
"16/08/2025 03:00:00 - 16/08/2025 04:00:00","Belgium (BE)","0.00","0.00","0.00","0.00"
"16/08/2025 04:00:00 - 16/08/2025 05:00:00","Belgium (BE)","0.00","0.00","0.00","0.00"
"16/08/2025 05:00:00 - 16/08/2025 06:00:00","Belgium (BE)","0.00","0.00","0.00","0.00"
"16/08/2025 06:00:00 - 16/08/2025 07:00:00","Belgium (BE)","16.66","15.91","15.91","1.48"
"16/08/2025 07:00:00 - 16/08/2025 08:00:00","Belgium (BE)","271.19","270.24","270.24","108.06"
"16/08/2025 08:00:00 - 16/08/2025 09:00:00","Belgium (BE)","748.09","747.44","655.96","404.88"
"16/08/2025 09:00:00 - 16/08/2025 10:00:00","Belgium (BE)","1205.33","1208.11","948.11","748.90"
"16/08/2025 10:00:00 - 16/08/2025 11:00:00","Belgium (BE)","1698.01","1656.03","1328.27","1081.28"
"16/08/2025 11:00:00 - 16/08/2025 12:00:00","Belgium (BE)","2376.72","2150.34","1754.55","1233.53"
"16/08/2025 12:00:00 - 16/08/2025 13:00:00","Belgium (BE)","3011.39","2581.94","1824.46","1363.46"
"16/08/2025 13:00:00 - 16/08/2025 14:00:00","Belgium (BE)","3500.96","2989.80","2051.81","1522.20"
"16/08/2025 14:00:00 - 16/08/2025 15:00:00","Belgium (BE)","3830.03","3358.49","2148.58","1618.86"
"16/08/2025 15:00:00 - 16/08/2025 16:00:00","Belgium (BE)","3905.00","3554.63","2199.85","1544.34"
"16/08/2025 16:00:00 - 16/08/2025 17:00:00","Belgium (BE)","3778.79","3303.54","2022.94","1297.34"
"16/08/2025 17:00:00 - 16/08/2025 18:00:00","Belgium (BE)","3261.04","2805.11","1582.17","1201.43"
"16/08/2025 18:00:00 - 16/08/2025 19:00:00","Belgium (BE)","2114.38","1949.80","1194.85","916.29"
"16/08/2025 19:00:00 - 16/08/2025 20:00:00","Belgium (BE)","843.28","834.32","628.31","479.73"
"16/08/2025 20:00:00 - 16/08/2025 21:00:00","Belgium (BE)","149.06","152.54","134.07","83.80"
"16/08/2025 21:00:00 - 16/08/2025 22:00:00","Belgium (BE)","0.07","0.07","0.06","0.06"
"16/08/2025 22:00:00 - 16/08/2025 23:00:00","Belgium (BE)","0.00","0.00","0.00","0.00"
"16/08/2025 23:00:00 - 17/08/2025 00:00:00","Belgium (BE)","0.00","0.00","0.00","0.00"
"17/08/2025 00:00:00 - 17/08/2025 01:00:00","Belgium (BE)","0.00","0.00","0.00","0.00"
"17/08/2025 01:00:00 - 17/08/2025 02:00:00","Belgium (BE)","0.00","0.00","0.00","0.00"
"17/08/2025 02:00:00 - 17/08/2025 03:00:00","Belgium (BE)","0.00","0.00","0.00","0.00"
"17/08/2025 03:00:00 - 17/08/2025 04:00:00","Belgium (BE)","0.00","0.00","0.00","0.00"
"17/08/2025 04:00:00 - 17/08/2025 05:00:00","Belgium (BE)","0.00","0.00","0.00","0.00"
"17/08/2025 05:00:00 - 17/08/2025 06:00:00","Belgium (BE)","0.00","0.00","0.00","0.00"
"17/08/2025 06:00:00 - 17/08/2025 07:00:00","Belgium (BE)","26.48","27.50","27.50","17.23"
"17/08/2025 07:00:00 - 17/08/2025 08:00:00","Belgium (BE)","374.13","375.88","375.88","575.82"
"17/08/2025 08:00:00 - 17/08/2025 09:00:00","Belgium (BE)","1514.16","1549.23","1677.11","1677.77"
"17/08/2025 09:00:00 - 17/08/2025 10:00:00","Belgium (BE)","2934.64","3095.26","3309.29","3024.21"
"17/08/2025 10:00:00 - 17/08/2025 11:00:00","Belgium (BE)","4081.20","4345.11","4446.74","4070.82"
"17/08/2025 11:00:00 - 17/08/2025 12:00:00","Belgium (BE)","4715.00","5034.38","4957.62","5141.90"
"17/08/2025 12:00:00 - 17/08/2025 13:00:00","Belgium (BE)","4829.66","5296.17","5336.34","5958.11"
"17/08/2025 13:00:00 - 17/08/2025 14:00:00","Belgium (BE)","4643.39","5124.48","5782.35","6197.07"
"17/08/2025 14:00:00 - 17/08/2025 15:00:00","Belgium (BE)","4231.06","4651.92","5388.36","6092.69"
"17/08/2025 15:00:00 - 17/08/2025 16:00:00","Belgium (BE)","3602.72","3968.42","4640.10","5330.83"
"17/08/2025 16:00:00 - 17/08/2025 17:00:00","Belgium (BE)","2824.81","3007.06","3440.24","4079.66"
"17/08/2025 17:00:00 - 17/08/2025 18:00:00","Belgium (BE)","2004.57","2029.54","2339.31","2606.52"
"17/08/2025 18:00:00 - 17/08/2025 19:00:00","Belgium (BE)","1243.84","1201.99","1284.08","1385.40"
"17/08/2025 19:00:00 - 17/08/2025 20:00:00","Belgium (BE)","598.89","567.82","550.42","515.25"
"17/08/2025 20:00:00 - 17/08/2025 21:00:00","Belgium (BE)","117.44","109.04","92.61","56.02"
"17/08/2025 21:00:00 - 17/08/2025 22:00:00","Belgium (BE)","0.00","0.00","0.00","0.00"
"17/08/2025 22:00:00 - 17/08/2025 23:00:00","Belgium (BE)","0.00","0.00","0.00","0.00"
"17/08/2025 23:00:00 - 18/08/2025 00:00:00","Belgium (BE)","0.00","0.00","0.00","0.00"
"18/08/2025 00:00:00 - 18/08/2025 01:00:00","Belgium (BE)","0.00","0.00","0.00","0.00"
"18/08/2025 01:00:00 - 18/08/2025 02:00:00","Belgium (BE)","0.00","0.00","0.00","0.00"
"18/08/2025 02:00:00 - 18/08/2025 03:00:00","Belgium (BE)","0.00","0.00","0.00","0.00"
"18/08/2025 03:00:00 - 18/08/2025 04:00:00","Belgium (BE)","0.00","0.00","0.00","0.00"
"18/08/2025 04:00:00 - 18/08/2025 05:00:00","Belgium (BE)","0.00","0.00","0.00","0.00"
"18/08/2025 05:00:00 - 18/08/2025 06:00:00","Belgium (BE)","0.00","0.00","0.00","0.00"
"18/08/2025 06:00:00 - 18/08/2025 07:00:00","Belgium (BE)","18.93","17.54","17.54","2.80"
"18/08/2025 07:00:00 - 18/08/2025 08:00:00","Belgium (BE)","358.70","335.33","335.33","200.73"
"18/08/2025 08:00:00 - 18/08/2025 09:00:00","Belgium (BE)","1184.00","1058.74","929.72","793.90"
"18/08/2025 09:00:00 - 18/08/2025 10:00:00","Belgium (BE)","2306.04","2026.69","1703.74","1691.52"
"18/08/2025 10:00:00 - 18/08/2025 11:00:00","Belgium (BE)","3469.50","3125.24","2719.86","2649.22"
"18/08/2025 11:00:00 - 18/08/2025 12:00:00","Belgium (BE)","4255.26","3935.08","3613.66","3334.49"
"18/08/2025 12:00:00 - 18/08/2025 13:00:00","Belgium (BE)","4647.62","4366.62","4197.35","3872.48"
"18/08/2025 13:00:00 - 18/08/2025 14:00:00","Belgium (BE)","4821.60","4769.25","4334.85","4883.56"
"18/08/2025 14:00:00 - 18/08/2025 15:00:00","Belgium (BE)","4973.21","5125.62","5114.85","5567.17"
"18/08/2025 15:00:00 - 18/08/2025 16:00:00","Belgium (BE)","4823.63","5131.18","5468.79","5579.83"
"18/08/2025 16:00:00 - 18/08/2025 17:00:00","Belgium (BE)","4364.02","4696.21","4937.49","4924.79"
"18/08/2025 17:00:00 - 18/08/2025 18:00:00","Belgium (BE)","3453.28","3740.26","3797.28","3682.13"
"18/08/2025 18:00:00 - 18/08/2025 19:00:00","Belgium (BE)","2136.36","2281.85","2247.32","2252.58"
"18/08/2025 19:00:00 - 18/08/2025 20:00:00","Belgium (BE)","798.32","810.78","815.47","1047.10"
"18/08/2025 20:00:00 - 18/08/2025 21:00:00","Belgium (BE)","128.72","125.95","135.83","154.23"
"18/08/2025 21:00:00 - 18/08/2025 22:00:00","Belgium (BE)","0.00","0.00","0.00","0.00"
"18/08/2025 22:00:00 - 18/08/2025 23:00:00","Belgium (BE)","0.00","0.00","0.00","0.00"
"18/08/2025 23:00:00 - 19/08/2025 00:00:00","Belgium (BE)","0.00","0.00","0.00","0.00"
"19/08/2025 00:00:00 - 19/08/2025 01:00:00","Belgium (BE)","0.00","0.00","0.00","0.00"
"19/08/2025 01:00:00 - 19/08/2025 02:00:00","Belgium (BE)","0.00","0.00","0.00","0.00"
"19/08/2025 02:00:00 - 19/08/2025 03:00:00","Belgium (BE)","0.00","0.00","0.00","0.00"
"19/08/2025 03:00:00 - 19/08/2025 04:00:00","Belgium (BE)","0.00","0.00","0.00","0.00"
"19/08/2025 04:00:00 - 19/08/2025 05:00:00","Belgium (BE)","0.00","0.00","0.00","0.00"
"19/08/2025 05:00:00 - 19/08/2025 06:00:00","Belgium (BE)","0.00","0.00","0.00","0.00"
"19/08/2025 06:00:00 - 19/08/2025 07:00:00","Belgium (BE)","20.80","20.58","20.58","11.73"
"19/08/2025 07:00:00 - 19/08/2025 08:00:00","Belgium (BE)","349.95","349.20","349.20","570.06"
"19/08/2025 08:00:00 - 19/08/2025 09:00:00","Belgium (BE)","1568.86","1546.83","1673.67","1691.50"
"19/08/2025 09:00:00 - 19/08/2025 10:00:00","Belgium (BE)","3219.12","3174.89","3358.39","2908.83"
"19/08/2025 10:00:00 - 19/08/2025 11:00:00","Belgium (BE)","4786.73","4726.21","4521.87","4381.16"
"19/08/2025 11:00:00 - 19/08/2025 12:00:00","Belgium (BE)","5914.24","5859.28","5534.93","5423.02"
"19/08/2025 12:00:00 - 19/08/2025 13:00:00","Belgium (BE)","6498.52","6444.22","6091.17","6289.54"
"19/08/2025 13:00:00 - 19/08/2025 14:00:00","Belgium (BE)","6765.90","6657.44","6575.93","6692.49"
"19/08/2025 14:00:00 - 19/08/2025 15:00:00","Belgium (BE)","6667.99","6493.00","6603.47","6656.57"
"19/08/2025 15:00:00 - 19/08/2025 16:00:00","Belgium (BE)","6077.60","5967.37","6124.70","6019.17"
"19/08/2025 16:00:00 - 19/08/2025 17:00:00","Belgium (BE)","5180.66","5137.85","5197.08","4918.05"
"19/08/2025 17:00:00 - 19/08/2025 18:00:00","Belgium (BE)","3868.80","3821.73","3726.25","3381.53"
"19/08/2025 18:00:00 - 19/08/2025 19:00:00","Belgium (BE)","2226.97","2134.19","2043.42","1923.66"
"19/08/2025 19:00:00 - 19/08/2025 20:00:00","Belgium (BE)","772.68","764.57","731.91","784.02"
"19/08/2025 20:00:00 - 19/08/2025 21:00:00","Belgium (BE)","116.48","120.10","121.01","98.22"
"19/08/2025 21:00:00 - 19/08/2025 22:00:00","Belgium (BE)","0.00","0.00","0.00","0.00"
"19/08/2025 22:00:00 - 19/08/2025 23:00:00","Belgium (BE)","0.00","0.00","0.00","0.00"
"19/08/2025 23:00:00 - 20/08/2025 00:00:00","Belgium (BE)","0.00","0.00","0.00","0.00"
"20/08/2025 00:00:00 - 20/08/2025 01:00:00","Belgium (BE)","0.00","0.00","0.00","0.00"
"20/08/2025 01:00:00 - 20/08/2025 02:00:00","Belgium (BE)","0.00","0.00","0.00","0.00"
"20/08/2025 02:00:00 - 20/08/2025 03:00:00","Belgium (BE)","0.00","0.00","0.00","0.00"
"20/08/2025 03:00:00 - 20/08/2025 04:00:00","Belgium (BE)","0.00","0.00","0.00","0.00"
"20/08/2025 04:00:00 - 20/08/2025 05:00:00","Belgium (BE)","0.00","0.00","0.00","0.00"
"20/08/2025 05:00:00 - 20/08/2025 06:00:00","Belgium (BE)","0.00","0.00","0.00","0.00"
"20/08/2025 06:00:00 - 20/08/2025 07:00:00","Belgium (BE)","15.26","14.50","14.50","10.01"
"20/08/2025 07:00:00 - 20/08/2025 08:00:00","Belgium (BE)","370.61","357.86","357.86","332.90"
"20/08/2025 08:00:00 - 20/08/2025 09:00:00","Belgium (BE)","1219.44","1121.27","1100.12","978.92"
"20/08/2025 09:00:00 - 20/08/2025 10:00:00","Belgium (BE)","2288.78","2112.42","2000.88","1694.26"
"20/08/2025 10:00:00 - 20/08/2025 11:00:00","Belgium (BE)","3334.57","3196.32","2928.17","2055.03"
"20/08/2025 11:00:00 - 20/08/2025 12:00:00","Belgium (BE)","4231.49","4064.45","3220.82","2766.96"
"20/08/2025 12:00:00 - 20/08/2025 13:00:00","Belgium (BE)","4900.45","4686.87","3755.53","3872.19"
"20/08/2025 13:00:00 - 20/08/2025 14:00:00","Belgium (BE)","5190.44","5085.13","4565.94","5022.90"
"20/08/2025 14:00:00 - 20/08/2025 15:00:00","Belgium (BE)","5070.78","5191.71","5139.75","5556.15"
"20/08/2025 15:00:00 - 20/08/2025 16:00:00","Belgium (BE)","4644.84","4958.13","4914.35","5072.48"
"20/08/2025 16:00:00 - 20/08/2025 17:00:00","Belgium (BE)","3832.28","4213.30","4391.49","4142.91"
"20/08/2025 17:00:00 - 20/08/2025 18:00:00","Belgium (BE)","2727.64","3030.32","3113.82","2813.78"
"20/08/2025 18:00:00 - 20/08/2025 19:00:00","Belgium (BE)","1575.30","1701.41","1711.65","1645.06"
"20/08/2025 19:00:00 - 20/08/2025 20:00:00","Belgium (BE)","658.30","672.76","668.42","744.86"
"20/08/2025 20:00:00 - 20/08/2025 21:00:00","Belgium (BE)","108.77","107.92","108.49","98.15"
"20/08/2025 21:00:00 - 20/08/2025 22:00:00","Belgium (BE)","0.00","0.00","0.00","0.01"
"20/08/2025 22:00:00 - 20/08/2025 23:00:00","Belgium (BE)","0.00","0.00","0.00","0.00"
"20/08/2025 23:00:00 - 21/08/2025 00:00:00","Belgium (BE)","0.00","0.00","0.00","0.00"
"21/08/2025 00:00:00 - 21/08/2025 01:00:00","Belgium (BE)","0.00","0.00","0.00","0.00"
"21/08/2025 01:00:00 - 21/08/2025 02:00:00","Belgium (BE)","0.00","0.00","0.00","0.00"
"21/08/2025 02:00:00 - 21/08/2025 03:00:00","Belgium (BE)","0.00","0.00","0.00","0.00"
"21/08/2025 03:00:00 - 21/08/2025 04:00:00","Belgium (BE)","0.00","0.00","0.00","0.00"
"21/08/2025 04:00:00 - 21/08/2025 05:00:00","Belgium (BE)","0.00","0.00","0.00","0.00"
"21/08/2025 05:00:00 - 21/08/2025 06:00:00","Belgium (BE)","0.00","0.00","0.00","0.00"
"21/08/2025 06:00:00 - 21/08/2025 07:00:00","Belgium (BE)","14.85","14.77","14.77","5.84"
"21/08/2025 07:00:00 - 21/08/2025 08:00:00","Belgium (BE)","326.11","325.71","325.71","502.73"
"21/08/2025 08:00:00 - 21/08/2025 09:00:00","Belgium (BE)","1478.87","1457.07","1556.08","1607.53"
"21/08/2025 09:00:00 - 21/08/2025 10:00:00","Belgium (BE)","3121.24","3101.23","3230.80","2889.08"
"21/08/2025 10:00:00 - 21/08/2025 11:00:00","Belgium (BE)","4548.98","4512.17","4340.46","3999.30"
"21/08/2025 11:00:00 - 21/08/2025 12:00:00","Belgium (BE)","5361.97","5320.62","4925.30","4791.59"
"21/08/2025 12:00:00 - 21/08/2025 13:00:00","Belgium (BE)","5659.77","5642.61","5082.58","4904.05"
"21/08/2025 13:00:00 - 21/08/2025 14:00:00","Belgium (BE)","5656.62","5535.89","4965.15","4864.27"
"21/08/2025 14:00:00 - 21/08/2025 15:00:00","Belgium (BE)","5218.85","5075.89","4604.14","4842.60"
"21/08/2025 15:00:00 - 21/08/2025 16:00:00","Belgium (BE)","4491.35","4532.77","4024.86","4416.88"
"21/08/2025 16:00:00 - 21/08/2025 17:00:00","Belgium (BE)","3643.67","3740.23","3400.10","3677.31"
"21/08/2025 17:00:00 - 21/08/2025 18:00:00","Belgium (BE)","2672.06","2643.05","2694.24","2797.43"
"21/08/2025 18:00:00 - 21/08/2025 19:00:00","Belgium (BE)","1664.59","1650.84","1688.05","1896.97"
"21/08/2025 19:00:00 - 21/08/2025 20:00:00","Belgium (BE)","663.92","668.65","733.51","908.79"
"21/08/2025 20:00:00 - 21/08/2025 21:00:00","Belgium (BE)","98.00","99.12","108.47","107.76"
"21/08/2025 21:00:00 - 21/08/2025 22:00:00","Belgium (BE)","0.00","0.00","0.00","0.00"
"21/08/2025 22:00:00 - 21/08/2025 23:00:00","Belgium (BE)","0.00","0.00","0.00","0.00"
"21/08/2025 23:00:00 - 22/08/2025 00:00:00","Belgium (BE)","0.00","0.00","0.00","0.00"
"22/08/2025 00:00:00 - 22/08/2025 01:00:00","Belgium (BE)","0.00","0.00","0.00","0.00"
"22/08/2025 01:00:00 - 22/08/2025 02:00:00","Belgium (BE)","0.00","0.00","0.00","0.00"
"22/08/2025 02:00:00 - 22/08/2025 03:00:00","Belgium (BE)","0.00","0.00","0.00","0.00"
"22/08/2025 03:00:00 - 22/08/2025 04:00:00","Belgium (BE)","0.00","0.00","0.00","0.00"
"22/08/2025 04:00:00 - 22/08/2025 05:00:00","Belgium (BE)","0.00","0.00","0.00","0.00"
"22/08/2025 05:00:00 - 22/08/2025 06:00:00","Belgium (BE)","0.00","0.00","0.00","0.00"
"22/08/2025 06:00:00 - 22/08/2025 07:00:00","Belgium (BE)","7.64","8.01","8.01","0.90"
"22/08/2025 07:00:00 - 22/08/2025 08:00:00","Belgium (BE)","267.20","270.28","270.28","144.09"
"22/08/2025 08:00:00 - 22/08/2025 09:00:00","Belgium (BE)","854.78","878.32","783.94","509.60"
"22/08/2025 09:00:00 - 22/08/2025 10:00:00","Belgium (BE)","1538.32","1566.44","1273.07","1087.94"
"22/08/2025 10:00:00 - 22/08/2025 11:00:00","Belgium (BE)","2204.70","2357.94","1953.15","1957.57"
"22/08/2025 11:00:00 - 22/08/2025 12:00:00","Belgium (BE)","2566.33","2727.71","2490.80","2301.08"
"22/08/2025 12:00:00 - 22/08/2025 13:00:00","Belgium (BE)","2728.54","2795.56","2468.78","2531.75"
"22/08/2025 13:00:00 - 22/08/2025 14:00:00","Belgium (BE)","2901.24","2872.91","2680.46","2870.42"
"22/08/2025 14:00:00 - 22/08/2025 15:00:00","Belgium (BE)","2846.00","2832.70","2880.54","3075.53"
"22/08/2025 15:00:00 - 22/08/2025 16:00:00","Belgium (BE)","2802.44","2723.39","2943.64","2924.02"
"22/08/2025 16:00:00 - 22/08/2025 17:00:00","Belgium (BE)","2391.58","2370.96","2498.21","2503.35"
"22/08/2025 17:00:00 - 22/08/2025 18:00:00","Belgium (BE)","1799.31","1803.22","1931.42","1921.91"
"22/08/2025 18:00:00 - 22/08/2025 19:00:00","Belgium (BE)","1193.31","1206.36","1264.00","980.93"
"22/08/2025 19:00:00 - 22/08/2025 20:00:00","Belgium (BE)","540.17","550.82","520.11","566.61"
"22/08/2025 20:00:00 - 22/08/2025 21:00:00","Belgium (BE)","78.86","79.58","80.73","93.97"
"22/08/2025 21:00:00 - 22/08/2025 22:00:00","Belgium (BE)","0.00","0.00","0.00","0.00"
"22/08/2025 22:00:00 - 22/08/2025 23:00:00","Belgium (BE)","0.00","0.00","0.00","0.00"
"22/08/2025 23:00:00 - 23/08/2025 00:00:00","Belgium (BE)","0.00","0.00","0.00","0.00"
"23/08/2025 00:00:00 - 23/08/2025 01:00:00","Belgium (BE)","0.00","0.00","0.00","0.00"
"23/08/2025 01:00:00 - 23/08/2025 02:00:00","Belgium (BE)","0.00","0.00","0.00","0.00"
"23/08/2025 02:00:00 - 23/08/2025 03:00:00","Belgium (BE)","0.00","0.00","0.00","0.00"
"23/08/2025 03:00:00 - 23/08/2025 04:00:00","Belgium (BE)","0.00","0.00","0.00","0.00"
"23/08/2025 04:00:00 - 23/08/2025 05:00:00","Belgium (BE)","0.00","0.00","0.00","0.00"
"23/08/2025 05:00:00 - 23/08/2025 06:00:00","Belgium (BE)","0.00","0.00","0.00","0.00"
"23/08/2025 06:00:00 - 23/08/2025 07:00:00","Belgium (BE)","5.14","5.06","5.06","0.20"
"23/08/2025 07:00:00 - 23/08/2025 08:00:00","Belgium (BE)","204.59","209.47","209.47","56.43"
"23/08/2025 08:00:00 - 23/08/2025 09:00:00","Belgium (BE)","655.17","677.67","574.24","337.48"
"23/08/2025 09:00:00 - 23/08/2025 10:00:00","Belgium (BE)","1185.55","1260.16","1019.78","1028.54"
"23/08/2025 10:00:00 - 23/08/2025 11:00:00","Belgium (BE)","2029.24","2205.92","1988.79","2037.40"
"23/08/2025 11:00:00 - 23/08/2025 12:00:00","Belgium (BE)","2912.61","3036.01","2851.90","2709.81"
"23/08/2025 12:00:00 - 23/08/2025 13:00:00","Belgium (BE)","3482.40","3475.63","3034.22","3683.96"
"23/08/2025 13:00:00 - 23/08/2025 14:00:00","Belgium (BE)","4035.63","3829.74","3972.68","4301.98"
"23/08/2025 14:00:00 - 23/08/2025 15:00:00","Belgium (BE)","4385.58","4077.81","4379.65","4381.37"
"23/08/2025 15:00:00 - 23/08/2025 16:00:00","Belgium (BE)","4332.06","4022.74","4076.15","4357.31"
"23/08/2025 16:00:00 - 23/08/2025 17:00:00","Belgium (BE)","3644.33","3524.19","3606.98","3866.43"
"23/08/2025 17:00:00 - 23/08/2025 18:00:00","Belgium (BE)","2743.92","2726.19","2737.14","3025.92"
"23/08/2025 18:00:00 - 23/08/2025 19:00:00","Belgium (BE)","1683.70","1671.18","1733.43","1919.02"
"23/08/2025 19:00:00 - 23/08/2025 20:00:00","Belgium (BE)","644.44","645.36","706.15","879.89"
"23/08/2025 20:00:00 - 23/08/2025 21:00:00","Belgium (BE)","81.86","82.05","88.64","98.61"
"23/08/2025 21:00:00 - 23/08/2025 22:00:00","Belgium (BE)","0.00","0.00","0.00","0.01"
"23/08/2025 22:00:00 - 23/08/2025 23:00:00","Belgium (BE)","0.00","0.00","0.00","0.00"
"23/08/2025 23:00:00 - 24/08/2025 00:00:00","Belgium (BE)","0.00","0.00","0.00","0.00"
"24/08/2025 00:00:00 - 24/08/2025 01:00:00","Belgium (BE)","0.00","0.00","0.00","0.00"
"24/08/2025 01:00:00 - 24/08/2025 02:00:00","Belgium (BE)","0.00","0.00","0.00","0.00"
"24/08/2025 02:00:00 - 24/08/2025 03:00:00","Belgium (BE)","0.00","0.00","0.00","0.00"
"24/08/2025 03:00:00 - 24/08/2025 04:00:00","Belgium (BE)","0.00","0.00","0.00","0.00"
"24/08/2025 04:00:00 - 24/08/2025 05:00:00","Belgium (BE)","0.00","0.00","0.00","0.00"
"24/08/2025 05:00:00 - 24/08/2025 06:00:00","Belgium (BE)","0.00","0.00","0.00","0.00"
"24/08/2025 06:00:00 - 24/08/2025 07:00:00","Belgium (BE)","9.02","9.05","9.05","0.77"
"24/08/2025 07:00:00 - 24/08/2025 08:00:00","Belgium (BE)","298.92","296.67","296.67","431.22"
"24/08/2025 08:00:00 - 24/08/2025 09:00:00","Belgium (BE)","1413.63","1428.45","1487.52","1544.72"
"24/08/2025 09:00:00 - 24/08/2025 10:00:00","Belgium (BE)","3026.03","3084.85","3239.46","3057.68"
"24/08/2025 10:00:00 - 24/08/2025 11:00:00","Belgium (BE)","4468.70","4614.67","4647.03","4556.23"
"24/08/2025 11:00:00 - 24/08/2025 12:00:00","Belgium (BE)","5182.16","5485.22","5589.15","5210.20"
"24/08/2025 12:00:00 - 24/08/2025 13:00:00","Belgium (BE)","5381.06","5739.67","5584.41","5841.39"
"24/08/2025 13:00:00 - 24/08/2025 14:00:00","Belgium (BE)","5448.48","5723.24","5735.18","6444.15"
"24/08/2025 14:00:00 - 24/08/2025 15:00:00","Belgium (BE)","5215.50","5601.56","5977.85","6661.21"
"24/08/2025 15:00:00 - 24/08/2025 16:00:00","Belgium (BE)","4826.62","5273.88","6131.21","6213.41"
"24/08/2025 16:00:00 - 24/08/2025 17:00:00","Belgium (BE)","4146.61","4611.55","5203.77","5228.51"
"24/08/2025 17:00:00 - 24/08/2025 18:00:00","Belgium (BE)","3183.17","3567.11","3824.33","3778.23"
"24/08/2025 18:00:00 - 24/08/2025 19:00:00","Belgium (BE)","1854.57","2047.01","2102.63","2225.69"
"24/08/2025 19:00:00 - 24/08/2025 20:00:00","Belgium (BE)","636.56","646.54","670.37","944.35"
"24/08/2025 20:00:00 - 24/08/2025 21:00:00","Belgium (BE)","73.89","72.16","80.50","65.10"
"24/08/2025 21:00:00 - 24/08/2025 22:00:00","Belgium (BE)","0.00","0.00","0.00","0.00"
"24/08/2025 22:00:00 - 24/08/2025 23:00:00","Belgium (BE)","0.00","0.00","0.00","0.00"
"24/08/2025 23:00:00 - 25/08/2025 00:00:00","Belgium (BE)","0.00","0.00","0.00","0.00"
"25/08/2025 00:00:00 - 25/08/2025 01:00:00","Belgium (BE)","0.00","0.00","0.00","0.00"
"25/08/2025 01:00:00 - 25/08/2025 02:00:00","Belgium (BE)","0.00","0.00","0.00","0.00"
"25/08/2025 02:00:00 - 25/08/2025 03:00:00","Belgium (BE)","0.00","0.00","0.00","0.00"
"25/08/2025 03:00:00 - 25/08/2025 04:00:00","Belgium (BE)","0.00","0.00","0.00","0.00"
"25/08/2025 04:00:00 - 25/08/2025 05:00:00","Belgium (BE)","0.00","0.00","0.00","0.00"
"25/08/2025 05:00:00 - 25/08/2025 06:00:00","Belgium (BE)","0.00","0.00","0.00","0.00"
"25/08/2025 06:00:00 - 25/08/2025 07:00:00","Belgium (BE)","7.75","7.71","7.71","0.61"
"25/08/2025 07:00:00 - 25/08/2025 08:00:00","Belgium (BE)","288.73","287.42","287.42","381.22"
"25/08/2025 08:00:00 - 25/08/2025 09:00:00","Belgium (BE)","1429.68","1421.97","1460.55","1479.45"
"25/08/2025 09:00:00 - 25/08/2025 10:00:00","Belgium (BE)","3103.28","3102.82","3179.47","2960.26"
"25/08/2025 10:00:00 - 25/08/2025 11:00:00","Belgium (BE)","4653.62","4633.17","4539.04","4429.51"
"25/08/2025 11:00:00 - 25/08/2025 12:00:00","Belgium (BE)","5808.19","5802.78","5702.23","5628.10"
"25/08/2025 12:00:00 - 25/08/2025 13:00:00","Belgium (BE)","6560.74","6601.43","6420.95","6568.31"
"25/08/2025 13:00:00 - 25/08/2025 14:00:00","Belgium (BE)","6977.88","7017.83","6981.53","6957.42"
"25/08/2025 14:00:00 - 25/08/2025 15:00:00","Belgium (BE)","6888.14","6912.30","6866.18","6813.17"
"25/08/2025 15:00:00 - 25/08/2025 16:00:00","Belgium (BE)","6301.13","6313.27","6247.14","6134.90"
"25/08/2025 16:00:00 - 25/08/2025 17:00:00","Belgium (BE)","5420.64","5435.47","5301.99","5093.09"
"25/08/2025 17:00:00 - 25/08/2025 18:00:00","Belgium (BE)","3996.35","4013.42","3845.84","3629.86"
"25/08/2025 18:00:00 - 25/08/2025 19:00:00","Belgium (BE)","2129.07","2126.69","2019.62","2091.74"
"25/08/2025 19:00:00 - 25/08/2025 20:00:00","Belgium (BE)","624.62","620.80","617.51","858.80"
"25/08/2025 20:00:00 - 25/08/2025 21:00:00","Belgium (BE)","65.50","65.15","71.29","64.94"
"25/08/2025 21:00:00 - 25/08/2025 22:00:00","Belgium (BE)","0.00","0.00","0.00","0.00"
"25/08/2025 22:00:00 - 25/08/2025 23:00:00","Belgium (BE)","0.00","0.00","0.00","0.00"
"25/08/2025 23:00:00 - 26/08/2025 00:00:00","Belgium (BE)","0.00","0.00","0.00","0.00"
"26/08/2025 00:00:00 - 26/08/2025 01:00:00","Belgium (BE)","0.00","0.00","0.00","0.00"
"26/08/2025 01:00:00 - 26/08/2025 02:00:00","Belgium (BE)","0.00","0.00","0.00","0.00"
"26/08/2025 02:00:00 - 26/08/2025 03:00:00","Belgium (BE)","0.00","0.00","0.00","0.00"
"26/08/2025 03:00:00 - 26/08/2025 04:00:00","Belgium (BE)","0.00","0.00","0.00","0.00"
"26/08/2025 04:00:00 - 26/08/2025 05:00:00","Belgium (BE)","0.00","0.00","0.00","0.00"
"26/08/2025 05:00:00 - 26/08/2025 06:00:00","Belgium (BE)","0.00","0.00","0.00","0.00"
"26/08/2025 06:00:00 - 26/08/2025 07:00:00","Belgium (BE)","5.96","5.94","5.94","0.00"
"26/08/2025 07:00:00 - 26/08/2025 08:00:00","Belgium (BE)","295.05","294.63","294.63","407.18"
"26/08/2025 08:00:00 - 26/08/2025 09:00:00","Belgium (BE)","1252.44","1238.84","1308.64","1459.92"
"26/08/2025 09:00:00 - 26/08/2025 10:00:00","Belgium (BE)","2589.51","2554.43","2726.42","2912.23"
"26/08/2025 10:00:00 - 26/08/2025 11:00:00","Belgium (BE)","3759.95","3835.77","4072.78","4386.96"
"26/08/2025 11:00:00 - 26/08/2025 12:00:00","Belgium (BE)","4538.35","4776.92","4969.76","5506.80"
"26/08/2025 12:00:00 - 26/08/2025 13:00:00","Belgium (BE)","4657.41","4931.14","5283.00","5517.03"
"26/08/2025 13:00:00 - 26/08/2025 14:00:00","Belgium (BE)","4327.68","4611.56","5046.17","4902.65"
"26/08/2025 14:00:00 - 26/08/2025 15:00:00","Belgium (BE)","3579.16","3869.53","3958.15","3913.14"
"26/08/2025 15:00:00 - 26/08/2025 16:00:00","Belgium (BE)","2836.34","3113.57","3126.00","3836.78"
"26/08/2025 16:00:00 - 26/08/2025 17:00:00","Belgium (BE)","2502.36","2642.82","3071.58","3806.25"
"26/08/2025 17:00:00 - 26/08/2025 18:00:00","Belgium (BE)","2123.93","2210.61","3019.00","2925.55"
"26/08/2025 18:00:00 - 26/08/2025 19:00:00","Belgium (BE)","1415.44","1427.41","1760.76","1842.85"
"26/08/2025 19:00:00 - 26/08/2025 20:00:00","Belgium (BE)","519.71","516.97","604.82","656.89"
"26/08/2025 20:00:00 - 26/08/2025 21:00:00","Belgium (BE)","54.58","54.93","60.64","66.29"
"26/08/2025 21:00:00 - 26/08/2025 22:00:00","Belgium (BE)","0.00","0.00","0.00","0.00"
"26/08/2025 22:00:00 - 26/08/2025 23:00:00","Belgium (BE)","0.00","0.00","0.00","0.00"
"26/08/2025 23:00:00 - 27/08/2025 00:00:00","Belgium (BE)","0.00","0.00","0.00","0.00"
"27/08/2025 00:00:00 - 27/08/2025 01:00:00","Belgium (BE)","0.00","0.00","0.00","0.00"
"27/08/2025 01:00:00 - 27/08/2025 02:00:00","Belgium (BE)","0.00","0.00","0.00","0.00"
"27/08/2025 02:00:00 - 27/08/2025 03:00:00","Belgium (BE)","0.00","0.00","0.00","0.00"
"27/08/2025 03:00:00 - 27/08/2025 04:00:00","Belgium (BE)","0.00","0.00","0.00","0.00"
"27/08/2025 04:00:00 - 27/08/2025 05:00:00","Belgium (BE)","0.00","0.00","0.00","0.00"
"27/08/2025 05:00:00 - 27/08/2025 06:00:00","Belgium (BE)","0.00","0.00","0.00","0.00"
"27/08/2025 06:00:00 - 27/08/2025 07:00:00","Belgium (BE)","3.42","3.38","3.38","0.00"
"27/08/2025 07:00:00 - 27/08/2025 08:00:00","Belgium (BE)","241.84","218.86","218.86","136.56"
"27/08/2025 08:00:00 - 27/08/2025 09:00:00","Belgium (BE)","946.68","861.71","742.05","703.08"
"27/08/2025 09:00:00 - 27/08/2025 10:00:00","Belgium (BE)","1789.03","1474.60","1254.41","1715.03"
"27/08/2025 10:00:00 - 27/08/2025 11:00:00","Belgium (BE)","2654.87","2289.67","2279.20","3139.54"
"27/08/2025 11:00:00 - 27/08/2025 12:00:00","Belgium (BE)","3475.94","3284.62","4001.17","4622.41"
"27/08/2025 12:00:00 - 27/08/2025 13:00:00","Belgium (BE)","3957.99","3909.79","4584.57","5407.13"
"27/08/2025 13:00:00 - 27/08/2025 14:00:00","Belgium (BE)","4281.38","4140.29","5585.38","4850.02"
"27/08/2025 14:00:00 - 27/08/2025 15:00:00","Belgium (BE)","4470.56","4284.14","4969.53","4476.32"
"27/08/2025 15:00:00 - 27/08/2025 16:00:00","Belgium (BE)","4423.95","4234.29","4537.82","4097.60"
"27/08/2025 16:00:00 - 27/08/2025 17:00:00","Belgium (BE)","3677.36","3670.78","3640.72","3548.56"
"27/08/2025 17:00:00 - 27/08/2025 18:00:00","Belgium (BE)","2419.65","2390.19","2431.12","2627.35"
"27/08/2025 18:00:00 - 27/08/2025 19:00:00","Belgium (BE)","1324.62","1283.40","1391.66","1484.76"
"27/08/2025 19:00:00 - 27/08/2025 20:00:00","Belgium (BE)","476.38","485.30","531.51","613.59"
"27/08/2025 20:00:00 - 27/08/2025 21:00:00","Belgium (BE)","46.88","49.33","55.23","32.23"
"27/08/2025 21:00:00 - 27/08/2025 22:00:00","Belgium (BE)","0.00","0.00","0.00","0.00"
"27/08/2025 22:00:00 - 27/08/2025 23:00:00","Belgium (BE)","0.00","0.00","0.00","0.00"
"27/08/2025 23:00:00 - 28/08/2025 00:00:00","Belgium (BE)","0.00","0.00","0.00","0.00"
"28/08/2025 00:00:00 - 28/08/2025 01:00:00","Belgium (BE)","0.00","0.00","0.00","0.00"
"28/08/2025 01:00:00 - 28/08/2025 02:00:00","Belgium (BE)","0.00","0.00","0.00","0.00"
"28/08/2025 02:00:00 - 28/08/2025 03:00:00","Belgium (BE)","0.00","0.00","0.00","0.00"
"28/08/2025 03:00:00 - 28/08/2025 04:00:00","Belgium (BE)","0.00","0.00","0.00","0.00"
"28/08/2025 04:00:00 - 28/08/2025 05:00:00","Belgium (BE)","0.00","0.00","0.00","0.00"
"28/08/2025 05:00:00 - 28/08/2025 06:00:00","Belgium (BE)","0.00","0.00","0.00","0.00"
"28/08/2025 06:00:00 - 28/08/2025 07:00:00","Belgium (BE)","2.21","1.99","1.99","0.00"
"28/08/2025 07:00:00 - 28/08/2025 08:00:00","Belgium (BE)","214.80","204.83","204.83","118.57"
"28/08/2025 08:00:00 - 28/08/2025 09:00:00","Belgium (BE)","820.93","800.19","694.53","569.15"
"28/08/2025 09:00:00 - 28/08/2025 10:00:00","Belgium (BE)","1502.79","1612.93","1335.40","1340.92"
"28/08/2025 10:00:00 - 28/08/2025 11:00:00","Belgium (BE)","2210.28","2483.51","2092.46","2710.72"
"28/08/2025 11:00:00 - 28/08/2025 12:00:00","Belgium (BE)","2825.52","2874.47","3293.39","3868.89"
"28/08/2025 12:00:00 - 28/08/2025 13:00:00","Belgium (BE)","3141.38","2869.39","3765.17","4048.01"
"28/08/2025 13:00:00 - 28/08/2025 14:00:00","Belgium (BE)","3260.82","2891.73","4016.45","4727.44"
"28/08/2025 14:00:00 - 28/08/2025 15:00:00","Belgium (BE)","3521.75","3178.20","4621.12","5303.33"
"28/08/2025 15:00:00 - 28/08/2025 16:00:00","Belgium (BE)","3859.76","3429.77","4756.69","4988.17"
"28/08/2025 16:00:00 - 28/08/2025 17:00:00","Belgium (BE)","3756.82","3415.37","4394.89","4088.51"
"28/08/2025 17:00:00 - 28/08/2025 18:00:00","Belgium (BE)","2768.88","2653.34","3052.93","3116.61"
"28/08/2025 18:00:00 - 28/08/2025 19:00:00","Belgium (BE)","1536.11","1606.73","1733.01","1884.83"
"28/08/2025 19:00:00 - 28/08/2025 20:00:00","Belgium (BE)","539.35","553.78","600.83","821.51"
"28/08/2025 20:00:00 - 28/08/2025 21:00:00","Belgium (BE)","50.70","51.04","56.87","50.93"
"28/08/2025 21:00:00 - 28/08/2025 22:00:00","Belgium (BE)","0.00","0.00","0.00","0.00"
"28/08/2025 22:00:00 - 28/08/2025 23:00:00","Belgium (BE)","0.00","0.00","0.00","0.00"
"28/08/2025 23:00:00 - 29/08/2025 00:00:00","Belgium (BE)","0.00","0.00","0.00","0.00"
"29/08/2025 00:00:00 - 29/08/2025 01:00:00","Belgium (BE)","0.00","0.00","0.00","0.00"
"29/08/2025 01:00:00 - 29/08/2025 02:00:00","Belgium (BE)","0.00","0.00","0.00","0.00"
"29/08/2025 02:00:00 - 29/08/2025 03:00:00","Belgium (BE)","0.00","0.00","0.00","0.00"
"29/08/2025 03:00:00 - 29/08/2025 04:00:00","Belgium (BE)","0.00","0.00","0.00","0.00"
"29/08/2025 04:00:00 - 29/08/2025 05:00:00","Belgium (BE)","0.00","0.00","0.00","0.00"
"29/08/2025 05:00:00 - 29/08/2025 06:00:00","Belgium (BE)","0.00","0.00","0.00","0.00"
"29/08/2025 06:00:00 - 29/08/2025 07:00:00","Belgium (BE)","2.55","2.60","2.60","0.00"
"29/08/2025 07:00:00 - 29/08/2025 08:00:00","Belgium (BE)","237.55","237.73","237.73","379.80"
"29/08/2025 08:00:00 - 29/08/2025 09:00:00","Belgium (BE)","1201.83","1260.34","1289.51","1587.82"
"29/08/2025 09:00:00 - 29/08/2025 10:00:00","Belgium (BE)","2434.16","2722.50","2971.31","2776.96"
"29/08/2025 10:00:00 - 29/08/2025 11:00:00","Belgium (BE)","3038.04","3814.68","3825.59","4035.96"
"29/08/2025 11:00:00 - 29/08/2025 12:00:00","Belgium (BE)","2726.59","3933.68","4095.50","3321.60"
"29/08/2025 12:00:00 - 29/08/2025 13:00:00","Belgium (BE)","2550.96","3348.34","3151.83","2484.56"
"29/08/2025 13:00:00 - 29/08/2025 14:00:00","Belgium (BE)","2449.75","2774.56","2019.76","1973.86"
"29/08/2025 14:00:00 - 29/08/2025 15:00:00","Belgium (BE)","2063.70","2224.45","1528.47","1646.98"
"29/08/2025 15:00:00 - 29/08/2025 16:00:00","Belgium (BE)","1672.59","1614.03","1531.81","2741.89"
"29/08/2025 16:00:00 - 29/08/2025 17:00:00","Belgium (BE)","1779.22","1365.85","2411.78","2866.96"
"29/08/2025 17:00:00 - 29/08/2025 18:00:00","Belgium (BE)","1532.43","1258.72","2410.66","2324.81"
"29/08/2025 18:00:00 - 29/08/2025 19:00:00","Belgium (BE)","1060.25","974.78","1438.05","1532.77"
"29/08/2025 19:00:00 - 29/08/2025 20:00:00","Belgium (BE)","415.50","408.92","504.14","621.06"
"29/08/2025 20:00:00 - 29/08/2025 21:00:00","Belgium (BE)","37.10","36.22","39.28","57.15"
"29/08/2025 21:00:00 - 29/08/2025 22:00:00","Belgium (BE)","0.00","0.00","0.00","0.00"
"29/08/2025 22:00:00 - 29/08/2025 23:00:00","Belgium (BE)","0.00","0.00","0.00","0.00"
"29/08/2025 23:00:00 - 30/08/2025 00:00:00","Belgium (BE)","0.00","0.00","0.00","0.00"
"30/08/2025 00:00:00 - 30/08/2025 01:00:00","Belgium (BE)","0.00","0.00","0.00","0.00"
"30/08/2025 01:00:00 - 30/08/2025 02:00:00","Belgium (BE)","0.00","0.00","0.00","0.00"
"30/08/2025 02:00:00 - 30/08/2025 03:00:00","Belgium (BE)","0.00","0.00","0.00","0.00"
"30/08/2025 03:00:00 - 30/08/2025 04:00:00","Belgium (BE)","0.00","0.00","0.00","0.00"
"30/08/2025 04:00:00 - 30/08/2025 05:00:00","Belgium (BE)","0.00","0.00","0.00","0.00"
"30/08/2025 05:00:00 - 30/08/2025 06:00:00","Belgium (BE)","0.00","0.00","0.00","0.00"
"30/08/2025 06:00:00 - 30/08/2025 07:00:00","Belgium (BE)","0.95","1.28","1.28","0.00"
"30/08/2025 07:00:00 - 30/08/2025 08:00:00","Belgium (BE)","202.39","216.72","216.72","277.19"
"30/08/2025 08:00:00 - 30/08/2025 09:00:00","Belgium (BE)","943.35","1037.66","1033.90","1183.27"
"30/08/2025 09:00:00 - 30/08/2025 10:00:00","Belgium (BE)","2001.27","2180.29","2129.18","2302.16"
"30/08/2025 10:00:00 - 30/08/2025 11:00:00","Belgium (BE)","2904.55","3117.13","3078.07","3288.06"
"30/08/2025 11:00:00 - 30/08/2025 12:00:00","Belgium (BE)","3730.68","3728.81","3679.50","4017.03"
"30/08/2025 12:00:00 - 30/08/2025 13:00:00","Belgium (BE)","4095.77","4203.51","4326.27","4254.38"
"30/08/2025 13:00:00 - 30/08/2025 14:00:00","Belgium (BE)","4277.64","4372.64","4759.82","4565.60"
"30/08/2025 14:00:00 - 30/08/2025 15:00:00","Belgium (BE)","4415.01","4196.69","4492.89","4642.52"
"30/08/2025 15:00:00 - 30/08/2025 16:00:00","Belgium (BE)","4308.16","3900.56","4336.49","4290.62"
"30/08/2025 16:00:00 - 30/08/2025 17:00:00","Belgium (BE)","3741.47","3346.07","3630.90","3800.85"
"30/08/2025 17:00:00 - 30/08/2025 18:00:00","Belgium (BE)","2573.13","2213.95","2583.46","2572.83"
"30/08/2025 18:00:00 - 30/08/2025 19:00:00","Belgium (BE)","1337.44","1194.31","1441.18","1225.03"
"30/08/2025 19:00:00 - 30/08/2025 20:00:00","Belgium (BE)","467.18","428.96","465.80","427.11"
"30/08/2025 20:00:00 - 30/08/2025 21:00:00","Belgium (BE)","35.76","31.89","36.84","11.50"
"30/08/2025 21:00:00 - 30/08/2025 22:00:00","Belgium (BE)","0.00","0.00","0.00","0.00"
"30/08/2025 22:00:00 - 30/08/2025 23:00:00","Belgium (BE)","0.00","0.00","0.00","0.00"
"30/08/2025 23:00:00 - 31/08/2025 00:00:00","Belgium (BE)","0.00","0.00","0.00","0.00"
"31/08/2025 00:00:00 - 31/08/2025 01:00:00","Belgium (BE)","0.00","0.00","0.00","0.00"
"31/08/2025 01:00:00 - 31/08/2025 02:00:00","Belgium (BE)","0.00","0.00","0.00","0.00"
"31/08/2025 02:00:00 - 31/08/2025 03:00:00","Belgium (BE)","0.00","0.00","0.00","0.00"
"31/08/2025 03:00:00 - 31/08/2025 04:00:00","Belgium (BE)","0.00","0.00","0.00","0.00"
"31/08/2025 04:00:00 - 31/08/2025 05:00:00","Belgium (BE)","0.00","0.00","0.00","0.00"
"31/08/2025 05:00:00 - 31/08/2025 06:00:00","Belgium (BE)","0.00","0.00","0.00","0.00"
"31/08/2025 06:00:00 - 31/08/2025 07:00:00","Belgium (BE)","0.50","0.29","0.29","0.00"
"31/08/2025 07:00:00 - 31/08/2025 08:00:00","Belgium (BE)","123.62","121.54","121.54","90.69"
"31/08/2025 08:00:00 - 31/08/2025 09:00:00","Belgium (BE)","542.11","560.48","516.67","750.50"
"31/08/2025 09:00:00 - 31/08/2025 10:00:00","Belgium (BE)","1181.63","1332.22","1398.37","1621.39"
"31/08/2025 10:00:00 - 31/08/2025 11:00:00","Belgium (BE)","2088.53","2271.45","2425.78","2523.96"
"31/08/2025 11:00:00 - 31/08/2025 12:00:00","Belgium (BE)","2939.72","2997.02","2779.10","3071.45"
"31/08/2025 12:00:00 - 31/08/2025 13:00:00","Belgium (BE)","3160.27","3057.89","3008.81","3436.15"
"31/08/2025 13:00:00 - 31/08/2025 14:00:00","Belgium (BE)","3090.91","2705.61","3247.43","3099.09"
"31/08/2025 14:00:00 - 31/08/2025 15:00:00","Belgium (BE)","2699.50","2253.66","2587.55","2862.77"
"31/08/2025 15:00:00 - 31/08/2025 16:00:00","Belgium (BE)","2038.85","1811.14","2273.39","3018.48"
"31/08/2025 16:00:00 - 31/08/2025 17:00:00","Belgium (BE)","1456.33","1457.11","2590.81","2364.55"
"31/08/2025 17:00:00 - 31/08/2025 18:00:00","Belgium (BE)","980.43","1069.82","1678.78","1641.07"
"31/08/2025 18:00:00 - 31/08/2025 19:00:00","Belgium (BE)","655.56","666.73","915.94","919.59"
"31/08/2025 19:00:00 - 31/08/2025 20:00:00","Belgium (BE)","260.51","258.47","350.10","210.84"
"31/08/2025 20:00:00 - 31/08/2025 21:00:00","Belgium (BE)","18.07","17.39","19.62","7.45"
"31/08/2025 21:00:00 - 31/08/2025 22:00:00","Belgium (BE)","0.00","0.00","0.00","0.00"
"31/08/2025 22:00:00 - 31/08/2025 23:00:00","Belgium (BE)","0.00","0.00","0.00","0.00"
"31/08/2025 23:00:00 - 01/09/2025 00:00:00","Belgium (BE)","0.00","0.00","0.00","0.00"
"01/09/2025 00:00:00 - 01/09/2025 01:00:00","Belgium (BE)","0.00","0.00","0.00","0.00"
"01/09/2025 01:00:00 - 01/09/2025 02:00:00","Belgium (BE)","0.00","0.00","0.00","0.00"
"01/09/2025 02:00:00 - 01/09/2025 03:00:00","Belgium (BE)","0.00","0.00","0.00","0.00"
"01/09/2025 03:00:00 - 01/09/2025 04:00:00","Belgium (BE)","0.00","0.00","0.00","0.00"
"01/09/2025 04:00:00 - 01/09/2025 05:00:00","Belgium (BE)","0.00","0.00","0.00","0.00"
"01/09/2025 05:00:00 - 01/09/2025 06:00:00","Belgium (BE)","0.00","0.00","0.00","0.00"
"01/09/2025 06:00:00 - 01/09/2025 07:00:00","Belgium (BE)","0.16","0.17","0.17","0.00"
"01/09/2025 07:00:00 - 01/09/2025 08:00:00","Belgium (BE)","143.40","140.75","140.75","85.54"
"01/09/2025 08:00:00 - 01/09/2025 09:00:00","Belgium (BE)","671.45","637.10","632.51","502.16"
"01/09/2025 09:00:00 - 01/09/2025 10:00:00","Belgium (BE)","1667.02","1429.29","1380.90","1488.08"
"01/09/2025 10:00:00 - 01/09/2025 11:00:00","Belgium (BE)","3273.38","2658.06","2555.93","3522.25"
"01/09/2025 11:00:00 - 01/09/2025 12:00:00","Belgium (BE)","4642.38","4100.52","4485.93","5334.11"
"01/09/2025 12:00:00 - 01/09/2025 13:00:00","Belgium (BE)","5261.87","5147.31","6199.44","6283.03"
"01/09/2025 13:00:00 - 01/09/2025 14:00:00","Belgium (BE)","5538.20","5646.05","6306.39","6200.75"
"01/09/2025 14:00:00 - 01/09/2025 15:00:00","Belgium (BE)","5452.05","5418.24","6013.70","5908.81"
"01/09/2025 15:00:00 - 01/09/2025 16:00:00","Belgium (BE)","5018.72","4887.03","5151.55","5603.26"
"01/09/2025 16:00:00 - 01/09/2025 17:00:00","Belgium (BE)","4121.23","3939.20","4466.23","4388.05"
"01/09/2025 17:00:00 - 01/09/2025 18:00:00","Belgium (BE)","2832.93","2728.66","2962.21","2804.02"
"01/09/2025 18:00:00 - 01/09/2025 19:00:00","Belgium (BE)","1495.74","1500.23","1498.14","1557.70"
"01/09/2025 19:00:00 - 01/09/2025 20:00:00","Belgium (BE)","462.59","468.30","471.05","492.42"
"01/09/2025 20:00:00 - 01/09/2025 21:00:00","Belgium (BE)","28.44","28.71","28.50","8.78"
"01/09/2025 21:00:00 - 01/09/2025 22:00:00","Belgium (BE)","0.00","0.00","0.00","0.00"
"01/09/2025 22:00:00 - 01/09/2025 23:00:00","Belgium (BE)","0.00","0.00","0.00","0.00"
"01/09/2025 23:00:00 - 02/09/2025 00:00:00","Belgium (BE)","0.00","0.00","0.00","0.00"
"02/09/2025 00:00:00 - 02/09/2025 01:00:00","Belgium (BE)","0.00","0.00","0.00","0.00"
"02/09/2025 01:00:00 - 02/09/2025 02:00:00","Belgium (BE)","0.00","0.00","0.00","0.00"
"02/09/2025 02:00:00 - 02/09/2025 03:00:00","Belgium (BE)","0.00","0.00","0.00","0.00"
"02/09/2025 03:00:00 - 02/09/2025 04:00:00","Belgium (BE)","0.00","0.00","0.00","0.00"
"02/09/2025 04:00:00 - 02/09/2025 05:00:00","Belgium (BE)","0.00","0.00","0.00","0.00"
"02/09/2025 05:00:00 - 02/09/2025 06:00:00","Belgium (BE)","0.00","0.00","0.00","0.00"
"02/09/2025 06:00:00 - 02/09/2025 07:00:00","Belgium (BE)","0.15","0.17","0.17","0.00"
"02/09/2025 07:00:00 - 02/09/2025 08:00:00","Belgium (BE)","190.74","203.51","203.51","321.06"
"02/09/2025 08:00:00 - 02/09/2025 09:00:00","Belgium (BE)","1049.51","1145.00","1172.27","1590.51"
"02/09/2025 09:00:00 - 02/09/2025 10:00:00","Belgium (BE)","2271.39","2648.57","2975.39","3268.99"
"02/09/2025 10:00:00 - 02/09/2025 11:00:00","Belgium (BE)","3431.07","4107.90","4611.55","4881.60"
"02/09/2025 11:00:00 - 02/09/2025 12:00:00","Belgium (BE)","4203.95","5026.71","5680.39","5373.23"
"02/09/2025 12:00:00 - 02/09/2025 13:00:00","Belgium (BE)","4830.81","5324.19","5616.88","5713.20"
"02/09/2025 13:00:00 - 02/09/2025 14:00:00","Belgium (BE)","5292.25","5244.90","5494.34","5751.02"
"02/09/2025 14:00:00 - 02/09/2025 15:00:00","Belgium (BE)","4828.76","4584.49","4678.35","4949.68"
"02/09/2025 15:00:00 - 02/09/2025 16:00:00","Belgium (BE)","3918.80","3305.31","4122.66","3429.88"
"02/09/2025 16:00:00 - 02/09/2025 17:00:00","Belgium (BE)","2555.09","2025.74","2434.76","2048.00"
"02/09/2025 17:00:00 - 02/09/2025 18:00:00","Belgium (BE)","1320.33","1130.61","1129.96","1144.95"
"02/09/2025 18:00:00 - 02/09/2025 19:00:00","Belgium (BE)","675.17","599.59","613.52","732.03"
"02/09/2025 19:00:00 - 02/09/2025 20:00:00","Belgium (BE)","235.67","216.73","226.49","273.16"
"02/09/2025 20:00:00 - 02/09/2025 21:00:00","Belgium (BE)","11.36","10.73","12.11","6.23"
"02/09/2025 21:00:00 - 02/09/2025 22:00:00","Belgium (BE)","0.00","0.00","0.00","0.00"
"02/09/2025 22:00:00 - 02/09/2025 23:00:00","Belgium (BE)","0.00","0.00","0.00","0.00"
"02/09/2025 23:00:00 - 03/09/2025 00:00:00","Belgium (BE)","0.00","0.00","0.00","0.00"
"03/09/2025 00:00:00 - 03/09/2025 01:00:00","Belgium (BE)","0.00","0.00","0.00","0.00"
"03/09/2025 01:00:00 - 03/09/2025 02:00:00","Belgium (BE)","0.00","0.00","0.00","0.00"
"03/09/2025 02:00:00 - 03/09/2025 03:00:00","Belgium (BE)","0.00","0.00","0.00","0.00"
"03/09/2025 03:00:00 - 03/09/2025 04:00:00","Belgium (BE)","0.00","0.00","0.00","0.00"
"03/09/2025 04:00:00 - 03/09/2025 05:00:00","Belgium (BE)","0.00","0.00","0.00","0.00"
"03/09/2025 05:00:00 - 03/09/2025 06:00:00","Belgium (BE)","0.00","0.00","0.00","0.00"
"03/09/2025 06:00:00 - 03/09/2025 07:00:00","Belgium (BE)","0.01","0.01","0.01","0.00"
"03/09/2025 07:00:00 - 03/09/2025 08:00:00","Belgium (BE)","103.61","91.41","91.41","115.99"
"03/09/2025 08:00:00 - 03/09/2025 09:00:00","Belgium (BE)","474.63","412.97","497.05","478.34"
"03/09/2025 09:00:00 - 03/09/2025 10:00:00","Belgium (BE)","1058.46","898.16","993.39","940.47"
"03/09/2025 10:00:00 - 03/09/2025 11:00:00","Belgium (BE)","1978.53","1856.04","1893.09","1646.20"
"03/09/2025 11:00:00 - 03/09/2025 12:00:00","Belgium (BE)","2803.37","2941.69","2634.45","2289.11"
"03/09/2025 12:00:00 - 03/09/2025 13:00:00","Belgium (BE)","3138.53","3037.55","2451.19","2462.94"
"03/09/2025 13:00:00 - 03/09/2025 14:00:00","Belgium (BE)","3254.71","2995.32","2661.52","2203.13"
"03/09/2025 14:00:00 - 03/09/2025 15:00:00","Belgium (BE)","2919.57","2890.52","2556.41","2302.37"
"03/09/2025 15:00:00 - 03/09/2025 16:00:00","Belgium (BE)","2472.30","2772.56","2484.18","2250.81"
"03/09/2025 16:00:00 - 03/09/2025 17:00:00","Belgium (BE)","1939.80","2401.19","1854.95","2145.47"
"03/09/2025 17:00:00 - 03/09/2025 18:00:00","Belgium (BE)","1364.83","1820.24","1587.57","1263.94"
"03/09/2025 18:00:00 - 03/09/2025 19:00:00","Belgium (BE)","873.52","1120.51","893.95","973.72"
"03/09/2025 19:00:00 - 03/09/2025 20:00:00","Belgium (BE)","305.44","376.48","337.44","363.64"
"03/09/2025 20:00:00 - 03/09/2025 21:00:00","Belgium (BE)","13.82","17.10","15.16","11.86"
"03/09/2025 21:00:00 - 03/09/2025 22:00:00","Belgium (BE)","0.00","0.00","0.00","0.00"
"03/09/2025 22:00:00 - 03/09/2025 23:00:00","Belgium (BE)","0.00","0.00","0.00","0.00"
"03/09/2025 23:00:00 - 04/09/2025 00:00:00","Belgium (BE)","0.00","0.00","0.00","0.00"
"04/09/2025 00:00:00 - 04/09/2025 01:00:00","Belgium (BE)","0.00","0.00","0.00","0.00"
"04/09/2025 01:00:00 - 04/09/2025 02:00:00","Belgium (BE)","0.00","0.00","0.00","0.00"
"04/09/2025 02:00:00 - 04/09/2025 03:00:00","Belgium (BE)","0.00","0.00","0.00","0.00"
"04/09/2025 03:00:00 - 04/09/2025 04:00:00","Belgium (BE)","0.00","0.00","0.00","0.00"
"04/09/2025 04:00:00 - 04/09/2025 05:00:00","Belgium (BE)","0.00","0.00","0.00","0.00"
"04/09/2025 05:00:00 - 04/09/2025 06:00:00","Belgium (BE)","0.00","0.00","0.00","0.00"
"04/09/2025 06:00:00 - 04/09/2025 07:00:00","Belgium (BE)","0.00","0.00","0.00","0.00"
"04/09/2025 07:00:00 - 04/09/2025 08:00:00","Belgium (BE)","181.87","183.64","183.64","193.12"
"04/09/2025 08:00:00 - 04/09/2025 09:00:00","Belgium (BE)","1102.15","1054.81","995.61","1226.08"
"04/09/2025 09:00:00 - 04/09/2025 10:00:00","Belgium (BE)","2535.79","2403.59","2540.04","2639.56"
"04/09/2025 10:00:00 - 04/09/2025 11:00:00","Belgium (BE)","3856.18","3892.09","4098.79","4141.54"
"04/09/2025 11:00:00 - 04/09/2025 12:00:00","Belgium (BE)","4602.94","4868.29","4949.67","5259.66"
"04/09/2025 12:00:00 - 04/09/2025 13:00:00","Belgium (BE)","4724.38","4998.48","5047.89","5129.37"
"04/09/2025 13:00:00 - 04/09/2025 14:00:00","Belgium (BE)","4225.66","4477.49","4181.49","4574.09"
"04/09/2025 14:00:00 - 04/09/2025 15:00:00","Belgium (BE)","3535.01","3716.56","3473.99","3676.70"
"04/09/2025 15:00:00 - 04/09/2025 16:00:00","Belgium (BE)","2890.91","2905.22","3465.65","3320.44"
"04/09/2025 16:00:00 - 04/09/2025 17:00:00","Belgium (BE)","2289.00","2351.52","2745.14","2868.42"
"04/09/2025 17:00:00 - 04/09/2025 18:00:00","Belgium (BE)","1529.79","1625.54","2006.40","2212.81"
"04/09/2025 18:00:00 - 04/09/2025 19:00:00","Belgium (BE)","945.70","967.98","1214.68","1449.76"
"04/09/2025 19:00:00 - 04/09/2025 20:00:00","Belgium (BE)","317.93","325.13","403.38","540.19"
"04/09/2025 20:00:00 - 04/09/2025 21:00:00","Belgium (BE)","12.31","12.44","15.94","22.12"
"04/09/2025 21:00:00 - 04/09/2025 22:00:00","Belgium (BE)","0.00","0.00","0.00","0.00"
"04/09/2025 22:00:00 - 04/09/2025 23:00:00","Belgium (BE)","0.00","0.00","0.00","0.00"
"04/09/2025 23:00:00 - 05/09/2025 00:00:00","Belgium (BE)","0.00","0.00","0.00","0.00"
"05/09/2025 00:00:00 - 05/09/2025 01:00:00","Belgium (BE)","0.00","0.00","0.00","0.00"
"05/09/2025 01:00:00 - 05/09/2025 02:00:00","Belgium (BE)","0.00","0.00","0.00","0.00"
"05/09/2025 02:00:00 - 05/09/2025 03:00:00","Belgium (BE)","0.00","0.00","0.00","0.00"
"05/09/2025 03:00:00 - 05/09/2025 04:00:00","Belgium (BE)","0.00","0.00","0.00","0.00"
"05/09/2025 04:00:00 - 05/09/2025 05:00:00","Belgium (BE)","0.00","0.00","0.00","0.00"
"05/09/2025 05:00:00 - 05/09/2025 06:00:00","Belgium (BE)","0.00","0.00","0.00","0.00"
"05/09/2025 06:00:00 - 05/09/2025 07:00:00","Belgium (BE)","0.00","0.00","0.00","0.00"
"05/09/2025 07:00:00 - 05/09/2025 08:00:00","Belgium (BE)","176.51","174.70","174.70","252.41"
"05/09/2025 08:00:00 - 05/09/2025 09:00:00","Belgium (BE)","1160.48","1126.99","1136.61","1426.01"
"05/09/2025 09:00:00 - 05/09/2025 10:00:00","Belgium (BE)","2726.16","2667.20","2954.04","3044.79"
"05/09/2025 10:00:00 - 05/09/2025 11:00:00","Belgium (BE)","4057.51","4020.82","4379.92","4649.33"
"05/09/2025 11:00:00 - 05/09/2025 12:00:00","Belgium (BE)","4728.10","4752.48","5179.99","5131.30"
"05/09/2025 12:00:00 - 05/09/2025 13:00:00","Belgium (BE)","5177.36","5257.24","5524.49","5471.22"
"05/09/2025 13:00:00 - 05/09/2025 14:00:00","Belgium (BE)","5320.32","5511.05","5743.17","5621.99"
"05/09/2025 14:00:00 - 05/09/2025 15:00:00","Belgium (BE)","5213.90","5433.95","5514.73","5712.77"
"05/09/2025 15:00:00 - 05/09/2025 16:00:00","Belgium (BE)","5018.24","4995.53","5236.34","5161.38"
"05/09/2025 16:00:00 - 05/09/2025 17:00:00","Belgium (BE)","4343.32","4138.22","4292.11","4288.13"
"05/09/2025 17:00:00 - 05/09/2025 18:00:00","Belgium (BE)","3069.72","2941.29","3088.92","3106.79"
"05/09/2025 18:00:00 - 05/09/2025 19:00:00","Belgium (BE)","1634.06","1604.02","1639.44","1747.37"
"05/09/2025 19:00:00 - 05/09/2025 20:00:00","Belgium (BE)","429.71","426.39","435.25","547.66"
"05/09/2025 20:00:00 - 05/09/2025 21:00:00","Belgium (BE)","13.40","13.26","14.05","4.28"
"05/09/2025 21:00:00 - 05/09/2025 22:00:00","Belgium (BE)","0.00","0.00","0.00","0.00"
"05/09/2025 22:00:00 - 05/09/2025 23:00:00","Belgium (BE)","0.00","0.00","0.00","0.00"
"05/09/2025 23:00:00 - 06/09/2025 00:00:00","Belgium (BE)","0.00","0.00","0.00","0.00"
"06/09/2025 00:00:00 - 06/09/2025 01:00:00","Belgium (BE)","0.00","0.00","0.00","0.00"
"06/09/2025 01:00:00 - 06/09/2025 02:00:00","Belgium (BE)","0.00","0.00","0.00","0.00"
"06/09/2025 02:00:00 - 06/09/2025 03:00:00","Belgium (BE)","0.00","0.00","0.00","0.00"
"06/09/2025 03:00:00 - 06/09/2025 04:00:00","Belgium (BE)","0.00","0.00","0.00","0.00"
"06/09/2025 04:00:00 - 06/09/2025 05:00:00","Belgium (BE)","0.00","0.00","0.00","0.00"
"06/09/2025 05:00:00 - 06/09/2025 06:00:00","Belgium (BE)","0.00","0.00","0.00","0.00"
"06/09/2025 06:00:00 - 06/09/2025 07:00:00","Belgium (BE)","0.00","0.00","0.00","0.00"
"06/09/2025 07:00:00 - 06/09/2025 08:00:00","Belgium (BE)","167.99","168.29","168.29","283.66"
"06/09/2025 08:00:00 - 06/09/2025 09:00:00","Belgium (BE)","1191.18","1166.58","1251.55","1478.15"
"06/09/2025 09:00:00 - 06/09/2025 10:00:00","Belgium (BE)","2933.57","2881.56","3179.49","3124.42"
"06/09/2025 10:00:00 - 06/09/2025 11:00:00","Belgium (BE)","4552.64","4512.29","4788.98","4716.62"
"06/09/2025 11:00:00 - 06/09/2025 12:00:00","Belgium (BE)","5429.22","5489.73","5660.18","5683.75"
"06/09/2025 12:00:00 - 06/09/2025 13:00:00","Belgium (BE)","5796.18","5862.13","6074.79","5912.90"
"06/09/2025 13:00:00 - 06/09/2025 14:00:00","Belgium (BE)","5912.09","5820.81","5967.35","6089.19"
"06/09/2025 14:00:00 - 06/09/2025 15:00:00","Belgium (BE)","5690.04","5466.71","5771.46","5731.30"
"06/09/2025 15:00:00 - 06/09/2025 16:00:00","Belgium (BE)","5096.28","4872.18","5126.28","5091.31"
"06/09/2025 16:00:00 - 06/09/2025 17:00:00","Belgium (BE)","3956.70","3744.35","3995.36","4558.58"
"06/09/2025 17:00:00 - 06/09/2025 18:00:00","Belgium (BE)","2622.17","2395.90","3046.95","3240.96"
"06/09/2025 18:00:00 - 06/09/2025 19:00:00","Belgium (BE)","1443.17","1327.83","1635.69","1736.88"
"06/09/2025 19:00:00 - 06/09/2025 20:00:00","Belgium (BE)","394.26","374.32","417.25","520.72"
"06/09/2025 20:00:00 - 06/09/2025 21:00:00","Belgium (BE)","9.92","9.40","10.49","4.47"
"06/09/2025 21:00:00 - 06/09/2025 22:00:00","Belgium (BE)","0.00","0.00","0.00","0.00"
"06/09/2025 22:00:00 - 06/09/2025 23:00:00","Belgium (BE)","0.00","0.00","0.00","0.00"
"06/09/2025 23:00:00 - 07/09/2025 00:00:00","Belgium (BE)","0.00","0.00","0.00","0.00"
"07/09/2025 00:00:00 - 07/09/2025 01:00:00","Belgium (BE)","0.00","0.00","0.00","0.00"
"07/09/2025 01:00:00 - 07/09/2025 02:00:00","Belgium (BE)","0.00","0.00","0.00","0.00"
"07/09/2025 02:00:00 - 07/09/2025 03:00:00","Belgium (BE)","0.00","0.00","0.00","0.00"
"07/09/2025 03:00:00 - 07/09/2025 04:00:00","Belgium (BE)","0.00","0.00","0.00","0.00"
"07/09/2025 04:00:00 - 07/09/2025 05:00:00","Belgium (BE)","0.00","0.00","0.00","0.00"
"07/09/2025 05:00:00 - 07/09/2025 06:00:00","Belgium (BE)","0.00","0.00","0.00","0.00"
"07/09/2025 06:00:00 - 07/09/2025 07:00:00","Belgium (BE)","0.00","0.00","0.00","0.00"
"07/09/2025 07:00:00 - 07/09/2025 08:00:00","Belgium (BE)","158.23","158.53","158.53","264.09"
"07/09/2025 08:00:00 - 07/09/2025 09:00:00","Belgium (BE)","1215.07","1219.13","1227.59","1495.56"
"07/09/2025 09:00:00 - 07/09/2025 10:00:00","Belgium (BE)","3071.82","3074.74","3328.56","3205.12"
"07/09/2025 10:00:00 - 07/09/2025 11:00:00","Belgium (BE)","4810.19","4811.51","4945.22","4991.79"
"07/09/2025 11:00:00 - 07/09/2025 12:00:00","Belgium (BE)","5910.87","5900.09","6017.09","6378.04"
"07/09/2025 12:00:00 - 07/09/2025 13:00:00","Belgium (BE)","6559.61","6530.23","6858.29","7405.67"
"07/09/2025 13:00:00 - 07/09/2025 14:00:00","Belgium (BE)","6823.39","6779.09","7412.57","7726.27"
"07/09/2025 14:00:00 - 07/09/2025 15:00:00","Belgium (BE)","6629.25","6583.73","7223.82","7517.67"
"07/09/2025 15:00:00 - 07/09/2025 16:00:00","Belgium (BE)","6062.32","6032.47","6597.58","6618.97"
"07/09/2025 16:00:00 - 07/09/2025 17:00:00","Belgium (BE)","5124.76","5109.04","5402.77","5134.79"
"07/09/2025 17:00:00 - 07/09/2025 18:00:00","Belgium (BE)","3487.02","3482.69","3534.61","3227.46"
"07/09/2025 18:00:00 - 07/09/2025 19:00:00","Belgium (BE)","1645.21","1657.93","1622.79","1359.21"
"07/09/2025 19:00:00 - 07/09/2025 20:00:00","Belgium (BE)","382.12","383.09","365.14","238.23"
"07/09/2025 20:00:00 - 07/09/2025 21:00:00","Belgium (BE)","8.10","8.08","7.69","2.98"
"07/09/2025 21:00:00 - 07/09/2025 22:00:00","Belgium (BE)","0.00","0.00","0.00","0.00"
"07/09/2025 22:00:00 - 07/09/2025 23:00:00","Belgium (BE)","0.00","0.00","0.00","0.00"
"07/09/2025 23:00:00 - 08/09/2025 00:00:00","Belgium (BE)","0.00","0.00","0.00","0.00"
"08/09/2025 00:00:00 - 08/09/2025 01:00:00","Belgium (BE)","0.00","0.00","0.00","0.00"
"08/09/2025 01:00:00 - 08/09/2025 02:00:00","Belgium (BE)","0.00","0.00","0.00","0.00"
"08/09/2025 02:00:00 - 08/09/2025 03:00:00","Belgium (BE)","0.00","0.00","0.00","0.00"
"08/09/2025 03:00:00 - 08/09/2025 04:00:00","Belgium (BE)","0.00","0.00","0.00","0.00"
"08/09/2025 04:00:00 - 08/09/2025 05:00:00","Belgium (BE)","0.00","0.00","0.00","0.00"
"08/09/2025 05:00:00 - 08/09/2025 06:00:00","Belgium (BE)","0.00","0.00","0.00","0.00"
"08/09/2025 06:00:00 - 08/09/2025 07:00:00","Belgium (BE)","0.00","0.00","0.00","0.00"
"08/09/2025 07:00:00 - 08/09/2025 08:00:00","Belgium (BE)","116.19","122.84","122.84","50.54"
"08/09/2025 08:00:00 - 08/09/2025 09:00:00","Belgium (BE)","722.96","795.87","734.54","488.06"
"08/09/2025 09:00:00 - 08/09/2025 10:00:00","Belgium (BE)","1681.41","1969.45","1481.21","1667.44"
"08/09/2025 10:00:00 - 08/09/2025 11:00:00","Belgium (BE)","2754.86","3221.90","2799.58","3315.50"
"08/09/2025 11:00:00 - 08/09/2025 12:00:00","Belgium (BE)","3649.26","3884.66","4101.96","4373.53"
"08/09/2025 12:00:00 - 08/09/2025 13:00:00","Belgium (BE)","4223.03","4059.27","4780.95","4945.54"
"08/09/2025 13:00:00 - 08/09/2025 14:00:00","Belgium (BE)","4790.23","4248.68","5036.44","5328.85"
"08/09/2025 14:00:00 - 08/09/2025 15:00:00","Belgium (BE)","4885.90","4400.97","5034.34","4668.44"
"08/09/2025 15:00:00 - 08/09/2025 16:00:00","Belgium (BE)","4509.83","4359.78","4345.27","3655.42"
"08/09/2025 16:00:00 - 08/09/2025 17:00:00","Belgium (BE)","3755.04","3812.19","3043.40","3039.22"
"08/09/2025 17:00:00 - 08/09/2025 18:00:00","Belgium (BE)","2588.96","2656.00","2197.36","2165.52"
"08/09/2025 18:00:00 - 08/09/2025 19:00:00","Belgium (BE)","1325.79","1376.61","1211.29","1092.18"
"08/09/2025 19:00:00 - 08/09/2025 20:00:00","Belgium (BE)","329.85","336.86","309.36","246.61"
"08/09/2025 20:00:00 - 08/09/2025 21:00:00","Belgium (BE)","5.47","5.71","5.08","1.10"
"08/09/2025 21:00:00 - 08/09/2025 22:00:00","Belgium (BE)","0.00","0.00","0.00","0.00"
"08/09/2025 22:00:00 - 08/09/2025 23:00:00","Belgium (BE)","0.00","0.00","0.00","0.00"
"08/09/2025 23:00:00 - 09/09/2025 00:00:00","Belgium (BE)","0.00","0.00","0.00","0.00"
"09/09/2025 00:00:00 - 09/09/2025 01:00:00","Belgium (BE)","0.00","0.00","0.00","0.00"
"09/09/2025 01:00:00 - 09/09/2025 02:00:00","Belgium (BE)","0.00","0.00","0.00","0.00"
"09/09/2025 02:00:00 - 09/09/2025 03:00:00","Belgium (BE)","0.00","0.00","0.00","0.00"
"09/09/2025 03:00:00 - 09/09/2025 04:00:00","Belgium (BE)","0.00","0.00","0.00","0.00"
"09/09/2025 04:00:00 - 09/09/2025 05:00:00","Belgium (BE)","0.00","0.00","0.00","0.00"
"09/09/2025 05:00:00 - 09/09/2025 06:00:00","Belgium (BE)","0.00","0.00","0.00","0.00"
"09/09/2025 06:00:00 - 09/09/2025 07:00:00","Belgium (BE)","0.00","0.00","0.00","0.00"
"09/09/2025 07:00:00 - 09/09/2025 08:00:00","Belgium (BE)","64.34","49.10","49.10","10.03"
"09/09/2025 08:00:00 - 09/09/2025 09:00:00","Belgium (BE)","408.15","313.03","316.91","191.21"
"09/09/2025 09:00:00 - 09/09/2025 10:00:00","Belgium (BE)","943.50","744.53","714.32","670.14"
"09/09/2025 10:00:00 - 09/09/2025 11:00:00","Belgium (BE)","1736.51","1440.03","1479.10","1607.50"
"09/09/2025 11:00:00 - 09/09/2025 12:00:00","Belgium (BE)","2688.47","2062.22","2408.07","2569.42"
"09/09/2025 12:00:00 - 09/09/2025 13:00:00","Belgium (BE)","3431.72","2616.43","3022.35","3560.48"
"09/09/2025 13:00:00 - 09/09/2025 14:00:00","Belgium (BE)","4018.71","3071.65","4314.47","4075.93"
"09/09/2025 14:00:00 - 09/09/2025 15:00:00","Belgium (BE)","4200.39","3271.83","4420.20","4652.00"
"09/09/2025 15:00:00 - 09/09/2025 16:00:00","Belgium (BE)","4099.97","3421.57","4646.13","4613.41"
"09/09/2025 16:00:00 - 09/09/2025 17:00:00","Belgium (BE)","3455.82","3246.30","4055.56","3931.18"
"09/09/2025 17:00:00 - 09/09/2025 18:00:00","Belgium (BE)","2360.06","2498.85","2864.05","2751.41"
"09/09/2025 18:00:00 - 09/09/2025 19:00:00","Belgium (BE)","1227.25","1335.01","1408.41","1283.04"
"09/09/2025 19:00:00 - 09/09/2025 20:00:00","Belgium (BE)","298.50","314.04","317.01","259.71"
"09/09/2025 20:00:00 - 09/09/2025 21:00:00","Belgium (BE)","3.57","3.82","4.06","1.17"
"09/09/2025 21:00:00 - 09/09/2025 22:00:00","Belgium (BE)","0.00","0.00","0.00","0.00"
"09/09/2025 22:00:00 - 09/09/2025 23:00:00","Belgium (BE)","0.00","0.00","0.00","0.00"
"09/09/2025 23:00:00 - 10/09/2025 00:00:00","Belgium (BE)","0.00","0.00","0.00","0.00"
"10/09/2025 00:00:00 - 10/09/2025 01:00:00","Belgium (BE)","0.00","0.00","0.00","0.00"
"10/09/2025 01:00:00 - 10/09/2025 02:00:00","Belgium (BE)","0.00","0.00","0.00","0.00"
"10/09/2025 02:00:00 - 10/09/2025 03:00:00","Belgium (BE)","0.00","0.00","0.00","0.00"
"10/09/2025 03:00:00 - 10/09/2025 04:00:00","Belgium (BE)","0.00","0.00","0.00","0.00"
"10/09/2025 04:00:00 - 10/09/2025 05:00:00","Belgium (BE)","0.00","0.00","0.00","0.00"
"10/09/2025 05:00:00 - 10/09/2025 06:00:00","Belgium (BE)","0.00","0.00","0.00","0.00"
"10/09/2025 06:00:00 - 10/09/2025 07:00:00","Belgium (BE)","0.00","0.00","0.00","0.00"
"10/09/2025 07:00:00 - 10/09/2025 08:00:00","Belgium (BE)","128.26","122.98","122.98","105.41"
"10/09/2025 08:00:00 - 10/09/2025 09:00:00","Belgium (BE)","938.85","878.79","804.92","790.50"
"10/09/2025 09:00:00 - 10/09/2025 10:00:00","Belgium (BE)","2188.79","2105.89","1989.27","2139.04"
"10/09/2025 10:00:00 - 10/09/2025 11:00:00","Belgium (BE)","3488.73","3538.77","3679.14","3993.02"
"10/09/2025 11:00:00 - 10/09/2025 12:00:00","Belgium (BE)","4479.50","4685.57","4944.87","5771.86"
"10/09/2025 12:00:00 - 10/09/2025 13:00:00","Belgium (BE)","4582.06","5124.63","5917.07","6345.64"
"10/09/2025 13:00:00 - 10/09/2025 14:00:00","Belgium (BE)","3920.91","4738.46","5085.03","5072.63"
"10/09/2025 14:00:00 - 10/09/2025 15:00:00","Belgium (BE)","3085.82","3999.55","3771.46","3703.90"
"10/09/2025 15:00:00 - 10/09/2025 16:00:00","Belgium (BE)","2471.75","3046.32","2711.83","2758.88"
"10/09/2025 16:00:00 - 10/09/2025 17:00:00","Belgium (BE)","2065.19","2311.59","2096.28","1843.85"
"10/09/2025 17:00:00 - 10/09/2025 18:00:00","Belgium (BE)","1528.41","1504.89","1509.88","1304.71"
"10/09/2025 18:00:00 - 10/09/2025 19:00:00","Belgium (BE)","900.04","831.78","870.98","621.77"
"10/09/2025 19:00:00 - 10/09/2025 20:00:00","Belgium (BE)","232.08","220.85","225.79","110.35"
"10/09/2025 20:00:00 - 10/09/2025 21:00:00","Belgium (BE)","1.57","1.53","1.65","0.18"
"10/09/2025 21:00:00 - 10/09/2025 22:00:00","Belgium (BE)","0.00","0.00","0.00","0.00"
"10/09/2025 22:00:00 - 10/09/2025 23:00:00","Belgium (BE)","0.00","0.00","0.00","0.00"
"10/09/2025 23:00:00 - 11/09/2025 00:00:00","Belgium (BE)","0.00","0.00","0.00","0.00"
"11/09/2025 00:00:00 - 11/09/2025 01:00:00","Belgium (BE)","0.00","0.00","0.00","0.00"
"11/09/2025 01:00:00 - 11/09/2025 02:00:00","Belgium (BE)","0.00","0.00","0.00","0.00"
"11/09/2025 02:00:00 - 11/09/2025 03:00:00","Belgium (BE)","0.00","0.00","0.00","0.00"
"11/09/2025 03:00:00 - 11/09/2025 04:00:00","Belgium (BE)","0.00","0.00","0.00","0.00"
"11/09/2025 04:00:00 - 11/09/2025 05:00:00","Belgium (BE)","0.00","0.00","0.00","0.00"
"11/09/2025 05:00:00 - 11/09/2025 06:00:00","Belgium (BE)","0.00","0.00","0.00","0.00"
"11/09/2025 06:00:00 - 11/09/2025 07:00:00","Belgium (BE)","0.00","0.00","0.00","0.00"
"11/09/2025 07:00:00 - 11/09/2025 08:00:00","Belgium (BE)","118.52","120.28","120.28","86.46"
"11/09/2025 08:00:00 - 11/09/2025 09:00:00","Belgium (BE)","931.34","920.97","855.44","735.38"
"11/09/2025 09:00:00 - 11/09/2025 10:00:00","Belgium (BE)","2144.54","1955.52","1843.00","1807.33"
"11/09/2025 10:00:00 - 11/09/2025 11:00:00","Belgium (BE)","2842.26","2575.49","2480.84","2955.61"
"11/09/2025 11:00:00 - 11/09/2025 12:00:00","Belgium (BE)","3208.59","3062.47","3321.41","3673.81"
"11/09/2025 12:00:00 - 11/09/2025 13:00:00","Belgium (BE)","3421.31","3124.73","3703.19","4157.15"
"11/09/2025 13:00:00 - 11/09/2025 14:00:00","Belgium (BE)","3023.75","2884.92","3597.47","4333.28"
"11/09/2025 14:00:00 - 11/09/2025 15:00:00","Belgium (BE)","2709.58","2684.50","3553.10","3950.07"
"11/09/2025 15:00:00 - 11/09/2025 16:00:00","Belgium (BE)","2619.42","2783.84","3465.53","3680.16"
"11/09/2025 16:00:00 - 11/09/2025 17:00:00","Belgium (BE)","2510.95","2801.59","3482.89","2944.30"
"11/09/2025 17:00:00 - 11/09/2025 18:00:00","Belgium (BE)","2068.40","2238.91","2481.29","2262.10"
"11/09/2025 18:00:00 - 11/09/2025 19:00:00","Belgium (BE)","1230.29","1278.03","1281.64","1145.70"
"11/09/2025 19:00:00 - 11/09/2025 20:00:00","Belgium (BE)","286.51","294.23","281.02","273.12"
"11/09/2025 20:00:00 - 11/09/2025 21:00:00","Belgium (BE)","1.25","1.21","1.25","0.38"
"11/09/2025 21:00:00 - 11/09/2025 22:00:00","Belgium (BE)","0.00","0.00","0.00","0.00"
"11/09/2025 22:00:00 - 11/09/2025 23:00:00","Belgium (BE)","0.00","0.00","0.00","0.00"
"11/09/2025 23:00:00 - 12/09/2025 00:00:00","Belgium (BE)","0.00","0.00","0.00","0.00"
"12/09/2025 00:00:00 - 12/09/2025 01:00:00","Belgium (BE)","0.00","0.00","0.00","0.00"
"12/09/2025 01:00:00 - 12/09/2025 02:00:00","Belgium (BE)","0.00","0.00","0.00","0.00"
"12/09/2025 02:00:00 - 12/09/2025 03:00:00","Belgium (BE)","0.00","0.00","0.00","0.00"
"12/09/2025 03:00:00 - 12/09/2025 04:00:00","Belgium (BE)","0.00","0.00","0.00","0.00"
"12/09/2025 04:00:00 - 12/09/2025 05:00:00","Belgium (BE)","0.00","0.00","0.00","0.00"
"12/09/2025 05:00:00 - 12/09/2025 06:00:00","Belgium (BE)","0.00","0.00","0.00","0.00"
"12/09/2025 06:00:00 - 12/09/2025 07:00:00","Belgium (BE)","0.00","0.00","0.00","0.00"
"12/09/2025 07:00:00 - 12/09/2025 08:00:00","Belgium (BE)","112.89","112.60","112.60","149.15"
"12/09/2025 08:00:00 - 12/09/2025 09:00:00","Belgium (BE)","954.98","939.80","892.22","1176.15"
"12/09/2025 09:00:00 - 12/09/2025 10:00:00","Belgium (BE)","2375.96","2313.43","2420.31","2629.13"
"12/09/2025 10:00:00 - 12/09/2025 11:00:00","Belgium (BE)","3405.73","3461.19","3605.37","4351.01"
"12/09/2025 11:00:00 - 12/09/2025 12:00:00","Belgium (BE)","3658.15","3973.05","4721.49","5375.97"
"12/09/2025 12:00:00 - 12/09/2025 13:00:00","Belgium (BE)","4357.13","4446.82","5826.90","5749.75"
"12/09/2025 13:00:00 - 12/09/2025 14:00:00","Belgium (BE)","4732.63","4807.59","5909.51","5302.11"
"12/09/2025 14:00:00 - 12/09/2025 15:00:00","Belgium (BE)","4457.34","4495.97","5032.07","5079.01"
"12/09/2025 15:00:00 - 12/09/2025 16:00:00","Belgium (BE)","3659.96","3794.88","4512.08","4147.32"
"12/09/2025 16:00:00 - 12/09/2025 17:00:00","Belgium (BE)","3015.36","2944.06","3443.77","3000.57"
"12/09/2025 17:00:00 - 12/09/2025 18:00:00","Belgium (BE)","2204.99","2075.63","2247.32","1887.41"
"12/09/2025 18:00:00 - 12/09/2025 19:00:00","Belgium (BE)","1172.53","1199.02","1125.06","1171.11"
"12/09/2025 19:00:00 - 12/09/2025 20:00:00","Belgium (BE)","260.88","267.40","263.73","282.05"
"12/09/2025 20:00:00 - 12/09/2025 21:00:00","Belgium (BE)","0.45","0.44","0.49","0.24"
"12/09/2025 21:00:00 - 12/09/2025 22:00:00","Belgium (BE)","0.00","0.00","0.00","0.00"
"12/09/2025 22:00:00 - 12/09/2025 23:00:00","Belgium (BE)","0.00","0.00","0.00","0.00"
"12/09/2025 23:00:00 - 13/09/2025 00:00:00","Belgium (BE)","0.00","0.00","0.00","0.00"
"13/09/2025 00:00:00 - 13/09/2025 01:00:00","Belgium (BE)","0.00","0.00","0.00","0.00"
"13/09/2025 01:00:00 - 13/09/2025 02:00:00","Belgium (BE)","0.00","0.00","0.00","0.00"
"13/09/2025 02:00:00 - 13/09/2025 03:00:00","Belgium (BE)","0.00","0.00","0.00","0.00"
"13/09/2025 03:00:00 - 13/09/2025 04:00:00","Belgium (BE)","0.00","0.00","0.00","0.00"
"13/09/2025 04:00:00 - 13/09/2025 05:00:00","Belgium (BE)","0.00","0.00","0.00","0.00"
"13/09/2025 05:00:00 - 13/09/2025 06:00:00","Belgium (BE)","0.00","0.00","0.00","0.00"
"13/09/2025 06:00:00 - 13/09/2025 07:00:00","Belgium (BE)","0.00","0.00","0.00","0.00"
"13/09/2025 07:00:00 - 13/09/2025 08:00:00","Belgium (BE)","88.17","90.59","90.59","61.55"
"13/09/2025 08:00:00 - 13/09/2025 09:00:00","Belgium (BE)","698.38","723.21","732.82","893.05"
"13/09/2025 09:00:00 - 13/09/2025 10:00:00","Belgium (BE)","1580.15","1720.97","1943.19","2137.00"
"13/09/2025 10:00:00 - 13/09/2025 11:00:00","Belgium (BE)","2404.59","2542.75","3202.12","3673.94"
"13/09/2025 11:00:00 - 13/09/2025 12:00:00","Belgium (BE)","3031.14","3222.62","4448.59","4526.91"
"13/09/2025 12:00:00 - 13/09/2025 13:00:00","Belgium (BE)","3454.91","3814.73","4581.60","5043.08"
"13/09/2025 13:00:00 - 13/09/2025 14:00:00","Belgium (BE)","3621.66","3862.66","4170.49","4735.74"
"13/09/2025 14:00:00 - 13/09/2025 15:00:00","Belgium (BE)","3221.60","3178.39","3461.50","3886.35"
"13/09/2025 15:00:00 - 13/09/2025 16:00:00","Belgium (BE)","2792.92","2691.63","3275.45","2492.37"
"13/09/2025 16:00:00 - 13/09/2025 17:00:00","Belgium (BE)","2276.99","2291.90","2413.33","1485.57"
"13/09/2025 17:00:00 - 13/09/2025 18:00:00","Belgium (BE)","1693.75","1783.71","1377.83","965.78"
"13/09/2025 18:00:00 - 13/09/2025 19:00:00","Belgium (BE)","1032.87","1026.24","751.20","424.11"
"13/09/2025 19:00:00 - 13/09/2025 20:00:00","Belgium (BE)","230.48","224.53","163.74","119.08"
"13/09/2025 20:00:00 - 13/09/2025 21:00:00","Belgium (BE)","0.08","0.08","0.07","0.05"
"13/09/2025 21:00:00 - 13/09/2025 22:00:00","Belgium (BE)","0.00","0.00","0.00","0.00"
"13/09/2025 22:00:00 - 13/09/2025 23:00:00","Belgium (BE)","0.00","0.00","0.00","0.00"
"13/09/2025 23:00:00 - 14/09/2025 00:00:00","Belgium (BE)","0.00","0.00","0.00","0.00"
"14/09/2025 00:00:00 - 14/09/2025 01:00:00","Belgium (BE)","0.00","0.00","0.00","0.00"
"14/09/2025 01:00:00 - 14/09/2025 02:00:00","Belgium (BE)","0.00","0.00","0.00","0.00"
"14/09/2025 02:00:00 - 14/09/2025 03:00:00","Belgium (BE)","0.00","0.00","0.00","0.00"
"14/09/2025 03:00:00 - 14/09/2025 04:00:00","Belgium (BE)","0.00","0.00","0.00","0.00"
"14/09/2025 04:00:00 - 14/09/2025 05:00:00","Belgium (BE)","0.00","0.00","0.00","0.00"
"14/09/2025 05:00:00 - 14/09/2025 06:00:00","Belgium (BE)","0.00","0.00","0.00","0.00"
"14/09/2025 06:00:00 - 14/09/2025 07:00:00","Belgium (BE)","0.00","0.00","0.00","0.00"
"14/09/2025 07:00:00 - 14/09/2025 08:00:00","Belgium (BE)","101.52","101.46","101.46","129.92"
"14/09/2025 08:00:00 - 14/09/2025 09:00:00","Belgium (BE)","953.15","970.86","961.92","1299.11"
"14/09/2025 09:00:00 - 14/09/2025 10:00:00","Belgium (BE)","2554.89","2588.80","2849.48","3046.93"
"14/09/2025 10:00:00 - 14/09/2025 11:00:00","Belgium (BE)","4325.00","4241.79","4560.43","4790.96"
"14/09/2025 11:00:00 - 14/09/2025 12:00:00","Belgium (BE)","5373.88","5207.34","5489.65","5827.43"
"14/09/2025 12:00:00 - 14/09/2025 13:00:00","Belgium (BE)","5573.45","5435.85","5898.22","5978.09"
"14/09/2025 13:00:00 - 14/09/2025 14:00:00","Belgium (BE)","5459.31","5131.42","5625.16","5938.82"
"14/09/2025 14:00:00 - 14/09/2025 15:00:00","Belgium (BE)","5050.73","4256.49","4883.34","5076.55"
"14/09/2025 15:00:00 - 14/09/2025 16:00:00","Belgium (BE)","3790.08","2989.81","3225.94","3112.25"
"14/09/2025 16:00:00 - 14/09/2025 17:00:00","Belgium (BE)","2191.16","1650.29","1730.26","1715.73"
"14/09/2025 17:00:00 - 14/09/2025 18:00:00","Belgium (BE)","1097.81","893.19","807.68","666.01"
"14/09/2025 18:00:00 - 14/09/2025 19:00:00","Belgium (BE)","441.07","445.59","325.53","202.93"
"14/09/2025 19:00:00 - 14/09/2025 20:00:00","Belgium (BE)","89.82","100.06","64.47","16.95"
"14/09/2025 20:00:00 - 14/09/2025 21:00:00","Belgium (BE)","0.00","0.00","0.00","0.00"
"14/09/2025 21:00:00 - 14/09/2025 22:00:00","Belgium (BE)","0.00","0.00","0.00","0.00"
"14/09/2025 22:00:00 - 14/09/2025 23:00:00","Belgium (BE)","0.00","0.00","0.00","0.00"
"14/09/2025 23:00:00 - 15/09/2025 00:00:00","Belgium (BE)","0.00","0.00","0.00","0.00"
"15/09/2025 00:00:00 - 15/09/2025 01:00:00","Belgium (BE)","0.00","0.00","0.00","0.00"
"15/09/2025 01:00:00 - 15/09/2025 02:00:00","Belgium (BE)","0.00","0.00","0.00","0.00"
"15/09/2025 02:00:00 - 15/09/2025 03:00:00","Belgium (BE)","0.00","0.00","0.00","0.00"
"15/09/2025 03:00:00 - 15/09/2025 04:00:00","Belgium (BE)","0.00","0.00","0.00","0.00"
"15/09/2025 04:00:00 - 15/09/2025 05:00:00","Belgium (BE)","0.00","0.00","0.00","0.00"
"15/09/2025 05:00:00 - 15/09/2025 06:00:00","Belgium (BE)","0.00","0.00","0.00","0.00"
"15/09/2025 06:00:00 - 15/09/2025 07:00:00","Belgium (BE)","0.00","0.00","0.00","0.00"
"15/09/2025 07:00:00 - 15/09/2025 08:00:00","Belgium (BE)","87.53","87.76","87.76","83.70"
"15/09/2025 08:00:00 - 15/09/2025 09:00:00","Belgium (BE)","827.76","824.70","808.08","972.49"
"15/09/2025 09:00:00 - 15/09/2025 10:00:00","Belgium (BE)","2071.85","2055.39","2246.76","2231.84"
"15/09/2025 10:00:00 - 15/09/2025 11:00:00","Belgium (BE)","3280.22","3228.95","3536.82","3427.05"
"15/09/2025 11:00:00 - 15/09/2025 12:00:00","Belgium (BE)","4182.74","4181.74","4317.15","4415.63"
"15/09/2025 12:00:00 - 15/09/2025 13:00:00","Belgium (BE)","4744.63","4638.63","4902.60","4832.56"
"15/09/2025 13:00:00 - 15/09/2025 14:00:00","Belgium (BE)","4679.43","4805.18","4931.66","5235.60"
"15/09/2025 14:00:00 - 15/09/2025 15:00:00","Belgium (BE)","4241.99","4566.67","4740.92","5213.84"
"15/09/2025 15:00:00 - 15/09/2025 16:00:00","Belgium (BE)","3639.81","4042.28","4397.28","3799.86"
"15/09/2025 16:00:00 - 15/09/2025 17:00:00","Belgium (BE)","2823.61","2960.49","2971.50","2838.99"
"15/09/2025 17:00:00 - 15/09/2025 18:00:00","Belgium (BE)","2009.66","2043.47","2005.30","2477.82"
"15/09/2025 18:00:00 - 15/09/2025 19:00:00","Belgium (BE)","1121.02","1084.99","1205.14","1111.04"
"15/09/2025 19:00:00 - 15/09/2025 20:00:00","Belgium (BE)","212.95","206.85","212.54","185.18"
"15/09/2025 20:00:00 - 15/09/2025 21:00:00","Belgium (BE)","0.00","0.00","0.00","0.00"
"15/09/2025 21:00:00 - 15/09/2025 22:00:00","Belgium (BE)","0.00","0.00","0.00","0.00"
"15/09/2025 22:00:00 - 15/09/2025 23:00:00","Belgium (BE)","0.00","0.00","0.00","0.00"
"15/09/2025 23:00:00 - 16/09/2025 00:00:00","Belgium (BE)","0.00","0.00","0.00","0.00"
"16/09/2025 00:00:00 - 16/09/2025 01:00:00","Belgium (BE)","0.00","0.00","0.00","0.00"
"16/09/2025 01:00:00 - 16/09/2025 02:00:00","Belgium (BE)","0.00","0.00","0.00","0.00"
"16/09/2025 02:00:00 - 16/09/2025 03:00:00","Belgium (BE)","0.00","0.00","0.00","0.00"
"16/09/2025 03:00:00 - 16/09/2025 04:00:00","Belgium (BE)","0.00","0.00","0.00","0.00"
"16/09/2025 04:00:00 - 16/09/2025 05:00:00","Belgium (BE)","0.00","0.00","0.00","0.00"
"16/09/2025 05:00:00 - 16/09/2025 06:00:00","Belgium (BE)","0.00","0.00","0.00","0.00"
"16/09/2025 06:00:00 - 16/09/2025 07:00:00","Belgium (BE)","0.00","0.00","0.00","0.00"
"16/09/2025 07:00:00 - 16/09/2025 08:00:00","Belgium (BE)","81.69","81.08","81.08","87.18"
"16/09/2025 08:00:00 - 16/09/2025 09:00:00","Belgium (BE)","852.96","854.62","860.62","837.41"
"16/09/2025 09:00:00 - 16/09/2025 10:00:00","Belgium (BE)","2202.15","2218.49","2228.32","2236.63"
"16/09/2025 10:00:00 - 16/09/2025 11:00:00","Belgium (BE)","3542.34","3608.62","3733.19","3503.90"
"16/09/2025 11:00:00 - 16/09/2025 12:00:00","Belgium (BE)","4576.51","4607.44","4599.26","4341.57"
"16/09/2025 12:00:00 - 16/09/2025 13:00:00","Belgium (BE)","5124.66","5219.71","5052.36","4800.70"
"16/09/2025 13:00:00 - 16/09/2025 14:00:00","Belgium (BE)","5267.22","5453.32","5138.96","5171.41"
"16/09/2025 14:00:00 - 16/09/2025 15:00:00","Belgium (BE)","5037.04","5185.04","4981.41","5068.56"
"16/09/2025 15:00:00 - 16/09/2025 16:00:00","Belgium (BE)","4477.67","4555.22","4492.96","4334.39"
"16/09/2025 16:00:00 - 16/09/2025 17:00:00","Belgium (BE)","3373.33","3425.36","3159.83","3363.55"
"16/09/2025 17:00:00 - 16/09/2025 18:00:00","Belgium (BE)","2048.55","2057.43","2139.81","2088.01"
"16/09/2025 18:00:00 - 16/09/2025 19:00:00","Belgium (BE)","1004.96","965.79","1026.10","825.66"
"16/09/2025 19:00:00 - 16/09/2025 20:00:00","Belgium (BE)","178.39","171.23","171.87","105.80"
"16/09/2025 20:00:00 - 16/09/2025 21:00:00","Belgium (BE)","0.00","0.00","0.00","0.00"
"16/09/2025 21:00:00 - 16/09/2025 22:00:00","Belgium (BE)","0.00","0.00","0.00","0.00"
"16/09/2025 22:00:00 - 16/09/2025 23:00:00","Belgium (BE)","0.00","0.00","0.00","0.00"
"16/09/2025 23:00:00 - 17/09/2025 00:00:00","Belgium (BE)","0.00","0.00","0.00","0.00"
"17/09/2025 00:00:00 - 17/09/2025 01:00:00","Belgium (BE)","0.00","0.00","0.00","0.00"
"17/09/2025 01:00:00 - 17/09/2025 02:00:00","Belgium (BE)","0.00","0.00","0.00","0.00"
"17/09/2025 02:00:00 - 17/09/2025 03:00:00","Belgium (BE)","0.00","0.00","0.00","0.00"
"17/09/2025 03:00:00 - 17/09/2025 04:00:00","Belgium (BE)","0.00","0.00","0.00","0.00"
"17/09/2025 04:00:00 - 17/09/2025 05:00:00","Belgium (BE)","0.00","0.00","0.00","0.00"
"17/09/2025 05:00:00 - 17/09/2025 06:00:00","Belgium (BE)","0.00","0.00","0.00","0.00"
"17/09/2025 06:00:00 - 17/09/2025 07:00:00","Belgium (BE)","0.00","0.00","0.00","0.00"
"17/09/2025 07:00:00 - 17/09/2025 08:00:00","Belgium (BE)","27.41","32.58","32.58","40.28"
"17/09/2025 08:00:00 - 17/09/2025 09:00:00","Belgium (BE)","242.79","286.07","221.51","240.94"
"17/09/2025 09:00:00 - 17/09/2025 10:00:00","Belgium (BE)","538.46","637.26","479.89","567.80"
"17/09/2025 10:00:00 - 17/09/2025 11:00:00","Belgium (BE)","967.58","1110.61","969.86","1128.27"
"17/09/2025 11:00:00 - 17/09/2025 12:00:00","Belgium (BE)","1499.45","1744.83","1660.66","1884.83"
"17/09/2025 12:00:00 - 17/09/2025 13:00:00","Belgium (BE)","1880.79","2155.46","2218.60","2302.13"
"17/09/2025 13:00:00 - 17/09/2025 14:00:00","Belgium (BE)","2237.66","2380.80","2437.34","2299.79"
"17/09/2025 14:00:00 - 17/09/2025 15:00:00","Belgium (BE)","2259.72","2628.94","2355.37","2492.70"
"17/09/2025 15:00:00 - 17/09/2025 16:00:00","Belgium (BE)","1879.08","2670.79","2147.37","2438.43"
"17/09/2025 16:00:00 - 17/09/2025 17:00:00","Belgium (BE)","1454.63","2213.89","1692.04","1955.68"
"17/09/2025 17:00:00 - 17/09/2025 18:00:00","Belgium (BE)","1054.20","1665.32","1235.03","1597.95"
"17/09/2025 18:00:00 - 17/09/2025 19:00:00","Belgium (BE)","605.66","880.69","716.05","923.59"
"17/09/2025 19:00:00 - 17/09/2025 20:00:00","Belgium (BE)","107.72","135.82","122.40","109.10"
"17/09/2025 20:00:00 - 17/09/2025 21:00:00","Belgium (BE)","0.00","0.00","0.00","0.00"
"17/09/2025 21:00:00 - 17/09/2025 22:00:00","Belgium (BE)","0.00","0.00","0.00","0.00"
"17/09/2025 22:00:00 - 17/09/2025 23:00:00","Belgium (BE)","0.00","0.00","0.00","0.00"
"17/09/2025 23:00:00 - 18/09/2025 00:00:00","Belgium (BE)","0.00","0.00","0.00","0.00"
"18/09/2025 00:00:00 - 18/09/2025 01:00:00","Belgium (BE)","0.00","0.00","0.00","0.00"
"18/09/2025 01:00:00 - 18/09/2025 02:00:00","Belgium (BE)","0.00","0.00","0.00","0.00"
"18/09/2025 02:00:00 - 18/09/2025 03:00:00","Belgium (BE)","0.00","0.00","0.00","0.00"
"18/09/2025 03:00:00 - 18/09/2025 04:00:00","Belgium (BE)","0.00","0.00","0.00","0.00"
"18/09/2025 04:00:00 - 18/09/2025 05:00:00","Belgium (BE)","0.00","0.00","0.00","0.00"
"18/09/2025 05:00:00 - 18/09/2025 06:00:00","Belgium (BE)","0.00","0.00","0.00","0.00"
"18/09/2025 06:00:00 - 18/09/2025 07:00:00","Belgium (BE)","0.00","0.00","0.00","0.00"
"18/09/2025 07:00:00 - 18/09/2025 08:00:00","Belgium (BE)","53.94","50.87","50.87","12.78"
"18/09/2025 08:00:00 - 18/09/2025 09:00:00","Belgium (BE)","636.32","597.62","610.33","319.65"
"18/09/2025 09:00:00 - 18/09/2025 10:00:00","Belgium (BE)","1713.22","1583.89","1566.38","750.39"
"18/09/2025 10:00:00 - 18/09/2025 11:00:00","Belgium (BE)","2980.31","2651.69","1626.24","1304.52"
"18/09/2025 11:00:00 - 18/09/2025 12:00:00","Belgium (BE)","3815.07","3379.91","2082.86","1681.73"
"18/09/2025 12:00:00 - 18/09/2025 13:00:00","Belgium (BE)","4056.35","3786.39","2692.53","1826.45"
"18/09/2025 13:00:00 - 18/09/2025 14:00:00","Belgium (BE)","4129.80","4132.26","2875.41","2033.10"
"18/09/2025 14:00:00 - 18/09/2025 15:00:00","Belgium (BE)","4193.34","4357.03","2663.29","2113.36"
"18/09/2025 15:00:00 - 18/09/2025 16:00:00","Belgium (BE)","4019.58","4121.46","2408.48","2047.06"
"18/09/2025 16:00:00 - 18/09/2025 17:00:00","Belgium (BE)","3573.02","3556.93","2000.95","1784.53"
"18/09/2025 17:00:00 - 18/09/2025 18:00:00","Belgium (BE)","2554.49","2559.32","1495.68","1248.54"
"18/09/2025 18:00:00 - 18/09/2025 19:00:00","Belgium (BE)","1159.78","1180.00","761.47","595.28"
"18/09/2025 19:00:00 - 18/09/2025 20:00:00","Belgium (BE)","151.26","155.30","110.14","67.10"
"18/09/2025 20:00:00 - 18/09/2025 21:00:00","Belgium (BE)","0.00","0.00","0.00","0.00"
"18/09/2025 21:00:00 - 18/09/2025 22:00:00","Belgium (BE)","0.00","0.00","0.00","0.00"
"18/09/2025 22:00:00 - 18/09/2025 23:00:00","Belgium (BE)","0.00","0.00","0.00","0.00"
"18/09/2025 23:00:00 - 19/09/2025 00:00:00","Belgium (BE)","0.00","0.00","0.00","0.00"
"19/09/2025 00:00:00 - 19/09/2025 01:00:00","Belgium (BE)","0.00","0.00","0.00","0.00"
"19/09/2025 01:00:00 - 19/09/2025 02:00:00","Belgium (BE)","0.00","0.00","0.00","0.00"
"19/09/2025 02:00:00 - 19/09/2025 03:00:00","Belgium (BE)","0.00","0.00","0.00","0.00"
"19/09/2025 03:00:00 - 19/09/2025 04:00:00","Belgium (BE)","0.00","0.00","0.00","0.00"
"19/09/2025 04:00:00 - 19/09/2025 05:00:00","Belgium (BE)","0.00","0.00","0.00","0.00"
"19/09/2025 05:00:00 - 19/09/2025 06:00:00","Belgium (BE)","0.00","0.00","0.00","0.00"
"19/09/2025 06:00:00 - 19/09/2025 07:00:00","Belgium (BE)","0.00","0.00","0.00","0.00"
"19/09/2025 07:00:00 - 19/09/2025 08:00:00","Belgium (BE)","64.88","66.02","66.02","70.43"
"19/09/2025 08:00:00 - 19/09/2025 09:00:00","Belgium (BE)","960.83","1008.61","877.45","1155.15"
"19/09/2025 09:00:00 - 19/09/2025 10:00:00","Belgium (BE)","2742.79","2888.29","2953.57","2812.63"
"19/09/2025 10:00:00 - 19/09/2025 11:00:00","Belgium (BE)","4613.11","4729.99","4768.65","4518.52"
"19/09/2025 11:00:00 - 19/09/2025 12:00:00","Belgium (BE)","5787.45","5845.11","5720.04","5812.95"
"19/09/2025 12:00:00 - 19/09/2025 13:00:00","Belgium (BE)","6394.73","6397.86","6370.20","6546.68"
"19/09/2025 13:00:00 - 19/09/2025 14:00:00","Belgium (BE)","6478.81","6436.39","6627.24","6714.01"
"19/09/2025 14:00:00 - 19/09/2025 15:00:00","Belgium (BE)","6097.57","6157.59","6302.72","6674.88"
"19/09/2025 15:00:00 - 19/09/2025 16:00:00","Belgium (BE)","5512.85","5724.39","5851.62","6181.28"
"19/09/2025 16:00:00 - 19/09/2025 17:00:00","Belgium (BE)","4708.58","4936.80","5203.19","4795.46"
"19/09/2025 17:00:00 - 19/09/2025 18:00:00","Belgium (BE)","3165.48","3392.52","3384.14","2960.08"
"19/09/2025 18:00:00 - 19/09/2025 19:00:00","Belgium (BE)","1273.37","1381.24","1307.34","1199.00"
"19/09/2025 19:00:00 - 19/09/2025 20:00:00","Belgium (BE)","144.87","153.15","147.22","165.81"
"19/09/2025 20:00:00 - 19/09/2025 21:00:00","Belgium (BE)","0.00","0.00","0.00","0.01"
"19/09/2025 21:00:00 - 19/09/2025 22:00:00","Belgium (BE)","0.00","0.00","0.00","0.00"
"19/09/2025 22:00:00 - 19/09/2025 23:00:00","Belgium (BE)","0.00","0.00","0.00","0.00"
"19/09/2025 23:00:00 - 20/09/2025 00:00:00","Belgium (BE)","0.00","0.00","0.00","0.00"
"20/09/2025 00:00:00 - 20/09/2025 01:00:00","Belgium (BE)","0.00","0.00","0.00","0.00"
"20/09/2025 01:00:00 - 20/09/2025 02:00:00","Belgium (BE)","0.00","0.00","0.00","0.00"
"20/09/2025 02:00:00 - 20/09/2025 03:00:00","Belgium (BE)","0.00","0.00","0.00","0.00"
"20/09/2025 03:00:00 - 20/09/2025 04:00:00","Belgium (BE)","0.00","0.00","0.00","0.00"
"20/09/2025 04:00:00 - 20/09/2025 05:00:00","Belgium (BE)","0.00","0.00","0.00","0.00"
"20/09/2025 05:00:00 - 20/09/2025 06:00:00","Belgium (BE)","0.00","0.00","0.00","0.00"
"20/09/2025 06:00:00 - 20/09/2025 07:00:00","Belgium (BE)","0.00","0.00","0.00","0.00"
"20/09/2025 07:00:00 - 20/09/2025 08:00:00","Belgium (BE)","45.52","44.32","44.32","41.47"
"20/09/2025 08:00:00 - 20/09/2025 09:00:00","Belgium (BE)","608.85","599.04","602.74","680.71"
"20/09/2025 09:00:00 - 20/09/2025 10:00:00","Belgium (BE)","1542.56","1563.84","1570.64","1927.20"
"20/09/2025 10:00:00 - 20/09/2025 11:00:00","Belgium (BE)","2115.22","2076.86","2507.00","1972.90"
"20/09/2025 11:00:00 - 20/09/2025 12:00:00","Belgium (BE)","2282.39","2005.73","2007.86","1351.61"
"20/09/2025 12:00:00 - 20/09/2025 13:00:00","Belgium (BE)","2327.09","1830.04","1397.75","1295.52"
"20/09/2025 13:00:00 - 20/09/2025 14:00:00","Belgium (BE)","2179.30","1559.92","1605.54","1383.21"
"20/09/2025 14:00:00 - 20/09/2025 15:00:00","Belgium (BE)","1790.87","1440.34","1905.74","1682.38"
"20/09/2025 15:00:00 - 20/09/2025 16:00:00","Belgium (BE)","1263.89","1545.20","1873.52","2129.90"
"20/09/2025 16:00:00 - 20/09/2025 17:00:00","Belgium (BE)","910.25","1552.95","1774.17","1987.26"
"20/09/2025 17:00:00 - 20/09/2025 18:00:00","Belgium (BE)","788.01","1058.51","1371.01","1207.44"
"20/09/2025 18:00:00 - 20/09/2025 19:00:00","Belgium (BE)","510.54","551.40","591.79","478.58"
"20/09/2025 19:00:00 - 20/09/2025 20:00:00","Belgium (BE)","74.20","77.29","77.25","98.51"
"20/09/2025 20:00:00 - 20/09/2025 21:00:00","Belgium (BE)","0.00","0.00","0.00","0.00"
"20/09/2025 21:00:00 - 20/09/2025 22:00:00","Belgium (BE)","0.00","0.00","0.00","0.00"
"20/09/2025 22:00:00 - 20/09/2025 23:00:00","Belgium (BE)","0.00","0.00","0.00","0.00"
"20/09/2025 23:00:00 - 21/09/2025 00:00:00","Belgium (BE)","0.00","0.00","0.00","0.00"
"21/09/2025 00:00:00 - 21/09/2025 01:00:00","Belgium (BE)","0.00","0.00","0.00","0.00"
"21/09/2025 01:00:00 - 21/09/2025 02:00:00","Belgium (BE)","0.00","0.00","0.00","0.00"
"21/09/2025 02:00:00 - 21/09/2025 03:00:00","Belgium (BE)","0.00","0.00","0.00","0.00"
"21/09/2025 03:00:00 - 21/09/2025 04:00:00","Belgium (BE)","0.00","0.00","0.00","0.00"
"21/09/2025 04:00:00 - 21/09/2025 05:00:00","Belgium (BE)","0.00","0.00","0.00","0.00"
"21/09/2025 05:00:00 - 21/09/2025 06:00:00","Belgium (BE)","0.00","0.00","0.00","0.00"
"21/09/2025 06:00:00 - 21/09/2025 07:00:00","Belgium (BE)","0.00","0.00","0.00","0.00"
"21/09/2025 07:00:00 - 21/09/2025 08:00:00","Belgium (BE)","21.47","20.81","20.81","6.13"
"21/09/2025 08:00:00 - 21/09/2025 09:00:00","Belgium (BE)","286.07","288.74","317.93","285.26"
"21/09/2025 09:00:00 - 21/09/2025 10:00:00","Belgium (BE)","765.37","764.93","811.48","1089.20"
"21/09/2025 10:00:00 - 21/09/2025 11:00:00","Belgium (BE)","1224.33","1283.54","1483.39","1721.12"
"21/09/2025 11:00:00 - 21/09/2025 12:00:00","Belgium (BE)","1600.90","1775.88","1845.03","2213.86"
"21/09/2025 12:00:00 - 21/09/2025 13:00:00","Belgium (BE)","1715.70","2229.89","2307.25","2005.09"
"21/09/2025 13:00:00 - 21/09/2025 14:00:00","Belgium (BE)","1688.01","2386.79","1978.22","2006.12"
"21/09/2025 14:00:00 - 21/09/2025 15:00:00","Belgium (BE)","1644.39","2181.99","1877.93","1993.49"
"21/09/2025 15:00:00 - 21/09/2025 16:00:00","Belgium (BE)","1479.89","1874.38","1871.64","2003.04"
"21/09/2025 16:00:00 - 21/09/2025 17:00:00","Belgium (BE)","1297.72","1587.61","1753.52","1765.36"
"21/09/2025 17:00:00 - 21/09/2025 18:00:00","Belgium (BE)","967.64","1240.23","1253.01","1179.82"
"21/09/2025 18:00:00 - 21/09/2025 19:00:00","Belgium (BE)","492.00","569.66","546.56","508.27"
"21/09/2025 19:00:00 - 21/09/2025 20:00:00","Belgium (BE)","64.50","71.36","68.52","63.72"
"21/09/2025 20:00:00 - 21/09/2025 21:00:00","Belgium (BE)","0.00","0.00","0.00","0.00"
"21/09/2025 21:00:00 - 21/09/2025 22:00:00","Belgium (BE)","0.00","0.00","0.00","0.00"
"21/09/2025 22:00:00 - 21/09/2025 23:00:00","Belgium (BE)","0.00","0.00","0.00","0.00"
"21/09/2025 23:00:00 - 22/09/2025 00:00:00","Belgium (BE)","0.00","0.00","0.00","0.00"
"22/09/2025 00:00:00 - 22/09/2025 01:00:00","Belgium (BE)","0.00","0.00","0.00","0.00"
"22/09/2025 01:00:00 - 22/09/2025 02:00:00","Belgium (BE)","0.00","0.00","0.00","0.00"
"22/09/2025 02:00:00 - 22/09/2025 03:00:00","Belgium (BE)","0.00","0.00","0.00","0.00"
"22/09/2025 03:00:00 - 22/09/2025 04:00:00","Belgium (BE)","0.00","0.00","0.00","0.00"
"22/09/2025 04:00:00 - 22/09/2025 05:00:00","Belgium (BE)","0.00","0.00","0.00","0.00"
"22/09/2025 05:00:00 - 22/09/2025 06:00:00","Belgium (BE)","0.00","0.00","0.00","0.00"
"22/09/2025 06:00:00 - 22/09/2025 07:00:00","Belgium (BE)","0.00","0.00","0.00","0.00"
"22/09/2025 07:00:00 - 22/09/2025 08:00:00","Belgium (BE)","47.70","47.06","47.06","18.51"
"22/09/2025 08:00:00 - 22/09/2025 09:00:00","Belgium (BE)","896.91","905.73","937.92","820.90"
"22/09/2025 09:00:00 - 22/09/2025 10:00:00","Belgium (BE)","2655.84","2680.75","2770.36","2628.85"
"22/09/2025 10:00:00 - 22/09/2025 11:00:00","Belgium (BE)","4296.26","4234.25","4315.58","4404.69"
"22/09/2025 11:00:00 - 22/09/2025 12:00:00","Belgium (BE)","5079.15","4739.53","4904.17","4668.48"
"22/09/2025 12:00:00 - 22/09/2025 13:00:00","Belgium (BE)","5197.84","4586.32","4656.15","3905.82"
"22/09/2025 13:00:00 - 22/09/2025 14:00:00","Belgium (BE)","4928.86","3952.70","3825.54","3199.44"
"22/09/2025 14:00:00 - 22/09/2025 15:00:00","Belgium (BE)","4246.52","3498.20","3374.38","2709.25"
"22/09/2025 15:00:00 - 22/09/2025 16:00:00","Belgium (BE)","3332.38","2952.95","2920.65","2970.99"
"22/09/2025 16:00:00 - 22/09/2025 17:00:00","Belgium (BE)","2465.98","2254.20","2688.08","2855.11"
"22/09/2025 17:00:00 - 22/09/2025 18:00:00","Belgium (BE)","1485.50","1461.81","1767.58","2132.59"
"22/09/2025 18:00:00 - 22/09/2025 19:00:00","Belgium (BE)","607.44","613.98","768.82","965.88"
"22/09/2025 19:00:00 - 22/09/2025 20:00:00","Belgium (BE)","64.58","64.90","81.89","119.91"
"22/09/2025 20:00:00 - 22/09/2025 21:00:00","Belgium (BE)","0.00","0.00","0.00","0.00"
"22/09/2025 21:00:00 - 22/09/2025 22:00:00","Belgium (BE)","0.00","0.00","0.00","0.00"
"22/09/2025 22:00:00 - 22/09/2025 23:00:00","Belgium (BE)","0.00","0.00","0.00","0.00"
"22/09/2025 23:00:00 - 23/09/2025 00:00:00","Belgium (BE)","0.00","0.00","0.00","0.00"
"23/09/2025 00:00:00 - 23/09/2025 01:00:00","Belgium (BE)","0.00","0.00","0.00","0.00"
"23/09/2025 01:00:00 - 23/09/2025 02:00:00","Belgium (BE)","0.00","0.00","0.00","0.00"
"23/09/2025 02:00:00 - 23/09/2025 03:00:00","Belgium (BE)","0.00","0.00","0.00","0.00"
"23/09/2025 03:00:00 - 23/09/2025 04:00:00","Belgium (BE)","0.00","0.00","0.00","0.00"
"23/09/2025 04:00:00 - 23/09/2025 05:00:00","Belgium (BE)","0.00","0.00","0.00","0.00"
"23/09/2025 05:00:00 - 23/09/2025 06:00:00","Belgium (BE)","0.00","0.00","0.00","0.00"
"23/09/2025 06:00:00 - 23/09/2025 07:00:00","Belgium (BE)","0.00","0.00","0.00","0.00"
"23/09/2025 07:00:00 - 23/09/2025 08:00:00","Belgium (BE)","25.26","29.90","29.90","34.56"
"23/09/2025 08:00:00 - 23/09/2025 09:00:00","Belgium (BE)","402.09","491.44","487.93","651.62"
"23/09/2025 09:00:00 - 23/09/2025 10:00:00","Belgium (BE)","1171.59","1501.10","1619.80","1771.79"
"23/09/2025 10:00:00 - 23/09/2025 11:00:00","Belgium (BE)","2217.44","3066.92","3264.50","3220.42"
"23/09/2025 11:00:00 - 23/09/2025 12:00:00","Belgium (BE)","3465.18","4643.49","4605.96","4584.93"
"23/09/2025 12:00:00 - 23/09/2025 13:00:00","Belgium (BE)","4289.10","4998.00","5365.32","4761.40"
"23/09/2025 13:00:00 - 23/09/2025 14:00:00","Belgium (BE)","4327.90","4559.98","4599.71","4517.33"
"23/09/2025 14:00:00 - 23/09/2025 15:00:00","Belgium (BE)","3806.31","3733.41","3562.86","4050.27"
"23/09/2025 15:00:00 - 23/09/2025 16:00:00","Belgium (BE)","3042.46","2968.96","3466.04","2724.65"
"23/09/2025 16:00:00 - 23/09/2025 17:00:00","Belgium (BE)","2182.80","2222.08","2226.81","1820.97"
"23/09/2025 17:00:00 - 23/09/2025 18:00:00","Belgium (BE)","1418.22","1527.21","1296.83","1311.46"
"23/09/2025 18:00:00 - 23/09/2025 19:00:00","Belgium (BE)","598.54","640.51","567.32","638.83"
"23/09/2025 19:00:00 - 23/09/2025 20:00:00","Belgium (BE)","59.39","62.51","59.56","73.78"
"23/09/2025 20:00:00 - 23/09/2025 21:00:00","Belgium (BE)","0.00","0.00","0.00","0.00"
"23/09/2025 21:00:00 - 23/09/2025 22:00:00","Belgium (BE)","0.00","0.00","0.00","0.00"
"23/09/2025 22:00:00 - 23/09/2025 23:00:00","Belgium (BE)","0.00","0.00","0.00","0.00"
"23/09/2025 23:00:00 - 24/09/2025 00:00:00","Belgium (BE)","0.00","0.00","0.00","0.00"
"24/09/2025 00:00:00 - 24/09/2025 01:00:00","Belgium (BE)","0.00","0.00","0.00","0.00"
"24/09/2025 01:00:00 - 24/09/2025 02:00:00","Belgium (BE)","0.00","0.00","0.00","0.00"
"24/09/2025 02:00:00 - 24/09/2025 03:00:00","Belgium (BE)","0.00","0.00","0.00","0.00"
"24/09/2025 03:00:00 - 24/09/2025 04:00:00","Belgium (BE)","0.00","0.00","0.00","0.00"
"24/09/2025 04:00:00 - 24/09/2025 05:00:00","Belgium (BE)","0.00","0.00","0.00","0.00"
"24/09/2025 05:00:00 - 24/09/2025 06:00:00","Belgium (BE)","0.00","0.00","0.00","0.00"
"24/09/2025 06:00:00 - 24/09/2025 07:00:00","Belgium (BE)","0.00","0.00","0.00","0.00"
"24/09/2025 07:00:00 - 24/09/2025 08:00:00","Belgium (BE)","22.18","32.68","32.68","8.70"
"24/09/2025 08:00:00 - 24/09/2025 09:00:00","Belgium (BE)","403.13","656.50","632.16","395.14"
"24/09/2025 09:00:00 - 24/09/2025 10:00:00","Belgium (BE)","1263.20","2030.30","1846.59","1160.39"
"24/09/2025 10:00:00 - 24/09/2025 11:00:00","Belgium (BE)","2154.43","3421.33","2936.71","2119.44"
"24/09/2025 11:00:00 - 24/09/2025 12:00:00","Belgium (BE)","2877.48","4352.37","3429.15","2977.57"
"24/09/2025 12:00:00 - 24/09/2025 13:00:00","Belgium (BE)","3198.60","4766.46","3758.91","3573.85"
"24/09/2025 13:00:00 - 24/09/2025 14:00:00","Belgium (BE)","3180.01","4596.65","3465.43","3727.98"
"24/09/2025 14:00:00 - 24/09/2025 15:00:00","Belgium (BE)","3082.52","4017.14","3118.11","3162.85"
"24/09/2025 15:00:00 - 24/09/2025 16:00:00","Belgium (BE)","2620.13","3280.21","2422.42","2408.78"
"24/09/2025 16:00:00 - 24/09/2025 17:00:00","Belgium (BE)","1908.32","2307.04","1559.50","1770.23"
"24/09/2025 17:00:00 - 24/09/2025 18:00:00","Belgium (BE)","1234.88","1278.98","930.39","1053.25"
"24/09/2025 18:00:00 - 24/09/2025 19:00:00","Belgium (BE)","504.05","485.17","385.08","369.51"
"24/09/2025 19:00:00 - 24/09/2025 20:00:00","Belgium (BE)","39.84","39.75","35.55","28.31"
"24/09/2025 20:00:00 - 24/09/2025 21:00:00","Belgium (BE)","0.00","0.00","0.00","0.00"
"24/09/2025 21:00:00 - 24/09/2025 22:00:00","Belgium (BE)","0.00","0.00","0.00","0.00"
"24/09/2025 22:00:00 - 24/09/2025 23:00:00","Belgium (BE)","0.00","0.00","0.00","0.00"
"24/09/2025 23:00:00 - 25/09/2025 00:00:00","Belgium (BE)","0.00","0.00","0.00","0.00"
"25/09/2025 00:00:00 - 25/09/2025 01:00:00","Belgium (BE)","0.00","0.00","0.00","0.00"
"25/09/2025 01:00:00 - 25/09/2025 02:00:00","Belgium (BE)","0.00","0.00","0.00","0.00"
"25/09/2025 02:00:00 - 25/09/2025 03:00:00","Belgium (BE)","0.00","0.00","0.00","0.00"
"25/09/2025 03:00:00 - 25/09/2025 04:00:00","Belgium (BE)","0.00","0.00","0.00","0.00"
"25/09/2025 04:00:00 - 25/09/2025 05:00:00","Belgium (BE)","0.00","0.00","0.00","0.00"
"25/09/2025 05:00:00 - 25/09/2025 06:00:00","Belgium (BE)","0.00","0.00","0.00","0.00"
"25/09/2025 06:00:00 - 25/09/2025 07:00:00","Belgium (BE)","0.00","0.00","0.00","0.00"
"25/09/2025 07:00:00 - 25/09/2025 08:00:00","Belgium (BE)","15.26","19.14","19.14","5.32"
"25/09/2025 08:00:00 - 25/09/2025 09:00:00","Belgium (BE)","297.16","391.40","391.59","294.47"
"25/09/2025 09:00:00 - 25/09/2025 10:00:00","Belgium (BE)","878.40","1125.48","1096.13","843.87"
"25/09/2025 10:00:00 - 25/09/2025 11:00:00","Belgium (BE)","1598.56","1697.79","1541.87","1466.40"
"25/09/2025 11:00:00 - 25/09/2025 12:00:00","Belgium (BE)","1895.83","1928.02","1886.77","2117.56"
"25/09/2025 12:00:00 - 25/09/2025 13:00:00","Belgium (BE)","1789.40","2063.82","2363.42","2237.62"
"25/09/2025 13:00:00 - 25/09/2025 14:00:00","Belgium (BE)","1657.42","2062.34","2207.58","2179.96"
"25/09/2025 14:00:00 - 25/09/2025 15:00:00","Belgium (BE)","1412.63","1784.24","1942.18","1525.34"
"25/09/2025 15:00:00 - 25/09/2025 16:00:00","Belgium (BE)","1174.68","1343.27","1251.00","803.92"
"25/09/2025 16:00:00 - 25/09/2025 17:00:00","Belgium (BE)","900.19","990.69","727.61","474.53"
"25/09/2025 17:00:00 - 25/09/2025 18:00:00","Belgium (BE)","534.79","603.95","386.14","289.79"
"25/09/2025 18:00:00 - 25/09/2025 19:00:00","Belgium (BE)","218.92","245.66","174.93","74.14"
"25/09/2025 19:00:00 - 25/09/2025 20:00:00","Belgium (BE)","20.69","23.12","16.83","1.50"
"25/09/2025 20:00:00 - 25/09/2025 21:00:00","Belgium (BE)","0.00","0.00","0.00","0.00"
"25/09/2025 21:00:00 - 25/09/2025 22:00:00","Belgium (BE)","0.00","0.00","0.00","0.00"
"25/09/2025 22:00:00 - 25/09/2025 23:00:00","Belgium (BE)","0.00","0.00","0.00","0.00"
"25/09/2025 23:00:00 - 26/09/2025 00:00:00","Belgium (BE)","0.00","0.00","0.00","0.00"
"26/09/2025 00:00:00 - 26/09/2025 01:00:00","Belgium (BE)","0.00","0.00","0.00","0.00"
"26/09/2025 01:00:00 - 26/09/2025 02:00:00","Belgium (BE)","0.00","0.00","0.00","0.00"
"26/09/2025 02:00:00 - 26/09/2025 03:00:00","Belgium (BE)","0.00","0.00","0.00","0.00"
"26/09/2025 03:00:00 - 26/09/2025 04:00:00","Belgium (BE)","0.00","0.00","0.00","0.00"
"26/09/2025 04:00:00 - 26/09/2025 05:00:00","Belgium (BE)","0.00","0.00","0.00","0.00"
"26/09/2025 05:00:00 - 26/09/2025 06:00:00","Belgium (BE)","0.00","0.00","0.00","0.00"
"26/09/2025 06:00:00 - 26/09/2025 07:00:00","Belgium (BE)","0.00","0.00","0.00","0.00"
"26/09/2025 07:00:00 - 26/09/2025 08:00:00","Belgium (BE)","13.24","13.19","13.19","10.19"
"26/09/2025 08:00:00 - 26/09/2025 09:00:00","Belgium (BE)","371.37","294.55","274.90","419.76"
"26/09/2025 09:00:00 - 26/09/2025 10:00:00","Belgium (BE)","1173.07","1115.57","1178.72","1302.29"
"26/09/2025 10:00:00 - 26/09/2025 11:00:00","Belgium (BE)","2359.30","2696.83","2760.48","1997.17"
"26/09/2025 11:00:00 - 26/09/2025 12:00:00","Belgium (BE)","3327.95","3849.47","3561.64","2497.10"
"26/09/2025 12:00:00 - 26/09/2025 13:00:00","Belgium (BE)","3719.41","4057.28","3345.37","2725.30"
"26/09/2025 13:00:00 - 26/09/2025 14:00:00","Belgium (BE)","3628.50","3996.19","2912.64","3091.04"
"26/09/2025 14:00:00 - 26/09/2025 15:00:00","Belgium (BE)","3470.94","3727.26","3139.48","2874.36"
"26/09/2025 15:00:00 - 26/09/2025 16:00:00","Belgium (BE)","3180.02","3320.87","2896.90","2839.26"
"26/09/2025 16:00:00 - 26/09/2025 17:00:00","Belgium (BE)","2571.85","2717.59","2372.48","2840.79"
"26/09/2025 17:00:00 - 26/09/2025 18:00:00","Belgium (BE)","1689.34","1775.53","1767.60","2159.58"
"26/09/2025 18:00:00 - 26/09/2025 19:00:00","Belgium (BE)","632.58","659.48","672.46","952.00"
"26/09/2025 19:00:00 - 26/09/2025 20:00:00","Belgium (BE)","41.40","42.13","45.97","55.76"
"26/09/2025 20:00:00 - 26/09/2025 21:00:00","Belgium (BE)","0.00","0.00","0.00","0.00"
"26/09/2025 21:00:00 - 26/09/2025 22:00:00","Belgium (BE)","0.00","0.00","0.00","0.00"
"26/09/2025 22:00:00 - 26/09/2025 23:00:00","Belgium (BE)","0.00","0.00","0.00","0.00"
"26/09/2025 23:00:00 - 27/09/2025 00:00:00","Belgium (BE)","0.00","0.00","0.00","0.00"
"27/09/2025 00:00:00 - 27/09/2025 01:00:00","Belgium (BE)","0.00","0.00","0.00","0.00"
"27/09/2025 01:00:00 - 27/09/2025 02:00:00","Belgium (BE)","0.00","0.00","0.00","0.00"
"27/09/2025 02:00:00 - 27/09/2025 03:00:00","Belgium (BE)","0.00","0.00","0.00","0.00"
"27/09/2025 03:00:00 - 27/09/2025 04:00:00","Belgium (BE)","0.00","0.00","0.00","0.00"
"27/09/2025 04:00:00 - 27/09/2025 05:00:00","Belgium (BE)","0.00","0.00","0.00","0.00"
"27/09/2025 05:00:00 - 27/09/2025 06:00:00","Belgium (BE)","0.00","0.00","0.00","0.00"
"27/09/2025 06:00:00 - 27/09/2025 07:00:00","Belgium (BE)","0.00","0.00","0.00","0.00"
"27/09/2025 07:00:00 - 27/09/2025 08:00:00","Belgium (BE)","21.68","14.27","14.27","5.98"
"27/09/2025 08:00:00 - 27/09/2025 09:00:00","Belgium (BE)","628.41","373.81","387.18","435.71"
"27/09/2025 09:00:00 - 27/09/2025 10:00:00","Belgium (BE)","1988.42","1373.35","1518.57","1541.03"
"27/09/2025 10:00:00 - 27/09/2025 11:00:00","Belgium (BE)","3681.01","3074.56","3467.60","2997.94"
"27/09/2025 11:00:00 - 27/09/2025 12:00:00","Belgium (BE)","5140.00","4540.50","4622.59","4527.74"
"27/09/2025 12:00:00 - 27/09/2025 13:00:00","Belgium (BE)","5806.51","5298.79","5235.78","5415.84"
"27/09/2025 13:00:00 - 27/09/2025 14:00:00","Belgium (BE)","5586.94","5108.41","5262.09","5508.40"
"27/09/2025 14:00:00 - 27/09/2025 15:00:00","Belgium (BE)","4687.02","4204.77","4739.02","4902.71"
"27/09/2025 15:00:00 - 27/09/2025 16:00:00","Belgium (BE)","3693.96","3247.30","3905.61","3665.69"
"27/09/2025 16:00:00 - 27/09/2025 17:00:00","Belgium (BE)","2608.54","2394.84","2792.87","2301.47"
"27/09/2025 17:00:00 - 27/09/2025 18:00:00","Belgium (BE)","1684.82","1492.27","1626.24","1182.11"
"27/09/2025 18:00:00 - 27/09/2025 19:00:00","Belgium (BE)","617.71","534.05","515.12","435.56"
"27/09/2025 19:00:00 - 27/09/2025 20:00:00","Belgium (BE)","36.57","32.09","32.63","28.53"
"27/09/2025 20:00:00 - 27/09/2025 21:00:00","Belgium (BE)","0.00","0.00","0.00","0.00"
"27/09/2025 21:00:00 - 27/09/2025 22:00:00","Belgium (BE)","0.00","0.00","0.00","0.00"
"27/09/2025 22:00:00 - 27/09/2025 23:00:00","Belgium (BE)","0.00","0.00","0.00","0.00"
"27/09/2025 23:00:00 - 28/09/2025 00:00:00","Belgium (BE)","0.00","0.00","0.00","0.00"
"28/09/2025 00:00:00 - 28/09/2025 01:00:00","Belgium (BE)","0.00","0.00","0.00","0.00"
"28/09/2025 01:00:00 - 28/09/2025 02:00:00","Belgium (BE)","0.00","0.00","0.00","0.00"
"28/09/2025 02:00:00 - 28/09/2025 03:00:00","Belgium (BE)","0.00","0.00","0.00","0.00"
"28/09/2025 03:00:00 - 28/09/2025 04:00:00","Belgium (BE)","0.00","0.00","0.00","0.00"
"28/09/2025 04:00:00 - 28/09/2025 05:00:00","Belgium (BE)","0.00","0.00","0.00","0.00"
"28/09/2025 05:00:00 - 28/09/2025 06:00:00","Belgium (BE)","0.00","0.00","0.00","0.00"
"28/09/2025 06:00:00 - 28/09/2025 07:00:00","Belgium (BE)","0.00","0.00","0.00","0.00"
"28/09/2025 07:00:00 - 28/09/2025 08:00:00","Belgium (BE)","24.33","24.23","24.23","12.96"
"28/09/2025 08:00:00 - 28/09/2025 09:00:00","Belgium (BE)","856.05","841.94","834.19","905.64"
"28/09/2025 09:00:00 - 28/09/2025 10:00:00","Belgium (BE)","2875.34","2825.27","2920.87","2603.95"
"28/09/2025 10:00:00 - 28/09/2025 11:00:00","Belgium (BE)","4952.57","4915.66","4801.83","4429.97"
"28/09/2025 11:00:00 - 28/09/2025 12:00:00","Belgium (BE)","6158.21","6176.15","5783.50","5851.00"
"28/09/2025 12:00:00 - 28/09/2025 13:00:00","Belgium (BE)","6744.25","6824.05","6566.00","6779.56"
"28/09/2025 13:00:00 - 28/09/2025 14:00:00","Belgium (BE)","6670.14","6780.67","6779.56","7006.89"
"28/09/2025 14:00:00 - 28/09/2025 15:00:00","Belgium (BE)","6081.06","6160.08","6282.13","6539.27"
"28/09/2025 15:00:00 - 28/09/2025 16:00:00","Belgium (BE)","5107.63","5169.81","5411.20","5412.67"
"28/09/2025 16:00:00 - 28/09/2025 17:00:00","Belgium (BE)","3739.44","3913.04","3863.56","3687.75"
"28/09/2025 17:00:00 - 28/09/2025 18:00:00","Belgium (BE)","2169.86","2281.63","2128.32","1761.68"
"28/09/2025 18:00:00 - 28/09/2025 19:00:00","Belgium (BE)","738.43","769.31","656.77","438.13"
"28/09/2025 19:00:00 - 28/09/2025 20:00:00","Belgium (BE)","34.76","35.11","30.59","18.73"
"28/09/2025 20:00:00 - 28/09/2025 21:00:00","Belgium (BE)","0.00","0.00","0.00","0.00"
"28/09/2025 21:00:00 - 28/09/2025 22:00:00","Belgium (BE)","0.00","0.00","0.00","0.00"
"28/09/2025 22:00:00 - 28/09/2025 23:00:00","Belgium (BE)","0.00","0.00","0.00","0.00"
"28/09/2025 23:00:00 - 29/09/2025 00:00:00","Belgium (BE)","0.00","0.00","0.00","0.00"
"29/09/2025 00:00:00 - 29/09/2025 01:00:00","Belgium (BE)","0.00","0.00","0.00","0.00"
"29/09/2025 01:00:00 - 29/09/2025 02:00:00","Belgium (BE)","0.00","0.00","0.00","0.00"
"29/09/2025 02:00:00 - 29/09/2025 03:00:00","Belgium (BE)","0.00","0.00","0.00","0.00"
"29/09/2025 03:00:00 - 29/09/2025 04:00:00","Belgium (BE)","0.00","0.00","0.00","0.00"
"29/09/2025 04:00:00 - 29/09/2025 05:00:00","Belgium (BE)","0.00","0.00","0.00","0.00"
"29/09/2025 05:00:00 - 29/09/2025 06:00:00","Belgium (BE)","0.00","0.00","0.00","0.00"
"29/09/2025 06:00:00 - 29/09/2025 07:00:00","Belgium (BE)","0.00","0.00","0.00","0.00"
"29/09/2025 07:00:00 - 29/09/2025 08:00:00","Belgium (BE)","18.89","14.95","14.95","1.14"
"29/09/2025 08:00:00 - 29/09/2025 09:00:00","Belgium (BE)","744.23","577.90","574.80","414.58"
"29/09/2025 09:00:00 - 29/09/2025 10:00:00","Belgium (BE)","2532.75","2108.60","2044.78","1598.68"
"29/09/2025 10:00:00 - 29/09/2025 11:00:00","Belgium (BE)","4500.01","4134.86","3873.54","3385.79"
"29/09/2025 11:00:00 - 29/09/2025 12:00:00","Belgium (BE)","5717.72","5534.25","4984.84","5019.25"
"29/09/2025 12:00:00 - 29/09/2025 13:00:00","Belgium (BE)","6078.58","5974.35","5703.38","5981.49"
"29/09/2025 13:00:00 - 29/09/2025 14:00:00","Belgium (BE)","5678.37","5585.79","5889.93","4992.45"
"29/09/2025 14:00:00 - 29/09/2025 15:00:00","Belgium (BE)","4948.32","4786.82","4594.48","3881.42"
"29/09/2025 15:00:00 - 29/09/2025 16:00:00","Belgium (BE)","4026.30","3779.90","3500.90","3300.47"
"29/09/2025 16:00:00 - 29/09/2025 17:00:00","Belgium (BE)","3034.35","2765.52","2614.30","2406.28"
"29/09/2025 17:00:00 - 29/09/2025 18:00:00","Belgium (BE)","1859.39","1790.91","1630.86","1429.79"
"29/09/2025 18:00:00 - 29/09/2025 19:00:00","Belgium (BE)","629.81","600.50","535.32","507.65"
"29/09/2025 19:00:00 - 29/09/2025 20:00:00","Belgium (BE)","25.58","24.28","23.69","13.74"
"29/09/2025 20:00:00 - 29/09/2025 21:00:00","Belgium (BE)","0.00","0.00","0.00","0.00"
"29/09/2025 21:00:00 - 29/09/2025 22:00:00","Belgium (BE)","0.00","0.00","0.00","0.00"
"29/09/2025 22:00:00 - 29/09/2025 23:00:00","Belgium (BE)","0.00","0.00","0.00","0.00"
"29/09/2025 23:00:00 - 30/09/2025 00:00:00","Belgium (BE)","0.00","0.00","0.00","0.00"
"30/09/2025 00:00:00 - 30/09/2025 01:00:00","Belgium (BE)","0.00","0.00","0.00","0.00"
"30/09/2025 01:00:00 - 30/09/2025 02:00:00","Belgium (BE)","0.00","0.00","0.00","0.00"
"30/09/2025 02:00:00 - 30/09/2025 03:00:00","Belgium (BE)","0.00","0.00","0.00","0.00"
"30/09/2025 03:00:00 - 30/09/2025 04:00:00","Belgium (BE)","0.00","0.00","0.00","0.00"
"30/09/2025 04:00:00 - 30/09/2025 05:00:00","Belgium (BE)","0.00","0.00","0.00","0.00"
"30/09/2025 05:00:00 - 30/09/2025 06:00:00","Belgium (BE)","0.00","0.00","0.00","0.00"
"30/09/2025 06:00:00 - 30/09/2025 07:00:00","Belgium (BE)","0.00","0.00","0.00","0.00"
"30/09/2025 07:00:00 - 30/09/2025 08:00:00","Belgium (BE)","11.84","12.95","12.95","0.70"
"30/09/2025 08:00:00 - 30/09/2025 09:00:00","Belgium (BE)","506.31","596.58","576.16","268.22"
"30/09/2025 09:00:00 - 30/09/2025 10:00:00","Belgium (BE)","1757.91","2076.29","1803.26","1355.14"
"30/09/2025 10:00:00 - 30/09/2025 11:00:00","Belgium (BE)","3489.10","3859.10","3314.87","2722.29"
"30/09/2025 11:00:00 - 30/09/2025 12:00:00","Belgium (BE)","4687.51","4683.82","3879.57","3992.85"
"30/09/2025 12:00:00 - 30/09/2025 13:00:00","Belgium (BE)","5120.59","4989.32","4452.50","4660.20"
"30/09/2025 13:00:00 - 30/09/2025 14:00:00","Belgium (BE)","5152.25","5081.72","4981.45","4928.54"
"30/09/2025 14:00:00 - 30/09/2025 15:00:00","Belgium (BE)","4793.96","4887.05","4866.38","4700.80"
"30/09/2025 15:00:00 - 30/09/2025 16:00:00","Belgium (BE)","4082.41","4268.77","4193.22","4025.83"
"30/09/2025 16:00:00 - 30/09/2025 17:00:00","Belgium (BE)","3161.78","3380.42","3278.55","2831.36"
"30/09/2025 17:00:00 - 30/09/2025 18:00:00","Belgium (BE)","1918.38","2152.14","1941.12","1616.78"
"30/09/2025 18:00:00 - 30/09/2025 19:00:00","Belgium (BE)","628.46","706.03","593.03","595.54"
"30/09/2025 19:00:00 - 30/09/2025 20:00:00","Belgium (BE)","21.13","22.41","20.72","16.91"
"30/09/2025 20:00:00 - 30/09/2025 21:00:00","Belgium (BE)","0.00","0.00","0.00","0.00"
"30/09/2025 21:00:00 - 30/09/2025 22:00:00","Belgium (BE)","0.00","0.00","0.00","0.00"
"30/09/2025 22:00:00 - 30/09/2025 23:00:00","Belgium (BE)","0.00","0.00","0.00","0.00"
"30/09/2025 23:00:00 - 01/10/2025 00:00:00","Belgium (BE)","0.00","0.00","0.00","0.00"
"01/10/2025 00:00:00 - 01/10/2025 01:00:00","Belgium (BE)","0.00","0.00","0.00","0.00"
"01/10/2025 01:00:00 - 01/10/2025 02:00:00","Belgium (BE)","0.00","0.00","0.00","0.00"
"01/10/2025 02:00:00 - 01/10/2025 03:00:00","Belgium (BE)","0.00","0.00","0.00","0.00"
"01/10/2025 03:00:00 - 01/10/2025 04:00:00","Belgium (BE)","0.00","0.00","0.00","0.00"
"01/10/2025 04:00:00 - 01/10/2025 05:00:00","Belgium (BE)","0.00","0.00","0.00","0.00"
"01/10/2025 05:00:00 - 01/10/2025 06:00:00","Belgium (BE)","0.00","0.00","0.00","0.00"
"01/10/2025 06:00:00 - 01/10/2025 07:00:00","Belgium (BE)","0.00","0.00","0.00","0.00"
"01/10/2025 07:00:00 - 01/10/2025 08:00:00","Belgium (BE)","12.23","8.59","8.59","1.23"
"01/10/2025 08:00:00 - 01/10/2025 09:00:00","Belgium (BE)","606.78","387.17","345.02","286.55"
"01/10/2025 09:00:00 - 01/10/2025 10:00:00","Belgium (BE)","2154.19","1374.85","1214.70","1054.48"
"01/10/2025 10:00:00 - 01/10/2025 11:00:00","Belgium (BE)","3990.66","2641.92","2230.20","1972.45"
"01/10/2025 11:00:00 - 01/10/2025 12:00:00","Belgium (BE)","5493.06","4461.31","4077.46","3343.09"
"01/10/2025 12:00:00 - 01/10/2025 13:00:00","Belgium (BE)","6364.06","5964.78","5237.75","5172.89"
"01/10/2025 13:00:00 - 01/10/2025 14:00:00","Belgium (BE)","6406.94","6299.45","5620.90","6194.89"
"01/10/2025 14:00:00 - 01/10/2025 15:00:00","Belgium (BE)","5798.11","5654.34","5650.01","5624.83"
"01/10/2025 15:00:00 - 01/10/2025 16:00:00","Belgium (BE)","4926.01","4452.28","4280.63","4478.13"
"01/10/2025 16:00:00 - 01/10/2025 17:00:00","Belgium (BE)","3658.02","2965.75","3004.17","2664.80"
"01/10/2025 17:00:00 - 01/10/2025 18:00:00","Belgium (BE)","2053.64","1563.86","1550.44","1150.51"
"01/10/2025 18:00:00 - 01/10/2025 19:00:00","Belgium (BE)","633.69","435.22","401.75","322.70"
"01/10/2025 19:00:00 - 01/10/2025 20:00:00","Belgium (BE)","16.25","11.10","10.71","4.74"
"01/10/2025 20:00:00 - 01/10/2025 21:00:00","Belgium (BE)","0.00","0.00","0.00","0.00"
"01/10/2025 21:00:00 - 01/10/2025 22:00:00","Belgium (BE)","0.00","0.00","0.00","0.00"
"01/10/2025 22:00:00 - 01/10/2025 23:00:00","Belgium (BE)","0.00","0.00","0.00","0.00"
"01/10/2025 23:00:00 - 02/10/2025 00:00:00","Belgium (BE)","0.00","0.00","0.00","0.00"
"02/10/2025 00:00:00 - 02/10/2025 01:00:00","Belgium (BE)","0.00","0.00","0.00","0.00"
"02/10/2025 01:00:00 - 02/10/2025 02:00:00","Belgium (BE)","0.00","0.00","0.00","0.00"
"02/10/2025 02:00:00 - 02/10/2025 03:00:00","Belgium (BE)","0.00","0.00","0.00","0.00"
"02/10/2025 03:00:00 - 02/10/2025 04:00:00","Belgium (BE)","0.00","0.00","0.00","0.00"
"02/10/2025 04:00:00 - 02/10/2025 05:00:00","Belgium (BE)","0.00","0.00","0.00","0.00"
"02/10/2025 05:00:00 - 02/10/2025 06:00:00","Belgium (BE)","0.00","0.00","0.00","0.00"
"02/10/2025 06:00:00 - 02/10/2025 07:00:00","Belgium (BE)","0.00","0.00","0.00","0.00"
"02/10/2025 07:00:00 - 02/10/2025 08:00:00","Belgium (BE)","7.90","8.41","8.41","1.47"
"02/10/2025 08:00:00 - 02/10/2025 09:00:00","Belgium (BE)","428.35","454.13","450.50","459.23"
"02/10/2025 09:00:00 - 02/10/2025 10:00:00","Belgium (BE)","1480.50","1552.99","1509.94","1201.60"
"02/10/2025 10:00:00 - 02/10/2025 11:00:00","Belgium (BE)","2668.76","2684.03","2554.40","2302.28"
"02/10/2025 11:00:00 - 02/10/2025 12:00:00","Belgium (BE)","3881.23","3740.08","3279.12","3481.26"
"02/10/2025 12:00:00 - 02/10/2025 13:00:00","Belgium (BE)","4959.18","4677.68","4166.72","4180.05"
"02/10/2025 13:00:00 - 02/10/2025 14:00:00","Belgium (BE)","5370.82","4949.75","4249.44","4700.76"
"02/10/2025 14:00:00 - 02/10/2025 15:00:00","Belgium (BE)","5348.15","4578.19","4547.98","5056.87"
"02/10/2025 15:00:00 - 02/10/2025 16:00:00","Belgium (BE)","4793.30","4019.47","4711.85","4670.62"
"02/10/2025 16:00:00 - 02/10/2025 17:00:00","Belgium (BE)","3548.95","3041.45","3649.24","3191.97"
"02/10/2025 17:00:00 - 02/10/2025 18:00:00","Belgium (BE)","1953.28","1765.55","1981.15","1555.93"
"02/10/2025 18:00:00 - 02/10/2025 19:00:00","Belgium (BE)","544.49","495.24","509.28","310.67"
"02/10/2025 19:00:00 - 02/10/2025 20:00:00","Belgium (BE)","10.06","9.82","9.92","2.46"
"02/10/2025 20:00:00 - 02/10/2025 21:00:00","Belgium (BE)","0.00","0.00","0.00","0.00"
"02/10/2025 21:00:00 - 02/10/2025 22:00:00","Belgium (BE)","0.00","0.00","0.00","0.00"
"02/10/2025 22:00:00 - 02/10/2025 23:00:00","Belgium (BE)","0.00","0.00","0.00","0.00"
"02/10/2025 23:00:00 - 03/10/2025 00:00:00","Belgium (BE)","0.00","0.00","0.00","0.00"
"03/10/2025 00:00:00 - 03/10/2025 01:00:00","Belgium (BE)","0.00","0.00","0.00","0.00"
"03/10/2025 01:00:00 - 03/10/2025 02:00:00","Belgium (BE)","0.00","0.00","0.00","0.00"
"03/10/2025 02:00:00 - 03/10/2025 03:00:00","Belgium (BE)","0.00","0.00","0.00","0.00"
"03/10/2025 03:00:00 - 03/10/2025 04:00:00","Belgium (BE)","0.00","0.00","0.00","0.00"
"03/10/2025 04:00:00 - 03/10/2025 05:00:00","Belgium (BE)","0.00","0.00","0.00","0.00"
"03/10/2025 05:00:00 - 03/10/2025 06:00:00","Belgium (BE)","0.00","0.00","0.00","0.00"
"03/10/2025 06:00:00 - 03/10/2025 07:00:00","Belgium (BE)","0.00","0.00","0.00","0.00"
"03/10/2025 07:00:00 - 03/10/2025 08:00:00","Belgium (BE)","2.38","3.04","3.04","0.02"
"03/10/2025 08:00:00 - 03/10/2025 09:00:00","Belgium (BE)","115.77","163.18","162.48","128.71"
"03/10/2025 09:00:00 - 03/10/2025 10:00:00","Belgium (BE)","380.74","554.74","487.40","548.35"
"03/10/2025 10:00:00 - 03/10/2025 11:00:00","Belgium (BE)","641.05","824.69","858.53","908.73"
"03/10/2025 11:00:00 - 03/10/2025 12:00:00","Belgium (BE)","820.63","1021.47","1040.91","1316.07"
"03/10/2025 12:00:00 - 03/10/2025 13:00:00","Belgium (BE)","955.87","1150.24","1411.67","1605.40"
"03/10/2025 13:00:00 - 03/10/2025 14:00:00","Belgium (BE)","1041.44","1106.29","1370.43","1754.30"
"03/10/2025 14:00:00 - 03/10/2025 15:00:00","Belgium (BE)","988.78","960.66","1344.04","1328.21"
"03/10/2025 15:00:00 - 03/10/2025 16:00:00","Belgium (BE)","706.10","722.57","806.69","959.30"
"03/10/2025 16:00:00 - 03/10/2025 17:00:00","Belgium (BE)","415.79","428.31","478.62","599.68"
"03/10/2025 17:00:00 - 03/10/2025 18:00:00","Belgium (BE)","204.94","196.30","235.15","267.07"
"03/10/2025 18:00:00 - 03/10/2025 19:00:00","Belgium (BE)","61.16","57.15","65.41","37.19"
"03/10/2025 19:00:00 - 03/10/2025 20:00:00","Belgium (BE)","1.41","1.27","1.21","0.04"
"03/10/2025 20:00:00 - 03/10/2025 21:00:00","Belgium (BE)","0.00","0.00","0.00","0.00"
"03/10/2025 21:00:00 - 03/10/2025 22:00:00","Belgium (BE)","0.00","0.00","0.00","0.00"
"03/10/2025 22:00:00 - 03/10/2025 23:00:00","Belgium (BE)","0.00","0.00","0.00","0.00"
"03/10/2025 23:00:00 - 04/10/2025 00:00:00","Belgium (BE)","0.00","0.00","0.00","0.00"
"04/10/2025 00:00:00 - 04/10/2025 01:00:00","Belgium (BE)","0.00","0.00","0.00","0.00"
"04/10/2025 01:00:00 - 04/10/2025 02:00:00","Belgium (BE)","0.00","0.00","0.00","0.00"
"04/10/2025 02:00:00 - 04/10/2025 03:00:00","Belgium (BE)","0.00","0.00","0.00","0.00"
"04/10/2025 03:00:00 - 04/10/2025 04:00:00","Belgium (BE)","0.00","0.00","0.00","0.00"
"04/10/2025 04:00:00 - 04/10/2025 05:00:00","Belgium (BE)","0.00","0.00","0.00","0.00"
"04/10/2025 05:00:00 - 04/10/2025 06:00:00","Belgium (BE)","0.00","0.00","0.00","0.00"
"04/10/2025 06:00:00 - 04/10/2025 07:00:00","Belgium (BE)","0.00","0.00","0.00","0.00"
"04/10/2025 07:00:00 - 04/10/2025 08:00:00","Belgium (BE)","0.63","0.67","0.67","0.00"
"04/10/2025 08:00:00 - 04/10/2025 09:00:00","Belgium (BE)","51.00","59.03","55.17","14.83"
"04/10/2025 09:00:00 - 04/10/2025 10:00:00","Belgium (BE)","223.93","256.75","215.97","187.53"
"04/10/2025 10:00:00 - 04/10/2025 11:00:00","Belgium (BE)","953.81","998.83","817.25","1293.23"
"04/10/2025 11:00:00 - 04/10/2025 12:00:00","Belgium (BE)","2771.07","2596.91","2450.42","3429.57"
"04/10/2025 12:00:00 - 04/10/2025 13:00:00","Belgium (BE)","4540.43","4306.55","4609.76","5165.28"
"04/10/2025 13:00:00 - 04/10/2025 14:00:00","Belgium (BE)","5182.92","5054.47","5687.51","5670.65"
"04/10/2025 14:00:00 - 04/10/2025 15:00:00","Belgium (BE)","4940.38","4909.24","5225.70","4235.69"
"04/10/2025 15:00:00 - 04/10/2025 16:00:00","Belgium (BE)","4243.45","4573.95","4006.22","4163.02"
"04/10/2025 16:00:00 - 04/10/2025 17:00:00","Belgium (BE)","3030.45","3431.64","3385.63","3304.97"
"04/10/2025 17:00:00 - 04/10/2025 18:00:00","Belgium (BE)","1664.87","1856.89","1834.02","1627.14"
"04/10/2025 18:00:00 - 04/10/2025 19:00:00","Belgium (BE)","447.07","492.84","455.85","244.71"
"04/10/2025 19:00:00 - 04/10/2025 20:00:00","Belgium (BE)","5.92","6.23","5.63","0.65"
"04/10/2025 20:00:00 - 04/10/2025 21:00:00","Belgium (BE)","0.00","0.00","0.00","0.00"
"04/10/2025 21:00:00 - 04/10/2025 22:00:00","Belgium (BE)","0.00","0.00","0.00","0.00"
"04/10/2025 22:00:00 - 04/10/2025 23:00:00","Belgium (BE)","0.00","0.00","0.00","0.00"
"04/10/2025 23:00:00 - 05/10/2025 00:00:00","Belgium (BE)","0.00","0.00","0.00","0.00"
"05/10/2025 00:00:00 - 05/10/2025 01:00:00","Belgium (BE)","0.00","0.00","0.00","0.00"
"05/10/2025 01:00:00 - 05/10/2025 02:00:00","Belgium (BE)","0.00","0.00","0.00","0.00"
"05/10/2025 02:00:00 - 05/10/2025 03:00:00","Belgium (BE)","0.00","0.00","0.00","0.00"
"05/10/2025 03:00:00 - 05/10/2025 04:00:00","Belgium (BE)","0.00","0.00","0.00","0.00"
"05/10/2025 04:00:00 - 05/10/2025 05:00:00","Belgium (BE)","0.00","0.00","0.00","0.00"
"05/10/2025 05:00:00 - 05/10/2025 06:00:00","Belgium (BE)","0.00","0.00","0.00","0.00"
"05/10/2025 06:00:00 - 05/10/2025 07:00:00","Belgium (BE)","0.00","0.00","0.00","0.00"
"05/10/2025 07:00:00 - 05/10/2025 08:00:00","Belgium (BE)","3.78","3.69","3.69","0.00"
"05/10/2025 08:00:00 - 05/10/2025 09:00:00","Belgium (BE)","425.02","424.90","410.33","250.04"
"05/10/2025 09:00:00 - 05/10/2025 10:00:00","Belgium (BE)","1632.44","1617.98","1481.58","1194.69"
"05/10/2025 10:00:00 - 05/10/2025 11:00:00","Belgium (BE)","2810.48","2641.56","2292.88","2074.90"
"05/10/2025 11:00:00 - 05/10/2025 12:00:00","Belgium (BE)","3185.50","3145.06","2704.38","2575.39"
"05/10/2025 12:00:00 - 05/10/2025 13:00:00","Belgium (BE)","3244.40","3405.33","2927.13","2783.66"
"05/10/2025 13:00:00 - 05/10/2025 14:00:00","Belgium (BE)","3475.94","3310.54","2967.39","2816.39"
"05/10/2025 14:00:00 - 05/10/2025 15:00:00","Belgium (BE)","3522.62","3268.31","2913.39","2193.86"
"05/10/2025 15:00:00 - 05/10/2025 16:00:00","Belgium (BE)","3104.67","2950.03","2260.33","1984.03"
"05/10/2025 16:00:00 - 05/10/2025 17:00:00","Belgium (BE)","2412.16","2160.62","1802.70","1478.39"
"05/10/2025 17:00:00 - 05/10/2025 18:00:00","Belgium (BE)","1402.21","1174.83","1088.51","695.04"
"05/10/2025 18:00:00 - 05/10/2025 19:00:00","Belgium (BE)","344.38","283.13","264.55","151.32"
"05/10/2025 19:00:00 - 05/10/2025 20:00:00","Belgium (BE)","3.75","3.41","3.43","0.05"
"05/10/2025 20:00:00 - 05/10/2025 21:00:00","Belgium (BE)","0.00","0.00","0.00","0.00"
"05/10/2025 21:00:00 - 05/10/2025 22:00:00","Belgium (BE)","0.00","0.00","0.00","0.00"
"05/10/2025 22:00:00 - 05/10/2025 23:00:00","Belgium (BE)","0.00","0.00","0.00","0.00"
"05/10/2025 23:00:00 - 06/10/2025 00:00:00","Belgium (BE)","0.00","0.00","0.00","0.00"
"06/10/2025 00:00:00 - 06/10/2025 01:00:00","Belgium (BE)","0.00","0.00","0.00","0.00"
"06/10/2025 01:00:00 - 06/10/2025 02:00:00","Belgium (BE)","0.00","0.00","0.00","0.00"
"06/10/2025 02:00:00 - 06/10/2025 03:00:00","Belgium (BE)","0.00","0.00","0.00","0.00"
"06/10/2025 03:00:00 - 06/10/2025 04:00:00","Belgium (BE)","0.00","0.00","0.00","0.00"
"06/10/2025 04:00:00 - 06/10/2025 05:00:00","Belgium (BE)","0.00","0.00","0.00","0.00"
"06/10/2025 05:00:00 - 06/10/2025 06:00:00","Belgium (BE)","0.00","0.00","0.00","0.00"
"06/10/2025 06:00:00 - 06/10/2025 07:00:00","Belgium (BE)","0.00","0.00","0.00","0.00"
"06/10/2025 07:00:00 - 06/10/2025 08:00:00","Belgium (BE)","1.52","1.90","1.90","0.00"
"06/10/2025 08:00:00 - 06/10/2025 09:00:00","Belgium (BE)","200.33","245.34","262.17","153.20"
"06/10/2025 09:00:00 - 06/10/2025 10:00:00","Belgium (BE)","775.05","948.00","816.30","685.76"
"06/10/2025 10:00:00 - 06/10/2025 11:00:00","Belgium (BE)","1259.46","1607.91","1201.74","1080.02"
"06/10/2025 11:00:00 - 06/10/2025 12:00:00","Belgium (BE)","1666.67","1892.38","1422.97","1624.46"
"06/10/2025 12:00:00 - 06/10/2025 13:00:00","Belgium (BE)","1870.53","2123.78","1918.46","1756.03"
"06/10/2025 13:00:00 - 06/10/2025 14:00:00","Belgium (BE)","1994.69","2352.52","2021.12","1856.88"
"06/10/2025 14:00:00 - 06/10/2025 15:00:00","Belgium (BE)","1911.21","2352.66","1839.20","1841.76"
"06/10/2025 15:00:00 - 06/10/2025 16:00:00","Belgium (BE)","1688.85","2057.00","1563.14","1916.77"
"06/10/2025 16:00:00 - 06/10/2025 17:00:00","Belgium (BE)","1403.38","1574.68","1461.13","1462.52"
"06/10/2025 17:00:00 - 06/10/2025 18:00:00","Belgium (BE)","803.46","933.45","850.41","891.69"
"06/10/2025 18:00:00 - 06/10/2025 19:00:00","Belgium (BE)","197.19","229.51","219.09","195.26"
"06/10/2025 19:00:00 - 06/10/2025 20:00:00","Belgium (BE)","1.97","2.19","2.22","0.93"
"06/10/2025 20:00:00 - 06/10/2025 21:00:00","Belgium (BE)","0.00","0.00","0.00","0.00"
"06/10/2025 21:00:00 - 06/10/2025 22:00:00","Belgium (BE)","0.00","0.00","0.00","0.00"
"06/10/2025 22:00:00 - 06/10/2025 23:00:00","Belgium (BE)","0.00","0.00","0.00","0.00"
"06/10/2025 23:00:00 - 07/10/2025 00:00:00","Belgium (BE)","0.00","0.00","0.00","0.00"
"07/10/2025 00:00:00 - 07/10/2025 01:00:00","Belgium (BE)","0.00","0.00","0.00","0.00"
"07/10/2025 01:00:00 - 07/10/2025 02:00:00","Belgium (BE)","0.00","0.00","0.00","0.00"
"07/10/2025 02:00:00 - 07/10/2025 03:00:00","Belgium (BE)","0.00","0.00","0.00","0.00"
"07/10/2025 03:00:00 - 07/10/2025 04:00:00","Belgium (BE)","0.00","0.00","0.00","0.00"
"07/10/2025 04:00:00 - 07/10/2025 05:00:00","Belgium (BE)","0.00","0.00","0.00","0.00"
"07/10/2025 05:00:00 - 07/10/2025 06:00:00","Belgium (BE)","0.00","0.00","0.00","0.00"
"07/10/2025 06:00:00 - 07/10/2025 07:00:00","Belgium (BE)","0.00","0.00","0.00","0.00"
"07/10/2025 07:00:00 - 07/10/2025 08:00:00","Belgium (BE)","0.84","0.83","0.83","0.00"
"07/10/2025 08:00:00 - 07/10/2025 09:00:00","Belgium (BE)","153.91","177.60","173.31","74.73"
"07/10/2025 09:00:00 - 07/10/2025 10:00:00","Belgium (BE)","614.88","738.12","675.06","300.96"
"07/10/2025 10:00:00 - 07/10/2025 11:00:00","Belgium (BE)","1106.22","1388.44","1019.56","675.58"
"07/10/2025 11:00:00 - 07/10/2025 12:00:00","Belgium (BE)","1530.77","2052.57","1410.26","1089.16"
"07/10/2025 12:00:00 - 07/10/2025 13:00:00","Belgium (BE)","1850.12","2449.27","1727.02","1347.99"
"07/10/2025 13:00:00 - 07/10/2025 14:00:00","Belgium (BE)","2068.67","2487.97","1872.14","1299.48"
"07/10/2025 14:00:00 - 07/10/2025 15:00:00","Belgium (BE)","2017.71","2292.16","1599.90","985.31"
"07/10/2025 15:00:00 - 07/10/2025 16:00:00","Belgium (BE)","1627.74","1854.74","1231.32","655.59"
"07/10/2025 16:00:00 - 07/10/2025 17:00:00","Belgium (BE)","1153.63","1289.62","838.26","409.70"
"07/10/2025 17:00:00 - 07/10/2025 18:00:00","Belgium (BE)","567.99","649.92","444.22","184.49"
"07/10/2025 18:00:00 - 07/10/2025 19:00:00","Belgium (BE)","129.63","146.02","105.83","26.62"
"07/10/2025 19:00:00 - 07/10/2025 20:00:00","Belgium (BE)","0.75","0.85","0.69","0.01"
"07/10/2025 20:00:00 - 07/10/2025 21:00:00","Belgium (BE)","0.00","0.00","0.00","0.00"
"07/10/2025 21:00:00 - 07/10/2025 22:00:00","Belgium (BE)","0.00","0.00","0.00","0.00"
"07/10/2025 22:00:00 - 07/10/2025 23:00:00","Belgium (BE)","0.00","0.00","0.00","0.00"
"07/10/2025 23:00:00 - 08/10/2025 00:00:00","Belgium (BE)","0.00","0.00","0.00","0.00"
"08/10/2025 00:00:00 - 08/10/2025 01:00:00","Belgium (BE)","0.00","0.00","0.00","0.00"
"08/10/2025 01:00:00 - 08/10/2025 02:00:00","Belgium (BE)","0.00","0.00","0.00","0.00"
"08/10/2025 02:00:00 - 08/10/2025 03:00:00","Belgium (BE)","0.00","0.00","0.00","0.00"
"08/10/2025 03:00:00 - 08/10/2025 04:00:00","Belgium (BE)","0.00","0.00","0.00","0.00"
"08/10/2025 04:00:00 - 08/10/2025 05:00:00","Belgium (BE)","0.00","0.00","0.00","0.00"
"08/10/2025 05:00:00 - 08/10/2025 06:00:00","Belgium (BE)","0.00","0.00","0.00","0.00"
"08/10/2025 06:00:00 - 08/10/2025 07:00:00","Belgium (BE)","0.00","0.00","0.00","0.00"
"08/10/2025 07:00:00 - 08/10/2025 08:00:00","Belgium (BE)","0.56","0.47","0.47","0.00"
"08/10/2025 08:00:00 - 08/10/2025 09:00:00","Belgium (BE)","216.74","190.43","169.23","162.35"
"08/10/2025 09:00:00 - 08/10/2025 10:00:00","Belgium (BE)","938.61","858.81","756.46","851.74"
"08/10/2025 10:00:00 - 08/10/2025 11:00:00","Belgium (BE)","1862.99","1631.59","1567.22","1443.50"
"08/10/2025 11:00:00 - 08/10/2025 12:00:00","Belgium (BE)","2700.05","2290.57","2036.17","1715.74"
"08/10/2025 12:00:00 - 08/10/2025 13:00:00","Belgium (BE)","2966.08","2565.87","2009.05","1970.58"
"08/10/2025 13:00:00 - 08/10/2025 14:00:00","Belgium (BE)","2687.69","2461.77","2088.34","1907.21"
"08/10/2025 14:00:00 - 08/10/2025 15:00:00","Belgium (BE)","2238.93","2122.68","1872.66","1764.42"
"08/10/2025 15:00:00 - 08/10/2025 16:00:00","Belgium (BE)","1800.49","1699.55","1512.84","1394.52"
"08/10/2025 16:00:00 - 08/10/2025 17:00:00","Belgium (BE)","1284.18","1164.31","1052.37","871.24"
"08/10/2025 17:00:00 - 08/10/2025 18:00:00","Belgium (BE)","641.49","559.65","499.15","422.44"
"08/10/2025 18:00:00 - 08/10/2025 19:00:00","Belgium (BE)","138.73","120.10","116.95","86.40"
"08/10/2025 19:00:00 - 08/10/2025 20:00:00","Belgium (BE)","0.43","0.35","0.39","0.05"
"08/10/2025 20:00:00 - 08/10/2025 21:00:00","Belgium (BE)","0.00","0.00","0.00","0.00"
"08/10/2025 21:00:00 - 08/10/2025 22:00:00","Belgium (BE)","0.00","0.00","0.00","0.00"
"08/10/2025 22:00:00 - 08/10/2025 23:00:00","Belgium (BE)","0.00","0.00","0.00","0.00"
"08/10/2025 23:00:00 - 09/10/2025 00:00:00","Belgium (BE)","0.00","0.00","0.00","0.00"
"09/10/2025 00:00:00 - 09/10/2025 01:00:00","Belgium (BE)","0.00","0.00","0.00","0.00"
"09/10/2025 01:00:00 - 09/10/2025 02:00:00","Belgium (BE)","0.00","0.00","0.00","0.00"
"09/10/2025 02:00:00 - 09/10/2025 03:00:00","Belgium (BE)","0.00","0.00","0.00","0.00"
"09/10/2025 03:00:00 - 09/10/2025 04:00:00","Belgium (BE)","0.00","0.00","0.00","0.00"
"09/10/2025 04:00:00 - 09/10/2025 05:00:00","Belgium (BE)","0.00","0.00","0.00","0.00"
"09/10/2025 05:00:00 - 09/10/2025 06:00:00","Belgium (BE)","0.00","0.00","0.00","0.00"
"09/10/2025 06:00:00 - 09/10/2025 07:00:00","Belgium (BE)","0.00","0.00","0.00","0.00"
"09/10/2025 07:00:00 - 09/10/2025 08:00:00","Belgium (BE)","0.50","0.54","0.54","0.00"
"09/10/2025 08:00:00 - 09/10/2025 09:00:00","Belgium (BE)","291.40","287.73","280.87","238.80"
"09/10/2025 09:00:00 - 09/10/2025 10:00:00","Belgium (BE)","1323.49","1315.31","1230.85","1255.77"
"09/10/2025 10:00:00 - 09/10/2025 11:00:00","Belgium (BE)","2510.97","2617.57","2433.03","2609.99"
"09/10/2025 11:00:00 - 09/10/2025 12:00:00","Belgium (BE)","3385.92","3819.64","3845.08","3530.91"
"09/10/2025 12:00:00 - 09/10/2025 13:00:00","Belgium (BE)","3752.26","4171.18","3981.34","3357.89"
"09/10/2025 13:00:00 - 09/10/2025 14:00:00","Belgium (BE)","3617.87","3932.00","3237.59","3016.95"
"09/10/2025 14:00:00 - 09/10/2025 15:00:00","Belgium (BE)","3277.47","3569.78","3026.37","2658.39"
"09/10/2025 15:00:00 - 09/10/2025 16:00:00","Belgium (BE)","2766.67","2838.97","2359.74","1942.30"
"09/10/2025 16:00:00 - 09/10/2025 17:00:00","Belgium (BE)","1942.99","1916.75","1490.77","1496.60"
"09/10/2025 17:00:00 - 09/10/2025 18:00:00","Belgium (BE)","1073.66","1042.59","895.82","1067.86"
"09/10/2025 18:00:00 - 09/10/2025 19:00:00","Belgium (BE)","227.79","216.12","210.77","227.17"
"09/10/2025 19:00:00 - 09/10/2025 20:00:00","Belgium (BE)","0.25","0.23","0.21","0.05"
"09/10/2025 20:00:00 - 09/10/2025 21:00:00","Belgium (BE)","0.00","0.00","0.00","0.00"
"09/10/2025 21:00:00 - 09/10/2025 22:00:00","Belgium (BE)","0.00","0.00","0.00","0.00"
"09/10/2025 22:00:00 - 09/10/2025 23:00:00","Belgium (BE)","0.00","0.00","0.00","0.00"
"09/10/2025 23:00:00 - 10/10/2025 00:00:00","Belgium (BE)","0.00","0.00","0.00","0.00"
"10/10/2025 00:00:00 - 10/10/2025 01:00:00","Belgium (BE)","0.00","0.00","0.00","0.00"
"10/10/2025 01:00:00 - 10/10/2025 02:00:00","Belgium (BE)","0.00","0.00","0.00","0.00"
"10/10/2025 02:00:00 - 10/10/2025 03:00:00","Belgium (BE)","0.00","0.00","0.00","0.00"
"10/10/2025 03:00:00 - 10/10/2025 04:00:00","Belgium (BE)","0.00","0.00","0.00","0.00"
"10/10/2025 04:00:00 - 10/10/2025 05:00:00","Belgium (BE)","0.00","0.00","0.00","0.00"
"10/10/2025 05:00:00 - 10/10/2025 06:00:00","Belgium (BE)","0.00","0.00","0.00","0.00"
"10/10/2025 06:00:00 - 10/10/2025 07:00:00","Belgium (BE)","0.00","0.00","0.00","0.00"
"10/10/2025 07:00:00 - 10/10/2025 08:00:00","Belgium (BE)","0.15","0.17","0.17","0.00"
"10/10/2025 08:00:00 - 10/10/2025 09:00:00","Belgium (BE)","144.11","159.68","159.85","41.48"
"10/10/2025 09:00:00 - 10/10/2025 10:00:00","Belgium (BE)","697.24","766.50","665.45","332.39"
"10/10/2025 10:00:00 - 10/10/2025 11:00:00","Belgium (BE)","1409.55","1609.95","1328.17","822.41"
"10/10/2025 11:00:00 - 10/10/2025 12:00:00","Belgium (BE)","2007.43","2378.89","2011.66","1675.32"
"10/10/2025 12:00:00 - 10/10/2025 13:00:00","Belgium (BE)","2245.68","2510.87","2216.98","2457.26"
"10/10/2025 13:00:00 - 10/10/2025 14:00:00","Belgium (BE)","2124.03","2424.55","2265.62","2370.91"
"10/10/2025 14:00:00 - 10/10/2025 15:00:00","Belgium (BE)","1801.77","2333.66","2220.58","1935.50"
"10/10/2025 15:00:00 - 10/10/2025 16:00:00","Belgium (BE)","1458.82","1966.96","1791.02","1506.03"
"10/10/2025 16:00:00 - 10/10/2025 17:00:00","Belgium (BE)","1039.05","1338.95","1193.07","924.56"
"10/10/2025 17:00:00 - 10/10/2025 18:00:00","Belgium (BE)","532.13","675.74","549.97","285.14"
"10/10/2025 18:00:00 - 10/10/2025 19:00:00","Belgium (BE)","105.87","127.87","96.33","21.09"
"10/10/2025 19:00:00 - 10/10/2025 20:00:00","Belgium (BE)","0.01","0.01","0.01","0.00"
"10/10/2025 20:00:00 - 10/10/2025 21:00:00","Belgium (BE)","0.00","0.00","0.00","0.00"
"10/10/2025 21:00:00 - 10/10/2025 22:00:00","Belgium (BE)","0.00","0.00","0.00","0.00"
"10/10/2025 22:00:00 - 10/10/2025 23:00:00","Belgium (BE)","0.00","0.00","0.00","0.00"
"10/10/2025 23:00:00 - 11/10/2025 00:00:00","Belgium (BE)","0.00","0.00","0.00","0.00"
"11/10/2025 00:00:00 - 11/10/2025 01:00:00","Belgium (BE)","0.00","0.00","0.00","0.00"
"11/10/2025 01:00:00 - 11/10/2025 02:00:00","Belgium (BE)","0.00","0.00","0.00","0.00"
"11/10/2025 02:00:00 - 11/10/2025 03:00:00","Belgium (BE)","0.00","0.00","0.00","0.00"
"11/10/2025 03:00:00 - 11/10/2025 04:00:00","Belgium (BE)","0.00","0.00","0.00","0.00"
"11/10/2025 04:00:00 - 11/10/2025 05:00:00","Belgium (BE)","0.00","0.00","0.00","0.00"
"11/10/2025 05:00:00 - 11/10/2025 06:00:00","Belgium (BE)","0.00","0.00","0.00","0.00"
"11/10/2025 06:00:00 - 11/10/2025 07:00:00","Belgium (BE)","0.00","0.00","0.00","0.00"
"11/10/2025 07:00:00 - 11/10/2025 08:00:00","Belgium (BE)","0.04","0.05","0.05","0.00"
"11/10/2025 08:00:00 - 11/10/2025 09:00:00","Belgium (BE)","125.54","118.64","116.51","28.05"
"11/10/2025 09:00:00 - 11/10/2025 10:00:00","Belgium (BE)","621.88","589.83","539.50","244.05"
"11/10/2025 10:00:00 - 11/10/2025 11:00:00","Belgium (BE)","1235.08","1198.25","817.95","647.23"
"11/10/2025 11:00:00 - 11/10/2025 12:00:00","Belgium (BE)","1691.33","1657.28","1183.45","1189.50"
"11/10/2025 12:00:00 - 11/10/2025 13:00:00","Belgium (BE)","1799.20","1819.28","1465.81","1472.28"
"11/10/2025 13:00:00 - 11/10/2025 14:00:00","Belgium (BE)","1817.24","1853.82","1569.25","1445.84"
"11/10/2025 14:00:00 - 11/10/2025 15:00:00","Belgium (BE)","1747.73","1772.40","1354.61","1195.68"
"11/10/2025 15:00:00 - 11/10/2025 16:00:00","Belgium (BE)","1534.23","1539.06","1081.87","936.12"
"11/10/2025 16:00:00 - 11/10/2025 17:00:00","Belgium (BE)","1108.31","1129.33","737.68","617.15"
"11/10/2025 17:00:00 - 11/10/2025 18:00:00","Belgium (BE)","553.90","591.13","384.37","335.70"
"11/10/2025 18:00:00 - 11/10/2025 19:00:00","Belgium (BE)","104.97","111.10","85.23","61.13"
"11/10/2025 19:00:00 - 11/10/2025 20:00:00","Belgium (BE)","0.00","0.00","0.00","0.00"
"11/10/2025 20:00:00 - 11/10/2025 21:00:00","Belgium (BE)","0.00","0.00","0.00","0.00"
"11/10/2025 21:00:00 - 11/10/2025 22:00:00","Belgium (BE)","0.00","0.00","0.00","0.00"
"11/10/2025 22:00:00 - 11/10/2025 23:00:00","Belgium (BE)","0.00","0.00","0.00","0.00"
"11/10/2025 23:00:00 - 12/10/2025 00:00:00","Belgium (BE)","0.00","0.00","0.00","0.00"
"12/10/2025 00:00:00 - 12/10/2025 01:00:00","Belgium (BE)","0.00","0.00","0.00","0.00"
"12/10/2025 01:00:00 - 12/10/2025 02:00:00","Belgium (BE)","0.00","0.00","0.00","0.00"
"12/10/2025 02:00:00 - 12/10/2025 03:00:00","Belgium (BE)","0.00","0.00","0.00","0.00"
"12/10/2025 03:00:00 - 12/10/2025 04:00:00","Belgium (BE)","0.00","0.00","0.00","0.00"
"12/10/2025 04:00:00 - 12/10/2025 05:00:00","Belgium (BE)","0.00","0.00","0.00","0.00"
"12/10/2025 05:00:00 - 12/10/2025 06:00:00","Belgium (BE)","0.00","0.00","0.00","0.00"
"12/10/2025 06:00:00 - 12/10/2025 07:00:00","Belgium (BE)","0.00","0.00","0.00","0.00"
"12/10/2025 07:00:00 - 12/10/2025 08:00:00","Belgium (BE)","0.01","0.01","0.01","0.00"
"12/10/2025 08:00:00 - 12/10/2025 09:00:00","Belgium (BE)","72.47","98.60","105.78","55.16"
"12/10/2025 09:00:00 - 12/10/2025 10:00:00","Belgium (BE)","411.67","538.37","610.97","360.18"
"12/10/2025 10:00:00 - 12/10/2025 11:00:00","Belgium (BE)","1046.02","1242.52","1161.83","896.61"
"12/10/2025 11:00:00 - 12/10/2025 12:00:00","Belgium (BE)","1637.52","1989.32","1845.76","1617.05"
"12/10/2025 12:00:00 - 12/10/2025 13:00:00","Belgium (BE)","1973.16","2449.96","2158.56","2431.02"
"12/10/2025 13:00:00 - 12/10/2025 14:00:00","Belgium (BE)","2228.41","2699.22","2654.22","3026.11"
"12/10/2025 14:00:00 - 12/10/2025 15:00:00","Belgium (BE)","2263.46","2531.11","2716.00","3406.51"
"12/10/2025 15:00:00 - 12/10/2025 16:00:00","Belgium (BE)","1998.06","2050.00","2245.99","3018.84"
"12/10/2025 16:00:00 - 12/10/2025 17:00:00","Belgium (BE)","1367.31","1354.82","1421.94","1751.83"
"12/10/2025 17:00:00 - 12/10/2025 18:00:00","Belgium (BE)","640.02","624.51","617.77","619.26"
"12/10/2025 18:00:00 - 12/10/2025 19:00:00","Belgium (BE)","107.50","105.43","97.19","70.88"
"12/10/2025 19:00:00 - 12/10/2025 20:00:00","Belgium (BE)","0.00","0.00","0.00","0.00"
"12/10/2025 20:00:00 - 12/10/2025 21:00:00","Belgium (BE)","0.00","0.00","0.00","0.00"
"12/10/2025 21:00:00 - 12/10/2025 22:00:00","Belgium (BE)","0.00","0.00","0.00","0.00"
"12/10/2025 22:00:00 - 12/10/2025 23:00:00","Belgium (BE)","0.00","0.00","0.00","0.00"
"12/10/2025 23:00:00 - 13/10/2025 00:00:00","Belgium (BE)","0.00","0.00","0.00","0.00"
"13/10/2025 00:00:00 - 13/10/2025 01:00:00","Belgium (BE)","0.00","0.00","0.00","0.00"
"13/10/2025 01:00:00 - 13/10/2025 02:00:00","Belgium (BE)","0.00","0.00","0.00","0.00"
"13/10/2025 02:00:00 - 13/10/2025 03:00:00","Belgium (BE)","0.00","0.00","0.00","0.00"
"13/10/2025 03:00:00 - 13/10/2025 04:00:00","Belgium (BE)","0.00","0.00","0.00","0.00"
"13/10/2025 04:00:00 - 13/10/2025 05:00:00","Belgium (BE)","0.00","0.00","0.00","0.00"
"13/10/2025 05:00:00 - 13/10/2025 06:00:00","Belgium (BE)","0.00","0.00","0.00","0.00"
"13/10/2025 06:00:00 - 13/10/2025 07:00:00","Belgium (BE)","0.00","0.00","0.00","0.00"
"13/10/2025 07:00:00 - 13/10/2025 08:00:00","Belgium (BE)","0.00","0.00","0.00","0.00"
"13/10/2025 08:00:00 - 13/10/2025 09:00:00","Belgium (BE)","75.80","60.79","57.55","100.99"
"13/10/2025 09:00:00 - 13/10/2025 10:00:00","Belgium (BE)","396.09","318.57","317.90","494.88"
"13/10/2025 10:00:00 - 13/10/2025 11:00:00","Belgium (BE)","841.38","732.85","890.70","970.93"
"13/10/2025 11:00:00 - 13/10/2025 12:00:00","Belgium (BE)","1278.04","1105.85","1253.77","1303.65"
"13/10/2025 12:00:00 - 13/10/2025 13:00:00","Belgium (BE)","1541.01","1357.07","1401.95","1571.18"
"13/10/2025 13:00:00 - 13/10/2025 14:00:00","Belgium (BE)","1693.02","1504.82","1557.21","1487.16"
"13/10/2025 14:00:00 - 13/10/2025 15:00:00","Belgium (BE)","1786.74","1568.78","1619.98","1180.59"
"13/10/2025 15:00:00 - 13/10/2025 16:00:00","Belgium (BE)","1732.56","1526.63","1291.67","846.12"
"13/10/2025 16:00:00 - 13/10/2025 17:00:00","Belgium (BE)","1349.40","1171.72","812.76","560.22"
"13/10/2025 17:00:00 - 13/10/2025 18:00:00","Belgium (BE)","715.35","613.02","365.25","304.77"
"13/10/2025 18:00:00 - 13/10/2025 19:00:00","Belgium (BE)","116.49","101.24","70.57","46.52"
"13/10/2025 19:00:00 - 13/10/2025 20:00:00","Belgium (BE)","0.00","0.00","0.00","0.00"
"13/10/2025 20:00:00 - 13/10/2025 21:00:00","Belgium (BE)","0.00","0.00","0.00","0.00"
"13/10/2025 21:00:00 - 13/10/2025 22:00:00","Belgium (BE)","0.00","0.00","0.00","0.00"
"13/10/2025 22:00:00 - 13/10/2025 23:00:00","Belgium (BE)","0.00","0.00","0.00","0.00"
"13/10/2025 23:00:00 - 14/10/2025 00:00:00","Belgium (BE)","0.00","0.00","0.00","0.00"
"14/10/2025 00:00:00 - 14/10/2025 01:00:00","Belgium (BE)","0.00","0.00","0.00","0.00"
"14/10/2025 01:00:00 - 14/10/2025 02:00:00","Belgium (BE)","0.00","0.00","0.00","0.00"
"14/10/2025 02:00:00 - 14/10/2025 03:00:00","Belgium (BE)","0.00","0.00","0.00","0.00"
"14/10/2025 03:00:00 - 14/10/2025 04:00:00","Belgium (BE)","0.00","0.00","0.00","0.00"
"14/10/2025 04:00:00 - 14/10/2025 05:00:00","Belgium (BE)","0.00","0.00","0.00","0.00"
"14/10/2025 05:00:00 - 14/10/2025 06:00:00","Belgium (BE)","0.00","0.00","0.00","0.00"
"14/10/2025 06:00:00 - 14/10/2025 07:00:00","Belgium (BE)","0.00","0.00","0.00","0.00"
"14/10/2025 07:00:00 - 14/10/2025 08:00:00","Belgium (BE)","0.00","0.00","0.00","0.00"
"14/10/2025 08:00:00 - 14/10/2025 09:00:00","Belgium (BE)","91.66","77.94","72.92","33.28"
"14/10/2025 09:00:00 - 14/10/2025 10:00:00","Belgium (BE)","517.60","414.19","398.34","320.52"
"14/10/2025 10:00:00 - 14/10/2025 11:00:00","Belgium (BE)","1063.36","854.92","726.84","750.15"
"14/10/2025 11:00:00 - 14/10/2025 12:00:00","Belgium (BE)","1536.20","1323.82","1179.37","1245.98"
"14/10/2025 12:00:00 - 14/10/2025 13:00:00","Belgium (BE)","1858.93","1596.71","1490.26","1622.60"
"14/10/2025 13:00:00 - 14/10/2025 14:00:00","Belgium (BE)","2074.51","1749.97","1598.47","1753.20"
"14/10/2025 14:00:00 - 14/10/2025 15:00:00","Belgium (BE)","2124.23","1644.28","1577.99","1521.39"
"14/10/2025 15:00:00 - 14/10/2025 16:00:00","Belgium (BE)","1827.02","1457.85","1200.12","1364.71"
"14/10/2025 16:00:00 - 14/10/2025 17:00:00","Belgium (BE)","1244.21","1031.95","826.43","1065.27"
"14/10/2025 17:00:00 - 14/10/2025 18:00:00","Belgium (BE)","560.12","521.30","410.71","603.21"
"14/10/2025 18:00:00 - 14/10/2025 19:00:00","Belgium (BE)","85.33","83.59","71.28","101.07"
"14/10/2025 19:00:00 - 14/10/2025 20:00:00","Belgium (BE)","0.00","0.00","0.00","0.00"
"14/10/2025 20:00:00 - 14/10/2025 21:00:00","Belgium (BE)","0.00","0.00","0.00","0.00"
"14/10/2025 21:00:00 - 14/10/2025 22:00:00","Belgium (BE)","0.00","0.00","0.00","0.00"
"14/10/2025 22:00:00 - 14/10/2025 23:00:00","Belgium (BE)","0.00","0.00","0.00","0.00"
"14/10/2025 23:00:00 - 15/10/2025 00:00:00","Belgium (BE)","0.00","0.00","0.00","0.00"
"15/10/2025 00:00:00 - 15/10/2025 01:00:00","Belgium (BE)","0.00","0.00","0.00","0.00"
"15/10/2025 01:00:00 - 15/10/2025 02:00:00","Belgium (BE)","0.00","0.00","0.00","0.00"
"15/10/2025 02:00:00 - 15/10/2025 03:00:00","Belgium (BE)","0.00","0.00","0.00","0.00"
"15/10/2025 03:00:00 - 15/10/2025 04:00:00","Belgium (BE)","0.00","0.00","0.00","0.00"
"15/10/2025 04:00:00 - 15/10/2025 05:00:00","Belgium (BE)","0.00","0.00","0.00","0.00"
"15/10/2025 05:00:00 - 15/10/2025 06:00:00","Belgium (BE)","0.00","0.00","0.00","0.00"
"15/10/2025 06:00:00 - 15/10/2025 07:00:00","Belgium (BE)","0.00","0.00","0.00","0.00"
"15/10/2025 07:00:00 - 15/10/2025 08:00:00","Belgium (BE)","0.00","0.00","0.00","0.00"
"15/10/2025 08:00:00 - 15/10/2025 09:00:00","Belgium (BE)","58.60","61.91","61.08","65.85"
"15/10/2025 09:00:00 - 15/10/2025 10:00:00","Belgium (BE)","428.86","423.22","423.96","465.75"
"15/10/2025 10:00:00 - 15/10/2025 11:00:00","Belgium (BE)","985.89","998.50","1013.97","1003.16"
"15/10/2025 11:00:00 - 15/10/2025 12:00:00","Belgium (BE)","1609.31","1684.76","1520.99","1265.46"
"15/10/2025 12:00:00 - 15/10/2025 13:00:00","Belgium (BE)","1946.09","2041.76","1608.34","1254.77"
"15/10/2025 13:00:00 - 15/10/2025 14:00:00","Belgium (BE)","2016.63","1988.68","1495.96","1144.95"
"15/10/2025 14:00:00 - 15/10/2025 15:00:00","Belgium (BE)","1758.00","1701.15","1192.48","957.01"
"15/10/2025 15:00:00 - 15/10/2025 16:00:00","Belgium (BE)","1397.59","1312.69","892.21","788.33"
"15/10/2025 16:00:00 - 15/10/2025 17:00:00","Belgium (BE)","930.08","843.15","593.90","523.46"
"15/10/2025 17:00:00 - 15/10/2025 18:00:00","Belgium (BE)","421.71","362.26","283.82","216.75"
"15/10/2025 18:00:00 - 15/10/2025 19:00:00","Belgium (BE)","63.08","53.99","46.28","15.73"
"15/10/2025 19:00:00 - 15/10/2025 20:00:00","Belgium (BE)","0.00","0.00","0.00","0.00"
"15/10/2025 20:00:00 - 15/10/2025 21:00:00","Belgium (BE)","0.00","0.00","0.00","0.00"
"15/10/2025 21:00:00 - 15/10/2025 22:00:00","Belgium (BE)","0.00","0.00","0.00","0.00"
"15/10/2025 22:00:00 - 15/10/2025 23:00:00","Belgium (BE)","0.00","0.00","0.00","0.00"
"15/10/2025 23:00:00 - 16/10/2025 00:00:00","Belgium (BE)","0.00","0.00","0.00","0.00"
"16/10/2025 00:00:00 - 16/10/2025 01:00:00","Belgium (BE)","0.00","0.00","0.00","0.00"
"16/10/2025 01:00:00 - 16/10/2025 02:00:00","Belgium (BE)","0.00","0.00","0.00","0.00"
"16/10/2025 02:00:00 - 16/10/2025 03:00:00","Belgium (BE)","0.00","0.00","0.00","0.00"
"16/10/2025 03:00:00 - 16/10/2025 04:00:00","Belgium (BE)","0.00","0.00","0.00","0.00"
"16/10/2025 04:00:00 - 16/10/2025 05:00:00","Belgium (BE)","0.00","0.00","0.00","0.00"
"16/10/2025 05:00:00 - 16/10/2025 06:00:00","Belgium (BE)","0.00","0.00","0.00","0.00"
"16/10/2025 06:00:00 - 16/10/2025 07:00:00","Belgium (BE)","0.00","0.00","0.00","0.00"
"16/10/2025 07:00:00 - 16/10/2025 08:00:00","Belgium (BE)","0.00","0.00","0.00","0.00"
"16/10/2025 08:00:00 - 16/10/2025 09:00:00","Belgium (BE)","123.75","115.54","123.86","118.62"
"16/10/2025 09:00:00 - 16/10/2025 10:00:00","Belgium (BE)","761.49","745.39","800.39","734.87"
"16/10/2025 10:00:00 - 16/10/2025 11:00:00","Belgium (BE)","1503.54","1509.78","1509.38","1397.39"
"16/10/2025 11:00:00 - 16/10/2025 12:00:00","Belgium (BE)","2334.06","2201.16","2040.95","1913.36"
"16/10/2025 12:00:00 - 16/10/2025 13:00:00","Belgium (BE)","2744.55","2662.28","2336.70","2227.37"
"16/10/2025 13:00:00 - 16/10/2025 14:00:00","Belgium (BE)","2709.44","2736.36","2414.73","2284.27"
"16/10/2025 14:00:00 - 16/10/2025 15:00:00","Belgium (BE)","2317.03","2488.98","2044.67","1864.27"
"16/10/2025 15:00:00 - 16/10/2025 16:00:00","Belgium (BE)","1784.26","2056.34","1625.52","1213.99"
"16/10/2025 16:00:00 - 16/10/2025 17:00:00","Belgium (BE)","1214.35","1459.56","1052.58","738.80"
"16/10/2025 17:00:00 - 16/10/2025 18:00:00","Belgium (BE)","558.38","675.62","480.17","348.13"
"16/10/2025 18:00:00 - 16/10/2025 19:00:00","Belgium (BE)","72.41","85.51","68.40","44.79"
"16/10/2025 19:00:00 - 16/10/2025 20:00:00","Belgium (BE)","0.00","0.00","0.00","0.00"
"16/10/2025 20:00:00 - 16/10/2025 21:00:00","Belgium (BE)","0.00","0.00","0.00","0.00"
"16/10/2025 21:00:00 - 16/10/2025 22:00:00","Belgium (BE)","0.00","0.00","0.00","0.00"
"16/10/2025 22:00:00 - 16/10/2025 23:00:00","Belgium (BE)","0.00","0.00","0.00","0.00"
"16/10/2025 23:00:00 - 17/10/2025 00:00:00","Belgium (BE)","0.00","0.00","0.00","0.00"
"17/10/2025 00:00:00 - 17/10/2025 01:00:00","Belgium (BE)","0.00","0.00","0.00","0.00"
"17/10/2025 01:00:00 - 17/10/2025 02:00:00","Belgium (BE)","0.00","0.00","0.00","0.00"
"17/10/2025 02:00:00 - 17/10/2025 03:00:00","Belgium (BE)","0.00","0.00","0.00","0.00"
"17/10/2025 03:00:00 - 17/10/2025 04:00:00","Belgium (BE)","0.00","0.00","0.00","0.00"
"17/10/2025 04:00:00 - 17/10/2025 05:00:00","Belgium (BE)","0.00","0.00","0.00","0.00"
"17/10/2025 05:00:00 - 17/10/2025 06:00:00","Belgium (BE)","0.00","0.00","0.00","0.00"
"17/10/2025 06:00:00 - 17/10/2025 07:00:00","Belgium (BE)","0.00","0.00","0.00","0.00"
"17/10/2025 07:00:00 - 17/10/2025 08:00:00","Belgium (BE)","0.00","0.00","0.00","0.00"
"17/10/2025 08:00:00 - 17/10/2025 09:00:00","Belgium (BE)","92.18","92.17","91.08","41.44"
"17/10/2025 09:00:00 - 17/10/2025 10:00:00","Belgium (BE)","618.49","643.00","635.67","390.60"
"17/10/2025 10:00:00 - 17/10/2025 11:00:00","Belgium (BE)","1296.90","1409.68","1011.28","860.54"
"17/10/2025 11:00:00 - 17/10/2025 12:00:00","Belgium (BE)","1918.72","2202.93","1435.98","1308.51"
"17/10/2025 12:00:00 - 17/10/2025 13:00:00","Belgium (BE)","2167.79","2751.02","1758.18","1671.17"
"17/10/2025 13:00:00 - 17/10/2025 14:00:00","Belgium (BE)","2244.75","2785.82","2002.19","1590.11"
"17/10/2025 14:00:00 - 17/10/2025 15:00:00","Belgium (BE)","2070.26","2414.36","1678.10","1348.88"
"17/10/2025 15:00:00 - 17/10/2025 16:00:00","Belgium (BE)","1705.38","1839.25","1216.80","1035.56"
"17/10/2025 16:00:00 - 17/10/2025 17:00:00","Belgium (BE)","1140.08","1158.41","830.23","648.18"
"17/10/2025 17:00:00 - 17/10/2025 18:00:00","Belgium (BE)","509.55","474.66","343.85","225.28"
"17/10/2025 18:00:00 - 17/10/2025 19:00:00","Belgium (BE)","63.25","57.20","45.29","17.69"
"17/10/2025 19:00:00 - 17/10/2025 20:00:00","Belgium (BE)","0.00","0.00","0.00","0.00"
"17/10/2025 20:00:00 - 17/10/2025 21:00:00","Belgium (BE)","0.00","0.00","0.00","0.00"
"17/10/2025 21:00:00 - 17/10/2025 22:00:00","Belgium (BE)","0.00","0.00","0.00","0.00"
"17/10/2025 22:00:00 - 17/10/2025 23:00:00","Belgium (BE)","0.00","0.00","0.00","0.00"
"17/10/2025 23:00:00 - 18/10/2025 00:00:00","Belgium (BE)","0.00","0.00","0.00","0.00"
"18/10/2025 00:00:00 - 18/10/2025 01:00:00","Belgium (BE)","0.00","0.00","0.00","0.00"
"18/10/2025 01:00:00 - 18/10/2025 02:00:00","Belgium (BE)","0.00","0.00","0.00","0.00"
"18/10/2025 02:00:00 - 18/10/2025 03:00:00","Belgium (BE)","0.00","0.00","0.00","0.00"
"18/10/2025 03:00:00 - 18/10/2025 04:00:00","Belgium (BE)","0.00","0.00","0.00","0.00"
"18/10/2025 04:00:00 - 18/10/2025 05:00:00","Belgium (BE)","0.00","0.00","0.00","0.00"
"18/10/2025 05:00:00 - 18/10/2025 06:00:00","Belgium (BE)","0.00","0.00","0.00","0.00"
"18/10/2025 06:00:00 - 18/10/2025 07:00:00","Belgium (BE)","0.00","0.00","0.00","0.00"
"18/10/2025 07:00:00 - 18/10/2025 08:00:00","Belgium (BE)","0.00","0.00","0.00","0.00"
"18/10/2025 08:00:00 - 18/10/2025 09:00:00","Belgium (BE)","135.42","94.76","87.78","60.14"
"18/10/2025 09:00:00 - 18/10/2025 10:00:00","Belgium (BE)","949.15","651.66","690.71","537.08"
"18/10/2025 10:00:00 - 18/10/2025 11:00:00","Belgium (BE)","1953.35","1649.11","1651.46","1263.98"
"18/10/2025 11:00:00 - 18/10/2025 12:00:00","Belgium (BE)","3035.76","2841.29","2762.61","2208.74"
"18/10/2025 12:00:00 - 18/10/2025 13:00:00","Belgium (BE)","3662.24","3693.21","3352.08","2993.47"
"18/10/2025 13:00:00 - 18/10/2025 14:00:00","Belgium (BE)","3822.82","4039.49","3441.81","2704.70"
"18/10/2025 14:00:00 - 18/10/2025 15:00:00","Belgium (BE)","3383.58","3566.73","2620.61","2437.74"
"18/10/2025 15:00:00 - 18/10/2025 16:00:00","Belgium (BE)","2488.90","2733.40","2025.45","2310.59"
"18/10/2025 16:00:00 - 18/10/2025 17:00:00","Belgium (BE)","1453.26","1743.36","1426.91","1625.13"
"18/10/2025 17:00:00 - 18/10/2025 18:00:00","Belgium (BE)","551.93","716.47","565.05","621.88"
"18/10/2025 18:00:00 - 18/10/2025 19:00:00","Belgium (BE)","55.96","70.86","59.20","51.67"
"18/10/2025 19:00:00 - 18/10/2025 20:00:00","Belgium (BE)","0.00","0.00","0.00","0.00"
"18/10/2025 20:00:00 - 18/10/2025 21:00:00","Belgium (BE)","0.00","0.00","0.00","0.00"
"18/10/2025 21:00:00 - 18/10/2025 22:00:00","Belgium (BE)","0.00","0.00","0.00","0.00"
"18/10/2025 22:00:00 - 18/10/2025 23:00:00","Belgium (BE)","0.00","0.00","0.00","0.00"
"18/10/2025 23:00:00 - 19/10/2025 00:00:00","Belgium (BE)","0.00","0.00","0.00","0.00"
"19/10/2025 00:00:00 - 19/10/2025 01:00:00","Belgium (BE)","0.00","0.00","0.00","0.00"
"19/10/2025 01:00:00 - 19/10/2025 02:00:00","Belgium (BE)","0.00","0.00","0.00","0.00"
"19/10/2025 02:00:00 - 19/10/2025 03:00:00","Belgium (BE)","0.00","0.00","0.00","0.00"
"19/10/2025 03:00:00 - 19/10/2025 04:00:00","Belgium (BE)","0.00","0.00","0.00","0.00"
"19/10/2025 04:00:00 - 19/10/2025 05:00:00","Belgium (BE)","0.00","0.00","0.00","0.00"
"19/10/2025 05:00:00 - 19/10/2025 06:00:00","Belgium (BE)","0.00","0.00","0.00","0.00"
"19/10/2025 06:00:00 - 19/10/2025 07:00:00","Belgium (BE)","0.00","0.00","0.00","0.00"
"19/10/2025 07:00:00 - 19/10/2025 08:00:00","Belgium (BE)","0.00","0.00","0.00","0.00"
"19/10/2025 08:00:00 - 19/10/2025 09:00:00","Belgium (BE)","83.20","130.97","111.19","29.74"
"19/10/2025 09:00:00 - 19/10/2025 10:00:00","Belgium (BE)","670.90","1037.68","796.12","340.30"
"19/10/2025 10:00:00 - 19/10/2025 11:00:00","Belgium (BE)","1476.05","2226.69","1377.54","873.84"
"19/10/2025 11:00:00 - 19/10/2025 12:00:00","Belgium (BE)","2149.83","3579.48","2429.11","1937.84"
"19/10/2025 12:00:00 - 19/10/2025 13:00:00","Belgium (BE)","2428.30","4305.12","3556.10","3915.45"
"19/10/2025 13:00:00 - 19/10/2025 14:00:00","Belgium (BE)","2406.38","4491.02","4786.84","4822.66"
"19/10/2025 14:00:00 - 19/10/2025 15:00:00","Belgium (BE)","1985.18","3690.86","4498.00","2957.37"
"19/10/2025 15:00:00 - 19/10/2025 16:00:00","Belgium (BE)","1234.11","2256.31","2423.70","1431.64"
"19/10/2025 16:00:00 - 19/10/2025 17:00:00","Belgium (BE)","592.17","1028.92","1044.74","592.51"
"19/10/2025 17:00:00 - 19/10/2025 18:00:00","Belgium (BE)","231.36","364.23","416.78","151.58"
"19/10/2025 18:00:00 - 19/10/2025 19:00:00","Belgium (BE)","26.44","34.18","40.75","4.57"
"19/10/2025 19:00:00 - 19/10/2025 20:00:00","Belgium (BE)","0.00","0.00","0.00","0.00"
"19/10/2025 20:00:00 - 19/10/2025 21:00:00","Belgium (BE)","0.00","0.00","0.00","0.00"
"19/10/2025 21:00:00 - 19/10/2025 22:00:00","Belgium (BE)","0.00","0.00","0.00","0.00"
"19/10/2025 22:00:00 - 19/10/2025 23:00:00","Belgium (BE)","0.00","0.00","0.00","0.00"
"19/10/2025 23:00:00 - 20/10/2025 00:00:00","Belgium (BE)","0.00","0.00","0.00","0.00"
"20/10/2025 00:00:00 - 20/10/2025 01:00:00","Belgium (BE)","0.00","0.00","0.00","0.00"
"20/10/2025 01:00:00 - 20/10/2025 02:00:00","Belgium (BE)","0.00","0.00","0.00","0.00"
"20/10/2025 02:00:00 - 20/10/2025 03:00:00","Belgium (BE)","0.00","0.00","0.00","0.00"
"20/10/2025 03:00:00 - 20/10/2025 04:00:00","Belgium (BE)","0.00","0.00","0.00","0.00"
"20/10/2025 04:00:00 - 20/10/2025 05:00:00","Belgium (BE)","0.00","0.00","0.00","0.00"
"20/10/2025 05:00:00 - 20/10/2025 06:00:00","Belgium (BE)","0.00","0.00","0.00","0.00"
"20/10/2025 06:00:00 - 20/10/2025 07:00:00","Belgium (BE)","0.00","0.00","0.00","0.00"
"20/10/2025 07:00:00 - 20/10/2025 08:00:00","Belgium (BE)","0.00","0.00","0.00","0.00"
"20/10/2025 08:00:00 - 20/10/2025 09:00:00","Belgium (BE)","74.15","65.87","59.31","58.06"
"20/10/2025 09:00:00 - 20/10/2025 10:00:00","Belgium (BE)","616.87","541.59","535.02","615.22"
"20/10/2025 10:00:00 - 20/10/2025 11:00:00","Belgium (BE)","1371.28","1153.78","1162.35","1298.71"
"20/10/2025 11:00:00 - 20/10/2025 12:00:00","Belgium (BE)","1804.35","1590.86","1676.83","1839.14"
"20/10/2025 12:00:00 - 20/10/2025 13:00:00","Belgium (BE)","2123.35","2250.05","2296.37","2233.36"
"20/10/2025 13:00:00 - 20/10/2025 14:00:00","Belgium (BE)","2546.10","3053.89","2452.95","2404.69"
"20/10/2025 14:00:00 - 20/10/2025 15:00:00","Belgium (BE)","2622.07","3035.33","2456.82","1847.43"
"20/10/2025 15:00:00 - 20/10/2025 16:00:00","Belgium (BE)","2116.75","2406.02","1724.31","1583.39"
"20/10/2025 16:00:00 - 20/10/2025 17:00:00","Belgium (BE)","1357.26","1403.33","1301.62","1439.82"
"20/10/2025 17:00:00 - 20/10/2025 18:00:00","Belgium (BE)","512.95","521.23","547.54","478.35"
"20/10/2025 18:00:00 - 20/10/2025 19:00:00","Belgium (BE)","43.63","44.44","46.85","30.72"
"20/10/2025 19:00:00 - 20/10/2025 20:00:00","Belgium (BE)","0.00","0.00","0.00","0.00"
"20/10/2025 20:00:00 - 20/10/2025 21:00:00","Belgium (BE)","0.00","0.00","0.00","0.00"
"20/10/2025 21:00:00 - 20/10/2025 22:00:00","Belgium (BE)","0.00","0.00","0.00","0.00"
"20/10/2025 22:00:00 - 20/10/2025 23:00:00","Belgium (BE)","0.00","0.00","0.00","0.00"
"20/10/2025 23:00:00 - 21/10/2025 00:00:00","Belgium (BE)","0.00","0.00","0.00","0.00"
"21/10/2025 00:00:00 - 21/10/2025 01:00:00","Belgium (BE)","0.00","0.00","0.00","0.00"
"21/10/2025 01:00:00 - 21/10/2025 02:00:00","Belgium (BE)","0.00","0.00","0.00","0.00"
"21/10/2025 02:00:00 - 21/10/2025 03:00:00","Belgium (BE)","0.00","0.00","0.00","0.00"
"21/10/2025 03:00:00 - 21/10/2025 04:00:00","Belgium (BE)","0.00","0.00","0.00","0.00"
"21/10/2025 04:00:00 - 21/10/2025 05:00:00","Belgium (BE)","0.00","0.00","0.00","0.00"
"21/10/2025 05:00:00 - 21/10/2025 06:00:00","Belgium (BE)","0.00","0.00","0.00","0.00"
"21/10/2025 06:00:00 - 21/10/2025 07:00:00","Belgium (BE)","0.00","0.00","0.00","0.00"
"21/10/2025 07:00:00 - 21/10/2025 08:00:00","Belgium (BE)","0.00","0.00","0.00","0.00"
"21/10/2025 08:00:00 - 21/10/2025 09:00:00","Belgium (BE)","44.98","45.01","41.73","25.34"
"21/10/2025 09:00:00 - 21/10/2025 10:00:00","Belgium (BE)","403.31","378.89","342.75","383.68"
"21/10/2025 10:00:00 - 21/10/2025 11:00:00","Belgium (BE)","1015.43","876.46","807.70","849.17"
"21/10/2025 11:00:00 - 21/10/2025 12:00:00","Belgium (BE)","1798.74","1464.23","1379.47","1287.49"
"21/10/2025 12:00:00 - 21/10/2025 13:00:00","Belgium (BE)","2399.21","1997.28","1864.32","1686.85"
"21/10/2025 13:00:00 - 21/10/2025 14:00:00","Belgium (BE)","2754.57","2438.09","1996.33","1688.31"
"21/10/2025 14:00:00 - 21/10/2025 15:00:00","Belgium (BE)","2773.62","2482.68","1824.79","1780.77"
"21/10/2025 15:00:00 - 21/10/2025 16:00:00","Belgium (BE)","2326.49","2059.10","1569.42","1671.42"
"21/10/2025 16:00:00 - 21/10/2025 17:00:00","Belgium (BE)","1485.03","1360.67","1039.05","1476.61"
"21/10/2025 17:00:00 - 21/10/2025 18:00:00","Belgium (BE)","568.63","523.00","427.36","559.79"
"21/10/2025 18:00:00 - 21/10/2025 19:00:00","Belgium (BE)","41.09","39.93","36.38","29.53"
"21/10/2025 19:00:00 - 21/10/2025 20:00:00","Belgium (BE)","0.00","0.00","0.00","0.00"
"21/10/2025 20:00:00 - 21/10/2025 21:00:00","Belgium (BE)","0.00","0.00","0.00","0.00"
"21/10/2025 21:00:00 - 21/10/2025 22:00:00","Belgium (BE)","0.00","0.00","0.00","0.00"
"21/10/2025 22:00:00 - 21/10/2025 23:00:00","Belgium (BE)","0.00","0.00","0.00","0.00"
"21/10/2025 23:00:00 - 22/10/2025 00:00:00","Belgium (BE)","0.00","0.00","0.00","0.00"
"22/10/2025 00:00:00 - 22/10/2025 01:00:00","Belgium (BE)","0.00","0.00","0.00","0.00"
"22/10/2025 01:00:00 - 22/10/2025 02:00:00","Belgium (BE)","0.00","0.00","0.00","0.00"
"22/10/2025 02:00:00 - 22/10/2025 03:00:00","Belgium (BE)","0.00","0.00","0.00","0.00"
"22/10/2025 03:00:00 - 22/10/2025 04:00:00","Belgium (BE)","0.00","0.00","0.00","0.00"
"22/10/2025 04:00:00 - 22/10/2025 05:00:00","Belgium (BE)","0.00","0.00","0.00","0.00"
"22/10/2025 05:00:00 - 22/10/2025 06:00:00","Belgium (BE)","0.00","0.00","0.00","0.00"
"22/10/2025 06:00:00 - 22/10/2025 07:00:00","Belgium (BE)","0.00","0.00","0.00","0.00"
"22/10/2025 07:00:00 - 22/10/2025 08:00:00","Belgium (BE)","0.00","0.00","0.00","0.00"
"22/10/2025 08:00:00 - 22/10/2025 09:00:00","Belgium (BE)","62.87","46.18","45.97","50.97"
"22/10/2025 09:00:00 - 22/10/2025 10:00:00","Belgium (BE)","643.22","437.82","410.48","546.81"
"22/10/2025 10:00:00 - 22/10/2025 11:00:00","Belgium (BE)","1421.61","963.95","1019.79","1183.50"
"22/10/2025 11:00:00 - 22/10/2025 12:00:00","Belgium (BE)","2147.01","1513.59","1673.09","1767.44"
"22/10/2025 12:00:00 - 22/10/2025 13:00:00","Belgium (BE)","2645.80","2069.12","2122.68","2427.78"
"22/10/2025 13:00:00 - 22/10/2025 14:00:00","Belgium (BE)","2909.67","2447.48","2626.47","2477.57"
"22/10/2025 14:00:00 - 22/10/2025 15:00:00","Belgium (BE)","2647.68","2328.84","2224.25","2228.93"
"22/10/2025 15:00:00 - 22/10/2025 16:00:00","Belgium (BE)","2045.52","1710.77","1687.86","1788.67"
"22/10/2025 16:00:00 - 22/10/2025 17:00:00","Belgium (BE)","1284.49","1098.47","1264.71","1143.52"
"22/10/2025 17:00:00 - 22/10/2025 18:00:00","Belgium (BE)","455.41","394.13","444.59","451.83"
"22/10/2025 18:00:00 - 22/10/2025 19:00:00","Belgium (BE)","32.83","28.92","33.11","23.22"
"22/10/2025 19:00:00 - 22/10/2025 20:00:00","Belgium (BE)","0.00","0.00","0.00","0.00"
"22/10/2025 20:00:00 - 22/10/2025 21:00:00","Belgium (BE)","0.00","0.00","0.00","0.00"
"22/10/2025 21:00:00 - 22/10/2025 22:00:00","Belgium (BE)","0.00","0.00","0.00","0.00"
"22/10/2025 22:00:00 - 22/10/2025 23:00:00","Belgium (BE)","0.00","0.00","0.00","0.00"
"22/10/2025 23:00:00 - 23/10/2025 00:00:00","Belgium (BE)","0.00","0.00","0.00","0.00"
"23/10/2025 00:00:00 - 23/10/2025 01:00:00","Belgium (BE)","0.00","0.00","0.00","0.00"
"23/10/2025 01:00:00 - 23/10/2025 02:00:00","Belgium (BE)","0.00","0.00","0.00","0.00"
"23/10/2025 02:00:00 - 23/10/2025 03:00:00","Belgium (BE)","0.00","0.00","0.00","0.00"
"23/10/2025 03:00:00 - 23/10/2025 04:00:00","Belgium (BE)","0.00","0.00","0.00","0.00"
"23/10/2025 04:00:00 - 23/10/2025 05:00:00","Belgium (BE)","0.00","0.00","0.00","0.00"
"23/10/2025 05:00:00 - 23/10/2025 06:00:00","Belgium (BE)","0.00","0.00","0.00","0.00"
"23/10/2025 06:00:00 - 23/10/2025 07:00:00","Belgium (BE)","0.00","0.00","0.00","0.00"
"23/10/2025 07:00:00 - 23/10/2025 08:00:00","Belgium (BE)","0.00","0.00","0.00","0.00"
"23/10/2025 08:00:00 - 23/10/2025 09:00:00","Belgium (BE)","61.37","57.46","58.60","49.61"
"23/10/2025 09:00:00 - 23/10/2025 10:00:00","Belgium (BE)","602.78","551.61","525.08","437.54"
"23/10/2025 10:00:00 - 23/10/2025 11:00:00","Belgium (BE)","1272.79","1126.59","1040.12","705.20"
"23/10/2025 11:00:00 - 23/10/2025 12:00:00","Belgium (BE)","1246.71","1063.50","846.46","843.71"
"23/10/2025 12:00:00 - 23/10/2025 13:00:00","Belgium (BE)","1015.77","879.08","793.96","784.73"
"23/10/2025 13:00:00 - 23/10/2025 14:00:00","Belgium (BE)","772.68","683.86","694.34","640.23"
"23/10/2025 14:00:00 - 23/10/2025 15:00:00","Belgium (BE)","549.26","541.83","582.80","495.36"
"23/10/2025 15:00:00 - 23/10/2025 16:00:00","Belgium (BE)","411.32","430.69","391.56","332.11"
"23/10/2025 16:00:00 - 23/10/2025 17:00:00","Belgium (BE)","243.42","237.36","198.57","195.63"
"23/10/2025 17:00:00 - 23/10/2025 18:00:00","Belgium (BE)","90.60","87.08","76.09","64.01"
"23/10/2025 18:00:00 - 23/10/2025 19:00:00","Belgium (BE)","8.63","8.28","7.44","5.42"
"23/10/2025 19:00:00 - 23/10/2025 20:00:00","Belgium (BE)","0.00","0.00","0.00","0.00"
"23/10/2025 20:00:00 - 23/10/2025 21:00:00","Belgium (BE)","0.00","0.00","0.00","0.00"
"23/10/2025 21:00:00 - 23/10/2025 22:00:00","Belgium (BE)","0.00","0.00","0.00","0.00"
"23/10/2025 22:00:00 - 23/10/2025 23:00:00","Belgium (BE)","0.00","0.00","0.00","0.00"
"23/10/2025 23:00:00 - 24/10/2025 00:00:00","Belgium (BE)","0.00","0.00","0.00","0.00"
"24/10/2025 00:00:00 - 24/10/2025 01:00:00","Belgium (BE)","0.00","0.00","0.00","0.00"
"24/10/2025 01:00:00 - 24/10/2025 02:00:00","Belgium (BE)","0.00","0.00","0.00","0.00"
"24/10/2025 02:00:00 - 24/10/2025 03:00:00","Belgium (BE)","0.00","0.00","0.00","0.00"
"24/10/2025 03:00:00 - 24/10/2025 04:00:00","Belgium (BE)","0.00","0.00","0.00","0.00"
"24/10/2025 04:00:00 - 24/10/2025 05:00:00","Belgium (BE)","0.00","0.00","0.00","0.00"
"24/10/2025 05:00:00 - 24/10/2025 06:00:00","Belgium (BE)","0.00","0.00","0.00","0.00"
"24/10/2025 06:00:00 - 24/10/2025 07:00:00","Belgium (BE)","0.00","0.00","0.00","0.00"
"24/10/2025 07:00:00 - 24/10/2025 08:00:00","Belgium (BE)","0.00","0.00","0.00","0.00"
"24/10/2025 08:00:00 - 24/10/2025 09:00:00","Belgium (BE)","103.11","115.76","116.47","116.90"
"24/10/2025 09:00:00 - 24/10/2025 10:00:00","Belgium (BE)","1165.95","1180.54","1213.38","1445.06"
"24/10/2025 10:00:00 - 24/10/2025 11:00:00","Belgium (BE)","2561.71","2527.66","2693.60","3161.79"
"24/10/2025 11:00:00 - 24/10/2025 12:00:00","Belgium (BE)","3378.08","3444.28","3917.11","4454.53"
"24/10/2025 12:00:00 - 24/10/2025 13:00:00","Belgium (BE)","3635.64","3562.65","4185.20","4301.46"
"24/10/2025 13:00:00 - 24/10/2025 14:00:00","Belgium (BE)","3506.27","3375.56","3561.19","3270.13"
"24/10/2025 14:00:00 - 24/10/2025 15:00:00","Belgium (BE)","2815.18","2833.69","2169.18","2655.45"
"24/10/2025 15:00:00 - 24/10/2025 16:00:00","Belgium (BE)","1896.15","2050.20","1762.89","1934.81"
"24/10/2025 16:00:00 - 24/10/2025 17:00:00","Belgium (BE)","1121.54","1180.42","1173.74","1371.47"
"24/10/2025 17:00:00 - 24/10/2025 18:00:00","Belgium (BE)","383.68","400.77","386.06","506.14"
"24/10/2025 18:00:00 - 24/10/2025 19:00:00","Belgium (BE)","22.22","23.05","23.32","30.76"
"24/10/2025 19:00:00 - 24/10/2025 20:00:00","Belgium (BE)","0.00","0.00","0.00","0.00"
"24/10/2025 20:00:00 - 24/10/2025 21:00:00","Belgium (BE)","0.00","0.00","0.00","0.00"
"24/10/2025 21:00:00 - 24/10/2025 22:00:00","Belgium (BE)","0.00","0.00","0.00","0.00"
"24/10/2025 22:00:00 - 24/10/2025 23:00:00","Belgium (BE)","0.00","0.00","0.00","0.00"
"24/10/2025 23:00:00 - 25/10/2025 00:00:00","Belgium (BE)","0.00","0.00","0.00","0.00"
"25/10/2025 00:00:00 - 25/10/2025 01:00:00","Belgium (BE)","0.00","0.00","0.00","0.00"
"25/10/2025 01:00:00 - 25/10/2025 02:00:00","Belgium (BE)","0.00","0.00","0.00","0.00"
"25/10/2025 02:00:00 - 25/10/2025 03:00:00","Belgium (BE)","0.00","0.00","0.00","0.00"
"25/10/2025 03:00:00 - 25/10/2025 04:00:00","Belgium (BE)","0.00","0.00","0.00","0.00"
"25/10/2025 04:00:00 - 25/10/2025 05:00:00","Belgium (BE)","0.00","0.00","0.00","0.00"
"25/10/2025 05:00:00 - 25/10/2025 06:00:00","Belgium (BE)","0.00","0.00","0.00","0.00"
"25/10/2025 06:00:00 - 25/10/2025 07:00:00","Belgium (BE)","0.00","0.00","0.00","0.00"
"25/10/2025 07:00:00 - 25/10/2025 08:00:00","Belgium (BE)","0.00","0.00","0.00","0.00"
"25/10/2025 08:00:00 - 25/10/2025 09:00:00","Belgium (BE)","20.52","16.24","13.56","27.17"
"25/10/2025 09:00:00 - 25/10/2025 10:00:00","Belgium (BE)","220.93","165.69","148.25","212.51"
"25/10/2025 10:00:00 - 25/10/2025 11:00:00","Belgium (BE)","524.17","388.50","386.03","437.66"
"25/10/2025 11:00:00 - 25/10/2025 12:00:00","Belgium (BE)","621.84","472.73","528.15","723.61"
"25/10/2025 12:00:00 - 25/10/2025 13:00:00","Belgium (BE)","584.92","555.38","732.69","942.27"
"25/10/2025 13:00:00 - 25/10/2025 14:00:00","Belgium (BE)","523.70","672.05","994.70","1009.64"
"25/10/2025 14:00:00 - 25/10/2025 15:00:00","Belgium (BE)","500.89","911.95","1069.66","1312.92"
"25/10/2025 15:00:00 - 25/10/2025 16:00:00","Belgium (BE)","446.61","859.12","1046.58","1543.47"
"25/10/2025 16:00:00 - 25/10/2025 17:00:00","Belgium (BE)","368.20","661.00","984.95","1266.60"
"25/10/2025 17:00:00 - 25/10/2025 18:00:00","Belgium (BE)","134.17","233.97","328.63","514.74"
"25/10/2025 18:00:00 - 25/10/2025 19:00:00","Belgium (BE)","9.99","14.84","18.92","12.77"
"25/10/2025 19:00:00 - 25/10/2025 20:00:00","Belgium (BE)","0.00","0.00","0.00","0.00"
"25/10/2025 20:00:00 - 25/10/2025 21:00:00","Belgium (BE)","0.00","0.00","0.00","0.00"
"25/10/2025 21:00:00 - 25/10/2025 22:00:00","Belgium (BE)","0.00","0.00","0.00","0.00"
"25/10/2025 22:00:00 - 25/10/2025 23:00:00","Belgium (BE)","0.00","0.00","0.00","0.00"
"25/10/2025 23:00:00 - 26/10/2025 00:00:00","Belgium (BE)","0.00","0.00","0.00","0.00"
"26/10/2025 00:00:00 - 26/10/2025 01:00:00","Belgium (BE)","0.00","0.00","0.00","0.00"
"26/10/2025 01:00:00 - 26/10/2025 02:00:00 (CEST)","Belgium (BE)","0.00","0.00","0.00","0.00"
"26/10/2025 02:00:00 (CEST) - 26/10/2025 02:00:00 (CET)","Belgium (BE)","0.00","0.00","0.00","0.00"
"26/10/2025 02:00:00 (CET) - 26/10/2025 03:00:00","Belgium (BE)","0.00","0.00","0.00","0.00"
"26/10/2025 03:00:00 - 26/10/2025 04:00:00","Belgium (BE)","0.00","0.00","0.00","0.00"
"26/10/2025 04:00:00 - 26/10/2025 05:00:00","Belgium (BE)","0.00","0.00","0.00","0.00"
"26/10/2025 05:00:00 - 26/10/2025 06:00:00","Belgium (BE)","0.00","0.00","0.00","0.00"
"26/10/2025 06:00:00 - 26/10/2025 07:00:00","Belgium (BE)","0.00","0.00","0.00","0.00"
"26/10/2025 07:00:00 - 26/10/2025 08:00:00","Belgium (BE)","41.83","62.52","62.52","61.22"
"26/10/2025 08:00:00 - 26/10/2025 09:00:00","Belgium (BE)","633.83","858.69","856.79","817.68"
"26/10/2025 09:00:00 - 26/10/2025 10:00:00","Belgium (BE)","1564.58","1873.91","1873.26","1989.17"
"26/10/2025 10:00:00 - 26/10/2025 11:00:00","Belgium (BE)","2638.85","2520.92","2647.19","2884.99"
"26/10/2025 11:00:00 - 26/10/2025 12:00:00","Belgium (BE)","3506.75","3173.52","3520.60","3090.16"
"26/10/2025 12:00:00 - 26/10/2025 13:00:00","Belgium (BE)","3826.86","3981.05","3999.06","3272.70"
"26/10/2025 13:00:00 - 26/10/2025 14:00:00","Belgium (BE)","3640.84","4204.56","3604.31","3313.45"
"26/10/2025 14:00:00 - 26/10/2025 15:00:00","Belgium (BE)","2790.56","3069.57","2639.72","2781.30"
"26/10/2025 15:00:00 - 26/10/2025 16:00:00","Belgium (BE)","1548.58","1671.40","1471.94","1691.81"
"26/10/2025 16:00:00 - 26/10/2025 17:00:00","Belgium (BE)","497.91","551.21","542.51","513.63"
"26/10/2025 17:00:00 - 26/10/2025 18:00:00","Belgium (BE)","22.81","24.61","23.57","5.82"
"26/10/2025 18:00:00 - 26/10/2025 19:00:00","Belgium (BE)","0.00","0.00","0.00","0.00"
"26/10/2025 19:00:00 - 26/10/2025 20:00:00","Belgium (BE)","0.00","0.00","0.00","0.00"
"26/10/2025 20:00:00 - 26/10/2025 21:00:00","Belgium (BE)","0.00","0.00","0.00","0.00"
"26/10/2025 21:00:00 - 26/10/2025 22:00:00","Belgium (BE)","0.00","0.00","0.00","0.00"
"26/10/2025 22:00:00 - 26/10/2025 23:00:00","Belgium (BE)","0.00","0.00","0.00","0.00"
"26/10/2025 23:00:00 - 27/10/2025 00:00:00","Belgium (BE)","0.00","0.00","0.00","0.00"
"27/10/2025 00:00:00 - 27/10/2025 01:00:00","Belgium (BE)","0.00","0.00","0.00","0.00"
"27/10/2025 01:00:00 - 27/10/2025 02:00:00","Belgium (BE)","0.00","0.00","0.00","0.00"
"27/10/2025 02:00:00 - 27/10/2025 03:00:00","Belgium (BE)","0.00","0.00","0.00","0.00"
"27/10/2025 03:00:00 - 27/10/2025 04:00:00","Belgium (BE)","0.00","0.00","0.00","0.00"
"27/10/2025 04:00:00 - 27/10/2025 05:00:00","Belgium (BE)","0.00","0.00","0.00","0.00"
"27/10/2025 05:00:00 - 27/10/2025 06:00:00","Belgium (BE)","0.00","0.00","0.00","0.00"
"27/10/2025 06:00:00 - 27/10/2025 07:00:00","Belgium (BE)","0.00","0.00","0.00","0.00"
"27/10/2025 07:00:00 - 27/10/2025 08:00:00","Belgium (BE)","39.55","38.83","38.83","46.95"
"27/10/2025 08:00:00 - 27/10/2025 09:00:00","Belgium (BE)","641.75","596.03","596.15","645.68"
"27/10/2025 09:00:00 - 27/10/2025 10:00:00","Belgium (BE)","1453.56","1328.47","1365.63","1303.79"
"27/10/2025 10:00:00 - 27/10/2025 11:00:00","Belgium (BE)","1661.04","1442.75","1460.35","1939.70"
"27/10/2025 11:00:00 - 27/10/2025 12:00:00","Belgium (BE)","1498.93","1557.36","1704.69","2025.95"
"27/10/2025 12:00:00 - 27/10/2025 13:00:00","Belgium (BE)","1529.37","1713.26","1841.35","1734.13"
"27/10/2025 13:00:00 - 27/10/2025 14:00:00","Belgium (BE)","1703.63","1839.99","1775.05","1793.86"
"27/10/2025 14:00:00 - 27/10/2025 15:00:00","Belgium (BE)","1531.62","1711.16","1671.83","1722.51"
"27/10/2025 15:00:00 - 27/10/2025 16:00:00","Belgium (BE)","1074.71","1245.10","1378.77","1212.90"
"27/10/2025 16:00:00 - 27/10/2025 17:00:00","Belgium (BE)","363.90","421.17","424.90","421.31"
"27/10/2025 17:00:00 - 27/10/2025 18:00:00","Belgium (BE)","15.34","16.46","16.56","10.51"
"27/10/2025 18:00:00 - 27/10/2025 19:00:00","Belgium (BE)","0.00","0.00","0.00","0.00"
"27/10/2025 19:00:00 - 27/10/2025 20:00:00","Belgium (BE)","0.00","0.00","0.00","0.00"
"27/10/2025 20:00:00 - 27/10/2025 21:00:00","Belgium (BE)","0.00","0.00","0.00","0.00"
"27/10/2025 21:00:00 - 27/10/2025 22:00:00","Belgium (BE)","0.00","0.00","0.00","0.00"
"27/10/2025 22:00:00 - 27/10/2025 23:00:00","Belgium (BE)","0.00","0.00","0.00","0.00"
"27/10/2025 23:00:00 - 28/10/2025 00:00:00","Belgium (BE)","0.00","0.00","0.00","0.00"
"28/10/2025 00:00:00 - 28/10/2025 01:00:00","Belgium (BE)","0.00","0.00","0.00","0.00"
"28/10/2025 01:00:00 - 28/10/2025 02:00:00","Belgium (BE)","0.00","0.00","0.00","0.00"
"28/10/2025 02:00:00 - 28/10/2025 03:00:00","Belgium (BE)","0.00","0.00","0.00","0.00"
"28/10/2025 03:00:00 - 28/10/2025 04:00:00","Belgium (BE)","0.00","0.00","0.00","0.00"
"28/10/2025 04:00:00 - 28/10/2025 05:00:00","Belgium (BE)","0.00","0.00","0.00","0.00"
"28/10/2025 05:00:00 - 28/10/2025 06:00:00","Belgium (BE)","0.00","0.00","0.00","0.00"
"28/10/2025 06:00:00 - 28/10/2025 07:00:00","Belgium (BE)","0.00","0.00","0.00","0.00"
"28/10/2025 07:00:00 - 28/10/2025 08:00:00","Belgium (BE)","12.06","12.79","12.79","6.14"
"28/10/2025 08:00:00 - 28/10/2025 09:00:00","Belgium (BE)","172.46","204.56","204.56","209.99"
"28/10/2025 09:00:00 - 28/10/2025 10:00:00","Belgium (BE)","441.34","528.66","467.30","807.74"
"28/10/2025 10:00:00 - 28/10/2025 11:00:00","Belgium (BE)","737.78","846.63","1670.41","969.91"
"28/10/2025 11:00:00 - 28/10/2025 12:00:00","Belgium (BE)","1209.90","1311.87","1995.54","1537.77"
"28/10/2025 12:00:00 - 28/10/2025 13:00:00","Belgium (BE)","1748.91","1696.99","1920.02","2270.40"
"28/10/2025 13:00:00 - 28/10/2025 14:00:00","Belgium (BE)","2061.26","2000.20","2334.27","2319.51"
"28/10/2025 14:00:00 - 28/10/2025 15:00:00","Belgium (BE)","1834.18","1818.55","1900.40","1689.18"
"28/10/2025 15:00:00 - 28/10/2025 16:00:00","Belgium (BE)","1153.68","1297.01","1293.25","1147.50"
"28/10/2025 16:00:00 - 28/10/2025 17:00:00","Belgium (BE)","370.30","437.49","422.77","567.61"
"28/10/2025 17:00:00 - 28/10/2025 18:00:00","Belgium (BE)","12.81","15.46","16.95","32.83"
"28/10/2025 18:00:00 - 28/10/2025 19:00:00","Belgium (BE)","0.00","0.00","0.00","0.00"
"28/10/2025 19:00:00 - 28/10/2025 20:00:00","Belgium (BE)","0.00","0.00","0.00","0.00"
"28/10/2025 20:00:00 - 28/10/2025 21:00:00","Belgium (BE)","0.00","0.00","0.00","0.00"
"28/10/2025 21:00:00 - 28/10/2025 22:00:00","Belgium (BE)","0.00","0.00","0.00","0.00"
"28/10/2025 22:00:00 - 28/10/2025 23:00:00","Belgium (BE)","0.00","0.00","0.00","0.00"
"28/10/2025 23:00:00 - 29/10/2025 00:00:00","Belgium (BE)","0.00","0.00","0.00","0.00"
"29/10/2025 00:00:00 - 29/10/2025 01:00:00","Belgium (BE)","0.00","0.00","0.00","0.00"
"29/10/2025 01:00:00 - 29/10/2025 02:00:00","Belgium (BE)","0.00","0.00","0.00","0.00"
"29/10/2025 02:00:00 - 29/10/2025 03:00:00","Belgium (BE)","0.00","0.00","0.00","0.00"
"29/10/2025 03:00:00 - 29/10/2025 04:00:00","Belgium (BE)","0.00","0.00","0.00","0.00"
"29/10/2025 04:00:00 - 29/10/2025 05:00:00","Belgium (BE)","0.00","0.00","0.00","0.00"
"29/10/2025 05:00:00 - 29/10/2025 06:00:00","Belgium (BE)","0.00","0.00","0.00","0.00"
"29/10/2025 06:00:00 - 29/10/2025 07:00:00","Belgium (BE)","0.00","0.00","0.00","0.00"
"29/10/2025 07:00:00 - 29/10/2025 08:00:00","Belgium (BE)","20.11","19.83","19.83","9.69"
"29/10/2025 08:00:00 - 29/10/2025 09:00:00","Belgium (BE)","310.49","309.79","349.83","324.34"
"29/10/2025 09:00:00 - 29/10/2025 10:00:00","Belgium (BE)","864.39","822.26","897.78","758.23"
"29/10/2025 10:00:00 - 29/10/2025 11:00:00","Belgium (BE)","1450.23","1242.49","1300.57","1103.09"
"29/10/2025 11:00:00 - 29/10/2025 12:00:00","Belgium (BE)","1749.04","1362.66","1292.53","1359.28"
"29/10/2025 12:00:00 - 29/10/2025 13:00:00","Belgium (BE)","1771.59","1229.06","1326.31","1482.39"
"29/10/2025 13:00:00 - 29/10/2025 14:00:00","Belgium (BE)","1350.08","1020.55","1139.10","1438.22"
"29/10/2025 14:00:00 - 29/10/2025 15:00:00","Belgium (BE)","805.47","711.35","928.43","1028.26"
"29/10/2025 15:00:00 - 29/10/2025 16:00:00","Belgium (BE)","396.39","392.02","548.57","571.52"
"29/10/2025 16:00:00 - 29/10/2025 17:00:00","Belgium (BE)","121.85","121.61","162.14","167.18"
"29/10/2025 17:00:00 - 29/10/2025 18:00:00","Belgium (BE)","5.15","5.17","6.12","0.63"
"29/10/2025 18:00:00 - 29/10/2025 19:00:00","Belgium (BE)","0.00","0.00","0.00","0.00"
"29/10/2025 19:00:00 - 29/10/2025 20:00:00","Belgium (BE)","0.00","0.00","0.00","0.00"
"29/10/2025 20:00:00 - 29/10/2025 21:00:00","Belgium (BE)","0.00","0.00","0.00","0.00"
"29/10/2025 21:00:00 - 29/10/2025 22:00:00","Belgium (BE)","0.00","0.00","0.00","0.00"
"29/10/2025 22:00:00 - 29/10/2025 23:00:00","Belgium (BE)","0.00","0.00","0.00","0.00"
"29/10/2025 23:00:00 - 30/10/2025 00:00:00","Belgium (BE)","0.00","0.00","0.00","0.00"
"30/10/2025 00:00:00 - 30/10/2025 01:00:00","Belgium (BE)","0.00","0.00","0.00","0.00"
"30/10/2025 01:00:00 - 30/10/2025 02:00:00","Belgium (BE)","0.00","0.00","0.00","0.00"
"30/10/2025 02:00:00 - 30/10/2025 03:00:00","Belgium (BE)","0.00","0.00","0.00","0.00"
"30/10/2025 03:00:00 - 30/10/2025 04:00:00","Belgium (BE)","0.00","0.00","0.00","0.00"
"30/10/2025 04:00:00 - 30/10/2025 05:00:00","Belgium (BE)","0.00","0.00","0.00","0.00"
"30/10/2025 05:00:00 - 30/10/2025 06:00:00","Belgium (BE)","0.00","0.00","0.00","0.00"
"30/10/2025 06:00:00 - 30/10/2025 07:00:00","Belgium (BE)","0.00","0.00","0.00","0.00"
"30/10/2025 07:00:00 - 30/10/2025 08:00:00","Belgium (BE)","52.70","62.87","62.87","50.26"
"30/10/2025 08:00:00 - 30/10/2025 09:00:00","Belgium (BE)","1126.54","1177.21","1263.43","1171.85"
"30/10/2025 09:00:00 - 30/10/2025 10:00:00","Belgium (BE)","2806.32","2800.00","2855.91","2945.07"
"30/10/2025 10:00:00 - 30/10/2025 11:00:00","Belgium (BE)","4246.11","4231.50","4427.54","4510.67"
"30/10/2025 11:00:00 - 30/10/2025 12:00:00","Belgium (BE)","4929.58","4885.38","4885.31","5388.88"
"30/10/2025 12:00:00 - 30/10/2025 13:00:00","Belgium (BE)","5005.22","4845.08","5029.36","5463.11"
"30/10/2025 13:00:00 - 30/10/2025 14:00:00","Belgium (BE)","4208.51","3955.68","4229.04","4462.27"
"30/10/2025 14:00:00 - 30/10/2025 15:00:00","Belgium (BE)","2884.32","2649.88","2933.43","2942.36"
"30/10/2025 15:00:00 - 30/10/2025 16:00:00","Belgium (BE)","1626.68","1511.72","1650.77","1289.62"
"30/10/2025 16:00:00 - 30/10/2025 17:00:00","Belgium (BE)","493.80","452.47","490.59","367.17"
"30/10/2025 17:00:00 - 30/10/2025 18:00:00","Belgium (BE)","10.65","9.67","10.82","2.92"
"30/10/2025 18:00:00 - 30/10/2025 19:00:00","Belgium (BE)","0.00","0.00","0.00","0.00"
"30/10/2025 19:00:00 - 30/10/2025 20:00:00","Belgium (BE)","0.00","0.00","0.00","0.00"
"30/10/2025 20:00:00 - 30/10/2025 21:00:00","Belgium (BE)","0.00","0.00","0.00","0.00"
"30/10/2025 21:00:00 - 30/10/2025 22:00:00","Belgium (BE)","0.00","0.00","0.00","0.00"
"30/10/2025 22:00:00 - 30/10/2025 23:00:00","Belgium (BE)","0.00","0.00","0.00","0.00"
"30/10/2025 23:00:00 - 31/10/2025 00:00:00","Belgium (BE)","0.00","0.00","0.00","0.00"
"31/10/2025 00:00:00 - 31/10/2025 01:00:00","Belgium (BE)","0.00","0.00","0.00","0.00"
"31/10/2025 01:00:00 - 31/10/2025 02:00:00","Belgium (BE)","0.00","0.00","0.00","0.00"
"31/10/2025 02:00:00 - 31/10/2025 03:00:00","Belgium (BE)","0.00","0.00","0.00","0.00"
"31/10/2025 03:00:00 - 31/10/2025 04:00:00","Belgium (BE)","0.00","0.00","0.00","0.00"
"31/10/2025 04:00:00 - 31/10/2025 05:00:00","Belgium (BE)","0.00","0.00","0.00","0.00"
"31/10/2025 05:00:00 - 31/10/2025 06:00:00","Belgium (BE)","0.00","0.00","0.00","0.00"
"31/10/2025 06:00:00 - 31/10/2025 07:00:00","Belgium (BE)","0.00","0.00","0.00","0.00"
"31/10/2025 07:00:00 - 31/10/2025 08:00:00","Belgium (BE)","17.69","15.64","15.64","13.22"
"31/10/2025 08:00:00 - 31/10/2025 09:00:00","Belgium (BE)","380.28","328.24","308.43","331.10"
"31/10/2025 09:00:00 - 31/10/2025 10:00:00","Belgium (BE)","1099.22","957.36","945.79","1082.87"
"31/10/2025 10:00:00 - 31/10/2025 11:00:00","Belgium (BE)","1808.10","1658.82","1640.37","1696.97"
"31/10/2025 11:00:00 - 31/10/2025 12:00:00","Belgium (BE)","2336.11","2340.86","2333.61","2004.84"
"31/10/2025 12:00:00 - 31/10/2025 13:00:00","Belgium (BE)","2510.57","2735.88","2622.61","2005.56"
"31/10/2025 13:00:00 - 31/10/2025 14:00:00","Belgium (BE)","2240.54","2380.15","2319.12","2154.02"
"31/10/2025 14:00:00 - 31/10/2025 15:00:00","Belgium (BE)","1533.65","1426.51","1727.65","1689.22"
"31/10/2025 15:00:00 - 31/10/2025 16:00:00","Belgium (BE)","631.02","636.73","938.12","668.14"
"31/10/2025 16:00:00 - 31/10/2025 17:00:00","Belgium (BE)","167.41","175.78","242.23","244.47"
"31/10/2025 17:00:00 - 31/10/2025 18:00:00","Belgium (BE)","3.72","4.47","5.49","15.72"
"31/10/2025 18:00:00 - 31/10/2025 19:00:00","Belgium (BE)","0.00","0.00","0.00","0.00"
"31/10/2025 19:00:00 - 31/10/2025 20:00:00","Belgium (BE)","0.00","0.00","0.00","0.00"
"31/10/2025 20:00:00 - 31/10/2025 21:00:00","Belgium (BE)","0.00","0.00","0.00","0.00"
"31/10/2025 21:00:00 - 31/10/2025 22:00:00","Belgium (BE)","0.00","0.00","0.00","0.00"
"31/10/2025 22:00:00 - 31/10/2025 23:00:00","Belgium (BE)","0.00","0.00","0.00","0.00"
"31/10/2025 23:00:00 - 01/11/2025 00:00:00","Belgium (BE)","0.00","0.00","0.00","0.00"
"01/11/2025 00:00:00 - 01/11/2025 01:00:00","Belgium (BE)","0.00","0.00","0.00","0.00"
"01/11/2025 01:00:00 - 01/11/2025 02:00:00","Belgium (BE)","0.00","0.00","0.00","0.00"
"01/11/2025 02:00:00 - 01/11/2025 03:00:00","Belgium (BE)","0.00","0.00","0.00","0.00"
"01/11/2025 03:00:00 - 01/11/2025 04:00:00","Belgium (BE)","0.00","0.00","0.00","0.00"
"01/11/2025 04:00:00 - 01/11/2025 05:00:00","Belgium (BE)","0.00","0.00","0.00","0.00"
"01/11/2025 05:00:00 - 01/11/2025 06:00:00","Belgium (BE)","0.00","0.00","0.00","0.00"
"01/11/2025 06:00:00 - 01/11/2025 07:00:00","Belgium (BE)","0.00","0.00","0.00","0.00"
"01/11/2025 07:00:00 - 01/11/2025 08:00:00","Belgium (BE)","3.76","2.78","2.78","0.21"
"01/11/2025 08:00:00 - 01/11/2025 09:00:00","Belgium (BE)","66.40","49.20","73.68","48.73"
"01/11/2025 09:00:00 - 01/11/2025 10:00:00","Belgium (BE)","179.47","133.04","199.54","222.52"
"01/11/2025 10:00:00 - 01/11/2025 11:00:00","Belgium (BE)","287.21","247.94","299.56","370.54"
"01/11/2025 11:00:00 - 01/11/2025 12:00:00","Belgium (BE)","401.26","388.18","453.43","429.41"
"01/11/2025 12:00:00 - 01/11/2025 13:00:00","Belgium (BE)","470.09","498.11","513.95","493.38"
"01/11/2025 13:00:00 - 01/11/2025 14:00:00","Belgium (BE)","487.67","712.31","641.48","664.93"
"01/11/2025 14:00:00 - 01/11/2025 15:00:00","Belgium (BE)","574.44","954.97","719.67","920.17"
"01/11/2025 15:00:00 - 01/11/2025 16:00:00","Belgium (BE)","550.87","970.12","894.19","1050.60"
"01/11/2025 16:00:00 - 01/11/2025 17:00:00","Belgium (BE)","188.73","339.53","281.98","493.70"
"01/11/2025 17:00:00 - 01/11/2025 18:00:00","Belgium (BE)","4.36","7.00","5.89","10.49"
"01/11/2025 18:00:00 - 01/11/2025 19:00:00","Belgium (BE)","0.00","0.00","0.00","0.00"
"01/11/2025 19:00:00 - 01/11/2025 20:00:00","Belgium (BE)","0.00","0.00","0.00","0.00"
"01/11/2025 20:00:00 - 01/11/2025 21:00:00","Belgium (BE)","0.00","0.00","0.00","0.00"
"01/11/2025 21:00:00 - 01/11/2025 22:00:00","Belgium (BE)","0.00","0.00","0.00","0.00"
"01/11/2025 22:00:00 - 01/11/2025 23:00:00","Belgium (BE)","0.00","0.00","0.00","0.00"
"01/11/2025 23:00:00 - 02/11/2025 00:00:00","Belgium (BE)","0.00","0.00","0.00","0.00"
"02/11/2025 00:00:00 - 02/11/2025 01:00:00","Belgium (BE)","0.00","0.00","0.00","0.00"
"02/11/2025 01:00:00 - 02/11/2025 02:00:00","Belgium (BE)","0.00","0.00","0.00","0.00"
"02/11/2025 02:00:00 - 02/11/2025 03:00:00","Belgium (BE)","0.00","0.00","0.00","0.00"
"02/11/2025 03:00:00 - 02/11/2025 04:00:00","Belgium (BE)","0.00","0.00","0.00","0.00"
"02/11/2025 04:00:00 - 02/11/2025 05:00:00","Belgium (BE)","0.00","0.00","0.00","0.00"
"02/11/2025 05:00:00 - 02/11/2025 06:00:00","Belgium (BE)","0.00","0.00","0.00","0.00"
"02/11/2025 06:00:00 - 02/11/2025 07:00:00","Belgium (BE)","0.00","0.00","0.00","0.00"
"02/11/2025 07:00:00 - 02/11/2025 08:00:00","Belgium (BE)","13.81","14.08","14.08","6.92"
"02/11/2025 08:00:00 - 02/11/2025 09:00:00","Belgium (BE)","498.84","436.58","376.23","380.37"
"02/11/2025 09:00:00 - 02/11/2025 10:00:00","Belgium (BE)","1429.04","1262.76","1184.29","1367.00"
"02/11/2025 10:00:00 - 02/11/2025 11:00:00","Belgium (BE)","2458.14","2063.47","2207.92","3625.02"
"02/11/2025 11:00:00 - 02/11/2025 12:00:00","Belgium (BE)","3078.29","2585.27","3628.73","3906.93"
"02/11/2025 12:00:00 - 02/11/2025 13:00:00","Belgium (BE)","2971.88","2631.33","3589.22","2514.26"
"02/11/2025 13:00:00 - 02/11/2025 14:00:00","Belgium (BE)","2100.31","2004.55","1872.74","1917.74"
"02/11/2025 14:00:00 - 02/11/2025 15:00:00","Belgium (BE)","1277.48","1233.31","1324.16","1565.13"
"02/11/2025 15:00:00 - 02/11/2025 16:00:00","Belgium (BE)","758.50","695.34","993.88","991.11"
"02/11/2025 16:00:00 - 02/11/2025 17:00:00","Belgium (BE)","217.43","206.66","266.49","404.45"
"02/11/2025 17:00:00 - 02/11/2025 18:00:00","Belgium (BE)","3.51","3.56","4.53","6.45"
"02/11/2025 18:00:00 - 02/11/2025 19:00:00","Belgium (BE)","0.00","0.00","0.00","0.00"
"02/11/2025 19:00:00 - 02/11/2025 20:00:00","Belgium (BE)","0.00","0.00","0.00","0.00"
"02/11/2025 20:00:00 - 02/11/2025 21:00:00","Belgium (BE)","0.00","0.00","0.00","0.00"
"02/11/2025 21:00:00 - 02/11/2025 22:00:00","Belgium (BE)","0.00","0.00","0.00","0.00"
"02/11/2025 22:00:00 - 02/11/2025 23:00:00","Belgium (BE)","0.00","0.00","0.00","0.00"
"02/11/2025 23:00:00 - 03/11/2025 00:00:00","Belgium (BE)","0.00","0.00","0.00","0.00"
"03/11/2025 00:00:00 - 03/11/2025 01:00:00","Belgium (BE)","0.00","0.00","0.00","0.00"
"03/11/2025 01:00:00 - 03/11/2025 02:00:00","Belgium (BE)","0.00","0.00","0.00","0.00"
"03/11/2025 02:00:00 - 03/11/2025 03:00:00","Belgium (BE)","0.00","0.00","0.00","0.00"
"03/11/2025 03:00:00 - 03/11/2025 04:00:00","Belgium (BE)","0.00","0.00","0.00","0.00"
"03/11/2025 04:00:00 - 03/11/2025 05:00:00","Belgium (BE)","0.00","0.00","0.00","0.00"
"03/11/2025 05:00:00 - 03/11/2025 06:00:00","Belgium (BE)","0.00","0.00","0.00","0.00"
"03/11/2025 06:00:00 - 03/11/2025 07:00:00","Belgium (BE)","0.00","0.00","0.00","0.00"
"03/11/2025 07:00:00 - 03/11/2025 08:00:00","Belgium (BE)","7.49","6.97","6.97","20.48"
"03/11/2025 08:00:00 - 03/11/2025 09:00:00","Belgium (BE)","238.15","192.84","240.54","557.04"
"03/11/2025 09:00:00 - 03/11/2025 10:00:00","Belgium (BE)","743.85","587.67","859.39","1348.94"
"03/11/2025 10:00:00 - 03/11/2025 11:00:00","Belgium (BE)","1264.88","876.15","1661.88","1728.78"
"03/11/2025 11:00:00 - 03/11/2025 12:00:00","Belgium (BE)","1634.95","1035.34","1902.77","1813.50"
"03/11/2025 12:00:00 - 03/11/2025 13:00:00","Belgium (BE)","1824.51","1032.86","1826.13","1577.40"
"03/11/2025 13:00:00 - 03/11/2025 14:00:00","Belgium (BE)","1630.56","965.61","1440.40","1284.24"
"03/11/2025 14:00:00 - 03/11/2025 15:00:00","Belgium (BE)","1141.13","692.62","1164.48","801.52"
"03/11/2025 15:00:00 - 03/11/2025 16:00:00","Belgium (BE)","622.19","387.80","570.99","469.92"
"03/11/2025 16:00:00 - 03/11/2025 17:00:00","Belgium (BE)","158.73","106.25","144.73","164.00"
"03/11/2025 17:00:00 - 03/11/2025 18:00:00","Belgium (BE)","2.24","1.68","2.10","0.53"
"03/11/2025 18:00:00 - 03/11/2025 19:00:00","Belgium (BE)","0.00","0.00","0.00","0.00"
"03/11/2025 19:00:00 - 03/11/2025 20:00:00","Belgium (BE)","0.00","0.00","0.00","0.00"
"03/11/2025 20:00:00 - 03/11/2025 21:00:00","Belgium (BE)","0.00","0.00","0.00","0.00"
"03/11/2025 21:00:00 - 03/11/2025 22:00:00","Belgium (BE)","0.00","0.00","0.00","0.00"
"03/11/2025 22:00:00 - 03/11/2025 23:00:00","Belgium (BE)","0.00","0.00","0.00","0.00"
"03/11/2025 23:00:00 - 04/11/2025 00:00:00","Belgium (BE)","0.00","0.00","0.00","0.00"
"04/11/2025 00:00:00 - 04/11/2025 01:00:00","Belgium (BE)","0.00","0.00","0.00","0.00"
"04/11/2025 01:00:00 - 04/11/2025 02:00:00","Belgium (BE)","0.00","0.00","0.00","0.00"
"04/11/2025 02:00:00 - 04/11/2025 03:00:00","Belgium (BE)","0.00","0.00","0.00","0.00"
"04/11/2025 03:00:00 - 04/11/2025 04:00:00","Belgium (BE)","0.00","0.00","0.00","0.00"
"04/11/2025 04:00:00 - 04/11/2025 05:00:00","Belgium (BE)","0.00","0.00","0.00","0.00"
"04/11/2025 05:00:00 - 04/11/2025 06:00:00","Belgium (BE)","0.00","0.00","0.00","0.00"
"04/11/2025 06:00:00 - 04/11/2025 07:00:00","Belgium (BE)","0.00","0.00","0.00","0.00"
"04/11/2025 07:00:00 - 04/11/2025 08:00:00","Belgium (BE)","8.87","8.53","8.53","6.37"
"04/11/2025 08:00:00 - 04/11/2025 09:00:00","Belgium (BE)","368.44","338.60","396.69","331.32"
"04/11/2025 09:00:00 - 04/11/2025 10:00:00","Belgium (BE)","1139.53","1103.29","1276.52","1611.70"
"04/11/2025 10:00:00 - 04/11/2025 11:00:00","Belgium (BE)","2147.12","2309.68","2424.37","3053.70"
"04/11/2025 11:00:00 - 04/11/2025 12:00:00","Belgium (BE)","3015.56","3574.42","3833.73","4162.24"
"04/11/2025 12:00:00 - 04/11/2025 13:00:00","Belgium (BE)","3558.24","4397.27","4615.69","4514.52"
"04/11/2025 13:00:00 - 04/11/2025 14:00:00","Belgium (BE)","3275.39","3966.88","4126.95","3923.13"
"04/11/2025 14:00:00 - 04/11/2025 15:00:00","Belgium (BE)","2403.71","2704.05","2911.82","2282.39"
"04/11/2025 15:00:00 - 04/11/2025 16:00:00","Belgium (BE)","1223.23","1335.82","1438.43","1041.05"
"04/11/2025 16:00:00 - 04/11/2025 17:00:00","Belgium (BE)","305.50","337.54","358.49","243.52"
"04/11/2025 17:00:00 - 04/11/2025 18:00:00","Belgium (BE)","2.35","2.48","2.77","0.34"
"04/11/2025 18:00:00 - 04/11/2025 19:00:00","Belgium (BE)","0.00","0.00","0.00","0.00"
"04/11/2025 19:00:00 - 04/11/2025 20:00:00","Belgium (BE)","0.00","0.00","0.00","0.00"
"04/11/2025 20:00:00 - 04/11/2025 21:00:00","Belgium (BE)","0.00","0.00","0.00","0.00"
"04/11/2025 21:00:00 - 04/11/2025 22:00:00","Belgium (BE)","0.00","0.00","0.00","0.00"
"04/11/2025 22:00:00 - 04/11/2025 23:00:00","Belgium (BE)","0.00","0.00","0.00","0.00"
"04/11/2025 23:00:00 - 05/11/2025 00:00:00","Belgium (BE)","0.00","0.00","0.00","0.00"
"05/11/2025 00:00:00 - 05/11/2025 01:00:00","Belgium (BE)","0.00","0.00","0.00","0.00"
"05/11/2025 01:00:00 - 05/11/2025 02:00:00","Belgium (BE)","0.00","0.00","0.00","0.00"
"05/11/2025 02:00:00 - 05/11/2025 03:00:00","Belgium (BE)","0.00","0.00","0.00","0.00"
"05/11/2025 03:00:00 - 05/11/2025 04:00:00","Belgium (BE)","0.00","0.00","0.00","0.00"
"05/11/2025 04:00:00 - 05/11/2025 05:00:00","Belgium (BE)","0.00","0.00","0.00","0.00"
"05/11/2025 05:00:00 - 05/11/2025 06:00:00","Belgium (BE)","0.00","0.00","0.00","0.00"
"05/11/2025 06:00:00 - 05/11/2025 07:00:00","Belgium (BE)","0.00","0.00","0.00","0.00"
"05/11/2025 07:00:00 - 05/11/2025 08:00:00","Belgium (BE)","12.20","11.69","11.69","2.13"
"05/11/2025 08:00:00 - 05/11/2025 09:00:00","Belgium (BE)","676.28","656.47","660.82","429.02"
"05/11/2025 09:00:00 - 05/11/2025 10:00:00","Belgium (BE)","1961.85","1917.31","1547.88","1409.86"
"05/11/2025 10:00:00 - 05/11/2025 11:00:00","Belgium (BE)","3190.50","3024.26","2418.61","2401.90"
"05/11/2025 11:00:00 - 05/11/2025 12:00:00","Belgium (BE)","3974.47","3854.44","3003.24","4105.12"
"05/11/2025 12:00:00 - 05/11/2025 13:00:00","Belgium (BE)","4290.99","4426.31","4263.52","4595.94"
"05/11/2025 13:00:00 - 05/11/2025 14:00:00","Belgium (BE)","3944.77","4164.22","4203.26","4218.95"
"05/11/2025 14:00:00 - 05/11/2025 15:00:00","Belgium (BE)","3108.15","3119.40","3094.60","2769.20"
"05/11/2025 15:00:00 - 05/11/2025 16:00:00","Belgium (BE)","1788.19","1724.37","1491.26","1209.60"
"05/11/2025 16:00:00 - 05/11/2025 17:00:00","Belgium (BE)","466.04","440.39","346.97","215.25"
"05/11/2025 17:00:00 - 05/11/2025 18:00:00","Belgium (BE)","2.09","2.35","1.75","0.23"
"05/11/2025 18:00:00 - 05/11/2025 19:00:00","Belgium (BE)","0.00","0.00","0.00","0.00"
"05/11/2025 19:00:00 - 05/11/2025 20:00:00","Belgium (BE)","0.00","0.00","0.00","0.00"
"05/11/2025 20:00:00 - 05/11/2025 21:00:00","Belgium (BE)","0.00","0.00","0.00","0.00"
"05/11/2025 21:00:00 - 05/11/2025 22:00:00","Belgium (BE)","0.00","0.00","0.00","0.00"
"05/11/2025 22:00:00 - 05/11/2025 23:00:00","Belgium (BE)","0.00","0.00","0.00","0.00"
"05/11/2025 23:00:00 - 06/11/2025 00:00:00","Belgium (BE)","0.00","0.00","0.00","0.00"
"06/11/2025 00:00:00 - 06/11/2025 01:00:00","Belgium (BE)","0.00","0.00","0.00","0.00"
"06/11/2025 01:00:00 - 06/11/2025 02:00:00","Belgium (BE)","0.00","0.00","0.00","0.00"
"06/11/2025 02:00:00 - 06/11/2025 03:00:00","Belgium (BE)","0.00","0.00","0.00","0.00"
"06/11/2025 03:00:00 - 06/11/2025 04:00:00","Belgium (BE)","0.00","0.00","0.00","0.00"
"06/11/2025 04:00:00 - 06/11/2025 05:00:00","Belgium (BE)","0.00","0.00","0.00","0.00"
"06/11/2025 05:00:00 - 06/11/2025 06:00:00","Belgium (BE)","0.00","0.00","0.00","0.00"
"06/11/2025 06:00:00 - 06/11/2025 07:00:00","Belgium (BE)","0.00","0.00","0.00","0.00"
"06/11/2025 07:00:00 - 06/11/2025 08:00:00","Belgium (BE)","6.90","7.13","7.13","4.85"
"06/11/2025 08:00:00 - 06/11/2025 09:00:00","Belgium (BE)","366.61","415.81","450.56","593.66"
"06/11/2025 09:00:00 - 06/11/2025 10:00:00","Belgium (BE)","1156.14","1305.19","1494.64","1458.16"
"06/11/2025 10:00:00 - 06/11/2025 11:00:00","Belgium (BE)","1809.52","2002.95","1977.39","2315.83"
"06/11/2025 11:00:00 - 06/11/2025 12:00:00","Belgium (BE)","2427.55","2561.17","2566.23","3112.01"
"06/11/2025 12:00:00 - 06/11/2025 13:00:00","Belgium (BE)","2798.90","2692.67","3104.11","2831.04"
"06/11/2025 13:00:00 - 06/11/2025 14:00:00","Belgium (BE)","2729.36","2433.92","2642.08","2346.04"
"06/11/2025 14:00:00 - 06/11/2025 15:00:00","Belgium (BE)","2110.95","1916.73","1855.54","1834.73"
"06/11/2025 15:00:00 - 06/11/2025 16:00:00","Belgium (BE)","1161.04","1130.10","1204.20","1069.62"
"06/11/2025 16:00:00 - 06/11/2025 17:00:00","Belgium (BE)","273.56","266.20","288.79","279.44"
"06/11/2025 17:00:00 - 06/11/2025 18:00:00","Belgium (BE)","1.24","1.04","1.26","1.13"
"06/11/2025 18:00:00 - 06/11/2025 19:00:00","Belgium (BE)","0.00","0.00","0.00","0.00"
"06/11/2025 19:00:00 - 06/11/2025 20:00:00","Belgium (BE)","0.00","0.00","0.00","0.00"
"06/11/2025 20:00:00 - 06/11/2025 21:00:00","Belgium (BE)","0.00","0.00","0.00","0.00"
"06/11/2025 21:00:00 - 06/11/2025 22:00:00","Belgium (BE)","0.00","0.00","0.00","0.00"
"06/11/2025 22:00:00 - 06/11/2025 23:00:00","Belgium (BE)","0.00","0.00","0.00","0.00"
"06/11/2025 23:00:00 - 07/11/2025 00:00:00","Belgium (BE)","0.00","0.00","0.00","0.00"
"07/11/2025 00:00:00 - 07/11/2025 01:00:00","Belgium (BE)","0.00","0.00","0.00","0.00"
"07/11/2025 01:00:00 - 07/11/2025 02:00:00","Belgium (BE)","0.00","0.00","0.00","0.00"
"07/11/2025 02:00:00 - 07/11/2025 03:00:00","Belgium (BE)","0.00","0.00","0.00","0.00"
"07/11/2025 03:00:00 - 07/11/2025 04:00:00","Belgium (BE)","0.00","0.00","0.00","0.00"
"07/11/2025 04:00:00 - 07/11/2025 05:00:00","Belgium (BE)","0.00","0.00","0.00","0.00"
"07/11/2025 05:00:00 - 07/11/2025 06:00:00","Belgium (BE)","0.00","0.00","0.00","0.00"
"07/11/2025 06:00:00 - 07/11/2025 07:00:00","Belgium (BE)","0.00","0.00","0.00","0.00"
"07/11/2025 07:00:00 - 07/11/2025 08:00:00","Belgium (BE)","8.60","8.50","8.50","1.19"
"07/11/2025 08:00:00 - 07/11/2025 09:00:00","Belgium (BE)","704.62","746.27","751.92","684.15"
"07/11/2025 09:00:00 - 07/11/2025 10:00:00","Belgium (BE)","2092.05","2203.25","2140.77","2298.03"
"07/11/2025 10:00:00 - 07/11/2025 11:00:00","Belgium (BE)","3107.45","3600.31","3676.26","3836.10"
"07/11/2025 11:00:00 - 07/11/2025 12:00:00","Belgium (BE)","3618.62","4552.75","4770.50","4844.64"
"07/11/2025 12:00:00 - 07/11/2025 13:00:00","Belgium (BE)","3764.65","4936.25","5237.72","5193.93"
"07/11/2025 13:00:00 - 07/11/2025 14:00:00","Belgium (BE)","3256.63","4484.59","4674.36","4723.37"
"07/11/2025 14:00:00 - 07/11/2025 15:00:00","Belgium (BE)","2350.00","3332.76","3484.58","3300.67"
"07/11/2025 15:00:00 - 07/11/2025 16:00:00","Belgium (BE)","1266.46","1839.32","1870.09","1613.72"
"07/11/2025 16:00:00 - 07/11/2025 17:00:00","Belgium (BE)","298.61","454.80","443.56","327.48"
"07/11/2025 17:00:00 - 07/11/2025 18:00:00","Belgium (BE)","0.74","1.15","1.09","0.33"
"07/11/2025 18:00:00 - 07/11/2025 19:00:00","Belgium (BE)","0.00","0.00","0.00","0.00"
"07/11/2025 19:00:00 - 07/11/2025 20:00:00","Belgium (BE)","0.00","0.00","0.00","0.00"
"07/11/2025 20:00:00 - 07/11/2025 21:00:00","Belgium (BE)","0.00","0.00","0.00","0.00"
"07/11/2025 21:00:00 - 07/11/2025 22:00:00","Belgium (BE)","0.00","0.00","0.00","0.00"
"07/11/2025 22:00:00 - 07/11/2025 23:00:00","Belgium (BE)","0.00","0.00","0.00","0.00"
"07/11/2025 23:00:00 - 08/11/2025 00:00:00","Belgium (BE)","0.00","0.00","0.00","0.00"
"08/11/2025 00:00:00 - 08/11/2025 01:00:00","Belgium (BE)","0.00","0.00","0.00","0.00"
"08/11/2025 01:00:00 - 08/11/2025 02:00:00","Belgium (BE)","0.00","0.00","0.00","0.00"
"08/11/2025 02:00:00 - 08/11/2025 03:00:00","Belgium (BE)","0.00","0.00","0.00","0.00"
"08/11/2025 03:00:00 - 08/11/2025 04:00:00","Belgium (BE)","0.00","0.00","0.00","0.00"
"08/11/2025 04:00:00 - 08/11/2025 05:00:00","Belgium (BE)","0.00","0.00","0.00","0.00"
"08/11/2025 05:00:00 - 08/11/2025 06:00:00","Belgium (BE)","0.00","0.00","0.00","0.00"
"08/11/2025 06:00:00 - 08/11/2025 07:00:00","Belgium (BE)","0.00","0.00","0.00","0.00"
"08/11/2025 07:00:00 - 08/11/2025 08:00:00","Belgium (BE)","3.75","4.44","4.44","0.28"
"08/11/2025 08:00:00 - 08/11/2025 09:00:00","Belgium (BE)","393.10","459.47","484.14","563.28"
"08/11/2025 09:00:00 - 08/11/2025 10:00:00","Belgium (BE)","1225.66","1381.19","1448.51","1808.66"
"08/11/2025 10:00:00 - 08/11/2025 11:00:00","Belgium (BE)","2013.78","2274.28","2559.09","2827.30"
"08/11/2025 11:00:00 - 08/11/2025 12:00:00","Belgium (BE)","2539.42","2813.51","3132.64","3267.32"
"08/11/2025 12:00:00 - 08/11/2025 13:00:00","Belgium (BE)","2605.30","2792.32","3014.32","3140.28"
"08/11/2025 13:00:00 - 08/11/2025 14:00:00","Belgium (BE)","2130.42","2183.90","2443.83","2332.96"
"08/11/2025 14:00:00 - 08/11/2025 15:00:00","Belgium (BE)","1456.31","1306.95","1421.80","1466.91"
"08/11/2025 15:00:00 - 08/11/2025 16:00:00","Belgium (BE)","806.69","633.80","688.80","808.36"
"08/11/2025 16:00:00 - 08/11/2025 17:00:00","Belgium (BE)","180.54","135.77","149.97","180.24"
"08/11/2025 17:00:00 - 08/11/2025 18:00:00","Belgium (BE)","0.35","0.25","0.36","0.34"
"08/11/2025 18:00:00 - 08/11/2025 19:00:00","Belgium (BE)","0.00","0.00","0.00","0.00"
"08/11/2025 19:00:00 - 08/11/2025 20:00:00","Belgium (BE)","0.00","0.00","0.00","0.00"
"08/11/2025 20:00:00 - 08/11/2025 21:00:00","Belgium (BE)","0.00","0.00","0.00","0.00"
"08/11/2025 21:00:00 - 08/11/2025 22:00:00","Belgium (BE)","0.00","0.00","0.00","0.00"
"08/11/2025 22:00:00 - 08/11/2025 23:00:00","Belgium (BE)","0.00","0.00","0.00","0.00"
"08/11/2025 23:00:00 - 09/11/2025 00:00:00","Belgium (BE)","0.00","0.00","0.00","0.00"
"09/11/2025 00:00:00 - 09/11/2025 01:00:00","Belgium (BE)","0.00","0.00","0.00","0.00"
"09/11/2025 01:00:00 - 09/11/2025 02:00:00","Belgium (BE)","0.00","0.00","0.00","0.00"
"09/11/2025 02:00:00 - 09/11/2025 03:00:00","Belgium (BE)","0.00","0.00","0.00","0.00"
"09/11/2025 03:00:00 - 09/11/2025 04:00:00","Belgium (BE)","0.00","0.00","0.00","0.00"
"09/11/2025 04:00:00 - 09/11/2025 05:00:00","Belgium (BE)","0.00","0.00","0.00","0.00"
"09/11/2025 05:00:00 - 09/11/2025 06:00:00","Belgium (BE)","0.00","0.00","0.00","0.00"
"09/11/2025 06:00:00 - 09/11/2025 07:00:00","Belgium (BE)","0.00","0.00","0.00","0.00"
"09/11/2025 07:00:00 - 09/11/2025 08:00:00","Belgium (BE)","2.97","2.41","2.41","0.01"
"09/11/2025 08:00:00 - 09/11/2025 09:00:00","Belgium (BE)","480.43","292.10","291.17","303.28"
"09/11/2025 09:00:00 - 09/11/2025 10:00:00","Belgium (BE)","1654.47","1066.34","1037.25","1370.12"
"09/11/2025 10:00:00 - 09/11/2025 11:00:00","Belgium (BE)","2831.64","2191.63","2040.40","2637.43"
"09/11/2025 11:00:00 - 09/11/2025 12:00:00","Belgium (BE)","3623.10","3195.95","3048.94","3603.94"
"09/11/2025 12:00:00 - 09/11/2025 13:00:00","Belgium (BE)","3931.86","3584.42","3603.81","3873.27"
"09/11/2025 13:00:00 - 09/11/2025 14:00:00","Belgium (BE)","3472.93","3220.65","3397.59","3507.34"
"09/11/2025 14:00:00 - 09/11/2025 15:00:00","Belgium (BE)","2588.28","2387.53","2657.86","2646.24"
"09/11/2025 15:00:00 - 09/11/2025 16:00:00","Belgium (BE)","1451.27","1320.79","1416.82","1391.43"
"09/11/2025 16:00:00 - 09/11/2025 17:00:00","Belgium (BE)","324.30","290.55","309.05","269.54"
"09/11/2025 17:00:00 - 09/11/2025 18:00:00","Belgium (BE)","0.24","0.24","0.17","0.05"
"09/11/2025 18:00:00 - 09/11/2025 19:00:00","Belgium (BE)","0.00","0.00","0.00","0.00"
"09/11/2025 19:00:00 - 09/11/2025 20:00:00","Belgium (BE)","0.00","0.00","0.00","0.00"
"09/11/2025 20:00:00 - 09/11/2025 21:00:00","Belgium (BE)","0.00","0.00","0.00","0.00"
"09/11/2025 21:00:00 - 09/11/2025 22:00:00","Belgium (BE)","0.00","0.00","0.00","0.00"
"09/11/2025 22:00:00 - 09/11/2025 23:00:00","Belgium (BE)","0.00","0.00","0.00","0.00"
"09/11/2025 23:00:00 - 10/11/2025 00:00:00","Belgium (BE)","0.00","0.00","0.00","0.00"
"10/11/2025 00:00:00 - 10/11/2025 01:00:00","Belgium (BE)","0.00","0.00","0.00","0.00"
"10/11/2025 01:00:00 - 10/11/2025 02:00:00","Belgium (BE)","0.00","0.00","0.00","0.00"
"10/11/2025 02:00:00 - 10/11/2025 03:00:00","Belgium (BE)","0.00","0.00","0.00","0.00"
"10/11/2025 03:00:00 - 10/11/2025 04:00:00","Belgium (BE)","0.00","0.00","0.00","0.00"
"10/11/2025 04:00:00 - 10/11/2025 05:00:00","Belgium (BE)","0.00","0.00","0.00","0.00"
"10/11/2025 05:00:00 - 10/11/2025 06:00:00","Belgium (BE)","0.00","0.00","0.00","0.00"
"10/11/2025 06:00:00 - 10/11/2025 07:00:00","Belgium (BE)","0.00","0.00","0.00","0.00"
"10/11/2025 07:00:00 - 10/11/2025 08:00:00","Belgium (BE)","1.52","1.36","1.36","0.00"
"10/11/2025 08:00:00 - 10/11/2025 09:00:00","Belgium (BE)","188.69","155.95","187.75","252.65"
"10/11/2025 09:00:00 - 10/11/2025 10:00:00","Belgium (BE)","703.47","612.98","706.62","961.30"
"10/11/2025 10:00:00 - 10/11/2025 11:00:00","Belgium (BE)","1183.44","1139.99","1340.21","1549.12"
"10/11/2025 11:00:00 - 10/11/2025 12:00:00","Belgium (BE)","1452.38","1569.69","1875.89","1987.55"
"10/11/2025 12:00:00 - 10/11/2025 13:00:00","Belgium (BE)","1455.99","1843.22","2202.71","2496.79"
"10/11/2025 13:00:00 - 10/11/2025 14:00:00","Belgium (BE)","1253.82","1622.71","2075.31","2055.80"
"10/11/2025 14:00:00 - 10/11/2025 15:00:00","Belgium (BE)","855.00","1098.73","1331.51","1127.28"
"10/11/2025 15:00:00 - 10/11/2025 16:00:00","Belgium (BE)","409.16","498.24","586.90","474.38"
"10/11/2025 16:00:00 - 10/11/2025 17:00:00","Belgium (BE)","80.29","94.44","118.40","98.17"
"10/11/2025 17:00:00 - 10/11/2025 18:00:00","Belgium (BE)","0.02","0.03","0.03","0.00"
"10/11/2025 18:00:00 - 10/11/2025 19:00:00","Belgium (BE)","0.00","0.00","0.00","0.00"
"10/11/2025 19:00:00 - 10/11/2025 20:00:00","Belgium (BE)","0.00","0.00","0.00","0.00"
"10/11/2025 20:00:00 - 10/11/2025 21:00:00","Belgium (BE)","0.00","0.00","0.00","0.00"
"10/11/2025 21:00:00 - 10/11/2025 22:00:00","Belgium (BE)","0.00","0.00","0.00","0.00"
"10/11/2025 22:00:00 - 10/11/2025 23:00:00","Belgium (BE)","0.00","0.00","0.00","0.00"
"10/11/2025 23:00:00 - 11/11/2025 00:00:00","Belgium (BE)","0.00","0.00","0.00","0.00"
"11/11/2025 00:00:00 - 11/11/2025 01:00:00","Belgium (BE)","0.00","0.00","0.00","0.00"
"11/11/2025 01:00:00 - 11/11/2025 02:00:00","Belgium (BE)","0.00","0.00","0.00","0.00"
"11/11/2025 02:00:00 - 11/11/2025 03:00:00","Belgium (BE)","0.00","0.00","0.00","0.00"
"11/11/2025 03:00:00 - 11/11/2025 04:00:00","Belgium (BE)","0.00","0.00","0.00","0.00"
"11/11/2025 04:00:00 - 11/11/2025 05:00:00","Belgium (BE)","0.00","0.00","0.00","0.00"
"11/11/2025 05:00:00 - 11/11/2025 06:00:00","Belgium (BE)","0.00","0.00","0.00","0.00"
"11/11/2025 06:00:00 - 11/11/2025 07:00:00","Belgium (BE)","0.00","0.00","0.00","0.00"
"11/11/2025 07:00:00 - 11/11/2025 08:00:00","Belgium (BE)","1.02","1.02","1.02","0.00"
"11/11/2025 08:00:00 - 11/11/2025 09:00:00","Belgium (BE)","244.87","247.62","232.58","298.77"
"11/11/2025 09:00:00 - 11/11/2025 10:00:00","Belgium (BE)","957.86","911.19","883.86","851.68"
"11/11/2025 10:00:00 - 11/11/2025 11:00:00","Belgium (BE)","1513.24","1473.21","1304.27","1219.93"
"11/11/2025 11:00:00 - 11/11/2025 12:00:00","Belgium (BE)","1849.81","1798.03","1513.30","1135.87"
"11/11/2025 12:00:00 - 11/11/2025 13:00:00","Belgium (BE)","1878.94","1925.40","1344.60","1238.13"
"11/11/2025 13:00:00 - 11/11/2025 14:00:00","Belgium (BE)","1617.29","1883.76","1170.23","1491.99"
"11/11/2025 14:00:00 - 11/11/2025 15:00:00","Belgium (BE)","1237.38","1635.76","1239.34","1492.17"
"11/11/2025 15:00:00 - 11/11/2025 16:00:00","Belgium (BE)","722.87","972.44","804.75","990.48"
"11/11/2025 16:00:00 - 11/11/2025 17:00:00","Belgium (BE)","146.52","195.70","167.22","185.89"
"11/11/2025 17:00:00 - 11/11/2025 18:00:00","Belgium (BE)","0.01","0.01","0.01","0.00"
"11/11/2025 18:00:00 - 11/11/2025 19:00:00","Belgium (BE)","0.00","0.00","0.00","0.00"
"11/11/2025 19:00:00 - 11/11/2025 20:00:00","Belgium (BE)","0.00","0.00","0.00","0.00"
"11/11/2025 20:00:00 - 11/11/2025 21:00:00","Belgium (BE)","0.00","0.00","0.00","0.00"
"11/11/2025 21:00:00 - 11/11/2025 22:00:00","Belgium (BE)","0.00","0.00","0.00","0.00"
"11/11/2025 22:00:00 - 11/11/2025 23:00:00","Belgium (BE)","0.00","0.00","0.00","0.00"
"11/11/2025 23:00:00 - 12/11/2025 00:00:00","Belgium (BE)","0.00","0.00","0.00","0.00"
"12/11/2025 00:00:00 - 12/11/2025 01:00:00","Belgium (BE)","0.00","0.00","0.00","0.00"
"12/11/2025 01:00:00 - 12/11/2025 02:00:00","Belgium (BE)","0.00","0.00","0.00","0.00"
"12/11/2025 02:00:00 - 12/11/2025 03:00:00","Belgium (BE)","0.00","0.00","0.00","0.00"
"12/11/2025 03:00:00 - 12/11/2025 04:00:00","Belgium (BE)","0.00","0.00","0.00","0.00"
"12/11/2025 04:00:00 - 12/11/2025 05:00:00","Belgium (BE)","0.00","0.00","0.00","0.00"
"12/11/2025 05:00:00 - 12/11/2025 06:00:00","Belgium (BE)","0.00","0.00","0.00","0.00"
"12/11/2025 06:00:00 - 12/11/2025 07:00:00","Belgium (BE)","0.00","0.00","0.00","0.00"
"12/11/2025 07:00:00 - 12/11/2025 08:00:00","Belgium (BE)","1.01","1.29","1.29","0.00"
"12/11/2025 08:00:00 - 12/11/2025 09:00:00","Belgium (BE)","504.59","550.44","532.28","306.21"
"12/11/2025 09:00:00 - 12/11/2025 10:00:00","Belgium (BE)","1853.66","1969.54","1863.26","1597.66"
"12/11/2025 10:00:00 - 12/11/2025 11:00:00","Belgium (BE)","3215.24","3386.74","3195.75","3124.64"
"12/11/2025 11:00:00 - 12/11/2025 12:00:00","Belgium (BE)","4235.13","4446.39","4222.10","3618.14"
"12/11/2025 12:00:00 - 12/11/2025 13:00:00","Belgium (BE)","4720.03","4743.76","3936.21","3714.62"
"12/11/2025 13:00:00 - 12/11/2025 14:00:00","Belgium (BE)","4390.56","4157.69","3412.76","2858.43"
"12/11/2025 14:00:00 - 12/11/2025 15:00:00","Belgium (BE)","3319.12","2973.43","2307.87","2048.54"
"12/11/2025 15:00:00 - 12/11/2025 16:00:00","Belgium (BE)","1809.04","1652.22","1338.34","1190.87"
"12/11/2025 16:00:00 - 12/11/2025 17:00:00","Belgium (BE)","371.75","378.61","285.19","309.19"
"12/11/2025 17:00:00 - 12/11/2025 18:00:00","Belgium (BE)","0.00","0.00","0.00","0.00"
"12/11/2025 18:00:00 - 12/11/2025 19:00:00","Belgium (BE)","0.00","0.00","0.00","0.00"
"12/11/2025 19:00:00 - 12/11/2025 20:00:00","Belgium (BE)","0.00","0.00","0.00","0.00"
"12/11/2025 20:00:00 - 12/11/2025 21:00:00","Belgium (BE)","0.00","0.00","0.00","0.00"
"12/11/2025 21:00:00 - 12/11/2025 22:00:00","Belgium (BE)","0.00","0.00","0.00","0.00"
"12/11/2025 22:00:00 - 12/11/2025 23:00:00","Belgium (BE)","0.00","0.00","0.00","0.00"
"12/11/2025 23:00:00 - 13/11/2025 00:00:00","Belgium (BE)","0.00","0.00","0.00","0.00"
"13/11/2025 00:00:00 - 13/11/2025 01:00:00","Belgium (BE)","0.00","0.00","0.00","0.00"
"13/11/2025 01:00:00 - 13/11/2025 02:00:00","Belgium (BE)","0.00","0.00","0.00","0.00"
"13/11/2025 02:00:00 - 13/11/2025 03:00:00","Belgium (BE)","0.00","0.00","0.00","0.00"
"13/11/2025 03:00:00 - 13/11/2025 04:00:00","Belgium (BE)","0.00","0.00","0.00","0.00"
"13/11/2025 04:00:00 - 13/11/2025 05:00:00","Belgium (BE)","0.00","0.00","0.00","0.00"
"13/11/2025 05:00:00 - 13/11/2025 06:00:00","Belgium (BE)","0.00","0.00","0.00","0.00"
"13/11/2025 06:00:00 - 13/11/2025 07:00:00","Belgium (BE)","0.00","0.00","0.00","0.00"
"13/11/2025 07:00:00 - 13/11/2025 08:00:00","Belgium (BE)","0.68","0.66","0.66","0.00"
"13/11/2025 08:00:00 - 13/11/2025 09:00:00","Belgium (BE)","313.04","376.67","318.11","120.78"
"13/11/2025 09:00:00 - 13/11/2025 10:00:00","Belgium (BE)","1196.87","1400.98","1159.65","558.59"
"13/11/2025 10:00:00 - 13/11/2025 11:00:00","Belgium (BE)","1993.19","2362.40","1688.83","1049.27"
"13/11/2025 11:00:00 - 13/11/2025 12:00:00","Belgium (BE)","2415.02","2694.78","1726.32","1504.95"
"13/11/2025 12:00:00 - 13/11/2025 13:00:00","Belgium (BE)","2498.87","2273.76","1453.40","1293.35"
"13/11/2025 13:00:00 - 13/11/2025 14:00:00","Belgium (BE)","2051.58","1812.47","1202.01","874.62"
"13/11/2025 14:00:00 - 13/11/2025 15:00:00","Belgium (BE)","1228.09","1269.69","762.57","719.70"
"13/11/2025 15:00:00 - 13/11/2025 16:00:00","Belgium (BE)","563.46","664.56","422.95","305.18"
"13/11/2025 16:00:00 - 13/11/2025 17:00:00","Belgium (BE)","100.11","120.36","75.12","30.28"
"13/11/2025 17:00:00 - 13/11/2025 18:00:00","Belgium (BE)","0.00","0.00","0.00","0.00"
"13/11/2025 18:00:00 - 13/11/2025 19:00:00","Belgium (BE)","0.00","0.00","0.00","0.00"
"13/11/2025 19:00:00 - 13/11/2025 20:00:00","Belgium (BE)","0.00","0.00","0.00","0.00"
"13/11/2025 20:00:00 - 13/11/2025 21:00:00","Belgium (BE)","0.00","0.00","0.00","0.00"
"13/11/2025 21:00:00 - 13/11/2025 22:00:00","Belgium (BE)","0.00","0.00","0.00","0.00"
"13/11/2025 22:00:00 - 13/11/2025 23:00:00","Belgium (BE)","0.00","0.00","0.00","0.00"
"13/11/2025 23:00:00 - 14/11/2025 00:00:00","Belgium (BE)","0.00","0.00","0.00","0.00"
"14/11/2025 00:00:00 - 14/11/2025 01:00:00","Belgium (BE)","0.00","0.00","0.00","0.00"
"14/11/2025 01:00:00 - 14/11/2025 02:00:00","Belgium (BE)","0.00","0.00","0.00","0.00"
"14/11/2025 02:00:00 - 14/11/2025 03:00:00","Belgium (BE)","0.00","0.00","0.00","0.00"
"14/11/2025 03:00:00 - 14/11/2025 04:00:00","Belgium (BE)","0.00","0.00","0.00","0.00"
"14/11/2025 04:00:00 - 14/11/2025 05:00:00","Belgium (BE)","0.00","0.00","0.00","0.00"
"14/11/2025 05:00:00 - 14/11/2025 06:00:00","Belgium (BE)","0.00","0.00","0.00","0.00"
"14/11/2025 06:00:00 - 14/11/2025 07:00:00","Belgium (BE)","0.00","0.00","0.00","0.00"
"14/11/2025 07:00:00 - 14/11/2025 08:00:00","Belgium (BE)","0.22","0.15","0.15","0.00"
"14/11/2025 08:00:00 - 14/11/2025 09:00:00","Belgium (BE)","91.77","85.41","74.68","46.46"
"14/11/2025 09:00:00 - 14/11/2025 10:00:00","Belgium (BE)","363.39","356.39","314.07","301.95"
"14/11/2025 10:00:00 - 14/11/2025 11:00:00","Belgium (BE)","586.84","630.94","560.77","533.23"
"14/11/2025 11:00:00 - 14/11/2025 12:00:00","Belgium (BE)","772.80","763.93","790.25","480.94"
"14/11/2025 12:00:00 - 14/11/2025 13:00:00","Belgium (BE)","736.79","679.61","399.27","546.06"
"14/11/2025 13:00:00 - 14/11/2025 14:00:00","Belgium (BE)","710.56","470.32","412.40","429.40"
"14/11/2025 14:00:00 - 14/11/2025 15:00:00","Belgium (BE)","560.23","313.40","251.63","288.74"
"14/11/2025 15:00:00 - 14/11/2025 16:00:00","Belgium (BE)","271.84","153.95","133.03","137.28"
"14/11/2025 16:00:00 - 14/11/2025 17:00:00","Belgium (BE)","46.27","31.37","25.72","14.68"
"14/11/2025 17:00:00 - 14/11/2025 18:00:00","Belgium (BE)","0.00","0.00","0.00","0.00"
"14/11/2025 18:00:00 - 14/11/2025 19:00:00","Belgium (BE)","0.00","0.00","0.00","0.00"
"14/11/2025 19:00:00 - 14/11/2025 20:00:00","Belgium (BE)","0.00","0.00","0.00","0.00"
"14/11/2025 20:00:00 - 14/11/2025 21:00:00","Belgium (BE)","0.00","0.00","0.00","0.00"
"14/11/2025 21:00:00 - 14/11/2025 22:00:00","Belgium (BE)","0.00","0.00","0.00","0.00"
"14/11/2025 22:00:00 - 14/11/2025 23:00:00","Belgium (BE)","0.00","0.00","0.00","0.00"
"14/11/2025 23:00:00 - 15/11/2025 00:00:00","Belgium (BE)","0.00","0.00","0.00","0.00"
"15/11/2025 00:00:00 - 15/11/2025 01:00:00","Belgium (BE)","0.00","0.00","0.00","0.00"
"15/11/2025 01:00:00 - 15/11/2025 02:00:00","Belgium (BE)","0.00","0.00","0.00","0.00"
"15/11/2025 02:00:00 - 15/11/2025 03:00:00","Belgium (BE)","0.00","0.00","0.00","0.00"
"15/11/2025 03:00:00 - 15/11/2025 04:00:00","Belgium (BE)","0.00","0.00","0.00","0.00"
"15/11/2025 04:00:00 - 15/11/2025 05:00:00","Belgium (BE)","0.00","0.00","0.00","0.00"
"15/11/2025 05:00:00 - 15/11/2025 06:00:00","Belgium (BE)","0.00","0.00","0.00","0.00"
"15/11/2025 06:00:00 - 15/11/2025 07:00:00","Belgium (BE)","0.00","0.00","0.00","0.00"
"15/11/2025 07:00:00 - 15/11/2025 08:00:00","Belgium (BE)","0.05","0.05","0.05","0.00"
"15/11/2025 08:00:00 - 15/11/2025 09:00:00","Belgium (BE)","110.08","66.67","81.39","67.29"
"15/11/2025 09:00:00 - 15/11/2025 10:00:00","Belgium (BE)","526.09","314.58","414.04","492.57"
"15/11/2025 10:00:00 - 15/11/2025 11:00:00","Belgium (BE)","971.82","644.63","868.07","852.76"
"15/11/2025 11:00:00 - 15/11/2025 12:00:00","Belgium (BE)","1198.55","815.26","1044.74","1109.64"
"15/11/2025 12:00:00 - 15/11/2025 13:00:00","Belgium (BE)","1236.13","734.98","965.06","1086.63"
"15/11/2025 13:00:00 - 15/11/2025 14:00:00","Belgium (BE)","1230.98","633.66","797.71","933.98"
"15/11/2025 14:00:00 - 15/11/2025 15:00:00","Belgium (BE)","1050.78","560.34","625.04","722.75"
"15/11/2025 15:00:00 - 15/11/2025 16:00:00","Belgium (BE)","564.58","303.37","294.77","395.14"
"15/11/2025 16:00:00 - 15/11/2025 17:00:00","Belgium (BE)","89.70","51.70","53.78","20.04"
"15/11/2025 17:00:00 - 15/11/2025 18:00:00","Belgium (BE)","0.00","0.00","0.00","0.00"
"15/11/2025 18:00:00 - 15/11/2025 19:00:00","Belgium (BE)","0.00","0.00","0.00","0.00"
"15/11/2025 19:00:00 - 15/11/2025 20:00:00","Belgium (BE)","0.00","0.00","0.00","0.00"
"15/11/2025 20:00:00 - 15/11/2025 21:00:00","Belgium (BE)","0.00","0.00","0.00","0.00"
"15/11/2025 21:00:00 - 15/11/2025 22:00:00","Belgium (BE)","0.00","0.00","0.00","0.00"
"15/11/2025 22:00:00 - 15/11/2025 23:00:00","Belgium (BE)","0.00","0.00","0.00","0.00"
"15/11/2025 23:00:00 - 16/11/2025 00:00:00","Belgium (BE)","0.00","0.00","0.00","0.00"
"16/11/2025 00:00:00 - 16/11/2025 01:00:00","Belgium (BE)","0.00","0.00","0.00","0.00"
"16/11/2025 01:00:00 - 16/11/2025 02:00:00","Belgium (BE)","0.00","0.00","0.00","0.00"
"16/11/2025 02:00:00 - 16/11/2025 03:00:00","Belgium (BE)","0.00","0.00","0.00","0.00"
"16/11/2025 03:00:00 - 16/11/2025 04:00:00","Belgium (BE)","0.00","0.00","0.00","0.00"
"16/11/2025 04:00:00 - 16/11/2025 05:00:00","Belgium (BE)","0.00","0.00","0.00","0.00"
"16/11/2025 05:00:00 - 16/11/2025 06:00:00","Belgium (BE)","0.00","0.00","0.00","0.00"
"16/11/2025 06:00:00 - 16/11/2025 07:00:00","Belgium (BE)","0.00","0.00","0.00","0.00"
"16/11/2025 07:00:00 - 16/11/2025 08:00:00","Belgium (BE)","0.02","0.03","0.03","0.00"
"16/11/2025 08:00:00 - 16/11/2025 09:00:00","Belgium (BE)","40.55","43.97","42.01","25.47"
"16/11/2025 09:00:00 - 16/11/2025 10:00:00","Belgium (BE)","174.91","194.93","174.98","182.63"
"16/11/2025 10:00:00 - 16/11/2025 11:00:00","Belgium (BE)","333.53","372.51","339.10","397.92"
"16/11/2025 11:00:00 - 16/11/2025 12:00:00","Belgium (BE)","471.95","494.22","546.21","477.97"
"16/11/2025 12:00:00 - 16/11/2025 13:00:00","Belgium (BE)","580.18","578.17","589.04","455.16"
"16/11/2025 13:00:00 - 16/11/2025 14:00:00","Belgium (BE)","585.49","621.81","495.72","405.09"
"16/11/2025 14:00:00 - 16/11/2025 15:00:00","Belgium (BE)","384.54","505.53","342.28","237.32"
"16/11/2025 15:00:00 - 16/11/2025 16:00:00","Belgium (BE)","171.79","262.03","159.28","88.49"
"16/11/2025 16:00:00 - 16/11/2025 17:00:00","Belgium (BE)","30.89","48.32","31.14","6.73"
"16/11/2025 17:00:00 - 16/11/2025 18:00:00","Belgium (BE)","0.00","0.00","0.00","0.00"
"16/11/2025 18:00:00 - 16/11/2025 19:00:00","Belgium (BE)","0.00","0.00","0.00","0.00"
"16/11/2025 19:00:00 - 16/11/2025 20:00:00","Belgium (BE)","0.00","0.00","0.00","0.00"
"16/11/2025 20:00:00 - 16/11/2025 21:00:00","Belgium (BE)","0.00","0.00","0.00","0.00"
"16/11/2025 21:00:00 - 16/11/2025 22:00:00","Belgium (BE)","0.00","0.00","0.00","0.00"
"16/11/2025 22:00:00 - 16/11/2025 23:00:00","Belgium (BE)","0.00","0.00","0.00","0.00"
"16/11/2025 23:00:00 - 17/11/2025 00:00:00","Belgium (BE)","0.00","0.00","0.00","0.00"
"17/11/2025 00:00:00 - 17/11/2025 01:00:00","Belgium (BE)","0.00","0.00","0.00","0.00"
"17/11/2025 01:00:00 - 17/11/2025 02:00:00","Belgium (BE)","0.00","0.00","0.00","0.00"
"17/11/2025 02:00:00 - 17/11/2025 03:00:00","Belgium (BE)","0.00","0.00","0.00","0.00"
"17/11/2025 03:00:00 - 17/11/2025 04:00:00","Belgium (BE)","0.00","0.00","0.00","0.00"
"17/11/2025 04:00:00 - 17/11/2025 05:00:00","Belgium (BE)","0.00","0.00","0.00","0.00"
"17/11/2025 05:00:00 - 17/11/2025 06:00:00","Belgium (BE)","0.00","0.00","0.00","0.00"
"17/11/2025 06:00:00 - 17/11/2025 07:00:00","Belgium (BE)","0.00","0.00","0.00","0.00"
"17/11/2025 07:00:00 - 17/11/2025 08:00:00","Belgium (BE)","0.01","0.01","0.01","0.00"
"17/11/2025 08:00:00 - 17/11/2025 09:00:00","Belgium (BE)","217.23","137.33","137.72","159.35"
"17/11/2025 09:00:00 - 17/11/2025 10:00:00","Belgium (BE)","1138.19","683.68","708.47","940.39"
"17/11/2025 10:00:00 - 17/11/2025 11:00:00","Belgium (BE)","2234.95","1245.23","1471.14","1551.85"
"17/11/2025 11:00:00 - 17/11/2025 12:00:00","Belgium (BE)","3229.46","2230.67","2395.72","2644.19"
"17/11/2025 12:00:00 - 17/11/2025 13:00:00","Belgium (BE)","3762.93","3062.62","3138.86","3630.08"
"17/11/2025 13:00:00 - 17/11/2025 14:00:00","Belgium (BE)","3740.34","3162.89","3531.15","3538.92"
"17/11/2025 14:00:00 - 17/11/2025 15:00:00","Belgium (BE)","2821.14","2622.24","2797.61","2300.66"
"17/11/2025 15:00:00 - 17/11/2025 16:00:00","Belgium (BE)","1496.89","1475.22","1402.96","1195.93"
"17/11/2025 16:00:00 - 17/11/2025 17:00:00","Belgium (BE)","267.13","258.94","228.85","201.05"
"17/11/2025 17:00:00 - 17/11/2025 18:00:00","Belgium (BE)","0.00","0.00","0.00","0.02"
"17/11/2025 18:00:00 - 17/11/2025 19:00:00","Belgium (BE)","0.00","0.00","0.00","0.00"
"17/11/2025 19:00:00 - 17/11/2025 20:00:00","Belgium (BE)","0.00","0.00","0.00","0.00"
"17/11/2025 20:00:00 - 17/11/2025 21:00:00","Belgium (BE)","0.00","0.00","0.00","0.00"
"17/11/2025 21:00:00 - 17/11/2025 22:00:00","Belgium (BE)","0.00","0.00","0.00","0.00"
"17/11/2025 22:00:00 - 17/11/2025 23:00:00","Belgium (BE)","0.00","0.00","0.00","0.00"
"17/11/2025 23:00:00 - 18/11/2025 00:00:00","Belgium (BE)","0.00","0.00","0.00","0.00"
"18/11/2025 00:00:00 - 18/11/2025 01:00:00","Belgium (BE)","0.00","0.00","0.00","0.00"
"18/11/2025 01:00:00 - 18/11/2025 02:00:00","Belgium (BE)","0.00","0.00","0.00","0.00"
"18/11/2025 02:00:00 - 18/11/2025 03:00:00","Belgium (BE)","0.00","0.00","0.00","0.00"
"18/11/2025 03:00:00 - 18/11/2025 04:00:00","Belgium (BE)","0.00","0.00","0.00","0.00"
"18/11/2025 04:00:00 - 18/11/2025 05:00:00","Belgium (BE)","0.00","0.00","0.00","0.00"
"18/11/2025 05:00:00 - 18/11/2025 06:00:00","Belgium (BE)","0.00","0.00","0.00","0.00"
"18/11/2025 06:00:00 - 18/11/2025 07:00:00","Belgium (BE)","0.00","0.00","0.00","0.00"
"18/11/2025 07:00:00 - 18/11/2025 08:00:00","Belgium (BE)","0.00","0.00","0.00","0.00"
"18/11/2025 08:00:00 - 18/11/2025 09:00:00","Belgium (BE)","196.46","184.77","180.94","123.37"
"18/11/2025 09:00:00 - 18/11/2025 10:00:00","Belgium (BE)","1000.53","903.27","885.65","739.04"
"18/11/2025 10:00:00 - 18/11/2025 11:00:00","Belgium (BE)","1743.15","1574.46","1468.75","1425.48"
"18/11/2025 11:00:00 - 18/11/2025 12:00:00","Belgium (BE)","2274.12","1987.73","1880.96","1915.99"
"18/11/2025 12:00:00 - 18/11/2025 13:00:00","Belgium (BE)","2265.88","1928.73","1929.92","1965.59"
"18/11/2025 13:00:00 - 18/11/2025 14:00:00","Belgium (BE)","1906.01","1647.84","1723.23","1332.47"
"18/11/2025 14:00:00 - 18/11/2025 15:00:00","Belgium (BE)","1417.92","1217.29","1070.06","608.93"
"18/11/2025 15:00:00 - 18/11/2025 16:00:00","Belgium (BE)","738.34","626.02","465.43","187.59"
"18/11/2025 16:00:00 - 18/11/2025 17:00:00","Belgium (BE)","111.56","96.06","59.98","23.56"
"18/11/2025 17:00:00 - 18/11/2025 18:00:00","Belgium (BE)","0.00","0.00","0.00","0.00"
"18/11/2025 18:00:00 - 18/11/2025 19:00:00","Belgium (BE)","0.00","0.00","0.00","0.00"
"18/11/2025 19:00:00 - 18/11/2025 20:00:00","Belgium (BE)","0.00","0.00","0.00","0.00"
"18/11/2025 20:00:00 - 18/11/2025 21:00:00","Belgium (BE)","0.00","0.00","0.00","0.00"
"18/11/2025 21:00:00 - 18/11/2025 22:00:00","Belgium (BE)","0.00","0.00","0.00","0.00"
"18/11/2025 22:00:00 - 18/11/2025 23:00:00","Belgium (BE)","0.00","0.00","0.00","0.00"
"18/11/2025 23:00:00 - 19/11/2025 00:00:00","Belgium (BE)","0.00","0.00","0.00","0.00"
"19/11/2025 00:00:00 - 19/11/2025 01:00:00","Belgium (BE)","0.00","0.00","0.00","0.00"
"19/11/2025 01:00:00 - 19/11/2025 02:00:00","Belgium (BE)","0.00","0.00","0.00","0.00"
"19/11/2025 02:00:00 - 19/11/2025 03:00:00","Belgium (BE)","0.00","0.00","0.00","0.00"
"19/11/2025 03:00:00 - 19/11/2025 04:00:00","Belgium (BE)","0.00","0.00","0.00","0.00"
"19/11/2025 04:00:00 - 19/11/2025 05:00:00","Belgium (BE)","0.00","0.00","0.00","0.00"
"19/11/2025 05:00:00 - 19/11/2025 06:00:00","Belgium (BE)","0.00","0.00","0.00","0.00"
"19/11/2025 06:00:00 - 19/11/2025 07:00:00","Belgium (BE)","0.00","0.00","0.00","0.00"
"19/11/2025 07:00:00 - 19/11/2025 08:00:00","Belgium (BE)","0.00","0.00","0.00","0.00"
"19/11/2025 08:00:00 - 19/11/2025 09:00:00","Belgium (BE)","46.86","54.54","55.03","26.98"
"19/11/2025 09:00:00 - 19/11/2025 10:00:00","Belgium (BE)","250.78","291.26","296.81","292.65"
"19/11/2025 10:00:00 - 19/11/2025 11:00:00","Belgium (BE)","488.53","540.45","537.27","756.71"
"19/11/2025 11:00:00 - 19/11/2025 12:00:00","Belgium (BE)","684.12","676.31","879.68","629.46"
"19/11/2025 12:00:00 - 19/11/2025 13:00:00","Belgium (BE)","769.03","742.21","721.67","629.25"
"19/11/2025 13:00:00 - 19/11/2025 14:00:00","Belgium (BE)","756.82","738.76","679.05","652.62"
"19/11/2025 14:00:00 - 19/11/2025 15:00:00","Belgium (BE)","510.58","535.59","490.43","411.69"
"19/11/2025 15:00:00 - 19/11/2025 16:00:00","Belgium (BE)","226.08","240.61","207.33","150.97"
"19/11/2025 16:00:00 - 19/11/2025 17:00:00","Belgium (BE)","33.47","36.06","30.10","8.71"
"19/11/2025 17:00:00 - 19/11/2025 18:00:00","Belgium (BE)","0.00","0.00","0.00","0.00"
"19/11/2025 18:00:00 - 19/11/2025 19:00:00","Belgium (BE)","0.00","0.00","0.00","0.00"
"19/11/2025 19:00:00 - 19/11/2025 20:00:00","Belgium (BE)","0.00","0.00","0.00","0.00"
"19/11/2025 20:00:00 - 19/11/2025 21:00:00","Belgium (BE)","0.00","0.00","0.00","0.00"
"19/11/2025 21:00:00 - 19/11/2025 22:00:00","Belgium (BE)","0.00","0.00","0.00","0.00"
"19/11/2025 22:00:00 - 19/11/2025 23:00:00","Belgium (BE)","0.00","0.00","0.00","0.00"
"19/11/2025 23:00:00 - 20/11/2025 00:00:00","Belgium (BE)","0.00","0.00","0.00","0.00"
"20/11/2025 00:00:00 - 20/11/2025 01:00:00","Belgium (BE)","0.00","0.00","0.00","0.00"
"20/11/2025 01:00:00 - 20/11/2025 02:00:00","Belgium (BE)","0.00","0.00","0.00","0.00"
"20/11/2025 02:00:00 - 20/11/2025 03:00:00","Belgium (BE)","0.00","0.00","0.00","0.00"
"20/11/2025 03:00:00 - 20/11/2025 04:00:00","Belgium (BE)","0.00","0.00","0.00","0.00"
"20/11/2025 04:00:00 - 20/11/2025 05:00:00","Belgium (BE)","0.00","0.00","0.00","0.00"
"20/11/2025 05:00:00 - 20/11/2025 06:00:00","Belgium (BE)","0.00","0.00","0.00","0.00"
"20/11/2025 06:00:00 - 20/11/2025 07:00:00","Belgium (BE)","0.00","0.00","0.00","0.00"
"20/11/2025 07:00:00 - 20/11/2025 08:00:00","Belgium (BE)","0.00","0.00","0.00","0.00"
"20/11/2025 08:00:00 - 20/11/2025 09:00:00","Belgium (BE)","82.58","82.93","83.22","76.67"
"20/11/2025 09:00:00 - 20/11/2025 10:00:00","Belgium (BE)","468.80","475.81","439.63","367.86"
"20/11/2025 10:00:00 - 20/11/2025 11:00:00","Belgium (BE)","874.35","872.21","779.99","492.07"
"20/11/2025 11:00:00 - 20/11/2025 12:00:00","Belgium (BE)","1183.29","1093.82","699.81","595.35"
"20/11/2025 12:00:00 - 20/11/2025 13:00:00","Belgium (BE)","1197.75","1156.42","706.26","555.04"
"20/11/2025 13:00:00 - 20/11/2025 14:00:00","Belgium (BE)","1093.40","1084.51","638.29","502.25"
"20/11/2025 14:00:00 - 20/11/2025 15:00:00","Belgium (BE)","815.96","824.75","497.18","371.05"
"20/11/2025 15:00:00 - 20/11/2025 16:00:00","Belgium (BE)","384.73","391.04","239.89","231.80"
"20/11/2025 16:00:00 - 20/11/2025 17:00:00","Belgium (BE)","50.65","49.11","36.92","43.30"
"20/11/2025 17:00:00 - 20/11/2025 18:00:00","Belgium (BE)","0.00","0.00","0.00","0.01"
"20/11/2025 18:00:00 - 20/11/2025 19:00:00","Belgium (BE)","0.00","0.00","0.00","0.00"
"20/11/2025 19:00:00 - 20/11/2025 20:00:00","Belgium (BE)","0.00","0.00","0.00","0.00"
"20/11/2025 20:00:00 - 20/11/2025 21:00:00","Belgium (BE)","0.00","0.00","0.00","0.00"
"20/11/2025 21:00:00 - 20/11/2025 22:00:00","Belgium (BE)","0.00","0.00","0.00","0.00"
"20/11/2025 22:00:00 - 20/11/2025 23:00:00","Belgium (BE)","0.00","0.00","0.00","0.00"
"20/11/2025 23:00:00 - 21/11/2025 00:00:00","Belgium (BE)","0.00","0.00","0.00","0.00"
"21/11/2025 00:00:00 - 21/11/2025 01:00:00","Belgium (BE)","0.00","0.00","0.00","0.00"
"21/11/2025 01:00:00 - 21/11/2025 02:00:00","Belgium (BE)","0.00","0.00","0.00","0.00"
"21/11/2025 02:00:00 - 21/11/2025 03:00:00","Belgium (BE)","0.00","0.00","0.00","0.00"
"21/11/2025 03:00:00 - 21/11/2025 04:00:00","Belgium (BE)","0.00","0.00","0.00","0.00"
"21/11/2025 04:00:00 - 21/11/2025 05:00:00","Belgium (BE)","0.00","0.00","0.00","0.00"
"21/11/2025 05:00:00 - 21/11/2025 06:00:00","Belgium (BE)","0.00","0.00","0.00","0.00"
"21/11/2025 06:00:00 - 21/11/2025 07:00:00","Belgium (BE)","0.00","0.00","0.00","0.00"
"21/11/2025 07:00:00 - 21/11/2025 08:00:00","Belgium (BE)","0.00","0.00","0.00","0.00"
"21/11/2025 08:00:00 - 21/11/2025 09:00:00","Belgium (BE)","132.78","78.76","78.28","47.46"
"21/11/2025 09:00:00 - 21/11/2025 10:00:00","Belgium (BE)","794.42","471.36","448.53","542.23"
"21/11/2025 10:00:00 - 21/11/2025 11:00:00","Belgium (BE)","1547.16","948.88","960.15","1388.81"
"21/11/2025 11:00:00 - 21/11/2025 12:00:00","Belgium (BE)","2271.91","1312.48","1788.54","2225.78"
"21/11/2025 12:00:00 - 21/11/2025 13:00:00","Belgium (BE)","2810.08","1455.50","2169.45","2927.91"
"21/11/2025 13:00:00 - 21/11/2025 14:00:00","Belgium (BE)","2971.93","1417.41","2438.17","3168.69"
"21/11/2025 14:00:00 - 21/11/2025 15:00:00","Belgium (BE)","2456.31","1161.97","2270.02","2604.00"
"21/11/2025 15:00:00 - 21/11/2025 16:00:00","Belgium (BE)","1357.09","613.75","1368.71","1346.97"
"21/11/2025 16:00:00 - 21/11/2025 17:00:00","Belgium (BE)","208.65","95.65","185.03","184.98"
"21/11/2025 17:00:00 - 21/11/2025 18:00:00","Belgium (BE)","0.00","0.00","0.00","0.05"
"21/11/2025 18:00:00 - 21/11/2025 19:00:00","Belgium (BE)","0.00","0.00","0.00","0.00"
"21/11/2025 19:00:00 - 21/11/2025 20:00:00","Belgium (BE)","0.00","0.00","0.00","0.00"
"21/11/2025 20:00:00 - 21/11/2025 21:00:00","Belgium (BE)","0.00","0.00","0.00","0.00"
"21/11/2025 21:00:00 - 21/11/2025 22:00:00","Belgium (BE)","0.00","0.00","0.00","0.00"
"21/11/2025 22:00:00 - 21/11/2025 23:00:00","Belgium (BE)","0.00","0.00","0.00","0.00"
"21/11/2025 23:00:00 - 22/11/2025 00:00:00","Belgium (BE)","0.00","0.00","0.00","0.00"
"22/11/2025 00:00:00 - 22/11/2025 01:00:00","Belgium (BE)","0.00","0.00","0.00","0.00"
"22/11/2025 01:00:00 - 22/11/2025 02:00:00","Belgium (BE)","0.00","0.00","0.00","0.00"
"22/11/2025 02:00:00 - 22/11/2025 03:00:00","Belgium (BE)","0.00","0.00","0.00","0.00"
"22/11/2025 03:00:00 - 22/11/2025 04:00:00","Belgium (BE)","0.00","0.00","0.00","0.00"
"22/11/2025 04:00:00 - 22/11/2025 05:00:00","Belgium (BE)","0.00","0.00","0.00","0.00"
"22/11/2025 05:00:00 - 22/11/2025 06:00:00","Belgium (BE)","0.00","0.00","0.00","0.00"
"22/11/2025 06:00:00 - 22/11/2025 07:00:00","Belgium (BE)","0.00","0.00","0.00","0.00"
"22/11/2025 07:00:00 - 22/11/2025 08:00:00","Belgium (BE)","0.00","0.00","0.00","0.00"
"22/11/2025 08:00:00 - 22/11/2025 09:00:00","Belgium (BE)","150.28","229.44","226.40","207.64"
"22/11/2025 09:00:00 - 22/11/2025 10:00:00","Belgium (BE)","953.20","1383.99","1419.73","1003.07"
"22/11/2025 10:00:00 - 22/11/2025 11:00:00","Belgium (BE)","1799.96","2511.56","2237.72","1919.44"
"22/11/2025 11:00:00 - 22/11/2025 12:00:00","Belgium (BE)","2498.09","3416.26","3084.19","2819.86"
"22/11/2025 12:00:00 - 22/11/2025 13:00:00","Belgium (BE)","2993.14","3730.29","3323.40","3684.69"
"22/11/2025 13:00:00 - 22/11/2025 14:00:00","Belgium (BE)","3150.21","3437.87","3114.35","3642.57"
"22/11/2025 14:00:00 - 22/11/2025 15:00:00","Belgium (BE)","2468.22","2618.15","2738.69","2712.61"
"22/11/2025 15:00:00 - 22/11/2025 16:00:00","Belgium (BE)","1286.46","1391.30","1376.71","1421.76"
"22/11/2025 16:00:00 - 22/11/2025 17:00:00","Belgium (BE)","168.14","183.37","169.60","107.90"
"22/11/2025 17:00:00 - 22/11/2025 18:00:00","Belgium (BE)","0.00","0.00","0.00","0.00"
"22/11/2025 18:00:00 - 22/11/2025 19:00:00","Belgium (BE)","0.00","0.00","0.00","0.00"
"22/11/2025 19:00:00 - 22/11/2025 20:00:00","Belgium (BE)","0.00","0.00","0.00","0.00"
"22/11/2025 20:00:00 - 22/11/2025 21:00:00","Belgium (BE)","0.00","0.00","0.00","0.00"
"22/11/2025 21:00:00 - 22/11/2025 22:00:00","Belgium (BE)","0.00","0.00","0.00","0.00"
"22/11/2025 22:00:00 - 22/11/2025 23:00:00","Belgium (BE)","0.00","0.00","0.00","0.00"
"22/11/2025 23:00:00 - 23/11/2025 00:00:00","Belgium (BE)","0.00","0.00","0.00","0.00"
"23/11/2025 00:00:00 - 23/11/2025 01:00:00","Belgium (BE)","0.00","0.00","0.00","0.00"
"23/11/2025 01:00:00 - 23/11/2025 02:00:00","Belgium (BE)","0.00","0.00","0.00","0.00"
"23/11/2025 02:00:00 - 23/11/2025 03:00:00","Belgium (BE)","0.00","0.00","0.00","0.00"
"23/11/2025 03:00:00 - 23/11/2025 04:00:00","Belgium (BE)","0.00","0.00","0.00","0.00"
"23/11/2025 04:00:00 - 23/11/2025 05:00:00","Belgium (BE)","0.00","0.00","0.00","0.00"
"23/11/2025 05:00:00 - 23/11/2025 06:00:00","Belgium (BE)","0.00","0.00","0.00","0.00"
"23/11/2025 06:00:00 - 23/11/2025 07:00:00","Belgium (BE)","0.00","0.00","0.00","0.00"
"23/11/2025 07:00:00 - 23/11/2025 08:00:00","Belgium (BE)","0.00","0.00","0.00","0.00"
"23/11/2025 08:00:00 - 23/11/2025 09:00:00","Belgium (BE)","35.22","29.37","27.01","31.28"
"23/11/2025 09:00:00 - 23/11/2025 10:00:00","Belgium (BE)","207.73","178.77","166.06","353.57"
"23/11/2025 10:00:00 - 23/11/2025 11:00:00","Belgium (BE)","409.00","367.44","396.72","778.89"
"23/11/2025 11:00:00 - 23/11/2025 12:00:00","Belgium (BE)","528.83","520.03","722.50","923.56"
"23/11/2025 12:00:00 - 23/11/2025 13:00:00","Belgium (BE)","438.58","486.81","662.31","709.90"
"23/11/2025 13:00:00 - 23/11/2025 14:00:00","Belgium (BE)","272.97","338.17","450.08","392.37"
"23/11/2025 14:00:00 - 23/11/2025 15:00:00","Belgium (BE)","171.68","203.99","225.96","229.82"
"23/11/2025 15:00:00 - 23/11/2025 16:00:00","Belgium (BE)","81.87","92.61","95.03","109.37"
"23/11/2025 16:00:00 - 23/11/2025 17:00:00","Belgium (BE)","12.87","14.24","14.35","6.61"
"23/11/2025 17:00:00 - 23/11/2025 18:00:00","Belgium (BE)","0.00","0.00","0.00","0.00"
"23/11/2025 18:00:00 - 23/11/2025 19:00:00","Belgium (BE)","0.00","0.00","0.00","0.00"
"23/11/2025 19:00:00 - 23/11/2025 20:00:00","Belgium (BE)","0.00","0.00","0.00","0.00"
"23/11/2025 20:00:00 - 23/11/2025 21:00:00","Belgium (BE)","0.00","0.00","0.00","0.00"
"23/11/2025 21:00:00 - 23/11/2025 22:00:00","Belgium (BE)","0.00","0.00","0.00","0.00"
"23/11/2025 22:00:00 - 23/11/2025 23:00:00","Belgium (BE)","0.00","0.00","0.00","0.00"
"23/11/2025 23:00:00 - 24/11/2025 00:00:00","Belgium (BE)","0.00","0.00","0.00","0.00"
"24/11/2025 00:00:00 - 24/11/2025 01:00:00","Belgium (BE)","0.00","0.00","0.00","0.00"
"24/11/2025 01:00:00 - 24/11/2025 02:00:00","Belgium (BE)","0.00","0.00","0.00","0.00"
"24/11/2025 02:00:00 - 24/11/2025 03:00:00","Belgium (BE)","0.00","0.00","0.00","0.00"
"24/11/2025 03:00:00 - 24/11/2025 04:00:00","Belgium (BE)","0.00","0.00","0.00","0.00"
"24/11/2025 04:00:00 - 24/11/2025 05:00:00","Belgium (BE)","0.00","0.00","0.00","0.00"
"24/11/2025 05:00:00 - 24/11/2025 06:00:00","Belgium (BE)","0.00","0.00","0.00","0.00"
"24/11/2025 06:00:00 - 24/11/2025 07:00:00","Belgium (BE)","0.00","0.00","0.00","0.00"
"24/11/2025 07:00:00 - 24/11/2025 08:00:00","Belgium (BE)","0.00","0.00","0.00","0.00"
"24/11/2025 08:00:00 - 24/11/2025 09:00:00","Belgium (BE)","47.25","43.14","39.32","36.72"
"24/11/2025 09:00:00 - 24/11/2025 10:00:00","Belgium (BE)","369.34","322.62","294.57","280.55"
"24/11/2025 10:00:00 - 24/11/2025 11:00:00","Belgium (BE)","753.44","655.83","538.41","692.75"
"24/11/2025 11:00:00 - 24/11/2025 12:00:00","Belgium (BE)","996.64","869.26","775.67","1527.96"
"24/11/2025 12:00:00 - 24/11/2025 13:00:00","Belgium (BE)","1038.13","853.26","1093.17","1742.34"
"24/11/2025 13:00:00 - 24/11/2025 14:00:00","Belgium (BE)","976.95","716.71","1159.38","1409.66"
"24/11/2025 14:00:00 - 24/11/2025 15:00:00","Belgium (BE)","785.93","479.80","796.43","876.15"
"24/11/2025 15:00:00 - 24/11/2025 16:00:00","Belgium (BE)","382.25","204.65","346.42","267.04"
"24/11/2025 16:00:00 - 24/11/2025 17:00:00","Belgium (BE)","43.50","24.99","30.55","22.19"
"24/11/2025 17:00:00 - 24/11/2025 18:00:00","Belgium (BE)","0.00","0.00","0.00","0.00"
"24/11/2025 18:00:00 - 24/11/2025 19:00:00","Belgium (BE)","0.00","0.00","0.00","0.00"
"24/11/2025 19:00:00 - 24/11/2025 20:00:00","Belgium (BE)","0.00","0.00","0.00","0.00"
"24/11/2025 20:00:00 - 24/11/2025 21:00:00","Belgium (BE)","0.00","0.00","0.00","0.00"
"24/11/2025 21:00:00 - 24/11/2025 22:00:00","Belgium (BE)","0.00","0.00","0.00","0.00"
"24/11/2025 22:00:00 - 24/11/2025 23:00:00","Belgium (BE)","0.00","0.00","0.00","0.00"
"24/11/2025 23:00:00 - 25/11/2025 00:00:00","Belgium (BE)","0.00","0.00","0.00","0.00"
"25/11/2025 00:00:00 - 25/11/2025 01:00:00","Belgium (BE)","0.00","0.00","0.00","0.00"
"25/11/2025 01:00:00 - 25/11/2025 02:00:00","Belgium (BE)","0.00","0.00","0.00","0.00"
"25/11/2025 02:00:00 - 25/11/2025 03:00:00","Belgium (BE)","0.00","0.00","0.00","0.00"
"25/11/2025 03:00:00 - 25/11/2025 04:00:00","Belgium (BE)","0.00","0.00","0.00","0.00"
"25/11/2025 04:00:00 - 25/11/2025 05:00:00","Belgium (BE)","0.00","0.00","0.00","0.00"
"25/11/2025 05:00:00 - 25/11/2025 06:00:00","Belgium (BE)","0.00","0.00","0.00","0.00"
"25/11/2025 06:00:00 - 25/11/2025 07:00:00","Belgium (BE)","0.00","0.00","0.00","0.00"
"25/11/2025 07:00:00 - 25/11/2025 08:00:00","Belgium (BE)","0.00","0.00","0.00","0.00"
"25/11/2025 08:00:00 - 25/11/2025 09:00:00","Belgium (BE)","37.63","38.01","39.11","24.99"
"25/11/2025 09:00:00 - 25/11/2025 10:00:00","Belgium (BE)","271.67","282.79","257.81","299.80"
"25/11/2025 10:00:00 - 25/11/2025 11:00:00","Belgium (BE)","554.87","589.68","580.77","590.92"
"25/11/2025 11:00:00 - 25/11/2025 12:00:00","Belgium (BE)","772.00","789.78","814.76","742.04"
"25/11/2025 12:00:00 - 25/11/2025 13:00:00","Belgium (BE)","962.23","901.22","887.42","900.64"
"25/11/2025 13:00:00 - 25/11/2025 14:00:00","Belgium (BE)","1160.05","996.53","967.56","977.77"
"25/11/2025 14:00:00 - 25/11/2025 15:00:00","Belgium (BE)","1111.67","840.31","897.88","1005.66"
"25/11/2025 15:00:00 - 25/11/2025 16:00:00","Belgium (BE)","586.95","401.76","447.45","617.99"
"25/11/2025 16:00:00 - 25/11/2025 17:00:00","Belgium (BE)","70.48","46.98","55.51","62.82"
"25/11/2025 17:00:00 - 25/11/2025 18:00:00","Belgium (BE)","0.00","0.00","0.00","0.00"
"25/11/2025 18:00:00 - 25/11/2025 19:00:00","Belgium (BE)","0.00","0.00","0.00","0.00"
"25/11/2025 19:00:00 - 25/11/2025 20:00:00","Belgium (BE)","0.00","0.00","0.00","0.00"
"25/11/2025 20:00:00 - 25/11/2025 21:00:00","Belgium (BE)","0.00","0.00","0.00","0.00"
"25/11/2025 21:00:00 - 25/11/2025 22:00:00","Belgium (BE)","0.00","0.00","0.00","0.00"
"25/11/2025 22:00:00 - 25/11/2025 23:00:00","Belgium (BE)","0.00","0.00","0.00","0.00"
"25/11/2025 23:00:00 - 26/11/2025 00:00:00","Belgium (BE)","0.00","0.00","0.00","0.00"
"26/11/2025 00:00:00 - 26/11/2025 01:00:00","Belgium (BE)","0.00","0.00","0.00","0.00"
"26/11/2025 01:00:00 - 26/11/2025 02:00:00","Belgium (BE)","0.00","0.00","0.00","0.00"
"26/11/2025 02:00:00 - 26/11/2025 03:00:00","Belgium (BE)","0.00","0.00","0.00","0.00"
"26/11/2025 03:00:00 - 26/11/2025 04:00:00","Belgium (BE)","0.00","0.00","0.00","0.00"
"26/11/2025 04:00:00 - 26/11/2025 05:00:00","Belgium (BE)","0.00","0.00","0.00","0.00"
"26/11/2025 05:00:00 - 26/11/2025 06:00:00","Belgium (BE)","0.00","0.00","0.00","0.00"
"26/11/2025 06:00:00 - 26/11/2025 07:00:00","Belgium (BE)","0.00","0.00","0.00","0.00"
"26/11/2025 07:00:00 - 26/11/2025 08:00:00","Belgium (BE)","0.00","0.00","0.00","0.00"
"26/11/2025 08:00:00 - 26/11/2025 09:00:00","Belgium (BE)","57.17","65.83","64.06","39.37"
"26/11/2025 09:00:00 - 26/11/2025 10:00:00","Belgium (BE)","463.81","568.59","554.88","450.41"
"26/11/2025 10:00:00 - 26/11/2025 11:00:00","Belgium (BE)","956.50","1145.87","1015.91","940.51"
"26/11/2025 11:00:00 - 26/11/2025 12:00:00","Belgium (BE)","1426.98","1565.33","1353.74","1737.46"
"26/11/2025 12:00:00 - 26/11/2025 13:00:00","Belgium (BE)","1620.49","1726.76","1698.58","2248.97"
"26/11/2025 13:00:00 - 26/11/2025 14:00:00","Belgium (BE)","1579.36","1747.96","1953.13","2307.47"
"26/11/2025 14:00:00 - 26/11/2025 15:00:00","Belgium (BE)","1238.37","1445.73","1700.91","1853.79"
"26/11/2025 15:00:00 - 26/11/2025 16:00:00","Belgium (BE)","604.07","701.18","741.17","902.34"
"26/11/2025 16:00:00 - 26/11/2025 17:00:00","Belgium (BE)","67.93","75.33","79.50","93.29"
"26/11/2025 17:00:00 - 26/11/2025 18:00:00","Belgium (BE)","0.00","0.00","0.00","0.00"
"26/11/2025 18:00:00 - 26/11/2025 19:00:00","Belgium (BE)","0.00","0.00","0.00","0.00"
"26/11/2025 19:00:00 - 26/11/2025 20:00:00","Belgium (BE)","0.00","0.00","0.00","0.00"
"26/11/2025 20:00:00 - 26/11/2025 21:00:00","Belgium (BE)","0.00","0.00","0.00","0.00"
"26/11/2025 21:00:00 - 26/11/2025 22:00:00","Belgium (BE)","0.00","0.00","0.00","0.00"
"26/11/2025 22:00:00 - 26/11/2025 23:00:00","Belgium (BE)","0.00","0.00","0.00","0.00"
"26/11/2025 23:00:00 - 27/11/2025 00:00:00","Belgium (BE)","0.00","0.00","0.00","0.00"
"27/11/2025 00:00:00 - 27/11/2025 01:00:00","Belgium (BE)","0.00","0.00","0.00","0.00"
"27/11/2025 01:00:00 - 27/11/2025 02:00:00","Belgium (BE)","0.00","0.00","0.00","0.00"
"27/11/2025 02:00:00 - 27/11/2025 03:00:00","Belgium (BE)","0.00","0.00","0.00","0.00"
"27/11/2025 03:00:00 - 27/11/2025 04:00:00","Belgium (BE)","0.00","0.00","0.00","0.00"
"27/11/2025 04:00:00 - 27/11/2025 05:00:00","Belgium (BE)","0.00","0.00","0.00","0.00"
"27/11/2025 05:00:00 - 27/11/2025 06:00:00","Belgium (BE)","0.00","0.00","0.00","0.00"
"27/11/2025 06:00:00 - 27/11/2025 07:00:00","Belgium (BE)","0.00","0.00","0.00","0.00"
"27/11/2025 07:00:00 - 27/11/2025 08:00:00","Belgium (BE)","0.00","0.00","0.00","0.00"
"27/11/2025 08:00:00 - 27/11/2025 09:00:00","Belgium (BE)","16.01","11.76","11.85","33.54"
"27/11/2025 09:00:00 - 27/11/2025 10:00:00","Belgium (BE)","113.06","86.79","88.54","196.60"
"27/11/2025 10:00:00 - 27/11/2025 11:00:00","Belgium (BE)","231.47","181.55","194.45","321.61"
"27/11/2025 11:00:00 - 27/11/2025 12:00:00","Belgium (BE)","308.77","277.68","363.11","390.47"
"27/11/2025 12:00:00 - 27/11/2025 13:00:00","Belgium (BE)","307.29","335.10","383.61","380.61"
"27/11/2025 13:00:00 - 27/11/2025 14:00:00","Belgium (BE)","283.17","362.63","346.55","318.11"
"27/11/2025 14:00:00 - 27/11/2025 15:00:00","Belgium (BE)","211.77","289.19","232.49","213.05"
"27/11/2025 15:00:00 - 27/11/2025 16:00:00","Belgium (BE)","96.17","129.55","97.72","89.89"
"27/11/2025 16:00:00 - 27/11/2025 17:00:00","Belgium (BE)","12.66","16.79","13.49","4.46"
"27/11/2025 17:00:00 - 27/11/2025 18:00:00","Belgium (BE)","0.00","0.00","0.00","0.00"
"27/11/2025 18:00:00 - 27/11/2025 19:00:00","Belgium (BE)","0.00","0.00","0.00","0.00"
"27/11/2025 19:00:00 - 27/11/2025 20:00:00","Belgium (BE)","0.00","0.00","0.00","0.00"
"27/11/2025 20:00:00 - 27/11/2025 21:00:00","Belgium (BE)","0.00","0.00","0.00","0.00"
"27/11/2025 21:00:00 - 27/11/2025 22:00:00","Belgium (BE)","0.00","0.00","0.00","0.00"
"27/11/2025 22:00:00 - 27/11/2025 23:00:00","Belgium (BE)","0.00","0.00","0.00","0.00"
"27/11/2025 23:00:00 - 28/11/2025 00:00:00","Belgium (BE)","0.00","0.00","0.00","0.00"
"28/11/2025 00:00:00 - 28/11/2025 01:00:00","Belgium (BE)","0.00","0.00","0.00","0.00"
"28/11/2025 01:00:00 - 28/11/2025 02:00:00","Belgium (BE)","0.00","0.00","0.00","0.00"
"28/11/2025 02:00:00 - 28/11/2025 03:00:00","Belgium (BE)","0.00","0.00","0.00","0.00"
"28/11/2025 03:00:00 - 28/11/2025 04:00:00","Belgium (BE)","0.00","0.00","0.00","0.00"
"28/11/2025 04:00:00 - 28/11/2025 05:00:00","Belgium (BE)","0.00","0.00","0.00","0.00"
"28/11/2025 05:00:00 - 28/11/2025 06:00:00","Belgium (BE)","0.00","0.00","0.00","0.00"
"28/11/2025 06:00:00 - 28/11/2025 07:00:00","Belgium (BE)","0.00","0.00","0.00","0.00"
"28/11/2025 07:00:00 - 28/11/2025 08:00:00","Belgium (BE)","0.00","0.00","0.00","0.00"
"28/11/2025 08:00:00 - 28/11/2025 09:00:00","Belgium (BE)","12.35","14.10","12.82","7.65"
"28/11/2025 09:00:00 - 28/11/2025 10:00:00","Belgium (BE)","98.50","115.56","105.50","155.29"
"28/11/2025 10:00:00 - 28/11/2025 11:00:00","Belgium (BE)","205.81","244.67","204.33","386.29"
"28/11/2025 11:00:00 - 28/11/2025 12:00:00","Belgium (BE)","286.10","338.70","393.96","556.80"
"28/11/2025 12:00:00 - 28/11/2025 13:00:00","Belgium (BE)","294.46","333.64","442.60","603.96"
"28/11/2025 13:00:00 - 28/11/2025 14:00:00","Belgium (BE)","260.48","267.86","408.33","531.11"
"28/11/2025 14:00:00 - 28/11/2025 15:00:00","Belgium (BE)","193.70","172.96","253.75","317.49"
"28/11/2025 15:00:00 - 28/11/2025 16:00:00","Belgium (BE)","87.90","75.85","88.16","141.74"
"28/11/2025 16:00:00 - 28/11/2025 17:00:00","Belgium (BE)","11.54","9.79","9.65","23.40"
"28/11/2025 17:00:00 - 28/11/2025 18:00:00","Belgium (BE)","0.00","0.00","0.00","0.00"
"28/11/2025 18:00:00 - 28/11/2025 19:00:00","Belgium (BE)","0.00","0.00","0.00","0.00"
"28/11/2025 19:00:00 - 28/11/2025 20:00:00","Belgium (BE)","0.00","0.00","0.00","0.00"
"28/11/2025 20:00:00 - 28/11/2025 21:00:00","Belgium (BE)","0.00","0.00","0.00","0.00"
"28/11/2025 21:00:00 - 28/11/2025 22:00:00","Belgium (BE)","0.00","0.00","0.00","0.00"
"28/11/2025 22:00:00 - 28/11/2025 23:00:00","Belgium (BE)","0.00","0.00","0.00","0.00"
"28/11/2025 23:00:00 - 29/11/2025 00:00:00","Belgium (BE)","0.00","0.00","0.00","0.00"
"29/11/2025 00:00:00 - 29/11/2025 01:00:00","Belgium (BE)","0.00","0.00","0.00","0.00"
"29/11/2025 01:00:00 - 29/11/2025 02:00:00","Belgium (BE)","0.00","0.00","0.00","0.00"
"29/11/2025 02:00:00 - 29/11/2025 03:00:00","Belgium (BE)","0.00","0.00","0.00","0.00"
"29/11/2025 03:00:00 - 29/11/2025 04:00:00","Belgium (BE)","0.00","0.00","0.00","0.00"
"29/11/2025 04:00:00 - 29/11/2025 05:00:00","Belgium (BE)","0.00","0.00","0.00","0.00"
"29/11/2025 05:00:00 - 29/11/2025 06:00:00","Belgium (BE)","0.00","0.00","0.00","0.00"
"29/11/2025 06:00:00 - 29/11/2025 07:00:00","Belgium (BE)","0.00","0.00","0.00","0.00"
"29/11/2025 07:00:00 - 29/11/2025 08:00:00","Belgium (BE)","0.00","0.00","0.00","0.00"
"29/11/2025 08:00:00 - 29/11/2025 09:00:00","Belgium (BE)","23.96","24.66","24.32","38.54"
"29/11/2025 09:00:00 - 29/11/2025 10:00:00","Belgium (BE)","214.68","222.23","218.00","370.39"
"29/11/2025 10:00:00 - 29/11/2025 11:00:00","Belgium (BE)","471.85","496.09","553.57","593.95"
"29/11/2025 11:00:00 - 29/11/2025 12:00:00","Belgium (BE)","694.58","708.11","823.83","720.03"
"29/11/2025 12:00:00 - 29/11/2025 13:00:00","Belgium (BE)","769.91","709.73","796.73","920.55"
"29/11/2025 13:00:00 - 29/11/2025 14:00:00","Belgium (BE)","733.29","631.73","723.70","916.73"
"29/11/2025 14:00:00 - 29/11/2025 15:00:00","Belgium (BE)","529.13","485.09","542.76","597.88"
"29/11/2025 15:00:00 - 29/11/2025 16:00:00","Belgium (BE)","229.62","213.89","225.18","200.53"
"29/11/2025 16:00:00 - 29/11/2025 17:00:00","Belgium (BE)","23.41","24.03","23.40","10.13"
"29/11/2025 17:00:00 - 29/11/2025 18:00:00","Belgium (BE)","0.00","0.00","0.00","0.00"
"29/11/2025 18:00:00 - 29/11/2025 19:00:00","Belgium (BE)","0.00","0.00","0.00","0.00"
"29/11/2025 19:00:00 - 29/11/2025 20:00:00","Belgium (BE)","0.00","0.00","0.00","0.00"
"29/11/2025 20:00:00 - 29/11/2025 21:00:00","Belgium (BE)","0.00","0.00","0.00","0.00"
"29/11/2025 21:00:00 - 29/11/2025 22:00:00","Belgium (BE)","0.00","0.00","0.00","0.00"
"29/11/2025 22:00:00 - 29/11/2025 23:00:00","Belgium (BE)","0.00","0.00","0.00","0.00"
"29/11/2025 23:00:00 - 30/11/2025 00:00:00","Belgium (BE)","0.00","0.00","0.00","0.00"
"30/11/2025 00:00:00 - 30/11/2025 01:00:00","Belgium (BE)","0.00","0.00","0.00","0.00"
"30/11/2025 01:00:00 - 30/11/2025 02:00:00","Belgium (BE)","0.00","0.00","0.00","0.00"
"30/11/2025 02:00:00 - 30/11/2025 03:00:00","Belgium (BE)","0.00","0.00","0.00","0.00"
"30/11/2025 03:00:00 - 30/11/2025 04:00:00","Belgium (BE)","0.00","0.00","0.00","0.00"
"30/11/2025 04:00:00 - 30/11/2025 05:00:00","Belgium (BE)","0.00","0.00","0.00","0.00"
"30/11/2025 05:00:00 - 30/11/2025 06:00:00","Belgium (BE)","0.00","0.00","0.00","0.00"
"30/11/2025 06:00:00 - 30/11/2025 07:00:00","Belgium (BE)","0.00","0.00","0.00","0.00"
"30/11/2025 07:00:00 - 30/11/2025 08:00:00","Belgium (BE)","0.00","0.00","0.00","0.00"
"30/11/2025 08:00:00 - 30/11/2025 09:00:00","Belgium (BE)","39.45","55.23","54.21","15.12"
"30/11/2025 09:00:00 - 30/11/2025 10:00:00","Belgium (BE)","457.39","652.55","685.94","335.88"
"30/11/2025 10:00:00 - 30/11/2025 11:00:00","Belgium (BE)","984.43","1364.31","1197.81","1340.83"
"30/11/2025 11:00:00 - 30/11/2025 12:00:00","Belgium (BE)","1497.67","1985.10","1838.82","2217.57"
"30/11/2025 12:00:00 - 30/11/2025 13:00:00","Belgium (BE)","1853.81","2076.58","2030.63","1789.23"
"30/11/2025 13:00:00 - 30/11/2025 14:00:00","Belgium (BE)","1924.04","1931.91","1604.12","1500.47"
"30/11/2025 14:00:00 - 30/11/2025 15:00:00","Belgium (BE)","1547.38","1522.52","1177.86","1156.44"
"30/11/2025 15:00:00 - 30/11/2025 16:00:00","Belgium (BE)","746.66","757.51","567.87","500.22"
"30/11/2025 16:00:00 - 30/11/2025 17:00:00","Belgium (BE)","72.72","73.61","56.07","60.64"
"30/11/2025 17:00:00 - 30/11/2025 18:00:00","Belgium (BE)","0.00","0.00","0.00","0.00"
"30/11/2025 18:00:00 - 30/11/2025 19:00:00","Belgium (BE)","0.00","0.00","0.00","0.00"
"30/11/2025 19:00:00 - 30/11/2025 20:00:00","Belgium (BE)","0.00","0.00","0.00","0.00"
"30/11/2025 20:00:00 - 30/11/2025 21:00:00","Belgium (BE)","0.00","0.00","0.00","0.00"
"30/11/2025 21:00:00 - 30/11/2025 22:00:00","Belgium (BE)","0.00","0.00","0.00","0.00"
"30/11/2025 22:00:00 - 30/11/2025 23:00:00","Belgium (BE)","0.00","0.00","0.00","0.00"
"30/11/2025 23:00:00 - 01/12/2025 00:00:00","Belgium (BE)","0.00","0.00","0.00","0.00"
"01/12/2025 00:00:00 - 01/12/2025 01:00:00","Belgium (BE)","0.00","0.00","0.00","0.00"
"01/12/2025 01:00:00 - 01/12/2025 02:00:00","Belgium (BE)","0.00","0.00","0.00","0.00"
"01/12/2025 02:00:00 - 01/12/2025 03:00:00","Belgium (BE)","0.00","0.00","0.00","0.00"
"01/12/2025 03:00:00 - 01/12/2025 04:00:00","Belgium (BE)","0.00","0.00","0.00","0.00"
"01/12/2025 04:00:00 - 01/12/2025 05:00:00","Belgium (BE)","0.00","0.00","0.00","0.00"
"01/12/2025 05:00:00 - 01/12/2025 06:00:00","Belgium (BE)","0.00","0.00","0.00","0.00"
"01/12/2025 06:00:00 - 01/12/2025 07:00:00","Belgium (BE)","0.00","0.00","0.00","0.00"
"01/12/2025 07:00:00 - 01/12/2025 08:00:00","Belgium (BE)","0.00","0.00","0.00","0.00"
"01/12/2025 08:00:00 - 01/12/2025 09:00:00","Belgium (BE)","29.26","44.22","45.07","53.45"
"01/12/2025 09:00:00 - 01/12/2025 10:00:00","Belgium (BE)","306.04","483.88","491.00","466.73"
"01/12/2025 10:00:00 - 01/12/2025 11:00:00","Belgium (BE)","686.18","1019.99","1003.58","1068.42"
"01/12/2025 11:00:00 - 01/12/2025 12:00:00","Belgium (BE)","945.47","1288.83","1305.82","1361.14"
"01/12/2025 12:00:00 - 01/12/2025 13:00:00","Belgium (BE)","960.63","1235.22","1258.70","1373.42"
"01/12/2025 13:00:00 - 01/12/2025 14:00:00","Belgium (BE)","751.02","935.67","945.58","1054.54"
"01/12/2025 14:00:00 - 01/12/2025 15:00:00","Belgium (BE)","506.26","582.35","566.92","664.03"
"01/12/2025 15:00:00 - 01/12/2025 16:00:00","Belgium (BE)","215.33","244.83","263.01","218.24"
"01/12/2025 16:00:00 - 01/12/2025 17:00:00","Belgium (BE)","20.04","21.95","20.83","8.98"
"01/12/2025 17:00:00 - 01/12/2025 18:00:00","Belgium (BE)","0.00","0.00","0.00","0.00"
"01/12/2025 18:00:00 - 01/12/2025 19:00:00","Belgium (BE)","0.00","0.00","0.00","0.00"
"01/12/2025 19:00:00 - 01/12/2025 20:00:00","Belgium (BE)","0.00","0.00","0.00","0.00"
"01/12/2025 20:00:00 - 01/12/2025 21:00:00","Belgium (BE)","0.00","0.00","0.00","0.00"
"01/12/2025 21:00:00 - 01/12/2025 22:00:00","Belgium (BE)","0.00","0.00","0.00","0.00"
"01/12/2025 22:00:00 - 01/12/2025 23:00:00","Belgium (BE)","0.00","0.00","0.00","0.00"
"01/12/2025 23:00:00 - 02/12/2025 00:00:00","Belgium (BE)","0.00","0.00","0.00","0.00"
"02/12/2025 00:00:00 - 02/12/2025 01:00:00","Belgium (BE)","0.00","0.00","0.00","0.00"
"02/12/2025 01:00:00 - 02/12/2025 02:00:00","Belgium (BE)","0.00","0.00","0.00","0.00"
"02/12/2025 02:00:00 - 02/12/2025 03:00:00","Belgium (BE)","0.00","0.00","0.00","0.00"
"02/12/2025 03:00:00 - 02/12/2025 04:00:00","Belgium (BE)","0.00","0.00","0.00","0.00"
"02/12/2025 04:00:00 - 02/12/2025 05:00:00","Belgium (BE)","0.00","0.00","0.00","0.00"
"02/12/2025 05:00:00 - 02/12/2025 06:00:00","Belgium (BE)","0.00","0.00","0.00","0.00"
"02/12/2025 06:00:00 - 02/12/2025 07:00:00","Belgium (BE)","0.00","0.00","0.00","0.00"
"02/12/2025 07:00:00 - 02/12/2025 08:00:00","Belgium (BE)","0.00","0.00","0.00","0.00"
"02/12/2025 08:00:00 - 02/12/2025 09:00:00","Belgium (BE)","22.29","24.24","24.70","6.09"
"02/12/2025 09:00:00 - 02/12/2025 10:00:00","Belgium (BE)","280.08","320.36","342.43","207.92"
"02/12/2025 10:00:00 - 02/12/2025 11:00:00","Belgium (BE)","664.02","753.76","724.33","664.76"
"02/12/2025 11:00:00 - 02/12/2025 12:00:00","Belgium (BE)","985.66","1160.23","996.95","1290.63"
"02/12/2025 12:00:00 - 02/12/2025 13:00:00","Belgium (BE)","1063.62","1352.47","1234.23","1536.95"
"02/12/2025 13:00:00 - 02/12/2025 14:00:00","Belgium (BE)","1006.07","1354.76","1237.10","1389.60"
"02/12/2025 14:00:00 - 02/12/2025 15:00:00","Belgium (BE)","773.57","995.40","873.09","918.32"
"02/12/2025 15:00:00 - 02/12/2025 16:00:00","Belgium (BE)","336.21","424.46","364.01","414.77"
"02/12/2025 16:00:00 - 02/12/2025 17:00:00","Belgium (BE)","30.01","34.54","36.01","37.22"
"02/12/2025 17:00:00 - 02/12/2025 18:00:00","Belgium (BE)","0.00","0.00","0.00","0.00"
"02/12/2025 18:00:00 - 02/12/2025 19:00:00","Belgium (BE)","0.00","0.00","0.00","0.00"
"02/12/2025 19:00:00 - 02/12/2025 20:00:00","Belgium (BE)","0.00","0.00","0.00","0.00"
"02/12/2025 20:00:00 - 02/12/2025 21:00:00","Belgium (BE)","0.00","0.00","0.00","0.00"
"02/12/2025 21:00:00 - 02/12/2025 22:00:00","Belgium (BE)","0.00","0.00","0.00","0.00"
"02/12/2025 22:00:00 - 02/12/2025 23:00:00","Belgium (BE)","0.00","0.00","0.00","0.00"
"02/12/2025 23:00:00 - 03/12/2025 00:00:00","Belgium (BE)","0.00","0.00","0.00","0.00"
"03/12/2025 00:00:00 - 03/12/2025 01:00:00","Belgium (BE)","0.00","0.00","0.00","0.00"
"03/12/2025 01:00:00 - 03/12/2025 02:00:00","Belgium (BE)","0.00","0.00","0.00","0.00"
"03/12/2025 02:00:00 - 03/12/2025 03:00:00","Belgium (BE)","0.00","0.00","0.00","0.00"
"03/12/2025 03:00:00 - 03/12/2025 04:00:00","Belgium (BE)","0.00","0.00","0.00","0.00"
"03/12/2025 04:00:00 - 03/12/2025 05:00:00","Belgium (BE)","0.00","0.00","0.00","0.00"
"03/12/2025 05:00:00 - 03/12/2025 06:00:00","Belgium (BE)","0.00","0.00","0.00","0.00"
"03/12/2025 06:00:00 - 03/12/2025 07:00:00","Belgium (BE)","0.00","0.00","0.00","0.00"
"03/12/2025 07:00:00 - 03/12/2025 08:00:00","Belgium (BE)","0.00","0.00","0.00","0.00"
"03/12/2025 08:00:00 - 03/12/2025 09:00:00","Belgium (BE)","21.42","24.26","24.20","2.55"
"03/12/2025 09:00:00 - 03/12/2025 10:00:00","Belgium (BE)","291.19","337.78","296.57","176.59"
"03/12/2025 10:00:00 - 03/12/2025 11:00:00","Belgium (BE)","684.40","786.36","590.55","584.77"
"03/12/2025 11:00:00 - 03/12/2025 12:00:00","Belgium (BE)","1002.50","1069.90","859.85","1084.04"
"03/12/2025 12:00:00 - 03/12/2025 13:00:00","Belgium (BE)","1133.83","1084.37","1116.39","1342.00"
"03/12/2025 13:00:00 - 03/12/2025 14:00:00","Belgium (BE)","1149.73","994.66","1128.83","1139.60"
"03/12/2025 14:00:00 - 03/12/2025 15:00:00","Belgium (BE)","956.22","768.58","768.69","990.30"
"03/12/2025 15:00:00 - 03/12/2025 16:00:00","Belgium (BE)","442.90","342.96","350.37","519.54"
"03/12/2025 16:00:00 - 03/12/2025 17:00:00","Belgium (BE)","41.47","34.46","40.14","53.82"
"03/12/2025 17:00:00 - 03/12/2025 18:00:00","Belgium (BE)","0.00","0.00","0.00","0.00"
"03/12/2025 18:00:00 - 03/12/2025 19:00:00","Belgium (BE)","0.00","0.00","0.00","0.00"
"03/12/2025 19:00:00 - 03/12/2025 20:00:00","Belgium (BE)","0.00","0.00","0.00","0.00"
"03/12/2025 20:00:00 - 03/12/2025 21:00:00","Belgium (BE)","0.00","0.00","0.00","0.00"
"03/12/2025 21:00:00 - 03/12/2025 22:00:00","Belgium (BE)","0.00","0.00","0.00","0.00"
"03/12/2025 22:00:00 - 03/12/2025 23:00:00","Belgium (BE)","0.00","0.00","0.00","0.00"
"03/12/2025 23:00:00 - 04/12/2025 00:00:00","Belgium (BE)","0.00","0.00","0.00","0.00"
"04/12/2025 00:00:00 - 04/12/2025 01:00:00","Belgium (BE)","0.00","0.00","0.00","0.00"
"04/12/2025 01:00:00 - 04/12/2025 02:00:00","Belgium (BE)","0.00","0.00","0.00","0.00"
"04/12/2025 02:00:00 - 04/12/2025 03:00:00","Belgium (BE)","0.00","0.00","0.00","0.00"
"04/12/2025 03:00:00 - 04/12/2025 04:00:00","Belgium (BE)","0.00","0.00","0.00","0.00"
"04/12/2025 04:00:00 - 04/12/2025 05:00:00","Belgium (BE)","0.00","0.00","0.00","0.00"
"04/12/2025 05:00:00 - 04/12/2025 06:00:00","Belgium (BE)","0.00","0.00","0.00","0.00"
"04/12/2025 06:00:00 - 04/12/2025 07:00:00","Belgium (BE)","0.00","0.00","0.00","0.00"
"04/12/2025 07:00:00 - 04/12/2025 08:00:00","Belgium (BE)","0.00","0.00","0.00","0.00"
"04/12/2025 08:00:00 - 04/12/2025 09:00:00","Belgium (BE)","42.40","44.46","45.54","68.30"
"04/12/2025 09:00:00 - 04/12/2025 10:00:00","Belgium (BE)","603.36","601.32","665.28","656.63"
"04/12/2025 10:00:00 - 04/12/2025 11:00:00","Belgium (BE)","1297.13","1317.26","1425.14","1660.66"
"04/12/2025 11:00:00 - 04/12/2025 12:00:00","Belgium (BE)","1608.26","1735.30","1844.68","2597.51"
"04/12/2025 12:00:00 - 04/12/2025 13:00:00","Belgium (BE)","1381.58","1538.46","1989.33","2376.73"
"04/12/2025 13:00:00 - 04/12/2025 14:00:00","Belgium (BE)","910.27","977.06","1413.30","1113.57"
"04/12/2025 14:00:00 - 04/12/2025 15:00:00","Belgium (BE)","456.64","479.21","586.11","403.14"
"04/12/2025 15:00:00 - 04/12/2025 16:00:00","Belgium (BE)","179.61","184.32","200.73","175.08"
"04/12/2025 16:00:00 - 04/12/2025 17:00:00","Belgium (BE)","15.82","15.73","16.88","18.82"
"04/12/2025 17:00:00 - 04/12/2025 18:00:00","Belgium (BE)","0.00","0.00","0.00","0.00"
"04/12/2025 18:00:00 - 04/12/2025 19:00:00","Belgium (BE)","0.00","0.00","0.00","0.00"
"04/12/2025 19:00:00 - 04/12/2025 20:00:00","Belgium (BE)","0.00","0.00","0.00","0.00"
"04/12/2025 20:00:00 - 04/12/2025 21:00:00","Belgium (BE)","0.00","0.00","0.00","0.00"
"04/12/2025 21:00:00 - 04/12/2025 22:00:00","Belgium (BE)","0.00","0.00","0.00","0.00"
"04/12/2025 22:00:00 - 04/12/2025 23:00:00","Belgium (BE)","0.00","0.00","0.00","0.00"
"04/12/2025 23:00:00 - 05/12/2025 00:00:00","Belgium (BE)","0.00","0.00","0.00","0.00"
"05/12/2025 00:00:00 - 05/12/2025 01:00:00","Belgium (BE)","0.00","0.00","0.00","0.00"
"05/12/2025 01:00:00 - 05/12/2025 02:00:00","Belgium (BE)","0.00","0.00","0.00","0.00"
"05/12/2025 02:00:00 - 05/12/2025 03:00:00","Belgium (BE)","0.00","0.00","0.00","0.00"
"05/12/2025 03:00:00 - 05/12/2025 04:00:00","Belgium (BE)","0.00","0.00","0.00","0.00"
"05/12/2025 04:00:00 - 05/12/2025 05:00:00","Belgium (BE)","0.00","0.00","0.00","0.00"
"05/12/2025 05:00:00 - 05/12/2025 06:00:00","Belgium (BE)","0.00","0.00","0.00","0.00"
"05/12/2025 06:00:00 - 05/12/2025 07:00:00","Belgium (BE)","0.00","0.00","0.00","0.00"
"05/12/2025 07:00:00 - 05/12/2025 08:00:00","Belgium (BE)","0.00","0.00","0.00","0.00"
"05/12/2025 08:00:00 - 05/12/2025 09:00:00","Belgium (BE)","29.83","25.36","25.17","23.66"
"05/12/2025 09:00:00 - 05/12/2025 10:00:00","Belgium (BE)","506.11","389.07","380.06","499.87"
"05/12/2025 10:00:00 - 05/12/2025 11:00:00","Belgium (BE)","1138.53","910.61","992.80","1189.06"
"05/12/2025 11:00:00 - 05/12/2025 12:00:00","Belgium (BE)","1413.88","1226.68","1334.33","1733.60"
"05/12/2025 12:00:00 - 05/12/2025 13:00:00","Belgium (BE)","1415.31","1303.29","1585.09","2104.45"
"05/12/2025 13:00:00 - 05/12/2025 14:00:00","Belgium (BE)","1296.71","1245.39","1552.40","1952.78"
"05/12/2025 14:00:00 - 05/12/2025 15:00:00","Belgium (BE)","1023.78","967.50","1143.88","1398.90"
"05/12/2025 15:00:00 - 05/12/2025 16:00:00","Belgium (BE)","453.62","426.79","486.33","634.76"
"05/12/2025 16:00:00 - 05/12/2025 17:00:00","Belgium (BE)","37.80","35.83","40.33","34.42"
"05/12/2025 17:00:00 - 05/12/2025 18:00:00","Belgium (BE)","0.00","0.00","0.00","0.00"
"05/12/2025 18:00:00 - 05/12/2025 19:00:00","Belgium (BE)","0.00","0.00","0.00","0.00"
"05/12/2025 19:00:00 - 05/12/2025 20:00:00","Belgium (BE)","0.00","0.00","0.00","0.00"
"05/12/2025 20:00:00 - 05/12/2025 21:00:00","Belgium (BE)","0.00","0.00","0.00","0.00"
"05/12/2025 21:00:00 - 05/12/2025 22:00:00","Belgium (BE)","0.00","0.00","0.00","0.00"
"05/12/2025 22:00:00 - 05/12/2025 23:00:00","Belgium (BE)","0.00","0.00","0.00","0.00"
"05/12/2025 23:00:00 - 06/12/2025 00:00:00","Belgium (BE)","0.00","0.00","0.00","0.00"
"06/12/2025 00:00:00 - 06/12/2025 01:00:00","Belgium (BE)","0.00","0.00","0.00","0.00"
"06/12/2025 01:00:00 - 06/12/2025 02:00:00","Belgium (BE)","0.00","0.00","0.00","0.00"
"06/12/2025 02:00:00 - 06/12/2025 03:00:00","Belgium (BE)","0.00","0.00","0.00","0.00"
"06/12/2025 03:00:00 - 06/12/2025 04:00:00","Belgium (BE)","0.00","0.00","0.00","0.00"
"06/12/2025 04:00:00 - 06/12/2025 05:00:00","Belgium (BE)","0.00","0.00","0.00","0.00"
"06/12/2025 05:00:00 - 06/12/2025 06:00:00","Belgium (BE)","0.00","0.00","0.00","0.00"
"06/12/2025 06:00:00 - 06/12/2025 07:00:00","Belgium (BE)","0.00","0.00","0.00","0.00"
"06/12/2025 07:00:00 - 06/12/2025 08:00:00","Belgium (BE)","0.00","0.00","0.00","0.00"
"06/12/2025 08:00:00 - 06/12/2025 09:00:00","Belgium (BE)","11.80","11.92","12.85","5.40"
"06/12/2025 09:00:00 - 06/12/2025 10:00:00","Belgium (BE)","165.30","166.70","181.08","202.71"
"06/12/2025 10:00:00 - 06/12/2025 11:00:00","Belgium (BE)","389.47","386.21","439.51","499.49"
"06/12/2025 11:00:00 - 06/12/2025 12:00:00","Belgium (BE)","549.12","496.19","531.54","619.58"
"06/12/2025 12:00:00 - 06/12/2025 13:00:00","Belgium (BE)","579.26","529.88","580.04","674.14"
"06/12/2025 13:00:00 - 06/12/2025 14:00:00","Belgium (BE)","527.25","566.87","571.66","646.85"
"06/12/2025 14:00:00 - 06/12/2025 15:00:00","Belgium (BE)","387.16","413.71","543.26","578.81"
"06/12/2025 15:00:00 - 06/12/2025 16:00:00","Belgium (BE)","167.71","171.73","250.38","231.92"
"06/12/2025 16:00:00 - 06/12/2025 17:00:00","Belgium (BE)","15.41","16.41","21.22","16.18"
"06/12/2025 17:00:00 - 06/12/2025 18:00:00","Belgium (BE)","0.00","0.00","0.00","0.00"
"06/12/2025 18:00:00 - 06/12/2025 19:00:00","Belgium (BE)","0.00","0.00","0.00","0.00"
"06/12/2025 19:00:00 - 06/12/2025 20:00:00","Belgium (BE)","0.00","0.00","0.00","0.00"
"06/12/2025 20:00:00 - 06/12/2025 21:00:00","Belgium (BE)","0.00","0.00","0.00","0.00"
"06/12/2025 21:00:00 - 06/12/2025 22:00:00","Belgium (BE)","0.00","0.00","0.00","0.00"
"06/12/2025 22:00:00 - 06/12/2025 23:00:00","Belgium (BE)","0.00","0.00","0.00","0.00"
"06/12/2025 23:00:00 - 07/12/2025 00:00:00","Belgium (BE)","0.00","0.00","0.00","0.00"
"07/12/2025 00:00:00 - 07/12/2025 01:00:00","Belgium (BE)","0.00","0.00","0.00","0.00"
"07/12/2025 01:00:00 - 07/12/2025 02:00:00","Belgium (BE)","0.00","0.00","0.00","0.00"
"07/12/2025 02:00:00 - 07/12/2025 03:00:00","Belgium (BE)","0.00","0.00","0.00","0.00"
"07/12/2025 03:00:00 - 07/12/2025 04:00:00","Belgium (BE)","0.00","0.00","0.00","0.00"
"07/12/2025 04:00:00 - 07/12/2025 05:00:00","Belgium (BE)","0.00","0.00","0.00","0.00"
"07/12/2025 05:00:00 - 07/12/2025 06:00:00","Belgium (BE)","0.00","0.00","0.00","0.00"
"07/12/2025 06:00:00 - 07/12/2025 07:00:00","Belgium (BE)","0.00","0.00","0.00","0.00"
"07/12/2025 07:00:00 - 07/12/2025 08:00:00","Belgium (BE)","0.00","0.00","0.00","0.00"
"07/12/2025 08:00:00 - 07/12/2025 09:00:00","Belgium (BE)","7.96","10.84","11.08","4.03"
"07/12/2025 09:00:00 - 07/12/2025 10:00:00","Belgium (BE)","116.93","163.21","169.54","144.71"
"07/12/2025 10:00:00 - 07/12/2025 11:00:00","Belgium (BE)","284.40","394.54","412.38","341.07"
"07/12/2025 11:00:00 - 07/12/2025 12:00:00","Belgium (BE)","408.62","502.91","554.58","459.15"
"07/12/2025 12:00:00 - 07/12/2025 13:00:00","Belgium (BE)","401.35","490.62","421.18","465.51"
"07/12/2025 13:00:00 - 07/12/2025 14:00:00","Belgium (BE)","286.54","379.43","269.75","346.63"
"07/12/2025 14:00:00 - 07/12/2025 15:00:00","Belgium (BE)","165.29","196.33","133.38","189.41"
"07/12/2025 15:00:00 - 07/12/2025 16:00:00","Belgium (BE)","71.21","80.65","46.73","70.23"
"07/12/2025 16:00:00 - 07/12/2025 17:00:00","Belgium (BE)","7.38","7.82","4.82","0.93"
"07/12/2025 17:00:00 - 07/12/2025 18:00:00","Belgium (BE)","0.00","0.00","0.00","0.00"
"07/12/2025 18:00:00 - 07/12/2025 19:00:00","Belgium (BE)","0.00","0.00","0.00","0.00"
"07/12/2025 19:00:00 - 07/12/2025 20:00:00","Belgium (BE)","0.00","0.00","0.00","0.00"
"07/12/2025 20:00:00 - 07/12/2025 21:00:00","Belgium (BE)","0.00","0.00","0.00","0.00"
"07/12/2025 21:00:00 - 07/12/2025 22:00:00","Belgium (BE)","0.00","0.00","0.00","0.00"
"07/12/2025 22:00:00 - 07/12/2025 23:00:00","Belgium (BE)","0.00","0.00","0.00","0.00"
"07/12/2025 23:00:00 - 08/12/2025 00:00:00","Belgium (BE)","0.00","0.00","0.00","0.00"
"08/12/2025 00:00:00 - 08/12/2025 01:00:00","Belgium (BE)","0.00","0.00","0.00","0.00"
"08/12/2025 01:00:00 - 08/12/2025 02:00:00","Belgium (BE)","0.00","0.00","0.00","0.00"
"08/12/2025 02:00:00 - 08/12/2025 03:00:00","Belgium (BE)","0.00","0.00","0.00","0.00"
"08/12/2025 03:00:00 - 08/12/2025 04:00:00","Belgium (BE)","0.00","0.00","0.00","0.00"
"08/12/2025 04:00:00 - 08/12/2025 05:00:00","Belgium (BE)","0.00","0.00","0.00","0.00"
"08/12/2025 05:00:00 - 08/12/2025 06:00:00","Belgium (BE)","0.00","0.00","0.00","0.00"
"08/12/2025 06:00:00 - 08/12/2025 07:00:00","Belgium (BE)","0.00","0.00","0.00","0.00"
"08/12/2025 07:00:00 - 08/12/2025 08:00:00","Belgium (BE)","0.00","0.00","0.00","0.00"
"08/12/2025 08:00:00 - 08/12/2025 09:00:00","Belgium (BE)","9.40","10.64","8.86","3.94"
"08/12/2025 09:00:00 - 08/12/2025 10:00:00","Belgium (BE)","157.51","173.72","133.23","150.80"
"08/12/2025 10:00:00 - 08/12/2025 11:00:00","Belgium (BE)","385.34","429.29","337.72","330.45"
"08/12/2025 11:00:00 - 08/12/2025 12:00:00","Belgium (BE)","510.39","553.56","420.37","335.52"
"08/12/2025 12:00:00 - 08/12/2025 13:00:00","Belgium (BE)","476.78","539.54","347.17","277.29"
"08/12/2025 13:00:00 - 08/12/2025 14:00:00","Belgium (BE)","317.11","393.12","261.49","212.80"
"08/12/2025 14:00:00 - 08/12/2025 15:00:00","Belgium (BE)","197.81","243.59","172.74","182.07"
"08/12/2025 15:00:00 - 08/12/2025 16:00:00","Belgium (BE)","87.30","103.19","81.57","70.37"
"08/12/2025 16:00:00 - 08/12/2025 17:00:00","Belgium (BE)","8.89","10.02","9.14","1.55"
"08/12/2025 17:00:00 - 08/12/2025 18:00:00","Belgium (BE)","0.00","0.00","0.00","0.00"
"08/12/2025 18:00:00 - 08/12/2025 19:00:00","Belgium (BE)","0.00","0.00","0.00","0.00"
"08/12/2025 19:00:00 - 08/12/2025 20:00:00","Belgium (BE)","0.00","0.00","0.00","0.00"
"08/12/2025 20:00:00 - 08/12/2025 21:00:00","Belgium (BE)","0.00","0.00","0.00","0.00"
"08/12/2025 21:00:00 - 08/12/2025 22:00:00","Belgium (BE)","0.00","0.00","0.00","0.00"
"08/12/2025 22:00:00 - 08/12/2025 23:00:00","Belgium (BE)","0.00","0.00","0.00","0.00"
"08/12/2025 23:00:00 - 09/12/2025 00:00:00","Belgium (BE)","0.00","0.00","0.00","0.00"
"09/12/2025 00:00:00 - 09/12/2025 01:00:00","Belgium (BE)","0.00","0.00","0.00","0.00"
"09/12/2025 01:00:00 - 09/12/2025 02:00:00","Belgium (BE)","0.00","0.00","0.00","0.00"
"09/12/2025 02:00:00 - 09/12/2025 03:00:00","Belgium (BE)","0.00","0.00","0.00","0.00"
"09/12/2025 03:00:00 - 09/12/2025 04:00:00","Belgium (BE)","0.00","0.00","0.00","0.00"
"09/12/2025 04:00:00 - 09/12/2025 05:00:00","Belgium (BE)","0.00","0.00","0.00","0.00"
"09/12/2025 05:00:00 - 09/12/2025 06:00:00","Belgium (BE)","0.00","0.00","0.00","0.00"
"09/12/2025 06:00:00 - 09/12/2025 07:00:00","Belgium (BE)","0.00","0.00","0.00","0.00"
"09/12/2025 07:00:00 - 09/12/2025 08:00:00","Belgium (BE)","0.00","0.00","0.00","0.00"
"09/12/2025 08:00:00 - 09/12/2025 09:00:00","Belgium (BE)","13.90","12.53","12.45","7.76"
"09/12/2025 09:00:00 - 09/12/2025 10:00:00","Belgium (BE)","296.00","228.01","214.83","503.71"
"09/12/2025 10:00:00 - 09/12/2025 11:00:00","Belgium (BE)","757.73","581.63","675.75","1258.64"
"09/12/2025 11:00:00 - 09/12/2025 12:00:00","Belgium (BE)","1331.73","1007.35","1508.02","1937.13"
"09/12/2025 12:00:00 - 09/12/2025 13:00:00","Belgium (BE)","1737.10","1309.36","2073.26","2113.05"
"09/12/2025 13:00:00 - 09/12/2025 14:00:00","Belgium (BE)","1761.94","1350.53","1858.93","1859.74"
"09/12/2025 14:00:00 - 09/12/2025 15:00:00","Belgium (BE)","1292.58","1125.53","1301.37","1437.10"
"09/12/2025 15:00:00 - 09/12/2025 16:00:00","Belgium (BE)","550.49","519.75","563.41","595.59"
"09/12/2025 16:00:00 - 09/12/2025 17:00:00","Belgium (BE)","44.78","40.51","42.04","36.55"
"09/12/2025 17:00:00 - 09/12/2025 18:00:00","Belgium (BE)","0.00","0.00","0.00","0.00"
"09/12/2025 18:00:00 - 09/12/2025 19:00:00","Belgium (BE)","0.00","0.00","0.00","0.00"
"09/12/2025 19:00:00 - 09/12/2025 20:00:00","Belgium (BE)","0.00","0.00","0.00","0.00"
"09/12/2025 20:00:00 - 09/12/2025 21:00:00","Belgium (BE)","0.00","0.00","0.00","0.00"
"09/12/2025 21:00:00 - 09/12/2025 22:00:00","Belgium (BE)","0.00","0.00","0.00","0.00"
"09/12/2025 22:00:00 - 09/12/2025 23:00:00","Belgium (BE)","0.00","0.00","0.00","0.00"
"09/12/2025 23:00:00 - 10/12/2025 00:00:00","Belgium (BE)","0.00","0.00","0.00","0.00"
"10/12/2025 00:00:00 - 10/12/2025 01:00:00","Belgium (BE)","0.00","0.00","0.00","0.00"
"10/12/2025 01:00:00 - 10/12/2025 02:00:00","Belgium (BE)","0.00","0.00","0.00","0.00"
"10/12/2025 02:00:00 - 10/12/2025 03:00:00","Belgium (BE)","0.00","0.00","0.00","0.00"
"10/12/2025 03:00:00 - 10/12/2025 04:00:00","Belgium (BE)","0.00","0.00","0.00","0.00"
"10/12/2025 04:00:00 - 10/12/2025 05:00:00","Belgium (BE)","0.00","0.00","0.00","0.00"
"10/12/2025 05:00:00 - 10/12/2025 06:00:00","Belgium (BE)","0.00","0.00","0.00","0.00"
"10/12/2025 06:00:00 - 10/12/2025 07:00:00","Belgium (BE)","0.00","0.00","0.00","0.00"
"10/12/2025 07:00:00 - 10/12/2025 08:00:00","Belgium (BE)","0.00","0.00","0.00","0.00"
"10/12/2025 08:00:00 - 10/12/2025 09:00:00","Belgium (BE)","9.53","9.66","8.98","0.87"
"10/12/2025 09:00:00 - 10/12/2025 10:00:00","Belgium (BE)","200.86","211.61","183.99","145.07"
"10/12/2025 10:00:00 - 10/12/2025 11:00:00","Belgium (BE)","532.52","576.70","468.67","461.11"
"10/12/2025 11:00:00 - 10/12/2025 12:00:00","Belgium (BE)","730.42","824.52","711.84","812.71"
"10/12/2025 12:00:00 - 10/12/2025 13:00:00","Belgium (BE)","760.59","889.79","1002.81","937.68"
"10/12/2025 13:00:00 - 10/12/2025 14:00:00","Belgium (BE)","748.86","933.54","1021.72","1026.06"
"10/12/2025 14:00:00 - 10/12/2025 15:00:00","Belgium (BE)","667.61","838.72","940.00","869.84"
"10/12/2025 15:00:00 - 10/12/2025 16:00:00","Belgium (BE)","292.67","375.20","431.40","371.66"
"10/12/2025 16:00:00 - 10/12/2025 17:00:00","Belgium (BE)","24.15","30.27","34.84","20.11"
"10/12/2025 17:00:00 - 10/12/2025 18:00:00","Belgium (BE)","0.00","0.00","0.00","0.00"
"10/12/2025 18:00:00 - 10/12/2025 19:00:00","Belgium (BE)","0.00","0.00","0.00","0.00"
"10/12/2025 19:00:00 - 10/12/2025 20:00:00","Belgium (BE)","0.00","0.00","0.00","0.00"
"10/12/2025 20:00:00 - 10/12/2025 21:00:00","Belgium (BE)","0.00","0.00","0.00","0.00"
"10/12/2025 21:00:00 - 10/12/2025 22:00:00","Belgium (BE)","0.00","0.00","0.00","0.00"
"10/12/2025 22:00:00 - 10/12/2025 23:00:00","Belgium (BE)","0.00","0.00","0.00","0.00"
"10/12/2025 23:00:00 - 11/12/2025 00:00:00","Belgium (BE)","0.00","0.00","0.00","0.00"
"11/12/2025 00:00:00 - 11/12/2025 01:00:00","Belgium (BE)","0.00","0.00","0.00","0.00"
"11/12/2025 01:00:00 - 11/12/2025 02:00:00","Belgium (BE)","0.00","0.00","0.00","0.00"
"11/12/2025 02:00:00 - 11/12/2025 03:00:00","Belgium (BE)","0.00","0.00","0.00","0.00"
"11/12/2025 03:00:00 - 11/12/2025 04:00:00","Belgium (BE)","0.00","0.00","0.00","0.00"
"11/12/2025 04:00:00 - 11/12/2025 05:00:00","Belgium (BE)","0.00","0.00","0.00","0.00"
"11/12/2025 05:00:00 - 11/12/2025 06:00:00","Belgium (BE)","0.00","0.00","0.00","0.00"
"11/12/2025 06:00:00 - 11/12/2025 07:00:00","Belgium (BE)","0.00","0.00","0.00","0.00"
"11/12/2025 07:00:00 - 11/12/2025 08:00:00","Belgium (BE)","0.00","0.00","0.00","0.00"
"11/12/2025 08:00:00 - 11/12/2025 09:00:00","Belgium (BE)","20.61","17.49","14.46","7.81"
"11/12/2025 09:00:00 - 11/12/2025 10:00:00","Belgium (BE)","565.85","379.84","296.65","238.99"
"11/12/2025 10:00:00 - 11/12/2025 11:00:00","Belgium (BE)","1342.25","953.74","750.15","682.44"
"11/12/2025 11:00:00 - 11/12/2025 12:00:00","Belgium (BE)","1767.05","1425.84","1157.92","1070.99"
"11/12/2025 12:00:00 - 11/12/2025 13:00:00","Belgium (BE)","1849.12","1592.08","1241.60","1239.41"
"11/12/2025 13:00:00 - 11/12/2025 14:00:00","Belgium (BE)","1757.11","1487.72","1153.20","1142.21"
"11/12/2025 14:00:00 - 11/12/2025 15:00:00","Belgium (BE)","1329.15","1098.05","822.02","869.17"
"11/12/2025 15:00:00 - 11/12/2025 16:00:00","Belgium (BE)","599.18","487.37","369.29","326.35"
"11/12/2025 16:00:00 - 11/12/2025 17:00:00","Belgium (BE)","43.60","38.69","33.68","5.54"
"11/12/2025 17:00:00 - 11/12/2025 18:00:00","Belgium (BE)","0.00","0.00","0.00","0.00"
"11/12/2025 18:00:00 - 11/12/2025 19:00:00","Belgium (BE)","0.00","0.00","0.00","0.00"
"11/12/2025 19:00:00 - 11/12/2025 20:00:00","Belgium (BE)","0.00","0.00","0.00","0.00"
"11/12/2025 20:00:00 - 11/12/2025 21:00:00","Belgium (BE)","0.00","0.00","0.00","0.00"
"11/12/2025 21:00:00 - 11/12/2025 22:00:00","Belgium (BE)","0.00","0.00","0.00","0.00"
"11/12/2025 22:00:00 - 11/12/2025 23:00:00","Belgium (BE)","0.00","0.00","0.00","0.00"
"11/12/2025 23:00:00 - 12/12/2025 00:00:00","Belgium (BE)","0.00","0.00","0.00","0.00"
"12/12/2025 00:00:00 - 12/12/2025 01:00:00","Belgium (BE)","0.00","0.00","0.00","0.00"
"12/12/2025 01:00:00 - 12/12/2025 02:00:00","Belgium (BE)","0.00","0.00","0.00","0.00"
"12/12/2025 02:00:00 - 12/12/2025 03:00:00","Belgium (BE)","0.00","0.00","0.00","0.00"
"12/12/2025 03:00:00 - 12/12/2025 04:00:00","Belgium (BE)","0.00","0.00","0.00","0.00"
"12/12/2025 04:00:00 - 12/12/2025 05:00:00","Belgium (BE)","0.00","0.00","0.00","0.00"
"12/12/2025 05:00:00 - 12/12/2025 06:00:00","Belgium (BE)","0.00","0.00","0.00","0.00"
"12/12/2025 06:00:00 - 12/12/2025 07:00:00","Belgium (BE)","0.00","0.00","0.00","0.00"
"12/12/2025 07:00:00 - 12/12/2025 08:00:00","Belgium (BE)","0.00","0.00","0.00","0.00"
"12/12/2025 08:00:00 - 12/12/2025 09:00:00","Belgium (BE)","9.60","8.23","8.55","2.66"
"12/12/2025 09:00:00 - 12/12/2025 10:00:00","Belgium (BE)","224.17","182.18","192.84","97.43"
"12/12/2025 10:00:00 - 12/12/2025 11:00:00","Belgium (BE)","586.82","474.05","455.77","297.48"
"12/12/2025 11:00:00 - 12/12/2025 12:00:00","Belgium (BE)","859.28","720.81","572.37","491.14"
"12/12/2025 12:00:00 - 12/12/2025 13:00:00","Belgium (BE)","915.11","825.57","611.71","601.14"
"12/12/2025 13:00:00 - 12/12/2025 14:00:00","Belgium (BE)","890.23","832.23","742.11","695.72"
"12/12/2025 14:00:00 - 12/12/2025 15:00:00","Belgium (BE)","776.21","693.56","783.04","561.38"
"12/12/2025 15:00:00 - 12/12/2025 16:00:00","Belgium (BE)","362.93","303.64","333.46","278.76"
"12/12/2025 16:00:00 - 12/12/2025 17:00:00","Belgium (BE)","30.51","24.69","29.93","15.19"
"12/12/2025 17:00:00 - 12/12/2025 18:00:00","Belgium (BE)","0.00","0.00","0.00","0.00"
"12/12/2025 18:00:00 - 12/12/2025 19:00:00","Belgium (BE)","0.00","0.00","0.00","0.00"
"12/12/2025 19:00:00 - 12/12/2025 20:00:00","Belgium (BE)","0.00","0.00","0.00","0.00"
"12/12/2025 20:00:00 - 12/12/2025 21:00:00","Belgium (BE)","0.00","0.00","0.00","0.00"
"12/12/2025 21:00:00 - 12/12/2025 22:00:00","Belgium (BE)","0.00","0.00","0.00","0.00"
"12/12/2025 22:00:00 - 12/12/2025 23:00:00","Belgium (BE)","0.00","0.00","0.00","0.00"
"12/12/2025 23:00:00 - 13/12/2025 00:00:00","Belgium (BE)","0.00","0.00","0.00","0.00"
"13/12/2025 00:00:00 - 13/12/2025 01:00:00","Belgium (BE)","0.00","0.00","0.00","0.00"
"13/12/2025 01:00:00 - 13/12/2025 02:00:00","Belgium (BE)","0.00","0.00","0.00","0.00"
"13/12/2025 02:00:00 - 13/12/2025 03:00:00","Belgium (BE)","0.00","0.00","0.00","0.00"
"13/12/2025 03:00:00 - 13/12/2025 04:00:00","Belgium (BE)","0.00","0.00","0.00","0.00"
"13/12/2025 04:00:00 - 13/12/2025 05:00:00","Belgium (BE)","0.00","0.00","0.00","0.00"
"13/12/2025 05:00:00 - 13/12/2025 06:00:00","Belgium (BE)","0.00","0.00","0.00","0.00"
"13/12/2025 06:00:00 - 13/12/2025 07:00:00","Belgium (BE)","0.00","0.00","0.00","0.00"
"13/12/2025 07:00:00 - 13/12/2025 08:00:00","Belgium (BE)","0.00","0.00","0.00","0.00"
"13/12/2025 08:00:00 - 13/12/2025 09:00:00","Belgium (BE)","5.24","5.88","5.88","0.86"
"13/12/2025 09:00:00 - 13/12/2025 10:00:00","Belgium (BE)","143.16","182.98","189.95","109.82"
"13/12/2025 10:00:00 - 13/12/2025 11:00:00","Belgium (BE)","404.19","501.08","392.40","442.23"
"13/12/2025 11:00:00 - 13/12/2025 12:00:00","Belgium (BE)","744.30","809.57","717.11","761.51"
"13/12/2025 12:00:00 - 13/12/2025 13:00:00","Belgium (BE)","1167.33","1075.72","1077.75","1381.51"
"13/12/2025 13:00:00 - 13/12/2025 14:00:00","Belgium (BE)","1510.99","1283.18","1467.66","2019.91"
"13/12/2025 14:00:00 - 13/12/2025 15:00:00","Belgium (BE)","1414.90","1165.87","1543.97","1882.21"
"13/12/2025 15:00:00 - 13/12/2025 16:00:00","Belgium (BE)","694.92","577.58","753.67","900.66"
"13/12/2025 16:00:00 - 13/12/2025 17:00:00","Belgium (BE)","59.85","51.46","59.86","64.83"
"13/12/2025 17:00:00 - 13/12/2025 18:00:00","Belgium (BE)","0.00","0.00","0.00","0.00"
"13/12/2025 18:00:00 - 13/12/2025 19:00:00","Belgium (BE)","0.00","0.00","0.00","0.00"
"13/12/2025 19:00:00 - 13/12/2025 20:00:00","Belgium (BE)","0.00","0.00","0.00","0.00"
"13/12/2025 20:00:00 - 13/12/2025 21:00:00","Belgium (BE)","0.00","0.00","0.00","0.00"
"13/12/2025 21:00:00 - 13/12/2025 22:00:00","Belgium (BE)","0.00","0.00","0.00","0.00"
"13/12/2025 22:00:00 - 13/12/2025 23:00:00","Belgium (BE)","0.00","0.00","0.00","0.00"
"13/12/2025 23:00:00 - 14/12/2025 00:00:00","Belgium (BE)","0.00","0.00","0.00","0.00"
"14/12/2025 00:00:00 - 14/12/2025 01:00:00","Belgium (BE)","0.00","0.00","0.00","0.00"
"14/12/2025 01:00:00 - 14/12/2025 02:00:00","Belgium (BE)","0.00","0.00","0.00","0.00"
"14/12/2025 02:00:00 - 14/12/2025 03:00:00","Belgium (BE)","0.00","0.00","0.00","0.00"
"14/12/2025 03:00:00 - 14/12/2025 04:00:00","Belgium (BE)","0.00","0.00","0.00","0.00"
"14/12/2025 04:00:00 - 14/12/2025 05:00:00","Belgium (BE)","0.00","0.00","0.00","0.00"
"14/12/2025 05:00:00 - 14/12/2025 06:00:00","Belgium (BE)","0.00","0.00","0.00","0.00"
"14/12/2025 06:00:00 - 14/12/2025 07:00:00","Belgium (BE)","0.00","0.00","0.00","0.00"
"14/12/2025 07:00:00 - 14/12/2025 08:00:00","Belgium (BE)","0.00","0.00","0.00","0.00"
"14/12/2025 08:00:00 - 14/12/2025 09:00:00","Belgium (BE)","7.08","5.92","5.87","3.94"
"14/12/2025 09:00:00 - 14/12/2025 10:00:00","Belgium (BE)","202.49","153.01","160.01","303.93"
"14/12/2025 10:00:00 - 14/12/2025 11:00:00","Belgium (BE)","530.65","426.86","507.25","718.61"
"14/12/2025 11:00:00 - 14/12/2025 12:00:00","Belgium (BE)","731.33","653.35","804.32","872.95"
"14/12/2025 12:00:00 - 14/12/2025 13:00:00","Belgium (BE)","705.79","687.48","838.26","725.76"
"14/12/2025 13:00:00 - 14/12/2025 14:00:00","Belgium (BE)","562.38","600.39","595.05","550.74"
"14/12/2025 14:00:00 - 14/12/2025 15:00:00","Belgium (BE)","371.25","426.28","404.64","376.46"
"14/12/2025 15:00:00 - 14/12/2025 16:00:00","Belgium (BE)","156.03","180.93","174.50","173.76"
"14/12/2025 16:00:00 - 14/12/2025 17:00:00","Belgium (BE)","15.51","16.76","17.66","12.23"
"14/12/2025 17:00:00 - 14/12/2025 18:00:00","Belgium (BE)","0.00","0.00","0.00","0.00"
"14/12/2025 18:00:00 - 14/12/2025 19:00:00","Belgium (BE)","0.00","0.00","0.00","0.00"
"14/12/2025 19:00:00 - 14/12/2025 20:00:00","Belgium (BE)","0.00","0.00","0.00","0.00"
"14/12/2025 20:00:00 - 14/12/2025 21:00:00","Belgium (BE)","0.00","0.00","0.00","0.00"
"14/12/2025 21:00:00 - 14/12/2025 22:00:00","Belgium (BE)","0.00","0.00","0.00","0.00"
"14/12/2025 22:00:00 - 14/12/2025 23:00:00","Belgium (BE)","0.00","0.00","0.00","0.00"
"14/12/2025 23:00:00 - 15/12/2025 00:00:00","Belgium (BE)","0.00","0.00","0.00","0.00"
"15/12/2025 00:00:00 - 15/12/2025 01:00:00","Belgium (BE)","0.00","0.00","0.00","0.00"
"15/12/2025 01:00:00 - 15/12/2025 02:00:00","Belgium (BE)","0.00","0.00","0.00","0.00"
"15/12/2025 02:00:00 - 15/12/2025 03:00:00","Belgium (BE)","0.00","0.00","0.00","0.00"
"15/12/2025 03:00:00 - 15/12/2025 04:00:00","Belgium (BE)","0.00","0.00","0.00","0.00"
"15/12/2025 04:00:00 - 15/12/2025 05:00:00","Belgium (BE)","0.00","0.00","0.00","0.00"
"15/12/2025 05:00:00 - 15/12/2025 06:00:00","Belgium (BE)","0.00","0.00","0.00","0.00"
"15/12/2025 06:00:00 - 15/12/2025 07:00:00","Belgium (BE)","0.00","0.00","0.00","0.00"
"15/12/2025 07:00:00 - 15/12/2025 08:00:00","Belgium (BE)","0.00","0.00","0.00","0.00"
"15/12/2025 08:00:00 - 15/12/2025 09:00:00","Belgium (BE)","23.26","22.12","21.25","9.44"
"15/12/2025 09:00:00 - 15/12/2025 10:00:00","Belgium (BE)","861.56","687.51","667.36","383.23"
"15/12/2025 10:00:00 - 15/12/2025 11:00:00","Belgium (BE)","2139.53","1698.50","1447.81","1281.51"
"15/12/2025 11:00:00 - 15/12/2025 12:00:00","Belgium (BE)","3097.44","2509.12","2465.00","2109.69"
"15/12/2025 12:00:00 - 15/12/2025 13:00:00","Belgium (BE)","3406.08","2821.53","2681.39","2423.82"
"15/12/2025 13:00:00 - 15/12/2025 14:00:00","Belgium (BE)","3138.38","2653.07","2438.76","2204.54"
"15/12/2025 14:00:00 - 15/12/2025 15:00:00","Belgium (BE)","2377.31","2117.88","1859.13","2025.92"
"15/12/2025 15:00:00 - 15/12/2025 16:00:00","Belgium (BE)","1139.55","1049.75","969.00","832.02"
"15/12/2025 16:00:00 - 15/12/2025 17:00:00","Belgium (BE)","94.68","84.78","66.41","33.68"
"15/12/2025 17:00:00 - 15/12/2025 18:00:00","Belgium (BE)","0.00","0.00","0.00","0.00"
"15/12/2025 18:00:00 - 15/12/2025 19:00:00","Belgium (BE)","0.00","0.00","0.00","0.00"
"15/12/2025 19:00:00 - 15/12/2025 20:00:00","Belgium (BE)","0.00","0.00","0.00","0.00"
"15/12/2025 20:00:00 - 15/12/2025 21:00:00","Belgium (BE)","0.00","0.00","0.00","0.00"
"15/12/2025 21:00:00 - 15/12/2025 22:00:00","Belgium (BE)","0.00","0.00","0.00","0.00"
"15/12/2025 22:00:00 - 15/12/2025 23:00:00","Belgium (BE)","0.00","0.00","0.00","0.00"
"15/12/2025 23:00:00 - 16/12/2025 00:00:00","Belgium (BE)","0.00","0.00","0.00","0.00"
"16/12/2025 00:00:00 - 16/12/2025 01:00:00","Belgium (BE)","0.00","0.00","0.00","0.00"
"16/12/2025 01:00:00 - 16/12/2025 02:00:00","Belgium (BE)","0.00","0.00","0.00","0.00"
"16/12/2025 02:00:00 - 16/12/2025 03:00:00","Belgium (BE)","0.00","0.00","0.00","0.00"
"16/12/2025 03:00:00 - 16/12/2025 04:00:00","Belgium (BE)","0.00","0.00","0.00","0.00"
"16/12/2025 04:00:00 - 16/12/2025 05:00:00","Belgium (BE)","0.00","0.00","0.00","0.00"
"16/12/2025 05:00:00 - 16/12/2025 06:00:00","Belgium (BE)","0.00","0.00","0.00","0.00"
"16/12/2025 06:00:00 - 16/12/2025 07:00:00","Belgium (BE)","0.00","0.00","0.00","0.00"
"16/12/2025 07:00:00 - 16/12/2025 08:00:00","Belgium (BE)","0.00","0.00","0.00","0.00"
"16/12/2025 08:00:00 - 16/12/2025 09:00:00","Belgium (BE)","10.60","8.52","8.04","7.75"
"16/12/2025 09:00:00 - 16/12/2025 10:00:00","Belgium (BE)","489.24","409.12","356.41","224.45"
"16/12/2025 10:00:00 - 16/12/2025 11:00:00","Belgium (BE)","1280.35","1136.04","931.05","733.71"
"16/12/2025 11:00:00 - 16/12/2025 12:00:00","Belgium (BE)","1724.65","1874.48","1325.91","1321.55"
"16/12/2025 12:00:00 - 16/12/2025 13:00:00","Belgium (BE)","1635.30","2270.08","2009.41","1915.24"
"16/12/2025 13:00:00 - 16/12/2025 14:00:00","Belgium (BE)","1171.25","2007.75","2003.93","1686.83"
"16/12/2025 14:00:00 - 16/12/2025 15:00:00","Belgium (BE)","673.88","1302.96","1417.73","874.91"
"16/12/2025 15:00:00 - 16/12/2025 16:00:00","Belgium (BE)","268.98","559.55","574.11","498.15"
"16/12/2025 16:00:00 - 16/12/2025 17:00:00","Belgium (BE)","20.81","39.59","45.41","51.84"
"16/12/2025 17:00:00 - 16/12/2025 18:00:00","Belgium (BE)","0.00","0.00","0.00","0.00"
"16/12/2025 18:00:00 - 16/12/2025 19:00:00","Belgium (BE)","0.00","0.00","0.00","0.00"
"16/12/2025 19:00:00 - 16/12/2025 20:00:00","Belgium (BE)","0.00","0.00","0.00","0.00"
"16/12/2025 20:00:00 - 16/12/2025 21:00:00","Belgium (BE)","0.00","0.00","0.00","0.00"
"16/12/2025 21:00:00 - 16/12/2025 22:00:00","Belgium (BE)","0.00","0.00","0.00","0.00"
"16/12/2025 22:00:00 - 16/12/2025 23:00:00","Belgium (BE)","0.00","0.00","0.00","0.00"
"16/12/2025 23:00:00 - 17/12/2025 00:00:00","Belgium (BE)","0.00","0.00","0.00","0.00"
"17/12/2025 00:00:00 - 17/12/2025 01:00:00","Belgium (BE)","0.00","0.00","0.00","0.00"
"17/12/2025 01:00:00 - 17/12/2025 02:00:00","Belgium (BE)","0.00","0.00","0.00","0.00"
"17/12/2025 02:00:00 - 17/12/2025 03:00:00","Belgium (BE)","0.00","0.00","0.00","0.00"
"17/12/2025 03:00:00 - 17/12/2025 04:00:00","Belgium (BE)","0.00","0.00","0.00","0.00"
"17/12/2025 04:00:00 - 17/12/2025 05:00:00","Belgium (BE)","0.00","0.00","0.00","0.00"
"17/12/2025 05:00:00 - 17/12/2025 06:00:00","Belgium (BE)","0.00","0.00","0.00","0.00"
"17/12/2025 06:00:00 - 17/12/2025 07:00:00","Belgium (BE)","0.00","0.00","0.00","0.00"
"17/12/2025 07:00:00 - 17/12/2025 08:00:00","Belgium (BE)","0.00","0.00","0.00","0.00"
"17/12/2025 08:00:00 - 17/12/2025 09:00:00","Belgium (BE)","4.06","4.10","4.15","0.19"
"17/12/2025 09:00:00 - 17/12/2025 10:00:00","Belgium (BE)","165.08","130.17","128.72","107.58"
"17/12/2025 10:00:00 - 17/12/2025 11:00:00","Belgium (BE)","506.67","389.38","367.00","497.19"
"17/12/2025 11:00:00 - 17/12/2025 12:00:00","Belgium (BE)","821.20","648.66","628.10","851.98"
"17/12/2025 12:00:00 - 17/12/2025 13:00:00","Belgium (BE)","1032.57","779.76","857.99","761.59"
"17/12/2025 13:00:00 - 17/12/2025 14:00:00","Belgium (BE)","1098.88","777.96","697.46","782.85"
"17/12/2025 14:00:00 - 17/12/2025 15:00:00","Belgium (BE)","902.59","613.33","604.48","740.49"
"17/12/2025 15:00:00 - 17/12/2025 16:00:00","Belgium (BE)","386.42","260.43","329.76","418.74"
"17/12/2025 16:00:00 - 17/12/2025 17:00:00","Belgium (BE)","29.08","23.92","28.96","25.19"
"17/12/2025 17:00:00 - 17/12/2025 18:00:00","Belgium (BE)","0.00","0.00","0.00","0.00"
"17/12/2025 18:00:00 - 17/12/2025 19:00:00","Belgium (BE)","0.00","0.00","0.00","0.00"
"17/12/2025 19:00:00 - 17/12/2025 20:00:00","Belgium (BE)","0.00","0.00","0.00","0.00"
"17/12/2025 20:00:00 - 17/12/2025 21:00:00","Belgium (BE)","0.00","0.00","0.00","0.00"
"17/12/2025 21:00:00 - 17/12/2025 22:00:00","Belgium (BE)","0.00","0.00","0.00","0.00"
"17/12/2025 22:00:00 - 17/12/2025 23:00:00","Belgium (BE)","0.00","0.00","0.00","0.00"
"17/12/2025 23:00:00 - 18/12/2025 00:00:00","Belgium (BE)","0.00","0.00","0.00","0.00"
"18/12/2025 00:00:00 - 18/12/2025 01:00:00","Belgium (BE)","0.00","0.00","0.00","0.00"
"18/12/2025 01:00:00 - 18/12/2025 02:00:00","Belgium (BE)","0.00","0.00","0.00","0.00"
"18/12/2025 02:00:00 - 18/12/2025 03:00:00","Belgium (BE)","0.00","0.00","0.00","0.00"
"18/12/2025 03:00:00 - 18/12/2025 04:00:00","Belgium (BE)","0.00","0.00","0.00","0.00"
"18/12/2025 04:00:00 - 18/12/2025 05:00:00","Belgium (BE)","0.00","0.00","0.00","0.00"
"18/12/2025 05:00:00 - 18/12/2025 06:00:00","Belgium (BE)","0.00","0.00","0.00","0.00"
"18/12/2025 06:00:00 - 18/12/2025 07:00:00","Belgium (BE)","0.00","0.00","0.00","0.00"
"18/12/2025 07:00:00 - 18/12/2025 08:00:00","Belgium (BE)","0.00","0.00","0.00","0.00"
"18/12/2025 08:00:00 - 18/12/2025 09:00:00","Belgium (BE)","3.89","5.53","5.68","0.33"
"18/12/2025 09:00:00 - 18/12/2025 10:00:00","Belgium (BE)","155.98","207.54","238.35","174.67"
"18/12/2025 10:00:00 - 18/12/2025 11:00:00","Belgium (BE)","498.27","605.28","647.74","734.48"
"18/12/2025 11:00:00 - 18/12/2025 12:00:00","Belgium (BE)","959.93","1065.33","1212.40","1468.58"
"18/12/2025 12:00:00 - 18/12/2025 13:00:00","Belgium (BE)","1274.10","1317.52","1721.75","2027.68"
"18/12/2025 13:00:00 - 18/12/2025 14:00:00","Belgium (BE)","1271.29","1209.78","1809.60","2251.49"
"18/12/2025 14:00:00 - 18/12/2025 15:00:00","Belgium (BE)","1043.57","871.35","1706.14","1437.48"
"18/12/2025 15:00:00 - 18/12/2025 16:00:00","Belgium (BE)","467.10","391.63","691.79","542.85"
"18/12/2025 16:00:00 - 18/12/2025 17:00:00","Belgium (BE)","35.17","29.24","45.84","37.43"
"18/12/2025 17:00:00 - 18/12/2025 18:00:00","Belgium (BE)","0.00","0.00","0.00","0.00"
"18/12/2025 18:00:00 - 18/12/2025 19:00:00","Belgium (BE)","0.00","0.00","0.00","0.00"
"18/12/2025 19:00:00 - 18/12/2025 20:00:00","Belgium (BE)","0.00","0.00","0.00","0.00"
"18/12/2025 20:00:00 - 18/12/2025 21:00:00","Belgium (BE)","0.00","0.00","0.00","0.00"
"18/12/2025 21:00:00 - 18/12/2025 22:00:00","Belgium (BE)","0.00","0.00","0.00","0.00"
"18/12/2025 22:00:00 - 18/12/2025 23:00:00","Belgium (BE)","0.00","0.00","0.00","0.00"
"18/12/2025 23:00:00 - 19/12/2025 00:00:00","Belgium (BE)","0.00","0.00","0.00","0.00"
"19/12/2025 00:00:00 - 19/12/2025 01:00:00","Belgium (BE)","0.00","0.00","0.00","0.00"
"19/12/2025 01:00:00 - 19/12/2025 02:00:00","Belgium (BE)","0.00","0.00","0.00","0.00"
"19/12/2025 02:00:00 - 19/12/2025 03:00:00","Belgium (BE)","0.00","0.00","0.00","0.00"
"19/12/2025 03:00:00 - 19/12/2025 04:00:00","Belgium (BE)","0.00","0.00","0.00","0.00"
"19/12/2025 04:00:00 - 19/12/2025 05:00:00","Belgium (BE)","0.00","0.00","0.00","0.00"
"19/12/2025 05:00:00 - 19/12/2025 06:00:00","Belgium (BE)","0.00","0.00","0.00","0.00"
"19/12/2025 06:00:00 - 19/12/2025 07:00:00","Belgium (BE)","0.00","0.00","0.00","0.00"
"19/12/2025 07:00:00 - 19/12/2025 08:00:00","Belgium (BE)","0.00","0.00","0.00","0.00"
"19/12/2025 08:00:00 - 19/12/2025 09:00:00","Belgium (BE)","2.26","2.40","2.40","0.22"
"19/12/2025 09:00:00 - 19/12/2025 10:00:00","Belgium (BE)","87.34","96.31","105.39","125.22"
"19/12/2025 10:00:00 - 19/12/2025 11:00:00","Belgium (BE)","267.42","307.35","326.86","446.61"
"19/12/2025 11:00:00 - 19/12/2025 12:00:00","Belgium (BE)","449.35","579.03","693.61","734.65"
"19/12/2025 12:00:00 - 19/12/2025 13:00:00","Belgium (BE)","576.85","886.71","1095.29","1049.14"
"19/12/2025 13:00:00 - 19/12/2025 14:00:00","Belgium (BE)","646.09","1103.12","1213.79","1276.10"
"19/12/2025 14:00:00 - 19/12/2025 15:00:00","Belgium (BE)","544.84","993.85","1101.59","906.24"
"19/12/2025 15:00:00 - 19/12/2025 16:00:00","Belgium (BE)","239.37","458.25","441.12","402.89"
"19/12/2025 16:00:00 - 19/12/2025 17:00:00","Belgium (BE)","21.78","36.07","39.93","33.55"
"19/12/2025 17:00:00 - 19/12/2025 18:00:00","Belgium (BE)","0.00","0.00","0.00","0.00"
"19/12/2025 18:00:00 - 19/12/2025 19:00:00","Belgium (BE)","0.00","0.00","0.00","0.00"
"19/12/2025 19:00:00 - 19/12/2025 20:00:00","Belgium (BE)","0.00","0.00","0.00","0.00"
"19/12/2025 20:00:00 - 19/12/2025 21:00:00","Belgium (BE)","0.00","0.00","0.00","0.00"
"19/12/2025 21:00:00 - 19/12/2025 22:00:00","Belgium (BE)","0.00","0.00","0.00","0.00"
"19/12/2025 22:00:00 - 19/12/2025 23:00:00","Belgium (BE)","0.00","0.00","0.00","0.00"
"19/12/2025 23:00:00 - 20/12/2025 00:00:00","Belgium (BE)","0.00","0.00","0.00","0.00"
"20/12/2025 00:00:00 - 20/12/2025 01:00:00","Belgium (BE)","0.00","0.00","0.00","0.00"
"20/12/2025 01:00:00 - 20/12/2025 02:00:00","Belgium (BE)","0.00","0.00","0.00","0.00"
"20/12/2025 02:00:00 - 20/12/2025 03:00:00","Belgium (BE)","0.00","0.00","0.00","0.00"
"20/12/2025 03:00:00 - 20/12/2025 04:00:00","Belgium (BE)","0.00","0.00","0.00","0.00"
"20/12/2025 04:00:00 - 20/12/2025 05:00:00","Belgium (BE)","0.00","0.00","0.00","0.00"
"20/12/2025 05:00:00 - 20/12/2025 06:00:00","Belgium (BE)","0.00","0.00","0.00","0.00"
"20/12/2025 06:00:00 - 20/12/2025 07:00:00","Belgium (BE)","0.00","0.00","0.00","0.00"
"20/12/2025 07:00:00 - 20/12/2025 08:00:00","Belgium (BE)","0.00","0.00","0.00","0.00"
"20/12/2025 08:00:00 - 20/12/2025 09:00:00","Belgium (BE)","3.00","4.04","3.95","0.48"
"20/12/2025 09:00:00 - 20/12/2025 10:00:00","Belgium (BE)","116.21","192.23","197.37","223.24"
"20/12/2025 10:00:00 - 20/12/2025 11:00:00","Belgium (BE)","339.41","553.90","534.25","683.76"
"20/12/2025 11:00:00 - 20/12/2025 12:00:00","Belgium (BE)","456.06","648.22","729.30","887.30"
"20/12/2025 12:00:00 - 20/12/2025 13:00:00","Belgium (BE)","452.95","582.48","767.29","893.31"
"20/12/2025 13:00:00 - 20/12/2025 14:00:00","Belgium (BE)","353.64","461.39","578.42","703.51"
"20/12/2025 14:00:00 - 20/12/2025 15:00:00","Belgium (BE)","231.02","313.38","372.16","419.53"
"20/12/2025 15:00:00 - 20/12/2025 16:00:00","Belgium (BE)","100.09","134.97","153.65","138.02"
"20/12/2025 16:00:00 - 20/12/2025 17:00:00","Belgium (BE)","10.91","14.42","14.26","10.13"
"20/12/2025 17:00:00 - 20/12/2025 18:00:00","Belgium (BE)","0.00","0.00","0.00","0.00"
"20/12/2025 18:00:00 - 20/12/2025 19:00:00","Belgium (BE)","0.00","0.00","0.00","0.00"
"20/12/2025 19:00:00 - 20/12/2025 20:00:00","Belgium (BE)","0.00","0.00","0.00","0.00"
"20/12/2025 20:00:00 - 20/12/2025 21:00:00","Belgium (BE)","0.00","0.00","0.00","0.00"
"20/12/2025 21:00:00 - 20/12/2025 22:00:00","Belgium (BE)","0.00","0.00","0.00","0.00"
"20/12/2025 22:00:00 - 20/12/2025 23:00:00","Belgium (BE)","0.00","0.00","0.00","0.00"
"20/12/2025 23:00:00 - 21/12/2025 00:00:00","Belgium (BE)","0.00","0.00","0.00","0.00"
"21/12/2025 00:00:00 - 21/12/2025 01:00:00","Belgium (BE)","0.00","0.00","0.00","0.00"
"21/12/2025 01:00:00 - 21/12/2025 02:00:00","Belgium (BE)","0.00","0.00","0.00","0.00"
"21/12/2025 02:00:00 - 21/12/2025 03:00:00","Belgium (BE)","0.00","0.00","0.00","0.00"
"21/12/2025 03:00:00 - 21/12/2025 04:00:00","Belgium (BE)","0.00","0.00","0.00","0.00"
"21/12/2025 04:00:00 - 21/12/2025 05:00:00","Belgium (BE)","0.00","0.00","0.00","0.00"
"21/12/2025 05:00:00 - 21/12/2025 06:00:00","Belgium (BE)","0.00","0.00","0.00","0.00"
"21/12/2025 06:00:00 - 21/12/2025 07:00:00","Belgium (BE)","0.00","0.00","0.00","0.00"
"21/12/2025 07:00:00 - 21/12/2025 08:00:00","Belgium (BE)","0.00","0.00","0.00","0.00"
"21/12/2025 08:00:00 - 21/12/2025 09:00:00","Belgium (BE)","5.77","5.92","6.17","0.55"
"21/12/2025 09:00:00 - 21/12/2025 10:00:00","Belgium (BE)","343.16","348.53","400.51","232.53"
"21/12/2025 10:00:00 - 21/12/2025 11:00:00","Belgium (BE)","1028.52","1000.38","1049.26","900.07"
"21/12/2025 11:00:00 - 21/12/2025 12:00:00","Belgium (BE)","1552.78","1416.30","1567.94","1424.54"
"21/12/2025 12:00:00 - 21/12/2025 13:00:00","Belgium (BE)","1745.51","1624.21","1615.38","1276.77"
"21/12/2025 13:00:00 - 21/12/2025 14:00:00","Belgium (BE)","1631.90","1575.94","1407.32","1121.85"
"21/12/2025 14:00:00 - 21/12/2025 15:00:00","Belgium (BE)","1308.33","1245.01","995.15","986.95"
"21/12/2025 15:00:00 - 21/12/2025 16:00:00","Belgium (BE)","624.84","583.76","505.11","469.27"
"21/12/2025 16:00:00 - 21/12/2025 17:00:00","Belgium (BE)","46.38","46.16","44.07","40.68"
"21/12/2025 17:00:00 - 21/12/2025 18:00:00","Belgium (BE)","0.00","0.00","0.00","0.00"
"21/12/2025 18:00:00 - 21/12/2025 19:00:00","Belgium (BE)","0.00","0.00","0.00","0.00"
"21/12/2025 19:00:00 - 21/12/2025 20:00:00","Belgium (BE)","0.00","0.00","0.00","0.00"
"21/12/2025 20:00:00 - 21/12/2025 21:00:00","Belgium (BE)","0.00","0.00","0.00","0.00"
"21/12/2025 21:00:00 - 21/12/2025 22:00:00","Belgium (BE)","0.00","0.00","0.00","0.00"
"21/12/2025 22:00:00 - 21/12/2025 23:00:00","Belgium (BE)","0.00","0.00","0.00","0.00"
"21/12/2025 23:00:00 - 22/12/2025 00:00:00","Belgium (BE)","0.00","0.00","0.00","0.00"
"22/12/2025 00:00:00 - 22/12/2025 01:00:00","Belgium (BE)","0.00","0.00","0.00","0.00"
"22/12/2025 01:00:00 - 22/12/2025 02:00:00","Belgium (BE)","0.00","0.00","0.00","0.00"
"22/12/2025 02:00:00 - 22/12/2025 03:00:00","Belgium (BE)","0.00","0.00","0.00","0.00"
"22/12/2025 03:00:00 - 22/12/2025 04:00:00","Belgium (BE)","0.00","0.00","0.00","0.00"
"22/12/2025 04:00:00 - 22/12/2025 05:00:00","Belgium (BE)","0.00","0.00","0.00","0.00"
"22/12/2025 05:00:00 - 22/12/2025 06:00:00","Belgium (BE)","0.00","0.00","0.00","0.00"
"22/12/2025 06:00:00 - 22/12/2025 07:00:00","Belgium (BE)","0.00","0.00","0.00","0.00"
"22/12/2025 07:00:00 - 22/12/2025 08:00:00","Belgium (BE)","0.00","0.00","0.00","0.00"
"22/12/2025 08:00:00 - 22/12/2025 09:00:00","Belgium (BE)","7.74","6.29","6.18","0.44"
"22/12/2025 09:00:00 - 22/12/2025 10:00:00","Belgium (BE)","602.18","529.94","455.45","331.54"
"22/12/2025 10:00:00 - 22/12/2025 11:00:00","Belgium (BE)","1699.60","1559.92","1317.50","1211.33"
"22/12/2025 11:00:00 - 22/12/2025 12:00:00","Belgium (BE)","2621.21","2479.09","2058.74","2209.19"
"22/12/2025 12:00:00 - 22/12/2025 13:00:00","Belgium (BE)","3110.40","3096.77","2710.81","2286.18"
"22/12/2025 13:00:00 - 22/12/2025 14:00:00","Belgium (BE)","2897.73","3031.49","2392.22","1956.63"
"22/12/2025 14:00:00 - 22/12/2025 15:00:00","Belgium (BE)","2121.68","2270.61","1635.35","1556.26"
"22/12/2025 15:00:00 - 22/12/2025 16:00:00","Belgium (BE)","1059.67","1162.96","860.74","890.10"
"22/12/2025 16:00:00 - 22/12/2025 17:00:00","Belgium (BE)","87.75","102.12","68.24","67.73"
"22/12/2025 17:00:00 - 22/12/2025 18:00:00","Belgium (BE)","0.00","0.00","0.00","0.00"
"22/12/2025 18:00:00 - 22/12/2025 19:00:00","Belgium (BE)","0.00","0.00","0.00","0.00"
"22/12/2025 19:00:00 - 22/12/2025 20:00:00","Belgium (BE)","0.00","0.00","0.00","0.00"
"22/12/2025 20:00:00 - 22/12/2025 21:00:00","Belgium (BE)","0.00","0.00","0.00","0.00"
"22/12/2025 21:00:00 - 22/12/2025 22:00:00","Belgium (BE)","0.00","0.00","0.00","0.00"
"22/12/2025 22:00:00 - 22/12/2025 23:00:00","Belgium (BE)","0.00","0.00","0.00","0.00"
"22/12/2025 23:00:00 - 23/12/2025 00:00:00","Belgium (BE)","0.00","0.00","0.00","0.00"
"23/12/2025 00:00:00 - 23/12/2025 01:00:00","Belgium (BE)","0.00","0.00","0.00","0.00"
"23/12/2025 01:00:00 - 23/12/2025 02:00:00","Belgium (BE)","0.00","0.00","0.00","0.00"
"23/12/2025 02:00:00 - 23/12/2025 03:00:00","Belgium (BE)","0.00","0.00","0.00","0.00"
"23/12/2025 03:00:00 - 23/12/2025 04:00:00","Belgium (BE)","0.00","0.00","0.00","0.00"
"23/12/2025 04:00:00 - 23/12/2025 05:00:00","Belgium (BE)","0.00","0.00","0.00","0.00"
"23/12/2025 05:00:00 - 23/12/2025 06:00:00","Belgium (BE)","0.00","0.00","0.00","0.00"
"23/12/2025 06:00:00 - 23/12/2025 07:00:00","Belgium (BE)","0.00","0.00","0.00","0.00"
"23/12/2025 07:00:00 - 23/12/2025 08:00:00","Belgium (BE)","0.00","0.00","0.00","0.00"
"23/12/2025 08:00:00 - 23/12/2025 09:00:00","Belgium (BE)","4.17","3.25","3.22","0.01"
"23/12/2025 09:00:00 - 23/12/2025 10:00:00","Belgium (BE)","219.46","167.54","162.03","35.67"
"23/12/2025 10:00:00 - 23/12/2025 11:00:00","Belgium (BE)","598.04","486.12","403.79","175.82"
"23/12/2025 11:00:00 - 23/12/2025 12:00:00","Belgium (BE)","893.74","743.56","510.28","306.68"
"23/12/2025 12:00:00 - 23/12/2025 13:00:00","Belgium (BE)","1041.16","858.63","533.63","354.97"
"23/12/2025 13:00:00 - 23/12/2025 14:00:00","Belgium (BE)","981.08","814.39","501.80","309.31"
"23/12/2025 14:00:00 - 23/12/2025 15:00:00","Belgium (BE)","723.62","617.96","384.55","204.58"
"23/12/2025 15:00:00 - 23/12/2025 16:00:00","Belgium (BE)","329.02","284.17","184.44","62.79"
"23/12/2025 16:00:00 - 23/12/2025 17:00:00","Belgium (BE)","32.09","28.87","20.18","0.56"
"23/12/2025 17:00:00 - 23/12/2025 18:00:00","Belgium (BE)","0.00","0.00","0.00","0.00"
"23/12/2025 18:00:00 - 23/12/2025 19:00:00","Belgium (BE)","0.00","0.00","0.00","0.00"
"23/12/2025 19:00:00 - 23/12/2025 20:00:00","Belgium (BE)","0.00","0.00","0.00","0.00"
"23/12/2025 20:00:00 - 23/12/2025 21:00:00","Belgium (BE)","0.00","0.00","0.00","0.00"
"23/12/2025 21:00:00 - 23/12/2025 22:00:00","Belgium (BE)","0.00","0.00","0.00","0.00"
"23/12/2025 22:00:00 - 23/12/2025 23:00:00","Belgium (BE)","0.00","0.00","0.00","0.00"
"23/12/2025 23:00:00 - 24/12/2025 00:00:00","Belgium (BE)","0.00","0.00","0.00","0.00"
"24/12/2025 00:00:00 - 24/12/2025 01:00:00","Belgium (BE)","0.00","0.00","0.00","0.00"
"24/12/2025 01:00:00 - 24/12/2025 02:00:00","Belgium (BE)","0.00","0.00","0.00","0.00"
"24/12/2025 02:00:00 - 24/12/2025 03:00:00","Belgium (BE)","0.00","0.00","0.00","0.00"
"24/12/2025 03:00:00 - 24/12/2025 04:00:00","Belgium (BE)","0.00","0.00","0.00","0.00"
"24/12/2025 04:00:00 - 24/12/2025 05:00:00","Belgium (BE)","0.00","0.00","0.00","0.00"
"24/12/2025 05:00:00 - 24/12/2025 06:00:00","Belgium (BE)","0.00","0.00","0.00","0.00"
"24/12/2025 06:00:00 - 24/12/2025 07:00:00","Belgium (BE)","0.00","0.00","0.00","0.00"
"24/12/2025 07:00:00 - 24/12/2025 08:00:00","Belgium (BE)","0.00","0.00","0.00","0.00"
"24/12/2025 08:00:00 - 24/12/2025 09:00:00","Belgium (BE)","4.93","6.49","6.63","1.79"
"24/12/2025 09:00:00 - 24/12/2025 10:00:00","Belgium (BE)","315.42","491.03","529.04","714.45"
"24/12/2025 10:00:00 - 24/12/2025 11:00:00","Belgium (BE)","921.33","1404.50","1599.95","2210.53"
"24/12/2025 11:00:00 - 24/12/2025 12:00:00","Belgium (BE)","1408.02","2105.88","2773.19","3386.59"
"24/12/2025 12:00:00 - 24/12/2025 13:00:00","Belgium (BE)","1902.95","2439.52","3484.97","3957.82"
"24/12/2025 13:00:00 - 24/12/2025 14:00:00","Belgium (BE)","2252.35","2530.46","3540.81","3739.45"
"24/12/2025 14:00:00 - 24/12/2025 15:00:00","Belgium (BE)","2097.12","2130.81","2695.78","2823.14"
"24/12/2025 15:00:00 - 24/12/2025 16:00:00","Belgium (BE)","1166.77","1201.72","1327.31","1356.36"
"24/12/2025 16:00:00 - 24/12/2025 17:00:00","Belgium (BE)","127.06","136.56","141.77","152.21"
"24/12/2025 17:00:00 - 24/12/2025 18:00:00","Belgium (BE)","0.00","0.00","0.00","0.00"
"24/12/2025 18:00:00 - 24/12/2025 19:00:00","Belgium (BE)","0.00","0.00","0.00","0.00"
"24/12/2025 19:00:00 - 24/12/2025 20:00:00","Belgium (BE)","0.00","0.00","0.00","0.00"
"24/12/2025 20:00:00 - 24/12/2025 21:00:00","Belgium (BE)","0.00","0.00","0.00","0.00"
"24/12/2025 21:00:00 - 24/12/2025 22:00:00","Belgium (BE)","0.00","0.00","0.00","0.00"
"24/12/2025 22:00:00 - 24/12/2025 23:00:00","Belgium (BE)","0.00","0.00","0.00","0.00"
"24/12/2025 23:00:00 - 25/12/2025 00:00:00","Belgium (BE)","0.00","0.00","0.00","0.00"
"25/12/2025 00:00:00 - 25/12/2025 01:00:00","Belgium (BE)","0.00","0.00","0.00","0.00"
"25/12/2025 01:00:00 - 25/12/2025 02:00:00","Belgium (BE)","0.00","0.00","0.00","0.00"
"25/12/2025 02:00:00 - 25/12/2025 03:00:00","Belgium (BE)","0.00","0.00","0.00","0.00"
"25/12/2025 03:00:00 - 25/12/2025 04:00:00","Belgium (BE)","0.00","0.00","0.00","0.00"
"25/12/2025 04:00:00 - 25/12/2025 05:00:00","Belgium (BE)","0.00","0.00","0.00","0.00"
"25/12/2025 05:00:00 - 25/12/2025 06:00:00","Belgium (BE)","0.00","0.00","0.00","0.00"
"25/12/2025 06:00:00 - 25/12/2025 07:00:00","Belgium (BE)","0.00","0.00","0.00","0.00"
"25/12/2025 07:00:00 - 25/12/2025 08:00:00","Belgium (BE)","0.00","0.00","0.00","0.00"
"25/12/2025 08:00:00 - 25/12/2025 09:00:00","Belgium (BE)","11.20","11.70","11.59","0.98"
"25/12/2025 09:00:00 - 25/12/2025 10:00:00","Belgium (BE)","875.29","924.89","924.86","710.50"
"25/12/2025 10:00:00 - 25/12/2025 11:00:00","Belgium (BE)","2333.62","2554.47","2440.31","2168.60"
"25/12/2025 11:00:00 - 25/12/2025 12:00:00","Belgium (BE)","3575.89","3882.16","3712.12","3252.86"
"25/12/2025 12:00:00 - 25/12/2025 13:00:00","Belgium (BE)","4121.49","4300.26","3860.06","3743.30"
"25/12/2025 13:00:00 - 25/12/2025 14:00:00","Belgium (BE)","3751.37","3790.61","3409.84","3550.40"
"25/12/2025 14:00:00 - 25/12/2025 15:00:00","Belgium (BE)","2637.20","2606.13","2495.83","2633.46"
"25/12/2025 15:00:00 - 25/12/2025 16:00:00","Belgium (BE)","1462.22","1454.55","1428.80","1151.37"
"25/12/2025 16:00:00 - 25/12/2025 17:00:00","Belgium (BE)","173.73","173.33","160.01","115.66"
"25/12/2025 17:00:00 - 25/12/2025 18:00:00","Belgium (BE)","0.00","0.00","0.00","0.00"
"25/12/2025 18:00:00 - 25/12/2025 19:00:00","Belgium (BE)","0.00","0.00","0.00","0.00"
"25/12/2025 19:00:00 - 25/12/2025 20:00:00","Belgium (BE)","0.00","0.00","0.00","0.00"
"25/12/2025 20:00:00 - 25/12/2025 21:00:00","Belgium (BE)","0.00","0.00","0.00","0.00"
"25/12/2025 21:00:00 - 25/12/2025 22:00:00","Belgium (BE)","0.00","0.00","0.00","0.00"
"25/12/2025 22:00:00 - 25/12/2025 23:00:00","Belgium (BE)","0.00","0.00","0.00","0.00"
"25/12/2025 23:00:00 - 26/12/2025 00:00:00","Belgium (BE)","0.00","0.00","0.00","0.00"
"26/12/2025 00:00:00 - 26/12/2025 01:00:00","Belgium (BE)","0.00","0.00","0.00","0.00"
"26/12/2025 01:00:00 - 26/12/2025 02:00:00","Belgium (BE)","0.00","0.00","0.00","0.00"
"26/12/2025 02:00:00 - 26/12/2025 03:00:00","Belgium (BE)","0.00","0.00","0.00","0.00"
"26/12/2025 03:00:00 - 26/12/2025 04:00:00","Belgium (BE)","0.00","0.00","0.00","0.00"
"26/12/2025 04:00:00 - 26/12/2025 05:00:00","Belgium (BE)","0.00","0.00","0.00","0.00"
"26/12/2025 05:00:00 - 26/12/2025 06:00:00","Belgium (BE)","0.00","0.00","0.00","0.00"
"26/12/2025 06:00:00 - 26/12/2025 07:00:00","Belgium (BE)","0.00","0.00","0.00","0.00"
"26/12/2025 07:00:00 - 26/12/2025 08:00:00","Belgium (BE)","0.00","0.00","0.00","0.00"
"26/12/2025 08:00:00 - 26/12/2025 09:00:00","Belgium (BE)","11.52","11.72","11.60","1.30"
"26/12/2025 09:00:00 - 26/12/2025 10:00:00","Belgium (BE)","867.72","902.40","905.67","684.28"
"26/12/2025 10:00:00 - 26/12/2025 11:00:00","Belgium (BE)","2316.22","2511.73","2416.70","2067.81"
"26/12/2025 11:00:00 - 26/12/2025 12:00:00","Belgium (BE)","3557.91","3857.78","3369.88","3352.32"
"26/12/2025 12:00:00 - 26/12/2025 13:00:00","Belgium (BE)","4118.45","4326.35","3854.82","3904.75"
"26/12/2025 13:00:00 - 26/12/2025 14:00:00","Belgium (BE)","3767.29","3866.21","3518.76","3724.19"
"26/12/2025 14:00:00 - 26/12/2025 15:00:00","Belgium (BE)","2654.70","2661.02","2664.72","2768.62"
"26/12/2025 15:00:00 - 26/12/2025 16:00:00","Belgium (BE)","1478.91","1490.81","1514.97","1356.78"
"26/12/2025 16:00:00 - 26/12/2025 17:00:00","Belgium (BE)","183.24","185.91","183.68","131.57"
"26/12/2025 17:00:00 - 26/12/2025 18:00:00","Belgium (BE)","0.00","0.00","0.00","0.00"
"26/12/2025 18:00:00 - 26/12/2025 19:00:00","Belgium (BE)","0.00","0.00","0.00","0.00"
"26/12/2025 19:00:00 - 26/12/2025 20:00:00","Belgium (BE)","0.00","0.00","0.00","0.00"
"26/12/2025 20:00:00 - 26/12/2025 21:00:00","Belgium (BE)","0.00","0.00","0.00","0.00"
"26/12/2025 21:00:00 - 26/12/2025 22:00:00","Belgium (BE)","0.00","0.00","0.00","0.00"
"26/12/2025 22:00:00 - 26/12/2025 23:00:00","Belgium (BE)","0.00","0.00","0.00","0.00"
"26/12/2025 23:00:00 - 27/12/2025 00:00:00","Belgium (BE)","0.00","0.00","0.00","0.00"
"27/12/2025 00:00:00 - 27/12/2025 01:00:00","Belgium (BE)","0.00","0.00","0.00","0.00"
"27/12/2025 01:00:00 - 27/12/2025 02:00:00","Belgium (BE)","0.00","0.00","0.00","0.00"
"27/12/2025 02:00:00 - 27/12/2025 03:00:00","Belgium (BE)","0.00","0.00","0.00","0.00"
"27/12/2025 03:00:00 - 27/12/2025 04:00:00","Belgium (BE)","0.00","0.00","0.00","0.00"
"27/12/2025 04:00:00 - 27/12/2025 05:00:00","Belgium (BE)","0.00","0.00","0.00","0.00"
"27/12/2025 05:00:00 - 27/12/2025 06:00:00","Belgium (BE)","0.00","0.00","0.00","0.00"
"27/12/2025 06:00:00 - 27/12/2025 07:00:00","Belgium (BE)","0.00","0.00","0.00","0.00"
"27/12/2025 07:00:00 - 27/12/2025 08:00:00","Belgium (BE)","0.00","0.00","0.00","0.00"
"27/12/2025 08:00:00 - 27/12/2025 09:00:00","Belgium (BE)","7.01","8.53","8.47","1.56"
"27/12/2025 09:00:00 - 27/12/2025 10:00:00","Belgium (BE)","729.41","783.72","786.94","767.38"
"27/12/2025 10:00:00 - 27/12/2025 11:00:00","Belgium (BE)","2158.86","2319.36","2339.28","2172.18"
"27/12/2025 11:00:00 - 27/12/2025 12:00:00","Belgium (BE)","3353.35","3572.67","3631.18","3318.45"
"27/12/2025 12:00:00 - 27/12/2025 13:00:00","Belgium (BE)","3756.27","3995.29","3881.99","3790.74"
"27/12/2025 13:00:00 - 27/12/2025 14:00:00","Belgium (BE)","3373.19","3582.55","3466.25","3679.03"
"27/12/2025 14:00:00 - 27/12/2025 15:00:00","Belgium (BE)","2374.48","2482.61","2508.36","2717.97"
"27/12/2025 15:00:00 - 27/12/2025 16:00:00","Belgium (BE)","1302.67","1372.49","1385.73","1336.58"
"27/12/2025 16:00:00 - 27/12/2025 17:00:00","Belgium (BE)","152.06","159.63","157.12","129.79"
"27/12/2025 17:00:00 - 27/12/2025 18:00:00","Belgium (BE)","0.00","0.00","0.00","0.00"
"27/12/2025 18:00:00 - 27/12/2025 19:00:00","Belgium (BE)","0.00","0.00","0.00","0.00"
"27/12/2025 19:00:00 - 27/12/2025 20:00:00","Belgium (BE)","0.00","0.00","0.00","0.00"
"27/12/2025 20:00:00 - 27/12/2025 21:00:00","Belgium (BE)","0.00","0.00","0.00","0.00"
"27/12/2025 21:00:00 - 27/12/2025 22:00:00","Belgium (BE)","0.00","0.00","0.00","0.00"
"27/12/2025 22:00:00 - 27/12/2025 23:00:00","Belgium (BE)","0.00","0.00","0.00","0.00"
"27/12/2025 23:00:00 - 28/12/2025 00:00:00","Belgium (BE)","0.00","0.00","0.00","0.00"
"28/12/2025 00:00:00 - 28/12/2025 01:00:00","Belgium (BE)","0.00","0.00","0.00","0.00"
"28/12/2025 01:00:00 - 28/12/2025 02:00:00","Belgium (BE)","0.00","0.00","0.00","0.00"
"28/12/2025 02:00:00 - 28/12/2025 03:00:00","Belgium (BE)","0.00","0.00","0.00","0.00"
"28/12/2025 03:00:00 - 28/12/2025 04:00:00","Belgium (BE)","0.00","0.00","0.00","0.00"
"28/12/2025 04:00:00 - 28/12/2025 05:00:00","Belgium (BE)","0.00","0.00","0.00","0.00"
"28/12/2025 05:00:00 - 28/12/2025 06:00:00","Belgium (BE)","0.00","0.00","0.00","0.00"
"28/12/2025 06:00:00 - 28/12/2025 07:00:00","Belgium (BE)","0.00","0.00","0.00","0.00"
"28/12/2025 07:00:00 - 28/12/2025 08:00:00","Belgium (BE)","0.00","0.00","0.00","0.00"
"28/12/2025 08:00:00 - 28/12/2025 09:00:00","Belgium (BE)","3.45","4.08","3.72","0.76"
"28/12/2025 09:00:00 - 28/12/2025 10:00:00","Belgium (BE)","238.51","349.09","209.36","276.44"
"28/12/2025 10:00:00 - 28/12/2025 11:00:00","Belgium (BE)","695.31","1084.20","643.50","1208.70"
"28/12/2025 11:00:00 - 28/12/2025 12:00:00","Belgium (BE)","1054.88","1777.71","1790.20","2445.96"
"28/12/2025 12:00:00 - 28/12/2025 13:00:00","Belgium (BE)","1251.00","2100.97","2290.86","3462.12"
"28/12/2025 13:00:00 - 28/12/2025 14:00:00","Belgium (BE)","1320.00","2084.66","2930.82","3643.93"
"28/12/2025 14:00:00 - 28/12/2025 15:00:00","Belgium (BE)","1155.23","1753.21","2449.51","2842.02"
"28/12/2025 15:00:00 - 28/12/2025 16:00:00","Belgium (BE)","593.97","973.50","1172.74","1409.30"
"28/12/2025 16:00:00 - 28/12/2025 17:00:00","Belgium (BE)","69.40","114.31","129.18","162.15"
"28/12/2025 17:00:00 - 28/12/2025 18:00:00","Belgium (BE)","0.00","0.00","0.00","0.00"
"28/12/2025 18:00:00 - 28/12/2025 19:00:00","Belgium (BE)","0.00","0.00","0.00","0.00"
"28/12/2025 19:00:00 - 28/12/2025 20:00:00","Belgium (BE)","0.00","0.00","0.00","0.00"
"28/12/2025 20:00:00 - 28/12/2025 21:00:00","Belgium (BE)","0.00","0.00","0.00","0.00"
"28/12/2025 21:00:00 - 28/12/2025 22:00:00","Belgium (BE)","0.00","0.00","0.00","0.00"
"28/12/2025 22:00:00 - 28/12/2025 23:00:00","Belgium (BE)","0.00","0.00","0.00","0.00"
"28/12/2025 23:00:00 - 29/12/2025 00:00:00","Belgium (BE)","0.00","0.00","0.00","0.00"
"29/12/2025 00:00:00 - 29/12/2025 01:00:00","Belgium (BE)","0.00","0.00","0.00","0.00"
"29/12/2025 01:00:00 - 29/12/2025 02:00:00","Belgium (BE)","0.00","0.00","0.00","0.00"
"29/12/2025 02:00:00 - 29/12/2025 03:00:00","Belgium (BE)","0.00","0.00","0.00","0.00"
"29/12/2025 03:00:00 - 29/12/2025 04:00:00","Belgium (BE)","0.00","0.00","0.00","0.00"
"29/12/2025 04:00:00 - 29/12/2025 05:00:00","Belgium (BE)","0.00","0.00","0.00","0.00"
"29/12/2025 05:00:00 - 29/12/2025 06:00:00","Belgium (BE)","0.00","0.00","0.00","0.00"
"29/12/2025 06:00:00 - 29/12/2025 07:00:00","Belgium (BE)","0.00","0.00","0.00","0.00"
"29/12/2025 07:00:00 - 29/12/2025 08:00:00","Belgium (BE)","0.00","0.00","0.00","0.00"
"29/12/2025 08:00:00 - 29/12/2025 09:00:00","Belgium (BE)","3.78","3.96","3.90","1.39"
"29/12/2025 09:00:00 - 29/12/2025 10:00:00","Belgium (BE)","152.23","173.19","161.14","85.51"
"29/12/2025 10:00:00 - 29/12/2025 11:00:00","Belgium (BE)","450.75","519.55","431.19","312.07"
"29/12/2025 11:00:00 - 29/12/2025 12:00:00","Belgium (BE)","719.77","789.72","599.44","487.31"
"29/12/2025 12:00:00 - 29/12/2025 13:00:00","Belgium (BE)","835.38","893.89","652.59","584.75"
"29/12/2025 13:00:00 - 29/12/2025 14:00:00","Belgium (BE)","737.10","804.38","576.77","492.37"
"29/12/2025 14:00:00 - 29/12/2025 15:00:00","Belgium (BE)","501.99","552.17","407.77","338.06"
"29/12/2025 15:00:00 - 29/12/2025 16:00:00","Belgium (BE)","238.84","257.81","197.47","150.92"
"29/12/2025 16:00:00 - 29/12/2025 17:00:00","Belgium (BE)","33.85","35.43","30.26","13.03"
"29/12/2025 17:00:00 - 29/12/2025 18:00:00","Belgium (BE)","0.00","0.00","0.00","0.00"
"29/12/2025 18:00:00 - 29/12/2025 19:00:00","Belgium (BE)","0.00","0.00","0.00","0.00"
"29/12/2025 19:00:00 - 29/12/2025 20:00:00","Belgium (BE)","0.00","0.00","0.00","0.00"
"29/12/2025 20:00:00 - 29/12/2025 21:00:00","Belgium (BE)","0.00","0.00","0.00","0.00"
"29/12/2025 21:00:00 - 29/12/2025 22:00:00","Belgium (BE)","0.00","0.00","0.00","0.00"
"29/12/2025 22:00:00 - 29/12/2025 23:00:00","Belgium (BE)","0.00","0.00","0.00","0.00"
"29/12/2025 23:00:00 - 30/12/2025 00:00:00","Belgium (BE)","0.00","0.00","0.00","0.00"
"30/12/2025 00:00:00 - 30/12/2025 01:00:00","Belgium (BE)","0.00","0.00","0.00","0.00"
"30/12/2025 01:00:00 - 30/12/2025 02:00:00","Belgium (BE)","0.00","0.00","0.00","0.00"
"30/12/2025 02:00:00 - 30/12/2025 03:00:00","Belgium (BE)","0.00","0.00","0.00","0.00"
"30/12/2025 03:00:00 - 30/12/2025 04:00:00","Belgium (BE)","0.00","0.00","0.00","0.00"
"30/12/2025 04:00:00 - 30/12/2025 05:00:00","Belgium (BE)","0.00","0.00","0.00","0.00"
"30/12/2025 05:00:00 - 30/12/2025 06:00:00","Belgium (BE)","0.00","0.00","0.00","0.00"
"30/12/2025 06:00:00 - 30/12/2025 07:00:00","Belgium (BE)","0.00","0.00","0.00","0.00"
"30/12/2025 07:00:00 - 30/12/2025 08:00:00","Belgium (BE)","0.00","0.00","0.00","0.00"
"30/12/2025 08:00:00 - 30/12/2025 09:00:00","Belgium (BE)","5.86","6.68","6.22","1.13"
"30/12/2025 09:00:00 - 30/12/2025 10:00:00","Belgium (BE)","622.37","632.12","575.13","598.69"
"30/12/2025 10:00:00 - 30/12/2025 11:00:00","Belgium (BE)","1680.92","1772.55","1637.70","1861.21"
"30/12/2025 11:00:00 - 30/12/2025 12:00:00","Belgium (BE)","2456.15","2736.26","2697.43","3172.55"
"30/12/2025 12:00:00 - 30/12/2025 13:00:00","Belgium (BE)","2897.09","3012.85","3151.93","3636.41"
"30/12/2025 13:00:00 - 30/12/2025 14:00:00","Belgium (BE)","2775.01","2758.31","2995.33","3365.61"
"30/12/2025 14:00:00 - 30/12/2025 15:00:00","Belgium (BE)","2106.37","2067.35","2250.84","2219.39"
"30/12/2025 15:00:00 - 30/12/2025 16:00:00","Belgium (BE)","1179.55","1175.93","1155.49","1000.40"
"30/12/2025 16:00:00 - 30/12/2025 17:00:00","Belgium (BE)","169.41","169.74","154.88","118.46"
"30/12/2025 17:00:00 - 30/12/2025 18:00:00","Belgium (BE)","0.00","0.00","0.00","0.00"
"30/12/2025 18:00:00 - 30/12/2025 19:00:00","Belgium (BE)","0.00","0.00","0.00","0.00"
"30/12/2025 19:00:00 - 30/12/2025 20:00:00","Belgium (BE)","0.00","0.00","0.00","0.00"
"30/12/2025 20:00:00 - 30/12/2025 21:00:00","Belgium (BE)","0.00","0.00","0.00","0.00"
"30/12/2025 21:00:00 - 30/12/2025 22:00:00","Belgium (BE)","0.00","0.00","0.00","0.00"
"30/12/2025 22:00:00 - 30/12/2025 23:00:00","Belgium (BE)","0.00","0.00","0.00","0.00"
"30/12/2025 23:00:00 - 31/12/2025 00:00:00","Belgium (BE)","0.00","0.00","0.00","0.00"
"31/12/2025 00:00:00 - 31/12/2025 01:00:00","Belgium (BE)","0.00","0.00","0.00","0.00"
"31/12/2025 01:00:00 - 31/12/2025 02:00:00","Belgium (BE)","0.00","0.00","0.00","0.00"
"31/12/2025 02:00:00 - 31/12/2025 03:00:00","Belgium (BE)","0.00","0.00","0.00","0.00"
"31/12/2025 03:00:00 - 31/12/2025 04:00:00","Belgium (BE)","0.00","0.00","0.00","0.00"
"31/12/2025 04:00:00 - 31/12/2025 05:00:00","Belgium (BE)","0.00","0.00","0.00","0.00"
"31/12/2025 05:00:00 - 31/12/2025 06:00:00","Belgium (BE)","0.00","0.00","0.00","0.00"
"31/12/2025 06:00:00 - 31/12/2025 07:00:00","Belgium (BE)","0.00","0.00","0.00","0.00"
"31/12/2025 07:00:00 - 31/12/2025 08:00:00","Belgium (BE)","0.00","0.00","0.00","0.00"
"31/12/2025 08:00:00 - 31/12/2025 09:00:00","Belgium (BE)","3.64","3.16","2.94","0.14"
"31/12/2025 09:00:00 - 31/12/2025 10:00:00","Belgium (BE)","348.55","225.29","220.51","216.51"
"31/12/2025 10:00:00 - 31/12/2025 11:00:00","Belgium (BE)","1001.79","694.37","589.59","668.21"
"31/12/2025 11:00:00 - 31/12/2025 12:00:00","Belgium (BE)","1339.29","955.87","787.63","1118.98"
"31/12/2025 12:00:00 - 31/12/2025 13:00:00","Belgium (BE)","1278.31","923.01","947.00","1172.82"
"31/12/2025 13:00:00 - 31/12/2025 14:00:00","Belgium (BE)","1057.04","774.67","898.19","1108.70"
"31/12/2025 14:00:00 - 31/12/2025 15:00:00","Belgium (BE)","744.11","596.22","730.46","814.71"
"31/12/2025 15:00:00 - 31/12/2025 16:00:00","Belgium (BE)","366.34","296.23","336.11","352.82"
"31/12/2025 16:00:00 - 31/12/2025 17:00:00","Belgium (BE)","48.61","40.65","42.64","35.66"
"31/12/2025 17:00:00 - 31/12/2025 18:00:00","Belgium (BE)","0.00","0.00","0.00","0.00"
"31/12/2025 18:00:00 - 31/12/2025 19:00:00","Belgium (BE)","0.00","0.00","0.00","0.00"
"31/12/2025 19:00:00 - 31/12/2025 20:00:00","Belgium (BE)","0.00","0.00","0.00","0.00"
"31/12/2025 20:00:00 - 31/12/2025 21:00:00","Belgium (BE)","0.00","0.00","0.00","0.00"
"31/12/2025 21:00:00 - 31/12/2025 22:00:00","Belgium (BE)","0.00","0.00","0.00","0.00"
"31/12/2025 22:00:00 - 31/12/2025 23:00:00","Belgium (BE)","0.00","0.00","0.00","0.00"
"31/12/2025 23:00:00 - 01/01/2026 00:00:00","Belgium (BE)","0.00","0.00","0.00","0.00"
